#"+EI EIC(81,1) Scan 140C_1ml-min_1C-min_2.D "
#Point,X(Minutes),Y(Counts)
0,5,091,247
1,5,095,0
2,5,099,183
3,5,103,242
4,5,107,184
5,5,112,191
6,5,116,203
7,5,120,251
8,5,124,267
9,5,128,195
10,5,132,161
11,5,136,231
12,5,140,229
13,5,145,176
14,5,149,0
15,5,153,195
16,5,157,0
17,5,161,0
18,5,165,0
19,5,169,256
20,5,173,233
21,5,178,242
22,5,182,220
23,5,186,228
24,5,190,235
25,5,194,213
26,5,198,302
27,5,202,238
28,5,206,0
29,5,211,194
30,5,215,202
31,5,219,188
32,5,223,221
33,5,227,310
34,5,231,351
35,5,235,311
36,5,239,354
37,5,243,468
38,5,248,537
39,5,252,1034
40,5,256,988
41,5,260,1354
42,5,264,1210
43,5,268,1624
44,5,272,1125
45,5,276,1249
46,5,281,1492
47,5,285,1408
48,5,289,1552
49,5,293,1151
50,5,297,1195
51,5,301,1262
52,5,305,939
53,5,309,1487
54,5,314,1143
55,5,318,855
56,5,322,1055
57,5,326,797
58,5,330,848
59,5,334,784
60,5,338,1035
61,5,342,906
62,5,347,764
63,5,351,835
64,5,355,841
65,5,359,925
66,5,363,659
67,5,367,814
68,5,371,1055
69,5,375,599
70,5,380,853
71,5,384,742
72,5,388,661
73,5,392,738
74,5,396,644
75,5,400,621
76,5,404,589
77,5,408,816
78,5,412,553
79,5,417,642
80,5,421,550
81,5,425,501
82,5,429,623
83,5,433,349
84,5,437,431
85,5,441,434
86,5,445,392
87,5,450,359
88,5,454,500
89,5,458,278
90,5,462,271
91,5,466,472
92,5,470,238
93,5,474,497
94,5,478,355
95,5,483,280
96,5,487,274
97,5,491,0
98,5,495,325
99,5,499,293
100,5,503,216
101,5,507,321
102,5,511,182
103,5,516,254
104,5,520,240
105,5,524,267
106,5,528,243
107,5,532,0
108,5,536,256
109,5,540,258
110,5,544,228
111,5,549,270
112,5,553,0
113,5,557,181
114,5,561,0
115,5,565,0
116,5,569,167
117,5,573,321
118,5,577,195
119,5,581,212
120,5,586,0
121,5,590,0
122,5,594,0
123,5,598,156
124,5,602,0
125,5,606,0
126,5,610,0
127,5,614,0
128,5,619,0
129,5,623,266
130,5,627,0
131,5,631,157
132,5,635,0
133,5,639,208
134,5,643,0
135,5,647,177
136,5,652,204
137,5,656,0
138,5,660,150
139,5,664,156
140,5,668,0
141,5,672,203
142,5,676,171
143,5,680,152
144,5,685,160
145,5,689,201
146,5,693,182
147,5,697,0
148,5,701,173
149,5,705,0
150,5,709,321
151,5,713,0
152,5,718,194
153,5,722,182
154,5,726,343
155,5,730,238
156,5,734,208
157,5,738,214
158,5,742,239
159,5,746,267
160,5,750,245
161,5,755,233
162,5,759,0
163,5,763,213
164,5,767,157
165,5,771,204
166,5,775,303
167,5,779,0
168,5,783,197
169,5,788,152
170,5,792,0
171,5,796,477
172,5,800,164
173,5,804,173
174,5,808,267
175,5,812,153
176,5,816,197
177,5,821,210
178,5,825,273
179,5,829,196
180,5,833,226
181,5,837,228
182,5,841,296
183,5,845,233
184,5,849,167
185,5,854,205
186,5,858,156
187,5,862,247
188,5,866,297
189,5,870,171
190,5,874,236
191,5,878,206
192,5,882,322
193,5,887,219
194,5,891,252
195,5,895,187
196,5,899,0
197,5,903,334
198,5,907,172
199,5,911,196
200,5,915,181
201,5,919,231
202,5,924,283
203,5,928,0
204,5,932,180
205,5,936,194
206,5,940,0
207,5,944,165
208,5,948,154
209,5,952,0
210,5,957,287
211,5,961,182
212,5,965,0
213,5,969,210
214,5,973,195
215,5,977,0
216,5,981,0
217,5,985,0
218,5,990,158
219,5,994,189
220,5,998,162
221,6,002,151
222,6,006,0
223,6,010,0
224,6,014,0
225,6,018,160
226,6,023,0
227,6,027,243
228,6,031,0
229,6,035,0
230,6,039,0
231,6,043,0
232,6,047,217
233,6,051,244
234,6,056,163
235,6,060,178
236,6,064,0
237,6,068,252
238,6,072,202
239,6,076,0
240,6,080,152
241,6,084,0
242,6,088,199
243,6,093,219
244,6,097,0
245,6,101,173
246,6,105,192
247,6,109,0
248,6,113,260
249,6,117,0
250,6,121,0
251,6,126,220
252,6,130,154
253,6,134,240
254,6,138,204
255,6,142,0
256,6,146,0
257,6,150,0
258,6,154,185
259,6,159,0
260,6,163,0
261,6,167,175
262,6,171,0
263,6,175,171
264,6,179,226
265,6,183,249
266,6,187,0
267,6,192,0
268,6,196,0
269,6,200,214
270,6,204,221
271,6,208,209
272,6,212,180
273,6,216,217
274,6,220,0
275,6,225,282
276,6,229,202
277,6,233,203
278,6,237,0
279,6,241,173
280,6,245,0
281,6,249,0
282,6,253,200
283,6,257,159
284,6,262,193
285,6,266,163
286,6,270,0
287,6,274,0
288,6,278,207
289,6,282,167
290,6,286,219
291,6,290,210
292,6,295,270
293,6,299,0
294,6,303,0
295,6,307,194
296,6,311,171
297,6,315,160
298,6,319,275
299,6,323,0
300,6,328,0
301,6,332,157
302,6,336,0
303,6,340,163
304,6,344,160
305,6,348,0
306,6,352,159
307,6,356,227
308,6,361,292
309,6,365,0
310,6,369,311
311,6,373,330
312,6,377,303
313,6,381,594
314,6,385,923
315,6,389,1360
316,6,394,1475
317,6,398,2089
318,6,402,1979
319,6,406,2402
320,6,410,2773
321,6,414,3890
322,6,418,3758
323,6,422,4017
324,6,426,4016
325,6,431,4085
326,6,435,4169
327,6,439,4236
328,6,443,4178
329,6,447,3958
330,6,451,4293
331,6,455,3827
332,6,459,3792
333,6,464,3439
334,6,468,3856
335,6,472,3628
336,6,476,3129
337,6,480,2939
338,6,484,2899
339,6,488,2823
340,6,492,3025
341,6,497,3042
342,6,501,2356
343,6,505,2739
344,6,509,2496
345,6,513,2356
346,6,517,2320
347,6,521,2635
348,6,525,2459
349,6,530,1946
350,6,534,2025
351,6,538,1958
352,6,542,2133
353,6,546,1879
354,6,550,1508
355,6,554,1506
356,6,558,1880
357,6,563,1392
358,6,567,1474
359,6,571,1146
360,6,575,1185
361,6,579,1582
362,6,583,920
363,6,587,1237
364,6,591,1202
365,6,595,919
366,6,600,824
367,6,604,722
368,6,608,663
369,6,612,632
370,6,616,872
371,6,620,963
372,6,624,658
373,6,628,567
374,6,633,665
375,6,637,505
376,6,641,440
377,6,645,423
378,6,649,545
379,6,653,565
380,6,657,452
381,6,661,425
382,6,666,461
383,6,670,372
384,6,674,302
385,6,678,320
386,6,682,342
387,6,686,295
388,6,690,561
389,6,694,203
390,6,699,435
391,6,703,249
392,6,707,334
393,6,711,260
394,6,715,0
395,6,719,262
396,6,723,190
397,6,727,270
398,6,732,283
399,6,736,328
400,6,740,190
401,6,744,198
402,6,748,219
403,6,752,274
404,6,756,223
405,6,760,0
406,6,764,268
407,6,769,222
408,6,773,275
409,6,777,0
410,6,781,188
411,6,785,161
412,6,789,157
413,6,793,276
414,6,797,289
415,6,802,234
416,6,806,0
417,6,810,158
418,6,814,200
419,6,818,181
420,6,822,0
421,6,826,0
422,6,830,163
423,6,835,262
424,6,839,185
425,6,843,172
426,6,847,0
427,6,851,243
428,6,855,161
429,6,859,0
430,6,863,211
431,6,868,270
432,6,872,177
433,6,876,227
434,6,880,0
435,6,884,222
436,6,888,331
437,6,892,192
438,6,896,313
439,6,901,181
440,6,905,328
441,6,909,466
442,6,913,376
443,6,917,383
444,6,921,455
445,6,925,653
446,6,929,330
447,6,933,417
448,6,938,315
449,6,942,510
450,6,946,421
451,6,950,509
452,6,954,394
453,6,958,604
454,6,962,372
455,6,966,466
456,6,971,340
457,6,975,460
458,6,979,462
459,6,983,416
460,6,987,591
461,6,991,610
462,6,995,434
463,6,999,501
464,7,004,399
465,7,008,321
466,7,012,295
467,7,016,444
468,7,020,585
469,7,024,357
470,7,028,396
471,7,032,356
472,7,037,387
473,7,041,406
474,7,045,296
475,7,049,448
476,7,053,289
477,7,057,365
478,7,061,394
479,7,065,178
480,7,070,391
481,7,074,356
482,7,078,433
483,7,082,294
484,7,086,370
485,7,090,247
486,7,094,392
487,7,098,204
488,7,102,295
489,7,107,218
490,7,111,328
491,7,115,399
492,7,119,181
493,7,123,230
494,7,127,302
495,7,131,318
496,7,135,262
497,7,140,381
498,7,144,254
499,7,148,340
500,7,152,535
501,7,156,460
502,7,160,409
503,7,164,330
504,7,168,506
505,7,173,262
506,7,177,410
507,7,181,367
508,7,185,401
509,7,189,406
510,7,193,371
511,7,197,329
512,7,201,399
513,7,206,411
514,7,210,387
515,7,214,361
516,7,218,404
517,7,222,533
518,7,226,432
519,7,230,339
520,7,234,294
521,7,239,357
522,7,243,328
523,7,247,411
524,7,251,373
525,7,255,412
526,7,259,294
527,7,263,426
528,7,267,504
529,7,271,268
530,7,276,374
531,7,280,453
532,7,284,254
533,7,288,598
534,7,292,313
535,7,296,344
536,7,300,513
537,7,304,523
538,7,309,607
539,7,313,700
540,7,317,978
541,7,321,1168
542,7,325,1216
543,7,329,1325
544,7,333,2150
545,7,337,1815
546,7,342,1648
547,7,346,1969
548,7,350,2309
549,7,354,1785
550,7,358,1834
551,7,362,1890
552,7,366,1856
553,7,370,2242
554,7,375,1886
555,7,379,2084
556,7,383,1975
557,7,387,1980
558,7,391,1376
559,7,395,1514
560,7,399,2043
561,7,403,1701
562,7,408,1760
563,7,412,1408
564,7,416,1436
565,7,420,1375
566,7,424,1172
567,7,428,1434
568,7,432,1301
569,7,436,1524
570,7,440,1299
571,7,445,1251
572,7,449,1122
573,7,453,1414
574,7,457,1220
575,7,461,851
576,7,465,952
577,7,469,847
578,7,473,677
579,7,478,908
580,7,482,923
581,7,486,664
582,7,490,884
583,7,494,842
584,7,498,750
585,7,502,451
586,7,506,698
587,7,511,789
588,7,515,522
589,7,519,457
590,7,523,490
591,7,527,638
592,7,531,466
593,7,535,477
594,7,539,501
595,7,544,296
596,7,548,378
597,7,552,492
598,7,556,475
599,7,560,353
600,7,564,378
601,7,568,325
602,7,572,304
603,7,577,228
604,7,581,229
605,7,585,212
606,7,589,343
607,7,593,230
608,7,597,297
609,7,601,282
610,7,605,200
611,7,609,273
612,7,614,198
613,7,618,0
614,7,622,194
615,7,626,0
616,7,630,0
617,7,634,151
618,7,638,246
619,7,642,0
620,7,647,202
621,7,651,270
622,7,655,204
623,7,659,293
624,7,663,172
625,7,667,0
626,7,671,0
627,7,675,169
628,7,680,159
629,7,684,0
630,7,688,152
631,7,692,262
632,7,696,223
633,7,700,0
634,7,704,232
635,7,708,165
636,7,713,264
637,7,717,0
638,7,721,157
639,7,725,171
640,7,729,150
641,7,733,159
642,7,737,185
643,7,741,175
644,7,746,0
645,7,750,283
646,7,754,168
647,7,758,152
648,7,762,0
649,7,766,205
650,7,770,195
651,7,774,192
652,7,778,159
653,7,783,215
654,7,787,0
655,7,791,158
656,7,795,275
657,7,799,238
658,7,803,151
659,7,807,0
660,7,811,0
661,7,816,196
662,7,820,0
663,7,824,0
664,7,828,0
665,7,832,0
666,7,836,0
667,7,840,0
668,7,844,154
669,7,849,0
670,7,853,224
671,7,857,0
672,7,861,0
673,7,865,0
674,7,869,0
675,7,873,0
676,7,877,159
677,7,882,0
678,7,886,0
679,7,890,228
680,7,894,212
681,7,898,0
682,7,902,0
683,7,906,164
684,7,910,232
685,7,915,0
686,7,919,0
687,7,923,0
688,7,927,223
689,7,931,0
690,7,935,159
691,7,939,199
692,7,943,0
693,7,947,210
694,7,952,0
695,7,956,236
696,7,960,0
697,7,964,0
698,7,968,229
699,7,972,0
700,7,976,0
701,7,980,0
702,7,985,0
703,7,989,0
704,7,993,0
705,7,997,0
706,8,001,0
707,8,005,0
708,8,009,175
709,8,013,186
710,8,018,0
711,8,022,0
712,8,026,0
713,8,030,0
714,8,034,0
715,8,038,0
716,8,042,0
717,8,046,0
718,8,051,0
719,8,055,174
720,8,059,0
721,8,063,0
722,8,067,0
723,8,071,0
724,8,075,162
725,8,079,0
726,8,084,0
727,8,088,0
728,8,092,158
729,8,096,0
730,8,100,0
731,8,104,0
732,8,108,0
733,8,112,0
734,8,116,0
735,8,121,162
736,8,125,197
737,8,129,0
738,8,133,203
739,8,137,0
740,8,141,0
741,8,145,0
742,8,149,0
743,8,154,150
744,8,158,0
745,8,162,0
746,8,166,166
747,8,170,0
748,8,174,0
749,8,178,0
750,8,182,202
751,8,187,0
752,8,191,0
753,8,195,0
754,8,199,0
755,8,203,209
756,8,207,167
757,8,211,0
758,8,215,0
759,8,220,0
760,8,224,0
761,8,228,0
762,8,232,207
763,8,236,0
764,8,240,167
765,8,244,0
766,8,248,0
767,8,253,0
768,8,257,0
769,8,261,0
770,8,265,0
771,8,269,0
772,8,273,0
773,8,277,0
774,8,281,150
775,8,285,0
776,8,290,0
777,8,294,0
778,8,298,0
779,8,302,0
780,8,306,0
781,8,310,0
782,8,314,178
783,8,318,195
784,8,323,0
785,8,327,186
786,8,331,0
787,8,335,0
788,8,339,0
789,8,343,0
790,8,347,210
791,8,351,0
792,8,356,0
793,8,360,0
794,8,364,0
795,8,368,0
796,8,372,0
797,8,376,0
798,8,380,225
799,8,384,159
800,8,389,318
801,8,393,0
802,8,397,0
803,8,401,0
804,8,405,0
805,8,409,0
806,8,413,0
807,8,417,342
808,8,422,234
809,8,426,0
810,8,430,0
811,8,434,0
812,8,438,0
813,8,442,179
814,8,446,0
815,8,450,0
816,8,454,184
817,8,459,0
818,8,463,0
819,8,467,0
820,8,471,196
821,8,475,230
822,8,479,0
823,8,483,0
824,8,487,0
825,8,492,0
826,8,496,0
827,8,500,0
828,8,504,156
829,8,508,172
830,8,512,0
831,8,516,194
832,8,520,0
833,8,525,0
834,8,529,230
835,8,533,179
836,8,537,293
837,8,541,273
838,8,545,337
839,8,549,345
840,8,553,754
841,8,558,711
842,8,562,1255
843,8,566,1139
844,8,570,1437
845,8,574,1831
846,8,578,1924
847,8,582,2471
848,8,586,2972
849,8,591,2892
850,8,595,2960
851,8,599,3100
852,8,603,3259
853,8,607,3399
854,8,611,3526
855,8,615,3592
856,8,619,4003
857,8,623,3593
858,8,628,3701
859,8,632,4153
860,8,636,4002
861,8,640,3326
862,8,644,4362
863,8,648,3851
864,8,652,3437
865,8,656,3281
866,8,661,3453
867,8,665,3485
868,8,669,3273
869,8,673,3039
870,8,677,3143
871,8,681,3266
872,8,685,2733
873,8,689,2835
874,8,694,3102
875,8,698,2557
876,8,702,2210
877,8,706,2313
878,8,710,2371
879,8,714,2129
880,8,718,2309
881,8,722,2087
882,8,727,1768
883,8,731,1641
884,8,735,2122
885,8,739,1908
886,8,743,1752
887,8,747,1766
888,8,751,1042
889,8,755,1468
890,8,760,1572
891,8,764,1145
892,8,768,1047
893,8,772,1127
894,8,776,835
895,8,780,1038
896,8,784,942
897,8,788,1062
898,8,793,993
899,8,797,610
900,8,801,754
901,8,805,693
902,8,809,816
903,8,813,599
904,8,817,581
905,8,821,791
906,8,825,744
907,8,830,462
908,8,834,510
909,8,838,503
910,8,842,260
911,8,846,365
912,8,850,396
913,8,854,370
914,8,858,351
915,8,863,214
916,8,867,250
917,8,871,299
918,8,875,257
919,8,879,323
920,8,883,299
921,8,887,393
922,8,891,197
923,8,896,213
924,8,900,205
925,8,904,202
926,8,908,161
927,8,912,289
928,8,916,243
929,8,920,352
930,8,924,0
931,8,929,228
932,8,933,203
933,8,937,218
934,8,941,0
935,8,945,0
936,8,949,0
937,8,953,156
938,8,957,0
939,8,962,272
940,8,966,178
941,8,970,184
942,8,974,316
943,8,978,0
944,8,982,266
945,8,986,211
946,8,990,0
947,8,994,220
948,8,999,229
949,9,003,274
950,9,007,170
951,9,011,0
952,9,015,216
953,9,019,0
954,9,023,150
955,9,027,158
956,9,032,197
957,9,036,0
958,9,040,0
959,9,044,0
960,9,048,0
961,9,052,154
962,9,056,248
963,9,060,0
964,9,065,151
965,9,069,0
966,9,073,0
967,9,077,0
968,9,081,0
969,9,085,0
970,9,089,0
971,9,093,0
972,9,098,0
973,9,102,0
974,9,106,0
975,9,110,0
976,9,114,0
977,9,118,0
978,9,122,198
979,9,126,216
980,9,131,0
981,9,135,0
982,9,139,0
983,9,143,0
984,9,147,0
985,9,151,0
986,9,155,247
987,9,159,0
988,9,163,202
989,9,168,0
990,9,172,0
991,9,176,0
992,9,180,0
993,9,184,0
994,9,188,0
995,9,192,0
996,9,196,178
997,9,201,0
998,9,205,0
999,9,209,189
1000,9,213,198
1001,9,217,0
1002,9,221,0
1003,9,225,0
1004,9,229,0
1005,9,234,0
1006,9,238,0
1007,9,242,153
1008,9,246,165
1009,9,250,0
1010,9,254,212
1011,9,258,0
1012,9,262,0
1013,9,267,0
1014,9,271,219
1015,9,275,218
1016,9,279,165
1017,9,283,0
1018,9,287,188
1019,9,291,0
1020,9,295,154
1021,9,300,0
1022,9,304,0
1023,9,308,0
1024,9,312,0
1025,9,316,0
1026,9,320,0
1027,9,324,0
1028,9,328,0
1029,9,332,207
1030,9,337,0
1031,9,341,0
1032,9,345,174
1033,9,349,0
1034,9,353,0
1035,9,357,0
1036,9,361,0
1037,9,365,164
1038,9,370,0
1039,9,374,0
1040,9,378,0
1041,9,382,0
1042,9,386,167
1043,9,390,0
1044,9,394,0
1045,9,398,0
1046,9,403,0
1047,9,407,0
1048,9,411,0
1049,9,415,0
1050,9,419,166
1051,9,423,0
1052,9,427,0
1053,9,431,0
1054,9,436,0
1055,9,440,0
1056,9,444,0
1057,9,448,0
1058,9,452,0
1059,9,456,0
1060,9,460,0
1061,9,464,0
1062,9,469,195
1063,9,473,183
1064,9,477,220
1065,9,481,0
1066,9,485,0
1067,9,489,0
1068,9,493,0
1069,9,497,0
1070,9,501,171
1071,9,506,0
1072,9,510,0
1073,9,514,0
1074,9,518,154
1075,9,522,0
1076,9,526,0
1077,9,530,0
1078,9,534,0
1079,9,539,155
1080,9,543,282
1081,9,547,0
1082,9,551,0
1083,9,555,163
1084,9,559,162
1085,9,563,168
1086,9,567,0
1087,9,572,0
1088,9,576,0
1089,9,580,225
1090,9,584,0
1091,9,588,235
1092,9,592,0
1093,9,596,0
1094,9,600,244
1095,9,605,167
1096,9,609,0
1097,9,613,171
1098,9,617,153
1099,9,621,183
1100,9,625,0
1101,9,629,0
1102,9,633,0
1103,9,638,0
1104,9,642,0
1105,9,646,177
1106,9,650,216
1107,9,654,212
1108,9,658,185
1109,9,662,0
1110,9,666,0
1111,9,670,0
1112,9,675,203
1113,9,679,166
1114,9,683,0
1115,9,687,0
1116,9,691,0
1117,9,695,0
1118,9,699,0
1119,9,703,0
1120,9,708,0
1121,9,712,0
1122,9,716,0
1123,9,720,157
1124,9,724,0
1125,9,728,208
1126,9,732,0
1127,9,736,0
1128,9,741,0
1129,9,745,154
1130,9,749,0
1131,9,753,189
1132,9,757,0
1133,9,761,0
1134,9,765,0
1135,9,769,0
1136,9,774,0
1137,9,778,189
1138,9,782,0
1139,9,786,0
1140,9,790,0
1141,9,794,194
1142,9,798,0
1143,9,802,0
1144,9,807,0
1145,9,811,0
1146,9,815,233
1147,9,819,0
1148,9,823,0
1149,9,827,0
1150,9,831,0
1151,9,835,0
1152,9,839,152
1153,9,844,0
1154,9,848,0
1155,9,852,0
1156,9,856,0
1157,9,860,0
1158,9,864,179
1159,9,868,156
1160,9,872,0
1161,9,877,176
1162,9,881,0
1163,9,885,0
1164,9,889,0
1165,9,893,0
1166,9,897,0
1167,9,901,195
1168,9,905,0
1169,9,910,0
1170,9,914,0
1171,9,918,190
1172,9,922,152
1173,9,926,0
1174,9,930,0
1175,9,934,0
1176,9,938,0
1177,9,943,0
1178,9,947,0
1179,9,951,165
1180,9,955,0
1181,9,959,0
1182,9,963,0
1183,9,967,0
1184,9,971,0
1185,9,976,0
1186,9,980,0
1187,9,984,0
1188,9,988,0
1189,9,992,0
1190,9,996,157
1191,10,000,0
1192,10,004,200
1193,10,008,0
1194,10,013,0
1195,10,017,0
1196,10,021,209
1197,10,025,0
1198,10,029,0
1199,10,033,0
1200,10,037,157
1201,10,041,0
1202,10,046,0
1203,10,050,257
1204,10,054,0
1205,10,058,0
1206,10,062,0
1207,10,066,0
1208,10,070,0
1209,10,074,0
1210,10,079,162
1211,10,083,0
1212,10,087,208
1213,10,091,160
1214,10,095,0
1215,10,099,161
1216,10,103,152
1217,10,107,0
1218,10,112,159
1219,10,116,235
1220,10,120,0
1221,10,124,294
1222,10,128,0
1223,10,132,245
1224,10,136,183
1225,10,140,153
1226,10,145,162
1227,10,149,219
1228,10,153,0
1229,10,157,151
1230,10,161,0
1231,10,165,260
1232,10,169,164
1233,10,173,378
1234,10,177,313
1235,10,182,151
1236,10,186,0
1237,10,190,0
1238,10,194,307
1239,10,198,226
1240,10,202,0
1241,10,206,297
1242,10,210,398
1243,10,215,430
1244,10,219,400
1245,10,223,475
1246,10,227,428
1247,10,231,897
1248,10,235,801
1249,10,239,1034
1250,10,243,1121
1251,10,248,923
1252,10,252,1327
1253,10,256,1595
1254,10,260,1595
1255,10,264,1829
1256,10,268,1880
1257,10,272,1680
1258,10,276,2356
1259,10,281,2416
1260,10,285,2183
1261,10,289,1916
1262,10,293,2096
1263,10,297,1947
1264,10,301,2461
1265,10,305,2106
1266,10,309,2088
1267,10,314,2468
1268,10,318,1813
1269,10,322,2124
1270,10,326,1761
1271,10,330,1843
1272,10,334,1902
1273,10,338,2093
1274,10,342,1697
1275,10,346,1625
1276,10,351,2148
1277,10,355,1740
1278,10,359,1656
1279,10,363,1744
1280,10,367,1409
1281,10,371,1384
1282,10,375,1459
1283,10,379,1554
1284,10,384,1363
1285,10,388,986
1286,10,392,1420
1287,10,396,1370
1288,10,400,945
1289,10,404,1310
1290,10,408,1192
1291,10,412,717
1292,10,417,829
1293,10,421,766
1294,10,425,854
1295,10,429,967
1296,10,433,576
1297,10,437,950
1298,10,441,886
1299,10,445,567
1300,10,450,679
1301,10,454,557
1302,10,458,478
1303,10,462,563
1304,10,466,387
1305,10,470,442
1306,10,474,571
1307,10,478,538
1308,10,483,340
1309,10,487,362
1310,10,491,507
1311,10,495,376
1312,10,499,368
1313,10,503,301
1314,10,507,268
1315,10,511,312
1316,10,515,291
1317,10,520,235
1318,10,524,254
1319,10,528,170
1320,10,532,272
1321,10,536,257
1322,10,540,177
1323,10,544,266
1324,10,548,190
1325,10,553,232
1326,10,557,180
1327,10,561,163
1328,10,565,0
1329,10,569,284
1330,10,573,277
1331,10,577,254
1332,10,581,259
1333,10,586,0
1334,10,590,155
1335,10,594,250
1336,10,598,0
1337,10,602,0
1338,10,606,154
1339,10,610,175
1340,10,614,0
1341,10,619,195
1342,10,623,0
1343,10,627,237
1344,10,631,251
1345,10,635,218
1346,10,639,178
1347,10,643,0
1348,10,647,0
1349,10,652,297
1350,10,656,194
1351,10,660,0
1352,10,664,153
1353,10,668,0
1354,10,672,174
1355,10,676,226
1356,10,680,0
1357,10,684,0
1358,10,689,0
1359,10,693,0
1360,10,697,153
1361,10,701,0
1362,10,705,0
1363,10,709,0
1364,10,713,192
1365,10,717,0
1366,10,722,0
1367,10,726,0
1368,10,730,0
1369,10,734,0
1370,10,738,0
1371,10,742,0
1372,10,746,155
1373,10,750,0
1374,10,755,0
1375,10,759,0
1376,10,763,295
1377,10,767,0
1378,10,771,0
1379,10,775,174
1380,10,779,0
1381,10,783,225
1382,10,788,0
1383,10,792,0
1384,10,796,0
1385,10,800,0
1386,10,804,0
1387,10,808,158
1388,10,812,193
1389,10,816,0
1390,10,821,0
1391,10,825,0
1392,10,829,0
1393,10,833,177
1394,10,837,0
1395,10,841,188
1396,10,845,0
1397,10,849,168
1398,10,853,0
1399,10,858,157
1400,10,862,0
1401,10,866,0
1402,10,870,0
1403,10,874,154
1404,10,878,0
1405,10,882,208
1406,10,886,0
1407,10,891,216
1408,10,895,0
1409,10,899,0
1410,10,903,186
1411,10,907,0
1412,10,911,224
1413,10,915,0
1414,10,919,154
1415,10,924,0
1416,10,928,0
1417,10,932,0
1418,10,936,0
1419,10,940,182
1420,10,944,177
1421,10,948,0
1422,10,952,0
1423,10,957,181
1424,10,961,378
1425,10,965,174
1426,10,969,0
1427,10,973,0
1428,10,977,0
1429,10,981,185
1430,10,985,313
1431,10,990,0
1432,10,994,0
1433,10,998,178
1434,11,002,0
1435,11,006,0
1436,11,010,0
1437,11,014,0
1438,11,018,0
1439,11,022,0
1440,11,027,0
1441,11,031,232
1442,11,035,0
1443,11,039,0
1444,11,043,188
1445,11,047,156
1446,11,051,162
1447,11,055,0
1448,11,060,0
1449,11,064,0
1450,11,068,0
1451,11,072,0
1452,11,076,0
1453,11,080,0
1454,11,084,0
1455,11,088,0
1456,11,093,166
1457,11,097,0
1458,11,101,0
1459,11,105,0
1460,11,109,0
1461,11,113,0
1462,11,117,0
1463,11,121,0
1464,11,126,0
1465,11,130,0
1466,11,134,305
1467,11,138,0
1468,11,142,0
1469,11,146,0
1470,11,150,0
1471,11,154,0
1472,11,159,170
1473,11,163,0
1474,11,167,0
1475,11,171,0
1476,11,175,0
1477,11,179,0
1478,11,183,0
1479,11,187,0
1480,11,191,0
1481,11,196,0
1482,11,200,0
1483,11,204,160
1484,11,208,0
1485,11,212,0
1486,11,216,0
1487,11,220,0
1488,11,224,0
1489,11,229,0
1490,11,233,172
1491,11,237,0
1492,11,241,0
1493,11,245,0
1494,11,249,0
1495,11,253,0
1496,11,257,0
1497,11,262,0
1498,11,266,0
1499,11,270,158
1500,11,274,0
1501,11,278,0
1502,11,282,167
1503,11,286,196
1504,11,290,0
1505,11,295,0
1506,11,299,0
1507,11,303,178
1508,11,307,168
1509,11,311,0
1510,11,315,0
1511,11,319,0
1512,11,323,0
1513,11,328,0
1514,11,332,0
1515,11,336,0
1516,11,340,0
1517,11,344,0
1518,11,348,0
1519,11,352,0
1520,11,356,0
1521,11,360,0
1522,11,365,0
1523,11,369,0
1524,11,373,0
1525,11,377,0
1526,11,381,191
1527,11,385,0
1528,11,389,228
1529,11,393,162
1530,11,398,0
1531,11,402,168
1532,11,406,254
1533,11,410,166
1534,11,414,224
1535,11,418,208
1536,11,422,194
1537,11,426,422
1538,11,431,265
1539,11,435,360
1540,11,439,472
1541,11,443,537
1542,11,447,288
1543,11,451,402
1544,11,455,414
1545,11,459,504
1546,11,464,389
1547,11,468,611
1548,11,472,560
1549,11,476,702
1550,11,480,438
1551,11,484,742
1552,11,488,773
1553,11,492,604
1554,11,497,731
1555,11,501,705
1556,11,505,787
1557,11,509,634
1558,11,513,702
1559,11,517,916
1560,11,521,703
1561,11,525,693
1562,11,529,804
1563,11,534,907
1564,11,538,674
1565,11,542,719
1566,11,546,764
1567,11,550,622
1568,11,554,921
1569,11,558,534
1570,11,562,636
1571,11,567,664
1572,11,571,678
1573,11,575,595
1574,11,579,562
1575,11,583,680
1576,11,587,800
1577,11,591,456
1578,11,595,607
1579,11,600,615
1580,11,604,724
1581,11,608,608
1582,11,612,535
1583,11,616,453
1584,11,620,421
1585,11,624,634
1586,11,628,522
1587,11,633,516
1588,11,637,482
1589,11,641,325
1590,11,645,441
1591,11,649,477
1592,11,653,420
1593,11,657,449
1594,11,661,469
1595,11,666,400
1596,11,670,411
1597,11,674,270
1598,11,678,350
1599,11,682,220
1600,11,686,299
1601,11,690,302
1602,11,694,358
1603,11,698,430
1604,11,703,0
1605,11,707,360
1606,11,711,237
1607,11,715,268
1608,11,719,188
1609,11,723,190
1610,11,727,303
1611,11,731,281
1612,11,736,161
1613,11,740,245
1614,11,744,173
1615,11,748,216
1616,11,752,183
1617,11,756,0
1618,11,760,0
1619,11,764,241
1620,11,769,189
1621,11,773,198
1622,11,777,0
1623,11,781,0
1624,11,785,0
1625,11,789,157
1626,11,793,247
1627,11,797,183
1628,11,802,0
1629,11,806,185
1630,11,810,0
1631,11,814,244
1632,11,818,323
1633,11,822,153
1634,11,826,0
1635,11,830,0
1636,11,835,0
1637,11,839,0
1638,11,843,0
1639,11,847,0
1640,11,851,240
1641,11,855,0
1642,11,859,0
1643,11,863,0
1644,11,867,0
1645,11,872,0
1646,11,876,182
1647,11,880,157
1648,11,884,0
1649,11,888,168
1650,11,892,0
1651,11,896,0
1652,11,900,0
1653,11,905,237
1654,11,909,188
1655,11,913,0
1656,11,917,0
1657,11,921,266
1658,11,925,164
1659,11,929,152
1660,11,933,0
1661,11,938,0
1662,11,942,0
1663,11,946,0
1664,11,950,175
1665,11,954,191
1666,11,958,0
1667,11,962,0
1668,11,966,190
1669,11,971,0
1670,11,975,217
1671,11,979,0
1672,11,983,0
1673,11,987,0
1674,11,991,0
1675,11,995,0
1676,11,999,219
1677,12,004,207
1678,12,008,0
1679,12,012,0
1680,12,016,166
1681,12,020,150
1682,12,024,0
1683,12,028,154
1684,12,032,0
1685,12,036,0
1686,12,041,170
1687,12,045,0
1688,12,049,0
1689,12,053,0
1690,12,057,0
1691,12,061,0
1692,12,065,201
1693,12,069,0
1694,12,074,0
1695,12,078,0
1696,12,082,0
1697,12,086,0
1698,12,090,175
1699,12,094,0
1700,12,098,0
1701,12,102,180
1702,12,107,0
1703,12,111,0
1704,12,115,0
1705,12,119,0
1706,12,123,0
1707,12,127,229
1708,12,131,0
1709,12,135,0
1710,12,140,176
1711,12,144,0
1712,12,148,0
1713,12,152,0
1714,12,156,0
1715,12,160,230
1716,12,164,167
1717,12,168,314
1718,12,173,257
1719,12,177,433
1720,12,181,243
1721,12,185,391
1722,12,189,289
1723,12,193,446
1724,12,197,737
1725,12,201,797
1726,12,205,653
1727,12,210,828
1728,12,214,642
1729,12,218,838
1730,12,222,1026
1731,12,226,1026
1732,12,230,871
1733,12,234,1066
1734,12,238,875
1735,12,243,697
1736,12,247,1291
1737,12,251,1042
1738,12,255,1346
1739,12,259,1165
1740,12,263,1288
1741,12,267,1213
1742,12,271,1245
1743,12,276,1174
1744,12,280,1292
1745,12,284,1290
1746,12,288,1283
1747,12,292,1029
1748,12,296,1310
1749,12,300,1210
1750,12,304,1601
1751,12,309,1253
1752,12,313,1378
1753,12,317,1366
1754,12,321,1276
1755,12,325,1139
1756,12,329,1170
1757,12,333,1028
1758,12,337,1331
1759,12,342,1259
1760,12,346,1351
1761,12,350,1233
1762,12,354,878
1763,12,358,1492
1764,12,362,1584
1765,12,366,1592
1766,12,370,1861
1767,12,374,2034
1768,12,379,1875
1769,12,383,1974
1770,12,387,2550
1771,12,391,2269
1772,12,395,2943
1773,12,399,2594
1774,12,403,2998
1775,12,407,3137
1776,12,412,3092
1777,12,416,4194
1778,12,420,4137
1779,12,424,4367
1780,12,428,3705
1781,12,432,3926
1782,12,436,4476
1783,12,440,4207
1784,12,445,4279
1785,12,449,4607
1786,12,453,4627
1787,12,457,4695
1788,12,461,4873
1789,12,465,4608
1790,12,469,4422
1791,12,473,4118
1792,12,478,4240
1793,12,482,4230
1794,12,486,4283
1795,12,490,4040
1796,12,494,4148
1797,12,498,4448
1798,12,502,4149
1799,12,506,3661
1800,12,511,3736
1801,12,515,3749
1802,12,519,4320
1803,12,523,3021
1804,12,527,3340
1805,12,531,2776
1806,12,535,3313
1807,12,539,2608
1808,12,543,2460
1809,12,548,2884
1810,12,552,2369
1811,12,556,2486
1812,12,560,2296
1813,12,564,2415
1814,12,568,2287
1815,12,572,1722
1816,12,576,2047
1817,12,581,1757
1818,12,585,1665
1819,12,589,1631
1820,12,593,1445
1821,12,597,1662
1822,12,601,1269
1823,12,605,1452
1824,12,609,1330
1825,12,614,1044
1826,12,618,949
1827,12,622,794
1828,12,626,921
1829,12,630,887
1830,12,634,894
1831,12,638,744
1832,12,642,867
1833,12,647,675
1834,12,651,941
1835,12,655,520
1836,12,659,727
1837,12,663,779
1838,12,667,444
1839,12,671,736
1840,12,675,580
1841,12,680,464
1842,12,684,439
1843,12,688,450
1844,12,692,382
1845,12,696,316
1846,12,700,469
1847,12,704,387
1848,12,708,281
1849,12,712,322
1850,12,717,340
1851,12,721,332
1852,12,725,612
1853,12,729,543
1854,12,733,340
1855,12,737,316
1856,12,741,226
1857,12,745,248
1858,12,750,297
1859,12,754,214
1860,12,758,310
1861,12,762,294
1862,12,766,183
1863,12,770,278
1864,12,774,207
1865,12,778,268
1866,12,783,319
1867,12,787,302
1868,12,791,340
1869,12,795,334
1870,12,799,244
1871,12,803,239
1872,12,807,297
1873,12,811,348
1874,12,816,0
1875,12,820,198
1876,12,824,244
1877,12,828,253
1878,12,832,202
1879,12,836,278
1880,12,840,159
1881,12,844,229
1882,12,849,0
1883,12,853,223
1884,12,857,0
1885,12,861,262
1886,12,865,156
1887,12,869,193
1888,12,873,0
1889,12,877,0
1890,12,881,0
1891,12,886,173
1892,12,890,267
1893,12,894,0
1894,12,898,0
1895,12,902,0
1896,12,906,289
1897,12,910,0
1898,12,914,0
1899,12,919,188
1900,12,923,175
1901,12,927,0
1902,12,931,0
1903,12,935,328
1904,12,939,226
1905,12,943,0
1906,12,947,0
1907,12,952,185
1908,12,956,0
1909,12,960,212
1910,12,964,206
1911,12,968,161
1912,12,972,166
1913,12,976,0
1914,12,980,0
1915,12,985,191
1916,12,989,179
1917,12,993,253
1918,12,997,0
1919,13,001,0
1920,13,005,315
1921,13,009,0
1922,13,013,0
1923,13,018,154
1924,13,022,152
1925,13,026,0
1926,13,030,154
1927,13,034,164
1928,13,038,0
1929,13,042,0
1930,13,046,171
1931,13,050,328
1932,13,055,256
1933,13,059,190
1934,13,063,195
1935,13,067,0
1936,13,071,215
1937,13,075,0
1938,13,079,161
1939,13,083,0
1940,13,088,0
1941,13,092,283
1942,13,096,0
1943,13,100,185
1944,13,104,190
1945,13,108,0
1946,13,112,258
1947,13,116,245
1948,13,121,278
1949,13,125,0
1950,13,129,0
1951,13,133,232
1952,13,137,220
1953,13,141,152
1954,13,145,0
1955,13,149,0
1956,13,154,0
1957,13,158,160
1958,13,162,168
1959,13,166,0
1960,13,170,175
1961,13,174,151
1962,13,178,161
1963,13,182,0
1964,13,187,212
1965,13,191,0
1966,13,195,0
1967,13,199,0
1968,13,203,168
1969,13,207,257
1970,13,211,150
1971,13,215,182
1972,13,219,167
1973,13,224,0
1974,13,228,0
1975,13,232,213
1976,13,236,0
1977,13,240,210
1978,13,244,0
1979,13,248,0
1980,13,252,176
1981,13,257,0
1982,13,261,0
1983,13,265,0
1984,13,269,201
1985,13,273,0
1986,13,277,195
1987,13,281,0
1988,13,285,0
1989,13,290,0
1990,13,294,162
1991,13,298,154
1992,13,302,0
1993,13,306,162
1994,13,310,247
1995,13,314,179
1996,13,318,0
1997,13,323,0
1998,13,327,0
1999,13,331,0
2000,13,335,184
2001,13,339,153
2002,13,343,0
2003,13,347,0
2004,13,351,0
2005,13,356,0
2006,13,360,157
2007,13,364,0
2008,13,368,166
2009,13,372,0
2010,13,376,0
2011,13,380,0
2012,13,384,0
2013,13,388,156
2014,13,393,0
2015,13,397,0
2016,13,401,0
2017,13,405,0
2018,13,409,0
2019,13,413,179
2020,13,417,0
2021,13,421,0
2022,13,426,0
2023,13,430,0
2024,13,434,0
2025,13,438,0
2026,13,442,0
2027,13,446,0
2028,13,450,0
2029,13,454,0
2030,13,459,0
2031,13,463,0
2032,13,467,0
2033,13,471,0
2034,13,475,0
2035,13,479,0
2036,13,483,0
2037,13,487,0
2038,13,492,0
2039,13,496,0
2040,13,500,190
2041,13,504,0
2042,13,508,0
2043,13,512,0
2044,13,516,0
2045,13,520,0
2046,13,525,0
2047,13,529,0
2048,13,533,0
2049,13,537,0
2050,13,541,189
2051,13,545,0
2052,13,549,0
2053,13,553,165
2054,13,557,0
2055,13,562,233
2056,13,566,0
2057,13,570,0
2058,13,574,0
2059,13,578,0
2060,13,582,165
2061,13,586,0
2062,13,590,0
2063,13,595,0
2064,13,599,292
2065,13,603,209
2066,13,607,0
2067,13,611,0
2068,13,615,0
2069,13,619,0
2070,13,623,0
2071,13,628,0
2072,13,632,0
2073,13,636,160
2074,13,640,0
2075,13,644,0
2076,13,648,0
2077,13,652,0
2078,13,656,0
2079,13,661,0
2080,13,665,0
2081,13,669,0
2082,13,673,0
2083,13,677,0
2084,13,681,0
2085,13,685,0
2086,13,689,0
2087,13,694,0
2088,13,698,0
2089,13,702,0
2090,13,706,0
2091,13,710,0
2092,13,714,0
2093,13,718,0
2094,13,722,0
2095,13,727,0
2096,13,731,151
2097,13,735,294
2098,13,739,0
2099,13,743,0
2100,13,747,0
2101,13,751,0
2102,13,755,0
2103,13,759,0
2104,13,764,0
2105,13,768,0
2106,13,772,0
2107,13,776,0
2108,13,780,0
2109,13,784,0
2110,13,788,0
2111,13,792,0
2112,13,797,0
2113,13,801,0
2114,13,805,0
2115,13,809,0
2116,13,813,161
2117,13,817,0
2118,13,821,0
2119,13,825,0
2120,13,830,0
2121,13,834,0
2122,13,838,0
2123,13,842,0
2124,13,846,0
2125,13,850,0
2126,13,854,0
2127,13,858,0
2128,13,863,0
2129,13,867,0
2130,13,871,0
2131,13,875,0
2132,13,879,0
2133,13,883,0
2134,13,887,0
2135,13,891,0
2136,13,896,0
2137,13,900,0
2138,13,904,0
2139,13,908,0
2140,13,912,0
2141,13,916,0
2142,13,920,0
2143,13,924,0
2144,13,928,0
2145,13,933,0
2146,13,937,0
2147,13,941,0
2148,13,945,0
2149,13,949,0
2150,13,953,152
2151,13,957,0
2152,13,961,0
2153,13,966,0
2154,13,970,0
2155,13,974,0
2156,13,978,0
2157,13,982,0
2158,13,986,0
2159,13,990,151
2160,13,994,0
2161,13,999,0
2162,14,003,185
2163,14,007,0
2164,14,011,0
2165,14,015,0
2166,14,019,0
2167,14,023,0
2168,14,027,0
2169,14,032,0
2170,14,036,0
2171,14,040,0
2172,14,044,0
2173,14,048,0
2174,14,052,0
2175,14,056,0
2176,14,060,170
2177,14,065,0
2178,14,069,0
2179,14,073,0
2180,14,077,0
2181,14,081,0
2182,14,085,0
2183,14,089,0
2184,14,093,0
2185,14,097,175
2186,14,102,0
2187,14,106,195
2188,14,110,166
2189,14,114,213
2190,14,118,158
2191,14,122,166
2192,14,126,224
2193,14,130,320
2194,14,135,292
2195,14,139,607
2196,14,143,573
2197,14,147,777
2198,14,151,875
2199,14,155,1006
2200,14,159,1341
2201,14,163,1579
2202,14,168,1822
2203,14,172,1863
2204,14,176,2582
2205,14,180,2568
2206,14,184,3208
2207,14,188,4006
2208,14,192,4526
2209,14,196,4959
2210,14,201,5131
2211,14,205,6008
2212,14,209,5994
2213,14,213,6393
2214,14,217,7434
2215,14,221,7378
2216,14,225,7646
2217,14,229,9247
2218,14,234,9718
2219,14,238,9747
2220,14,242,9342
2221,14,246,10022
2222,14,250,9889
2223,14,254,10941
2224,14,258,11118
2225,14,262,10480
2226,14,266,10947
2227,14,271,10902
2228,14,275,10799
2229,14,279,10754
2230,14,283,11192
2231,14,287,11025
2232,14,291,10486
2233,14,295,10285
2234,14,299,9337
2235,14,304,10100
2236,14,308,9560
2237,14,312,8805
2238,14,316,9202
2239,14,320,8206
2240,14,324,8354
2241,14,328,8222
2242,14,332,8143
2243,14,337,7515
2244,14,341,7073
2245,14,345,7089
2246,14,349,6095
2247,14,353,5887
2248,14,357,6049
2249,14,361,5483
2250,14,365,5541
2251,14,370,5176
2252,14,374,5214
2253,14,378,4615
2254,14,382,4521
2255,14,386,4162
2256,14,390,4096
2257,14,394,3771
2258,14,398,3349
2259,14,403,3607
2260,14,407,3496
2261,14,411,3179
2262,14,415,2649
2263,14,419,2761
2264,14,423,2618
2265,14,427,2135
2266,14,431,1886
2267,14,435,2364
2268,14,440,2333
2269,14,444,2197
2270,14,448,1740
2271,14,452,1816
2272,14,456,1863
2273,14,460,1658
2274,14,464,1534
2275,14,468,1750
2276,14,473,1538
2277,14,477,1385
2278,14,481,1372
2279,14,485,1127
2280,14,489,1003
2281,14,493,846
2282,14,497,912
2283,14,501,811
2284,14,506,957
2285,14,510,846
2286,14,514,910
2287,14,518,903
2288,14,522,696
2289,14,526,651
2290,14,530,641
2291,14,534,741
2292,14,539,785
2293,14,543,689
2294,14,547,688
2295,14,551,637
2296,14,555,616
2297,14,559,422
2298,14,563,610
2299,14,567,597
2300,14,572,607
2301,14,576,520
2302,14,580,510
2303,14,584,481
2304,14,588,336
2305,14,592,422
2306,14,596,515
2307,14,600,537
2308,14,604,330
2309,14,609,387
2310,14,613,471
2311,14,617,300
2312,14,621,392
2313,14,625,296
2314,14,629,284
2315,14,633,452
2316,14,637,317
2317,14,642,457
2318,14,646,486
2319,14,650,447
2320,14,654,293
2321,14,658,360
2322,14,662,321
2323,14,666,368
2324,14,670,295
2325,14,675,319
2326,14,679,377
2327,14,683,381
2328,14,687,356
2329,14,691,456
2330,14,695,326
2331,14,699,309
2332,14,703,352
2333,14,708,304
2334,14,712,324
2335,14,716,305
2336,14,720,176
2337,14,724,486
2338,14,728,292
2339,14,732,429
2340,14,736,168
2341,14,741,308
2342,14,745,214
2343,14,749,306
2344,14,753,277
2345,14,757,262
2346,14,761,337
2347,14,765,253
2348,14,769,293
2349,14,773,185
2350,14,778,285
2351,14,782,213
2352,14,786,167
2353,14,790,227
2354,14,794,243
2355,14,798,204
2356,14,802,226
2357,14,806,291
2358,14,811,302
2359,14,815,257
2360,14,819,266
2361,14,823,0
2362,14,827,219
2363,14,831,165
2364,14,835,0
2365,14,839,255
2366,14,844,164
2367,14,848,291
2368,14,852,232
2369,14,856,0
2370,14,860,305
2371,14,864,209
2372,14,868,263
2373,14,872,216
2374,14,877,233
2375,14,881,0
2376,14,885,173
2377,14,889,247
2378,14,893,0
2379,14,897,151
2380,14,901,0
2381,14,905,225
2382,14,910,0
2383,14,914,0
2384,14,918,166
2385,14,922,0
2386,14,926,0
2387,14,930,0
2388,14,934,0
2389,14,938,185
2390,14,942,293
2391,14,947,0
2392,14,951,237
2393,14,955,205
2394,14,959,0
2395,14,963,191
2396,14,967,0
2397,14,971,0
2398,14,975,0
2399,14,980,222
2400,14,984,169
2401,14,988,0
2402,14,992,0
2403,14,996,0
2404,15,000,0
2405,15,004,154
2406,15,008,0
2407,15,013,0
2408,15,017,158
2409,15,021,0
2410,15,025,0
2411,15,029,0
2412,15,033,234
2413,15,037,266
2414,15,041,390
2415,15,046,280
2416,15,050,195
2417,15,054,275
2418,15,058,365
2419,15,062,627
2420,15,066,616
2421,15,070,696
2422,15,074,663
2423,15,079,789
2424,15,083,840
2425,15,087,1338
2426,15,091,1052
2427,15,095,1166
2428,15,099,1320
2429,15,103,1414
2430,15,107,1566
2431,15,111,1925
2432,15,116,1650
2433,15,120,1934
2434,15,124,2304
2435,15,128,1942
2436,15,132,1867
2437,15,136,2337
2438,15,140,2125
2439,15,144,2452
2440,15,149,2380
2441,15,153,2170
2442,15,157,1903
2443,15,161,2169
2444,15,165,2356
2445,15,169,2784
2446,15,173,2332
2447,15,177,2670
2448,15,182,2212
2449,15,186,2241
2450,15,190,2295
2451,15,194,2238
2452,15,198,2161
2453,15,202,2289
2454,15,206,2217
2455,15,210,2011
2456,15,215,1700
2457,15,219,1986
2458,15,223,2142
2459,15,227,2206
2460,15,231,1448
2461,15,235,1611
2462,15,239,1756
2463,15,243,1764
2464,15,248,1610
2465,15,252,1256
2466,15,256,1298
2467,15,260,1139
2468,15,264,1279
2469,15,268,995
2470,15,272,1107
2471,15,276,1345
2472,15,280,944
2473,15,285,762
2474,15,289,954
2475,15,293,847
2476,15,297,683
2477,15,301,863
2478,15,305,688
2479,15,309,637
2480,15,313,731
2481,15,318,607
2482,15,322,804
2483,15,326,576
2484,15,330,659
2485,15,334,443
2486,15,338,432
2487,15,342,506
2488,15,346,570
2489,15,351,425
2490,15,355,419
2491,15,359,465
2492,15,363,323
2493,15,367,550
2494,15,371,278
2495,15,375,376
2496,15,379,285
2497,15,384,370
2498,15,388,241
2499,15,392,316
2500,15,396,343
2501,15,400,274
2502,15,404,304
2503,15,408,238
2504,15,412,171
2505,15,417,326
2506,15,421,180
2507,15,425,369
2508,15,429,302
2509,15,433,0
2510,15,437,190
2511,15,441,307
2512,15,445,457
2513,15,449,405
2514,15,454,259
2515,15,458,246
2516,15,462,0
2517,15,466,226
2518,15,470,338
2519,15,474,271
2520,15,478,254
2521,15,482,224
2522,15,487,240
2523,15,491,0
2524,15,495,217
2525,15,499,0
2526,15,503,0
2527,15,507,0
2528,15,511,237
2529,15,515,269
2530,15,520,189
2531,15,524,168
2532,15,528,162
2533,15,532,229
2534,15,536,0
2535,15,540,0
2536,15,544,0
2537,15,548,0
2538,15,553,168
2539,15,557,171
2540,15,561,0
2541,15,565,0
2542,15,569,170
2543,15,573,0
2544,15,577,150
2545,15,581,204
2546,15,586,0
2547,15,590,165
2548,15,594,0
2549,15,598,0
2550,15,602,0
2551,15,606,0
2552,15,610,0
2553,15,614,199
2554,15,618,0
2555,15,623,0
2556,15,627,0
2557,15,631,0
2558,15,635,0
2559,15,639,172
2560,15,643,198
2561,15,647,0
2562,15,651,0
2563,15,656,0
2564,15,660,160
2565,15,664,0
2566,15,668,157
2567,15,672,0
2568,15,676,0
2569,15,680,206
2570,15,684,0
2571,15,689,195
2572,15,693,0
2573,15,697,176
2574,15,701,150
2575,15,705,0
2576,15,709,0
2577,15,713,0
2578,15,717,155
2579,15,722,0
2580,15,726,0
2581,15,730,161
2582,15,734,199
2583,15,738,205
2584,15,742,0
2585,15,746,0
2586,15,750,0
2587,15,755,202
2588,15,759,0
2589,15,763,0
2590,15,767,170
2591,15,771,178
2592,15,775,194
2593,15,779,0
2594,15,783,0
2595,15,787,0
2596,15,792,153
2597,15,796,0
2598,15,800,162
2599,15,804,0
2600,15,808,174
2601,15,812,150
2602,15,816,0
2603,15,820,0
2604,15,825,0
2605,15,829,190
2606,15,833,0
2607,15,837,0
2608,15,841,0
2609,15,845,0
2610,15,849,0
2611,15,853,0
2612,15,858,0
2613,15,862,0
2614,15,866,0
2615,15,870,0
2616,15,874,0
2617,15,878,0
2618,15,882,0
2619,15,886,0
2620,15,891,151
2621,15,895,0
2622,15,899,0
2623,15,903,0
2624,15,907,215
2625,15,911,0
2626,15,915,167
2627,15,919,0
2628,15,924,0
2629,15,928,0
2630,15,932,0
2631,15,936,0
2632,15,940,0
2633,15,944,0
2634,15,948,0
2635,15,952,0
2636,15,956,0
2637,15,961,0
2638,15,965,0
2639,15,969,0
2640,15,973,151
2641,15,977,0
2642,15,981,0
2643,15,985,0
2644,15,989,0
2645,15,994,0
2646,15,998,0
2647,16,002,0
2648,16,006,210
2649,16,010,0
2650,16,014,0
2651,16,018,0
2652,16,022,0
2653,16,027,0
2654,16,031,0
2655,16,035,0
2656,16,039,0
2657,16,043,0
2658,16,047,223
2659,16,051,0
2660,16,055,0
2661,16,060,0
2662,16,064,0
2663,16,068,0
2664,16,072,0
2665,16,076,0
2666,16,080,164
2667,16,084,0
2668,16,088,0
2669,16,093,0
2670,16,097,0
2671,16,101,0
2672,16,105,0
2673,16,109,0
2674,16,113,0
2675,16,117,155
2676,16,121,0
2677,16,125,0
2678,16,130,159
2679,16,134,175
2680,16,138,0
2681,16,142,0
2682,16,146,0
2683,16,150,0
2684,16,154,0
2685,16,158,0
2686,16,163,0
2687,16,167,0
2688,16,171,0
2689,16,175,0
2690,16,179,0
2691,16,183,0
2692,16,187,206
2693,16,191,0
2694,16,196,0
2695,16,200,0
2696,16,204,160
2697,16,208,0
2698,16,212,0
2699,16,216,0
2700,16,220,0
2701,16,224,0
2702,16,229,0
2703,16,233,0
2704,16,237,0
2705,16,241,166
2706,16,245,0
2707,16,249,0
2708,16,253,0
2709,16,257,0
2710,16,262,0
2711,16,266,0
2712,16,270,0
2713,16,274,0
2714,16,278,0
2715,16,282,0
2716,16,286,0
2717,16,290,0
2718,16,294,0
2719,16,299,0
2720,16,303,0
2721,16,307,177
2722,16,311,0
2723,16,315,0
2724,16,319,0
2725,16,323,0
2726,16,327,0
2727,16,332,0
2728,16,336,0
2729,16,340,0
2730,16,344,0
2731,16,348,0
2732,16,352,180
2733,16,356,237
2734,16,360,0
2735,16,365,0
2736,16,369,0
2737,16,373,0
2738,16,377,0
2739,16,381,0
2740,16,385,0
2741,16,389,0
2742,16,393,0
2743,16,398,0
2744,16,402,159
2745,16,406,0
2746,16,410,0
2747,16,414,0
2748,16,418,0
2749,16,422,0
2750,16,426,0
2751,16,431,0
2752,16,435,0
2753,16,439,0
2754,16,443,0
2755,16,447,0
2756,16,451,0
2757,16,455,0
2758,16,459,0
2759,16,463,0
2760,16,468,0
2761,16,472,0
2762,16,476,0
2763,16,480,0
2764,16,484,0
2765,16,488,0
2766,16,492,0
2767,16,496,0
2768,16,501,0
2769,16,505,0
2770,16,509,0
2771,16,513,0
2772,16,517,0
2773,16,521,0
2774,16,525,0
2775,16,529,167
2776,16,534,0
2777,16,538,0
2778,16,542,0
2779,16,546,0
2780,16,550,0
2781,16,554,0
2782,16,558,0
2783,16,562,0
2784,16,567,0
2785,16,571,0
2786,16,575,0
2787,16,579,0
2788,16,583,0
2789,16,587,0
2790,16,591,0
2791,16,595,0
2792,16,600,0
2793,16,604,0
2794,16,608,0
2795,16,612,0
2796,16,616,151
2797,16,620,0
2798,16,624,0
2799,16,628,0
2800,16,632,172
2801,16,637,0
2802,16,641,0
2803,16,645,0
2804,16,649,0
2805,16,653,0
2806,16,657,0
2807,16,661,162
2808,16,665,0
2809,16,670,0
2810,16,674,181
2811,16,678,0
2812,16,682,0
2813,16,686,0
2814,16,690,0
2815,16,694,0
2816,16,698,171
2817,16,703,0
2818,16,707,0
2819,16,711,0
2820,16,715,0
2821,16,719,0
2822,16,723,0
2823,16,727,0
2824,16,731,0
2825,16,736,0
2826,16,740,0
2827,16,744,0
2828,16,748,0
2829,16,752,0
2830,16,756,0
2831,16,760,0
2832,16,764,0
2833,16,769,0
2834,16,773,0
2835,16,777,0
2836,16,781,174
2837,16,785,0
2838,16,789,0
2839,16,793,0
2840,16,797,0
2841,16,801,0
2842,16,806,0
2843,16,810,0
2844,16,814,0
2845,16,818,0
2846,16,822,0
2847,16,826,0
2848,16,830,0
2849,16,834,0
2850,16,839,0
2851,16,843,0
2852,16,847,0
2853,16,851,0
2854,16,855,0
2855,16,859,0
2856,16,863,0
2857,16,867,0
2858,16,872,0
2859,16,876,0
2860,16,880,0
2861,16,884,0
2862,16,888,0
2863,16,892,0
2864,16,896,0
2865,16,900,0
2866,16,905,0
2867,16,909,0
2868,16,913,0
2869,16,917,0
2870,16,921,0
2871,16,925,0
2872,16,929,0
2873,16,933,0
2874,16,938,0
2875,16,942,0
2876,16,946,0
2877,16,950,0
2878,16,954,0
2879,16,958,0
2880,16,962,0
2881,16,966,0
2882,16,970,0
2883,16,975,0
2884,16,979,0
2885,16,983,0
2886,16,987,0
2887,16,991,0
2888,16,995,170
2889,16,999,0
2890,17,003,0
2891,17,008,0
2892,17,012,0
2893,17,016,0
2894,17,020,0
2895,17,024,0
2896,17,028,0
2897,17,032,0
2898,17,036,0
2899,17,041,0
2900,17,045,0
2901,17,049,0
2902,17,053,0
2903,17,057,0
2904,17,061,0
2905,17,065,0
2906,17,069,0
2907,17,074,0
2908,17,078,0
2909,17,082,0
2910,17,086,0
2911,17,090,0
2912,17,094,0
2913,17,098,0
2914,17,102,0
2915,17,107,0
2916,17,111,0
2917,17,115,0
2918,17,119,0
2919,17,123,0
2920,17,127,0
2921,17,131,0
2922,17,135,0
2923,17,139,0
2924,17,144,165
2925,17,148,196
2926,17,152,0
2927,17,156,0
2928,17,160,0
2929,17,164,0
2930,17,168,239
2931,17,172,0
2932,17,177,0
2933,17,181,157
2934,17,185,321
2935,17,189,190
2936,17,193,188
2937,17,197,193
2938,17,201,232
2939,17,205,491
2940,17,210,400
2941,17,214,586
2942,17,218,946
2943,17,222,797
2944,17,226,1211
2945,17,230,1377
2946,17,234,1534
2947,17,238,1851
2948,17,243,2168
2949,17,247,2739
2950,17,251,2834
2951,17,255,3189
2952,17,259,3633
2953,17,263,4187
2954,17,267,4645
2955,17,271,4692
2956,17,276,5308
2957,17,280,6343
2958,17,284,5044
2959,17,288,6083
2960,17,292,7572
2961,17,296,7913
2962,17,300,8665
2963,17,304,9117
2964,17,308,8300
2965,17,313,9719
2966,17,317,8656
2967,17,321,10131
2968,17,325,10181
2969,17,329,10977
2970,17,333,11192
2971,17,337,11560
2972,17,341,10407
2973,17,346,10898
2974,17,350,10167
2975,17,354,9571
2976,17,358,9933
2977,17,362,9830
2978,17,366,10890
2979,17,370,9369
2980,17,374,9901
2981,17,379,9351
2982,17,383,9864
2983,17,387,8976
2984,17,391,9529
2985,17,395,8235
2986,17,399,7978
2987,17,403,8585
2988,17,407,7386
2989,17,412,7430
2990,17,416,6550
2991,17,420,7005
2992,17,424,6468
2993,17,428,6737
2994,17,432,6227
2995,17,436,5535
2996,17,440,5249
2997,17,445,4897
2998,17,449,4309
2999,17,453,4907
3000,17,457,4286
3001,17,461,4144
3002,17,465,4008
3003,17,469,3576
3004,17,473,3662
3005,17,477,3233
3006,17,482,3365
3007,17,486,3251
3008,17,490,2704
3009,17,494,2544
3010,17,498,2518
3011,17,502,2657
3012,17,506,2223
3013,17,510,2186
3014,17,515,1996
3015,17,519,2097
3016,17,523,2076
3017,17,527,1590
3018,17,531,1761
3019,17,535,1653
3020,17,539,1471
3021,17,543,1649
3022,17,548,1643
3023,17,552,1198
3024,17,556,1407
3025,17,560,1398
3026,17,564,1128
3027,17,568,1330
3028,17,572,855
3029,17,576,1074
3030,17,581,1127
3031,17,585,789
3032,17,589,931
3033,17,593,830
3034,17,597,955
3035,17,601,853
3036,17,605,781
3037,17,609,832
3038,17,614,764
3039,17,618,529
3040,17,622,611
3041,17,626,551
3042,17,630,659
3043,17,634,634
3044,17,638,590
3045,17,642,529
3046,17,646,469
3047,17,651,326
3048,17,655,370
3049,17,659,485
3050,17,663,589
3051,17,667,340
3052,17,671,502
3053,17,675,532
3054,17,679,552
3055,17,684,443
3056,17,688,269
3057,17,692,278
3058,17,696,460
3059,17,700,334
3060,17,704,500
3061,17,708,399
3062,17,712,418
3063,17,717,490
3064,17,721,524
3065,17,725,348
3066,17,729,178
3067,17,733,365
3068,17,737,400
3069,17,741,295
3070,17,745,303
3071,17,750,299
3072,17,754,248
3073,17,758,259
3074,17,762,320
3075,17,766,276
3076,17,770,223
3077,17,774,344
3078,17,778,363
3079,17,783,308
3080,17,787,204
3081,17,791,336
3082,17,795,260
3083,17,799,294
3084,17,803,226
3085,17,807,336
3086,17,811,236
3087,17,815,400
3088,17,820,0
3089,17,824,219
3090,17,828,306
3091,17,832,173
3092,17,836,288
3093,17,840,380
3094,17,844,314
3095,17,848,284
3096,17,853,0
3097,17,857,208
3098,17,861,0
3099,17,865,229
3100,17,869,317
3101,17,873,240
3102,17,877,262
3103,17,881,236
3104,17,886,178
3105,17,890,186
3106,17,894,213
3107,17,898,0
3108,17,902,0
3109,17,906,0
3110,17,910,0
3111,17,914,234
3112,17,919,0
3113,17,923,177
3114,17,927,152
3115,17,931,235
3116,17,935,236
3117,17,939,240
3118,17,943,250
3119,17,947,0
3120,17,952,161
3121,17,956,152
3122,17,960,0
3123,17,964,179
3124,17,968,168
3125,17,972,203
3126,17,976,179
3127,17,980,0
3128,17,984,266
3129,17,989,249
3130,17,993,0
3131,17,997,189
3132,18,001,256
3133,18,005,166
3134,18,009,194
3135,18,013,0
3136,18,017,0
3137,18,022,0
3138,18,026,179
3139,18,030,197
3140,18,034,0
3141,18,038,0
3142,18,042,0
3143,18,046,0
3144,18,050,213
3145,18,055,154
3146,18,059,181
3147,18,063,0
3148,18,067,0
3149,18,071,207
3150,18,075,0
3151,18,079,305
3152,18,083,179
3153,18,088,0
3154,18,092,179
3155,18,096,264
3156,18,100,0
3157,18,104,0
3158,18,108,218
3159,18,112,0
3160,18,116,0
3161,18,121,201
3162,18,125,178
3163,18,129,0
3164,18,133,275
3165,18,137,162
3166,18,141,151
3167,18,145,190
3168,18,149,183
3169,18,153,213
3170,18,158,0
3171,18,162,0
3172,18,166,0
3173,18,170,157
3174,18,174,154
3175,18,178,0
3176,18,182,171
3177,18,186,0
3178,18,191,0
3179,18,195,199
3180,18,199,221
3181,18,203,0
3182,18,207,217
3183,18,211,190
3184,18,215,0
3185,18,219,0
3186,18,224,202
3187,18,228,177
3188,18,232,0
3189,18,236,180
3190,18,240,214
3191,18,244,173
3192,18,248,192
3193,18,252,210
3194,18,257,161
3195,18,261,202
3196,18,265,227
3197,18,269,0
3198,18,273,293
3199,18,277,268
3200,18,281,230
3201,18,285,322
3202,18,290,416
3203,18,294,421
3204,18,298,519
3205,18,302,791
3206,18,306,878
3207,18,310,1059
3208,18,314,1098
3209,18,318,1516
3210,18,322,1698
3211,18,327,1438
3212,18,331,1890
3213,18,335,1807
3214,18,339,2218
3215,18,343,2222
3216,18,347,2817
3217,18,351,3147
3218,18,355,3231
3219,18,360,3524
3220,18,364,3293
3221,18,368,4225
3222,18,372,4037
3223,18,376,5164
3224,18,380,4820
3225,18,384,5068
3226,18,388,5584
3227,18,393,5761
3228,18,397,5453
3229,18,401,6014
3230,18,405,7210
3231,18,409,7081
3232,18,413,6876
3233,18,417,7361
3234,18,421,6677
3235,18,426,7261
3236,18,430,7879
3237,18,434,8448
3238,18,438,7400
3239,18,442,7762
3240,18,446,7456
3241,18,450,7060
3242,18,454,7392
3243,18,459,7185
3244,18,463,7235
3245,18,467,6675
3246,18,471,6349
3247,18,475,7077
3248,18,479,6125
3249,18,483,6196
3250,18,487,5816
3251,18,491,5572
3252,18,496,5437
3253,18,500,6044
3254,18,504,5355
3255,18,508,4557
3256,18,512,4893
3257,18,516,4622
3258,18,520,4453
3259,18,524,4114
3260,18,529,3868
3261,18,533,3381
3262,18,537,3084
3263,18,541,3045
3264,18,545,2784
3265,18,549,2816
3266,18,553,2524
3267,18,557,2542
3268,18,562,2536
3269,18,566,2033
3270,18,570,2599
3271,18,574,2241
3272,18,578,1812
3273,18,582,1868
3274,18,586,1517
3275,18,590,1746
3276,18,595,1767
3277,18,599,1636
3278,18,603,1432
3279,18,607,1306
3280,18,611,1160
3281,18,615,1193
3282,18,619,1364
3283,18,623,1222
3284,18,628,1124
3285,18,632,1061
3286,18,636,1121
3287,18,640,724
3288,18,644,866
3289,18,648,763
3290,18,652,739
3291,18,656,690
3292,18,661,887
3293,18,665,798
3294,18,669,931
3295,18,673,550
3296,18,677,681
3297,18,681,753
3298,18,685,635
3299,18,689,383
3300,18,693,903
3301,18,698,520
3302,18,702,501
3303,18,706,440
3304,18,710,524
3305,18,714,554
3306,18,718,471
3307,18,722,706
3308,18,726,452
3309,18,731,468
3310,18,735,594
3311,18,739,441
3312,18,743,438
3313,18,747,405
3314,18,751,391
3315,18,755,454
3316,18,759,286
3317,18,764,323
3318,18,768,357
3319,18,772,250
3320,18,776,378
3321,18,780,432
3322,18,784,271
3323,18,788,345
3324,18,792,235
3325,18,797,397
3326,18,801,368
3327,18,805,231
3328,18,809,359
3329,18,813,432
3330,18,817,295
3331,18,821,414
3332,18,825,234
3333,18,830,327
3334,18,834,171
3335,18,838,302
3336,18,842,313
3337,18,846,202
3338,18,850,232
3339,18,854,351
3340,18,858,428
3341,18,862,267
3342,18,867,202
3343,18,871,315
3344,18,875,240
3345,18,879,191
3346,18,883,274
3347,18,887,232
3348,18,891,162
3349,18,895,0
3350,18,900,258
3351,18,904,153
3352,18,908,219
3353,18,912,238
3354,18,916,150
3355,18,920,211
3356,18,924,0
3357,18,928,212
3358,18,933,205
3359,18,937,170
3360,18,941,178
3361,18,945,0
3362,18,949,169
3363,18,953,0
3364,18,957,201
3365,18,961,203
3366,18,966,0
3367,18,970,0
3368,18,974,178
3369,18,978,203
3370,18,982,211
3371,18,986,200
3372,18,990,0
3373,18,994,220
3374,18,999,159
3375,19,003,175
3376,19,007,0
3377,19,011,186
3378,19,015,170
3379,19,019,273
3380,19,023,0
3381,19,027,207
3382,19,031,0
3383,19,036,163
3384,19,040,182
3385,19,044,157
3386,19,048,0
3387,19,052,0
3388,19,056,0
3389,19,060,228
3390,19,064,165
3391,19,069,175
3392,19,073,185
3393,19,077,0
3394,19,081,0
3395,19,085,153
3396,19,089,0
3397,19,093,0
3398,19,097,190
3399,19,102,182
3400,19,106,0
3401,19,110,0
3402,19,114,198
3403,19,118,0
3404,19,122,176
3405,19,126,0
3406,19,130,0
3407,19,135,0
3408,19,139,306
3409,19,143,166
3410,19,147,0
3411,19,151,0
3412,19,155,0
3413,19,159,0
3414,19,163,0
3415,19,168,0
3416,19,172,0
3417,19,176,0
3418,19,180,0
3419,19,184,0
3420,19,188,161
3421,19,192,225
3422,19,196,0
3423,19,200,0
3424,19,205,0
3425,19,209,0
3426,19,213,0
3427,19,217,192
3428,19,221,153
3429,19,225,0
3430,19,229,0
3431,19,233,0
3432,19,238,153
3433,19,242,177
3434,19,246,0
3435,19,250,256
3436,19,254,163
3437,19,258,0
3438,19,262,0
3439,19,266,0
3440,19,271,0
3441,19,275,193
3442,19,279,0
3443,19,283,157
3444,19,287,0
3445,19,291,0
3446,19,295,0
3447,19,299,0
3448,19,304,0
3449,19,308,150
3450,19,312,0
3451,19,316,221
3452,19,320,213
3453,19,324,220
3454,19,328,274
3455,19,332,0
3456,19,337,0
3457,19,341,186
3458,19,345,0
3459,19,349,150
3460,19,353,160
3461,19,357,163
3462,19,361,154
3463,19,365,0
3464,19,369,0
3465,19,374,0
3466,19,378,300
3467,19,382,0
3468,19,386,0
3469,19,390,0
3470,19,394,163
3471,19,398,0
3472,19,402,0
3473,19,407,0
3474,19,411,0
3475,19,415,169
3476,19,419,184
3477,19,423,0
3478,19,427,155
3479,19,431,0
3480,19,435,0
3481,19,440,0
3482,19,444,0
3483,19,448,255
3484,19,452,183
3485,19,456,0
3486,19,460,158
3487,19,464,180
3488,19,468,0
3489,19,473,0
3490,19,477,0
3491,19,481,0
3492,19,485,0
3493,19,489,183
3494,19,493,0
3495,19,497,0
3496,19,501,0
3497,19,506,0
3498,19,510,0
3499,19,514,0
3500,19,518,161
3501,19,522,0
3502,19,526,0
3503,19,530,209
3504,19,534,0
3505,19,538,0
3506,19,543,0
3507,19,547,0
3508,19,551,0
3509,19,555,0
3510,19,559,163
3511,19,563,0
3512,19,567,0
3513,19,571,0
3514,19,576,0
3515,19,580,0
3516,19,584,0
3517,19,588,0
3518,19,592,0
3519,19,596,0
3520,19,600,0
3521,19,604,0
3522,19,609,153
3523,19,613,167
3524,19,617,0
3525,19,621,0
3526,19,625,0
3527,19,629,0
3528,19,633,0
3529,19,637,0
3530,19,642,0
3531,19,646,0
3532,19,650,0
3533,19,654,0
3534,19,658,0
3535,19,662,0
3536,19,666,0
3537,19,670,0
3538,19,675,0
3539,19,679,0
3540,19,683,0
3541,19,687,258
3542,19,691,232
3543,19,695,0
3544,19,699,0
3545,19,703,0
3546,19,707,0
3547,19,712,0
3548,19,716,0
3549,19,720,0
3550,19,724,0
3551,19,728,0
3552,19,732,0
3553,19,736,0
3554,19,740,0
3555,19,745,186
3556,19,749,0
3557,19,753,0
3558,19,757,0
3559,19,761,0
3560,19,765,0
3561,19,769,184
3562,19,773,0
3563,19,778,0
3564,19,782,0
3565,19,786,0
3566,19,790,0
3567,19,794,0
3568,19,798,0
3569,19,802,0
3570,19,806,0
3571,19,811,0
3572,19,815,0
3573,19,819,0
3574,19,823,156
3575,19,827,0
3576,19,831,183
3577,19,835,0
3578,19,839,0
3579,19,844,0
3580,19,848,0
3581,19,852,157
3582,19,856,0
3583,19,860,0
3584,19,864,0
3585,19,868,168
3586,19,872,0
3587,19,876,0
3588,19,881,0
3589,19,885,0
3590,19,889,0
3591,19,893,0
3592,19,897,0
3593,19,901,0
3594,19,905,0
3595,19,909,0
3596,19,914,0
3597,19,918,0
3598,19,922,0
3599,19,926,0
3600,19,930,0
3601,19,934,0
3602,19,938,0
3603,19,942,0
3604,19,947,0
3605,19,951,217
3606,19,955,0
3607,19,959,0
3608,19,963,0
3609,19,967,0
3610,19,971,0
3611,19,975,0
3612,19,980,0
3613,19,984,0
3614,19,988,0
3615,19,992,0
3616,19,996,0
3617,20,000,0
3618,20,004,0
3619,20,008,0
3620,20,013,0
3621,20,017,0
3622,20,021,0
3623,20,025,0
3624,20,029,193
3625,20,033,0
3626,20,037,0
3627,20,041,0
3628,20,045,205
3629,20,050,0
3630,20,054,221
3631,20,058,153
3632,20,062,0
3633,20,066,0
3634,20,070,0
3635,20,074,0
3636,20,078,0
3637,20,083,0
3638,20,087,166
3639,20,091,0
3640,20,095,0
3641,20,099,0
3642,20,103,0
3643,20,107,0
3644,20,111,0
3645,20,116,0
3646,20,120,0
3647,20,124,0
3648,20,128,0
3649,20,132,0
3650,20,136,0
3651,20,140,209
3652,20,144,0
3653,20,149,0
3654,20,153,0
3655,20,157,0
3656,20,161,0
3657,20,165,0
3658,20,169,0
3659,20,173,0
3660,20,177,0
3661,20,182,0
3662,20,186,0
3663,20,190,150
3664,20,194,0
3665,20,198,0
3666,20,202,0
3667,20,206,0
3668,20,210,0
3669,20,214,0
3670,20,219,0
3671,20,223,0
3672,20,227,0
3673,20,231,0
3674,20,235,0
3675,20,239,0
3676,20,243,0
3677,20,247,0
3678,20,252,0
3679,20,256,0
3680,20,260,0
3681,20,264,0
3682,20,268,0
3683,20,272,208
3684,20,276,209
3685,20,280,293
3686,20,285,485
3687,20,289,466
3688,20,293,509
3689,20,297,572
3690,20,301,592
3691,20,305,881
3692,20,309,831
3693,20,313,1010
3694,20,318,1208
3695,20,322,1330
3696,20,326,1679
3697,20,330,1699
3698,20,334,1724
3699,20,338,2418
3700,20,342,2537
3701,20,346,3214
3702,20,351,3457
3703,20,355,3393
3704,20,359,4246
3705,20,363,5675
3706,20,367,4516
3707,20,371,6299
3708,20,375,5863
3709,20,379,6384
3710,20,383,7564
3711,20,388,7542
3712,20,392,7619
3713,20,396,9182
3714,20,400,8291
3715,20,404,9178
3716,20,408,10093
3717,20,412,9388
3718,20,416,9974
3719,20,421,10984
3720,20,425,10251
3721,20,429,11036
3722,20,433,11215
3723,20,437,10467
3724,20,441,10995
3725,20,445,10453
3726,20,449,10193
3727,20,454,10665
3728,20,458,9993
3729,20,462,10321
3730,20,466,10169
3731,20,470,9521
3732,20,474,9355
3733,20,478,9344
3734,20,482,9698
3735,20,487,9627
3736,20,491,9489
3737,20,495,8047
3738,20,499,8170
3739,20,503,7717
3740,20,507,7134
3741,20,511,7484
3742,20,515,6872
3743,20,520,7122
3744,20,524,7066
3745,20,528,6133
3746,20,532,5685
3747,20,536,5289
3748,20,540,5244
3749,20,544,5182
3750,20,548,5112
3751,20,552,4459
3752,20,557,4602
3753,20,561,3746
3754,20,565,3922
3755,20,569,3856
3756,20,573,3443
3757,20,577,3357
3758,20,581,3306
3759,20,585,3219
3760,20,590,3013
3761,20,594,2377
3762,20,598,2465
3763,20,602,2707
3764,20,606,2428
3765,20,610,2382
3766,20,614,2126
3767,20,618,1919
3768,20,623,1670
3769,20,627,2056
3770,20,631,1766
3771,20,635,1650
3772,20,639,1574
3773,20,643,1801
3774,20,647,1310
3775,20,651,1537
3776,20,656,1307
3777,20,660,1194
3778,20,664,854
3779,20,668,1134
3780,20,672,1286
3781,20,676,1353
3782,20,680,1089
3783,20,684,950
3784,20,689,872
3785,20,693,903
3786,20,697,958
3787,20,701,1057
3788,20,705,968
3789,20,709,964
3790,20,713,801
3791,20,717,724
3792,20,721,784
3793,20,726,772
3794,20,730,675
3795,20,734,601
3796,20,738,758
3797,20,742,640
3798,20,746,902
3799,20,750,632
3800,20,754,543
3801,20,759,574
3802,20,763,546
3803,20,767,605
3804,20,771,624
3805,20,775,512
3806,20,779,548
3807,20,783,547
3808,20,787,371
3809,20,792,589
3810,20,796,436
3811,20,800,356
3812,20,804,424
3813,20,808,337
3814,20,812,412
3815,20,816,439
3816,20,820,471
3817,20,825,319
3818,20,829,450
3819,20,833,409
3820,20,837,308
3821,20,841,443
3822,20,845,376
3823,20,849,422
3824,20,853,352
3825,20,858,382
3826,20,862,416
3827,20,866,268
3828,20,870,424
3829,20,874,203
3830,20,878,313
3831,20,882,348
3832,20,886,265
3833,20,890,263
3834,20,895,453
3835,20,899,327
3836,20,903,225
3837,20,907,363
3838,20,911,284
3839,20,915,353
3840,20,919,292
3841,20,923,305
3842,20,928,311
3843,20,932,396
3844,20,936,406
3845,20,940,354
3846,20,944,318
3847,20,948,256
3848,20,952,210
3849,20,956,366
3850,20,961,331
3851,20,965,415
3852,20,969,356
3853,20,973,279
3854,20,977,330
3855,20,981,270
3856,20,985,405
3857,20,989,333
3858,20,994,206
3859,20,998,206
3860,21,002,411
3861,21,006,0
3862,21,010,298
3863,21,014,0
3864,21,018,0
3865,21,022,225
3866,21,027,326
3867,21,031,184
3868,21,035,203
3869,21,039,292
3870,21,043,208
3871,21,047,174
3872,21,051,343
3873,21,055,215
3874,21,059,190
3875,21,064,0
3876,21,068,260
3877,21,072,0
3878,21,076,254
3879,21,080,293
3880,21,084,184
3881,21,088,211
3882,21,092,159
3883,21,097,373
3884,21,101,247
3885,21,105,159
3886,21,109,150
3887,21,113,243
3888,21,117,294
3889,21,121,0
3890,21,125,231
3891,21,130,190
3892,21,134,0
3893,21,138,174
3894,21,142,260
3895,21,146,162
3896,21,150,186
3897,21,154,168
3898,21,158,163
3899,21,163,0
3900,21,167,257
3901,21,171,0
3902,21,175,189
3903,21,179,157
3904,21,183,188
3905,21,187,0
3906,21,191,162
3907,21,196,0
3908,21,200,0
3909,21,204,218
3910,21,208,0
3911,21,212,203
3912,21,216,177
3913,21,220,207
3914,21,224,0
3915,21,228,177
3916,21,233,0
3917,21,237,0
3918,21,241,0
3919,21,245,0
3920,21,249,0
3921,21,253,170
3922,21,257,241
3923,21,261,0
3924,21,266,189
3925,21,270,151
3926,21,274,0
3927,21,278,235
3928,21,282,222
3929,21,286,0
3930,21,290,0
3931,21,294,0
3932,21,299,0
3933,21,303,0
3934,21,307,187
3935,21,311,0
3936,21,315,186
3937,21,319,0
3938,21,323,0
3939,21,327,0
3940,21,332,0
3941,21,336,162
3942,21,340,190
3943,21,344,174
3944,21,348,0
3945,21,352,0
3946,21,356,0
3947,21,360,0
3948,21,365,0
3949,21,369,0
3950,21,373,153
3951,21,377,0
3952,21,381,225
3953,21,385,0
3954,21,389,0
3955,21,393,205
3956,21,397,0
3957,21,402,0
3958,21,406,0
3959,21,410,0
3960,21,414,202
3961,21,418,0
3962,21,422,203
3963,21,426,0
3964,21,430,0
3965,21,435,201
3966,21,439,0
3967,21,443,156
3968,21,447,0
3969,21,451,0
3970,21,455,0
3971,21,459,0
3972,21,463,0
3973,21,468,0
3974,21,472,0
3975,21,476,0
3976,21,480,0
3977,21,484,0
3978,21,488,153
3979,21,492,0
3980,21,496,0
3981,21,501,186
3982,21,505,0
3983,21,509,0
3984,21,513,0
3985,21,517,0
3986,21,521,0
3987,21,525,0
3988,21,529,152
3989,21,534,0
3990,21,538,0
3991,21,542,0
3992,21,546,0
3993,21,550,0
3994,21,554,0
3995,21,558,0
3996,21,562,151
3997,21,566,0
3998,21,571,0
3999,21,575,0
4000,21,579,0
4001,21,583,241
4002,21,587,0
4003,21,591,0
4004,21,595,0
4005,21,599,0
4006,21,604,0
4007,21,608,0
4008,21,612,0
4009,21,616,0
4010,21,620,0
4011,21,624,159
4012,21,628,206
4013,21,632,0
4014,21,637,0
4015,21,641,0
4016,21,645,0
4017,21,649,0
4018,21,653,0
4019,21,657,0
4020,21,661,0
4021,21,665,0
4022,21,670,0
4023,21,674,0
4024,21,678,0
4025,21,682,0
4026,21,686,0
4027,21,690,0
4028,21,694,0
4029,21,698,0
4030,21,703,0
4031,21,707,0
4032,21,711,0
4033,21,715,211
4034,21,719,0
4035,21,723,0
4036,21,727,0
4037,21,731,0
4038,21,735,0
4039,21,740,0
4040,21,744,0
4041,21,748,0
4042,21,752,0
4043,21,756,169
4044,21,760,0
4045,21,764,0
4046,21,768,0
4047,21,773,0
4048,21,777,0
4049,21,781,0
4050,21,785,0
4051,21,789,0
4052,21,793,0
4053,21,797,233
4054,21,801,0
4055,21,806,0
4056,21,810,0
4057,21,814,0
4058,21,818,237
4059,21,822,0
4060,21,826,0
4061,21,830,0
4062,21,834,0
4063,21,839,164
4064,21,843,0
4065,21,847,0
4066,21,851,0
4067,21,855,0
4068,21,859,0
4069,21,863,0
4070,21,867,0
4071,21,872,0
4072,21,876,0
4073,21,880,0
4074,21,884,0
4075,21,888,0
4076,21,892,194
4077,21,896,0
4078,21,900,0
4079,21,904,0
4080,21,909,228
4081,21,913,0
4082,21,917,0
4083,21,921,0
4084,21,925,0
4085,21,929,0
4086,21,933,0
4087,21,937,200
4088,21,942,0
4089,21,946,0
4090,21,950,0
4091,21,954,154
4092,21,958,165
4093,21,962,0
4094,21,966,159
4095,21,970,0
4096,21,975,0
4097,21,979,0
4098,21,983,152
4099,21,987,0
4100,21,991,150
4101,21,995,154
4102,21,999,187
4103,22,003,0
4104,22,008,164
4105,22,012,0
4106,22,016,156
4107,22,020,0
4108,22,024,0
4109,22,028,195
4110,22,032,0
4111,22,036,0
4112,22,041,0
4113,22,045,0
4114,22,049,0
4115,22,053,205
4116,22,057,293
4117,22,061,231
4118,22,065,374
4119,22,069,314
4120,22,073,200
4121,22,078,232
4122,22,082,470
4123,22,086,364
4124,22,090,443
4125,22,094,497
4126,22,098,395
4127,22,102,351
4128,22,106,499
4129,22,111,914
4130,22,115,722
4131,22,119,749
4132,22,123,1024
4133,22,127,977
4134,22,131,948
4135,22,135,1046
4136,22,139,1165
4137,22,144,1107
4138,22,148,1586
4139,22,152,1508
4140,22,156,1558
4141,22,160,1646
4142,22,164,1929
4143,22,168,2195
4144,22,172,2217
4145,22,177,1946
4146,22,181,2342
4147,22,185,2293
4148,22,189,2167
4149,22,193,2444
4150,22,197,2456
4151,22,201,2424
4152,22,205,2485
4153,22,210,2513
4154,22,214,2776
4155,22,218,2523
4156,22,222,2983
4157,22,226,2541
4158,22,230,2356
4159,22,234,2725
4160,22,238,3036
4161,22,242,2126
4162,22,247,2684
4163,22,251,2180
4164,22,255,1831
4165,22,259,2025
4166,22,263,2297
4167,22,267,1760
4168,22,271,1946
4169,22,275,1897
4170,22,280,2093
4171,22,284,1754
4172,22,288,1761
4173,22,292,1396
4174,22,296,1609
4175,22,300,1684
4176,22,304,1368
4177,22,308,1239
4178,22,313,1245
4179,22,317,1118
4180,22,321,1392
4181,22,325,1015
4182,22,329,1127
4183,22,333,678
4184,22,337,772
4185,22,341,838
4186,22,346,993
4187,22,350,777
4188,22,354,928
4189,22,358,800
4190,22,362,865
4191,22,366,794
4192,22,370,506
4193,22,374,575
4194,22,379,728
4195,22,383,782
4196,22,387,454
4197,22,391,722
4198,22,395,539
4199,22,399,446
4200,22,403,520
4201,22,407,400
4202,22,411,408
4203,22,416,396
4204,22,420,334
4205,22,424,480
4206,22,428,420
4207,22,432,479
4208,22,436,272
4209,22,440,362
4210,22,444,243
4211,22,449,342
4212,22,453,368
4213,22,457,572
4214,22,461,198
4215,22,465,336
4216,22,469,325
4217,22,473,216
4218,22,477,313
4219,22,482,279
4220,22,486,179
4221,22,490,271
4222,22,494,248
4223,22,498,202
4224,22,502,302
4225,22,506,275
4226,22,510,175
4227,22,515,299
4228,22,519,266
4229,22,523,192
4230,22,527,0
4231,22,531,327
4232,22,535,0
4233,22,539,276
4234,22,543,179
4235,22,548,180
4236,22,552,332
4237,22,556,237
4238,22,560,291
4239,22,564,191
4240,22,568,0
4241,22,572,274
4242,22,576,171
4243,22,580,0
4244,22,585,0
4245,22,589,257
4246,22,593,195
4247,22,597,0
4248,22,601,327
4249,22,605,219
4250,22,609,238
4251,22,613,152
4252,22,618,0
4253,22,622,233
4254,22,626,165
4255,22,630,270
4256,22,634,204
4257,22,638,0
4258,22,642,174
4259,22,646,155
4260,22,651,270
4261,22,655,162
4262,22,659,227
4263,22,663,216
4264,22,667,0
4265,22,671,271
4266,22,675,189
4267,22,679,0
4268,22,684,151
4269,22,688,201
4270,22,692,0
4271,22,696,0
4272,22,700,0
4273,22,704,226
4274,22,708,228
4275,22,712,218
4276,22,717,318
4277,22,721,0
4278,22,725,174
4279,22,729,163
4280,22,733,214
4281,22,737,201
4282,22,741,248
4283,22,745,0
4284,22,749,178
4285,22,754,0
4286,22,758,162
4287,22,762,214
4288,22,766,0
4289,22,770,0
4290,22,774,0
4291,22,778,206
4292,22,782,181
4293,22,787,244
4294,22,791,0
4295,22,795,185
4296,22,799,0
4297,22,803,0
4298,22,807,154
4299,22,811,0
4300,22,815,0
4301,22,820,0
4302,22,824,0
4303,22,828,0
4304,22,832,0
4305,22,836,0
4306,22,840,279
4307,22,844,0
4308,22,848,165
4309,22,853,178
4310,22,857,0
4311,22,861,305
4312,22,865,0
4313,22,869,177
4314,22,873,0
4315,22,877,181
4316,22,881,0
4317,22,886,209
4318,22,890,0
4319,22,894,0
4320,22,898,0
4321,22,902,0
4322,22,906,0
4323,22,910,0
4324,22,914,0
4325,22,918,181
4326,22,923,155
4327,22,927,0
4328,22,931,0
4329,22,935,0
4330,22,939,0
4331,22,943,0
4332,22,947,154
4333,22,951,0
4334,22,956,0
4335,22,960,0
4336,22,964,0
4337,22,968,0
4338,22,972,0
4339,22,976,0
4340,22,980,0
4341,22,984,0
4342,22,989,0
4343,22,993,210
4344,22,997,169
4345,23,001,0
4346,23,005,0
4347,23,009,0
4348,23,013,0
4349,23,017,0
4350,23,022,0
4351,23,026,0
4352,23,030,0
4353,23,034,170
4354,23,038,200
4355,23,042,0
4356,23,046,0
4357,23,050,0
4358,23,055,0
4359,23,059,0
4360,23,063,0
4361,23,067,0
4362,23,071,0
4363,23,075,166
4364,23,079,0
4365,23,083,0
4366,23,087,0
4367,23,092,0
4368,23,096,0
4369,23,100,0
4370,23,104,0
4371,23,108,0
4372,23,112,0
4373,23,116,0
4374,23,120,0
4375,23,125,0
4376,23,129,0
4377,23,133,0
4378,23,137,0
4379,23,141,0
4380,23,145,0
4381,23,149,0
4382,23,153,0
4383,23,158,0
4384,23,162,157
4385,23,166,0
4386,23,170,0
4387,23,174,152
4388,23,178,0
4389,23,182,0
4390,23,186,0
4391,23,191,0
4392,23,195,0
4393,23,199,0
4394,23,203,0
4395,23,207,0
4396,23,211,0
4397,23,215,0
4398,23,219,0
4399,23,224,0
4400,23,228,0
4401,23,232,0
4402,23,236,0
4403,23,240,0
4404,23,244,0
4405,23,248,0
4406,23,252,0
4407,23,256,0
4408,23,261,158
4409,23,265,0
4410,23,269,0
4411,23,273,0
4412,23,277,0
4413,23,281,0
4414,23,285,0
4415,23,289,0
4416,23,294,0
4417,23,298,0
4418,23,302,0
4419,23,306,0
4420,23,310,0
4421,23,314,0
4422,23,318,0
4423,23,322,0
4424,23,327,0
4425,23,331,0
4426,23,335,0
4427,23,339,156
4428,23,343,0
4429,23,347,0
4430,23,351,0
4431,23,355,0
4432,23,360,0
4433,23,364,0
4434,23,368,0
4435,23,372,0
4436,23,376,0
4437,23,380,0
4438,23,384,0
4439,23,388,0
4440,23,393,0
4441,23,397,0
4442,23,401,0
4443,23,405,0
4444,23,409,0
4445,23,413,0
4446,23,417,0
4447,23,421,0
4448,23,425,0
4449,23,430,0
4450,23,434,0
4451,23,438,0
4452,23,442,0
4453,23,446,0
4454,23,450,0
4455,23,454,186
4456,23,458,156
4457,23,463,0
4458,23,467,0
4459,23,471,0
4460,23,475,0
4461,23,479,0
4462,23,483,0
4463,23,487,173
4464,23,491,150
4465,23,496,183
4466,23,500,162
4467,23,504,217
4468,23,508,184
4469,23,512,156
4470,23,516,175
4471,23,520,201
4472,23,524,0
4473,23,529,176
4474,23,533,0
4475,23,537,0
4476,23,541,181
4477,23,545,0
4478,23,549,0
4479,23,553,0
4480,23,557,0
4481,23,562,155
4482,23,566,0
4483,23,570,0
4484,23,574,0
4485,23,578,197
4486,23,582,184
4487,23,586,0
4488,23,590,0
4489,23,595,0
4490,23,599,156
4491,23,603,0
4492,23,607,186
4493,23,611,214
4494,23,615,0
4495,23,619,0
4496,23,623,0
4497,23,627,193
4498,23,632,217
4499,23,636,185
4500,23,640,181
4501,23,644,0
4502,23,648,0
4503,23,652,0
4504,23,656,220
4505,23,660,162
4506,23,665,0
4507,23,669,213
4508,23,673,0
4509,23,677,0
4510,23,681,0
4511,23,685,204
4512,23,689,0
4513,23,693,0
4514,23,698,0
4515,23,702,0
4516,23,706,0
4517,23,710,0
4518,23,714,177
4519,23,718,0
4520,23,722,0
4521,23,726,0
4522,23,731,0
4523,23,735,0
4524,23,739,0
4525,23,743,0
4526,23,747,0
4527,23,751,224
4528,23,755,165
4529,23,759,0
4530,23,764,0
4531,23,768,0
4532,23,772,0
4533,23,776,0
4534,23,780,0
4535,23,784,0
4536,23,788,0
4537,23,792,0
4538,23,796,176
4539,23,801,0
4540,23,805,0
4541,23,809,0
4542,23,813,0
4543,23,817,0
4544,23,821,0
4545,23,825,0
4546,23,829,0
4547,23,834,0
4548,23,838,206
4549,23,842,158
4550,23,846,0
4551,23,850,0
4552,23,854,0
4553,23,858,0
4554,23,862,0
4555,23,867,0
4556,23,871,0
4557,23,875,0
4558,23,879,157
4559,23,883,0
4560,23,887,221
4561,23,891,0
4562,23,895,171
4563,23,900,0
4564,23,904,0
4565,23,908,0
4566,23,912,0
4567,23,916,191
4568,23,920,0
4569,23,924,0
4570,23,928,0
4571,23,933,0
4572,23,937,0
4573,23,941,0
4574,23,945,0
4575,23,949,0
4576,23,953,0
4577,23,957,0
4578,23,961,0
4579,23,965,0
4580,23,970,0
4581,23,974,154
4582,23,978,0
4583,23,982,0
4584,23,986,0
4585,23,990,0
4586,23,994,0
4587,23,998,0
4588,24,003,0
4589,24,007,0
4590,24,011,0
4591,24,015,162
4592,24,019,0
4593,24,023,216
4594,24,027,154
4595,24,031,164
4596,24,036,0
4597,24,040,0
4598,24,044,0
4599,24,048,0
4600,24,052,0
4601,24,056,0
4602,24,060,0
4603,24,064,0
4604,24,069,0
4605,24,073,0
4606,24,077,0
4607,24,081,203
4608,24,085,0
4609,24,089,0
4610,24,093,0
4611,24,097,0
4612,24,102,0
4613,24,106,0
4614,24,110,0
4615,24,114,0
4616,24,118,0
4617,24,122,0
4618,24,126,0
4619,24,130,0
4620,24,134,0
4621,24,139,0
4622,24,143,0
4623,24,147,0
4624,24,151,179
4625,24,155,0
4626,24,159,0
4627,24,163,0
4628,24,167,0
4629,24,172,0
4630,24,176,0
4631,24,180,0
4632,24,184,0
4633,24,188,0
4634,24,192,207
4635,24,196,0
4636,24,200,0
4637,24,205,0
4638,24,209,160
4639,24,213,0
4640,24,217,0
4641,24,221,0
4642,24,225,162
4643,24,229,204
4644,24,233,0
4645,24,238,0
4646,24,242,0
4647,24,246,0
4648,24,250,0
4649,24,254,0
4650,24,258,0
4651,24,262,0
4652,24,266,0
4653,24,271,0
4654,24,275,210
4655,24,279,155
4656,24,283,0
4657,24,287,274
4658,24,291,367
4659,24,295,296
4660,24,299,306
4661,24,303,494
4662,24,308,508
4663,24,312,600
4664,24,316,658
4665,24,320,620
4666,24,324,1073
4667,24,328,1038
4668,24,332,1241
4669,24,336,1534
4670,24,341,1569
4671,24,345,1715
4672,24,349,2071
4673,24,353,2374
4674,24,357,2773
4675,24,361,2990
4676,24,365,3018
4677,24,369,3739
4678,24,374,4190
4679,24,378,4928
4680,24,382,4444
4681,24,386,5043
4682,24,390,5412
4683,24,394,6412
4684,24,398,6005
4685,24,402,7395
4686,24,407,7288
4687,24,411,8004
4688,24,415,8450
4689,24,419,7793
4690,24,423,9574
4691,24,427,9135
4692,24,431,9915
4693,24,435,9421
4694,24,440,9845
4695,24,444,10188
4696,24,448,10104
4697,24,452,10428
4698,24,456,10177
4699,24,460,10717
4700,24,464,11333
4701,24,468,10133
4702,24,472,9922
4703,24,477,10585
4704,24,481,9709
4705,24,485,9804
4706,24,489,9175
4707,24,493,10158
4708,24,497,9806
4709,24,501,9019
4710,24,505,8624
4711,24,510,8615
4712,24,514,8081
4713,24,518,8030
4714,24,522,7641
4715,24,526,7392
4716,24,530,7436
4717,24,534,6844
4718,24,538,6036
4719,24,543,6869
4720,24,547,5827
4721,24,551,6720
4722,24,555,5854
4723,24,559,5757
4724,24,563,5278
4725,24,567,5087
4726,24,571,4201
4727,24,576,3609
4728,24,580,3709
4729,24,584,4098
4730,24,588,4297
4731,24,592,3330
4732,24,596,3323
4733,24,600,3048
4734,24,604,3086
4735,24,609,3104
4736,24,613,2973
4737,24,617,2891
4738,24,621,2606
4739,24,625,2519
4740,24,629,2288
4741,24,633,2211
4742,24,637,2371
4743,24,641,2366
4744,24,646,1885
4745,24,650,2068
4746,24,654,1810
4747,24,658,1688
4748,24,662,1575
4749,24,666,1584
4750,24,670,1716
4751,24,674,1518
4752,24,679,1166
4753,24,683,1329
4754,24,687,1016
4755,24,691,1513
4756,24,695,1156
4757,24,699,1058
4758,24,703,1246
4759,24,707,894
4760,24,712,966
4761,24,716,1171
4762,24,720,958
4763,24,724,1081
4764,24,728,829
4765,24,732,846
4766,24,736,804
4767,24,740,1019
4768,24,745,801
4769,24,749,761
4770,24,753,798
4771,24,757,845
4772,24,761,677
4773,24,765,720
4774,24,769,559
4775,24,773,795
4776,24,778,577
4777,24,782,590
4778,24,786,598
4779,24,790,530
4780,24,794,825
4781,24,798,527
4782,24,802,593
4783,24,806,597
4784,24,810,505
4785,24,815,517
4786,24,819,633
4787,24,823,609
4788,24,827,570
4789,24,831,489
4790,24,835,717
4791,24,839,455
4792,24,843,574
4793,24,848,370
4794,24,852,393
4795,24,856,475
4796,24,860,457
4797,24,864,550
4798,24,868,386
4799,24,872,340
4800,24,876,523
4801,24,881,383
4802,24,885,394
4803,24,889,271
4804,24,893,352
4805,24,897,288
4806,24,901,464
4807,24,905,450
4808,24,909,337
4809,24,914,239
4810,24,918,416
4811,24,922,273
4812,24,926,261
4813,24,930,282
4814,24,934,242
4815,24,938,353
4816,24,942,232
4817,24,947,270
4818,24,951,261
4819,24,955,384
4820,24,959,375
4821,24,963,205
4822,24,967,358
4823,24,971,227
4824,24,975,400
4825,24,979,0
4826,24,984,356
4827,24,988,285
4828,24,992,255
4829,24,996,312
4830,25,000,251
4831,25,004,220
4832,25,008,174
4833,25,012,159
4834,25,017,288
4835,25,021,339
4836,25,025,0
4837,25,029,155
4838,25,033,206
4839,25,037,259
4840,25,041,218
4841,25,045,212
4842,25,050,212
4843,25,054,318
4844,25,058,180
4845,25,062,155
4846,25,066,224
4847,25,070,190
4848,25,074,284
4849,25,078,155
4850,25,083,276
4851,25,087,176
4852,25,091,0
4853,25,095,213
4854,25,099,0
4855,25,103,167
4856,25,107,312
4857,25,111,156
4858,25,116,171
4859,25,120,349
4860,25,124,0
4861,25,128,0
4862,25,132,0
4863,25,136,209
4864,25,140,166
4865,25,144,284
4866,25,148,200
4867,25,153,157
4868,25,157,155
4869,25,161,0
4870,25,165,153
4871,25,169,163
4872,25,173,0
4873,25,177,246
4874,25,181,211
4875,25,186,296
4876,25,190,0
4877,25,194,198
4878,25,198,298
4879,25,202,199
4880,25,206,166
4881,25,210,0
4882,25,214,0
4883,25,219,183
4884,25,223,0
4885,25,227,0
4886,25,231,0
4887,25,235,166
4888,25,239,0
4889,25,243,283
4890,25,247,201
4891,25,252,0
4892,25,256,0
4893,25,260,204
4894,25,264,0
4895,25,268,0
4896,25,272,0
4897,25,276,0
4898,25,280,0
4899,25,285,0
4900,25,289,0
4901,25,293,0
4902,25,297,0
4903,25,301,0
4904,25,305,170
4905,25,309,0
4906,25,313,0
4907,25,317,315
4908,25,322,0
4909,25,326,159
4910,25,330,168
4911,25,334,192
4912,25,338,0
4913,25,342,0
4914,25,346,0
4915,25,350,0
4916,25,355,0
4917,25,359,0
4918,25,363,0
4919,25,367,0
4920,25,371,0
4921,25,375,158
4922,25,379,0
4923,25,383,0
4924,25,388,183
4925,25,392,0
4926,25,396,0
4927,25,400,0
4928,25,404,0
4929,25,408,0
4930,25,412,0
4931,25,416,0
4932,25,421,0
4933,25,425,0
4934,25,429,0
4935,25,433,0
4936,25,437,0
4937,25,441,0
4938,25,445,154
4939,25,449,0
4940,25,454,172
4941,25,458,0
4942,25,462,0
4943,25,466,164
4944,25,470,0
4945,25,474,0
4946,25,478,0
4947,25,482,0
4948,25,486,156
4949,25,491,0
4950,25,495,193
4951,25,499,0
4952,25,503,0
4953,25,507,0
4954,25,511,0
4955,25,515,0
4956,25,519,0
4957,25,524,0
4958,25,528,0
4959,25,532,0
4960,25,536,0
4961,25,540,0
4962,25,544,0
4963,25,548,0
4964,25,552,193
4965,25,557,0
4966,25,561,0
4967,25,565,0
4968,25,569,0
4969,25,573,0
4970,25,577,0
4971,25,581,0
4972,25,585,0
4973,25,590,153
4974,25,594,0
4975,25,598,0
4976,25,602,0
4977,25,606,0
4978,25,610,184
4979,25,614,0
4980,25,618,0
4981,25,623,0
4982,25,627,0
4983,25,631,0
4984,25,635,181
4985,25,639,0
4986,25,643,175
4987,25,647,0
4988,25,651,160
4989,25,655,192
4990,25,660,0
4991,25,664,0
4992,25,668,0
4993,25,672,0
4994,25,676,0
4995,25,680,0
4996,25,684,0
4997,25,688,157
4998,25,693,0
4999,25,697,0
5000,25,701,0
5001,25,705,0
5002,25,709,0
5003,25,713,0
5004,25,717,0
5005,25,721,152
5006,25,726,0
5007,25,730,0
5008,25,734,0
5009,25,738,0
5010,25,742,0
5011,25,746,0
5012,25,750,0
5013,25,754,0
5014,25,759,0
5015,25,763,0
5016,25,767,176
5017,25,771,0
5018,25,775,0
5019,25,779,0
5020,25,783,0
5021,25,787,0
5022,25,792,0
5023,25,796,0
5024,25,800,161
5025,25,804,0
5026,25,808,163
5027,25,812,0
5028,25,816,0
5029,25,820,156
5030,25,824,0
5031,25,829,0
5032,25,833,186
5033,25,837,167
5034,25,841,0
5035,25,845,0
5036,25,849,0
5037,25,853,0
5038,25,857,0
5039,25,862,0
5040,25,866,0
5041,25,870,0
5042,25,874,0
5043,25,878,0
5044,25,882,0
5045,25,886,0
5046,25,890,0
5047,25,895,0
5048,25,899,0
5049,25,903,0
5050,25,907,0
5051,25,911,0
5052,25,915,0
5053,25,919,0
5054,25,923,0
5055,25,928,0
5056,25,932,0
5057,25,936,168
5058,25,940,0
5059,25,944,0
5060,25,948,0
5061,25,952,0
5062,25,956,0
5063,25,961,0
5064,25,965,0
5065,25,969,0
5066,25,973,0
5067,25,977,0
5068,25,981,0
5069,25,985,0
5070,25,989,0
5071,25,993,0
5072,25,998,0
5073,26,002,0
5074,26,006,0
5075,26,010,0
5076,26,014,0
5077,26,018,200
5078,26,022,0
5079,26,026,0
5080,26,031,0
5081,26,035,0
5082,26,039,0
5083,26,043,0
5084,26,047,0
5085,26,051,0
5086,26,055,0
5087,26,059,0
5088,26,064,0
5089,26,068,0
5090,26,072,0
5091,26,076,0
5092,26,080,0
5093,26,084,0
5094,26,088,0
5095,26,092,0
5096,26,097,0
5097,26,101,0
5098,26,105,0
5099,26,109,0
5100,26,113,0
5101,26,117,0
5102,26,121,0
5103,26,125,0
5104,26,130,0
5105,26,134,0
5106,26,138,0
5107,26,142,0
5108,26,146,0
5109,26,150,0
5110,26,154,0
5111,26,158,0
5112,26,162,0
5113,26,167,0
5114,26,171,0
5115,26,175,0
5116,26,179,0
5117,26,183,0
5118,26,187,0
5119,26,191,0
5120,26,195,0
5121,26,200,0
5122,26,204,0
5123,26,208,0
5124,26,212,0
5125,26,216,0
5126,26,220,0
5127,26,224,0
5128,26,228,0
5129,26,233,0
5130,26,237,0
5131,26,241,155
5132,26,245,0
5133,26,249,0
5134,26,253,183
5135,26,257,0
5136,26,261,0
5137,26,266,0
5138,26,270,271
5139,26,274,0
5140,26,278,0
5141,26,282,180
5142,26,286,0
5143,26,290,215
5144,26,294,0
5145,26,299,269
5146,26,303,235
5147,26,307,363
5148,26,311,334
5149,26,315,379
5150,26,319,494
5151,26,323,493
5152,26,327,603
5153,26,331,677
5154,26,336,652
5155,26,340,868
5156,26,344,1021
5157,26,348,1161
5158,26,352,1265
5159,26,356,1382
5160,26,360,1420
5161,26,364,1426
5162,26,369,1687
5163,26,373,1793
5164,26,377,2136
5165,26,381,2088
5166,26,385,2398
5167,26,389,2479
5168,26,393,2550
5169,26,397,3181
5170,26,402,3196
5171,26,406,2869
5172,26,410,3253
5173,26,414,3627
5174,26,418,4283
5175,26,422,4549
5176,26,426,4091
5177,26,430,4505
5178,26,435,5044
5179,26,439,4226
5180,26,443,5214
5181,26,447,5116
5182,26,451,4865
5183,26,455,5280
5184,26,459,5107
5185,26,463,5241
5186,26,468,5498
5187,26,472,5027
5188,26,476,5539
5189,26,480,5128
5190,26,484,5262
5191,26,488,6073
5192,26,492,5190
5193,26,496,5124
5194,26,500,5131
5195,26,505,5151
5196,26,509,4822
5197,26,513,4585
5198,26,517,4371
5199,26,521,3746
5200,26,525,4310
5201,26,529,4379
5202,26,533,4060
5203,26,538,3567
5204,26,542,3486
5205,26,546,3217
5206,26,550,2988
5207,26,554,3115
5208,26,558,2856
5209,26,562,3004
5210,26,566,2657
5211,26,571,2721
5212,26,575,2571
5213,26,579,2606
5214,26,583,2196
5215,26,587,2127
5216,26,591,2082
5217,26,595,1828
5218,26,599,1948
5219,26,604,2199
5220,26,608,1325
5221,26,612,1613
5222,26,616,1553
5223,26,620,1517
5224,26,624,1627
5225,26,628,1529
5226,26,632,1376
5227,26,637,1306
5228,26,641,1405
5229,26,645,931
5230,26,649,1204
5231,26,653,1042
5232,26,657,1086
5233,26,661,1049
5234,26,665,999
5235,26,669,865
5236,26,674,1076
5237,26,678,882
5238,26,682,945
5239,26,686,879
5240,26,690,865
5241,26,694,637
5242,26,698,686
5243,26,702,508
5244,26,707,644
5245,26,711,923
5246,26,715,492
5247,26,719,646
5248,26,723,487
5249,26,727,497
5250,26,731,726
5251,26,735,619
5252,26,740,373
5253,26,744,476
5254,26,748,667
5255,26,752,306
5256,26,756,458
5257,26,760,388
5258,26,764,342
5259,26,768,537
5260,26,773,404
5261,26,777,339
5262,26,781,404
5263,26,785,477
5264,26,789,557
5265,26,793,377
5266,26,797,436
5267,26,801,340
5268,26,806,323
5269,26,810,248
5270,26,814,316
5271,26,818,378
5272,26,822,373
5273,26,826,375
5274,26,830,246
5275,26,834,354
5276,26,838,361
5277,26,843,214
5278,26,847,396
5279,26,851,376
5280,26,855,339
5281,26,859,257
5282,26,863,308
5283,26,867,276
5284,26,871,281
5285,26,876,249
5286,26,880,245
5287,26,884,202
5288,26,888,171
5289,26,892,338
5290,26,896,266
5291,26,900,350
5292,26,904,330
5293,26,909,208
5294,26,913,201
5295,26,917,184
5296,26,921,174
5297,26,925,299
5298,26,929,170
5299,26,933,266
5300,26,937,319
5301,26,942,356
5302,26,946,229
5303,26,950,253
5304,26,954,210
5305,26,958,233
5306,26,962,310
5307,26,966,295
5308,26,970,0
5309,26,975,227
5310,26,979,228
5311,26,983,205
5312,26,987,231
5313,26,991,261
5314,26,995,0
5315,26,999,159
5316,27,003,198
5317,27,007,0
5318,27,012,0
5319,27,016,185
5320,27,020,197
5321,27,024,0
5322,27,028,198
5323,27,032,0
5324,27,036,151
5325,27,040,224
5326,27,045,0
5327,27,049,0
5328,27,053,169
5329,27,057,172
5330,27,061,0
5331,27,065,0
5332,27,069,0
5333,27,073,201
5334,27,078,185
5335,27,082,0
5336,27,086,0
5337,27,090,179
5338,27,094,0
5339,27,098,178
5340,27,102,215
5341,27,106,0
5342,27,111,0
5343,27,115,160
5344,27,119,0
5345,27,123,0
5346,27,127,0
5347,27,131,0
5348,27,135,0
5349,27,139,0
5350,27,144,0
5351,27,148,151
5352,27,152,0
5353,27,156,165
5354,27,160,0
5355,27,164,0
5356,27,168,0
5357,27,172,180
5358,27,176,0
5359,27,181,160
5360,27,185,0
5361,27,189,206
5362,27,193,157
5363,27,197,0
5364,27,201,0
5365,27,205,0
5366,27,209,181
5367,27,214,189
5368,27,218,152
5369,27,222,0
5370,27,226,0
5371,27,230,0
5372,27,234,0
5373,27,238,159
5374,27,242,153
5375,27,247,0
5376,27,251,206
5377,27,255,0
5378,27,259,0
5379,27,263,0
5380,27,267,0
5381,27,271,0
5382,27,275,0
5383,27,280,0
5384,27,284,0
5385,27,288,0
5386,27,292,0
5387,27,296,0
5388,27,300,0
5389,27,304,0
5390,27,308,201
5391,27,313,0
5392,27,317,0
5393,27,321,0
5394,27,325,0
5395,27,329,0
5396,27,333,0
5397,27,337,0
5398,27,341,0
5399,27,345,0
5400,27,350,0
5401,27,354,0
5402,27,358,0
5403,27,362,0
5404,27,366,0
5405,27,370,0
5406,27,374,0
5407,27,378,0
5408,27,383,0
5409,27,387,0
5410,27,391,0
5411,27,395,0
5412,27,399,0
5413,27,403,0
5414,27,407,0
5415,27,411,0
5416,27,416,0
5417,27,420,0
5418,27,424,0
5419,27,428,0
5420,27,432,0
5421,27,436,0
5422,27,440,0
5423,27,444,0
5424,27,449,0
5425,27,453,0
5426,27,457,0
5427,27,461,0
5428,27,465,0
5429,27,469,0
5430,27,473,0
5431,27,477,0
5432,27,482,187
5433,27,486,0
5434,27,490,0
5435,27,494,0
5436,27,498,0
5437,27,502,214
5438,27,506,192
5439,27,510,0
5440,27,514,0
5441,27,519,0
5442,27,523,0
5443,27,527,0
5444,27,531,0
5445,27,535,0
5446,27,539,0
5447,27,543,0
5448,27,547,190
5449,27,552,0
5450,27,556,0
5451,27,560,0
5452,27,564,0
5453,27,568,0
5454,27,572,0
5455,27,576,0
5456,27,580,167
5457,27,585,0
5458,27,589,0
5459,27,593,0
5460,27,597,0
5461,27,601,0
5462,27,605,0
5463,27,609,0
5464,27,613,0
5465,27,618,0
5466,27,622,0
5467,27,626,0
5468,27,630,0
5469,27,634,0
5470,27,638,171
5471,27,642,220
5472,27,646,238
5473,27,651,177
5474,27,655,221
5475,27,659,179
5476,27,663,223
5477,27,667,335
5478,27,671,613
5479,27,675,506
5480,27,679,249
5481,27,683,350
5482,27,688,809
5483,27,692,774
5484,27,696,695
5485,27,700,842
5486,27,704,1149
5487,27,708,1218
5488,27,712,1479
5489,27,716,1743
5490,27,721,1891
5491,27,725,2131
5492,27,729,2995
5493,27,733,2398
5494,27,737,2915
5495,27,741,3674
5496,27,745,4248
5497,27,749,3885
5498,27,754,4501
5499,27,758,5132
5500,27,762,6074
5501,27,766,5631
5502,27,770,6243
5503,27,774,6794
5504,27,778,7170
5505,27,782,7463
5506,27,787,8614
5507,27,791,8948
5508,27,795,8983
5509,27,799,8585
5510,27,803,9878
5511,27,807,10045
5512,27,811,10029
5513,27,815,10049
5514,27,820,11580
5515,27,824,11682
5516,27,828,11419
5517,27,832,11530
5518,27,836,12148
5519,27,840,11059
5520,27,844,11585
5521,27,848,10841
5522,27,852,10112
5523,27,857,10737
5524,27,861,10520
5525,27,865,10848
5526,27,869,10980
5527,27,873,11058
5528,27,877,10047
5529,27,881,8965
5530,27,885,10720
5531,27,890,10198
5532,27,894,9528
5533,27,898,8785
5534,27,902,9189
5535,27,906,7779
5536,27,910,8358
5537,27,914,7779
5538,27,918,6729
5539,27,923,7460
5540,27,927,7835
5541,27,931,6566
5542,27,935,6322
5543,27,939,6564
5544,27,943,5738
5545,27,947,5209
5546,27,951,5345
5547,27,956,5410
5548,27,960,4797
5549,27,964,4743
5550,27,968,4286
5551,27,972,4103
5552,27,976,4244
5553,27,980,3645
5554,27,984,3891
5555,27,989,3846
5556,27,993,3463
5557,27,997,3216
5558,28,001,3045
5559,28,005,2975
5560,28,009,2484
5561,28,013,2538
5562,28,017,2655
5563,28,021,2286
5564,28,026,2092
5565,28,030,2227
5566,28,034,2231
5567,28,038,1968
5568,28,042,2042
5569,28,046,1859
5570,28,050,1779
5571,28,054,1485
5572,28,059,1801
5573,28,063,1807
5574,28,067,1687
5575,28,071,1351
5576,28,075,1274
5577,28,079,1476
5578,28,083,1682
5579,28,087,1433
5580,28,092,888
5581,28,096,1090
5582,28,100,1291
5583,28,104,1116
5584,28,108,1367
5585,28,112,1069
5586,28,116,840
5587,28,120,1018
5588,28,125,1006
5589,28,129,1155
5590,28,133,892
5591,28,137,1186
5592,28,141,881
5593,28,145,752
5594,28,149,1033
5595,28,153,927
5596,28,158,979
5597,28,162,688
5598,28,166,626
5599,28,170,942
5600,28,174,870
5601,28,178,507
5602,28,182,551
5603,28,186,696
5604,28,190,661
5605,28,195,775
5606,28,199,492
5607,28,203,646
5608,28,207,698
5609,28,211,458
5610,28,215,468
5611,28,219,534
5612,28,223,410
5613,28,228,420
5614,28,232,601
5615,28,236,334
5616,28,240,429
5617,28,244,517
5618,28,248,411
5619,28,252,646
5620,28,256,511
5621,28,261,334
5622,28,265,682
5623,28,269,498
5624,28,273,611
5625,28,277,449
5626,28,281,541
5627,28,285,488
5628,28,289,474
5629,28,294,532
5630,28,298,429
5631,28,302,669
5632,28,306,769
5633,28,310,640
5634,28,314,742
5635,28,318,905
5636,28,322,1030
5637,28,327,957
5638,28,331,1343
5639,28,335,1466
5640,28,339,1536
5641,28,343,1590
5642,28,347,2104
5643,28,351,2053
5644,28,355,2385
5645,28,359,2912
5646,28,364,2964
5647,28,368,3578
5648,28,372,3801
5649,28,376,4592
5650,28,380,5294
5651,28,384,5663
5652,28,388,5851
5653,28,392,6762
5654,28,397,6914
5655,28,401,8213
5656,28,405,8791
5657,28,409,8574
5658,28,413,10131
5659,28,417,11384
5660,28,421,11462
5661,28,425,13180
5662,28,430,14099
5663,28,434,13848
5664,28,438,15457
5665,28,442,16356
5666,28,446,17216
5667,28,450,18640
5668,28,454,17688
5669,28,458,19184
5670,28,463,19824
5671,28,467,21168
5672,28,471,21080
5673,28,475,21544
5674,28,479,21624
5675,28,483,22448
5676,28,487,21904
5677,28,491,22704
5678,28,496,22832
5679,28,500,23320
5680,28,504,23400
5681,28,508,23112
5682,28,512,22360
5683,28,516,23968
5684,28,520,22528
5685,28,524,22560
5686,28,529,21200
5687,28,533,20416
5688,28,537,21112
5689,28,541,20040
5690,28,545,19832
5691,28,549,20072
5692,28,553,18512
5693,28,557,17224
5694,28,561,17080
5695,28,566,16274
5696,28,570,16568
5697,28,574,15095
5698,28,578,14234
5699,28,582,13292
5700,28,586,14083
5701,28,590,13016
5702,28,594,12111
5703,28,599,11572
5704,28,603,12047
5705,28,607,10373
5706,28,611,9460
5707,28,615,9626
5708,28,619,9036
5709,28,623,9030
5710,28,627,8393
5711,28,632,8210
5712,28,636,7894
5713,28,640,7398
5714,28,644,7705
5715,28,648,6306
5716,28,652,6048
5717,28,656,6086
5718,28,660,5924
5719,28,665,5599
5720,28,669,4959
5721,28,673,5195
5722,28,677,4559
5723,28,681,4876
5724,28,685,4233
5725,28,689,4228
5726,28,693,3925
5727,28,698,4207
5728,28,702,3782
5729,28,706,3290
5730,28,710,3008
5731,28,714,3236
5732,28,718,3219
5733,28,722,3287
5734,28,726,2962
5735,28,730,2550
5736,28,735,2699
5737,28,739,2295
5738,28,743,2590
5739,28,747,2618
5740,28,751,2670
5741,28,755,2686
5742,28,759,2654
5743,28,763,2247
5744,28,768,1843
5745,28,772,2302
5746,28,776,2401
5747,28,780,2096
5748,28,784,2044
5749,28,788,1967
5750,28,792,1766
5751,28,796,1528
5752,28,801,1294
5753,28,805,1819
5754,28,809,1621
5755,28,813,1431
5756,28,817,1377
5757,28,821,1263
5758,28,825,1431
5759,28,829,1807
5760,28,834,1348
5761,28,838,1218
5762,28,842,1372
5763,28,846,1619
5764,28,850,1364
5765,28,854,1313
5766,28,858,1218
5767,28,862,912
5768,28,867,1043
5769,28,871,847
5770,28,875,1092
5771,28,879,819
5772,28,883,912
5773,28,887,1097
5774,28,891,1027
5775,28,895,870
5776,28,899,828
5777,28,904,868
5778,28,908,938
5779,28,912,673
5780,28,916,912
5781,28,920,772
5782,28,924,709
5783,28,928,764
5784,28,932,817
5785,28,937,673
5786,28,941,904
5787,28,945,658
5788,28,949,755
5789,28,953,544
5790,28,957,617
5791,28,961,610
5792,28,965,690
5793,28,970,586
5794,28,974,901
5795,28,978,617
5796,28,982,419
5797,28,986,505
5798,28,990,603
5799,28,994,553
5800,28,998,470
5801,29,003,447
5802,29,007,708
5803,29,011,378
5804,29,015,371
5805,29,019,453
5806,29,023,600
5807,29,027,558
5808,29,031,540
5809,29,036,309
5810,29,040,371
5811,29,044,374
5812,29,048,432
5813,29,052,332
5814,29,056,335
5815,29,060,240
5816,29,064,269
5817,29,068,329
5818,29,073,371
5819,29,077,366
5820,29,081,363
5821,29,085,316
5822,29,089,401
5823,29,093,573
5824,29,097,508
5825,29,101,382
5826,29,106,483
5827,29,110,257
5828,29,114,401
5829,29,118,246
5830,29,122,457
5831,29,126,366
5832,29,130,373
5833,29,134,332
5834,29,139,326
5835,29,143,466
5836,29,147,556
5837,29,151,237
5838,29,155,424
5839,29,159,497
5840,29,163,284
5841,29,167,669
5842,29,172,274
5843,29,176,326
5844,29,180,334
5845,29,184,313
5846,29,188,241
5847,29,192,243
5848,29,196,310
5849,29,200,286
5850,29,205,328
5851,29,209,241
5852,29,213,172
5853,29,217,223
5854,29,221,216
5855,29,225,412
5856,29,229,257
5857,29,233,262
5858,29,237,262
5859,29,242,239
5860,29,246,393
5861,29,250,193
5862,29,254,280
5863,29,258,190
5864,29,262,327
5865,29,266,318
5866,29,270,230
5867,29,275,217
5868,29,279,187
5869,29,283,174
5870,29,287,200
5871,29,291,0
5872,29,295,220
5873,29,299,170
5874,29,303,150
5875,29,308,0
5876,29,312,227
5877,29,316,252
5878,29,320,230
5879,29,324,279
5880,29,328,296
5881,29,332,314
5882,29,336,228
5883,29,341,161
5884,29,345,309
5885,29,349,165
5886,29,353,266
5887,29,357,186
5888,29,361,157
5889,29,365,0
5890,29,369,157
5891,29,374,184
5892,29,378,0
5893,29,382,0
5894,29,386,0
5895,29,390,0
5896,29,394,219
5897,29,398,211
5898,29,402,0
5899,29,406,207
5900,29,411,192
5901,29,415,275
5902,29,419,167
5903,29,423,166
5904,29,427,215
5905,29,431,283
5906,29,435,200
5907,29,439,317
5908,29,444,157
5909,29,448,0
5910,29,452,0
5911,29,456,158
5912,29,460,0
5913,29,464,0
5914,29,468,0
5915,29,472,0
5916,29,477,180
5917,29,481,0
5918,29,485,0
5919,29,489,0
5920,29,493,0
5921,29,497,0
5922,29,501,150
5923,29,505,0
5924,29,510,178
5925,29,514,0
5926,29,518,0
5927,29,522,0
5928,29,526,330
5929,29,530,203
5930,29,534,0
5931,29,538,0
5932,29,543,151
5933,29,547,0
5934,29,551,0
5935,29,555,0
5936,29,559,161
5937,29,563,169
5938,29,567,202
5939,29,571,0
5940,29,575,246
5941,29,580,0
5942,29,584,177
5943,29,588,0
5944,29,592,0
5945,29,596,0
5946,29,600,151
5947,29,604,0
5948,29,608,219
5949,29,613,233
5950,29,617,0
5951,29,621,198
5952,29,625,233
5953,29,629,0
5954,29,633,175
5955,29,637,0
5956,29,641,188
5957,29,646,0
5958,29,650,0
5959,29,654,157
5960,29,658,0
5961,29,662,0
5962,29,666,0
5963,29,670,0
5964,29,674,0
5965,29,679,150
5966,29,683,0
5967,29,687,0
5968,29,691,0
5969,29,695,0
5970,29,699,0
5971,29,703,150
5972,29,707,0
5973,29,712,0
5974,29,716,159
5975,29,720,0
5976,29,724,233
5977,29,728,0
5978,29,732,0
5979,29,736,163
5980,29,740,0
5981,29,744,0
5982,29,749,0
5983,29,753,0
5984,29,757,0
5985,29,761,0
5986,29,765,179
5987,29,769,0
5988,29,773,237
5989,29,777,0
5990,29,782,0
5991,29,786,162
5992,29,790,0
5993,29,794,0
5994,29,798,0
5995,29,802,0
5996,29,806,183
5997,29,810,217
5998,29,815,0
5999,29,819,0
6000,29,823,0
6001,29,827,0
6002,29,831,210
6003,29,835,0
6004,29,839,0
6005,29,843,0
6006,29,848,0
6007,29,852,165
6008,29,856,0
6009,29,860,0
6010,29,864,0
6011,29,868,0
6012,29,872,207
6013,29,876,204
6014,29,881,0
6015,29,885,0
6016,29,889,0
6017,29,893,0
6018,29,897,206
6019,29,901,206
6020,29,905,0
6021,29,909,0
6022,29,913,0
6023,29,918,0
6024,29,922,0
6025,29,926,0
6026,29,930,155
6027,29,934,0
6028,29,938,152
6029,29,942,151
6030,29,946,0
6031,29,951,150
6032,29,955,0
6033,29,959,166
6034,29,963,162
6035,29,967,0
6036,29,971,150
6037,29,975,0
6038,29,979,0
6039,29,984,0
6040,29,988,178
6041,29,992,0
6042,29,996,0
6043,30,000,158
6044,30,004,156
6045,30,008,0
6046,30,012,0
6047,30,017,172
6048,30,021,167
6049,30,025,0
6050,30,029,201
6051,30,033,167
6052,30,037,0
6053,30,041,261
6054,30,045,0
6055,30,050,0
6056,30,054,0
6057,30,058,0
6058,30,062,155
6059,30,066,0
6060,30,070,0
6061,30,074,0
6062,30,078,0
6063,30,082,0
6064,30,087,0
6065,30,091,0
6066,30,095,160
6067,30,099,0
6068,30,103,0
6069,30,107,0
6070,30,111,0
6071,30,115,0
6072,30,120,198
6073,30,124,0
6074,30,128,0
6075,30,132,0
6076,30,136,0
6077,30,140,0
6078,30,144,0
6079,30,148,0
6080,30,153,0
6081,30,157,162
6082,30,161,0
6083,30,165,172
6084,30,169,157
6085,30,173,0
6086,30,177,0
6087,30,181,0
6088,30,186,0
6089,30,190,0
6090,30,194,0
6091,30,198,0
6092,30,202,0
6093,30,206,0
6094,30,210,0
6095,30,214,0
6096,30,219,0
6097,30,223,0
6098,30,227,224
6099,30,231,0
6100,30,235,0
6101,30,239,0
6102,30,243,0
6103,30,247,0
6104,30,251,195
6105,30,256,230
6106,30,260,228
6107,30,264,0
6108,30,268,176
6109,30,272,152
6110,30,276,0
6111,30,280,255
6112,30,284,268
6113,30,289,203
6114,30,293,328
6115,30,297,193
6116,30,301,251
6117,30,305,211
6118,30,309,237
6119,30,313,459
6120,30,317,468
6121,30,322,423
6122,30,326,718
6123,30,330,775
6124,30,334,945
6125,30,338,1000
6126,30,342,1232
6127,30,346,1247
6128,30,350,1461
6129,30,355,1640
6130,30,359,2423
6131,30,363,2174
6132,30,367,2758
6133,30,371,2948
6134,30,375,4044
6135,30,379,3986
6136,30,383,4653
6137,30,388,5980
6138,30,392,6332
6139,30,396,7344
6140,30,400,8673
6141,30,404,8718
6142,30,408,9919
6143,30,412,11299
6144,30,416,11678
6145,30,420,13130
6146,30,425,14197
6147,30,429,15521
6148,30,433,17248
6149,30,437,18304
6150,30,441,18656
6151,30,445,19080
6152,30,449,21328
6153,30,453,22152
6154,30,458,23376
6155,30,462,24128
6156,30,466,25832
6157,30,470,26208
6158,30,474,26640
6159,30,478,26152
6160,30,482,27544
6161,30,486,26216
6162,30,491,29416
6163,30,495,29688
6164,30,499,29128
6165,30,503,31064
6166,30,507,30328
6167,30,511,30312
6168,30,515,29336
6169,30,519,27208
6170,30,524,29096
6171,30,528,27632
6172,30,532,27024
6173,30,536,26848
6174,30,540,26912
6175,30,544,25576
6176,30,548,24264
6177,30,552,23896
6178,30,557,23792
6179,30,561,22256
6180,30,565,22200
6181,30,569,22672
6182,30,573,21088
6183,30,577,19576
6184,30,581,19360
6185,30,585,18256
6186,30,589,17752
6187,30,594,17840
6188,30,598,15862
6189,30,602,14325
6190,30,606,15347
6191,30,610,14614
6192,30,614,12815
6193,30,618,12544
6194,30,622,13322
6195,30,627,11580
6196,30,631,11461
6197,30,635,10739
6198,30,639,10179
6199,30,643,10147
6200,30,647,8993
6201,30,651,8528
6202,30,655,8318
6203,30,660,7714
6204,30,664,8357
6205,30,668,7943
6206,30,672,7283
6207,30,676,7042
6208,30,680,6602
6209,30,684,6917
6210,30,688,6003
6211,30,693,5146
6212,30,697,5951
6213,30,701,4996
6214,30,705,4782
6215,30,709,4731
6216,30,713,4994
6217,30,717,5009
6218,30,721,4246
6219,30,726,4356
6220,30,730,3629
6221,30,734,3880
6222,30,738,3544
6223,30,742,3514
6224,30,746,3252
6225,30,750,3137
6226,30,754,2870
6227,30,758,3387
6228,30,763,3233
6229,30,767,2477
6230,30,771,2517
6231,30,775,2653
6232,30,779,2779
6233,30,783,2050
6234,30,787,1978
6235,30,791,2500
6236,30,796,2703
6237,30,800,2112
6238,30,804,2374
6239,30,808,2104
6240,30,812,2100
6241,30,816,2095
6242,30,820,1986
6243,30,824,1911
6244,30,829,1995
6245,30,833,1651
6246,30,837,1525
6247,30,841,1738
6248,30,845,1044
6249,30,849,1574
6250,30,853,1555
6251,30,857,1639
6252,30,862,1227
6253,30,866,1578
6254,30,870,1531
6255,30,874,1611
6256,30,878,1533
6257,30,882,1361
6258,30,886,1440
6259,30,890,1482
6260,30,895,1651
6261,30,899,1467
6262,30,903,1319
6263,30,907,1582
6264,30,911,1432
6265,30,915,1656
6266,30,919,1300
6267,30,923,2149
6268,30,927,1735
6269,30,932,1657
6270,30,936,1701
6271,30,940,1949
6272,30,944,2043
6273,30,948,1649
6274,30,952,2282
6275,30,956,1942
6276,30,960,2366
6277,30,965,2150
6278,30,969,2337
6279,30,973,2921
6280,30,977,3019
6281,30,981,3081
6282,30,985,3067
6283,30,989,3472
6284,30,993,3716
6285,30,998,3447
6286,31,002,3838
6287,31,006,3781
6288,31,010,4418
6289,31,014,4856
6290,31,018,4425
6291,31,022,4398
6292,31,026,5260
6293,31,031,4681
6294,31,035,6052
6295,31,039,5195
6296,31,043,5417
6297,31,047,5543
6298,31,051,5554
6299,31,055,5984
6300,31,059,6478
6301,31,064,6074
6302,31,068,6052
6303,31,072,6109
6304,31,076,6086
6305,31,080,6263
6306,31,084,5775
6307,31,088,6007
6308,31,092,6089
6309,31,096,5839
6310,31,101,5420
6311,31,105,5235
6312,31,109,5323
6313,31,113,5057
6314,31,117,4809
6315,31,121,4673
6316,31,125,5467
6317,31,129,5043
6318,31,134,4065
6319,31,138,4454
6320,31,142,4628
6321,31,146,3919
6322,31,150,3632
6323,31,154,3628
6324,31,158,3425
6325,31,162,3145
6326,31,167,3559
6327,31,171,3211
6328,31,175,2893
6329,31,179,3006
6330,31,183,2943
6331,31,187,2651
6332,31,191,2642
6333,31,195,2310
6334,31,200,2230
6335,31,204,1979
6336,31,208,2057
6337,31,212,2080
6338,31,216,2066
6339,31,220,1720
6340,31,224,1738
6341,31,228,2178
6342,31,233,1764
6343,31,237,1703
6344,31,241,1818
6345,31,245,1570
6346,31,249,1748
6347,31,253,1349
6348,31,257,1481
6349,31,261,1301
6350,31,265,1118
6351,31,270,1329
6352,31,274,1162
6353,31,278,1062
6354,31,282,1336
6355,31,286,1016
6356,31,290,1068
6357,31,294,1045
6358,31,298,1127
6359,31,303,951
6360,31,307,882
6361,31,311,966
6362,31,315,1068
6363,31,319,942
6364,31,323,865
6365,31,327,807
6366,31,331,871
6367,31,336,1003
6368,31,340,830
6369,31,344,721
6370,31,348,738
6371,31,352,518
6372,31,356,787
6373,31,360,769
6374,31,364,649
6375,31,369,782
6376,31,373,656
6377,31,377,815
6378,31,381,427
6379,31,385,759
6380,31,389,635
6381,31,393,626
6382,31,397,603
6383,31,402,525
6384,31,406,631
6385,31,410,491
6386,31,414,791
6387,31,418,658
6388,31,422,520
6389,31,426,420
6390,31,430,408
6391,31,434,525
6392,31,439,317
6393,31,443,409
6394,31,447,465
6395,31,451,443
6396,31,455,522
6397,31,459,614
6398,31,463,441
6399,31,467,334
6400,31,472,406
6401,31,476,360
6402,31,480,402
6403,31,484,412
6404,31,488,597
6405,31,492,545
6406,31,496,351
6407,31,500,377
6408,31,505,384
6409,31,509,355
6410,31,513,575
6411,31,517,369
6412,31,521,369
6413,31,525,349
6414,31,529,388
6415,31,533,310
6416,31,538,332
6417,31,542,299
6418,31,546,309
6419,31,550,209
6420,31,554,261
6421,31,558,309
6422,31,562,315
6423,31,566,244
6424,31,571,353
6425,31,575,271
6426,31,579,215
6427,31,583,308
6428,31,587,288
6429,31,591,249
6430,31,595,257
6431,31,599,471
6432,31,603,358
6433,31,608,310
6434,31,612,300
6435,31,616,237
6436,31,620,285
6437,31,624,345
6438,31,628,319
6439,31,632,227
6440,31,636,292
6441,31,641,256
6442,31,645,314
6443,31,649,0
6444,31,653,333
6445,31,657,269
6446,31,661,330
6447,31,665,321
6448,31,669,322
6449,31,674,261
6450,31,678,255
6451,31,682,255
6452,31,686,448
6453,31,690,313
6454,31,694,192
6455,31,698,354
6456,31,702,185
6457,31,707,382
6458,31,711,233
6459,31,715,197
6460,31,719,187
6461,31,723,0
6462,31,727,308
6463,31,731,219
6464,31,735,290
6465,31,740,441
6466,31,744,267
6467,31,748,199
6468,31,752,231
6469,31,756,177
6470,31,760,237
6471,31,764,328
6472,31,768,175
6473,31,772,0
6474,31,777,327
6475,31,781,225
6476,31,785,217
6477,31,789,0
6478,31,793,254
6479,31,797,186
6480,31,801,243
6481,31,805,347
6482,31,810,187
6483,31,814,265
6484,31,818,253
6485,31,822,191
6486,31,826,193
6487,31,830,292
6488,31,834,284
6489,31,838,301
6490,31,843,287
6491,31,847,607
6492,31,851,484
6493,31,855,539
6494,31,859,342
6495,31,863,495
6496,31,867,720
6497,31,871,900
6498,31,876,1094
6499,31,880,1183
6500,31,884,1206
6501,31,888,1328
6502,31,892,1968
6503,31,896,1755
6504,31,900,1906
6505,31,904,2619
6506,31,909,2748
6507,31,913,3377
6508,31,917,3787
6509,31,921,4889
6510,31,925,4996
6511,31,929,5710
6512,31,933,6330
6513,31,937,6789
6514,31,941,7489
6515,31,946,8429
6516,31,950,9251
6517,31,954,10168
6518,31,958,11681
6519,31,962,12009
6520,31,966,13029
6521,31,970,13993
6522,31,974,15689
6523,31,979,16343
6524,31,983,16936
6525,31,987,18784
6526,31,991,20488
6527,31,995,20272
6528,31,999,21880
6529,32,003,22328
6530,32,007,23200
6531,32,012,23560
6532,32,016,25080
6533,32,020,24560
6534,32,024,25992
6535,32,028,26272
6536,32,032,26720
6537,32,036,28192
6538,32,040,28104
6539,32,045,27896
6540,32,049,29200
6541,32,053,29144
6542,32,057,29320
6543,32,061,28512
6544,32,065,28664
6545,32,069,26984
6546,32,073,26112
6547,32,078,28104
6548,32,082,25720
6549,32,086,26040
6550,32,090,24424
6551,32,094,25128
6552,32,098,23360
6553,32,102,21200
6554,32,106,22712
6555,32,110,21744
6556,32,115,21480
6557,32,119,19040
6558,32,123,20472
6559,32,127,18872
6560,32,131,18592
6561,32,135,18248
6562,32,139,17968
6563,32,143,15938
6564,32,148,15959
6565,32,152,15581
6566,32,156,14619
6567,32,160,13872
6568,32,164,13099
6569,32,168,13755
6570,32,172,11720
6571,32,176,11993
6572,32,181,10935
6573,32,185,10698
6574,32,189,10809
6575,32,193,10038
6576,32,197,9403
6577,32,201,9426
6578,32,205,9403
6579,32,209,7573
6580,32,214,8459
6581,32,218,8520
6582,32,222,7265
6583,32,226,6253
6584,32,230,6919
6585,32,234,6096
6586,32,238,5860
6587,32,242,5841
6588,32,247,5380
6589,32,251,5389
6590,32,255,5240
6591,32,259,4746
6592,32,263,4648
6593,32,267,4720
6594,32,271,3967
6595,32,275,4180
6596,32,279,4428
6597,32,284,3995
6598,32,288,4003
6599,32,292,3358
6600,32,296,3669
6601,32,300,3349
6602,32,304,3328
6603,32,308,2937
6604,32,312,3495
6605,32,317,2941
6606,32,321,2517
6607,32,325,2944
6608,32,329,2288
6609,32,333,2345
6610,32,337,2370
6611,32,341,2106
6612,32,345,1906
6613,32,350,2331
6614,32,354,2219
6615,32,358,1913
6616,32,362,1966
6617,32,366,1917
6618,32,370,1748
6619,32,374,1875
6620,32,378,2128
6621,32,383,2284
6622,32,387,1641
6623,32,391,1290
6624,32,395,1528
6625,32,399,1593
6626,32,403,1790
6627,32,407,1318
6628,32,411,1173
6629,32,416,1552
6630,32,420,1272
6631,32,424,1158
6632,32,428,1116
6633,32,432,1417
6634,32,436,1486
6635,32,440,1106
6636,32,444,1044
6637,32,448,1477
6638,32,453,1221
6639,32,457,1099
6640,32,461,1367
6641,32,465,866
6642,32,469,1077
6643,32,473,964
6644,32,477,890
6645,32,481,770
6646,32,486,829
6647,32,490,724
6648,32,494,762
6649,32,498,870
6650,32,502,1036
6651,32,506,624
6652,32,510,625
6653,32,514,679
6654,32,519,890
6655,32,523,882
6656,32,527,673
6657,32,531,638
6658,32,535,722
6659,32,539,647
6660,32,543,748
6661,32,547,718
6662,32,552,987
6663,32,556,709
6664,32,560,604
6665,32,564,616
6666,32,568,642
6667,32,572,499
6668,32,576,663
6669,32,580,536
6670,32,585,653
6671,32,589,488
6672,32,593,595
6673,32,597,512
6674,32,601,565
6675,32,605,559
6676,32,609,462
6677,32,613,516
6678,32,617,352
6679,32,622,575
6680,32,626,489
6681,32,630,426
6682,32,634,371
6683,32,638,393
6684,32,642,523
6685,32,646,369
6686,32,650,257
6687,32,655,493
6688,32,659,277
6689,32,663,413
6690,32,667,479
6691,32,671,506
6692,32,675,302
6693,32,679,421
6694,32,683,450
6695,32,688,340
6696,32,692,361
6697,32,696,247
6698,32,700,381
6699,32,704,275
6700,32,708,293
6701,32,712,475
6702,32,716,419
6703,32,721,551
6704,32,725,255
6705,32,729,325
6706,32,733,215
6707,32,737,278
6708,32,741,335
6709,32,745,215
6710,32,749,241
6711,32,754,336
6712,32,758,400
6713,32,762,367
6714,32,766,412
6715,32,770,240
6716,32,774,367
6717,32,778,169
6718,32,782,221
6719,32,786,290
6720,32,791,184
6721,32,795,266
6722,32,799,223
6723,32,803,270
6724,32,807,295
6725,32,811,301
6726,32,815,262
6727,32,819,217
6728,32,824,270
6729,32,828,205
6730,32,832,393
6731,32,836,176
6732,32,840,0
6733,32,844,258
6734,32,848,185
6735,32,852,246
6736,32,857,237
6737,32,861,269
6738,32,865,318
6739,32,869,287
6740,32,873,276
6741,32,877,238
6742,32,881,257
6743,32,885,0
6744,32,890,178
6745,32,894,157
6746,32,898,0
6747,32,902,199
6748,32,906,242
6749,32,910,239
6750,32,914,0
6751,32,918,0
6752,32,923,292
6753,32,927,269
6754,32,931,264
6755,32,935,176
6756,32,939,201
6757,32,943,204
6758,32,947,315
6759,32,951,0
6760,32,955,225
6761,32,960,180
6762,32,964,219
6763,32,968,153
6764,32,972,159
6765,32,976,246
6766,32,980,0
6767,32,984,190
6768,32,988,200
6769,32,993,235
6770,32,997,211
6771,33,001,201
6772,33,005,177
6773,33,009,195
6774,33,013,259
6775,33,017,169
6776,33,021,0
6777,33,026,236
6778,33,030,264
6779,33,034,237
6780,33,038,0
6781,33,042,0
6782,33,046,203
6783,33,050,175
6784,33,054,203
6785,33,059,240
6786,33,063,215
6787,33,067,162
6788,33,071,336
6789,33,075,277
6790,33,079,236
6791,33,083,0
6792,33,087,0
6793,33,092,384
6794,33,096,170
6795,33,100,166
6796,33,104,361
6797,33,108,351
6798,33,112,246
6799,33,116,271
6800,33,120,306
6801,33,124,245
6802,33,129,485
6803,33,133,246
6804,33,137,372
6805,33,141,174
6806,33,145,190
6807,33,149,262
6808,33,153,371
6809,33,157,266
6810,33,162,329
6811,33,166,283
6812,33,170,218
6813,33,174,317
6814,33,178,0
6815,33,182,191
6816,33,186,332
6817,33,190,308
6818,33,195,239
6819,33,199,464
6820,33,203,231
6821,33,207,203
6822,33,211,290
6823,33,215,294
6824,33,219,235
6825,33,223,0
6826,33,228,193
6827,33,232,164
6828,33,236,315
6829,33,240,297
6830,33,244,200
6831,33,248,321
6832,33,252,461
6833,33,256,156
6834,33,261,196
6835,33,265,225
6836,33,269,284
6837,33,273,0
6838,33,277,289
6839,33,281,271
6840,33,285,284
6841,33,289,260
6842,33,293,230
6843,33,298,0
6844,33,302,226
6845,33,306,168
6846,33,310,254
6847,33,314,177
6848,33,318,160
6849,33,322,286
6850,33,326,0
6851,33,331,150
6852,33,335,253
6853,33,339,159
6854,33,343,0
6855,33,347,0
6856,33,351,0
6857,33,355,221
6858,33,359,152
6859,33,364,0
6860,33,368,161
6861,33,372,0
6862,33,376,0
6863,33,380,0
6864,33,384,289
6865,33,388,201
6866,33,392,0
6867,33,397,199
6868,33,401,0
6869,33,405,193
6870,33,409,0
6871,33,413,222
6872,33,417,152
6873,33,421,247
6874,33,425,0
6875,33,430,168
6876,33,434,0
6877,33,438,0
6878,33,442,230
6879,33,446,222
6880,33,450,0
6881,33,454,0
6882,33,458,230
6883,33,463,0
6884,33,467,192
6885,33,471,0
6886,33,475,0
6887,33,479,208
6888,33,483,0
6889,33,487,0
6890,33,491,0
6891,33,495,177
6892,33,500,153
6893,33,504,163
6894,33,508,252
6895,33,512,163
6896,33,516,0
6897,33,520,0
6898,33,524,0
6899,33,528,0
6900,33,533,0
6901,33,537,162
6902,33,541,0
6903,33,545,0
6904,33,549,151
6905,33,553,0
6906,33,557,0
6907,33,561,0
6908,33,566,0
6909,33,570,0
6910,33,574,178
6911,33,578,153
6912,33,582,0
6913,33,586,0
6914,33,590,0
6915,33,594,0
6916,33,599,0
6917,33,603,0
6918,33,607,0
6919,33,611,0
6920,33,615,0
6921,33,619,199
6922,33,623,0
6923,33,627,0
6924,33,632,0
6925,33,636,0
6926,33,640,0
6927,33,644,159
6928,33,648,0
6929,33,652,0
6930,33,656,0
6931,33,660,169
6932,33,664,173
6933,33,669,0
6934,33,673,0
6935,33,677,0
6936,33,681,0
6937,33,685,0
6938,33,689,0
6939,33,693,0
6940,33,697,177
6941,33,702,161
6942,33,706,0
6943,33,710,246
6944,33,714,164
6945,33,718,0
6946,33,722,0
6947,33,726,157
6948,33,730,158
6949,33,735,0
6950,33,739,0
6951,33,743,0
6952,33,747,182
6953,33,751,0
6954,33,755,0
6955,33,759,0
6956,33,763,0
6957,33,768,0
6958,33,772,0
6959,33,776,0
6960,33,780,0
6961,33,784,0
6962,33,788,0
6963,33,792,0
6964,33,796,0
6965,33,801,176
6966,33,805,0
6967,33,809,0
6968,33,813,0
6969,33,817,0
6970,33,821,0
6971,33,825,0
6972,33,829,0
6973,33,833,0
6974,33,838,160
6975,33,842,0
6976,33,846,0
6977,33,850,0
6978,33,854,0
6979,33,858,0
6980,33,862,0
6981,33,866,0
6982,33,871,0
6983,33,875,0
6984,33,879,0
6985,33,883,0
6986,33,887,157
6987,33,891,0
6988,33,895,0
6989,33,899,0
6990,33,904,0
6991,33,908,0
6992,33,912,235
6993,33,916,0
6994,33,920,0
6995,33,924,0
6996,33,928,0
6997,33,932,0
6998,33,937,0
6999,33,941,0
7000,33,945,0
7001,33,949,0
7002,33,953,0
7003,33,957,0
7004,33,961,0
7005,33,965,0
7006,33,970,0
7007,33,974,0
7008,33,978,167
7009,33,982,181
7010,33,986,0
7011,33,990,0
7012,33,994,0
7013,33,998,0
7014,34,002,0
7015,34,007,0
7016,34,011,0
7017,34,015,0
7018,34,019,0
7019,34,023,0
7020,34,027,0
7021,34,031,0
7022,34,035,0
7023,34,040,0
7024,34,044,0
7025,34,048,0
7026,34,052,0
7027,34,056,169
7028,34,060,0
7029,34,064,0
7030,34,068,0
7031,34,073,0
7032,34,077,0
7033,34,081,228
7034,34,085,0
7035,34,089,0
7036,34,093,0
7037,34,097,0
7038,34,101,0
7039,34,106,0
7040,34,110,0
7041,34,114,0
7042,34,118,188
7043,34,122,0
7044,34,126,0
7045,34,130,0
7046,34,134,0
7047,34,139,0
7048,34,143,0
7049,34,147,0
7050,34,151,0
7051,34,155,0
7052,34,159,0
7053,34,163,0
7054,34,167,151
7055,34,171,0
7056,34,176,0
7057,34,180,0
7058,34,184,0
7059,34,188,0
7060,34,192,0
7061,34,196,0
7062,34,200,0
7063,34,204,0
7064,34,209,0
7065,34,213,0
7066,34,217,198
7067,34,221,211
7068,34,225,0
7069,34,229,0
7070,34,233,0
7071,34,237,0
7072,34,242,0
7073,34,246,0
7074,34,250,0
7075,34,254,0
7076,34,258,171
7077,34,262,0
7078,34,266,0
7079,34,270,0
7080,34,275,0
7081,34,279,0
7082,34,283,0
7083,34,287,0
7084,34,291,0
7085,34,295,0
7086,34,299,192
7087,34,303,0
7088,34,308,0
7089,34,312,0
7090,34,316,0
7091,34,320,0
7092,34,324,0
7093,34,328,197
7094,34,332,0
7095,34,336,0
7096,34,340,0
7097,34,345,0
7098,34,349,151
7099,34,353,0
7100,34,357,0
7101,34,361,177
7102,34,365,0
7103,34,369,0
7104,34,373,0
7105,34,378,0
7106,34,382,0
7107,34,386,168
7108,34,390,0
7109,34,394,206
7110,34,398,0
7111,34,402,264
7112,34,406,306
7113,34,411,177
7114,34,415,310
7115,34,419,262
7116,34,423,597
7117,34,427,462
7118,34,431,381
7119,34,435,565
7120,34,439,765
7121,34,444,724
7122,34,448,1183
7123,34,452,854
7124,34,456,1125
7125,34,460,1532
7126,34,464,1845
7127,34,468,1723
7128,34,472,2138
7129,34,477,2463
7130,34,481,2397
7131,34,485,3675
7132,34,489,2878
7133,34,493,3399
7134,34,497,3796
7135,34,501,4167
7136,34,505,4860
7137,34,509,5026
7138,34,514,5594
7139,34,518,6878
7140,34,522,6792
7141,34,526,7425
7142,34,530,7995
7143,34,534,8258
7144,34,538,8898
7145,34,542,9215
7146,34,547,10545
7147,34,551,10022
7148,34,555,11107
7149,34,559,11289
7150,34,563,11911
7151,34,567,10822
7152,34,571,12895
7153,34,575,13119
7154,34,580,13180
7155,34,584,12879
7156,34,588,12943
7157,34,592,14372
7158,34,596,13666
7159,34,600,14433
7160,34,604,13759
7161,34,608,13634
7162,34,613,13673
7163,34,617,13949
7164,34,621,13423
7165,34,625,13608
7166,34,629,13008
7167,34,633,14478
7168,34,637,12347
7169,34,641,12589
7170,34,646,12871
7171,34,650,12819
7172,34,654,11975
7173,34,658,10916
7174,34,662,11106
7175,34,666,10194
7176,34,670,11286
7177,34,674,10408
7178,34,678,10147
7179,34,683,9450
7180,34,687,9897
7181,34,691,8539
7182,34,695,8184
7183,34,699,8090
7184,34,703,8458
7185,34,707,7914
7186,34,711,7074
7187,34,716,6717
7188,34,720,6431
7189,34,724,6491
7190,34,728,6429
7191,34,732,6226
7192,34,736,6164
7193,34,740,5776
7194,34,744,5519
7195,34,749,4937
7196,34,753,4264
7197,34,757,4859
7198,34,761,4459
7199,34,765,4306
7200,34,769,3890
7201,34,773,4256
7202,34,777,3498
7203,34,782,4426
7204,34,786,3138
7205,34,790,3147
7206,34,794,3345
7207,34,798,2886
7208,34,802,2927
7209,34,806,2795
7210,34,810,2953
7211,34,815,2093
7212,34,819,2514
7213,34,823,2943
7214,34,827,2732
7215,34,831,2658
7216,34,835,2355
7217,34,839,2230
7218,34,843,1814
7219,34,847,2409
7220,34,852,2040
7221,34,856,1774
7222,34,860,1754
7223,34,864,1789
7224,34,868,1947
7225,34,872,1605
7226,34,876,1536
7227,34,880,1513
7228,34,885,1578
7229,34,889,1361
7230,34,893,1487
7231,34,897,1346
7232,34,901,1222
7233,34,905,1429
7234,34,909,1345
7235,34,913,1202
7236,34,918,1072
7237,34,922,689
7238,34,926,1019
7239,34,930,964
7240,34,934,1105
7241,34,938,1089
7242,34,942,1071
7243,34,946,807
7244,34,951,919
7245,34,955,699
7246,34,959,745
7247,34,963,713
7248,34,967,792
7249,34,971,601
7250,34,975,739
7251,34,979,728
7252,34,984,541
7253,34,988,664
7254,34,992,542
7255,34,996,630
7256,35,000,633
7257,35,004,632
7258,35,008,545
7259,35,012,834
7260,35,016,574
7261,35,021,698
7262,35,025,669
7263,35,029,511
7264,35,033,525
7265,35,037,608
7266,35,041,765
7267,35,045,426
7268,35,049,358
7269,35,054,505
7270,35,058,610
7271,35,062,596
7272,35,066,476
7273,35,070,526
7274,35,074,620
7275,35,078,461
7276,35,082,406
7277,35,087,598
7278,35,091,491
7279,35,095,346
7280,35,099,264
7281,35,103,446
7282,35,107,417
7283,35,111,284
7284,35,115,384
7285,35,120,511
7286,35,124,383
7287,35,128,361
7288,35,132,330
7289,35,136,312
7290,35,140,187
7291,35,144,403
7292,35,148,456
7293,35,153,343
7294,35,157,403
7295,35,161,292
7296,35,165,297
7297,35,169,194
7298,35,173,356
7299,35,177,289
7300,35,181,404
7301,35,185,358
7302,35,190,309
7303,35,194,260
7304,35,198,303
7305,35,202,268
7306,35,206,385
7307,35,210,328
7308,35,214,220
7309,35,218,234
7310,35,223,239
7311,35,227,213
7312,35,231,168
7313,35,235,298
7314,35,239,318
7315,35,243,217
7316,35,247,164
7317,35,251,278
7318,35,256,167
7319,35,260,281
7320,35,264,176
7321,35,268,374
7322,35,272,168
7323,35,276,227
7324,35,280,245
7325,35,284,291
7326,35,289,192
7327,35,293,0
7328,35,297,263
7329,35,301,286
7330,35,305,186
7331,35,309,248
7332,35,313,252
7333,35,317,182
7334,35,322,263
7335,35,326,0
7336,35,330,203
7337,35,334,256
7338,35,338,295
7339,35,342,172
7340,35,346,230
7341,35,350,184
7342,35,354,210
7343,35,359,192
7344,35,363,242
7345,35,367,246
7346,35,371,255
7347,35,375,225
7348,35,379,231
7349,35,383,0
7350,35,387,180
7351,35,392,228
7352,35,396,164
7353,35,400,0
7354,35,404,188
7355,35,408,164
7356,35,412,0
7357,35,416,205
7358,35,420,152
7359,35,425,0
7360,35,429,0
7361,35,433,0
7362,35,437,0
7363,35,441,199
7364,35,445,245
7365,35,449,201
7366,35,453,162
7367,35,458,0
7368,35,462,0
7369,35,466,0
7370,35,470,0
7371,35,474,156
7372,35,478,0
7373,35,482,0
7374,35,486,0
7375,35,491,158
7376,35,495,0
7377,35,499,0
7378,35,503,0
7379,35,507,208
7380,35,511,0
7381,35,515,0
7382,35,519,0
7383,35,523,174
7384,35,528,0
7385,35,532,0
7386,35,536,0
7387,35,540,194
7388,35,544,223
7389,35,548,0
7390,35,552,0
7391,35,556,247
7392,35,561,0
7393,35,565,186
7394,35,569,220
7395,35,573,0
7396,35,577,0
7397,35,581,0
7398,35,585,219
7399,35,589,171
7400,35,594,154
7401,35,598,0
7402,35,602,0
7403,35,606,0
7404,35,610,0
7405,35,614,0
7406,35,618,0
7407,35,622,0
7408,35,627,0
7409,35,631,0
7410,35,635,0
7411,35,639,0
7412,35,643,0
7413,35,647,304
7414,35,651,192
7415,35,655,228
7416,35,660,0
7417,35,664,220
7418,35,668,192
7419,35,672,190
7420,35,676,190
7421,35,680,0
7422,35,684,0
7423,35,688,308
7424,35,692,195
7425,35,697,193
7426,35,701,0
7427,35,705,155
7428,35,709,241
7429,35,713,220
7430,35,717,282
7431,35,721,232
7432,35,725,215
7433,35,730,260
7434,35,734,291
7435,35,738,241
7436,35,742,433
7437,35,746,351
7438,35,750,457
7439,35,754,346
7440,35,758,481
7441,35,763,421
7442,35,767,730
7443,35,771,556
7444,35,775,773
7445,35,779,639
7446,35,783,1033
7447,35,787,1126
7448,35,791,830
7449,35,796,1424
7450,35,800,1375
7451,35,804,1393
7452,35,808,1548
7453,35,812,1699
7454,35,816,1827
7455,35,820,1736
7456,35,824,2065
7457,35,829,2219
7458,35,833,2245
7459,35,837,2661
7460,35,841,2934
7461,35,845,2765
7462,35,849,3116
7463,35,853,3316
7464,35,857,2946
7465,35,861,3875
7466,35,866,4158
7467,35,870,4039
7468,35,874,4393
7469,35,878,4273
7470,35,882,4273
7471,35,886,4100
7472,35,890,5166
7473,35,894,4692
7474,35,899,5098
7475,35,903,5160
7476,35,907,5224
7477,35,911,5512
7478,35,915,5455
7479,35,919,5689
7480,35,923,5229
7481,35,927,5624
7482,35,932,5871
7483,35,936,5374
7484,35,940,5861
7485,35,944,5714
7486,35,948,5198
7487,35,952,5519
7488,35,956,5526
7489,35,960,5286
7490,35,965,4721
7491,35,969,5036
7492,35,973,4854
7493,35,977,4516
7494,35,981,4430
7495,35,985,4543
7496,35,989,4655
7497,35,993,3661
7498,35,998,3858
7499,36,002,3919
7500,36,006,3988
7501,36,010,3639
7502,36,014,3360
7503,36,018,2970
7504,36,022,3594
7505,36,026,2834
7506,36,030,3081
7507,36,035,3376
7508,36,039,2780
7509,36,043,2488
7510,36,047,2277
7511,36,051,2353
7512,36,055,2131
7513,36,059,2066
7514,36,063,1819
7515,36,068,2130
7516,36,072,1857
7517,36,076,1675
7518,36,080,1871
7519,36,084,1403
7520,36,088,1324
7521,36,092,1600
7522,36,096,1530
7523,36,101,1211
7524,36,105,1437
7525,36,109,1498
7526,36,113,1432
7527,36,117,1559
7528,36,121,1037
7529,36,125,1057
7530,36,129,1499
7531,36,134,1077
7532,36,138,1037
7533,36,142,941
7534,36,146,1088
7535,36,150,898
7536,36,154,821
7537,36,158,950
7538,36,162,812
7539,36,167,1056
7540,36,171,820
7541,36,175,813
7542,36,179,833
7543,36,183,722
7544,36,187,1092
7545,36,191,776
7546,36,195,957
7547,36,199,698
7548,36,204,671
7549,36,208,974
7550,36,212,714
7551,36,216,983
7552,36,220,348
7553,36,224,619
7554,36,228,517
7555,36,232,972
7556,36,237,755
7557,36,241,658
7558,36,245,902
7559,36,249,674
7560,36,253,633
7561,36,257,1076
7562,36,261,1121
7563,36,265,955
7564,36,270,1140
7565,36,274,1197
7566,36,278,1121
7567,36,282,1277
7568,36,286,1424
7569,36,290,1548
7570,36,294,1746
7571,36,298,1980
7572,36,303,2181
7573,36,307,2639
7574,36,311,2727
7575,36,315,2914
7576,36,319,3462
7577,36,323,3413
7578,36,327,3967
7579,36,331,3459
7580,36,336,4248
7581,36,340,5344
7582,36,344,5378
7583,36,348,5453
7584,36,352,5970
7585,36,356,6398
7586,36,360,6703
7587,36,364,7172
7588,36,368,8037
7589,36,373,8591
7590,36,377,8878
7591,36,381,9597
7592,36,385,9934
7593,36,389,9839
7594,36,393,10392
7595,36,397,10799
7596,36,401,11465
7597,36,406,12005
7598,36,410,13507
7599,36,414,12072
7600,36,418,12801
7601,36,422,13204
7602,36,426,13892
7603,36,430,13804
7604,36,434,12410
7605,36,439,13892
7606,36,443,13659
7607,36,447,13208
7608,36,451,12902
7609,36,455,13147
7610,36,459,14806
7611,36,463,13594
7612,36,467,13348
7613,36,472,12379
7614,36,476,13563
7615,36,480,12039
7616,36,484,11451
7617,36,488,11970
7618,36,492,11841
7619,36,496,12281
7620,36,500,12072
7621,36,505,11284
7622,36,509,9763
7623,36,513,9863
7624,36,517,9302
7625,36,521,9812
7626,36,525,9518
7627,36,529,9116
7628,36,533,7886
7629,36,537,7720
7630,36,542,7563
7631,36,546,7543
7632,36,550,7952
7633,36,554,6830
7634,36,558,6494
7635,36,562,6372
7636,36,566,5744
7637,36,570,6020
7638,36,575,5303
7639,36,579,5471
7640,36,583,4624
7641,36,587,4974
7642,36,591,4656
7643,36,595,4010
7644,36,599,4786
7645,36,603,4112
7646,36,608,4342
7647,36,612,3843
7648,36,616,3341
7649,36,620,3553
7650,36,624,3822
7651,36,628,3484
7652,36,632,3182
7653,36,636,3566
7654,36,641,2855
7655,36,645,2876
7656,36,649,2985
7657,36,653,2621
7658,36,657,2562
7659,36,661,2610
7660,36,665,2381
7661,36,669,2069
7662,36,674,2126
7663,36,678,2135
7664,36,682,1812
7665,36,686,1775
7666,36,690,2064
7667,36,694,1588
7668,36,698,2065
7669,36,702,1803
7670,36,706,2040
7671,36,711,1704
7672,36,715,1412
7673,36,719,1914
7674,36,723,1507
7675,36,727,1793
7676,36,731,1107
7677,36,735,1239
7678,36,739,1527
7679,36,744,1200
7680,36,748,1434
7681,36,752,1087
7682,36,756,1238
7683,36,760,1143
7684,36,764,1059
7685,36,768,1045
7686,36,772,1080
7687,36,777,1229
7688,36,781,1149
7689,36,785,950
7690,36,789,979
7691,36,793,715
7692,36,797,1024
7693,36,801,932
7694,36,805,665
7695,36,810,823
7696,36,814,761
7697,36,818,865
7698,36,822,775
7699,36,826,712
7700,36,830,667
7701,36,834,521
7702,36,838,739
7703,36,843,610
7704,36,847,683
7705,36,851,487
7706,36,855,708
7707,36,859,656
7708,36,863,597
7709,36,867,861
7710,36,871,725
7711,36,875,517
7712,36,880,377
7713,36,884,535
7714,36,888,574
7715,36,892,544
7716,36,896,601
7717,36,900,541
7718,36,904,602
7719,36,908,490
7720,36,913,609
7721,36,917,268
7722,36,921,454
7723,36,925,311
7724,36,929,513
7725,36,933,346
7726,36,937,477
7727,36,941,303
7728,36,946,312
7729,36,950,295
7730,36,954,423
7731,36,958,409
7732,36,962,383
7733,36,966,431
7734,36,970,430
7735,36,974,287
7736,36,979,520
7737,36,983,432
7738,36,987,299
7739,36,991,224
7740,36,995,233
7741,36,999,380
7742,37,003,351
7743,37,007,226
7744,37,012,432
7745,37,016,449
7746,37,020,323
7747,37,024,291
7748,37,028,559
7749,37,032,459
7750,37,036,202
7751,37,040,277
7752,37,044,286
7753,37,049,360
7754,37,053,277
7755,37,057,259
7756,37,061,219
7757,37,065,171
7758,37,069,349
7759,37,073,211
7760,37,077,230
7761,37,082,296
7762,37,086,318
7763,37,090,270
7764,37,094,245
7765,37,098,266
7766,37,102,273
7767,37,106,241
7768,37,110,196
7769,37,115,231
7770,37,119,266
7771,37,123,152
7772,37,127,162
7773,37,131,285
7774,37,135,249
7775,37,139,237
7776,37,143,314
7777,37,148,267
7778,37,152,189
7779,37,156,278
7780,37,160,292
7781,37,164,332
7782,37,168,168
7783,37,172,177
7784,37,176,257
7785,37,181,160
7786,37,185,261
7787,37,189,241
7788,37,193,214
7789,37,197,237
7790,37,201,152
7791,37,205,304
7792,37,209,359
7793,37,213,165
7794,37,218,181
7795,37,222,156
7796,37,226,172
7797,37,230,259
7798,37,234,240
7799,37,238,216
7800,37,242,239
7801,37,246,178
7802,37,251,0
7803,37,255,0
7804,37,259,236
7805,37,263,239
7806,37,267,231
7807,37,271,0
7808,37,275,292
7809,37,279,180
7810,37,284,307
7811,37,288,173
7812,37,292,158
7813,37,296,244
7814,37,300,198
7815,37,304,0
7816,37,308,234
7817,37,312,173
7818,37,317,0
7819,37,321,242
7820,37,325,238
7821,37,329,0
7822,37,333,160
7823,37,337,203
7824,37,341,0
7825,37,345,0
7826,37,350,264
7827,37,354,180
7828,37,358,205
7829,37,362,159
7830,37,366,0
7831,37,370,198
7832,37,374,269
7833,37,378,208
7834,37,382,171
7835,37,387,0
7836,37,391,0
7837,37,395,162
7838,37,399,213
7839,37,403,203
7840,37,407,162
7841,37,411,189
7842,37,415,167
7843,37,420,0
7844,37,424,181
7845,37,428,0
7846,37,432,0
7847,37,436,160
7848,37,440,296
7849,37,444,0
7850,37,448,163
7851,37,453,192
7852,37,457,0
7853,37,461,196
7854,37,465,0
7855,37,469,179
7856,37,473,162
7857,37,477,0
7858,37,481,0
7859,37,486,0
7860,37,490,198
7861,37,494,171
7862,37,498,0
7863,37,502,0
7864,37,506,241
7865,37,510,0
7866,37,514,167
7867,37,519,0
7868,37,523,211
7869,37,527,0
7870,37,531,154
7871,37,535,191
7872,37,539,153
7873,37,543,213
7874,37,547,0
7875,37,551,186
7876,37,556,210
7877,37,560,210
7878,37,564,173
7879,37,568,0
7880,37,572,0
7881,37,576,0
7882,37,580,0
7883,37,584,0
7884,37,589,215
7885,37,593,177
7886,37,597,222
7887,37,601,158
7888,37,605,185
7889,37,609,217
7890,37,613,245
7891,37,617,203
7892,37,622,0
7893,37,626,0
7894,37,630,172
7895,37,634,256
7896,37,638,167
7897,37,642,0
7898,37,646,194
7899,37,650,0
7900,37,655,0
7901,37,659,0
7902,37,663,0
7903,37,667,0
7904,37,671,159
7905,37,675,315
7906,37,679,0
7907,37,683,216
7908,37,688,0
7909,37,692,328
7910,37,696,0
7911,37,700,0
7912,37,704,168
7913,37,708,0
7914,37,712,0
7915,37,716,169
7916,37,720,0
7917,37,725,0
7918,37,729,159
7919,37,733,0
7920,37,737,0
7921,37,741,173
7922,37,745,0
7923,37,749,0
7924,37,753,178
7925,37,758,176
7926,37,762,166
7927,37,766,150
7928,37,770,0
7929,37,774,190
7930,37,778,0
7931,37,782,157
7932,37,786,173
7933,37,791,151
7934,37,795,0
7935,37,799,0
7936,37,803,181
7937,37,807,258
7938,37,811,0
7939,37,815,0
7940,37,819,223
7941,37,824,0
7942,37,828,177
7943,37,832,228
7944,37,836,368
7945,37,840,172
7946,37,844,490
7947,37,848,271
7948,37,852,0
7949,37,857,284
7950,37,861,410
7951,37,865,193
7952,37,869,402
7953,37,873,304
7954,37,877,497
7955,37,881,465
7956,37,885,666
7957,37,889,721
7958,37,894,738
7959,37,898,832
7960,37,902,789
7961,37,906,1321
7962,37,910,1256
7963,37,914,1174
7964,37,918,1333
7965,37,922,1747
7966,37,927,1364
7967,37,931,2059
7968,37,935,2458
7969,37,939,2234
7970,37,943,3154
7971,37,947,2629
7972,37,951,3481
7973,37,955,3951
7974,37,960,4078
7975,37,964,4165
7976,37,968,4469
7977,37,972,4833
7978,37,976,5253
7979,37,980,5963
7980,37,984,6376
7981,37,988,6237
7982,37,993,5999
7983,37,997,7029
7984,38,001,7097
7985,38,005,7567
7986,38,009,7753
7987,38,013,8130
7988,38,017,8386
7989,38,021,8280
7990,38,026,8446
7991,38,030,9334
7992,38,034,8726
7993,38,038,9251
7994,38,042,9233
7995,38,046,8602
7996,38,050,8995
7997,38,054,9090
7998,38,058,9660
7999,38,063,9885
8000,38,067,9103
8001,38,071,8590
8002,38,075,8832
8003,38,079,8393
8004,38,083,9668
8005,38,087,8332
8006,38,091,8511
8007,38,096,7705
8008,38,100,7405
8009,38,104,7069
8010,38,108,7302
8011,38,112,7300
8012,38,116,6795
8013,38,120,6270
8014,38,124,6302
8015,38,129,5921
8016,38,133,6386
8017,38,137,6491
8018,38,141,4686
8019,38,145,5083
8020,38,149,4941
8021,38,153,5152
8022,38,157,4635
8023,38,162,5085
8024,38,166,4031
8025,38,170,4091
8026,38,174,3854
8027,38,178,4284
8028,38,182,3763
8029,38,186,3748
8030,38,190,3685
8031,38,195,3371
8032,38,199,3187
8033,38,203,3381
8034,38,207,3102
8035,38,211,2984
8036,38,215,2844
8037,38,219,2961
8038,38,223,2528
8039,38,227,2619
8040,38,232,2843
8041,38,236,2457
8042,38,240,2333
8043,38,244,2340
8044,38,248,1555
8045,38,252,2071
8046,38,256,2478
8047,38,260,2206
8048,38,265,1637
8049,38,269,1941
8050,38,273,1856
8051,38,277,1882
8052,38,281,1692
8053,38,285,1389
8054,38,289,1219
8055,38,293,1269
8056,38,298,1440
8057,38,302,1380
8058,38,306,1374
8059,38,310,1265
8060,38,314,1162
8061,38,318,980
8062,38,322,1145
8063,38,326,894
8064,38,331,925
8065,38,335,1148
8066,38,339,1021
8067,38,343,904
8068,38,347,1048
8069,38,351,751
8070,38,355,996
8071,38,359,929
8072,38,364,957
8073,38,368,846
8074,38,372,794
8075,38,376,733
8076,38,380,854
8077,38,384,986
8078,38,388,947
8079,38,392,650
8080,38,397,812
8081,38,401,941
8082,38,405,765
8083,38,409,732
8084,38,413,653
8085,38,417,582
8086,38,421,661
8087,38,425,484
8088,38,429,581
8089,38,434,463
8090,38,438,340
8091,38,442,619
8092,38,446,518
8093,38,450,561
8094,38,454,797
8095,38,458,573
8096,38,462,509
8097,38,467,652
8098,38,471,356
8099,38,475,455
8100,38,479,485
8101,38,483,481
8102,38,487,434
8103,38,491,498
8104,38,495,566
8105,38,500,518
8106,38,504,449
8107,38,508,378
8108,38,512,352
8109,38,516,283
8110,38,520,371
8111,38,524,445
8112,38,528,299
8113,38,533,393
8114,38,537,355
8115,38,541,373
8116,38,545,344
8117,38,549,236
8118,38,553,192
8119,38,557,238
8120,38,561,483
8121,38,566,397
8122,38,570,306
8123,38,574,536
8124,38,578,463
8125,38,582,171
8126,38,586,378
8127,38,590,363
8128,38,594,281
8129,38,598,343
8130,38,603,204
8131,38,607,204
8132,38,611,248
8133,38,615,312
8134,38,619,279
8135,38,623,199
8136,38,627,296
8137,38,631,245
8138,38,636,321
8139,38,640,243
8140,38,644,209
8141,38,648,179
8142,38,652,218
8143,38,656,289
8144,38,660,0
8145,38,664,267
8146,38,669,220
8147,38,673,284
8148,38,677,0
8149,38,681,380
8150,38,685,228
8151,38,689,229
8152,38,693,352
8153,38,697,291
8154,38,702,219
8155,38,706,208
8156,38,710,254
8157,38,714,251
8158,38,718,194
8159,38,722,193
8160,38,726,0
8161,38,730,252
8162,38,735,226
8163,38,739,208
8164,38,743,279
8165,38,747,159
8166,38,751,0
8167,38,755,0
8168,38,759,0
8169,38,763,176
8170,38,767,161
8171,38,772,215
8172,38,776,251
8173,38,780,184
8174,38,784,228
8175,38,788,0
8176,38,792,0
8177,38,796,176
8178,38,800,0
8179,38,805,166
8180,38,809,180
8181,38,813,195
8182,38,817,183
8183,38,821,210
8184,38,825,0
8185,38,829,232
8186,38,833,227
8187,38,838,162
8188,38,842,0
8189,38,846,155
8190,38,850,0
8191,38,854,168
8192,38,858,162
8193,38,862,195
8194,38,866,324
8195,38,871,161
8196,38,875,229
8197,38,879,0
8198,38,883,0
8199,38,887,0
8200,38,891,272
8201,38,895,231
8202,38,899,191
8203,38,904,0
8204,38,908,186
8205,38,912,0
8206,38,916,0
8207,38,920,175
8208,38,924,152
8209,38,928,0
8210,38,932,170
8211,38,936,0
8212,38,941,0
8213,38,945,211
8214,38,949,232
8215,38,953,0
8216,38,957,0
8217,38,961,158
8218,38,965,0
8219,38,969,0
8220,38,974,238
8221,38,978,0
8222,38,982,0
8223,38,986,0
8224,38,990,0
8225,38,994,0
8226,38,998,0
8227,39,002,269
8228,39,007,258
8229,39,011,0
8230,39,015,0
8231,39,019,0
8232,39,023,229
8233,39,027,237
8234,39,031,0
8235,39,035,236
8236,39,040,220
8237,39,044,0
8238,39,048,0
8239,39,052,171
8240,39,056,0
8241,39,060,0
8242,39,064,0
8243,39,068,183
8244,39,073,159
8245,39,077,187
8246,39,081,0
8247,39,085,0
8248,39,089,0
8249,39,093,0
8250,39,097,0
8251,39,101,0
8252,39,105,0
8253,39,110,0
8254,39,114,0
8255,39,118,155
8256,39,122,0
8257,39,126,191
8258,39,130,189
8259,39,134,184
8260,39,138,238
8261,39,143,0
8262,39,147,0
8263,39,151,222
8264,39,155,0
8265,39,159,0
8266,39,163,0
8267,39,167,0
8268,39,171,0
8269,39,176,0
8270,39,180,0
8271,39,184,0
8272,39,188,180
8273,39,192,0
8274,39,196,0
8275,39,200,0
8276,39,204,0
8277,39,209,0
8278,39,213,0
8279,39,217,0
8280,39,221,181
8281,39,225,0
8282,39,229,0
8283,39,233,0
8284,39,237,162
8285,39,242,152
8286,39,246,0
8287,39,250,161
8288,39,254,0
8289,39,258,175
8290,39,262,0
8291,39,266,0
8292,39,270,0
8293,39,274,0
8294,39,279,161
8295,39,283,209
8296,39,287,0
8297,39,291,216
8298,39,295,191
8299,39,299,201
8300,39,303,0
8301,39,307,0
8302,39,312,0
8303,39,316,180
8304,39,320,0
8305,39,324,0
8306,39,328,0
8307,39,332,0
8308,39,336,0
8309,39,340,0
8310,39,345,0
8311,39,349,0
8312,39,353,0
8313,39,357,0
8314,39,361,250
8315,39,365,0
8316,39,369,237
8317,39,373,0
8318,39,378,0
8319,39,382,0
8320,39,386,0
8321,39,390,0
8322,39,394,0
8323,39,398,0
8324,39,402,0
8325,39,406,0
8326,39,411,0
8327,39,415,0
8328,39,419,0
8329,39,423,0
8330,39,427,0
8331,39,431,0
8332,39,435,0
8333,39,439,0
8334,39,443,0
8335,39,448,0
8336,39,452,0
8337,39,456,0
8338,39,460,0
8339,39,464,0
8340,39,468,154
8341,39,472,0
8342,39,476,0
8343,39,481,0
8344,39,485,0
8345,39,489,0
8346,39,493,0
8347,39,497,0
8348,39,501,0
8349,39,505,172
8350,39,509,199
8351,39,514,210
8352,39,518,188
8353,39,522,0
8354,39,526,181
8355,39,530,0
8356,39,534,0
8357,39,538,0
8358,39,542,0
8359,39,547,0
8360,39,551,0
8361,39,555,0
8362,39,559,0
8363,39,563,0
8364,39,567,0
8365,39,571,152
8366,39,575,0
8367,39,580,166
8368,39,584,0
8369,39,588,0
8370,39,592,0
8371,39,596,0
8372,39,600,0
8373,39,604,0
8374,39,608,0
8375,39,612,0
8376,39,617,169
8377,39,621,0
8378,39,625,0
8379,39,629,221
8380,39,633,0
8381,39,637,172
8382,39,641,0
8383,39,645,185
8384,39,650,0
8385,39,654,161
8386,39,658,0
8387,39,662,0
8388,39,666,0
8389,39,670,0
8390,39,674,0
8391,39,678,0
8392,39,683,214
8393,39,687,0
8394,39,691,167
8395,39,695,0
8396,39,699,0
8397,39,703,0
8398,39,707,0
8399,39,711,0
8400,39,716,0
8401,39,720,0
8402,39,724,0
8403,39,728,0
8404,39,732,0
8405,39,736,0
8406,39,740,0
8407,39,744,0
8408,39,749,160
8409,39,753,0
8410,39,757,0
8411,39,761,0
8412,39,765,0
8413,39,769,0
8414,39,773,0
8415,39,777,0
8416,39,781,155
8417,39,786,0
8418,39,790,0
8419,39,794,0
8420,39,798,0
8421,39,802,0
8422,39,806,0
8423,39,810,0
8424,39,814,0
8425,39,819,0
8426,39,823,0
8427,39,827,0
8428,39,831,0
8429,39,835,0
8430,39,839,0
8431,39,843,0
8432,39,847,0
8433,39,852,0
8434,39,856,0
8435,39,860,0
8436,39,864,0
8437,39,868,0
8438,39,872,0
8439,39,876,0
8440,39,880,0
8441,39,885,0
8442,39,889,0
8443,39,893,0
8444,39,897,0
8445,39,901,212
8446,39,905,0
8447,39,909,0
8448,39,913,0
8449,39,918,0
8450,39,922,0
8451,39,926,0
8452,39,930,0
8453,39,934,0
8454,39,938,0
8455,39,942,0
8456,39,946,0
8457,39,950,0
8458,39,955,0
8459,39,959,0
8460,39,963,0
8461,39,967,160
8462,39,971,0
8463,39,975,0
8464,39,979,0
8465,39,983,314
8466,39,988,0
8467,39,992,0
8468,39,996,0
8469,40,000,0
8470,40,004,0
8471,40,008,0
8472,40,012,183
8473,40,016,0
8474,40,021,0
8475,40,025,0
8476,40,029,251
8477,40,033,0
8478,40,037,161
8479,40,041,306
8480,40,045,203
8481,40,049,154
8482,40,054,230
8483,40,058,0
8484,40,062,0
8485,40,066,0
8486,40,070,199
8487,40,074,184
8488,40,078,182
8489,40,082,0
8490,40,087,0
8491,40,091,0
8492,40,095,219
8493,40,099,0
8494,40,103,0
8495,40,107,0
8496,40,111,0
8497,40,115,0
8498,40,119,164
8499,40,124,0
8500,40,128,0
8501,40,132,0
8502,40,136,154
8503,40,140,0
8504,40,144,0
8505,40,148,0
8506,40,152,0
8507,40,157,284
8508,40,161,0
8509,40,165,0
8510,40,169,0
8511,40,173,0
8512,40,177,0
8513,40,181,0
8514,40,185,0
8515,40,190,180
8516,40,194,150
8517,40,198,157
8518,40,202,154
8519,40,206,172
8520,40,210,163
8521,40,214,0
8522,40,218,198
8523,40,223,0
8524,40,227,0
8525,40,231,242
8526,40,235,0
8527,40,239,171
8528,40,243,0
8529,40,247,0
8530,40,251,0
8531,40,256,0
8532,40,260,0
8533,40,264,0
8534,40,268,0
8535,40,272,203
8536,40,276,0
8537,40,280,165
8538,40,284,0
8539,40,288,0
8540,40,293,162
8541,40,297,0
8542,40,301,0
8543,40,305,0
8544,40,309,0
8545,40,313,0
8546,40,317,0
8547,40,321,0
8548,40,326,154
8549,40,330,0
8550,40,334,177
8551,40,338,0
8552,40,342,0
8553,40,346,0
8554,40,350,0
8555,40,354,0
8556,40,359,0
8557,40,363,0
8558,40,367,0
8559,40,371,0
8560,40,375,0
8561,40,379,0
8562,40,383,0
8563,40,387,151
8564,40,392,0
8565,40,396,0
8566,40,400,163
8567,40,404,0
8568,40,408,0
8569,40,412,0
8570,40,416,188
8571,40,420,187
8572,40,425,0
8573,40,429,172
8574,40,433,0
8575,40,437,193
8576,40,441,174
8577,40,445,208
8578,40,449,0
8579,40,453,0
8580,40,457,0
8581,40,462,0
8582,40,466,0
8583,40,470,0
8584,40,474,202
8585,40,478,169
8586,40,482,163
8587,40,486,0
8588,40,490,0
8589,40,495,0
8590,40,499,156
8591,40,503,0
8592,40,507,0
8593,40,511,0
8594,40,515,0
8595,40,519,0
8596,40,523,194
8597,40,528,0
8598,40,532,0
8599,40,536,0
8600,40,540,161
8601,40,544,196
8602,40,548,0
8603,40,552,0
8604,40,556,0
8605,40,561,0
8606,40,565,0
8607,40,569,0
8608,40,573,193
8609,40,577,0
8610,40,581,0
8611,40,585,0
8612,40,589,197
8613,40,594,0
8614,40,598,0
8615,40,602,0
8616,40,606,0
8617,40,610,176
8618,40,614,0
8619,40,618,0
8620,40,622,292
8621,40,626,0
8622,40,631,0
8623,40,635,0
8624,40,639,0
8625,40,643,172
8626,40,647,0
8627,40,651,0
8628,40,655,0
8629,40,659,0
8630,40,664,0
8631,40,668,0
8632,40,672,0
8633,40,676,0
8634,40,680,192
8635,40,684,224
8636,40,688,179
8637,40,692,0
8638,40,697,0
8639,40,701,0
8640,40,705,277
8641,40,709,164
8642,40,713,182
8643,40,717,177
8644,40,721,174
8645,40,725,0
8646,40,730,0
8647,40,734,313
8648,40,738,0
8649,40,742,324
8650,40,746,360
8651,40,750,298
8652,40,754,417
8653,40,758,341
8654,40,763,379
8655,40,767,535
8656,40,771,522
8657,40,775,774
8658,40,779,689
8659,40,783,507
8660,40,787,608
8661,40,791,749
8662,40,795,1028
8663,40,800,1313
8664,40,804,821
8665,40,808,1213
8666,40,812,1153
8667,40,816,1312
8668,40,820,1260
8669,40,824,1198
8670,40,828,1606
8671,40,833,1403
8672,40,837,1739
8673,40,841,2069
8674,40,845,1635
8675,40,849,2232
8676,40,853,2660
8677,40,857,2046
8678,40,861,2090
8679,40,866,2178
8680,40,870,2290
8681,40,874,2416
8682,40,878,2801
8683,40,882,2790
8684,40,886,2428
8685,40,890,2658
8686,40,894,2607
8687,40,899,2610
8688,40,903,3071
8689,40,907,3257
8690,40,911,2669
8691,40,915,2838
8692,40,919,2419
8693,40,923,2739
8694,40,927,2665
8695,40,932,2598
8696,40,936,2491
8697,40,940,2588
8698,40,944,2372
8699,40,948,1772
8700,40,952,2305
8701,40,956,2111
8702,40,960,1886
8703,40,964,2265
8704,40,969,1984
8705,40,973,1905
8706,40,977,2180
8707,40,981,1722
8708,40,985,1748
8709,40,989,1753
8710,40,993,1653
8711,40,997,1629
8712,41,002,1658
8713,41,006,1218
8714,41,010,1375
8715,41,014,1830
8716,41,018,1322
8717,41,022,1398
8718,41,026,1198
8719,41,030,1288
8720,41,035,1035
8721,41,039,1394
8722,41,043,1095
8723,41,047,1291
8724,41,051,1054
8725,41,055,822
8726,41,059,955
8727,41,063,967
8728,41,068,832
8729,41,072,1019
8730,41,076,858
8731,41,080,640
8732,41,084,750
8733,41,088,741
8734,41,092,908
8735,41,096,555
8736,41,101,509
8737,41,105,635
8738,41,109,874
8739,41,113,647
8740,41,117,639
8741,41,121,499
8742,41,125,594
8743,41,129,630
8744,41,133,832
8745,41,138,588
8746,41,142,375
8747,41,146,473
8748,41,150,503
8749,41,154,552
8750,41,158,519
8751,41,162,603
8752,41,166,311
8753,41,171,515
8754,41,175,647
8755,41,179,335
8756,41,183,431
8757,41,187,424
8758,41,191,439
8759,41,195,512
8760,41,199,289
8761,41,204,260
8762,41,208,447
8763,41,212,268
8764,41,216,384
8765,41,220,230
8766,41,224,274
8767,41,228,463
8768,41,232,371
8769,41,237,171
8770,41,241,334
8771,41,245,345
8772,41,249,366
8773,41,253,247
8774,41,257,304
8775,41,261,436
8776,41,265,210
8777,41,270,337
8778,41,274,381
8779,41,278,165
8780,41,282,222
8781,41,286,157
8782,41,290,295
8783,41,294,184
8784,41,298,283
8785,41,302,332
8786,41,307,266
8787,41,311,258
8788,41,315,0
8789,41,319,269
8790,41,323,167
8791,41,327,198
8792,41,331,335
8793,41,335,211
8794,41,340,202
8795,41,344,0
8796,41,348,199
8797,41,352,330
8798,41,356,197
8799,41,360,203
8800,41,364,166
8801,41,368,223
8802,41,373,218
8803,41,377,283
8804,41,381,281
8805,41,385,285
8806,41,389,208
8807,41,393,210
8808,41,397,192
8809,41,401,330
8810,41,406,171
8811,41,410,165
8812,41,414,158
8813,41,418,218
8814,41,422,192
8815,41,426,162
8816,41,430,215
8817,41,434,158
8818,41,439,192
8819,41,443,0
8820,41,447,198
8821,41,451,193
8822,41,455,0
8823,41,459,0
8824,41,463,0
8825,41,467,0
8826,41,471,184
8827,41,476,200
8828,41,480,189
8829,41,484,150
8830,41,488,158
8831,41,492,201
8832,41,496,0
8833,41,500,268
8834,41,504,197
8835,41,509,213
8836,41,513,239
8837,41,517,0
8838,41,521,189
8839,41,525,0
8840,41,529,169
8841,41,533,236
8842,41,537,166
8843,41,542,159
8844,41,546,0
8845,41,550,0
8846,41,554,0
8847,41,558,204
8848,41,562,158
8849,41,566,0
8850,41,570,264
8851,41,575,0
8852,41,579,242
8853,41,583,231
8854,41,587,0
8855,41,591,0
8856,41,595,189
8857,41,599,0
8858,41,603,0
8859,41,608,0
8860,41,612,154
8861,41,616,178
8862,41,620,190
8863,41,624,0
8864,41,628,156
8865,41,632,294
8866,41,636,0
8867,41,640,201
8868,41,645,200
8869,41,649,461
8870,41,653,215
8871,41,657,214
8872,41,661,238
8873,41,665,444
8874,41,669,248
8875,41,673,355
8876,41,678,296
8877,41,682,341
8878,41,686,526
8879,41,690,554
8880,41,694,546
8881,41,698,587
8882,41,702,867
8883,41,706,641
8884,41,711,825
8885,41,715,891
8886,41,719,960
8887,41,723,1221
8888,41,727,1792
8889,41,731,2012
8890,41,735,1992
8891,41,739,2660
8892,41,744,2471
8893,41,748,3231
8894,41,752,3551
8895,41,756,3472
8896,41,760,4335
8897,41,764,4999
8898,41,768,4909
8899,41,772,5996
8900,41,777,6665
8901,41,781,6661
8902,41,785,7293
8903,41,789,8632
8904,41,793,9925
8905,41,797,10622
8906,41,801,11568
8907,41,805,11439
8908,41,809,12868
8909,41,814,13276
8910,41,818,14857
8911,41,822,16228
8912,41,826,16448
8913,41,830,17400
8914,41,834,19192
8915,41,838,19888
8916,41,842,19944
8917,41,847,20544
8918,41,851,20576
8919,41,855,22536
8920,41,859,23512
8921,41,863,25760
8922,41,867,24888
8923,41,871,23600
8924,41,875,25824
8925,41,880,25432
8926,41,884,26720
8927,41,888,25144
8928,41,892,25480
8929,41,896,25432
8930,41,900,25616
8931,41,904,26088
8932,41,908,25424
8933,41,913,25696
8934,41,917,25080
8935,41,921,25216
8936,41,925,23528
8937,41,929,24456
8938,41,933,23648
8939,41,937,22992
8940,41,941,22688
8941,41,946,21304
8942,41,950,21928
8943,41,954,19320
8944,41,958,19480
8945,41,962,20600
8946,41,966,17992
8947,41,970,18440
8948,41,974,17424
8949,41,978,17336
8950,41,983,16028
8951,41,987,15398
8952,41,991,15854
8953,41,995,15288
8954,41,999,13886
8955,42,003,13636
8956,42,007,13181
8957,42,011,12941
8958,42,016,11679
8959,42,020,11378
8960,42,024,11043
8961,42,028,10421
8962,42,032,10157
8963,42,036,9431
8964,42,040,9067
8965,42,044,8461
8966,42,049,7982
8967,42,053,8817
8968,42,057,7836
8969,42,061,8128
8970,42,065,7693
8971,42,069,7846
8972,42,073,6730
8973,42,077,6520
8974,42,082,6681
8975,42,086,6153
8976,42,090,5826
8977,42,094,6496
8978,42,098,5331
8979,42,102,4865
8980,42,106,5002
8981,42,110,5308
8982,42,115,4643
8983,42,119,4710
8984,42,123,4169
8985,42,127,4187
8986,42,131,4273
8987,42,135,4228
8988,42,139,3552
8989,42,143,3878
8990,42,147,3977
8991,42,152,3485
8992,42,156,3126
8993,42,160,3197
8994,42,164,2842
8995,42,168,2879
8996,42,172,2655
8997,42,176,2365
8998,42,180,2768
8999,42,185,2276
9000,42,189,2688
9001,42,193,2337
9002,42,197,2659
9003,42,201,2298
9004,42,205,2146
9005,42,209,1891
9006,42,213,2283
9007,42,218,1782
9008,42,222,2022
9009,42,226,1729
9010,42,230,1648
9011,42,234,1791
9012,42,238,1586
9013,42,242,2206
9014,42,246,1446
9015,42,251,1551
9016,42,255,1766
9017,42,259,1472
9018,42,263,1682
9019,42,267,1771
9020,42,271,1641
9021,42,275,1513
9022,42,279,1238
9023,42,284,1751
9024,42,288,1107
9025,42,292,1072
9026,42,296,1262
9027,42,300,1254
9028,42,304,1202
9029,42,308,1037
9030,42,312,1137
9031,42,316,1084
9032,42,321,1013
9033,42,325,909
9034,42,329,1293
9035,42,333,1000
9036,42,337,835
9037,42,341,905
9038,42,345,936
9039,42,349,934
9040,42,354,828
9041,42,358,754
9042,42,362,979
9043,42,366,793
9044,42,370,779
9045,42,374,779
9046,42,378,936
9047,42,382,577
9048,42,387,754
9049,42,391,916
9050,42,395,776
9051,42,399,814
9052,42,403,836
9053,42,407,872
9054,42,411,591
9055,42,415,510
9056,42,420,732
9057,42,424,749
9058,42,428,410
9059,42,432,582
9060,42,436,657
9061,42,440,521
9062,42,444,579
9063,42,448,581
9064,42,453,510
9065,42,457,450
9066,42,461,718
9067,42,465,509
9068,42,469,615
9069,42,473,579
9070,42,477,472
9071,42,481,439
9072,42,485,518
9073,42,490,444
9074,42,494,404
9075,42,498,512
9076,42,502,368
9077,42,506,600
9078,42,510,416
9079,42,514,468
9080,42,518,336
9081,42,523,474
9082,42,527,369
9083,42,531,325
9084,42,535,362
9085,42,539,381
9086,42,543,402
9087,42,547,398
9088,42,551,346
9089,42,556,349
9090,42,560,406
9091,42,564,361
9092,42,568,284
9093,42,572,322
9094,42,576,208
9095,42,580,389
9096,42,584,483
9097,42,589,314
9098,42,593,348
9099,42,597,264
9100,42,601,387
9101,42,605,370
9102,42,609,274
9103,42,613,0
9104,42,617,176
9105,42,622,312
9106,42,626,224
9107,42,630,230
9108,42,634,202
9109,42,638,269
9110,42,642,255
9111,42,646,269
9112,42,650,257
9113,42,654,194
9114,42,659,452
9115,42,663,253
9116,42,667,162
9117,42,671,316
9118,42,675,298
9119,42,679,156
9120,42,683,252
9121,42,687,427
9122,42,692,208
9123,42,696,176
9124,42,700,273
9125,42,704,192
9126,42,708,352
9127,42,712,357
9128,42,716,214
9129,42,720,167
9130,42,725,370
9131,42,729,238
9132,42,733,178
9133,42,737,197
9134,42,741,0
9135,42,745,0
9136,42,749,0
9137,42,753,216
9138,42,758,194
9139,42,762,229
9140,42,766,313
9141,42,770,180
9142,42,774,243
9143,42,778,0
9144,42,782,255
9145,42,786,276
9146,42,791,233
9147,42,795,0
9148,42,799,178
9149,42,803,158
9150,42,807,158
9151,42,811,242
9152,42,815,0
9153,42,819,199
9154,42,823,161
9155,42,828,188
9156,42,832,258
9157,42,836,180
9158,42,840,231
9159,42,844,0
9160,42,848,287
9161,42,852,214
9162,42,856,0
9163,42,861,164
9164,42,865,0
9165,42,869,170
9166,42,873,273
9167,42,877,198
9168,42,881,257
9169,42,885,0
9170,42,889,190
9171,42,894,173
9172,42,898,203
9173,42,902,0
9174,42,906,0
9175,42,910,249
9176,42,914,292
9177,42,918,189
9178,42,922,216
9179,42,927,168
9180,42,931,157
9181,42,935,183
9182,42,939,0
9183,42,943,181
9184,42,947,0
9185,42,951,190
9186,42,955,0
9187,42,960,261
9188,42,964,236
9189,42,968,0
9190,42,972,0
9191,42,976,171
9192,42,980,0
9193,42,984,208
9194,42,988,0
9195,42,992,0
9196,42,997,0
9197,43,001,205
9198,43,005,0
9199,43,009,242
9200,43,013,151
9201,43,017,248
9202,43,021,0
9203,43,025,0
9204,43,030,0
9205,43,034,173
9206,43,038,156
9207,43,042,0
9208,43,046,0
9209,43,050,182
9210,43,054,176
9211,43,058,190
9212,43,063,153
9213,43,067,220
9214,43,071,0
9215,43,075,0
9216,43,079,0
9217,43,083,0
9218,43,087,281
9219,43,091,0
9220,43,096,221
9221,43,100,153
9222,43,104,160
9223,43,108,167
9224,43,112,158
9225,43,116,0
9226,43,120,0
9227,43,124,0
9228,43,129,0
9229,43,133,0
9230,43,137,0
9231,43,141,0
9232,43,145,181
9233,43,149,176
9234,43,153,0
9235,43,157,0
9236,43,161,0
9237,43,166,0
9238,43,170,0
9239,43,174,193
9240,43,178,172
9241,43,182,0
9242,43,186,0
9243,43,190,0
9244,43,194,169
9245,43,199,201
9246,43,203,165
9247,43,207,213
9248,43,211,0
9249,43,215,173
9250,43,219,0
9251,43,223,160
9252,43,227,0
9253,43,232,0
9254,43,236,0
9255,43,240,0
9256,43,244,0
9257,43,248,194
9258,43,252,159
9259,43,256,0
9260,43,260,190
9261,43,265,0
9262,43,269,0
9263,43,273,0
9264,43,277,0
9265,43,281,0
9266,43,285,0
9267,43,289,0
9268,43,293,297
9269,43,298,0
9270,43,302,165
9271,43,306,0
9272,43,310,0
9273,43,314,0
9274,43,318,0
9275,43,322,0
9276,43,326,231
9277,43,331,0
9278,43,335,0
9279,43,339,173
9280,43,343,0
9281,43,347,0
9282,43,351,0
9283,43,355,0
9284,43,359,0
9285,43,363,0
9286,43,368,179
9287,43,372,194
9288,43,376,171
9289,43,380,220
9290,43,384,0
9291,43,388,0
9292,43,392,0
9293,43,396,0
9294,43,401,0
9295,43,405,0
9296,43,409,0
9297,43,413,202
9298,43,417,0
9299,43,421,0
9300,43,425,176
9301,43,429,0
9302,43,434,0
9303,43,438,0
9304,43,442,0
9305,43,446,0
9306,43,450,306
9307,43,454,0
9308,43,458,0
9309,43,462,0
9310,43,467,0
9311,43,471,0
9312,43,475,188
9313,43,479,0
9314,43,483,0
9315,43,487,174
9316,43,491,0
9317,43,495,0
9318,43,500,218
9319,43,504,238
9320,43,508,0
9321,43,512,0
9322,43,516,0
9323,43,520,0
9324,43,524,173
9325,43,528,0
9326,43,532,0
9327,43,537,0
9328,43,541,0
9329,43,545,0
9330,43,549,0
9331,43,553,161
9332,43,557,0
9333,43,561,0
9334,43,565,0
9335,43,570,0
9336,43,574,192
9337,43,578,0
9338,43,582,0
9339,43,586,261
9340,43,590,172
9341,43,594,0
9342,43,598,0
9343,43,603,158
9344,43,607,0
9345,43,611,0
9346,43,615,0
9347,43,619,0
9348,43,623,157
9349,43,627,0
9350,43,631,0
9351,43,636,0
9352,43,640,187
9353,43,644,0
9354,43,648,0
9355,43,652,209
9356,43,656,165
9357,43,660,153
9358,43,664,0
9359,43,669,0
9360,43,673,167
9361,43,677,0
9362,43,681,0
9363,43,685,0
9364,43,689,0
9365,43,693,0
9366,43,697,0
9367,43,701,176
9368,43,706,0
9369,43,710,0
9370,43,714,0
9371,43,718,191
9372,43,722,0
9373,43,726,0
9374,43,730,0
9375,43,734,0
9376,43,739,0
9377,43,743,0
9378,43,747,177
9379,43,751,0
9380,43,755,0
9381,43,759,0
9382,43,763,0
9383,43,767,0
9384,43,772,0
9385,43,776,194
9386,43,780,0
9387,43,784,0
9388,43,788,0
9389,43,792,0
9390,43,796,0
9391,43,800,0
9392,43,805,0
9393,43,809,0
9394,43,813,0
9395,43,817,0
9396,43,821,305
9397,43,825,0
9398,43,829,166
9399,43,833,165
9400,43,838,0
9401,43,842,162
9402,43,846,0
9403,43,850,203
9404,43,854,160
9405,43,858,0
9406,43,862,0
9407,43,866,0
9408,43,870,0
9409,43,875,292
9410,43,879,173
9411,43,883,158
9412,43,887,0
9413,43,891,276
9414,43,895,200
9415,43,899,0
9416,43,903,0
9417,43,908,0
9418,43,912,0
9419,43,916,165
9420,43,920,0
9421,43,924,0
9422,43,928,0
9423,43,932,0
9424,43,936,0
9425,43,941,0
9426,43,945,0
9427,43,949,250
9428,43,953,0
9429,43,957,162
9430,43,961,0
9431,43,965,221
9432,43,969,202
9433,43,974,241
9434,43,978,0
9435,43,982,0
9436,43,986,0
9437,43,990,0
9438,43,994,0
9439,43,998,0
9440,44,002,0
9441,44,007,0
9442,44,011,0
9443,44,015,0
9444,44,019,0
9445,44,023,0
9446,44,027,0
9447,44,031,191
9448,44,035,165
9449,44,039,0
9450,44,044,155
9451,44,048,0
9452,44,052,0
9453,44,056,0
9454,44,060,0
9455,44,064,0
9456,44,068,0
9457,44,072,0
9458,44,077,0
9459,44,081,0
9460,44,085,186
9461,44,089,0
9462,44,093,0
9463,44,097,0
9464,44,101,0
9465,44,105,0
9466,44,110,0
9467,44,114,0
9468,44,118,0
9469,44,122,0
9470,44,126,0
9471,44,130,0
9472,44,134,0
9473,44,138,0
9474,44,143,0
9475,44,147,0
9476,44,151,0
9477,44,155,0
9478,44,159,173
9479,44,163,151
9480,44,167,0
9481,44,171,233
9482,44,176,0
9483,44,180,0
9484,44,184,168
9485,44,188,0
9486,44,192,0
9487,44,196,0
9488,44,200,171
9489,44,204,0
9490,44,208,0
9491,44,213,0
9492,44,217,0
9493,44,221,0
9494,44,225,0
9495,44,229,0
9496,44,233,0
9497,44,237,159
9498,44,241,0
9499,44,246,168
9500,44,250,0
9501,44,254,0
9502,44,258,268
9503,44,262,0
9504,44,266,0
9505,44,270,157
9506,44,274,252
9507,44,279,184
9508,44,283,296
9509,44,287,175
9510,44,291,163
9511,44,295,177
9512,44,299,248
9513,44,303,392
9514,44,307,401
9515,44,312,373
9516,44,316,535
9517,44,320,586
9518,44,324,678
9519,44,328,740
9520,44,332,701
9521,44,336,1052
9522,44,340,676
9523,44,345,1208
9524,44,349,1232
9525,44,353,1301
9526,44,357,1280
9527,44,361,1632
9528,44,365,1848
9529,44,369,2235
9530,44,373,2291
9531,44,377,2754
9532,44,382,3416
9533,44,386,3270
9534,44,390,4630
9535,44,394,4414
9536,44,398,5321
9537,44,402,5530
9538,44,406,6659
9539,44,410,7241
9540,44,415,7121
9541,44,419,7120
9542,44,423,8153
9543,44,427,8044
9544,44,431,9488
9545,44,435,9527
9546,44,439,10546
9547,44,443,10838
9548,44,448,11774
9549,44,452,12059
9550,44,456,12339
9551,44,460,13103
9552,44,464,13261
9553,44,468,13643
9554,44,472,13866
9555,44,476,15057
9556,44,481,14552
9557,44,485,14520
9558,44,489,15467
9559,44,493,16320
9560,44,497,15056
9561,44,501,15622
9562,44,505,15396
9563,44,509,15527
9564,44,514,16168
9565,44,518,14888
9566,44,522,15339
9567,44,526,14534
9568,44,530,14780
9569,44,534,14947
9570,44,538,14461
9571,44,542,13897
9572,44,546,13954
9573,44,551,12917
9574,44,555,13055
9575,44,559,14340
9576,44,563,12928
9577,44,567,12621
9578,44,571,12614
9579,44,575,11498
9580,44,579,11834
9581,44,584,11150
9582,44,588,10859
9583,44,592,9930
9584,44,596,9522
9585,44,600,9297
9586,44,604,8593
9587,44,608,9613
9588,44,612,8320
9589,44,617,8352
9590,44,621,7644
9591,44,625,7381
9592,44,629,7735
9593,44,633,7049
9594,44,637,6623
9595,44,641,6865
9596,44,645,6698
9597,44,650,5974
9598,44,654,6258
9599,44,658,5777
9600,44,662,5607
9601,44,666,5470
9602,44,670,4967
9603,44,674,4313
9604,44,678,4241
9605,44,683,4785
9606,44,687,4398
9607,44,691,4473
9608,44,695,3898
9609,44,699,4043
9610,44,703,4102
9611,44,707,4110
9612,44,711,3331
9613,44,715,3353
9614,44,720,3378
9615,44,724,3511
9616,44,728,2767
9617,44,732,2888
9618,44,736,2470
9619,44,740,3049
9620,44,744,2844
9621,44,748,2660
9622,44,753,2796
9623,44,757,2179
9624,44,761,1878
9625,44,765,2189
9626,44,769,2245
9627,44,773,1763
9628,44,777,1758
9629,44,781,1927
9630,44,786,1823
9631,44,790,1620
9632,44,794,1745
9633,44,798,1419
9634,44,802,1920
9635,44,806,1611
9636,44,810,1410
9637,44,814,1482
9638,44,819,1816
9639,44,823,1459
9640,44,827,1433
9641,44,831,1141
9642,44,835,1371
9643,44,839,1066
9644,44,843,1587
9645,44,847,1210
9646,44,852,1017
9647,44,856,990
9648,44,860,1096
9649,44,864,1443
9650,44,868,803
9651,44,872,1115
9652,44,876,1062
9653,44,880,930
9654,44,884,1098
9655,44,889,781
9656,44,893,790
9657,44,897,1179
9658,44,901,1065
9659,44,905,708
9660,44,909,816
9661,44,913,707
9662,44,917,595
9663,44,922,898
9664,44,926,543
9665,44,930,623
9666,44,934,655
9667,44,938,725
9668,44,942,596
9669,44,946,660
9670,44,950,498
9671,44,955,497
9672,44,959,761
9673,44,963,741
9674,44,967,673
9675,44,971,567
9676,44,975,648
9677,44,979,566
9678,44,983,611
9679,44,988,470
9680,44,992,490
9681,44,996,549
9682,45,000,475
9683,45,004,328
9684,45,008,688
9685,45,012,388
9686,45,016,658
9687,45,021,540
9688,45,025,436
9689,45,029,354
9690,45,033,542
9691,45,037,547
9692,45,041,356
9693,45,045,310
9694,45,049,555
9695,45,053,525
9696,45,058,530
9697,45,062,323
9698,45,066,562
9699,45,070,375
9700,45,074,348
9701,45,078,487
9702,45,082,377
9703,45,086,411
9704,45,091,481
9705,45,095,716
9706,45,099,397
9707,45,103,289
9708,45,107,361
9709,45,111,388
9710,45,115,394
9711,45,119,431
9712,45,124,420
9713,45,128,264
9714,45,132,300
9715,45,136,296
9716,45,140,250
9717,45,144,360
9718,45,148,316
9719,45,152,382
9720,45,157,266
9721,45,161,380
9722,45,165,425
9723,45,169,195
9724,45,173,175
9725,45,177,316
9726,45,181,279
9727,45,185,243
9728,45,190,255
9729,45,194,290
9730,45,198,372
9731,45,202,243
9732,45,206,286
9733,45,210,0
9734,45,214,344
9735,45,218,310
9736,45,222,265
9737,45,227,0
9738,45,231,0
9739,45,235,235
9740,45,239,212
9741,45,243,154
9742,45,247,207
9743,45,251,187
9744,45,255,255
9745,45,260,223
9746,45,264,184
9747,45,268,244
9748,45,272,252
9749,45,276,222
9750,45,280,199
9751,45,284,211
9752,45,288,166
9753,45,293,158
9754,45,297,202
9755,45,301,0
9756,45,305,159
9757,45,309,218
9758,45,313,199
9759,45,317,281
9760,45,321,244
9761,45,326,236
9762,45,330,0
9763,45,334,236
9764,45,338,298
9765,45,342,167
9766,45,346,233
9767,45,350,265
9768,45,354,224
9769,45,359,232
9770,45,363,184
9771,45,367,162
9772,45,371,0
9773,45,375,0
9774,45,379,319
9775,45,383,0
9776,45,387,0
9777,45,391,213
9778,45,396,0
9779,45,400,0
9780,45,404,0
9781,45,408,0
9782,45,412,207
9783,45,416,269
9784,45,420,0
9785,45,424,356
9786,45,429,301
9787,45,433,152
9788,45,437,0
9789,45,441,0
9790,45,445,163
9791,45,449,181
9792,45,453,155
9793,45,457,0
9794,45,462,0
9795,45,466,183
9796,45,470,255
9797,45,474,151
9798,45,478,254
9799,45,482,0
9800,45,486,189
9801,45,490,170
9802,45,495,205
9803,45,499,232
9804,45,503,167
9805,45,507,321
9806,45,511,257
9807,45,515,0
9808,45,519,0
9809,45,523,157
9810,45,528,0
9811,45,532,182
9812,45,536,204
9813,45,540,235
9814,45,544,0
9815,45,548,0
9816,45,552,344
9817,45,556,0
9818,45,560,169
9819,45,565,0
9820,45,569,229
9821,45,573,0
9822,45,577,150
9823,45,581,0
9824,45,585,0
9825,45,589,0
9826,45,593,214
9827,45,598,172
9828,45,602,0
9829,45,606,179
9830,45,610,0
9831,45,614,175
9832,45,618,208
9833,45,622,0
9834,45,626,155
9835,45,631,0
9836,45,635,195
9837,45,639,213
9838,45,643,0
9839,45,647,167
9840,45,651,0
9841,45,655,0
9842,45,659,239
9843,45,664,291
9844,45,668,0
9845,45,672,233
9846,45,676,0
9847,45,680,0
9848,45,684,0
9849,45,688,0
9850,45,692,0
9851,45,697,0
9852,45,701,174
9853,45,705,0
9854,45,709,0
9855,45,713,221
9856,45,717,0
9857,45,721,188
9858,45,725,0
9859,45,729,196
9860,45,734,0
9861,45,738,198
9862,45,742,0
9863,45,746,193
9864,45,750,185
9865,45,754,150
9866,45,758,0
9867,45,762,354
9868,45,767,0
9869,45,771,198
9870,45,775,192
9871,45,779,351
9872,45,783,328
9873,45,787,199
9874,45,791,321
9875,45,795,342
9876,45,800,501
9877,45,804,382
9878,45,808,340
9879,45,812,542
9880,45,816,339
9881,45,820,449
9882,45,824,559
9883,45,828,607
9884,45,833,506
9885,45,837,513
9886,45,841,806
9887,45,845,753
9888,45,849,877
9889,45,853,1046
9890,45,857,1067
9891,45,861,989
9892,45,866,1052
9893,45,870,1254
9894,45,874,1245
9895,45,878,1771
9896,45,882,1634
9897,45,886,1864
9898,45,890,1713
9899,45,894,1963
9900,45,898,1863
9901,45,903,2447
9902,45,907,2507
9903,45,911,2419
9904,45,915,2719
9905,45,919,2926
9906,45,923,2913
9907,45,927,2946
9908,45,931,3291
9909,45,936,3002
9910,45,940,3978
9911,45,944,3947
9912,45,948,4109
9913,45,952,4427
9914,45,956,3755
9915,45,960,4055
9916,45,964,4413
9917,45,969,4839
9918,45,973,4718
9919,45,977,4887
9920,45,981,4901
9921,45,985,5201
9922,45,989,5203
9923,45,993,4976
9924,45,997,5277
9925,46,002,5523
9926,46,006,5505
9927,46,010,5784
9928,46,014,5269
9929,46,018,5311
9930,46,022,5533
9931,46,026,5483
9932,46,030,5174
9933,46,035,5027
9934,46,039,5380
9935,46,043,5329
9936,46,047,4953
9937,46,051,5127
9938,46,055,4021
9939,46,059,4400
9940,46,063,3821
9941,46,067,4636
9942,46,072,3815
9943,46,076,4480
9944,46,080,3736
9945,46,084,3511
9946,46,088,3769
9947,46,092,3798
9948,46,096,3102
9949,46,100,3163
9950,46,105,3086
9951,46,109,3461
9952,46,113,3157
9953,46,117,2807
9954,46,121,2659
9955,46,125,2323
9956,46,129,2411
9957,46,133,2497
9958,46,138,2182
9959,46,142,2258
9960,46,146,1916
9961,46,150,1983
9962,46,154,2434
9963,46,158,2054
9964,46,162,1750
9965,46,166,1706
9966,46,171,1759
9967,46,175,1771
9968,46,179,1978
9969,46,183,1872
9970,46,187,1700
9971,46,191,1448
9972,46,195,1645
9973,46,199,1597
9974,46,204,1681
9975,46,208,1472
9976,46,212,1596
9977,46,216,1474
9978,46,220,1401
9979,46,224,1780
9980,46,228,1595
9981,46,232,1814
9982,46,236,1761
9983,46,241,2017
9984,46,245,1926
9985,46,249,1950
9986,46,253,2098
9987,46,257,2048
9988,46,261,2610
9989,46,265,2171
9990,46,269,2954
9991,46,274,3111
9992,46,278,3013
9993,46,282,3622
9994,46,286,3914
9995,46,290,3871
9996,46,294,4015
9997,46,298,4652
9998,46,302,5103
9999,46,307,5264
10000,46,311,5948
10001,46,315,5918
10002,46,319,7034
10003,46,323,7176
10004,46,327,6634
10005,46,331,7635
10006,46,335,8450
10007,46,340,8481
10008,46,344,9513
10009,46,348,10430
10010,46,352,11026
10011,46,356,11719
10012,46,360,11966
10013,46,364,12277
10014,46,368,12906
10015,46,373,14474
10016,46,377,14232
10017,46,381,14982
10018,46,385,15578
10019,46,389,15518
10020,46,393,16976
10021,46,397,17048
10022,46,401,17672
10023,46,405,17592
10024,46,410,18440
10025,46,414,18432
10026,46,418,19832
10027,46,422,18488
10028,46,426,18488
10029,46,430,20480
10030,46,434,19408
10031,46,438,20872
10032,46,443,21808
10033,46,447,19552
10034,46,451,21032
10035,46,455,20496
10036,46,459,20704
10037,46,463,20760
10038,46,467,20728
10039,46,471,19168
10040,46,476,19112
10041,46,480,19944
10042,46,484,19104
10043,46,488,18456
10044,46,492,18520
10045,46,496,18696
10046,46,500,17928
10047,46,504,19264
10048,46,509,17416
10049,46,513,17416
10050,46,517,16544
10051,46,521,16896
10052,46,525,15935
10053,46,529,15322
10054,46,533,14687
10055,46,537,15087
10056,46,542,14997
10057,46,546,14394
10058,46,550,13754
10059,46,554,13426
10060,46,558,12084
10061,46,562,11788
10062,46,566,11179
10063,46,570,12209
10064,46,574,10733
10065,46,579,10455
10066,46,583,10260
10067,46,587,9207
10068,46,591,9376
10069,46,595,8842
10070,46,599,8799
10071,46,603,9006
10072,46,607,8237
10073,46,612,7242
10074,46,616,6944
10075,46,620,6740
10076,46,624,6790
10077,46,628,6708
10078,46,632,5960
10079,46,636,5563
10080,46,640,5754
10081,46,645,5781
10082,46,649,5506
10083,46,653,5536
10084,46,657,5728
10085,46,661,4770
10086,46,665,4342
10087,46,669,3919
10088,46,673,4702
10089,46,678,4637
10090,46,682,4140
10091,46,686,3843
10092,46,690,4097
10093,46,694,3943
10094,46,698,3352
10095,46,702,3967
10096,46,706,3376
10097,46,711,3116
10098,46,715,2909
10099,46,719,3038
10100,46,723,2921
10101,46,727,3349
10102,46,731,3364
10103,46,735,2563
10104,46,739,2524
10105,46,743,2045
10106,46,748,2405
10107,46,752,2330
10108,46,756,1909
10109,46,760,2389
10110,46,764,2018
10111,46,768,2098
10112,46,772,2280
10113,46,776,1995
10114,46,781,1932
10115,46,785,1868
10116,46,789,1482
10117,46,793,1877
10118,46,797,1224
10119,46,801,1302
10120,46,805,1877
10121,46,809,1680
10122,46,814,1146
10123,46,818,1537
10124,46,822,1557
10125,46,826,1632
10126,46,830,1367
10127,46,834,1301
10128,46,838,1297
10129,46,842,1452
10130,46,847,1211
10131,46,851,1501
10132,46,855,1281
10133,46,859,1333
10134,46,863,1377
10135,46,867,1129
10136,46,871,1091
10137,46,875,1456
10138,46,880,1232
10139,46,884,996
10140,46,888,989
10141,46,892,840
10142,46,896,990
10143,46,900,1020
10144,46,904,934
10145,46,908,869
10146,46,912,968
10147,46,917,756
10148,46,921,922
10149,46,925,813
10150,46,929,847
10151,46,933,975
10152,46,937,881
10153,46,941,740
10154,46,945,968
10155,46,950,678
10156,46,954,711
10157,46,958,651
10158,46,962,687
10159,46,966,921
10160,46,970,805
10161,46,974,739
10162,46,978,675
10163,46,983,674
10164,46,987,986
10165,46,991,614
10166,46,995,817
10167,46,999,468
10168,47,003,418
10169,47,007,626
10170,47,011,484
10171,47,016,593
10172,47,020,789
10173,47,024,643
10174,47,028,458
10175,47,032,542
10176,47,036,359
10177,47,040,412
10178,47,044,352
10179,47,049,489
10180,47,053,459
10181,47,057,599
10182,47,061,332
10183,47,065,310
10184,47,069,423
10185,47,073,445
10186,47,077,335
10187,47,081,509
10188,47,086,523
10189,47,090,369
10190,47,094,408
10191,47,098,459
10192,47,102,604
10193,47,106,408
10194,47,110,387
10195,47,114,510
10196,47,119,461
10197,47,123,396
10198,47,127,402
10199,47,131,350
10200,47,135,279
10201,47,139,283
10202,47,143,398
10203,47,147,242
10204,47,152,271
10205,47,156,431
10206,47,160,272
10207,47,164,465
10208,47,168,288
10209,47,172,316
10210,47,176,360
10211,47,180,377
10212,47,185,264
10213,47,189,251
10214,47,193,324
10215,47,197,300
10216,47,201,227
10217,47,205,314
10218,47,209,353
10219,47,213,296
10220,47,218,285
10221,47,222,433
10222,47,226,339
10223,47,230,245
10224,47,234,253
10225,47,238,301
10226,47,242,298
10227,47,246,426
10228,47,250,277
10229,47,255,363
10230,47,259,439
10231,47,263,279
10232,47,267,264
10233,47,271,309
10234,47,275,400
10235,47,279,283
10236,47,283,279
10237,47,288,226
10238,47,292,281
10239,47,296,316
10240,47,300,247
10241,47,304,209
10242,47,308,217
10243,47,312,312
10244,47,316,237
10245,47,321,0
10246,47,325,232
10247,47,329,0
10248,47,333,210
10249,47,337,335
10250,47,341,248
10251,47,345,289
10252,47,349,221
10253,47,354,335
10254,47,358,330
10255,47,362,441
10256,47,366,309
10257,47,370,227
10258,47,374,200
10259,47,378,246
10260,47,382,168
10261,47,387,276
10262,47,391,245
10263,47,395,276
10264,47,399,233
10265,47,403,328
10266,47,407,343
10267,47,411,249
10268,47,415,217
10269,47,419,234
10270,47,424,363
10271,47,428,216
10272,47,432,338
10273,47,436,175
10274,47,440,216
10275,47,444,0
10276,47,448,262
10277,47,452,277
10278,47,457,286
10279,47,461,350
10280,47,465,256
10281,47,469,166
10282,47,473,256
10283,47,477,253
10284,47,481,0
10285,47,485,198
10286,47,490,177
10287,47,494,301
10288,47,498,223
10289,47,502,214
10290,47,506,276
10291,47,510,308
10292,47,514,164
10293,47,518,181
10294,47,523,274
10295,47,527,226
10296,47,531,154
10297,47,535,157
10298,47,539,195
10299,47,543,266
10300,47,547,201
10301,47,551,179
10302,47,556,186
10303,47,560,434
10304,47,564,0
10305,47,568,274
10306,47,572,234
10307,47,576,166
10308,47,580,239
10309,47,584,0
10310,47,588,196
10311,47,593,176
10312,47,597,221
10313,47,601,187
10314,47,605,0
10315,47,609,156
10316,47,613,151
10317,47,617,0
10318,47,621,0
10319,47,626,0
10320,47,630,269
10321,47,634,247
10322,47,638,201
10323,47,642,0
10324,47,646,0
10325,47,650,0
10326,47,654,0
10327,47,659,0
10328,47,663,158
10329,47,667,268
10330,47,671,192
10331,47,675,168
10332,47,679,0
10333,47,683,0
10334,47,687,0
10335,47,692,0
10336,47,696,0
10337,47,700,0
10338,47,704,0
10339,47,708,245
10340,47,712,163
10341,47,716,158
10342,47,720,197
10343,47,725,222
10344,47,729,0
10345,47,733,0
10346,47,737,231
10347,47,741,180
10348,47,745,178
10349,47,749,163
10350,47,753,199
10351,47,757,180
10352,47,762,166
10353,47,766,173
10354,47,770,178
10355,47,774,176
10356,47,778,198
10357,47,782,0
10358,47,786,235
10359,47,790,0
10360,47,795,188
10361,47,799,237
10362,47,803,0
10363,47,807,0
10364,47,811,307
10365,47,815,162
10366,47,819,203
10367,47,823,0
10368,47,828,157
10369,47,832,0
10370,47,836,217
10371,47,840,162
10372,47,844,187
10373,47,848,0
10374,47,852,190
10375,47,856,0
10376,47,861,192
10377,47,865,169
10378,47,869,0
10379,47,873,0
10380,47,877,229
10381,47,881,208
10382,47,885,179
10383,47,889,0
10384,47,894,0
10385,47,898,312
10386,47,902,194
10387,47,906,194
10388,47,910,0
10389,47,914,287
10390,47,918,268
10391,47,922,160
10392,47,926,245
10393,47,931,362
10394,47,935,289
10395,47,939,427
10396,47,943,358
10397,47,947,361
10398,47,951,351
10399,47,955,712
10400,47,959,681
10401,47,964,608
10402,47,968,500
10403,47,972,577
10404,47,976,841
10405,47,980,661
10406,47,984,1081
10407,47,988,1512
10408,47,992,1255
10409,47,997,1686
10410,48,001,1253
10411,48,005,1721
10412,48,009,1856
10413,48,013,1995
10414,48,017,2134
10415,48,021,2657
10416,48,025,2586
10417,48,030,2998
10418,48,034,3375
10419,48,038,3437
10420,48,042,3981
10421,48,046,4100
10422,48,050,3831
10423,48,054,4465
10424,48,058,5056
10425,48,063,4702
10426,48,067,5237
10427,48,071,6463
10428,48,075,6361
10429,48,079,6721
10430,48,083,6733
10431,48,087,6928
10432,48,091,6417
10433,48,095,6874
10434,48,100,6755
10435,48,104,7720
10436,48,108,7438
10437,48,112,7318
10438,48,116,8307
10439,48,120,7878
10440,48,124,8784
10441,48,128,7626
10442,48,133,7666
10443,48,137,7659
10444,48,141,8602
10445,48,145,7858
10446,48,149,7685
10447,48,153,7936
10448,48,157,7741
10449,48,161,8191
10450,48,166,7290
10451,48,170,7351
10452,48,174,6982
10453,48,178,7682
10454,48,182,7223
10455,48,186,6108
10456,48,190,6434
10457,48,194,6743
10458,48,199,6443
10459,48,203,6057
10460,48,207,6025
10461,48,211,5835
10462,48,215,5171
10463,48,219,5463
10464,48,223,5165
10465,48,227,4664
10466,48,232,5123
10467,48,236,4802
10468,48,240,4865
10469,48,244,4272
10470,48,248,4895
10471,48,252,3922
10472,48,256,3621
10473,48,260,4087
10474,48,265,3982
10475,48,269,3801
10476,48,273,3351
10477,48,277,3448
10478,48,281,2691
10479,48,285,3685
10480,48,289,2861
10481,48,293,3355
10482,48,297,3534
10483,48,302,2635
10484,48,306,2227
10485,48,310,2409
10486,48,314,2236
10487,48,318,2455
10488,48,322,2366
10489,48,326,2417
10490,48,330,2241
10491,48,335,2135
10492,48,339,1817
10493,48,343,1851
10494,48,347,1823
10495,48,351,1668
10496,48,355,2066
10497,48,359,1653
10498,48,363,1905
10499,48,368,1523
10500,48,372,1440
10501,48,376,1502
10502,48,380,1701
10503,48,384,1342
10504,48,388,1078
10505,48,392,1561
10506,48,396,1352
10507,48,401,1149
10508,48,405,1363
10509,48,409,1364
10510,48,413,1297
10511,48,417,1103
10512,48,421,1003
10513,48,425,1076
10514,48,429,1032
10515,48,434,994
10516,48,438,1003
10517,48,442,1081
10518,48,446,758
10519,48,450,638
10520,48,454,1004
10521,48,458,949
10522,48,462,784
10523,48,466,697
10524,48,471,784
10525,48,475,883
10526,48,479,1072
10527,48,483,571
10528,48,487,811
10529,48,491,596
10530,48,495,577
10531,48,499,965
10532,48,504,798
10533,48,508,631
10534,48,512,667
10535,48,516,730
10536,48,520,554
10537,48,524,710
10538,48,528,632
10539,48,532,678
10540,48,537,608
10541,48,541,545
10542,48,545,633
10543,48,549,641
10544,48,553,590
10545,48,557,464
10546,48,561,492
10547,48,565,448
10548,48,570,532
10549,48,574,767
10550,48,578,556
10551,48,582,334
10552,48,586,382
10553,48,590,513
10554,48,594,416
10555,48,598,430
10556,48,603,303
10557,48,607,574
10558,48,611,476
10559,48,615,496
10560,48,619,421
10561,48,623,474
10562,48,627,549
10563,48,631,512
10564,48,635,502
10565,48,640,365
10566,48,644,308
10567,48,648,504
10568,48,652,358
10569,48,656,431
10570,48,660,429
10571,48,664,378
10572,48,668,308
10573,48,673,384
10574,48,677,442
10575,48,681,406
10576,48,685,481
10577,48,689,441
10578,48,693,373
10579,48,697,343
10580,48,701,527
10581,48,706,392
10582,48,710,383
10583,48,714,291
10584,48,718,290
10585,48,722,332
10586,48,726,343
10587,48,730,334
10588,48,734,372
10589,48,739,201
10590,48,743,335
10591,48,747,292
10592,48,751,237
10593,48,755,295
10594,48,759,357
10595,48,763,351
10596,48,767,245
10597,48,772,326
10598,48,776,255
10599,48,780,310
10600,48,784,290
10601,48,788,174
10602,48,792,438
10603,48,796,419
10604,48,800,238
10605,48,804,214
10606,48,809,356
10607,48,813,165
10608,48,817,246
10609,48,821,218
10610,48,825,221
10611,48,829,280
10612,48,833,310
10613,48,837,275
10614,48,842,233
10615,48,846,172
10616,48,850,197
10617,48,854,253
10618,48,858,321
10619,48,862,306
10620,48,866,153
10621,48,870,238
10622,48,875,265
10623,48,879,242
10624,48,883,0
10625,48,887,0
10626,48,891,208
10627,48,895,305
10628,48,899,268
10629,48,903,167
10630,48,908,253
10631,48,912,237
10632,48,916,195
10633,48,920,256
10634,48,924,259
10635,48,928,180
10636,48,932,194
10637,48,936,200
10638,48,941,164
10639,48,945,238
10640,48,949,0
10641,48,953,158
10642,48,957,164
10643,48,961,208
10644,48,965,0
10645,48,969,280
10646,48,973,157
10647,48,978,309
10648,48,982,163
10649,48,986,195
10650,48,990,191
10651,48,994,212
10652,48,998,0
10653,49,002,256
10654,49,006,152
10655,49,011,167
10656,49,015,197
10657,49,019,185
10658,49,023,174
10659,49,027,226
10660,49,031,175
10661,49,035,0
10662,49,039,0
10663,49,044,0
10664,49,048,0
10665,49,052,288
10666,49,056,0
10667,49,060,241
10668,49,064,156
10669,49,068,0
10670,49,072,205
10671,49,077,214
10672,49,081,207
10673,49,085,262
10674,49,089,0
10675,49,093,0
10676,49,097,170
10677,49,101,0
10678,49,105,0
10679,49,110,229
10680,49,114,181
10681,49,118,0
10682,49,122,232
10683,49,126,178
10684,49,130,189
10685,49,134,174
10686,49,138,173
10687,49,142,0
10688,49,147,154
10689,49,151,0
10690,49,155,251
10691,49,159,164
10692,49,163,208
10693,49,167,0
10694,49,171,179
10695,49,175,170
10696,49,180,0
10697,49,184,183
10698,49,188,162
10699,49,192,250
10700,49,196,201
10701,49,200,0
10702,49,204,185
10703,49,208,150
10704,49,213,0
10705,49,217,0
10706,49,221,196
10707,49,225,212
10708,49,229,183
10709,49,233,181
10710,49,237,255
10711,49,241,0
10712,49,246,168
10713,49,250,0
10714,49,254,181
10715,49,258,208
10716,49,262,173
10717,49,266,222
10718,49,270,167
10719,49,274,0
10720,49,279,170
10721,49,283,153
10722,49,287,187
10723,49,291,0
10724,49,295,0
10725,49,299,162
10726,49,303,0
10727,49,307,0
10728,49,311,0
10729,49,316,170
10730,49,320,0
10731,49,324,0
10732,49,328,0
10733,49,332,193
10734,49,336,199
10735,49,340,154
10736,49,344,0
10737,49,349,0
10738,49,353,0
10739,49,357,0
10740,49,361,181
10741,49,365,0
10742,49,369,224
10743,49,373,160
10744,49,377,0
10745,49,382,0
10746,49,386,0
10747,49,390,0
10748,49,394,0
10749,49,398,172
10750,49,402,185
10751,49,406,152
10752,49,410,185
10753,49,415,0
10754,49,419,161
10755,49,423,168
10756,49,427,0
10757,49,431,0
10758,49,435,0
10759,49,439,0
10760,49,443,0
10761,49,448,0
10762,49,452,178
10763,49,456,0
10764,49,460,0
10765,49,464,0
10766,49,468,0
10767,49,472,0
10768,49,476,201
10769,49,480,0
10770,49,485,0
10771,49,489,0
10772,49,493,0
10773,49,497,0
10774,49,501,0
10775,49,505,190
10776,49,509,162
10777,49,513,0
10778,49,518,0
10779,49,522,0
10780,49,526,285
10781,49,530,0
10782,49,534,211
10783,49,538,187
10784,49,542,0
10785,49,546,179
10786,49,551,0
10787,49,555,0
10788,49,559,0
10789,49,563,0
10790,49,567,294
10791,49,571,225
10792,49,575,212
10793,49,579,151
10794,49,584,0
10795,49,588,214
10796,49,592,159
10797,49,596,156
10798,49,600,297
10799,49,604,0
10800,49,608,268
10801,49,612,0
10802,49,617,0
10803,49,621,237
10804,49,625,172
10805,49,629,153
10806,49,633,194
10807,49,637,228
10808,49,641,189
10809,49,645,274
10810,49,649,211
10811,49,654,286
10812,49,658,210
10813,49,662,0
10814,49,666,175
10815,49,670,236
10816,49,674,0
10817,49,678,0
10818,49,682,211
10819,49,687,195
10820,49,691,168
10821,49,695,0
10822,49,699,228
10823,49,703,0
10824,49,707,186
10825,49,711,192
10826,49,715,0
10827,49,720,158
10828,49,724,235
10829,49,728,0
10830,49,732,0
10831,49,736,249
10832,49,740,0
10833,49,744,199
10834,49,748,0
10835,49,753,0
10836,49,757,178
10837,49,761,254
10838,49,765,0
10839,49,769,0
10840,49,773,0
10841,49,777,156
10842,49,781,0
10843,49,786,243
10844,49,790,166
10845,49,794,0
10846,49,798,0
10847,49,802,150
10848,49,806,172
10849,49,810,170
10850,49,814,0
10851,49,818,0
10852,49,823,183
10853,49,827,0
10854,49,831,0
10855,49,835,0
10856,49,839,0
10857,49,843,0
10858,49,847,0
10859,49,851,151
10860,49,856,0
10861,49,860,208
10862,49,864,223
10863,49,868,0
10864,49,872,177
10865,49,876,150
10866,49,880,204
10867,49,884,0
10868,49,889,0
10869,49,893,0
10870,49,897,249
10871,49,901,190
10872,49,905,227
10873,49,909,160
10874,49,913,0
10875,49,917,0
10876,49,922,166
10877,49,926,0
10878,49,930,172
10879,49,934,0
10880,49,938,197
10881,49,942,0
10882,49,946,199
10883,49,950,0
10884,49,955,178
10885,49,959,237
10886,49,963,153
10887,49,967,0
10888,49,971,205
10889,49,975,0
10890,49,979,0
10891,49,983,304
10892,49,987,0
10893,49,992,227
10894,49,996,170
10895,50,000,0
10896,50,004,176
10897,50,008,181
10898,50,012,0
10899,50,016,0
10900,50,020,0
10901,50,025,0
10902,50,029,0
10903,50,033,192
10904,50,037,0
10905,50,041,0
10906,50,045,0
10907,50,049,0
10908,50,053,220
10909,50,058,303
10910,50,062,0
10911,50,066,0
10912,50,070,0
10913,50,074,224
10914,50,078,0
10915,50,082,0
10916,50,086,0
10917,50,091,0
10918,50,095,211
10919,50,099,0
10920,50,103,155
10921,50,107,0
10922,50,111,0
10923,50,115,181
10924,50,119,0
10925,50,124,0
10926,50,128,0
10927,50,132,0
10928,50,136,234
10929,50,140,0
10930,50,144,183
10931,50,148,0
10932,50,152,155
10933,50,156,0
10934,50,161,0
10935,50,165,0
10936,50,169,0
10937,50,173,182
10938,50,177,186
10939,50,181,190
10940,50,185,0
10941,50,189,200
10942,50,194,0
10943,50,198,199
10944,50,202,164
10945,50,206,0
10946,50,210,0
10947,50,214,0
10948,50,218,0
10949,50,222,0
10950,50,227,168
10951,50,231,171
10952,50,235,0
10953,50,239,0
10954,50,243,0
10955,50,247,0
10956,50,251,171
10957,50,255,200
10958,50,260,0
10959,50,264,312
10960,50,268,185
10961,50,272,0
10962,50,276,0
10963,50,280,187
10964,50,284,202
10965,50,288,178
10966,50,293,0
10967,50,297,162
10968,50,301,154
10969,50,305,0
10970,50,309,0
10971,50,313,0
10972,50,317,156
10973,50,321,0
10974,50,325,154
10975,50,330,0
10976,50,334,0
10977,50,338,205
10978,50,342,173
10979,50,346,0
10980,50,350,175
10981,50,354,0
10982,50,358,0
10983,50,363,232
10984,50,367,165
10985,50,371,0
10986,50,375,202
10987,50,379,176
10988,50,383,161
10989,50,387,162
10990,50,391,188
10991,50,396,0
10992,50,400,0
10993,50,404,0
10994,50,408,162
10995,50,412,156
10996,50,416,0
10997,50,420,0
10998,50,424,0
10999,50,429,151
11000,50,433,0
11001,50,437,155
11002,50,441,160
11003,50,445,0
11004,50,449,197
11005,50,453,177
11006,50,457,0
11007,50,462,0
11008,50,466,0
11009,50,470,207
11010,50,474,0
11011,50,478,0
11012,50,482,161
11013,50,486,265
11014,50,490,0
11015,50,494,0
11016,50,499,179
11017,50,503,0
11018,50,507,191
11019,50,511,0
11020,50,515,0
11021,50,519,0
11022,50,523,0
11023,50,527,0
11024,50,532,161
11025,50,536,230
11026,50,540,0
11027,50,544,0
11028,50,548,0
11029,50,552,0
11030,50,556,168
11031,50,560,0
11032,50,565,0
11033,50,569,0
11034,50,573,0
11035,50,577,0
11036,50,581,0
11037,50,585,0
11038,50,589,0
11039,50,593,0
11040,50,598,153
11041,50,602,0
11042,50,606,172
11043,50,610,0
11044,50,614,0
11045,50,618,212
11046,50,622,166
11047,50,626,0
11048,50,631,165
11049,50,635,158
11050,50,639,0
11051,50,643,184
11052,50,647,151
11053,50,651,163
11054,50,655,206
11055,50,659,0
11056,50,663,0
11057,50,668,0
11058,50,672,0
11059,50,676,200
11060,50,680,0
11061,50,684,0
11062,50,688,0
11063,50,692,0
11064,50,696,0
11065,50,701,173
11066,50,705,0
11067,50,709,159
11068,50,713,0
11069,50,717,0
11070,50,721,0
11071,50,725,154
11072,50,729,0
11073,50,734,0
11074,50,738,0
11075,50,742,0
11076,50,746,0
11077,50,750,0
11078,50,754,0
11079,50,758,0
11080,50,762,0
11081,50,767,0
11082,50,771,0
11083,50,775,172
11084,50,779,0
11085,50,783,174
11086,50,787,153
11087,50,791,173
11088,50,795,0
11089,50,800,0
11090,50,804,0
11091,50,808,0
11092,50,812,177
11093,50,816,0
11094,50,820,0
11095,50,824,195
11096,50,828,211
11097,50,832,165
11098,50,837,153
11099,50,841,404
11100,50,845,251
11101,50,849,155
11102,50,853,248
11103,50,857,239
11104,50,861,210
11105,50,865,276
11106,50,870,361
11107,50,874,314
11108,50,878,422
11109,50,882,459
11110,50,886,395
11111,50,890,469
11112,50,894,495
11113,50,898,477
11114,50,903,551
11115,50,907,747
11116,50,911,748
11117,50,915,781
11118,50,919,972
11119,50,923,960
11120,50,927,942
11121,50,931,901
11122,50,936,1141
11123,50,940,1064
11124,50,944,1112
11125,50,948,1243
11126,50,952,1667
11127,50,956,1414
11128,50,960,1408
11129,50,964,1610
11130,50,969,2032
11131,50,973,1804
11132,50,977,1708
11133,50,981,2174
11134,50,985,2263
11135,50,989,2166
11136,50,993,2961
11137,50,997,2504
11138,51,001,2271
11139,51,006,2563
11140,51,010,2585
11141,51,014,2832
11142,51,018,3082
11143,51,022,3124
11144,51,026,2457
11145,51,030,2870
11146,51,034,3347
11147,51,039,3260
11148,51,043,3243
11149,51,047,2935
11150,51,051,3083
11151,51,055,3691
11152,51,059,3551
11153,51,063,3665
11154,51,067,3241
11155,51,072,3778
11156,51,076,3697
11157,51,080,3703
11158,51,084,3996
11159,51,088,4527
11160,51,092,4228
11161,51,096,4187
11162,51,100,4589
11163,51,105,4475
11164,51,109,4890
11165,51,113,4815
11166,51,117,4453
11167,51,121,5183
11168,51,125,4874
11169,51,129,4986
11170,51,133,5344
11171,51,138,5543
11172,51,142,5499
11173,51,146,5486
11174,51,150,5932
11175,51,154,6449
11176,51,158,5726
11177,51,162,5640
11178,51,166,5929
11179,51,170,6228
11180,51,175,6197
11181,51,179,5737
11182,51,183,5920
11183,51,187,6292
11184,51,191,6233
11185,51,195,6360
11186,51,199,6013
11187,51,203,6647
11188,51,208,6145
11189,51,212,5975
11190,51,216,6211
11191,51,220,6117
11192,51,224,5975
11193,51,228,5641
11194,51,232,5636
11195,51,236,5109
11196,51,241,5391
11197,51,245,4963
11198,51,249,4994
11199,51,253,4947
11200,51,257,4750
11201,51,261,4245
11202,51,265,4702
11203,51,269,4575
11204,51,274,4289
11205,51,278,4468
11206,51,282,4568
11207,51,286,4401
11208,51,290,3655
11209,51,294,3920
11210,51,298,3055
11211,51,302,3256
11212,51,307,3437
11213,51,311,2975
11214,51,315,3065
11215,51,319,2858
11216,51,323,2745
11217,51,327,3089
11218,51,331,2908
11219,51,335,2463
11220,51,339,2775
11221,51,344,2516
11222,51,348,2260
11223,51,352,1952
11224,51,356,1913
11225,51,360,1811
11226,51,364,2302
11227,51,368,1888
11228,51,372,2161
11229,51,377,2215
11230,51,381,1954
11231,51,385,1908
11232,51,389,1662
11233,51,393,1778
11234,51,397,1543
11235,51,401,1745
11236,51,405,1649
11237,51,410,1738
11238,51,414,1484
11239,51,418,1298
11240,51,422,1486
11241,51,426,1189
11242,51,430,1519
11243,51,434,1234
11244,51,438,1107
11245,51,443,1006
11246,51,447,891
11247,51,451,1043
11248,51,455,1287
11249,51,459,1373
11250,51,463,1045
11251,51,467,715
11252,51,471,922
11253,51,476,969
11254,51,480,965
11255,51,484,880
11256,51,488,826
11257,51,492,985
11258,51,496,893
11259,51,500,790
11260,51,504,924
11261,51,508,916
11262,51,513,622
11263,51,517,972
11264,51,521,523
11265,51,525,549
11266,51,529,882
11267,51,533,662
11268,51,537,823
11269,51,541,793
11270,51,546,589
11271,51,550,710
11272,51,554,859
11273,51,558,657
11274,51,562,723
11275,51,566,505
11276,51,570,616
11277,51,574,560
11278,51,579,581
11279,51,583,617
11280,51,587,424
11281,51,591,363
11282,51,595,328
11283,51,599,620
11284,51,603,431
11285,51,607,377
11286,51,612,702
11287,51,616,608
11288,51,620,691
11289,51,624,663
11290,51,628,413
11291,51,632,756
11292,51,636,496
11293,51,640,362
11294,51,645,415
11295,51,649,608
11296,51,653,692
11297,51,657,426
11298,51,661,610
11299,51,665,527
11300,51,669,438
11301,51,673,506
11302,51,677,444
11303,51,682,635
11304,51,686,437
11305,51,690,344
11306,51,694,350
11307,51,698,407
11308,51,702,414
11309,51,706,390
11310,51,710,415
11311,51,715,429
11312,51,719,366
11313,51,723,397
11314,51,727,464
11315,51,731,351
11316,51,735,631
11317,51,739,672
11318,51,743,331
11319,51,748,614
11320,51,752,505
11321,51,756,360
11322,51,760,373
11323,51,764,354
11324,51,768,603
11325,51,772,589
11326,51,776,626
11327,51,781,460
11328,51,785,740
11329,51,789,646
11330,51,793,766
11331,51,797,784
11332,51,801,951
11333,51,805,674
11334,51,809,1026
11335,51,814,1187
11336,51,818,954
11337,51,822,1275
11338,51,826,1380
11339,51,830,1598
11340,51,834,1889
11341,51,838,1787
11342,51,842,2279
11343,51,846,2294
11344,51,851,3201
11345,51,855,3535
11346,51,859,3023
11347,51,863,4305
11348,51,867,3715
11349,51,871,4132
11350,51,875,4838
11351,51,879,6029
11352,51,884,5481
11353,51,888,6223
11354,51,892,7174
11355,51,896,7469
11356,51,900,8486
11357,51,904,9587
11358,51,908,10198
11359,51,912,11176
11360,51,917,12041
11361,51,921,12278
11362,51,925,12780
11363,51,929,13622
11364,51,933,15436
11365,51,937,15788
11366,51,941,16351
11367,51,945,16464
11368,51,950,17176
11369,51,954,18472
11370,51,958,18592
11371,51,962,19608
11372,51,966,19440
11373,51,970,20760
11374,51,974,22192
11375,51,978,22016
11376,51,983,22616
11377,51,987,22952
11378,51,991,22720
11379,51,995,24032
11380,51,999,22712
11381,52,003,23504
11382,52,007,23720
11383,52,011,23080
11384,52,015,21904
11385,52,020,23112
11386,52,024,22760
11387,52,028,21864
11388,52,032,22512
11389,52,036,21504
11390,52,040,20800
11391,52,044,21744
11392,52,048,21592
11393,52,053,20960
11394,52,057,19896
11395,52,061,19928
11396,52,065,18816
11397,52,069,17608
11398,52,073,17528
11399,52,077,16600
11400,52,081,16520
11401,52,086,16206
11402,52,090,15402
11403,52,094,15026
11404,52,098,15151
11405,52,102,13847
11406,52,106,13384
11407,52,110,12783
11408,52,114,12768
11409,52,119,12489
11410,52,123,11922
11411,52,127,11434
11412,52,131,11070
11413,52,135,10853
11414,52,139,10146
11415,52,143,10204
11416,52,147,10377
11417,52,152,9143
11418,52,156,9478
11419,52,160,8402
11420,52,164,7432
11421,52,168,8495
11422,52,172,7619
11423,52,176,7205
11424,52,180,7469
11425,52,184,6959
11426,52,189,6904
11427,52,193,6990
11428,52,197,6246
11429,52,201,5551
11430,52,205,5849
11431,52,209,6116
11432,52,213,5010
11433,52,217,5244
11434,52,222,4805
11435,52,226,4819
11436,52,230,4837
11437,52,234,4334
11438,52,238,3712
11439,52,242,4340
11440,52,246,3694
11441,52,250,3892
11442,52,255,3528
11443,52,259,3486
11444,52,263,3743
11445,52,267,3338
11446,52,271,3374
11447,52,275,2994
11448,52,279,3084
11449,52,283,2996
11450,52,288,3309
11451,52,292,2960
11452,52,296,2650
11453,52,300,2834
11454,52,304,2939
11455,52,308,2726
11456,52,312,3152
11457,52,316,2339
11458,52,321,2720
11459,52,325,2238
11460,52,329,2373
11461,52,333,1806
11462,52,337,2237
11463,52,341,2211
11464,52,345,2083
11465,52,349,1985
11466,52,353,1907
11467,52,358,1899
11468,52,362,1958
11469,52,366,1982
11470,52,370,1884
11471,52,374,1840
11472,52,378,2134
11473,52,382,1611
11474,52,386,1413
11475,52,391,1614
11476,52,395,1811
11477,52,399,1705
11478,52,403,1248
11479,52,407,1638
11480,52,411,1336
11481,52,415,1418
11482,52,419,1524
11483,52,424,1482
11484,52,428,1065
11485,52,432,1298
11486,52,436,1060
11487,52,440,1409
11488,52,444,1333
11489,52,448,1022
11490,52,452,1128
11491,52,457,1472
11492,52,461,1199
11493,52,465,1168
11494,52,469,1322
11495,52,473,923
11496,52,477,1085
11497,52,481,949
11498,52,485,772
11499,52,490,1201
11500,52,494,854
11501,52,498,909
11502,52,502,1061
11503,52,506,913
11504,52,510,963
11505,52,514,1086
11506,52,518,708
11507,52,522,846
11508,52,527,635
11509,52,531,1066
11510,52,535,667
11511,52,539,859
11512,52,543,560
11513,52,547,601
11514,52,551,665
11515,52,555,665
11516,52,560,644
11517,52,564,599
11518,52,568,589
11519,52,572,574
11520,52,576,572
11521,52,580,643
11522,52,584,453
11523,52,588,459
11524,52,593,450
11525,52,597,377
11526,52,601,515
11527,52,605,346
11528,52,609,535
11529,52,613,558
11530,52,617,651
11531,52,621,544
11532,52,626,355
11533,52,630,582
11534,52,634,671
11535,52,638,453
11536,52,642,396
11537,52,646,344
11538,52,650,542
11539,52,654,330
11540,52,659,752
11541,52,663,612
11542,52,667,457
11543,52,671,619
11544,52,675,432
11545,52,679,344
11546,52,683,350
11547,52,687,563
11548,52,691,434
11549,52,696,357
11550,52,700,501
11551,52,704,364
11552,52,708,587
11553,52,712,436
11554,52,716,393
11555,52,720,282
11556,52,724,359
11557,52,729,614
11558,52,733,535
11559,52,737,450
11560,52,741,419
11561,52,745,291
11562,52,749,233
11563,52,753,483
11564,52,757,382
11565,52,762,397
11566,52,766,392
11567,52,770,358
11568,52,774,362
11569,52,778,242
11570,52,782,315
11571,52,786,281
11572,52,790,176
11573,52,795,217
11574,52,799,236
11575,52,803,349
11576,52,807,270
11577,52,811,297
11578,52,815,293
11579,52,819,461
11580,52,823,506
11581,52,828,355
11582,52,832,237
11583,52,836,365
11584,52,840,260
11585,52,844,335
11586,52,848,0
11587,52,852,196
11588,52,856,0
11589,52,860,207
11590,52,865,316
11591,52,869,0
11592,52,873,193
11593,52,877,210
11594,52,881,321
11595,52,885,311
11596,52,889,220
11597,52,893,185
11598,52,898,221
11599,52,902,253
11600,52,906,291
11601,52,910,270
11602,52,914,211
11603,52,918,206
11604,52,922,326
11605,52,926,183
11606,52,931,261
11607,52,935,212
11608,52,939,226
11609,52,943,163
11610,52,947,289
11611,52,951,258
11612,52,955,325
11613,52,959,0
11614,52,964,230
11615,52,968,331
11616,52,972,277
11617,52,976,225
11618,52,980,367
11619,52,984,203
11620,52,988,241
11621,52,992,248
11622,52,997,162
11623,53,001,226
11624,53,005,189
11625,53,009,165
11626,53,013,241
11627,53,017,181
11628,53,021,197
11629,53,025,260
11630,53,029,326
11631,53,034,363
11632,53,038,272
11633,53,042,0
11634,53,046,256
11635,53,050,301
11636,53,054,202
11637,53,058,336
11638,53,062,0
11639,53,067,228
11640,53,071,0
11641,53,075,364
11642,53,079,173
11643,53,083,189
11644,53,087,0
11645,53,091,0
11646,53,095,0
11647,53,100,218
11648,53,104,247
11649,53,108,178
11650,53,112,225
11651,53,116,0
11652,53,120,0
11653,53,124,265
11654,53,128,264
11655,53,133,224
11656,53,137,212
11657,53,141,150
11658,53,145,177
11659,53,149,223
11660,53,153,0
11661,53,157,156
11662,53,161,262
11663,53,166,0
11664,53,170,175
11665,53,174,0
11666,53,178,182
11667,53,182,199
11668,53,186,0
11669,53,190,246
11670,53,194,215
11671,53,199,230
11672,53,203,169
11673,53,207,164
11674,53,211,223
11675,53,215,151
11676,53,219,0
11677,53,223,368
11678,53,227,270
11679,53,231,255
11680,53,236,161
11681,53,240,220
11682,53,244,176
11683,53,248,203
11684,53,252,165
11685,53,256,0
11686,53,260,0
11687,53,264,0
11688,53,269,188
11689,53,273,248
11690,53,277,201
11691,53,281,191
11692,53,285,0
11693,53,289,0
11694,53,293,240
11695,53,297,160
11696,53,302,311
11697,53,306,0
11698,53,310,0
11699,53,314,184
11700,53,318,200
11701,53,322,161
11702,53,326,157
11703,53,330,215
11704,53,335,0
11705,53,339,250
11706,53,343,0
11707,53,347,0
11708,53,351,242
11709,53,355,178
11710,53,359,174
11711,53,363,191
11712,53,368,205
11713,53,372,276
11714,53,376,155
11715,53,380,0
11716,53,384,0
11717,53,388,198
11718,53,392,0
11719,53,396,0
11720,53,400,212
11721,53,405,198
11722,53,409,158
11723,53,413,0
11724,53,417,157
11725,53,421,0
11726,53,425,0
11727,53,429,0
11728,53,433,175
11729,53,438,288
11730,53,442,0
11731,53,446,172
11732,53,450,0
11733,53,454,0
11734,53,458,0
11735,53,462,177
11736,53,466,161
11737,53,471,151
11738,53,475,167
11739,53,479,0
11740,53,483,0
11741,53,487,150
11742,53,491,0
11743,53,495,0
11744,53,499,0
11745,53,504,0
11746,53,508,165
11747,53,512,0
11748,53,516,0
11749,53,520,190
11750,53,524,212
11751,53,528,0
11752,53,532,0
11753,53,537,244
11754,53,541,200
11755,53,545,158
11756,53,549,237
11757,53,553,0
11758,53,557,188
11759,53,561,0
11760,53,565,0
11761,53,569,172
11762,53,574,0
11763,53,578,0
11764,53,582,0
11765,53,586,183
11766,53,590,164
11767,53,594,152
11768,53,598,0
11769,53,602,158
11770,53,607,0
11771,53,611,318
11772,53,615,0
11773,53,619,0
11774,53,623,185
11775,53,627,0
11776,53,631,0
11777,53,635,0
11778,53,640,0
11779,53,644,211
11780,53,648,189
11781,53,652,231
11782,53,656,245
11783,53,660,0
11784,53,664,245
11785,53,668,216
11786,53,673,188
11787,53,677,0
11788,53,681,0
11789,53,685,173
11790,53,689,0
11791,53,693,0
11792,53,697,0
11793,53,701,0
11794,53,706,0
11795,53,710,0
11796,53,714,0
11797,53,718,0
11798,53,722,0
11799,53,726,173
11800,53,730,175
11801,53,734,0
11802,53,738,0
11803,53,743,165
11804,53,747,0
11805,53,751,0
11806,53,755,156
11807,53,759,0
11808,53,763,0
11809,53,767,0
11810,53,771,167
11811,53,776,0
11812,53,780,0
11813,53,784,165
11814,53,788,215
11815,53,792,0
11816,53,796,0
11817,53,800,211
11818,53,804,0
11819,53,809,254
11820,53,813,0
11821,53,817,0
11822,53,821,236
11823,53,825,156
11824,53,829,0
11825,53,833,0
11826,53,837,0
11827,53,842,202
11828,53,846,0
11829,53,850,0
11830,53,854,0
11831,53,858,191
11832,53,862,0
11833,53,866,0
11834,53,870,0
11835,53,875,158
11836,53,879,0
11837,53,883,0
11838,53,887,0
11839,53,891,0
11840,53,895,0
11841,53,899,183
11842,53,903,197
11843,53,907,0
11844,53,912,0
11845,53,916,189
11846,53,920,0
11847,53,924,0
11848,53,928,231
11849,53,932,190
11850,53,936,0
11851,53,940,0
11852,53,945,201
11853,53,949,0
11854,53,953,0
11855,53,957,215
11856,53,961,0
11857,53,965,159
11858,53,969,0
11859,53,973,0
11860,53,978,0
11861,53,982,0
11862,53,986,0
11863,53,990,192
11864,53,994,0
11865,53,998,0
11866,54,002,175
11867,54,006,155
11868,54,011,0
11869,54,015,165
11870,54,019,175
11871,54,023,0
11872,54,027,271
11873,54,031,211
11874,54,035,0
11875,54,039,0
11876,54,044,0
11877,54,048,0
11878,54,052,0
11879,54,056,159
11880,54,060,0
11881,54,064,0
11882,54,068,0
11883,54,072,0
11884,54,076,0
11885,54,081,0
11886,54,085,200
11887,54,089,212
11888,54,093,183
11889,54,097,155
11890,54,101,232
11891,54,105,0
11892,54,109,206
11893,54,114,0
11894,54,118,0
11895,54,122,186
11896,54,126,336
11897,54,130,0
11898,54,134,0
11899,54,138,160
11900,54,142,178
11901,54,147,0
11902,54,151,153
11903,54,155,0
11904,54,159,167
11905,54,163,0
11906,54,167,0
11907,54,171,198
11908,54,175,0
11909,54,180,0
11910,54,184,0
11911,54,188,159
11912,54,192,0
11913,54,196,0
11914,54,200,0
11915,54,204,0
11916,54,208,0
11917,54,213,0
11918,54,217,0
11919,54,221,0
11920,54,225,290
11921,54,229,203
11922,54,233,162
11923,54,237,0
11924,54,241,242
11925,54,245,0
11926,54,250,0
11927,54,254,151
11928,54,258,0
11929,54,262,165
11930,54,266,170
11931,54,270,0
11932,54,274,0
11933,54,278,0
11934,54,283,0
11935,54,287,0
11936,54,291,0
11937,54,295,0
11938,54,299,185
11939,54,303,0
11940,54,307,0
11941,54,311,159
11942,54,316,210
11943,54,320,0
11944,54,324,162
11945,54,328,0
11946,54,332,0
11947,54,336,0
11948,54,340,212
11949,54,344,152
11950,54,349,0
11951,54,353,0
11952,54,357,0
11953,54,361,0
11954,54,365,0
11955,54,369,0
11956,54,373,0
11957,54,377,181
11958,54,382,0
11959,54,386,0
11960,54,390,233
11961,54,394,0
11962,54,398,0
11963,54,402,0
11964,54,406,0
11965,54,410,0
11966,54,414,0
11967,54,419,0
11968,54,423,0
11969,54,427,0
11970,54,431,0
11971,54,435,0
11972,54,439,0
11973,54,443,164
11974,54,447,197
11975,54,452,164
11976,54,456,0
11977,54,460,0
11978,54,464,195
11979,54,468,192
11980,54,472,0
11981,54,476,0
11982,54,480,243
11983,54,485,0
11984,54,489,0
11985,54,493,0
11986,54,497,0
11987,54,501,0
11988,54,505,0
11989,54,509,169
11990,54,513,0
11991,54,518,0
11992,54,522,0
11993,54,526,150
11994,54,530,0
11995,54,534,0
11996,54,538,0
11997,54,542,153
11998,54,546,0
11999,54,551,0
12000,54,555,0
12001,54,559,233
12002,54,563,0
12003,54,567,0
12004,54,571,0
12005,54,575,0
12006,54,579,0
12007,54,583,0
12008,54,588,0
12009,54,592,0
12010,54,596,0
12011,54,600,0
12012,54,604,0
12013,54,608,0
12014,54,612,0
12015,54,616,0
12016,54,621,0
12017,54,625,0
12018,54,629,0
12019,54,633,0
12020,54,637,0
12021,54,641,0
12022,54,645,0
12023,54,649,0
12024,54,654,0
12025,54,658,0
12026,54,662,150
12027,54,666,0
12028,54,670,151
12029,54,674,0
12030,54,678,179
12031,54,682,0
12032,54,687,157
12033,54,691,0
12034,54,695,0
12035,54,699,0
12036,54,703,0
12037,54,707,0
12038,54,711,0
12039,54,715,0
12040,54,720,0
12041,54,724,0
12042,54,728,0
12043,54,732,197
12044,54,736,219
12045,54,740,180
12046,54,744,0
12047,54,748,0
12048,54,752,159
12049,54,757,189
12050,54,761,0
12051,54,765,0
12052,54,769,0
12053,54,773,0
12054,54,777,0
12055,54,781,0
12056,54,785,0
12057,54,790,206
12058,54,794,0
12059,54,798,0
12060,54,802,0
12061,54,806,0
12062,54,810,0
12063,54,814,0
12064,54,818,0
12065,54,823,183
12066,54,827,164
12067,54,831,0
12068,54,835,0
12069,54,839,0
12070,54,843,0
12071,54,847,0
12072,54,851,0
12073,54,856,0
12074,54,860,0
12075,54,864,0
12076,54,868,0
12077,54,872,0
12078,54,876,170
12079,54,880,0
12080,54,884,212
12081,54,889,0
12082,54,893,0
12083,54,897,182
12084,54,901,0
12085,54,905,0
12086,54,909,0
12087,54,913,215
12088,54,917,170
12089,54,921,0
12090,54,926,0
12091,54,930,0
12092,54,934,0
12093,54,938,0
12094,54,942,0
12095,54,946,0
12096,54,950,0
12097,54,954,0
12098,54,959,0
12099,54,963,0
12100,54,967,0
12101,54,971,0
12102,54,975,0
12103,54,979,0
12104,54,983,0
12105,54,987,157
12106,54,992,0
12107,54,996,158
12108,55,000,0
12109,55,004,0
12110,55,008,263
12111,55,012,0
12112,55,016,0
12113,55,020,0
12114,55,025,0
12115,55,029,0
12116,55,033,0
12117,55,037,0
12118,55,041,0
12119,55,045,0
12120,55,049,0
12121,55,053,153
12122,55,058,0
12123,55,062,0
12124,55,066,0
12125,55,070,0
12126,55,074,0
12127,55,078,238
12128,55,082,0
12129,55,086,0
12130,55,090,0
12131,55,095,0
12132,55,099,0
12133,55,103,0
12134,55,107,0
12135,55,111,0
12136,55,115,156
12137,55,119,0
12138,55,123,0
12139,55,128,0
12140,55,132,0
12141,55,136,0
12142,55,140,0
12143,55,144,0
12144,55,148,0
12145,55,152,0
12146,55,156,0
12147,55,161,0
12148,55,165,0
12149,55,169,0
12150,55,173,0
12151,55,177,0
12152,55,181,0
12153,55,185,0
12154,55,189,0
12155,55,194,0
12156,55,198,0
12157,55,202,212
12158,55,206,0
12159,55,210,0
12160,55,214,0
12161,55,218,0
12162,55,222,0
12163,55,227,187
12164,55,231,182
12165,55,235,0
12166,55,239,0
12167,55,243,0
12168,55,247,0
12169,55,251,0
12170,55,255,0
12171,55,259,0
12172,55,264,0
12173,55,268,0
12174,55,272,0
12175,55,276,0
12176,55,280,0
12177,55,284,0
12178,55,288,0
12179,55,292,174
12180,55,297,0
12181,55,301,0
12182,55,305,152
12183,55,309,0
12184,55,313,0
12185,55,317,0
12186,55,321,0
12187,55,325,0
12188,55,330,0
12189,55,334,0
12190,55,338,0
12191,55,342,0
12192,55,346,161
12193,55,350,0
12194,55,354,0
12195,55,358,0
12196,55,363,0
12197,55,367,0
12198,55,371,163
12199,55,375,0
12200,55,379,159
12201,55,383,0
12202,55,387,0
12203,55,391,0
12204,55,396,152
12205,55,400,0
12206,55,404,0
12207,55,408,0
12208,55,412,0
12209,55,416,0
12210,55,420,187
12211,55,424,0
12212,55,428,0
12213,55,433,0
12214,55,437,196
12215,55,441,0
12216,55,445,174
12217,55,449,0
12218,55,453,0
12219,55,457,0
12220,55,461,156
12221,55,466,0
12222,55,470,0
12223,55,474,154
12224,55,478,0
12225,55,482,0
12226,55,486,0
12227,55,490,0
12228,55,494,0
12229,55,499,0
12230,55,503,0
12231,55,507,0
12232,55,511,0
12233,55,515,0
12234,55,519,0
12235,55,523,0
12236,55,527,0
12237,55,532,0
12238,55,536,0
12239,55,540,0
12240,55,544,0
12241,55,548,0
12242,55,552,0
12243,55,556,0
12244,55,560,0
12245,55,565,0
12246,55,569,0
12247,55,573,168
12248,55,577,0
12249,55,581,0
12250,55,585,209
12251,55,589,0
12252,55,593,155
12253,55,597,0
12254,55,602,0
12255,55,606,0
12256,55,610,0
12257,55,614,0
12258,55,618,0
12259,55,622,0
12260,55,626,0
12261,55,630,155
12262,55,635,0
12263,55,639,0
12264,55,643,184
12265,55,647,0
12266,55,651,0
12267,55,655,0
12268,55,659,172
12269,55,663,255
12270,55,668,188
12271,55,672,0
12272,55,676,0
12273,55,680,0
12274,55,684,194
12275,55,688,178
12276,55,692,0
12277,55,696,0
12278,55,701,174
12279,55,705,0
12280,55,709,0
12281,55,713,0
12282,55,717,0
12283,55,721,0
12284,55,725,0
12285,55,729,0
12286,55,734,0
12287,55,738,0
12288,55,742,183
12289,55,746,0
12290,55,750,0
12291,55,754,0
12292,55,758,0
12293,55,762,155
12294,55,766,0
12295,55,771,0
12296,55,775,193
12297,55,779,0
12298,55,783,0
12299,55,787,0
12300,55,791,0
12301,55,795,0
12302,55,799,179
12303,55,804,0
12304,55,808,0
12305,55,812,166
12306,55,816,264
12307,55,820,177
12308,55,824,0
12309,55,828,0
12310,55,832,0
12311,55,837,0
12312,55,841,276
12313,55,845,186
12314,55,849,0
12315,55,853,211
12316,55,857,210
12317,55,861,160
12318,55,865,212
12319,55,870,366
12320,55,874,268
12321,55,878,190
12322,55,882,248
12323,55,886,0
12324,55,890,236
12325,55,894,224
12326,55,898,274
12327,55,903,227
12328,55,907,338
12329,55,911,233
12330,55,915,397
12331,55,919,296
12332,55,923,512
12333,55,927,486
12334,55,931,560
12335,55,935,534
12336,55,940,896
12337,55,944,739
12338,55,948,687
12339,55,952,828
12340,55,956,1047
12341,55,960,926
12342,55,964,1002
12343,55,968,1333
12344,55,973,1305
12345,55,977,1064
12346,55,981,1517
12347,55,985,1664
12348,55,989,1528
12349,55,993,1969
12350,55,997,1641
12351,56,001,1915
12352,56,006,2248
12353,56,010,2433
12354,56,014,2141
12355,56,018,2371
12356,56,022,2478
12357,56,026,2719
12358,56,030,2471
12359,56,034,2857
12360,56,039,3494
12361,56,043,3311
12362,56,047,3141
12363,56,051,3474
12364,56,055,3390
12365,56,059,3800
12366,56,063,3903
12367,56,067,3591
12368,56,072,3938
12369,56,076,4049
12370,56,080,4813
12371,56,084,4612
12372,56,088,4987
12373,56,092,4528
12374,56,096,4669
12375,56,100,4343
12376,56,104,4889
12377,56,109,4903
12378,56,113,3857
12379,56,117,4642
12380,56,121,4686
12381,56,125,4619
12382,56,129,4446
12383,56,133,4276
12384,56,137,4310
12385,56,142,4990
12386,56,146,4133
12387,56,150,3625
12388,56,154,4504
12389,56,158,4145
12390,56,162,3635
12391,56,166,4230
12392,56,170,3911
12393,56,175,3767
12394,56,179,4062
12395,56,183,3732
12396,56,187,3466
12397,56,191,3160
12398,56,195,3442
12399,56,199,3007
12400,56,203,2849
12401,56,208,3114
12402,56,212,2932
12403,56,216,3024
12404,56,220,2439
12405,56,224,2788
12406,56,228,2266
12407,56,232,2374
12408,56,236,2404
12409,56,241,2373
12410,56,245,2058
12411,56,249,2038
12412,56,253,1931
12413,56,257,2200
12414,56,261,1964
12415,56,265,1920
12416,56,269,1853
12417,56,273,1780
12418,56,278,1469
12419,56,282,1899
12420,56,286,1840
12421,56,290,1493
12422,56,294,1442
12423,56,298,1537
12424,56,302,1480
12425,56,306,1558
12426,56,311,1445
12427,56,315,1188
12428,56,319,1341
12429,56,323,1365
12430,56,327,1209
12431,56,331,1345
12432,56,335,1105
12433,56,339,980
12434,56,344,739
12435,56,348,1035
12436,56,352,1205
12437,56,356,905
12438,56,360,982
12439,56,364,1061
12440,56,368,801
12441,56,372,795
12442,56,377,1114
12443,56,381,928
12444,56,385,891
12445,56,389,1141
12446,56,393,699
12447,56,397,1006
12448,56,401,845
12449,56,405,640
12450,56,410,681
12451,56,414,918
12452,56,418,717
12453,56,422,889
12454,56,426,701
12455,56,430,661
12456,56,434,571
12457,56,438,610
12458,56,442,775
12459,56,447,634
12460,56,451,572
12461,56,455,440
12462,56,459,502
12463,56,463,651
12464,56,467,669
12465,56,471,519
12466,56,475,452
12467,56,480,808
12468,56,484,368
12469,56,488,603
12470,56,492,623
12471,56,496,625
12472,56,500,497
12473,56,504,696
12474,56,508,661
12475,56,513,321
12476,56,517,571
12477,56,521,382
12478,56,525,426
12479,56,529,620
12480,56,533,382
12481,56,537,495
12482,56,541,422
12483,56,546,502
12484,56,550,468
12485,56,554,530
12486,56,558,523
12487,56,562,487
12488,56,566,371
12489,56,570,380
12490,56,574,382
12491,56,579,352
12492,56,583,428
12493,56,587,360
12494,56,591,352
12495,56,595,361
12496,56,599,273
12497,56,603,323
12498,56,607,216
12499,56,611,393
12500,56,616,308
12501,56,620,337
12502,56,624,320
12503,56,628,416
12504,56,632,351
12505,56,636,318
12506,56,640,561
12507,56,644,268
12508,56,649,311
12509,56,653,318
12510,56,657,225
12511,56,661,0
12512,56,665,450
12513,56,669,347
12514,56,673,339
12515,56,677,177
12516,56,682,252
12517,56,686,262
12518,56,690,297
12519,56,694,360
12520,56,698,328
12521,56,702,280
12522,56,706,353
12523,56,710,451
12524,56,715,330
12525,56,719,413
12526,56,723,279
12527,56,727,224
12528,56,731,282
12529,56,735,201
12530,56,739,248
12531,56,743,285
12532,56,748,212
12533,56,752,407
12534,56,756,263
12535,56,760,319
12536,56,764,252
12537,56,768,220
12538,56,772,251
12539,56,776,290
12540,56,780,230
12541,56,785,286
12542,56,789,248
12543,56,793,325
12544,56,797,292
12545,56,801,199
12546,56,805,308
12547,56,809,183
12548,56,813,322
12549,56,818,0
12550,56,822,319
12551,56,826,183
12552,56,830,285
12553,56,834,280
12554,56,838,241
12555,56,842,0
12556,56,846,303
12557,56,851,283
12558,56,855,182
12559,56,859,176
12560,56,863,154
12561,56,867,287
12562,56,871,169
12563,56,875,242
12564,56,879,200
12565,56,884,158
12566,56,888,300
12567,56,892,228
12568,56,896,167
12569,56,900,322
12570,56,904,188
12571,56,908,251
12572,56,912,199
12573,56,917,266
12574,56,921,169
12575,56,925,223
12576,56,929,310
12577,56,933,285
12578,56,937,271
12579,56,941,0
12580,56,945,196
12581,56,949,216
12582,56,954,194
12583,56,958,344
12584,56,962,172
12585,56,966,0
12586,56,970,247
12587,56,974,0
12588,56,978,0
12589,56,982,152
12590,56,987,186
12591,56,991,158
12592,56,995,0
12593,56,999,151
12594,57,003,166
12595,57,007,327
12596,57,011,0
12597,57,015,160
12598,57,020,203
12599,57,024,222
12600,57,028,235
12601,57,032,164
12602,57,036,260
12603,57,040,177
12604,57,044,194
12605,57,048,266
12606,57,053,152
12607,57,057,165
12608,57,061,167
12609,57,065,160
12610,57,069,0
12611,57,073,398
12612,57,077,159
12613,57,081,222
12614,57,086,174
12615,57,090,195
12616,57,094,191
12617,57,098,212
12618,57,102,150
12619,57,106,0
12620,57,110,0
12621,57,114,0
12622,57,118,196
12623,57,123,257
12624,57,127,185
12625,57,131,328
12626,57,135,0
12627,57,139,173
12628,57,143,263
12629,57,147,186
12630,57,151,174
12631,57,156,162
12632,57,160,155
12633,57,164,166
12634,57,168,0
12635,57,172,201
12636,57,176,173
12637,57,180,162
12638,57,184,0
12639,57,189,184
12640,57,193,176
12641,57,197,187
12642,57,201,159
12643,57,205,220
12644,57,209,0
12645,57,213,208
12646,57,217,223
12647,57,222,168
12648,57,226,0
12649,57,230,0
12650,57,234,179
12651,57,238,0
12652,57,242,151
12653,57,246,0
12654,57,250,198
12655,57,255,0
12656,57,259,227
12657,57,263,259
12658,57,267,170
12659,57,271,208
12660,57,275,218
12661,57,279,182
12662,57,283,209
12663,57,287,0
12664,57,292,152
12665,57,296,0
12666,57,300,0
12667,57,304,0
12668,57,308,150
12669,57,312,0
12670,57,316,0
12671,57,320,0
12672,57,325,256
12673,57,329,172
12674,57,333,0
12675,57,337,211
12676,57,341,0
12677,57,345,175
12678,57,349,189
12679,57,353,0
12680,57,358,0
12681,57,362,170
12682,57,366,172
12683,57,370,163
12684,57,374,212
12685,57,378,171
12686,57,382,0
12687,57,386,0
12688,57,391,200
12689,57,395,0
12690,57,399,222
12691,57,403,0
12692,57,407,0
12693,57,411,155
12694,57,415,0
12695,57,419,0
12696,57,424,0
12697,57,428,264
12698,57,432,164
12699,57,436,205
12700,57,440,205
12701,57,444,0
12702,57,448,194
12703,57,452,0
12704,57,456,170
12705,57,461,0
12706,57,465,232
12707,57,469,0
12708,57,473,232
12709,57,477,169
12710,57,481,175
12711,57,485,0
12712,57,489,151
12713,57,494,296
12714,57,498,230
12715,57,502,0
12716,57,506,151
12717,57,510,157
12718,57,514,0
12719,57,518,211
12720,57,522,153
12721,57,527,155
12722,57,531,224
12723,57,535,0
12724,57,539,0
12725,57,543,213
12726,57,547,0
12727,57,551,0
12728,57,555,0
12729,57,560,176
12730,57,564,0
12731,57,568,0
12732,57,572,0
12733,57,576,203
12734,57,580,0
12735,57,584,157
12736,57,588,179
12737,57,593,168
12738,57,597,0
12739,57,601,151
12740,57,605,0
12741,57,609,260
12742,57,613,186
12743,57,617,0
12744,57,621,0
12745,57,625,186
12746,57,630,0
12747,57,634,155
12748,57,638,194
12749,57,642,178
12750,57,646,0
12751,57,650,0
12752,57,654,160
12753,57,658,195
12754,57,663,221
12755,57,667,0
12756,57,671,0
12757,57,675,210
12758,57,679,0
12759,57,683,164
12760,57,687,0
12761,57,691,0
12762,57,696,176
12763,57,700,0
12764,57,704,0
12765,57,708,164
12766,57,712,0
12767,57,716,203
12768,57,720,151
12769,57,724,166
12770,57,729,0
12771,57,733,0
12772,57,737,232
12773,57,741,201
12774,57,745,218
12775,57,749,337
12776,57,753,348
12777,57,757,220
12778,57,762,0
12779,57,766,0
12780,57,770,0
12781,57,774,0
12782,57,778,217
12783,57,782,170
12784,57,786,0
12785,57,790,276
12786,57,794,185
12787,57,799,176
12788,57,803,233
12789,57,807,154
12790,57,811,0
12791,57,815,0
12792,57,819,0
12793,57,823,251
12794,57,827,171
12795,57,832,199
12796,57,836,178
12797,57,840,0
12798,57,844,184
12799,57,848,0
12800,57,852,0
12801,57,856,219
12802,57,860,0
12803,57,865,0
12804,57,869,0
12805,57,873,0
12806,57,877,218
12807,57,881,0
12808,57,885,0
12809,57,889,209
12810,57,893,153
12811,57,898,211
12812,57,902,0
12813,57,906,179
12814,57,910,240
12815,57,914,202
12816,57,918,0
12817,57,922,0
12818,57,926,0
12819,57,931,200
12820,57,935,154
12821,57,939,163
12822,57,943,189
12823,57,947,175
12824,57,951,224
12825,57,955,268
12826,57,959,167
12827,57,963,244
12828,57,968,356
12829,57,972,319
12830,57,976,370
12831,57,980,440
12832,57,984,306
12833,57,988,374
12834,57,992,336
12835,57,996,446
12836,58,001,403
12837,58,005,739
12838,58,009,586
12839,58,013,521
12840,58,017,622
12841,58,021,920
12842,58,025,745
12843,58,029,1088
12844,58,034,1197
12845,58,038,1115
12846,58,042,1327
12847,58,046,1812
12848,58,050,1266
12849,58,054,1611
12850,58,058,1977
12851,58,062,2464
12852,58,067,2241
12853,58,071,2928
12854,58,075,2280
12855,58,079,3059
12856,58,083,3118
12857,58,087,3244
12858,58,091,3143
12859,58,095,3903
12860,58,100,3906
12861,58,104,3819
12862,58,108,3884
12863,58,112,4142
12864,58,116,4756
12865,58,120,4315
12866,58,124,5050
12867,58,128,4956
12868,58,133,5675
12869,58,137,5288
12870,58,141,6209
12871,58,145,5964
12872,58,149,6060
12873,58,153,6889
12874,58,157,6493
12875,58,161,5844
12876,58,165,7223
12877,58,170,6399
12878,58,174,6815
12879,58,178,7161
12880,58,182,6557
12881,58,186,6372
12882,58,190,7010
12883,58,194,6540
12884,58,198,6648
12885,58,203,7062
12886,58,207,5885
12887,58,211,6551
12888,58,215,6378
12889,58,219,5568
12890,58,223,6628
12891,58,227,5533
12892,58,231,5413
12893,58,236,5276
12894,58,240,5501
12895,58,244,5054
12896,58,248,4574
12897,58,252,5188
12898,58,256,5256
12899,58,260,4818
12900,58,264,4343
12901,58,269,4753
12902,58,273,4265
12903,58,277,3946
12904,58,281,3939
12905,58,285,3702
12906,58,289,3769
12907,58,293,3600
12908,58,297,3436
12909,58,302,3898
12910,58,306,3480
12911,58,310,3613
12912,58,314,3093
12913,58,318,2868
12914,58,322,2866
12915,58,326,2756
12916,58,330,3113
12917,58,334,3211
12918,58,339,2760
12919,58,343,2472
12920,58,347,2460
12921,58,351,2353
12922,58,355,2489
12923,58,359,2203
12924,58,363,2356
12925,58,367,1917
12926,58,372,1860
12927,58,376,1975
12928,58,380,1950
12929,58,384,1949
12930,58,388,1670
12931,58,392,1680
12932,58,396,2160
12933,58,400,1561
12934,58,405,1717
12935,58,409,1591
12936,58,413,1879
12937,58,417,1279
12938,58,421,1129
12939,58,425,1448
12940,58,429,1873
12941,58,433,1388
12942,58,438,1173
12943,58,442,1286
12944,58,446,1418
12945,58,450,1020
12946,58,454,1217
12947,58,458,1342
12948,58,462,1391
12949,58,466,1165
12950,58,471,1294
12951,58,475,1336
12952,58,479,990
12953,58,483,1330
12954,58,487,946
12955,58,491,993
12956,58,495,973
12957,58,499,820
12958,58,503,819
12959,58,508,912
12960,58,512,985
12961,58,516,730
12962,58,520,722
12963,58,524,887
12964,58,528,778
12965,58,532,701
12966,58,536,941
12967,58,541,760
12968,58,545,813
12969,58,549,1082
12970,58,553,602
12971,58,557,798
12972,58,561,571
12973,58,565,797
12974,58,569,642
12975,58,574,610
12976,58,578,738
12977,58,582,433
12978,58,586,891
12979,58,590,746
12980,58,594,681
12981,58,598,534
12982,58,602,428
12983,58,607,599
12984,58,611,680
12985,58,615,668
12986,58,619,733
12987,58,623,467
12988,58,627,676
12989,58,631,648
12990,58,635,624
12991,58,640,390
12992,58,644,381
12993,58,648,411
12994,58,652,635
12995,58,656,730
12996,58,660,475
12997,58,664,415
12998,58,668,329
12999,58,672,436
13000,58,677,352
13001,58,681,495
13002,58,685,385
13003,58,689,544
13004,58,693,441
13005,58,697,351
13006,58,701,726
13007,58,705,425
13008,58,710,322
13009,58,714,434
13010,58,718,384
13011,58,722,439
13012,58,726,405
13013,58,730,480
13014,58,734,354
13015,58,738,463
13016,58,743,379
13017,58,747,384
13018,58,751,382
13019,58,755,359
13020,58,759,354
13021,58,763,450
13022,58,767,488
13023,58,771,445
13024,58,776,369
13025,58,780,319
13026,58,784,356
13027,58,788,366
13028,58,792,328
13029,58,796,346
13030,58,800,398
13031,58,804,367
13032,58,809,266
13033,58,813,384
13034,58,817,442
13035,58,821,475
13036,58,825,406
13037,58,829,310
13038,58,833,250
13039,58,837,241
13040,58,841,455
13041,58,846,277
13042,58,850,395
13043,58,854,352
13044,58,858,257
13045,58,862,364
13046,58,866,534
13047,58,870,296
13048,58,874,176
13049,58,879,183
13050,58,883,270
13051,58,887,183
13052,58,891,246
13053,58,895,279
13054,58,899,375
13055,58,903,280
13056,58,907,203
13057,58,912,240
13058,58,916,435
13059,58,920,247
13060,58,924,306
13061,58,928,284
13062,58,932,183
13063,58,936,363
13064,58,940,341
13065,58,945,277
13066,58,949,309
13067,58,953,412
13068,58,957,0
13069,58,961,188
13070,58,965,300
13071,58,969,198
13072,58,973,169
13073,58,978,258
13074,58,982,214
13075,58,986,210
13076,58,990,227
13077,58,994,339
13078,58,998,184
13079,59,002,350
13080,59,006,200
13081,59,010,173
13082,59,015,181
13083,59,019,290
13084,59,023,170
13085,59,027,277
13086,59,031,299
13087,59,035,0
13088,59,039,223
13089,59,043,276
13090,59,048,0
13091,59,052,247
13092,59,056,242
13093,59,060,0
13094,59,064,207
13095,59,068,187
13096,59,072,198
13097,59,076,231
13098,59,081,177
13099,59,085,214
13100,59,089,209
13101,59,093,203
13102,59,097,207
13103,59,101,194
13104,59,105,182
13105,59,109,234
13106,59,114,386
13107,59,118,284
13108,59,122,277
13109,59,126,0
13110,59,130,255
13111,59,134,160
13112,59,138,161
13113,59,142,164
13114,59,147,244
13115,59,151,167
13116,59,155,150
13117,59,159,175
13118,59,163,0
13119,59,167,234
13120,59,171,232
13121,59,175,309
13122,59,179,0
13123,59,184,199
13124,59,188,239
13125,59,192,183
13126,59,196,172
13127,59,200,229
13128,59,204,0
13129,59,208,266
13130,59,212,187
13131,59,217,0
13132,59,221,235
13133,59,225,171
13134,59,229,0
13135,59,233,0
13136,59,237,242
13137,59,241,151
13138,59,245,156
13139,59,250,0
13140,59,254,185
13141,59,258,217
13142,59,262,178
13143,59,266,171
13144,59,270,0
13145,59,274,257
13146,59,278,249
13147,59,283,161
13148,59,287,174
13149,59,291,0
13150,59,295,176
13151,59,299,199
13152,59,303,183
13153,59,307,206
13154,59,311,254
13155,59,316,234
13156,59,320,0
13157,59,324,247
13158,59,328,205
13159,59,332,153
13160,59,336,167
13161,59,340,208
13162,59,344,207
13163,59,348,213
13164,59,353,158
13165,59,357,0
13166,59,361,274
13167,59,365,0
13168,59,369,155
13169,59,373,0
13170,59,377,370
13171,59,381,0
13172,59,386,0
13173,59,390,0
13174,59,394,264
13175,59,398,153
13176,59,402,171
13177,59,406,0
13178,59,410,289
13179,59,414,162
13180,59,419,197
13181,59,423,309
13182,59,427,188
13183,59,431,295
13184,59,435,0
13185,59,439,205
13186,59,443,159
13187,59,447,0
13188,59,452,0
13189,59,456,0
13190,59,460,165
13191,59,464,0
13192,59,468,0
13193,59,472,0
13194,59,476,0
13195,59,480,182
13196,59,485,0
13197,59,489,0
13198,59,493,192
13199,59,497,166
13200,59,501,0
13201,59,505,0
13202,59,509,153
13203,59,513,0
13204,59,517,0
13205,59,522,0
13206,59,526,161
13207,59,530,0
13208,59,534,0
13209,59,538,0
13210,59,542,153
13211,59,546,0
13212,59,550,0
13213,59,555,0
13214,59,559,292
13215,59,563,0
13216,59,567,166
13217,59,571,0
13218,59,575,175
13219,59,579,0
13220,59,583,163
13221,59,588,158
13222,59,592,182
13223,59,596,240
13224,59,600,0
13225,59,604,154
13226,59,608,0
13227,59,612,0
13228,59,616,0
13229,59,621,187
13230,59,625,0
13231,59,629,237
13232,59,633,0
13233,59,637,156
13234,59,641,0
13235,59,645,0
13236,59,649,169
13237,59,654,157
13238,59,658,152
13239,59,662,0
13240,59,666,0
13241,59,670,0
13242,59,674,0
13243,59,678,0
13244,59,682,0
13245,59,686,0
13246,59,691,150
13247,59,695,0
13248,59,699,0
13249,59,703,253
13250,59,707,221
13251,59,711,0
13252,59,715,0
13253,59,719,160
13254,59,724,165
13255,59,728,0
13256,59,732,0
13257,59,736,283
13258,59,740,154
13259,59,744,0
13260,59,748,0
13261,59,752,0
13262,59,757,213
13263,59,761,0
13264,59,765,209
13265,59,769,281
13266,59,773,0
13267,59,777,0
13268,59,781,0
13269,59,785,0
13270,59,790,0
13271,59,794,0
13272,59,798,0
13273,59,802,153
13274,59,806,0
13275,59,810,0
13276,59,814,0
13277,59,818,0
13278,59,823,183
13279,59,827,213
13280,59,831,169
13281,59,835,337
13282,59,839,0
13283,59,843,219
13284,59,847,0
13285,59,851,151
13286,59,855,0
13287,59,860,0
13288,59,864,209
13289,59,868,0
13290,59,872,233
13291,59,876,153
13292,59,880,0
13293,59,884,0
13294,59,888,0
13295,59,893,178
13296,59,897,0
13297,59,901,175
13298,59,905,0
13299,59,909,252
13300,59,913,163
13301,59,917,0
13302,59,921,0
13303,59,926,0
13304,59,930,0
13305,59,934,0
13306,59,938,211
13307,59,942,0
13308,59,946,0
13309,59,950,199
13310,59,954,0
13311,59,959,214
13312,59,963,187
13313,59,967,0
13314,59,971,0
13315,59,975,0
13316,59,979,0
13317,59,983,209
13318,59,987,0
13319,59,992,151
13320,59,996,0
13321,60,000,0
13322,60,004,201
13323,60,008,0
13324,60,012,226
13325,60,016,192
13326,60,020,0
13327,60,024,0
13328,60,029,0
13329,60,033,0
13330,60,037,150
13331,60,041,152
13332,60,045,194
13333,60,049,0
13334,60,053,153
13335,60,057,186
13336,60,062,0
13337,60,066,0
13338,60,070,164
13339,60,074,0
13340,60,078,0
13341,60,082,172
13342,60,086,0
13343,60,090,0
13344,60,095,0
13345,60,099,0
13346,60,103,230
13347,60,107,161
13348,60,111,156
13349,60,115,0
13350,60,119,0
13351,60,123,0
13352,60,128,0
13353,60,132,0
13354,60,136,0
13355,60,140,181
13356,60,144,0
13357,60,148,0
13358,60,152,193
13359,60,156,195
13360,60,161,0
13361,60,165,0
13362,60,169,186
13363,60,173,0
13364,60,177,0
13365,60,181,0
13366,60,185,166
13367,60,189,0
13368,60,193,174
13369,60,198,0
13370,60,202,0
13371,60,206,0
13372,60,210,0
13373,60,214,212
13374,60,218,0
13375,60,222,167
13376,60,226,0
13377,60,231,160
13378,60,235,213
13379,60,239,0
13380,60,243,0
13381,60,247,0
13382,60,251,0
13383,60,255,0
13384,60,259,0
13385,60,264,0
13386,60,268,0
13387,60,272,166
13388,60,276,207
13389,60,280,0
13390,60,284,224
13391,60,288,196
13392,60,292,0
13393,60,297,0
13394,60,301,250
13395,60,305,0
13396,60,309,0
13397,60,313,0
13398,60,317,0
13399,60,321,177
13400,60,325,154
13401,60,330,0
13402,60,334,0
13403,60,338,0
13404,60,342,0
13405,60,346,169
13406,60,350,0
13407,60,354,168
13408,60,358,223
13409,60,362,0
13410,60,367,0
13411,60,371,174
13412,60,375,0
13413,60,379,0
13414,60,383,0
13415,60,387,0
13416,60,391,0
13417,60,395,0
13418,60,400,214
13419,60,404,0
13420,60,408,0
13421,60,412,0
13422,60,416,180
13423,60,420,150
13424,60,424,165
13425,60,428,0
13426,60,433,0
13427,60,437,0
13428,60,441,205
13429,60,445,175
13430,60,449,0
13431,60,453,0
13432,60,457,0
13433,60,461,0
13434,60,466,0
13435,60,470,0
13436,60,474,0
13437,60,478,0
13438,60,482,197
13439,60,486,0
13440,60,490,155
13441,60,494,167
13442,60,499,0
13443,60,503,0
13444,60,507,0
13445,60,511,185
13446,60,515,0
13447,60,519,0
13448,60,523,0
13449,60,527,0
13450,60,531,0
13451,60,536,0
13452,60,540,0
13453,60,544,0
13454,60,548,0
13455,60,552,162
13456,60,556,0
13457,60,560,163
13458,60,564,0
13459,60,569,0
13460,60,573,0
13461,60,577,0
13462,60,581,187
13463,60,585,0
13464,60,589,0
13465,60,593,0
13466,60,597,169
13467,60,602,0
13468,60,606,0
13469,60,610,0
13470,60,614,0
13471,60,618,0
13472,60,622,0
13473,60,626,159
13474,60,630,0
13475,60,635,198
13476,60,639,0
13477,60,643,0
13478,60,647,0
13479,60,651,0
13480,60,655,164
13481,60,659,191
13482,60,663,0
13483,60,668,0
13484,60,672,220
13485,60,676,0
13486,60,680,0
13487,60,684,0
13488,60,688,0
13489,60,692,152
13490,60,696,169
13491,60,700,0
13492,60,705,0
13493,60,709,0
13494,60,713,0
13495,60,717,0
13496,60,721,0
13497,60,725,0
13498,60,729,0
13499,60,733,0
13500,60,738,0
13501,60,742,180
13502,60,746,0
13503,60,750,329
13504,60,754,182
13505,60,758,0
13506,60,762,177
13507,60,766,0
13508,60,771,0
13509,60,775,0
13510,60,779,0
13511,60,783,0
13512,60,787,0
13513,60,791,166
13514,60,795,0
13515,60,799,0
13516,60,804,0
13517,60,808,0
13518,60,812,250
13519,60,816,154
13520,60,820,0
13521,60,824,215
13522,60,828,0
13523,60,832,187
13524,60,837,0
13525,60,841,0
13526,60,845,0
13527,60,849,0
13528,60,853,0
13529,60,857,0
13530,60,861,0
13531,60,865,0
13532,60,869,0
13533,60,874,151
13534,60,878,0
13535,60,882,0
13536,60,886,0
13537,60,890,0
13538,60,894,0
13539,60,898,0
13540,60,902,0
13541,60,907,178
13542,60,911,151
13543,60,915,206
13544,60,919,0
13545,60,923,0
13546,60,927,0
13547,60,931,0
13548,60,935,0
13549,60,940,244
13550,60,944,0
13551,60,948,0
13552,60,952,0
13553,60,956,0
13554,60,960,157
13555,60,964,189
13556,60,968,0
13557,60,973,0
13558,60,977,0
13559,60,981,0
13560,60,985,0
13561,60,989,152
13562,60,993,186
13563,60,997,0
13564,61,001,231
13565,61,006,0
13566,61,010,215
13567,61,014,167
13568,61,018,0
13569,61,022,0
13570,61,026,160
13571,61,030,0
13572,61,034,0
13573,61,038,167
13574,61,043,0
13575,61,047,234
13576,61,051,204
13577,61,055,159
13578,61,059,167
13579,61,063,0
13580,61,067,188
13581,61,071,0
13582,61,076,0
13583,61,080,0
13584,61,084,0
13585,61,088,158
13586,61,092,183
13587,61,096,0
13588,61,100,0
13589,61,104,163
13590,61,109,237
13591,61,113,189
13592,61,117,0
13593,61,121,186
13594,61,125,0
13595,61,129,172
13596,61,133,155
13597,61,137,0
13598,61,142,171
13599,61,146,0
13600,61,150,0
13601,61,154,0
13602,61,158,0
13603,61,162,0
13604,61,166,176
13605,61,170,0
13606,61,175,158
13607,61,179,156
13608,61,183,0
13609,61,187,0
13610,61,191,0
13611,61,195,193
13612,61,199,249
13613,61,203,0
13614,61,207,0
13615,61,212,155
13616,61,216,165
13617,61,220,0
13618,61,224,0
13619,61,228,188
13620,61,232,0
13621,61,236,0
13622,61,240,0
13623,61,245,0
13624,61,249,208
13625,61,253,0
13626,61,257,0
13627,61,261,256
13628,61,265,172
13629,61,269,253
13630,61,273,191
13631,61,278,0
13632,61,282,186
13633,61,286,0
13634,61,290,0
13635,61,294,0
13636,61,298,0
13637,61,302,0
13638,61,306,166
13639,61,311,0
13640,61,315,167
13641,61,319,188
13642,61,323,0
13643,61,327,0
13644,61,331,0
13645,61,335,0
13646,61,339,168
13647,61,344,0
13648,61,348,0
13649,61,352,193
13650,61,356,0
13651,61,360,0
13652,61,364,0
13653,61,368,245
13654,61,372,0
13655,61,376,0
13656,61,381,0
13657,61,385,0
13658,61,389,0
13659,61,393,159
13660,61,397,0
13661,61,401,0
13662,61,405,0
13663,61,409,0
13664,61,414,0
13665,61,418,0
13666,61,422,157
13667,61,426,0
13668,61,430,189
13669,61,434,0
13670,61,438,185
13671,61,442,152
13672,61,447,172
13673,61,451,163
13674,61,455,0
13675,61,459,273
13676,61,463,0
13677,61,467,0
13678,61,471,0
13679,61,475,0
13680,61,480,0
13681,61,484,0
13682,61,488,0
13683,61,492,180
13684,61,496,0
13685,61,500,0
13686,61,504,0
13687,61,508,0
13688,61,513,0
13689,61,517,179
13690,61,521,0
13691,61,525,226
13692,61,529,166
13693,61,533,0
13694,61,537,218
13695,61,541,0
13696,61,545,0
13697,61,550,0
13698,61,554,181
13699,61,558,0
13700,61,562,0
13701,61,566,0
13702,61,570,0
13703,61,574,0
13704,61,578,0
13705,61,583,0
13706,61,587,0
13707,61,591,0
13708,61,595,0
13709,61,599,0
13710,61,603,218
13711,61,607,0
13712,61,611,0
13713,61,616,0
13714,61,620,0
13715,61,624,177
13716,61,628,163
13717,61,632,0
13718,61,636,154
13719,61,640,0
13720,61,644,0
13721,61,649,208
13722,61,653,0
13723,61,657,0
13724,61,661,0
13725,61,665,0
13726,61,669,0
13727,61,673,0
13728,61,677,186
13729,61,682,0
13730,61,686,163
13731,61,690,0
13732,61,694,0
13733,61,698,0
13734,61,702,177
13735,61,706,0
13736,61,710,150
13737,61,714,0
13738,61,719,169
13739,61,723,0
13740,61,727,0
13741,61,731,0
13742,61,735,0
13743,61,739,230
13744,61,743,0
13745,61,747,178
13746,61,752,0
13747,61,756,0
13748,61,760,0
13749,61,764,173
13750,61,768,0
13751,61,772,159
13752,61,776,0
13753,61,780,0
13754,61,785,0
13755,61,789,159
13756,61,793,0
13757,61,797,0
13758,61,801,164
13759,61,805,0
13760,61,809,0
13761,61,813,165
13762,61,818,0
13763,61,822,0
13764,61,826,0
13765,61,830,184
13766,61,834,0
13767,61,838,0
13768,61,842,161
13769,61,846,0
13770,61,851,0
13771,61,855,0
13772,61,859,0
13773,61,863,0
13774,61,867,0
13775,61,871,183
13776,61,875,0
13777,61,879,188
13778,61,883,288
13779,61,888,197
13780,61,892,0
13781,61,896,0
13782,61,900,0
13783,61,904,0
13784,61,908,0
13785,61,912,0
13786,61,916,0
13787,61,921,0
13788,61,925,0
13789,61,929,0
13790,61,933,177
13791,61,937,0
13792,61,941,162
13793,61,945,0
13794,61,949,207
13795,61,954,158
13796,61,958,0
13797,61,962,154
13798,61,966,0
13799,61,970,164
13800,61,974,0
13801,61,978,0
13802,61,982,0
13803,61,987,0
13804,61,991,0
13805,61,995,0
13806,61,999,155
13807,62,003,0
13808,62,007,172
13809,62,011,0
13810,62,015,156
13811,62,020,0
13812,62,024,0
13813,62,028,0
13814,62,032,0
13815,62,036,0
13816,62,040,0
13817,62,044,0
13818,62,048,0
13819,62,052,237
13820,62,057,0
13821,62,061,0
13822,62,065,0
13823,62,069,205
13824,62,073,0
13825,62,077,163
13826,62,081,0
13827,62,085,0
13828,62,090,157
13829,62,094,0
13830,62,098,0
13831,62,102,166
13832,62,106,0
13833,62,110,0
13834,62,114,0
13835,62,118,0
13836,62,123,0
13837,62,127,0
13838,62,131,0
13839,62,135,0
13840,62,139,189
13841,62,143,0
13842,62,147,177
13843,62,151,0
13844,62,156,232
13845,62,160,193
13846,62,164,223
13847,62,168,176
13848,62,172,0
13849,62,176,0
13850,62,180,0
13851,62,184,0
13852,62,189,0
13853,62,193,0
13854,62,197,0
13855,62,201,0
13856,62,205,0
13857,62,209,172
13858,62,213,0
13859,62,217,242
13860,62,221,153
13861,62,226,0
13862,62,230,0
13863,62,234,0
13864,62,238,0
13865,62,242,0
13866,62,246,156
13867,62,250,0
13868,62,254,0
13869,62,259,0
13870,62,263,0
13871,62,267,0
13872,62,271,0
13873,62,275,205
13874,62,279,159
13875,62,283,0
13876,62,287,0
13877,62,292,0
13878,62,296,0
13879,62,300,0
13880,62,304,270
13881,62,308,208
13882,62,312,197
13883,62,316,0
13884,62,320,215
13885,62,325,0
13886,62,329,0
13887,62,333,0
13888,62,337,0
13889,62,341,226
13890,62,345,0
13891,62,349,0
13892,62,353,0
13893,62,358,0
13894,62,362,0
13895,62,366,153
13896,62,370,222
13897,62,374,0
13898,62,378,0
13899,62,382,0
13900,62,386,0
13901,62,390,0
13902,62,395,0
13903,62,399,0
13904,62,403,0
13905,62,407,0
13906,62,411,0
13907,62,415,0
13908,62,419,0
13909,62,423,0
13910,62,428,0
13911,62,432,196
13912,62,436,0
13913,62,440,182
13914,62,444,0
13915,62,448,0
13916,62,452,189
13917,62,456,0
13918,62,461,0
13919,62,465,0
13920,62,469,230
13921,62,473,0
13922,62,477,0
13923,62,481,0
13924,62,485,0
13925,62,489,159
13926,62,494,183
13927,62,498,0
13928,62,502,0
13929,62,506,229
13930,62,510,168
13931,62,514,209
13932,62,518,0
13933,62,522,0
13934,62,527,0
13935,62,531,0
13936,62,535,201
13937,62,539,0
13938,62,543,0
13939,62,547,0
13940,62,551,0
13941,62,555,159
13942,62,559,0
13943,62,564,0
13944,62,568,0
13945,62,572,0
13946,62,576,0
13947,62,580,165
13948,62,584,0
13949,62,588,0
13950,62,592,0
13951,62,597,0
13952,62,601,0
13953,62,605,0
13954,62,609,0
13955,62,613,202
13956,62,617,201
13957,62,621,0
13958,62,625,0
13959,62,630,153
13960,62,634,216
13961,62,638,186
13962,62,642,0
13963,62,646,0
13964,62,650,0
13965,62,654,169
13966,62,658,0
13967,62,663,205
13968,62,667,0
13969,62,671,0
13970,62,675,235
13971,62,679,160
13972,62,683,0
13973,62,687,283
13974,62,691,0
13975,62,696,181
13976,62,700,0
13977,62,704,158
13978,62,708,0
13979,62,712,211
13980,62,716,0
13981,62,720,0
13982,62,724,185
13983,62,728,0
13984,62,733,0
13985,62,737,173
13986,62,741,150
13987,62,745,151
13988,62,749,182
13989,62,753,0
13990,62,757,177
13991,62,761,0
13992,62,766,0
13993,62,770,0
13994,62,774,0
13995,62,778,286
13996,62,782,150
13997,62,786,153
13998,62,790,0
13999,62,794,0
14000,62,799,0
14001,62,803,0
14002,62,807,0
14003,62,811,210
14004,62,815,154
14005,62,819,0
14006,62,823,0
14007,62,827,0
14008,62,832,0
14009,62,836,197
14010,62,840,0
14011,62,844,0
14012,62,848,0
14013,62,852,0
14014,62,856,0
14015,62,860,208
14016,62,865,0
14017,62,869,0
14018,62,873,150
14019,62,877,0
14020,62,881,0
14021,62,885,0
14022,62,889,0
14023,62,893,0
14024,62,897,282
14025,62,902,0
14026,62,906,0
14027,62,910,0
14028,62,914,201
14029,62,918,0
14030,62,922,153
14031,62,926,280
14032,62,930,0
14033,62,935,216
14034,62,939,152
14035,62,943,221
14036,62,947,169
14037,62,951,0
14038,62,955,202
14039,62,959,177
14040,62,963,168
14041,62,968,0
14042,62,972,0
14043,62,976,0
14044,62,980,0
14045,62,984,0
14046,62,988,178
14047,62,992,0
14048,62,996,0
14049,63,001,216
14050,63,005,0
14051,63,009,0
14052,63,013,0
14053,63,017,0
14054,63,021,0
14055,63,025,0
14056,63,029,175
14057,63,034,245
14058,63,038,0
14059,63,042,220
14060,63,046,0
14061,63,050,0
14062,63,054,0
14063,63,058,0
14064,63,062,0
14065,63,067,0
14066,63,071,0
14067,63,075,0
14068,63,079,306
14069,63,083,157
14070,63,087,0
14071,63,091,208
14072,63,095,228
14073,63,099,0
14074,63,104,0
14075,63,108,185
14076,63,112,0
14077,63,116,0
14078,63,120,0
14079,63,124,0
14080,63,128,0
14081,63,132,160
14082,63,137,0
14083,63,141,0
14084,63,145,150
14085,63,149,0
14086,63,153,0
14087,63,157,178
14088,63,161,0
14089,63,165,0
14090,63,170,0
14091,63,174,178
14092,63,178,0
14093,63,182,209
14094,63,186,0
14095,63,190,0
14096,63,194,0
14097,63,198,0
14098,63,203,0
14099,63,207,0
14100,63,211,0
14101,63,215,188
14102,63,219,0
14103,63,223,0
14104,63,227,0
14105,63,231,0
14106,63,236,212
14107,63,240,189
14108,63,244,0
14109,63,248,0
14110,63,252,224
14111,63,256,0
14112,63,260,0
14113,63,264,0
14114,63,268,0
14115,63,273,0
14116,63,277,186
14117,63,281,229
14118,63,285,256
14119,63,289,298
14120,63,293,280
14121,63,297,274
14122,63,301,269
14123,63,306,218
14124,63,310,315
14125,63,314,546
14126,63,318,462
14127,63,322,452
14128,63,326,599
14129,63,330,590
14130,63,334,530
14131,63,339,695
14132,63,343,830
14133,63,347,762
14134,63,351,584
14135,63,355,1045
14136,63,359,800
14137,63,363,854
14138,63,367,1115
14139,63,372,1102
14140,63,376,1337
14141,63,380,1557
14142,63,384,1319
14143,63,388,1597
14144,63,392,1714
14145,63,396,1747
14146,63,400,1840
14147,63,405,2020
14148,63,409,1919
14149,63,413,2118
14150,63,417,1864
14151,63,421,2348
14152,63,425,2438
14153,63,429,2202
14154,63,433,2376
14155,63,437,2609
14156,63,442,2392
14157,63,446,3180
14158,63,450,2493
14159,63,454,3134
14160,63,458,2946
14161,63,462,2961
14162,63,466,3039
14163,63,470,3125
14164,63,475,2805
14165,63,479,3067
14166,63,483,2813
14167,63,487,2813
14168,63,491,2913
14169,63,495,2691
14170,63,499,2642
14171,63,503,2377
14172,63,508,3001
14173,63,512,2802
14174,63,516,2854
14175,63,520,2726
14176,63,524,2767
14177,63,528,2487
14178,63,532,2242
14179,63,536,2300
14180,63,541,2588
14181,63,545,2778
14182,63,549,2249
14183,63,553,2519
14184,63,557,2293
14185,63,561,2459
14186,63,565,2013
14187,63,569,1768
14188,63,574,2395
14189,63,578,1733
14190,63,582,2177
14191,63,586,2019
14192,63,590,1740
14193,63,594,1544
14194,63,598,1800
14195,63,602,1790
14196,63,606,1539
14197,63,611,1537
14198,63,615,1695
14199,63,619,1257
14200,63,623,1124
14201,63,627,1231
14202,63,631,1155
14203,63,635,1025
14204,63,639,1394
14205,63,644,1203
14206,63,648,1200
14207,63,652,1039
14208,63,656,1246
14209,63,660,1154
14210,63,664,891
14211,63,668,1105
14212,63,672,867
14213,63,677,752
14214,63,681,1029
14215,63,685,713
14216,63,689,1030
14217,63,693,750
14218,63,697,986
14219,63,701,857
14220,63,705,720
14221,63,710,906
14222,63,714,682
14223,63,718,848
14224,63,722,496
14225,63,726,609
14226,63,730,519
14227,63,734,538
14228,63,738,541
14229,63,743,555
14230,63,747,572
14231,63,751,434
14232,63,755,630
14233,63,759,655
14234,63,763,489
14235,63,767,355
14236,63,771,499
14237,63,775,502
14238,63,780,547
14239,63,784,484
14240,63,788,444
14241,63,792,492
14242,63,796,381
14243,63,800,321
14244,63,804,534
14245,63,808,456
14246,63,813,305
14247,63,817,327
14248,63,821,203
14249,63,825,323
14250,63,829,488
14251,63,833,424
14252,63,837,357
14253,63,841,362
14254,63,846,379
14255,63,850,332
14256,63,854,339
14257,63,858,301
14258,63,862,416
14259,63,866,318
14260,63,870,334
14261,63,874,417
14262,63,879,340
14263,63,883,175
14264,63,887,268
14265,63,891,328
14266,63,895,242
14267,63,899,161
14268,63,903,163
14269,63,907,181
14270,63,912,160
14271,63,916,211
14272,63,920,231
14273,63,924,182
14274,63,928,227
14275,63,932,230
14276,63,936,331
14277,63,940,166
14278,63,944,160
14279,63,949,234
14280,63,953,284
14281,63,957,239
14282,63,961,242
14283,63,965,217
14284,63,969,254
14285,63,973,207
14286,63,977,276
14287,63,982,183
14288,63,986,472
14289,63,990,192
14290,63,994,192
14291,63,998,460
14292,64,002,288
14293,64,006,186
14294,64,010,224
14295,64,015,270
14296,64,019,169
14297,64,023,166
14298,64,027,248
14299,64,031,167
14300,64,035,158
14301,64,039,156
14302,64,043,278
14303,64,048,277
14304,64,052,278
14305,64,056,213
14306,64,060,399
14307,64,064,321
14308,64,068,191
14309,64,072,207
14310,64,076,245
14311,64,081,342
14312,64,085,0
14313,64,089,324
14314,64,093,288
14315,64,097,165
14316,64,101,163
14317,64,105,150
14318,64,109,234
14319,64,113,222
14320,64,118,304
14321,64,122,174
14322,64,126,297
14323,64,130,0
14324,64,134,164
14325,64,138,263
14326,64,142,167
14327,64,146,231
14328,64,151,313
14329,64,155,219
14330,64,159,175
14331,64,163,304
14332,64,167,0
14333,64,171,192
14334,64,175,196
14335,64,179,277
14336,64,184,344
14337,64,188,193
14338,64,192,0
14339,64,196,183
14340,64,200,339
14341,64,204,272
14342,64,208,246
14343,64,212,229
14344,64,217,0
14345,64,221,273
14346,64,225,151
14347,64,229,230
14348,64,233,283
14349,64,237,174
14350,64,241,174
14351,64,245,233
14352,64,250,0
14353,64,254,0
14354,64,258,202
14355,64,262,193
14356,64,266,163
14357,64,270,0
14358,64,274,0
14359,64,278,227
14360,64,282,178
14361,64,287,0
14362,64,291,196
14363,64,295,0
14364,64,299,201
14365,64,303,166
14366,64,307,0
14367,64,311,171
14368,64,315,183
14369,64,320,189
14370,64,324,157
14371,64,328,171
14372,64,332,317
14373,64,336,194
14374,64,340,159
14375,64,344,178
14376,64,348,0
14377,64,353,207
14378,64,357,215
14379,64,361,0
14380,64,365,164
14381,64,369,0
14382,64,373,0
14383,64,377,256
14384,64,381,0
14385,64,386,151
14386,64,390,0
14387,64,394,237
14388,64,398,169
14389,64,402,0
14390,64,406,161
14391,64,410,153
14392,64,414,0
14393,64,419,0
14394,64,423,0
14395,64,427,182
14396,64,431,0
14397,64,435,0
14398,64,439,0
14399,64,443,0
14400,64,447,0
14401,64,451,176
14402,64,456,0
14403,64,460,0
14404,64,464,157
14405,64,468,0
14406,64,472,219
14407,64,476,152
14408,64,480,159
14409,64,484,0
14410,64,489,0
14411,64,493,0
14412,64,497,172
14413,64,501,224
14414,64,505,0
14415,64,509,0
14416,64,513,0
14417,64,517,0
14418,64,522,0
14419,64,526,176
14420,64,530,0
14421,64,534,203
14422,64,538,201
14423,64,542,0
14424,64,546,188
14425,64,550,0
14426,64,555,0
14427,64,559,0
14428,64,563,0
14429,64,567,0
14430,64,571,0
14431,64,575,0
14432,64,579,240
14433,64,583,175
14434,64,588,192
14435,64,592,213
14436,64,596,151
14437,64,600,0
14438,64,604,0
14439,64,608,216
14440,64,612,0
14441,64,616,0
14442,64,620,0
14443,64,625,225
14444,64,629,0
14445,64,633,0
14446,64,637,231
14447,64,641,0
14448,64,645,0
14449,64,649,197
14450,64,653,0
14451,64,658,160
14452,64,662,0
14453,64,666,0
14454,64,670,0
14455,64,674,0
14456,64,678,0
14457,64,682,0
14458,64,686,170
14459,64,691,0
14460,64,695,0
14461,64,699,0
14462,64,703,151
14463,64,707,189
14464,64,711,0
14465,64,715,0
14466,64,719,0
14467,64,724,0
14468,64,728,220
14469,64,732,0
14470,64,736,0
14471,64,740,0
14472,64,744,152
14473,64,748,156
14474,64,752,0
14475,64,757,0
14476,64,761,183
14477,64,765,0
14478,64,769,0
14479,64,773,0
14480,64,777,0
14481,64,781,0
14482,64,785,0
14483,64,789,0
14484,64,794,0
14485,64,798,0
14486,64,802,0
14487,64,806,0
14488,64,810,186
14489,64,814,0
14490,64,818,0
14491,64,822,0
14492,64,827,0
14493,64,831,0
14494,64,835,0
14495,64,839,0
14496,64,843,0
14497,64,847,0
14498,64,851,160
14499,64,855,0
14500,64,860,0
14501,64,864,0
14502,64,868,0
14503,64,872,177
14504,64,876,0
14505,64,880,0
14506,64,884,0
14507,64,888,0
14508,64,893,0
14509,64,897,0
14510,64,901,0
14511,64,905,0
14512,64,909,0
14513,64,913,155
14514,64,917,0
14515,64,921,186
14516,64,926,0
14517,64,930,201
14518,64,934,0
14519,64,938,0
14520,64,942,165
14521,64,946,0
14522,64,950,0
14523,64,954,0
14524,64,958,0
14525,64,963,176
14526,64,967,0
14527,64,971,0
14528,64,975,0
14529,64,979,0
14530,64,983,151
14531,64,987,0
14532,64,991,0
14533,64,996,0
14534,65,000,0
14535,65,004,0
14536,65,008,193
14537,65,012,0
14538,65,016,162
14539,65,020,0
14540,65,024,0
14541,65,029,160
14542,65,033,0
14543,65,037,187
14544,65,041,0
14545,65,045,172
14546,65,049,0
14547,65,053,0
14548,65,057,0
14549,65,062,0
14550,65,066,0
14551,65,070,198
14552,65,074,178
14553,65,078,188
14554,65,082,0
14555,65,086,0
14556,65,090,0
14557,65,095,0
14558,65,099,0
14559,65,103,0
14560,65,107,0
14561,65,111,0
14562,65,115,0
14563,65,119,227
14564,65,123,0
14565,65,127,178
14566,65,132,0
14567,65,136,0
14568,65,140,170
14569,65,144,157
14570,65,148,0
14571,65,152,0
14572,65,156,0
14573,65,160,0
14574,65,165,0
14575,65,169,0
14576,65,173,218
14577,65,177,156
14578,65,181,0
14579,65,185,0
14580,65,189,0
14581,65,193,0
14582,65,198,160
14583,65,202,0
14584,65,206,0
14585,65,210,0
14586,65,214,0
14587,65,218,170
14588,65,222,226
14589,65,226,0
14590,65,231,0
14591,65,235,0
14592,65,239,0
14593,65,243,275
14594,65,247,0
14595,65,251,0
14596,65,255,0
14597,65,259,234
14598,65,264,162
14599,65,268,0
14600,65,272,0
14601,65,276,197
14602,65,280,0
14603,65,284,0
14604,65,288,0
14605,65,292,172
14606,65,296,0
14607,65,301,0
14608,65,305,0
14609,65,309,0
14610,65,313,0
14611,65,317,0
14612,65,321,0
14613,65,325,0
14614,65,329,0
14615,65,334,0
14616,65,338,0
14617,65,342,0
14618,65,346,0
14619,65,350,151
14620,65,354,0
14621,65,358,237
14622,65,362,176
14623,65,367,0
14624,65,371,199
14625,65,375,0
14626,65,379,0
14627,65,383,153
14628,65,387,0
14629,65,391,269
14630,65,395,0
14631,65,400,0
14632,65,404,0
14633,65,408,0
14634,65,412,0
14635,65,416,154
14636,65,420,0
14637,65,424,0
14638,65,428,0
14639,65,433,0
14640,65,437,0
14641,65,441,0
14642,65,445,0
14643,65,449,0
14644,65,453,0
14645,65,457,0
14646,65,461,0
14647,65,465,0
14648,65,470,0
14649,65,474,0
14650,65,478,0
14651,65,482,0
14652,65,486,0
14653,65,490,0
14654,65,494,0
14655,65,498,0
14656,65,503,0
14657,65,507,0
14658,65,511,0
14659,65,515,0
14660,65,519,0
14661,65,523,0
14662,65,527,159
14663,65,531,0
14664,65,536,0
14665,65,540,0
14666,65,544,171
14667,65,548,204
14668,65,552,0
14669,65,556,0
14670,65,560,0
14671,65,564,0
14672,65,569,0
14673,65,573,0
14674,65,577,0
14675,65,581,184
14676,65,585,234
14677,65,589,0
14678,65,593,266
14679,65,597,155
14680,65,602,168
14681,65,606,0
14682,65,610,0
14683,65,614,237
14684,65,618,0
14685,65,622,183
14686,65,626,0
14687,65,630,168
14688,65,634,189
14689,65,639,0
14690,65,643,0
14691,65,647,0
14692,65,651,0
14693,65,655,0
14694,65,659,0
14695,65,663,0
14696,65,667,188
14697,65,672,0
14698,65,676,0
14699,65,680,0
14700,65,684,0
14701,65,688,0
14702,65,692,0
14703,65,696,0
14704,65,700,0
14705,65,705,0
14706,65,709,0
14707,65,713,199
14708,65,717,199
14709,65,721,0
14710,65,725,0
14711,65,729,0
14712,65,733,0
14713,65,738,210
14714,65,742,0
14715,65,746,154
14716,65,750,168
14717,65,754,0
14718,65,758,0
14719,65,762,0
14720,65,766,200
14721,65,771,240
14722,65,775,0
14723,65,779,0
14724,65,783,0
14725,65,787,0
14726,65,791,0
14727,65,795,198
14728,65,799,161
14729,65,803,159
14730,65,808,179
14731,65,812,0
14732,65,816,158
14733,65,820,0
14734,65,824,0
14735,65,828,0
14736,65,832,0
14737,65,836,0
14738,65,841,0
14739,65,845,163
14740,65,849,0
14741,65,853,187
14742,65,857,0
14743,65,861,165
14744,65,865,0
14745,65,869,0
14746,65,874,0
14747,65,878,0
14748,65,882,0
14749,65,886,0
14750,65,890,0
14751,65,894,0
14752,65,898,0
14753,65,902,153
14754,65,907,0
14755,65,911,0
14756,65,915,0
14757,65,919,0
14758,65,923,0
14759,65,927,0
14760,65,931,0
14761,65,935,0
14762,65,940,0
14763,65,944,0
14764,65,948,0
14765,65,952,0
14766,65,956,178
14767,65,960,0
14768,65,964,0
14769,65,968,0
14770,65,972,0
14771,65,977,0
14772,65,981,0
14773,65,985,0
14774,65,989,0
14775,65,993,0
14776,65,997,0
14777,66,001,0
14778,66,005,0
14779,66,010,0
14780,66,014,0
14781,66,018,0
14782,66,022,0
14783,66,026,0
14784,66,030,189
14785,66,034,0
14786,66,038,0
14787,66,043,239
14788,66,047,0
14789,66,051,0
14790,66,055,0
14791,66,059,0
14792,66,063,0
14793,66,067,182
14794,66,071,0
14795,66,076,0
14796,66,080,0
14797,66,084,0
14798,66,088,0
14799,66,092,153
14800,66,096,150
14801,66,100,0
14802,66,104,0
14803,66,109,0
14804,66,113,0
14805,66,117,0
14806,66,121,157
14807,66,125,0
14808,66,129,0
14809,66,133,0
14810,66,137,0
14811,66,141,0
14812,66,146,0
14813,66,150,0
14814,66,154,0
