#"+EI TIC Scan 120C_1ml-min_10C-min_2.d "
#Point;X(Minutes);Y(Counts)
0;5,191;4,09660378495377
1;5,195;4,07850846346995
2;5,199;4,10539724502967
3;5,203;4,08272631155775
4;5,208;3,98294784273076
5;5,212;3,974079063939
6;5,216;4,08596501633945
7;5,220;3,95543768176525
8;5,224;3,96270593784511
9;5,228;3,88390373138333
10;5,232;3,88815923882906
11;5,236;3,93886756427746
12;5,241;4,14806529756071
13;5,245;4,69646086769044
14;5,249;6,07065083843853
15;5,253;8,20970236867947
16;5,257;11,0955389666084
17;5,261;14,5233690438195
18;5,265;17,7008773688913
19;5,269;20,0062891127738
20;5,273;20,9626108479663
21;5,278;21,2729992759988
22;5,282;20,8813231238814
23;5,286;20,1539326255257
24;5,290;19,1291273479433
25;5,294;18,4427855497278
26;5,298;17,2898631364785
27;5,302;16,4283488348665
28;5,306;15,6501558626676
29;5,311;14,6993512234113
30;5,315;14,156905831834
31;5,319;13,3564185197424
32;5,323;12,7413282267244
33;5,327;11,9494084185612
34;5,331;11,5449845737855
35;5,335;10,8731039690139
36;5,339;10,3355542939671
37;5,344;9,9370994574228
38;5,348;9,3071713773816
39;5,352;8,82855859749019
40;5,356;8,37538471387832
41;5,360;7,98886789379685
42;5,364;7,71088534326034
43;5,368;7,21662510015036
44;5,372;7,03917420559938
45;5,377;6,61951715054234
46;5,381;6,31705601735343
47;5,385;6,04575800284893
48;5,389;5,70486549489575
49;5,393;5,47681925297015
50;5,397;5,24457399263571
51;5,401;4,99090055764094
52;5,405;4,61487186874207
53;5,410;4,50722259410838
54;5,414;4,20973249616581
55;5,418;4,01601275899047
56;5,422;3,80144856720265
57;5,426;3,56769693255115
58;5,430;3,36574862566881
59;5,434;3,21895244847023
60;5,438;2,99730829739218
61;5,442;2,83944026896313
62;5,447;2,71260355146575
63;5,451;2,56032793768883
64;5,455;2,43949788778076
65;5,459;2,37926174477688
66;5,463;2,21182823943443
67;5,467;2,12733946992571
68;5,471;2,08478439546845
69;5,475;1,99056068193565
70;5,480;1,91934683609612
71;5,484;1,85400785009316
72;5,488;1,79083427717099
73;5,492;1,66572989013824
74;5,496;1,70305031384367
75;5,500;1,64722031571723
76;5,504;1,54017359081036
77;5,508;1,52509101796069
78;5,513;1,49786330217963
79;5,517;1,4888250562772
80;5,521;1,38268215596058
81;5,525;1,35797761716062
82;5,529;1,42369319674284
83;5,533;1,36517055452463
84;5,537;1,35334551613562
85;5,541;1,2818680547906
86;5,546;1,24311657548395
87;5,550;1,27586138720128
88;5,554;1,2512133374382
89;5,558;1,24353082842114
90;5,562;1,18796444580018
91;5,566;1,23138568548976
92;5,570;1,19555280642243
93;5,574;1,21539928804984
94;5,579;1,17387984593557
95;5,583;1,18696647281512
96;5,587;1,21869448186843
97;5,591;1,17563100607916
98;5,595;1,17113071280691
99;5,599;1,11292817513108
100;5,603;1,09810921778689
101;5,607;1,13177668377343
102;5,611;1,12334098759783
103;5,616;1,10767469470029
104;5,620;1,12921584743441
105;5,624;1,13424337171763
106;5,628;1,12132621194875
107;5,632;1,17167677349685
108;5,636;1,10874798640121
109;5,640;1,09801506939207
110;5,644;1,11577145665455
111;5,649;1,08385515081161
112;5,653;1,10422886344999
113;5,657;1,09313818254056
114;5,661;1,11366253261065
115;5,665;1,05216480111622
116;5,669;1,08089889121435
117;5,673;1,04634643031654
118;5,677;1,01819606026627
119;5,682;1,05397245029671
120;5,686;1,05336990056988
121;5,690;1,02729079520559
122;5,694;1,038908707126
123;5,698;0,990459943153199
124;5,702;1,02761089974796
125;5,706;0,959033208963304
126;5,710;0,970764098957495
127;5,715;0,959598099332206
128;5,719;0,954062173716969
129;5,723;1,02030498431017
130;5,727;0,938056946598089
131;5,731;0,910829230817029
132;5,735;0,907383399566729
133;5,739;0,898910044033204
134;5,743;0,89616091090455
135;5,748;0,972873023001394
136;5,752;0,918662377265799
137;5,756;0,886068202980173
138;5,760;0,891924233137787
139;5,764;0,905613409744171
140;5,768;0,911186994717334
141;5,772;0,879835579243292
142;5,776;0,856806881871068
143;5,780;0,882434074940239
144;5,785;0,854660298469241
145;5,789;0,858445063940882
146;5,793;0,842609303932673
147;5,797;0,834305415509818
148;5,801;0,885616290685052
149;5,805;0,869686382282025
150;5,809;0,823723135932394
151;5,813;0,836113064690304
152;5,818;0,83270489279793
153;5,822;0,852438396351561
154;5,826;0,877199424188417
155;5,830;0,831273837196713
156;5,834;0,86654182589514
157;5,838;0,828600022783912
158;5,842;0,843400150449135
159;5,846;0,840858143789078
160;5,851;0,852287758919854
161;5,855;0,856788052192104
162;5,859;0,899682060870703
163;5,863;0,920394707730431
164;5,867;0,801033372781511
165;5,871;0,852174780846074
166;5,875;0,856825711550031
167;5,879;0,828901297647326
168;5,884;0,801730070903156
169;5,888;0,835228069779024
170;5,892;0,780377214958674
171;5,896;0,793595649590972
172;5,900;0,79169385201567
173;5,904;0,805496006695834
174;5,908;0,766405593167839
175;5,912;0,75079578930719
176;5,917;0,787287707138237
177;5,921;0,761208601773944
178;5,925;0,742058818268178
179;5,929;0,730007823731609
180;5,933;0,752829394635236
181;5,937;0,727861240329783
182;5,941;0,743207428684945
183;5,945;0,72917931785722
184;5,949;0,71872884603254
185;5,954;0,726336036333749
186;5,958;0,746107199245307
187;5,962;0,724942640090458
188;5,966;0,670920291144496
189;5,970;0,756802456896511
190;5,974;0,685588611056976
191;5,978;0,673010385509432
192;5,982;0,702930745382257
193;5,987;0,70622593920085
194;5,991;0,719406714475222
195;5,995;0,698091517888666
196;5,999;0,726938586060577
197;6,003;0,702704789234696
198;6,007;0,664235755112493
199;6,011;0,649623924236904
200;6,015;0,652128271539034
201;6,020;0,646573516244835
202;6,024;0,685908715599353
203;6,028;0,691689427041114
204;6,032;0,682425224991127
205;6,036;0,649228500978673
206;6,040;0,683743302518564
207;6,044;0,703100212492927
208;6,048;0,660658116109449
209;6,053;0,693120482642331
210;6,057;0,691162196030139
211;6,061;0,701066607164881
212;6,065;0,746860386403842
213;6,069;0,919547372177078
214;6,073;1,46444062201961
215;6,077;2,42211809409755
216;6,081;4,39898959942682
217;6,086;7,43098216546957
218;6,090;11,4472585399655
219;6,094;16,1127069264033
220;6,098;20,4381289701201
221;6,102;23,7993208134798
222;6,106;25,8401379085687
223;6,110;26,53073521423
224;6,114;26,3221212009946
225;6,118;25,1371130147917
226;6,123;23,9148785532781
227;6,127;22,6985377812801
228;6,131;21,2073213557745
229;6,135;19,9540179239714
230;6,139;18,3455490875608
231;6,143;17,1721964726362
232;6,147;15,9362916641953
233;6,151;14,7990732032014
234;6,156;13,5833349809302
235;6,160;12,5871884747301
236;6,164;11,6003438299379
237;6,168;10,5518508162195
238;6,172;9,81146783937907
239;6,176;9,04306630024112
240;6,180;8,40575698604627
241;6,184;7,66874452174028
242;6,189;7,04294014139206
243;6,193;6,55628708858328
244;6,197;5,96983673726855
245;6,201;5,41264770706292
246;6,205;4,93885532498614
247;6,209;4,43318429642434
248;6,213;3,99447160625635
249;6,217;3,56404397483225
250;6,222;3,2149040674931
251;6,226;2,89749216920726
252;6,230;2,57825379206197
253;6,234;2,3372339013306
254;6,238;2,08698746790717
255;6,242;1,85984505057181
256;6,246;1,7015439395266
257;6,250;1,50285316710493
258;6,255;1,45481865606932
259;6,259;1,31852943973232
260;6,263;1,16207363722552
261;6,267;1,11473582431156
262;6,271;1,07197362338571
263;6,275;0,986147946670583
264;6,279;0,921185554246893
265;6,283;0,899004192428021
266;6,287;0,854810935900948
267;6,292;0,809374920562292
268;6,296;0,779379241973614
269;6,300;0,760530733331262
270;6,304;0,710311979535905
271;6,308;0,692367295483796
272;6,312;0,682538203064907
273;6,316;0,705378603647497
274;6,320;0,643315981784169
275;6,325;0,607633740148547
276;6,329;0,633129125464975
277;6,333;0,607633740148547
278;6,337;0,595319130106491
279;6,341;0,609836812587264
280;6,345;0,606522789089707
281;6,349;0,632997317712232
282;6,353;0,549751307015091
283;6,358;0,578315930002551
284;6,362;0,57664008857481
285;6,366;0,550014922520578
286;6,370;0,540392956570287
287;6,374;0,514445658958738
288;6,378;0,525856444410551
289;6,382;0,547924828155642
290;6,386;0,477652466264276
291;6,391;0,512148438125204
292;6,395;0,52340858614531
293;6,399;0,500474037167903
294;6,403;0,49945723450388
295;6,407;0,50495550076119
296;6,411;0,462362766946005
297;6,415;0,463115954104541
298;6,419;0,460310331938996
299;6,424;0,457843643994792
300;6,428;0,470459528900262
301;6,432;0,479271818655128
302;6,436;0,47544939382556
303;6,440;0,459839589964911
304;6,444;0,476842790068851
305;6,448;0,472286007759711
306;6,452;0,452157080947848
307;6,456;0,454736746965833
308;6,461;0,440294383200914
309;6,465;0,472323667117638
310;6,469;0,467296142834413
311;6,473;0,457467050415524
312;6,477;0,451949954479251
313;6,481;0,467992840956058
314;6,485;0,444964143583834
315;6,489;0,457730665921011
316;6,494;0,450857833099375
317;6,498;0,444060318993591
318;6,502;0,454134197239004
319;6,506;0,483113073163659
320;6,510;0,425739041362214
321;6,514;0,462136810798444
322;6,518;0,404725119639073
323;6,522;0,443288302156092
324;6,527;0,411221358881442
325;6,531;0,409093605158579
326;6,535;0,412049864755831
327;6,539;0,414403574626254
328;6,543;0,370473933604669
329;6,547;0,408227439926263
330;6,551;0,409922111032968
331;6,555;0,37665006830466
332;6,560;0,380058240197034
333;6,564;0,380999724145203
334;6,568;0,414008151368023
335;6,572;0,372432220216861
336;6,576;0,388889359630863
337;6,580;0,400883865130541
338;6,584;0,388606914446412
339;6,588;0,394255818135429
340;6,593;0,397249737090608
341;6,597;0,474846844098732
342;6,601;0,673989528815529
343;6,605;0,997144479185202
344;6,609;1,69113112705985
345;6,613;2,94475466340537
346;6,617;4,66921432223041
347;6,621;7,00428281048022
348;6,625;9,63953404076437
349;6,630;12,2040045078251
350;6,634;14,0404066080875
351;6,638;15,4279468212207
352;6,642;15,6494968239039
353;6,646;15,4760001619352
354;6,650;14,9043499382857
355;6,654;13,7736653758922
356;6,658;12,9003636952492
357;6,663;11,8151339778732
358;6,667;10,8672291091773
359;6,671;9,89068429877805
360;6,675;9,11026942446145
361;6,679;8,19863051744899
362;6,683;7,51838953521762
363;6,687;6,77531391428542
364;6,691;6,20098987622311
365;6,696;5,51677583173046
366;6,700;4,94009808379772
367;6,704;4,46444156350356
368;6,708;3,97910658822222
369;6,712;3,52958566232925
370;6,716;3,15346282503556
371;6,720;2,77182289180561
372;6,724;2,44689795161337
373;6,729;2,12246258307419
374;6,733;1,83054607010478
375;6,737;1,61413656977855
376;6,741;1,46024160361078
377;6,745;1,29676233085064
378;6,749;1,15625526642584
379;6,753;1,01717925760225
380;6,757;0,93056273437066
381;6,762;0,849049054138152
382;6,766;0,760154139751994
383;6,770;0,737351398527331
384;6,774;0,6381566497482
385;6,778;0,61298136897415
386;6,782;0,58125335992084
387;6,786;0,542878474193454
388;6,790;0,526082400558112
389;6,794;0,550316197383993
390;6,799;0,476805130710924
391;6,803;0,466806571181365
392;6,807;0,424364474797887
393;6,811;0,456525566467355
394;6,815;0,464565839384721
395;6,819;0,448711249697548
396;6,823;0,437018019061284
397;6,827;0,434909095017385
398;6,832;0,46283350892009
399;6,836;0,457316412983817
400;6,840;0,41743515293936
401;6,844;0,45739173169967
402;6,848;0,423931392181729
403;6,852;0,470591336653006
404;6,856;0,430126356560684
405;6,860;0,370530422641559
406;6,865;0,397588671311948
407;6,869;0,371358928515948
408;6,873;0,372187434390337
409;6,877;0,366952783638515
410;6,881;0,357876878378162
411;6,885;0,358328790673283
412;6,889;0,395724533094573
413;6,893;0,351889040467805
414;6,898;0,351945529504695
415;6,902;0,365823002900712
416;6,906;0,344281850166596
417;6,910;0,334923499721792
418;6,914;0,361059094122975
419;6,918;0,315905523968769
420;6,922;0,336279236607155
421;6,926;0,312478522397432
422;6,931;0,314869891625783
423;6,935;0,321931021237053
424;6,939;0,320066883019678
425;6,943;0,361492176739133
426;6,947;0,295927234588614
427;6,951;0,310670873216947
428;6,955;0,300314549787083
429;6,959;0,328822683737654
430;6,963;0,283838580694118
431;6,968;0,277850742783761
432;6,972;0,278396803473699
433;6,976;0,274084806991083
434;6,980;0,281579019218512
435;6,984;0,27178758615755
436;6,988;0,262240938923112
437;6,992;0,281597848897475
438;6,996;0,258908085746592
439;7,001;0,281202425639244
440;7,005;0,263822631956037
441;7,009;0,239362878982595
442;7,013;0,235973536769185
443;7,017;0,256667353949949
444;7,021;0,247252514468255
445;7,025;0,260696905248114
446;7,029;0,239532346093265
447;7,034;0,242469776011554
448;7,038;0,255989485507267
449;7,042;0,220100117403048
450;7,046;0,260583927174334
451;7,050;0,232452386803031
452;7,054;0,245237738819172
453;7,058;0,253428649168246
454;7,062;0,23088952344907
455;7,067;0,206034347217397
456;7,071;0,241509462384421
457;7,075;0,233412700430164
458;7,079;0,209630815899404
459;7,083;0,237310443975585
460;7,087;0,239570005451192
461;7,091;0,248853037180143
462;7,095;0,232188771297544
463;7,100;0,242545094727407
464;7,104;0,241980204358506
465;7,108;0,211965696090865
466;7,112;0,231699199644496
467;7,116;0,245520184003623
468;7,120;0,23766820787589
469;7,124;0,228422835504866
470;7,128;0,231661540286569
471;7,132;0,252204720035626
472;7,137;0,245840288546
473;7,141;0,231454413817972
474;7,145;0,231642710607606
475;7,149;0,221474683967376
476;7,153;0,208538694519528
477;7,157;0,247271344147218
478;7,161;0,21399930141891
479;7,165;0,22738720316188
480;7,170;0,224430943564628
481;7,174;0,221060431030181
482;7,178;0,227462521877733
483;7,182;0,268737178165481
484;7,186;0,373919764854969
485;7,190;0,744356039101711
486;7,194;1,41267783454926
487;7,198;2,84813958064422
488;7,203;5,4531315168342
489;7,207;9,49456434242524
490;7,211;15,0036764948176
491;7,215;21,0783380548753
492;7,219;27,292941788989
493;7,223;32,3366595961222
494;7,227;35,7395026893489
495;7,231;37,2515823991459
496;7,236;36,9131754088159
497;7,240;35,0973353179815
498;7,244;32,4314858593818
499;7,248;29,38203818094
500;7,252;26,5338609409379
501;7,256;23,643881813637
502;7,260;20,9952991706468
503;7,264;18,2569177886802
504;7,269;16,0558789552918
505;7,273;14,1068753748283
506;7,277;12,2121577588163
507;7,281;10,3500343170899
508;7,285;8,81933205479813
509;7,289;7,66817963137138
510;7,293;6,41715459072281
511;7,297;5,43228706222173
512;7,301;4,45031930428102
513;7,306;3,69056058778726
514;7,310;3,15515749614227
515;7,314;2,70439381143771
516;7,318;2,26093604217095
517;7,322;1,90867040812388
518;7,326;1,67149177190104
519;7,330;1,40335714346238
520;7,334;1,2246258307419
521;7,339;1,13759505457312
522;7,343;0,967770180002316
523;7,347;0,87588134666098
524;7,351;0,780320725921783
525;7,355;0,679694921541435
526;7,359;0,690992728919468
527;7,363;0,618008893257374
528;7,367;0,560352416271479
529;7,372;0,551201192295272
530;7,376;0,517138303050502
531;7,380;0,508683777195941
532;7,384;0,436528447408236
533;7,388;0,445529033952736
534;7,392;0,39815356168085
535;7,396;0,405628944229315
536;7,400;0,356615289887615
537;7,405;0,356182207271457
538;7,409;0,336147428854412
539;7,413;0,319087739713582
540;7,417;0,327711732678814
541;7,421;0,308430141420304
542;7,425;0,316470414337671
543;7,429;0,306264728339514
544;7,433;0,281428381786805
545;7,438;0,267437930317007
546;7,442;0,286267609280396
547;7,446;0,285062509826739
548;7,450;0,294477349308433
549;7,454;0,240699786188995
550;7,458;0,281108277244427
551;7,462;0,233600997219798
552;7,466;0,269810469866394
553;7,471;0,258041920514276
554;7,475;0,223847223516763
555;7,479;0,241358824952714
556;7,483;0,240831593941739
557;7,487;0,210139217231416
558;7,491;0,209593156541478
559;7,495;0,226238592745113
560;7,499;0,196581848377776
561;7,503;0,207408913781724
562;7,508;0,209009436493613
563;7,512;0,219403419281403
564;7,516;0,198784920816493
565;7,520;0,210346343700013
566;7,524;0,181781720712553
567;7,528;0,185604145542121
568;7,532;0,209800283010075
569;7,536;0,204697440010997
570;7,541;0,169824874570801
571;7,545;0,163950014734224
572;7,549;0,180181198000665
573;7,553;0,186451481095473
574;7,557;0,182233633007674
575;7,561;0,207785507360992
576;7,565;0,179691626347617
577;7,569;0,179107906299752
578;7,574;0,207390084102761
579;7,578;0,181781720712553
580;7,582;0,147681172109856
581;7,586;0,16942945131257
582;7,590;0,165211603224771
583;7,594;0,190518691751565
584;7,598;0,151032854965339
585;7,602;0,154949428189724
586;7,607;0,184041282188159
587;7,611;0,161728112616544
588;7,615;0,157868028429049
589;7,619;0,158771853019292
590;7,623;0,166661488504952
591;7,627;0,144932038981201
592;7,631;0,14803893601016
593;7,635;0,166943933689403
594;7,640;0,146720858482723
595;7,644;0,143858747280288
596;7,648;0,159449721461974
597;7,652;0,152350932492776
598;7,656;0,175680904728415
599;7,660;0,143595131774801
600;7,664;0,164609053497942
601;7,668;0,1478129798626
602;7,672;0,159976952472949
603;7,677;0,158790682698255
604;7,681;0,163893525697334
605;7,685;0,166830955615622
606;7,689;0,176509410602804
607;7,693;0,137889739048894
608;7,697;0,153800817772957
609;7,701;0,140299937956208
610;7,705;0,125593958685801
611;7,710;0,139509091439746
612;7,714;0,143463324022057
613;7,718;0,149545310327232
614;7,722;0,12625299744952
615;7,726;0,132334983754694
616;7,730;0,124671304416595
617;7,734;0,145515759029066
618;7,738;0,143180878837606
619;7,743;0,123315567531231
620;7,747;0,141881630989132
621;7,751;0,141053125114743
622;7,755;0,146381924261382
623;7,759;0,120039203391602
624;7,763;0,124351199874218
625;7,767;0,127288629792506
626;7,771;0,10685842811723
627;7,776;0,140827168967183
628;7,780;0,140092811487611
629;7,784;0,123390886247085
630;7,788;0,137362508037919
631;7,792;0,152219124740033
632;7,796;0,157058352233624
633;7,800;0,167885417637572
634;7,804;0,210421662415867
635;7,809;0,201665861697891
636;7,813;0,232151111939617
637;7,817;0,293178101459959
638;7,821;0,447468490885965
639;7,825;0,777741059903799
640;7,829;1,48490848305282
641;7,833;2,7213216928258
642;7,837;4,90014150503741
643;7,841;7,82013514060592
644;7,846;11,4793819722771
645;7,850;15,0882029236843
646;7,854;18,3418019814471
647;7,858;20,7729583214471
648;7,862;21,8897465807657
649;7,866;21,5545971248963
650;7,870;20,6833667089393
651;7,874;18,7754871473319
652;7,879;16,8047352876657
653;7,883;14,4598941960339
654;7,887;12,2428313058477
655;7,891;10,2875386126104
656;7,895;8,68462453149405
657;7,899;7,0832921434106
658;7,903;5,81660080986449
659;7,907;4,70323955211726
660;7,912;3,83675421525901
661;7,916;3,10505172042069
662;7,920;2,52666047170229
663;7,924;2,01793903514842
664;7,928;1,640648757759
665;7,932;1,37249529964139
666;7,936;1,19363217916816
667;7,940;0,987145919655643
668;7,945;0,865110770293922
669;7,949;0,735637897741663
670;7,953;0,647119576934773
671;7,957;0,606993531063792
672;7,961;0,554063303497707
673;7,965;0,483602644816707
674;7,969;0,444644039041456
675;7,973;0,386385012328732
676;7,978;0,382845032683615
677;7,982;0,365710024826932
678;7,986;0,349497671239454
679;7,990;0,30368506232153
680;7,994;0,282313376698084
681;7,998;0,283480816793814
682;8,002;0,265366665631034
683;8,006;0,268435903302067
684;8,010;0,219007996023172
685;8,015;0,204189038678985
686;8,019;0,24683826153106
687;8,023;0,201458735229294
688;8,027;0,197353865215275
689;8,031;0,184041282188159
690;8,035;0,186526799811327
691;8,039;0,164571394140016
692;8,043;0,15692654448088
693;8,048;0,15798100650283
694;8,052;0,167584142774158
695;8,056;0,184229578977793
696;8,060;0,168525626722327
697;8,064;0,159920463436059
698;8,068;0,120509945365686
699;8,072;0,149903074227536
700;8,076;0,143218538195533
701;8,081;0,140281108277244
702;8,085;0,135046457525422
703;8,089;0,112488502127283
704;8,093;0,0987993255208995
705;8,097;0,115105827503194
706;8,101;0,140149300524501
707;8,105;0,113844239012647
708;8,109;0,140262278598281
709;8,114;0,0984603912995585
710;8,118;0,126629591028788
711;8,122;0,125424491575131
712;8,126;0,128060646630005
713;8,130;0,097029335698341
714;8,134;0,11036074840442
715;8,138;0,108553099223935
716;8,142;0,113053392496185
717;8,147;0,107046724906864
718;8,151;0,109720539319665
719;8,155;0,109777028356555
720;8,159;0,127721712408664
721;8,163;0,117873790310812
722;8,167;0,16942945131257
723;8,171;0,168299670574767
724;8,175;0,18637616237962
725;8,179;0,207729018324102
726;8,184;0,192401659647904
727;8,188;0,177243768082376
728;8,192;0,197222057462531
729;8,196;0,160956095779045
730;8,200;0,167508824058304
731;8,204;0,137569634506516
732;8,208;0,125405661896168
733;8,212;0,135159435599203
734;8,217;0,127062673644946
735;8,221;0,133973165824509
736;8,225;0,0889890627809741
737;8,229;0,113976046765391
738;8,233;0,100738782454129
739;8,237;0,0971988028090115
740;8,241;0,110869149736432
741;8,245;0,0978766712516935
742;8,250;0,0982720945099247
743;8,254;0,0515744906807211
744;8,258;0,0936588231638945
745;8,262;0,0952970052337093
746;8,266;0,0987993255208995
747;8,270;0,0722871375404485
748;8,274;0,0961255111080984
749;8,278;0,0785762503142203
750;8,283;0,0791976297200121
751;8,287;0,0990252816684602
752;8,291;0,0911921352196906
753;8,295;0,0844699398297609
754;8,299;0,102621750350467
755;8,303;0,0727390498355698
756;8,307;0,0687283282163681
757;8,311;0,07051714771789
758;8,316;0,0734169182782518
759;8,320;0,0731721324517278
760;8,324;0,0723812859352655
761;8,328;0,0653954750398483
762;8,332;0,0815325099114723
763;8,336;0,0776347663660509
764;8,340;0,0698016199172812
765;8,344;0,055491063905106
766;8,348;0,0922277675626769
767;8,353;0,0855808908886008
768;8,357;0,0853925940989669
769;8,361;0,0494090775999315
770;8,365;0,0549073438572409
771;8,369;0,0814007021587285
772;8,373;0,0714586316660594
773;8,377;0,0788963548565979
774;8,381;0,0756011610380049
775;8,386;0,0946003071120639
776;8,390;0,104824822789184
777;8,394;0,14220173553151
778;8,398;0,147455215962295
779;8,402;0,160202908620509
780;8,406;0,193983352680828
781;8,410;0,214168768529581
782;8,414;0,215844609957323
783;8,419;0,187788388301874
784;8,423;0,206448600154592
785;8,427;0,185509997147304
786;8,431;0,197843436868323
787;8,435;0,153405394514726
788;8,439;0,124859601206229
789;8,443;0,138586437170539
790;8,447;0,144819060907421
791;8,452;0,107197362338571
792;8,456;0,111735314968747
793;8,460;0,111735314968747
794;8,464;0,0983474132257782
795;8,468;0,114013706123317
796;8,472;0,217501621706101
797;8,476;0,543556342636136
798;8,480;1,20370605741357
799;8,485;2,65649110815485
800;8,489;5,6287182731678
801;8,493;10,3384164051695
802;8,497;17,2553295052596
803;8,501;25,9954827600167
804;8,505;35,0146730273322
805;8,509;43,0984989921414
806;8,513;49,0668481847719
807;8,517;52,0919867476719
808;8,522;50,8421291471191
809;8,526;47,4728028824473
810;8,530;41,7902693868021
811;8,534;35,0290400723813
812;8,538;28,9339294809693
813;8,542;23,3649954385103
814;8,546;18,1548985880565
815;8,550;14,3476128203752
816;8,555;11,0416484254152
817;8,559;8,5503124314482
818;8,563;6,63362058008592
819;8,567;5,14577466711481
820;8,571;4,13544941265524
821;8,575;3,31342094782955
822;8,579;2,69767161604778
823;8,583;2,30650386526235
824;8,588;1,90275788892937
825;8,592;1,64761573897546
826;8,596;1,35618879765909
827;8,600;1,2002978855212
828;8,604;1,05717349572048
829;8,608;0,938320562103577
830;8,612;0,84731672367352
831;8,616;0,779285093578797
832;8,621;0,738010437291049
833;8,625;0,633863482944548
834;8,629;0,569729596395246
835;8,633;0,514464488637701
836;8,637;0,51196014133557
837;8,641;0,477934911448727
838;8,645;0,481606698846588
839;8,649;0,47200356257526
840;8,654;0,477388850758789
841;8,658;0,449991667867059
842;8,662;0,469141451372825
843;8,666;0,44916316199267
844;8,670;0,458314385968876
845;8,674;0,474112486619159
846;8,678;0,432800170973485
847;8,682;0,398379517828411
848;8,686;0,384012472779345
849;8,691;0,355165404607434
850;8,695;0,34219175580166
851;8,699;0,310670873216947
852;8,703;0,307808762014512
853;8,707;0,266609424442618
854;8,711;0,23433535469937
855;8,715;0,220363732908536
856;8,719;0,231962815149983
857;8,724;0,194868347592108
858;8,728;0,197711629115579
859;8,732;0,18637616237962
860;8,736;0,162631937206787
861;8,740;0,180124708963775
862;8,744;0,149149887069
863;8,748;0,151277640791863
864;8,752;0,129359894478479
865;8,757;0,110624363909908
866;8,761;0,108327143076374
867;8,765;0,104222273062355
868;8,769;0,104165784025465
869;8,773;0,104504718246806
870;8,777;0,104109294988575
871;8,781;0,102791217461138
872;8,785;0,108590758581862
873;8,790;0,103939827877905
874;8,794;0,0985168803364487
875;8,798;0,123899287579096
876;8,802;0,113844239012647
877;8,806;0,120943027981844
878;8,810;0,124181732763547
879;8,814;0,139490261760782
880;8,818;0,206975831165567
881;8,823;0,205751902032946
882;8,827;0,201891817845452
883;8,831;0,254690237658793
884;8,835;0,24233796825881
885;8,839;0,268228776833469
886;8,843;0,249078993327703
887;8,847;0,253296841415502
888;8,851;0,225523064944504
889;8,855;0,195320259887229
890;8,860;0,181480445849138
891;8,864;0,171161781777202
892;8,868;0,129924784847381
893;8,872;0,134104973577253
894;8,876;0,112940414422404
895;8,880;0,0915875584779217
896;8,884;0,0830577139075067
897;8,888;0,0720611813928878
898;8,893;0,0788022064617809
899;8,897;0,108779055371495
900;8,901;0,0871060948846353
901;8,905;0,0827752687230559
902;8,909;0,0903636293453015
903;8,913;0,0787268877459274
904;8,917;0,0814948505535455
905;8,921;0,0584473235023579
906;8,926;0,0929432953632857
907;8,930;0,0699522573489883
908;8,934;0,0672784429361872
909;8,938;0,0424232667045143
910;8,942;0,0717034174925835
911;8,946;0,0538152224773644
912;8,950;0,0684458830319172
913;8,954;0,0518757655441354
914;8,959;0,0732097918096545
915;8,963;0,116913476683679
916;8,967;0,154083262957408
917;8,971;0,302141028646532
918;8,975;0,716789389099311
919;8,979;1,50763590556163
920;8,983;2,99501107655865
921;8,987;5,47606606581161
922;8,992;8,90406561013338
923;8,996;13,120576790726
924;9,000;17,6504703183063
925;9,004;21,838172090085
926;9,008;24,1480652975607
927;9,012;25,2986904899765
928;9,016;24,1646919040854
929;9,020;22,0978145333111
930;9,024;19,1775196228792
931;9,029;15,8421620990573
932;9,033;12,7511008301064
933;9,037;9,97592625544531
934;9,041;7,79266263899834
935;9,045;5,88708029822446
936;9,049;4,61170848267622
937;9,053;3,49706680675948
938;9,057;2,80665779788788
939;9,062;2,20171670183109
940;9,066;1,82342845145662
941;9,070;1,4917059971586
942;9,074;1,20551370659406
943;9,078;1,07995740726618
944;9,082;0,883996938294201
945;9,086;0,755804483911452
946;9,090;0,664555859654871
947;9,095;0,582157184511083
948;9,099;0,5324656617267
949;9,103;0,470007616605141
950;9,107;0,448711249697548
951;9,111;0,377026661883928
952;9,115;0,357763900304382
953;9,119;0,305436222465125
954;9,123;0,306867278066343
955;9,128;0,278942864163637
956;9,132;0,264801775262133
957;9,136;0,348236082748907
958;9,140;0,489308037542614
959;9,144;0,897648455542657
960;9,148;1,82455823219442
961;9,152;3,67777523577112
962;9,156;6,41515864475269
963;9,161;10,4326777780602
964;9,165;15,4964868526474
965;9,169;20,6432218333894
966;9,173;25,0476532100366
967;9,177;27,5623756652761
968;9,181;27,9804133679423
969;9,185;26,9805385853074
970;9,189;24,129894657361
971;9,193;20,441292356186
972;9,198;16,6846019358793
973;9,202;13,0950814054096
974;9,206;9,92277007173166
975;9,210;7,42687729545555
976;9,214;5,64865890319003
977;9,218;4,23808999268467
978;9,222;3,24896695673787
979;9,226;2,52957907194161
980;9,231;2,03669339539596
981;9,235;1,65665398487788
982;9,239;1,37710857098742
983;9,243;1,12887691321307
984;9,247;0,991156641274845
985;9,251;0,853888281631742
986;9,255;0,789095356318723
987;9,259;0,644200976695448
988;9,264;0,613433281269271
989;9,268;0,556228716578497
990;9,272;0,479855538702993
991;9,276;0,42649222852075
992;9,280;0,405685433266206
993;9,284;0,362471320045229
994;9,288;0,317637854433401
995;9,292;0,285269636295336
996;9,297;0,280317430727965
997;9,301;0,27984668875388
998;9,305;0,222566805347252
999;9,309;0,212643564533546
1000;9,313;0,215562164772872
1001;9,317;0,192627615795465
1002;9,321;0,218141830790856
1003;9,325;0,181461616170175
1004;9,330;0,179898752816214
1005;9,334;0,156342824433015
1006;9,338;0,137550804827553
1007;9,342;0,132240835359878
1008;9,346;0,136251556979079
1009;9,350;0,113844239012647
1010;9,354;0,103958657556868
1011;9,358;0,118118576137336
1012;9,362;0,106896087475157
1013;9,367;0,114371470023622
1014;9,371;0,0864093967629899
1015;9,375;0,0862399296523194
1016;9,379;0,112789776990697
1017;9,383;0,107385659128205
1018;9,387;0,0654331343977751
1019;9,391;0,0790281626093416
1020;9,395;0,0561689323477879
1021;9,400;0,0810052789004974
1022;9,404;0,0726637311197163
1023;9,408;0,0962196595029153
1024;9,412;0,0534951179349868
1025;9,416;0,0520828920127326
1026;9,420;0,0622697483319258
1027;9,424;0,0464151586447527
1028;9,428;0,095673598812977
1029;9,433;0,0461138837813385
1030;9,437;0,0733980885992884
1031;9,441;0,0887254472754867
1032;9,445;0,0728708575883135
1033;9,449;0,0632112322800952
1034;9,453;0,0622697483319258
1035;9,457;0,0332155536914173
1036;9,461;0,04095455174537
1037;9,466;0,0453795263017663
1038;9,470;0,0340440595658064
1039;9,474;0,0490701433785905
1040;9,478;0,0114672744887036
1041;9,482;0,0292989804670325
1042;9,486;0,0368496817313513
1043;9,490;0,0098290924188888
1044;9,494;0,0612906050258296
1045;9,499;0,0133690720640058
1046;9,503;0,0395423258231159
1047;9,507;0,0322740697432479
1048;9,511;0
1049;9,515;0,043666025516098
1050;9,519;0,0356069229197677
1051;9,523;0,0199782893801552
1052;9,527;0,0592193403398569
1053;9,531;0,0369626598051317
1054;9,536;0,0319916245587971
1055;9,540;0,0219742353502744
1056;9,544;0,0309936515737375
1057;9,548;0,0598783791035755
1058;9,552;0,0270017596334991
1059;9,556;0,0392598806386651
1060;9,560;0,030146316020385
1061;9,564;0,0276419687182543
1062;9,569;0,0404084910554318
1063;9,573;0,0123710990789463
1064;9,577;0,0130489675216282
1065;9,581;0,0294872772566664
1066;9,585;0,0355127745249507
1067;9,589;0,0525724636657807
1068;9,593;0,00116744009573009
1069;9,597;0,00753187158535541
1070;9,602;0,0282256887661194
1071;9,606;0,0266439957331947
1072;9,610;0,0135950282115665
1073;9,614;0,0219930650292378
1074;9,618;0,0323117291011747
1075;9,622;0,0133125830271157
1076;9,626;0,046283350892009
1077;9,630;0,044927614006645
1078;9,635;0,139565580476636
1079;9,639;0,29223661751179
1080;9,643;0,705002010068229
1081;9,647;1,57532860143501
1082;9,651;3,26056603897932
1083;9,655;5,82228737291144
1084;9,659;9,74592172690752
1085;9,663;14,6791281482046
1086;9,668;19,8928402970194
1087;9,672;24,2900787363026
1088;9,676;27,0312469107558
1089;9,680;27,427686971651
1090;9,684;25,7699596950722
1091;9,688;22,8154700876427
1092;9,692;18,9048093824524
1093;9,696;15,2823934028337
1094;9,700;11,7701310451507
1095;9,705;8,92805462113274
1096;9,709;6,74418845495894
1097;9,713;5,01935220255462
1098;9,717;3,75789551976034
1099;9,721;2,91829896446181
1100;9,725;2,30770896471601
1101;9,729;1,89238273582055
1102;9,733;1,53663361116525
1103;9,738;1,22327009385653
1104;9,742;1,06621174162291
1105;9,746;0,903975227674356
1106;9,750;0,788285680123297
1107;9,754;0,676098452859428
1108;9,758;0,615561034992134
1109;9,762;0,563496972658365
1110;9,766;0,442233840134143
1111;9,771;0,448522952907914
1112;9,775;0,39015094812141
1113;9,779;0,38220482359886
1114;9,783;0,314512127725478
1115;9,787;0,310369598353533
1116;9,791;0,313476495382492
1117;9,795;0,47895171411275
1118;9,799;0,807002381012905
1119;9,804;1,83839804623251
1120;9,808;4,00109965325146
1121;9,812;8,42673324841148
1122;9,816;15,8759802024755
1123;9,820;27,0365192208655
1124;9,824;42,1364906939019
1125;9,828;59,5321954558336
1126;9,832;76,2058573482351
1127;9,837;89,3588400164572
1128;9,841;95,3957857295512
1129;9,845;93,6735103134859
1130;9,849;84,0345035037325
1131;9,853;70,4930645584958
1132;9,857;55,8103399416092
1133;9,861;42,4936897038374
1134;9,865;31,5363040917834
1135;9,869;23,1117362564527
1136;9,874;17,0356436407937
1137;9,878;12,7665411668564
1138;9,882;9,84238617223696
1139;9,886;7,76091580026606
1140;9,890;6,22812344360935
1141;9,894;5,05505327386921
1142;9,898;4,21421395975909
1143;9,902;3,56133250106152
1144;9,907;3,08479098585609
1145;9,911;2,66208352280698
1146;9,915;2,3181029475038
1147;9,919;2,05631392087581
1148;9,923;1,81075607751426
1149;9,927;1,61564294409562
1150;9,931;1,44175085886873
1151;9,935;1,26465772821806
1152;9,940;1,1991681047834
1153;9,944;1,1085973489695
1154;9,948;1,00669112641964
1155;9,952;0,887009686928343
1156;9,956;0,845358437061327
1157;9,960;0,789773224761404
1158;9,964;0,728840383635879
1159;9,968;0,645519054222885
1160;9,973;0,613282643837564
1161;9,977;0,585960779661687
1162;9,981;0,562197724809891
1163;9,985;0,501810944374304
1164;9,989;0,490682604106941
1165;9,993;0,471363353490505
1166;9,997;0,454604939213089
1167;10,001;0,399998870219262
1168;10,006;0,406476279782668
1169;10,010;0,381715251945812
1170;10,014;0,354826470386093
1171;10,018;0,313777770245906
1172;10,022;0,294477349308433
1173;10,026;0,303214320347445
1174;10,030;0,276118412319129
1175;10,034;0,260000207126469
1176;10,038;0,256742672665802
1177;10,043;0,248551762316728
1178;10,047;0,235879388374368
1179;10,051;0,204076060605205
1180;10,055;0,246499327309719
1181;10,059;0,209668475257331
1182;10,063;0,205375308453679
1183;10,067;0,20243787853539
1184;10,071;0,178750142399447
1185;10,076;0,15225678409796
1186;10,080;0,147003303667174
1187;10,084;0,154798790758017
1188;10,088;0,163272146291542
1189;10,092;0,19210038478449
1190;10,096;0,157604412923562
1191;10,100;0,198276519484481
1192;10,104;0,190123268493334
1193;10,109;0,203228725051852
1194;10,113;0,139885685019013
1195;10,117;0,13525358399402
1196;10,121;0,169165835807082
1197;10,125;0,130357867463539
1198;10,129;0,134613374909265
1199;10,133;0,1022451567712
1200;10,137;0,0920583004520065
1201;10,142;0,0862399296523194
1202;10,146;0,0998914469007761
1203;10,150;0,0864658857998801
1204;10,154;0,110718512304724
1205;10,158;0,0981214570782176
1206;10,162;0,0849406818038456
1207;10,166;0,111735314968747
1208;10,170;0,0949204116544415
1209;10,175;0,10113420571236
1210;10,179;0,1035820639776
1211;10,183;0,143708109848581
1212;10,187;0,123560353357755
1213;10,191;0,118589318111421
1214;10,195;0,157378456776001
1215;10,199;0,149413502574488
1216;10,203;0,152388591850703
1217;10,207;0,196751315488447
1218;10,212;0,453644625585956
1219;10,216;1,00618272508763
1220;10,220;2,08726991309162
1221;10,224;4,11663856337081
1222;10,228;7,42269710672568
1223;10,232;12,0101529628971
1224;10,236;17,4953514230059
1225;10,240;22,6112433896058
1226;10,245;26,8495593384381
1227;10,249;29,1716541778821
1228;10,253;28,7092160922202
1229;10,257;26,2431683571011
1230;10,261;22,2808578425142
1231;10,265;17,8902474502261
1232;10,269;13,870958327096
1233;10,273;10,4661381175782
1234;10,278;7,80708617308429
1235;10,282;5,88361563729519
1236;10,286;4,44883175964291
1237;10,290;3,37277209592215
1238;10,294;2,66846678397557
1239;10,298;2,17495972802412
1240;10,302;1,81570828308163
1241;10,306;1,55508669654937
1242;10,311;1,26902621373757
1243;10,315;1,13976046765391
1244;10,319;0,991646212927893
1245;10,323;0,94417659226119
1246;10,327;0,902694809504845
1247;10,331;0,811540333643082
1248;10,335;0,775556817144046
1249;10,339;0,718352252453272
1250;10,344;0,644558740595752
1251;10,348;0,639342919522894
1252;10,352;0,525122086930979
1253;10,356;0,465375515580147
1254;10,360;0,427132437605505
1255;10,364;0,379060267211974
1256;10,368;0,322495911605955
1257;10,372;0,322307614816321
1258;10,376;0,306302387697441
1259;10,381;0,223414140900605
1260;10,385;0,261807856306954
1261;10,389;0,208858799061905
1262;10,393;0,186978712106448
1263;10,397;0,239400538340522
1264;10,401;0,209235392641173
1265;10,405;0,183514051177184
1266;10,409;0,197711629115579
1267;10,414;0,198879069211309
1268;10,418;0,210101557873489
1269;10,422;0,224374454527738
1270;10,426;0,24911665268563
1271;10,430;0,298958812901719
1272;10,434;0,320951877930957
1273;10,438;0,366820975885772
1274;10,442;0,366820975885772
1275;10,447;0,475694179652084
1276;10,451;0,723323287699606
1277;10,455;1,42597158789741
1278;10,459;2,82142026619517
1279;10,463;5,36800253824072
1280;10,467;9,39356194446563
1281;10,471;14,9277175698793
1282;10,475;21,1690782777999
1283;10,480;27,4611473111689
1284;10,484;31,809070821247
1285;10,488;33,9140971216011
1286;10,492;32,629423444645
1287;10,496;28,83019677956
1288;10,500;23,8285633049099
1289;10,504;18,7635679605481
1290;10,508;14,1397708239773
1291;10,513;10,659104667595
1292;10,517;7,79189062216084
1293;10,521;6,00175304311149
1294;10,525;4,49792073270047
1295;10,529;3,51941763568902
1296;10,533;2,89412165667281
1297;10,537;2,32329993889769
1298;10,541;1,8871104257108
1299;10,545;1,54924949607072
1300;10,550;1,33146542918017
1301;10,554;1,19220112356694
1302;10,558;1,03164045104613
1303;10,562;0,951614315451729
1304;10,566;0,774822459664474
1305;10,570;0,73128824190112
1306;10,574;0,643485448894839
1307;10,578;0,604997585093673
1308;10,583;0,565492918628484
1309;10,587;0,506763149941675
1310;10,591;0,464735306495392
1311;10,595;0,379229734322645
1312;10,599;0,390358074590007
1313;10,603;0,368929899929671
1314;10,607;0,351907870146768
1315;10,611;0,311819483633714
1316;10,616;0,279940837148697
1317;10,620;0,267381441280117
1318;10,624;0,286003993774908
1319;10,628;0,25823021730391
1320;10,632;0,25128206576642
1321;10,636;0,247478470615815
1322;10,640;0,214921955688117
1323;10,644;0,184700320951878
1324;10,649;0,225541894623468
1325;10,653;0,210346343700013
1326;10,657;0,143651620811691
1327;10,661;0,161351519037276
1328;10,665;0,154629323647346
1329;10,669;0,152200295061069
1330;10,673;0,156662928975392
1331;10,677;0,149357013537598
1332;10,682;0,147379897246442
1333;10,686;0,160165249262583
1334;10,690;0,152802844787898
1335;10,694;0,130998076548294
1336;10,698;0,144197681501629
1337;10,702;0,12275067716233
1338;10,706;0,117478367052581
1339;10,710;0,129303405441589
1340;10,714;0,123748650147389
1341;10,719;0,123842798542206
1342;10,723;0,113618282865086
1343;10,727;0,110586704551981
1344;10,731;0,11036074840442
1345;10,735;0,0954476426654164
1346;10,739;0,105672158342536
1347;10,743;0,0834343074867745
1348;10,747;0,0981026273992542
1349;10,752;0,100060914011447
1350;10,756;0,0843381320770172
1351;10,760;0,0864847154788435
1352;10,764;0,0792352890779389
1353;10,768;0,0688977953270386
1354;10,772;0,0667700416041757
1355;10,776;0,0734169182782518
1356;10,780;0,0612341159889394
1357;10,785;0,0764673262703208
1358;10,789;0,0785385909562935
1359;10,793;0,0499739679688331
1360;10,797;0,0473754722718855
1361;10,801;0,075412864248371
1362;10,805;0,0496915227843823
1363;10,809;0,0521770404075496
1364;10,813;0,0635313368224728
1365;10,818;0,0463774992868259
1366;10,822;0,0395046664651891
1367;10,826;0,0869931168108549
1368;10,830;0,0487876981941396
1369;10,834;0,0614412424575367
1370;10,838;0,0733415995623983
1371;10,842;0,0756576500748951
1372;10,846;0,114597426171183
1373;10,851;0,235427476079247
1374;10,855;0,474639717630134
1375;10,859;1,10076420252073
1376;10,863;2,37295380232415
1377;10,867;4,47359278747977
1378;10,871;8,0580669639873
1379;10,875;13,1193716912724
1380;10,879;19,0552396876909
1381;10,883;25,2167060677699
1382;10,888;29,7346804085664
1383;10,892;31,9628339796621
1384;10,896;30,9802825016735
1385;10,900;28,1833596478097
1386;10,904;23,702027862276
1387;10,908;19,0332089633038
1388;10,912;14,7539384627262
1389;10,916;11,0594989610725
1390;10,921;8,22591472226694
1391;10,925;6,08121428833699
1392;10,929;4,81746038470917
1393;10,933;3,68385722207629
1394;10,937;2,94820049465567
1395;10,941;2,34401258575742
1396;10,945;1,97722926922957
1397;10,949;1,68932347787936
1398;10,954;1,40362075896787
1399;10,958;1,23411598893945
1400;10,962;1,0434843191141
1401;10,966;1,03629138175009
1402;10,970;0,861608450006732
1403;10,974;0,789603757650734
1404;10,978;0,720291709386501
1405;10,982;0,668510092237182
1406;10,987;0,577845188028467
1407;10,991;0,551464807800759
1408;10,995;0,495728958069129
1409;10,999;0,424703409019228
1410;11,003;0,429109553896661
1411;11,007;0,378325909732402
1412;11,011;0,350683941014148
1413;11,015;0,345016207646168
1414;11,020;0,294270222839836
1415;11,024;0,308863224036462
1416;11,028;0,309446944084327
1417;11,032;0,259642443226164
1418;11,036;0,286531224785883
1419;11,040;0,280449238480709
1420;11,044;0,20816210094026
1421;11,048;0,218537254049087
1422;11,052;0,195056644381742
1423;11,057;0,208726991309162
1424;11,061;0,187091690180228
1425;11,065;0,18321277631377
1426;11,069;0,196901952920154
1427;11,073;0,209122414567393
1428;11,077;0,274423741212424
1429;11,081;0,553837347350146
1430;11,085;1,13912025856915
1431;11,090;2,63643750005884
1432;11,094;5,61075475943673
1433;11,098;11,102430629109
1434;11,102;19,8697551106102
1435;11,106;31,5556045127209
1436;11,110;45,402856274002
1437;11,114;58,1007444313578
1438;11,118;68,7033977214206
1439;11,123;74,184698437984
1440;11,127;72,6031560424911
1441;11,131;65,449101965536
1442;11,135;54,1210164637298
1443;11,139;42,1892702840363
1444;11,143;32,0182873842092
1445;11,147;23,9356288594958
1446;11,151;17,7171085521577
1447;11,156;13,2579392987639
1448;11,160;10,1671604749975
1449;11,164;7,98291771524441
1450;11,168;6,49908252389251
1451;11,172;5,42469870159949
1452;11,176;4,56043526685892
1453;11,180;3,93657034344393
1454;11,184;3,40547924828156
1455;11,189;3,03148416471073
1456;11,193;2,76447931700988
1457;11,197;2,45124760745392
1458;11,201;2,25202960402127
1459;11,205;1,9838008271878
1460;11,209;1,78840524858471
1461;11,213;1,55983177564814
1462;11,217;1,45086442348701
1463;11,221;1,28569047962017
1464;11,226;1,20523126140961
1465;11,230;1,06931863865187
1466;11,234;1,02277167225437
1467;11,238;0,868839046728673
1468;11,242;0,849369158680529
1469;11,246;0,770416314787041
1470;11,250;0,70411701515695
1471;11,254;0,649096693225929
1472;11,259;0,645180120001544
1473;11,263;0,575133714257739
1474;11,267;0,586996412004674
1475;11,271;0,557678601858678
1476;11,275;0,529471742771522
1477;11,279;0,507572826137101
1478;11,283;0,457052797478329
1479;11,287;0,462117981119481
1480;11,292;0,434645479511897
1481;11,296;0,473491107213368
1482;11,300;0,457504709773451
1483;11,304;0,467070186686852
1484;11,308;0,641470673245757
1485;11,312;1,02405209042388
1486;11,316;1,8710110501971
1487;11,320;3,63286645144344
1488;11,325;6,86373808669749
1489;11,329;11,549880290316
1490;11,333;17,5592781830866
1491;11,337;24,0345411630904
1492;11,341;29,9385116833451
1493;11,345;33,4729742325258
1494;11,349;34,6489065134684
1495;11,353;32,790417199782
1496;11,358;28,5663176585671
1497;11,362;23,2570072296552
1498;11,366;18,4604477885954
1499;11,370;14,1540813799895
1500;11,374;10,5814699012289
1501;11,378;8,01722539031571
1502;11,382;6,27869996130501
1503;11,386;4,98242720210742
1504;11,390;3,90314766328392
1505;11,395;3,26817322928053
1506;11,399;2,67680833175635
1507;11,403;2,26336507075723
1508;11,407;2,01353289027099
1509;11,411;1,67774322531688
1510;11,415;1,47739544114643
1511;11,419;1,32387706855792
1512;11,423;1,34524875418137
1513;11,428;1,57632657442007
1514;11,432;2,1899858118369
1515;11,436;3,94743506820581
1516;11,440;7,35265070098187
1517;11,444;13,333521630123
1518;11,448;22,6035797102677
1519;11,452;34,9148004101104
1520;11,456;48,4283902601603
1521;11,461;60,8060420673858
1522;11,465;69,8461709377086
1523;11,469;71,6478134506046
1524;11,473;67,2161355284973
1525;11,477;58,2041005391879
1526;11,481;47,1486122997346
1527;11,485;36,5736198080691
1528;11,489;27,4956432830298
1529;11,494;20,5570760521319
1530;11,498;15,4037130243948
1531;11,502;11,8183161936181
1532;11,506;9,39491768135099
1533;11,510;7,49724380574173
1534;11,514;6,12977603038357
1535;11,518;5,08680011260148
1536;11,522;4,37876652422015
1537;11,527;3,67730449379703
1538;11,531;3,16649296287823
1539;11,535;2,87045275021584
1540;11,539;2,47122589683407
1541;11,543;2,29868954849254
1542;11,547;2,02294772975268
1543;11,551;1,82691194206484
1544;11,555;1,61999259993617
1545;11,559;1,53676541891799
1546;11,564;1,41232007064896
1547;11,568;1,29917252975795
1548;11,572;1,27320640246744
1549;11,576;1,06530791703267
1550;11,580;1,045593243158
1551;11,584;1,02535133827236
1552;11,588;0,938621836966991
1553;11,592;0,837901884191826
1554;11,597;0,829183742831777
1555;11,601;0,781111572438246
1556;11,605;0,741663395009947
1557;11,609;0,645763840049409
1558;11,613;0,663256611806397
1559;11,617;0,660055566382621
1560;11,621;0,586845774572966
1561;11,625;0,551333000048016
1562;11,630;0,592607656335763
1563;11,634;0,527645263912073
1564;11,638;0,524538366883114
1565;11,642;0,502394664422169
1566;11,646;0,446338710148161
1567;11,650;0,462061492082591
1568;11,654;0,430823054682329
1569;11,658;0,409018286442725
1570;11,663;0,405459477118645
1571;11,667;0,467145505402706
1572;11,671;0,531693644889201
1573;11,675;0,824626960522637
1574;11,679;1,48714921484946
1575;11,683;3,02071358834368
1576;11,687;5,75011321344477
1577;11,691;9,93039609171183
1578;11,696;15,9461207566142
1579;11,700;22,7441809230874
1580;11,704;29,9749282824603
1581;11,708;36,3915179828142
1582;11,712;43,371284551284
1583;11,716;50,8198724665844
1584;11,720;59,3988813287728
1585;11,724;69,1031329761343
1586;11,728;77,9817032009513
1587;11,733;84,0060518588188
1588;11,737;84,2047991202774
1589;11,741;79,244496790952
1590;11,745;68,842021817949
1591;11,749;56,6327826593721
1592;11,753;44,3802540688583
1593;11,757;33,2739256962038
1594;11,761;25,1480530582694
1595;11,766;19,2034480908118
1596;11,770;14,7928405794645
1597;11,774;11,5180393031889
1598;11,778;9,35339823923672
1599;11,782;7,74114463735451
1600;11,786;6,50734875295744
1601;11,790;5,60678169717545
1602;11,794;4,86470404922831
1603;11,799;4,23953987796485
1604;11,803;3,81600390904135
1605;11,807;3,33590358451184
1606;11,811;2,97427960001996
1607;11,815;2,71132313329624
1608;11,819;2,4455987037649
1609;11,823;2,23257854565209
1610;11,827;2,05625743183892
1611;11,832;1,89001019627116
1612;11,836;1,74001297364881
1613;11,840;1,66808360000866
1614;11,844;1,56130049060729
1615;11,848;1,54467388408261
1616;11,852;1,43154517287058
1617;11,856;1,3253269538381
1618;11,860;1,26228518866868
1619;11,865;1,19965767643645
1620;11,869;1,17937811219288
1621;11,873;1,03583946945497
1622;11,877;1,04811642013909
1623;11,881;0,993491521466305
1624;11,885;0,972797704285541
1625;11,889;0,920620663877991
1626;11,893;0,897158883889609
1627;11,897;0,882584712371946
1628;11,902;0,878253886210367
1629;11,906;0,764089542655343
1630;11,910;0,77329725566844
1631;11,914;0,760154139751994
1632;11,918;0,68805529900118
1633;11,922;0,668265306410658
1634;11,926;0,598651983283011
1635;11,930;0,610043939055861
1636;11,935;0,655781229257932
1637;11,939;0,625107682226572
1638;11,943;0,74612602892427
1639;11,947;1,07297159637077
1640;11,951;1,77769116125455
1641;11,955;3,33373817143105
1642;11,959;6,12160394971346
1643;11,963;10,4114190705106
1644;11,968;15,825836767396
1645;11,972;21,5717886217899
1646;11,976;26,6645200832648
1647;11,980;30,0125688107081
1648;11,984;30,6009397892771
1649;11,988;28,6058599843902
1650;11,992;24,8484352066039
1651;11,996;20,2592658496469
1652;12,001;15,9352936912102
1653;12,005;12,2941233513439
1654;12,009;9,3992861668705
1655;12,013;7,25242031985976
1656;12,017;5,6112819904477
1657;12,021;4,55425913215893
1658;12,025;3,64474797886933
1659;12,029;3,00719387884796
1660;12,034;2,58945745104519
1661;12,038;2,22828537884843
1662;12,042;1,92222777697752
1663;12,046;1,7965396698969
1664;12,050;1,60280110304259
1665;12,054;1,41917407379163
1666;12,058;1,31775742289482
1667;12,062;1,18711711024683
1668;12,066;1,10750522758962
1669;12,071;1,04977343188787
1670;12,075;0,958016406299281
1671;12,079;0,891039238226508
1672;12,083;0,88043812897012
1673;12,087;0,772205134288563
1674;12,091;0,762733805769979
1675;12,095;0,716488114235896
1676;12,099;0,674177825605162
1677;12,104;0,666532975946027
1678;12,108;0,618140701010118
1679;12,112;0,634955604324424
1680;12,116;0,551464807800759
1681;12,120;0,569127046668418
1682;12,124;0,554477556434902
1683;12,128;0,502695939285583
1684;12,132;0,477991400485617
1685;12,137;0,438712690167989
1686;12,141;0,431425604409158
1687;12,145;0,465940405949049
1688;12,149;0,412633584803696
1689;12,153;0,437093337777138
1690;12,157;0,453701114622846
1691;12,161;0,408509885110714
1692;12,165;0,383617049521114
1693;12,170;0,367555333365344
1694;12,174;0,371415417552838
1695;12,178;0,371076483331497
1696;12,182;0,360626011506817
1697;12,186;0,412012205397904
1698;12,190;0,341796332543428
1699;12,194;0,333322977009903
1700;12,198;0,3777610193635
1701;12,203;0,372827643475093
1702;12,207;0,315114677452307
1703;12,211;0,356408163419018
1704;12,215;0,309729389268778
1705;12,219;0,301312522772143
1706;12,223;0,322853675506259
1707;12,227;0,313740110887979
1708;12,231;0,348970440228479
1709;12,235;0,31724243117517
1710;12,240;0,302385814473056
1711;12,244;0,300917099513912
1712;12,248;0,288884934656307
1713;12,252;0,296379146883735
1714;12,256;0,286399417033139
1715;12,260;0,326261847398633
1716;12,264;0,302931875162994
1717;12,268;0,325602808634914
1718;12,273;0,337088912802581
1719;12,277;0,31952082232974
1720;12,281;0,31396606703554
1721;12,285;0,335977961743741
1722;12,289;0,509606431465147
1723;12,293;0,934234521768521
1724;12,297;1,83723060613678
1725;12,301;3,92466998633907
1726;12,306;7,92669229385974
1727;12,310;14,9212213306369
1728;12,314;26,1769255465079
1729;12,318;40,7037027622198
1730;12,322;58,4876378450186
1731;12,326;76,0589293632838
1732;12,330;90,8482864521401
1733;12,334;99,6321998808081
1734;12,339;100
1735;12,343;93,7379831342566
1736;12,347;83,057563270075
1737;12,351;70,4817290917599
1738;12,355;57,856862429424
1739;12,359;46,1332971803497
1740;12,363;36,3728389412825
1741;12,367;28,326182762747
1742;12,372;22,146752868937
1743;12,376;17,1940577299127
1744;12,380;13,8398516974485
1745;12,384;11,0865572097429
1746;12,388;9,18082423153727
1747;12,392;7,73029874227159
1748;12,396;6,52898405408637
1749;12,400;5,78933543472551
1750;12,405;5,00436377809977
1751;12,409;4,41891139977009
1752;12,413;4,01618222610114
1753;12,417;3,58686554573588
1754;12,421;3,2857789791113
1755;12,425;2,97887404168703
1756;12,429;2,73776000256084
1757;12,433;2,5034058181825
1758;12,437;2,30689928852058
1759;12,442;2,19006113055275
1760;12,446;2,03727711544382
1761;12,450;1,84747395149286
1762;12,454;1,78808514404234
1763;12,458;1,73295184403754
1764;12,462;1,61728112616544
1765;12,466;1,48377870231502
1766;12,470;1,43928417092453
1767;12,475;1,43711875784374
1768;12,479;1,29169714720949
1769;12,483;1,27787616285036
1770;12,487;1,18598732950903
1771;12,491;1,13522251502373
1772;12,495;1,07261383247046
1773;12,499;1,08415642567502
1774;12,503;1,07391308031894
1775;12,508;0,978597245406264
1776;12,512;0,968146773581584
1777;12,516;0,985790182770279
1778;12,520;0,884185235083835
1779;12,524;0,914670485325561
1780;12,528;0,943687020608142
1781;12,532;1,02392028267114
1782;12,536;1,26354677715922
1783;12,541;1,85027957365841
1784;12,545;3,05699837970613
1785;12,549;5,2134108739513
1786;12,553;8,74497365257171
1787;12,557;13,0170323861063
1788;12,561;18,2236080865939
1789;12,565;22,7395488220624
1790;12,569;26,1502250617378
1791;12,574;27,3403549206188
1792;12,578;26,2694922482919
1793;12,582;23,1538959076517
1794;12,586;19,4267869129965
1795;12,590;15,6594012350386
1796;12,594;12,1848547243194
1797;12,598;9,36456423886201
1798;12,602;7,25428445807713
1799;12,606;5,66918325326012
1800;12,611;4,60530639182867
1801;12,615;3,79461339373894
1802;12,619;3,53883103470027
1803;12,623;3,70099222993298
1804;12,627;4,62166938284786
1805;12,631;6,73916093067571
1806;12,635;10,1931642616459
1807;12,639;15,6015188019052
1808;12,644;22,6770342879039
1809;12,648;30,0308900883394
1810;12,652;36,0077314661824
1811;12,656;38,8586954986711
1812;12,660;38,1931040066732
1813;12,664;35,0889184514849
1814;12,668;29,5508462528468
1815;12,672;24,0046961219335
1816;12,677;19,0600412558266
1817;12,681;14,7832751025511
1818;12,685;11,5585419426391
1819;12,689;9,26990744271306
1820;12,693;7,48120091926493
1821;12,697;6,21882158220143
1822;12,701;5,21802414529733
1823;12,705;4,53252968263518
1824;12,710;3,9449683802616
1825;12,714;3,51493617209573
1826;12,718;3,01690999319307
1827;12,722;2,75619425826599
1828;12,726;2,50464857699409
1829;12,730;2,32712236372726
1830;12,734;2,11287827648183
1831;12,738;1,94889060238967
1832;12,743;1,85826335753889
1833;12,747;1,71536492388573
1834;12,751;1,59871506270754
1835;12,755;1,47074856447235
1836;12,759;1,38119461132247
1837;12,763;1,3285656586198
1838;12,767;1,35332668645666
1839;12,771;1,1901675182389
1840;12,775;1,1970591807395
1841;12,780;1,11010372328657
1842;12,784;1,08935341706892
1843;12,788;1,00868707238976
1844;12,792;1,01326268437786
1845;12,796;0,957865768867574
1846;12,800;0,891980722174677
1847;12,804;0,850593087813149
1848;12,808;0,886557774633221
1849;12,813;0,875542412439639
1850;12,817;0,847335553352483
1851;12,821;0,805401858301017
1852;12,825;0,813235004749787
1853;12,829;0,805759622201321
1854;12,833;0,760003502320287
1855;12,837;0,747688892278231
1856;12,841;0,740269998766656
1857;12,846;0,687396260237461
1858;12,850;0,69711237458257
1859;12,854;0,699955656106041
1860;12,858;0,722080528888023
1861;12,862;0,771225990982467
1862;12,866;0,964795090726101
1863;12,870;1,43841800569221
1864;12,874;2,34851287902967
1865;12,879;4,39746439543079
1866;12,883;7,83241209129005
1867;12,887;13,6206742343146
1868;12,891;21,1229079049817
1869;12,895;29,7481059696673
1870;12,899;37,6025864447024
1871;12,903;42,1495208317446
1872;12,907;42,9194099155206
1873;12,912;39,5933730827856
1874;12,916;33,8364058661982
1875;12,920;27,4305114234955
1876;12,924;21,4429371286434
1877;12,928;16,6618933430494
1878;12,932;13,1692515108464
1879;12,936;10,3401299059552
1880;12,940;8,55392772980917
1881;12,944;7,12249553501238
1882;12,949;6,05511635329373
1883;12,953;5,20390188607479
1884;12,957;4,47792361364135
1885;12,961;3,93423546325247
1886;12,965;3,50098337998386
1887;12,969;3,14738083873039
1888;12,973;2,86785425451889
1889;12,977;2,60900265780919
1890;12,982;2,51321608092243
1891;12,986;2,30172112680565
1892;12,990;2,1317644444821
1893;12,994;1,98498709696249
1894;12,998;1,91002614500924
1895;13,002;1,80119060060086
1896;13,006;1,70739996968422
1897;13,010;1,5891684154731
1898;13,015;1,57937698241214
1899;13,019;1,54881641345456
1900;13,023;1,47483460480741
1901;13,027;1,40492000681634
1902;13,031;1,3711019033981
1903;13,035;1,30702450588569
1904;13,039;1,26160732022599
1905;13,043;1,21281962203185
1906;13,048;1,10311791239115
1907;13,052;1,10912457998047
1908;13,056;1,07174766723815
1909;13,060;1,07197362338571
1910;13,064;1,08841193312075
1911;13,068;1,00416794943855
1912;13,072;0,98168531275626
1913;13,076;0,94750944543771
1914;13,081;0,89633037801522
1915;13,085;0,887348621149684
1916;13,089;0,851948824698513
1917;13,093;0,878912924974086
1918;13,097;0,854302534568937
1919;13,101;0,824739938596417
1920;13,105;0,910151362374347
1921;13,109;1,03996316914795
1922;13,113;1,30075422279088
1923;13,118;2,15936875384243
1924;13,122;3,68929899929671
1925;13,126;6,42907377750663
1926;13,130;11,0606664011682
1927;13,134;16,6390717721458
1928;13,138;22,9202949104319
1929;13,142;28,5682382858213
1930;13,146;32,0402616195595
1931;13,151;32,8166657722569
1932;13,155;30,9075999408748
1933;13,159;27,4029071141352
1934;13,163;22,6415591727369
1935;13,167;18,5012517029091
1936;13,171;14,4434935456568
1937;13,175;11,4628495141472
1938;13,179;9,02090376810121
1939;13,184;7,2135182031214
1940;13,188;5,9892501362798
1941;13,192;5,00939130238299
1942;13,196;4,27025108435414
1943;13,200;3,7245858176741
1944;13,204;3,22141913641443
1945;13,208;2,96435635920625
1946;13,212;2,6851122201792
1947;13,217;2,4046064926616
1948;13,221;2,17279431494333
1949;13,225;1,9989210593954
1950;13,229;1,8771306958602
1951;13,233;1,71931915646804
1952;13,237;1,67915545123913
1953;13,241;1,573276166428
1954;13,245;1,50490560211194
1955;13,250;1,39040232433557
1956;13,254;1,31591211435641
1957;13,258;1,28715919457931
1958;13,262;1,24737208292967
1959;13,266;1,14864807612463
1960;13,270;1,08632183875581
1961;13,274;1,14179407298195
1962;13,278;1,04082933438026
1963;13,282;1,03934178974216
1964;13,287;1,00396082296995
1965;13,291;0,973720358554747
1966;13,295;0,950804639256303
1967;13,299;0,951105914119717
1968;13,303;0,848465334090286
1969;13,307;0,930317948544136
1970;13,311;0,85537582626985
1971;13,315;0,822461547441847
1972;13,320;0,798133602221149
1973;13,324;0,810994272953143
1974;13,328;0,776705427560813
1975;13,332;0,828995446042143
1976;13,336;0,758045215708095
1977;13,340;0,784463255293729
1978;13,344;0,784538574009582
1979;13,348;0,734639924756603
1980;13,353;0,685136698761854
1981;13,357;0,712929304911816
1982;13,361;0,678960564061863
1983;13,365;0,71100867765755
1984;13,369;0,718163955663638
1985;13,373;0,681672037832591
1986;13,377;0,680015026083813
1987;13,381;0,690032415292335
1988;13,386;0,713682492070352
1989;13,390;0,677247063276195
1990;13,394;0,658210257844209
1991;13,398;0,683140752791735
1992;13,402;0,717994488552967
1993;13,406;0,659038763718598
1994;13,410;0,687339771200571
1995;13,414;0,697620775914581
1996;13,419;0,640811634482038
1997;13,423;0,682801818570394
1998;13,427;0,760624881726079
1999;13,431;1,01271662368792
2000;13,435;1,47106866901473
2001;13,439;2,58459939387263
2002;13,443;4,76535866301748
2003;13,447;8,85049517348254
2004;13,451;15,017365671424
2005;13,456;24,3831914987765
2006;13,460;36,8952495544427
2007;13,464;51,471191061928
2008;13,468;66,0383767686953
2009;13,472;77,4923198446928
2010;13,476;84,6446039318253
2011;13,480;85,3171247456817
2012;13,484;81,3341580732719
2013;13,489;74,4756734670052
2014;13,493;67,2006010433525
2015;13,497;61,1474806360289
2016;13,501;57,0058174293157
2017;13,505;52,9847018273262
2018;13,509;49,2952521905978
2019;13,513;44,0740269998767
2020;13,517;38,968284230238
2021;13,522;33,1851814192494
2022;13,526;27,61952374093
2023;13,530;22,7888825809464
2024;13,534;18,5893181114209
2025;13,538;15,5016838440413
2026;13,542;12,9161994552574
2027;13,546;10,97798528084
2028;13,550;9,34428467461844
2029;13,555;8,25574093374495
2030;13,559;7,27584444049021
2031;13,563;6,56724596173998
2032;13,567;5,99081299963376
2033;13,571;5,41596173056048
2034;13,575;4,93136111275871
2035;13,579;4,67228355990145
2036;13,583;4,16779880111434
2037;13,588;3,94293477493355
2038;13,592;3,68664401456287
2039;13,596;3,50717834436282
2040;13,600;3,28920598068263
2041;13,604;3,07121478732348
2042;13,608;2,94989516576237
2043;13,612;2,85811931049482
2044;13,616;2,64632308151462
2045;13,620;2,51756573676297
2046;13,625;2,38306533992749
2047;13,629;2,35177041349034
2048;13,633;2,19433546767744
2049;13,637;2,17087368768906
2050;13,641;2,14985976596592
2051;13,645;2,08284493853522
2052;13,649;1,94614146926102
2053;13,653;1,94390073746438
2054;13,658;1,82137601644961
2055;13,662;1,82307068755631
2056;13,666;1,81572711276059
2057;13,670;1,73858191804759
2058;13,674;1,69642226684856
2059;13,678;1,75340087539178
2060;13,682;1,67079507377939
2061;13,686;1,84127898711391
2062;13,691;2,27291171799166
2063;13,695;2,97324396767697
2064;13,699;4,40915762606705
2065;13,703;6,76655811356744
2066;13,707;10,3933425787057
2067;13,711;14,8569744660138
2068;13,715;19,883237160748
2069;13,719;24,3491286095318
2070;13,724;27,4129621627016
2071;13,728;28,9337600138586
2072;13,732;27,992389043763
2073;13,736;25,5290151230567
2074;13,740;22,1394092941412
2075;13,744;18,6722628472546
2076;13,748;15,6745026375673
2077;13,752;13,7570764287254
2078;13,757;13,3937389434479
2079;13,761;14,5728722698142
2080;13,765;17,3727513832753
2081;13,769;22,1111647756962
2082;13,773;28,745877477162
2083;13,777;36,4745568670427
2084;13,781;44,5142084050038
2085;13,785;51,4240792051616
2086;13,789;56,7702581454838
2087;13,794;59,2611045677977
2088;13,798;58,306383355317
2089;13,802;54,480399716425
2090;13,806;48,3666289131603
2091;13,810;41,4306790076383
2092;13,814;34,4895885997592
2093;13,818;28,1062521124546
2094;13,822;23,1024532247237
2095;13,827;19,0061130552755
2096;13,831;15,7123126329258
2097;13,835;13,4622789748746
2098;13,839;11,3908824811491
2099;13,843;10,0204772758727
2100;13,847;8,73651912671715
2101;13,851;7,67100408321588
2102;13,855;6,87691886197186
2103;13,860;6,21853913701698
2104;13,864;5,81223232434499
2105;13,868;5,29149755261248
2106;13,872;4,90840773410234
2107;13,876;4,58958360989424
2108;13,880;4,26426324644378
2109;13,884;3,96012627182713
2110;13,888;3,65444526353548
2111;13,893;3,39662929916876
2112;13,897;3,30946671524724
2113;13,901;3,10049493811155
2114;13,905;2,91261240141486
2115;13,909;2,85785569498933
2116;13,913;2,63801919309177
2117;13,917;2,53445595879313
2118;13,921;2,4069225431741
2119;13,926;2,29008438520627
2120;13,930;2,2638923017682
2121;13,934;2,16808689520248
2122;13,938;2,06702800820597
2123;13,942;1,94924836628998
2124;13,946;1,92885582397263
2125;13,950;1,90204236112876
2126;13,954;1,79008109001246
2127;13,958;1,78126880025759
2128;13,963;1,73523023519211
2129;13,967;1,68779827388333
2130;13,971;1,63944365830535
2131;13,975;1,55226224470486
2132;13,979;1,50931174698937
2133;13,983;1,51658000306924
2134;13,987;1,48718687420739
2135;13,991;1,49306173404397
2136;13,996;1,53631350662287
2137;14,000;1,72233190510218
2138;14,004;2,20386328523292
2139;14,008;3,00026455698944
2140;14,012;4,43519907207342
2141;14,016;7,08295320918926
2142;14,020;11,0343801693353
2143;14,024;16,4899972037927
2144;14,029;23,1037336428933
2145;14,033;29,5371947355984
2146;14,037;34,8160199142685
2147;14,041;38,1184631592624
2148;14,045;38,4271757458671
2149;14,049;35,8494680144951
2150;14,053;31,7122109526594
2151;14,057;27,163845510016
2152;14,062;22,3949280376744
2153;14,066;18,7981769104828
2154;14,070;15,8186250003531
2155;14,074;13,1752016893988
2156;14,078;11,1837936719098
2157;14,082;9,62373594011409
2158;14,086;8,38992122603806
2159;14,090;7,48762183979144
2160;14,095;6,69634224071297
2161;14,099;5,94117796588627
2162;14,103;5,5979129183837
2163;14,107;5,06650171867895
2164;14,111;4,69821202783403
2165;14,115;4,27224703032426
2166;14,119;4,02533345007734
2167;14,123;3,79193957932614
2168;14,127;3,57972909740875
2169;14,132;3,37798791699501
2170;14,136;3,06984022075916
2171;14,140;3,05664061580582
2172;14,144;2,87470825766156
2173;14,148;2,77410128296018
2174;14,152;2,67466174835452
2175;14,156;2,59213126545799
2176;14,160;2,52797854922972
2177;14,165;2,49013089451331
2178;14,169;2,35384167817631
2179;14,173;2,34034079835956
2180;14,177;2,27496415299867
2181;14,181;2,24560868349475
2182;14,185;2,18215266538813
2183;14,189;2,0569353002816
2184;14,193;1,98830112046005
2185;14,198;1,89520718766505
2186;14,202;1,89918024992633
2187;14,206;1,84184387748281
2188;14,210;1,77482905005211
2189;14,214;1,72869633659181
2190;14,218;1,65390485174923
2191;14,222;1,60893957838466
2192;14,226;1,58559077647006
2193;14,231;1,48377870231502
2194;14,235;1,50586591573907
2195;14,239;1,41738525429011
2196;14,243;1,40371490736269
2197;14,247;1,37740984585083
2198;14,251;1,36351354277585
2199;14,255;1,39721866812032
2200;14,259;1,37934930278406
2201;14,264;1,48942760600403
2202;14,268;1,72140925083298
2203;14,272;2,21881405032985
2204;14,276;3,17909001810474
2205;14,280;4,8280426642866
2206;14,284;7,61814917436565
2207;14,288;11,3526958922114
2208;14,292;16,0318711146134
2209;14,296;20,9939057744035
2210;14,301;25,5743569900005
2211;14,305;28,9672768424135
2212;14,309;30,318080351889
2213;14,313;30,1004845817881
2214;14,317;27,4175001153318
2215;14,321;24,3679017994583
2216;14,325;21,0825935623211
2217;14,329;17,7096143399303
2218;14,334;14,702589928193
2219;14,338;12,4333123382413
2220;14,342;10,6743943669132
2221;14,346;8,99514476727929
2222;14,350;7,88867517203265
2223;14,354;6,8993261799383
2224;14,358;6,07754250093913
2225;14,362;5,50018688456371
2226;14,367;4,92569337939073
2227;14,371;4,68546433517582
2228;14,375;4,71988498832089
2229;14,379;4,98199411949126
2230;14,383;5,83448900487971
2231;14,387;7,23939018201709
2232;14,391;9,34580987861447
2233;14,395;12,0941898201107
2234;14,400;15,3122761033486
2235;14,404;18,6223641980016
2236;14,408;21,0166331969123
2237;14,412;22,6659812663524
2238;14,416;22,6981611877008
2239;14,420;21,746094959954
2240;14,424;19,8192539116304
2241;14,428;17,4554701629615
2242;14,433;15,0445368981682
2243;14,437;12,6148869324852
2244;14,441;10,7866757425719
2245;14,445;8,97311404289213
2246;14,449;7,72293633779691
2247;14,453;6,46852195493493
2248;14,457;5,67720469649853
2249;14,461;5,02788204712504
2250;14,465;4,39603333982957
2251;14,470;3,97266683801675
2252;14,474;3,59622389618068
2253;14,478;3,39839928899132
2254;14,482;3,09915803090515
2255;14,486;2,86416363744206
2256;14,490;2,66688509094264
2257;14,494;2,52144465062943
2258;14,498;2,36105344521929
2259;14,503;2,25941083817491
2260;14,507;2,17143857805796
2261;14,511;2,07288403836359
2262;14,515;1,98011021011097
2263;14,519;1,98636166352682
2264;14,523;1,85911069309224
2265;14,527;1,82687428270692
2266;14,531;1,76748547525639
2267;14,536;1,71086463061348
2268;14,540;1,65814152951599
2269;14,544;1,60634108268771
2270;14,548;1,52433783080215
2271;14,552;1,55179150273077
2272;14,556;1,49513299872994
2273;14,560;1,45233313844616
2274;14,564;1,45685226139737
2275;14,569;1,41518218185139
2276;14,573;1,40868594260902
2277;14,577;1,43975491289861
2278;14,581;1,47974915101685
2279;14,585;1,64226811014986
2280;14,589;1,91991172646502
2281;14,593;2,45774384669629
2282;14,597;3,46789963404519
2283;14,602;5,19699139389523
2284;14,606;8,07160550316197
2285;14,610;12,3686323910021
2286;14,614;18,4762647189247
2287;14,618;26,7124416162267
2288;14,622;36,2392423690372
2289;14,626;46,6341289814179
2290;14,630;56,4012340971593
2291;14,634;64,5677600119757
2292;14,639;69,5009852629518
2293;14,643;69,9767359316407
2294;14,647;65,1531935606264
2295;14,651;58,291451419899
2296;14,655;49,6482145227665
2297;14,659;41,7396175503906
2298;14,663;34,8225726425477
2299;14,667;29,0913455971032
2300;14,672;24,4681321805804
2301;14,676;20,9133524077981
2302;14,680;17,9923231398866
2303;14,684;15,7363204736041
2304;14,688;14,0266609424443
2305;14,692;12,2403269585455
2306;14,696;11,2064834350607
2307;14,700;10,0552180335601
2308;14,705;9,21961337020185
2309;14,709;8,49945346856809
2310;14,713;7,8786766125031
2311;14,717;7,490935863289
2312;14,721;6,86916103423895
2313;14,725;6,3287492479897
2314;14,729;5,90323616277504
2315;14,733;5,63835906879706
2316;14,738;5,41882384176291
2317;14,742;5,02963320726863
2318;14,746;4,78217356633178
2319;14,750;4,52151432044159
2320;14,754;4,30943564627695
2321;14,758;4,09234827750804
2322;14,762;3,99447160625635
2323;14,766;3,71993488697014
2324;14,771;3,63480590837667
2325;14,775;3,49932636823509
2326;14,779;3,28950725554605
2327;14,783;3,23102227268576
2328;14,787;3,05660295644789
2329;14,791;2,86985020048901
2330;14,795;2,87802228115912
2331;14,799;2,76662590041171
2332;14,803;2,71075824292734
2333;14,808;2,61719356815826
2334;14,812;2,61604495774149
2335;14,816;2,46727166425176
2336;14,820;2,42072469785426
2337;14,824;2,41021773699269
2338;14,828;2,23547831621245
2339;14,832;2,25867648069534
2340;14,836;2,22195860671673
2341;14,841;2,1430810815391
2342;14,845;2,09030149140472
2343;14,849;2,09692953839984
2344;14,853;2,00317656684112
2345;14,857;1,96930197438599
2346;14,861;1,9475913545412
2347;14,865;1,94875879463693
2348;14,869;1,87897600439861
2349;14,874;1,86684969114619
2350;14,878;1,82990586102002
2351;14,882;1,79072129909721
2352;14,886;1,72707698420096
2353;14,890;1,74396720623112
2354;14,894;1,74568070701679
2355;14,898;1,66299958668855
2356;14,902;1,61023882623313
2357;14,907;1,55047342520334
2358;14,911;1,61355284973069
2359;14,915;1,5112512039226
2360;14,919;1,56135697964418
2361;14,923;1,54248964132286
2362;14,927;1,55966230853747
2363;14,931;1,59952473890296
2364;14,935;1,70376584164428
2365;14,940;1,83237254896423
2366;14,944;2,13826068372447
2367;14,948;2,85787452466829
2368;14,952;3,9821005071774
2369;14,956;5,71580553837347
2370;14,960;8,23645934248644
2371;14,964;11,6025469023766
2372;14,968;15,8683165231374
2373;14,972;20,5984071974565
2374;14,977;25,1702720794462
2375;14,981;28,6718203497989
2376;14,985;30,7153677483376
2377;14,989;30,7620088631299
2378;14,993;29,6105363351608
2379;14,997;27,3917599441888
2380;15,001;24,4389461781871
2381;15,005;21,5524693711735
2382;15,010;18,777464263623
2383;15,014;16,3750231840422
2384;15,018;13,9962886702763
2385;15,022;12,3017117119662
2386;15,026;10,8446334944212
2387;15,030;9,63448768680218
2388;15,034;8,61207377844812
2389;15,038;7,87400685212017
2390;15,043;7,00620343773449
2391;15,047;6,53736326122508
2392;15,051;5,95332310881766
2393;15,055;5,56352992459655
2394;15,059;5,15063272428737
2395;15,063;4,7807236810516
2396;15,067;4,5243387722861
2397;15,071;4,26053497000903
2398;15,076;4,04928480171877
2399;15,080;3,81553316706727
2400;15,084;3,65689312180072
2401;15,088;3,56110654491396
2402;15,092;3,2999200680128
2403;15,096;3,14738083873039
2404;15,100;3,02438537574154
2405;15,104;2,98056871279373
2406;15,109;2,90814976750054
2407;15,113;2,73167801625566
2408;15,117;2,64654903766218
2409;15,121;2,56081750934187
2410;15,125;2,52406197600534
2411;15,129;2,43136346646858
2412;15,133;2,35900101021228
2413;15,137;2,28110262834074
2414;15,141;2,27379671290294
2415;15,146;2,15479314185433
2416;15,150;2,13946578317813
2417;15,154;2,01251608760696
2418;15,158;2,09007553525716
2419;15,162;1,99443959580211
2420;15,166;1,90236246567114
2421;15,170;1,8650985310026
2422;15,174;1,80913672512341
2423;15,179;1,78309527911704
2424;15,183;1,74511581664788
2425;15,187;1,7850159063713
2426;15,191;1,68020991326108
2427;15,195;1,63520698053859
2428;15,199;1,59080659754292
2429;15,203;1,61161339279746
2430;15,207;1,59125850983804
2431;15,212;1,56372951919356
2432;15,216;1,4620304231123
2433;15,220;1,56079208927527
2434;15,224;1,51627872820582
2435;15,228;1,49083983192629
2436;15,232;1,4384744947291
2437;15,236;1,43581950999526
2438;15,240;1,39947822959592
2439;15,245;1,3789162201679
2440;15,249;1,4507137860553
2441;15,253;1,4243334058276
2442;15,257;1,38914073584502
2443;15,261;1,38093099581699
2444;15,265;1,34170877453625
2445;15,269;1,3431210004585
2446;15,273;1,26870610919519
2447;15,278;1,32142921029268
2448;15,282;1,32530812415914
2449;15,286;1,24867133077815
2450;15,290;1,2598561600824
2451;15,294;1,2129514297846
2452;15,298;1,21669853589831
2453;15,302;1,22611337538001
2454;15,306;1,17787173787581
2455;15,310;1,16020949900815
2456;15,315;1,1702645475746
2457;15,319;1,15407102366608
2458;15,323;1,23114089966323
2459;15,327;1,21895809737392
2460;15,331;1,1827109653694
2461;15,335;1,11179839439327
2462;15,339;1,13354667359599
2463;15,343;1,14296151307768
2464;15,348;1,12769064343837
2465;15,352;1,11944324405241
2466;15,356;1,03708222826655
2467;15,360;1,09513412851068
2468;15,364;1,07735891156924
2469;15,368;1,04357846750892
2470;15,372;1,0140158715364
2471;15,376;1,01732989503395
2472;15,381;1,02015434687846
2473;15,385;1,0383438167571
2474;15,389;1,05879284811134
2475;15,393;1,01938233004096
2476;15,397;1,05982848045432
2477;15,401;0,998406067675749
2478;15,405;0,95989937419562
2479;15,409;1,0383438167571
2480;15,414;1,0392664710263
2481;15,418;1,02118997922145
2482;15,422;0,972345791990419
2483;15,426;1,07097565040065
2484;15,430;1,06210687160889
2485;15,434;1,05103502037842
2486;15,438;1,06705907717626
2487;15,442;1,11701421546613
2488;15,447;1,16734594733527
2489;15,451;1,3215233586875
2490;15,455;1,40096577423403
2491;15,459;1,60509832387613
2492;15,463;1,75552862911464
2493;15,467;1,93290420494976
2494;15,471;2,08770299570777
2495;15,475;2,1496149801394
2496;15,479;2,16034789714853
2497;15,484;2,20981346378535
2498;15,488;2,17045943475187
2499;15,492;2,04827364795844
2500;15,496;1,9491353882162
2501;15,500;1,75967115848658
2502;15,504;1,66881795748823
2503;15,508;1,5317190649558
2504;15,512;1,50364401362139
2505;15,517;1,41126560862701
2506;15,521;1,27981561978359
2507;15,525;1,17693025392764
2508;15,529;1,12224886621796
2509;15,533;1,09910719077195
2510;15,537;1,16258203855753
2511;15,541;1,09381605098324
2512;15,545;1,05227777919
2513;15,550;1,04623345224276
2514;15,554;1,02552080538303
2515;15,558;0,972760044927614
2516;15,562;0,968090284544694
2517;15,566;0,977090871089193
2518;15,570;0,978390118937667
2519;15,574;0,947980187411795
2520;15,578;0,97485013929255
2521;15,583;0,920319389014577
2522;15,587;0,907477547961546
2523;15,591;0,885164378389931
2524;15,595;0,925233935224021
2525;15,599;0,957865768867574
2526;15,603;0,912806347108185
2527;15,607;0,862757060423498
2528;15,611;0,890643814968277
2529;15,616;0,854622639111315
2530;15,620;0,933575483004803
2531;15,624;0,896932927742048
2532;15,628;0,851722868550953
2533;15,632;0,898985362749058
2534;15,636;0,897271861963389
2535;15,640;0,894390921081991
2536;15,644;0,948827522965147
2537;15,648;0,926363715961825
2538;15,653;0,885597461006089
2539;15,657;0,856185502465276
2540;15,661;0,896914098063085
2541;15,665;0,860328031837221
2542;15,669;0,873715933580191
2543;15,673;0,840255594062249
2544;15,677;0,848936076064371
2545;15,681;0,844944184124133
2546;15,686;0,846281091330533
2547;15,690;0,852946797683573
2548;15,694;0,86110004867472
2549;15,698;0,849952878728394
2550;15,702;0,828374066636351
2551;15,706;0,802144323840351
2552;15,710;0,814854357140638
2553;15,714;0,872699130916167
2554;15,719;0,801711241224193
2555;15,723;0,818055402564414
2556;15,727;0,81558871462021
2557;15,731;0,858332085867102
2558;15,735;0,846827152020472
2559;15,739;0,807209507481502
2560;15,743;0,780396044637637
2561;15,747;0,802426769024802
2562;15,752;0,79730509634676
2563;15,756;0,827771516909523
2564;15,760;0,779849983947699
2565;15,764;0,846488217799131
2566;15,768;0,809111305056805
2567;15,772;0,804592182105591
2568;15,776;0,784274958504095
2569;15,780;0,822951119094895
2570;15,785;0,824231537264405
2571;15,789;0,813103196997043
2572;15,793;0,824852916670197
2573;15,797;0,772054496856856
2574;15,801;0,801391136681815
2575;15,805;0,810203426436681
2576;15,809;0,819768903350082
2577;15,813;0,781732951844038
2578;15,817;0,785046975341594
2579;15,822;0,832573085045187
2580;15,826;0,826999500072024
2581;15,830;0,79380277605957
2582;15,834;0,788323339481224
2583;15,838;0,80197485672968
2584;15,842;0,734131523424591
2585;15,846;0,806042067385772
2586;15,850;0,743772319053846
2587;15,855;0,799865932685781
2588;15,859;0,793350863764448
2589;15,863;0,771018864513869
2590;15,867;0,812387669196434
2591;15,871;0,73834937151239
2592;15,875;0,755522038727001
2593;15,879;0,752208015229444
2594;15,883;0,788492806591894
2595;15,888;0,770453974144968
2596;15,892;0,798114772542186
2597;15,896;0,840330912778103
2598;15,900;0,728237833909051
2599;15,904;0,749948453753838
2600;15,908;0,735148326088614
2601;15,912;0,759419782272422
2602;15,916;0,813291493786677
2603;15,921;0,761227431452907
2604;15,925;0,798510195800417
2605;15,929;0,754994807716026
2606;15,933;0,809148964414731
2607;15,937;0,791825659768414
2608;15,941;0,807774397850404
2609;15,945;0,779737005873918
2610;15,949;0,744299550064821
2611;15,954;0,782712095150134
2612;15,958;0,773937464753195
2613;15,962;0,770717589650455
2614;15,966;0,758384149929436
2615;15,970;0,7963071233617
2616;15,974;0,806286853212296
2617;15,978;0,811502674285155
2618;15,982;0,81781061673789
2619;15,986;0,769079407580641
2620;15,991;0,763016250954429
2621;15,995;0,780377214958674
2622;15,999;0,79280480307451
2623;16,003;0,856185502465276
2624;16,007;0,859066443346674
2625;16,011;0,939036089904185
2626;16,015;1,00904483629006
2627;16,019;1,27320640246744
2628;16,024;1,65313283491173
2629;16,028;2,1260590517562
2630;16,032;3,0284149270397
2631;16,036;4,13880109551072
2632;16,040;5,57842420065659
2633;16,044;7,32126162614991
2634;16,048;8,98089070030401
2635;16,052;10,7050679139446
2636;16,057;12,0523879328119
2637;16,061;13,1162459645644
2638;16,065;13,700700369909
2639;16,069;13,7909321915016
2640;16,073;13,3737606540677
2641;16,077;12,4793697329857
2642;16,081;11,5754321646693
2643;16,085;10,5905081471313
2644;16,090;9,3299552889273
2645;16,094;8,43068748099379
2646;16,098;7,38387030870317
2647;16,102;6,56123929415065
2648;16,106;5,93225269805763
2649;16,110;5,22425676903422
2650;16,114;4,74088008036507
2651;16,118;4,23886200952217
2652;16,123;3,8708547638617
2653;16,127;3,54156133814997
2654;16,131;3,19524588265532
2655;16,135;3,05837294627045
2656;16,139;2,75210821793094
2657;16,143;2,64078715589939
2658;16,147;2,44309435646277
2659;16,151;2,36495118876471
2660;16,155;2,14520883526196
2661;16,160;2,06708449724286
2662;16,164;1,99777244897863
2663;16,168;1,9372538607903
2664;16,172;1,76127168119847
2665;16,176;1,78836758922679
2666;16,180;1,73560682877137
2667;16,184;1,60487236772857
2668;16,188;1,56175240290241
2669;16,193;1,54062550310548
2670;16,197;1,51642936563753
2671;16,201;1,45333111143122
2672;16,205;1,45843395443029
2673;16,209;1,46059936751108
2674;16,213;1,3379804981015
2675;16,217;1,32801959792987
2676;16,221;1,31881188491677
2677;16,226;1,29792977094637
2678;16,230;1,24166669020377
2679;16,234;1,20263276571266
2680;16,238;1,19124080993981
2681;16,242;1,22438104491537
2682;16,246;1,20713305898491
2683;16,250;1,17156379542307
2684;16,254;1,15580335413071
2685;16,259;1,12002696410028
2686;16,263;1,16020949900815
2687;16,267;1,1225878004393
2688;16,271;1,08611471228721
2689;16,275;1,06649418680736
2690;16,279;1,11904782079418
2691;16,283;1,09168829726038
2692;16,287;1,00254859704769
2693;16,292;1,02237624899614
2694;16,296;1,07091916136376
2695;16,300;0,997596391480324
2696;16,304;1,00349008099586
2697;16,308;1,02444751368212
2698;16,312;1,0000254200666
2699;16,316;1,0247111291876
2700;16,320;1,00774558844159
2701;16,324;0,969916763404142
2702;16,329;0,990384624437346
2703;16,333;1,00597559861903
2704;16,337;0,957413856572452
2705;16,341;0,965849552748051
2706;16,345;0,952386332289228
2707;16,349;0,921712785257868
2708;16,353;0,978578415727301
2709;16,357;0,96906942785079
2710;16,362;0,934046224978887
2711;16,366;0,979049157701386
2712;16,370;0,926137759814264
2713;16,374;0,98501816593278
2714;16,378;0,943159789597167
2715;16,382;0,895652509572538
2716;16,386;0,909529982968555
2717;16,390;0,863416099187217
2718;16,395;0,85070606588693
2719;16,399;0,921016087136222
2720;16,403;0,894466239797845
2721;16,407;0,896556334162781
2722;16,411;0,948789863607221
2723;16,415;0,907628185393253
2724;16,419;0,906630212408194
2725;16,423;0,906630212408194
2726;16,428;0,863077164965876
2727;16,432;0,866786611721663
2728;16,436;0,845998646146083
2729;16,440;0,874374972343909
2730;16,444;0,857126986413445
2731;16,448;0,849839900654614
2732;16,452;0,891585298916446
2733;16,456;0,868443623470442
2734;16,461;0,861589620327768
2735;16,465;0,876389747992992
2736;16,469;0,907421058924656
2737;16,473;0,873264021285069
2738;16,477;0,8508755329976
2739;16,481;0,824401004375076
2740;16,485;0,828524704068058
2741;16,489;0,802257301914131
2742;16,493;0,827715027872632
2743;16,498;0,861307175143317
2744;16,502;0,812783092454665
2745;16,506;0,840236764383286
2746;16,510;0,819750073671119
2747;16,514;0,807096529407722
2748;16,518;0,83598125693756
2749;16,522;0,843023556869867
2750;16,526;0,808395777256196
2751;16,531;0,807171848123575
2752;16,535;0,822066124183616
2753;16,539;0,834418393583599
2754;16,543;0,842006754205844
2755;16,547;0,832780211513784
2756;16,551;0,833156805093052
2757;16,555;0,833909992251587
2758;16,559;0,825681422544586
2759;16,564;0,764390817518757
2760;16,568;0,814628400993077
2761;16,572;0,82347835010587
2762;16,576;0,794800749044629
2763;16,580;0,829993419027202
2764;16,584;0,833684036104027
2765;16,588;0,845301948024437
2766;16,592;0,82359132817965
2767;16,597;0,842025583884808
2768;16,601;0,877350061620124
2769;16,605;0,823704306253431
2770;16,609;0,818789760043986
2771;16,613;0,817547001232403
2772;16,617;0,821746019641238
2773;16,621;0,850988511071381
2774;16,625;0,832252980502809
2775;16,630;0,83375935481988
2776;16,634;0,8370922079964
2777;16,638;0,826415780024158
2778;16,642;0,77791052701447
2779;16,646;0,772449920115087
2780;16,650;0,825474296075989
2781;16,654;0,800713268239133
2782;16,658;0,830934902975372
2783;16,662;0,799960081080598
2784;16,667;0,806719935828454
2785;16,671;0,808113332071745
2786;16,675;0,875297626613115
2787;16,679;0,810937783916253
2788;16,683;0,826792373603426
2789;16,687;0,839257621077189
2790;16,691;0,807209507481502
2791;16,695;0,832686063118967
2792;16,700;0,844228656323524
2793;16,704;0,803104637467484
2794;16,708;0,884674806736883
2795;16,712;0,852965627362536
2796;16,716;0,801221669571145
2797;16,720;0,799771784290964
2798;16,724;0,860102075689661
2799;16,728;0,837826565475972
2800;16,733;0,842684622648526
2801;16,737;0,769945572812956
2802;16,741;0,842326858748222
2803;16,745;0,873320510321959
2804;16,749;0,808508755329976
2805;16,753;0,816567857926306
2806;16,757;0,8018618786559
2807;16,761;0,838240818413167
2808;16,766;0,835246899457988
2809;16,770;0,806023237706809
2810;16,774;0,788172702049517
2811;16,778;0,762451360585528
2812;16,782;0,774238739616609
2813;16,786;0,810994272953143
2814;16,790;0,777082021140081
2815;16,794;0,826641736171719
2816;16,799;0,888704358035048
2817;16,803;0,775613306180936
2818;16,807;0,764259009766013
2819;16,811;0,797662860247064
2820;16,815;0,803462401367788
2821;16,819;0,794574792897069
2822;16,823;0,78369123845623
2823;16,827;0,806343342249186
2824;16,831;0,81447776356137
2825;16,836;0,766593889957473
2826;16,840;0,817471682516549
2827;16,844;0,815325099114723
2828;16,848;0,773805657000451
2829;16,852;0,757781600202607
2830;16,856;0,778400098667518
2831;16,860;0,789114185997686
2832;16,864;0,743866467448663
2833;16,869;0,777176169534898
2834;16,873;0,790771197746464
2835;16,877;0,810787146484546
2836;16,881;0,751323020318165
2837;16,885;0,807981524319001
2838;16,889;0,809054816019914
2839;16,893;0,793106077937924
2840;16,897;0,762903272880649
2841;16,902;0,798152431900112
2842;16,906;0,702026920792014
2843;16,910;0,778268290914774
2844;16,914;0,803914313662909
2845;16,918;0,813442131218384
2846;16,922;0,770529292860821
2847;16,926;0,783540601024523
2848;16,930;0,787739619433359
2849;16,935;0,753036521103833
2850;16,939;0,783164007445255
2851;16,943;0,773447893100147
2852;16,947;0,753469603719991
2853;16,951;0,718182785342601
2854;16,955;0,764277839444976
2855;16,959;0,785423568920862
2856;16,963;0,761359239205651
2857;16,968;0,78813504269159
2858;16,972;0,757386176944376
2859;16,976;0,783879535245864
2860;16,980;0,777722230224836
2861;16,984;0,764560284629427
2862;16,988;0,813159686033933
2863;16,992;0,792070445594938
2864;16,996;0,782919221618731
2865;17,000;0,725865294359664
2866;17,005;0,745052737223357
2867;17,009;0,747312298698963
2868;17,013;0,761566365674249
2869;17,017;0,727880070008746
2870;17,021;0,760455414615409
2871;17,025;0,770039721207773
2872;17,029;0,766782186747107
2873;17,033;0,722909034762412
2874;17,038;0,804573352426628
2875;17,042;0,838221988734203
2876;17,046;0,73479056218831
2877;17,050;0,740646592345924
2878;17,054;0,714774613450228
2879;17,058;0,786873454201043
2880;17,062;0,773052469841915
2881;17,066;0,822856970700078
2882;17,071;0,780075940095259
2883;17,075;0,794781919365666
2884;17,079;0,81558871462021
2885;17,083;0,812877240849482
2886;17,087;0,763035080633393
2887;17,091;0,771433117451064
2888;17,095;0,742228285378848
2889;17,099;0,749364733705973
2890;17,104;0,775763943612643
2891;17,108;0,7279553887246
2892;17,112;0,739121388349889
2893;17,116;0,796175315608957
2894;17,120;0,764541454950464
2895;17,124;0,758440638966326
2896;17,128;0,750419195727922
2897;17,132;0,782617946755317
2898;17,137;0,764993367245585
2899;17,141;0,761886470216626
2900;17,145;0,799602317180293
2901;17,149;0,739535641287084
2902;17,153;0,803255274899191
2903;17,157;0,764918048529732
2904;17,161;0,780716149180015
2905;17,165;0,787626641359578
2906;17,169;0,750343877012069
2907;17,174;0,779793494910809
2908;17,178;0,742868494463604
2909;17,182;0,804102610452543
2910;17,186;0,741475098220313
2911;17,190;0,731570687085571
2912;17,194;0,77113184258765
2913;17,198;0,769399512123018
2914;17,202;0,749760156964204
2915;17,207;0,759608079062056
2916;17,211;0,733190039476422
2917;17,215;0,722268825677657
2918;17,219;0,773127788557769
2919;17,223;0,737690332748672
2920;17,227;0,70733689025969
2921;17,231;0,673236341656993
2922;17,235;0,73601449132093
2923;17,240;0,68244405467009
2924;17,244;0,746540281861464
2925;17,248;0,707788802554811
2926;17,252;0,755785654232488
2927;17,256;0,740627762666961
2928;17,260;0,737276079811477
2929;17,264;0,762884443201686
2930;17,268;0,789754395082441
2931;17,273;0,71661992198864
2932;17,277;0,750720470591337
2933;17,281;0,73256866007063
2934;17,285;0,685814567204536
2935;17,289;0,760832008194676
2936;17,293;0,7528482243142
2937;17,297;0,737709162427635
2938;17,301;0,732474511675813
2939;17,306;0,746031880529453
2940;17,310;0,731796643233131
2941;17,314;0,768156753311435
2942;17,318;0,714059085649619
2943;17,322;0,67794376139784
2944;17,326;0,742190626020922
2945;17,330;0,778513076741298
2946;17,334;0,719595011264855
2947;17,339;0,736033320999894
2948;17,343;0,706056472090179
2949;17,347;0,759890524246507
2950;17,351;0,739215536744706
2951;17,355;0,72895336170966
2952;17,359;0,779172115505017
2953;17,363;0,727051564134357
2954;17,367;0,718559378921869
2955;17,371;0,770416314787041
2956;17,376;0,722551270862107
2957;17,380;0,726449014407529
2958;17,384;0,748799843337071
2959;17,388;0,746427303787684
2960;17,392;0,713908448217912
2961;17,396;0,700332249685309
2962;17,400;0,71989628612827
2963;17,404;0,765878362156864
2964;17,409;0,715546630287727
2965;17,413;0,739422663213304
2966;17,417;0,675420584416746
2967;17,421;0,726750289270943
2968;17,425;0,734696413793493
2969;17,429;0,708937412971578
2970;17,433;0,71328706881212
2971;17,437;0,695041109896597
2972;17,442;0,734960029298981
2973;17,446;0,685437973625269
2974;17,450;0,713155261059377
2975;17,454;0,718371082132235
2976;17,458;0,689862948181665
2977;17,462;0,716544603272787
2978;17,466;0,760926156589493
2979;17,470;0,743885297127627
2980;17,475;0,732418022638923
2981;17,479;0,715377163177056
2982;17,483;0,685268506514598
2983;17,487;0,719726819017599
2984;17,491;0,78819153172848
2985;17,495;0,765162834356256
2986;17,499;0,718408741490162
2987;17,503;0,760248288146811
2988;17,508;0,723888178068508
2989;17,512;0,757047242723035
2990;17,516;0,738857772844402
2991;17,520;0,752509290092859
2992;17,524;0,703778080935609
2993;17,528;0,764560284629427
2994;17,532;0,756557671069987
2995;17,536;0,713644832712425
2996;17,540;0,762809124485832
2997;17,545;0,758327660892546
2998;17,549;0,723925837426435
2999;17,553;0,732888764613008
3000;17,557;0,722701908293815
3001;17,561;0,730064312768499
3002;17,565;0,770359825750151
3003;17,569;0,74284966478464
3004;17,573;0,758139364102912
3005;17,578;0,727936559045637
3006;17,582;0,779925302663552
3007;17,586;0,775556817144046
3008;17,590;0,74618251796116
3009;17,594;0,696076742239583
3010;17,598;0,733208869155385
3011;17,602;0,698882364405128
3012;17,606;0,734639924756603
3013;17,611;0,781638803449221
3014;17,615;0,658982274681708
3015;17,619;0,700633524548723
3016;17,623;0,702930745382257
3017;17,627;0,767252928721192
3018;17,631;0,714605146339558
3019;17,635;0,745052737223357
3020;17,639;0,740872548493484
3021;17,644;0,756595330427914
3022;17,648;0,705811686263655
3023;17,652;0,69161410832526
3024;17,656;0,670298911738704
3025;17,660;0,715057058634679
3026;17,664;0,67238900610364
3027;17,668;0,725771145964847
3028;17,672;0,702422344050245
3029;17,677;0,735129496409651
3030;17,681;0,682971285681065
3031;17,685;0,709558792377369
3032;17,689;0,757103731759925
3033;17,693;0,683799791555454
3034;17,697;0,75085227834408
3035;17,701;0,700332249685309
3036;17,705;0,662898847906093
3037;17,709;0,692009531583491
3038;17,714;0,721421490124304
3039;17,718;0,727522306108442
3040;17,722;0,670468378849375
3041;17,726;0,737897459217269
3042;17,730;0,641583651319537
3043;17,734;0,716714070383457
3044;17,738;0,690540816624347
3045;17,742;0,743245088042871
3046;17,747;0,704361800983474
3047;17,751;0,687885831890509
3048;17,755;0,644389273485082
3049;17,759;0,683442027655149
3050;17,763;0,651488062454279
3051;17,767;0,65182699667562
3052;17,771;0,716111520656629
3053;17,775;0,671428692476508
3054;17,780;0,709088050403285
3055;17,784;0,68116363650058
3056;17,788;0,691086877314285
3057;17,792;0,709747089167003
3058;17,796;0,67099560986035
3059;17,800;0,697357160409094
3060;17,804;0,699033001836835
3061;17,808;0,733867907919104
3062;17,813;0,713663662391388
3063;17,817;0,708014758702372
3064;17,821;0,740590103309034
3065;17,825;0,655555273110371
3066;17,829;0,69027720111886
3067;17,833;0,744337209422748
3068;17,837;0,658530362386587
3069;17,841;0,726486673765456
3070;17,846;0,692894526494771
3071;17,850;0,682293417238383
3072;17,854;0,709916556277674
3073;17,858;0,711140485410294
3074;17,862;0,699729699958481
3075;17,866;0,643975020547887
3076;17,870;0,671315714402727
3077;17,874;0,660281522530182
3078;17,878;0,718521719563942
3079;17,883;0,645387246470141
3080;17,887;0,678376844013998
3081;17,891;0,68705732601612
3082;17,895;0,686417116931365
3083;17,899;0,68922273909691
3084;17,903;0,71439801987096
3085;17,907;0,703382657677378
3086;17,911;0,752377482340115
3087;17,916;0,662559913684752
3088;17,920;0,709521133019443
3089;17,924;0,712496222295658
3090;17,928;0,726882097023687
3091;17,932;0,730535054742584
3092;17,936;0,68933571717069
3093;17,940;0,693082823284404
3094;17,944;0,751228871923348
3095;17,949;0,686040523352097
3096;17,953;0,677924931718877
3097;17,957;0,696754610682265
3098;17,961;0,735543749346846
3099;17,965;0,707431038654507
3100;17,969;0,728708575883136
3101;17,973;0,68233107659631
3102;17,977;0,645876818123189
3103;17,982;0,679280668604241
3104;17,986;0,682029801732895
3105;17,990;0,662974166621946
3106;17,994;0,699353106379213
3107;17,998;0,643315981784169
3108;18,002;0,709219858156028
3109;18,006;0,668999663890231
3110;18,010;0,672991555830469
3111;18,015;0,717881510479187
3112;18,019;0,771903859425149
3113;18,023;0,686699562115816
3114;18,027;0,703683932540792
3115;18,031;0,715226525745349
3116;18,035;0,63248891638022
3117;18,039;0,670091785270107
3118;18,043;0,679205349888387
3119;18,047;0,700162782574638
3120;18,052;0,669282109074681
3121;18,056;0,72234414439351
3122;18,060;0,684986061330147
3123;18,064;0,677058766486561
3124;18,068;0,711291122842001
3125;18,072;0,700595865190796
3126;18,076;0,676456216759732
3127;18,080;0,667003717920111
3128;18,085;0,735129496409651
3129;18,089;0,673104533904249
3130;18,093;0,680259811910337
3131;18,097;0,687433919595388
3132;18,101;0,677284722634122
3133;18,105;0,672501984177421
3134;18,109;0,68250054370698
3135;18,113;0,743546362906286
3136;18,118;0,726467844086492
3137;18,122;0,715414822534983
3138;18,126;0,723153820588936
3139;18,130;0,737219590774587
3140;18,134;0,741004356246228
3141;18,138;0,704851372636522
3142;18,142;0,71200665064261
3143;18,146;0,728915702351733
3144;18,151;0,711309952520965
3145;18,155;0,714868761845045
3146;18,159;0,74629549603494
3147;18,163;0,730327928273987
3148;18,167;0,727145712529174
3149;18,171;0,690296030797823
3150;18,175;0,707845291591701
3151;18,179;0,714059085649619
3152;18,184;0,705378603647497
3153;18,188;0,670035296233217
3154;18,192;0,679789069936252
3155;18,196;0,70055820583287
3156;18,200;0,718389911811199
3157;18,204;0,673537616520407
3158;18,208;0,695587170586535
3159;18,212;0,687528067990205
3160;18,216;0,673236341656993
3161;18,221;0,700746502622504
3162;18,225;0,718992461538027
3163;18,229;0,697997369493849
3164;18,233;0,685475632983195
3165;18,237;0,704361800983474
3166;18,241;0,739328514818487
3167;18,245;0,663331930522251
3168;18,249;0,69027720111886
3169;18,254;0,700313420006346
3170;18,258;0,689787629465812
3171;18,262;0,684025747703015
3172;18,266;0,650810194011597
3173;18,270;0,679751410578325
3174;18,274;0,697263012014277
3175;18,278;0,687961150606363
3176;18,282;0,679148860851497
3177;18,287;0,682368735954236
3178;18,291;0,694043136911537
3179;18,295;0,675420584416746
3180;18,299;0,740740740740741
3181;18,303;0,716205669051446
3182;18,307;0,701631497533783
3183;18,311;0,723794029673691
3184;18,315;0,697733753988361
3185;18,320;0,692875696815807
3186;18,324;0,650377111395439
3187;18,328;0,691406981856663
3188;18,332;0,649831050705501
3189;18,336;0,649341479052453
3190;18,340;0,709709429809076
3191;18,344;0,66643882755121
3192;18,348;0,720781281039549
3193;18,353;0,667681586362793
3194;18,357;0,685193187798745
3195;18,361;0,711234633805111
3196;18,365;0,655913037010675
3197;18,369;0,653069755487204
3198;18,373;0,653484008424398
3199;18,377;0,678809926630156
3200;18,381;0,663746183459445
3201;18,385;0,682105120448749
3202;18,390;0,702252876939575
3203;18,394;0,685645100093866
3204;18,398;0,697357160409094
3205;18,402;0,737087783021843
3206;18,406;0,698637578578604
3207;18,410;0,714586316660594
3208;18,414;0,666212871403649
3209;18,418;0,640679826729294
3210;18,423;0,692291976767942
3211;18,427;0,647458511156114
3212;18,431;0,713004623627669
3213;18,435;0,691218685067029
3214;18,439;0,665685640392674
3215;18,443;0,734282160856298
3216;18,447;0,769568979233689
3217;18,451;0,717919169837114
3218;18,456;0,721986380493206
3219;18,460;0,744205401670004
3220;18,464;0,753187158535541
3221;18,468;0,769700786986432
3222;18,472;0,799319871995842
3223;18,476;0,771960348462039
3224;18,480;0,784425595935802
3225;18,484;0,773636189889781
3226;18,489;0,771621414240698
3227;18,493;0,821068151198556
3228;18,497;0,789189504713539
3229;18,501;0,771922689104112
3230;18,505;0,785178783094338
3231;18,509;0,788982378244942
3232;18,513;0,758459468645289
3233;18,517;0,802144323840351
3234;18,522;0,791562044262926
3235;18,526;0,72351158448924
3236;18,530;0,77674308691874
3237;18,534;0,739328514818487
3238;18,538;0,760700200441933
3239;18,542;0,744883270112686
3240;18,546;0,739893405187388
3241;18,550;0,760210628788884
3242;18,554;0,731853132270021
3243;18,559;0,729405274004781
3244;18,563;0,687339771200571
3245;18,567;0,696716951324338
3246;18,571;0,699786188995371
3247;18,575;0,718069807268821
3248;18,579;0,678188547224364
3249;18,583;0,735976831963003
3250;18,587;0,694231433701171
3251;18,592;0,678263865940218
3252;18,596;0,678960564061863
3253;18,600;0,69366654333227
3254;18,604;0,693741862048123
3255;18,608;0,72684443766576
3256;18,612;0,7369559752691
3257;18,616;0,674723886295101
3258;18,620;0,710519106004502
3259;18,625;0,726580822160273
3260;18,629;0,660262692851218
3261;18,633;0,69611440159751
3262;18,637;0,710086023388344
3263;18,641;0,636367830246678
3264;18,645;0,711535908668525
3265;18,649;0,72128968237156
3266;18,653;0,720856599755403
3267;18,658;0,660149714777438
3268;18,662;0,644860015459166
3269;18,666;0,667248503746635
3270;18,670;0,699842678032261
3271;18,674;0,686756051152706
3272;18,678;0,711611227384379
3273;18,682;0,664047458322859
3274;18,686;0,655950696368602
3275;18,691;0,69628386870818
3276;18,695;0,699108320552689
3277;18,699;0,723605732884057
3278;18,703;0,722381803751437
3279;18,707;0,690051244971299
3280;18,711;0,704455949378291
3281;18,715;0,711592397705415
3282;18,719;0,701085436843845
3283;18,723;0,694777494391109
3284;18,728;0,692291976767942
3285;18,732;0,721666275950828
3286;18,736;0,742265944736775
3287;18,740;0,666702443056697
3288;18,744;0,684684786466733
3289;18,748;0,669187960679864
3290;18,752;0,690484327587457
3291;18,756;0,668171158015841
3292;18,761;0,664405222223164
3293;18,765;0,719444373833148
3294;18,769;0,653804112966776
3295;18,773;0,730422076668804
3296;18,777;0,637083358047287
3297;18,781;0,680391619663081
3298;18,785;0,645745010370446
3299;18,789;0,674949842442661
3300;18,794;0,677661316213389
3301;18,798;0,679713751220399
3302;18,802;0,687452749274351
3303;18,806;0,729273466252037
3304;18,810;0,701179585238662
3305;18,814;0,676870469696927
3306;18,818;0,650640726900927
3307;18,822;0,714266212118217
3308;18,827;0,694570367922512
3309;18,831;0,683366708939296
3310;18,835;0,701650327212746
3311;18,839;0,736692359763612
3312;18,843;0,688827315838679
3313;18,847;0,682726499854541
3314;18,851;0,617895915183594
3315;18,855;0,680711724205458
3316;18,860;0,668698389026816
3317;18,864;0,693515905900562
3318;18,868;0,729781867584049
3319;18,872;0,676851640017964
3320;18,876;0,678113228508511
3321;18,880;0,707600505765177
3322;18,884;0,664555859654871
3323;18,888;0,731495368369717
3324;18,892;0,663463738274994
3325;18,897;0,679544284109728
3326;18,901;0,688450722259411
3327;18,905;0,706696681174934
3328;18,909;0,695455362833791
3329;18,913;0,665459684245113
3330;18,917;0,709690600130113
3331;18,921;0,651864656033547
3332;18,925;0,647307873724407
3333;18,930;0,66977168072773
3334;18,934;0,6733869790887
3335;18,938;0,68250054370698
3336;18,942;0,691294003782883
3337;18,946;0,68022215255241
3338;18,950;0,708090077418225
3339;18,954;0,708880923934687
3340;18,958;0,682123950127712
3341;18,963;0,646366389776238
3342;18,967;0,669395087148462
3343;18,971;0,680636405489605
3344;18,975;0,661599600057619
3345;18,979;0,678602800161559
3346;18,983;0,698242155320373
3347;18,987;0,711648886742306
3348;18,991;0,714586316660594
3349;18,996;0,681257784895396
3350;19,000;0,667493289573159
3351;19,004;0,708033588381335
3352;19,008;0,722645419256924
3353;19,012;0,686304138857585
3354;19,016;0,693101652963368
3355;19,020;0,667361481820416
3356;19,024;0,645067141927764
3357;19,029;0,685532122020086
3358;19,033;0,704154674514877
3359;19,037;0,736692359763612
3360;19,041;0,6596036540875
3361;19,045;0,705303284931644
3362;19,049;0,67122156600791
3363;19,053;0,698807045689275
3364;19,057;0,691049217956359
3365;19,061;0,625898528743034
3366;19,066;0,65871865917622
3367;19,070;0,680033855762776
3368;19,074;0,712929304911816
3369;19,078;0,656364949305797
3370;19,082;0,719180758327661
3371;19,086;0,663369589880177
3372;19,090;0,657344092611893
3373;19,094;0,672313687387787
3374;19,099;0,667455630215233
3375;19,103;0,648738929325624
3376;19,107;0,657344092611893
3377;19,111;0,695624829944462
3378;19,115;0,674516759826503
3379;19,119;0,680579916452714
3380;19,123;0,673763572667968
3381;19,127;0,6643863925442
3382;19,132;0,661863215563106
3383;19,136;0,706188279842923
3384;19,140;0,654538470446348
3385;19,144;0,630436481373211
3386;19,148;0,690879750845688
3387;19,152;0,65726877389604
3388;19,156;0,670242422701814
3389;19,160;0,65416187686708
3390;19,165;0,656082504121346
3391;19,169;0,678696948556376
3392;19,173;0,656590905453358
3393;19,177;0,703382657677378
3394;19,181;0,629363189672298
3395;19,185;0,650038177174098
3396;19,189;0,689429865565507
3397;19,193;0,630417651694247
3398;19,198;0,674290803678943
3399;19,202;0,668434773521329
3400;19,206;0,710594424720356
3401;19,210;0,688092958359107
3402;19,214;0,673669424273151
3403;19,218;0,724038815500215
3404;19,222;0,65182699667562
3405;19,226;0,70984123756182
3406;19,230;0,666871910167368
3407;19,235;0,664254584791457
3408;19,239;0,666288190119503
3409;19,243;0,652862629018607
3410;19,247;0,648870737078368
3411;19,251;0,6347108184979
3412;19,255;0,618893888168654
3413;19,259;0,635200390150948
3414;19,263;0,636198363136008
3415;19,268;0,688563700333191
3416;19,272;0,699710870279517
3417;19,276;0,643278322426242
3418;19,280;0,706470725027374
3419;19,284;0,647345533082334
3420;19,288;0,673631764915224
3421;19,292;0,682010972053932
3422;19,296;0,672727940324982
3423;19,301;0,641357695171976
3424;19,305;0,648230527993613
3425;19,309;0,661769067168289
3426;19,313;0,679092371814607
3427;19,317;0,664988942271029
3428;19,321;0,634334224918632
3429;19,325;0,648682440288734
3430;19,329;0,650904342406414
3431;19,334;0,616841453161644
3432;19,338;0,652316568328668
3433;19,342;0,668171158015841
3434;19,346;0,619515267574446
3435;19,350;0,653389860029581
3436;19,354;0,6471572362927
3437;19,358;0,69150113025148
3438;19,362;0,735242474483431
3439;19,367;0,66210800138963
3440;19,371;0,711065166694441
3441;19,375;0,647948082809162
3442;19,379;0,630568289125955
3443;19,383;0,671259225365837
3444;19,387;0,722306485035583
3445;19,391;0,656666224169211
3446;19,395;0,637196336121067
3447;19,399;0,597013801213196
3448;19,404;0,668095839299988
3449;19,408;0,696453335818851
3450;19,412;0,689467524923434
3451;19,416;0,69605791256062
3452;19,420;0,641301206135086
3453;19,424;0,689298057812763
3454;19,428;0,608669372491534
3455;19,432;0,672483154498457
3456;19,437;0,61081595589336
3457;19,441;0,669093812285047
3458;19,445;0,669809340085656
3459;19,449;0,67238900610364
3460;19,453;0,673349319730773
3461;19,457;0,698750556652384
3462;19,461;0,677698975571316
3463;19,465;0,628948936735103
3464;19,470;0,64949211648416
3465;19,474;0,654915064025616
3466;19,478;0,724264771647776
3467;19,482;0,656553246095431
3468;19,486;0,690879750845688
3469;19,490;0,687546897669168
3470;19,494;0,637233995478994
3471;19,498;0,687848172532582
3472;19,503;0,64271343205734
3473;19,507;0,702384684692318
3474;19,511;0,727767091934966
3475;19,515;0,662089171710667
3476;19,519;0,710010704672491
3477;19,523;0,648569462214954
3478;19,527;0,687735194458802
3479;19,531;0,668171158015841
3480;19,536;0,668999663890231
3481;19,540;0,717749702726443
3482;19,544;0,739196707065743
3483;19,548;0,642920558525937
3484;19,552;0,663444908596031
3485;19,556;0,697093544903606
3486;19,560;0,682349906275273
3487;19,564;0,698091517888666
3488;19,568;0,702215217581648
3489;19,573;0,669583383938096
3490;19,577;0,70739337929658
3491;19,581;0,712251436469134
3492;19,585;0,690032415292335
3493;19,589;0,65971663216128
3494;19,593;0,725884124038627
3495;19,597;0,710537935683466
3496;19,601;0,661223006478351
3497;19,606;0,705566900437131
3498;19,610;0,680692894526495
3499;19,614;0,708523160034383
3500;19,618;0,677435360065829
3501;19,622;0,700445227759089
3502;19,626;0,702365855013355
3503;19,630;0,726072420828261
3504;19,634;0,692574421952393
3505;19,639;0,69255559227343
3506;19,643;0,637610589058262
3507;19,647;0,734319820214225
3508;19,651;0,657739515870124
3509;19,655;0,683291390223442
3510;19,659;0,66883019677956
3511;19,663;0,706753170211824
3512;19,667;0,646648834960688
3513;19,672;0,675514732811563
3514;19,676;0,700821821338357
3515;19,680;0,694721005354219
3516;19,684;0,676380898043879
3517;19,688;0,667455630215233
3518;19,692;0,657890153301831
3519;19,696;0,712383244221878
3520;19,700;0,643673745684473
3521;19,705;0,714831102487118
3522;19,709;0,662145660747557
3523;19,713;0,632093493121989
3524;19,717;0,645575543259775
3525;19,721;0,629344359993334
3526;19,725;0,673556446199371
3527;19,729;0,641847266825024
3528;19,733;0,683347879260333
3529;19,737;0,669300938753645
3530;19,742;0,640096106681429
3531;19,746;0,594339986800395
3532;19,750;0,716789389099311
3533;19,754;0,678452162729852
3534;19,758;0,674027188173455
3535;19,762;0,677077596165524
3536;19,766;0,647496170514041
3537;19,770;0,682312246917346
3538;19,775;0,715659608361507
3539;19,779;0,658172598486282
3540;19,783;0,681069488105763
3541;19,787;0,698863534726165
3542;19,791;0,650282963000622
3543;19,795;0,721854572740462
3544;19,799;0,672426665461567
3545;19,803;0,677661316213389
3546;19,808;0,672031242203336
3547;19,812;0,690747943092944
3548;19,816;0,671824115734739
3549;19,820;0,6961708906344
3550;19,824;0,671786456376812
3551;19,828;0,613640407737868
3552;19,832;0,67227602802986
3553;19,836;0,663444908596031
3554;19,841;0,662748210474386
3555;19,845;0,682123950127712
3556;19,849;0,676456216759732
3557;19,853;0,668284136089622
3558;19,857;0,678904075024973
3559;19,861;0,693063993605441
3560;19,865;0,75740500662334
3561;19,869;0,711818353852976
3562;19,874;0,655461124715554
3563;19,878;0,715960883224921
3564;19,882;0,680598746131678
3565;19,886;0,681464911363994
3566;19,890;0,63248891638022
3567;19,894;0,730855159284962
3568;19,898;0,651205617269828
3569;19,902;0,659095252755488
3570;19,906;0,642110882330512
3571;19,911;0,68361149476582
3572;19,915;0,684647127108806
3573;19,919;0,73012080180539
3574;19,923;0,712458562937731
3575;19,927;0,686492435647219
3576;19,931;0,649981688137208
3577;19,935;0,672125390598153
3578;19,939;0,713456535922791
3579;19,944;0,694118455627391
3580;19,948;0,646253411702457
3581;19,952;0,678960564061863
3582;19,956;0,666476486909137
3583;19,960;0,674253144321016
3584;19,964;0,639079304017406
3585;19,968;0,63459784042412
3586;19,972;0,664292244149383
3587;19,977;0,685136698761854
3588;19,981;0,619778883079933
3589;19,985;0,663689694422555
3590;19,989;0,652975607092387
3591;19,993;0,646065114912823
3592;19,997;0,674573248863394
3593;20,001;0,661844385884143
3594;20,005;0,635802939877777
3595;20,010;0,628233408934494
3596;20,014;0,663501397632921
3597;20,018;0,64621575234453
3598;20,022;0,666834250809441
3599;20,026;0,685607440735939
3600;20,030;0,674893353405771
3601;20,034;0,66883019677956
3602;20,038;0,679299498283204
3603;20,043;0,625371297732059
3604;20,047;0,684628297429843
3605;20,051;0,69266857034721
3606;20,055;0,621624191618345
3607;20,059;0,689881777860628
3608;20,063;0,609441389329033
3609;20,067;0,681596719116737
3610;20,071;0,662936507264019
3611;20,075;0,680862361637165
3612;20,080;0,682820648249358
3613;20,084;0,711140485410294
3614;20,088;0,673010385509432
3615;20,092;0,67333049005181
3616;20,096;0,668999663890231
3617;20,100;0,653446349066472
3618;20,104;0,686963177621303
3619;20,108;0,660978220651827
3620;20,113;0,661712578131399
3621;20,117;0,680090344799666
3622;20,121;0,649115522904892
3623;20,125;0,664725326765541
3624;20,129;0,656534416416467
3625;20,133;0,705755197226765
3626;20,137;0,713588343675535
3627;20,141;0,678960564061863
3628;20,146;0,675081650195405
3629;20,150;0,648607121572881
3630;20,154;0,676380898043879
3631;20,158;0,707864121270664
3632;20,162;0,661580770378655
3633;20,166;0,682010972053932
3634;20,170;0,702516492445062
3635;20,174;0,64393736118996
3636;20,179;0,708259544528896
3637;20,183;0,63254540541711
3638;20,187;0,63582176955674
3639;20,191;0,645688521333556
3640;20,195;0,625747891311327
3641;20,199;0,667756905078647
3642;20,203;0,691406981856663
3643;20,207;0,633392740970463
3644;20,212;0,639305260164967
3645;20,216;0,64032206282899
3646;20,220;0,640096106681429
3647;20,224;0,618536124268349
3648;20,228;0,664574689333834
3649;20,232;0,663181293090544
3650;20,236;0,706696681174934
3651;20,240;0,663614375706701
3652;20,244;0,638062501353383
3653;20,249;0,699936826427078
3654;20,253;0,649266160336599
3655;20,257;0,669263279395718
3656;20,261;0,599970060810448
3657;20,265;0,636518467678385
3658;20,269;0,653295711634765
3659;20,273;0,627630859207666
3660;20,277;0,639625364707344
3661;20,282;0,624053220204622
3662;20,286;0,608085652443669
3663;20,290;0,634635499782046
3664;20,294;0,622057274234503
3665;20,298;0,674366122394796
3666;20,302;0,613960512280246
3667;20,306;0,631302646605527
3668;20,310;0,665422024887187
3669;20,315;0,660300352209145
3670;20,319;0,655404635678664
3671;20,323;0,676851640017964
3672;20,327;0,658304406239026
3673;20,331;0,642148541688438
3674;20,335;0,604752799267149
3675;20,339;0,624523962178707
3676;20,343;0,646818302071359
3677;20,348;0,646535856886908
3678;20,352;0,669752851048766
3679;20,356;0,693308779431965
3680;20,360;0,696754610682265
3681;20,364;0,685871056241427
3682;20,368;0,683291390223442
3683;20,372;0,696566313892631
