#"+EI TIC Scan 100C_1ml-min_3C-min_1.d "
#Point;X(Minutes);Y(Counts)
0;5,841;2,22508504360526
1;5,845;2,38529184522785
2;5,849;2,22092933514601
3;5,853;2,27936368470555
4;5,857;2,24747498305913
5;5,862;2,30132957227583
6;5,866;2,30497641847475
7;5,870;2,46128194276826
8;5,874;2,7501460858739
9;5,878;3,67958300433975
10;5,882;4,77965840076465
11;5,886;6,45805575603786
12;5,890;8,92841240911508
13;5,895;11,4211590016462
14;5,899;14,3715423869541
15;5,903;18,0083809614274
16;5,907;20,6998382666116
17;5,911;23,2336330814748
18;5,915;25,2789201264353
19;5,919;26,3823031275523
20;5,923;27,2994425413938
21;5,927;27,7203564410513
22;5,932;27,4165656716431
23;5,936;26,8922679227649
24;5,940;26,182744311132
25;5,944;25,5674450280341
26;5,948;24,0849596429822
27;5,952;22,9600348061786
28;5,956;22,3937559208244
29;5,960;21,9395115431163
30;5,965;21,0665583355455
31;5,969;19,9149182300753
32;5,973;18,8663227323189
33;5,977;18,5614294280134
34;5,981;17,2045482108827
35;5,985;16,996338736037
36;5,989;16,1767312554226
37;5,993;15,738346418161
38;5,998;14,9129718319296
39;6,002;14,900759137682
40;6,006;13,8585244181796
41;6,010;13,3868091028674
42;6,014;13,1826705261042
43;6,018;12,5198774320436
44;6,022;11,8702299463744
45;6,026;11,1066821247713
46;6,031;11,3874892820886
47;6,035;10,5729704240773
48;6,039;10,3868964575554
49;6,043;9,94673060238266
50;6,047;9,7014589929107
51;6,051;9,2966590648299
52;6,055;8,91280729979874
53;6,059;8,57839998439489
54;6,064;8,30335993269449
55;6,068;7,91374106204642
56;6,072;7,67678086949294
57;6,076;7,33066972210184
58;6,080;6,88974057353865
59;6,084;6,7230881832854
60;6,088;6,40589737435555
61;6,092;6,05223810343643
62;6,097;5,72919537851295
63;6,101;5,47976806058175
64;6,105;5,54303660161428
65;6,109;4,84623454648923
66;6,113;4,60698447376433
67;6,117;4,6081718190384
68;6,121;4,35942298412095
69;6,125;4,21507572294485
70;6,129;4,17199205157149
71;6,134;3,92358245816092
72;6,138;3,62750943303415
73;6,142;3,61164989258766
74;6,146;3,30124391379534
75;6,150;3,20345754943809
76;6,154;3,04621911100067
77;6,158;2,86701478499297
78;6,162;2,93342130996412
79;6,167;2,66940660723721
80;6,171;2,63700904333047
81;6,175;2,58781902483333
82;6,179;2,49834407739456
83;6,183;2,51674792914263
84;6,187;2,41098938937377
85;6,191;2,29047384405577
86;6,195;2,20583308808999
87;6,200;2,30633338450226
88;6,204;2,0610617750303
89;6,208;2,10227961811584
90;6,212;1,93282848543085
91;6,216;2,11211762181526
92;6,220;1,81612940706521
93;6,224;1,93605127974618
94;6,228;1,82240537494244
95;6,233;1,86591309819939
96;6,237;1,79594453740604
97;6,241;1,83054717110748
98;6,245;1,82605222114136
99;6,249;1,67441126756741
100;6,253;1,69162777404141
101;6,257;1,67644671660867
102;6,261;1,55669446468114
103;6,266;1,61071867465128
104;6,270;1,61623134913803
105;6,274;1,66694795441612
106;6,278;1,60503637941109
107;6,282;1,61156677841847
108;6,286;1,5397323893373
109;6,290;1,58171352581331
110;6,294;1,59706420399949
111;6,298;1,44406628439803
112;6,303;1,4540739088509
113;6,307;1,45551568525512
114;6,311;1,44279412874724
115;6,315;1,49232338875126
116;6,319;1,40327249319609
117;6,323;1,45068149378213
118;6,327;1,41311049689552
119;6,331;1,45051187302869
120;6,336;1,40734339127861
121;6,340;1,38800662538663
122;6,344;1,41463708367646
123;6,348;1,48960945669625
124;6,352;1,46416634368048
125;6,356;1,41463708367646
126;6,360;1,41328011764895
127;6,364;1,38961802254429
128;6,369;1,34144572856778
129;6,373;1,33169253524507
130;6,377;1,30879373353089
131;6,381;1,32677353339536
132;6,385;1,36866985949465
133;6,389;1,2903050714061
134;6,393;1,31337349387372
135;6,397;1,35170778415081
136;6,402;1,41556999782037
137;6,406;1,28445315541247
138;6,410;1,227206151127
139;6,414;1,29971902322193
140;6,418;1,29352786572143
141;6,422;1,29149241668017
142;6,426;1,24255682931318
143;6,430;1,30124561000288
144;6,435;1,2938671072283
145;6,439;1,27190121965803
146;6,443;1,30116079962616
147;6,447;1,22296563229104
148;6,451;1,24696696890258
149;6,455;1,25604167921153
150;6,459;1,23254920486031
151;6,463;1,12484002642691
152;6,467;1,19234908629541
153;6,472;1,16868699119075
154;6,476;1,21982764835243
155;6,480;1,21541750876303
156;6,484;1,17793132225314
157;6,488;1,32066718627157
158;6,492;1,21499345687944
159;6,496;1,19065287876102
160;6,500;1,15418441677176
161;6,505;1,17241864776639
162;6,509;1,14739958663422
163;6,513;1,20956559276941
164;6,517;1,14587299985328
165;6,521;1,13442359899618
166;6,525;1,24586443400523
167;6,529;1,18556425615787
168;6,533;1,16020595351882
169;6,538;1,21635042290694
170;6,542;1,17877942602033
171;6,546;1,22788463414076
172;6,550;1,15749202146381
173;6,554;1,20303519376203
174;6,558;1,14833250077814
175;6,562;1,18887186084992
176;6,566;1,09337537666409
177;6,571;1,23220996335344
178;6,575;1,11160960765872
179;6,579;1,14248058478451
180;6,583;1,16707559403308
181;6,587;1,12551850944067
182;6,591;1,10440072563758
183;6,595;1,07726140508744
184;6,599;1,08981334084188
185;6,604;1,13247296033164
186;6,608;1,11016783125449
187;6,612;1,14078437725013
188;6,616;1,11932735194016
189;6,620;1,06292845142189
190;6,624;1,13917298009246
191;6,628;1,10618174354869
192;6,632;1,03392330258392
193;6,636;1,0440157374135
194;6,641;1,0762436805668
195;6,645;1,0320574742961
196;6,649;1,08031457864933
197;6,653;1,01789414138399
198;6,657;1,09295132478049
199;6,661;1,11279695293279
200;6,665;1,05470184488012
201;6,669;1,01017639710254
202;6,674;1,01611312347288
203;6,678;1,12772357923537
204;6,682;1,11449316046717
205;6,686;0,988380130285701
206;6,690;1,0144169159385
207;6,694;1,02433973001465
208;6,698;1,0788728022451
209;6,702;1,01602831309616
210;6,707;0,999999151896233
211;6,711;0,997878892478253
212;6,715;1,04257396100928
213;6,719;0,983291507682548
214;6,723;0,976421867168292
215;6,727;0,979390230353464
216;6,731;0,988804182169297
217;6,735;1,02009921117869
218;6,740;1,0144169159385
219;6,744;0,98956747555977
220;6,748;0,957933205043504
221;6,752;0,981680110524883
222;6,756;0,936221748603385
223;6,760;0,996521926450745
224;6,764;0,985157335970371
225;6,768;1,01925110741149
226;6,773;0,92494196849973
227;6,777;0,982952266175671
228;6,781;0,93350781654837
229;6,785;0,882876021647001
230;6,789;0,954625600351454
231;6,793;1,00898905182847
232;6,797;0,960138274838203
233;6,801;0,906707737505099
234;6,805;0,955728135248804
235;6,810;0,967686398366213
236;6,814;0,944193924014991
237;6,818;0,958526877680538
238;6,822;0,865235463289404
239;6,826;0,966668673845582
240;6,830;0,871850672673503
241;6,834;0,903315322436331
242;6,838;0,881179814112616
243;6,843;0,959205360694292
244;6,847;0,972435779462489
245;6,851;0,934695161822439
246;6,855;0,855397459589976
247;6,859;0,969212985147159
248;6,863;0,922991329835188
249;6,867;0,900940631888193
250;6,871;0,922397657198154
251;6,876;0,927910331684902
252;6,880;0,941395181583257
253;6,884;0,897463406442705
254;6,888;0,938511628774804
255;6,892;0,908403945039484
256;6,896;0,878126640550725
257;6,900;0,895173526271286
258;6,904;0,900771011134754
259;6,909;0,855651890720133
260;6,913;0,900686200758035
261;6,917;0,934271109938843
262;6,921;0,965057276687917
263;6,925;0,913238136512479
264;6,929;0,857517719007956
265;6,933;1,05783982881874
266;6,937;0,925874882643641
267;6,942;0,957763584290065
268;6,946;0,855736701096853
269;6,950;0,958187636173661
270;6,954;0,933083764664774
271;6,958;0,891950731955956
272;6,962;0,946653424939848
273;6,966;0,865574704796281
274;6,970;0,960307895591641
275;6,974;0,964633224804321
276;6,979;0,833177140889542
277;6,983;0,854634166199503
278;6,987;0,909252048806676
279;6,991;0,90772546202573
280;6,995;0,846831611541335
281;6,999;0,888049454626873
282;7,003;0,826307500375286
283;7,007;0,791196004413532
284;7,012;0,864726601029089
285;7,016;0,861843048220636
286;7,020;0,871765862296784
287;7,024;0,940207836309188
288;7,028;0,891950731955956
289;7,032;0,94326100987108
290;7,036;0,899668476237405
291;7,040;0,894155801750656
292;7,045;0,905605202607749
293;7,049;0,883639315037474
294;7,053;0,887455781989838
295;7,057;0,844287300239759
296;7,061;0,783478260132084
297;7,065;0,824187240957306
298;7,069;0,866931670823789
299;7,073;0,886438057469208
300;7,078;0,825798638114971
301;7,082;0,85488859732966
302;7,086;0,793825126091828
303;7,090;0,79789602417435
304;7,094;0,848697439829158
305;7,098;0,822236602292764
306;7,102;0,814942909894911
307;7,106;0,884402608427946
308;7,111;0,803408698661099
309;7,115;0,783054208248488
310;7,119;0,824187240957306
311;7,123;0,752522472629571
312;7,127;0,85607594260373
313;7,131;0,820116342874783
314;7,135;0,813755564620843
315;7,139;0,803408698661099
316;7,143;0,766176943281364
317;7,148;0,801627680749995
318;7,152;0,792722591194478
319;7,156;0,757356664102566
320;7,160;0,785598519550064
321;7,164;0,758204767869758
322;7,168;0,805953009962675
323;7,172;0,793231453454793
324;7,176;0,791704866673847
325;7,181;0,788312451605079
326;7,185;0,765074408384015
327;7,189;0,778728879035808
328;7,193;0,713679320092172
329;7,197;0,832413847499069
330;7,201;0,770587082870763
331;7,205;0,743447762320615
332;7,209;0,726316066223335
333;7,214;0,773046583795621
334;7,218;0,746585746259226
335;7,222;0,770841514000921
336;7,226;0,727164169990527
337;7,230;0,674496926047896
338;7,234;0,808751752394409
339;7,238;0,780764328077069
340;7,242;0,774997222460162
341;7,247;0,749638919821118
342;7,251;0,763547821603069
343;7,255;0,756169318828497
344;7,259;0,70528309279697
345;7,263;0,785174467666468
346;7,267;0,786616244070695
347;7,271;0,788736503488675
348;7,275;0,783478260132084
349;7,280;0,67195261474632
350;7,284;0,838265763492695
351;7,288;0,80213654301031
352;7,292;0,756847801842251
353;7,296;0,677126047726191
354;7,300;0,766092132904645
355;7,304;0,685098223137797
356;7,308;0,730811016189453
357;7,312;0,71715654553766
358;7,317;0,737341415196832
359;7,321;0,681281756185433
360;7,325;0,760494648041177
361;7,329;0,790687142153217
362;7,333;0,741581934032793
363;7,337;0,727503411497404
364;7,341;0,759646544273985
365;7,345;0,74938448869096
366;7,350;0,721990737010655
367;7,354;0,767618719685591
368;7,358;0,673818443034142
369;7,362;0,661266507279699
370;7,366;0,807818838250498
371;7,370;0,723347703038162
372;7,374;0,675345029815088
373;7,378;0,79891374869498
374;7,383;0,749723730197837
375;7,387;0,639470240462861
376;7,391;0,797811213797631
377;7,395;0,694342554200192
378;7,399;0,715290717249837
379;7,403;0,770332651740606
380;7,407;0,779152930919404
381;7,411;0,663895628957994
382;7,416;0,723941375675197
383;7,420;0,740394588758724
384;7,424;0,710456525776842
385;7,428;0,691119759884862
386;7,432;0,712576785194822
387;7,436;0,681705808069029
388;7,440;0,720973012490024
389;7,444;0,677889341116664
390;7,449;0,667966527040517
391;7,453;0,775760515850635
392;7,457;0,702314729611798
393;7,461;0,705707144680566
394;7,465;0,659824730875472
395;7,469;0,76337820084963
396;7,473;0,683317205226694
397;7,477;0,663217145944241
398;7,481;0,634551238613147
399;7,486;0,763802252733226
400;7,490;0,73971610574497
401;7,494;0,671019700602408
402;7,498;0,708845128619177
403;7,502;0,718089459681571
404;7,506;0,71495147574296
405;7,510;0,653888004505127
406;7,514;0,654990539402477
407;7,519;0,682469101459502
408;7,523;0,684758981630921
409;7,527;0,705961575810724
410;7,531;0,586972617273669
411;7,535;0,620557526454477
412;7,539;0,683571636356852
413;7,543;0,649732296045886
414;7,547;0,661605748786576
415;7,552;0,62988666789359
416;7,556;0,660757645019383
417;7,560;0,628105649982487
418;7,564;0,708336266358862
419;7,568;0,671528562862723
420;7,572;0,614196748200536
421;7,576;0,610719522755048
422;7,580;0,603086588850319
423;7,585;0,625052476420595
424;7,589;0,680009600534645
425;7,593;0,681281756185433
426;7,597;0,783223829001926
427;7,601;0,845389835137109
428;7,605;0,951063564529247
429;7,609;1,12763876885865
430;7,613;1,4192168440193
431;7,618;1,85531180110949
432;7,622;2,31430555991387
433;7,626;2,89330600177593
434;7,630;3,59960681909353
435;7,634;4,18742754013439
436;7,638;5,01992619801018
437;7,642;5,469421194622
438;7,646;6,13357125471016
439;7,650;6,58187890604791
440;7,655;7,14154258201799
441;7,659;7,32235830518336
442;7,663;7,49325121427257
443;7,667;7,59298821729436
444;7,671;7,59595658047953
445;7,675;7,27918982343328
446;7,679;7,25510367644502
447;7,683;6,85997213131021
448;7,688;6,81553149390934
449;7,692;6,57729914570508
450;7,696;6,29632236763432
451;7,700;5,89440599236198
452;7,704;5,78449174413388
453;7,708;5,26307754806416
454;7,712;5,22152046347175
455;7,716;5,02832242530538
456;7,721;4,63005289623196
457;7,725;4,47154230214375
458;7,729;4,29657849497202
459;7,733;4,16139075448159
460;7,737;3,89194818764465
461;7,741;3,66067029033136
462;7,745;3,55745606186408
463;7,749;3,32151359383123
464;7,754;3,25366529245586
465;7,758;3,02815450075948
466;7,762;2,85675272940995
467;7,766;2,70205860227411
468;7,770;2,54159736952136
469;7,774;2,46849082478939
470;7,778;2,32897775508629
471;7,782;2,12840121414535
472;7,787;1,99898057927184
473;7,791;1,92926644960864
474;7,795;1,81070154295518
475;7,799;1,65753400260029
476;7,803;1,61216045105551
477;7,807;1,54422733930342
478;7,811;1,40870035730612
479;7,815;1,41650291196428
480;7,819;1,24128467366239
481;7,824;1,25264926414277
482;7,828;1,15961228088179
483;7,832;1,1645312827315
484;7,836;1,10652098505556
485;7,840;1,04494865155742
486;7,844;0,987107974634913
487;7,848;1,0267992309395
488;7,852;0,860655702946567
489;7,857;0,957593963536627
490;7,861;0,874140552844922
491;7,865;0,840470833287394
492;7,869;0,867949395344419
493;7,873;0,845135404006951
494;7,877;0,746331315129069
495;7,881;0,765074408384015
496;7,885;0,724450237935512
497;7,890;0,741581934032793
498;7,894;0,716817304030783
499;7,898;0,691967863652054
500;7,902;0,690780518377985
501;7,906;0,667372854403482
502;7,910;0,620642336831196
503;7,914;0,704095747522901
504;7,918;0,67297033926695
505;7,923;0,701890677728201
506;7,927;0,620642336831196
507;7,931;0,622253733988861
508;7,935;0,590534653095876
509;7,939;0,636501877277689
510;7,943;0,640403154606772
511;7,947;0,669069061937866
512;7,951;0,58035740788957
513;7,956;0,619285370803689
514;7,960;0,563395332545728
515;7,964;0,607581538816437
516;7,968;0,599609363404831
517;7,972;0,536764874255895
518;7,976;0,519802798912052
519;7,980;0,553726949599737
520;7,984;0,621405630221669
521;7,988;0,57280928436156
522;7,993;0,52005723004221
523;7,997;0,55779784768226
524;8,001;0,516240763089846
525;8,005;0,585615651246161
526;8,009;0,59112832573291
527;8,013;0,594605551178398
528;8,017;0,568738386279038
529;8,021;0,585021978609127
530;8,026;0,543210462886555
531;8,030;0,52650281867287
532;8,034;0,557373795798664
533;8,038;0,557967468435698
534;8,042;0,560851021244151
535;8,046;0,527011680933186
536;8,050;0,514798986685619
537;8,054;0,594690361555117
538;8,059;0,502925533944929
539;8,063;0,473920385106959
540;8,067;0,560511779737274
541;8,071;0,516749625350161
542;8,075;0,578746010731905
543;8,079;0,490882460450801
544;8,083;0,504028068842279
545;8,087;0,434737991062683
546;8,092;0,482316612402161
547;8,096;0,583665012581619
548;8,100;0,550504155284407
549;8,104;0,45543172298217
550;8,108;0,497158428328023
551;8,112;0,522092679083471
552;8,116;0,485963458601087
553;8,120;0,535747149735264
554;8,125;0,532609165796654
555;8,129;0,509540743329028
556;8,133;0,482825474662476
557;8,137;0,542192738365925
558;8,141;0,446187391919776
559;8,145;0,500974895280387
560;8,149;0,498685015108969
561;8,153;0,52438255925489
562;8,157;0,538037029906683
563;8,162;0,502416671684614
564;8,166;0,485030544457175
565;8,170;0,513187589527954
566;8,174;0,494698927403166
567;8,178;0,471715315312259
568;8,182;0,500381222643353
569;8,186;0,477227989799008
570;8,190;0,435670905206594
571;8,195;0,52650281867287
572;8,199;0,50182299904758
573;8,203;0,48562421709421
574;8,207;0,561614314634624
575;8,211;0,481722939765126
576;8,215;0,53735854689293
577;8,219;0,555847209017718
578;8,223;0,56534597121027
579;8,228;0,58570046162288
580;8,232;0,530743337508831
581;8,236;0,631582875427974
582;8,240;0,613263834056625
583;8,244;0,629377805633275
584;8,248;0,624204372653403
585;8,252;0,623271458509492
586;8,256;0,597658724740289
587;8,261;0,599609363404831
588;8,265;0,499787550006318
589;8,269;0,583919443711777
590;8,273;0,484097630313264
591;8,277;0,612924592549748
592;8,281;0,583071339944585
593;8,285;0,508353398054959
594;8,289;0,491815374594712
595;8,294;0,492663478361905
596;8,298;0,536425632749018
597;8,302;0,520735713055964
598;8,306;0,471460884182101
599;8,310;0,557882658058979
600;8,314;0,502077430177737
601;8,318;0,461622880482673
602;8,322;0,44474561551555
603;8,326;0,496479945314269
604;8,331;0,460265914455165
605;8,335;0,480026732230742
606;8,339;0,429479747706091
607;8,343;0,503264775451806
608;8,347;0,498006532095215
609;8,351;0,516580004596722
610;8,355;0,468831762503806
611;8,359;0,454159567331382
612;8,364;0,439741803289116
613;8,368;0,512593916890919
614;8,372;0,511830623500447
615;8,376;0,553387708092861
616;8,380;0,465439347435037
617;8,384;0,450597531509175
618;8,388;0,52438255925489
619;8,392;0,495377410416919
620;8,397;0,539139564804033
621;8,401;0,478584955826515
622;8,405;0,487235614251875
623;8,409;0,462895036133461
624;8,413;0,494020444389412
625;8,417;0,536934495009333
626;8,421;0,515053417815777
627;8,425;0,414383500650072
628;8,430;0,457127930516555
629;8,434;0,47163050493554
630;8,438;0,50826858767824
631;8,442;0,438045595754732
632;8,446;0,457043120139835
633;8,450;0,453650705071067
634;8,454;0,453565894694348
635;8,458;0,429903799589687
636;8,463;0,521329385692998
637;8,467;0,448053220207599
638;8,471;0,416418949691333
639;8,475;0,471121642675225
640;8,479;0,442116493837254
641;8,483;0,443982322125077
642;8,487;0,470612780414909
643;8,491;0,442710166474288
644;8,495;0,459417810687973
645;8,500;0,438639268391766
646;8,504;0,441183579693343
647;8,508;0,454922860721855
648;8,512;0,476379886031816
649;8,516;0,376218831126426
650;8,520;0,474514057743993
651;8,524;0,419217692123067
652;8,528;0,470358349284752
653;8,533;0,500041981136476
654;8,537;0,472139367195855
655;8,541;0,476295075655097
656;8,545;0,48350395767623
657;8,549;0,492748288738624
658;8,553;0,423797452465904
659;8,557;0,451954497536683
660;8,561;0,491900184971432
661;8,566;0,390382164038534
662;8,570;0,446187391919776
663;8,574;0,495886272677235
664;8,578;0,429903799589687
665;8,582;0,459926672948289
666;8,586;0,439402561782239
667;8,590;0,429479747706091
668;8,594;0,438300026884889
669;8,599;0,422864538321993
670;8,603;0,446017771166338
671;8,607;0,413705017636318
672;8,611;0,406750566745342
673;8,615;0,454244377708101
674;8,619;0,392756854586672
675;8,623;0,438639268391766
676;8,627;0,461029207845638
677;8,632;0,426256953390761
678;8,636;0,422525296815116
679;8,640;0,442286114590692
680;8,644;0,423543021335747
681;8,648;0,432787352398141
682;8,652;0,465015295551441
683;8,656;0,492324236855028
684;8,660;0,486048268977806
685;8,664;0,397845477189825
686;8,669;0,361377015200564
687;8,673;0,44576334003618
688;8,677;0,423797452465904
689;8,681;0,486557131238121
690;8,685;0,459502621064693
691;8,689;0,469595055894279
692;8,693;0,385632782942259
693;8,697;0,442794976851008
694;8,702;0,475277351134466
695;8,706;0,421846813801362
696;8,710;0,384106196161313
697;8,714;0,430497472226722
698;8,718;0,391823940442761
699;8,722;0,44788359945416
700;8,726;0,376727693386741
701;8,730;0,367483362324347
702;8,735;0,448138030584318
703;8,739;0,432363300514545
704;8,743;0,392247992326357
705;8,747;0,477312800175727
706;8,751;0,373250467941254
707;8,755;0,395979648902002
708;8,759;0,433720266542052
709;8,763;0,409294878046919
710;8,768;0,445169667399146
711;8,772;0,40055940924484
712;8,776;0,380798591469263
713;8,780;0,457891223907027
714;8,784;0,447544357947284
715;8,788;0,442201304213973
716;8,792;0,404715117704081
717;8,796;0,390382164038534
718;8,801;0,394453062121057
719;8,805;0,392587233833234
720;8,809;0,408616395033165
721;8,813;0,409888550683953
722;8,817;0,418539209109313
723;8,821;0,428122781678584
724;8,825;0,412008810101934
725;8,829;0,405223979964397
726;8,833;0,396912563045914
727;8,838;0,364260568009017
728;8,842;0,37367451982485
729;8,846;0,418963260992909
730;8,850;0,441777252330377
731;8,854;0,39733661492951
732;8,858;0,430158230719845
733;8,862;0,415061983663825
734;8,866;0,381816315989894
735;8,871;0,408870826163323
736;8,875;0,390721405545411
737;8,879;0,402425237532663
738;8,883;0,41345058650616
739;8,887;0,429394937329372
740;8,891;0,466372261578949
741;8,895;0,400135357361244
742;8,899;0,409888550683953
743;8,904;0,391315078182446
744;8,908;0,395979648902002
745;8,912;0,365447913283086
746;8,916;0,394707493251214
747;8,920;0,359426376536022
748;8,924;0,361631446330721
749;8,928;0,406665756368623
750;8,932;0,390636595168692
751;8,937;0,430158230719845
752;8,941;0,403188530923136
753;8,945;0,412687293115687
754;8,949;0,355864340713815
755;8,953;0,395810028148564
756;8,957;0,431430386370633
757;8,961;0,413620207259599
758;8,965;0,367398551947628
759;8,970;0,366635258557155
760;8,974;0,428462023185461
761;8,978;0,392672044209953
762;8,982;0,3897884914015
763;8,986;0,35645801335085
764;8,990;0,383173282017401
765;8,994;0,379780866948633
766;8,998;0,375201106605795
767;9,002;0,402764479039539
768;9,007;0,402594858286101
769;9,011;0,382155557496771
770;9,015;0,375031485852357
771;9,019;0,408870826163323
772;9,023;0,408022722396131
773;9,027;0,432787352398141
774;9,031;0,394368251744337
775;9,035;0,397251804552791
776;9,040;0,362394739721194
777;9,044;0,405223979964397
778;9,048;0,356712444481007
779;9,052;0,41675819119821
780;9,056;0,384191006538032
781;9,060;0,448816513598072
782;9,064;0,393944199860741
783;9,068;0,393265716846988
784;9,073;0,397930287566544
785;9,077;0,370027673625923
786;9,081;0,360444101056652
787;9,085;0,332202245609155
788;9,089;0,382918850887244
789;9,093;0,377406176400495
790;9,097;0,390721405545411
791;9,101;0,383088471640682
792;9,106;0,372826416057657
793;9,110;0,370197294379362
794;9,114;0,419132881746347
795;9,118;0,369942863249204
796;9,122;0,40488473845752
797;9,126;0,371554260406869
798;9,130;0,415740466677579
799;9,134;0,400729029998278
800;9,139;0,422186055308239
801;9,143;0,425069608116692
802;9,147;0,346280768144544
803;9,151;0,408277153526288
804;9,155;0,373759330201569
805;9,159;0,401916375272347
806;9,163;0,3381389719795
807;9,167;0,369688432119047
808;9,171;0,413620207259599
809;9,176;0,342803542699056
810;9,180;0,412178430855372
811;9,184;0,421168330787609
812;9,188;0,432193679761106
813;9,192;0,43711268161082
814;9,196;0,425578470377008
815;9,200;0,444151942878515
816;9,204;0,431939248630949
817;9,209;0,440929148563185
818;9,213;0,462810225756742
819;9,217;0,467389986099579
820;9,221;0,53082814788555
821;9,225;0,393265716846988
822;9,229;0,461368449352515
823;9,233;0,425408849623569
824;9,237;0,515138228192496
825;9,242;0,472308987949294
826;9,246;0,494614117026446
827;9,250;0,478754576579954
828;9,254;0,487150803875156
829;9,258;0,466965934215983
830;9,262;0,522516730967067
831;9,266;0,477227989799008
832;9,270;0,476125454901658
833;9,275;0,463573519147215
834;9,279;0,46196212198955
835;9,283;0,48774447651219
836;9,287;0,442625356097569
837;9,291;0,41022779219083
838;9,295;0,367568172701066
839;9,299;0,413959448766476
840;9,303;0,481807750141845
841;9,308;0,388007473490396
842;9,312;0,391569509312603
843;9,316;0,411669568595057
844;9,320;0,443812701371638
845;9,324;0,369264380235451
846;9,328;0,364345378385736
847;9,332;0,377321366023776
848;9,336;0,398015097943264
849;9,340;0,379780866948633
850;9,345;0,389703681024781
851;9,349;0,401153081881874
852;9,353;0,392587233833234
853;9,357;0,351793442631293
854;9,361;0,371978312290465
855;9,365;0,358069410508515
856;9,369;0,351963063384731
857;9,373;0,357984600131795
858;9,378;0,389873301778219
859;9,382;0,314052824991243
860;9,386;0,380968212222702
861;9,390;0,355270668076781
862;9,394;0,366296017050278
863;9,398;0,335679471054643
864;9,402;0,335679471054643
865;9,406;0,353065598282081
866;9,411;0,389703681024781
867;9,415;0,331354141841963
868;9,419;0,31006673728544
869;9,423;0,35213268413817
870;9,427;0,324738932457864
871;9,431;0,381646695236456
872;9,435;0,386989748969766
873;9,439;0,382155557496771
874;9,444;0,360274480303214
875;9,448;0,35204787376145
876;9,452;0,352641546398485
877;9,456;0,362055498214318
878;9,460;0,386735317839608
879;9,464;0,310914841052633
880;9,468;0,317530050436731
881;9,472;0,38334290277084
882;9,477;0,342209870062022
883;9,481;0,295903404373332
884;9,485;0,401407513012032
885;9,489;0,309897116532002
886;9,493;0,376049210372988
887;9,497;0,383512523524278
888;9,501;0,351369390747697
889;9,505;0,384106196161313
890;9,509;0,31659713629282
891;9,514;0,311847755196544
892;9,518;0,314646497628278
893;9,522;0,344754181363598
894;9,526;0,342549111568899
895;9,530;0,296921128893962
896;9,534;0,294800869475982
897;9,538;0,30472368355213
898;9,542;0,321855379649411
899;9,547;0,337121247458869
900;9,551;0,378339090544406
901;9,555;0,326944002252564
902;9,559;0,351369390747697
903;9,563;0,328725020163667
904;9,567;0,323890828690672
905;9,571;0,360104859549776
906;9,575;0,257738734849686
907;9,580;0,315070549511874
908;9,584;0,290899592146898
909;9,588;0,330081986191174
910;9,592;0,368585897221697
911;9,596;0,337375678589027
912;9,600;0,374777054722199
913;9,604;0,25519442354811
914;9,608;0,326604760745687
915;9,613;0,332202245609155
916;9,617;0,334152884273697
917;9,621;0,322788293793322
918;9,625;0,32626551923881
919;9,629;0,296327456256928
920;9,633;0,282842606358573
921;9,637;0,341955438931864
922;9,641;0,285556538413588
923;9,646;0,331863004102278
924;9,650;0,327792106019756
925;9,654;0,321176896635657
926;9,658;0,35213268413817
927;9,662;0,345771905884229
928;9,666;0,334661746534012
929;9,670;0,336951626705431
930;9,674;0,308624960881214
931;9,678;0,344330129480002
932;9,683;0,347128871911736
933;9,687;0,363836516125421
934;9,691;0,289457815742672
935;9,695;0,312865479717174
936;9,699;0,332371866362593
937;9,703;0,366041585920121
938;9,707;0,350690907733943
939;9,711;0,32083765512878
940;9,716;0,30039835433945
941;9,720;0,278178035639016
942;9,724;0,304130010915096
943;9,728;0,319650309854711
944;9,732;0,353065598282081
945;9,736;0,306504701463233
946;9,740;0,293104661941598
947;9,744;0,321685758895972
948;9,749;0,318038912697046
949;9,753;0,301161647729923
950;9,757;0,265371668754415
951;9,761;0,377660607530653
952;9,765;0,312186996703421
953;9,769;0,341192145541391
954;9,773;0,304045200538376
955;9,777;0,283521089372327
956;9,782;0,310575599545756
957;9,786;0,371045398146554
958;9,790;0,336442764445115
959;9,794;0,272156498891952
960;9,798;0,315324980642032
961;9,802;0,297599611907716
962;9,806;0,355609909583657
963;9,810;0,317360429683293
964;9,815;0,320159172115027
965;9,819;0,308370529751056
966;9,823;0,341870628555145
967;9,827;0,323636397560514
968;9,831;0,273343844166021
969;9,835;0,311593324066386
970;9,839;0,288016039338445
971;9,843;0,271478015878199
972;9,847;0,307098374100268
973;9,852;0,301416078860081
974;9,856;0,322279431533007
975;9,860;0,340004800267322
976;9,864;0,318293343827204
977;9,868;0,316936377799697
978;9,872;0,303366717524623
979;9,876;0,308031288244179
980;9,880;0,268255221562869
981;9,885;0,322194621156288
982;9,889;0,274955241323686
983;9,893;0,286319831804061
984;9,897;0,316681946669539
985;9,901;0,310321168415598
986;9,905;0,292002127044248
987;9,909;0,310321168415598
988;9,913;0,299126198688662
989;9,918;0,335170608794327
990;9,922;0,275124862077125
991;9,926;0,30794647786746
992;9,930;0,270375480980849
993;9,934;0,302179372250554
994;9,938;0,326180708862091
995;9,942;0,305911028826199
996;9,946;0,275548913960721
997;9,951;0,31439206649812
998;9,955;0,282418554474977
999;9,959;0,333304780506505
1000;9,963;0,291917316667529
1001;9,967;0,308964202388091
1002;9,971;0,275972965844317
1003;9,975;0,329912365437736
1004;9,979;0,321770569272692
1005;9,984;0,340089610644042
1006;9,988;0,338563023863096
1007;9,992;0,289542626119391
1008;9,996;0,289288194989233
1009;10,000;0,305062925059007
1010;10,004;0,349333941706436
1011;10,008;0,266219772521608
1012;10,012;0,287591987454849
1013;10,016;0,289033763859076
1014;10,021;0,284878055399834
1015;10,025;0,288864143105637
1016;10,029;0,255109613171391
1017;10,033;0,294037576085509
1018;10,037;0,286319831804061
1019;10,041;0,353574460542396
1020;10,045;0,294292007215667
1021;10,049;0,307607236360583
1022;10,054;0,292426178927844
1023;10,058;0,289712246872829
1024;10,062;0,317699671190169
1025;10,066;0,333898453143539
1026;10,070;0,30684394297011
1027;10,074;0,347383303041894
1028;10,078;0,337460488965746
1029;10,082;0,33160857297212
1030;10,087;0,316936377799697
1031;10,091;0,271732447008356
1032;10,095;0,272665361152268
1033;10,099;0,276905879988228
1034;10,103;0,301331268483362
1035;10,107;0,276312207351194
1036;10,111;0,314561687251559
1037;10,115;0,269272946083499
1038;10,120;0,243151350053982
1039;10,124;0,295564162866455
1040;10,128;0,292086937420967
1041;10,132;0,29827809492147
1042;10,136;0,306504701463233
1043;10,140;0,310236358038879
1044;10,144;0,337121247458869
1045;10,148;0,2842843827628
1046;10,153;0,263166598959716
1047;10,157;0,293189472318317
1048;10,161;0,280298295056997
1049;10,165;0,299889492079135
1050;10,169;0,278771708276051
1051;10,173;0,258756459370317
1052;10,177;0,307522425983864
1053;10,181;0,309557875025125
1054;10,185;0,223136101148248
1055;10,190;0,294970490229421
1056;10,194;0,299804681702416
1057;10,198;0,267576738549115
1058;10,202;0,279195760159647
1059;10,206;0,27241093002211
1060;10,210;0,268764083823184
1061;10,214;0,261046339541736
1062;10,218;0,336866816328711
1063;10,223;0,311084461806071
1064;10,227;0,261385581048612
1065;10,231;0,3209224655055
1066;10,235;0,279535001666524
1067;10,239;0,263505840466593
1068;10,243;0,279535001666524
1069;10,247;0,29827809492147
1070;10,251;0,25731468296609
1071;10,256;0,256212148068741
1072;10,260;0,303027476017746
1073;10,264;0,294207196838948
1074;10,268;0,314307256121401
1075;10,272;0,243405781184139
1076;10,276;0,255024802794672
1077;10,280;0,2670678762888
1078;10,284;0,255279233924829
1079;10,289;0,238147537827548
1080;10,293;0,273937516803056
1081;10,297;0,28318184786545
1082;10,301;0,269272946083499
1083;10,305;0,301755320366958
1084;10,309;0,279026139406209
1085;10,313;0,300228733586012
1086;10,317;0,304299631668534
1087;10,322;0,302857855264307
1088;10,326;0,265456479131135
1089;10,330;0,278347656392455
1090;10,334;0,288864143105637
1091;10,338;0,283605899749046
1092;10,342;0,306674322216672
1093;10,346;0,304978114682288
1094;10,350;0,317445240060012
1095;10,354;0,261979253685647
1096;10,359;0,255364044301548
1097;10,363;0,29938062981882
1098;10,367;0,277414742248544
1099;10,371;0,27351346491946
1100;10,375;0,254770371664514
1101;10,379;0,265032427247539
1102;10,383;0,275803345090879
1103;10,387;0,268255221562869
1104;10,392;0,247815920773539
1105;10,396;0,305147735435726
1106;10,400;0,289966678002987
1107;10,404;0,255109613171391
1108;10,408;0,315664222148908
1109;10,412;0,283690710125765
1110;10,416;0,213043666318661
1111;10,420;0,260707098034859
1112;10,425;0,268679273446465
1113;10,429;0,280043863926839
1114;10,433;0,26062228765814
1115;10,437;0,261979253685647
1116;10,441;0,270375480980849
1117;10,445;0,175981531692366
1118;10,449;0,255448854678268
1119;10,453;0,282418554474977
1120;10,458;0,247052627383066
1121;10,462;0,254685561287795
1122;10,466;0,267831169679273
1123;10,470;0,301331268483362
1124;10,474;0,253922267897322
1125;10,478;0,306250270333076
1126;10,482;0,280128674303558
1127;10,486;0,240522228375686
1128;10,491;0,293274282695036
1129;10,495;0,256805820705775
1130;10,499;0,273767896049617
1131;10,503;0,276990690364948
1132;10,507;0,283351468618888
1133;10,511;0,260028615021105
1134;10,515;0,291408454407214
1135;10,519;0,270205860227411
1136;10,523;0,264523564987223
1137;10,528;0,277923604508859
1138;10,532;0,256636199952337
1139;10,536;0,258586838616878
1140;10,540;0,253667836767164
1141;10,544;0,269357756460218
1142;10,548;0,258756459370317
1143;10,552;0,291069212900337
1144;10,556;0,23255005296408
1145;10,561;0,230514603922819
1146;10,565;0,312017375949982
1147;10,569;0,327961726773194
1148;10,573;0,281994502591381
1149;10,577;0,322364241909726
1150;10,581;0,243151350053982
1151;10,585;0,287676797831568
1152;10,589;0,292086937420967
1153;10,594;0,288864143105637
1154;10,598;0,280298295056997
1155;10,602;0,245441230225401
1156;10,606;0,305911028826199
1157;10,610;0,267915980055992
1158;10,614;0,235942468032849
1159;10,618;0,250105800944957
1160;10,622;0,296497077010366
1161;10,627;0,261809632932209
1162;10,631;0,26164001217877
1163;10,635;0,287761608208288
1164;10,639;0,265286858377696
1165;10,643;0,270799532864445
1166;10,647;0,281824881837943
1167;10,651;0,23475512275878
1168;10,655;0,259180511253913
1169;10,660;0,250445042451834
1170;10,664;0,240861469882563
1171;10,668;0,272665361152268
1172;10,672;0,245186799095243
1173;10,676;0,289288194989233
1174;10,680;0,262233684815805
1175;10,684;0,245950092485716
1176;10,688;0,273683085672898
1177;10,692;0,291154023277056
1178;10,697;0,248579214164011
1179;10,701;0,276312207351194
1180;10,705;0,234331070875184
1181;10,709;0,23475512275878
1182;10,713;0,257060251835933
1183;10,717;0,188957519330405
1184;10,721;0,283266658242169
1185;10,725;0,305062925059007
1186;10,730;0,408192343149569
1187;10,734;0,530064854495077
1188;10,738;0,744719917971404
1189;10,742;1,01730046874695
1190;10,746;1,49088161234703
1191;10,750;1,98804004067506
1192;10,754;3,14112192254947
1193;10,758;4,11449061615587
1194;10,763;5,47985287095847
1195;10,767;7,34440900313035
1196;10,771;9,63428917454909
1197;10,775;11,7291054795136
1198;10,779;14,7586169463006
1199;10,783;17,4665274645683
1200;10,787;20,4337033044667
1201;10,791;22,937560056348
1202;10,796;25,5094347303581
1203;10,800;28,3858634671669
1204;10,804;29,982164377776
1205;10,808;32,0643439366093
1206;10,812;32,7714080473174
1207;10,816;33,8794556191539
1208;10,820;33,3667768918863
1209;10,824;32,9927631305546
1210;10,829;32,3009648876559
1211;10,833;31,8386635241595
1212;10,837;30,443363206375
1213;10,841;29,3708511823839
1214;10,845;27,7287526683465
1215;10,849;25,8550370154889
1216;10,853;24,1370332142878
1217;10,857;22,8064432139401
1218;10,861;21,1899574336719
1219;10,866;19,7891444414007
1220;10,870;17,9567314420054
1221;10,874;16,6163034379582
1222;10,878;15,265019705691
1223;10,882;13,9357866713708
1224;10,886;12,5243723820097
1225;10,890;11,783977793251
1226;10,894;10,7576874245718
1227;10,899;9,83588344001065
1228;10,903;8,53862391771358
1229;10,907;7,81018759207227
1230;10,911;7,22813397664831
1231;10,915;6,36883523972925
1232;10,919;5,77439930930429
1233;10,923;5,32456507118559
1234;10,927;4,8606523105315
1235;10,932;4,42973078642118
1236;10,936;4,00491560943465
1237;10,940;3,54727881665778
1238;10,944;3,29021856482184
1239;10,948;3,03358236486951
1240;10,952;3,00305062925059
1241;10,956;2,54329357705574
1242;10,960;2,43405781184139
1243;10,965;2,16987348836105
1244;10,969;2,04952756379649
1245;10,973;1,85285230018463
1246;10,977;1,79026224216585
1247;10,981;1,6598238827717
1248;10,985;1,4492397173779
1249;10,989;1,42057381004681
1250;10,993;1,34288750497201
1251;10,998;1,31261020048325
1252;11,002;1,19404529382979
1253;11,006;1,14061475649669
1254;11,010;0,989228234052893
1255;11,014;0,962343344632903
1256;11,018;0,94860406360439
1257;11,022;1,00652955090361
1258;11,026;0,849884785103227
1259;11,031;0,927231848671149
1260;11,035;0,797217541160596
1261;11,039;0,809939097668478
1262;11,043;0,77092632437764
1263;11,047;0,750741454718468
1264;11,051;0,704519799406497
1265;11,055;0,72461985868895
1266;11,059;0,589856170082122
1267;11,063;0,617249921762428
1268;11,068;0,616401817995235
1269;11,072;0,679331117520891
1270;11,076;0,61699549063227
1271;11,080;0,589856170082122
1272;11,084;0,54380413552359
1273;11,088;0,615129662344447
1274;11,092;0,534220562954319
1275;11,096;0,557288985421944
1276;11,101;0,551945931688634
1277;11,105;0,485454596340771
1278;11,109;0,432532921267983
1279;11,113;0,556356071278033
1280;11,117;0,468322900243491
1281;11,121;0,499278687746003
1282;11,125;0,448562082467914
1283;11,129;0,421337951541047
1284;11,134;0,398269529073421
1285;11,138;0,432024059007668
1286;11,142;0,439572182535678
1287;11,146;0,388007473490396
1288;11,150;0,378678332051283
1289;11,154;0,490034356683609
1290;11,158;0,383003661263963
1291;11,162;0,335679471054643
1292;11,167;0,394368251744337
1293;11,171;0,443812701371638
1294;11,175;0,353235219035519
1295;11,179;0,422525296815116
1296;11,183;0,404715117704081
1297;11,187;0,369688432119047
1298;11,191;0,408446774279727
1299;11,195;0,349249131329716
1300;11,200;0,383427713147559
1301;11,204;0,384784679175066
1302;11,208;0,415910087431017
1303;11,212;0,352641546398485
1304;11,216;0,369688432119047
1305;11,220;0,353998512425992
1306;11,224;0,3531504086588
1307;11,228;0,344160508726564
1308;11,232;0,306504701463233
1309;11,237;0,382749230133805
1310;11,241;0,315240170265312
1311;11,245;0,372147933043904
1312;11,249;0,353320029412239
1313;11,253;0,343736456842968
1314;11,257;0,305995839202918
1315;11,261;0,249342507554484
1316;11,265;0,262827357452839
1317;11,270;0,297345180777559
1318;11,274;0,258671648993598
1319;11,278;0,252565301869814
1320;11,282;0,293443903448475
1321;11,286;0,308455340127775
1322;11,290;0,297769232661155
1323;11,294;0,250360232075115
1324;11,298;0,2820793129681
1325;11,303;0,224153825668878
1326;11,307;0,267152686665519
1327;11,311;0,291323644030494
1328;11,315;0,258077976356563
1329;11,319;0,312102186326701
1330;11,323;0,28860971197548
1331;11,327;0,309388254271687
1332;11,331;0,292171747797687
1333;11,336;0,274446379063371
1334;11,340;0,301161647729923
1335;11,344;0,274191947933214
1336;11,348;0,217368995531341
1337;11,352;0,243575401937578
1338;11,356;0,250275421698396
1339;11,360;0,214739873853046
1340;11,364;0,267491928172396
1341;11,369;0,256890631082494
1342;11,373;0,278347656392455
1343;11,377;0,236366519916445
1344;11,381;0,262233684815805
1345;11,385;0,297260370400839
1346;11,389;0,250445042451834
1347;11,393;0,22288167001809
1348;11,397;0,2670678762888
1349;11,401;0,232465242587361
1350;11,406;0,242642487793667
1351;11,410;0,25307416413013
1352;11,414;0,250614663205272
1353;11,418;0,214570253099607
1354;11,422;0,219574065326041
1355;11,426;0,196336022104977
1356;11,430;0,284962865776553
1357;11,434;0,305571787319322
1358;11,439;0,201763886215006
1359;11,443;0,238147537827548
1360;11,447;0,225934843579982
1361;11,451;0,240267797245529
1362;11,455;0,23687538217676
1363;11,459;0,240776659505844
1364;11,463;0,237638675567233
1365;11,467;0,242133625533351
1366;11,472;0,194470193817154
1367;11,476;0,245865282108997
1368;11,480;0,25841721786344
1369;11,484;0,240691849129125
1370;11,488;0,234076639745026
1371;11,492;0,251717198102622
1372;11,496;0,286828694064376
1373;11,500;0,240352607622248
1374;11,505;0,211856321044592
1375;11,509;0,254431130157637
1376;11,513;0,216690512517588
1377;11,517;0,240182986868809
1378;11,521;0,206598077688001
1379;11,525;0,199049954159991
1380;11,529;0,254176699027479
1381;11,533;0,236281709539726
1382;11,538;0,207191750325036
1383;11,542;0,216690512517588
1384;11,546;0,256636199952337
1385;11,550;0,240946280259282
1386;11,554;0,241709573649755
1387;11,558;0,209905682380051
1388;11,562;0,21423101159273
1389;11,566;0,194046141933558
1390;11,570;0,245780471732277
1391;11,575;0,198795523029834
1392;11,579;0,219828496456198
1393;11,583;0,227122188854051
1394;11,587;0,179628377891292
1395;11,591;0,207530991831913
1396;11,595;0,2476463000201
1397;11,599;0,240861469882563
1398;11,603;0,219065203065725
1399;11,608;0,244847557588366
1400;11,612;0,176829635459558
1401;11,616;0,264269133857066
1402;11,620;0,209481630496455
1403;11,624;0,21745380590806
1404;11,628;0,209227199366297
1405;11,632;0,233228535977834
1406;11,636;0,184801810871164
1407;11,641;0,270121049850691
1408;11,645;0,223051290771528
1409;11,649;0,2282247237514
1410;11,653;0,212280372928189
1411;11,657;0,188279036316651
1412;11,661;0,263336219713154
1413;11,665;0,233313346354553
1414;11,669;0,24332097080742
1415;11,674;0,165549855355903
1416;11,678;0,17335241001407
1417;11,682;0,198371471146238
1418;11,686;0,195318297584346
1419;11,690;0,209481630496455
1420;11,694;0,231956380327046
1421;11,698;0,20346009374939
1422;11,702;0,184632190117725
1423;11,707;0,224577877552474
1424;11,711;0,19701450511873
1425;11,715;0,21753861628478
1426;11,719;0,222966480394809
1427;11,723;0,167076442136848
1428;11,727;0,154100454498809
1429;11,731;0,201000592824533
1430;11,735;0,20566516354409
1431;11,739;0,179458757137853
1432;11,744;0,173691651520947
1433;11,748;0,21745380590806
1434;11,752;0,185649914638356
1435;11,756;0,210160113510208
1436;11,760;0,221270272860425
1437;11,764;0,1937917108034
1438;11,768;0,199304385290149
1439;11,772;0,190484106111351
1440;11,777;0,182766361829903
1441;11,781;0,155711851656474
1442;11,785;0,233398156731272
1443;11,789;0,190992968371666
1444;11,793;0,182766361829903
1445;11,797;0,178610653370661
1446;11,801;0,159867560115715
1447;11,805;0,215587977620238
1448;11,810;0,18302079296006
1449;11,814;0,188024605186494
1450;11,818;0,187685363679617
1451;11,822;0,208972768236139
1452;11,826;0,210075303133489
1453;11,830;0,20888795785942
1454;11,834;0,210075303133489
1455;11,838;0,194046141933558
1456;11,843;0,251377956595745
1457;11,847;0,153506781861774
1458;11,851;0,201848696591725
1459;11,855;0,182851172206622
1460;11,859;0,197523367379046
1461;11,863;0,211941131421312
1462;11,867;0,20999049275677
1463;11,871;0,203968956009706
1464;11,876;0,222542428511213
1465;11,880;0,208124664468947
1466;11,884;0,180730912788642
1467;11,888;0,184462569364287
1468;11,892;0,213722149332415
1469;11,896;0,154778937512563
1470;11,900;0,194555004193873
1471;11,904;0,20676769844144
1472;11,908;0,185395483508198
1473;11,913;0,192604365529331
1474;11,917;0,175727100562208
1475;11,921;0,220591789846671
1476;11,925;0,187515742926179
1477;11,929;0,190144864604474
1478;11,933;0,190229674981193
1479;11,937;0,197608177755765
1480;11,941;0,21431582196945
1481;11,946;0,210075303133489
1482;11,950;0,194300573063716
1483;11,954;0,189042329707124
1484;11,958;0,180561292035203
1485;11,962;0,21533354649008
1486;11,966;0,188787898576967
1487;11,970;0,183444844843656
1488;11,974;0,160546043129469
1489;11,979;0,19268917590605
1490;11,983;0,218980392689006
1491;11,987;0,197862608885922
1492;11,991;0,179034705254257
1493;11,995;0,195233487207627
1494;11,999;0,218217099298533
1495;12,003;0,184038517480691
1496;12,007;0,195063866454188
1497;12,012;0,149520694155971
1498;12,016;0,173606841144228
1499;12,020;0,157408059190858
1500;12,024;0,197862608885922
1501;12,028;0,215163925736642
1502;12,032;0,157747300697735
1503;12,036;0,164192889328395
1504;12,040;0,233058915224396
1505;12,045;0,191077778748385
1506;12,049;0,194385383440435
1507;12,053;0,184801810871164
1508;12,057;0,204053766386425
1509;12,061;0,198286660769518
1510;12,065;0,209396820119735
1511;12,069;0,172928358130474
1512;12,073;0,212025941798031
1513;12,077;0,208633526729262
1514;12,082;0,229072827518593
1515;12,086;0,187939794809775
1516;12,090;0,207191750325036
1517;12,094;0,201255023954691
1518;12,098;0,166143527992937
1519;12,102;0,205919594674248
1520;12,106;0,174200513781262
1521;12,110;0,148418159258622
1522;12,115;0,201933506968445
1523;12,119;0,216605702140868
1524;12,123;0,207361371078474
1525;12,127;0,195572728714504
1526;12,131;0,181154964672238
1527;12,135;0,182935982583341
1528;12,139;0,220167737963075
1529;12,143;0,16792454590404
1530;12,148;0,182851172206622
1531;12,152;0,206004405050967
1532;12,156;0,203884145632986
1533;12,160;0,211686700291154
1534;12,164;0,184462569364287
1535;12,168;0,175387859055331
1536;12,172;0,183105603336779
1537;12,176;0,181833447685991
1538;12,181;0,207700612585351
1539;12,185;0,179373946761134
1540;12,189;0,194130952310277
1541;12,193;0,189720812720878
1542;12,197;0,178610653370661
1543;12,201;0,176829635459558
1544;12,205;0,187939794809775
1545;12,209;0,144347261176099
1546;12,214;0,21211075217475
1547;12,218;0,205325922037213
1548;12,222;0,171741012856405
1549;12,226;0,184292948610848
1550;12,230;0,163259975184484
1551;12,234;0,178441032617223
1552;12,238;0,171316960972809
1553;12,242;0,20676769844144
1554;12,246;0,198965143783272
1555;12,251;0,201170213577972
1556;12,255;0,182511930699745
1557;12,259;0,167585304397164
1558;12,263;0,181494206179114
1559;12,267;0,185565104261637
1560;12,271;0,195063866454188
1561;12,275;0,171486581726247
1562;12,279;0,159443508232119
1563;12,284;0,177084066589715
1564;12,288;0,186922070289144
1565;12,292;0,164277699705114
1566;12,296;0,169535943061705
1567;12,300;0,202103127721883
1568;12,304;0,150368797923163
1569;12,308;0,174624565664858
1570;12,312;0,13569660275074
1571;12,317;0,206089215427686
1572;12,321;0,185565104261637
1573;12,325;0,166482769499814
1574;12,329;0,202187938098602
1575;12,333;0,168857460047952
1576;12,337;0,215079115359923
1577;12,341;0,184632190117725
1578;12,345;0,169875184568582
1579;12,350;0,206004405050967
1580;12,354;0,233482967107992
1581;12,358;0,160291611999311
1582;12,362;0,206428456934563
1583;12,366;0,145280175320011
1584;12,370;0,217793047414937
1585;12,374;0,216860133271026
1586;12,378;0,166313148746375
1587;12,383;0,236196899163006
1588;12,387;0,203375283372671
1589;12,391;0,187939794809775
1590;12,395;0,166397959123095
1591;12,399;0,163005544054326
1592;12,403;0,176744825082839
1593;12,407;0,167754925150602
1594;12,411;0,198032229639361
1595;12,415;0,173182789260632
1596;12,420;0,182342309946307
1597;12,424;0,173522030767508
1598;12,428;0,209481630496455
1599;12,432;0,158086542204612
1600;12,436;0,142651053641715
1601;12,440;0,148333348881902
1602;12,444;0,213467718202257
1603;12,448;0,171147340219371
1604;12,453;0,276142586597755
1605;12,457;0,242388056663509
1606;12,461;0,270460291357568
1607;12,465;0,292510989304563
1608;12,469;0,304384442045253
1609;12,473;0,328894640917106
1610;12,477;0,337290868212308
1611;12,481;0,280298295056997
1612;12,486;0,228988017141873
1613;12,490;0,331354141841963
1614;12,494;0,20676769844144
1615;12,498;0,23577284727941
1616;12,502;0,220506979469952
1617;12,506;0,234415881251903
1618;12,510;0,187261311796021
1619;12,514;0,220167737963075
1620;12,519;0,18844865707009
1621;12,523;0,137223189531686
1622;12,527;0,173522030767508
1623;12,531;0,155457420526316
1624;12,535;0,193622090049962
1625;12,539;0,187770174056336
1626;12,543;0,192943607036208
1627;12,547;0,181154964672238
1628;12,552;0,191417020255262
1629;12,556;0,193028417412927
1630;12,560;0,217368995531341
1631;12,564;0,20023729943406
1632;12,568;0,222966480394809
1633;12,572;0,241115901012721
1634;12,576;0,23577284727941
1635;12,580;0,281994502591381
1636;12,584;0,272750171528987
1637;12,589;0,246289333992593
1638;12,593;0,286065400673903
1639;12,597;0,272241309268672
1640;12,601;0,293528713825194
1641;12,605;0,238401968957706
1642;12,609;0,330506038074771
1643;12,613;0,262403305569243
1644;12,617;0,218980392689006
1645;12,622;0,24120071138944
1646;12,626;0,262403305569243
1647;12,630;0,27029067060413
1648;12,634;0,30472368355213
1649;12,638;0,263166598959716
1650;12,642;0,196251211728257
1651;12,646;0,253498216013726
1652;12,650;0,195657539091223
1653;12,655;0,307437615607145
1654;12,659;0,193706900426681
1655;12,663;0,188194225939932
1656;12,667;0,200491730564218
1657;12,671;0,209820872003331
1658;12,675;0,198541091899676
1659;12,679;0,202357558852041
1660;12,683;0,257229872589371
1661;12,688;0,235348795395814
1662;12,692;0,206174025804405
1663;12,696;0,193452469296523
1664;12,700;0,20023729943406
1665;12,704;0,203799335256267
1666;12,708;0,172843547753755
1667;12,712;0,181663826932553
1668;12,716;0,159697939362277
1669;12,721;0,16580428648606
1670;12,725;0,194385383440435
1671;12,729;0,194979056077469
1672;12,733;0,168687839294513
1673;12,737;0,171656202479686
1674;12,741;0,193113227789647
1675;12,745;0,2110082172774
1676;12,749;0,265202048000977
1677;12,753;0,306419891086514
1678;12,758;0,401492323388751
1679;12,762;0,49427487551957
1680;12,766;0,622677785872457
1681;12,770;1,00127130754702
1682;12,774;1,46815243138629
1683;12,778;1,89839547248285
1684;12,782;2,50843651222414
1685;12,786;3,39283912065209
1686;12,791;4,40386362152182
1687;12,795;5,72062953046431
1688;12,799;7,20947569377008
1689;12,803;8,94274536278063
1690;12,807;10,7924596790266
1691;12,811;12,2150689381147
1692;12,815;14,2506876001293
1693;12,819;15,8714987096101
1694;12,824;17,5909442872154
1695;12,828;18,8673404568396
1696;12,832;20,1446695406076
1697;12,836;20,700007887365
1698;12,840;21,0221176981446
1699;12,844;21,3386300240607
1700;12,848;20,5183440604325
1701;12,852;21,1323711878796
1702;12,857;20,3085231884292
1703;12,861;19,3069126393753
1704;12,865;18,5628712044176
1705;12,869;17,3953715585009
1706;12,873;16,2348263634752
1707;12,877;15,3224363307299
1708;12,881;13,9792095842511
1709;12,885;12,8772683595383
1710;12,890;11,4279438317837
1711;12,894;10,3165038448784
1712;12,898;9,50851538587449
1713;12,902;8,51419852921845
1714;12,906;7,70722779473514
1715;12,910;6,7711756668852
1716;12,914;6,27478053194764
1717;12,918;5,48053135397222
1718;12,922;4,96454502201253
1719;12,927;4,49842719156374
1720;12,931;4,11525390954634
1721;12,935;3,58527386542798
1722;12,939;3,28377297619118
1723;12,943;2,96437709746663
1724;12,947;2,66304582898327
1725;12,951;2,43999453821174
1726;12,955;2,2120242455905
1727;12,960;1,99304385290149
1728;12,964;1,92154870532719
1729;12,968;1,77389383945905
1730;12,972;1,49792087361473
1731;12,976;1,43168396939702
1732;12,980;1,37520025850203
1733;12,984;1,35764451052115
1734;12,988;1,06377655518908
1735;12,993;1,08175635505355
1736;12,997;1,10855643409682
1737;13,001;0,920192587403454
1738;13,005;0,951402806036124
1739;13,009;0,89161149044908
1740;13,013;0,740649019888881
1741;13,017;0,79145043554369
1742;13,021;0,749130057560803
1743;13,026;0,798828938318261
1744;13,030;0,666100698752694
1745;13,034;0,614705610460851
1746;13,038;0,725892014339738
1747;13,042;0,630395530153905
1748;13,046;0,581205511656762
1749;13,050;0,554405432613491
1750;13,054;0,532015493159619
1751;13,059;0,548299085489708
1752;13,063;0,430921524110318
1753;13,067;0,469934297401156
1754;13,071;0,491645753841274
1755;13,075;0,479772301100584
1756;13,079;0,429140506199215
1757;13,083;0,431854438254229
1758;13,087;0,35103014924082
1759;13,091;0,447374737193845
1760;13,096;0,420065795890259
1761;13,100;0,344075698349845
1762;13,104;0,338902265369973
1763;13,108;0,388007473490396
1764;13,112;0,366804879310593
1765;13,116;0,36502386139949
1766;13,120;0,306589511839953
1767;13,124;0,323636397560514
1768;13,129;0,314646497628278
1769;13,133;0,353320029412239
1770;13,137;0,324314880574268
1771;13,141;0,299041388311943
1772;13,145;0,224493067175755
1773;13,149;0,287167935571253
1774;13,153;0,260452666904701
1775;13,157;0,240691849129125
1776;13,162;0,286235021427342
1777;13,166;0,257060251835933
1778;13,170;0,262148874439085
1779;13,174;0,266304582898327
1780;13,178;0,273089413035864
1781;13,182;0,255024802794672
1782;13,186;0,214570253099607
1783;13,190;0,285980590297184
1784;13,195;0,2476463000201
1785;13,199;0,225595602073105
1786;13,203;0,261470391425332
1787;13,207;0,252056439609499
1788;13,211;0,210414544640366
1789;13,215;0,241539952896317
1790;13,219;0,263675461220031
1791;13,223;0,230599414299538
1792;13,228;0,206343646557844
1793;13,232;0,23899564159474
1794;13,236;0,198795523029834
1795;13,240;0,280891967694031
1796;13,244;0,254007078274041
1797;13,248;0,253243784883568
1798;13,252;0,251293146219026
1799;13,256;0,210838596523962
1800;13,260;0,232719673717519
1801;13,265;0,257823545226406
1802;13,269;0,235603226525972
1803;13,273;0,228563965258277
1804;13,277;0,24230324628679
1805;13,281;0,177084066589715
1806;13,285;0,212365183304908
1807;13,289;0,199728437173745
1808;13,293;0,200152489057341
1809;13,298;0,172504306246878
1810;13,302;0,215672787996957
1811;13,306;0,211686700291154
1812;13,310;0,192180313645735
1813;13,314;0,19489424570075
1814;13,318;0,221015841730267
1815;13,322;0,20023729943406
1816;13,326;0,173522030767508
1817;13,331;0,20023729943406
1818;13,335;0,19056891648807
1819;13,339;0,197523367379046
1820;13,343;0,186922070289144
1821;13,347;0,168603028917794
1822;13,351;0,206428456934563
1823;13,355;0,177168876966435
1824;13,359;0,177932170356908
1825;13,364;0,215503167243519
1826;13,368;0,170977719465932
1827;13,372;0,179458757137853
1828;13,376;0,171995443986563
1829;13,380;0,146637141347518
1830;13,384;0,208039854092228
1831;13,388;0,198710712653115
1832;13,392;0,181663826932553
1833;13,397;0,172419495870159
1834;13,401;0,173776461897666
1835;13,405;0,220167737963075
1836;13,409;0,153761212991932
1837;13,413;0,151216901690356
1838;13,417;0,14536498569673
1839;13,421;0,169196701554829
1840;13,425;0,164108078951676
1841;13,429;0,12382315001005
1842;13,434;0,137562431038562
1843;13,438;0,147909296998306
1844;13,442;0,187091691042582
1845;13,446;0,164871372342149
1846;13,450;0,204986680530336
1847;13,454;0,173182789260632
1848;13,458;0,174709376041577
1849;13,462;0,169959994945302
1850;13,467;0,154694127135843
1851;13,471;0,189381571214001
1852;13,475;0,180222050528326
1853;13,479;0,140361173470296
1854;13,483;0,149351073402533
1855;13,487;0,210753786147243
1856;13,491;0,137647241415282
1857;13,495;0,137647241415282
1858;13,500;0,147230813984553
1859;13,504;0,152319436587705
1860;13,508;0,184377758987568
1861;13,512;0,148078917751745
1862;13,516;0,217708237038218
1863;13,520;0,171741012856405
1864;13,524;0,14103965648405
1865;13,528;0,14536498569673
1866;13,533;0,0911711549731533
1867;13,537;0,14969031490941
1868;13,541;0,183953707103972
1869;13,545;0,187685363679617
1870;13,549;0,159867560115715
1871;13,553;0,156220713916789
1872;13,557;0,150199177169725
1873;13,561;0,172334685493439
1874;13,566;0,13891939706607
1875;13,570;0,187176501419302
1876;13,574;0,169281511931548
1877;13,578;0,129844686757114
1878;13,582;0,145958658333764
1879;13,586;0,155287799772878
1880;13,590;0,12170289059207
1881;13,594;0,189381571214001
1882;13,598;0,163514406314641
1883;13,603;0,172419495870159
1884;13,607;0,13781686216872
1885;13,611;0,129844686757114
1886;13,615;0,146128279087203
1887;13,619;0,124671253777242
1888;13,623;0,133237101825883
1889;13,627;0,15613590354007
1890;13,631;0,143923209292503
1891;13,636;0,135611792374021
1892;13,640;0,148672590388779
1893;13,644;0,145025744189853
1894;13,648;0,158340973334769
1895;13,652;0,153421971485055
1896;13,656;0,152997919601459
1897;13,660;0,163599216691361
1898;13,664;0,149351073402533
1899;13,669;0,169196701554829
1900;13,673;0,155542230903035
1901;13,677;0,176320773199242
1902;13,681;0,231277897313292
1903;13,685;0,164616941211991
1904;13,689;0,146891572477676
1905;13,693;0,159952370492434
1906;13,697;0,183614465597095
1907;13,702;0,183190413713499
1908;13,706;0,19921957491343
1909;13,710;0,197523367379046
1910;13,714;0,182087878816149
1911;13,718;0,184717000494445
1912;13,722;0,224832308682632
1913;13,726;0,172165064740001
1914;13,730;0,196929694742011
1915;13,735;0,156305524293508
1916;13,739;0,195572728714504
1917;13,743;0,196081590974819
1918;13,747;0,149435883779252
1919;13,751;0,175387859055331
1920;13,755;0,187854984433055
1921;13,759;0,161987819533696
1922;13,763;0,169875184568582
1923;13,767;0,134678878230109
1924;13,772;0,152065005457548
1925;13,776;0,146721951724237
1926;13,780;0,143668778162346
1927;13,784;0,143583967785627
1928;13,788;0,126113030181469
1929;13,792;0,179034705254257
1930;13,796;0,143923209292503
1931;13,800;0,160970095013065
1932;13,805;0,163090354431045
1933;13,809;0,156305524293508
1934;13,813;0,155457420526316
1935;13,817;0,161903009156976
1936;13,821;0,145873847957045
1937;13,825;0,151556143197232
1938;13,829;0,144432071552819
1939;13,833;0,145534606450168
1940;13,838;0,146128279087203
1941;13,842;0,151386522443794
1942;13,846;0,144516881929538
1943;13,850;0,146382710217361
1944;13,854;0,136035844257617
1945;13,858;0,178101791110346
1946;13,862;0,155287799772878
1947;13,866;0,130862411277745
1948;13,871;0,161818198780257
1949;13,875;0,121363649085193
1950;13,879;0,134000395216356
1951;13,883;0,145789037580326
1952;13,887;0,130777600901025
1953;13,891;0,133237101825883
1954;13,895;0,15079284980676
1955;13,899;0,152149815834267
1956;13,904;0,0935458455212912
1957;13,908;0,125604167921154
1958;13,912;0,16690682138341
1959;13,916;0,123229477373016
1960;13,920;0,113476284050306
1961;13,924;0,163938458198237
1962;13,928;0,10660664353605
1963;13,932;0,137986482922159
1964;13,936;0,130099117887272
1965;13,941;0,0953268634323947
1966;13,945;0,146043468710484
1967;13,949;0,169196701554829
1968;13,953;0,160630853506188
1969;13,957;0,124332012270365
1970;13,961;0,159104266725242
1971;13,965;0,166822011006691
1972;13,969;0,187600553302898
1973;13,974;0,118819337783617
1974;13,978;0,128318099976168
1975;13,982;0,201085403201252
1976;13,986;0,157068817683981
1977;13,990;0,133915584839636
1978;13,994;0,143838398915784
1979;13,998;0,119073768913774
1980;14,002;0,144856123436415
1981;14,007;0,155881472409912
1982;14,011;0,14536498569673
1983;14,015;0,135442171620582
1984;14,019;0,130947221654464
1985;14,023;0,126706702818503
1986;14,027;0,151301712067075
1987;14,031;0,16690682138341
1988;14,035;0,137392810285124
1989;14,040;0,157747300697735
1990;14,044;0,119582631174089
1991;14,048;0,144856123436415
1992;14,052;0,138325724429035
1993;14,056;0,108642092577311
1994;14,060;0,163514406314641
1995;14,064;0,140106742340139
1996;14,068;0,156644765800385
1997;14,073;0,147146003607833
1998;14,077;0,118734527406897
1999;14,081;0,146637141347518
2000;14,085;0,115087681207971
2001;14,089;0,134848498983548
2002;14,093;0,113306663296868
2003;14,097;0,0985496577477248
2004;14,101;0,136120654634336
2005;14,105;0,117547182132828
2006;14,110;0,166058717616218
2007;14,114;0,153591592238494
2008;14,118;0,130862411277745
2009;14,122;0,117547182132828
2010;14,126;0,160037180869154
2011;14,130;0,169111891178109
2012;14,134;0,159782749738996
2013;14,138;0,125604167921154
2014;14,143;0,10872690295403
2015;14,147;0,143329536655469
2016;14,151;0,12594340942803
2017;14,155;0,147061193231114
2018;14,159;0,132897860319006
2019;14,163;0,120515545318001
2020;14,167;0,122975046242858
2021;14,171;0,152404246964425
2022;14,176;0,139089017819508
2023;14,180;0,166822011006691
2024;14,184;0,110677541618572
2025;14,188;0,111525645385764
2026;14,192;0,123229477373016
2027;14,196;0,160630853506188
2028;14,200;0,132049756551814
2029;14,204;0,146213089463922
2030;14,209;0,108642092577311
2031;14,213;0,155966282786632
2032;14,217;0,128996582989922
2033;14,221;0,145449796073449
2034;14,225;0,129505445250237
2035;14,229;0,138240914052316
2036;14,233;0,160291611999311
2037;14,237;0,116444647235479
2038;14,242;0,127978858469291
2039;14,246;0,144601692306257
2040;14,250;0,103807901104316
2041;14,254;0,103723090727597
2042;14,258;0,14002193196342
2043;14,262;0,145110554566572
2044;14,266;0,155372610149597
2045;14,270;0,169790374191863
2046;14,274;0,139173828196227
2047;14,279;0,134933309360267
2048;14,283;0,148842211142218
2049;14,287;0,140361173470296
2050;14,291;0,146976382854395
2051;14,295;0,1571536280607
2052;14,299;0,132134566928533
2053;14,303;0,130014307510553
2054;14,307;0,145280175320011
2055;14,312;0,147400434737991
2056;14,316;0,118649717030178
2057;14,320;0,125180116037557
2058;14,324;0,133067481072444
2059;14,328;0,152828298848021
2060;14,332;0,12594340942803
2061;14,336;0,154694127135843
2062;14,340;0,152658678094582
2063;14,345;0,167585304397164
2064;14,349;0,134424447099952
2065;14,353;0,147061193231114
2066;14,357;0,155711851656474
2067;14,361;0,1421421913814
2068;14,365;0,188109415563213
2069;14,369;0,168518218541075
2070;14,373;0,158086542204612
2071;14,378;0,15079284980676
2072;14,382;0,121787700968789
2073;14,386;0,145958658333764
2074;14,390;0,153506781861774
2075;14,394;0,127385185832257
2076;14,398;0,156390334670228
2077;14,402;0,0992281407614785
2078;14,406;0,130947221654464
2079;14,411;0,156220713916789
2080;14,415;0,117292751002671
2081;14,419;0,167585304397164
2082;14,423;0,117123130249232
2083;14,427;0,152149815834267
2084;14,431;0,143583967785627
2085;14,435;0,153591592238494
2086;14,439;0,150453608299883
2087;14,443;0,17012961569874
2088;14,448;0,13671432727137
2089;14,452;0,160630853506188
2090;14,456;0,133067481072444
2091;14,460;0,114324387817498
2092;14,464;0,127809237715853
2093;14,468;0,144516881929538
2094;14,472;0,16478656196543
2095;14,476;0,168603028917794
2096;14,481;0,147909296998306
2097;14,485;0,113645904803745
2098;14,489;0,133830774462917
2099;14,493;0,115935784975163
2100;14,497;0,0882027917879808
2101;14,501;0,116105405728602
2102;14,505;0,144177640422661
2103;14,509;0,122296563229104
2104;14,514;0,133661153709479
2105;14,518;0,145534606450168
2106;14,522;0,152658678094582
2107;14,526;0,119073768913774
2108;14,530;0,115766164221725
2109;14,534;0,1249256849074
2110;14,538;0,102450935076809
2111;14,542;0,122550994359262
2112;14,547;0,10872690295403
2113;14,551;0,14002193196342
2114;14,555;0,149775125286129
2115;14,559;0,154863747889282
2116;14,563;0,11737756137939
2117;14,567;0,14646752059408
2118;14,571;0,124416822647085
2119;14,575;0,123568718879892
2120;14,580;0,122042132098947
2121;14,584;0,131880135798375
2122;14,588;0,134085205593075
2123;14,592;0,106521833159331
2124;14,596;0,118310475523301
2125;14,600;0,111525645385764
2126;14,604;0,119921872680966
2127;14,608;0,119328200043932
2128;14,612;0,144432071552819
2129;14,617;0,128657341483045
2130;14,621;0,10660664353605
2131;14,625;0,0925281210006607
2132;14,629;0,124756064153961
2133;14,633;0,119582631174089
2134;14,637;0,114833250077814
2135;14,641;0,136629516894651
2136;14,645;0,153421971485055
2137;14,650;0,124501633023804
2138;14,654;0,144516881929538
2139;14,658;0,112797801036552
2140;14,662;0,134933309360267
2141;14,666;0,108133230316996
2142;14,670;0,1077091784334
2143;14,674;0,146976382854395
2144;14,678;0,144092830045942
2145;14,683;0,117971234016424
2146;14,687;0,110423110488414
2147;14,691;0,129335824496799
2148;14,695;0,123314287749735
2149;14,699;0,11848009627674
2150;14,703;0,134339636723232
2151;14,707;0,142735864018434
2152;14,711;0,122296563229104
2153;14,716;0,124501633023804
2154;14,720;0,132049756551814
2155;14,724;0,134254826346513
2156;14,728;0,0996521926450745
2157;14,732;0,133406722579321
2158;14,736;0,132049756551814
2159;14,740;0,139004207442789
2160;14,744;0,145873847957045
2161;14,749;0,133745964086198
2162;14,753;0,120685166071439
2163;14,757;0,146637141347518
2164;14,761;0,103468659597439
2165;14,765;0,11627502648204
2166;14,769;0,125264926414277
2167;14,773;0,136544706517932
2168;14,777;0,11627502648204
2169;14,781;0,135357361243863
2170;14,786;0,105334487885262
2171;14,790;0,130099117887272
2172;14,794;0,112797801036552
2173;14,798;0,143583967785627
2174;14,802;0,10117877942602
2175;14,806;0,128402910352888
2176;14,810;0,123568718879892
2177;14,814;0,117207940625951
2178;14,819;0,11415476706406
2179;14,823;0,118819337783617
2180;14,827;0,148248538505183
2181;14,831;0,144092830045942
2182;14,835;0,176320773199242
2183;14,839;0,130353549017429
2184;14,843;0,0998218133985129
2185;14,847;0,107369936926523
2186;14,852;0,14103965648405
2187;14,856;0,136375085764493
2188;14,860;0,129590255626956
2189;14,864;0,109659817097942
2190;14,868;0,126282650934907
2191;14,872;0,15070803943004
2192;14,876;0,111525645385764
2193;14,880;0,11949782079737
2194;14,885;0,109150954837626
2195;14,889;0,130862411277745
2196;14,893;0,0972775020969366
2197;14,897;0,0947331907953602
2198;14,901;0,103214228467281
2199;14,905;0,100500296412267
2200;14,909;0,100924348295863
2201;14,913;0,1593586978554
2202;14,918;0,134085205593075
2203;14,922;0,132813049942287
2204;14,926;0,0795521333626212
2205;14,930;0,111271214255607
2206;14,934;0,117038319872513
2207;14,938;0,111356024632326
2208;14,942;0,123399098126454
2209;14,946;0,137477620661843
2210;14,950;0,13671432727137
2211;14,955;0,108981334084188
2212;14,959;0,122296563229104
2213;14,963;0,220167737963075
2214;14,967;0,192095503269016
2215;14,971;0,287252745947972
2216;14,975;0,402425237532663
2217;14,979;0,467220365346141
2218;14,983;0,744889538724842
2219;14,988;1,18624273917162
2220;14,992;1,6668631440394
2221;14,996;2,39835264324261
2222;15,000;3,35857572845753
2223;15,004;4,85904091337383
2224;15,008;6,75200852174665
2225;15,012;8,97853534175614
2226;15,016;11,6821205308112
2227;15,021;14,8722628511044
2228;15,025;18,0343329367035
2229;15,029;22,195130018548
2230;15,033;26,2357507965815
2231;15,037;30,3100412941724
2232;15,041;34,9098168859156
2233;15,045;38,6756520433788
2234;15,049;42,0978355543757
2235;15,054;45,4849923797877
2236;15,058;47,8990349427233
2237;15,062;49,7858113935956
2238;15,066;50,5672542046865
2239;15,070;51,2738094531342
2240;15,074;50,9388084650933
2241;15,078;48,8154958735511
2242;15,082;47,8653652231658
2243;15,087;45,4243529604334
2244;15,091;42,110133059
2245;15,095;39,4122301651852
2246;15,099;35,9281350791832
2247;15,103;32,831029742151
2248;15,107;29,2207368155909
2249;15,111;26,2209089806556
2250;15,115;23,5877164042775
2251;15,119;21,0100746246505
2252;15,124;18,8865076019781
2253;15,128;16,4544004288013
2254;15,132;14,4858667747716
2255;15,136;12,8089960062794
2256;15,140;11,5727999552201
2257;15,144;10,0356966875611
2258;15,148;9,12423956895974
2259;15,152;8,03629205640569
2260;15,157;7,2492517604514
2261;15,161;6,3527212681526
2262;15,165;5,88626419619693
2263;15,169;5,23831291806215
2264;15,173;4,77550269230541
2265;15,177;4,32414186740576
2266;15,181;3,89449249894623
2267;15,185;3,73487936996067
2268;15,190;3,42074173459271
2269;15,194;3,1677523808393
2270;15,198;2,91043769787321
2271;15,202;2,56746453442072
2272;15,206;2,46950854931003
2273;15,210;2,41446661481926
2274;15,214;2,058432653352
2275;15,218;2,14044428763948
2276;15,223;1,94122471272605
2277;15,227;1,8386041568958
2278;15,231;1,69281511931548
2279;15,235;1,71825823233124
2280;15,239;1,57408059190858
2281;15,243;1,53167540354898
2282;15,247;1,42506876001293
2283;15,251;1,25044419434807
2284;15,256;1,31430640801763
2285;15,260;1,21999726910587
2286;15,264;1,16385279971775
2287;15,268;1,09464753231487
2288;15,272;1,03528026861143
2289;15,276;0,931472367507109
2290;15,280;0,952759772063632
2291;15,284;0,959544602201169
2292;15,288;0,859977219932813
2293;15,293;0,893307697983464
2294;15,297;0,759222492390389
2295;15,301;0,737086984066675
2296;15,305;0,795775764756369
2297;15,309;0,727333790743965
2298;15,313;0,640827206490369
2299;15,317;0,713000837078418
2300;15,321;0,699515987180063
2301;15,326;0,621151199091511
2302;15,330;0,611313195392083
2303;15,334;0,640572775360211
2304;15,338;0,649138623408851
2305;15,342;0,570434593813422
2306;15,346;0,532354734666496
2307;15,350;0,523025593227383
2308;15,354;0,463827950277372
2309;15,359;0,406411325238466
2310;15,363;0,43397469767221
2311;15,367;0,461453259729234
2312;15,371;0,49961792925288
2313;15,375;0,418539209109313
2314;15,379;0,366804879310593
2315;15,383;0,41234805160881
2316;15,387;0,426341763767481
2317;15,392;0,354761805816465
2318;15,396;0,378339090544406
2319;15,400;0,38436062729147
2320;15,404;0,360444101056652
2321;15,408;0,342633921945618
2322;15,412;0,363242843488387
2323;15,416;0,352217494514889
2324;15,420;0,390466974415254
2325;15,425;0,28318184786545
2326;15,429;0,303705959031499
2327;15,433;0,270714722487726
2328;15,437;0,305317356189164
2329;15,441;0,313204721224051
2330;15,445;0,290051488379706
2331;15,449;0,318208533450485
2332;15,453;0,360952963316968
2333;15,457;0,315155359888593
2334;15,462;0,272665361152268
2335;15,466;0,241709573649755
2336;15,470;0,239250072724898
2337;15,474;0,246204523615873
2338;15,478;0,245610850978839
2339;15,482;0,325926277731933
2340;15,486;0,202866421112356
2341;15,490;0,230090552039223
2342;15,495;0,219828496456198
2343;15,499;0,225595602073105
2344;15,503;0,221694324744021
2345;15,507;0,2304297935461
2346;15,511;0,221270272860425
2347;15,515;0,198032229639361
2348;15,519;0,205495542790652
2349;15,523;0,246374144369312
2350;15,528;0,245610850978839
2351;15,532;0,220167737963075
2352;15,536;0,190823347618228
2353;15,540;0,161054905389784
2354;15,544;0,193452469296523
2355;15,548;0,228733586011716
2356;15,552;0,23899564159474
2357;15,556;0,146806762100957
2358;15,561;0,185480293884917
2359;15,565;0,221948755874179
2360;15,569;0,222542428511213
2361;15,573;0,201255023954691
2362;15,577;0,200576540940937
2363;15,581;0,208972768236139
2364;15,585;0,201933506968445
2365;15,589;0,174539755288139
2366;15,594;0,207361371078474
2367;15,598;0,190399295734632
2368;15,602;0,204732249400179
2369;15,606;0,220506979469952
2370;15,610;0,253667836767164
2371;15,614;0,210923406900681
2372;15,618;0,182766361829903
2373;15,622;0,139004207442789
2374;15,626;0,185819535391794
2375;15,631;0,171656202479686
2376;15,635;0,134254826346513
2377;15,639;0,170892909089213
2378;15,643;0,168348597787637
2379;15,647;0,217793047414937
2380;15,651;0,208633526729262
2381;15,655;0,214909494606484
2382;15,659;0,140191552716858
2383;15,664;0,166567579876533
2384;15,668;0,208803147482701
2385;15,672;0,237808296320671
2386;15,676;0,265202048000977
2387;15,680;0,223644963408563
2388;15,684;0,277584363001982
2389;15,688;0,314900928758435
2390;15,692;0,307607236360583
2391;15,697;0,337545299342465
2392;15,701;0,315664222148908
2393;15,705;0,366211206673559
2394;15,709;0,388007473490396
2395;15,713;0,375964399996268
2396;15,717;0,400644219621559
2397;15,721;0,35637320297413
2398;15,725;0,391145457429007
2399;15,730;0,367992224584662
2400;15,734;0,351963063384731
2401;15,738;0,345856716260948
2402;15,742;0,333474401259943
2403;15,746;0,411245516711461
2404;15,750;0,309981926908721
2405;15,754;0,26918813570678
2406;15,758;0,271986878138514
2407;15,763;0,300313543962731
2408;15,767;0,254770371664514
2409;15,771;0,252395681116376
2410;15,775;0,222372807757775
2411;15,779;0,213552528578977
2412;15,783;0,199982868303903
2413;15,787;0,231023466183134
2414;15,791;0,218810771935568
2415;15,795;0,157747300697735
2416;15,800;0,172419495870159
2417;15,804;0,131880135798375
2418;15,808;0,189890433474316
2419;15,812;0,151556143197232
2420;15,816;0,154270075252247
2421;15,820;0,154778937512563
2422;15,824;0,128826962236484
2423;15,828;0,168263787410917
2424;15,833;0,133321912202602
2425;15,837;0,180137240151607
2426;15,841;0,153846023368651
2427;15,845;0,118904148160336
2428;15,849;0,149775125286129
2429;15,853;0,183529655220376
2430;15,857;0,127130754702099
2431;15,861;0,158001731827893
2432;15,866;0,15503336864272
2433;15,870;0,125773788674592
2434;15,874;0,135611792374021
2435;15,878;0,187176501419302
2436;15,882;0,121024407578316
2437;15,886;0,181239775048957
2438;15,890;0,154185264875528
2439;15,894;0,113900335933902
2440;15,899;0,12382315001005
2441;15,903;0,159443508232119
2442;15,907;0,121448459461912
2443;15,911;0,145280175320011
2444;15,915;0,166058717616218
2445;15,919;0,141548518744365
2446;15,923;0,146891572477676
2447;15,927;0,14969031490941
2448;15,932;0,089474947438769
2449;15,936;0,135102930113705
2450;15,940;0,0839622729520202
2451;15,944;0,152234626210986
2452;15,948;0,159273887478681
2453;15,952;0,109150954837626
2454;15,956;0,117292751002671
2455;15,960;0,126621892441784
2456;15,965;0,137732051792001
2457;15,969;0,152404246964425
2458;15,973;0,11203450764608
2459;15,977;0,124247201893646
2460;15,981;0,0947331907953602
2461;15,985;0,127978858469291
2462;15,989;0,128742151859764
2463;15,993;0,139089017819508
2464;15,997;0,127215565078819
2465;16,002;0,10982943785138
2466;16,006;0,116953509495794
2467;16,010;0,152489057341144
2468;16,014;0,122466183982543
2469;16,018;0,152489057341144
2470;16,022;0,136629516894651
2471;16,026;0,1077091784334
2472;16,030;0,0851496182260892
2473;16,035;0,125349736790996
2474;16,039;0,142481432888277
2475;16,043;0,158086542204612
2476;16,047;0,0923585002472223
2477;16,051;0,119582631174089
2478;16,055;0,106521833159331
2479;16,059;0,111695266139203
2480;16,063;0,107539557679961
2481;16,068;0,105758539768858
2482;16,072;0,125180116037557
2483;16,076;0,119413010420651
2484;16,080;0,0861673427467197
2485;16,084;0,147739676244868
2486;16,088;0,158849835595085
2487;16,092;0,11203450764608
2488;16,096;0,110083868981538
2489;16,101;0,0797217541160596
2490;16,105;0,0806546682599709
2491;16,109;0,0699685607933502
2492;16,113;0,075481235280099
2493;16,117;0,109999058604818
2494;16,121;0,116699078365636
2495;16,125;0,112712990659833
2496;16,129;0,103468659597439
2497;16,134;0,108048419940277
2498;16,138;0,104910436001666
2499;16,142;0,113900335933902
2500;16,146;0,107963609563557
2501;16,150;0,108642092577311
2502;16,154;0,132219377305252
2503;16,158;0,0938850870281681
2504;16,162;0,113391473673587
2505;16,166;0,10448638411807
2506;16,171;0,0977015539805326
2507;16,175;0,0790432711023059
2508;16,179;0,122042132098947
2509;16,183;0,118564906653459
2510;16,187;0,101348400179459
2511;16,191;0,0882876021647001
2512;16,195;0,115342112338129
2513;16,199;0,0882027917879808
2514;16,204;0,0621660061351827
2515;16,208;0,112288938776237
2516;16,212;0,09905852000804
2517;16,216;0,0865913946303158
2518;16,220;0,120006683057685
2519;16,224;0,124501633023804
2520;16,228;0,136883948024809
2521;16,232;0,106776264289488
2522;16,237;0,126367461311626
2523;16,241;0,130607980147587
2524;16,245;0,135018119736986
2525;16,249;0,1077091784334
2526;16,253;0,0859129116165621
2527;16,257;0,124671253777242
2528;16,261;0,103723090727597
2529;16,265;0,114918060454533
2530;16,270;0,0719191994578921
2531;16,274;0,0859977219932813
2532;16,278;0,114663629324375
2533;16,282;0,0988888992546016
2534;16,286;0,0853192389795276
2535;16,290;0,129420634873518
2536;16,294;0,114918060454533
2537;16,298;0,0807394786366902
2538;16,303;0,128318099976168
2539;16,307;0,079891374869498
2540;16,311;0,0897293785689267
2541;16,315;0,0843015144588971
2542;16,319;0,109914248228099
2543;16,323;0,0820964446641976
2544;16,327;0,110762351995291
2545;16,331;0,0844711352123355
2546;16,335;0,115766164221725
2547;16,340;0,118649717030178
2548;16,344;0,101009158672582
2549;16,348;0,0999914341519514
2550;16,352;0,0701381815467886
2551;16,356;0,102620555830247
2552;16,360;0,116953509495794
2553;16,364;0,0949028115487986
2554;16,368;0,13679913764809
2555;16,373;0,146637141347518
2556;16,377;0,0940547077816065
2557;16,381;0,0755660456568182
2558;16,385;0,134509257476671
2559;16,389;0,0691204570261581
2560;16,393;0,105843350145577
2561;16,397;0,0989737096313208
2562;16,401;0,0653039900737935
2563;16,406;0,133745964086198
2564;16,410;0,0740394588758724
2565;16,414;0,120176303811124
2566;16,418;0,0849799974726508
2567;16,422;0,116020595351882
2568;16,426;0,12704594432538
2569;16,430;0,133406722579321
2570;16,434;0,0764989598007295
2571;16,439;0,096259777576306
2572;16,443;0,0954116738091139
2573;16,447;0,101433210556178
2574;16,451;0,0936306558980104
2575;16,455;0,0581799184293797
2576;16,459;0,106776264289488
2577;16,463;0,115342112338129
2578;16,467;0,0924433106239415
2579;16,472;0,0828597380546705
2580;16,476;0,117292751002671
2581;16,480;0,100585106788986
2582;16,484;0,113985146310621
2583;16,488;0,113391473673587
2584;16,492;0,0995673822683553
2585;16,496;0,0816723927806015
2586;16,500;0,0515647090452811
2587;16,504;0,100585106788986
2588;16,509;0,0785344088419906
2589;16,513;0,102959797337124
2590;16,517;0,0852344286028084
2591;16,521;0,101687641686336
2592;16,525;0,114239577440779
2593;16,529;0,0857432908631237
2594;16,533;0,103044607713843
2595;16,537;0,104571194494789
2596;16,542;0,0932914143911336
2597;16,546;0,0883724125414193
2598;16,550;0,0422355676061677
2599;16,554;0,106352212405892
2600;16,558;0,103468659597439
2601;16,562;0,113306663296868
2602;16,566;0,107030695419646
2603;16,570;0,0939698974048873
2604;16,575;0,0874394983975079
2605;16,579;0,115596543468286
2606;16,583;0,0942243285350449
2607;16,587;0,11203450764608
2608;16,591;0,129590255626956
2609;16,595;0,0951572426789563
2610;16,599;0,0859129116165621
2611;16,603;0,110507920865134
2612;16,608;0,101009158672582
2613;16,612;0,0938850870281681
2614;16,616;0,0941395181583257
2615;16,620;0,106521833159331
2616;16,624;0,0965142087064637
2617;16,628;0,118564906653459
2618;16,632;0,0849799974726508
2619;16,636;0,079467322985902
2620;16,641;0,108896523707469
2621;16,645;0,0804850475065325
2622;16,649;0,0758204767869758
2623;16,653;0,0840470833287394
2624;16,657;0,103892711481035
2625;16,661;0,0547875033606112
2626;16,665;0,119413010420651
2627;16,669;0,0865065842535966
2628;16,673;0,117038319872513
2629;16,678;0,0715799579510152
2630;16,682;0,0927825521308183
2631;16,686;0,0846407559657739
2632;16,690;0,075481235280099
2633;16,694;0,120854786824878
2634;16,698;0,0833686003149857
2635;16,702;0,0749723730197837
2636;16,706;0,103129418090562
2637;16,711;0,0869306361371927
2638;16,715;0,106521833159331
2639;16,719;0,0975319332270942
2640;16,723;0,0622508165119019
2641;16,727;0,0949876219255178
2642;16,731;0,0893053266853306
2643;16,735;0,0743787003827492
2644;16,739;0,0735305966155571
2645;16,744;0,103129418090562
2646;16,748;0,100754727542424
2647;16,752;0,0651343693203551
2648;16,756;0,0767533909308872
2649;16,760;0,0856584804864045
2650;16,764;0,0907471030895572
2651;16,768;0,102026883193212
2652;16,772;0,10982943785138
2653;16,777;0,0920192587403454
2654;16,781;0,0967686398366213
2655;16,785;0,0674242494917738
2656;16,789;0,082266065417636
2657;16,793;0,122550994359262
2658;16,797;0,0708166645605423
2659;16,801;0,120091493434405
2660;16,805;0,118225665146582
2661;16,810;0,105673729392139
2662;16,814;0,102196503946651
2663;16,818;0,0897293785689267
2664;16,822;0,0914255861033109
2665;16,826;0,117886423639705
2666;16,830;0,0684419740124044
2667;16,834;0,0757356664102566
2668;16,838;0,0987192785011632
2669;16,842;0,114918060454533
2670;16,847;0,0865913946303158
2671;16,851;0,0919344483636262
2672;16,855;0,136205465011055
2673;16,859;0,10126358980274
2674;16,863;0,0695445089097541
2675;16,867;0,0848103767192123
2676;16,871;0,0872698776440695
2677;16,875;0,111440835009045
2678;16,880;0,0567381420251531
2679;16,884;0,0756508560335374
2680;16,888;0,0744635107594684
2681;16,892;0,0582647288060989
2682;16,896;0,078279977711833
2683;16,900;0,0887964644250153
2684;16,904;0,113815525557183
2685;16,908;0,130183928263991
2686;16,913;0,0774318739446409
2687;16,917;0,106691453912769
2688;16,921;0,102790176583685
2689;16,925;0,116105405728602
2690;16,929;0,10228131432337
2691;16,933;0,10982943785138
2692;16,937;0,116614267988917
2693;16,941;0,0927825521308183
2694;16,946;0,078279977711833
2695;16,950;0,122296563229104
2696;16,954;0,0847255663424931
2697;16,958;0,0751419937732221
2698;16,962;0,0871002568906311
2699;16,966;0,102366124700089
2700;16,970;0,105928160522296
2701;16,974;0,0996521926450745
2702;16,979;0,0940547077816065
2703;16,983;0,0883724125414193
2704;16,987;0,0917648276101878
2705;16,991;0,0865065842535966
2706;16,995;0,0764141494240103
2707;16,999;0,0872698776440695
2708;17,003;0,0727673032250842
2709;17,007;0,0843863248356163
2710;17,011;0,0915952068567493
2711;17,016;0,103129418090562
2712;17,020;0,0950724323022371
2713;17,024;0,0940547077816065
2714;17,028;0,081078720143567
2715;17,032;0,073106544731961
2716;17,036;0,08506480784937
2717;17,040;0,0824356861710744
2718;17,044;0,0813331512737246
2719;17,049;0,0907471030895572
2720;17,053;0,108472471823873
2721;17,057;0,0620811957584634
2722;17,061;0,0893053266853306
2723;17,065;0,109490196344503
2724;17,069;0,113900335933902
2725;17,073;0,098634468124444
2726;17,077;0,08506480784937
2727;17,082;0,106945885042927
2728;17,086;0,0876939295276656
2729;17,090;0,110507920865134
2730;17,094;0,0565685212717146
2731;17,098;0,087863550281104
2732;17,102;0,0836230314451434
2733;17,106;0,0724280617182073
2734;17,110;0,10982943785138
2735;17,115;0,0993977615149169
2736;17,119;0,0871850672673503
2737;17,123;0,0731913551086803
2738;17,127;0,0855736701096853
2739;17,131;0,0692052674028773
2740;17,135;0,0791280814790251
2741;17,139;0,0562292797648378
2742;17,143;0,087863550281104
2743;17,148;0,0829445484313897
2744;17,152;0,0790432711023059
2745;17,156;0,0824356861710744
2746;17,160;0,102196503946651
2747;17,164;0,0649647485669167
2748;17,168;0,0774318739446409
2749;17,172;0,0646255070600398
2750;17,176;0,0864217738768774
2751;17,180;0,0865065842535966
2752;17,185;0,0831989795615473
2753;17,189;0,086252153123439
2754;17,193;0,0573318146621875
2755;17,197;0,0811635305202862
2756;17,201;0,0706470438071039
2757;17,205;0,107454747303242
2758;17,209;0,085488859732966
2759;17,213;0,0825204965477936
2760;17,218;0,101093969049301
2761;17,222;0,114918060454533
2762;17,226;0,0982952266175671
2763;17,230;0,0744635107594684
2764;17,234;0,0882876021647001
2765;17,238;0,0490203977437047
2766;17,242;0,0731913551086803
2767;17,246;0,0394368251744337
2768;17,251;0,097447122850375
2769;17,255;0,0647951278134782
2770;17,259;0,0926129313773799
2771;17,263;0,106267402029173
2772;17,267;0,0966838294599021
2773;17,271;0,0656432315806704
2774;17,275;0,0475786213394781
2775;17,279;0,0805698578832517
2776;17,284;0,0935458455212912
2777;17,288;0,0812483408970054
2778;17,292;0,0787888399721483
2779;17,296;0,0725128720949266
2780;17,300;0,132982670695725
2781;17,304;0,115426922714848
2782;17,308;0,207191750325036
2783;17,312;0,20566516354409
2784;17,317;0,338732644616534
2785;17,321;0,485963458601087
2786;17,325;0,633024651832201
2787;17,329;1,07242721361444
2788;17,333;1,54702608173515
2789;17,337;2,23475342655125
2790;17,341;2,94733021174607
2791;17,345;4,10957161430615
2792;17,349;5,38808804334828
2793;17,354;6,83885434750713
2794;17,358;8,63378116039254
2795;17,362;10,8195141892001
2796;17,366;13,1469653575054
2797;17,370;15,5821257042442
2798;17,374;17,7988145205542
2799;17,378;20,0109235765214
2800;17,382;22,1527248301884
2801;17,387;24,1265167275747
2802;17,391;25,5711766846097
2803;17,395;26,6799875498367
2804;17,399;27,2713703066998
2805;17,403;27,499340599321
2806;17,407;27,1009862598709
2807;17,411;26,8950666651966
2808;17,415;25,692201092188
2809;17,420;24,2779032500184
2810;17,424;22,7802368075339
2811;17,428;21,2589930803214
2812;17,432;19,5277588603521
2813;17,436;17,4372678846002
2814;17,440;16,1043031937044
2815;17,444;14,2684977792403
2816;17,448;12,3342275174052
2817;17,453;11,0155957801749
2818;17,457;9,61266252848569
2819;17,461;8,51377447733485
2820;17,465;7,72402024932555
2821;17,469;6,58773082204154
2822;17,473;6,08260021830191
2823;17,477;5,3153207401232
2824;17,481;4,6748327751397
2825;17,486;4,20515290886871
2826;17,490;3,75056928965373
2827;17,494;3,5235319111764
2828;17,498;3,24484501327706
2829;17,502;2,80298295056997
2830;17,506;2,6097849124036
2831;17,510;2,31498404292762
2832;17,514;2,27452949323256
2833;17,518;1,97506405303702
2834;17,523;1,86235106237718
2835;17,527;1,62377947266604
2836;17,531;1,52302474512362
2837;17,535;1,38885472915382
2838;17,539;1,3260950503816
2839;17,543;1,19964277869326
2840;17,547;1,13654385841416
2841;17,551;1,07403861077211
2842;17,556;0,934864782575878
2843;17,560;0,915782447814055
2844;17,564;0,806292251469552
2845;17,568;0,771350376261236
2846;17,572;0,789754228009305
2847;17,576;0,770756703624202
2848;17,580;0,737171794443394
2849;17,584;0,653124711114654
2850;17,589;0,664998163855344
2851;17,593;0,529216750727885
2852;17,597;0,552794035455826
2853;17,601;0,53735854689293
2854;17,605;0,526842060179747
2855;17,609;0,471800125688978
2856;17,613;0,527011680933186
2857;17,617;0,493935634012693
2858;17,622;0,454159567331382
2859;17,626;0,417267053458525
2860;17,630;0,381646695236456
2861;17,634;0,365278292529648
2862;17,638;0,3725719849275
2863;17,642;0,378339090544406
2864;17,646;0,334407315403854
2865;17,650;0,376727693386741
2866;17,655;0,269442566836938
2867;17,659;0,262996978206277
2868;17,663;0,224153825668878
2869;17,667;0,241709573649755
2870;17,671;0,327537674889598
2871;17,675;0,232804484094238
2872;17,679;0,233567777484711
2873;17,683;0,219404444572602
2874;17,687;0,205325922037213
2875;17,692;0,205495542790652
2876;17,696;0,208633526729262
2877;17,700;0,227461430360928
2878;17,704;0,212704424811785
2879;17,708;0,147994107375026
2880;17,712;0,1787802741241
2881;17,716;0,164447320458553
2882;17,720;0,20032210981078
2883;17,725;0,224408256799036
2884;17,729;0,162920733677607
2885;17,733;0,138495345182474
2886;17,737;0,169111891178109
2887;17,741;0,178271411863784
2888;17,745;0,20032210981078
2889;17,749;0,192010692892297
2890;17,753;0,154185264875528
2891;17,758;0,148163728128464
2892;17,762;0,173522030767508
2893;17,766;0,16046123275275
2894;17,770;0,177847359980188
2895;17,774;0,150623229053321
2896;17,778;0,132558618812129
2897;17,782;0,184292948610848
2898;17,786;0,161733388403538
2899;17,791;0,164192889328395
2900;17,795;0,116529457612198
2901;17,799;0,147400434737991
2902;17,803;0,138749776312631
2903;17,807;0,118225665146582
2904;17,811;0,139597880079824
2905;17,815;0,126621892441784
2906;17,819;0,152489057341144
2907;17,824;0,156644765800385
2908;17,828;0,11627502648204
2909;17,832;0,168094166657479
2910;17,836;0,118904148160336
2911;17,840;0,130099117887272
2912;17,844;0,114494008570937
2913;17,848;0,129505445250237
2914;17,852;0,122296563229104
2915;17,856;0,109914248228099
2916;17,861;0,0985496577477248
2917;17,865;0,131116842407902
2918;17,869;0,133152291449163
2919;17,873;0,103044607713843
2920;17,877;0,130353549017429
2921;17,881;0,124671253777242
2922;17,885;0,101857262439774
2923;17,889;0,0834534106917049
2924;17,894;0,103129418090562
2925;17,898;0,112458559529676
2926;17,902;0,108133230316996
2927;17,906;0,0764989598007295
2928;17,910;0,120091493434405
2929;17,914;0,0843015144588971
2930;17,918;0,068696405142562
2931;17,922;0,122890235866139
2932;17,927;0,109914248228099
2933;17,931;0,112882611413272
2934;17,935;0,145789037580326
2935;17,939;0,102790176583685
2936;17,943;0,133406722579321
2937;17,947;0,0801458059996557
2938;17,951;0,13459406785339
2939;17,955;0,103638280350877
2940;17,960;0,0806546682599709
2941;17,964;0,0820964446641976
2942;17,968;0,0795521333626212
2943;17,972;0,0734457862388379
2944;17,976;0,077092632437764
2945;17,980;0,10872690295403
2946;17,984;0,117207940625951
2947;17,988;0,0643710759298822
2948;17,993;0,10660664353605
2949;17,997;0,0519887609288772
2950;18,001;0,0652191796970743
2951;18,005;0,110592731241853
2952;18,009;0,0932914143911336
2953;18,013;0,0548723137373304
2954;18,017;0,0593672637034487
2955;18,021;0,0769230116843256
2956;18,025;0,0789584607255867
2957;18,030;0,0621660061351827
2958;18,034;0,0804850475065325
2959;18,038;0,0512254675384043
2960;18,042;0,0910015342197149
2961;18,046;0,11517249158469
2962;18,050;0,0996521926450745
2963;18,054;0,0755660456568182
2964;18,058;0,113900335933902
2965;18,063;0,098634468124444
2966;18,067;0,0909167238429956
2967;18,071;0,119328200043932
2968;18,075;0,086676205007035
2969;18,079;0,0591976429500102
2970;18,083;0,0941395181583257
2971;18,087;0,0497836911341777
2972;18,091;0,0759052871636951
2973;18,096;0,0469849487024436
2974;18,100;0,0844711352123355
2975;18,104;0,0772622531912025
2976;18,108;0,102450935076809
2977;18,112;0,073106544731961
2978;18,116;0,0711559060674192
2979;18,120;0,115850974598444
2980;18,124;0,0514798986685619
2981;18,129;0,0587735910664142
2982;18,133;0,0605546089775176
2983;18,137;0,0685267843891236
2984;18,141;0,0705622334303847
2985;18,145;0,0821812550409168
2986;18,149;0,0604697986007984
2987;18,153;0,126113030181469
2988;18,157;0,0496140703807392
2989;18,162;0,072682492848365
2990;18,166;0,0827749276779513
2991;18,170;0,0590280221965718
2992;18,174;0,0718343890811729
2993;18,178;0,0596216948336063
2994;18,182;0,0967686398366213
2995;18,186;0,0831141691848281
2996;18,190;0,0529216750727885
2997;18,194;0,0597913155870447
2998;18,199;0,0798065644927788
2999;18,203;0,0420659468527293
3000;18,207;0,0891357059318922
3001;18,211;0,0871002568906311
3002;18,215;0,0647951278134782
3003;18,219;0,0811635305202862
3004;18,223;0,107200316173084
3005;18,227;0,102450935076809
3006;18,232;0,119667441550809
3007;18,236;0,0931217936376952
3008;18,240;0,0983800369942863
3009;18,244;0,125858599051311
3010;18,248;0,115342112338129
3011;18,252;0,129335824496799
3012;18,256;0,12170289059207
3013;18,260;0,14103965648405
3014;18,265;0,124586443400523
3015;18,269;0,133915584839636
3016;18,273;0,13026873864071
3017;18,277;0,102790176583685
3018;18,281;0,171995443986563
3019;18,285;0,13137127353806
3020;18,289;0,0955812945625523
3021;18,293;0,14103965648405
3022;18,298;0,100500296412267
3023;18,302;0,0877787399043848
3024;18,306;0,0935458455212912
3025;18,310;0,116359836858759
3026;18,314;0,0978711747339711
3027;18,318;0,0516495194220003
3028;18,322;0,0977015539805326
3029;18,326;0,0668305768547393
3030;18,331;0,0586887806896949
3031;18,335;0,0457127930516555
3032;18,339;0,116105405728602
3033;18,343;0,0865913946303158
3034;18,347;0,070307802300227
3035;18,351;0,0484267251066703
3036;18,355;0,0584343495595373
3037;18,359;0,061911575005025
3038;18,363;0,0861673427467197
3039;18,368;0,0798065644927788
3040;18,372;0,0779407362049561
3041;18,376;0,089050895555173
3042;18,380;0,0528368646960693
3043;18,384;0,0786192192187098
3044;18,388;0,0997370030217937
3045;18,392;0,0606394193542368
3046;18,396;0,057501435415626
3047;18,401;0,0561444693881186
3048;18,405;0,0716647683277344
3049;18,409;0,0762445286705719
3050;18,413;0,10660664353605
3051;18,417;0,0536849684632614
3052;18,421;0,0855736701096853
3053;18,425;0,0527520543193501
3054;18,429;0,0681875428822467
3055;18,434;0,0685267843891236
3056;18,438;0,0559748486346802
3057;18,442;0,0755660456568182
3058;18,446;0,0743787003827492
3059;18,450;0,0530912958262269
3060;18,454;0,0694596985330349
3061;18,458;0,0677634909986507
3062;18,462;0,10117877942602
3063;18,467;0,0787040295954291
3064;18,471;0,0605546089775176
3065;18,475;0,0938002766514489
3066;18,479;0,0905774823361188
3067;18,483;0,0502077430177737
3068;18,487;0,0725976824716458
3069;18,491;0,0710710956907
3070;18,495;0,0843015144588971
3071;18,500;0,0597913155870447
3072;18,504;0,0627596787722171
3073;18,508;0,0820116342874783
3074;18,512;0,0541938307235767
3075;18,516;0,0622508165119019
3076;18,520;0,0748027522663453
3077;18,524;0,0506317949013698
3078;18,528;0,0513950882918427
3079;18,532;0,0466457071955668
3080;18,537;0,0625052476420595
3081;18,541;0,0708166645605423
3082;18,545;0,09583572569271
3083;18,549;0,0804002371298133
3084;18,553;0,050716605278089
3085;18,557;0,122975046242858
3086;18,561;0,0626748683954979
3087;18,565;0,079467322985902
3088;18,570;0,0348570648315963
3089;18,574;0,10126358980274
3090;18,578;0,0925281210006607
3091;18,582;0,124077581140208
3092;18,586;0,123059856619577
3093;18,590;0,111186403878887
3094;18,594;0,101093969049301
3095;18,598;0,133915584839636
3096;18,603;0,124756064153961
3097;18,607;0,0910015342197149
3098;18,611;0,147739676244868
3099;18,615;0,123399098126454
3100;18,619;0,122635804735981
3101;18,623;0,142057381004681
3102;18,627;0,149859935662848
3103;18,631;0,132134566928533
3104;18,636;0,124586443400523
3105;18,640;0,135018119736986
3106;18,644;0,0893053266853306
3107;18,648;0,107454747303242
3108;18,652;0,0977015539805326
3109;18,656;0,0908319134662764
3110;18,660;0,0772622531912025
3111;18,664;0,0692900777795965
3112;18,669;0,0440165855172712
3113;18,673;0,0816723927806015
3114;18,677;0,0450343100379018
3115;18,681;0,0609786608611137
3116;18,685;0,0771774428144832
3117;18,689;0,0407089808252219
3118;18,693;0,0936306558980104
3119;18,697;0,0976167436038134
3120;18,701;0,0783647880885522
3121;18,706;0,0961749671995868
3122;18,710;0,0681875428822467
3123;18,714;0,100500296412267
3124;18,718;0,0631837306558132
3125;18,722;0,0733609758621187
3126;18,726;0,0786192192187098
3127;18,730;0,0664065249711433
3128;18,734;0,0642014551764438
3129;18,739;0,0536849684632614
3130;18,743;0,0201000592824533
3131;18,747;0,0524976231891924
3132;18,751;0,0743787003827492
3133;18,755;0,0585191599362565
3134;18,759;0,103553469974158
3135;18,763;0,0728521136018034
3136;18,767;0,039945687434749
3137;18,772;0,0728521136018034
3138;18,776;0,0673394391150546
3139;18,780;0,0770078220610448
3140;18,784;0,0875243087742271
3141;18,788;0,0793825126091828
3142;18,792;0,056314090141557
3143;18,796;0,0931217936376952
3144;18,800;0,0694596985330349
3145;18,805;0,0273937516803056
3146;18,809;0,067509059868493
3147;18,813;0,0573318146621875
3148;18,817;0,0602153674706408
3149;18,821;0,0899838096990843
3150;18,825;0,0402001185649067
3151;18,829;0,0670001976081778
3152;18,833;0,0950724323022371
3153;18,838;0,0681875428822467
3154;18,842;0,0620811957584634
3155;18,846;0,0737002173689955
3156;18,850;0,0757356664102566
3157;18,854;0,0432532921267983
3158;18,858;0,0663217145944241
3159;18,862;0,0632685410325324
3160;18,866;0,0718343890811729
3161;18,870;0,0697989400399118
3162;18,875;0,0662369042177049
3163;18,879;0,061911575005025
3164;18,883;0,0614027127447097
3165;18,887;0,0537697788399806
3166;18,891;0,0721736305880497
3167;18,895;0,0431684817500791
3168;18,899;0,0513102779151235
3169;18,903;0,0620811957584634
3170;18,908;0,0654736108272319
3171;18,912;0,0853192389795276
3172;18,916;0,0662369042177049
3173;18,920;0,0538545892166998
3174;18,924;0,0647951278134782
3175;18,928;0,0664913353478625
3176;18,932;0,0363836516125421
3177;18,936;0,0601305570939216
3178;18,941;0,0709862853139807
3179;18,945;0,0128911772613203
3180;18,949;0,10338384922072
3181;18,953;0,0651343693203551
3182;18,957;0,0763293390472911
3183;18,961;0,0731913551086803
3184;18,965;0,0647951278134782
3185;18,969;0,0727673032250842
3186;18,974;0,0650495589436359
3187;18,978;0,0501229326410545
3188;18,982;0,0740394588758724
3189;18,986;0,0735305966155571
3190;18,990;0,0694596985330349
3191;18,994;0,0784495984652714
3192;18,998;0,100585106788986
3193;19,002;0,0885420332948577
3194;19,007;0,109320575591065
3195;19,011;0,109066144460907
3196;19,015;0,0893053266853306
3197;19,019;0,078279977711833
3198;19,023;0,110507920865134
3199;19,027;0,157747300697735
3200;19,031;0,124671253777242
3201;19,035;0,174115703404543
3202;19,039;0,153846023368651
3203;19,044;0,171147340219371
3204;19,048;0,228563965258277
3205;19,052;0,148842211142218
3206;19,056;0,206513267311282
3207;19,060;0,183953707103972
3208;19,064;0,192604365529331
3209;19,068;0,190992968371666
3210;19,072;0,180646102411922
3211;19,077;0,184971431624602
3212;19,081;0,181409395802395
3213;19,085;0,176660014706119
3214;19,089;0,150962470560198
3215;19,093;0,136459896141213
3216;19,097;0,112458559529676
3217;19,101;0,126113030181469
3218;19,105;0,106267402029173
3219;19,110;0,133321912202602
3220;19,114;0,170384046828898
3221;19,118;0,093461035144572
3222;19,122;0,109150954837626
3223;19,126;0,086676205007035
3224;19,130;0,10440157374135
3225;19,134;0,0642014551764438
3226;19,138;0,116444647235479
3227;19,143;0,106182591652454
3228;19,147;0,0632685410325324
3229;19,151;0,0873546880207887
3230;19,155;0,100330675658828
3231;19,159;0,0768382013076064
3232;19,163;0,0744635107594684
3233;19,167;0,0917648276101878
3234;19,171;0,105334487885262
3235;19,176;0,103129418090562
3236;19,180;0,0772622531912025
3237;19,184;0,0660672834642664
3238;19,188;0,052328002435754
3239;19,192;0,0539393995934191
3240;19,196;0,0628444891489364
3241;19,200;0,0859129116165621
3242;19,204;0,0555507967510841
3243;19,208;0,0223051290771529
3244;19,213;0,0704774230536655
3245;19,217;0,0615723334981482
3246;19,221;0,065897662710828
3247;19,225;0,0582647288060989
3248;19,229;0,067509059868493
3249;19,233;0,0404545496950643
3250;19,237;0,0784495984652714
3251;19,241;0,150538418676602
3252;19,246;0,0625052476420595
3253;19,250;0,128233289599449
3254;19,254;0,127809237715853
3255;19,258;0,171486581726247
3256;19,262;0,138664965935912
3257;19,266;0,158680214841646
3258;19,270;0,15723843843742
3259;19,274;0,17979799864473
3260;19,279;0,172589116623597
3261;19,283;0,192604365529331
3262;19,287;0,18632839765211
3263;19,291;0,184886621247883
3264;19,295;0,202781610735637
3265;19,299;0,204901870153617
3266;19,303;0,160970095013065
3267;19,307;0,202103127721883
3268;19,312;0,175811910938927
3269;19,316;0,184632190117725
3270;19,320;0,154524506382405
3271;19,324;0,0818420135340399
3272;19,328;0,147315624361272
3273;19,332;0,142820674395154
3274;19,336;0,100245865282109
3275;19,340;0,111271214255607
3276;19,345;0,0799761852462172
3277;19,349;0,0851496182260892
3278;19,353;0,120430734941282
3279;19,357;0,0485115354833895
3280;19,361;0,0312950290093894
3281;19,365;0,0567381420251531
3282;19,369;0,0802306163763749
3283;19,373;0,055126744867488
3284;19,377;0,0914255861033109
3285;19,382;0,0713255268208576
3286;19,386;0,056314090141557
3287;19,390;0,109914248228099
3288;19,394;0,0594520740801679
3289;19,398;0,0605546089775176
3290;19,402;0,091849637986907
3291;19,406;0,0558052278812417
3292;19,410;0,0764141494240103
3293;19,415;0,0319735120231431
3294;19,419;0,0708166645605423
3295;19,423;0,0570773835320299
3296;19,427;0,0374013761331726
3297;19,431;0,0787040295954291
3298;19,435;0,0571621939087491
3299;19,439;0,0463912760654092
3300;19,443;0,0710710956907
3301;19,448;0,0702229919235078
3302;19,452;0,0665761457245817
3303;19,456;0,0701381815467886
3304;19,460;0,068696405142562
3305;19,464;0,0429988609966407
3306;19,468;0,067085007984897
3307;19,472;0,0544482618537343
3308;19,476;0,100839537919143
3309;19,481;0,079467322985902
3310;19,485;0,073106544731961
3311;19,489;0,0764989598007295
3312;19,493;0,0717495787044537
3313;19,497;0,0665761457245817
3314;19,501;0,0404545496950643
3315;19,505;0,0521583816823156
3316;19,509;0,0441013958939904
3317;19,514;0,0927825521308183
3318;19,518;0,0663217145944241
3319;19,522;0,0513102779151235
3320;19,526;0,0447798789077441
3321;19,530;0,0679331117520891
3322;19,534;0,0582647288060989
3323;19,538;0,0472393798326013
3324;19,542;0,0703926126769463
3325;19,546;0,0469849487024436
3326;19,551;0,0450343100379018
3327;19,555;0,0630141099023748
3328;19,559;0,0522431920590348
3329;19,563;0,0803154267530941
3330;19,567;0,086252153123439
3331;19,571;0,0434229128802367
3332;19,575;0,0804850475065325
3333;19,579;0,0547875033606112
3334;19,584;0,0628444891489364
3335;19,588;0,0651343693203551
3336;19,592;0,0508014156548082
3337;19,596;0,0663217145944241
3338;19,600;0,0913407757265917
3339;19,604;0,0675938702452122
3340;19,608;0,0438469647638328
3341;19,612;0,0508862260315274
3342;19,617;0,054702692983892
3343;19,621;0,0385887214072416
3344;19,625;0,0747179418896261
3345;19,629;0,0630141099023748
3346;19,633;0,0608938504843945
3347;19,637;0,0526672439426309
3348;19,641;0,0510558467849658
3349;19,645;0,0645406966833206
3350;19,650;0,0390975836675569
3351;19,654;0,0589432118198526
3352;19,658;0,0223051290771529
3353;19,662;0,0682723532589659
3354;19,666;0,0959205360694292
3355;19,670;0,0752268041499414
3356;19,674;0,0829445484313897
3357;19,678;0,104910436001666
3358;19,683;0,147230813984553
3359;19,687;0,210329734263647
3360;19,691;0,350436476603785
3361;19,695;0,489525494423294
3362;19,699;0,736832552936517
3363;19,703;1,25247964338933
3364;19,707;1,85141052378041
3365;19,711;2,77448666399231
3366;19,715;3,96480030124646
3367;19,720;5,52285173195511
3368;19,724;7,67627200723263
3369;19,728;10,0739461674615
3370;19,732;13,0478220271207
3371;19,736;16,4888334417493
3372;19,740;20,8943084604287
3373;19,744;25,2501694087275
3374;19,748;29,9645238194184
3375;19,753;34,8073659508388
3376;19,757;40,5151043040418
3377;19,761;45,7674957446393
3378;19,765;50,0203120852243
3379;19,769;53,9544958404751
3380;19,773;56,8819804240688
3381;19,777;58,9555941348536
3382;19,781;60,8008135011335
3383;19,786;60,9335417406991
3384;19,790;59,8403359847884
3385;19,794;58,0533813473146
3386;19,798;55,960091629131
3387;19,802;52,6150007505718
3388;19,806;48,852982060061
3389;19,810;44,5095034267633
3390;19,814;40,1987615988791
3391;19,819;36,4846607712147
3392;19,823;32,2268406184033
3393;19,827;28,2321870645517
3394;19,831;25,4632130750462
3395;19,835;21,8305302090321
3396;19,839;19,2203212447449
3397;19,843;17,0620667779944
3398;19,847;14,890497082099
3399;19,852;13,0798803495205
3400;19,856;11,3559398219491
3401;19,860;10,333550730599
3402;19,864;8,92120352709395
3403;19,868;7,93986265807594
3404;19,872;7,31048485244267
3405;19,876;6,44507976839982
3406;19,880;5,99694173781551
3407;19,884;5,1877659335375
3408;19,889;4,87735995474518
3409;19,893;4,34169761538664
3410;19,897;3,88355196034945
3411;19,901;3,75506423961985
3412;19,905;3,39402646592616
3413;19,909;3,2992932751308
3414;19,913;2,90255033283832
3415;19,917;2,74692329155857
3416;19,922;2,65600656771557
3417;19,926;2,47476679266662
3418;19,930;2,29564727703564
3419;19,934;2,08989730311483
3420;19,938;2,09159351064921
3421;19,942;1,92536517227956
3422;19,946;1,84835735021851
3423;19,950;1,64074154800988
3424;19,955;1,55618560242083
3425;19,959;1,51462851782841
3426;19,963;1,40581680449766
3427;19,967;1,42439027699917
3428;19,971;1,30243295527694
3429;19,975;1,17445409680765
3430;19,979;1,17530220057484
3431;19,983;1,14638186211359
3432;19,988;1,06632086649066
3433;19,992;0,93783314576105
3434;19,996;0,881179814112616
3435;20,000;0,890254524421572
3436;20,004;0,8850810914417
3437;20,008;0,834788538047207
3438;20,012;0,831820174862035
3439;20,016;0,778644068659089
3440;20,021;0,763632631979788
3441;20,025;0,643032276285068
3442;20,029;0,583665012581619
3443;20,033;0,645491777209925
3444;20,037;0,732252792593679
3445;20,041;0,517258487610476
3446;20,045;0,499109066992565
3447;20,049;0,600881519055619
3448;20,053;0,571282697580614
3449;20,058;0,523449645110979
3450;20,062;0,564073815559481
3451;20,066;0,424051883596062
3452;20,070;0,402001185649067
3453;20,074;0,411669568595057
3454;20,078;0,377236555647057
3455;20,082;0,391060647052288
3456;20,086;0,328725020163667
3457;20,091;0,33271110786947
3458;20,095;0,352302304891608
3459;20,099;0,340089610644042
3460;20,103;0,335764281431362
3461;20,107;0,27995905355012
3462;20,111;0,343397215336091
3463;20,115;0,286319831804061
3464;20,119;0,3209224655055
3465;20,124;0,295564162866455
3466;20,128;0,288779332728918
3467;20,132;0,239674124608494
3468;20,136;0,286235021427342
3469;20,140;0,272665361152268
3470;20,144;0,186922070289144
3471;20,148;0,232634863340799
3472;20,152;0,222033566250898
3473;20,157;0,198710712653115
3474;20,161;0,170553667582336
3475;20,165;0,204138576763144
3476;20,169;0,180815723165361
3477;20,173;0,215418356866799
3478;20,177;0,20778542296207
3479;20,181;0,137307999908405
3480;20,185;0,185989156145233
3481;20,190;0,207615802208632
3482;20,194;0,144601692306257
3483;20,198;0,211771510667873
3484;20,202;0,133830774462917
3485;20,206;0,144008019669223
3486;20,210;0,145873847957045
3487;20,214;0,161648578026819
3488;20,218;0,134085205593075
3489;20,222;0,147315624361272
3490;20,227;0,127639616962415
3491;20,231;0,150114366793006
3492;20,235;0,12814847922273
3493;20,239;0,155457420526316
3494;20,243;0,134678878230109
3495;20,247;0,127639616962415
3496;20,251;0,11627502648204
3497;20,255;0,155118179019439
3498;20,260;0,11949782079737
3499;20,264;0,145025744189853
3500;20,268;0,148757400765498
3501;20,272;0,14324472627875
3502;20,276;0,142651053641715
3503;20,280;0,122126942475666
3504;20,284;0,0985496577477248
3505;20,288;0,11305223216671
3506;20,293;0,124162391516927
3507;20,297;0,151895384704109
3508;20,301;0,0954116738091139
3509;20,305;0,124077581140208
3510;20,309;0,0871002568906311
3511;20,313;0,131032032031183
3512;20,317;0,0875243087742271
3513;20,321;0,129590255626956
3514;20,326;0,107115505796365
3515;20,330;0,149775125286129
3516;20,334;0,0976167436038134
3517;20,338;0,122805425489419
3518;20,342;0,0777711154515177
3519;20,346;0,111440835009045
3520;20,350;0,103214228467281
3521;20,354;0,112882611413272
3522;20,359;0,0703926126769463
3523;20,363;0,0797217541160596
3524;20,367;0,113900335933902
3525;20,371;0,0725976824716458
3526;20,375;0,107369936926523
3527;20,379;0,0749723730197837
3528;20,383;0,0747179418896261
3529;20,387;0,0694596985330349
3530;20,391;0,0864217738768774
3531;20,396;0,0833686003149857
3532;20,400;0,0886268436715769
3533;20,404;0,0783647880885522
3534;20,408;0,0753116145266606
3535;20,412;0,0699685607933502
3536;20,416;0,11305223216671
3537;20,420;0,0871850672673503
3538;20,424;0,0971078813434981
3539;20,429;0,092273689870503
3540;20,433;0,113137042543429
3541;20,437;0,0768382013076064
3542;20,441;0,0816723927806015
3543;20,445;0,051903950552158
3544;20,449;0,0626748683954979
3545;20,453;0,101433210556178
3546;20,457;0,0915103964800301
3547;20,462;0,0625052476420595
3548;20,466;0,0649647485669167
3549;20,470;0,0736154069922763
3550;20,474;0,0824356861710744
3551;20,478;0,0429140506199214
3552;20,482;0,0680179221288083
3553;20,486;0,0169620753438425
3554;20,490;0,094648380418641
3555;20,495;0,076668580554168
3556;20,499;0,0413874638389756
3557;20,503;0,0827749276779513
3558;20,507;0,0655584212039512
3559;20,511;0,0807394786366902
3560;20,515;0,0638622136695669
3561;20,519;0,0616571438748674
3562;20,523;0,0471545694558821
3563;20,528;0,0470697590791629
3564;20,532;0,0326519950368968
3565;20,536;0,0776863050747985
3566;20,540;0,0284114762009361
3567;20,544;0,0777711154515177
3568;20,548;0,0620811957584634
3569;20,552;0,0513102779151235
3570;20,556;0,0499533118876161
3571;20,560;0,0445254477775865
3572;20,565;0,0472393798326013
3573;20,569;0,0556356071278033
3574;20,573;0,0532609165796654
3575;20,577;0,0828597380546705
3576;20,581;0,0481722939765126
3577;20,585;0,0656432315806704
3578;20,589;0,0560596590113994
3579;20,593;0,0529216750727885
3580;20,598;0,0888812748017345
3581;20,602;0,0587735910664142
3582;20,606;0,0428292402432022
3583;20,610;0,0568229524018723
3584;20,614;0,0289203384612514
3585;20,618;0,0674242494917738
3586;20,622;0,0632685410325324
3587;20,626;0,0577558665457836
3588;20,631;0,0435077232569559
3589;20,635;0,0637774032928477
3590;20,639;0,0476634317161973
3591;20,643;0,0775166843213601
3592;20,647;0,0908319134662764
3593;20,651;0,0462216553119707
3594;20,655;0,0642014551764438
3595;20,659;0,0771774428144832
3596;20,664;0,0404545496950643
3597;20,668;0,0560596590113994
3598;20,672;0,0811635305202862
3599;20,676;0,0759052871636951
3600;20,680;0,0540242099701383
3601;20,684;0,079467322985902
3602;20,688;0,0761597182938527
3603;20,692;0,0641166447997245
3604;20,697;0,0390975836675569
3605;20,701;0,0335000988040889
3606;20,705;0,065897662710828
3607;20,709;0,0645406966833206
3608;20,713;0,0330760469204928
3609;20,717;0,0600457467172023
3610;20,721;0,0402849289416259
3611;20,725;0,0400304978114682
3612;20,729;0,0601305570939216
3613;20,734;0,085488859732966
3614;20,738;0,0784495984652714
3615;20,742;0,055126744867488
3616;20,746;0,0323975639067391
3617;20,750;0,0346874440781579
3618;20,754;0,0604697986007984
3619;20,758;0,0601305570939216
3620;20,762;0,0731913551086803
3621;20,767;0,0358747893522268
3622;20,771;0,0615723334981482
3623;20,775;0,0682723532589659
3624;20,779;0,0512254675384043
3625;20,783;0,0242557677416947
3626;20,787;0,0658128523341088
3627;20,791;0,0468153279490052
3628;20,795;0,0441862062707096
3629;20,800;0,0611482816145521
3630;20,804;0,0498685015108969
3631;20,808;0,079891374869498
3632;20,812;0,0474090005860397
3633;20,816;0,0498685015108969
3634;20,820;0,0446950685310249
3635;20,824;0,061487523121429
3636;20,828;0,0372317553797342
3637;20,833;0,0554659863743649
3638;20,837;0,038334290277084
3639;20,841;0,0558900382579609
3640;20,845;0,034348202571281
3641;20,849;0,0690356466494389
3642;20,853;0,0370621346262958
3643;20,857;0,0504621741479314
3644;20,861;0,0599609363404831
3645;20,866;0,038334290277084
3646;20,870;0,0281570450707785
3647;20,874;0,0710710956907
3648;20,878;0,0684419740124044
3649;20,882;0,0452039307913402
3650;20,886;0,076668580554168
3651;20,890;0,0290051488379706
3652;20,894;0,0659824730875472
3653;20,899;0,0347722544548771
3654;20,903;0,0701381815467886
3655;20,907;0,0724280617182073
3656;20,911;0,026376027159675
3657;20,915;0,0619963853817442
3658;20,919;0,051140657161685
3659;20,923;0,0258671648993598
3660;20,927;0,0344330129480002
3661;20,931;0,0664913353478625
3662;20,936;0,0341785818178426
3663;20,940;0,108557282200592
3664;20,944;0,0516495194220003
3665;20,948;0,0828597380546705
3666;20,952;0,0586039703129757
3667;20,956;0,113561094427025
3668;20,960;0,103892711481035
3669;20,964;0,106097781275735
3670;20,969;0,0742090796293108
3671;20,973;0,101433210556178
3672;20,977;0,116020595351882
3673;20,981;0,09583572569271
3674;20,985;0,116105405728602
3675;20,989;0,0748027522663453
3676;20,993;0,121278838708474
3677;20,997;0,0767533909308872
3678;21,002;0,0727673032250842
3679;21,006;0,0783647880885522
3680;21,010;0,0876939295276656
3681;21,014;0,111271214255607
3682;21,018;0,0575862457923452
3683;21,022;0,0925281210006607
3684;21,026;0,0945635700419218
3685;21,030;0,10448638411807
3686;21,035;0,0770078220610448
3687;21,039;0,0884572229181385
3688;21,043;0,0365532723659805
3689;21,047;0,0743787003827492
3690;21,051;0,0575862457923452
3691;21,055;0,0546178826071728
3692;21,059;0,0473241902093205
3693;21,063;0,0643710759298822
3694;21,068;0,069883750416631
3695;21,072;0,0496140703807392
3696;21,076;0,045543172298217
3697;21,080;0,0416418949691333
3698;21,084;0,0184038517480691
3699;21,088;0,0584343495595373
3700;21,092;0,0265456479131135
3701;21,096;0,0375709968866111
3702;21,100;0,0536849684632614
3703;21,105;0,0370621346262958
3704;21,109;0,0724280617182073
3705;21,113;0,0752268041499414
3706;21,117;0,0476634317161973
3707;21,121;0,0640318344230053
3708;21,125;0,0558052278812417
3709;21,129;0,0434229128802367
3710;21,133;0,0601305570939216
3711;21,138;0,0518191401754387
3712;21,142;0,0498685015108969
3713;21,146;0,0262064064062366
3714;21,150;0,0556356071278033
3715;21,154;0,0497836911341777
3716;21,158;0,0211177838030839
3717;21,162;0,064286265553163
3718;21,166;0,0612330919912713
3719;21,171;0,0641166447997245
3720;21,175;0,0445254477775865
3721;21,179;0,0534305373331038
3722;21,183;0,061911575005025
3723;21,187;0,0520735713055964
3724;21,191;0,0362988412358229
3725;21,195;0,0555507967510841
3726;21,199;0,0648799381901975
3727;21,204;0,033160857297212
3728;21,208;0,0520735713055964
3729;21,212;0,0563989005182762
3730;21,216;0,0429988609966407
3731;21,220;0,0491900184971432
3732;21,224;0,0728521136018034
3733;21,228;0,0463912760654092
3734;21,232;0,0610634712378329
3735;21,237;0,045543172298217
3736;21,241;0,0480874835997934
3737;21,245;0,0646255070600398
3738;21,249;0,0408786015786604
3739;21,253;0,0868458257604734
3740;21,257;0,0965142087064637
3741;21,261;0,169366322308267
3742;21,265;0,324399690950987
3743;21,269;0,531761062029461
3744;21,274;0,774064308316251
3745;21,278;1,17911866752721
3746;21,282;1,85590547374652
3747;21,286;2,5135251348273
3748;21,290;3,5915498333052
3749;21,294;4,78228752244295
3750;21,298;6,20328538437335
3751;21,302;8,0650427741135
3752;21,307;9,69094250619752
3753;21,311;12,1244066454019
3754;21,315;14,5776316023818
3755;21,319;17,2388116030773
3756;21,323;19,2836745961542
3757;21,327;21,5943333098691
3758;21,331;23,1832557177036
3759;21,335;25,6897415912632
3760;21,340;26,4629577958122
3761;21,344;27,3222565327313
3762;21,348;28,2599200577389
3763;21,352;27,7240032872502
3764;21,356;26,9907327701359
3765;21,360;26,0446730178331
3766;21,364;24,8783607171905
3767;21,368;23,3565233173409
3768;21,373;22,0337358716514
3769;21,377;20,0623186648133
3770;21,381;17,943246592107
3771;21,385;16,3853647821518
3772;21,389;14,9036426904905
3773;21,393;13,3019987261481
3774;21,397;11,8682793077099
3775;21,401;10,3481381153947
3776;21,406;9,06724699580443
3777;21,410;7,96768046163984
3778;21,414;7,14154258201799
3779;21,418;6,56432315806704
3780;21,422;5,646420450835
3781;21,426;4,98099823509606
3782;21,430;4,43761815145607
3783;21,434;3,91298116107102
3784;21,438;3,60147264738135
3785;21,443;3,06029763353606
3786;21,447;2,9028895743452
3787;21,451;2,70562063809631
3788;21,455;2,26884719799237
3789;21,459;2,07234155513395
3790;21,463;1,95903489183709
3791;21,467;1,87184982456974
3792;21,471;1,74700895003906
3793;21,476;1,48070436714073
3794;21,480;1,41294087614208
3795;21,484;1,29802281568755
3796;21,488;1,19472377684354
3797;21,492;1,04308282326959
3798;21,496;1,01763971025383
3799;21,500;0,989143423676174
3800;21,504;0,9561521871324
3801;21,509;0,81511253064835
3802;21,513;0,706724869201197
3803;21,517;0,732676844477276
3804;21,521;0,645491777209925
3805;21,525;0,675514650568526
3806;21,529;0,567296609874811
3807;21,533;0,563819384429324
3808;21,537;0,574420681519225
3809;21,542;0,522686351720506
3810;21,546;0,52870788846757
3811;21,550;0,36934919061217
3812;21,554;0,474344436990555
3813;21,558;0,349842803966751
3814;21,562;0,361461825577283
3815;21,566;0,334322505027135
3816;21,570;0,350182045473628
3817;21,575;0,280467915810435
3818;21,579;0,293019851564879
3819;21,583;0,298023663791312
3820;21,587;0,294970490229421
3821;21,591;0,294292007215667
3822;21,595;0,291917316667529
3823;21,599;0,287337556324691
3824;21,603;0,285471728036869
3825;21,607;0,223814584162001
3826;21,612;0,223051290771528
3827;21,616;0,188194225939932
3828;21,620;0,219404444572602
3829;21,624;0,183190413713499
3830;21,628;0,138749776312631
3831;21,632;0,179034705254257
3832;21,636;0,156051093163351
3833;21,640;0,109490196344503
3834;21,645;0,163175164807765
3835;21,649;0,120939597201597
3836;21,653;0,147061193231114
3837;21,657;0,214994304983203
3838;21,661;0,0911711549731533
3839;21,665;0,139343448949666
3840;21,669;0,152065005457548
3841;21,673;0,134424447099952
3842;21,678;0,181918258062711
3843;21,682;0,051903950552158
3844;21,686;0,0889660851784538
3845;21,690;0,105588919015419
3846;21,694;0,139682690456543
3847;21,698;0,100754727542424
3848;21,702;0,0961749671995868
3849;21,706;0,100839537919143
3850;21,711;0,0865913946303158
3851;21,715;0,13349153295604
3852;21,719;0,0751419937732221
3853;21,723;0,09905852000804
3854;21,727;0,0759900975404143
3855;21,731;0,0981256058641287
3856;21,735;0,0971926917202174
3857;21,739;0,0646255070600398
3858;21,744;0,0530912958262269
3859;21,748;0,106945885042927
3860;21,752;0,082690117301232
3861;21,756;0,0572470042854683
3862;21,760;0,0457976034283747
3863;21,764;0,0727673032250842
3864;21,768;0,0710710956907
3865;21,772;0,0554659863743649
3866;21,776;0,0804002371298133
3867;21,781;0,0596216948336063
3868;21,785;0,0515647090452811
3869;21,789;0,0729369239785226
3870;21,793;0,061911575005025
3871;21,797;0,0614027127447097
3872;21,801;0,0508862260315274
3873;21,805;0,0190823347618228
3874;21,809;0,0576710561690644
3875;21,814;0,0676786806219315
3876;21,818;0,0582647288060989
3877;21,822;0,0926977417540991
3878;21,826;0,073106544731961
3879;21,830;0,0570773835320299
3880;21,834;0,0893901370620498
3881;21,838;0,0357899789755076
3882;21,842;0,0948180011720794
3883;21,847;0,0441862062707096
3884;21,851;0,0696293192864733
3885;21,855;0,0613179023679905
3886;21,859;0,0715799579510152
3887;21,863;0,0720888202113305
3888;21,867;0,0745483211361877
3889;21,871;0,039945687434749
3890;21,875;0,0770078220610448
3891;21,880;0,0348570648315963
3892;21,884;0,0784495984652714
3893;21,888;0,106861074666208
3894;21,892;0,0413874638389756
3895;21,896;0,0558052278812417
3896;21,900;0,0446950685310249
3897;21,904;0,0539393995934191
3898;21,908;0,0871002568906311
3899;21,913;0,0340089610644042
3900;21,917;0,0753964249033798
3901;21,921;0,0606394193542368
3902;21,925;0,0307861667490741
3903;21,929;0,0353659270919116
3904;21,933;0,103723090727597
3905;21,937;0,0392672044209953
3906;21,941;0,0466457071955668
3907;21,945;0,0429988609966407
3908;21,950;0,0445254477775865
3909;21,954;0,0464760864421284
3910;21,958;0,0457976034283747
3911;21,962;0,0826053069245128
3912;21,966;0,0478330524696358
3913;21,970;0,0581799184293797
3914;21,974;0,0725976824716458
3915;21,978;0,0621660061351827
3916;21,983;0,0463912760654092
3917;21,987;0,0489355873669855
3918;21,991;0,0967686398366213
3919;21,995;0,0476634317161973
3920;21,999;0,0633533514092516
3921;22,003;0,0273937516803056
3922;22,007;0,0647951278134782
3923;22,011;0,0340937714411234
3924;22,016;0,0475786213394781
3925;22,020;0,0324823742834583
3926;22,024;0,0558052278812417
3927;22,028;0,0562292797648378
3928;22,032;0,0508014156548082
3929;22,036;0,0292595799681283
3930;22,040;0,055126744867488
3931;22,044;0,0435925336336751
3932;22,049;0,0826053069245128
3933;22,053;0,145958658333764
3934;22,057;0,213722149332415
3935;22,061;0,310660409922475
3936;22,065;0,441183579693343
3937;22,069;0,696208382488014
3938;22,073;1,06971328155943
3939;22,077;1,58222238807363
3940;22,082;2,1921786174382
3941;22,086;3,29903884400064
3942;22,090;4,55389317793811
3943;22,094;5,72690549834153
3944;22,098;7,26740118106931
3945;22,102;9,66516015167488
3946;22,106;11,9843847134385
3947;22,110;14,5549872317978
3948;22,114;17,0178805717237
3949;22,119;19,5440424526822
3950;22,123;21,9737749353109
3951;22,127;24,8264567666383
3952;22,131;26,6891470705224
3953;22,135;28,5202879142669
3954;22,139;29,7851498726572
3955;22,143;30,2320157475908
3956;22,147;31,0585776790962
3957;22,152;30,8450251505172
3958;22,156;29,5763467251745
3959;22,160;28,6986441365074
3960;22,164;27,2568677322808
3961;22,168;25,1448349208422
3962;22,172;23,0127020501212
3963;22,176;21,2925779895022
3964;22,180;18,4435430043737
3965;22,185;16,7421620370096
3966;22,189;15,055707695948
3967;22,193;13,3118367298476
3968;22,197;11,453217324046
3969;22,201;10,0883639315037
3970;22,205;8,71731938146096
3971;22,209;7,67466061007496
3972;22,213;7,08980825221928
3973;22,218;6,14960041591009
3974;22,222;5,16181395826142
3975;22,226;4,81434584484281
3976;22,230;4,31515196747352
3977;22,234;3,68840328351855
3978;22,238;3,26689571122406
3979;22,242;2,9523340239725
3980;22,246;2,81646780046832
3981;22,251;2,50555295941569
3982;22,255;2,213381211618
3983;22,259;2,09269604554656
3984;22,263;1,88508024333793
3985;22,267;1,74997731322423
3986;22,271;1,50589304902633
3987;22,275;1,54244632139231
3988;22,279;1,42778269206794
3989;22,283;1,30082155811928
3990;22,288;1,16860218081403
3991;22,292;1,12806282074224
3992;22,296;1,02976759412468
3993;22,300;0,947925580590636
3994;22,304;0,927740710931464
3995;22,308;0,991263683094154
3996;22,312;0,909252048806676
3997;22,316;0,836060693697995
3998;22,321;0,796793489277
3999;22,325;0,706979300331354
4000;22,329;0,672291856253196
4001;22,333;0,624882855667157
4002;22,337;0,589940980458841
4003;22,341;0,514374934802023
4004;22,345;0,550080103400811
4005;22,349;0,533202838433688
4006;22,354;0,475192540757747
4007;22,358;0,41022779219083
4008;22,362;0,403358151676574
4009;22,366;0,423543021335747
4010;22,370;0,39945687434749
4011;22,374;0,34348202571281
4012;22,378;0,27029067060413
4013;22,382;0,407683480889254
4014;22,387;0,28318184786545
4015;22,391;0,316342705162662
4016;22,395;0,346111147391106
4017;22,399;0,277245121495105
4018;22,403;0,309727495778564
4019;22,407;0,247307058513223
4020;22,411;0,220506979469952
4021;22,415;0,247222248136504
4022;22,420;0,242896918923824
4023;22,424;0,227970292621243
4024;22,428;0,248918455670888
4025;22,432;0,366465637803717
4026;22,436;0,298702146805066
4027;22,440;0,283012227112012
4028;22,444;0,279535001666524
4029;22,448;0,255448854678268
4030;22,452;0,267746359302553
4031;22,457;0,230514603922819
4032;22,461;0,267152686665519
4033;22,465;0,249681749061361
4034;22,469;0,158171352581331
4035;22,473;0,147909296998306
4036;22,477;0,159613128985558
4037;22,481;0,122042132098947
4038;22,485;0,101093969049301
4039;22,490;0,0965142087064637
4040;22,494;0,116953509495794
4041;22,498;0,0893053266853306
4042;22,502;0,115850974598444
4043;22,506;0,0895597578154883
4044;22,510;0,114748439701094
4045;22,514;0,10872690295403
4046;22,518;0,0987192785011632
4047;22,523;0,131795325421656
4048;22,527;0,0944787596652026
4049;22,531;0,0915952068567493
4050;22,535;0,117886423639705
4051;22,539;0,111525645385764
4052;22,543;0,130099117887272
4053;22,547;0,0863369635001582
4054;22,551;0,1249256849074
4055;22,556;0,0809939097668478
4056;22,560;0,0909167238429956
4057;22,564;0,0633533514092516
4058;22,568;0,0829445484313897
4059;22,572;0,10762436805668
4060;22,576;0,0813331512737246
4061;22,580;0,0815027720271631
4062;22,584;0,0572470042854683
4063;22,589;0,0627596787722171
4064;22,593;0,0882876021647001
4065;22,597;0,0541938307235767
4066;22,601;0,100839537919143
4067;22,605;0,0904926719593996
4068;22,609;0,0496140703807392
4069;22,613;0,111695266139203
4070;22,617;0,0339241506876849
4071;22,621;0,0721736305880497
4072;22,626;0,0341785818178426
4073;22,630;0,102790176583685
4074;22,634;0,100585106788986
4075;22,638;0,0745483211361877
4076;22,642;0,0560596590113994
4077;22,646;0,0937154662747297
4078;22,650;0,057501435415626
4079;22,654;0,0747179418896261
4080;22,659;0,0723432513414881
4081;22,663;0,0811635305202862
4082;22,667;0,034348202571281
4083;22,671;0,0804002371298133
4084;22,675;0,0441013958939904
4085;22,679;0,0486811562368279
4086;22,683;0,0861673427467197
4087;22,687;0,0972775020969366
4088;22,692;0,0859977219932813
4089;22,696;0,061487523121429
4090;22,700;0,0916800172334686
4091;22,704;0,0755660456568182
4092;22,708;0,0815027720271631
4093;22,712;0,0470697590791629
4094;22,716;0,0433381025035175
4095;22,720;0,0481722939765126
4096;22,725;0,0683571636356852
4097;22,729;0,0204393007893302
4098;22,733;0,0280722346940593
4099;22,737;0,0515647090452811
4100;22,741;0,0545330722304535
4101;22,745;0,0485963458601087
4102;22,749;0,0534305373331038
4103;22,753;0,0553811759976457
4104;22,758;0,0398608770580298
4105;22,762;0,0239165262348179
4106;22,766;0,0568229524018723
4107;22,770;0,0642014551764438
4108;22,774;0,0553811759976457
4109;22,778;0,0559748486346802
4110;22,782;0,0409634119553796
4111;22,786;0,0478330524696358
4112;22,790;0,0622508165119019
4113;22,795;0,0490203977437047
4114;22,799;0,0599609363404831
4115;22,803;0,0407937912019411
4116;22,807;0,0187430932549459
4117;22,811;0,0695445089097541
4118;22,815;0,0446950685310249
4119;22,819;0,0448646892844633
4120;22,823;0,0347722544548771
4121;22,828;0,0133152291449163
4122;22,832;0,0435925336336751
4123;22,836;0,0201848696591725
4124;22,840;0,0129759876380395
4125;22,844;0,0628444891489364
4126;22,848;0,0544482618537343
4127;22,852;0,0510558467849658
4128;22,856;0,0550419344907688
4129;22,861;0,0491900184971432
4130;22,865;0,0367228931194189
4131;22,869;0,0350266855850347
4132;22,873;0,0454583619214978
4133;22,877;0,0489355873669855
4134;22,881;0,0615723334981482
4135;22,885;0,0335000988040889
4136;22,889;0,0834534106917049
4137;22,894;0,0322279431533007
4138;22,898;0,056314090141557
4139;22,902;0,0648799381901975
4140;22,906;0,0208633526729262
4141;22,910;0,034348202571281
4142;22,914;0,0457127930516555
4143;22,918;0,0513950882918427
4144;22,922;0,0561444693881186
4145;22,927;0,0460520345585323
4146;22,931;0,0522431920590348
4147;22,935;0,0547875033606112
4148;22,939;0,0679331117520891
4149;22,943;0,0572470042854683
4150;22,947;0,076668580554168
4151;22,951;0,0448646892844633
4152;22,955;0,042744429866483
4153;22,959;0,0635229721626901
4154;22,964;0,0780255465816754
4155;22,968;0,0510558467849658
4156;22,972;0,0575862457923452
4157;22,976;0,0609786608611137
4158;22,980;0,0407937912019411
4159;22,984;0,0341785818178426
4160;22,988;0,0140785225353892
4161;22,992;0,0527520543193501
4162;22,997;0,0771774428144832
4163;23,001;0,0445254477775865
4164;23,005;0,0370621346262958
4165;23,009;0,0476634317161973
4166;23,013;0,0506317949013698
4167;23,017;0,0374013761331726
4168;23,021;0,039945687434749
4169;23,025;0,0429988609966407
4170;23,030;0,0376558072633303
4171;23,034;0,0311254082559509
4172;23,038;0,0136544706517932
4173;23,042;0,0322279431533007
4174;23,046;0,0462216553119707
4175;23,050;0,0368925138728574
4176;23,054;0,0318887016464238
4177;23,058;0,0783647880885522
4178;23,063;0,0404545496950643
4179;23,067;0,0361292204823845
4180;23,071;0,0679331117520891
4181;23,075;0,0620811957584634
4182;23,079;0,0403697393183451
4183;23,083;0,0364684619892613
4184;23,087;0,0496988807574584
4185;23,091;0,0335000988040889
4186;23,096;0,0346026337014386
4187;23,100;0,0485963458601087
4188;23,104;0,0294292007215667
4189;23,108;0,0370621346262958
4190;23,112;0,0282418554474977
4191;23,116;0,0446950685310249
4192;23,120;0,0506317949013698
4193;23,124;0,0434229128802367
4194;23,128;0,039945687434749
4195;23,133;0,0182342309946307
4196;23,137;0,0352811167151923
4197;23,141;0,0573318146621875
4198;23,145;0,0470697590791629
4199;23,149;0,01399371215867
4200;23,153;0,0576710561690644
4201;23,157;0,0210329734263647
4202;23,161;0,0422355676061677
4203;23,166;0,0618267646283058
4204;23,170;0,0559748486346802
4205;23,174;0,0512254675384043
4206;23,178;0,0546178826071728
4207;23,182;0,0322279431533007
4208;23,186;0,0447798789077441
4209;23,190;0,0598761259637639
4210;23,194;0,0434229128802367
4211;23,199;0,0382494799003648
4212;23,203;0,0332456676739312
4213;23,207;0,0385887214072416
4214;23,211;0,0570773835320299
4215;23,215;0,0485963458601087
4216;23,219;0,0476634317161973
4217;23,223;0,0240013366115371
4218;23,227;0,0245101988718524
4219;23,232;0,0334152884273697
4220;23,236;0,0555507967510841
4221;23,240;0,053515347709823
4222;23,244;0,0390127732908377
4223;23,248;0,0362140308591037
4224;23,252;0,0392672044209953
4225;23,256;0,0568229524018723
4226;23,260;0,0377406176400495
4227;23,265;0,017555747980877
4228;23,269;0,0547875033606112
4229;23,273;0,0302773044887588
4230;23,277;0,0623356268886211
4231;23,281;0,0216266460633991
4232;23,285;0,0358747893522268
4233;23,289;0,0146721951724237
4234;23,293;0,0257823545226406
4235;23,297;0,0533457269563846
4236;23,302;0,0344330129480002
4237;23,306;0,016368402706808
4238;23,310;0,0372317553797342
4239;23,314;0,0431684817500791
4240;23,318;0,0616571438748674
4241;23,322;0,0335000988040889
4242;23,326;0,0486811562368279
4243;23,330;0,0505469845246506
4244;23,335;0,0433381025035175
4245;23,339;0,0328216157903352
4246;23,343;0,0310405978792317
4247;23,347;0,0374013761331726
4248;23,351;0,0214570253099607
4249;23,355;0,0347722544548771
4250;23,359;0,0420659468527293
4251;23,363;0,0642014551764438
4252;23,368;0,0473241902093205
4253;23,372;0,0397760666813106
4254;23,376;0,0176405583575962
4255;23,380;0,0309557875025125
4256;23,384;0,0266304582898327
4257;23,388;0,0480874835997934
4258;23,392;0,0206089215427686
4259;23,396;0,0266304582898327
4260;23,401;0,0326519950368968
4261;23,405;0,0342633921945618
4262;23,409;0,0420659468527293
4263;23,413;0,0521583816823156
4264;23,417;0,0213722149332415
4265;23,421;0,0374013761331726
4266;23,425;0,0461368449352515
4267;23,429;0,042744429866483
4268;23,434;0,0296836318517243
4269;23,438;0,0363836516125421
4270;23,442;0,0396912563045914
4271;23,446;0,0474938109627589
4272;23,450;0,0255279233924829
4273;23,454;0,0211177838030839
4274;23,458;0,028750717707813
4275;23,462;0,0351963063384731
4276;23,466;0,0160291611999311
4277;23,471;0,0293443903448475
4278;23,475;0,034348202571281
4279;23,479;0,0456279826749362
4280;23,483;0,0311254082559509
4281;23,487;0,0600457467172023
4282;23,491;0,027563372433744
4283;23,495;0,0660672834642664
4284;23,499;0,0498685015108969
4285;23,504;0,0491900184971432
4286;23,508;0,0413874638389756
4287;23,512;0,0459672241818131
4288;23,516;0,052328002435754
4289;23,520;0,0708166645605423
4290;23,524;0,0402001185649067
4291;23,528;0,0142481432888277
4292;23,532;0,0473241902093205
4293;23,537;0,051903950552158
4294;23,541;0,023153232844345
4295;23,545;0,0312102186326701
4296;23,549;0,0377406176400495
4297;23,553;0,0410482223320988
4298;23,557;0,0279874243173401
4299;23,561;0,0301076837353204
4300;23,565;0,045119120414621
4301;23,570;0,0513950882918427
4302;23,574;0,0461368449352515
4303;23,578;0,0351963063384731
4304;23,582;0,0530912958262269
4305;23,586;0,0574166250389068
4306;23,590;0,0685267843891236
4307;23,594;0,0586039703129757
4308;23,598;0,0665761457245817
4309;23,603;0,0516495194220003
4310;23,607;0,0458824138050939
4311;23,611;0,0961749671995868
4312;23,615;0,129675066003676
4313;23,619;0,10016105490539
4314;23,623;0,205919594674248
4315;23,627;0,347044061535017
4316;23,631;0,664234870464871
4317;23,635;1,00542701600626
4318;23,640;1,56466664009275
4319;23,644;2,22745973415339
4320;23,648;3,30760469204928
4321;23,652;4,37392555853994
4322;23,656;5,80094495721741
4323;23,660;7,39733067820314
4324;23,664;9,31514772695469
4325;23,668;11,6931458797847
4326;23,673;14,0961630937468
4327;23,677;16,3392279372166
4328;23,681;18,96478757969
4329;23,685;21,431582196945
4330;23,689;24,0053226992429
4331;23,693;25,730874623972
4332;23,697;27,2450790899168
4333;23,701;28,5944969938962
4334;23,706;29,2965572923778
4335;23,710;29,2047076543909
4336;23,714;28,8301850307989
4337;23,718;28,5932248382454
4338;23,722;27,0885191344931
4339;23,726;25,7663253614406
4340;23,730;23,7390181163446
4341;23,734;21,8524112862257
4342;23,739;20,1718936715345
4343;23,743;18,0602001016028
4344;23,747;16,3161595147489
4345;23,751;14,7637055689038
4346;23,755;12,8317251872401
4347;23,759;11,1598582309743
4348;23,763;10,0943006578741
4349;23,767;8,97073278709797
4350;23,772;7,74420511898472
4351;23,776;6,73335023886843
4352;23,780;6,13942317070378
4353;23,784;5,12229232271027
4354;23,788;4,67245808459157
4355;23,792;4,28462023185461
4356;23,796;3,83936575407874
4357;23,800;3,27605523190973
4358;23,804;3,09939521720362
4359;23,809;2,64175842442675
4360;23,813;2,45220723245931
4361;23,817;2,2464572585385
4362;23,821;2,10126189359521
4363;23,825;1,72860509829099
4364;23,829;1,59570723797198
4365;23,833;1,52997919601459
4366;23,837;1,4130256865188
4367;23,842;1,34093686630747
4368;23,846;1,31651147781233
4369;23,850;1,05088537792776
4370;23,854;1,05130942981136
4371;23,858;1,03332962994688
4372;23,862;0,848443008699
4373;23,866;0,809939097668478
4374;23,870;0,7817820525977
4375;23,875;0,754727542424271
4376;23,879;0,73649331142964
4377;23,883;0,635568963133777
4378;23,887;0,577728286211275
4379;23,891;0,566448506107619
4380;23,895;0,592061239876821
4381;23,899;0,490458408567205
4382;23,903;0,445339288152584
4383;23,908;0,48672675199156
4384;23,912;0,426596194897638
4385;23,916;0,320498413621903
4386;23,920;0,435501284453155
4387;23,924;0,357730169001638
4388;23,928;0,366550448180436
4389;23,932;0,318293343827204
4390;23,936;0,254939992417952
4391;23,941;0,286828694064376
4392;23,945;0,176829635459558
4393;23,949;0,29717556002412
4394;23,953;0,247561489643381
4395;23,957;0,196760073988573
4396;23,961;0,210244923886927
4397;23,965;0,278347656392455
4398;23,969;0,176490393952681
4399;23,973;0,188872708953686
4400;23,978;0,256212148068741
4401;23,982;0,166482769499814
4402;23,986;0,199728437173745
4403;23,990;0,161054905389784
4404;23,994;0,13137127353806
4405;23,998;0,158001731827893
4406;24,002;0,179034705254257
4407;24,006;0,098634468124444
4408;24,011;0,172419495870159
4409;24,015;0,11517249158469
4410;24,019;0,110253489734976
4411;24,023;0,110083868981538
4412;24,027;0,0414722742156948
4413;24,031;0,116020595351882
4414;24,035;0,0765837701774488
4415;24,039;0,0833686003149857
4416;24,044;0,069883750416631
4417;24,048;0,112797801036552
4418;24,052;0,0602153674706408
4419;24,056;0,10982943785138
4420;24,060;0,090238240829242
4421;24,064;0,0657280419573896
4422;24,068;0,0921040691170646
4423;24,072;0,0662369042177049
4424;24,077;0,0459672241818131
4425;24,081;0,0785344088419906
4426;24,085;0,0546178826071728
4427;24,089;0,0709014749372615
4428;24,093;0,0629292995256556
4429;24,097;0,0280722346940593
4430;24,101;0,0195911970221381
4431;24,105;0,0552963656209265
4432;24,110;0,051140657161685
4433;24,114;0,0524128128124732
4434;24,118;0,0733609758621187
4435;24,122;0,0446102581543057
4436;24,126;0,0337545299342465
4437;24,130;0,0834534106917049
4438;24,134;0,0828597380546705
4439;24,138;0,0330760469204928
4440;24,142;0,0811635305202862
4441;24,147;0,0211177838030839
4442;24,151;0,0869306361371927
4443;24,155;0,0403697393183451
4444;24,159;0,0764989598007295
4445;24,163;0,0459672241818131
4446;24,167;0,0540242099701383
4447;24,171;0,051903950552158
4448;24,175;0,0760749079171335
4449;24,180;0,0499533118876161
4450;24,184;0,0814179616504439
4451;24,188;0,0795521333626212
4452;24,192;0,0541090203468575
4453;24,196;0,0493596392505816
4454;24,200;0,0532609165796654
4455;24,204;0,0656432315806704
4456;24,208;0,0730217343552418
4457;24,213;0,0301924941120396
4458;24,217;0,065897662710828
4459;24,221;0,0405393600717835
4460;24,225;0,0225595602073105
4461;24,229;0,0429988609966407
4462;24,233;0,0176405583575962
4463;24,237;0,0694596985330349
4464;24,241;0,0309557875025125
4465;24,246;0,0335000988040889
4466;24,250;0,0431684817500791
4467;24,254;0,051140657161685
4468;24,258;0,0513102779151235
4469;24,262;0,0471545694558821
4470;24,266;0,0347722544548771
4471;24,270;0,0428292402432022
4472;24,274;0,0190823347618228
4473;24,279;0,0276481828104632
4474;24,283;0,0278178035639017
4475;24,287;0,015181057432739
4476;24,291;0,0602153674706408
4477;24,295;0,0348570648315963
4478;24,299;0,0574166250389068
4479;24,303;0,0636925929161285
4480;24,307;0,0558900382579609
4481;24,311;0,0160291611999311
4482;24,316;0,0431684817500791
4483;24,320;0,0206089215427686
4484;24,324;0,0520735713055964
4485;24,328;0
4486;24,332;0,033160857297212
4487;24,336;0,019167145138542
4488;24,340;0,0431684817500791
4489;24,344;0,0624204372653403
4490;24,349;0,0397760666813106
4491;24,353;0,053515347709823
4492;24,357;0,0626748683954979
4493;24,361;0,0430836713733599
4494;24,365;0,0720888202113305
4495;24,369;0,0865913946303158
4496;24,373;0,136205465011055
4497;24,377;0,24976655943808
4498;24,382;0,445678529659461
4499;24,386;0,676277943958999
4500;24,390;1,0276473347067
4501;24,394;1,64167446215379
4502;24,398;2,45076545605508
4503;24,402;3,4824836888443
4504;24,406;5,17326335911851
4505;24,410;7,13747168393547
4506;24,415;9,48816089546188
4507;24,419;12,4290455185773
4508;24,423;15,7750693112804
4509;24,427;20,0350945338864
4510;24,431;25,1722286725225
4511;24,435;30,2407512163928
4512;24,439;36,0213416831976
4513;24,443;41,9240590924781
4514;24,448;49,5982956506695
4515;24,452;56,2721938154577
4516;24,456;64,8774786892726
4517;24,460;71,623211243142
4518;24,464;78,6917320908048
4519;24,468;84,7616955629755
4520;24,472;90,4995415999138
4521;24,476;95,253672077286
4522;24,480;97,3729137707457
4523;24,485;100
4524;24,489;98,935884203304
4525;24,493;97,4511089380808
4526;24,497;93,1756482269119
4527;24,501;87,2224686434835
4528;24,505;80,4678310000585
4529;24,509;73,5184687316863
4530;24,513;65,7768079240031
4531;24,518;58,5962525686943
4532;24,522;51,7488323731385
4533;24,526;45,4520859536206
4534;24,530;38,9008235935683
4535;24,534;34,0208345171448
4536;24,538;29,6574254453181
4537;24,542;25,5520943498479
4538;24,546;22,4387902308623
4539;24,551;19,2472909445416
4540;24,555;17,3936753509665
4541;24,559;15,5140229717386
4542;24,563;13,8081470544084
4543;24,567;12,1568890196853
4544;24,571;10,9776007314047
4545;24,575;9,84156573525084
4546;24,579;8,86573754071958
4547;24,584;8,35297400307523
4548;24,588;7,53650450639937
4549;24,592;6,87489875761279
4550;24,596;6,33660729657595
4551;24,600;5,79882469779943
4552;24,604;5,34186638803631
4553;24,608;5,12441258212825
4554;24,612;4,66134792524135
4555;24,617;4,18632500523704
4556;24,621;3,99974217645477
4557;24,625;3,76846427914148
4558;24,629;3,50656983583255
4559;24,633;3,36095041900567
4560;24,637;3,08947240312747
4561;24,641;3,07429134569473
4562;24,645;2,65380149792087
4563;24,649;2,58603800692222
4564;24,654;2,4857073312634
4565;24,658;2,38003360187126
4566;24,662;2,23136101148248
4567;24,666;2,03951993934362
4568;24,670;2,00211856321045
4569;24,674;1,89050810744796
4570;24,678;1,80959900805783
4571;24,682;1,67899102791025
4572;24,687;1,62030224722055
4573;24,691;1,60121991245873
4574;24,695;1,47425877851007
4575;24,699;1,42481432888277
4576;24,703;1,40734339127861
4577;24,707;1,19251870704884
4578;24,711;1,28581012143998
4579;24,715;1,18514020427427
4580;24,720;1,07802469847791
4581;24,724;1,06971328155943
4582;24,728;1,08056900977948
4583;24,732;0,944109113638272
4584;24,736;0,887031730106242
4585;24,740;0,848188577568843
4586;24,744;0,87329244907773
4587;24,748;0,860910134076725
4588;24,753;0,762699717835877
4589;24,757;0,699770418310221
4590;24,761;0,692052674028773
4591;24,765;0,624882855667157
4592;24,769;0,665082974232063
4593;24,773;0,620896767961354
4594;24,777;0,571706749464211
4595;24,781;0,536340822372299
4596;24,786;0,545330722304535
4597;24,790;0,55347251846958
4598;24,794;0,539733237441067
4599;24,798;0,474090005860397
4600;24,802;0,501568567917422
4601;24,806;0,441862062707096
4602;24,810;0,409973361060673
4603;24,814;0,413535396882879
4604;24,818;0,423288590205589
4605;24,823;0,356797254857726
4606;24,827;0,448222840961037
4607;24,831;0,367737793454505
4608;24,835;0,348994700199559
4609;24,839;0,334746556910731
4610;24,843;0,388770766880869
4611;24,847;0,338732644616534
4612;24,851;0,315324980642032
4613;24,856;0,306335080709795
4614;24,860;0,308370529751056
4615;24,864;0,293019851564879
4616;24,868;0,294716059099263
4617;24,872;0,279874243173401
4618;24,876;0,297429991154278
4619;24,880;0,308794581634652
4620;24,884;0,274191947933214
4621;24,889;0,381985936743332
4622;24,893;0,290305919509864
4623;24,897;0,374522623592042
4624;24,901;0,422016434554801
4625;24,905;0,479263438840269
4626;24,909;0,406496135615185
4627;24,913;0,430073420343126
4628;24,917;0,473241902093205
4629;24,922;0,505978707506821
4630;24,926;0,449919048495422
4631;24,930;0,46730517572286
4632;24,934;0,463743139900653
4633;24,938;0,508947070691993
4634;24,942;0,423967073219343
4635;24,946;0,452039307913402
4636;24,950;0,383682144277717
4637;24,955;0,360104859549776
4638;24,959;0,399880926231086
4639;24,963;0,335594660677923
4640;24,967;0,326350329615529
4641;24,971;0,272071688515233
4642;24,975;0,297599611907716
4643;24,979;0,244253884951332
4644;24,983;0,246119713239154
4645;24,987;0,247052627383066
4646;24,992;0,246713385876189
4647;24,996;0,169111891178109
4648;25,000;0,190992968371666
4649;25,004;0,152065005457548
4650;25,008;0,183868896727252
4651;25,012;0,176829635459558
4652;25,016;0,144940933813134
4653;25,020;0,167076442136848
4654;25,025;0,15401564412209
4655;25,029;0,140870035730612
4656;25,033;0,144177640422661
4657;25,037;0,134763688606828
4658;25,041;0,14002193196342
4659;25,045;0,0982952266175671
4660;25,049;0,0950724323022371
4661;25,053;0,111610455762483
4662;25,058;0,116020595351882
4663;25,062;0,134000395216356
4664;25,066;0,0781951673351138
4665;25,070;0,101348400179459
4666;25,074;0,089050895555173
4667;25,078;0,148248538505183
4668;25,082;0,089474947438769
4669;25,086;0,0884572229181385
4670;25,091;0,0496140703807392
4671;25,095;0,0875243087742271
4672;25,099;0,0792128918557443
4673;25,103;0,0540242099701383
4674;25,107;0,0941395181583257
4675;25,111;0,0859977219932813
4676;25,115;0,0529216750727885
4677;25,119;0,0871002568906311
4678;25,124;0,0496140703807392
4679;25,128;0,0857432908631237
4680;25,132;0,0855736701096853
4681;25,136;0,0856584804864045
4682;25,140;0,076668580554168
4683;25,144;0,0759900975404143
4684;25,148;0,0702229919235078
4685;25,152;0,070307802300227
4686;25,156;0,0512254675384043
4687;25,161;0,0893901370620498
4688;25,165;0,0717495787044537
4689;25,169;0,0361292204823845
4690;25,173;0,0457127930516555
4691;25,177;0,0592824533267294
4692;25,181;0,059112832573291
4693;25,185;0,0892205163086114
4694;25,189;0,0700533711700694
4695;25,194;0,0298532526051628
4696;25,198;0,0274785620570248
4697;25,202;0,0645406966833206
4698;25,206;0,0791280814790251
4699;25,210;0,070307802300227
4700;25,214;0,0714103371975768
4701;25,218;0,0503773637712121
4702;25,222;0,0336697195575273
4703;25,227;0,0601305570939216
4704;25,231;0,0710710956907
4705;25,235;0,0600457467172023
4706;25,239;0,0647951278134782
4707;25,243;0,0158595404464927
4708;25,247;0,0471545694558821
4709;25,251;0,0445254477775865
4710;25,255;0,0366380827426997
4711;25,260;0,0780255465816754
4712;25,264;0,0598761259637639
4713;25,268;0,041133032708818
4714;25,272;0,071495147574296
4715;25,276;0,0502925533944929
4716;25,280;0,0661520938409856
4717;25,284;0,0747179418896261
4718;25,288;0,0502077430177737
4719;25,293;0,0619963853817442
4720;25,297;0
4721;25,301;0,0524128128124732
4722;25,305;0,0656432315806704
4723;25,309;0,0718343890811729
4724;25,313;0,046730517572286
4725;25,317;0,0337545299342465
4726;25,321;0,0768382013076064
4727;25,325;0,0741242692525916
4728;25,330;0,0322279431533007
4729;25,334;0,0672546287383354
4730;25,338;0,0452039307913402
4731;25,342;0,0710710956907
4732;25,346;0,0356203582220692
4733;25,350;0,0582647288060989
4734;25,354;0,0128063668846011
4735;25,358;0,0286659073310938
4736;25,363;0,059112832573291
4737;25,367;0,0481722939765126
4738;25,371;0,0159443508232119
4739;25,375;0,0872698776440695
4740;25,379;0,0597065052103255
4741;25,383;0,0485115354833895
4742;25,387;0,0675938702452122
4743;25,391;0,052328002435754
4744;25,396;0,0150962470560198
4745;25,400;0,0681875428822467
4746;25,404;0,0358747893522268
4747;25,408;0,0390975836675569
4748;25,412;0,0396912563045914
4749;25,416;0,0368077034961382
4750;25,420;0,0777711154515177
4751;25,424;0,0659824730875472
4752;25,429;0,0441862062707096
4753;25,433;0,0408786015786604
4754;25,437;0,0421507572294485
4755;25,441;0,0695445089097541
4756;25,445;0,0809939097668478
4757;25,449;0,048341914729951
4758;25,453;0,0694596985330349
4759;25,457;0,0391823940442761
4760;25,462;0,0652191796970743
4761;25,466;0,0635229721626901
4762;25,470;0,0525824335659117
4763;25,474;0,0562292797648378
4764;25,478;0,0847255663424931
4765;25,482;0,0516495194220003
4766;25,486;0,0578406769225028
4767;25,490;0,0536001580865422
4768;25,494;0,0301076837353204
4769;25,499;0,0560596590113994
4770;25,503;0,0396064459278722
4771;25,507;0,0456279826749362
4772;25,511;0,0441013958939904
4773;25,515;0,0352811167151923
4774;25,519;0,0595368844568871
4775;25,523;0,0566533316484338
4776;25,527;0,0600457467172023
4777;25,532;0,051140657161685
4778;25,536;0,0312102186326701
4779;25,540;0,0351963063384731
4780;25,544;0,0269696997967095
4781;25,548;0,0320583223998623
4782;25,552;0,0404545496950643
4783;25,556;0,0449494996611826
4784;25,560;0,0702229919235078
4785;25,565;0,0608090401076753
4786;25,569;0,0643710759298822
4787;25,573;0,0341785818178426
4788;25,577;0,0288355280845322
4789;25,581;0,0652191796970743
4790;25,585;0,0334152884273697
4791;25,589;0,0428292402432022
4792;25,593;0,0792128918557443
4793;25,598;0,0790432711023059
4794;25,602;0,0353659270919116
4795;25,606;0,076668580554168
4796;25,610;0,158001731827893
4797;25,614;0,149859935662848
4798;25,618;0,332371866362593
4799;25,622;0,396827752669195
4800;25,626;0,567381420251531
4801;25,631;1,09125511724611
4802;25,635;1,49368035477877
4803;25,639;2,27809152905476
4804;25,643;3,28945527143137
4805;25,647;4,24026440483046
4806;25,651;5,939101060893
4807;25,655;7,39902688573752
4808;25,659;9,1929359741023
4809;25,663;11,6750812695435
4810;25,668;13,9245917016439
4811;25,672;16,5441298073702
4812;25,676;18,5563408054102
4813;25,680;21,4910342710251
4814;25,684;23,5364909367391
4815;25,688;26,0221134576258
4816;25,692;27,897440507641
4817;25,696;29,1977532035
4818;25,701;29,2440596691886
4819;25,705;30,1333812794663
4820;25,709;29,9024426236599
4821;25,713;29,2375292701813
4822;25,717;27,9229684310335
4823;25,721;26,6160405257904
4824;25,725;24,7021247543679
4825;25,729;23,1267720068086
4826;25,734;20,7471624568209
4827;25,738;18,6963627373736
4828;25,742;16,9326461431209
4829;25,746;14,9248452846703
4830;25,750;13,6955188741253
4831;25,754;11,7932221243134
4832;25,758;10,218463049391
4833;25,762;9,19861826934249
4834;25,767;8,05503514966063
4835;25,771;7,09633865122666
4836;25,775;6,06233053826602
4837;25,779;5,70095352306545
4838;25,783;4,95521588057342
4839;25,787;4,23407324732996
4840;25,791;3,90042922531658
4841;25,795;3,60528911433372
4842;25,800;2,92943522225831
4843;25,804;2,70010796360956
4844;25,808;2,51827451592357
4845;25,812;2,18030516469751
4846;25,816;2,17623426661499
4847;25,820;1,96683744649525
4848;25,824;1,7529456764094
4849;25,828;1,58383378523129
4850;25,833;1,40547756299079
4851;25,837;1,30675828448962
4852;25,841;1,3931800583665
4853;25,845;1,24713658965602
4854;25,849;1,09820956813708
4855;25,853;1,15443884790192
4856;25,857;0,960138274838203
4857;25,861;0,872359534933818
4858;25,865;0,94860406360439
4859;25,870;0,920786260040488
4860;25,874;0,744804728348123
4861;25,878;0,637943653681915
4862;25,882;0,692731157042527
4863;25,886;0,644050000805699
4864;25,890;0,617249921762428
4865;25,894;0,596810620973097
4866;25,898;0,465100105928161
4867;25,903;0,458230465413904
4868;25,907;0,48452168219686
4869;25,911;0,449834238118702
4870;25,915;0,386989748969766
4871;25,919;0,430243041096564
4872;25,923;0,420405037397136
4873;25,927;0,27351346491946
4874;25,931;0,357306117118042
4875;25,936;0,301246458106642
4876;25,940;0,289881867626268
4877;25,944;0,281485640331066
4878;25,948;0,241709573649755
4879;25,952;0,276227396974475
4880;25,956;0,256042527315302
4881;25,960;0,264693185740662
4882;25,964;0,267746359302553
4883;25,969;0,243405781184139
4884;25,973;0,284538813892957
4885;25,977;0,304638873175411
4886;25,981;0,268764083823184
4887;25,985;0,237469054813795
4888;25,989;0,309812306155283
4889;25,993;0,233567777484711
4890;25,997;0,278262846015736
4891;26,002;0,303960390161657
4892;26,006;0,240691849129125
4893;26,010;0,233822208614868
4894;26,014;0,227461430360928
4895;26,018;0,25409188865076
4896;26,022;0,232380432210642
4897;26,026;0,223390532278405
4898;26,030;0,276990690364948
4899;26,034;0,192858796659489
4900;26,039;0,179373946761134
4901;26,043;0,202527179605479
4902;26,047;0,186498018405548
4903;26,051;0,188703088200247
4904;26,055;0,159019456348523
4905;26,059;0,146213089463922
4906;26,063;0,125095305660838
4907;26,067;0,11517249158469
4908;26,072;0,123229477373016
4909;26,076;0,100754727542424
4910;26,080;0,111525645385764
4911;26,084;0,125349736790996
4912;26,088;0,0784495984652714
4913;26,092;0,0661520938409856
4914;26,096;0,13781686216872
4915;26,100;0,0513950882918427
4916;26,105;0,0854040493562468
4917;26,109;0,0562292797648378
4918;26,113;0,0635229721626901
4919;26,117;0,0818420135340399
4920;26,121;0,0580102976759412
4921;26,125;0,0663217145944241
4922;26,129;0,0604697986007984
4923;26,133;0,0508862260315274
4924;26,138;0,0564837108949954
4925;26,142;0,0657280419573896
4926;26,146;0,0221355083237144
4927;26,150;0,0804002371298133
4928;26,154;0,0624204372653403
4929;26,158;0,089050895555173
4930;26,162;0,0374013761331726
4931;26,166;0,0446950685310249
4932;26,171;0,0526672439426309
4933;26,175;0,0180646102411922
4934;26,179;0,0688660258960004
4935;26,183;0,0837926521985818
4936;26,187;0,0554659863743649
4937;26,191;0
4938;26,195;0,0633533514092516
4939;26,199;0,0624204372653403
4940;26,203;0,0166228338369656
4941;26,208;0
4942;26,212;0,017555747980877
4943;26,216;0,0447798789077441
4944;26,220;0,0569077627785915
4945;26,224;0,0643710759298822
4946;26,228;0,046730517572286
4947;26,232;0,0809090993901286
4948;26,236;0,042320377982887
4949;26,241;0,0547875033606112
4950;26,245;0,0306165459956357
4951;26,249;0,0482571043532318
4952;26,253;0,0477482420929166
4953;26,257;0,0760749079171335
4954;26,261;0,0776014946980793
4955;26,265;0,0450343100379018
4956;26,269;0,050716605278089
4957;26,274;0,0626748683954979
4958;26,278;0,0703926126769463
4959;26,282;0,0593672637034487
4960;26,286;0,0145025744189853
4961;26,290;0,0503773637712121
4962;26,294;0,0783647880885522
4963;26,298;0,0316342705162662
4964;26,302;0,0338393403109657
4965;26,307;0,0430836713733599
4966;26,311;0,0297684422284435
4967;26,315;0,0655584212039512
4968;26,319;0,03875834216068
4969;26,323;0,0421507572294485
4970;26,327;0,0228139913374681
4971;26,331;0,0518191401754387
4972;26,335;0,0503773637712121
4973;26,340;0,0332456676739312
4974;26,344;0,0206089215427686
4975;26,348;0,0610634712378329
4976;26,352;0,0174709376041577
4977;26,356;0,0504621741479314
4978;26,360;0,0573318146621875
4979;26,364;0,0348570648315963
4980;26,368;0,0158595404464927
4981;26,372;0,0478330524696358
4982;26,377;0,0458824138050939
4983;26,381;0,0433381025035175
4984;26,385;0,0462216553119707
4985;26,389;0,0517343297987195
4986;26,393;0,0573318146621875
4987;26,397;0,0145873847957045
4988;26,401;0,0580951080526605
4989;26,405;0,0338393403109657
4990;26,410;0,0128911772613203
4991;26,414;0,0347722544548771
4992;26,418;0,0316342705162662
4993;26,422;0,0272241309268672
4994;26,426;0,0345178233247194
4995;26,430;0,0380798591469263
4996;26,434;0,0429988609966407
4997;26,438;0,0404545496950643
4998;26,443;0,0318038912697046
4999;26,447;0,0142481432888277
5000;26,451;0,0558052278812417
5001;26,455;0,0178949894877538
5002;26,459;0,0134848498983548
5003;26,463;0,0406241704485027
5004;26,467;0,0565685212717146
5005;26,471;0,0379950487702071
5006;26,476;0,0362140308591037
5007;26,480;0,0307861667490741
5008;26,484;0,0277329931871824
5009;26,488;0,0696293192864733
5010;26,492;0,0288355280845322
5011;26,496;0,0228988017141873
5012;26,500;0,0597065052103255
5013;26,504;0,0457976034283747
5014;26,509;0,0457127930516555
5015;26,513;0,0414722742156948
5016;26,517;0,0900686200758035
5017;26,521;0,054702692983892
5018;26,525;0,0636925929161285
5019;26,529;0,0711559060674192
5020;26,533;0,067509059868493
5021;26,537;0,0637774032928477
5022;26,541;0,053515347709823
5023;26,546;0,0454583619214978
5024;26,550;0,0290899592146898
5025;26,554;0
5026;26,558;0,0324823742834583
5027;26,562;0,0366380827426997
5028;26,566;0,0257823545226406
5029;26,570;0,0769230116843256
5030;26,574;0,0306165459956357
5031;26,579;0,0339241506876849
5032;26,583;0,028750717707813
5033;26,587;0,0329912365437736
5034;26,591;0,0190823347618228
5035;26,595;0,0562292797648378
5036;26,599;0,0340937714411234
5037;26,603;0,01399371215867
5038;26,607;0,0310405978792317
5039;26,612;0,06030017784736
5040;26,616;0,0460520345585323
5041;26,620;0,0638622136695669
5042;26,624;0,0840470833287394
5043;26,628;0,0955812945625523
5044;26,632;0,136205465011055
5045;26,636;0,222796859641371
5046;26,640;0,301755320366958
5047;26,645;0,348146596432367
5048;26,649;0,684589360877482
5049;26,653;0,921125501547365
5050;26,657;1,39216233384587
5051;26,661;2,02900345263044
5052;26,665;2,96463152859679
5053;26,669;3,93537110052489
5054;26,673;5,34008537012521
5055;26,678;7,13696282167516
5056;26,682;9,07394701556525
5057;26,686;11,5165706754553
5058;26,690;14,114227703988
5059;26,694;16,789740658349
5060;26,698;19,4613523353809
5061;26,702;22,8767510162403
5062;26,706;25,4326813394272
5063;26,710;27,8453669363354
5064;26,715;30,8928582029869
5065;26,719;32,195545589394
5066;26,723;33,6267206965307
5067;26,727;34,085714455335
5068;26,731;34,6266350380502
5069;26,735;33,8788619465169
5070;26,739;32,8085549923204
5071;26,743;31,4450585658056
5072;26,748;29,097761769348
5073;26,752;27,1028520881587
5074;26,756;24,6137523418265
5075;26,760;21,7572540435467
5076;26,764;19,6923758015641
5077;26,768;17,5855164231054
5078;26,772;15,6686322884978
5079;26,776;13,6653263800132
5080;26,781;11,9759036757665
5081;26,785;10,4924005661941
5082;26,789;9,17716124403253
5083;26,793;8,16291394884747
5084;26,797;7,14196663390159
5085;26,801;6,07666349193156
5086;26,805;5,49206556520603
5087;26,809;4,91925628084447
5088;26,814;4,31447348445977
5089;26,818;3,90611152055676
5090;26,822;3,44889877966349
5091;26,826;3,15206246114625
5092;26,830;2,96039100976083
5093;26,834;2,64167361405003
5094;26,838;2,442029987253
5095;26,842;2,19336596271227
5096;26,847;1,9917716972507
5097;26,851;1,82740918716887
5098;26,855;1,73004687469521
5099;26,859;1,49698795947082
5100;26,863;1,42252444871135
5101;26,867;1,34051281442387
5102;26,871;1,2572290244856
5103;26,875;1,17343637228702
5104;26,879;1,0462208072082
5105;26,884;1,04113218460505
5106;26,888;0,937409093877454
5107;26,892;0,901364683771789
5108;26,896;0,809175804278005
5109;26,900;0,794333988352143
5110;26,904;0,711304629544034
5111;26,908;0,639809481969738
5112;26,912;0,705961575810724
5113;26,917;0,63209173768829
5114;26,921;0,562716849531974
5115;26,925;0,566024454224023
5116;26,929;0,570010541929826
5117;26,933;0,49317234062222
5118;26,937;0,482486233155599
5119;26,941;0,43719749198754
5120;26,945;0,483334336922791
5121;26,950;0,353828891672554
5122;26,954;0,32516298434146
5123;26,958;0,368755517975135
5124;26,962;0,290390729886583
5125;26,966;0,337375678589027
5126;26,970;0,289203384612514
5127;26,974;0,278771708276051
5128;26,978;0,261470391425332
5129;26,983;0,289966678002987
5130;26,987;0,319989551361588
5131;26,991;0,290814781770179
5132;26,995;0,249088076424327
5133;26,999;0,19167145138542
5134;27,003;0,185141052378041
5135;27,007;0,243066539677263
5136;27,011;0,164108078951676
5137;27,016;0,228563965258277
5138;27,020;0,223305721901686
5139;27,024;0,160715663882907
5140;27,028;0,201594265461568
5141;27,032;0,224153825668878
5142;27,036;0,137647241415282
5143;27,040;0,210329734263647
5144;27,044;0,174624565664858
5145;27,048;0,1615637676501
5146;27,053;0,155118179019439
5147;27,057;0,153337161108336
5148;27,061;0,133321912202602
5149;27,065;0,175896721315646
5150;27,069;0,103044607713843
5151;27,073;0,162327061040572
5152;27,077;0,128233289599449
5153;27,081;0,13679913764809
5154;27,086;0,102959797337124
5155;27,090;0,141972570627961
5156;27,094;0,0724280617182073
5157;27,098;0,102790176583685
5158;27,102;0,123399098126454
5159;27,106;0,114833250077814
5160;27,110;0,100924348295863
5161;27,114;0,115596543468286
5162;27,119;0,0968534502133405
5163;27,123;0,140615604600454
5164;27,127;0,0848951870959316
5165;27,131;0,055126744867488
5166;27,135;0,0739546484991532
5167;27,139;0,0631837306558132
5168;27,143;0,0921040691170646
5169;27,147;0,0982104162408479
5170;27,152;0,0544482618537343
5171;27,156;0,100415486035547
5172;27,160;0,118056044393144
5173;27,164;0,098634468124444
5174;27,168;0,0506317949013698
5175;27,172;0,0691204570261581
5176;27,176;0,0848103767192123
5177;27,180;0,0613179023679905
5178;27,185;0,112797801036552
5179;27,189;0,138156103675597
5180;27,193;0,138664965935912
5181;27,197;0,192943607036208
5182;27,201;0,194809435324031
5183;27,205;0,219913306832918
5184;27,209;0,203714524879548
5185;27,213;0,19489424570075
5186;27,217;0,145789037580326
5187;27,222;0,168603028917794
5188;27,226;0,124756064153961
5189;27,230;0,0803154267530941
5190;27,234;0,0939698974048873
5191;27,238;0,0809090993901286
5192;27,242;0,0642014551764438
5193;27,246;0,0582647288060989
5194;27,250;0,0528368646960693
5195;27,255;0,0793825126091828
5196;27,259;0,0624204372653403
5197;27,263;0,0510558467849658
5198;27,267;0,0558900382579609
5199;27,271;0,0335849091808081
5200;27,275;0,0463064656886899
5201;27,279;0,0440165855172712
5202;27,283;0,101857262439774
5203;27,288;0,0346874440781579
5204;27,292;0,0790432711023059
5205;27,296;0,0802306163763749
5206;27,300;0,0424051883596062
5207;27,304;0,0326519950368968
5208;27,308;0,033160857297212
5209;27,312;0,056314090141557
5210;27,316;0,0342633921945618
5211;27,321;0,0748027522663453
5212;27,325;0,0346026337014386
5213;27,329;0,0597065052103255
5214;27,333;0,0307013563723549
5215;27,337;0,0452039307913402
5216;27,341;0,0143329536655469
5217;27,345;0,0690356466494389
5218;27,349;0,0497836911341777
5219;27,354;0,0429140506199214
5220;27,358;0,0548723137373304
5221;27,362;0,0529216750727885
5222;27,366;0,0675938702452122
5223;27,370;0,0463912760654092
5224;27,374;0,0646255070600398
5225;27,378;0,0731913551086803
5226;27,382;0,0384191006538032
5227;27,386;0,0292595799681283
5228;27,391;0,0476634317161973
5229;27,395;0,0533457269563846
5230;27,399;0,0486811562368279
5231;27,403;0,0617419542515866
5232;27,407;0,0529216750727885
5233;27,411;0,0412178430855372
5234;27,415;0,0640318344230053
5235;27,419;0,0311254082559509
5236;27,424;0,0128063668846011
5237;27,428;0,0524128128124732
5238;27,432;0,0487659666135471
5239;27,436;0,0842167040821779
5240;27,440;0,0312950290093894
5241;27,444;0,0516495194220003
5242;27,448;0,0329912365437736
5243;27,452;0,0396064459278722
5244;27,457;0,0310405978792317
5245;27,461;0,0197608177755765
5246;27,465;0,032736805413616
5247;27,469;0,0295140110982859
5248;27,473;0,0437621543871136
5249;27,477;0,0384191006538032
5250;27,481;0,0442710166474288
5251;27,485;0,0323127535300199
5252;27,490;0,0301076837353204
5253;27,494;0,0379102383934879
5254;27,498;0,0605546089775176
5255;27,502;0,065897662710828
5256;27,506;0,0859977219932813
5257;27,510;0,0999066237752322
5258;27,514;0,104825625624946
5259;27,518;0,0764989598007295
5260;27,523;0,124332012270365
5261;27,527;0,18302079296006
5262;27,531;0,175981531692366
5263;27,535;0,279195760159647
5264;27,539;0,266389393275046
5265;27,543;0,397675856436387
5266;27,547;0,434398749555806
5267;27,551;0,380968212222702
5268;27,555;0,415316414793983
5269;27,560;0,445339288152584
5270;27,564;0,510558467849658
5271;27,568;0,425069608116692
5272;27,572;0,529216750727885
5273;27,576;0,5319306827829
5274;27,580;0,565854833470585
5275;27,584;0,603510640733915
5276;27,588;0,498939446239126
5277;27,593;0,473326712469924
5278;27,597;0,448392461714476
5279;27,601;0,374098571708446
5280;27,605;0,389958112154938
5281;27,609;0,361970687837598
5282;27,613;0,341701007801707
5283;27,617;0,26384508197347
5284;27,621;0,229751310532346
5285;27,626;0,292086937420967
5286;27,630;0,310236358038879
5287;27,634;0,168857460047952
5288;27,638;0,179373946761134
5289;27,642;0,171316960972809
5290;27,646;0,167161252513568
5291;27,650;0,098634468124444
5292;27,654;0,130438359394149
5293;27,659;0,11525730196141
5294;27,663;0,115935784975163
5295;27,667;0,0711559060674192
5296;27,671;0,0791280814790251
5297;27,675;0,0732761654853995
5298;27,679;0,0171316960972809
5299;27,683;0,102620555830247
5300;27,687;0,0672546287383354
5301;27,692;0,0981256058641287
5302;27,696;0,0473241902093205
5303;27,700;0,042744429866483
5304;27,704;0,078279977711833
5305;27,708;0,0787888399721483
5306;27,712;0,0700533711700694
5307;27,716;0,0128063668846011
5308;27,720;0,0436773440103944
5309;27,724;0,0391823940442761
5310;27,729;0,053515347709823
5311;27,733;0,0295140110982859
5312;27,737;0,0653039900737935
5313;27,741;0,0401153081881874
5314;27,745;0,0545330722304535
5315;27,749;0,0445254477775865
5316;27,753;0,0325671846601775
5317;27,757;0,0358747893522268
5318;27,762;0,0187430932549459
5319;27,766;0,0448646892844633
5320;27,770;0,0285810969543746
5321;27,774;0,0502077430177737
5322;27,778;0,0286659073310938
5323;27,782;0,0234924743512218
5324;27,786;0,0165380234602464
5325;27,790;0,0450343100379018
5326;27,795;0,0497836911341777
5327;27,799;0,042320377982887
5328;27,803;0,0279026139406209
5329;27,807;0,0313798393861086
5330;27,811;0,031549460139547
5331;27,815;0,0278178035639017
5332;27,819;0,0362140308591037
5333;27,823;0,0127215565078819
5334;27,828;0,0435077232569559
5335;27,832;0,0733609758621187
5336;27,836;0,0290899592146898
5337;27,840;0,104740815248227
5338;27,844;0,138749776312631
5339;27,848;0,292171747797687
5340;27,852;0,394537872497776
5341;27,856;0,62776640847561
5342;27,861;0,996945978334341
5343;27,865;1,43948652405519
5344;27,869;2,17301147229966
5345;27,873;3,01271901219658
5346;27,877;4,20871494469091
5347;27,881;5,63073053114195
5348;27,885;7,42955862135644
5349;27,889;9,57305608255781
5350;27,893;11,8525045776401
5351;27,898;14,1905570430353
5352;27,902;16,8050913365352
5353;27,906;19,8565686908925
5354;27,910;22,576013420394
5355;27,914;25,6274907747513
5356;27,918;27,8238251006487
5357;27,922;29,7518193946066
5358;27,926;30,9214392999412
5359;27,931;32,2682280822423
5360;27,935;33,0341505943935
5361;27,939;32,9268654678437
5362;27,943;32,4476020290035
5363;27,947;31,5104473662562
5364;27,951;29,0780857619491
5365;27,955;26,9489212544133
5366;27,959;24,9994699351455
5367;27,964;23,2062393297945
5368;27,968;21,0568899525995
5369;27,972;18,9178874413642
5370;27,976;16,7566646114285
5371;27,980;14,657014114991
5372;27,984;13,0445992328053
5373;27,988;11,220667271082
5374;27,992;10,02305994143
5375;27,997;9,12016867087722
5376;28,001;8,07572888158012
5377;28,005;6,74751357178053
5378;28,009;6,184966343002
5379;28,013;5,40572860170588
5380;28,017;4,84818518515377
5381;28,021;4,31048739675397
5382;28,025;3,72741605680938
5383;28,030;3,54354716008213
5384;28,034;3,15825361864675
5385;28,038;2,6097849124036
5386;28,042;2,49317064441469
5387;28,046;2,45839838995981
5388;28,050;2,06648963914033
5389;28,054;2,02060722533523
5390;28,058;1,71537467952279
5391;28,062;1,56585398536682
5392;28,067;1,47256257097568
5393;28,071;1,37927115658455
5394;28,075;1,34806093795188
5395;28,079;1,23975808688145
5396;28,083;1,10041463793178
5397;28,087;0,984478852956617
5398;28,091;0,949961029631898
5399;28,095;1,03434735446751
5400;28,100;0,867694964214262
5401;28,104;0,784241553522557
5402;28,108;0,751928799992537
5403;28,112;0,825629017361532
5404;28,116;0,664234870464871
5405;28,120;0,565430781586989
5406;28,124;0,571621939087491
5407;28,128;0,638622136695669
5408;28,133;0,508353398054959
5409;28,137;0,419726554383382
5410;28,141;0,468746952127087
5411;28,145;0,414298690273352
5412;28,149;0,41234805160881
5413;28,153;0,397082183799352
5414;28,157;0,439232941028801
5415;28,161;0,418030346848998
5416;28,166;0,288100849715164
5417;28,170;0,358239031261953
5418;28,174;0,332541487116032
5419;28,178;0,378932763181441
5420;28,182;0,248324783033854
5421;28,186;0,263421030089874
5422;28,190;0,232380432210642
5423;28,194;0,146637141347518
5424;28,199;0,19709931549545
5425;28,203;0,205156301283775
5426;28,207;0,196675263611853
5427;28,211;0,196081590974819
5428;28,215;0,248155162280415
5429;28,219;0,196675263611853
5430;28,223;0,172080254363282
5431;28,227;0,159528318608838
5432;28,231;0,212365183304908
5433;28,236;0,188872708953686
5434;28,240;0,16800935628076
5435;28,244;0,155202989396159
5436;28,248;0,131201652784622
5437;28,252;0,146128279087203
5438;28,256;0,150962470560198
5439;28,260;0,043931775140552
5440;28,264;0,120515545318001
5441;28,269;0,114494008570937
5442;28,273;0,143583967785627
5443;28,277;0,0695445089097541
5444;28,281;0,146976382854395
5445;28,285;0,106776264289488
5446;28,289;0,0481722939765126
5447;28,293;0,11517249158469
5448;28,297;0,0705622334303847
5449;28,302;0,0978711747339711
5450;28,306;0,0536001580865422
5451;28,310;0,0824356861710744
5452;28,314;0,0583495391828181
5453;28,318;0,0961749671995868
5454;28,322;0,0340089610644042
5455;28,326;0,0792977022324635
5456;28,330;0,0538545892166998
5457;28,335;0,0513102779151235
5458;28,339;0,0552963656209265
5459;28,343;0,0742090796293108
5460;28,347;0,0911711549731533
5461;28,351;0,0697989400399118
5462;28,355;0,0539393995934191
5463;28,359;0,0157747300697735
5464;28,363;0,0570773835320299
5465;28,368;0,0843015144588971
5466;28,372;0,0585191599362565
5467;28,376;0,0385887214072416
5468;28,380;0,0645406966833206
5469;28,384;0,060724229730956
5470;28,388;0,0581799184293797
5471;28,392;0,0647951278134782
5472;28,396;0,0139089017819508
5473;28,400;0,0280722346940593
5474;28,405;0,045119120414621
5475;28,409;0,051140657161685
5476;28,413;0,0463912760654092
5477;28,417;0,0452887411680594
5478;28,421;0,0554659863743649
5479;28,425;0,0276481828104632
5480;28,429;0,0558052278812417
5481;28,433;0,0298532526051628
5482;28,438;0,0375709968866111
5483;28,442;0,0322279431533007
5484;28,446;0,0546178826071728
5485;28,450;0,0403697393183451
5486;28,454;0
5487;28,458;0,0728521136018034
5488;28,462;0,068696405142562
5489;28,466;0,0146721951724237
5490;28,471;0,0557204175045225
5491;28,475;0
5492;28,479;0,0139089017819508
5493;28,483;0,027139320550148
5494;28,487;0,0578406769225028
5495;28,491;0,0283266658242169
5496;28,495;0,0622508165119019
5497;28,499;0,0265456479131135
5498;28,504;0,0385039110305224
5499;28,508;0,0128911772613203
5500;28,512;0,0432532921267983
5501;28,516;0,061487523121429
5502;28,520;0,0448646892844633
5503;28,524;0,0473241902093205
5504;28,528;0,0330760469204928
5505;28,532;0,0499533118876161
5506;28,537;0,0337545299342465
5507;28,541;0,0314646497628278
5508;28,545;0,0448646892844633
5509;28,549;0,0418115157225717
5510;28,553;0,0128911772613203
5511;28,557;0
5512;28,561;0,0488507769902663
5513;28,565;0,0508014156548082
5514;28,569;0,0435077232569559
5515;28,574;0,0156899196930543
5516;28,578;0,0341785818178426
5517;28,582;0,0329064261670544
5518;28,586;0,0326519950368968
5519;28,590;0,017979799864473
5520;28,594;0,0266304582898327
5521;28,598;0,0297684422284435
5522;28,602;0,0351963063384731
5523;28,607;0,0304469252421972
5524;28,611;0,0409634119553796
5525;28,615;0,0167076442136848
5526;28,619;0,0310405978792317
5527;28,623;0,0492748288738624
5528;28,627;0,0452887411680594
5529;28,631;0,0340089610644042
5530;28,635;0,0393520147977145
5531;28,640;0,0216266460633991
5532;28,644;0,0356203582220692
5533;28,648;0,0273937516803056
5534;28,652;0,0210329734263647
5535;28,656;0,0695445089097541
5536;28,660;0,0321431327765815
5537;28,664;0,0134848498983548
5538;28,668;0,0249342507554484
5539;28,673;0,0283266658242169
5540;28,677;0,0396912563045914
5541;28,681;0,03875834216068
5542;28,685;0,029938062981882
5543;28,689;0,0178101791110346
5544;28,693;0,0344330129480002
5545;28,697;0
5546;28,701;0,0549571241140496
5547;28,706;0,052328002435754
5548;28,710;0,0363836516125421
5549;28,714;0,0575862457923452
5550;28,718;0,0410482223320988
5551;28,722;0,0194215762686996
5552;28,726;0,0440165855172712
5553;28,730;0,0268848894199903
5554;28,734;0,0161987819533696
5555;28,738;0,0292595799681283
5556;28,743;0,0305317356189164
5557;28,747;0
5558;28,751;0,0268848894199903
5559;28,755;0,0284962865776553
5560;28,759;0,0418115157225717
5561;28,763;0,0361292204823845
5562;28,767;0,0319735120231431
5563;28,771;0,0351114959617539
5564;28,776;0,0127215565078819
5565;28,780;0,0148418159258622
5566;28,784;0,0182342309946307
5567;28,788;0,0154354885628966
5568;28,792;0,0430836713733599
5569;28,796;0,0509710364082466
5570;28,800;0,0136544706517932
5571;28,804;0,033160857297212
5572;28,809;0,0502077430177737
5573;28,813;0,0700533711700694
5574;28,817;0,0737002173689955
5575;28,821;0,133830774462917
5576;28,825;0,122211752852385
5577;28,829;0,31337434197749
5578;28,833;0,443388649488042
5579;28,837;0,615384093474605
5580;28,842;0,943600251377957
5581;28,846;1,46891572477676
5582;28,850;2,08574159465559
5583;28,854;2,94868717777358
5584;28,858;4,08582470882477
5585;28,862;5,79449936858675
5586;28,866;7,73377344264826
5587;28,870;10,1057500587312
5588;28,875;12,8085719543958
5589;28,879;16,0479042931861
5590;28,883;19,9901450342252
5591;28,887;24,1162546719916
5592;28,891;28,9599449071793
5593;28,895;33,8775049804894
5594;28,899;38,5921138223104
5595;28,903;44,6298493513278
5596;28,907;49,8743534268905
5597;28,912;55,2838984955487
5598;28,916;60,4619112357635
5599;28,920;66,2248611442107
5600;28,924;69,9537189774243
5601;28,928;73,1733753088158
5602;28,932;75,5462000286659
5603;28,936;76,101029513163
5604;28,940;74,6388138081471
5605;28,945;71,9430311737502
5606;28,949;68,6255884780015
5607;28,953;63,9910406318034
5608;28,957;59,0531260680807
5609;28,961;53,350730768611
5610;28,965;48,1393027399688
5611;28,969;42,3507400977524
5612;28,973;37,6677655264477
5613;28,978;33,2147966968055
5614;28,982;28,7287518202427
5615;28,986;25,471100440081
5616;28,990;21,9145772923609
5617;28,994;19,2589099661522
5618;28,998;16,7313911191662
5619;29,002;14,9525782778575
5620;29,006;12,962248357011
5621;29,011;11,4546591004503
5622;29,015;10,0990500389704
5623;29,019;9,16639032618919
5624;29,023;8,32057643916849
5625;29,027;7,50792340944499
5626;29,031;6,79780612517503
5627;29,035;6,26375518297415
5628;29,039;5,48290604452036
5629;29,044;5,23687114165792
5630;29,048;4,83911047484482
5631;29,052;4,51267533485257
5632;29,056;4,07454492872112
5633;29,060;3,90076846682345
5634;29,064;3,43057973829214
5635;29,068;3,38240744431563
5636;29,072;3,16885491573665
5637;29,076;2,90390729886583
5638;29,081;2,66559014028484
5639;29,085;2,52607707058174
5640;29,089;2,44788190324663
5641;29,093;2,18293428637581
5642;29,097;2,08879476821748
5643;29,101;2,01076922163581
5644;29,105;1,80756355901657
5645;29,109;1,75786467825911
5646;29,114;1,66185933181297
5647;29,118;1,62946176790623
5648;29,122;1,56110460427054
5649;29,126;1,37503063774859
5650;29,130;1,25714421410888
5651;29,134;1,28826962236484
5652;29,138;1,16342874783415
5653;29,142;1,25171634999886
5654;29,147;1,04681447984524
5655;29,151;0,984224421826459
5656;29,155;0,933083764664774
5657;29,159;0,947840770213917
5658;29,163;0,866846860447069
5659;29,167;0,769738979103571
5660;29,171;0,797387161914035
5661;29,175;0,810023908045197
5662;29,180;0,665337405362221
5663;29,184;0,671782993992881
5664;29,188;0,650241158306201
5665;29,192;0,629462616009994
5666;29,196;0,631243633921098
5667;29,200;0,626070200941226
5668;29,204;0,538121840283402
5669;29,208;0,566872557991215
5670;29,213;0,564921919326673
5671;29,217;0,510982519733254
5672;29,221;0,569756110799669
5673;29,225;0,410567033697707
5674;29,229;0,365702344413244
5675;29,233;0,423797452465904
5676;29,237;0,39513154513481
5677;29,241;0,384191006538032
5678;29,245;0,331184521088524
5679;29,250;0,366041585920121
5680;29,254;0,308200908997618
5681;29,258;0,286659073310938
5682;29,262;0,25298935375341
5683;29,266;0,328725020163667
5684;29,270;0,268848894199903
5685;29,274;0,264947616870819
5686;29,278;0,260113425397824
5687;29,283;0,334152884273697
5688;29,287;0,217793047414937
5689;29,291;0,249512128307923
5690;29,295;0,23577284727941
5691;29,299;0,239165262348179
5692;29,303;0,236281709539726
5693;29,307;0,238147537827548
5694;29,311;0,15393083374537
5695;29,316;0,221270272860425
5696;29,320;0,19268917590605
5697;29,324;0,183190413713499
5698;29,328;0,199898057927184
5699;29,332;0,190484106111351
5700;29,336;0,168603028917794
5701;29,340;0,151047280936917
5702;29,344;0,12916620374336
5703;29,349;0,19921957491343
5704;29,353;0,134339636723232
5705;29,357;0,130862411277745
5706;29,361;0,13781686216872
5707;29,365;0,138834586689351
5708;29,369;0,173606841144228
5709;29,373;0,164447320458553
5710;29,377;0,098634468124444
5711;29,382;0,120261114187843
5712;29,386;0,117801613262986
5713;29,390;0,125434547167715
5714;29,394;0,12814847922273
5715;29,398;0,114578818947656
5716;29,402;0,110168679358257
5717;29,406;0,118564906653459
5718;29,410;0,102705366206966
5719;29,414;0,0899838096990843
5720;29,419;0,139513069703104
5721;29,423;0,102790176583685
5722;29,427;0,139343448949666
5723;29,431;0,104825625624946
5724;29,435;0,0630141099023748
5725;29,439;0,114494008570937
5726;29,443;0,0803154267530941
5727;29,447;0,0874394983975079
5728;29,452;0,0868458257604734
5729;29,456;0,0664913353478625
5730;29,460;0,106521833159331
5731;29,464;0,041133032708818
5732;29,468;0,0797217541160596
5733;29,472;0,071495147574296
5734;29,476;0,0608938504843945
5735;29,480;0,0879483606578232
5736;29,485;0,0362988412358229
5737;29,489;0,0777711154515177
5738;29,493;0,131456083914779
5739;29,497;0,107030695419646
5740;29,501;0,188957519330405
5741;29,505;0,351623821877854
5742;29,509;0,506911621650732
5743;29,513;0,774318739446409
5744;29,518;1,07632849094352
5745;29,522;1,47442839926351
5746;29,526;2,33525372296351
5747;29,530;3,16181565446896
5748;29,534;4,38223697545842
5749;29,538;5,87837683116205
5750;29,542;7,1905629797617
5751;29,546;9,11397751337672
5752;29,551;11,6639711101933
5753;29,555;14,1149061870018
5754;29,559;16,4147091724967
5755;29,563;19,3039442761901
5756;29,567;22,1032803805611
5757;29,571;25,1238019474159
5758;29,575;27,5030722558967
5759;29,579;29,5958531118199
5760;29,583;31,5892362062283
5761;29,588;33,5935598392334
5762;29,592;34,2636466256919
5763;29,596;35,2667837615268
5764;29,600;33,9756305863535
5765;29,604;33,2886665349279
5766;29,608;32,0844439958918
5767;29,612;30,4587986949379
5768;29,616;28,3391329495946
5769;29,621;26,2298140702111
5770;29,625;24,1217673464784
5771;29,629;21,5666851270587
5772;29,633;19,7344417484168
5773;29,637;17,4650856881641
5774;29,641;15,4649177636182
5775;29,645;13,592898318295
5776;29,649;12,1644371432133
5777;29,654;10,492739807701
5778;29,658;9,40326570836595
5779;29,662;8,45729076643986
5780;29,666;7,39741548857986
5781;29,670;6,45966715319553
5782;29,674;5,70239529946968
5783;29,678;5,12161383969651
5784;29,682;4,5008866924886
5785;29,687;4,17792877794184
5786;29,691;3,7336920246866
5787;29,695;3,45059498719787
5788;29,699;2,99482402270883
5789;29,703;2,86167173125966
5790;29,707;2,51411880746433
5791;29,711;2,26036616032045
5792;29,715;2,11118470767135
5793;29,720;1,99092359348351
5794;29,724;1,79424832987166
5795;29,728;1,65532893280559
5796;29,732;1,39343448949666
5797;29,736;1,4293940892256
5798;29,740;1,42523838076636
5799;29,744;1,24230239818302
5800;29,748;1,17606549396532
5801;29,752;1,08031457864933
5802;29,757;1,12662104433802
5803;29,761;0,911202687471218
5804;29,765;0,869475982125365
5805;29,769;0,800101093969049
5806;29,773;0,833601192773138
5807;29,777;0,708421076735581
5808;29,781;0,690441276871108
5809;29,785;0,608938504843945
5810;29,790;0,658298144094526
5811;29,794;0,551437069428319
5812;29,798;0,580866270149885
5813;29,802;0,552200362818792
5814;29,806;0,501059705657107
5815;29,810;0,548807947750023
5816;29,814;0,641420879127403
5817;29,818;0,707657783345108
5818;29,823;0,830887260718123
5819;29,827;0,90127987339507
5820;29,831;1,180390823178
5821;29,835;1,54422733930342
5822;29,839;2,08989730311483
5823;29,843;2,75947522731301
5824;29,847;3,93571034203177
5825;29,851;5,18793555429094
5826;29,856;6,81875428822467
5827;29,860;8,7995854468786
5828;29,864;11,4583059466492
5829;29,868;14,2193925711199
5830;29,872;17,4604211174446
5831;29,876;21,4990912568135
5832;29,880;25,8359546807271
5833;29,884;30,7645401030107
5834;29,889;35,5639593215509
5835;29,893;41,6347708974888
5836;29,897;46,4690471808607
5837;29,901;51,8011603755743
5838;29,905;56,6468860598032
5839;29,909;60,81667304158
5840;29,913;64,560203069966
5841;29,917;67,0881459688356
5842;29,921;68,6965747633154
5843;29,926;69,5245784712251
5844;29,930;69,3354513311413
5845;29,934;67,0830573462324
5846;29,938;62,757304081669
5847;29,942;59,2649823891253
5848;29,946;55,1319183004679
5849;29,950;50,9853693619122
5850;29,954;45,5613217188349
5851;29,959;41,1140351844329
5852;29,963;36,6387612257135
5853;29,967;31,7418100739462
5854;29,971;28,7143340562004
5855;29,975;24,8140744516373
5856;29,979;21,2170119438454
5857;29,983;19,1068449606946
5858;29,987;16,9591069806573
5859;29,992;14,6987408203368
5860;29,996;13,4651738909559
5861;30,000;11,3747677255808
5862;30,004;10,476710646501
5863;30,008;9,47772921912542
5864;30,012;8,48247944832546
5865;30,016;8,00915273585554
5866;30,020;7,0696233825601
5867;30,025;6,45831018716802
5868;30,029;5,93307952414594
5869;30,033;5,42591347136505
5870;30,037;5,11160621524365
5871;30,041;4,73564181524738
5872;30,045;4,17852245057887
5873;30,049;3,97090664837024
5874;30,053;3,65693863375572
5875;30,058;3,48129634357023
5876;30,062;3,13179278111035
5877;30,066;3,05749889110432
5878;30,070;2,87252745947972
5879;30,074;2,67737878264881
5880;30,078;2,4570414239323
5881;30,082;2,37384244437075
5882;30,086;2,12560247171362
5883;30,090;2,14112277065324
5884;30,095;1,89517267816752
5885;30,099;1,87184982456974
5886;30,103;1,79653821004308
5887;30,107;1,63047949242686
5888;30,111;1,72241394079048
5889;30,115;1,56025650050335
5890;30,119;1,49274744063486
5891;30,123;1,35357361243863
5892;30,128;1,2183858719482
5893;30,132;1,2730885649321
5894;30,136;1,25197078112901
5895;30,140;1,16512495536854
5896;30,144;1,11008302087777
5897;30,148;0,938596439151523
5898;30,152;1,00610549902002
5899;30,156;0,88185829712637
5900;30,161;0,813670754244123
5901;30,165;0,845813887020705
5902;30,169;0,811465684449424
5903;30,173;0,802899836400783
5904;30,177;0,737511035950271
5905;30,181;0,692900777795965
5906;30,185;0,72029452947627
5907;30,189;0,605206848268299
5908;30,194;0,656771557313581
5909;30,198;0,591637187993225
5910;30,202;0,583325771074743
5911;30,206;0,524976231891924
5912;30,210;0,457297551269993
5913;30,214;0,495038168910042
5914;30,218;0,342209870062022
5915;30,222;0,35968080766618
5916;30,227;0,366296017050278
5917;30,231;0,39733661492951
5918;30,235;0,367398551947628
5919;30,239;0,349333941706436
5920;30,243;0,360952963316968
5921;30,247;0,281400829954347
5922;30,251;0,286574262934219
5923;30,255;0,31549460139547
5924;30,259;0,286065400673903
5925;30,264;0,255788096185144
5926;30,268;0,303790769408219
5927;30,272;0,283097037488731
5928;30,276;0,223814584162001
5929;30,280;0,245017178341804
5930;30,284;0,207361371078474
5931;30,288;0,21423101159273
5932;30,292;0,219319634195883
5933;30,297;0,183444844843656
5934;30,301;0,198965143783272
5935;30,305;0,211262648407558
5936;30,309;0,252056439609499
5937;30,313;0,154863747889282
5938;30,317;0,129929497133833
5939;30,321;0,119752251927528
5940;30,325;0,116359836858759
5941;30,330;0,155711851656474
5942;30,334;0,0956661049392715
5943;30,338;0,146382710217361
5944;30,342;0,154694127135843
5945;30,346;0,159697939362277
5946;30,350;0,104147142611193
5947;30,354;0,149944746039567
5948;30,358;0,116783888742355
5949;30,363;0,124247201893646
5950;30,367;0,139089017819508
5951;30,371;0,131710515044937
5952;30,375;0,145704227203607
5953;30,379;0,207022129571597
5954;30,383;0,101093969049301
5955;30,387;0,111440835009045
5956;30,391;0,0865913946303158
5957;30,396;0,0959205360694292
5958;30,400;0,14324472627875
5959;30,404;0,0993977615149169
5960;30,408;0,0988888992546016
5961;30,412;0,079891374869498
5962;30,416;0,100415486035547
5963;30,420;0,0827749276779513
5964;30,424;0,127894048092572
5965;30,428;0,0993129511381977
5966;30,433;0,0920192587403454
5967;30,437;0,0497836911341777
5968;30,441;0,0635229721626901
5969;30,445;0,0980407954874095
5970;30,449;0,112712990659833
5971;30,453;0,0480026732230742
5972;30,457;0,061487523121429
5973;30,461;0,0585191599362565
5974;30,466;0,0587735910664142
5975;30,470;0,0606394193542368
5976;30,474;0,0611482816145521
5977;30,478;0,0361292204823845
5978;30,482;0,0813331512737246
5979;30,486;0,0559748486346802
5980;30,490;0,0142481432888277
5981;30,494;0,0865913946303158
5982;30,499;0,0709014749372615
5983;30,503;0,0447798789077441
5984;30,507;0,0346874440781579
5985;30,511;0,0440165855172712
5986;30,515;0,0720888202113305
5987;30,519;0,0435925336336751
5988;30,523;0,0800609956229365
5989;30,527;0,0459672241818131
5990;30,532;0,0643710759298822
5991;30,536;0,0353659270919116
5992;30,540;0,0599609363404831
5993;30,544;0,0592824533267294
5994;30,548;0,0270545101734287
5995;30,552;0,0347722544548771
5996;30,556;0,0897293785689267
5997;30,560;0,0482571043532318
5998;30,565;0,0615723334981482
5999;30,569;0,0141633329121085
6000;30,573;0,0178101791110346
6001;30,577;0,047917862846355
6002;30,581;0,0379950487702071
6003;30,585;0,0778559258282369
6004;30,589;0,0346026337014386
6005;30,593;0,0711559060674192
6006;30,597;0,031549460139547
6007;30,602;0,0276481828104632
6008;30,606;0,0193367658919804
6009;30,610;0,0347722544548771
6010;30,614;0,0457127930516555
6011;30,618;0,0494444496273008
6012;30,622;0,0652191796970743
6013;30,626;0,0601305570939216
6014;30,630;0,0317190808929854
6015;30,635;0,01399371215867
6016;30,639;0,0545330722304535
6017;30,643;0,0505469845246506
6018;30,647;0,0362140308591037
6019;30,651;0,0168772649671233
6020;30,655;0,0571621939087491
6021;30,659;0
6022;30,663;0,0206089215427686
6023;30,668;0,045119120414621
6024;30,672;0,0515647090452811
6025;30,676;0,064710317436759
6026;30,680;0,0808242890134094
6027;30,684;0,0630141099023748
6028;30,688;0,0635229721626901
6029;30,692;0,0664913353478625
6030;30,696;0,034348202571281
6031;30,701;0,0557204175045225
6032;30,705;0,0464760864421284
6033;30,709;0,0799761852462172
6034;30,713;0,0901534304525227
6035;30,717;0,169535943061705
6036;30,721;0,212704424811785
6037;30,725;0,411160706334741
6038;30,729;0,588075152171018
6039;30,734;0,85175061339105
6040;30,738;1,44092830045942
6041;30,742;1,93969812594511
6042;30,746;2,83614380786718
6043;30,750;3,93113058168893
6044;30,754;5,34441069933789
6045;30,758;6,96386484279125
6046;30,762;8,85776536530798
6047;30,767;11,0256034046278
6048;30,771;13,9055941772588
6049;30,775;16,7335113785842
6050;30,779;19,355933037119
6051;30,783;22,410802806545
6052;30,787;24,6121409446689
6053;30,791;27,1299065983321
6054;30,795;28,8603775249109
6055;30,799;30,0587481479534
6056;30,804;31,4489598431347
6057;30,808;31,9438283912913
6058;30,812;32,245074849398
6059;30,816;31,5911020345161
6060;30,820;30,5768547393311
6061;30,824;29,1455100114409
6062;30,828;27,1271078559004
6063;30,832;24,9763167023012
6064;30,837;22,7039074684866
6065;30,841;20,7647182048018
6066;30,845;18,6207118813401
6067;30,849;16,3997825461941
6068;30,853;14,9714061814891
6069;30,857;12,986419314376
6070;30,861;11,3919842320548
6071;30,865;10,1596046479479
6072;30,870;8,6610052913194
6073;30,874;8,01441097921213
6074;30,878;6,75048193496571
6075;30,882;6,13009402926467
6076;30,886;5,28767255731273
6077;30,890;4,8235901759052
6078;30,894;4,41972316196831
6079;30,898;3,75031485852357
6080;30,903;3,51318504521665
6081;30,907;3,22220064269303
6082;30,911;3,00975064901141
6083;30,915;2,69018514953342
6084;30,919;2,37918549810406
6085;30,923;2,29089789593936
6086;30,927;2,0398591808505
6087;30,931;1,94368421365091
6088;30,936;1,72232913041376
6089;30,940;1,67856697602665
6090;30,944;1,49410440666236
6091;30,948;1,41955608552618
6092;30,952;1,34093686630747
6093;30,956;1,34627992004078
6094;30,960;1,09464753231487
6095;30,964;1,20133898622764
6096;30,968;1,07548038717633
6097;30,973;0,928673625075375
6098;30,977;0,844796162500074
6099;30,981;1,00890424145175
6100;30,985;0,812737840100212
6101;30,989;0,897378596065986
6102;30,993;0,821134067395414
6103;30,997;0,776863050747985
6104;31,001;0,641929741387718
6105;31,006;0,632515789571886
6106;31,010;0,718598321941886
6107;31,014;0,676447564712438
6108;31,018;0,677041237349472
6109;31,022;0,643371517791945
6110;31,026;0,507250863157609
6111;31,030;0,629971478270309
6112;31,034;0,524297748878171
6113;31,039;0,455092481475293
6114;31,043;0,470867211545067
6115;31,047;0,453226653187471
6116;31,051;0,430836713733599
6117;31,055;0,37367451982485
6118;31,059;0,341955438931864
6119;31,063;0,324484501327706
6120;31,067;0,366211206673559
6121;31,072;0,323127535300199
6122;31,076;0,250953904712149
6123;31,080;0,243490591560859
6124;31,084;0,202272748475321
6125;31,088;0,303197096771184
6126;31,092;0,238401968957706
6127;31,096;0,254007078274041
6128;31,100;0,220252548339794
6129;31,105;0,238486779334425
6130;31,109;0,237723485943952
6131;31,113;0,203120852242514
6132;31,117;0,13569660275074
6133;31,121;0,189381571214001
6134;31,125;0,192434744775893
6135;31,129;0,190484106111351
6136;31,133;0,170977719465932
6137;31,137;0,163175164807765
6138;31,142;0,159104266725242
6139;31,146;0,137986482922159
6140;31,150;0,127130754702099
6141;31,154;0,159867560115715
6142;31,158;0,115002870831252
6143;31,162;0,157492869567577
6144;31,166;0,152658678094582
6145;31,170;0,116359836858759
6146;31,175;0,236281709539726
6147;31,179;0,164871372342149
6148;31,183;0,157577679944297
6149;31,187;0,218471530428691
6150;31,191;0,129335824496799
6151;31,195;0,160630853506188
6152;31,199;0,1593586978554
6153;31,203;0,162920733677607
6154;31,208;0,182172689192868
6155;31,212;0,113985146310621
6156;31,216;0,122042132098947
6157;31,220;0,128826962236484
6158;31,224;0,164277699705114
6159;31,228;0,172843547753755
6160;31,232;0,118649717030178
6161;31,236;0,111610455762483
6162;31,241;0,0988888992546016
6163;31,245;0,073869838122434
6164;31,249;0,112797801036552
6165;31,253;0,0608938504843945
6166;31,257;0,150623229053321
6167;31,261;0,0841318937054586
6168;31,265;0,0870154465139119
6169;31,269;0,0909167238429956
6170;31,274;0,129759876380395
6171;31,278;0,0628444891489364
6172;31,282;0,0895597578154883
6173;31,286;0,0837078418218626
6174;31,290;0,0706470438071039
6175;31,294;0,0672546287383354
6176;31,298;0,0895597578154883
6177;31,302;0,108387661447153
6178;31,306;0,0631837306558132
6179;31,311;0,124162391516927
6180;31,315;0,0284114762009361
6181;31,319;0,0616571438748674
6182;31,323;0,0587735910664142
6183;31,327;0,0797217541160596
6184;31,331;0,0740394588758724
6185;31,335;0,0758204767869758
6186;31,339;0,129590255626956
6187;31,344;0,0739546484991532
6188;31,348;0,100839537919143
6189;31,352;0,0834534106917049
6190;31,356;0,0904926719593996
6191;31,360;0,0760749079171335
6192;31,364;0,089050895555173
6193;31,368;0,142566243264996
6194;31,372;0,102705366206966
6195;31,377;0,0724280617182073
6196;31,381;0,0781103569583946
6197;31,385;0,0444406374008673
6198;31,389;0,0750571833965029
6199;31,393;0,0660672834642664
6200;31,397;0,0544482618537343
6201;31,401;0,0758204767869758
6202;31,405;0,0487659666135471
6203;31,410;0,0438469647638328
6204;31,414;0,0584343495595373
6205;31,418;0,0496140703807392
6206;31,422;0,0618267646283058
6207;31,426;0,0608090401076753
6208;31,430;0,0590280221965718
6209;31,434;0,0694596985330349
6210;31,438;0,0337545299342465
6211;31,443;0,0786192192187098
6212;31,447;0,0829445484313897
6213;31,451;0,114663629324375
6214;31,455;0,136120654634336
6215;31,459;0,255109613171391
6216;31,463;0,340428852150918
6217;31,467;0,570943456073738
6218;31,471;0,842506282328656
6219;31,475;1,25112267736182
6220;31,480;1,81231294011285
6221;31,484;2,66499646764781
6222;31,488;3,47841279076178
6223;31,492;4,74039119634365
6224;31,496;6,18343975622105
6225;31,500;8,24721546330637
6226;31,504;9,79805801199388
6227;31,508;11,9345162119276
6228;31,513;14,551594816729
6229;31,517;16,9204334488733
6230;31,521;19,4456624156879
6231;31,525;22,2607732501287
6232;31,529;24,9367102563733
6233;31,533;26,4551552411541
6234;31,537;28,1741767668758
6235;31,541;29,7872701320752
6236;31,546;30,4531163996977
6237;31,550;30,3377742873596
6238;31,554;29,7560599134425
6239;31,558;29,053660373454
6240;31,562;28,0090509634035
6241;31,566;26,5401352386267
6242;31,570;25,1171019276551
6243;31,574;22,8619940106912
6244;31,579;20,6952585062688
6245;31,583;18,7172260900466
6246;31,587;16,7149379060827
6247;31,591;15,6503132471264
6248;31,595;13,3012354327577
6249;31,599;11,7525979538649
6250;31,603;10,6965391429572
6251;31,607;9,22219555407043
6252;31,612;8,39300450088669
6253;31,616;7,48383726245674
6254;31,620;6,61631191899591
6255;31,624;5,57585821740462
6256;31,628;5,08175296263849
6257;31,632;4,44737134477878
6258;31,636;4,29445823555404
6259;31,640;3,76337565653833
6260;31,644;3,39097329236427
6261;31,649;3,00915697637437
6262;31,653;2,81528045519425
6263;31,657;2,40742735355156
6264;31,661;2,24442180949724
6265;31,665;2,04647439023459
6266;31,669;1,93622090049962
6267;31,673;1,67330873267006
6268;31,677;1,58434264749161
6269;31,682;1,59791230776668
6270;31,686;1,48774362840842
6271;31,690;1,34738245493813
6272;31,694;1,28436834503575
6273;31,698;1,19234908629541
6274;31,702;1,09117030686939
6275;31,706;1,03180304316594
6276;31,710;1,0492739807701
6277;31,715;1,11720709252218
6278;31,719;0,994232046279326
6279;31,723;0,963785121037129
6280;31,727;0,906962168635257
6281;31,731;0,857178477501079
6282;31,735;0,804765664688606
6283;31,739;0,765159218760734
6284;31,743;0,717665407797975
6285;31,748;0,615384093474605
6286;31,752;0,636501877277689
6287;31,756;0,521583816823156
6288;31,760;0,452802601303875
6289;31,764;0,402340427155943
6290;31,768;0,388431525373993
6291;31,772;0,390466974415254
6292;31,776;0,409379688423638
6293;31,781;0,472563419079451
6294;31,785;0,36069853218681
6295;31,789;0,3187173957108
6296;31,793;0,323127535300199
6297;31,797;0,309473064648406
6298;31,801;0,320328792868465
6299;31,805;0,246883006629627
6300;31,809;0,259434942384071
6301;31,813;0,199643626797026
6302;31,818;0,336951626705431
6303;31,822;0,262233684815805
6304;31,826;0,233482967107992
6305;31,830;0,230260172792662
6306;31,834;0,170977719465932
6307;31,838;0,220337358716514
6308;31,842;0,174115703404543
6309;31,846;0,173097978883912
6310;31,851;0,172165064740001
6311;31,855;0,125264926414277
6312;31,859;0,160715663882907
6313;31,863;0,138580155559193
6314;31,867;0,116444647235479
6315;31,871;0,158510594088208
6316;31,875;0,166143527992937
6317;31,879;0,16902708080139
6318;31,884;0,17555747980877
6319;31,888;0,107878799186838
6320;31,892;0,110083868981538
6321;31,896;0,151725763950671
6322;31,900;0,160121991245873
6323;31,904;0,0689508362727196
6324;31,908;0,127894048092572
6325;31,912;0,114748439701094
6326;31,917;0,102959797337124
6327;31,921;0,0941395181583257
6328;31,925;0,093036983260976
6329;31,929;0,145280175320011
6330;31,933;0,10660664353605
6331;31,937;0,133915584839636
6332;31,941;0,141972570627961
6333;31,945;0,0774318739446409
6334;31,950;0,144601692306257
6335;31,954;0,0963445879530252
6336;31,958;0,119837062304247
6337;31,962;0,082690117301232
6338;31,966;0,137307999908405
6339;31,970;0,106267402029173
6340;31,974;0,13247380843541
6341;31,978;0,100839537919143
6342;31,982;0,144092830045942
6343;31,987;0,0820116342874783
6344;31,991;0,110338300111695
6345;31,995;0,145534606450168
6346;31,999;0,0602153674706408
6347;32,003;0,0955812945625523
6348;32,007;0,0887116540482961
6349;32,011;0,0744635107594684
6350;32,015;0,081078720143567
6351;32,020;0,0625900580187787
6352;32,024;0,115596543468286
6353;32,028;0,0487659666135471
6354;32,032;0,0513102779151235
6355;32,036;0,0948180011720794
6356;32,040;0,0944787596652026
6357;32,044;0,0837926521985818
6358;32,048;0,0499533118876161
6359;32,053;0,0752268041499414
6360;32,057;0,0472393798326013
6361;32,061;0,057925487299222
6362;32,065;0,0273089413035864
6363;32,069;0,0525824335659117
6364;32,073;0,0734457862388379
6365;32,077;0,0443558270241481
6366;32,081;0
6367;32,086;0,0414722742156948
6368;32,090;0,11525730196141
6369;32,094;0,0268848894199903
6370;32,098;0,0709014749372615
6371;32,102;0,0485963458601087
6372;32,106;0,04952926000402
6373;32,110;0,0448646892844633
6374;32,114;0,0653888004505127
6375;32,119;0,0508014156548082
6376;32,123;0,0413026534622564
6377;32,127;0,0576710561690644
6378;32,131;0,0335000988040889
6379;32,135;0,0817572031573207
6380;32,139;0,0543634514770151
6381;32,143;0,0198456281522957
6382;32,147;0,0459672241818131
6383;32,151;0,0809939097668478
6384;32,156;0,067085007984897
6385;32,160;0,0474090005860397
6386;32,164;0,0622508165119019
6387;32,168;0,0541938307235767
6388;32,172;0,0442710166474288
6389;32,176;0,0514798986685619
6390;32,180;0,0164532130835272
6391;32,184;0,101942072816493
6392;32,189;0,0429988609966407
6393;32,193;0,039945687434749
6394;32,197;0,0524976231891924
6395;32,201;0,0168772649671233
6396;32,205;0,0508862260315274
6397;32,209;0,0815875824038823
6398;32,213;0,0156051093163351
6399;32,217;0,0328216157903352
6400;32,222;0,0161987819533696
6401;32,226;0,0184886621247883
6402;32,230;0,0295988214750051
6403;32,234;0,0311254082559509
6404;32,238;0,0653888004505127
6405;32,242;0,0311254082559509
6406;32,246;0,053515347709823
6407;32,250;0,0475786213394781
6408;32,255;0,0614027127447097
6409;32,259;0,0306165459956357
6410;32,263;0,0635229721626901
6411;32,267;0,0590280221965718
6412;32,271;0,031549460139547
6413;32,275;0,0362988412358229
6414;32,279;0,0204393007893302
6415;32,283;0,0341785818178426
6416;32,288;0,0502925533944929
6417;32,292;0,0314646497628278
6418;32,296;0,0598761259637639
6419;32,300;0,0320583223998623
6420;32,304;0,051140657161685
6421;32,308;0,0152658678094582
6422;32,312;0,0144177640422661
6423;32,316;0,0183190413713499
6424;32,320;0,0262064064062366
6425;32,325;0,0139089017819508
6426;32,329;0,0416418949691333
6427;32,333;0,0796369437393404
6428;32,337;0,0431684817500791
6429;32,341;0,119667441550809
6430;32,345;0,143753588539065
6431;32,349;0,137901672545439
6432;32,353;0,179034705254257
6433;32,358;0,171486581726247
6434;32,362;0,163429595937922
6435;32,366;0,258247597110002
6436;32,370;0,277160311118386
6437;32,374;0,329233882423982
6438;32,378;0,38656569708617
6439;32,382;0,410567033697707
6440;32,386;0,428631643938899
6441;32,391;0,430582282603441
6442;32,395;0,499193877369284
6443;32,399;0,519972419665491
6444;32,403;0,46951024551756
6445;32,407;0,527690163946939
6446;32,411;0,562801659908693
6447;32,415;0,506572380143855
6448;32,419;0,479687490723865
6449;32,424;0,512254675384043
6450;32,428;0,39843914982686
6451;32,432;0,408277153526288
6452;32,436;0,352556736021766
6453;32,440;0,309133823141529
6454;32,444;0,313543962730928
6455;32,448;0,291578075160652
6456;32,452;0,282842606358573
6457;32,457;0,225765222826543
6458;32,461;0,246883006629627
6459;32,465;0,138834586689351
6460;32,469;0,193961331556839
6461;32,473;0,149011831895656
6462;32,477;0,132304187681971
6463;32,481;0,115087681207971
6464;32,485;0,122975046242858
6465;32,489;0,094648380418641
6466;32,494;0,109575006721222
6467;32,498;0,120430734941282
6468;32,502;0,102705366206966
6469;32,506;0,120345924564562
6470;32,510;0,0764141494240103
6471;32,514;0,0750571833965029
6472;32,518;0,0645406966833206
6473;32,522;0,0463912760654092
6474;32,527;0,0644558863066014
6475;32,531;0,0911711549731533
6476;32,535;0,0584343495595373
6477;32,539;0,0312950290093894
6478;32,543;0,0345178233247194
6479;32,547;0,089474947438769
6480;32,551;0,0345178233247194
6481;32,555;0,0390127732908377
6482;32,560;0,0280722346940593
6483;32,564;0,0643710759298822
6484;32,568;0,0665761457245817
6485;32,572;0,0657280419573896
6486;32,576;0,0817572031573207
6487;32,580;0,082690117301232
6488;32,584;0,0476634317161973
6489;32,588;0,149011831895656
6490;32,593;0,222457618134494
6491;32,597;0,333050349376347
6492;32,601;0,388770766880869
6493;32,605;0,725976824716458
6494;32,609;1,13968184235278
6495;32,613;1,50156771981365
6496;32,617;2,29776753645362
6497;32,621;3,35297824359406
6498;32,626;4,14324133386368
6499;32,630;5,43371602602322
6500;32,634;7,12771849061276
6501;32,638;8,74607009916877
6502;32,642;11,0719098703165
6503;32,646;12,9760724484162
6504;32,650;15,2115043579812
6505;32,654;17,7156155409927
6506;32,658;19,7335088342729
6507;32,663;21,755048973752
6508;32,667;23,4460830751564
6509;32,671;25,4566826760388
6510;32,675;26,4842452003688
6511;32,679;26,9495149270504
6512;32,683;26,3616093956328
6513;32,687;27,1131989541184
6514;32,691;26,2120887014768
6515;32,696;25,2870619226004
6516;32,700;23,94154529595
6517;32,704;22,8624180625748
6518;32,708;20,4459159987143
6519;32,712;18,3748465992311
6520;32,716;17,1914874128679
6521;32,720;15,0479899516666
6522;32,724;13,9007599857858
6523;32,729;12,1299193198886
6524;32,733;10,831302831564
6525;32,737;9,64726516218713
6526;32,741;8,3899513273248
6527;32,745;7,51742217163754
6528;32,749;6,67279562989091
6529;32,753;5,95657199849716
6530;32,757;4,97921721718496
6531;32,762;4,63785545089013
6532;32,766;4,11567796142994
6533;32,770;3,7495515651331
6534;32,774;3,47654696247395
6535;32,778;2,94605805609528
6536;32,782;2,8123969023858
6537;32,786;2,70434848244552
6538;32,790;2,28301053090448
6539;32,795;2,12534804058346
6540;32,799;2,0138223951977
6541;32,803;1,88457138107762
6542;32,807;1,72979244356506
6543;32,811;1,61385665858989
6544;32,815;1,38486864144802
6545;32,819;1,30362030055101
6546;32,823;1,23882517273753
6547;32,827;1,23687453407299
6548;32,832;0,974556038880469
6549;32,836;1,10592731241853
6550;32,840;0,899329234730528
6551;32,844;0,916800172334686
6552;32,848;0,911287497847937
6553;32,852;0,709947663516527
6554;32,856;0,743108520813739
6555;32,860;0,672122235499758
6556;32,865;0,675005788308211
6557;32,869;0,688575448583285
6558;32,873;0,549401620387058
6559;32,877;0,614281558577255
6560;32,881;0,491645753841274
6561;32,885;0,482062181272003
6562;32,889;0,521499006446437
6563;32,893;0,503010344321648
6564;32,898;0,445593719282742
6565;32,902;0,331523762595401
6566;32,906;0,361461825577283
6567;32,910;0,310830030675913
6568;32,914;0,275294482830563
6569;32,918;0,314561687251559
6570;32,922;0,280298295056997
6571;32,926;0,295479352489736
6572;32,931;0,26698306591208
6573;32,935;0,2476463000201
6574;32,939;0,292510989304563
6575;32,943;0,282503364851696
6576;32,947;0,236112088786287
6577;32,951;0,310321168415598
6578;32,955;0,223390532278405
6579;32,959;0,224323446422317
6580;32,964;0,296327456256928
6581;32,968;0,354337753932869
6582;32,972;0,505130603739629
6583;32,976;0,579678924875816
6584;32,980;0,909167238429956
6585;32,984;1,17631992509548
6586;32,988;1,5697552626959
6587;32,992;2,33728917200477
6588;32,996;3,25332605094899
6589;33,001;4,63344531130073
6590;33,005;5,85250966626269
6591;33,009;7,87769665194076
6592;33,013;9,88880511508344
6593;33,017;12,8097592996698
6594;33,021;15,6973830062056
6595;33,025;18,5779674514736
6596;33,029;22,9298423120666
6597;33,034;27,7399476380734
6598;33,038;31,9484929620109
6599;33,042;37,0172699370113
6600;33,046;42,4771075590641
6601;33,050;47,5124692456371
6602;33,054;53,4175613454657
6603;33,058;59,6898823764885
6604;33,062;64,8763761543752
6605;33,067;70,314756751118
6606;33,071;74,8567764763154
6607;33,075;78,1838875550101
6608;33,079;81,4150780976354
6609;33,083;83,8895056487952
6610;33,087;83,5025158998254
6611;33,091;81,2005926549125
6612;33,095;79,0970408811459
6613;33,100;75,0875455113684
6614;33,104;69,4172933446753
6615;33,108;62,3558117582803
6616;33,112;56,6043960610669
6617;33,116;50,4826134487207
6618;33,120;43,3397139006752
6619;33,124;38,999373251316
6620;33,128;33,3929832982925
6621;33,133;29,0556110121186
6622;33,137;25,3514329985302
6623;33,141;22,3628001333219
6624;33,145;19,4779751692179
6625;33,149;17,134070787829
6626;33,153;15,0339962395079
6627;33,157;13,8859181698599
6628;33,161;12,4066555791234
6629;33,165;11,0840377541873
6630;33,170;9,85030120405292
6631;33,174;9,0534229043992
6632;33,178;8,40233364232581
6633;33,182;7,61469967373448
6634;33,186;7,03061060926927
6635;33,190;6,32414017119823
6636;33,194;6,01653293483764
6637;33,198;5,46026167393633
6638;33,203;5,16020256110376
6639;33,207;4,48443347940507
6640;33,211;4,39724841213772
6641;33,215;4,01890932159332
6642;33,219;3,7729592291076
6643;33,223;3,5681421693307
6644;33,227;3,40666321205732
6645;33,231;3,25748175940823
6646;33,236;2,85064638228617
6647;33,240;2,79204241197319
6648;33,244;2,61877481233584
6649;33,248;2,59138106065553
6650;33,252;2,44084264197893
6651;33,256;2,22864707942746
6652;33,260;2,08141626544291
6653;33,264;1,98023748601689
6654;33,269;2,06275798256468
6655;33,273;2,00669832355328
6656;33,277;1,73369372089414
6657;33,281;1,53854504406323
6658;33,285;1,56644765800385
6659;33,289;1,57433502303874
6660;33,293;1,47001825967411
6661;33,297;1,48112841902432
6662;33,302;1,27317337530882
6663;33,306;1,28614936294686
6664;33,310;1,16995914684153
6665;33,314;1,10389186337727
6666;33,318;1,09295132478049
6667;33,322;1,06148667501766
6668;33,326;1,00864981032159
6669;33,330;0,978287695456114
6670;33,334;0,830802450341404
6671;33,339;0,918072327985474
6672;33,343;0,913153326135759
6673;33,347;0,869051930241769
6674;33,351;0,965650949324952
6675;33,355;0,946738235316568
6676;33,359;1,03282076768657
6677;33,363;1,31294944199013
6678;33,367;1,45814480693342
6679;33,372;1,86854221987769
6680;33,376;2,1669899355526
6681;33,380;2,73623718409195
6682;33,384;3,53006231018378
6683;33,388;4,53472603279956
6684;33,392;5,74988911043244
6685;33,396;7,09752599650072
6686;33,400;8,52844667250728
6687;33,405;10,5323462536288
6688;33,409;12,8673455454622
6689;33,413;14,8858325113794
6690;33,417;16,919924586613
6691;33,421;19,0594359601086
6692;33,425;21,3934175274213
6693;33,429;23,2343963748653
6694;33,433;24,6548005641586
6695;33,438;25,3688191257577
6696;33,442;26,062228765814
6697;33,446;26,338286542035
6698;33,450;25,9535866732366
6699;33,454;25,1176956002921
6700;33,458;24,5905991089822
6701;33,462;23,1913127034919
6702;33,466;22,0806360099771
6703;33,471;20,0471376073805
6704;33,475;18,76573762553
6705;33,479;16,4775536616456
6706;33,483;15,3178565703871
6707;33,487;13,7436911681018
6708;33,491;12,193527102428
6709;33,495;10,8688738284507
6710;33,499;9,80255296196
6711;33,503;8,60774437473974
6712;33,508;7,56059065338762
6713;33,512;6,78118329133806
6714;33,516;6,01186836411809
6715;33,520;5,3299081249189
6716;33,524;4,87261057364891
6717;33,528;4,34797358326386
6718;33,532;3,89084565274731
6719;33,536;3,58629158994861
6720;33,541;3,307689502426
6721;33,545;2,97048344459041
6722;33,549;2,63548245654952
6723;33,553;2,39012603670084
6724;33,557;2,35340314358142
6725;33,561;2,12483917832315
6726;33,565;1,9251107411494
6727;33,569;1,8646409425486
6728;33,574;1,68246825335573
6729;33,578;1,628019991502
6730;33,582;1,48299424731215
6731;33,586;1,38715852161944
6732;33,590;1,32931784469693
6733;33,594;1,3613761670968
6734;33,598;1,2382315001005
6735;33,602;1,09498677382175
6736;33,607;1,09261208327361
6737;33,611;0,980323144497376
6738;33,615;0,943854682508114
6739;33,619;0,796284627016685
6740;33,623;0,840810074794271
6741;33,627;0,81299227123037
6742;33,631;0,79891374869498
6743;33,635;0,766092132904645
6744;33,640;0,593757447411206
6745;33,644;0,734542672765098
6746;33,648;0,772452911158586
6747;33,652;0,558730761826171
6748;33,656;0,64498291494961
6749;33,660;0,536510443125737
6750;33,664;0,541514255352171
6751;33,668;0,462640605003303
6752;33,672;0,449410186235106
6753;33,677;0,586463755013353
6754;33,681;0,440674717433027
6755;33,685;0,391484698935884
6756;33,689;0,376473262256584
6757;33,693;0,459587431441412
6758;33,697;0,414637931780229
6759;33,701;0,417691105342121
6760;33,705;0,400813840374998
6761;33,710;0,375455537735953
6762;33,714;0,329912365437736
6763;33,718;0,365363102906367
6764;33,722;0,342040249308583
6765;33,726;0,376049210372988
6766;33,730;0,315409791018751
6767;33,734;0,313204721224051
6768;33,738;0,274870430946967
6769;33,743;0,269781808343814
6770;33,747;0,186158776898671
6771;33,751;0,339919989890603
6772;33,755;0,251293146219026
6773;33,759;0,237299434060356
6774;33,763;0,249172886801046
6775;33,767;0,265541289507854
6776;33,771;0,262488115945962
6777;33,776;0,238232348204268
6778;33,780;0,214909494606484
6779;33,784;0,232804484094238
6780;33,788;0,236960192553479
6781;33,792;0,251377956595745
6782;33,796;0,178865084500819
6783;33,800;0,173267599637351
6784;33,804;0,22720699923077
6785;33,809;0,186073966521952
6786;33,813;0,19811704001608
6787;33,817;0,27453118944009
6788;33,821;0,192095503269016
6789;33,825;0,20888795785942
6790;33,829;0,213043666318661
6791;33,833;0,208633526729262
6792;33,837;0,179713188268011
6793;33,841;0,170723288335774
6794;33,846;0,206174025804405
6795;33,850;0,159782749738996
6796;33,854;0,207106939948317
6797;33,858;0,176405583575962
6798;33,862;0,129505445250237
6799;33,866;0,144432071552819
6800;33,870;0,195148676830908
6801;33,874;0,168687839294513
6802;33,879;0,221439893613863
6803;33,883;0,166737200629971
6804;33,887;0,204817059776898
6805;33,891;0,195403107961065
6806;33,895;0,255872906561864
6807;33,899;0,269951429097253
6808;33,903;0,413535396882879
6809;33,907;0,496649566067708
6810;33,912;0,742769279306862
6811;33,916;1,0356195101183
6812;33,920;1,42286369021823
6813;33,924;1,95784754656302
6814;33,928;2,71215103710369
6815;33,932;3,91790016292073
6816;33,936;5,16919246103599
6817;33,940;6,67432221667185
6818;33,945;8,48561743226407
6819;33,949;10,9011865819807
6820;33,953;13,0351852809895
6821;33,957;16,0158459707862
6822;33,961;18,7752363877225
6823;33,965;21,6793133073418
6824;33,969;25,0335637065866
6825;33,973;27,1790966168293
6826;33,978;30,3061400168433
6827;33,982;32,899895768047
6828;33,986;34,9796158259555
6829;33,990;36,2171688430423
6830;33,994;37,6401173436372
6831;33,998;38,0533134990132
6832;34,002;37,1141233872247
6833;34,006;35,8748741626035
6834;34,010;34,694652960179
6835;34,015;32,6995736582362
6836;34,019;30,3649984182865
6837;34,023;28,2346465654766
6838;34,027;25,8206040025409
6839;34,031;23,4189437546063
6840;34,035;20,8432526136438
6841;34,039;18,5240280518802
6842;34,043;16,479843541817
6843;34,048;14,5299681706656
6844;34,052;12,7939845696001
6845;34,056;11,2480610227623
6846;34,060;10,2617163415178
6847;34,064;8,91102628188764
6848;34,068;7,84097375882134
6849;34,072;6,99482063029376
6850;34,076;6,28054763756455
6851;34,081;5,6318330660393
6852;34,085;5,14943164326042
6853;34,089;4,66728465161169
6854;34,093;4,34212166727023
6855;34,097;3,74429332177651
6856;34,101;3,50784199148334
6857;34,105;3,19624866741696
6858;34,109;3,03561781391077
6859;34,114;2,60851275675281
6860;34,118;2,58493547202487
6861;34,122;2,41896156478537
6862;34,126;2,16419119312086
6863;34,130;1,98083115865392
6864;34,134;1,81536611367474
6865;34,138;1,85124090302697
6866;34,142;1,59239963327993
6867;34,147;1,66372516010079
6868;34,151;1,44873085511759
6869;34,155;1,41421303179287
6870;34,159;1,19837062304247
6871;34,163;1,19455415609011
6872;34,167;1,01687641686336
6873;34,171;1,03273595730985
6874;34,175;1,10482477752118
6875;34,179;0,958526877680538
6876;34,184;0,903908995073365
6877;34,188;0,9217191741844
6878;34,192;0,840216402157237
6879;34,196;0,817147979689611
6880;34,200;0,723686944545039
6881;34,204;0,842506282328656
6882;34,208;0,728860377524911
6883;34,212;0,615468903851324
6884;34,217;0,585276409739284
6885;34,221;0,628699322619521
6886;34,225;0,586718186143511
6887;34,229;0,392163181949638
6888;34,233;0,553981380729895
6889;34,237;0,534220562954319
6890;34,241;0,476719127538693
6891;34,245;0,468492520996929
6892;34,250;0,416164518561175
6893;34,254;0,396997373422633
6894;34,258;0,375625158489391
6895;34,262;0,440335475926151
6896;34,266;0,323721207937234
6897;34,270;0,304299631668534
6898;34,274;0,359256755782584
6899;34,278;0,296836318517243
6900;34,283;0,3359339021848
6901;34,287;0,261894443308928
6902;34,291;0,338563023863096
6903;34,295;0,280213484680278
6904;34,299;0,316257894785943
6905;34,303;0,244084264197893
6906;34,307;0,261555201802051
6907;34,311;0,276481828104632
6908;34,316;0,287422366701411
6909;34,320;0,221185462483706
6910;34,324;0,146043468710484
6911;34,328;0,212534804058346
6912;34,332;0,255448854678268
6913;34,336;0,227546240737647
6914;34,340;0,260028615021105
6915;34,344;0,170384046828898
6916;34,348;0,175218238301893
6917;34,353;0,212280372928189
6918;34,357;0,180561292035203
6919;34,361;0,170638477959055
6920;34,365;0,154778937512563
6921;34,369;0,160206801622592
6922;34,373;0,17979799864473
6923;34,377;0,171741012856405
6924;34,381;0,192519555152612
6925;34,386;0,189805623097597
6926;34,390;0,140870035730612
6927;34,394;0,12602821980475
6928;34,398;0,0709862853139807
6929;34,402;0,0973623124736558
6930;34,406;0,0823508757943552
6931;34,410;0,118904148160336
6932;34,414;0,117292751002671
6933;34,419;0,0910015342197149
6934;34,423;0,14315991590203
6935;34,427;0,141124466860769
6936;34,431;0,156220713916789
6937;34,435;0,119413010420651
6938;34,439;0,128742151859764
6939;34,443;0,179543567514573
6940;34,447;0,150029556416287
6941;34,452;0,0572470042854683
6942;34,456;0,0884572229181385
6943;34,460;0,136205465011055
6944;34,464;0,0801458059996557
6945;34,468;0,134678878230109
6946;34,472;0,0694596985330349
6947;34,476;0,09583572569271
6948;34,480;0,131625704668218
6949;34,485;0,0348570648315963
6950;34,489;0,0793825126091828
6951;34,493;0,101518020932897
6952;34,497;0,0904078615826804
6953;34,501;0,0857432908631237
6954;34,505;0,133830774462917
6955;34,509;0,103977521857754
6956;34,513;0,132049756551814
6957;34,517;0,102026883193212
6958;34,522;0,0861673427467197
6959;34,526;0,122975046242858
6960;34,530;0,12704594432538
6961;34,534;0,125604167921154
6962;34,538;0,0965142087064637
6963;34,542;0,138834586689351
6964;34,546;0,0903230512059612
6965;34,550;0,111864886892641
6966;34,555;0,118904148160336
6967;34,559;0,134085205593075
6968;34,563;0,141887760251242
6969;34,567;0,0836230314451434
6970;34,571;0,0641166447997245
6971;34,575;0,0814179616504439
6972;34,579;0,098634468124444
6973;34,583;0,0538545892166998
6974;34,588;0,121533269838631
6975;34,592;0,115002870831252
6976;34,596;0,0370621346262958
6977;34,600;0,0882027917879808
6978;34,604;0,126113030181469
6979;34,608;0,120854786824878
6980;34,612;0,0528368646960693
6981;34,616;0,123144666996296
6982;34,621;0,10982943785138
6983;34,625;0,0643710759298822
6984;34,629;0,134339636723232
6985;34,633;0,0953268634323947
6986;34,637;0,0952420530556755
6987;34,641;0,0690356466494389
6988;34,645;0,0798065644927788
6989;34,649;0,112458559529676
6990;34,654;0,111016783125449
6991;34,658;0,0409634119553796
6992;34,662;0,0814179616504439
6993;34,666;0,0985496577477248
6994;34,670;0,063098920279094
6995;34,674;0,0806546682599709
6996;34,678;0,0746331315129069
6997;34,682;0,0697989400399118
6998;34,686;0,0702229919235078
6999;34,691;0,0720040098346113
7000;34,695;0,0679331117520891
7001;34,699;0,0494444496273008
7002;34,703;0,0684419740124044
7003;34,707;0,0509710364082466
7004;34,711;0,0926129313773799
7005;34,715;0,0613179023679905
7006;34,719;0,0747179418896261
7007;34,724;0,0630141099023748
7008;34,728;0,0811635305202862
7009;34,732;0,0444406374008673
7010;34,736;0,0553811759976457
7011;34,740;0,0854040493562468
7012;34,744;0,0539393995934191
7013;34,748;0,0601305570939216
7014;34,752;0,0541938307235767
7015;34,757;0,0826053069245128
7016;34,761;0,0761597182938527
7017;34,765;0,0672546287383354
7018;34,769;0,0940547077816065
7019;34,773;0,0831141691848281
7020;34,777;0,0833686003149857
7021;34,781;0,0816723927806015
7022;34,785;0,0525824335659117
7023;34,790;0,0885420332948577
7024;34,794;0,0375709968866111
7025;34,798;0,0337545299342465
7026;34,802;0,0526672439426309
7027;34,806;0,0859129116165621
7028;34,810;0,068696405142562
7029;34,814;0,0967686398366213
7030;34,818;0,0768382013076064
7031;34,823;0,0783647880885522
7032;34,827;0,104656004871508
7033;34,831;0,0652191796970743
7034;34,835;0,0855736701096853
7035;34,839;0,0735305966155571
7036;34,843;0,0824356861710744
7037;34,847;0,079891374869498
7038;34,851;0,112373749152956
7039;34,855;0,0831141691848281
7040;34,860;0,0393520147977145
7041;34,864;0,0898989993223651
7042;34,868;0,0853192389795276
7043;34,872;0,047917862846355
7044;34,876;0,0475786213394781
7045;34,880;0,0701381815467886
7046;34,884;0,107793988810119
7047;34,888;0,0379102383934879
7048;34,893;0,064710317436759
7049;34,897;0,0748875626430645
7050;34,901;0,079891374869498
7051;34,905;0,0920192587403454
7052;34,909;0,0960053464461484
7053;34,913;0,144601692306257
7054;34,917;0,132219377305252
7055;34,921;0,126537082065065
7056;34,926;0,246883006629627
7057;34,930;0,437621543871136
7058;34,934;0,519293936651737
7059;34,938;0,655414591286073
7060;34,942;0,96904336439372
7061;34,946;1,44415109477475
7062;34,950;2,11635814065122
7063;34,954;2,9607302512677
7064;34,959;4,01560171690127
7065;34,963;5,30599159868408
7066;34,967;6,98633959262184
7067;34,971;8,99855059066187
7068;34,975;11,3362638145502
7069;34,979;13,8164584713269
7070;34,983;17,1438239811517
7071;34,987;19,9001612245261
7072;34,992;23,38188161998
7073;34,996;26,4815312683137
7074;35,000;30,5189292520318
7075;35,004;33,8361175166504
7076;35,008;38,1695037151186
7077;35,012;39,9332203093713
7078;35,016;42,5866825657853
7079;35,020;44,4528500951148
7080;35,024;44,3631207165459
7081;35,029;44,3625270439089
7082;35,033;43,1029233288751
7083;35,037;41,5218034756989
7084;35,041;39,0640835687528
7085;35,045;36,2230207590359
7086;35,049;33,456251839325
7087;35,053;30,1776522961137
7088;35,057;26,888621076566
7089;35,062;23,5511631319115
7090;35,066;21,022287318898
7091;35,070;18,1378015963009
7092;35,074;16,1187209577466
7093;35,078;14,2636635877673
7094;35,082;12,5555826006424
7095;35,086;11,0644465571652
7096;35,090;9,9186583676886
7097;35,095;8,69111297505472
7098;35,099;7,90653218002529
7099;35,103;7,10660070680968
7100;35,107;6,28885905448303
7101;35,111;5,67059140819998
7102;35,115;5,2155837371014
7103;35,119;4,73055319264423
7104;35,123;4,34161280500992
7105;35,128;3,98015097943264
7106;35,132;3,53396358751286
7107;35,136;3,51148883768227
7108;35,140;3,19319549385506
7109;35,144;3,05707483922073
7110;35,148;2,73538908032476
7111;35,152;2,53557583277429
7112;35,156;2,30048146850863
7113;35,161;2,33364232580585
7114;35,165;2,05656682506418
7115;35,169;1,94707662871968
7116;35,173;2,02586546869183
7117;35,177;1,82706994566199
7118;35,181;1,89220431498235
7119;35,185;1,6973100692816
7120;35,189;1,53591592238494
7121;35,193;1,41887760251242
7122;35,198;1,40496870073047
7123;35,202;1,28309618938496
7124;35,206;1,17487814869125
7125;35,210;1,13925779046918
7126;35,214;0,982273783161917
7127;35,218;0,972181348332331
7128;35,222;0,958696498433976
7129;35,226;0,991094062340716
7130;35,231;0,866253187810035
7131;35,235;0,88185829712637
7132;35,239;0,811296063695985
7133;35,243;0,814942909894911
7134;35,247;0,651089262073393
7135;35,251;0,675769081698684
7136;35,255;0,64286265553163
7137;35,259;0,649732296045886
7138;35,264;0,645152535703048
7139;35,268;0,530658527132112
7140;35,272;0,619963853817442
7141;35,276;0,519802798912052
7142;35,280;0,546518067578604
7143;35,284;0,537952219529964
7144;35,288;0,474429247367274
7145;35,292;0,433211404281737
7146;35,297;0,498939446239126
7147;35,301;0,451276014522929
7148;35,305;0,482825474662476
7149;35,309;0,361292204823845
7150;35,313;0,402764479039539
7151;35,317;0,420235416643697
7152;35,321;0,375879589619549
7153;35,325;0,351539011501135
7154;35,330;0,356033961467253
7155;35,334;0,314561687251559
7156;35,338;0,321855379649411
7157;35,342;0,334237694650416
7158;35,346;0,331863004102278
7159;35,350;0,289118574235795
7160;35,354;0,302348993003992
7161;35,358;0,318547774957362
7162;35,362;0,297684422284435
7163;35,367;0,272750171528987
7164;35,371;0,237638675567233
7165;35,375;0,252480491493095
7166;35,379;0,267152686665519
7167;35,383;0,183784086350533
7168;35,387;0,255024802794672
7169;35,391;0,297345180777559
7170;35,395;0,260198235774543
7171;35,400;0,235433605772533
7172;35,404;0,237723485943952
7173;35,408;0,199813247550464
7174;35,412;0,19701450511873
7175;35,416;0,188363846693371
7176;35,420;0,211771510667873
7177;35,424;0,208294285222386
7178;35,428;0,180985343918799
7179;35,433;0,210414544640366
7180;35,437;0,168348597787637
7181;35,441;0,231362707690011
7182;35,445;0,231277897313292
7183;35,449;0,22720699923077
7184;35,453;0,303366717524623
7185;35,457;0,314476876874839
7186;35,461;0,471715315312259
7187;35,466;0,523958507371294
7188;35,470;0,836145504074715
7189;35,474;1,34458371250639
7190;35,478;1,65889096862779
7191;35,482;2,33406637768944
7192;35,486;3,20956389656187
7193;35,490;4,10702730300458
7194;35,494;5,51123271034458
7195;35,499;6,9755686747785
7196;35,503;8,86522867845927
7197;35,507;10,6916201411075
7198;35,511;13,2117604853189
7199;35,515;16,0050750529429
7200;35,519;18,4851848993428
7201;35,523;21,3043666318661
7202;35,527;23,7329965795975
7203;35,531;26,446419772352
7204;35,536;28,5208815869039
7205;35,540;30,0635823394264
7206;35,544;31,4381889252914
7207;35,548;32,6301139597032
7208;35,552;32,9792782806562
7209;35,556;32,8334044326992
7210;35,560;31,4691447127939
7211;35,564;30,7694591048604
7212;35,569;28,771241818979
7213;35,573;27,02966073305
7214;35,577;25,2701846576332
7215;35,581;23,0441666998841
7216;35,585;20,4992617256707
7217;35,589;18,4758557579037
7218;35,593;16,5479462743226
7219;35,597;14,8589476219594
7220;35,602;13,0545220468815
7221;35,606;11,917469326207
7222;35,610;10,3567887738201
7223;35,614;9,12534210385709
7224;35,618;8,093284629561
7225;35,622;7,15341603475868
7226;35,626;6,36696941144143
7227;35,630;5,83546278054212
7228;35,635;5,18182920716716
7229;35,639;4,79331287141644
7230;35,643;4,22381119174693
7231;35,647;3,82206443722802
7232;35,651;3,58111815696874
7233;35,655;3,34534530968933
7234;35,659;3,15045106398858
7235;35,663;2,7267384218994
7236;35,668;2,67576738549115
7237;35,672;2,41794384026474
7238;35,676;2,23339646052374
7239;35,680;2,10473911904069
7240;35,684;1,81604459668849
7241;35,688;1,91162589125105
7242;35,692;1,65074917246275
7243;35,696;1,60130472283545
7244;35,701;1,53998682046746
7245;35,705;1,46747394837253
7246;35,709;1,33991914178684
7247;35,713;1,48655628313435
7248;35,717;1,25773788674592
7249;35,721;1,25858599051311
7250;35,725;1,13849449707871
7251;35,729;1,13518689238666
7252;35,733;1,08209559656043
7253;35,738;1,0960893087191
7254;35,742;1,03663723463893
7255;35,746;0,897378596065986
7256;35,750;0,747603470779857
7257;35,754;0,784665605406153
7258;35,758;0,851920234144488
7259;35,762;0,691119759884862
7260;35,766;0,678652634507137
7261;35,771;0,73869838122434
7262;35,775;0,577728286211275
7263;35,779;0,570604214566861
7264;35,783;0,547705412852673
7265;35,787;0,492663478361905
7266;35,791;0,523788886617855
7267;35,795;0,5663636957309
7268;35,799;0,556864933538348
7269;35,804;0,405732842224712
7270;35,808;0,451445635276367
7271;35,812;0,467983658736614
7272;35,816;0,369094759482012
7273;35,820;0,370536535886239
7274;35,824;0,402849289416259
7275;35,828;0,358239031261953
7276;35,832;0,383851765031155
7277;35,837;0,353913702049273
7278;35,841;0,295394542113017
7279;35,845;0,266050151768169
7280;35,849;0,259095700877194
7281;35,853;0,310405978792317
7282;35,857;0,2820793129681
7283;35,861;0,280467915810435
7284;35,865;0,261215960295174
7285;35,870;0,270545101734287
7286;35,874;0,198625902276395
7287;35,878;0,278941329029489
7288;35,882;0,194385383440435
7289;35,886;0,238232348204268
7290;35,890;0,248833645294169
7291;35,894;0,20133983433141
7292;35,898;0,209057578612858
7293;35,902;0,172843547753755
7294;35,907;0,18632839765211
7295;35,911;0,189975243851036
7296;35,915;0,216266460633991
7297;35,919;0,180985343918799
7298;35,923;0,181494206179114
7299;35,927;0,150283987546444
7300;35,931;0,246883006629627
7301;35,935;0,267152686665519
7302;35,940;0,188787898576967
7303;35,944;0,183784086350533
7304;35,948;0,133915584839636
7305;35,952;0,180646102411922
7306;35,956;0,192858796659489
7307;35,960;0,195572728714504
7308;35,964;0,241539952896317
7309;35,968;0,210838596523962
7310;35,973;0,120091493434405
7311;35,977;0,269527377213657
7312;35,981;0,27461599981681
7313;35,985;0,252565301869814
7314;35,989;0,269442566836938
7315;35,993;0,290475540263302
7316;35,997;0,323212345676918
7317;36,001;0,346026337014386
7318;36,006;0,251208335842307
7319;36,010;0,338732644616534
7320;36,014;0,212958855941942
7321;36,018;0,270375480980849
7322;36,022;0,254515940534356
7323;36,026;0,168348597787637
7324;36,030;0,146297899840641
7325;36,034;0,167754925150602
7326;36,039;0,0919344483636262
7327;36,043;0,182342309946307
7328;36,047;0,105588919015419
7329;36,051;0,157408059190858
7330;36,055;0,106437022782612
7331;36,059;0,0600457467172023
7332;36,063;0,0608938504843945
7333;36,067;0,120769976448158
7334;36,071;0,089474947438769
7335;36,076;0,0973623124736558
7336;36,080;0,101009158672582
7337;36,084;0,124586443400523
7338;36,088;0,09905852000804
7339;36,092;0,106861074666208
7340;36,096;0,093036983260976
7341;36,100;0,0827749276779513
7342;36,104;0,0521583816823156
7343;36,109;0,128063668846011
7344;36,113;0,103468659597439
7345;36,117;0,0420659468527293
7346;36,121;0,0965990190831829
7347;36,125;0,0540242099701383
7348;36,129;0,104740815248227
7349;36,133;0,102196503946651
7350;36,137;0,0957509153159908
7351;36,142;0,0755660456568182
7352;36,146;0,0520735713055964
7353;36,150;0,131710515044937
7354;36,154;0,0616571438748674
7355;36,158;0,0593672637034487
7356;36,162;0,102535745453528
7357;36,166;0,0857432908631237
7358;36,170;0,0834534106917049
7359;36,175;0,0580102976759412
7360;36,179;0,0625052476420595
7361;36,183;0,0656432315806704
7362;36,187;0,105673729392139
7363;36,191;0,0909167238429956
7364;36,195;0,100245865282109
7365;36,199;0,064710317436759
7366;36,203;0,0679331117520891
7367;36,208;0,059112832573291
7368;36,212;0,0617419542515866
7369;36,216;0,112119318022799
7370;36,220;0,0919344483636262
7371;36,224;0,043931775140552
7372;36,228;0,089474947438769
7373;36,232;0,0679331117520891
7374;36,236;0,0731913551086803
7375;36,240;0,0589432118198526
7376;36,245;0,0629292995256556
7377;36,249;0,09905852000804
7378;36,253;0,037146945003015
7379;36,257;0,0780255465816754
7380;36,261;0,0597913155870447
7381;36,265;0,114833250077814
7382;36,269;0,131964946175094
7383;36,273;0,0590280221965718
7384;36,278;0,0971078813434981
7385;36,282;0,0811635305202862
7386;36,286;0,0805698578832517
7387;36,290;0,107454747303242
7388;36,294;0,126537082065065
7389;36,298;0,144432071552819
7390;36,302;0,10660664353605
7391;36,306;0,0656432315806704
7392;36,311;0,0956661049392715
7393;36,315;0,117716802886267
7394;36,319;0,0899838096990843
7395;36,323;0,1571536280607
7396;36,327;0,0964293983297444
7397;36,331;0,148078917751745
7398;36,335;0,0316342705162662
7399;36,339;0,108387661447153
7400;36,344;0,0577558665457836
7401;36,348;0,0743787003827492
7402;36,352;0,0351114959617539
7403;36,356;0,0835382210684242
7404;36,360;0,0627596787722171
7405;36,364;0,0747179418896261
7406;36,368;0,0672546287383354
7407;36,372;0,0700533711700694
7408;36,377;0,0456279826749362
7409;36,381;0,064286265553163
7410;36,385;0,0503773637712121
7411;36,389;0,0254431130157637
7412;36,393;0,0697989400399118
7413;36,397;0,0575862457923452
7414;36,401;0,0644558863066014
7415;36,405;0,0680179221288083
7416;36,409;0,0540242099701383
7417;36,414;0,0714103371975768
7418;36,418;0,0572470042854683
7419;36,422;0,0776014946980793
7420;36,426;0,0513950882918427
7421;36,430;0,0947331907953602
7422;36,434;0,0590280221965718
7423;36,438;0,0170468857205617
7424;36,442;0,0859129116165621
7425;36,447;0,0735305966155571
7426;36,451;0,0748027522663453
7427;36,455;0,0624204372653403
7428;36,459;0,0771774428144832
7429;36,463;0,0385039110305224
7430;36,467;0,0324823742834583
7431;36,471;0,0664065249711433
7432;36,475;0,0676786806219315
7433;36,480;0,0720888202113305
7434;36,484;0,0734457862388379
7435;36,488;0,0871850672673503
7436;36,492;0,0524976231891924
7437;36,496;0,048341914729951
7438;36,500;0,0752268041499414
7439;36,504;0,0572470042854683
7440;36,508;0,0938850870281681
7441;36,513;0,174370134534701
7442;36,517;0,21423101159273
7443;36,521;0,273937516803056
7444;36,525;0,420659468527293
7445;36,529;0,593757447411206
7446;36,533;1,04876511850978
7447;36,537;1,3737584820978
7448;36,541;2,09362895969048
7449;36,546;2,86438566331468
7450;36,550;3,74522623592042
7451;36,554;5,04155284407358
7452;36,558;6,57746876645851
7453;36,562;8,22355336820171
7454;36,566;10,4193788318388
7455;36,570;12,3802795519637
7456;36,574;14,7836360074328
7457;36,578;17,1866532213949
7458;36,583;20,1590024942732
7459;36,587;22,1935186213904
7460;36,591;24,6556486679258
7461;36,595;27,1096369182962
7462;36,599;27,9872546965866
7463;36,603;29,4427703818418
7464;36,607;29,6999154440544
7465;36,611;29,7067850845687
7466;36,616;29,1456796321944
7467;36,620;28,271369458596
7468;36,624;27,1131989541184
7469;36,628;26,0717275280065
7470;36,632;23,9911593663308
7471;36,636;22,1612906782371
7472;36,640;19,9954032775818
7473;36,644;17,7984752790473
7474;36,649;16,5230120235671
7475;36,653;14,7592954293144
7476;36,657;12,95529390612
7477;36,661;11,4586451881561
7478;36,665;10,4203965563595
7479;36,669;9,05902038926267
7480;36,673;8,29496370539928
7481;36,677;6,96776612012033
7482;36,682;6,34865037007008
7483;36,686;5,59273548237174
7484;36,690;5,47705412852673
7485;36,694;4,69442397216184
7486;36,698;4,09735892005859
7487;36,702;3,8612468312723
7488;36,706;3,51148883768227
7489;36,710;3,22449052286445
7490;36,715;2,87481733965114
7491;36,719;2,75608281224424
7492;36,723;2,61953810572631
7493;36,727;2,34441324364919
7494;36,731;2,12797716226176
7495;36,735;2,06411494859219
7496;36,739;1,9233297232383
7497;36,743;1,81350028538692
7498;36,747;1,6346352008861
7499;36,752;1,65736438184685
7500;36,756;1,47417396813335
7501;36,760;1,32982670695725
7502;36,764;1,32685834377208
7503;36,768;1,26783032157551
7504;36,772;1,21652004366038
7505;36,776;1,09625892947254
7506;36,780;1,17674397697907
7507;36,785;1,01509539895225
7508;36,789;1,12102355947455
7509;36,793;0,930369832609759
7510;36,797;0,900431769627878
7511;36,801;0,945466079665779
7512;36,805;0,897039354559109
7513;36,809;0,847170853048212
7514;36,813;0,89474947438769
7515;36,818;0,909167238429956
7516;36,822;0,950978754152528
7517;36,826;1,04800182511931
7518;36,830;1,15418441677176
7519;36,834;1,32974189658053
7520;36,838;1,64150484140036
7521;36,842;2,04740730437851
7522;36,846;2,5647506023657
7523;36,851;3,23186902563903
7524;36,855;4,10499185396332
7525;36,859;5,34025499087864
7526;36,863;6,94792049196803
7527;36,867;8,49028200298363
7528;36,871;10,3786698510136
7529;36,875;12,8587796974135
7530;36,879;16,018644713218
7531;36,884;18,9618192165048
7532;36,888;22,0974284645675
7533;36,892;25,9974336380005
7534;36,896;29,9819947570225
7535;36,900;34,382635584229
7536;36,904;39,0863038874532
7537;36,908;43,9846120052481
7538;36,912;48,6502004493254
7539;36,916;54,0454125643181
7540;36,921;59,9125944257532
7541;36,925;64,6681666795296
7542;36,929;70,3276479283793
7543;36,933;75,7730677863898
7544;36,937;80,9014664562239
7545;36,941;84,5471253098759
7546;36,945;87,8977288629218
7547;36,949;88,9850827028389
7548;36,954;88,9894080320515
7549;36,958;87,3742792178109
7550;36,962;84,2238281538223
7551;36,966;79,5860575133089
7552;36,970;72,8891757364297
7553;36,974;66,0941683536864
7554;36,978;60,1022304280973
7555;36,982;52,9181130369663
7556;36,987;46,446911672537
7557;36,991;40,3108809169019
7558;36,995;35,5514921961732
7559;36,999;31,3106341187057
7560;37,003;27,4269973479795
7561;37,007;24,3716187162932
7562;37,011;21,3400718004649
7563;37,015;19,1229589322713
7564;37,020;17,0207641245322
7565;37,024;15,3961365480989
7566;37,028;14,0284844131249
7567;37,032;12,8129820939852
7568;37,036;11,4494008570937
7569;37,040;10,5912894654487
7570;37,044;9,87922154251417
7571;37,048;9,25170956516872
7572;37,053;8,31981314577801
7573;37,057;7,60757560209007
7574;37,061;7,17758699212366
7575;37,065;6,82732013627331
7576;37,069;6,07606981929453
7577;37,073;5,84716661252938
7578;37,077;5,37511205571024
7579;37,081;5,02153759516784
7580;37,085;4,8774447651219
7581;37,090;4,67593531003705
7582;37,094;4,14027297067851
7583;37,098;4,01246373296266
7584;37,102;3,78661369975939
7585;37,106;3,59002324652426
7586;37,110;3,39300874140553
7587;37,114;3,42006325157896
7588;37,118;2,96649735688461
7589;37,123;3,05580268356994
7590;37,127;2,7819499771436
7591;37,131;2,64777996117381
7592;37,135;2,58561395503863
7593;37,139;2,51021753013525
7594;37,143;2,24153825668878
7595;37,147;2,19828496456198
7596;37,151;2,11279610482902
7597;37,156;2,10312772188303
7598;37,160;1,99304385290149
7599;37,164;1,86633715008299
7600;37,168;1,76532799141041
7601;37,172;1,70044805322021
7602;37,176;1,64447320458553
7603;37,180;1,52522981491831
7604;37,184;1,6196237642068
7605;37,189;1,49936265001896
7606;37,193;1,38826105651679
7607;37,197;1,26638854517128
7608;37,201;1,3741825339814
7609;37,205;1,29480002137222
7610;37,209;1,30251776565366
7611;37,213;1,19345162119276
7612;37,217;1,04656004871508
7613;37,222;1,00415486035547
7614;37,226;1,13476284050306
7615;37,230;1,12721471697505
7616;37,234;1,11135517652856
7617;37,238;1,14460084420249
7618;37,242;1,37460658586499
7619;37,246;1,38495345182474
7620;37,250;1,54219189026216
7621;37,254;1,86794854724065
7622;37,259;2,28182318563041
7623;37,263;2,89797057249549
7624;37,267;3,89254186028169
7625;37,271;4,7286873643564
7626;37,275;5,76337396033079
7627;37,279;7,43040672512363
7628;37,283;8,84589191256729
7629;37,287;11,0148324867844
7630;37,292;13,4296383431106
7631;37,296;15,6585398536682
7632;37,300;18,6097713427433
7633;37,304;21,4023226169768
7634;37,308;24,1533168066179
7635;37,312;27,1820649800144
7636;37,316;29,9492579516089
7637;37,320;32,2239570655949
7638;37,325;34,6251084512692
7639;37,329;36,396966841687
7640;37,333;38,1667897830635
7641;37,337;39,2685613870228
7642;37,341;40,8858104606815
7643;37,345;41,8934425464824
7644;37,349;41,5302845133708
7645;37,353;42,9654457082133
7646;37,358;42,3222438111748
7647;37,362;43,2040172979244
7648;37,366;41,9595098299467
7649;37,370;41,9790162165921
7650;37,374;41,2276810892366
7651;37,378;39,7420577202462
7652;37,382;38,341244727975
7653;37,386;37,4892396834538
7654;37,391;35,9620592298709
7655;37,395;33,3202159950674
7656;37,399;31,3495620816198
7657;37,403;29,0841072986962
7658;37,407;27,4995102200744
7659;37,411;25,0936942636806
7660;37,415;22,7072998835554
7661;37,419;20,9203452460815
7662;37,423;18,6175738974015
7663;37,428;17,0169476575798
7664;37,432;15,0957381937595
7665;37,436;13,7947470148868
7666;37,440;12,311328715691
7667;37,444;11,1478999678569
7668;37,448;10,2632429282988
7669;37,452;8,94876689952769
7670;37,456;8,1837773015204
7671;37,461;7,41047628659462
7672;37,465;6,68543237602207
7673;37,469;6,26383999335087
7674;37,473;5,71952699556696
7675;37,477;5,2305951737807
7676;37,481;4,90721320735035
7677;37,485;4,47256002666438
7678;37,489;4,26791258764092
7679;37,494;4,02348908193615
7680;37,498;3,76320603578489
7681;37,502;3,49512043497546
7682;37,506;3,1381535593643
7683;37,510;3,07853186453069
7684;37,514;2,9549631456508
7685;37,518;2,81918173252334
7686;37,522;2,50953904712149
7687;37,527;2,43651731276625
7688;37,531;2,35009553888937
7689;37,535;2,26384338576594
7690;37,539;2,15689750072301
7691;37,543;2,02934269413731
7692;37,547;1,81248256086629
7693;37,551;1,91289804690183
7694;37,555;1,70629996921383
7695;37,560;1,58408821636145
7696;37,564;1,45924734183077
7697;37,568;1,55338685998909
7698;37,572;1,44559287117897
7699;37,576;1,32965708620381
7700;37,580;1,35331918130847
7701;37,584;1,23271882561375
7702;37,588;1,24823912455337
7703;37,592;1,22262639078417
7704;37,597;1,11890330005657
7705;37,601;1,10830200296667
7706;37,605;1,02035364230884
7707;37,609;0,972011727578893
7708;37,613;0,874394983975079
7709;37,617;0,884996281064981
7710;37,621;0,810872011812389
7711;37,625;0,802815026024064
7712;37,630;0,840725264417552
7713;37,634;0,776099757357512
7714;37,638;0,720124908722832
7715;37,642;0,67941592789761
7716;37,646;0,749638919821118
7717;37,650;0,680688083548398
7718;37,654;0,605037227514861
7719;37,658;0,69451217495363
7720;37,663;0,628444891489364
7721;37,667;0,603849882240792
7722;37,671;0,558137089189137
7723;37,675;0,610041039741294
7724;37,679;0,519887609288772
7725;37,683;0,559663675970082
7726;37,687;0,614451179330693
7727;37,691;0,521074954562841
7728;37,696;0,551182638298161
7729;37,700;0,49741285945818
7730;37,704;0,601220760562496
7731;37,708;0,689338741973758
7732;37,712;0,652276607347462
7733;37,716;0,917139413841562
7734;37,720;1,20295038338531
7735;37,724;1,37002682552216
7736;37,729;1,8624358727539
7737;37,733;2,32261697683235
7738;37,737;3,12924846980878
7739;37,741;4,23280109167917
7740;37,745;5,49427063500073
7741;37,749;7,02263843385766
7742;37,753;8,55745182134525
7743;37,757;10,8008559063219
7744;37,761;13,1285615057574
7745;37,766;15,9712357126319
7746;37,770;19,1706223639875
7747;37,774;22,2589074218409
7748;37,778;25,467792835389
7749;37,782;28,9794512938247
7750;37,786;31,4497231365252
7751;37,790;34,6293489701052
7752;37,794;37,7395999155289
7753;37,799;38,9874997985754
7754;37,803;41,0210830115486
7755;37,807;41,4534463120632
7756;37,811;40,801084894339
7757;37,815;40,8665585051662
7758;37,819;39,2854386519899
7759;37,823;37,9820727825691
7760;37,827;35,5475061084674
7761;37,832;32,6334215643952
7762;37,836;30,5662534422412
7763;37,840;27,3894263510929
7764;37,844;25,0320371198057
7765;37,848;22,0886929957654
7766;37,852;19,689068196872
7767;37,856;17,3092042157542
7768;37,860;15,1616358564703
7769;37,865;14,1360239708049
7770;37,869;12,409199890425
7771;37,873;10,9857425275697
7772;37,877;10,0068611594766
7773;37,881;8,91229843753843
7774;37,885;8,19446340898702
7775;37,889;7,36900401237892
7776;37,893;6,70510838342093
7777;37,898;6,16249159317141
7778;37,902;5,73394475960923
7779;37,906;5,09964795212624
7780;37,910;4,87142322837484
7781;37,914;4,33084188716658
7782;37,918;4,05342714491804
7783;37,922;3,74963637550982
7784;37,926;3,60511949358028
7785;37,930;3,34763518986075
7786;37,935;3,13476114429553
7787;37,939;2,94851755702014
7788;37,943;2,83487165221639
7789;37,947;2,5991836153137
7790;37,951;2,39275515837914
7791;37,955;2,38588551786488
7792;37,959;2,3713829434459
7793;37,963;2,13086071507021
7794;37,968;1,97404632851639
7795;37,972;1,90806385542884
7796;37,976;1,93282848543085
7797;37,980;1,73225194448991
7798;37,984;1,81358509576364
7799;37,988;1,68967713537687
7800;37,992;1,60834398410314
7801;37,996;1,56432739858587
7802;38,001;1,53515262899446
7803;38,005;1,44898528624774
7804;38,009;1,28597974219342
7805;38,013;1,37528506887875
7806;38,017;1,27079868476068
7807;38,021;1,1870060325621
7808;38,025;1,09837918889052
7809;38,029;1,09125511724611
7810;38,034;1,12925016601631
7811;38,038;0,893307697983464
7812;38,042;0,833686003149857
7813;38,046;0,795606144002931
7814;38,050;0,821388498525572
7815;38,054;0,823084706059956
7816;38,058;0,852683527534961
7817;38,062;0,752183231122694
7818;38,067;0,706046386187443
7819;38,071;0,6890843108436
7820;38,075;0,70307802300227
7821;38,079;0,611482816145521
7822;38,083;0,674327305294457
7823;38,087;0,689423552350477
7824;38,091;0,595368844568871
7825;38,095;0,576201699430329
7826;38,099;0,497667290588338
7827;38,104;0,48350395767623
7828;38,108;0,569756110799669
7829;38,112;0,538291461036841
7830;38,116;0,478754576579954
7831;38,120;0,482231802025441
7832;38,124;0,456364637126082
7833;38,128;0,446696254180091
7834;38,132;0,433381025035175
7835;38,137;0,44788359945416
7836;38,141;0,456619068256239
7837;38,145;0,428292402432022
7838;38,149;0,287167935571253
7839;38,153;0,441353200446781
7840;38,157;0,365193482152928
7841;38,161;0,36069853218681
7842;38,165;0,338647834239815
7843;38,170;0,3187173957108
7844;38,174;0,268424842316307
7845;38,178;0,292341368551125
7846;38,182;0,321770569272692
7847;38,186;0,268340031939588
7848;38,190;0,310914841052633
7849;38,194;0,328216157903352
7850;38,198;0,31116927218279
7851;38,203;0,325756656978495
7852;38,207;0,256636199952337
7853;38,211;0,301670509990238
7854;38,215;0,23908045197146
7855;38,219;0,341446576671549
7856;38,223;0,288948953482356
7857;38,227;0,294292007215667
7858;38,231;0,297938853414593
7859;38,236;0,246204523615873
7860;38,240;0,250445042451834
7861;38,244;0,226867757723893
7862;38,248;0,246967817006346
7863;38,252;0,267915980055992
7864;38,256;0,241879194403194
7865;38,260;0,28106158844747
7866;38,264;0,231617138820169
7867;38,268;0,151301712067075
7868;38,273;0,214655063476326
7869;38,277;0,228988017141873
7870;38,281;0,269612187590376
7871;38,285;0,234839933135499
7872;38,289;0,194130952310277
7873;38,293;0,174285324157981
7874;38,297;0,33491617766417
7875;38,301;0,277160311118386
7876;38,306;0,253922267897322
7877;38,310;0,195233487207627
7878;38,314;0,198032229639361
7879;38,318;0,179628377891292
7880;38,322;0,232804484094238
7881;38,326;0,167839735527321
7882;38,330;0,219913306832918
7883;38,334;0,164277699705114
7884;38,339;0,292086937420967
7885;38,343;0,1593586978554
7886;38,347;0,198965143783272
7887;38,351;0,212704424811785
7888;38,355;0,206174025804405
7889;38,359;0,215927219127115
7890;38,363;0,14969031490941
7891;38,367;0,106097781275735
7892;38,372;0,120515545318001
7893;38,376;0,13891939706607
7894;38,380;0,160630853506188
7895;38,384;0,131964946175094
7896;38,388;0,191756261762139
7897;38,392;0,147570055491429
7898;38,396;0,257823545226406
7899;38,400;0,190144864604474
7900;38,405;0,205749973920809
7901;38,409;0,216266460633991
7902;38,413;0,213467718202257
7903;38,417;0,179204326007696
7904;38,421;0,183444844843656
7905;38,425;0,210075303133489
7906;38,429;0,242472867040228
7907;38,433;0,188618277823528
7908;38,437;0,254346319780918
7909;38,442;0,232634863340799
7910;38,446;0,180985343918799
7911;38,450;0,223814584162001
7912;38,454;0,251632387725903
7913;38,458;0,222457618134494
7914;38,462;0,199728437173745
7915;38,466;0,233143725601115
7916;38,470;0,227122188854051
7917;38,475;0,154948558266001
7918;38,479;0,198201850392799
7919;38,483;0,235942468032849
7920;38,487;0,129505445250237
7921;38,491;0,185819535391794
7922;38,495;0,156051093163351
7923;38,499;0,148927021518937
7924;38,503;0,152404246964425
7925;38,508;0,143838398915784
7926;38,512;0,14646752059408
7927;38,516;0,128657341483045
7928;38,520;0,118904148160336
7929;38,524;0,148757400765498
7930;38,528;0,13569660275074
7931;38,532;0,159782749738996
7932;38,536;0,156220713916789
7933;38,541;0,131286463161341
7934;38,545;0,19489424570075
7935;38,549;0,218895582312287
7936;38,553;0,172165064740001
7937;38,557;0,156644765800385
7938;38,561;0,160630853506188
7939;38,565;0,218386720051972
7940;38,569;0,120939597201597
7941;38,574;0,121872511345508
7942;38,578;0,17555747980877
7943;38,582;0,113900335933902
7944;38,586;0,199728437173745
7945;38,590;0,186158776898671
7946;38,594;0,151132091313636
7947;38,598;0,170299236452178
7948;38,602;0,171825823233124
7949;38,606;0,132219377305252
7950;38,611;0,189211950460563
7951;38,615;0,163514406314641
7952;38,619;0,109999058604818
7953;38,623;0,208039854092228
7954;38,627;0,150368797923163
7955;38,631;0,259010890500475
7956;38,635;0,225595602073105
7957;38,639;0,233313346354553
7958;38,644;0,375540348112672
7959;38,648;0,540411720454821
7960;38,652;0,793740315715108
7961;38,656;0,863624066131739
7962;38,660;1,34271788421857
7963;38,664;1,7922128808304
7964;38,668;2,58332407486721
7965;38,672;3,50572173206536
7966;38,677;4,44838906929941
7967;38,681;5,99872275572661
7968;38,685;7,47807015683983
7969;38,689;9,43812277319755
7970;38,693;11,6055367606337
7971;38,697;13,7931356177291
7972;38,701;16,5470133601786
7973;38,705;19,6824529874879
7974;38,710;22,3853596935292
7975;38,714;25,5006144511793
7976;38,718;29,3760246153637
7977;38,722;32,2931623329978
7978;38,726;36,1410939351252
7979;38,730;39,2534651399668
7980;38,734;41,8614690344593
7981;38,738;45,0320201577303
7982;38,743;45,6906575433317
7983;38,747;47,3323320054855
7984;38,751;46,9211712991508
7985;38,755;45,5218848936605
7986;38,759;44,1926518593403
7987;38,763;42,0740038385177
7988;38,767;38,3771195173272
7989;38,771;35,5619238725097
7990;38,775;32,0746059921924
7991;38,780;28,6544579302367
7992;38,784;25,5665121138902
7993;38,788;22,4390446619925
7994;38,792;19,7611570170834
7995;38,796;18,1081179644492
7996;38,800;15,9698787466044
7997;38,804;14,1806342289592
7998;38,808;12,6383575283203
7999;38,813;11,1711380110779
8000;38,817;10,2193959635349
8001;38,821;9,18988280054041
8002;38,825;8,14357718295549
8003;38,829;7,48137776153188
8004;38,833;6,89372666124446
8005;38,837;6,46789375973729
8006;38,841;5,95114413438713
8007;38,846;5,42625271287193
8008;38,850;4,91866260820744
8009;38,854;4,62013008215581
8010;38,858;4,33016340415282
8011;38,862;4,1004969039972
8012;38,866;3,983967446385
8013;38,870;3,64837278570708
8014;38,874;3,37647071794528
8015;38,879;3,34856810400466
8016;38,883;3,11762944819825
8017;38,887;2,96123911352802
8018;38,891;2,77584363001982
8019;38,895;2,78890442803458
8020;38,899;2,57492784757201
8021;38,903;2,33966386255291
8022;38,907;2,34509172666294
8023;38,912;2,19752167117151
8024;38,916;2,06827065705143
8025;38,920;1,98668307464755
8026;38,924;1,88100934525541
8027;38,928;1,65074917246275
8028;38,932;1,60113510208201
8029;38,936;1,51378041406122
8030;38,940;1,51725763950671
8031;38,944;1,47095117381802
8032;38,949;1,46306380878313
8033;38,953;1,35925590767882
8034;38,957;1,20040607208373
8035;38,961;1,22033651061275
8036;38,965;1,19887948530279
8037;38,969;1,17894904677377
8038;38,973;1,03578913087174
8039;38,977;1,13298182259196
8040;38,982;1,01908148665806
8041;38,986;1,00771689617768
8042;38,990;0,905181150724153
8043;38,994;0,940716698569503
8044;38,998;0,891272248942203
8045;39,002;0,796708678900281
8046;39,006;0,785852950680222
8047;39,010;0,775675705473916
8048;39,015;0,771095945131079
8049;39,019;0,718852753072044
8050;39,023;0,722245168140812
8051;39,027;0,652446228100901
8052;39,031;0,645322156456487
8053;39,035;0,671189321355847
8054;39,039;0,673903253410861
8055;39,043;0,599354932274674
8056;39,048;0,668136147793955
8057;39,052;0,532015493159619
8058;39,056;0,610889143508487
8059;39,060;0,666015888375975
8060;39,064;0,565600402340427
8061;39,068;0,564413057066358
8062;39,072;0,611822057652398
8063;39,076;0,511661002747008
8064;39,081;0,594690361555117
8065;39,085;0,519887609288772
8066;39,089;0,498939446239126
8067;39,093;0,56424343631292
8068;39,097;0,603595451110634
8069;39,101;0,530064854495077
8070;39,105;0,570773835320299
8071;39,109;0,677126047726191
8072;39,113;0,753879438657079
8073;39,118;0,916969793088124
8074;39,122;1,13883373858558
8075;39,126;1,39682690456543
8076;39,130;1,84089403706722
8077;39,134;2,40233873094841
8078;39,138;2,91450859595573
8079;39,142;3,85759998507337
8080;39,146;4,91153853656303
8081;39,151;6,35238202664572
8082;39,155;7,64972635931952
8083;39,159;9,42650375158702
8084;39,163;11,177159547825
8085;39,167;13,2927543950857
8086;39,171;15,3038628582284
8087;39,175;17,3138687864738
8088;39,179;19,3601735559549
8089;39,184;21,1525560575388
8090;39,188;23,1787607677375
8091;39,192;24,1430547510349
8092;39,196;25,9080435009384
8093;39,200;27,9068544594568
8094;39,204;28,2254022344142
8095;39,208;29,0748629676338
8096;39,212;30,2181068458088
8097;39,217;30,122610361623
8098;39,221;31,4815270277949
8099;39,225;32,2336254485409
8100;39,229;33,0398328896337
8101;39,233;33,6372371832438
8102;39,237;35,0819819506556
8103;39,241;36,3136830517487
8104;39,245;37,6011893807231
8105;39,250;39,1555939652328
8106;39,254;40,5242638247275
8107;39,258;41,2570254795815
8108;39,262;42,7147462346313
8109;39,266;43,1680576981955
8110;39,270;42,8194022395028
8111;39,274;42,1564395246887
8112;39,278;40,1660247934655
8113;39,282;39,3120691102798
8114;39,287;37,0715485781116
8115;39,291;35,1150579975761
8116;39,295;32,3616891173869
8117;39,299;29,9594351968152
8118;39,303;27,1995359176186
8119;39,307;24,8046604998215
8120;39,311;22,1447526547768
8121;39,315;20,1544227339303
8122;39,320;17,4834047295355
8123;39,324;16,1276260473021
8124;39,328;14,4101311083614
8125;39,332;13,0151700320838
8126;39,336;11,7115497315328
8127;39,340;10,6758454110377
8128;39,344;9,48595582566718
8129;39,348;8,82350197311341
8130;39,353;7,92298539310882
8131;39,357;7,33474062018436
8132;39,361;6,58374473433574
8133;39,365;6,16325488656188
8134;39,369;5,75268785286417
8135;39,373;5,42184257328253
8136;39,377;5,09744288233154
8137;39,381;4,72775445021249
8138;39,386;4,3755369556976
8139;39,390;4,02433718570335
8140;39,394;3,93019766754502
8141;39,398;3,4524608154857
8142;39,402;3,21312593238408
8143;39,406;3,25264756793523
8144;39,410;3,04358998932237
8145;39,414;2,79322975724726
8146;39,419;2,71469534840527
8147;39,423;2,41480585632613
8148;39,427;2,38028803300141
8149;39,431;2,34789046909467
8150;39,435;2,30624857412554
8151;39,439;1,96709187762541
8152;39,443;1,81926739100382
8153;39,447;1,82452563436042
8154;39,451;1,77787992716485
8155;39,456;1,67441126756741
8156;39,460;1,72360128606455
8157;39,464;1,41158391011457
8158;39,468;1,37918634620783
8159;39,472;1,32855455130646
8160;39,476;1,26545563102737
8161;39,480;1,29454559024206
8162;39,484;1,2558720584581
8163;39,489;1,2400125180116
8164;39,493;1,19489339759698
8165;39,497;1,08251964844403
8166;39,501;1,12373749152956
8167;39,505;1,01730046874695
8168;39,509;0,928079952438341
8169;39,513;1,0117877942602
8170;39,517;0,984224421826459
8171;39,522;0,90340013281305
8172;39,526;0,905096340347434
8173;39,530;0,771944048898271
8174;39,534;0,887031730106242
8175;39,538;0,746924987766103
8176;39,542;0,774488360199847
8177;39,546;0,825120155101217
8178;39,550;0,741327502902635
8179;39,555;0,684589360877482
8180;39,559;0,685267843891236
8181;39,563;0,747518660403138
8182;39,567;0,697989400399118
8183;39,571;0,612415730289432
8184;39,575;0,6007967086789
8185;39,579;0,602153674706408
8186;39,583;0,584767547478969
8187;39,588;0,64388038005226
8188;39,592;0,604782796384703
8189;39,596;0,609701798234418
8190;39,600;0,534899045968072
8191;39,604;0,501314136787264
8192;39,608;0,435162042946279
8193;39,612;0,423882262842623
8194;39,616;0,557119364668506
8195;39,620;0,548892758126742
8196;39,625;0,481553319011688
8197;39,629;0,453565894694348
8198;39,633;0,570264973059984
8199;39,637;0,523958507371294
8200;39,641;0,425493660000288
8201;39,645;0,520905333809402
8202;39,649;0,506911621650732
8203;39,653;0,425154418493412
8204;39,658;0,450767152262614
8205;39,662;0,40055940924484
8206;39,666;0,440335475926151
8207;39,670;0,506487569767136
8208;39,674;0,436519008973786
8209;39,678;0,381816315989894
8210;39,682;0,439741803289116
8211;39,686;0,412602482738968
8212;39,691;0,3897884914015
8213;39,695;0,522940782850663
8214;39,699;0,393265716846988
8215;39,703;0,37367451982485
8216;39,707;0,332287055985874
8217;39,711;0,308879392011371
8218;39,715;0,359765618042899
8219;39,719;0,421422761917766
8220;39,724;0,343566836089529
8221;39,728;0,454498808838259
8222;39,732;0,305147735435726
8223;39,736;0,359935238796337
8224;39,740;0,362140308591037
8225;39,744;0,320243982491746
8226;39,748;0,350351666227066
8227;39,752;0,38113783297614
8228;39,757;0,388177094243835
8229;39,761;0,374522623592042
8230;39,765;0,370621346262958
8231;39,769;0,402510047909382
8232;39,773;0,357645358624918
8233;39,777;0,301585699613519
8234;39,781;0,351539011501135
8235;39,785;0,366635258557155
8236;39,789;0,36612639629684
8237;39,794;0,365108671776209
8238;39,798;0,391315078182446
8239;39,802;0,356627634104288
8240;39,806;0,407089808252219
8241;39,810;0,311254082559509
8242;39,814;0,382494799003648
8243;39,818;0,317530050436731
8244;39,822;0,367992224584662
8245;39,827;0,349164320952997
8246;39,831;0,231871569950327
8247;39,835;0,296412266633647
8248;39,839;0,329149072047263
8249;39,843;0,272834981905706
8250;39,847;0,287083125194534
8251;39,851;0,295818593996613
8252;39,855;0,288270470468603
8253;39,860;0,292341368551125
8254;39,864;0,268340031939588
8255;39,868;0,334068073896977
8256;39,872;0,223136101148248
8257;39,876;0,331099710711805
8258;39,880;0,247052627383066
8259;39,884;0,208548716352543
8260;39,888;0,233907018991588
8261;39,893;0,230599414299538
8262;39,897;0,228394344504839
8263;39,901;0,240437417998967
8264;39,905;0,188279036316651
8265;39,909;0,304469252421972
8266;39,913;0,229666500155627
8267;39,917;0,149096642272375
8268;39,921;0,197438557002326
8269;39,926;0,19921957491343
8270;39,930;0,224662687929194
8271;39,934;0,226274085086859
8272;39,938;0,246034902862435
8273;39,942;0,189211950460563
8274;39,946;0,173437220390789
8275;39,950;0,214739873853046
8276;39,954;0,16147895727338
8277;39,958;0,230514603922819
8278;39,963;0,227376619984208
8279;39,967;0,197862608885922
8280;39,971;0,203884145632986
8281;39,975;0,190738537241509
8282;39,979;0,132219377305252
8283;39,983;0,19811704001608
8284;39,987;0,245356419848681
8285;39,991;0,155202989396159
8286;39,996;0,16690682138341
8287;40,000;0,217623426661499
8288;40,004;0,157577679944297
8289;40,008;0,212365183304908
8290;40,012;0,18522586275476
8291;40,016;0,192180313645735
8292;40,020;0,27029067060413
8293;40,024;0,202611989982198
8294;40,029;0,252310870739657
8295;40,033;0,304893304305568
8296;40,037;0,345771905884229
8297;40,041;0,381053022599421
8298;40,045;0,447289926817126
8299;40,049;0,490203977437047
8300;40,053;0,400644219621559
8301;40,057;0,436179767466909
8302;40,062;0,409379688423638
8303;40,066;0,360274480303214
8304;40,070;0,359511186912741
8305;40,074;0,322025000402849
8306;40,078;0,269527377213657
8307;40,082;0,379102383934879
8308;40,086;0,283351468618888
8309;40,090;0,300907216599765
8310;40,095;0,297260370400839
8311;40,099;0,335000988040889
8312;40,103;0,267322307418957
8313;40,107;0,208379095599105
8314;40,111;0,252819732999972
8315;40,115;0,251293146219026
8316;40,119;0,249342507554484
8317;40,123;0,182427120323026
8318;40,127;0,251462766972465
8319;40,132;0,240607038752405
8320;40,136;0,191162589125105
8321;40,140;0,222542428511213
8322;40,144;0,228903206765154
8323;40,148;0,158510594088208
8324;40,152;0,218980392689006
8325;40,156;0,21431582196945
8326;40,160;0,261809632932209
8327;40,165;0,19921957491343
8328;40,169;0,154524506382405
8329;40,173;0,180391671281765
8330;40,177;0,157408059190858
8331;40,181;0,157577679944297
8332;40,185;0,191925882515578
8333;40,189;0,230684224676258
8334;40,193;0,201594265461568
8335;40,198;0,220252548339794
8336;40,202;0,229751310532346
8337;40,206;0,1765752043294
8338;40,210;0,239843745361933
8339;40,214;0,234161450121745
8340;40,218;0,212280372928189
8341;40,222;0,201933506968445
8342;40,226;0,166567579876533
8343;40,231;0,130523169770868
8344;40,235;0,213467718202257
8345;40,239;0,174285324157981
8346;40,243;0,197523367379046
8347;40,247;0,163599216691361
8348;40,251;0,139004207442789
8349;40,255;0,190738537241509
8350;40,259;0,197692988132484
8351;40,264;0,159273887478681
8352;40,268;0,158425783711489
8353;40,272;0,219404444572602
8354;40,276;0,140615604600454
8355;40,280;0,133237101825883
8356;40,284;0,164192889328395
8357;40,288;0,15613590354007
8358;40,292;0,130099117887272
8359;40,296;0,160630853506188
8360;40,301;0,222966480394809
8361;40,305;0,172080254363282
8362;40,309;0,154270075252247
8363;40,313;0,150877660183479
8364;40,317;0,209227199366297
8365;40,321;0,194300573063716
8366;40,325;0,207955043715509
8367;40,329;0,18734612217274
8368;40,334;0,196336022104977
8369;40,338;0,105419298261981
8370;40,342;0,190823347618228
8371;40,346;0,166652390253252
8372;40,350;0,180730912788642
8373;40,354;0,138749776312631
8374;40,358;0,160970095013065
8375;40,362;0,187261311796021
8376;40,367;0,17445494491142
8377;40,371;0,163005544054326
8378;40,375;0,253922267897322
8379;40,379;0,206598077688001
8380;40,383;0,206004405050967
8381;40,387;0,217793047414937
8382;40,391;0,12925101412008
8383;40,395;0,226019653956701
8384;40,400;0,200067678680622
8385;40,404;0,278771708276051
8386;40,408;0,307352805230426
8387;40,412;0,359935238796337
8388;40,416;0,43719749198754
8389;40,420;0,617419542515866
8390;40,424;0,756593370712093
8391;40,428;1,01009158672582
8392;40,433;1,33211658712867
8393;40,437;1,78356222240504
8394;40,441;2,42600082605307
8395;40,445;3,33465920222271
8396;40,449;4,4108180724128
8397;40,453;5,55491005435497
8398;40,457;6,93418121093952
8399;40,461;8,92349340726537
8400;40,465;10,9731057814386
8401;40,470;13,2970797242984
8402;40,474;16,1411108972005
8403;40,478;19,2366896474517
8404;40,482;22,7281632362283
8405;40,486;26,2956269225452
8406;40,490;29,677695125354
8407;40,494;34,1885894422954
8408;40,498;37,9467068554772
8409;40,503;42,6312080135629
8410;40,507;47,7651193578837
8411;40,511;52,037442085114
8412;40,515;57,6016812809081
8413;40,519;62,1832226416567
8414;40,523;67,3118757426209
8415;40,527;71,0690602416587
8416;40,531;74,7634002515476
8417;40,536;79,3933683374028
8418;40,540;82,8762760781307
8419;40,544;87,0553073909699
8420;40,548;89,9783818349743
8421;40,552;89,7884065911232
8422;40,556;89,4537448445892
8423;40,560;87,2064394822835
8424;40,564;82,3517238981224
8425;40,569;76,5000623356269
8426;40,573;70,0403951824314
8427;40,577;62,9452438764788
8428;40,581;56,7119356187468
8429;40,585;50,311550918878
8430;40,589;44,1820505622504
8431;40,593;38,839590501577
8432;40,597;34,6053476334937
8433;40,602;30,966812851486
8434;40,606;27,0784266996636
8435;40,610;24,1155761889779
8436;40,614;21,7285881362156
8437;40,618;19,5012980228157
8438;40,622;17,706456020307
8439;40,626;16,1832616544299
8440;40,630;14,5825506042315
8441;40,635;13,2047212240512
8442;40,639;12,5244571923864
8443;40,643;11,5677961429937
8444;40,647;10,5239500263336
8445;40,651;9,97217371539843
8446;40,655;8,96284542206308
8447;40,659;8,65116728761997
8448;40,663;8,27223452443853
8449;40,667;7,69391256559023
8450;40,672;7,05215244495595
8451;40,676;7,03459669697507
8452;40,680;6,35110987099494
8453;40,684;6,00084301514459
8454;40,688;5,81968805047235
8455;40,692;5,49885039534357
8456;40,696;5,13382653394408
8457;40,700;4,9467348429015
8458;40,705;4,68925053918197
8459;40,709;4,44118018727827
8460;40,713;4,12008810101934
8461;40,717;4,07098289289891
8462;40,721;3,74751611609184
8463;40,725;3,6436234046108
8464;40,729;3,43575317127201
8465;40,733;3,29242363461654
8466;40,738;3,37986313301405
8467;40,742;3,19014232029317
8468;40,746;3,08362048713384
8469;40,750;2,93859474294399
8470;40,754;2,65040908285211
8471;40,758;2,61326213784909
8472;40,762;2,57967722866828
8473;40,766;2,60630768695811
8474;40,771;2,36816014913057
8475;40,775;2,25298765754588
8476;40,779;2,25756741788871
8477;40,783;2,02493255454791
8478;40,787;1,90814866580556
8479;40,791;2,01390720557442
8480;40,795;2,02128570834899
8481;40,799;1,85361559357511
8482;40,804;1,83080160223764
8483;40,808;1,76600647442416
8484;40,812;1,77516599510983
8485;40,816;1,6214047821179
8486;40,820;1,57738819660063
8487;40,824;1,54312480440607
8488;40,828;1,57170590136044
8489;40,832;1,50589304902633
8490;40,836;1,50462089337555
8491;40,841;1,32160010041549
8492;40,845;1,28123036109714
8493;40,849;1,20880229937893
8494;40,853;1,19989720982342
8495;40,857;1,24561000287507
8496;40,861;1,22729096150372
8497;40,865;1,14629705173687
8498;40,869;1,15460846865536
8499;40,874;1,20261114187843
8500;40,878;1,13730715180464
8501;40,882;1,10185641433601
8502;40,886;1,06063857125047
8503;40,890;1,12246533587878
8504;40,894;0,940292646685907
8505;40,898;1,01526501970569
8506;40,902;0,89907480360037
8507;40,907;0,905011529970715
8508;40,911;0,885844384832173
8509;40,915;0,929012866582252
8510;40,919;0,893816560243779
8511;40,923;0,820625205135099
8512;40,927;0,725298341702704
8513;40,931;0,895512767778163
8514;40,935;0,762445286705719
8515;40,940;0,869815223632242
8516;40,944;0,753031334889886
8517;40,948;0,707742593721827
8518;40,952;0,748790816053926
8519;40,956;0,829360673937178
8520;40,960;0,816639117429296
8521;40,964;0,689677983480635
8522;40,968;0,693918502316595
8523;40,973;0,677465289233068
8524;40,977;0,738189518964024
8525;40,981;0,660418403512507
8526;40,985;0,678907065637295
8527;40,989;0,69018684574095
8528;40,993;0,667118423273324
8529;40,997;0,675514650568526
8530;41,001;0,605461279398457
8531;41,005;0,600118225665147
8532;41,010;0,572894094738279
8533;41,014;0,577389044704398
8534;41,018;0,582986529567866
8535;41,022;0,506996432027451
8536;41,026;0,531252199769146
8537;41,030;0,611991678405836
8538;41,034;0,524128128124732
8539;41,038;0,573742198505472
8540;41,043;0,528538267714131
8541;41,047;0,599524553028112
8542;41,051;0,54592439494157
8543;41,055;0,615299283097886
8544;41,059;0,532693976173373
8545;41,063;0,442455735344131
8546;41,067;0,464591243667845
8547;41,071;0,534474994084476
8548;41,076;0,506826811274013
8549;41,080;0,501907809424299
8550;41,084;0,499787550006318
8551;41,088;0,574929543779541
8552;41,092;0,533372459187127
8553;41,096;0,482062181272003
8554;41,100;0,497158428328023
8555;41,104;0,456619068256239
8556;41,109;0,395725217771845
8557;41,113;0,454583619214978
8558;41,117;0,348146596432367
8559;41,121;0,420150606266978
8560;41,125;0,467389986099579
8561;41,129;0,397845477189825
8562;41,133;0,50173818867086
8563;41,137;0,471206453051944
8564;41,142;0,423458210959027
8565;41,146;0,422186055308239
8566;41,150;0,427189867534673
8567;41,154;0,494783737779885
8568;41,158;0,351454201124416
8569;41,162;0,442370924967412
8570;41,166;0,453141842810752
8571;41,170;0,41345058650616
8572;41,174;0,384784679175066
8573;41,179;0,4092100676702
8574;41,183;0,358493462392111
8575;41,187;0,414468311026791
8576;41,191;0,398863201710456
8577;41,195;0,323127535300199
8578;41,199;0,406156894108308
8579;41,203;0,386396076332731
8580;41,207;0,418199967602436
8581;41,212;0,336527574821835
8582;41,216;0,319565499477992
8583;41,220;0,350690907733943
8584;41,224;0,41243286198553
8585;41,228;0,394622682874495
8586;41,232;0,365193482152928
8587;41,236;0,456195016372643
8588;41,240;0,398015097943264
8589;41,245;0,398863201710456
8590;41,249;0,40590246297815
8591;41,253;0,471291263428663
8592;41,257;0,466117830448791
8593;41,261;0,635568963133777
8594;41,265;0,680094410911364
8595;41,269;0,917987517608755
8596;41,273;1,13959703197606
8597;41,278;1,49580061419675
8598;41,282;1,87439413587131
8599;41,286;2,49206810951734
8600;41,290;3,39190620650818
8601;41,294;4,38571420090391
8602;41,298;5,45339203342207
8603;41,302;7,07988543814313
8604;41,306;8,88244518493327
8605;41,311;10,7282582238502
8606;41,315;13,0822550400687
8607;41,319;16,2452580398117
8608;41,323;18,8575872635169
8609;41,327;21,9857331984283
8610;41,331;25,5122334727899
8611;41,335;28,8912485020367
8612;41,339;31,5749032525628
8613;41,343;35,0472945065775
8614;41,348;37,81143430461
8615;41,352;40,7175466732706
8616;41,356;42,6377384125703
8617;41,360;43,9735866562746
8618;41,364;45,3059576745334
8619;41,368;43,287809950123
8620;41,372;43,5474145132605
8621;41,376;42,1836636556156
8622;41,381;40,8194887460871
8623;41,385;37,3790710040955
8624;41,389;34,832978684608
8625;41,393;31,8719091918334
8626;41,397;29,0697743450307
8627;41,401;25,9296701470018
8628;41,405;23,2887598263423
8629;41,409;21,044338016845
8630;41,414;18,8065314167319
8631;41,418;16,5021486708942
8632;41,422;14,7675220358561
8633;41,426;13,5469310941132
8634;41,430;12,4282822251868
8635;41,434;11,0300983545939
8636;41,438;10,1652021328114
8637;41,442;9,1010863361154
8638;41,447;8,36459302468576
8639;41,451;7,88193717077672
8640;41,455;7,09320066728804
8641;41,459;6,63768413392916
8642;41,463;5,98311764641027
8643;41,467;5,52734668192123
8644;41,471;5,21923058330033
8645;41,475;4,84852442666065
8646;41,480;4,77507864042181
8647;41,484;4,39207497915785
8648;41,488;4,20218454568353
8649;41,492;3,83885689181843
8650;41,496;3,54592185063027
8651;41,500;3,63242843488386
8652;41,504;3,35832129732737
8653;41,508;3,2176208823502
8654;41,512;2,91035288749649
8655;41,517;2,82791720132542
8656;41,521;2,58926080123755
8657;41,525;2,6256444528501
8658;41,529;2,38715767351567
8659;41,533;2,24696612079881
8660;41,537;2,04537185533724
8661;41,541;1,99465525005916
8662;41,545;1,90204231868178
8663;41,550;1,87600553302898
8664;41,554;1,95267411358315
8665;41,558;1,83173451638155
8666;41,562;1,7961989685362
8667;41,566;1,7577798678824
8668;41,570;1,53608554313837
8669;41,574;1,8090053354208
8670;41,578;1,53235388656273
8671;41,583;1,61953895383008
8672;41,587;1,41887760251242
8673;41,591;1,5159006734792
8674;41,595;1,46213089463922
8675;41,599;1,40081299227123
8676;41,603;1,41785987799179
8677;41,607;1,34144572856778
8678;41,611;1,29556331476269
8679;41,616;1,27843161866541
8680;41,620;1,24942646982744
8681;41,624;1,06852593628536
8682;41,628;1,16902623269762
8683;41,632;1,18810856745945
8684;41,636;1,07327531738163
8685;41,640;1,15698315920349
8686;41,644;1,05376893073621
8687;41,649;0,979135799223307
8688;41,653;0,860486082193128
8689;41,657;0,955897756002242
8690;41,661;0,767449098932153
8691;41,665;0,842167040821779
8692;41,669;0,894664664010971
8693;41,673;0,807988459003936
8694;41,677;0,773809877186094
8695;41,681;0,972859831346085
8696;41,686;0,752522472629571
8697;41,690;0,678567824130418
8698;41,694;0,725128720949266
8699;41,698;0,692137484405492
8700;41,702;0,659655110122034
8701;41,706;0,669069061937866
8702;41,710;0,618352456659777
8703;41,714;0,644134811182418
8704;41,719;0,627003115085137
8705;41,723;0,653294331868093
8706;41,727;0,558137089189137
8707;41,731;0,585870082376319
8708;41,735;0,550588965661127
8709;41,739;0,470103918154594
8710;41,743;0,603765071864073
8711;41,747;0,561359883504467
8712;41,752;0,531761062029461
8713;41,756;0,552285173195511
8714;41,760;0,57280928436156
8715;41,764;0,56958649004623
8716;41,768;0,482571043532318
8717;41,772;0,5147141763089
8718;41,776;0,449664617365264
8719;41,780;0,482062181272003
8720;41,785;0,483758388806387
8721;41,789;0,529216750727885
8722;41,793;0,438639268391766
8723;41,797;0,378084659414249
8724;41,801;0,483758388806387
8725;41,805;0,466965934215983
8726;41,809;0,414383500650072
8727;41,813;0,431430386370633
8728;41,818;0,377321366023776
8729;41,822;0,340089610644042
8730;41,826;0,395046734758091
8731;41,830;0,492239426478308
8732;41,834;0,467898848359895
8733;41,838;0,415740466677579
8734;41,842;0,376303641503145
8735;41,846;0,445508908906023
8736;41,850;0,41565565630086
8737;41,855;0,434398749555806
8738;41,859;0,40157713376547
8739;41,863;0,379356815065037
8740;41,867;0,355864340713815
8741;41,871;0,389958112154938
8742;41,875;0,435416474076436
8743;41,879;0,354761805816465
8744;41,883;0,417860726095559
8745;41,888;0,355185857700061
8746;41,892;0,300907216599765
8747;41,896;0,305317356189164
8748;41,900;0,405648031847993
8749;41,904;0,339495938007007
8750;41,908;0,434822801439402
8751;41,912;0,349588372836593
8752;41,916;0,345178233247194
8753;41,921;0,428801264692338
8754;41,925;0,38546316218882
8755;41,929;0,286743883687657
8756;41,933;0,365363102906367
8757;41,937;0,328470589033509
8758;41,941;0,407089808252219
8759;41,945;0,368925138728574
8760;41,949;0,426765815651077
8761;41,954;0,385887214072416
8762;41,958;0,381307453729579
8763;41,962;0,321600948519253
8764;41,966;0,343990887973125
8765;41,970;0,38546316218882
8766;41,974;0,395640407395126
8767;41,978;0,330675658828209
8768;41,982;0,281994502591381
8769;41,987;0,33915669650013
8770;41,991;0,343397215336091
8771;41,995;0,295479352489736
8772;41,999;0,307692046737302
8773;42,003;0,311678134443105
8774;42,007;0,341785818178426
8775;42,011;0,400220167737963
8776;42,015;0,337290868212308
8777;42,019;0,313543962730928
8778;42,024;0,344838991740317
8779;42,028;0,296581887387086
8780;42,032;0,35213268413817
8781;42,036;0,37791503866081
8782;42,040;0,414637931780229
8783;42,044;0,361461825577283
8784;42,048;0,35103014924082
8785;42,052;0,335340229547766
8786;42,057;0,418708829862751
8787;42,061;0,339580748383726
8788;42,065;0,412178430855372
8789;42,069;0,412856913869126
8790;42,073;0,430921524110318
8791;42,077;0,378678332051283
8792;42,081;0,493935634012693
8793;42,085;0,420659468527293
8794;42,090;0,392672044209953
8795;42,094;0,445848150412899
8796;42,098;0,56314090141557
8797;42,102;0,437451923117697
8798;42,106;0,412602482738968
8799;42,110;0,40157713376547
8800;42,114;0,30794647786746
8801;42,118;0,372996036811096
8802;42,123;0,432617731644702
8803;42,127;0,40912525729348
8804;42,131;0,381392264106298
8805;42,135;0,386056834825855
8806;42,139;0,361716256707441
8807;42,143;0,379611246195194
8808;42,147;0,407174618628939
8809;42,151;0,384699868798347
8810;42,156;0,401068271505155
8811;42,160;0,34568709550751
8812;42,164;0,34348202571281
8813;42,168;0,35959599728946
8814;42,172;0,343990887973125
8815;42,176;0,28962743649611
8816;42,180;0,342888353075776
8817;42,184;0,352471925645047
8818;42,188;0,334492125780574
8819;42,193;0,355525099206938
8820;42,197;0,293359093071756
8821;42,201;0,276905879988228
8822;42,205;0,266813445158642
8823;42,209;0,361461825577283
8824;42,213;0,301416078860081
8825;42,217;0,25841721786344
8826;42,221;0,30794647786746
8827;42,226;0,294207196838948
8828;42,230;0,257823545226406
8829;42,234;0,30472368355213
8830;42,238;0,318802206087519
8831;42,242;0,19709931549545
8832;42,246;0,265202048000977
8833;42,250;0,161394146896661
8834;42,254;0,267915980055992
8835;42,259;0,255788096185144
8836;42,263;0,207191750325036
8837;42,267;0,226443705840297
8838;42,271;0,220337358716514
8839;42,275;0,231193086936573
8840;42,279;0,254515940534356
8841;42,283;0,353828891672554
8842;42,287;0,313883204237805
8843;42,292;0,32304272492348
8844;42,296;0,249427317931204
8845;42,300;0,302433803380711
8846;42,304;0,292595799681283
8847;42,308;0,318547774957362
8848;42,312;0,233398156731272
8849;42,316;0,286913504441095
8850;42,320;0,247731110396819
8851;42,325;0,2132132870721
8852;42,329;0,271138774371322
8853;42,333;0,280298295056997
8854;42,337;0,291069212900337
8855;42,341;0,273089413035864
8856;42,345;0,262318495192524
8857;42,349;0,289797057249549
8858;42,353;0,237129813306918
8859;42,357;0,287252745947972
8860;42,362;0,266219772521608
8861;42,366;0,160885284636346
8862;42,370;0,251547577349184
8863;42,374;0,275464103584002
8864;42,378;0,238571589711144
8865;42,382;0,217284185154622
8866;42,386;0,269357756460218
8867;42,390;0,235518416149253
8868;42,395;0,219319634195883
8869;42,399;0,290899592146898
8870;42,403;0,2842843827628
8871;42,407;0,238571589711144
8872;42,411;0,220846220976829
8873;42,415;0,278262846015736
8874;42,419;0,242642487793667
8875;42,423;0,188703088200247
8876;42,428;0,213637338955696
8877;42,432;0,244762747211647
8878;42,436;0,24230324628679
8879;42,440;0,276312207351194
8880;42,444;0,169281511931548
8881;42,448;0,233398156731272
8882;42,452;0,25086909433543
8883;42,456;0,183190413713499
8884;42,461;0,269018514953342
8885;42,465;0,233143725601115
8886;42,469;0,214570253099607
8887;42,473;0,237638675567233
8888;42,477;0,260198235774543
8889;42,481;0,262318495192524
8890;42,485;0,205749973920809
8891;42,489;0,289797057249549
8892;42,494;0,175811910938927
8893;42,498;0,217284185154622
8894;42,502;0,199643626797026
8895;42,506;0,208294285222386
8896;42,510;0,251038715088869
8897;42,514;0,243829833067736
8898;42,518;0,25298935375341
8899;42,522;0,218132288921814
8900;42,526;0,230769035052977
8901;42,531;0,182511930699745
8902;42,535;0,327198433382721
8903;42,539;0,170892909089213
8904;42,543;0,156305524293508
8905;42,547;0,260876718788297
8906;42,551;0,223305721901686
8907;42,555;0,278602087522613
8908;42,559;0,258162786733282
8909;42,564;0,275464103584002
8910;42,568;0,240267797245529
8911;42,572;0,200915782447814
8912;42,576;0,326519950368968
8913;42,580;0,228479154881558
8914;42,584;0,27029067060413
8915;42,588;0,21423101159273
8916;42,592;0,237893106697391
8917;42,597;0,255279233924829
8918;42,601;0,241794384026474
8919;42,605;0,277329931871824
8920;42,609;0,193198038166366
8921;42,613;0,310660409922475
8922;42,617;0,19921957491343
8923;42,621;0,286998314817815
8924;42,625;0,206004405050967
8925;42,630;0,188533467446809
8926;42,634;0,24654376512275
8927;42,638;0,317360429683293
8928;42,642;0,305147735435726
8929;42,646;0,235433605772533
8930;42,650;0,185056242001321
8931;42,654;0,268679273446465
8932;42,658;0,220676600223391
8933;42,663;0,190653726864789
8934;42,667;0,216690512517588
8935;42,671;0,173946082651105
8936;42,675;0,226782947347174
8937;42,679;0,190484106111351
8938;42,683;0,217368995531341
8939;42,687;0,250953904712149
8940;42,691;0,264438754610504
8941;42,695;0,220252548339794
8942;42,700;0,194555004193873
8943;42,704;0,257823545226406
8944;42,708;0,213806959709134
8945;42,712;0,170384046828898
8946;42,716;0,197777798509203
8947;42,720;0,205495542790652
8948;42,724;0,238826020841302
8949;42,728;0,251632387725903
8950;42,733;0,252226060362938
8951;42,737;0,24874883491745
8952;42,741;0,159273887478681
8953;42,745;0,246119713239154
8954;42,749;0,290899592146898
8955;42,753;0,244847557588366
8956;42,757;0,267661548925834
8957;42,761;0,295818593996613
8958;42,766;0,285810969543746
8959;42,770;0,269866618720534
8960;42,774;0,266728634781923
8961;42,778;0,276566638481351
8962;42,782;0,265371668754415
8963;42,786;0,252904543376691
8964;42,790;0,222287997381056
8965;42,794;0,248918455670888
8966;42,799;0,272326119645391
8967;42,803;0,280213484680278
8968;42,807;0,24662857549947
8969;42,811;0,197353746625607
8970;42,815;0,222542428511213
8971;42,819;0,268000790432711
8972;42,823;0,241709573649755
8973;42,827;0,168518218541075
8974;42,832;0,207615802208632
8975;42,836;0,22830953412812
8976;42,840;0,254600750911075
8977;42,844;0,252819732999972
8978;42,848;0,191925882515578
8979;42,852;0,17123215059609
8980;42,856;0,2476463000201
8981;42,860;0,153167540354898
8982;42,864;0,229581689778908
8983;42,869;0,178949894877538
8984;42,873;0,196166401351538
8985;42,877;0,25519442354811
8986;42,881;0,238317158580987
8987;42,885;0,289457815742672
8988;42,889;0,229666500155627
8989;42,893;0,244508316081489
8990;42,897;0,242557677416947
8991;42,902;0,214146201216011
8992;42,906;0,285471728036869
8993;42,910;0,239504503855056
8994;42,914;0,273428654542741
8995;42,918;0,36714412081747
8996;42,922;0,216944943647745
8997;42,926;0,230514603922819
8998;42,930;0,346535199274702
8999;42,935;0,264777996117381
9000;42,939;0,180222050528326
9001;42,943;0,210753786147243
9002;42,947;0,213298097448819
9003;42,951;0,256042527315302
9004;42,955;0,354168133179431
9005;42,959;0,208379095599105
9006;42,963;0,25519442354811
9007;42,968;0,165634665732622
9008;42,972;0,196251211728257
9009;42,976;0,266643824405204
9010;42,980;0,200661351317656
9011;42,984;0,201509455084849
9012;42,988;0,268340031939588
9013;42,992;0,238571589711144
9014;42,996;0,241964004779913
9015;43,001;0,225341170942947
9016;43,005;0,246798196252908
9017;43,009;0,263421030089874
9018;43,013;0,282248933721539
9019;43,017;0,281824881837943
9020;43,021;0,194300573063716
9021;43,025;0,272156498891952
9022;43,029;0,192265124022454
9023;43,033;0,259774183890947
9024;43,038;0,272580550775548
9025;43,042;0,282757795981854
9026;43,046;0,250699473581992
9027;43,050;0,249936180191519
9028;43,054;0,270121049850691
9029;43,058;0,264947616870819
9030;43,062;0,229581689778908
9031;43,066;0,299974302455854
9032;43,071;0,290984402523618
9033;43,075;0,188194225939932
9034;43,079;0,254600750911075
9035;43,083;0,195827159844661
9036;43,087;0,252141249986218
9037;43,091;0,260367856527982
9038;43,095;0,270545101734287
9039;43,099;0,236027278409568
9040;43,104;0,197353746625607
9041;43,108;0,226274085086859
9042;43,112;0,221948755874179
9043;43,116;0,269527377213657
9044;43,120;0,213467718202257
9045;43,124;0,297769232661155
9046;43,128;0,279789432796682
9047;43,132;0,231193086936573
9048;43,137;0,238232348204268
9049;43,141;0,291662885537371
9050;43,145;0,211941131421312
9051;43,149;0,29183250629081
9052;43,153;0,245610850978839
9053;43,157;0,298786957181785
9054;43,161;0,2992958194421
9055;43,165;0,29505530060614
9056;43,170;0,293019851564879
9057;43,174;0,278347656392455
9058;43,178;0,296327456256928
9059;43,182;0,311508513689667
9060;43,186;0,268594463069746
9061;43,190;0,244253884951332
9062;43,194;0,351708632254574
9063;43,198;0,233313346354553
9064;43,202;0,29615783550349
9065;43,207;0,23585765765613
9066;43,211;0,317360429683293
9067;43,215;0,253243784883568
9068;43,219;0,211517079537716
9069;43,223;0,302942665641027
9070;43,227;0,336612385198554
9071;43,231;0,273767896049617
9072;43,235;0,300059112832573
9073;43,240;0,293783144955352
9074;43,244;0,25298935375341
9075;43,248;0,210668975770523
9076;43,252;0,194215762686996
9077;43,256;0,285217296906711
9078;43,260;0,251377956595745
9079;43,264;0,304299631668534
9080;43,268;0,254261509404199
9081;43,273;0,307183184476987
9082;43,277;0,28860971197548
9083;43,281;0,261894443308928
9084;43,285;0,273259033789302
9085;43,289;0,249596938684642
9086;43,293;0,258926080123755
9087;43,297;0,209481630496455
9088;43,301;0,231956380327046
9089;43,306;0,209905682380051
9090;43,310;0,271478015878199
9091;43,314;0,299126198688662
9092;43,318;0,293359093071756
9093;43,322;0,201848696591725
9094;43,326;0,244762747211647
9095;43,330;0,255788096185144
9096;43,334;0,254855182041233
9097;43,339;0,228733586011716
9098;43,343;0,26808560080943
9099;43,347;0,302348993003992
9100;43,351;0,269018514953342
9101;43,355;0,23365258786143
9102;43,359;0,225510791696386
9103;43,363;0,206258836181124
9104;43,367;0,269951429097253
9105;43,371;0,335594660677923
9106;43,376;0,312865479717174
9107;43,380;0,265880531014731
9108;43,384;0,261894443308928
9109;43,388;0,252310870739657
9110;43,392;0,202103127721883
9111;43,396;0,238232348204268
9112;43,400;0,250699473581992
9113;43,404;0,263081788582997
9114;43,409;0,224493067175755
9115;43,413;0,227631051114366
9116;43,417;0,201679075838287
9117;43,421;0,219065203065725
9118;43,425;0,212195562551469
9119;43,429;0,301161647729923
9120;43,433;0,330166796567894
9121;43,437;0,227800671867804
9122;43,442;0,252565301869814
9123;43,446;0,30260342413415
9124;43,450;0,291323644030494
9125;43,454;0,289118574235795
9126;43,458;0,271562826254918
9127;43,462;0,278008414885578
9128;43,466;0,330506038074771
9129;43,470;0,441777252330377
9130;43,475;0,438384837261609
9131;43,479;0,640912016867088
9132;43,483;0,746840177389384
9133;43,487;1,03460178559767
9134;43,491;1,40233957905218
9135;43,495;1,91908920440234
9136;43,499;2,48511365862636
9137;43,503;3,18683471560112
9138;43,508;4,17292496571541
9139;43,512;5,25578385566631
9140;43,516;6,78567824130418
9141;43,520;8,22253564368108
9142;43,524;10,14145522733
9143;43,528;12,0986242908792
9144;43,532;14,336854942876
9145;43,536;16,4521105486298
9146;43,540;18,4378607091335
9147;43,545;19,9191587489112
9148;43,549;21,4784823352707
9149;43,553;22,6897441355745
9150;43,557;23,2299014248991
9151;43,561;23,7553017086747
9152;43,565;23,7174762806579
9153;43,569;23,5749948477696
9154;43,573;23,4113956310783
9155;43,578;22,2859619320143
9156;43,582;21,4987520153066
9157;43,586;20,2292254861967
9158;43,590;18,6219840369909
9159;43,594;17,3645005813751
9160;43,598;15,8523315644716
9161;43,602;14,38638420288
9162;43,606;13,3957141924229
9163;43,611;12,0375608196414
9164;43,615;10,4270117657436
9165;43,619;9,72189829370003
9166;43,623;8,55694295908493
9167;43,627;7,74954817271803
9168;43,631;6,84165308993886
9169;43,635;6,3138781156152
9170;43,639;5,67347496100843
9171;43,644;5,39631464989004
9172;43,648;4,64879598948691
9173;43,652;4,50156517550235
9174;43,656;4,03883976012233
9175;43,660;3,93197868545612
9176;43,664;3,51700151216902
9177;43,668;3,37613147643841
9178;43,672;2,95988214750051
9179;43,677;2,59731778702588
9180;43,681;2,72902830207082
9181;43,685;2,3497562973825
9182;43,689;2,2248306124751
9183;43,693;2,14773798003733
9184;43,697;2,05919594674248
9185;43,701;1,85395483508198
9186;43,705;1,77686220264422
9187;43,709;1,72131140589313
9188;43,714;1,69790374191863
9189;43,718;1,52997919601459
9190;43,722;1,43991057593879
9191;43,726;1,39394335175697
9192;43,730;1,36332680576134
9193;43,734;1,2876759497278
9194;43,738;1,05088537792776
9195;43,742;1,18318956560973
9196;43,747;1,15087681207971
9197;43,751;1,02705366206966
9198;43,755;0,980238334120656
9199;43,759;1,0117877942602
9200;43,763;1,10202603508945
9201;43,767;0,976252246414853
9202;43,771;0,844456920993197
9203;43,775;0,866083567056597
9204;43,780;0,876345622639621
9205;43,784;0,907046979011976
9206;43,788;0,838859436129729
9207;43,792;0,763547821603069
9208;43,796;0,744550297217965
9209;43,800;0,666948802519886
9210;43,804;0,806377061846271
9211;43,808;0,659824730875472
9212;43,813;0,764311114993542
9213;43,817;0,643117086661787
9214;43,821;0,688660258960004
9215;43,825;0,65575383279295
9216;43,829;0,671698183616162
9217;43,833;0,654736108272319
9218;43,837;0,641336068750684
9219;43,841;0,717750218174694
9220;43,846;0,690695708001265
9221;43,850;0,698159021152556
9222;43,854;0,754557921670832
9223;43,858;0,795945385509808
9224;43,862;0,771265565884517
9225;43,866;0,871426620789907
9226;43,870;0,727418601120684
9227;43,874;0,752946524513167
9228;43,878;0,742854089683581
9229;43,883;0,629208184879836
9230;43,887;0,683317205226694
9231;43,891;0,671274131732566
9232;43,895;0,561868745764782
9233;43,899;0,646848743237433
9234;43,903;0,576795372067363
9235;43,907;0,608853694467225
9236;43,911;0,488592580279382
9237;43,916;0,571028266450457
9238;43,920;0,49206980572487
9239;43,924;0,515647090452811
9240;43,928;0,446187391919776
9241;43,932;0,484945734080456
9242;43,936;0,46408238140753
9243;43,940;0,416079708184456
9244;43,944;0,463912760654092
9245;43,949;0,489101442539698
9246;43,953;0,515647090452811
9247;43,957;0,420405037397136
9248;43,961;0,440505096679589
9249;43,965;0,437875975001293
9250;43,969;0,388007473490396
9251;43,973;0,405478411094554
9252;43,977;0,415231604417264
9253;43,982;0,397421425306229
9254;43,986;0,367398551947628
9255;43,990;0,382494799003648
9256;43,994;0,350945338864101
9257;43,998;0,394368251744337
9258;44,002;0,364006136878859
9259;44,006;0,425578470377008
9260;44,010;0,371554260406869
9261;44,015;0,429818989212968
9262;44,019;0,438045595754732
9263;44,023;0,395640407395126
9264;44,027;0,47052797003819
9265;44,031;0,383427713147559
9266;44,035;0,347722544548771
9267;44,039;0,431006334487037
9268;44,043;0,394622682874495
9269;44,047;0,452124118290121
9270;44,052;0,324823742834583
9271;44,056;0,306335080709795
9272;44,060;0,404630307327362
9273;44,064;0,346620009651421
9274;44,068;0,40157713376547
9275;44,072;0,424051883596062
9276;44,076;0,402255616779224
9277;44,080;0,37045172550952
9278;44,085;0,4070049978755
9279;44,089;0,339919989890603
9280;44,093;0,443388649488042
9281;44,097;0,349418752083155
9282;44,101;0,374353002838603
9283;44,105;0,244508316081489
9284;44,109;0,384191006538032
9285;44,113;0,344754181363598
9286;44,118;0,349588372836593
9287;44,122;0,328725020163667
9288;44,126;0,357306117118042
9289;44,130;0,274955241323686
9290;44,134;0,380459349962387
9291;44,138;0,328470589033509
9292;44,142;0,385802403695697
9293;44,146;0,360868152940249
9294;44,151;0,390721405545411
9295;44,155;0,303451527901342
9296;44,159;0,372996036811096
