#"+EI TIC Scan 140C_1ml-min_5C-min_2.d "
#Point;X(Minutes);Y(Counts)
0;4,874;92,4511269684507
1;4,878;87,43701879754
2;4,883;82,7524510442972
3;4,887;77,8340825682531
4;4,891;73,911362403521
5;4,895;70,4128412654301
6;4,899;67,0072299208963
7;4,903;63,4070867088121
8;4,907;60,1914921083909
9;4,911;57,3501758036443
10;4,916;54,2457422703948
11;4,920;51,6553968761705
12;4,924;49,1000913835547
13;4,928;46,4761687333425
14;4,932;44,3047123262234
15;4,936;42,1624770348739
16;4,940;40,2715306204861
17;4,944;38,6165153040427
18;4,949;37,925129078476
19;4,953;37,4905643459144
20;4,957;38,4369914524262
21;4,961;41,2046985264799
22;4,965;44,1520884353698
23;4,969;46,8073625764948
24;4,973;48,2975440908163
25;4,977;48,8433652804814
26;4,982;48,7953841447943
27;4,986;47,1717203192637
28;4,990;45,9573110977283
29;4,994;44,5476704824759
30;4,998;43,0775844471168
31;5,002;41,1561132545582
32;5,006;39,4920358945954
33;5,010;37,7891984256846
34;5,014;36,3594623314698
35;5,019;34,895831014828
36;5,023;33,273693428206
37;5,027;32,4556293732309
38;5,031;30,7752721315771
39;5,035;29,7250289826409
40;5,039;28,3282342115354
41;5,043;27,3202170057355
42;5,047;26,6484493094723
43;5,052;25,5581423891871
44;5,056;24,3526998212393
45;5,060;23,4603906026927
46;5,064;22,8780668657985
47;5,068;21,9025458300927
48;5,072;20,965816699979
49;5,076;20,2387864365692
50;5,080;19,7447937765065
51;5,085;18,9307678953102
52;5,089;18,1662493887095
53;5,093;17,4692033605237
54;5,097;16,8291687149005
55;5,101;16,0225514517394
56;5,105;15,4964441813096
57;5,109;15,0472211958972
58;5,113;14,4550722960293
59;5,118;14,0763742668489
60;5,122;13,4670551792599
61;5,126;12,934397800181
62;5,130;12,3934414970369
63;5,134;12,1707060063224
64;5,138;11,4634850520797
65;5,142;10,8839594198512
66;5,146;10,4857382512991
67;5,151;9,99304925363738
68;5,155;9,58299973354412
69;5,159;9,01431675689494
70;5,163;8,67161252864083
71;5,167;8,25959161662405
72;5,171;8,02932032129873
73;5,175;7,65516921219999
74;5,179;7,42235418536044
75;5,183;6,9791725622944
76;5,188;6,71185817679316
77;5,192;6,51487796766027
78;5,196;6,33942408646652
79;5,200;6,06829410369394
80;5,204;5,8633647335791
81;5,208;5,6468295884306
82;5,212;5,483204058778
83;5,216;5,34412553823769
84;5,221;5,25099316817309
85;5,225;5,02466465669482
86;5,229;4,98514142829253
87;5,233;4,84491822857081
88;5,237;4,65436094151135
89;5,241;4,56940030893619
90;5,245;4,5146782847364
91;5,249;4,35989222209574
92;5,254;4,21493132242878
93;5,258;4,19216492537646
94;5,262;4,09032027487563
95;5,266;4,0664091986419
96;5,270;3,98065364996855
97;5,274;3,93795075717348
98;5,278;3,92742606803337
99;5,282;3,79636030176287
100;5,287;3,76345077529757
101;5,291;3,71397519734587
102;5,295;3,6420193921372
103;5,299;3,57578698283554
104;5,303;3,50141463268835
105;5,307;3,42236817588377
106;5,311;3,39534102854512
107;5,315;3,3602375336488
108;5,320;3,41550010079536
109;5,324;3,24147706857837
110;5,328;3,28983976399259
111;5,332;3,1881540967114
112;5,336;3,17041156939967
113;5,340;3,08125377982605
114;5,344;3,16319373122806
115;5,348;3,08580069990773
116;5,352;3,08227127243174
117;5,357;3,02309771808205
118;5,361;3,07759716577435
119;5,365;3,03371779715395
120;5,369;3,0343537300325
121;5,373;2,96529141942126
122;5,377;2,89692863497644
123;5,381;2,96560938586054
124;5,385;2,88630855590454
125;5,390;2,87180928627345
126;5,394;2,88417818076138
127;5,398;2,77079134851475
128;5,402;2,75209492188519
129;5,406;2,73521090395951
130;5,410;2,76007587951107
131;5,414;2,70188802112315
132;5,418;2,65902614510844
133;5,423;2,7289151684618
134;5,427;2,68907397362023
135;5,431;2,63521045880649
136;5,435;2,69616462521614
137;5,439;2,57234849376118
138;5,443;2,56824672669449
139;5,447;2,59543285725278
140;5,451;2,56579838511205
141;5,456;2,59034539422433
142;5,460;2,51606843400893
143;5,464;2,55263457452593
144;5,468;2,50125119793856
145;5,472;2,50468523548277
146;5,476;2,47660879889449
147;5,480;2,44357208585348
148;5,484;2,38636992342732
149;5,489;2,49772177046257
150;5,493;2,43002671554023
151;5,497;2,44970883813155
152;5,501;2,44525730798166
153;5,505;2,43425566918263
154;5,509;2,43524136514439
155;5,513;2,49311125709304
156;5,517;2,40570228293544
157;5,521;2,52668851308082
158;5,526;2,39533657701497
159;5,530;2,35902480964939
160;5,534;2,38001059464176
161;5,538;2,47129875935855
162;5,542;2,39762593537777
163;5,546;2,43505058528083
164;5,550;2,32802308181976
165;5,554;2,36277681363288
166;5,559;2,42280887736861
167;5,563;2,31117086053801
168;5,567;2,31206116656799
169;5,571;2,32427107783628
170;5,575;2,36169572773933
171;5,579;2,271965598575
172;5,583;2,27132966569645
173;5,587;2,20716403825009
174;5,592;2,2280862299546
175;5,596;2,24045512444253
176;5,600;2,20325305104697
177;5,604;2,21946933945016
178;5,608;2,15937368242657
179;5,612;2,2123150945664
180;5,616;2,16179022736508
181;5,620;2,19434999074718
182;5,625;2,11549431380617
183;5,629;2,11969147080464
184;5,633;2,16210819380436
185;5,637;2,13965976319132
186;5,641;2,11504916079118
187;5,645;2,11641641648007
188;5,649;2,06458788687772
189;5,653;2,09043855839104
190;5,658;2,11552611045009
191;5,662;2,03078805438244
192;5,666;2,04992963402699
193;5,670;2,14770431410505
194;5,674;2,36478000220033
195;5,678;2,81365322452946
196;5,682;3,76958752757564
197;5,686;5,49709919217447
198;5,690;8,2762212613983
199;5,695;12,0562698848262
200;5,699;16,7482462561042
201;5,703;21,6252790950421
202;5,707;26,0832003703673
203;5,711;29,7409908978927
204;5,715;31,7884085970494
205;5,719;33,1739473562045
206;5,723;33,4594494220324
207;5,728;33,2203704563391
208;5,732;32,5055501041976
209;5,736;31,4692974785897
210;5,740;30,7378792783179
211;5,744;29,4921821591575
212;5,748;28,1025416329357
213;5,752;27,2770689599254
214;5,756;26,2333123263506
215;5,761;25,4488573240072
216;5,765;24,5029071671543
217;5,769;23,4053824086975
218;5,773;22,5052512157447
219;5,777;21,5519878307884
220;5,781;20,622158572407
221;5,785;19,9005655351089
222;5,789;19,0219606700952
223;5,794;18,4331186211958
224;5,798;17,6275824439282
225;5,802;16,939534865974
226;5,806;16,0641732586409
227;5,810;15,4929147538336
228;5,814;14,7738972446936
229;5,818;14,1752936261084
230;5,822;13,5321747060241
231;5,827;12,9266712157065
232;5,831;12,4837757624358
233;5,835;11,961643072497
234;5,839;11,2486669257033
235;5,843;10,809587069704
236;5,847;10,1525094229354
237;5,851;9,31024812193123
238;5,855;8,97434837547767
239;5,859;8,30210372955555
240;5,864;7,77507435645183
241;5,868;7,29755235794372
242;5,872;6,89707362767275
243;5,876;6,26826319735605
244;5,880;5,91640153565072
245;5,884;5,6366546623737
246;5,888;5,15760642495706
247;5,892;4,88933814013799
248;5,897;4,57623658738068
249;5,901;4,35512272550657
250;5,905;4,03022461785203
251;5,909;4,01031991875322
252;5,913;3,73190850452117
253;5,917;3,52863255989057
254;5,921;3,3304122816445
255;5,925;3,15623026620786
256;5,930;2,98068099508233
257;5,934;2,91622919784063
258;5,938;2,70405019291024
259;5,942;2,69880374666215
260;5,946;2,55298433760913
261;5,950;2,52223698293093
262;5,954;2,46398553125515
263;5,958;2,41498690296237
264;5,963;2,27797516427736
265;5,967;2,23237877688486
266;5,971;2,12760883514267
267;5,975;2,15527191535988
268;5,979;2,11355471852657
269;5,983;2,06264829159812
270;5,987;1,96849842892782
271;5,991;1,94942044257113
272;5,996;1,89616106399202
273;6,000;1,8827746768984
274;6,004;1,87746463736246
275;6,008;1,79813201076253
276;6,012;1,83081896072033
277;6,016;1,79536570274081
278;6,020;1,83288574257564
279;6,024;1,71387090435379
280;6,028;1,72601722233422
281;6,033;1,74344178320667
282;6,037;1,65472914664803
283;6,041;1,6639501733871
284;6,045;1,68445900872055
285;6,049;1,68662118050764
286;6,053;1,61879893900959
287;6,057;1,66188339153179
288;6,061;1,58547605617322
289;6,066;1,59711362785081
290;6,070;1,54359987612028
291;6,074;1,54506252174096
292;6,078;1,53587329164581
293;6,082;1,56153318329557
294;6,086;1,62865589862721
295;6,090;1,62251914634914
296;6,094;1,64220126894047
297;6,099;1,58302771459078
298;6,103;1,6485288010821
299;6,107;1,58003883006156
300;6,111;1,52731999442923
301;6,115;1,57158092277676
302;6,119;1,58512629309002
303;6,123;1,57148553284498
304;6,127;1,55336144580612
305;6,132;1,55937101150848
306;6,136;1,51930724015942
307;6,140;1,49078565055616
308;6,144;1,47132610447233
309;6,148;1,44630214570113
310;6,152;1,47161227426768
311;6,156;1,52471266962715
312;6,160;1,42054686411959
313;6,165;1,46029266902937
314;6,169;1,38261346791369
315;6,173;1,43571386327316
316;6,177;1,41431472190973
317;6,181;1,42677900632944
318;6,185;1,41510963800793
319;6,189;1,41310644944047
320;6,193;1,42379012180022
321;6,197;1,45883002340869
322;6,202;1,53622305472902
323;6,206;1,77701903919445
324;6,210;2,29425504596841
325;6,214;3,11950514247122
326;6,218;4,5141059451457
327;6,222;6,13853289013051
328;6,226;8,34394811296457
329;6,230;10,6555323298736
330;6,235;13,2087710406342
331;6,239;15,403280014601
332;6,243;16,8980084490042
333;6,247;18,0346748761362
334;6,251;18,5248201422836
335;6,255;18,6609733715826
336;6,259;18,4890807145087
337;6,263;18,3121959843382
338;6,268;17,6847210130665
339;6,272;17,156260790986
340;6,276;16,4539365199082
341;6,280;15,9550789733245
342;6,284;15,2513238532699
343;6,288;14,5589837283854
344;6,292;13,8887422710308
345;6,296;13,2438109422427
346;6,301;12,8201206619044
347;6,305;12,3115015456349
348;6,309;11,7565229225186
349;6,313;11,2704794234378
350;6,317;10,7061843836507
351;6,321;10,1888847835889
352;6,325;9,79613263779235
353;6,329;9,15533487271485
354;6,334;8,89924470252014
355;6,338;8,51612693983376
356;6,342;7,98747593788971
357;6,346;7,55939772068938
358;6,350;7,23370469693665
359;6,354;6,82718460431938
360;6,358;6,42374878616312
361;6,362;6,08912090546667
362;6,366;5,74571715104614
363;6,371;5,3265419941456
364;6,375;4,99038787454062
365;6,379;4,60237342868935
366;6,383;4,38513875737444
367;6,387;4,0587462074553
368;6,391;3,7542297485585
369;6,395;3,40599290426094
370;6,399;3,2801417875946
371;6,404;3,02160327581744
372;6,408;2,85775516965735
373;6,412;2,70147466475209
374;6,416;2,52557563054335
375;6,420;2,3391519071945
376;6,424;2,317784562475
377;6,428;2,14500159937119
378;6,432;1,98255254554392
379;6,437;1,96108981089264
380;6,441;1,97272738257022
381;6,445;1,84156622636794
382;6,449;1,73911743963248
383;6,453;1,7066848628261
384;6,457;1,69949882129841
385;6,461;1,59711362785081
386;6,465;1,6046494324617
387;6,470;1,55530104108572
388;6,474;1,53154894807163
389;6,478;1,43231162237288
390;6,482;1,46655660788315
391;6,486;1,3892589664946
392;6,490;1,42019710103638
393;6,494;1,30512504666158
394;6,498;1,28512495763097
395;6,503;1,2505302090375
396;6,507;1,28649221331987
397;6,511;1,19762059354159
398;6,515;1,18143610178233
399;6,519;1,16696862879517
400;6,523;1,1535186484137
401;6,527;1,16766815496158
402;6,531;1,14461558811391
403;6,535;1,11577603207137
404;6,540;1,15161084977803
405;6,544;1,14210365324361
406;6,548;1,11860593338094
407;6,552;1,11342308042071
408;6,556;1,08083152039469
409;6,560;1,08331165862106
410;6,564;1,1130733173375
411;6,568;1,06235767027262
412;6,573;1,07466297147269
413;6,577;1,12213536085693
414;6,581;1,00054499447692
415;6,585;1,04025900274278
416;6,589;1,03583926923681
417;6,593;1,03002048339802
418;6,597;1,02674542907345
419;6,601;1,01323185540413
420;6,606;1,04397921008233
421;6,610;1,01727002918296
422;6,614;1,01796955534937
423;6,618;1,00362926893792
424;6,622;1,02283444187033
425;6,626;0,967603671367695
426;6,630;1,01612535000156
427;6,634;1,01084710710954
428;6,639;1,02216671234785
429;6,643;0,941784796498299
430;6,647;0,999718281734799
431;6,651;0,954535250713358
432;6,655;1,02855783777734
433;6,659;0,946776869594968
434;6,663;0,921530334316274
435;6,667;0,934439771750971
436;6,672;0,914630462583935
437;6,676;0,927380916798994
438;6,680;0,86744424299504
439;6,684;0,939495438135496
440;6,688;0,900353769460341
441;6,692;0,853930669325714
442;6,696;0,882388665641119
443;6,700;0,949733957480256
444;6,704;0,906395131806628
445;6,709;0,869161261767143
446;6,713;0,915838735053193
447;6,717;0,89393084738692
448;6,721;0,952277688994482
449;6,725;0,893167727932652
450;6,729;0,868398142312875
451;6,733;0,869129465123215
452;6,737;0,921116977945212
453;6,742;0,863883018875124
454;6,746;0,828620540759164
455;6,750;0,866649326896845
456;6,754;0,879558764331542
457;6,758;0,905059672761659
458;6,762;0,819622090527589
459;6,766;0,84696720430552
460;6,770;0,929288715434663
461;6,775;0,876347303294832
462;6,779;0,825472673010309
463;6,783;0,851736700894694
464;6,787;0,817873275111559
465;6,791;0,861275694073042
466;6,795;0,868207362449308
467;6,799;0,862674746405866
468;6,803;0,851959277402189
469;6,808;0,881879919338274
470;6,812;0,885981686404963
471;6,816;0,85326293980323
472;6,820;0,841021231891016
473;6,824;0,894312407114054
474;6,828;0,849383749244035
475;6,832;0,919018399445975
476;6,836;0,852213650553611
477;6,841;0,864328171890113
478;6,845;0,898255190961105
479;6,849;1,04677731474798
480;6,853;1,31952892636088
481;6,857;1,96541415446682
482;6,861;2,97998146891592
483;6,865;4,8282249905087
484;6,869;7,4994292502415
485;6,873;11,1441513571126
486;6,878;15,7247122880674
487;6,882;21,0964691098784
488;6,886;26,5094343822198
489;6,890;31,0370539010349
490;6,894;35,0077234048101
491;6,898;37,7350487410755
492;6,902;39,3327665051609
493;6,906;40,4357920830172
494;6,911;40,4206250838636
495;6,915;39,6785232112321
496;6,919;38,5777869917386
497;6,923;37,5725996872482
498;6,927;35,6497612390007
499;6,931;34,2797074454386
500;6,935;32,9482865742487
501;6,939;30,9303125673691
502;6,944;29,4298607370589
503;6,948;28,0324618297188
504;6,952;26,438432476329
505;6,956;25,0225597188668
506;6,960;23,4592141268673
507;6,964;22,3560613624353
508;6,968;21,2385683115918
509;6,972;19,9725531369615
510;6,977;18,7155364125627
511;6,981;17,7163268771308
512;6,985;16,3974974769363
513;6,989;15,3030569929405
514;6,993;14,3066773588181
515;6,997;13,0565287095078
516;7,001;12,2588780999343
517;7,005;11,1325455820789
518;7,010;10,2334636783757
519;7,014;9,28341175445614
520;7,018;8,50598381042078
521;7,022;7,67952544144871
522;7,026;6,99233637288052
523;7,030;6,45198420597103
524;7,034;5,7598348609501
525;7,038;5,28234465908592
526;7,042;4,77458405220246
527;7,047;4,35448679262801
528;7,051;3,95114636440353
529;7,055;3,61009556163366
530;7,059;3,32370318977573
531;7,063;2,96580016572411
532;7,067;2,74484528706964
533;7,071;2,68964631321093
534;7,075;2,4353685517201
535;7,080;2,24210854992677
536;7,084;2,08287095713622
537;7,088;1,9245872636635
538;7,092;1,84910203097883
539;7,096;1,75320335289251
540;7,100;1,61460178201111
541;7,104;1,54315472310529
542;7,108;1,46951369576844
543;7,113;1,41892523527927
544;7,117;1,39240683424346
545;7,121;1,32859096988031
546;7,125;1,26038716865512
547;7,129;1,20445687198608
548;7,133;1,15994157048712
549;7,137;1,08417016800711
550;7,141;1,16763635831765
551;7,146;1,0661096742561
552;7,150;1,02556895324812
553;7,154;1,04607778858157
554;7,158;1,04436076980947
555;7,162;0,958827797643614
556;7,166;1,00630018702786
557;7,170;0,931991430168529
558;7,174;0,917428567249584
559;7,179;0,906744894889834
560;7,183;0,967063128420921
561;7,187;0,95230948563841
562;7,191;0,903565230497052
563;7,195;0,853072159939663
564;7,199;0,846394864714819
565;7,203;0,845886118411974
566;7,207;0,84140279161815
567;7,211;0,838445703732862
568;7,216;0,812340659068117
569;7,220;0,810750826871725
570;7,224;0,802579089382274
571;7,228;0,814725407362704
572;7,232;0,807443975903231
573;7,236;0,762165554950006
574;7,240;0,843692149980954
575;7,244;0,769192613258056
576;7,249;0,745917469902887
577;7,253;0,768938240106633
578;7,257;0,775615535331477
579;7,261;0,733961931786024
580;7,265;0,773326176968673
581;7,269;0,745472316887897
582;7,273;0,722356156752367
583;7,277;0,722133580244872
584;7,282;0,726903076834046
585;7,286;0,697840944284013
586;7,290;0,684263777326831
587;7,294;0,753644054377349
588;7,298;0,739335564609827
589;7,302;0,746362622917876
590;7,306;0,687856798090675
591;7,310;0,695519789277281
592;7,315;0,696823451678322
593;7,319;0,694406906739807
594;7,323;0,671417933179989
595;7,327;0,711545297816906
596;7,331;0,641211121448553
597;7,335;0,680352790123708
598;7,339;0,676473599564513
599;7,343;0,664931417818712
600;7,348;0,675583293534534
601;7,352;0,66963732112003
602;7,356;0,666266876863681
603;7,360;0,653738999156117
604;7,364;0,668015692279711
605;7,368;0,573929422897272
606;7,372;0,710337025347649
607;7,376;0,694597686603374
608;7,380;0,650050588460489
609;7,385;0,693103244338767
610;7,389;0,631640331626278
611;7,393;0,612085395610664
612;7,397;0,650209571680128
613;7,401;0,607188712445779
614;7,405;0,591004220686515
615;7,409;0,599080568244183
616;7,413;0,604803964151192
617;7,418;0,575519255093663
618;7,422;0,601433519894842
619;7,426;0,571894437685891
620;7,430;0,587474793210526
621;7,434;0,592339679731484
622;7,438;0,65281689648221
623;7,442;0,583786382514898
624;7,446;0,61243515869387
625;7,451;0,569827655830582
626;7,455;0,590368287807958
627;7,459;0,560384052584018
628;7,463;0,569668672610943
629;7,467;0,595741920631761
630;7,471;0,603850064833357
631;7,475;0,534406194494983
632;7,479;0,529286934822603
633;7,484;0,569191722952026
634;7,488;0,566043855203171
635;7,492;0,572689353784087
636;7,496;0,574915118859035
637;7,500;0,528778188519758
638;7,504;0,574628949063684
639;7,508;0,581083667781033
640;7,512;0,553706757359174
641;7,517;0,535646263608169
642;7,521;0,493738286911293
643;7,525;0,582228346962435
644;7,529;0,587824556293732
645;7,533;0,534883144153901
646;7,537;0,553356994275968
647;7,541;0,512116747101577
648;7,545;0,524390251657718
649;7,549;0,588365099240505
650;7,554;0,589223608626557
651;7,558;0,571353894739118
652;7,562;0,599016974956327
653;7,566;0,555423776131277
654;7,570;0,596473243442101
655;7,574;0,525248761043769
656;7,578;0,631799314845917
657;7,582;0,571608267890541
658;7,587;0,547411021861465
659;7,591;0,535964230047447
660;7,595;0,581401634220311
661;7,599;0,535837043471736
662;7,603;0,54674329233898
663;7,607;0,522927606037038
664;7,611;0,558412660660493
665;7,615;0,634978979238699
666;7,620;0,668460845294701
667;7,624;0,709414922673742
668;7,628;0,936760926757703
669;7,632;1,2916750662801
670;7,636;1,92086705632394
671;7,640;2,81492509028657
672;7,644;4,26300784804765
673;7,648;6,29936031511746
674;7,653;8,56267722654409
675;7,657;11,264692434243
676;7,661;14,0909053331239
677;7,665;16,6303443004198
678;7,669;18,7481915658766
679;7,673;20,6533510801002
680;7,677;21,9543107664072
681;7,681;22,7746005864573
682;7,686;22,8040124820905
683;7,690;22,5801641088386
684;7,694;22,158826780151
685;7,698;21,1462626542694
686;7,702;20,3560206627311
687;7,706;19,5889266279723
688;7,710;18,3654871595613
689;7,714;17,386245916516
690;7,718;16,3369248702538
691;7,723;15,3677313666897
692;7,727;14,3879813773416
693;7,731;13,5748775988192
694;7,735;12,5036168682468
695;7,739;11,7362684603365
696;7,743;10,7802705640025
697;7,747;9,98789819732107
698;7,751;9,1133315060862
699;7,756;8,34925815250052
700;7,760;7,66760169997577
701;7,764;7,03026976908641
702;7,768;6,3337960804913
703;7,772;5,69067716040707
704;7,776;5,15105631630793
705;7,780;4,73550597681516
706;7,784;4,12558275299159
707;7,789;3,66526273884844
708;7,793;3,26042786835935
709;7,797;3,09409962397289
710;7,801;2,82465486332849
711;7,805;2,52509868088443
712;7,809;2,23155206414273
713;7,813;2,08213963432588
714;7,817;1,86045343286107
715;7,822;1,79358509068085
716;7,826;1,57291638182173
717;7,830;1,48760598616337
718;7,834;1,2851567542749
719;7,838;1,30019656685276
720;7,842;1,20022791834367
721;7,846;1,12102247831946
722;7,850;1,0595913622509
723;7,855;0,99195990061641
724;7,859;0,998287432758047
725;7,863;0,860480777974846
726;7,867;0,844359879503438
727;7,871;0,874662081166657
728;7,875;0,777873097050353
729;7,879;0,793835012302122
730;7,883;0,757332465072977
731;7,887;0,726330737243346
732;7,892;0,688969680628149
733;7,896;0,722006393669161
734;7,900;0,664009315144805
735;7,904;0,648683332771593
736;7,908;0,624104527015383
737;7,912;0,650432148187623
738;7,916;0,657459206495673
739;7,920;0,644263599265625
740;7,925;0,622196728379713
741;7,929;0,569700469254871
742;7,933;0,587252216703032
743;7,937;0,549414210428918
744;7,941;0,504390162627115
745;7,945;0,535868840115663
746;7,949;0,551385602352443
747;7,953;0,458062452424272
748;7,958;0,552625671465628
749;7,962;0,528364832148696
750;7,966;0,500002225765075
751;7,970;0,567856263907057
752;7,974;0,535455483744602
753;7,978;0,511862373950154
754;7,982;0,489159570185686
755;7,986;0,47081290663933
756;7,991;0,51411993566903
757;7,995;0,533547685108932
758;7,999;0,518857635614276
759;8,003;0,508937082708794
760;8,007;0,453420142410809
761;8,011;0,492847980881314
762;8,015;0,488491840663202
763;8,019;0,518603262462854
764;8,024;0,454692008167922
765;8,028;0,522100893294914
766;8,032;0,459334318181385
767;8,036;0,436090971470143
768;8,040;0,445820744512058
769;8,044;0,491194555397067
770;8,048;0,491894081563479
771;8,052;0,469731820745784
772;8,056;0,436599717772989
773;8,061;0,40190957924773
774;8,065;0,394246588061123
775;8,069;0,480733459544812
776;8,073;0,517458583281452
777;8,077;0,47300687507035
778;8,081;0,476727082409906
779;8,085;0,533738464972499
780;8,089;0,548841870838217
781;8,094;0,530813173731139
782;8,098;0,51163979744266
783;8,102;0,548841870838217
784;8,106;0,524962591248419
785;8,110;0,518730449038565
786;8,114;0,54601196952864
787;8,118;0,516536480607545
788;8,122;0,497490290894777
789;8,127;0,482768444756193
790;8,131;0,51074949141268
791;8,135;0,484676243391862
792;8,139;0,490177062791377
793;8,143;0,513706579297968
794;8,147;0,471385246230031
795;8,151;0,434183172834474
796;8,155;0,431448661456681
797;8,160;0,476758879053834
798;8,164;0,452625226312613
799;8,168;0,434787309069102
800;8,172;0,449064002192697
801;8,176;0,389063735100888
802;8,180;0,402418325550575
803;8,184;0,437203854007617
804;8,188;0,420065462930519
805;8,193;0,407823755018305
806;8,197;0,41682220524988
807;8,201;0,359810822687287
808;8,205;0,389572481403733
809;8,209;0,401305443013101
810;8,213;0,416122679083468
811;8,217;0,408459687896862
812;8,221;0,392338789425454
813;8,225;0,396853912863205
814;8,230;0,418539224021983
815;8,234;0,413547150925314
816;8,238;0,370717071554532
817;8,242;0,376790230544746
818;8,246;0,348999963751826
819;8,250;0,368618493055295
820;8,254;0,353705867053144
821;8,258;0,341146192701653
822;8,263;0,385884070708105
823;8,267;0,432815917145577
824;8,271;0,363435640095059
825;8,275;0,370907851418099
826;8,279;0,407887348306161
827;8,283;0,336885442415324
828;8,287;0,329604010955852
829;8,291;0,297362214013035
830;8,296;0,357966617339473
831;8,300;0,357966617339473
832;8,304;0,300478285117962
833;8,308;0,366806084351409
834;8,312;0,329540417667996
835;8,316;0,363340250163276
836;8,320;0,303180999851828
837;8,324;0,312910772893743
838;8,329;0,354691563014907
839;8,333;0,334564287408593
840;8,337;0,328840891501584
841;8,341;0,331925165962583
842;8,345;0,344580230245858
843;8,349;0,400033577255988
844;8,353;0,333801167954325
845;8,357;0,32845933177445
846;8,362;0,35450078315134
847;8,366;0,370939648062026
848;8,370;0,34235446517091
849;8,374;0,377235383559736
850;8,378;0,353864850272783
851;8,382;0,397235472590339
852;8,386;0,383944475428508
853;8,390;0,383085966042456
854;8,394;0,417394544840581
855;8,399;0,452021090077984
856;8,403;0,468936904647588
857;8,407;0,440478908332183
858;8,411;0,489890892996026
859;8,415;0,433928799683051
860;8,419;0,537013519297065
861;8,423;0,470558533487907
862;8,427;0,45472380481185
863;8,432;0,536472976350292
864;8,436;0,487219974906089
865;8,440;0,500479175423992
866;8,444;0,450494851169449
867;8,448;0,496599984864798
868;8,452;0,443086233134265
869;8,456;0,440319925112544
870;8,460;0,42063780252122
871;8,465;0,478062541454875
872;8,469;0,410621859683954
873;8,473;0,424548789724342
874;8,477;0,410590063040026
875;8,481;0,411130605986799
876;8,485;0,377744129862581
877;8,489;0,357839430763762
878;8,493;0,360096992482637
879;8,498;0,386329223723095
880;8,502;0,41462823681886
881;8,506;0,457808079272849
882;8,510;0,588396895884433
883;8,514;0,828334370963814
884;8,518;1,37456891699995
885;8,522;2,37390563900761
886;8,526;3,83194074631811
887;8,531;6,11404947430609
888;8,535;9,30264872403248
889;8,539;13,5937648053123
890;8,543;18,961674233208
891;8,547;24,5962621137264
892;8,551;31,0395022426173
893;8,555;37,0310074512255
894;8,559;42,0413318215089
895;8,563;46,3350552275908
896;8,568;49,3003466470121
897;8,572;50,6660125037123
898;8,576;51,839785614308
899;8,580;51,1191146796838
900;8,584;49,9622573836577
901;8,588;47,8483846986918
902;8,592;45,3127931253112
903;8,596;42,8207311574678
904;8,601;40,2919122692438
905;8,605;37,2830912442854
906;8,609;34,404636459431
907;8,613;31,5951803919
908;8,617;28,9316073267099
909;8,621;26,1171273894383
910;8,625;23,9056072109701
911;8,629;21,2228289728476
912;8,634;19,2535356278216
913;8,638;17,1856408899753
914;8,642;15,1572693805314
915;8,646;13,4985338567485
916;8,650;11,7972544233901
917;8,654;10,4942915485156
918;8,658;9,21352273110278
919;8,662;8,11857350080414
920;8,667;6,93367156483368
921;8,671;6,24005957419206
922;8,675;5,43077139294102
923;8,679;4,92380570215575
924;8,683;4,22224455053218
925;8,687;3,74351427955482
926;8,691;3,39356041648516
927;8,695;3,08014089728857
928;8,700;2,7119993538922
929;8,704;2,56684767436167
930;8,708;2,21441367306564
931;8,712;2,03854643550083
932;8,716;1,77984894050403
933;8,720;1,69530166429994
934;8,724;1,55326605587433
935;8,728;1,42248645939918
936;8,732;1,35619045680966
937;8,737;1,2907529636062
938;8,741;1,26410737599468
939;8,745;1,2221993992978
940;8,749;1,25752547070162
941;8,753;1,20967152159024
942;8,757;1,15453614101939
943;8,761;1,10270761141703
944;8,765;1,10035465976637
945;8,770;1,0410857154849
946;8,774;1,05469467908601
947;8,778;0,908748083457287
948;8,782;0,926204440973664
949;8,786;0,93284993955458
950;8,790;0,912722663948266
951;8,794;0,84668103451017
952;8,798;0,857237520294208
953;8,803;0,837936957430017
954;8,807;0,75933565364043
955;8,811;0,726330737243346
956;8,815;0,725790194296572
957;8,819;0,699716946275755
958;8,823;0,664740637955145
959;8,827;0,69218114166486
960;8,831;0,585598791218784
961;8,836;0,614183974109901
962;8,840;0,595710123987833
963;8,844;0,581179057712817
964;8,848;0,57351606652621
965;8,852;0,509541218943423
966;8,856;0,498952936515457
967;8,860;0,517617566501091
968;8,864;0,453388345766881
969;8,869;0,531099343526489
970;8,873;0,461051336953487
971;8,877;0,408904840911851
972;8,881;0,461273913460982
973;8,885;0,443817555944605
974;8,889;0,427442284321774
975;8,893;0,388713972017681
976;8,897;0,35698092137771
977;8,901;0,39809398197639
978;8,906;0,408682264404357
979;8,910;0,38903193845696
980;8,914;0,371829954092006
981;8,918;0,359015906589091
982;8,922;0,347759894638641
983;8,926;0,342990398049467
984;8,930;0,391003330380485
985;8,934;0,320478374148565
986;8,939;0,373705956083747
987;8,943;0,355200309317752
988;8,947;0,326233566699502
989;8,951;0,33329242165148
990;8,955;0,364675709208244
991;8,959;0,338825037694921
992;8,963;0,422195838073683
993;8,967;0,407601178510811
994;8,972;0,390717160585135
995;8,976;0,413801524076737
996;8,980;0,421305532043704
997;8,984;0,408936637555779
998;8,988;0,380510437884302
999;8,992;0,365534218594296
1000;8,996;0,412561454963552
1001;9,000;0,378157486233643
1002;9,005;0,43774439695439
1003;9,009;0,382068473436766
1004;9,013;0,379651928498251
1005;9,017;0,435931988250504
1006;9,021;0,397966795400679
1007;9,025;0,391798246478681
1008;9,029;0,413578947569242
1009;9,033;0,430685542002413
1010;9,038;0,365279845442873
1011;9,042;0,449699935071253
1012;9,046;0,4257570621936
1013;9,050;0,377585146642942
1014;9,054;0,379747318430034
1015;9,058;0,435582225167298
1016;9,062;0,369254425933852
1017;9,066;0,345756706071188
1018;9,070;0,368904662850645
1019;9,075;0,416599628742386
1020;9,079;0,379270368771117
1021;9,083;0,367155847434615
1022;9,087;0,332306725689717
1023;9,091;0,353197120750299
1024;9,095;0,38639281701095
1025;9,099;0,350685185880001
1026;9,103;0,332815471992562
1027;9,108;0,294850279142737
1028;9,112;0,298061740179448
1029;9,116;0,297076044217685
1030;9,120;0,323562648609565
1031;9,124;0,328777298213728
1032;9,128;0,275963072649608
1033;9,132;0,308077683016713
1034;9,136;0,287727830902904
1035;9,141;0,30416669581359
1036;9,145;0,272052085446485
1037;9,149;0,263276211722405
1038;9,153;0,249762638053079
1039;9,157;0,269762727083682
1040;9,161;0,281877248420184
1041;9,165;0,281209518897699
1042;9,169;0,263594178161683
1043;9,174;0,250525757507347
1044;9,178;0,260637090276396
1045;9,182;0,284293793358699
1046;9,186;0,271861305582918
1047;9,190;0,270907406265084
1048;9,194;0,219683012897355
1049;9,198;0,259746784246416
1050;9,202;0,261908956033509
1051;9,207;0,208713170742255
1052;9,211;0,256439933277922
1053;9,215;0,223021660509777
1054;9,219;0,222353930987292
1055;9,223;0,214086803566057
1056;9,227;0,285470269184028
1057;9,231;0,284166606782987
1058;9,235;0,480288306529822
1059;9,240;0,688238357817809
1060;9,244;1,16878103749905
1061;9,248;1,73275811084692
1062;9,252;2,62312773411392
1063;9,256;4,0677764543308
1064;9,260;5,8627923939884
1065;9,264;8,14009982874328
1066;9,268;10,9948661138714
1067;9,272;13,7509356162476
1068;9,277;16,6523157813739
1069;9,281;18,9485740159098
1070;9,285;21,6561218396521
1071;9,289;23,4362569499514
1072;9,293;24,8266605956275
1073;9,297;25,4081894164235
1074;9,301;25,244500293483
1075;9,305;25,2154063642891
1076;9,310;24,0982312798849
1077;9,314;22,7782254038651
1078;9,318;21,4441336145853
1079;9,322;20,2153205133505
1080;9,326;18,6548048226606
1081;9,330;16,9837004043897
1082;9,334;15,6728201651772
1083;9,338;14,2118279699814
1084;9,343;12,6702948757165
1085;9,347;11,4555994843856
1086;9,351;10,1501882679287
1087;9,355;9,11412642218439
1088;9,359;7,99459838612954
1089;9,363;7,07834629470529
1090;9,367;6,24190377953988
1091;9,371;5,47465076156142
1092;9,376;4,78100697427588
1093;9,380;4,25852452125383
1094;9,384;3,67432478236787
1095;9,388;3,32182718778398
1096;9,392;2,85731001664236
1097;9,396;2,52611617349012
1098;9,400;2,30827736594058
1099;9,404;2,04407905154427
1100;9,409;1,81692382732387
1101;9,413;1,65593741911729
1102;9,417;1,50531671683117
1103;9,421;1,33895667580078
1104;9,425;1,22897208445443
1105;9,429;1,12839929971071
1106;9,433;1,10140394901599
1107;9,437;0,947826158844586
1108;9,441;0,883628734754304
1109;9,446;0,952786435297327
1110;9,450;0,779717302398167
1111;9,454;0,724454735251604
1112;9,458;0,669128574817185
1113;9,462;0,670432237218226
1114;9,466;0,593007409253968
1115;9,470;0,548492107755011
1116;9,474;0,57688651078256
1117;9,479;0,549446007072846
1118;9,483;0,509477625655567
1119;9,487;0,573007320223365
1120;9,491;0,524581031521285
1121;9,495;0,612625938557437
1122;9,499;0,741306956533352
1123;9,503;1,12420214271224
1124;9,507;1,64344133805365
1125;9,512;2,46226851248304
1126;9,516;3,84434143744996
1127;9,520;5,5484507721179
1128;9,524;8,03456676754682
1129;9,528;10,7589986092148
1130;9,532;13,8447675124786
1131;9,536;17,4062460055466
1132;9,540;20,2473715304297
1133;9,545;23,3022658924396
1134;9,549;25,3040872042038
1135;9,553;27,2276569752616
1136;9,557;28,0907768746824
1137;9,561;28,1204431434671
1138;9,565;28,4311281512859
1139;9,569;27,4761159509136
1140;9,573;26,0794801630278
1141;9,578;24,492923020961
1142;9,582;22,7379390560085
1143;9,586;20,4910292128486
1144;9,590;19,0695920426991
1145;9,594;17,2758797654425
1146;9,598;15,3583831533749
1147;9,602;13,8374542843752
1148;9,606;11,9741709502045
1149;9,610;10,7119077795577
1150;9,615;9,28630524905357
1151;9,619;8,07084673826847
1152;9,623;6,98750328300349
1153;9,627;6,05586161591816
1154;9,631;5,21461780751965
1155;9,635;4,58755619261898
1156;9,639;3,95378548584954
1157;9,643;3,5082191144889
1158;9,648;3,07743818255471
1159;9,652;2,67028215705889
1160;9,656;2,38379439526917
1161;9,660;2,1603275817444
1162;9,664;1,87285412399292
1163;9,668;1,69348925559605
1164;9,672;1,56102443699272
1165;9,676;1,39269300403881
1166;9,681;1,20830426590134
1167;9,685;1,1450607411289
1168;9,689;1,07240540975381
1169;9,693;1,00114913071155
1170;9,697;0,944137748148958
1171;9,701;0,851704904250766
1172;9,705;0,877332999256595
1173;9,709;0,793453452574988
1174;9,714;0,752117815468813
1175;9,718;0,611576649307819
1176;9,722;0,633484536974091
1177;9,726;0,599970874274162
1178;9,730;0,60219663934911
1179;9,734;0,589446185134052
1180;9,738;0,496218425137664
1181;9,742;0,519270991985338
1182;9,747;0,494723982873056
1183;9,751;0,567856263907057
1184;9,755;0,47036775362434
1185;9,759;0,449668138427325
1186;9,763;0,403086055073059
1187;9,767;0,427474080965702
1188;9,771;0,438443923120802
1189;9,775;0,364484929344678
1190;9,779;0,34893637046397
1191;9,784;0,364834692427884
1192;9,788;0,373070023205191
1193;9,792;0,311797890356269
1194;9,796;0,3250888875181
1195;9,800;0,344834603397281
1196;9,804;0,31850698222504
1197;9,808;0,293959973112758
1198;9,812;0,279937653140586
1199;9,817;0,262576685555993
1200;9,821;0,274246053877505
1201;9,825;0,298729469701932
1202;9,829;0,300796251557241
1203;9,833;0,255263457452593
1204;9,837;0,250716537370914
1205;9,841;0,296153941543778
1206;9,845;0,260541700344612
1207;9,850;0,311257347409496
1208;9,854;0,2311616013553
1209;9,858;0,209857849923656
1210;9,862;0,241209340836493
1211;9,866;0,235167978490206
1212;9,870;0,244897751532121
1213;9,874;0,210557376090068
1214;9,878;0,200636823184587
1215;9,883;0,227981936962518
1216;9,887;0,229921532242115
1217;9,891;0,201368145994927
1218;9,895;0,212973921028583
1219;9,899;0,219683012897355
1220;9,903;0,167504720211791
1221;9,907;0,179969004631499
1222;9,911;0,225660781955786
1223;9,916;0,164166072599369
1224;9,920;0,211765648559326
1225;9,924;0,211574868695759
1226;9,928;0,257330239307902
1227;9,932;0,210207613006862
1228;9,936;0,198697227904989
1229;9,940;0,207377711697286
1230;9,944;0,196503259473969
1231;9,948;0,129984680376956
1232;9,953;0,186264740129209
1233;9,957;0,163053190061895
1234;9,961;0,203625707713802
1235;9,965;0,205533506349472
1236;9,969;0,182512736145725
1237;9,973;0,130970376338718
1238;9,977;0,164865598765781
1239;9,981;0,223498610168694
1240;9,986;0,137806654783201
1241;9,990;0,148235953991528
1242;9,994;0,174372795300202
1243;9,998;0,162417257183339
1244;10,002;0,173927642285212
1245;10,006;0,152178737838579
1246;10,010;0,183625618683199
1247;10,014;0,164960988697565
1248;10,019;0,193450781656898
1249;10,023;0,173387099338439
1250;10,027;0,164038886023658
1251;10,031;0,171383910770986
1252;10,035;0,186709893144198
1253;10,039;0,151256635164672
1254;10,043;0,117202429517969
1255;10,047;0,123116605288545
1256;10,052;0,182321956282158
1257;10,056;0,150747888861826
1258;10,060;0,148808293582229
1259;10,064;0,225565392024003
1260;10,068;0,165310751780771
1261;10,072;0,133545904496872
1262;10,076;0,195517563512206
1263;10,080;0,13504034676148
1264;10,085;0,168426822885698
1265;10,089;0,178856122094025
1266;10,093;0,146932291590487
1267;10,097;0,175835440920882
1268;10,101;0,149126260021507
1269;10,105;0,164643022258287
1270;10,109;0,142385371508808
1271;10,113;0,173609675845934
1272;10,117;0,16737753363608
1273;10,122;0,147790800976539
1274;10,126;0,129507730718038
1275;10,130;0,119396397948989
1276;10,134;0,163689122940452
1277;10,138;0,118887651646144
1278;10,142;0,121717552955721
1279;10,146;0,147409241249405
1280;10,150;0,175199508042325
1281;10,155;0,11074771080062
1282;10,159;0,140954522532056
1283;10,163;0,137075331972861
1284;10,167;0,150366329134693
1285;10,171;0,115231037594444
1286;10,175;0,154150129762104
1287;10,179;0,166328244386462
1288;10,183;0,175167711398397
1289;10,188;0,150207345915053
1290;10,192;0,140922725888128
1291;10,196;0,0932595566403157
1292;10,200;0,10944404839958
1293;10,204;0,137902044714984
1294;10,208;0,149857582831847
1295;10,212;0,125215183787782
1296;10,216;0,121335993228587
1297;10,221;0,119809754320051
1298;10,225;0,128681017975915
1299;10,229;0,109603031619219
1300;10,233;0,139905233282438
1301;10,237;0,110111777922064
1302;10,241;0,169539705423172
1303;10,245;0,0739907904200527
1304;10,249;0,126773219340245
1305;10,254;0,136185025942882
1306;10,258;0,148999073445796
1307;10,262;0,136153229298954
1308;10,266;0,123784334811029
1309;10,270;0,213387277399645
1310;10,274;0,199396754071401
1311;10,278;0,359047703233019
1312;10,282;0,561433341833636
1313;10,286;0,987190404027236
1314;10,291;1,65940325330542
1315;10,295;2,65985285785056
1316;10,299;3,82446853499507
1317;10,303;5,62714746583928
1318;10,307;7,84830202741761
1319;10,311;10,8345792318312
1320;10,315;14,0054995475338
1321;10,319;17,470824989364
1322;10,324;20,3645421633037
1323;10,328;23,5233797543137
1324;10,332;25,7866012758085
1325;10,336;27,0539519094839
1326;10,340;27,7306162889119
1327;10,344;28,1955786130685
1328;10,348;27,5240016966689
1329;10,352;26,4671766424397
1330;10,357;25,0671068170097
1331;10,361;23,3245235431891
1332;10,365;21,3264224387644
1333;10,369;19,2465403661574
1334;10,373;17,3944176540055
1335;10,377;15,2810855119864
1336;10,381;13,622095615052
1337;10,385;11,9409752539439
1338;10,390;10,4068507777141
1339;10,394;9,01183661866857
1340;10,398;7,88690315314599
1341;10,402;6,73169928260412
1342;10,406;5,83264917554482
1343;10,410;5,04962502217816
1344;10,414;4,28164068138936
1345;10,418;3,7430373298959
1346;10,423;3,33165235075768
1347;10,427;2,83896335309601
1348;10,431;2,50509859185383
1349;10,435;2,15558988179916
1350;10,439;2,05225078903372
1351;10,443;1,80433235632845
1352;10,447;1,66283729084963
1353;10,451;1,47889370572715
1354;10,455;1,31371014052209
1355;10,460;1,19889245929871
1356;10,464;1,09555336653327
1357;10,468;1,04394741343841
1358;10,472;0,956761015788306
1359;10,476;0,84944734253189
1360;10,480;0,781943067473114
1361;10,484;0,795711014293863
1362;10,488;0,718476966193172
1363;10,493;0,654470321966457
1364;10,497;0,606679966142934
1365;10,501;0,566584398149944
1366;10,505;0,554469876813442
1367;10,509;0,539748030674858
1368;10,513;0,515646174577566
1369;10,517;0,53914389444023
1370;10,521;0,483944920581522
1371;10,526;0,488491840663202
1372;10,530;0,419143360256612
1373;10,534;0,41726735826487
1374;10,538;0,429636252752794
1375;10,542;0,478984644128782
1376;10,546;0,622482898175063
1377;10,550;0,836696888316832
1378;10,554;1,30433013056338
1379;10,559;2,19613060280714
1380;10,563;3,47635887727322
1381;10,567;5,81115464424961
1382;10,571;9,11660656041076
1383;10,575;14,0477890839578
1384;10,579;20,4608224011172
1385;10,583;28,0005697958592
1386;10,587;37,5288475052035
1387;10,592;47,3257750590941
1388;10,596;58,3324377278627
1389;10,600;68,4203681669807
1390;10,604;78,4400630082296
1391;10,608;87,173965162325
1392;10,612;93,5496692195132
1393;10,616;97,2877144763125
1394;10,620;97,4207834311504
1395;10,624;94,3096408060322
1396;10,629;90,5788769806924
1397;10,633;83,9526471659969
1398;10,637;77,7214588554607
1399;10,641;69,5724559664177
1400;10,645;61,6104173436702
1401;10,649;53,9405262853316
1402;10,653;46,6619565238128
1403;10,657;40,6648869025172
1404;10,662;34,516974002428
1405;10,666;29,478287025761
1406;10,670;25,3812576590166
1407;10,674;21,3334494970725
1408;10,678;18,0771233957798
1409;10,682;15,5626765906112
1410;10,686;13,4164031254829
1411;10,690;11,5633265140131
1412;10,695;10,0289476646319
1413;10,699;8,6088459535273
1414;10,703;7,63946167009964
1415;10,707;6,7160235371477
1416;10,711;5,91964479333135
1417;10,715;5,31016672252277
1418;10,719;4,77000533547685
1419;10,723;4,3532149268709
1420;10,728;3,915693106424
1421;10,732;3,47117602431299
1422;10,736;3,19883776907115
1423;10,740;2,90014009601315
1424;10,744;2,79594249386166
1425;10,748;2,54446283703648
1426;10,752;2,34671950844932
1427;10,756;2,19749785849603
1428;10,761;2,02573238799791
1429;10,765;1,95708343375773
1430;10,769;1,73546082558078
1431;10,773;1,6335525817921
1432;10,777;1,54455377543811
1433;10,781;1,44251834507371
1434;10,785;1,39825741672618
1435;10,789;1,27460026849086
1436;10,793;1,27529979465727
1437;10,798;1,16410693084166
1438;10,802;1,09870123428212
1439;10,806;1,0657599111729
1440;10,810;1,02986150017838
1441;10,814;0,944423917944309
1442;10,818;0,993263563017451
1443;10,822;0,921466741028418
1444;10,826;0,858541182695249
1445;10,831;0,786935140569783
1446;10,835;0,772276887719055
1447;10,839;0,730718674105386
1448;10,843;0,671958476126762
1449;10,847;0,674788377436338
1450;10,851;0,674152444557782
1451;10,855;0,653007676345777
1452;10,859;0,606616372855078
1453;10,864;0,613961397602406
1454;10,868;0,553929333866669
1455;10,872;0,550749669473886
1456;10,876;0,475264436789226
1457;10,880;0,50534406194495
1458;10,884;0,481719155506575
1459;10,888;0,521178790621008
1460;10,892;0,477617388439885
1461;10,897;0,403849174527327
1462;10,901;0,45720394303822
1463;10,905;0,444994031769935
1464;10,909;0,432593340638082
1465;10,913;0,384167051936002
1466;10,917;0,397235472590339
1467;10,921;0,379333962058973
1468;10,925;0,38537532440526
1469;10,930;0,328809094857656
1470;10,934;0,3720525305995
1471;10,938;0,315518097695824
1472;10,942;0,319715254694298
1473;10,946;0,302608660261127
1474;10,950;0,306519647464249
1475;10,954;0,333356014939335
1476;10,958;0,327886992183749
1477;10,962;0,338443477967787
1478;10,967;0,271225372704362
1479;10,971;0,262544888912065
1480;10,975;0,240923171041143
1481;10,979;0,258061562118242
1482;10,983;0,259142648011788
1483;10,987;0,231956517453496
1484;10,991;0,269094997561197
1485;10,995;0,24448439516106
1486;11,000;0,213705243838923
1487;11,004;0,24302174954038
1488;11,008;0,238633812678339
1489;11,012;0,227918343674662
1490;11,016;0,221686201464808
1491;11,020;0,251606843400893
1492;11,024;0,209539883484378
1493;11,028;0,228999429568208
1494;11,033;0,23891998247369
1495;11,037;0,24667836359208
1496;11,041;0,195708343375773
1497;11,045;0,214849923020325
1498;11,049;0,260446310412829
1499;11,053;0,213291887467862
1500;11,057;0,222290337699437
1501;11,061;0,253610031968346
1502;11,066;0,192878442066197
1503;11,070;0,220223555844128
1504;11,074;0,217139281383129
1505;11,078;0,215485855898882
1506;11,082;0,199778313798535
1507;11,086;0,184038975054261
1508;11,090;0,205342726485905
1509;11,094;0,190652676991249
1510;11,099;0,157043624359536
1511;11,103;0,179555648260437
1512;11,107;0,173705065777717
1513;11,111;0,120445687198608
1514;11,115;0,137138925260717
1515;11,119;0,141685845342396
1516;11,123;0,15933298272234
1517;11,127;0,127250168999162
1518;11,131;0,129221560922688
1519;11,136;0,143498254046282
1520;11,140;0,129825697157316
1521;11,144;0,131479122641563
1522;11,148;0,147790800976539
1523;11,152;0,101526684061551
1524;11,156;0,129571324005894
1525;11,160;0,15421372304996
1526;11,164;0,196598649405753
1527;11,169;0,162417257183339
1528;11,173;0,197838718518938
1529;11,177;0,160859221630875
1530;11,181;0,170747977892429
1531;11,185;0,161304374645865
1532;11,189;0,115390020814083
1533;11,193;0,158728846487711
1534;11,197;0,186900673007765
1535;11,202;0,15376857003497
1536;11,206;0,164166072599369
1537;11,210;0,170938757755996
1538;11,214;0,136280415874665
1539;11,218;0,196026309815052
1540;11,222;0,263435194942044
1541;11,226;0,344325857094435
1542;11,230;0,540797319924477
1543;11,235;0,915775141765337
1544;11,239;1,44903665707892
1545;11,243;2,21746615088271
1546;11,247;3,60446755565844
1547;11,251;5,23945098642729
1548;11,255;7,5498269308671
1549;11,259;10,3111428794914
1550;11,263;13,5323336892438
1551;11,268;16,9570866134221
1552;11,272;20,4577699233001
1553;11,276;23,989804724091
1554;11,280;26,7748727657293
1555;11,284;28,7187923889009
1556;11,288;29,8763174144495
1557;11,292;29,9683369019767
1558;11,296;29,3676665015361
1559;11,300;28,4343714089665
1560;11,305;26,6505796846155
1561;11,309;24,4035744515238
1562;11,313;22,4676357859781
1563;11,317;20,0577045494002
1564;11,321;17,5270414558284
1565;11,325;15,2684304477031
1566;11,329;13,2542084448071
1567;11,333;11,2530866592093
1568;11,338;9,7098047495283
1569;11,342;8,39183385871988
1570;11,346;7,22276665142548
1571;11,350;6,08988402492094
1572;11,354;5,21830621821528
1573;11,358;4,50663373382266
1574;11,362;3,86720322443407
1575;11,366;3,4158816605225
1576;11,371;2,99963179486332
1577;11,375;2,63905785272176
1578;11,379;2,29889735598187
1579;11,383;2,11819702854003
1580;11,387;1,91212297924379
1581;11,391;1,80935622606905
1582;11,395;1,67256706389154
1583;11,399;1,45205733825206
1584;11,404;1,36607921307122
1585;11,408;1,34833668575949
1586;11,412;1,29320130518864
1587;11,416;1,19832011970801
1588;11,420;1,16305764159205
1589;11,424;1,08003660429649
1590;11,428;1,11911467968379
1591;11,432;1,07984582443292
1592;11,437;1,04903487646686
1593;11,441;0,99882797570482
1594;11,445;1,00292974277151
1595;11,449;0,961625902309263
1596;11,453;0,924614608777273
1597;11,457;0,828207184388102
1598;11,461;0,848302663350489
1599;11,465;0,756283175823358
1600;11,469;0,748365811485329
1601;11,474;0,671926679482834
1602;11,478;0,64741146701448
1603;11,482;0,599207754819894
1604;11,486;0,529127951602964
1605;11,490;0,497840053977983
1606;11,494;0,502132600908239
1607;11,498;0,440924061347173
1608;11,502;0,419524919983746
1609;11,507;0,397871405468896
1610;11,511;0,340860022906302
1611;11,515;0,313578502416227
1612;11,519;0,354310003287773
1613;11,523;0,321241493602833
1614;11,527;0,281909045064112
1615;11,531;0,278729380671329
1616;11,535;0,272783408256825
1617;11,540;0,269126794205125
1618;11,544;0,266964622418033
1619;11,548;0,245819854206028
1620;11,552;0,239746695215813
1621;11,556;0,290812105363903
1622;11,560;0,251447860181254
1623;11,564;0,239555915352246
1624;11,568;0,235072588558423
1625;11,573;0,241209340836493
1626;11,577;0,187441215954538
1627;11,581;0,266074316388054
1628;11,585;0,265438383509497
1629;11,589;0,217934197481324
1630;11,593;0,242099646866473
1631;11,597;0,198951601056412
1632;11,601;0,229603565802837
1633;11,606;0,207632084848708
1634;11,610;0,185914977046003
1635;11,614;0,169221738983894
1636;11,618;0,147790800976539
1637;11,622;0,174754355027336
1638;11,626;0,150525312354332
1639;11,630;0,168490416173554
1640;11,634;0,167218550416441
1641;11,638;0,156185114973485
1642;11,643;0,212083614998604
1643;11,647;0,22648749469791
1644;11,651;0,218697316935592
1645;11,655;0,357839430763762
1646;11,659;0,608619561422531
1647;11,663;1,00245279311259
1648;11,667;1,73749581079216
1649;11,671;2,69899452652571
1650;11,676;4,25340526158145
1651;11,680;6,38368501481406
1652;11,684;9,32417505197161
1653;11,688;12,6857480446654
1654;11,692;16,4984836180511
1655;11,696;20,1325220525624
1656;11,700;23,8707898858691
1657;11,704;27,9060701701057
1658;11,709;30,6737454475155
1659;11,713;32,9658701183408
1660;11,717;33,7246334323905
1661;11,721;34,061010128503
1662;11,725;33,0168083419131
1663;11,729;31,1635409505798
1664;11,733;28,8983798338053
1665;11,737;25,8158223915782
1666;11,742;23,407798953636
1667;11,746;20,4603136548144
1668;11,750;17,0913956373733
1669;11,754;15,0249317485038
1670;11,758;12,9735076722122
1671;11,762;10,9547387492345
1672;11,766;9,2863370456975
1673;11,770;7,78477233284981
1674;11,775;6,73570565973903
1675;11,779;5,77938979696571
1676;11,783;4,90014899907345
1677;11,787;4,20233985143336
1678;11,791;3,6810974675245
1679;11,795;3,1743225566028
1680;11,799;2,83403487328719
1681;11,803;2,45234795957756
1682;11,807;2,24929459145446
1683;11,812;2,01523949550173
1684;11,816;1,75759128975455
1685;11,820;1,57609604621451
1686;11,824;1,50127854305234
1687;11,828;1,34051471135325
1688;11,832;1,18114993198698
1689;11,836;1,16111804631245
1690;11,840;1,04153086849989
1691;11,845;0,976761104818909
1692;11,849;0,902547737891361
1693;11,853;0,826712742123494
1694;11,857;0,7221653768888
1695;11,861;0,703309967039599
1696;11,865;0,680352790123708
1697;11,869;0,649223875718366
1698;11,873;0,622323914955424
1699;11,878;0,560193272720451
1700;11,882;0,539970607182353
1701;11,886;0,518253499379647
1702;11,890;0,480860646120523
1703;11,894;0,445184811633502
1704;11,898;0,388459598866259
1705;11,902;0,429286489669588
1706;11,906;0,415931899219901
1707;11,911;0,365438828662512
1708;11,915;0,329413231092285
1709;11,919;0,385343527761332
1710;11,923;0,305947307873549
1711;11,927;0,385343527761332
1712;11,931;0,266646655978755
1713;11,935;0,318347999005401
1714;11,939;0,272433645173619
1715;11,944;0,294564109347387
1716;11,948;0,281654671912689
1717;11,952;0,279937653140586
1718;11,956;0,275231749839268
1719;11,960;0,249349281682017
1720;11,964;0,243657682418936
1721;11,968;0,219778402829138
1722;11,972;0,237584523428721
1723;11,976;0,160986408206587
1724;11,981;0,205724286213039
1725;11,985;0,201399942638854
1726;11,989;0,182512736145725
1727;11,993;0,185724197182436
1728;11,997;0,190430100483754
1729;12,001;0,148331343923312
1730;12,005;0,182576329433581
1731;12,009;0,144960899666962
1732;12,014;0,155485588807073
1733;12,018;0,129952883733028
1734;12,022;0,151892568043228
1735;12,026;0,132973564906171
1736;12,030;0,144324966788405
1737;12,034;0,165533328288266
1738;12,038;0,12216270597071
1739;12,042;0,153959349898537
1740;12,047;0,156185114973485
1741;12,051;0,103816042424354
1742;12,055;0,0506520537770279
1743;12,059;0,099269122342675
1744;12,063;0,108680928945312
1745;12,067;0,101335904197984
1746;12,071;0,124738234128864
1747;12,075;0,124420267689586
1748;12,080;0,0982834263809124
1749;12,084;0,152496704277857
1750;12,088;0,0590145711300464
1751;12,092;0,108299369218178
1752;12,096;0,0700480065730022
1753;12,100;0,0846108694919469
1754;12,104;0,0784423205699485
1755;12,108;0,103688855848643
1756;12,113;0,066613969028797
1757;12,117;0,130111866952667
1758;12,121;0,08880802649042
1759;12,125;0,0970433572677271
1760;12,129;0,115644393965506
1761;12,133;0,129539527361966
1762;12,137;0,0916061311560687
1763;12,141;0,0709383126029814
1764;12,145;0,140731946024561
1765;12,150;0,0827348675002051
1766;12,154;0,0806044923570407
1767;12,158;0,112051373201661
1768;12,162;0,0892531795054096
1769;12,166;0,0913517580046461
1770;12,170;0,0945950156852845
1771;12,174;0,0912245714289348
1772;12,178;0,0619080657274786
1773;12,183;0,0700480065730022
1774;12,187;0,0627983717574578
1775;12,191;0,0853421923022869
1776;12,195;0,0515105631630793
1777;12,199;0,0817173748945146
1778;12,203;0,0590463677739742
1779;12,207;0,0502069007620384
1780;12,211;0,0115739783897289
1781;12,216;0,046423100134627
1782;12,220;0,0489032383609975
1783;12,224;0,0924010472542644
1784;12,228;0,0563754496840368
1785;12,232;0,0395550250462164
1786;12,236;0,0645153905295604
1787;12,240;0,0758031991239389
1788;12,244;0,0186328333417064
1789;12,249;0,0516377497387906
1790;12,253;0,037424649903052
1791;12,257;0,0232115500673135
1792;12,261;0,0475677793160288
1793;12,265;0,0179015105313664
1794;12,269;0
1795;12,273;0,0567570094111707
1796;12,277;0,0383785492208868
1797;12,282;0,0259142648011788
1798;12,286;0,0479811356870905
1799;12,290;0,06496054354455
1800;12,294;0,0442291317036069
1801;12,298;0,0980290532294897
1802;12,302;0,0633707113481586
1803;12,306;0,0731004843900736
1804;12,310;0,0964392210330984
1805;12,314;0,0650559334763334
1806;12,319;0,0833390037348338
1807;12,323;0,081844561470226
1808;12,327;0,12553315022706
1809;12,331;0,0916379277999966
1810;12,335;0,0946586089731401
1811;12,339;0,169603298711028
1812;12,343;0,237552726784793
1813;12,347;0,275136359907485
1814;12,352;0,554438080169514
1815;12,356;0,912245714289348
1816;12,360;1,57921211731944
1817;12,364;2,44738768312482
1818;12,368;3,79839528697425
1819;12,372;5,66307767347772
1820;12,376;7,98219769499769
1821;12,380;11,139095690728
1822;12,385;14,6678554371943
1823;12,389;18,3588734576243
1824;12,393;22,1864580637243
1825;12,397;25,6800825186503
1826;12,401;28,9725614040889
1827;12,405;31,2835096881194
1828;12,409;32,6524505991442
1829;12,413;33,1867296070634
1830;12,418;32,2072021942228
1831;12,422;30,7689445994354
1832;12,426;28,6031797915794
1833;12,430;26,0424688694958
1834;12,434;23,2354293469033
1835;12,438;20,5218401608147
1836;12,442;17,6043708938609
1837;12,446;15,3254736269096
1838;12,451;13,1790729752056
1839;12,455;11,2491438753622
1840;12,459;9,56824609076161
1841;12,463;7,92750746744183
1842;12,467;6,77637356732272
1843;12,471;5,86295137720804
1844;12,475;5,05932299857615
1845;12,479;4,27696657473197
1846;12,483;3,82173402361728
1847;12,488;3,24007801624554
1848;12,492;2,91511631530315
1849;12,496;2,56624353812704
1850;12,500;2,24331682239603
1851;12,504;2,00312497416523
1852;12,508;1,85806868456648
1853;12,512;1,69895827835164
1854;12,516;1,46229585759682
1855;12,521;1,34254969656463
1856;12,525;1,27345558930946
1857;12,529;1,12407495613653
1858;12,533;1,07164229029954
1859;12,537;0,977524224273177
1860;12,541;0,905377639200938
1861;12,545;0,922420640346253
1862;12,549;0,799780984716625
1863;12,554;0,748238624909618
1864;12,558;0,704200273069578
1865;12,562;0,683659641092202
1866;12,566;0,617204655283044
1867;12,570;0,593198189117535
1868;12,574;0,517967329584297
1869;12,578;0,561942088136481
1870;12,582;0,498984733159385
1871;12,587;0,4513533605555
1872;12,591;0,439588602302204
1873;12,595;0,406424702685481
1874;12,599;0,380383251308591
1875;12,603;0,385120951253837
1876;12,607;0,419811089779096
1877;12,611;0,363435640095059
1878;12,615;0,368872866206718
1879;12,620;0,315390911120113
1880;12,624;0,343149381269106
1881;12,628;0,286201591994368
1882;12,632;0,25866569835287
1883;12,636;0,255835797043294
1884;12,640;0,22795014031859
1885;12,644;0,238538422746556
1886;12,648;0,229667159090692
1887;12,652;0,192433289051207
1888;12,657;0,209412696908667
1889;12,661;0,208554187522615
1890;12,665;0,185279044167446
1891;12,669;0,211384088832192
1892;12,673;0,21535866932317
1893;12,677;0,172433200020604
1894;12,681;0,197965905094649
1895;12,685;0,242703783101101
1896;12,690;0,268936014341558
1897;12,694;0,270048896879032
1898;12,698;0,322004613057101
1899;12,702;0,342577041678405
1900;12,706;0,332592895485067
1901;12,710;0,42721970781428
1902;12,714;0,402895275209492
1903;12,718;0,414024100584232
1904;12,723;0,488841603746408
1905;12,727;0,436885887568339
1906;12,731;0,417521731416293
1907;12,735;0,46613879998194
1908;12,739;0,428650556791032
1909;12,743;0,391575669971186
1910;12,747;0,385788680776321
1911;12,751;0,350049253001444
1912;12,756;0,33987432694454
1913;12,760;0,337616765225664
1914;12,764;0,318284405717545
1915;12,768;0,25939702116321
1916;12,772;0,326138176767719
1917;12,776;0,356440378430937
1918;12,780;0,556345878805184
1919;12,784;0,834248546734389
1920;12,789;1,35650842324894
1921;12,793;2,46646566948152
1922;12,797;3,89321287916703
1923;12,801;6,15885094560039
1924;12,805;9,51126650484295
1925;12,809;13,9659445224875
1926;12,813;19,7564949414719
1927;12,817;26,7384020151441
1928;12,821;34,6596455437322
1929;12,826;42,9579972693042
1930;12,830;52,1114561400273
1931;12,834;61,2451692948713
1932;12,838;68,6561402817055
1933;12,842;73,3047778273099
1934;12,846;76,0413877836022
1935;12,850;76,2524539059951
1936;12,854;74,344464490462
1937;12,859;69,8933476969373
1938;12,863;64,3783787908754
1939;12,867;57,903659984496
1940;12,871;50,6394941026765
1941;12,875;43,5210204433343
1942;12,879;37,2391482823771
1943;12,883;31,3679933710357
1944;12,887;26,2625016454763
1945;12,892;22,4375561608223
1946;12,896;18,8428819714937
1947;12,900;15,8300863660442
1948;12,904;13,5751319719706
1949;12,908;11,527237323155
1950;12,912;10,0092655420406
1951;12,916;8,51374219153917
1952;12,920;7,53659952699313
1953;12,925;6,64568936077935
1954;12,929;5,86053483226952
1955;12,933;5,2534097131116
1956;12,937;4,76116586846492
1957;12,941;4,25858811454169
1958;12,945;3,82020778470874
1959;12,949;3,51731295465226
1960;12,953;3,31034859932604
1961;12,958;3,00595932700495
1962;12,962;2,76471818952453
1963;12,966;2,53247550227569
1964;12,970;2,30837275587236
1965;12,974;2,11606665339687
1966;12,978;1,9969246285993
1967;12,982;1,84430073774573
1968;12,986;1,76372804203262
1969;12,990;1,64251923537974
1970;12,995;1,51126268924568
1971;12,999;1,4656980984971
1972;13,003;1,39889334960474
1973;13,007;1,26611056456213
1974;13,011;1,19517225195915
1975;13,015;1,13008452183889
1976;13,019;1,15285091889121
1977;13,023;1,08960739411877
1978;13,028;0,97879609003029
1979;13,032;0,931450887221756
1980;13,036;0,878382288506213
1981;13,040;0,844200896283799
1982;13,044;0,857555486733486
1983;13,048;0,70563112204633
1984;13,052;0,669573727832175
1985;13,056;0,707888683765206
1986;13,061;0,65866747896493
1987;13,065;0,634247656428359
1988;13,069;0,611067903004974
1989;13,073;0,636695998010802
1990;13,077;0,608619561422531
1991;13,081;0,566012058559243
1992;13,085;0,512148543745505
1993;13,089;0,465598257035166
1994;13,094;0,499811445901508
1995;13,098;0,48763333127715
1996;13,102;0,495900458698385
1997;13,106;0,419302343476251
1998;13,110;0,469127684511155
1999;13,114;0,438889076135792
2000;13,118;0,472307348903938
2001;13,122;0,407919144950089
2002;13,127;0,411067012698944
2003;13,131;0,369254425933852
2004;13,135;0,374437278894087
2005;13,139;0,340510259823096
2006;13,143;0,36299048708007
2007;13,147;0,300255708610468
2008;13,151;0,281718265200545
2009;13,155;0,276058462581391
2010;13,159;0,320796340587844
2011;13,164;0,297076044217685
2012;13,168;0,304961611911786
2013;13,172;0,323149292238503
2014;13,176;0,338284494748148
2015;13,180;0,434246766122329
2016;13,184;0,515232818206504
2017;13,188;0,770655258878736
2018;13,192;1,1883677701586
2019;13,197;1,86490496301096
2020;13,201;2,91209563413001
2021;13,205;4,46335850143689
2022;13,209;6,73068178999843
2023;13,213;9,5053841257163
2024;13,217;13,0990408224393
2025;13,221;16,7968951213137
2026;13,225;21,0567868982565
2027;13,230;25,1451039845646
2028;13,234;29,089700240319
2029;13,238;32,2315902201155
2030;13,242;34,4136349096626
2031;13,246;35,8373614381749
2032;13,250;35,7405088607708
2033;13,254;34,4355427973288
2034;13,258;32,4911462244983
2035;13,263;29,8918023800424
2036;13,267;27,0061297570164
2037;13,271;23,602966754065
2038;13,275;20,6692494020641
2039;13,279;17,8790938973973
2040;13,283;15,2761570321776
2041;13,287;12,9539209395527
2042;13,291;11,0514641400629
2043;13,296;9,37966019562567
2044;13,300;8,14925726219449
2045;13,304;7,01163693574471
2046;13,308;5,97799163493892
2047;13,312;5,13700219969183
2048;13,316;4,48968612260913
2049;13,320;3,88777565305537
2050;13,324;3,55057224420077
2051;13,328;3,15301880517115
2052;13,333;2,75161797222627
2053;13,337;2,57028171190587
2054;13,341;2,26757766171296
2055;13,345;2,10942115481595
2056;13,349;1,87806877359708
2057;13,353;1,73307607728619
2058;13,357;1,53565071513832
2059;13,361;1,49625467331174
2060;13,366;1,30967196674325
2061;13,370;1,24057785948809
2062;13,374;1,18149969507018
2063;13,378;1,17558551929961
2064;13,382;1,23256510521827
2065;13,386;1,38490282627649
2066;13,390;1,71177232585455
2067;13,394;2,21787950725377
2068;13,399;3,25944217239759
2069;13,403;4,8954112991282
2070;13,407;7,34696434260757
2071;13,411;10,8799848393602
2072;13,415;15,2057910591653
2073;13,419;21,0971050427569
2074;13,423;27,909440614362
2075;13,427;36,4275389461193
2076;13,432;45,2038578232145
2077;13,436;53,1657374627423
2078;13,440;61,0625929654377
2079;13,444;67,2709194889898
2080;13,448;71,0770731570824
2081;13,452;72,9933932933247
2082;13,456;72,5917062905844
2083;13,460;69,5986881976581
2084;13,465;64,445056353192
2085;13,469;59,1022980706432
2086;13,473;52,8923499182508
2087;13,477;46,4390938465227
2088;13,481;39,7736587698642
2089;13,485;34,1357958350212
2090;13,489;28,6709066431456
2091;13,493;24,4723505923397
2092;13,497;20,7494405380501
2093;13,502;17,8071062955447
2094;13,506;15,1699880381026
2095;13,510;12,9275933183804
2096;13,514;11,3392555642537
2097;13,518;9,798930742458
2098;13,522;8,49523654477317
2099;13,526;7,53628156055385
2100;13,530;6,60664308203598
2101;13,535;5,94791200978319
2102;13,539;5,37159783859133
2103;13,543;4,88968790322119
2104;13,547;4,38275400907985
2105;13,551;3,91531154669687
2106;13,555;3,63317992512526
2107;13,559;3,34637419689627
2108;13,563;3,0761663167976
2109;13,568;2,78459109197942
2110;13,572;2,67991654016902
2111;13,576;2,38468470129915
2112;13,580;2,27597197570991
2113;13,584;2,02624113430076
2114;13,588;1,9207080731043
2115;13,592;1,89794167605198
2116;13,596;1,75577888105066
2117;13,601;1,61625520749536
2118;13,605;1,4999748806513
2119;13,609;1,44725604501896
2120;13,613;1,3475417696613
2121;13,617;1,3149820062792
2122;13,621;1,22499750396345
2123;13,625;1,19447272579274
2124;13,629;1,0784467721001
2125;13,634;1,09857404770641
2126;13,638;1,0593687857434
2127;13,642;1,01990915062897
2128;13,646;0,964678380126334
2129;13,650;0,923438132951943
2130;13,654;0,873930758356317
2131;13,658;0,84521838888949
2132;13,662;0,7618157918668
2133;13,666;0,787284903652989
2134;13,671;0,7325628794532
2135;13,675;0,738985801526621
2136;13,679;0,596950193101019
2137;13,683;0,614183974109901
2138;13,687;0,598031278994565
2139;13,691;0,588110726089083
2140;13,695;0,577745020168611
2141;13,699;0,581942177167084
2142;13,704;0,507156470648836
2143;13,708;0,537713045463477
2144;13,712;0,489795503064243
2145;13,716;0,509859185382701
2146;13,720;0,49437421978985
2147;13,724;0,469191277799011
2148;13,728;0,469731820745784
2149;13,732;0,414787220038499
2150;13,737;0,438666499628297
2151;13,741;0,403594801375904
2152;13,745;0,377426163423303
2153;13,749;0,357934820695545
2154;13,753;0,350812372455712
2155;13,757;0,364484929344678
2156;13,761;0,298824859633715
2157;13,765;0,274691206892495
2158;13,770;0,266233299607693
2159;13,774;0,333991947817892
2160;13,778;0,289635629538573
2161;13,782;0,297966350247664
2162;13,786;0,319937831201792
2163;13,790;0,324770921078822
2164;13,794;0,276185649157103
2165;13,798;0,277171345118865
2166;13,803;0,27125716934829
2167;13,807;0,257139459444335
2168;13,811;0,228617869841074
2169;13,815;0,254563931286181
2170;13,819;0,195136003785073
2171;13,823;0,221431828313385
2172;13,827;0,188967454863074
2173;13,831;0,252878709158006
2174;13,835;0,210334799582574
2175;13,840;0,181590633471818
2176;13,844;0,227536783947528
2177;13,848;0,258093358762169
2178;13,852;0,334850457203943
2179;13,856;0,493006964100953
2180;13,860;0,695170026194075
2181;13,864;1,12579197490863
2182;13,868;1,81476165553678
2183;13,873;2,71975773501059
2184;13,877;4,12345237784842
2185;13,881;6,2517607391575
2186;13,885;9,01107349921431
2187;13,889;12,1670493922707
2188;13,893;15,8704363071886
2189;13,897;19,9327437387639
2190;13,901;23,8719663616945
2191;13,906;27,4863226736144
2192;13,910;30,132948127591
2193;13,914;32,1063114430398
2194;13,918;33,5576056618376
2195;13,922;34,0091180056127
2196;13,926;33,968895251044
2197;13,930;33,4310868156488
2198;13,934;33,5013891953732
2199;13,939;34,084762221517
2200;13,943;35,5235285626073
2201;13,947;38,3508543440257
2202;13,951;42,5641958342581
2203;13,955;47,5312131755118
2204;13,959;54,2327056463844
2205;13,963;60,9366464588396
2206;13,967;67,9029413803432
2207;13,972;74,911430448339
2208;13,976;78,9358998736401
2209;13,980;81,9769944921853
2210;13,984;81,0505992713481
2211;13,988;78,5337995145289
2212;13,992;74,0346379920292
2213;13,996;67,6153725326599
2214;14,000;60,0928271222829
2215;14,004;52,3425541480948
2216;14,009;44,5900554088317
2217;14,013;38,2724120234558
2218;14,017;32,4307326010354
2219;14,021;27,308960993785
2220;14,025;23,0305635700763
2221;14,029;19,8492139551655
2222;14,033;16,8001383789944
2223;14,037;14,5950729192435
2224;14,042;12,5520431569489
2225;14,046;11,1815442103717
2226;14,050;9,78020251918451
2227;14,054;8,55027653541224
2228;14,058;7,5852483922027
2229;14,062;6,86937875081161
2230;14,066;6,31564019680851
2231;14,070;5,48508006076975
2232;14,075;5,1715969482853
2233;14,079;4,72294630246367
2234;14,083;4,25594899309568
2235;14,087;3,9684755353442
2236;14,091;3,60510348853699
2237;14,095;3,30999883624283
2238;14,099;3,12325714645471
2239;14,103;2,91165048111502
2240;14,108;2,8045593843661
2241;14,112;2,5354643868049
2242;14,116;2,47883456396944
2243;14,120;2,27155224220394
2244;14,124;2,15584425495058
2245;14,128;2,03059727451887
2246;14,132;1,9592138089009
2247;14,136;1,75161352069612
2248;14,141;1,67107262162693
2249;14,145;1,6754923551329
2250;14,149;1,59654128826011
2251;14,153;1,53743132719828
2252;14,157;1,37533203645422
2253;14,161;1,42722415934443
2254;14,165;1,38881381347961
2255;14,169;1,27933796843611
2256;14,174;1,19962378210905
2257;14,178;1,17218327839933
2258;14,182;1,08086331703861
2259;14,186;1,1234708199019
2260;14,190;0,954312674205863
2261;14,194;1,0135498218434
2262;14,198;0,957555931886501
2263;14,202;0,916792634371027
2264;14,206;0,823056128071794
2265;14,211;0,857523690089559
2266;14,215;0,836569701741121
2267;14,219;0,790400974757916
2268;14,223;0,780035268837445
2269;14,227;0,782356423844176
2270;14,231;0,728492909030438
2271;14,235;0,692944261119127
2272;14,239;0,665789927204763
2273;14,244;0,718540559481028
2274;14,248;0,651227064285819
2275;14,252;0,667316166113299
2276;14,256;0,661529176918435
2277;14,260;0,617427231790539
2278;14,264;0,586648080468403
2279;14,268;0,561401545189708
2280;14,272;0,5416240326666
2281;14,277;0,524708218096996
2282;14,281;0,482768444756193
2283;14,285;0,519588958424616
2284;14,289;0,483086411195471
2285;14,293;0,430939915153835
2286;14,297;0,431957407759526
2287;14,301;0,398570931635308
2288;14,305;0,449795325003037
2289;14,310;0,424803162875765
2290;14,314;0,431035305085619
2291;14,318;0,440796874771462
2292;14,322;0,528619205300119
2293;14,326;0,662228703084847
2294;14,330;0,988939219443266
2295;14,334;1,35638123667323
2296;14,338;2,14929414630145
2297;14,343;3,24627836181147
2298;14,347;4,76052993558636
2299;14,351;6,75456106958823
2300;14,355;9,50385788680776
2301;14,359;12,8582448379738
2302;14,363;16,3377515829959
2303;14,367;20,4858781565323
2304;14,371;23,8244621756663
2305;14,375;27,1612337860963
2306;14,380;29,2195259374764
2307;14,384;30,9922842263845
2308;14,388;31,9407463181076
2309;14,392;31,6400772531261
2310;14,396;29,7281768503898
2311;14,400;27,7316655781616
2312;14,404;25,2734988327452
2313;14,408;22,5192417390729
2314;14,413;19,9339202145892
2315;14,417;17,2392500316377
2316;14,421;14,7272515680515
2317;14,425;12,7740791214969
2318;14,429;11,0185546135976
2319;14,433;9,38531999824483
2320;14,437;8,10261158555237
2321;14,441;6,79904457444326
2322;14,446;6,10657726298305
2323;14,450;5,18746347360529
2324;14,454;4,54151465221149
2325;14,458;3,97467588091012
2326;14,462;3,56621619301326
2327;14,466;3,19982346503291
2328;14,470;2,91899550586235
2329;14,474;2,5497410799285
2330;14,479;2,30579722771421
2331;14,483;2,00353833053629
2332;14,487;1,85590651277939
2333;14,491;1,74770253349299
2334;14,495;1,62261453628092
2335;14,499;1,38204112832299
2336;14,503;1,37202518548572
2337;14,507;1,28693736633486
2338;14,512;1,18770004063611
2339;14,516;1,08229416601537
2340;14,520;1,03043383976908
2341;14,524;0,996316040834522
2342;14,528;0,938446148885877
2343;14,532;0,931737057017106
2344;14,536;0,843183403678109
2345;14,540;0,816410629490879
2346;14,544;0,805631567199345
2347;14,549;0,746108249766454
2348;14,553;0,687538831651397
2349;14,557;0,682673945130439
2350;14,561;0,675869463329885
2351;14,565;0,643723056318852
2352;14,569;0,641052138228914
2353;14,573;0,598158465570276
2354;14,577;0,600638603796646
2355;14,582;0,564295039787141
2356;14,586;0,568651180005253
2357;14,590;0,555741742570555
2358;14,594;0,518126312803936
2359;14,598;0,496218425137664
2360;14,602;0,459016351742106
2361;14,606;0,432307170842732
2362;14,610;0,402577308770214
2363;14,615;0,402958868497348
2364;14,619;0,411639352289645
2365;14,623;0,427378691033919
2366;14,627;0,325788413684512
2367;14,631;0,320224000997143
2368;14,635;0,35933387302837
2369;14,639;0,304293882389302
2370;14,643;0,327886992183749
2371;14,648;0,300446488474035
2372;14,652;0,281463892049122
2373;14,656;0,246265007221018
2374;14,660;0,292592717423861
2375;14,664;0,27418246058965
2376;14,668;0,30782330986529
2377;14,672;0,255072677589026
2378;14,676;0,268490861326569
2379;14,681;0,27783907464135
2380;14,685;0,235326961709845
2381;14,689;0,258824681572509
2382;14,693;0,214245786785696
2383;14,697;0,209826053279728
2384;14,701;0,186042163621714
2385;14,705;0,182226566350375
2386;14,709;0,22413454304725
2387;14,713;0,205151946622338
2388;14,718;0,162003900812277
2389;14,722;0,203053368123101
2390;14,726;0,159968915600896
2391;14,730;0,197870515162866
2392;14,734;0,134785973610057
2393;14,738;0,190016744112692
2394;14,742;0,176821136882644
2395;14,746;0,200827603048153
2396;14,751;0,144960899666962
2397;14,755;0,196280682966474
2398;14,759;0,14747283453726
2399;14,763;0,126487049544895
2400;14,767;0,147377444605477
2401;14,771;0,142258184933097
2402;14,775;0,10753624976391
2403;14,779;0,120795450281814
2404;14,784;0,153418806951764
2405;14,788;0,125978303242049
2406;14,792;0,123720741523174
2407;14,796;0,090461451974667
2408;14,800;0,159237592790556
2409;14,804;0,116248530200134
2410;14,808;0,118601481850794
2411;14,812;0,139460080267448
2412;14,817;0,115167444306588
2413;14,821;0,11631212348799
2414;14,825;0,13987343663851
2415;14,829;0,128808204551626
2416;14,833;0,139078520540314
2417;14,837;0,108044996066755
2418;14,841;0,0971387471995106
2419;14,845;0,0650241368324056
2420;14,850;0,0966617975405932
2421;14,854;0,101272310910128
2422;14,858;0,0989511559033967
2423;14,862;0,128712814619843
2424;14,866;0,070461362944064
2425;14,870;0,110366151073487
2426;14,874;0,115771580541217
2427;14,878;0,0949765754124184
2428;14,882;0,119905144251835
2429;14,887;0,10270315988688
2430;14,891;0,13109756291443
2431;14,895;0,057615518797222
2432;14,899;0,091924097595347
2433;14,903;0,114658698003743
2434;14,907;0,0572657557140159
2435;14,911;0,0382513626451755
2436;14,915;0,153291620376053
2437;14,920;0,105564857840385
2438;14,924;0,052114699397708
2439;14,928;0,10928506517994
2440;14,932;0,0718922119208162
2441;14,936;0,0747857065182484
2442;14,940;0,0719558052086718
2443;14,944;0,0847380560676582
2444;14,948;0,0551989738587072
2445;14,953;0,0771386581689076
2446;14,957;0,133259734701522
2447;14,961;0,0560574832447585
2448;14,965;0,0331003063288676
2449;14,969;0,0986331894641184
2450;14,973;0,0748492998061041
2451;14,977;0,0993645122744585
2452;14,981;0,114817681223382
2453;14,986;0,170684384604574
2454;14,990;0,260032954041767
2455;14,994;0,395772826969659
2456;14,998;0,686203372606428
2457;15,002;1,11647555823778
2458;15,006;1,80751202072124
2459;15,010;2,84802539661544
2460;15,014;4,23648944701185
2461;15,019;6,15357270270837
2462;15,023;8,45037148019101
2463;15,027;11,5217047071116
2464;15,031;14,7676651024838
2465;15,035;18,1783321134021
2466;15,039;21,6708754824346
2467;15,043;24,7936874758743
2468;15,047;27,5585964452624
2469;15,051;29,9242667534927
2470;15,056;31,6953716169166
2471;15,060;33,3863807342863
2472;15,064;35,1784713827025
2473;15,068;36,7734546354101
2474;15,072;40,3238678963913
2475;15,076;44,0373343474343
2476;15,080;49,3419048606258
2477;15,084;55,8240322850404
2478;15,089;63,4746863738026
2479;15,093;70,647723074125
2480;15,097;78,4302378452559
2481;15,101;85,418822214153
2482;15,105;90,2810696136644
2483;15,109;92,7180279975809
2484;15,113;90,8240926986638
2485;15,117;86,880577528803
2486;15,122;80,3553338552223
2487;15,126;72,2963790617828
2488;15,130;64,2761843772913
2489;15,134;55,0924868981929
2490;15,138;46,9112740088509
2491;15,142;40,2291456941303
2492;15,146;33,9133147174582
2493;15,150;29,3094468465042
2494;15,155;24,8114935964739
2495;15,159;21,2317002365034
2496;15,163;18,1563924290919
2497;15,167;15,9175907301336
2498;15,171;14,0229559050501
2499;15,175;12,3257146454706
2500;15,179;10,8672343851451
2501;15,183;9,72195106750873
2502;15,188;8,75046820558184
2503;15,192;7,94311961961039
2504;15,196;7,18791752968058
2505;15,200;6,52422618097505
2506;15,204;6,09783318590289
2507;15,208;5,52260010060458
2508;15,212;5,11935506231188
2509;15,216;4,83296269045395
2510;15,220;4,49429663597867
2511;15,225;4,29000319874238
2512;15,229;4,01877782603802
2513;15,233;3,73159053808189
2514;15,237;3,55880757497808
2515;15,241;3,33527716816545
2516;15,245;3,22541976339481
2517;15,249;3,13756563622223
2518;15,253;2,85050553484181
2519;15,258;2,66055238401697
2520;15,262;2,50541655829311
2521;15,266;2,37037621153163
2522;15,270;2,19021642703656
2523;15,274;2,08048620884163
2524;15,278;2,07915074979666
2525;15,282;1,87813236688494
2526;15,286;1,716859788883
2527;15,291;1,71317137818738
2528;15,295;1,69161325360431
2529;15,299;1,55657290684283
2530;15,303;1,44156444575588
2531;15,307;1,42073764398315
2532;15,311;1,3979394502869
2533;15,315;1,30130944939024
2534;15,319;1,23755717831494
2535;15,324;1,18839956680252
2536;15,328;1,21479078126262
2537;15,332;1,11180145158039
2538;15,336;1,01831931843258
2539;15,340;0,964424006974912
2540;15,344;0,986522674504751
2541;15,348;0,932500176471374
2542;15,352;0,890528606486643
2543;15,357;0,84696720430552
2544;15,361;0,854852771999621
2545;15,365;0,739939700844455
2546;15,369;0,779431132602816
2547;15,373;0,70871539650733
2548;15,377;0,711577094460834
2549;15,381;0,719876018525997
2550;15,385;0,64067057850178
2551;15,389;0,680448180055492
2552;15,394;0,651704013944736
2553;15,398;0,557013608327668
2554;15,402;0,611449462732108
2555;15,406;0,576345967835787
2556;15,410;0,640893155009275
2557;15,414;0,70855641328769
2558;15,418;0,851704904250766
2559;15,422;1,05192837106429
2560;15,427;1,35453703132542
2561;15,431;1,94741725400367
2562;15,435;2,86433707495041
2563;15,439;4,28135451159401
2564;15,443;6,26556048262218
2565;15,447;8,61221639778365
2566;15,451;11,1886984552554
2567;15,455;14,674151172692
2568;15,460;17,8706995834004
2569;15,464;20,9824781413971
2570;15,468;23,3341579262992
2571;15,472;26,1456489790416
2572;15,476;27,6147493184389
2573;15,480;27,9025089459858
2574;15,484;27,5512196238711
2575;15,488;26,3311505997165
2576;15,493;24,9245942589252
2577;15,497;22,6351723028338
2578;15,501;20,3184052329645
2579;15,505;17,9952152410217
2580;15,509;15,7260795437563
2581;15,513;13,6125248252297
2582;15,517;11,6237719341199
2583;15,521;9,92538599535896
2584;15,526;8,66121502607643
2585;15,530;7,35456374050632
2586;15,534;6,28133161801038
2587;15,538;5,56851445443636
2588;15,542;4,72250114944868
2589;15,546;4,1133728417233
2590;15,550;3,74516770503907
2591;15,554;3,24166784844193
2592;15,558;2,91352648310676
2593;15,563;2,63590998497291
2594;15,567;2,37749865977146
2595;15,571;2,20074111617667
2596;15,575;2,03434927850235
2597;15,579;1,85205911886412
2598;15,583;1,61978463497135
2599;15,587;1,50766966848183
2600;15,591;1,44080132630161
2601;15,596;1,39495056575769
2602;15,600;1,29033960723514
2603;15,604;1,15749322890468
2604;15,608;1,15628495643542
2605;15,612;1,08127667340968
2606;15,616;1,05520342538886
2607;15,620;0,993295359661378
2608;15,624;0,981912161135217
2609;15,629;0,910242525721895
2610;15,633;1,01456731444909
2611;15,637;1,22814537171231
2612;15,641;1,43654057601528
2613;15,645;1,95791014649986
2614;15,649;2,85737360993022
2615;15,653;4,05954112355349
2616;15,657;6,01649737073551
2617;15,662;8,51797114518157
2618;15,666;11,6956323493968
2619;15,670;15,6309757817682
2620;15,674;20,1257493674058
2621;15,678;24,8969947719958
2622;15,682;29,5629932851847
2623;15,686;33,4827245653876
2624;15,690;36,7843290876335
2625;15,695;38,2004562182471
2626;15,699;39,0737192470809
2627;15,703;38,418549398948
2628;15,707;36,5400990656238
2629;15,711;33,865365378415
2630;15,715;30,5276716653111
2631;15,719;26,9231723130087
2632;15,723;23,780105857387
2633;15,727;20,8204742405849
2634;15,732;17,7307307568301
2635;15,736;15,1835970017037
2636;15,740;13,3039701925541
2637;15,744;11,2795414669572
2638;15,748;9,9432557092464
2639;15,752;8,44455269435222
2640;15,756;7,49186164898667
2641;15,760;6,58082420716658
2642;15,765;5,87983539513372
2643;15,769;5,21064322702867
2644;15,773;4,68816077400663
2645;15,777;4,20799965405251
2646;15,781;3,8009708151324
2647;15,785;3,54046091143172
2648;15,789;3,13333668257983
2649;15,793;2,91584763811349
2650;15,798;2,75517919634618
2651;15,802;2,47807144451517
2652;15,806;2,30945384176591
2653;15,810;2,14881719664253
2654;15,814;2,01702010756169
2655;15,818;1,9147621006898
2656;15,822;1,75425264214213
2657;15,826;1,57313895832923
2658;15,831;1,57549190997989
2659;15,835;1,47876651915144
2660;15,839;1,37971997331626
2661;15,843;1,30541121645693
2662;15,847;1,29215201593902
2663;15,851;1,18668254803042
2664;15,855;1,13056147149781
2665;15,859;1,05294586366998
2666;15,864;1,00766744271676
2667;15,868;0,97806476721995
2668;15,872;0,929765665093581
2669;15,876;0,86862071882037
2670;15,880;0,880671646869016
2671;15,884;0,830114983023772
2672;15,888;0,82165707573897
2673;15,892;0,751609069165968
2674;15,896;0,746807775932866
2675;15,901;0,744359434350423
2676;15,905;0,694406906739807
2677;15,909;0,642482987205666
2678;15,913;0,644581565704903
2679;15,917;0,647952009961253
2680;15,921;0,622769067970414
2681;15,925;0,564167853211429
2682;15,929;0,577522443661116
2683;15,934;0,583373026143837
2684;15,938;0,525757507346615
2685;15,942;0,564136056567501
2686;15,946;0,501941821044672
2687;15,950;0,47710864213704
2688;15,954;0,512053153813721
2689;15,958;0,477521998508102
2690;15,962;0,437521820446896
2691;15,967;0,432688730569866
2692;15,971;0,450494851169449
2693;15,975;0,448014712943078
2694;15,979;0,388554988798042
2695;15,983;0,36957239237313
2696;15,987;0,419938276354807
2697;15,991;0,386297427079167
2698;15,995;0,391766449834753
2699;16,000;0,374469075538015
2700;16,004;0,382799796247106
2701;16,008;0,32041478086071
2702;16,012;0,355740852264525
2703;16,016;0,380224268088952
2704;16,020;0,31163890713663
2705;16,024;0,315740674203319
2706;16,028;0,320637357368205
2707;16,033;0,326424346563069
2708;16,037;0,303276389783611
2709;16,041;0,274850190112134
2710;16,045;0,286360575214007
2711;16,049;0,316154030574381
2712;16,053;0,297362214013035
2713;16,057;0,353960240204567
2714;16,061;0,291257258378893
2715;16,065;0,287505254395409
2716;16,070;0,297394010656963
2717;16,074;0,286646745009358
2718;16,078;0,283308097396936
2719;16,082;0,312592806454464
2720;16,086;0,340351276603457
2721;16,090;0,274786596824278
2722;16,094;0,298379706618726
2723;16,098;0,308745412539197
2724;16,103;0,297934553603736
2725;16,107;0,255804000399366
2726;16,111;0,276948768611371
2727;16,115;0,245438294478894
2728;16,119;0,193260001793331
2729;16,123;0,221431828313385
2730;16,127;0,25574040711151
2731;16,131;0,29319685365849
2732;16,136;0,258347731913592
2733;16,140;0,32553404053309
2734;16,144;0,243880258926431
2735;16,148;0,393801435046134
2736;16,152;0,454533024948283
2737;16,156;0,664104705076589
2738;16,160;0,980417718870609
2739;16,164;1,57065882010286
2740;16,169;2,4850667061793
2741;16,173;3,91712395540076
2742;16,177;5,94854794266175
2743;16,181;8,7733935858538
2744;16,185;12,7307720924672
2745;16,189;16,9801391802698
2746;16,193;21,6639120174144
2747;16,197;27,0444447129494
2748;16,202;32,4829744870088
2749;16,206;36,9784793954568
2750;16,210;40,8384011884314
2751;16,214;42,6230832188124
2752;16,218;42,492430808913
2753;16,222;41,8027616021184
2754;16,226;39,3844996448315
2755;16,230;36,6497656905309
2756;16,234;32,4017022651293
2757;16,239;28,8008913235226
2758;16,243;24,9080918007266
2759;16,247;21,7040393820513
2760;16,251;18,5838983067015
2761;16,255;15,906843464486
2762;16,259;13,8492826359163
2763;16,263;12,0142665181975
2764;16,267;10,3549586548239
2765;16,272;8,92093001367892
2766;16,276;8,06782605709533
2767;16,280;7,17096991846705
2768;16,284;6,37478195451427
2769;16,288;5,60291842316627
2770;16,292;5,07871895137212
2771;16,296;4,58033835444737
2772;16,300;4,24815881533336
2773;16,305;3,86710783450228
2774;16,309;3,57565979625982
2775;16,313;3,23216065190751
2776;16,317;3,04042688902272
2777;16,321;2,79311259255208
2778;16,325;2,65715014311669
2779;16,329;2,3714890940691
2780;16,333;2,22598765145536
2781;16,338;2,12134489628889
2782;16,342;2,01638417468313
2783;16,346;1,94026300911991
2784;16,350;1,80007160604213
2785;16,354;1,57135834626927
2786;16,358;1,50131033969627
2787;16,362;1,53771749699363
2788;16,366;1,50382227456656
2789;16,371;1,33733504696046
2790;16,375;1,32188187801154
2791;16,379;1,24585610238011
2792;16,383;1,27116623094666
2793;16,387;1,19393218284597
2794;16,391;1,1284946896425
2795;16,395;1,10785866773334
2796;16,399;1,07558507414659
2797;16,403;1,00426520181648
2798;16,408;0,984996435596216
2799;16,412;0,928239426185045
2800;16,416;0,843501370117387
2801;16,420;0,83555220913543
2802;16,424;0,819113344224744
2803;16,428;0,839494992982481
2804;16,432;0,722578733259862
2805;16,436;0,693007854406983
2806;16,441;0,698794843601848
2807;16,445;0,627188801476382
2808;16,449;0,66232409301663
2809;16,453;0,739017598170548
2810;16,457;0,654438525322529
2811;16,461;0,630845415528082
2812;16,465;0,638063253699699
2813;16,469;0,584549501969166
2814;16,474;0,560225069364379
2815;16,478;0,594788021313926
2816;16,482;0,589223608626557
2817;16,486;0,523436352339883
2818;16,490;0,540860913212332
2819;16,494;0,495646085546963
2820;16,498;0,476949658917401
2821;16,502;0,511703390730515
2822;16,507;0,490526825874583
2823;16,511;0,430812728578124
2824;16,515;0,485598346065769
2825;16,519;0,47812613474273
2826;16,523;0,417362748196653
2827;16,527;0,383531119057446
2828;16,531;0,34893637046397
2829;16,535;0,430367575563134
2830;16,540;0,430844525222052
2831;16,544;0,359270279740514
2832;16,548;0,429286489669588
2833;16,552;0,410144910025037
2834;16,556;0,463213508740579
2835;16,560;0,660289107805249
2836;16,564;0,862229593390877
2837;16,568;1,20108642772973
2838;16,572;1,94290213056592
2839;16,577;2,91845496291557
2840;16,581;4,37680803666535
2841;16,585;6,42368519287526
2842;16,589;9,06773511869369
2843;16,593;12,3815495522079
2844;16,597;16,1349207913803
2845;16,601;19,9486738573717
2846;16,605;24,0199479425346
2847;16,610;27,4764657139968
2848;16,614;30,9593111066313
2849;16,618;32,9956317770572
2850;16,622;33,919133503297
2851;16,626;33,8496260396708
2852;16,630;32,7615130878166
2853;16,634;30,7549540761072
2854;16,638;27,9894409704844
2855;16,643;25,0559143983471
2856;16,647;21,9799388614131
2857;16,651;19,2965882836998
2858;16,655;16,5896445961922
2859;16,659;14,4537050403404
2860;16,663;12,4084495129708
2861;16,667;10,7281558646048
2862;16,671;9,20274366881124
2863;16,676;7,95714193958256
2864;16,680;6,94785286802549
2865;16,684;6,32727776848609
2866;16,688;5,53188472063151
2867;16,692;4,99200950338094
2868;16,696;4,44253169966416
2869;16,700;3,94723537720041
2870;16,704;3,52233682439286
2871;16,709;3,15782009840425
2872;16,713;2,92176181388407
2873;16,717;2,76226984794209
2874;16,721;2,56805594683092
2875;16,725;2,27193380193107
2876;16,729;2,14954851945287
2877;16,733;1,94051738227134
2878;16,737;1,82951529831929
2879;16,741;1,68410924563734
2880;16,746;1,62375921546233
2881;16,750;1,54894171230015
2882;16,754;1,48585717074734
2883;16,758;1,33380561948447
2884;16,762;1,19752520360981
2885;16,766;1,20210392033542
2886;16,770;1,1558080067765
2887;16,774;1,08922583439163
2888;16,779;1,04337507384771
2889;16,783;0,976761104818909
2890;16,787;0,96518712642918
2891;16,791;0,924137659118355
2892;16,795;0,913040630387544
2893;16,799;0,848270866706561
2894;16,803;0,790400974757916
2895;16,807;0,803978141715098
2896;16,812;0,758699720761873
2897;16,816;0,72407317552447
2898;16,820;0,738063698852714
2899;16,824;0,694088940300529
2900;16,828;0,666648436590815
2901;16,832;0,629128396755979
2902;16,836;0,6715451197557
2903;16,840;0,607633865460768
2904;16,845;0,586584487180547
2905;16,849;0,595010597821421
2906;16,853;0,481337595779441
2907;16,857;0,586425503960908
2908;16,861;0,566266431710666
2909;16,865;0,541592236022672
2910;16,869;0,489859096352098
2911;16,873;0,482545868248698
2912;16,878;0,450494851169449
2913;16,882;0,519620755068544
2914;16,886;0,448459865958068
2915;16,890;0,440796874771462
2916;16,894;0,359556449535864
2917;16,898;0,408268908033295
2918;16,902;0,447919323011295
2919;16,906;0,344707416821569
2920;16,910;0,401082866505606
2921;16,915;0,406901652344398
2922;16,919;0,373928532591242
2923;16,923;0,377489756711159
2924;16,927;0,391353093463691
2925;16,931;0,342767821541972
2926;16,935;0,348554810736836
2927;16,939;0,328045975403388
2928;16,943;0,377807723150437
2929;16,948;0,306964800479239
2930;16,952;0,381496133846065
2931;16,956;0,320764543943916
2932;16,960;0,303626152866817
2933;16,964;0,366837880995337
2934;16,968;0,292115767764944
2935;16,972;0,344771010109425
2936;16,976;0,28251318129874
2937;16,981;0,294977465718448
2938;16,985;0,347410131555435
2939;16,989;0,291638818106027
2940;16,993;0,227155224220394
2941;16,997;0,292083971121016
2942;17,001;0,31147992391699
2943;17,005;0,246614770304224
2944;17,009;0,308077683016713
2945;17,014;0,285629252403667
2946;17,018;0,255708610467582
2947;17,022;0,22795014031859
2948;17,026;0,276249242444958
2949;17,030;0,291193665091037
2950;17,034;0,277775481353494
2951;17,038;0,275422529702835
2952;17,042;0,285565659115812
2953;17,047;0,294405126127747
2954;17,051;0,286487761789719
2955;17,055;0,289731019470357
2956;17,059;0,263308008366333
2957;17,063;0,287378067819698
2958;17,067;0,246201413933162
2959;17,071;0,268013911667651
2960;17,075;0,28588362555509
2961;17,079;0,256026576906861
2962;17,084;0,276058462581391
2963;17,088;0,286201591994368
2964;17,092;0,245279311259255
2965;17,096;0,254055184983335
2966;17,100;0,246805550167791
2967;17,104;0,279397110193813
2968;17,108;0,238792795897979
2969;17,112;0,260986853359602
2970;17,117;0,226105934970776
2971;17,121;0,234023299308805
2972;17,125;0,244071038789998
2973;17,129;0,233419163074176
2974;17,133;0,261495599662447
2975;17,137;0,245851650849956
2976;17,141;0,233673536225598
2977;17,145;0,2019086889417
2978;17,150;0,200636823184587
2979;17,154;0,19297383199798
2980;17,158;0,216916704875634
2981;17,162;0,219492233033788
2982;17,166;0,214786329732469
2983;17,170;0,217711620973829
2984;17,174;0,168903772544615
2985;17,178;0,247377889758492
2986;17,183;0,198124888314288
2987;17,187;0,177647849624768
2988;17,191;0,254881897725459
2989;17,195;0,229063022856064
2990;17,199;0,251606843400893
2991;17,203;0,290684918788192
2992;17,207;0,408936637555779
2993;17,211;0,515900547728988
2994;17,216;0,819240530800455
2995;17,220;1,20378914246359
2996;17,224;2,0421712529086
2997;17,228;3,07861465838004
2998;17,232;4,65146744691391
2999;17,236;6,66397243103785
3000;17,240;9,524462112073
3001;17,244;12,9485473067289
3002;17,248;17,0345114413864
3003;17,253;21,5250242767376
3004;17,257;26,2932490001545
3005;17,261;30,8917114416408
3006;17,265;36,1062974525165
3007;17,269;41,3484193570337
3008;17,273;46,2906035193797
3009;17,277;51,6231550792277
3010;17,281;56,2062597416968
3011;17,286;62,2604997287746
3012;17,290;68,5927377737135
3013;17,294;75,9650122448876
3014;17,298;81,8327013220409
3015;17,302;88,9592195322968
3016;17,306;94,3979400862198
3017;17,310;98,0138226370483
3018;17,314;100
3019;17,319;97,4975405295922
3020;17,323;93,0732919001865
3021;17,327;86,1700179269478
3022;17,331;77,56756309885
3023;17,335;68,4059006939936
3024;17,339;60,3577249628456
3025;17,343;52,060040966796
3026;17,347;44,4923761186854
3027;17,352;38,5258630722045
3028;17,356;32,9890180751202
3029;17,360;28,3824474894324
3030;17,364;24,7487270213604
3031;17,368;21,8965044677464
3032;17,372;19,3230748880917
3033;17,376;17,095020454781
3034;17,380;15,2383826191913
3035;17,385;13,7931297627398
3036;17,389;12,3545859981571
3037;17,393;11,2955351788529
3038;17,397;10,3987426335125
3039;17,401;9,4429991103299
3040;17,405;8,75393403976997
3041;17,409;8,02413746833849
3042;17,413;7,41046224053144
3043;17,417;6,8599987408529
3044;17,422;6,56384479930912
3045;17,426;5,99611572197778
3046;17,430;5,71010490984698
3047;17,434;5,24905357289349
3048;17,438;4,91560216802237
3049;17,442;4,66056128707727
3050;17,446;4,52625226312613
3051;17,450;4,1234205812045
3052;17,455;3,91604286950721
3053;17,459;3,74834736943185
3054;17,463;3,59686815775969
3055;17,467;3,38519789913214
3056;17,471;3,32208156093541
3057;17,475;3,05533951502487
3058;17,479;2,99991796465867
3059;17,483;2,73711870259518
3060;17,488;2,68042528647186
3061;17,492;2,58217365673488
3062;17,496;2,488723320231
3063;17,500;2,43549573829581
3064;17,504;2,30865892566771
3065;17,508;2,25657602291393
3066;17,512;2,13845149072206
3067;17,516;2,10884881522525
3068;17,521;2,0633160211206
3069;17,525;2,01727448071311
3070;17,529;1,89514357138633
3071;17,533;1,74973751870438
3072;17,537;1,73679628462575
3073;17,541;1,64191509914512
3074;17,545;1,64353672798543
3075;17,549;1,60782909685449
3076;17,554;1,50344071483943
3077;17,558;1,50080159339342
3078;17,562;1,46518935219425
3079;17,566;1,31281983449211
3080;17,570;1,41212075347871
3081;17,574;1,35841622188461
3082;17,578;1,30137304267809
3083;17,582;1,32223164109475
3084;17,586;1,32156391157226
3085;17,591;1,18712770104541
3086;17,595;1,2173981060647
3087;17,599;1,16229452213778
3088;17,603;1,15065695046019
3089;17,607;1,10610985231731
3090;17,611;1,15475871752688
3091;17,615;1,26197700085151
3092;17,619;1,38369455380723
3093;17,624;1,50216884908232
3094;17,628;1,77396656137738
3095;17,632;2,33142532272004
3096;17,636;3,19737512345047
3097;17,640;4,367269043487
3098;17,644;6,08015425187902
3099;17,648;8,3520880538101
3100;17,652;11,188475878748
3101;17,657;14,4567893148014
3102;17,661;18,4980473680964
3103;17,665;22,3622617080012
3104;17,669;25,7758858068049
3105;17,673;28,7660422017777
3106;17,677;30,7349857837205
3107;17,681;31,9442439489397
3108;17,685;32,1514308807734
3109;17,690;31,7002683000815
3110;17,694;30,2357466774097
3111;17,698;28,2716361853439
3112;17,702;26,2528672623662
3113;17,706;24,5062776114107
3114;17,710;23,3721867124369
3115;17,714;22,5581926278845
3116;17,718;22,7523747323518
3117;17,723;23,1934259802746
3118;17,727;24,4582646790797
3119;17,731;26,3071759301949
3120;17,735;28,1627008832472
3121;17,739;30,5588323763603
3122;17,743;31,9567400300033
3123;17,747;32,8483179257396
3124;17,751;33,5605627497229
3125;17,755;32,7424668981038
3126;17,760;31,9770898821171
3127;17,764;30,0868111972518
3128;17,768;27,7432395565513
3129;17,772;25,2201758608782
3130;17,776;22,7371759365543
3131;17,780;20,139326534363
3132;17,784;17,7251027508549
3133;17,788;15,772057490876
3134;17,793;13,2939224530729
3135;17,797;11,8815155297989
3136;17,801;10,4003642623528
3137;17,805;9,34344381819188
3138;17,809;8,22556920762127
3139;17,813;7,60086054437126
3140;17,817;7,09007925631466
3141;17,821;6,82352799026768
3142;17,826;6,90492739872292
3143;17,830;7,35046197343963
3144;17,834;8,22830371899907
3145;17,838;9,72052021853198
3146;17,842;11,669559101376
3147;17,846;14,753452002648
3148;17,850;18,4694939818492
3149;17,854;22,3623253012891
3150;17,859;26,9475603389014
3151;17,863;31,7926057540479
3152;17,867;35,8508114185564
3153;17,871;39,5229104358493
3154;17,875;41,499389822403
3155;17,879;42,6462629722358
3156;17,883;42,2437810533974
3157;17,887;40,2516577180312
3158;17,892;37,3583539004625
3159;17,896;34,604192196722
3160;17,900;31,1643676633219
3161;17,904;27,2904235503751
3162;17,908;24,1318721291605
3163;17,912;21,2826702567197
3164;17,916;18,5468870131695
3165;17,920;16,1450957174372
3166;17,924;14,5041981108978
3167;17,929;12,7957008393678
3168;17,933;11,4068552292443
3169;17,937;10,1943856029884
3170;17,941;9,39746631622526
3171;17,945;8,46197725522467
3172;17,949;7,53179823376002
3173;17,953;6,94177970903527
3174;17,957;6,3023809962906
3175;17,962;5,81229932343101
3176;17,966;5,39980146175531
3177;17,970;5,05636591069086
3178;17,974;4,72514027089469
3179;17,978;4,43175263737263
3180;17,982;4,23028910144592
3181;17,986;3,95721952339375
3182;17,990;3,70834719137065
3183;17,995;3,50923660709459
3184;17,999;3,31553145228627
3185;18,003;3,09546687966179
3186;18,007;2,94812123170024
3187;18,011;2,88010821033862
3188;18,015;2,70827914655264
3189;18,019;2,57037710183766
3190;18,023;2,33889753404308
3191;18,028;2,32961291401615
3192;18,032;2,31912002151997
3193;18,036;2,09880107574406
3194;18,040;2,06668646537695
3195;18,044;2,04544630723316
3196;18,048;1,92401492407279
3197;18,052;1,90115313708869
3198;18,056;1,77507944391485
3199;18,061;1,70325082528189
3200;18,065;1,59568277887406
3201;18,069;1,59043633262596
3202;18,073;1,55501487129037
3203;18,077;1,47959323189356
3204;18,081;1,41615892725755
3205;18,085;1,41724001315109
3206;18,089;1,30178639904915
3207;18,093;1,28770048578913
3208;18,098;1,24725515471293
3209;18,102;1,2834397355028
3210;18,106;1,22569703012986
3211;18,110;1,32048282567872
3212;18,114;1,24588789902403
3213;18,118;1,15316888533049
3214;18,122;1,18547427556116
3215;18,126;1,16350279460703
3216;18,131;1,0832480653332
3217;18,135;1,04671372146013
3218;18,139;1,05555318847206
3219;18,143;0,999845468310511
3220;18,147;1,05110165832217
3221;18,151;0,981975754423072
3222;18,155;0,932086820100312
3223;18,159;0,907285437836607
3224;18,164;0,992882003290317
3225;18,168;0,848270866706561
3226;18,172;0,855615891453889
3227;18,176;0,869860787933555
3228;18,180;0,838604686952502
3229;18,184;0,80410532829081
3230;18,188;0,754566157051256
3231;18,192;0,866522140321133
3232;18,197;0,78610842782766
3233;18,201;0,804296108154377
3234;18,205;0,798668102179151
3235;18,209;0,917587550469223
3236;18,213;0,87885923816513
3237;18,217;0,83482088632509
3238;18,221;0,810909810091365
3239;18,225;0,783310323162011
3240;18,230;0,883787717973943
3241;18,234;0,839463196338553
3242;18,238;0,850083275410447
3243;18,242;0,824677756912114
3244;18,246;0,793771419014266
3245;18,250;0,766585288455974
3246;18,254;0,7654724059185
3247;18,258;0,76400976029782
3248;18,262;0,753008121498792
3249;18,267;0,715710658171451
3250;18,271;0,738190885428425
3251;18,275;0,637109354381864
3252;18,279;0,644168209333841
3253;18,283;0,632848604095535
3254;18,287;0,700639048949662
3255;18,291;0,653738999156117
3256;18,295;0,702578644229259
3257;18,300;0,773326176968673
3258;18,304;0,900449159392125
3259;18,308;1,1979703566248
3260;18,312;1,66544461565171
3261;18,316;2,33206125559859
3262;18,320;3,50230493871833
3263;18,324;5,05547560466088
3264;18,328;7,22969831980174
3265;18,333;10,2760075879511
3266;18,337;14,1548483840628
3267;18,341;18,4020533000783
3268;18,345;23,0345699472112
3269;18,349;28,1157690368097
3270;18,353;33,0427226067143
3271;18,357;37,2623598324444
3272;18,361;40,8347763710236
3273;18,366;42,8286803184497
3274;18,370;43,0122423438451
3275;18,374;41,6666083728195
3276;18,378;39,7842152556482
3277;18,382;36,1662341263204
3278;18,386;32,819955319356
3279;18,390;29,0439448697069
3280;18,394;25,9382076740564
3281;18,399;22,5713882351146
3282;18,403;19,8631090885619
3283;18,407;17,3404905459039
3284;18,411;15,3597186124199
3285;18,415;13,5288996516996
3286;18,419;11,9871439809271
3287;18,423;10,6686961404598
3288;18,427;9,74548058401532
3289;18,431;8,63523716798739
3290;18,436;7,93742802034731
3291;18,440;7,18740878337773
3292;18,444;6,79834504827685
3293;18,448;6,17951876415348
3294;18,452;5,75681417977695
3295;18,456;5,27258308940008
3296;18,460;5,03169171500287
3297;18,464;4,58657049665722
3298;18,469;4,32790479830435
3299;18,473;4,08790372993711
3300;18,477;3,86497745935912
3301;18,481;3,65877622348716
3302;18,485;3,46771019012485
3303;18,489;3,30863158055394
3304;18,493;3,10783577414971
3305;18,497;3,0913651125951
3306;18,502;2,91890011593056
3307;18,506;2,8416978644738
3308;18,510;2,73095015367318
3309;18,514;2,50341336972565
3310;18,518;2,44646558045091
3311;18,522;2,38799155226764
3312;18,526;2,29514535199839
3313;18,530;2,22042323876799
3314;18,535;2,07651162835065
3315;18,539;2,08188526117445
3316;18,543;1,89663801365094
3317;18,547;1,88023094538418
3318;18,551;1,84045334383047
3319;18,555;1,81568375821069
3320;18,559;1,74970572206045
3321;18,563;1,67342557327759
3322;18,568;1,5835046642497
3323;18,572;1,56458566111264
3324;18,576;1,51593679590307
3325;18,580;1,44464872021688
3326;18,584;1,37186620226608
3327;18,588;1,3225178108901
3328;18,592;1,27819328925471
3329;18,596;1,40642915421563
3330;18,600;1,28169092008677
3331;18,605;1,25746187741376
3332;18,609;1,2224219758053
3333;18,613;1,25173848150675
3334;18,617;1,15781119534395
3335;18,621;1,13056147149781
3336;18,625;1,14671416661314
3337;18,629;1,11841515351738
3338;18,633;1,14025944789579
3339;18,638;1,04448795638518
3340;18,642;1,01332724533591
3341;18,646;1,03720652492571
3342;18,650;1,04566443221051
3343;18,654;1,04855792680794
3344;18,658;1,00556886421752
3345;18,662;0,88998806353987
3346;18,666;0,940067777726197
3347;18,671;0,968493977397674
3348;18,675;0,887030975654582
3349;18,679;0,882420462285047
3350;18,683;0,860894134345908
3351;18,687;0,882356868997191
3352;18,691;0,882007105913985
3353;18,695;0,95714257551544
3354;18,699;0,997206346864501
3355;18,704;1,05882824279663
3356;18,708;1,26747782025103
3357;18,712;1,65631897884442
3358;18,716;2,21323719724031
3359;18,720;3,14923500454374
3360;18,724;4,632484850489
3361;18,728;6,25516298005778
3362;18,732;8,89536551196094
3363;18,737;12,1645374574004
3364;18,741;15,869418814583
3365;18,745;20,1517272254948
3366;18,749;24,8827498755161
3367;18,753;29,0429591737451
3368;18,757;32,2447222340576
3369;18,761;34,1387529229065
3370;18,765;35,7511925331305
3371;18,769;35,793704646062
3372;18,774;34,679550242831
3373;18,778;32,9197649846454
3374;18,782;30,8563853702369
3375;18,786;28,3903330571265
3376;18,790;26,0646311303135
3377;18,794;23,9871020093571
3378;18,798;22,4908791326893
3379;18,802;22,2907510558076
3380;18,807;22,3161565743059
3381;18,811;22,8721526900279
3382;18,815;23,884080883031
3383;18,819;25,9499724323097
3384;18,823;27,715163119963
3385;18,827;29,2370140916367
3386;18,831;30,9826816399183
3387;18,835;31,8673914605661
3388;18,840;32,2389352448628
3389;18,844;31,8348952904719
3390;18,848;30,3023924430824
3391;18,852;28,5882989622211
3392;18,856;26,4434245494257
3393;18,860;23,761600210621
3394;18,864;21,5689990352898
3395;18,868;19,1724541858056
3396;18,873;16,9277383110767
3397;18,877;15,0370780664842
3398;18,881;13,258628178313
3399;18,885;11,7676517478933
3400;18,889;10,4900307982293
3401;18,893;9,41479548716592
3402;18,897;8,19278686773169
3403;18,901;7,36581975245677
3404;18,906;6,58330434539295
3405;18,910;6,07935933578083
3406;18,914;5,66371360635628
3407;18,918;5,06399710523354
3408;18,922;4,72962359768851
3409;18,926;4,321450079587
3410;18,930;4,14733165743822
3411;18,934;3,76647145647071
3412;18,938;3,47750355645462
3413;18,943;3,3540689847268
3414;18,947;3,12538752159787
3415;18,951;2,91336749988712
3416;18,955;2,77940823901919
3417;18,959;2,70277832715313
3418;18,963;2,47117157278284
3419;18,967;2,5118076837226
3420;18,971;2,39807108839276
3421;18,976;2,25530415715682
3422;18,980;2,08671835105148
3423;18,984;2,01298193378285
3424;18,988;1,9786415583408
3425;18,992;1,90655856655642
3426;18,996;1,82490478494976
3427;19,000;1,70169278972943
3428;19,004;1,74140679799529
3429;19,009;1,62693887985511
3430;19,013;1,59072250242131
3431;19,017;1,53835342987218
3432;19,021;1,49870301489418
3433;19,025;1,43673135587885
3434;19,029;1,40929085216914
3435;19,033;1,38703320141966
3436;19,037;1,28843180859947
3437;19,042;1,30312185809412
3438;19,046;1,20719138336387
3439;19,050;1,22216760265388
3440;19,054;1,25326472041529
3441;19,058;1,2010546310858
3442;19,062;1,1383198526162
3443;19,066;1,17914674341953
3444;19,070;1,09978232017567
3445;19,075;1,09870123428212
3446;19,079;1,07065659433778
3447;19,083;1,0570794273806
3448;19,087;1,05014775900433
3449;19,091;1,0480491805051
3450;19,095;0,987190404027236
3451;19,099;1,00878032525423
3452;19,103;0,965759466019881
3453;19,108;0,916983414234594
3454;19,112;0,929606681873942
3455;19,116;0,913072427031472
3456;19,120;0,948780058162421
3457;19,124;0,907253641192679
3458;19,128;0,915965921628904
3459;19,132;0,902070788232444
3460;19,136;0,829129287062009
3461;19,140;0,882197885777552
3462;19,145;0,848016493555138
3463;19,149;0,875520590552708
3464;19,153;0,845631745260551
3465;19,157;0,842324894292057
3466;19,161;0,782610796995599
3467;19,165;0,848843206297262
3468;19,169;0,842801843950975
3469;19,173;0,813230965098096
3470;19,178;0,797110066626688
3471;19,182;0,765281626054933
3472;19,186;0,776251468210033
3473;19,190;0,725249651349799
3474;19,194;0,74820682826569
3475;19,198;0,670209660710731
3476;19,202;0,724963481554449
3477;19,206;0,752785544991297
3478;19,211;0,702801220736754
3479;19,215;0,710273432059793
3480;19,219;0,726744093614407
3481;19,223;0,736728239807745
3482;19,227;0,691163649059169
3483;19,231;0,662737449387692
3484;19,235;0,682165198827594
3485;19,239;0,710050855552298
3486;19,244;0,661624566850218
3487;19,248;0,764995456259583
3488;19,252;0,671894882838906
3489;19,256;0,718826729276378
3490;19,260;0,725058871486232
3491;19,264;0,69319863427055
3492;19,268;0,714915742073256
3493;19,272;0,611131496292829
3494;19,277;0,674947360655977
3495;19,281;0,711799670968329
3496;19,285;0,696537281882972
3497;19,289;0,744454824282207
3498;19,293;0,651449640793314
3499;19,297;0,656282730670343
3500;19,301;0,661529176918435
3501;19,305;0,627029818256743
3502;19,309;0,626552868597825
3503;19,314;0,669987084203237
3504;19,318;0,634374843004071
3505;19,322;0,669192168105041
3506;19,326;0,749128930939597
3507;19,330;0,741879296124053
3508;19,334;0,76006697645077
3509;19,338;0,91091025524438
3510;19,342;1,12951218224819
3511;19,347;1,48312265936955
3512;19,351;1,93654280178036
3513;19,355;2,65699115989706
3514;19,359;3,73184491123331
3515;19,363;5,20813129215838
3516;19,367;7,48051024710444
3517;19,371;10,5746098710773
3518;19,375;14,4099210616518
3519;19,380;19,447622342357
3520;19,384;25,7520065272151
3521;19,388;32,9709257847253
3522;19,392;41,408197047618
3523;19,396;50,3986345249232
3524;19,400;59,8242090743806
3525;19,404;67,9031957534946
3526;19,408;75,6390330513395
3527;19,413;81,7463416371329
3528;19,417;85,27122219304
3529;19,421;85,3036229732024
3530;19,425;82,6079035010013
3531;19,429;77,4817121602449
3532;19,433;70,0831100678986
3533;19,437;63,0020610584594
3534;19,441;55,5514078600032
3535;19,446;48,3382437950439
3536;19,450;41,772109637372
3537;19,454;36,4491288673463
3538;19,458;31,9038304145074
3539;19,462;27,9642898251375
3540;19,466;25,107488554798
3541;19,470;22,3784461997605
3542;19,474;19,8411694042517
3543;19,478;17,9104453883102
3544;19,483;16,0414704548764
3545;19,487;14,5688406880031
3546;19,491;13,5066420009501
3547;19,495;12,3148719898912
3548;19,499;11,5860611144215
3549;19,503;10,5927339581162
3550;19,507;9,6882148283013
3551;19,511;9,22153548537259
3552;19,516;8,59301122485124
3553;19,520;7,96893849447979
3554;19,524;7,57593197553185
3555;19,528;7,13720188261569
3556;19,532;6,65519655731377
3557;19,536;6,23840614870782
3558;19,540;5,91452553365897
3559;19,544;5,64384070390139
3560;19,549;5,61830799882734
3561;19,553;5,17248725431528
3562;19,557;5,00921148774589
3563;19,561;4,75871752688247
3564;19,565;4,65502867103383
3565;19,569;4,33582216264238
3566;19,573;4,21807919017764
3567;19,577;4,20682317822718
3568;19,582;3,89270413286418
3569;19,586;3,85569283933219
3570;19,590;3,62618466346114
3571;19,594;3,50116025953693
3572;19,598;3,40996748475192
3573;19,602;3,34093697078461
3574;19,606;3,21127025684693
3575;19,610;3,02952064015547
3576;19,615;2,94029925729399
3577;19,619;2,82770734114556
3578;19,623;2,85371699587852
3579;19,627;2,73603761670163
3580;19,631;2,68996427965021
3581;19,635;2,5820782668031
3582;19,639;2,60293686521975
3583;19,643;2,44792822607159
3584;19,647;2,39511400050747
3585;19,652;2,40703774198041
3586;19,656;2,32926315093295
3587;19,660;2,31517723767292
3588;19,664;2,2694536637047
3589;19,668;2,17231491650519
3590;19,672;2,16773619977959
3591;19,676;2,07330016731394
3592;19,680;2,01377684988105
3593;19,685;1,97647938655371
3594;19,689;1,97148731345704
3595;19,693;1,88490505204157
3596;19,697;1,91345843828876
3597;19,701;1,8579732946347
3598;19,705;1,7682749621143
3599;19,709;1,79069159608342
3600;19,713;1,77371218822596
3601;19,718;1,68678016372728
3602;19,722;1,69647814012527
3603;19,726;1,71288520839202
3604;19,730;1,58681151521819
3605;19,734;1,58092913609154
3606;19,738;1,55774938266816
3607;19,742;1,49965691421202
3608;19,746;1,52245510790827
3609;19,751;1,4545056798345
3610;19,755;1,42426707145914
3611;19,759;1,42331317214131
3612;19,763;1,44366302425512
3613;19,767;1,39227964766775
3614;19,771;1,3678916217751
3615;19,775;1,37803475118808
3616;19,779;1,39755789055977
3617;19,784;1,35873418832389
3618;19,788;1,33056236180384
3619;19,792;1,2412773856545
3620;19,796;1,26067333845047
3621;19,800;1,22525187711487
3622;19,804;1,32239062431439
3623;19,808;1,25698492775485
3624;19,812;1,2345364971418
3625;19,816;1,24111840243486
3626;19,821;1,25393244993777
3627;19,825;1,17574450251925
3628;19,829;1,21733451277685
3629;19,833;1,23059371329475
3630;19,837;1,06938472858067
3631;19,841;1,13440886541307
3632;19,845;1,13625307076089
3633;19,849;1,02925736394375
3634;19,854;1,11847874680523
3635;19,858;1,05491725559351
3636;19,862;0,999050552212315
3637;19,866;1,04362944699913
3638;19,870;1,11968701927449
3639;19,874;1,04970260598934
3640;19,878;1,10833561739226
3641;19,882;1,13485401842806
3642;19,887;1,21288298262695
3643;19,891;1,48102408087031
3644;19,895;1,75889495215559
3645;19,899;2,18388889489492
3646;19,903;2,95909107385534
3647;19,907;4,14666392791574
3648;19,911;5,58460355626384
3649;19,915;7,81265798957452
3650;19,920;10,5499038787454
3651;19,924;13,7874381634767
3652;19,928;17,6342597391531
3653;19,932;22,1397169971504
3654;19,936;26,8044118479383
3655;19,940;30,8559720138659
3656;19,944;34,5391998565335
3657;19,948;37,0494177080597
3658;19,953;39,1801426143073
3659;19,957;39,198362091278
3660;19,961;38,5796629937303
3661;19,965;36,8233435697329
3662;19,969;34,104158174313
3663;19,973;31,3598534301902
3664;19,977;28,111253913372
3665;19,981;25,4187776988514
3666;19,985;22,5150763787184
3667;19,990;19,9396436104962
3668;19,994;17,7412872426141
3669;19,998;16,0623926465809
3670;20,002;14,2240060846058
3671;20,006;12,9005979676857
3672;20,010;11,5276506795261
3673;20,014;10,5499038787454
3674;20,018;9,66694287351359
3675;20,023;8,81600108871709
3676;20,027;8,1926914777999
3677;20,031;7,61218014960957
3678;20,035;6,94133455602028
3679;20,039;6,58320895546117
3680;20,043;6,17487645414002
3681;20,047;5,72861055661297
3682;20,051;5,36228142192048
3683;20,056;5,18193085756185
3684;20,060;4,91518881165131
3685;20,064;4,51436031829712
3686;20,068;4,33496365325633
3687;20,072;4,09038386816348
3688;20,076;4,00033577255988
3689;20,080;3,79089127900728
3690;20,084;3,63604162307877
3691;20,089;3,4662793411481
3692;20,093;3,30557910273686
3693;20,097;3,20462475826601
3694;20,101;3,15562612997323
3695;20,105;2,98039482528698
3696;20,109;2,82923358005409
3697;20,113;2,7246862148194
3698;20,117;2,7044635492813
3699;20,122;2,58652979695299
3700;20,126;2,50067885834786
3701;20,130;2,41225239158457
3702;20,134;2,33199766231074
3703;20,138;2,37670374367326
3704;20,142;2,17113844067986
3705;20,146;2,11056583399735
3706;20,150;2,14948492616501
3707;20,154;1,98888007768556
3708;20,159;1,93005628641908
3709;20,163;1,89053305801679
3710;20,167;1,94058097555919
3711;20,171;1,87638355146891
3712;20,175;1,93164611861547
3713;20,179;1,80585859523699
3714;20,183;1,76023041120056
3715;20,187;1,74665324424338
3716;20,192;1,66061152577468
3717;20,196;1,65460196007232
3718;20,200;1,57218505901139
3719;20,204;1,55749500951674
3720;20,208;1,54318651974921
3721;20,212;1,47730387353076
3722;20,216;1,47857573928787
3723;20,220;1,52954575950418
3724;20,225;1,44607956919363
3725;20,229;1,41275668635727
3726;20,233;1,4847760848538
3727;20,237;1,33622216442299
3728;20,241;1,3515481467962
3729;20,245;1,40849593607094
3730;20,249;1,40671532401098
3731;20,253;1,38932255978246
3732;20,258;1,40051497844506
3733;20,262;1,43914790081736
3734;20,266;1,47193024070695
3735;20,270;1,62569881074192
3736;20,274;1,68153371747919
3737;20,278;1,80064394563283
3738;20,282;2,02938900204961
3739;20,286;2,11037505413379
3740;20,291;2,28083686223087
3741;20,295;2,55117192890525
3742;20,299;2,64935996535438
3743;20,303;2,81422556412016
3744;20,307;2,90897956302508
3745;20,311;2,97235027437324
3746;20,315;2,92525944471613
3747;20,319;2,88506848679136
3748;20,323;2,80125253339761
3749;20,328;2,72799306578789
3750;20,332;2,56579838511205
3751;20,336;2,45565481054606
3752;20,340;2,2837303568283
3753;20,344;2,09543063148771
3754;20,348;1,98350644486176
3755;20,352;1,88531840841263
3756;20,356;1,74569934492554
3757;20,361;1,65908528686614
3758;20,365;1,52340900722611
3759;20,369;1,50897333088287
3760;20,373;1,43065819688863
3761;20,377;1,33959260867934
3762;20,381;1,33243836379558
3763;20,385;1,36490273724589
3764;20,389;1,24900397012896
3765;20,394;1,22191322950245
3766;20,398;1,17688918170065
3767;20,402;1,11383643679177
3768;20,406;1,20296242972147
3769;20,410;1,1355853412384
3770;20,414;1,17068883613472
3771;20,418;1,08833552836165
3772;20,422;1,11940084947914
3773;20,427;1,10041825305423
3774;20,431;0,982834263809124
3775;20,435;1,06092682129587
3776;20,439;1,05103806503431
3777;20,443;0,968303197534107
3778;20,447;1,03752449136499
3779;20,451;0,930465191259993
3780;20,455;0,96445580361884
3781;20,460;0,990592644927513
3782;20,464;0,932563769759229
3783;20,468;0,96153051237748
3784;20,472;1,02172155933286
3785;20,476;0,877619169051945
3786;20,480;0,894280610470126
3787;20,484;0,861530067224465
3788;20,488;0,88909775750989
3789;20,492;0,91558436190177
3790;20,497;0,920481045066655
3791;20,501;0,830369356175194
3792;20,505;0,81682398586194
3793;20,509;0,902929297618495
3794;20,513;0,821466295875403
3795;20,517;0,863278882640495
3796;20,521;0,824518773692474
3797;20,525;0,851577717675055
3798;20,530;0,852595210280745
3799;20,534;0,906903878109473
3800;20,538;0,838954450035708
3801;20,542;0,847030797593376
3802;20,546;0,775997095058611
3803;20,550;0,825631656229948
3804;20,554;0,82575884280566
3805;20,558;0,805377194047923
3806;20,563;0,837714380922522
3807;20,567;0,903279060701701
3808;20,571;0,779176759451394
3809;20,575;0,847126187525159
3810;20,579;0,807698349054654
3811;20,583;0,828811320622731
3812;20,587;0,826935318630989
3813;20,591;0,792022603598236
3814;20,596;0,782579000351671
3815;20,600;0,839431399694625
3816;20,604;0,771736344772282
3817;20,608;0,814312050991642
3818;20,612;0,88734894209386
3819;20,616;0,818223038194765
3820;20,620;0,80410532829081
3821;20,624;0,785440698305175
3822;20,629;0,769669562916973
3823;20,633;0,790750737841122
3824;20,637;0,810401063788519
3825;20,641;0,798604508891296
3826;20,645;0,69876304695792
3827;20,649;0,793739622370338
3828;20,653;0,804741261169366
3829;20,657;0,728397519098654
3830;20,661;0,696505485239044
3831;20,666;0,821879652246465
3832;20,670;0,815679306680539
3833;20,674;0,792054400242163
3834;20,678;0,770400885727313
3835;20,682;0,795552031074224
3836;20,686;0,707761497189495
3837;20,690;0,756664735550492
3838;20,694;0,751672662453823
3839;20,699;0,758858703981512
3840;20,703;0,785345308373392
3841;20,707;0,777491537323219
3842;20,711;0,716282997762152
3843;20,715;0,705122375743485
3844;20,719;0,736378476724539
3845;20,723;0,726712296970479
3846;20,727;0,782133847336681
3847;20,732;0,811482149682065
3848;20,736;0,783660086245217
3849;20,740;0,719081102427801
3850;20,744;0,795106878059235
3851;20,748;0,784041645972351
3852;20,752;0,746394419561804
3853;20,756;0,760321349602192
3854;20,760;0,741561329684775
3855;20,765;0,779431132602816
3856;20,769;0,771068615249798
3857;20,773;0,822642771700733
3858;20,777;0,716982523928564
3859;20,781;0,804963837676861
3860;20,785;0,748365811485329
3861;20,789;0,780194252057084
3862;20,793;0,744041467911145
3863;20,798;0,731608980135365
3864;20,802;0,68909686720386
3865;20,806;0,799908171292336
3866;20,810;0,739589937761249
3867;20,814;0,745376926956114
3868;20,818;0,783564696313434
3869;20,822;0,813676118113085
3870;20,826;0,800512307526965
3871;20,830;0,810114893993169
3872;20,835;0,726807686902263
3873;20,839;0,815202357021621
3874;20,843;0,8087794349482
3875;20,847;0,721116087639182
3876;20,851;0,769097223326272
3877;20,855;0,816887579149796
3878;20,859;0,829828813228421
3879;20,863;0,793453452574988
3880;20,868;0,712435603846885
3881;20,872;0,854630195492126
3882;20,876;0,781688694321692
3883;20,880;0,835901972218636
3884;20,884;0,811482149682065
3885;20,888;0,819335920732239
3886;20,892;0,740066887420167
3887;20,896;0,769033630038417
3888;20,901;0,753898427528771
3889;20,905;0,813326355029879
3890;20,909;0,854089652545353
3891;20,913;0,792658536476792
3892;20,917;0,765090846191366
3893;20,921;0,721211477570965
3894;20,925;0,74426404441864
3895;20,929;0,720511951404553
3896;20,934;0,742706008866176
3897;20,938;0,751799849029535
3898;20,942;0,764136946873531
3899;20,946;0,756092395959791
3900;20,950;0,762197351593934
3901;20,954;0,759653620079708
3902;20,958;0,77542475546791
3903;20,962;0,786998733857639
3904;20,967;0,726235347311562
3905;20,971;0,818382021414404
3906;20,975;0,766394508592407
3907;20,979;0,79005121167471
3908;20,983;0,753516867801637
3909;20,987;0,72334185271413
3910;20,991;0,820575989845424
3911;20,995;0,75157727252204
3912;20,999;0,75698270198977
3913;21,004;0,813103778522385
3914;21,008;0,743055771949382
3915;21,012;0,819717480459373
3916;21,016;0,679653263957296
3917;21,020;0,79809576258845
3918;21,024;0,737872918989147
3919;21,028;0,700607252305734
3920;21,032;0,789478872084009
3921;21,037;0,77981269232995
3922;21,041;0,786267411047299
3923;21,045;0,734375288157086
3924;21,049;0,764995456259583
3925;21,053;0,807284992683592
3926;21,057;0,798350135739873
3927;21,061;0,730432504310035
3928;21,065;0,741879296124053
3929;21,070;0,702578644229259
3930;21,074;0,788906532493308
3931;21,078;0,757459651648688
3932;21,082;0,743214755169021
3933;21,086;0,6929124644752
3934;21,090;0,743119365237238
3935;21,094;0,708937973014824
3936;21,098;0,744136857842928
3937;21,103;0,675392513670967
3938;21,107;0,698381487230786
3939;21,111;0,800353324307326
3940;21,115;0,842674657375263
3941;21,119;0,755933412740152
3942;21,123;0,712848960217947
3943;21,127;0,802356512874779
3944;21,131;0,772658447446189
3945;21,136;0,839908349353543
3946;21,140;0,804868447745077
3947;21,144;0,75714168520941
3948;21,148;0,858413996119538
3949;21,152;0,816188052983384
3950;21,156;0,777427944035363
3951;21,160;0,780480421852434
3952;21,164;0,808461468508922
3953;21,168;0,797459829709894
3954;21,173;0,822865348208227
3955;21,177;0,786935140569783
3956;21,181;0,808334281933211
3957;21,185;0,73825447871628
3958;21,189;0,768556680379499
3959;21,193;0,814884390582343
3960;21,197;0,860894134345908
3961;21,201;0,832436138030503
3962;21,206;0,791132297568256
3963;21,210;0,790941517704689
3964;21,214;0,739399157897682
3965;21,218;0,819622090527589
3966;21,222;0,746998555796433
3967;21,226;0,801052850473738
3968;21,230;0,785567884880887
3969;21,234;0,791895417022524
3970;21,239;0,785408901661248
3971;21,243;0,919527145748821
3972;21,247;0,76474108310816
3973;21,251;0,81990826032294
3974;21,255;0,737650342481652
3975;21,259;0,737014409603095
3976;21,263;0,793008299559998
3977;21,267;0,780671201716001
3978;21,272;0,850242258630086
3979;21,276;0,790687144553267
3980;21,280;0,886808399147087
3981;21,284;0,76108446905646
3982;21,288;0,828366167607741
3983;21,292;0,79078253448505
3984;21,296;0,85501175521926
3985;21,300;0,752531171839875
3986;21,305;0,756664735550492
3987;21,309;0,752499375195947
3988;21,313;0,817587105316208
3989;21,317;0,768524883735571
3990;21,321;0,880989613308295
3991;21,325;0,898128004385393
3992;21,329;0,82238839854931
3993;21,333;0,829479050145215
3994;21,337;0,910178932434039
3995;21,342;1,00849415545888
3996;21,346;0,986554471148679
3997;21,350;1,1217538011298
3998;21,354;1,34696943007059
3999;21,358;1,72430020356211
4000;21,362;2,2494535746741
4001;21,366;3,00382895186179
4002;21,370;3,99931827995419
4003;21,375;5,40027841141423
4004;21,379;7,38636038443414
4005;21,383;9,62401740421102
4006;21,387;12,0607214149761
4007;21,391;14,8897960118105
4008;21,395;17,5087901822139
4009;21,399;19,7823774096292
4010;21,403;21,6522108524489
4011;21,408;22,767668918081
4012;21,412;23,1688471745184
4013;21,416;23,4960664371797
4014;21,420;22,7427721458855
4015;21,424;21,1692834244731
4016;21,428;19,8413283874714
4017;21,432;18,056360187295
4018;21,436;16,4232209618739
4019;21,441;14,5544686049477
4020;21,445;13,1310600428746
4021;21,449;11,6167766724558
4022;21,453;10,2406497199034
4023;21,457;8,96474578901146
4024;21,461;8,13730172407763
4025;21,465;7,40368955537481
4026;21,469;6,51964746424944
4027;21,474;6,03939095436355
4028;21,478;5,47182086025184
4029;21,482;4,89041922603153
4030;21,486;4,55283425744979
4031;21,490;4,13680696829811
4032;21,494;3,94125760814198
4033;21,498;3,64678888872637
4034;21,502;3,34163649695102
4035;21,506;3,29162037605255
4036;21,511;2,98630900105756
4037;21,515;2,82834327402411
4038;21,519;2,65721373640455
4039;21,523;2,5880242392176
4040;21,527;2,54738812827784
4041;21,531;2,29768908351261
4042;21,535;2,27489088981636
4043;21,539;2,26586064294086
4044;21,544;2,07921434308452
4045;21,548;2,09546242813164
4046;21,552;1,98550963342921
4047;21,556;1,98465112404316
4048;21,560;1,87148686830402
4049;21,564;1,81733718369494
4050;21,568;1,76223359976801
4051;21,572;1,76868831848536
4052;21,577;1,79438000677904
4053;21,581;1,63851285824484
4054;21,585;1,6720583175887
4055;21,589;1,51231197849529
4056;21,593;1,59336162386732
4057;21,597;1,60547614520383
4058;21,601;1,52274127770362
4059;21,605;1,42849602510154
4060;21,610;1,45208913489599
4061;21,614;1,50919590739037
4062;21,618;1,49676341961459
4063;21,622;1,40814617298773
4064;21,626;1,46165992471827
4065;21,630;1,39129395170599
4066;21,634;1,39107137519849
4067;21,638;1,33148446447774
4068;21,643;1,32385326993506
4069;21,647;1,27291504636269
4070;21,651;1,3118977318182
4071;21,655;1,31743034786164
4072;21,659;1,28410746502528
4073;21,663;1,27949695165575
4074;21,667;1,23628531255783
4075;21,671;1,28922672469766
4076;21,675;1,28490238112348
4077;21,680;1,24388471045658
4078;21,684;1,22296251875207
4079;21,688;1,26191340756366
4080;21,692;1,24760491779614
4081;21,696;1,1898622124232
4082;21,700;1,18747746412862
4083;21,704;1,24296260778267
4084;21,708;1,15552183698115
4085;21,713;1,18957604262785
4086;21,717;1,16490184693986
4087;21,721;1,17421826361071
4088;21,725;1,19052994194569
4089;21,729;1,11660274481349
4090;21,733;1,14693674312064
4091;21,737;1,18111813534305
4092;21,741;1,21460000139905
4093;21,746;1,13898758213868
4094;21,750;1,18146789842626
4095;21,754;1,20598311089461
4096;21,758;1,10960748314937
4097;21,762;1,16550598317449
4098;21,766;1,18795441378753
4099;21,770;1,20464765184964
4100;21,774;1,09361377125367
4101;21,779;1,14242161968289
4102;21,783;1,140609210979
4103;21,787;1,18804980371932
4104;21,791;1,0657599111729
4105;21,795;1,14776345586276
4106;21,799;1,10731812478657
4107;21,803;1,11227840123931
4108;21,807;1,14579206393924
4109;21,812;1,08897146124021
4110;21,816;1,15720705910933
4111;21,820;1,15126108669482
4112;21,824;1,13316879629989
4113;21,828;1,11253277439073
4114;21,832;1,09084746323195
4115;21,836;1,07145151043598
4116;21,840;1,11043419589149
4117;21,844;1,12452010915152
4118;21,849;1,10401127381807
4119;21,853;1,12378878634118
4120;21,857;1,11065677239899
4121;21,861;1,04874870667151
4122;21,865;1,07561687079052
4123;21,869;1,01949579425791
4124;21,873;1,05917800587984
4125;21,877;1,04057696918206
4126;21,882;1,04566443221051
4127;21,886;1,03796964437998
4128;21,890;1,07444039496519
4129;21,894;1,00121272399941
4130;21,898;1,10137215237206
4131;21,902;1,04105391884097
4132;21,906;1,08541023712029
4133;21,910;1,09447228063972
4134;21,915;1,05122884489788
4135;21,919;1,05424952607102
4136;21,923;1,05800153005451
4137;21,927;1,07405883523806
4138;21,931;1,11291433411786
4139;21,935;1,10188089867491
4140;21,939;1,13854242912369
4141;21,943;1,11202402808788
4142;21,948;1,14229443310717
4143;21,952;1,02229389892356
4144;21,956;1,03844659403889
4145;21,960;1,11529908241245
4146;21,964;1,1940911660656
4147;21,968;1,06232587362869
4148;21,972;1,11552165891994
4149;21,976;1,10795405766512
4150;21,981;1,16499723687164
4151;21,985;1,03739730478927
4152;21,989;1,13189693054278
4153;21,993;1,10178550874312
4154;21,997;1,07676154997192
4155;22,001;1,00858954539066
4156;22,005;1,06779489638428
4157;22,009;1,05161040462501
4158;22,013;1,03978205308386
4159;22,018;1,09358197460974
4160;22,022;1,05790614012272
4161;22,026;1,03418584375256
4162;22,030;1,14343911228858
4163;22,034;0,997142753576646
