#"+EI TIC Scan 60C_1ml-min_8C-min_1.d "
#Point;X(Minutes);Y(Counts)
0;6,591;0,397173560239225
1;6,595;0,407710493779767
2;6,599;0,433973403508958
3;6,603;0,413217232916533
4;6,608;0,455603239445196
5;6,612;0,390528408684763
6;6,616;0,385921809599199
7;6,620;0,391216751076859
8;6,624;0,411019832203305
9;6,628;0,403368641768087
10;6,632;0,381050463439753
11;6,636;0,391984517591119
12;6,641;0,385101093670162
13;6,645;0,398153124412592
14;6,649;0,409616672711725
15;6,653;0,378985436263466
16;6,657;0,362173997071897
17;6,661;0,389840066292667
18;6,665;0,351981234727403
19;6,669;0,371863739976014
20;6,674;0,397835427923933
21;6,678;0,387669140286827
22;6,682;0,374219988933572
23;6,686;0,385630587817928
24;6,690;0,364371397785126
25;6,694;0,366383475546637
26;6,698;0,367442463842168
27;6,702;0,340623585257824
28;6,707;0,386292455502636
29;6,711;0,34922786515902
30;6,715;0,345097810806446
31;6,719;0,344488892536515
32;6,723;0,371016549339588
33;6,727;0,352828425363829
34;6,731;0,345892052028095
35;6,735;0,353013748315547
36;6,739;0,34830125040043
37;6,744;0,333051818944771
38;6,748;0,359897172236504
39;6,752;0,35171648765352
40;6,756;0,349995631673281
41;6,760;0,345415507295106
42;6,764;0,337631943322946
43;6,768;0,335858137927931
44;6,772;0,344091771925691
45;6,777;0,353384394218983
46;6,781;0,333343040726042
47;6,785;0,356349561446472
48;6,789;0,401515412250906
49;6,793;0,331542760623638
50;6,797;0,335937562050095
51;6,801;0,315340239702001
52;6,805;0,329821904643399
53;6,810;0,320211585861447
54;6,814;0,321853017719522
55;6,818;0,32995427818034
56;6,822;0,322885531307665
57;6,826;0,320291009983612
58;6,830;0,348221826278265
59;6,834;0,326883212123298
60;6,838;0,325638900876048
61;6,843;0,302049936593076
62;6,847;0,301599866567475
63;6,851;0,324606387287905
64;6,855;0,32685673741591
65;6,859;0,316663975071416
66;6,863;0,318384831051655
67;6,867;0,331463336501473
68;6,871;0,323176753088937
69;6,876;0,290454014757002
70;6,880;0,321508846523474
71;6,884;0,338690931618478
72;6,888;0,298158154606996
73;6,892;0,314916644383788
74;6,896;0,311342558886368
75;6,900;0,31131608417898
76;6,904;0,311607305960251
77;6,908;0,316372753290144
78;6,913;0,288918481728481
79;6,917;0,304670932624517
80;6,921;0,279837657094295
81;6,925;0,278646295261822
82;6,929;0,275601703912168
83;6,933;0,2845766297168
84;6,937;0,2999584347094
85;6,941;0,305676971505272
86;6,946;0,302182310130017
87;6,950;0,313937080210421
88;6,954;0,308933360514033
89;6,958;0,298449376388267
90;6,962;0,300752675931049
91;6,966;0,300990948297544
92;6,970;0,309886449980012
93;6,974;0,315790309727602
94;6,979;0,343879974266584
95;6,983;0,3377378421525
96;6,987;0,356879055594238
97;6,991;0,424786680045219
98;6,995;0,407445746705885
99;6,999;0,445331052978537
100;7,003;0,438421154350192
101;7,007;0,483348732788131
102;7,012;0,518851315395837
103;7,016;0,513212202722129
104;7,020;0,528223361811294
105;7,024;0,55578353220251
106;7,028;0,517607004148587
107;7,032;0,542625602630527
108;7,036;0,543102147363516
109;7,040;0,536430521101666
110;7,045;0,525231719876416
111;7,049;0,484434195791051
112;7,053;0,499286506635885
113;7,057;0,442074663969776
114;7,061;0,431987800454835
115;7,065;0,421583240451235
116;7,069;0,422456905795049
117;7,073;0,418776921468075
118;7,077;0,411814073424953
119;7,082;0,384571599522396
120;7,086;0,390660782221704
121;7,090;0,373902292444913
122;7,094;0,328180472785325
123;7,098;0,323838620773644
124;7,102;0,335805188513154
125;7,106;0,312216224230182
126;7,110;0,322514885404229
127;7,115;0,304247337306304
128;7,119;0,3124015471819
129;7,123;0,314493049065575
130;7,127;0,326750838586357
131;7,131;0,279308162946529
132;7,135;0,292413143103736
133;7,139;0,295404785038613
134;7,143;0,272742435514231
135;7,148;0,29328680844755
136;7,152;0,274357392664918
137;7,156;0,308536239903208
138;7,160;0,260775867774721
139;7,164;0,278619820554433
140;7,168;0,275998824522992
141;7,172;0,262787945536232
142;7,176;0,259425657697918
143;7,181;0,261781906655477
144;7,185;0,247088444054972
145;7,189;0,243064288531951
146;7,193;0,275734077449109
147;7,197;0,260008101260461
148;7,201;0,223737752138495
149;7,205;0,242375946139855
150;7,209;0,26265557199929
151;7,214;0,251800941970089
152;7,218;0,239543152449308
153;7,222;0,249497642427307
154;7,226;0,234592382167696
155;7,230;0,24277306675068
156;7,234;0,227100039976808
157;7,238;0,235969066951888
158;7,242;0,243593782679717
159;7,246;0,234936553363744
160;7,251;0,24727376700669
161;7,255;0,2363926622701
162;7,259;0,228767946542271
163;7,263;0,234592382167696
164;7,267;0,226067526388665
165;7,271;0,21463045279692
166;7,275;0,222149269695197
167;7,279;0,235651370463228
168;7,284;0,214100958649155
169;7,288;0,249418218305142
170;7,292;0,205734951114453
171;7,296;0,267871089354785
172;7,300;0,221116756107053
173;7,304;0,240919837233499
174;7,308;0,270306762434508
175;7,312;0,276634217500311
176;7,317;0,271445174852205
177;7,321;0,257784225839844
178;7,325;0,2592403347462
179;7,329;0,270545034801003
180;7,333;0,247829735861844
181;7,337;0,26437642797953
182;7,341;0,241767027869924
183;7,345;0,252330436117855
184;7,350;0,242190623188137
185;7,354;0,255719198663557
186;7,358;0,244864568634355
187;7,362;0,21711907529142
188;7,366;0,235413098096733
189;7,370;0,240628615452228
190;7,374;0,219131153052931
191;7,378;0,206132071725277
192;7,383;0,233056849139175
193;7,387;0,234327635093813
194;7,391;0,22815902827234
195;7,395;0,213968585112213
196;7,399;0,213968585112213
197;7,403;0,226623495243819
198;7,407;0,224849689848803
199;7,411;0,237663448224739
200;7,415;0,207005737069091
201;7,420;0,21743677178008
202;7,424;0,215133472237298
203;7,428;0,201340149687996
204;7,432;0,217383822365303
205;7,436;0,233374545627834
206;7,440;0,212724273864963
207;7,444;0,230197580741239
208;7,448;0,220613736666675
209;7,453;0,217516195902245
210;7,457;0,219025254223378
211;7,461;0,237054529954808
212;7,465;0,219157627760319
213;7,469;0,226411697584712
214;7,473;0,242720117335903
215;7,477;0,214286281600873
216;7,481;0,216880802924926
217;7,486;0,202213815031809
218;7,490;0,252912879680397
219;7,494;0,22707356526942
220;7,498;0,23297742501701
221;7,502;0,227576584709797
222;7,506;0,217224974120974
223;7,510;0,214365705723038
224;7,514;0,226544071121654
225;7,519;0,20547020404057
226;7,523;0,284179509105976
227;7,527;0,374087615396631
228;7,531;0,456132733592962
229;7,535;0,730251853891385
230;7,539;1,12067436374659
231;7,543;1,73411980864081
232;7,547;2,56849668669037
233;7,552;3,78029699326748
234;7,556;5,31479750820054
235;7,560;7,17085981907185
236;7,564;9,39981838350732
237;7,568;11,6871272030266
238;7,572;13,860038811921
239;7,576;16,1095946987046
240;7,580;17,6237891130708
241;7,584;18,7145470574686
242;7,589;19,3890167028929
243;7,593;19,4072842509908
244;7,597;19,2870096553258
245;7,601;18,1158480245897
246;7,605;17,2174553040753
247;7,609;15,9847399786614
248;7,613;14,8822272641832
249;7,617;13,6350302738279
250;7,622;12,2790222361067
251;7,626;11,1738885255971
252;7,630;9,7620188552866
253;7,634;8,94273256044838
254;7,638;7,73908646374686
255;7,642;7,00610771499448
256;7,646;6,05288587547886
257;7,650;5,36165774027783
258;7,655;4,73505436581162
259;7,659;4,19489091096821
260;7,663;3,6605783664576
261;7,667;3,23854505598077
262;7,671;2,84883736322504
263;7,675;2,52343673471549
264;7,679;2,19009369398945
265;7,683;1,91555097837281
266;7,688;1,70155591855321
267;7,692;1,54765844450504
268;7,696;1,405701063489
269;7,700;1,2358128661783
270;7,704;1,08591307294576
271;7,708;0,982794087668346
272;7,712;0,830855741966912
273;7,716;0,827996473568976
274;7,721;0,75799734723432
275;7,725;0,692287123496568
276;7,729;0,665071124301399
277;7,733;0,606376698021545
278;7,737;0,550462116017463
279;7,741;0,520519221961299
280;7,745;0,512047315597044
281;7,749;0,502807642718529
282;7,753;0,419068143249347
283;7,758;0,413058384672203
284;7,762;0,39772952909438
285;7,766;0,354337483684962
286;7,770;0,387377918505556
287;7,774;0,351637063531355
288;7,778;0,307397827485512
289;7,782;0,357726246230664
290;7,786;0,322303087745123
291;7,791;0,322303087745123
292;7,795;0,320291009983612
293;7,799;0,284205983813364
294;7,803;0,327677453344947
295;7,807;0,286085688037933
296;7,811;0,296304925089815
297;7,815;0,259505081820083
298;7,819;0,275072209764402
299;7,824;0,258657891183658
300;7,828;0,263846933831764
301;7,832;0,247009019932807
302;7,836;0,250477206600674
303;7,840;0,259584505942248
304;7,844;0,252754031436068
305;7,848;0,270147914190178
306;7,852;0,216060086995888
307;7,857;0,233215697383505
308;7,861;0,256989984618195
309;7,865;0,232686203235739
310;7,869;0,204437690452426
311;7,873;0,226438172292101
312;7,877;0,245447012196898
313;7,881;0,231944911428866
314;7,885;0,22116970552183
315;7,890;0,222811137379904
316;7,894;0,219978343689356
317;7,898;0,204252367500708
318;7,902;0,216324834069771
319;7,906;0,199963464903804
320;7,910;0,188076321286459
321;7,914;0,207349908265139
322;7,918;0,181907714464986
323;7,922;0,181298796195055
324;7,927;0,185137628766358
325;7,931;0,182251885661034
326;7,935;0,194403776352262
327;7,939;0,188261644238177
328;7,943;0,197898437727517
329;7,947;0,209282561904485
330;7,951;0,187493877723916
331;7,955;0,198533830704836
332;7,960;0,193053566275459
333;7,964;0,173462282808119
334;7,968;0,169305753748157
335;7,972;0,19583341055123
336;7,976;0,191200336758278
337;7,980;0,168961582552109
338;7,984;0,167743746012247
339;7,988;0,172853364538188
340;7,993;0,161522189775997
341;7,997;0,167717271304859
342;8,001;0,173012212782518
343;8,005;0,176798095939045
344;8,009;0,166155263568949
345;8,013;0,176930469475986
346;8,017;0,158768820207615
347;8,021;0,158345224889402
348;8,026;0,166208212983726
349;8,030;0,169332228455545
350;8,034;0,172747465708635
351;8,038;0,156624368909163
352;8,042;0,17314458631946
353;8,046;0,146034485953844
354;8,050;0,151647123920163
355;8,054;0,16551987059163
356;8,059;0,164143185807439
357;8,063;0,180425130851241
358;8,067;0,156121349468785
359;8,071;0,140607170939243
360;8,075;0,151673598627551
361;8,079;0,165308072932524
362;8,083;0,144128307021887
363;8,087;0,160039606162253
364;8,091;0,141269038623951
365;8,096;0,141930906308658
366;8,100;0,151435326261056
367;8,104;0,177274640672034
368;8,108;0,176665722402103
369;8,112;0,211930032643314
370;8,116;0,198719153656554
371;8,120;0,216986701754479
372;8,124;0,242561269091573
373;8,129;0,295272411501672
374;8,133;0,287541796944289
375;8,137;0,304512084380187
376;8,141;0,301388068908368
377;8,145;0,310018823516953
378;8,149;0,277375509307183
379;8,153;0,266891525181418
380;8,157;0,30509452794273
381;8,162;0,268585906454269
382;8,166;0,231865487306702
383;8,170;0,208753067756719
384;8,174;0,220031293104133
385;8,178;0,177195216549869
386;8,182;0,17314458631946
387;8,186;0,172323870390423
388;8,190;0,157736306619471
389;8,195;0,169782298481146
390;8,199;0,157895154863801
391;8,203;0,142963419896802
392;8,207;0,156942065397822
393;8,211;0,146087435368621
394;8,215;0,127793412563308
395;8,219;0,130943902742515
396;8,223;0,133432525237015
397;8,228;0,138224447274297
398;8,232;0,119030284417781
399;8,236;0,163587216952285
400;8,240;0,129673116787877
401;8,244;0,144048882899722
402;8,248;0,132400011648871
403;8,252;0,141136665087009
404;8,256;0,13584172360935
405;8,260;0,132373536941483
406;8,265;0,15122352860195
407;8,269;0,154903512928923
408;8,273;0,138806890836839
409;8,277;0,141083715672233
410;8,281;0,124775295921042
411;8,285;0,144101832314498
412;8,289;0,141083715672233
413;8,293;0,13054678213169
414;8,298;0,151408851553668
415;8,302;0,152441365141812
416;8,306;0,119930424468984
417;8,310;0,137509630174812
418;8,314;0,141983855723435
419;8,318;0,147570018982365
420;8,322;0,128349381418462
421;8,326;0,145425567683913
422;8,331;0,131658719841999
423;8,335;0,131049801572068
424;8,339;0,153791575218615
425;8,343;0,128428805540627
426;8,347;0,146299233027727
427;8,351;0,140527746817078
428;8,355;0,131076276279456
429;8,359;0,124192852358499
430;8,364;0,143837085240615
431;8,368;0,117044681363659
432;8,372;0,117150580193212
433;8,376;0,130943902742515
434;8,380;0,133617848188733
435;8,384;0,128958299688393
436;8,388;0,129143622640111
437;8,392;0,134968058265536
438;8,397;0,124934144165372
439;8,401;0,124722346506265
440;8,405;0,139971777961924
441;8,409;0,153844524633391
442;8,413;0,127952260807637
443;8,417;0,11998337388376
444;8,421;0,123610408795957
445;8,425;0,130255560350419
446;8,429;0,14298989460419
447;8,434;0,122683794037366
448;8,438;0,125701910679632
449;8,442;0,137774377248695
450;8,446;0,117997770829638
451;8,450;0,126893272512106
452;8,454;0,129646642080488
453;8,458;0,136450641879281
454;8,462;0,116276914849399
455;8,467;0,123795731747675
456;8,471;0,113497070573627
457;8,475;0,134412089410382
458;8,479;0,127634564318978
459;8,483;0,149290874962604
460;8,487;0,120062798005925
461;8,491;0,11905675912517
462;8,495;0,118209568488744
463;8,500;0,122763218159531
464;8,504;0,107699109655591
465;8,508;0,110876074542186
466;8,512;0,115932743653351
467;8,516;0,117733023755755
468;8,520;0,123266237599909
469;8,524;0,118341942025686
470;8,528;0,125251840654031
471;8,533;0,105792930723633
472;8,537;0,108228603803356
473;8,541;0,11656813663067
474;8,545;0,114423685332218
475;8,549;0,109499389757995
476;8,553;0,137271357808318
477;8,557;0,101001008686351
478;8,561;0,129673116787877
479;8,566;0,128455280248015
480;8,570;0,11407951413617
481;8,574;0,12604608187568
482;8,578;0,122657319329978
483;8,582;0,107037241970883
484;8,586;0,103066035862639
485;8,590;0,11889791088084
486;8,594;0,124695871798877
487;8,598;0,104866315965043
488;8,603;0,112199809911601
489;8,607;0,118183093781356
490;8,611;0,126787373682552
491;8,615;0,142936945189413
492;8,619;0,134650361776876
493;8,623;0,132373536941483
494;8,627;0,122577895207813
495;8,631;0,126522626608669
496;8,636;0,133008929918802
497;8,640;0,125410688898361
498;8,644;0,131367498060728
499;8,648;0,122445521670872
500;8,652;0,129567217958324
501;8,656;0,123901630577228
502;8,660;0,119665677395101
503;8,664;0,128720027321898
504;8,669;0,147066999541988
505;8,673;0,121730704571388
506;8,677;0,0984064873622984
507;8,681;0,135576976535467
508;8,685;0,129593692665712
509;8,689;0,127052120756435
510;8,693;0,131632245134611
511;8,697;0,126416727779116
512;8,702;0,116012167775516
513;8,706;0,120009848591148
514;8,710;0,121571856327058
515;8,714;0,11564152187208
516;8,718;0,12231314813393
517;8,722;0,122657319329978
518;8,726;0,119692152102489
519;8,730;0,116435763093728
520;8,735;0,115191451846478
521;8,739;0,104839841257654
522;8,743;0,11066427688308
523;8,747;0,123583934088568
524;8,751;0,101689351078447
525;8,755;0,113629444110569
526;8,759;0,0959708142825751
527;8,763;0,114900230065207
528;8,767;0,103886751791676
529;8,772;0,121360058667952
530;8,776;0,101159856930681
531;8,780;0,111802689300777
532;8,784;0,124139902943723
533;8,788;0,119109708539946
534;8,792;0,120089272713313
535;8,796;0,121280634545787
536;8,800;0,124881194750595
537;8,805;0,12247199637826
538;8,809;0,112649879937202
539;8,813;0,104945740087208
540;8,817;0,112146860496824
541;8,821;0,102721864666591
542;8,825;0,110108308027926
543;8,829;0,086492869037565
544;8,833;0,0976916702628144
545;8,838;0,114185412965723
546;8,842;0,126840323097329
547;8,846;0,119903949761595
548;8,850;0,0978240437997559
549;8,854;0,0880813514808628
550;8,858;0,105184012453702
551;8,862;0,10910226914717
552;8,866;0,103013086447862
553;8,871;0,105104588331537
554;8,875;0,103992650621229
555;8,879;0,113735342940122
556;8,883;0,107778533777755
557;8,887;0,0915230634413413
558;8,891;0,0914701140265647
559;8,895;0,0973210243593783
560;8,899;0,0988300826805112
561;8,904;0,117256479022766
562;8,908;0,0889550168246765
563;8,912;0,123319187014686
564;8,916;0,107169615507825
565;8,920;0,119559778565547
566;8,924;0,100736261612469
567;8,928;0,118315467318297
568;8,932;0,103092510570027
569;8,936;0,102880712910921
570;8,941;0,117124105485824
571;8,945;0,0972416002372134
572;8,949;0,0863340207932352
573;8,953;0,101053958101128
574;8,957;0,103489631180851
575;8,961;0,105236961868479
576;8,965;0,100047919220373
577;8,969;0,113047000548026
578;8,974;0,0903052269014797
579;8,978;0,104098549450782
580;8,982;0,102563016422261
581;8,986;0,114450160039606
582;8,990;0,0924232034925434
583;8,994;0,0881078261882511
584;8,998;0,0994919503652186
585;9,002;0,113841241769675
586;9,007;0,0957854913308571
587;9,011;0,099174253876559
588;9,015;0,100524463953362
589;9,019;0,105607607771915
590;9,023;0,0939587365210646
591;9,027;0,0891932891911712
592;9,031;0,0904640751458095
593;9,035;0,086942939063166
594;9,040;0,100100868635149
595;9,044;0,0942234835949476
596;9,048;0,0939852112284529
597;9,052;0,109287592098888
598;9,056;0,113973615306617
599;9,060;0,103595530010405
600;9,064;0,10817565438858
601;9,068;0,0950971489387614
602;9,073;0,10894342090284
603;9,077;0,102059996981883
604;9,081;0,0959708142825751
605;9,085;0,100524463953362
606;9,089;0,0950177248165965
607;9,093;0,10303956115525
608;9,097;0,0806684334121397
609;9,101;0,0888755927025117
610;9,105;0,0981417402884155
611;9,110;0,0911524175379052
612;9,114;0,108652199121569
613;9,118;0,0931644952994157
614;9,122;0,104469195354218
615;9,126;0,0923173046629902
616;9,130;0,0824422388071556
617;9,134;0,0817009470002833
618;9,138;0,0998361215612664
619;9,143;0,0909141451714105
620;9,147;0,0848249624721023
621;9,151;0,0978240437997559
622;9,155;0,097744619677591
623;9,159;0,101477553419341
624;9,163;0,110161257442702
625;9,167;0,100259716879479
626;9,171;0,0947529777427135
627;9,176;0,0997831721464899
628;9,180;0,0821774917332726
629;9,184;0,0897757327537137
630;9,188;0,0986182850214048
631;9,192;0,104177973572947
632;9,196;0,0758235619600814
633;9,200;0,088187250310416
634;9,204;0,091046518708352
635;9,209;0,0914701140265647
636;9,213;0,0999949698055962
637;9,217;0,100524463953362
638;9,221;0,08765775616265
639;9,225;0,0854603554494214
640;9,229;0,0888755927025117
641;9,233;0,0955207442569741
642;9,237;0,0848514371794906
643;9,242;0,0851956083755384
644;9,246;0,097029802578107
645;9,250;0,10568703189408
646;9,254;0,106481273115729
647;9,258;0,11749475138926
648;9,262;0,112464556985484
649;9,266;0,11190858813033
650;9,270;0,152970859289578
651;9,274;0,150217489721195
652;9,279;0,157259761886482
653;9,283;0,148020089007966
654;9,287;0,147014050127211
655;9,291;0,14656398010161
656;9,295;0,157392135423423
657;9,299;0,153579777559509
658;9,303;0,157815730741636
659;9,307;0,145213770024807
660;9,312;0,134862159435983
661;9,316;0,13102332686468
662;9,320;0,138700992007286
663;9,324;0,117627124926202
664;9,328;0,122366097548707
665;9,332;0,0979564173366974
666;9,336;0,0916819116856711
667;9,340;0,117521226096649
668;9,345;0,092926222932921
669;9,349;0,106084152504904
670;9,353;0,0978769932145325
671;9,357;0,104230922987724
672;9,361;0,0949647754018199
673;9,365;0,0951236236461497
674;9,369;0,105025164209373
675;9,373;0,104336821817277
676;9,378;0,0919731334669424
677;9,382;0,0928997482255327
678;9,386;0,0807743322416929
679;9,390;0,0822569158554375
680;9,394;0,0909141451714105
681;9,398;0,0779150638437569
682;9,402;0,095864915453022
683;9,406;0,0909141451714105
684;9,411;0,0959178648677985
685;9,415;0,0989359815100644
686;9,419;0,0823363399776024
687;9,423;0,0948059271574901
688;9,427;0,0846661142277725
689;9,431;0,0877371802848149
690;9,435;0,102218845226213
691;9,439;0,0822833905628258
692;9,443;0,101504028126729
693;9,448;0,095864915453022
694;9,452;0,0945411800836071
695;9,456;0,0851956083755384
696;9,460;0,0938793123988997
697;9,464;0,085248557790315
698;9,468;0,083554176517464
699;9,472;0,0812508769746822
700;9,476;0,0859898495971873
701;9,481;0,103833802376899
702;9,485;0,0917083863930594
703;9,489;0,0838983477135119
704;9,493;0,0923173046629902
705;9,497;0,105078113624149
706;9,501;0,0882666744325808
707;9,505;0,0926879505664264
708;9,509;0,0714552352410125
709;9,514;0,0847455383499374
710;9,518;0,0870753126001075
711;9,522;0,0871547367222724
712;9,526;0,0789740521392887
713;9,530;0,0803507369234802
714;9,534;0,0725142235365444
715;9,538;0,0971357014076602
716;9,542;0,0766707525965069
717;9,547;0,0885049467990755
718;9,551;0,0734937877099113
719;9,555;0,0752940678123155
720;9,559;0,0870753126001075
721;9,563;0,0824422388071556
722;9,567;0,0790270015540653
723;9,571;0,0948588765722667
724;9,575;0,0732025659286401
725;9,580;0,0948588765722667
726;9,584;0,0846131648129959
727;9,588;0,0785769315284643
728;9,592;0,0687548150874062
729;9,596;0,0846396395203842
730;9,600;0,0950706742313731
731;9,604;0,0878430791143681
732;9,608;0,079715343946161
733;9,612;0,0708198422636934
734;9,617;0,0786298809432409
735;9,621;0,0750822701532091
736;9,625;0,0807213828269163
737;9,629;0,0784975074062994
738;9,633;0,09247615290732
739;9,637;0,0873665343813788
740;9,641;0,0846396395203842
741;9,645;0,086492869037565
742;9,650;0,0743939277611134
743;9,654;0,0895904098019957
744;9,658;0,0819392193667779
745;9,662;0,0794241221648898
746;9,666;0,086228121963682
747;9,670;0,086678191989283
748;9,674;0,0658425972746936
749;9,678;0,0664250408372361
750;9,683;0,0768031261334484
751;9,687;0,0784180832841345
752;9,691;0,0663720914224595
753;9,695;0,0692843092351722
754;9,699;0,0821510170258843
755;9,703;0,0660014455190234
756;9,707;0,0833159041509694
757;9,711;0,0931644952994157
758;9,716;0,0838453982987353
759;9,720;0,0669545349850021
760;9,724;0,0840042465430651
761;9,728;0,0860957484267405
762;9,732;0,0812508769746822
763;9,736;0,079000526846677
764;9,740;0,0688871886243477
765;9,744;0,0961031878195166
766;9,749;0,0860163243045756
767;9,753;0,0958913901604102
768;9,757;0,0895639350946074
769;9,761;0,0972416002372134
770;9,765;0,120459918616749
771;9,769;0,16303124809713
772;9,773;0,28690640396697
773;9,777;0,457006398936776
774;9,781;0,683418096521488
775;9,786;1,13910076008885
776;9,790;1,70465345931764
777;9,794;2,40212962546231
778;9,798;3,2615515767012
779;9,802;4,12235021272427
780;9,806;5,08354093916377
781;9,810;5,78893304281754
782;9,814;6,35022331415682
783;9,819;6,76341407236597
784;9,823;6,71250321005827
785;9,827;6,51259269456924
786;9,831;6,01012922304676
787;9,835;5,57541452773093
788;9,839;5,05081820083184
789;9,843;4,10707430656123
790;9,847;3,48751320426031
791;9,852;2,86416621880287
792;9,856;2,37120716723278
793;9,860;1,95404520291539
794;9,864;1,63375419293178
795;9,868;1,3339810811741
796;9,872;1,06571287120849
797;9,876;0,889100098221164
798;9,880;0,814547322215721
799;9,885;0,670922034634212
800;9,889;0,559913586555085
801;9,893;0,512179689133986
802;9,897;0,433655707020298
803;9,901;0,388119210312428
804;9,905;0,343721126022255
805;9,909;0,319152597565915
806;9,913;0,297999306362666
807;9,918;0,299428940561634
808;9,922;0,253018778509951
809;9,926;0,229509238349143
810;9,930;0,239225455960648
811;9,934;0,187070282405704
812;9,938;0,198374982460506
813;9,942;0,17065596382496
814;9,946;0,200757706125453
815;9,951;0,176003854717396
816;9,955;0,181801815635433
817;9,959;0,165069800566029
818;9,963;0,157498034252976
819;9,967;0,155459481784078
820;9,971;0,147834766056248
821;9,975;0,138886314959004
822;9,979;0,143307591092849
823;9,983;0,14531966885436
824;9,988;0,109499389757995
825;9,992;0,111723265178612
826;9,996;0,114714907113489
827;10,000;0,11733590314493
828;10,004;0,109922985076207
829;10,008;0,129805490324818
830;10,012;0,112146860496824
831;10,016;0,0950441995239848
832;10,021;0,0926085264442615
833;10,025;0,0905434992679743
834;10,029;0,109287592098888
835;10,033;0,106454798408341
836;10,037;0,084533740690831
837;10,041;0,104204448280335
838;10,045;0,0959972889899634
839;10,049;0,0944882306688305
840;10,054;0,101848199322777
841;10,058;0,0869958884779426
842;10,062;0,0986182850214048
843;10,066;0,0844013671538895
844;10,070;0,106375374286176
845;10,074;0,0983800126549101
846;10,078;0,0906493980975275
847;10,082;0,0714552352410125
848;10,087;0,0894845109724425
849;10,091;0,0949912501092082
850;10,095;0,073281990050805
851;10,099;0,0705815698971987
852;10,103;0,107037241970883
853;10,107;0,0761677331561293
854;10,111;0,103648479425181
855;10,115;0,0900934292423733
856;10,120;0,0962090866490698
857;10,124;0,079530020994443
858;10,128;0,0934027676659104
859;10,132;0,0940116859358412
860;10,136;0,073017242976922
861;10,140;0,0777562155994271
862;10,144;0,0986447597287931
863;10,148;0,0627185818028746
864;10,152;0,0811185034377408
865;10,157;0,0787357797727941
866;10,161;0,0787357797727941
867;10,165;0,0670604338145553
868;10,169;0,0842425189095597
869;10,173;0,0698667527977147
870;10,177;0,0836071259322406
871;10,181;0,0854074060346448
872;10,185;0,083818923591347
873;10,190;0,0674575544253797
874;10,194;0,0752411183975389
875;10,198;0,0780739120880866
876;10,202;0,0639893677575129
877;10,206;0,067748776206651
878;10,210;0,0682782703544169
879;10,214;0,0712699122892944
880;10,218;0,071587608777954
881;10,223;0,0680929474026988
882;10,227;0,061950815288614
883;10,231;0,0759559354970229
884;10,235;0,0705021457750338
885;10,239;0,0627185818028746
886;10,243;0,0659749708116351
887;10,247;0,0740497565650656
888;10,251;0,0604947063822577
889;10,256;0,0573177414956621
890;10,260;0,0808272816564695
891;10,264;0,0836336006396289
892;10,268;0,0780474373806983
893;10,272;0,0682782703544169
894;10,276;0,0665574143741776
895;10,280;0,0577942862286515
896;10,284;0,0835012271026875
897;10,289;0,0561793290779654
898;10,293;0,0824422388071556
899;10,297;0,0753734919344804
900;10,301;0,0571059438365557
901;10,305;0,0526581929953219
902;10,309;0,0848249624721023
903;10,313;0,0704227216528689
904;10,317;0,0733084647581933
905;10,321;0,0618713911664491
906;10,326;0,0788946280171238
907;10,330;0,0679605738657574
908;10,334;0,0757176631305282
909;10,338;0,0717199823148955
910;10,342;0,0779680132585335
911;10,346;0,0696549551386083
912;10,350;0,0827069858810385
913;10,354;0,100074393927761
914;10,359;0,0915495381487296
915;10,363;0,0983005885327452
916;10,367;0,0901199039497616
917;10,371;0,107752059070367
918;10,375;0,105475234234974
919;10,379;0,0841101453726183
920;10,383;0,101265755760234
921;10,387;0,0895109856798308
922;10,392;0,102483592300096
923;10,396;0,0699991263346562
924;10,400;0,0828923088327566
925;10,404;0,0880548767734745
926;10,408;0,0810390793155759
927;10,412;0,0786298809432409
928;10,416;0,0827599352958151
929;10,420;0,0702109239937626
930;10,425;0,0593033445497844
931;10,429;0,0609977258226353
932;10,433;0,0670604338145553
933;10,437;0,088372573262134
934;10,441;0,0612095234817417
935;10,445;0,0629039047545927
936;10,449;0,0700520757494328
937;10,453;0,0587473756946301
938;10,458;0,0641482160018426
939;10,462;0,0599916869418801
940;10,466;0,0703697722380923
941;10,470;0,0727789706104273
942;10,474;0,0724083247069912
943;10,478;0,060256434015763
944;10,482;0,0766707525965069
945;10,486;0,0658690719820819
946;10,490;0,0745792507128315
947;10,495;0,06123599818913
948;10,499;0,0597798892827737
949;10,503;0,0496665510604444
950;10,507;0,0613948464334598
951;10,511;0,0643335389535607
952;10,515;0,0621890876551087
953;10,519;0,0692313598203956
954;10,523;0,0653131031269277
955;10,528;0,0535848077539123
956;10,532;0,0557557337597526
957;10,536;0,066504464959401
958;10,540;0,0625067841437683
959;10,544;0,0649689319308798
960;10,548;0,0801124645569855
961;10,552;0,0962090866490698
962;10,556;0,119136183247335
963;10,561;0,148125987837519
964;10,565;0,206476242921325
965;10,569;0,211930032643314
966;10,573;0,220904958447947
967;10,577;0,215186421652075
968;10,581;0,20173727029882
969;10,585;0,146034485953844
970;10,589;0,139389334399382
971;10,594;0,112702829351979
972;10,598;0,113020525840638
973;10,602;0,0904111257310329
974;10,606;0,0968709543337772
975;10,610;0,0800330404348206
976;10,614;0,0652601537121511
977;10,618;0,0629833288767576
978;10,622;0,077835639721592
979;10,627;0,0727260211956507
980;10,631;0,0750822701532091
981;10,635;0,05641760144446
982;10,639;0,0636981459762416
983;10,643;0,0714552352410125
984;10,647;0,0674310797179914
985;10,651;0,0454835472930935
986;10,655;0,0534259595095825
987;10,659;0,0537436559982421
988;10,664;0,0768296008408367
989;10,668;0,0560734302484122
990;10,672;0,0568411967626728
991;10,676;0,0535848077539123
992;10,680;0,0552791890267633
993;10,684;0,0654190019564809
994;10,688;0,0440009636793489
995;10,692;0,0661867684707415
996;10,697;0,0473367768102743
997;10,701;0,0752411183975389
998;10,705;0,0579796091803695
999;10,709;0,0534789089243591
1000;10,713;0,0607594534561407
1001;10,717;0,079715343946161
1002;10,721;0,0740232818576773
1003;10,725;0,0737055853690177
1004;10,730;0,0696814298459966
1005;10,734;0,0637775700984065
1006;10,738;0,0584561539133589
1007;10,742;0,0597534145753854
1008;10,746;0,0500901463786571
1009;10,750;0,0713758111188476
1010;10,754;0,0575560138621568
1011;10,758;0,0634863483171352
1012;10,763;0,0645188619052788
1013;10,767;0,0596739904532205
1014;10,771;0,0590385974759014
1015;10,775;0,0628509553398161
1016;10,779;0,0623744106068268
1017;10,783;0,059091546890678
1018;10,787;0,0687548150874062
1019;10,791;0,0658690719820819
1020;10,796;0,052578768873157
1021;10,800;0,0477074227137105
1022;10,804;0,0503019440377635
1023;10,808;0,0766707525965069
1024;10,812;0,0446628313640563
1025;10,816;0,0545908466346676
1026;10,820;0,0566293991035664
1027;10,824;0,0564440761518483
1028;10,828;0,0536907065834655
1029;10,833;0,0571853679587206
1030;10,837;0,0551997649045984
1031;10,841;0,0472573526881094
1032;10,845;0,0621626129477204
1033;10,849;0,0616066440925662
1034;10,853;0,0495871269382795
1035;10,857;0,0482104421540881
1036;10,861;0,053108263020923
1037;10,866;0,0592239204276195
1038;10,870;0,0446098819492798
1039;10,874;0,0644394377831139
1040;10,878;0,0603623328453162
1041;10,882;0,0504872669894816
1042;10,886;0,0561263796631888
1043;10,890;0,0679605738657574
1044;10,894;0,0530023641913698
1045;10,899;0,0639893677575129
1046;10,903;0,0598593134049386
1047;10,907;0,0644394377831139
1048;10,911;0,0593827686719493
1049;10,915;0,0536377571686889
1050;10,919;0,0705286204824221
1051;10,923;0,0627185818028746
1052;10,927;0,06248030943638
1053;10,932;0,0820451181963311
1054;10,936;0,0754793907640336
1055;10,940;0,0587738504020184
1056;10,944;0,0756647137157517
1057;10,948;0,0680399979879222
1058;10,952;0,0692578345277839
1059;10,956;0,0695225816016669
1060;10,960;0,0488723098387955
1061;10,965;0,0594621927941141
1062;10,969;0,0517051035293432
1063;10,973;0,0646512354422203
1064;10,977;0,0656837490303638
1065;10,981;0,05766191269171
1066;10,985;0,0705550951898104
1067;10,989;0,0651542548825979
1068;10,993;0,0501430957934337
1069;10,997;0,0641482160018426
1070;11,002;0,0530817883135347
1071;11,006;0,079715343946161
1072;11,010;0,0871547367222724
1073;11,014;0,0797682933609376
1074;11,018;0,0996772733169367
1075;11,022;0,0872871102592139
1076;11,026;0,0844807912760544
1077;11,030;0,0941970088875593
1078;11,035;0,103595530010405
1079;11,039;0,117362377852319
1080;11,043;0,100656837490304
1081;11,047;0,10303956115525
1082;11,051;0,0993860515356654
1083;11,055;0,135312229461584
1084;11,059;0,151408851553668
1085;11,063;0,175553784691795
1086;11,068;0,179630889629592
1087;11,072;0,201287200273219
1088;11,076;0,189002936045049
1089;11,080;0,213041970353623
1090;11,084;0,243832055046212
1091;11,088;0,217145549998809
1092;11,092;0,232368506747079
1093;11,096;0,213200818597952
1094;11,101;0,225723355192617
1095;11,105;0,176639247694715
1096;11,109;0,169755823773758
1097;11,113;0,151435326261056
1098;11,117;0,117574175511425
1099;11,121;0,10894342090284
1100;11,125;0,0819127446593896
1101;11,129;0,0783386591619696
1102;11,134;0,0649159825161032
1103;11,138;0,0696020057238317
1104;11,142;0,0660543949338
1105;11,146;0,0728583947325922
1106;11,150;0,0465690102960137
1107;11,154;0,0585885274503004
1108;11,158;0,0748969472014911
1109;11,162;0,0811185034377408
1110;11,166;0,0513079829185188
1111;11,171;0,0520228000180028
1112;11,175;0,0513874070406837
1113;11,179;0,0553321384415399
1114;11,183;0,0460924655630244
1115;11,187;0,0454041231709287
1116;11,191;0,0613154223112949
1117;11,195;0,0592503951350078
1118;11,199;0,0555439361006463
1119;11,204;0,0666103637889542
1120;11,208;0,0491900063274551
1121;11,212;0,0504872669894816
1122;11,216;0,0596475157458322
1123;11,220;0,0590121227685131
1124;11,224;0,0540878271942899
1125;11,228;0,0577942862286515
1126;11,232;0,0483692903984179
1127;11,237;0,0550938660750452
1128;11,241;0,0528170412396517
1129;11,245;0,0663720914224595
1130;11,249;0,0466219597107903
1131;11,253;0,0550144419528803
1132;11,257;0,053558333046524
1133;11,261;0,0654719513712575
1134;11,265;0,0620567141181672
1135;11,270;0,0562058037853537
1136;11,274;0,0607594534561407
1137;11,278;0,050699064648588
1138;11,282;0,0736791106616294
1139;11,286;0,0399768081563279
1140;11,290;0,0633010253654172
1141;11,294;0,0502754693303752
1142;11,298;0,0588003251094067
1143;11,303;0,0600446363566567
1144;11,307;0,0410093217444714
1145;11,311;0,0638834689279597
1146;11,315;0,039182566934679
1147;11,319;0,0606535546265875
1148;11,323;0,0588003251094067
1149;11,327;0,0589856480611248
1150;11,331;0,0572118426661089
1151;11,335;0,0664250408372361
1152;11,340;0,0580060838877578
1153;11,344;0,0635657724393001
1154;11,348;0,0721965270478848
1155;11,352;0,0865458184523416
1156;11,356;0,0811185034377408
1157;11,360;0,0712963869966827
1158;11,364;0,0954677948421975
1159;11,368;0,0852220830829267
1160;11,373;0,0919731334669424
1161;11,377;0,0872341608444373
1162;11,381;0,0698667527977147
1163;11,385;0,0785769315284643
1164;11,389;0,0778885891363686
1165;11,393;0,0753999666418687
1166;11,397;0,0570529944217792
1167;11,401;0,0588003251094067
1168;11,406;0,0766178031817303
1169;11,410;0,0628509553398161
1170;11,414;0,0467808079551201
1171;11,418;0,0793182233353366
1172;11,422;0,0611830487743534
1173;11,426;0,0703697722380923
1174;11,430;0,0592768698423961
1175;11,434;0,0537436559982421
1176;11,439;0,0677223014992627
1177;11,443;0,0685165427209116
1178;11,447;0,0683576944765818
1179;11,451;0,0595945663310556
1180;11,455;0,0706345193119753
1181;11,459;0,0577942862286515
1182;11,463;0,0559940061262473
1183;11,467;0,0483957651058062
1184;11,472;0,0522610723844975
1185;11,476;0,0527111424100985
1186;11,480;0,0549350178307154
1187;11,484;0,0398179599119981
1188;11,488;0,0460395161482478
1189;11,492;0,0634598736097469
1190;11,496;0,0544584730977261
1191;11,500;0,0566029243961781
1192;11,504;0,0391296175199024
1193;11,509;0,0488987845461838
1194;11,513;0,0580325585951461
1195;11,517;0,0484222398131945
1196;11,521;0,0532671112652527
1197;11,525;0,0561793290779654
1198;11,529;0,0613948464334598
1199;11,533;0,0645453366126671
1200;11,537;0,0542996248533963
1201;11,542;0,0678546750362042
1202;11,546;0,0506196405264231
1203;11,550;0,0413799676479076
1204;11,554;0,0405592517188704
1205;11,558;0,0455894461226467
1206;11,562;0,0490311580831253
1207;11,566;0,0632480759506406
1208;11,570;0,0510167611372475
1209;11,575;0,0471779285659445
1210;11,579;0,0463042632221307
1211;11,583;0,037673508613546
1212;11,587;0,0716670329001189
1213;11,591;0,0702373987011509
1214;11,595;0,0563117026149069
1215;11,599;0,0433390959946415
1216;11,603;0,0640158424649012
1217;11,608;0,0464366367590722
1218;11,612;0,0802977875087036
1219;11,616;0,0653925272490926
1220;11,620;0,0568941461774494
1221;11,624;0,047045555029003
1222;11,628;0,0488193604240189
1223;11,632;0,04926943044962
1224;11,636;0,0517315782367315
1225;11,641;0,0489782086683487
1226;11,645;0,0464895861738488
1227;11,649;0,0572383173734972
1228;11,653;0,0548820684159388
1229;11,657;0,0401886058154342
1230;11,661;0,058111982717311
1231;11,665;0,0591180215980663
1232;11,669;0,0477868468358753
1233;11,673;0,0443716095827851
1234;11,678;0,0656837490303638
1235;11,682;0,0636981459762416
1236;11,686;0,0548026442937739
1237;11,690;0,0842954683243363
1238;11,694;0,0739703324429007
1239;11,698;0,0882931491399691
1240;11,702;0,0872871102592139
1241;11,706;0,0978505185071442
1242;11,711;0,0876048067478734
1243;11,715;0,0893256627281127
1244;11,719;0,0756382390083634
1245;11,723;0,0986712344361814
1246;11,727;0,0642541148313958
1247;11,731;0,0833159041509694
1248;11,735;0,0752940678123155
1249;11,739;0,0657366984451404
1250;11,744;0,0589591733537365
1251;11,748;0,0674046050106031
1252;11,752;0,0710051652154115
1253;11,756;0,0602034846009864
1254;11,760;0,0595680916236673
1255;11,764;0,0648895078087149
1256;11,768;0,0425448547729926
1257;11,772;0,0473367768102743
1258;11,777;0,0416182400144022
1259;11,781;0,0594092433793375
1260;11,785;0,0460924655630244
1261;11,789;0,052393445921439
1262;11,793;0,047310302102886
1263;11,797;0,0576089632769334
1264;11,801;0,0613948464334598
1265;11,805;0,0504872669894816
1266;11,810;0,0491635316200668
1267;11,814;0,0597269398679971
1268;11,818;0,0528699906544283
1269;11,822;0,0531347377283113
1270;11,826;0,0520228000180028
1271;11,830;0,0432861465798649
1272;11,834;0,0421742088695565
1273;11,838;0,0445569325345032
1274;11,842;0,0512550335037422
1275;11,847;0,0586944262798535
1276;11,851;0,0555968855154228
1277;11,855;0,052393445921439
1278;11,859;0,0493488545717848
1279;11,863;0,0477868468358753
1280;11,867;0,0595945663310556
1281;11,871;0,040347454059764
1282;11,875;0,0611565740669651
1283;11,880;0,0433655707020298
1284;11,884;0,0506725899411997
1285;11,888;0,0568941461774494
1286;11,892;0,0607594534561407
1287;11,896;0,0778091650142037
1288;11,900;0,0635392977319118
1289;11,904;0,0353437343633759
1290;11,908;0,0491370569126785
1291;11,913;0,0447687301936095
1292;11,917;0,0450070025601042
1293;11,921;0,0498518740121625
1294;11,925;0,058641476865077
1295;11,929;0,0679340991583691
1296;11,933;0,0629833288767576
1297;11,937;0,0436038430685245
1298;11,941;0,0567352979331196
1299;11,946;0,0441598119236787
1300;11,950;0,0548820684159388
1301;11,954;0,0639628930501246
1302;11,958;0,0621890876551087
1303;11,962;0,0743939277611134
1304;11,966;0,0730701923916986
1305;11,970;0,0522875470918858
1306;11,974;0,063380449487582
1307;11,979;0,0892727133133361
1308;11,983;0,0851161842533735
1309;11,987;0,0843484177391129
1310;11,991;0,0931115458846391
1311;11,995;0,0904376004384212
1312;11,999;0,075161694275374
1313;12,003;0,0849573360090438
1314;12,007;0,0772267214516612
1315;12,011;0,0565235002740132
1316;12,016;0,0932968688363572
1317;12,020;0,0846396395203842
1318;12,024;0,0683312197691935
1319;12,028;0,0808008069490812
1320;12,032;0,0467013838329552
1321;12,036;0,0800330404348206
1322;12,040;0,0667427373258957
1323;12,044;0,0664250408372361
1324;12,049;0,0549350178307154
1325;12,053;0,0602829087231513
1326;12,057;0,0484751892279711
1327;12,061;0,0585620527429121
1328;12,065;0,0516256794071784
1329;12,069;0,0525258194583804
1330;12,073;0,0496400763530561
1331;12,077;0,0670869085219436
1332;12,082;0,0467013838329552
1333;12,086;0,0500107222564923
1334;12,090;0,0588532745241833
1335;12,094;0,0691519356982307
1336;12,098;0,0544584730977261
1337;12,102;0,0645453366126671
1338;12,106;0,0542466754386197
1339;12,110;0,0482633915688647
1340;12,115;0,0493753292791731
1341;12,119;0,0514933058702369
1342;12,123;0,0469131814920616
1343;12,127;0,0519169011884496
1344;12,131;0,0453511737561521
1345;12,135;0,0592768698423961
1346;12,139;0,0651542548825979
1347;12,143;0,0516786288219549
1348;12,148;0,0655513754934224
1349;12,152;0,0561263796631888
1350;12,156;0,0853809313272565
1351;12,160;0,113073475255415
1352;12,164;0,155088835880641
1353;12,168;0,351160518798366
1354;12,172;0,665812416108271
1355;12,176;1,22355507665752
1356;12,180;2,25969569971328
1357;12,185;3,94377831139021
1358;12,189;6,39655405208634
1359;12,193;9,82224881459498
1360;12,197;13,7839240281797
1361;12,201;18,305751100686
1362;12,205;23,2966040892833
1363;12,209;27,5950111061398
1364;12,213;30,9041642067251
1365;12,218;32,7174963398717
1366;12,222;32,8397565385909
1367;12,226;31,212409224847
1368;12,230;28,4962630950521
1369;12,234;24,8832862524787
1370;12,238;21,1958625327294
1371;12,242;17,0873056425544
1372;12,246;13,4723961463416
1373;12,251;10,5728861931753
1374;12,255;8,52276427714783
1375;12,259;6,66397507141552
1376;12,263;5,29269112753131
1377;12,267;4,17506135513437
1378;12,271;3,5269075688541
1379;12,275;2,88547835825045
1380;12,279;2,289744492599
1381;12,284;1,96055798093292
1382;12,288;1,75540547338101
1383;12,292;1,49203508428223
1384;12,296;1,33824350906362
1385;12,300;1,20105157537746
1386;12,304;1,04042952565267
1387;12,308;0,940222758187965
1388;12,312;0,838268660035635
1389;12,317;0,783916085767462
1390;12,321;0,683841691839701
1391;12,325;0,659590859872021
1392;12,329;0,607462161024465
1393;12,333;0,54646443520183
1394;12,337;0,511756093815773
1395;12,341;0,483639954569402
1396;12,345;0,4395330920605
1397;12,349;0,41218471932839
1398;12,354;0,403262742938534
1399;12,358;0,403183318816369
1400;12,362;0,323229702503713
1401;12,366;0,329265935788245
1402;12,370;0,311104286519873
1403;12,374;0,281399664830204
1404;12,378;0,260828817189498
1405;12,382;0,279308162946529
1406;12,387;0,244838093926967
1407;12,391;0,182860803930965
1408;12,395;0,224399619823202
1409;12,399;0,202002017372703
1410;12,403;0,215954188166335
1411;12,407;0,185322951718076
1412;12,411;0,195727511721677
1413;12,415;0,154691715269817
1414;12,420;0,158424649011567
1415;12,424;0,172932788660353
1416;12,428;0,156491995372221
1417;12,432;0,155909551809679
1418;12,436;0,159668960258817
1419;12,440;0,197501317116693
1420;12,444;0,145531466513466
1421;12,448;0,167187777157093
1422;12,453;0,161733987435104
1423;12,457;0,143784135825839
1424;12,461;0,15463876585504
1425;12,465;0,158821769622391
1426;12,469;0,147675917811918
1427;12,473;0,134968058265536
1428;12,477;0,134570937654712
1429;12,481;0,138092073737355
1430;12,486;0,116594611338058
1431;12,490;0,13724488310093
1432;12,494;0,113126424670191
1433;12,498;0,117256479022766
1434;12,502;0,112543981107649
1435;12,506;0,120909988642351
1436;12,510;0,0751352195679857
1437;12,514;0,0895904098019957
1438;12,518;0,0880813514808628
1439;12,523;0,0989359815100644
1440;12,527;0,0979299426293091
1441;12,531;0,0924496781999317
1442;12,535;0,0830776317844747
1443;12,539;0,0732290406360284
1444;12,543;0,0709257410932466
1445;12,547;0,0834482776879109
1446;12,551;0,0779150638437569
1447;12,556;0,0810920287303525
1448;12,560;0,0783386591619696
1449;12,564;0,097744619677591
1450;12,568;0,0634863483171352
1451;12,572;0,0742615542241719
1452;12,576;0,0863604955006235
1453;12,580;0,0690989862834541
1454;12,584;0,0863604955006235
1455;12,589;0,07569118842314
1456;12,593;0,0766442778891186
1457;12,597;0,0864663943301767
1458;12,601;0,0687812897947945
1459;12,605;0,0641217412944543
1460;12,609;0,0553321384415399
1461;12,613;0,0481045433245349
1462;12,617;0,0632745506580289
1463;12,622;0,0742880289315602
1464;12,626;0,073996807150289
1465;12,630;0,0713493364114593
1466;12,634;0,0921849311260487
1467;12,638;0,0874724332109319
1468;12,642;0,0421477341621682
1469;12,646;0,0750822701532091
1470;12,650;0,0878430791143681
1471;12,655;0,0823628146849907
1472;12,659;0,0579001850582046
1473;12,663;0,066769212033284
1474;12,667;0,0835277018100757
1475;12,671;0,0722494764626614
1476;12,675;0,0880284020660862
1477;12,679;0,0634069241949703
1478;12,683;0,07087279167847
1479;12,687;0,071058114630188
1480;12,692;0,0707933675563051
1481;12,696;0,0641482160018426
1482;12,700;0,0959972889899634
1483;12,704;0,0887696938729585
1484;12,708;0,0844807912760544
1485;12,712;0,0871547367222724
1486;12,716;0,0811449781451291
1487;12,720;0,0914701140265647
1488;12,725;0,106587171945282
1489;12,729;0,10055093866075
1490;12,733;0,0794505968722781
1491;12,737;0,0980887908736389
1492;12,741;0,0891932891911712
1493;12,745;0,082389289392379
1494;12,749;0,0701050251642094
1495;12,753;0,0497989245973859
1496;12,758;0,0688342392095711
1497;12,762;0,0551732901972101
1498;12,766;0,0656837490303638
1499;12,770;0,067748776206651
1500;12,774;0,0719053052666135
1501;12,778;0,0597798892827737
1502;12,782;0,0568941461774494
1503;12,786;0,0618184417516725
1504;12,791;0,0484751892279711
1505;12,795;0,0620037647033906
1506;12,799;0,0562852279075186
1507;12,803;0,0621626129477204
1508;12,807;0,0748439977867145
1509;12,811;0,0437891660202426
1510;12,815;0,0481839674466998
1511;12,819;0,0803507369234802
1512;12,824;0,0420947847473916
1513;12,828;0,0496400763530561
1514;12,832;0,0418035629661203
1515;12,836;0,0458012437817531
1516;12,840;0,0511756093815773
1517;12,844;0,0496665510604444
1518;12,848;0,0434979442389713
1519;12,852;0,0512020840889656
1520;12,856;0,0506725899411997
1521;12,861;0,0543790489755612
1522;12,865;0,0869694137705543
1523;12,869;0,0681194221100871
1524;12,873;0,0694166827721137
1525;12,877;0,0677223014992627
1526;12,881;0,0687018656726296
1527;12,885;0,0871282620148841
1528;12,889;0,0604947063822577
1529;12,894;0,0856456784011395
1530;12,898;0,0798477174831025
1531;12,902;0,0733878888803581
1532;12,906;0,06962848043122
1533;12,910;0,0670074843997787
1534;12,914;0,0834482776879109
1535;12,918;0,113682393525346
1536;12,922;0,149714470280817
1537;12,927;0,161125069165173
1538;12,931;0,204967184600192
1539;12,935;0,208382421853282
1540;12,939;0,187387978894363
1541;12,943;0,176109753546949
1542;12,947;0,123795731747675
1543;12,951;0,103066035862639
1544;12,955;0,055252714319375
1545;12,960;0,0717729317296721
1546;12,964;0,0375940844913812
1547;12,968;0,0541143019016782
1548;12,972;0,0449275784379393
1549;12,976;0,0438685901424075
1550;12,980;0,0654719513712575
1551;12,984;0,0429155006764288
1552;12,988;0,0581649321320876
1553;12,993;0,0500107222564923
1554;12,997;0,0549085431233271
1555;13,001;0,067484029132768
1556;13,005;0,0673251808884382
1557;13,009;0,0550144419528803
1558;13,013;0,0672987061810499
1559;13,017;0,0295192987379507
1560;13,021;0,0482369168614764
1561;13,025;0,0380176798095939
1562;13,030;0,0634863483171352
1563;13,034;0,0352643102412111
1564;13,038;0,0402680299375991
1565;13,042;0,0559145820040824
1566;13,046;0,0445304578271149
1567;13,050;0,046330737929519
1568;13,054;0,0361909249998014
1569;13,058;0,0577413368138749
1570;13,063;0,0378588315652641
1571;13,067;0,0475485744693807
1572;13,071;0,0547232201716091
1573;13,075;0,06123599818913
1574;13,079;0,0539819283647367
1575;13,083;0,0669015855702255
1576;13,087;0,0602034846009864
1577;13,091;0,061500745263013
1578;13,096;0,0564705508592366
1579;13,100;0,0627185818028746
1580;13,104;0,0567882473478962
1581;13,108;0,0566029243961781
1582;13,112;0,0683047450618052
1583;13,116;0,0483163409836413
1584;13,120;0,0488723098387955
1585;13,124;0,068463593306135
1586;13,129;0,0617125429221194
1587;13,133;0,0504872669894816
1588;13,137;0,0805360598751982
1589;13,141;0,0588532745241833
1590;13,145;0,0452717496339872
1591;13,149;0,047575049176769
1592;13,153;0,0440803878015138
1593;13,157;0,0559410567114707
1594;13,162;0,0443716095827851
1595;13,166;0,045430597878317
1596;13,170;0,0373028627101099
1597;13,174;0,043471469531583
1598;13,178;0,0402680299375991
1599;13,182;0,0477868468358753
1600;13,186;0,0453246990487638
1601;13,190;0,0529758894839815
1602;13,194;0,0678282003288159
1603;13,199;0,0450070025601042
1604;13,203;0,0539819283647367
1605;13,207;0,051863951773673
1606;13,211;0,0454570725857052
1607;13,215;0,0570529944217792
1608;13,219;0,0409828470370831
1609;13,223;0,0560469555410239
1610;13,227;0,0392355163494555
1611;13,232;0,0515992046997901
1612;13,236;0,0505931658190348
1613;13,240;0,0677223014992627
1614;13,244;0,0666103637889542
1615;13,248;0,0609447764078588
1616;13,252;0,0486075627649125
1617;13,256;0,0695225816016669
1618;13,260;0,0464101620516839
1619;13,265;0,0626126829733214
1620;13,269;0,0751087448605974
1621;13,273;0,0609183017004705
1622;13,277;0,0661338190559649
1623;13,281;0,0776767914772622
1624;13,285;0,0983005885327452
1625;13,289;0,0896963086315489
1626;13,293;0,114000090014005
1627;13,298;0,134067918214334
1628;13,302;0,16443440758871
1629;13,306;0,197792538897964
1630;13,310;0,206820414117373
1631;13,314;0,235333673974568
1632;13,318;0,305279850894448
1633;13,322;0,416579520754847
1634;13,326;0,667321474429404
1635;13,331;1,13790939825638
1636;13,335;2,0323044379552
1637;13,339;3,47586433300946
1638;13,343;5,34775851889897
1639;13,347;7,9002909570342
1640;13,351;11,1548267362775
1641;13,355;14,2020920313778
1642;13,359;17,0505057992847
1643;13,363;19,5603345344026
1644;13,368;20,6341486660719
1645;13,372;20,8020247856211
1646;13,376;19,8243138417713
1647;13,380;17,9893518726884
1648;13,384;15,6829283144348
1649;13,388;13,0355634744347
1650;13,392;10,5643878121037
1651;13,396;8,46661142277725
1652;13,401;6,44489686777737
1653;13,405;5,20625120790853
1654;13,409;4,01454520423913
1655;13,413;3,25863935888849
1656;13,417;2,59878375194258
1657;13,421;2,07228124611153
1658;13,425;1,71611700761677
1659;13,429;1,44300392619911
1660;13,434;1,18116907012885
1661;13,438;1,07132550917481
1662;13,442;0,889470744124601
1663;13,446;0,773273253397367
1664;13,450;0,733508242900145
1665;13,454;0,624564821997305
1666;13,458;0,594992573844578
1667;13,462;0,525681789902017
1668;13,467;0,476306460622844
1669;13,471;0,432808516383873
1670;13,475;0,386954323187343
1671;13,479;0,410013793322549
1672;13,483;0,358679335696642
1673;13,487;0,316875772730522
1674;13,491;0,29762866045923
1675;13,495;0,268082887013891
1676;13,500;0,248703401205658
1677;13,504;0,233401020335223
1678;13,508;0,251218498407546
1679;13,512;0,208620694219777
1680;13,516;0,242137673773361
1681;13,520;0,218257487709117
1682;13,524;0,155380057661913
1683;13,528;0,175183138788359
1684;13,532;0,164540306418263
1685;13,537;0,167611372475306
1686;13,541;0,149237925547828
1687;13,545;0,132373536941483
1688;13,549;0,12371630762551
1689;13,553;0,115853319531186
1690;13,557;0,109314066806277
1691;13,561;0,104310347109889
1692;13,565;0,121995451645271
1693;13,570;0,114158938258335
1694;13,574;0,102827763496144
1695;13,578;0,0980887908736389
1696;13,582;0,085963374889799
1697;13,586;0,109393490928442
1698;13,590;0,0952559971830911
1699;13,594;0,0862545966710703
1700;13,598;0,0901463786571499
1701;13,603;0,102933662325697
1702;13,607;0,0849308613016555
1703;13,611;0,0823628146849907
1704;13,615;0,106348899578787
1705;13,619;0,0758235619600814
1706;13,623;0,0711904881671295
1707;13,627;0,0864663943301767
1708;13,631;0,0774649938181558
1709;13,636;0,085963374889799
1710;13,640;0,0862016472562937
1711;13,644;0,0766178031817303
1712;13,648;0,0756117643009751
1713;13,652;0,0736791106616294
1714;13,656;0,0614477958482364
1715;13,660;0,0715611340705657
1716;13,664;0,0746057254202198
1717;13,669;0,0531876871430879
1718;13,673;0,0598593134049386
1719;13,677;0,0669015855702255
1720;13,681;0,0582973056690291
1721;13,685;0,069178410405619
1722;13,689;0,0682782703544169
1723;13,693;0,0468867067846733
1724;13,697;0,0636187218540767
1725;13,701;0,0493753292791731
1726;13,706;0,0618713911664491
1727;13,710;0,0627185818028746
1728;13,714;0,0635657724393001
1729;13,718;0,0608918269930822
1730;13,722;0,0733084647581933
1731;13,726;0,0590650721832897
1732;13,730;0,0688342392095711
1733;13,734;0,0364291973662961
1734;13,739;0,0398444346193864
1735;13,743;0,0566558738109547
1736;13,747;0,0400032828637161
1737;13,751;0,049719500475221
1738;13,755;0,0381500533465354
1739;13,759;0,0479456950802051
1740;13,763;0,0617390176295076
1741;13,767;0,0472044032733328
1742;13,772;0,0468072826625084
1743;13,776;0,0492959051570083
1744;13,780;0,0746586748349964
1745;13,784;0,0607329787487524
1746;13,788;0,10211294639666
1747;13,792;0,10444272064683
1748;13,796;0,123981054699393
1749;13,800;0,127846361978084
1750;13,805;0,150085116184253
1751;13,809;0,126575576023446
1752;13,813;0,133008929918802
1753;13,817;0,127263918415542
1754;13,821;0,104072074743394
1755;13,825;0,105210487161091
1756;13,829;0,0834218029805226
1757;13,833;0,0723818499996029
1758;13,838;0,0636187218540767
1759;13,842;0,0660808696411883
1760;13,846;0,064095266587066
1761;13,850;0,0543790489755612
1762;13,854;0,0698667527977147
1763;13,858;0,0623744106068268
1764;13,862;0,0601770098935982
1765;13,866;0,0611036246521885
1766;13,870;0,0488193604240189
1767;13,875;0,0447952049009978
1768;13,879;0,0420683100400033
1769;13,883;0,0236419136977489
1770;13,887;0,060521181089646
1771;13,891;0,0546967454642208
1772;13,895;0,0393943645937853
1773;13,899;0,0617125429221194
1774;13,903;0,0397120610824449
1775;13,908;0,0433655707020298
1776;13,912;0,0489517339609604
1777;13,916;0,0460659908556361
1778;13,920;0,0505666911116465
1779;13,924;0,0372499132953333
1780;13,928;0,0472838273954977
1781;13,932;0,0406916252558119
1782;13,936;0,0551203407824335
1783;13,941;0,0358732285111419
1784;13,945;0,036508621488461
1785;13,949;0,0492429557422317
1786;13,953;0,0253098202632115
1787;13,957;0,0281955633685359
1788;13,961;0,0559145820040824
1789;13,965;0,042306582406498
1790;13,969;0,0515727299924018
1791;13,974;0,0388913451534077
1792;13,978;0,0298634699339986
1793;13,982;0,0338876254570196
1794;13,986;0,0277719680503231
1795;13,990;0,0403739287671523
1796;13,994;0,0382559521760886
1797;13,998;0,033649353090525
1798;14,002;0,0580590333025344
1799;14,007;0,0419888859178384
1800;14,011;0,04445103370495
1801;14,015;0,0387324969090779
1802;14,019;0,0399238587415513
1803;14,023;0,0360056020480834
1804;14,027;0,0535848077539123
1805;14,031;0,0311607305960251
1806;14,035;0,0442392360458436
1807;14,039;0,042306582406498
1808;14,044;0,046860232077285
1809;14,048;0,0356349561446472
1810;14,052;0,0370381156362269
1811;14,056;0,0235360148681957
1812;14,060;0,0331992830649239
1813;14,064;0,0479456950802051
1814;14,068;0,0452717496339872
1815;14,072;0,0371175397583918
1816;14,077;0,0347083413860568
1817;14,081;0,0492429557422317
1818;14,085;0,0468337573698967
1819;14,089;0,0464631114664605
1820;14,093;0,0412740688183544
1821;14,097;0,0252039214336584
1822;14,101;0,0539819283647367
1823;14,105;0,0381500533465354
1824;14,110;0,0392619910568438
1825;14,114;0,0428360765542639
1826;14,118;0,0490841074979019
1827;14,122;0,0377529327357109
1828;14,126;0,0519169011884496
1829;14,130;0,0396061622528917
1830;14,134;0,0386265980795247
1831;14,138;0,0252039214336584
1832;14,143;0,0508049634781412
1833;14,147;0,0351054619968813
1834;14,151;0,0417506135513437
1835;14,155;0,0401091816932693
1836;14,159;0,0590650721832897
1837;14,163;0,0386265980795247
1838;14,167;0,0277190186355465
1839;14,171;0,0420683100400033
1840;14,176;0,0449275784379393
1841;14,180;0,03481424021561
1842;14,184;0,0269247774138976
1843;14,188;0,0429684500912054
1844;14,192;0,0363497732441312
1845;14,196;0,0485281386427477
1846;14,200;0,0473632515176626
1847;14,204;0,0364821467810727
1848;14,208;0,0329874854058176
1849;14,213;0,0535053836317474
1850;14,217;0,0429155006764288
1851;14,221;0,044901103730551
1852;14,225;0,0640687918796777
1853;14,229;0,0592239204276195
1854;14,233;0,058111982717311
1855;14,237;0,0828923088327566
1856;14,241;0,0813303010968471
1857;14,246;0,0621096635329438
1858;14,250;0,0780209626733101
1859;14,254;0,0805625345825865
1860;14,258;0,0985388608992399
1861;14,262;0,0934292423732987
1862;14,266;0,0883990479695223
1863;14,270;0,0824422388071556
1864;14,274;0,0928732735181444
1865;14,279;0,0484751892279711
1866;14,283;0,053108263020923
1867;14,287;0,0540613524869016
1868;14,291;0,0625067841437683
1869;14,295;0,0604152822600928
1870;14,299;0,0346818666786685
1871;14,303;0,0533200606800293
1872;14,307;0,0458012437817531
1873;14,312;0,0667162626185074
1874;14,316;0,0569735702996143
1875;14,320;0,0402945046449874
1876;14,324;0,0428625512616522
1877;14,328;0,0391560922272907
1878;14,332;0,0376999833209343
1879;14,336;0,0596475157458322
1880;14,340;0,0404268781819289
1881;14,345;0,0415123411848491
1882;14,349;0,0145081396487865
1883;14,353;0,0487928857166306
1884;14,357;0,0430478742133703
1885;14,361;0,043921539557184
1886;14,365;0,0426772283099341
1887;14,369;0,0432067224577
1888;14,373;0,0318490729881208
1889;14,377;0,0234036413312542
1890;14,382;0,0395532128381151
1891;14,386;0,0327227383319346
1892;14,390;0,0222652289135574
1893;14,394;0,0322726683063335
1894;14,398;0,0293339757862326
1895;14,402;0,0340199989939611
1896;14,406;0,0346024425565036
1897;14,410;0,0344435943121739
1898;14,415;0,0735996865394645
1899;14,419;0,143254641678073
1900;14,423;0,330563196450271
1901;14,427;0,750796226824703
1902;14,431;1,63703705664793
1903;14,435;3,14395092648239
1904;14,439;5,64093942851697
1905;14,443;9,45965122220487
1906;14,448;14,5169027769321
1907;14,452;20,9325715677527
1908;14,456;28,2584937479978
1909;14,460;35,4945872460745
1910;14,464;42,4487251104657
1911;14,468;47,6025828724528
1912;14,472;50,4596273949682
1913;14,476;49,5402667062022
1914;14,481;46,1015199129512
1915;14,485;40,0334905048462
1916;14,489;33,7165194231691
1917;14,493;26,880617601974
1918;14,497;21,2209870300409
1919;14,501;16,0881501857201
1920;14,505;12,3619145449395
1921;14,509;9,46605810139283
1922;14,514;7,30794585392845
1923;14,518;5,76478810967942
1924;14,522;4,60080112464557
1925;14,526;3,75646975661801
1926;14,530;3,05166009652678
1927;14,534;2,52113343517271
1928;14,538;2,18262782650595
1929;14,542;1,81375572846481
1930;14,546;1,62615595191134
1931;14,551;1,40082971732955
1932;14,555;1,26538511433102
1933;14,559;1,09393490928442
1934;14,563;0,990233480444457
1935;14,567;0,900034152372531
1936;14,571;0,775576552940149
1937;14,575;0,741477129824023
1938;14,579;0,672033972344521
1939;14,584;0,617866721028066
1940;14,588;0,540189929550804
1941;14,592;0,545829042224511
1942;14,596;0,495394724649806
1943;14,600;0,443292500509638
1944;14,604;0,441545169822011
1945;14,608;0,415573481874092
1946;14,612;0,380309171632881
1947;14,617;0,383777358300747
1948;14,621;0,318490729881208
1949;14,625;0,29079818595305
1950;14,629;0,296516722748922
1951;14,633;0,267368069914407
1952;14,637;0,298317002851326
1953;14,641;0,267500443451349
1954;14,645;0,219342950712037
1955;14,650;0,241714078455148
1956;14,654;0,199910515489028
1957;14,658;0,230700600181617
1958;14,662;0,216457207606713
1959;14,666;0,188394017775119
1960;14,670;0,196389379406384
1961;14,674;0,176056804132172
1962;14,678;0,16551987059163
1963;14,683;0,174786018177534
1964;14,687;0,156995014812599
1965;14,691;0,12993786386176
1966;14,695;0,118765537343899
1967;14,699;0,137191933686153
1968;14,703;0,144048882899722
1969;14,707;0,12588723363135
1970;14,711;0,128455280248015
1971;14,715;0,0970827519928836
1972;14,720;0,0955736936717507
1973;14,724;0,115959218360739
1974;14,728;0,113285272914521
1975;14,732;0,110955498664351
1976;14,736;0,0992801527061122
1977;14,740;0,0813567758042354
1978;14,744;0,115826844823798
1979;14,748;0,115032603602149
1980;14,753;0,0951236236461497
1981;14,757;0,0824951882219322
1982;14,761;0,0892197638985595
1983;14,765;0,0758235619600814
1984;14,769;0,0814626746337886
1985;14,773;0,0799536163126557
1986;14,777;0,0957854913308571
1987;14,781;0,0813567758042354
1988;14,786;0,0804566357530333
1989;14,790;0,0773590949886026
1990;14,794;0,0805095851678099
1991;14,798;0,089616884509384
1992;14,802;0,065339577834316
1993;14,806;0,0760353596191878
1994;14,810;0,0701050251642094
1995;14,814;0,0732555153434167
1996;14,819;0,0731760912212518
1997;14,823;0,0868370402336128
1998;14,827;0,0580590333025344
1999;14,831;0,0678811497435925
2000;14,835;0,0627185818028746
2001;14,839;0,0585885274503004
2002;14,843;0,0530817883135347
2003;14,847;0,077570892647709
2004;14,852;0,0654719513712575
2005;14,856;0,0600181616492684
2006;14,860;0,0612095234817417
2007;14,864;0,0476544732989339
2008;14,868;0,0472044032733328
2009;14,872;0,0735732118320762
2010;14,876;0,0363232985367429
2011;14,880;0,0604417569674811
2012;14,885;0,0757706125453048
2013;14,889;0,048289866276253
2014;14,893;0,0427301777247107
2015;14,897;0,0447157807788329
2016;14,901;0,0624008853142151
2017;14,905;0,0328286371614878
2018;14,909;0,0435508936537479
2019;14,913;0,057132418543944
2020;14,917;0,0638305195131831
2021;14,922;0,0559145820040824
2022;14,926;0,0561263796631888
2023;14,930;0,119559778565547
2024;14,934;0,133432525237015
2025;14,938;0,174203574614992
2026;14,942;0,218972304808601
2027;14,946;0,277507882844125
2028;14,950;0,293525080814044
2029;14,955;0,343827024851808
2030;14,959;0,401435988128741
2031;14,963;0,463069106928696
2032;14,967;0,437759286665484
2033;14,971;0,450917216237468
2034;14,975;0,443795519950016
2035;14,979;0,40829293734231
2036;14,983;0,4037922370863
2037;14,988;0,335513966731883
2038;14,992;0,313831181380868
2039;14,996;0,280817221267662
2040;15,000;0,23747812527302
2041;15,004;0,175262562910523
2042;15,008;0,164116711100051
2043;15,012;0,138356820811238
2044;15,016;0,116276914849399
2045;15,021;0,112305708741154
2046;15,025;0,113814767062287
2047;15,029;0,0887696938729585
2048;15,033;0,0746057254202198
2049;15,037;0,0607594534561407
2050;15,041;0,0589591733537365
2051;15,045;0,0639364183427363
2052;15,049;0,0630627529989225
2053;15,054;0,0408239987927533
2054;15,058;0,0511226599668007
2055;15,062;0,0598328386975503
2056;15,066;0,107990331436862
2057;15,070;0,13475626060643
2058;15,074;0,143095793433743
2059;15,078;0,165361022347301
2060;15,082;0,138806890836839
2061;15,086;0,114582533576548
2062;15,091;0,104786891842878
2063;15,095;0,0611565740669651
2064;15,099;0,0490841074979019
2065;15,103;0,040612201133647
2066;15,107;0,035078987289493
2067;15,111;0,0449805278527159
2068;15,115;0,0449275784379393
2069;15,119;0,0366939444401791
2070;15,124;0,0386265980795247
2071;15,128;0,0314254776699081
2072;15,132;0,032669788917158
2073;15,136;0,0299164193487751
2074;15,140;0,0478397962506519
2075;15,144;0,0594886675015024
2076;15,148;0,0287780069310784
2077;15,152;0,0218945830101213
2078;15,157;0,0366674697327908
2079;15,161;0,0239596101864084
2080;15,165;0,0264747073882966
2081;15,169;0,0406651505484236
2082;15,173;0,0321402947693921
2083;15,177;0,0265276568030732
2084;15,181;0,0402680299375991
2085;15,185;0,0364556720736844
2086;15,190;0,0444775084123383
2087;15,194;0,0395267381307268
2088;15,198;0,0350260378747164
2089;15,202;0,0448746290231627
2090;15,206;0,0358732285111419
2091;15,210;0,0397120610824449
2092;15,214;0,0303135399595996
2093;15,218;0,0315049017920729
2094;15,223;0,0309489329369187
2095;15,227;0,0234565907460308
2096;15,231;0,0162819450438024
2097;15,235;0,0269247774138976
2098;15,239;0,0260511120700838
2099;15,243;0,0130255560350419
2100;15,247;0,0260511120700838
2101;15,251;0,0268983027065093
2102;15,255;0,0164143185807439
2103;15,260;0,0328021624540995
2104;15,264;0,032669788917158
2105;15,268;0,0337817266274665
2106;15,272;0,0264482326809083
2107;15,276;0,0297046216896688
2108;15,280;0,03963263696028
2109;15,284;0,0240390343085733
2110;15,288;0,0336228783831367
2111;15,293;0,0235889642829723
2112;15,297;0,0316108006216261
2113;15,301;0,0461983643925776
2114;15,305;0,0245155790415626
2115;15,309;0,0260775867774721
2116;15,313;0,0359526526333068
2117;15,317;0,03124015471819
2118;15,321;0,0229006218908766
2119;15,326;0,0285132598571954
2120;15,330;0,0284073610276422
2121;15,334;0,0215768865214617
2122;15,338;0,0329874854058176
2123;15,342;0,0230859448425946
2124;15,346;0,0270042015360625
2125;15,350;0,0298899446413869
2126;15,354;0,0123636883503345
2127;15,359;0,0196442328821161
2128;15,363;0,016070147384696
2129;15,367;0,0183204975127012
2130;15,371;0,0246744272858924
2131;15,375;0,0349995631673281
2132;15,379;0,0100603888075527
2133;15,383;0,00116488712508505
2134;15,387;0,0234565907460308
2135;15,392;0,0282220380759242
2136;15,396;0,0255216179223179
2137;15,400;0,0193794858082331
2138;15,404;0,0267659291695679
2139;15,408;0,0294133999083975
2140;15,412;0,0298899446413869
2141;15,416;0,0356614308520355
2142;15,420;0,043021399505982
2143;15,424;0,0458541931965297
2144;15,429;0,0519433758958379
2145;15,433;0,0769884490851665
2146;15,437;0,0445304578271149
2147;15,441;0,070343297530704
2148;15,445;0,0525258194583804
2149;15,449;0,0710845893375763
2150;15,453;0,0329610106984293
2151;15,457;0,0227947230613234
2152;15,462;0,0435508936537479
2153;15,466;0,0709522158006349
2154;15,470;0,149264400255216
2155;15,474;0,33726129741951
2156;15,478;0,727604383152555
2157;15,482;1,39887058898282
2158;15,486;2,59412420344224
2159;15,490;4,55531757735248
2160;15,495;7,46517914110754
2161;15,499;11,121177383187
2162;15,503;15,3892973347912
2163;15,507;19,7649310730993
2164;15,511;23,9221749501614
2165;15,515;26,6759945885698
2166;15,519;27,7840405168922
2167;15,523;27,1019726304475
2168;15,528;24,845877490939
2169;15,532;21,9208723945579
2170;15,536;18,3138523611468
2171;15,540;14,6262962678605
2172;15,544;11,3200818597952
2173;15,548;8,77260609077118
2174;15,552;6,67742422276878
2175;15,556;5,02558780469079
2176;15,561;3,98161066824809
2177;15,565;3,04723882039294
2178;15,569;2,46678086090453
2179;15,573;2,056290522849
2180;15,577;1,63179506458505
2181;15,581;1,32598571954283
2182;15,585;1,10966088547306
2183;15,589;0,990445278103564
2184;15,593;0,857992317039916
2185;15,598;0,726863091345683
2186;15,602;0,662344229440404
2187;15,606;0,58376729791194
2188;15,610;0,483163409836413
2189;15,614;0,4062808595808
2190;15,618;0,401356564006576
2191;15,622;0,360294292847328
2192;15,626;0,347824705667441
2193;15,631;0,345441982002494
2194;15,635;0,273510202028492
2195;15,639;0,288071291092055
2196;15,643;0,274754513275742
2197;15,647;0,228847370664436
2198;15,651;0,223367106235058
2199;15,655;0,200387060222017
2200;15,659;0,209891480174415
2201;15,664;0,183363823371342
2202;15,668;0,163746065196614
2203;15,672;0,165228648810359
2204;15,676;0,144684275877041
2205;15,680;0,112332183448542
2206;15,684;0,130520307424302
2207;15,688;0,109684712709713
2208;15,692;0,119189132662111
2209;15,697;0,102880712910921
2210;15,701;0,117097630778436
2211;15,705;0,0998096468538782
2212;15,709;0,0970562772854953
2213;15,713;0,113602969403181
2214;15,717;0,071852355851837
2215;15,721;0,0909406198787988
2216;15,725;0,0860692737193522
2217;15,730;0,0776767914772622
2218;15,734;0,0935880906176284
2219;15,738;0,0766972273038952
2220;15,742;0,0856456784011395
2221;15,746;0,0597534145753854
2222;15,750;0,0644129630757256
2223;15,754;0,0673781303032148
2224;15,758;0,0598328386975503
2225;15,762;0,0666633132037308
2226;15,767;0,0436303177759128
2227;15,771;0,0712699122892944
2228;15,775;0,0628774300472044
2229;15,779;0,0625862082659331
2230;15,783;0,0628509553398161
2231;15,787;0,0541407766090665
2232;15,791;0,0368792673918972
2233;15,795;0,0665838890815659
2234;15,800;0,0659220213968585
2235;15,804;0,047045555029003
2236;15,808;0,0574236403252153
2237;15,812;0,0541672513164548
2238;15,816;0,0393414151790087
2239;15,820;0,0494812281087263
2240;15,824;0,0348407149229983
2241;15,828;0,0519963253106145
2242;15,833;0,0572912667882738
2243;15,837;0,0364556720736844
2244;15,841;0,0425448547729926
2245;15,845;0,03124015471819
2246;15,849;0,0317696488659559
2247;15,853;0,0377794074430992
2248;15,857;0,0489252592535721
2249;15,861;0,0262893844365785
2250;15,866;0,0383353762982535
2251;15,870;0,0375146603692163
2252;15,874;0,0220534312544511
2253;15,878;0,0488458351314072
2254;15,882;0,0289898045901848
2255;15,886;0,0375676097839929
2256;15,890;0,0349201390451632
2257;15,894;0,0292545516640677
2258;15,899;0,0297840458118337
2259;15,903;0,0493488545717848
2260;15,907;0,0312931041329666
2261;15,911;0,0295987228601156
2262;15,915;0,0314784270846846
2263;15,919;0,0238801860642435
2264;15,923;0,0345759678491153
2265;15,927;0,0215239371066851
2266;15,931;0,030525337618706
2267;15,936;0,0306047617408709
2268;15,940;0,0388119210312428
2269;15,944;0,0286456333941369
2270;15,948;0,0375940844913812
2271;15,952;0,0159112991403663
2272;15,956;0,0302076411300464
2273;15,960;0,0294928240305624
2274;15,964;0,0234830654534191
2275;15,969;0,0102457117592708
2276;15,973;0,0164407932881322
2277;15,977;0,0291486528345145
2278;15,981;0,0414329170626842
2279;15,985;0,0463572126369073
2280;15,989;0,0398179599119981
2281;15,993;0,0279308162946529
2282;15,997;0,0428890259690405
2283;16,002;0,0471249791511679
2284;16,006;0,0650218813456564
2285;16,010;0,0874724332109319
2286;16,014;0,0878166044069798
2287;16,018;0,124219327065888
2288;16,022;0,118712587929122
2289;16,026;0,141030766257456
2290;16,030;0,123266237599909
2291;16,035;0,109446440343218
2292;16,039;0,105660557186692
2293;16,043;0,0979034679219208
2294;16,047;0,0827864100032034
2295;16,051;0,0858574760602459
2296;16,055;0,0824157640997673
2297;16,059;0,0739438577355124
2298;16,063;0,0611300993595768
2299;16,068;0,0859898495971873
2300;16,072;0,0826275617588737
2301;16,076;0,11889791088084
2302;16,080;0,134465038825158
2303;16,084;0,14547851709869
2304;16,088;0,138197972566908
2305;16,092;0,152176618067929
2306;16,096;0,137403731345259
2307;16,100;0,132320587526706
2308;16,105;0,0923173046629902
2309;16,109;0,0906493980975275
2310;16,113;0,0952295224757028
2311;16,117;0,0650483560530447
2312;16,121;0,0942234835949476
2313;16,125;0,0405063023040938
2314;16,129;0,0519963253106145
2315;16,133;0,0235360148681957
2316;16,138;0,0262364350218019
2317;16,142;0,0301546917152698
2318;16,146;0,0606270799191992
2319;16,150;0,0364291973662961
2320;16,154;0,0322461935989452
2321;16,158;0,0325638900876048
2322;16,162;0,0375146603692163
2323;16,166;0,0186911434161374
2324;16,171;0,0238537113568552
2325;16,175;0,0305782870334826
2326;16,179;0,0151700073334939
2327;16,183;0,0183469722200895
2328;16,187;0,0142963419896802
2329;16,191;0,0320079212324506
2330;16,195;0,0283279369054774
2331;16,199;0,0515727299924018
2332;16,204;0,0345494931417271
2333;16,208;0,0236683884051372
2334;16,212;0,0290162792975731
2335;16,216;0,0203325752742118
2336;16,220;0,0250715478967169
2337;16,224;0,0173938827541109
2338;16,228;0,0282749874907008
2339;16,232;0,0306047617408709
2340;16,237;0,0134226766458664
2341;16,241;0,00900140051202084
2342;16,245;0,0130255560350419
2343;16,249;0,0155936026517067
2344;16,253;0
2345;16,257;0,0313990029625198
2346;16,261;0,028566209271972
2347;16,265;0,0418565123808969
2348;16,269;0,0240390343085733
2349;16,274;0,0385206992499715
2350;16,278;0,0386795474943013
2351;16,282;0,0244096802120095
2352;16,286;0,0548820684159388
2353;16,290;0,0424654306508277
2354;16,294;0,0210473923736958
2355;16,298;0,0496400763530561
2356;16,302;0,0365350961958493
2357;16,307;0,0192735869786799
2358;16,311;0,0157789256034248
2359;16,315;0,0132638284015366
2360;16,319;0,0199619293707756
2361;16,323;0,0152229567482705
2362;16,327;0,0231653689647595
2363;16,331;0,00558616325893058
2364;16,335;0,0185852445865842
2365;16,340;0,0368263179771206
2366;16,344;0,00955736936717507
2367;16,348;0,0129196572054887
2368;16,352;0,0271101003656157
2369;16,356;0,0239860848937967
2370;16,360;0,035529057315094
2371;16,364;0,0512020840889656
2372;16,368;0,030525337618706
2373;16,373;0,0237213378199137
2374;16,377;0,0279572910020412
2375;16,381;0,0176851045353821
2376;16,385;0,0169967621432864
2377;16,389;0,0263158591439668
2378;16,393;0,021868108302733
2379;16,397;0,0179763263166534
2380;16,401;0,0283014621980891
2381;16,406;0,0250980226041052
2382;16,410;0,0150376337965525
2383;16,414;0,0320608706472272
2384;16,418;0,0361379755850248
2385;16,422;0,0328021624540995
2386;16,426;0,0658955466894702
2387;16,430;0,087393009088767
2388;16,434;0,151514750383221
2389;16,438;0,154426968195934
2390;16,443;0,208197098901564
2391;16,447;0,211982982058091
2392;16,451;0,247406140543632
2393;16,455;0,277984427577114
2394;16,459;0,296993267481911
2395;16,463;0,274489766201859
2396;16,467;0,328286371614878
2397;16,471;0,488617199558402
2398;16,476;0,922775926019078
2399;16,480;1,7027208056783
2400;16,484;3,11660255375027
2401;16,488;5,64734630770493
2402;16,492;9,6676894728621
2403;16,496;15,5817949322115
2404;16,500;22,833905628258
2405;16,504;32,0427619473736
2406;16,509;41,835517937938
2407;16,513;50,8947656856023
2408;16,517;57,9307368705307
2409;16,521;61,9643438640894
2410;16,525;60,9967992078768
2411;16,529;56,7209751164225
2412;16,533;49,3611917854278
2413;16,537;40,6952258160167
2414;16,542;31,7069832335678
2415;16,546;24,4774554629235
2416;16,550;18,1626023578374
2417;16,554;13,7092388786373
2418;16,558;10,2650118209568
2419;16,562;7,86944792292683
2420;16,566;6,07239773482404
2421;16,570;4,93906846094584
2422;16,575;3,89800354231585
2423;16,579;3,218106581877
2424;16,583;2,69425154678478
2425;16,587;2,33771666238659
2426;16,591;2,02078794024129
2427;16,595;1,77512913038529
2428;16,599;1,65789912606991
2429;16,603;1,49264400255216
2430;16,607;1,32347062234095
2431;16,612;1,24476131727554
2432;16,616;1,22119882769996
2433;16,620;1,06677185950402
2434;16,624;1,01202216462503
2435;16,628;0,943770368977997
2436;16,632;0,809649501348886
2437;16,636;0,723474328799981
2438;16,640;0,672563466492287
2439;16,645;0,623426409579608
2440;16,649;0,551891750216431
2441;16,653;0,486049152941737
2442;16,657;0,481919098589163
2443;16,661;0,447369605447436
2444;16,665;0,378191195041817
2445;16,669;0,314307726113857
2446;16,673;0,333925484288585
2447;16,678;0,304909204991012
2448;16,682;0,297972831655278
2449;16,686;0,245711759270781
2450;16,690;0,254289564464589
2451;16,694;0,226464646999489
2452;16,698;0,215345269896404
2453;16,702;0,232553829698797
2454;16,706;0,185958344695395
2455;16,711;0,182066562709316
2456;16,715;0,188394017775119
2457;16,719;0,18169591680588
2458;16,723;0,163216571048848
2459;16,727;0,155406532369301
2460;16,731;0,140130626206254
2461;16,735;0,123954579992005
2462;16,739;0,136794813075328
2463;16,744;0,127396291952483
2464;16,748;0,129487793836159
2465;16,752;0,103066035862639
2466;16,756;0,0933762929585221
2467;16,760;0,0860163243045756
2468;16,764;0,0923967287851551
2469;16,768;0,076141258448741
2470;16,772;0,0899610557054318
2471;16,776;0,0996243239021601
2472;16,781;0,0976651955554261
2473;16,785;0,0853279819124799
2474;16,789;0,076591328474342
2475;16,793;0,0796623945313844
2476;16,797;0,0726465970734858
2477;16,801;0,080694908119528
2478;16,805;0,0976387208480378
2479;16,809;0,0774120444033792
2480;16,814;0,0740232818576773
2481;16,818;0,0808008069490812
2482;16,822;0,105316385990644
2483;16,826;0,0863075460858469
2484;16,830;0,0662132431781298
2485;16,834;0,0666368384963425
2486;16,838;0,0694696321868903
2487;16,842;0,0830776317844747
2488;16,847;0,0514933058702369
2489;16,851;0,0487928857166306
2490;16,855;0,0655249007860341
2491;16,859;0,0496930257678327
2492;16,863;0,0609183017004705
2493;16,867;0,0415652905996256
2494;16,871;0,058826799816795
2495;16,875;0,0416447147217905
2496;16,880;0,0515197805776252
2497;16,884;0,0395002634233385
2498;16,888;0,0330669095279824
2499;16,892;0,0452452749265989
2500;16,896;0,0545643719272793
2501;16,900;0,033834676042243
2502;16,904;0,0442921854606202
2503;16,908;0,0316637500364027
2504;16,913;0,0246744272858924
2505;16,917;0,0311342558886368
2506;16,921;0,0275601703912168
2507;16,925;0,0248862249449988
2508;16,929;0,0343112207752324
2509;16,933;0,0360320767554717
2510;16,937;0,0357673296815887
2511;16,941;0,0252568708484349
2512;16,945;0,0327227383319346
2513;16,950;0,0143492914044568
2514;16,954;0,0406651505484236
2515;16,958;0,0392884657642321
2516;16,962;0,0356614308520355
2517;16,966;0,0368263179771206
2518;16,970;0,0508843876003061
2519;16,974;0,0494018039865614
2520;16,978;0,0713493364114593
2521;16,983;0,0663985661298478
2522;16,987;0,102880712910921
2523;16,991;0,131235124523786
2524;16,995;0,17515666408097
2525;16,999;0,213439090964447
2526;17,003;0,222440491476468
2527;17,007;0,207535231216857
2528;17,011;0,222837612087292
2529;17,016;0,158080477815519
2530;17,020;0,109367016221053
2531;17,024;0,094620604205772
2532;17,028;0,0613154223112949
2533;17,032;0,0495077028161146
2534;17,036;0,0291486528345145
2535;17,040;0,0497989245973859
2536;17,044;0,0405327770114821
2537;17,049;0,0328815865762644
2538;17,053;0,0263423338513551
2539;17,057;0,0507520140633646
2540;17,061;0,0104045600036006
2541;17,065;0,0301282170078815
2542;17,069;0,0151964820408822
2543;17,073;0,02642175797352
2544;17,077;0,0139786455010206
2545;17,082;0,00781003867954749
2546;17,086;0,0409298976223065
2547;17,090;0,00794241221648898
2548;17,094;0,0229006218908766
2549;17,098;0,00961031878195166
2550;17,102;0,0178969021944885
2551;17,106;0,0352378355338228
2552;17,110;0,0273218980247221
2553;17,114;0,0210473923736958
2554;17,119;0,0281955633685359
2555;17,123;0,0145346143561748
2556;17,127;0,015355330285212
2557;17,131;0,0397650104972215
2558;17,135;0,0412211194035778
2559;17,139;0,0674575544253797
2560;17,143;0,199989939611192
2561;17,147;0,4877170595072
2562;17,152;0,977049076165086
2563;17,156;1,90940884625873
2564;17,160;3,4644537341251
2565;17,164;5,88900743674531
2566;17,168;9,0465134134105
2567;17,172;13,3433319478236
2568;17,176;17,7652699493539
2569;17,180;22,0340782433502
2570;17,185;25,5444126453792
2571;17,189;27,7649522528652
2572;17,193;28,0719264850325
2573;17,197;26,5520929579926
2574;17,201;23,5291843936895
2575;17,205;20,0634598736097
2576;17,209;16,2521345232832
2577;17,213;12,8346469200649
2578;17,218;10,0174733068763
2579;17,222;7,63530561078474
2580;17,226;5,81421638837337
2581;17,230;4,46842758770409
2582;17,234;3,51104921912851
2583;17,238;2,79864131801683
2584;17,242;2,27219176160055
2585;17,246;1,81444407085691
2586;17,251;1,52076014179853
2587;17,255;1,30962435037687
2588;17,259;1,0993886990064
2589;17,263;0,95367190954122
2590;17,267;0,833767959779625
2591;17,271;0,693663808280759
2592;17,275;0,656599217937144
2593;17,279;0,570900590121228
2594;17,283;0,476756530648445
2595;17,288;0,484195923424556
2596;17,292;0,432120173991777
2597;17,296;0,330192550546835
2598;17,300;0,350525125821047
2599;17,304;0,323070854259383
2600;17,308;0,259610980649636
2601;17,312;0,253283525583833
2602;17,316;0,221540351425266
2603;17,321;0,243593782679717
2604;17,325;0,215080522822522
2605;17,329;0,18230483507581
2606;17,333;0,226649969951207
2607;17,337;0,182834329223576
2608;17,341;0,14563736534302
2609;17,345;0,143731186411062
2610;17,349;0,135100431802477
2611;17,354;0,132691233430143
2612;17,358;0,107037241970883
2613;17,362;0,0932703941289689
2614;17,366;0,0949383006944316
2615;17,370;0,103092510570027
2616;17,374;0,090331701608868
2617;17,378;0,0814361999264003
2618;17,382;0,0656307996155873
2619;17,387;0,0805360598751982
2620;17,391;0,0798477174831025
2621;17,395;0,0566293991035664
2622;17,399;0,0708992663858583
2623;17,403;0,0615801693851779
2624;17,407;0,0384412751278067
2625;17,411;0,0458012437817531
2626;17,415;0,0899875304128201
2627;17,420;0,159827808503147
2628;17,424;0,317431741585676
2629;17,428;0,742827339900826
2630;17,432;1,49264400255216
2631;17,436;2,88161305097175
2632;17,440;4,99749814015181
2633;17,444;8,10123398611137
2634;17,448;12,4126400842955
2635;17,452;17,1132243810875
2636;17,457;22,2899298155507
2637;17,461;27,0295907804479
2638;17,465;30,2567517122517
2639;17,469;31,7950381103413
2640;17,473;31,1044188934102
2641;17,477;28,3180883143289
2642;17,481;24,6642080488405
2643;17,485;20,297337438678
2644;17,490;15,8952025182742
2645;17,494;12,037202258822
2646;17,498;8,99568197522497
2647;17,502;6,80257016459326
2648;17,506;5,06212290088664
2649;17,510;3,96765849745446
2650;17,514;3,0884864145039
2651;17,518;2,49704145144936
2652;17,523;1,96066387976247
2653;17,527;1,70200598857881
2654;17,531;1,37697600597269
2655;17,535;1,15231163907561
2656;17,539;1,02594786071127
2657;17,543;0,912847910748466
2658;17,547;0,758791588455969
2659;17,551;0,704783185383844
2660;17,556;0,643097117169112
2661;17,560;0,543552217389117
2662;17,564;0,505216841090864
2663;17,568;0,463254429880414
2664;17,572;0,441651068651564
2665;17,576;0,398470820901252
2666;17,580;0,355846542006095
2667;17,584;0,326141920316426
2668;17,589;0,303558994914209
2669;17,593;0,264720599175578
2670;17,597;0,230197580741239
2671;17,601;0,19676002530982
2672;17,605;0,194403776352262
2673;17,609;0,199195698389544
2674;17,613;0,174891917007087
2675;17,617;0,168723310185614
2676;17,621;0,15760393308253
2677;17,626;0,155062361173253
2678;17,630;0,135259280046807
2679;17,634;0,138145023152132
2680;17,638;0,136318268342339
2681;17,642;0,132611809307978
2682;17,646;0,120830564520186
2683;17,650;0,0769354996703899
2684;17,654;0,0988300826805112
2685;17,659;0,100392090416421
2686;17,663;0,0884519973842989
2687;17,667;0,0820451181963311
2688;17,671;0,0872341608444373
2689;17,675;0,103224884106968
2690;17,679;0,0603623328453162
2691;17,683;0,0753734919344804
2692;17,687;0,0808802310712461
2693;17,692;0,0699726516272679
2694;17,696;0,0609977258226353
2695;17,700;0,0503284187451518
2696;17,704;0,0690195621612892
2697;17,708;0,0774120444033792
2698;17,712;0,0565235002740132
2699;17,716;0,0554909866858697
2700;17,720;0,0384412751278067
2701;17,725;0,0480780686171466
2702;17,729;0,0482369168614764
2703;17,733;0,0533994848021942
2704;17,737;0,0461189402704127
2705;17,741;0,0475485744693807
2706;17,745;0,0399768081563279
2707;17,749;0,0455629714152584
2708;17,753;0,0474691503472158
2709;17,758;0,0433920454094181
2710;17,762;0,0341258978235143
2711;17,766;0,0424654306508277
2712;17,770;0,0366939444401791
2713;17,774;0,0388913451534077
2714;17,778;0,0488723098387955
2715;17,782;0,0383353762982535
2716;17,786;0,055517461393258
2717;17,790;0,0456688702448116
2718;17,795;0,0497724498899976
2719;17,799;0,0456688702448116
2720;17,803;0,0614742705556247
2721;17,807;0,0470190803216147
2722;17,811;0,0412211194035778
2723;17,815;0,0538760295351836
2724;17,819;0,0866252425745064
2725;17,823;0,076856075548225
2726;17,828;0,104839841257654
2727;17,832;0,08765775616265
2728;17,836;0,0688871886243477
2729;17,840;0,073281990050805
2730;17,844;0,0729378188547571
2731;17,848;0,056947095592226
2732;17,852;0,0534259595095825
2733;17,856;0,0560204808336356
2734;17,861;0,0331463336501473
2735;17,865;0,0386001233721364
2736;17,869;0,0613154223112949
2737;17,873;0,0436567924833011
2738;17,877;0,0313990029625198
2739;17,881;0,0454835472930935
2740;17,885;0,0389442945681843
2741;17,889;0,0420683100400033
2742;17,894;0,0514668311628486
2743;17,898;0,0425448547729926
2744;17,902;0,0564705508592366
2745;17,906;0,0446628313640563
2746;17,910;0,0345230184343388
2747;17,914;0,0512815082111305
2748;17,918;0,0563117026149069
2749;17,922;0,0277984427577114
2750;17,927;0,0470190803216147
2751;17,931;0,0247803261154456
2752;17,935;0,0513874070406837
2753;17,939;0,028116139246371
2754;17,943;0,0466749091255669
2755;17,947;0,0546437960494442
2756;17,951;0,0468337573698967
2757;17,955;0,0335169795535835
2758;17,959;0,0278778668798763
2759;17,964;0,042041835332615
2760;17,968;0,0428096018468756
2761;17,972;0,0629833288767576
2762;17,976;0,0470985044437796
2763;17,980;0,0332257577723122
2764;17,984;0,0275336956838285
2765;17,988;0,0281955633685359
2766;17,992;0,0349466137525515
2767;17,997;0,0413534929405193
2768;18,001;0,0271895244877806
2769;18,005;0,0345230184343388
2770;18,009;0,0215239371066851
2771;18,013;0,0197501317116693
2772;18,017;0,0193000616860682
2773;18,021;0,0136079995975844
2774;18,025;0,0132373536941483
2775;18,030;0,00945147053762188
2776;18,034;0,0321667694767804
2777;18,038;0,00762471572782942
2778;18,042;0,0199619293707756
2779;18,046;0,0277719680503231
2780;18,050;0,0210738670810841
2781;18,054;0,0361115008776366
2782;18,058;0,00683047450618052
2783;18,063;0,00794241221648898
2784;18,067;0,015620077359095
2785;18,071;0,0724612741217678
2786;18,075;0,182437208612752
2787;18,079;0,404533528893172
2788;18,083;0,920657949428014
2789;18,087;1,79339667848321
2790;18,091;3,36917126223462
2791;18,096;5,89901487613808
2792;18,100;9,3351671480651
2793;18,104;13,503583351645
2794;18,108;18,4597279988563
2795;18,112;23,2903560583397
2796;18,116;27,7090641455685
2797;18,120;29,7644015789515
2798;18,124;30,3291070875439
2799;18,128;28,9258416971346
2800;18,133;25,8388113915371
2801;18,137;22,1425451195201
2802;18,141;17,5811648341757
2803;18,145;13,7100860692737
2804;18,149;10,570476994803
2805;18,153;8,12484942510173
2806;18,157;6,16789200437362
2807;18,161;4,74985372724168
2808;18,166;3,68181108178302
2809;18,170;2,94332559389387
2810;18,174;2,34420296569672
2811;18,178;1,91782780320821
2812;18,182;1,58001053693354
2813;18,186;1,39513765524107
2814;18,190;1,15511795805877
2815;18,194;0,992483830572463
2816;18,199;0,877186479896431
2817;18,203;0,722627138163556
2818;18,207;0,664065085420643
2819;18,211;0,575639562743733
2820;18,215;0,547576372912138
2821;18,219;0,495447674064582
2822;18,223;0,404056984160183
2823;18,227;0,371943164098179
2824;18,232;0,334507927851127
2825;18,236;0,305888769164379
2826;18,240;0,280923120097215
2827;18,244;0,275363431545673
2828;18,248;0,270809781874886
2829;18,252;0,254660210368025
2830;18,256;0,22956218776392
2831;18,260;0,198825052486107
2832;18,265;0,194297877522709
2833;18,269;0,139707030888041
2834;18,273;0,163693115781838
2835;18,277;0,15760393308253
2836;18,281;0,130467358009526
2837;18,285;0,142725147530307
2838;18,289;0,138197972566908
2839;18,293;0,108652199121569
2840;18,297;0,0961296625269049
2841;18,302;0,104707467720713
2842;18,306;0,104945740087208
2843;18,310;0,113417646451463
2844;18,314;0,088637320336017
2845;18,318;0,0870753126001075
2846;18,322;0,155459481784078
2847;18,326;0,257413579936408
2848;18,330;0,496850833556162
2849;18,335;1,02237377521385
2850;18,339;1,99756962186175
2851;18,343;3,83814422891091
2852;18,347;6,68745813686894
2853;18,351;11,2896359462987
2854;18,355;17,8605524212444
2855;18,359;26,0184687558741
2856;18,363;36,3661610880046
2857;18,368;48,7244221233245
2858;18,372;62,0962938057127
2859;18,376;75,7765428797598
2860;18,380;88,4293350347745
2861;18,384;97,4056639988987
2862;18,388;100
2863;18,392;95,5575970496586
2864;18,396;85,6398010160993
2865;18,401;71,2659675578936
2866;18,405;55,5121929264877
2867;18,409;41,3328426687564
2868;18,413;30,2182310130017
2869;18,417;22,1240392990556
2870;18,421;16,4285619733188
2871;18,425;12,3572285217318
2872;18,429;9,45716259971037
2873;18,434;7,6256688172954
2874;18,438;6,13567228548207
2875;18,442;5,02278148570763
2876;18,446;4,20450122975016
2877;18,450;3,61024994771245
2878;18,454;3,07191324767883
2879;18,458;2,69562823156897
2880;18,462;2,35399860743039
2881;18,466;2,06833651471067
2882;18,471;1,96503220648154
2883;18,475;1,68056147559429
2884;18,479;1,50617257802758
2885;18,483;1,35476372647391
2886;18,487;1,29572512899801
2887;18,491;1,16483417567027
2888;18,495;1,0681750189956
2889;18,499;0,933842353707386
2890;18,504;0,900272424739026
2891;18,508;0,800912847910748
2892;18,512;0,793102809231201
2893;18,516;0,717014500197237
2894;18,520;0,629250845205033
2895;18,524;0,645188619052788
2896;18,528;0,606509071558487
2897;18,532;0,591047842443721
2898;18,537;0,517977650052023
2899;18,541;0,479615799046381
2900;18,545;0,440486181526479
2901;18,549;0,428387240250027
2902;18,553;0,437282741932495
2903;18,557;0,42243043108766
2904;18,561;0,379832626899891
2905;18,565;0,386001233721364
2906;18,570;0,371943164098179
2907;18,574;0,369772238092339
2908;18,578;0,318914325199421
2909;18,582;0,25100670074844
2910;18,586;0,294160473791363
2911;18,590;0,24759146349535
2912;18,594;0,238537113568552
2913;18,598;0,235810218707558
2914;18,603;0,245950031637275
2915;18,607;0,23671035875876
2916;18,611;0,196098157625113
2917;18,615;0,213518515086612
2918;18,619;0,17748643833114
2919;18,623;0,177354064794199
2920;18,627;0,161998734508987
2921;18,631;0,158080477815519
2922;18,635;0,161469240361221
2923;18,640;0,154347544073769
2924;18,644;0,168193816037848
2925;18,648;0,137297832515706
2926;18,652;0,149582096743876
2927;18,656;0,153923948755556
2928;18,660;0,162078158631152
2929;18,664;0,125940183046127
2930;18,668;0,154585816440264
2931;18,673;0,143598812874121
2932;18,677;0,123425085844239
2933;18,681;0,109393490928442
2934;18,685;0,0988300826805112
2935;18,689;0,109870035661431
2936;18,693;0,106851919019165
2937;18,697;0,0933762929585221
2938;18,701;0,106428323700952
2939;18,706;0,10195409815233
2940;18,710;0,118368416733074
2941;18,714;0,146325707735115
2942;18,718;0,139230486155052
2943;18,722;0,129170097347499
2944;18,726;0,128164058466744
2945;18,730;0,114264837087888
2946;18,734;0,0994654756578303
2947;18,739;0,104045600036006
2948;18,743;0,103860277084288
2949;18,747;0,0901728533645382
2950;18,751;0,0792123245057834
2951;18,755;0,0826010870514854
2952;18,759;0,0598328386975503
2953;18,763;0,075876511374858
2954;18,767;0,0638569942205714
2955;18,772;0,0508579128929178
2956;18,776;0,0739173830281241
2957;18,780;0,0813038263894588
2958;18,784;0,0637246206836299
2959;18,788;0,0705021457750338
2960;18,792;0,102907187618309
2961;18,796;0,118130144366579
2962;18,800;0,146961100712434
2963;18,804;0,228053129442787
2964;18,809;0,291936598370747
2965;18,813;0,314810745554235
2966;18,817;0,299667212928129
2967;18,821;0,249259370060812
2968;18,825;0,189347107241097
2969;18,829;0,154347544073769
2970;18,833;0,118659638514345
2971;18,837;0,128243482588909
2972;18,842;0,116806408997165
2973;18,846;0,148470159033567
2974;18,850;0,233851090360824
2975;18,854;0,509691066639486
2976;18,858;1,00299428940562
2977;18,862;2,01062165260418
2978;18,866;3,52905202015255
2979;18,870;6,02990582946582
2980;18,875;9,55408650345892
2981;18,879;13,7208612751808
2982;18,883;18,7765772968794
2983;18,887;23,7906221291489
2984;18,891;27,9377261932813
2985;18,895;30,4880082812885
2986;18,899;31,2407636364599
2987;18,903;29,8715711944594
2988;18,908;26,7718859787302
2989;18,912;22,7748935054895
2990;18,916;18,6368702659914
2991;18,920;14,620604205772
2992;18,924;11,1174179747378
2993;18,928;8,50301414543616
2994;18,932;6,64112739893942
2995;18,936;5,12942160706769
2996;18,941;4,14014121608921
2997;18,945;3,34396734080097
2998;18,949;2,77454933429348
2999;18,953;2,29170362094573
3000;18,957;1,89916313449946
3001;18,961;1,56989719871121
3002;18,965;1,37710837950964
3003;18,969;1,16414583327818
3004;18,973;1,04220333104768
3005;18,978;0,93532493732113
3006;18,982;0,834800473367768
3007;18,986;0,773167354567814
3008;18,990;0,734302484121794
3009;18,994;0,670657287560329
3010;18,998;0,665071124301399
3011;19,002;0,595919188603168
3012;19,006;0,645188619052788
3013;19,011;0,58998885414819
3014;19,015;0,587606130483243
3015;19,019;0,536086349905618
3016;19,023;0,507043595900656
3017;19,027;0,481548452685727
3018;19,031;0,463492702246908
3019;19,035;0,387642665579439
3020;19,039;0,353304970096818
3021;19,044;0,315075492628118
3022;19,048;0,284020660861646
3023;19,052;0,297258014555794
3024;19,056;0,255322078052732
3025;19,060;0,23671035875876
3026;19,064;0,208197098901564
3027;19,068;0,188049846579071
3028;19,072;0,179842687288699
3029;19,077;0,171026609728396
3030;19,081;0,155644804735796
3031;19,085;0,14034242386536
3032;19,089;0,161866360972045
3033;19,093;0,147675917811918
3034;19,097;0,136741863660552
3035;19,101;0,192338749175975
3036;19,105;0,1474905948602
3037;19,110;0,135285754754196
3038;19,114;0,113020525840638
3039;19,118;0,132691233430143
3040;19,122;0,092026082881719
3041;19,126;0,10335725764391
3042;19,130;0,107540261411261
3043;19,134;0,103277833521745
3044;19,138;0,101133382223293
3045;19,142;0,0984859114844633
3046;19,147;0,102457117592708
3047;19,151;0,113338222329298
3048;19,155;0,0980623161662506
3049;19,159;0,0747380989571613
3050;19,163;0,0820451181963311
3051;19,167;0,086678191989283
3052;19,171;0,100895109856798
3053;19,175;0,100762736319857
3054;19,180;0,0886902697507936
3055;19,184;0,0805360598751982
3056;19,188;0,139204011447663
3057;19,192;0,226438172292101
3058;19,196;0,414832190067219
3059;19,200;0,781665735639457
3060;19,204;1,51392966729235
3061;19,208;3,01798426872887
3062;19,213;5,19963253106145
3063;19,217;8,38549291933951
3064;19,221;12,8726910745819
3065;19,225;18,4580336175834
3066;19,229;23,6160479086305
3067;19,233;28,9895927925257
3068;19,237;33,1976945824806
3069;19,241;35,1326250466617
3070;19,246;34,6965866159764
3071;19,250;32,0525575891072
3072;19,254;27,6089897516408
3073;19,258;22,5978306624766
3074;19,262;17,650184396337
3075;19,266;13,2441841686545
3076;19,270;10,0342053219457
3077;19,274;7,36333094178477
3078;19,279;5,6085079119663
3079;19,283;4,20921372766527
3080;19,287;3,29972810475512
3081;19,291;2,6840323097329
3082;19,295;2,19528273663755
3083;19,299;1,85513569611272
3084;19,303;1,56240485652032
3085;19,307;1,26737071738515
3086;19,311;1,19324153669792
3087;19,316;0,966220920843272
3088;19,320;0,870885499538016
3089;19,324;0,799112567808344
3090;19,328;0,717543994345002
3091;19,332;0,627450565102629
3092;19,336;0,584032044985823
3093;19,340;0,524490428069544
3094;19,344;0,469025916091062
3095;19,349;0,416473621925294
3096;19,353;0,361565078801967
3097;19,357;0,411258104569799
3098;19,361;0,360188394017775
3099;19,365;0,362173997071897
3100;19,369;0,278725719383986
3101;19,373;0,279890606509072
3102;19,377;0,276078248645157
3103;19,382;0,263608661465269
3104;19,386;0,271445174852205
3105;19,390;0,268453532917327
3106;19,394;0,28240570371096
3107;19,398;0,264349953272141
3108;19,402;0,24851807825394
3109;19,406;0,25955803123486
3110;19,410;0,23297742501701
3111;19,415;0,235810218707558
3112;19,419;0,227126514684196
3113;19,423;0,236683884051372
3114;19,427;0,190564943780959
3115;19,431;0,18868523955639
3116;19,435;0,210500398444346
3117;19,439;0,13817149785952
3118;19,443;0,154585816440264
3119;19,448;0,147066999541988
3120;19,452;0,153129707533907
3121;19,456;0,184766982862922
3122;19,460;0,144022408192333
3123;19,464;0,140951342135291
3124;19,468;0,146484555979445
3125;19,472;0,146219808905562
3126;19,476;0,148364260204014
3127;19,480;0,163878438733556
3128;19,485;0,152494314556588
3129;19,489;0,153262081070849
3130;19,493;0,151514750383221
3131;19,497;0,155485956491466
3132;19,501;0,145902112416903
3133;19,505;0,125198891239255
3134;19,509;0,141480836283057
3135;19,513;0,127581614904201
3136;19,518;0,125331264776196
3137;19,522;0,102933662325697
3138;19,526;0,0791593750910068
3139;19,530;0,0821774917332726
3140;19,534;0,118077194951803
3141;19,538;0,0962355613564581
3142;19,542;0,0922378805408253
3143;19,546;0,0999949698055962
3144;19,551;0,0776503167698739
3145;19,555;0,0835012271026875
3146;19,559;0,0602829087231513
3147;19,563;0,0733614141729699
3148;19,567;0,0845602153982193
3149;19,571;0,0719053052666135
3150;19,575;0,0788681533097355
3151;19,579;0,062215562362497
3152;19,584;0,0878430791143681
3153;19,588;0,0506461152338114
3154;19,592;0,0477338974210988
3155;19,596;0,0554909866858697
3156;19,600;0,0524993447509921
3157;19,604;0,0611830487743534
3158;19,608;0,0555704108080345
3159;19,612;0,029281026371456
3160;19,617;0,0456423955374233
3161;19,621;0,0477074227137105
3162;19,625;0,0522610723844975
3163;19,629;0,0564440761518483
3164;19,633;0,0687018656726296
3165;19,637;0,0741821301020071
3166;19,641;0,0564440761518483
3167;19,645;0,0523404965066624
3168;19,649;0,0550144419528803
3169;19,654;0,0563911267370717
3170;19,658;0,0568941461774494
3171;19,662;0,0605476557970343
3172;19,666;0,067748776206651
3173;19,670;0,0778621144289803
3174;19,674;0,0670604338145553
3175;19,678;0,082654036466262
3176;19,682;0,0717199823148955
3177;19,687;0,0567352979331196
3178;19,691;0,0690989862834541
3179;19,695;0,15961601084404
3180;19,699;0,254474887416307
3181;19,703;0,563752419126388
3182;19,707;1,1831017237682
3183;19,711;2,09698214810481
3184;19,715;3,94242810131341
3185;19,720;6,63988308769217
3186;19,724;10,3527490012417
3187;19,728;15,0889682541784
3188;19,732;20,2762900463043
3189;19,736;25,549919384516
3190;19,740;30,0514403564555
3191;19,744;32,7129956396157
3192;19,748;33,791787016274
3193;19,753;32,1145613538106
3194;19,757;28,6017118545797
3195;19,761;24,2578477651376
3196;19,765;19,3269864634821
3197;19,769;14,858558875778
3198;19,773;11,3976262777356
3199;19,777;8,76927027764026
3200;19,781;6,50854206433883
3201;19,786;4,93851249209068
3202;19,790;3,86504253161742
3203;19,794;3,05714036095616
3204;19,798;2,39225455960648
3205;19,802;2,0422589279332
3206;19,806;1,6796348608357
3207;19,810;1,39974425432663
3208;19,814;1,21569208856319
3209;19,819;1,02838353379099
3210;19,823;0,926482385053439
3211;19,827;0,798609548367967
3212;19,831;0,781321564443409
3213;19,835;0,695119917187115
3214;19,839;0,59557501740712
3215;19,843;0,568941461774494
3216;19,847;0,523113743285352
3217;19,851;0,500107222564923
3218;19,856;0,472970647491919
3219;19,860;0,425819193633362
3220;19,864;0,399476859782007
3221;19,868;0,375596673717764
3222;19,872;0,331278013549755
3223;19,876;0,310918963568155
3224;19,880;0,271762871340865
3225;19,884;0,250583105430227
3226;19,889;0,242111199065972
3227;19,893;0,247061969347584
3228;19,897;0,228979744201377
3229;19,901;0,19908979955999
3230;19,905;0,185058204644193
3231;19,909;0,190194297877523
3232;19,913;0,155088835880641
3233;19,917;0,19707772179848
3234;19,922;0,189638329022368
3235;19,926;0,234883603948967
3236;19,930;0,300911524175379
3237;19,934;0,339246900473633
3238;19,938;0,468205200162025
3239;19,942;0,580510908903179
3240;19,946;0,71836471027404
3241;19,950;0,851347165485454
3242;19,955;0,931433155335051
3243;19,959;1,02491534712313
3244;19,963;1,02613318366299
3245;19,967;0,979114103341373
3246;19,971;0,951527458242768
3247;19,975;0,823098652702141
3248;19,979;0,738644336133475
3249;19,983;0,658876042772537
3250;19,988;0,547576372912138
3251;19,992;0,473870787543121
3252;19,996;0,397597155557438
3253;20,000;0,348168876863488
3254;20,004;0,298396426973491
3255;20,008;0,242402420847244
3256;20,012;0,22675586878076
3257;20,016;0,253892443853764
3258;20,020;0,254501362123695
3259;20,025;0,361909249998014
3260;20,029;0,529097027155107
3261;20,033;0,976784329091203
3262;20,037;1,78743986932084
3263;20,041;3,26883212123298
3264;20,045;5,5967531418859
3265;20,049;8,98371540748546
3266;20,053;13,8859575504542
3267;20,058;20,1060312030901
3268;20,062;27,9523402317596
3269;20,066;37,0201922593251
3270;20,070;46,7670411072782
3271;20,074;56,3568419910039
3272;20,078;65,1804648429123
3273;20,082;71,3663331736026
3274;20,086;72,6964224727906
3275;20,091;68,955731641776
3276;20,095;61,2087821899348
3277;20,099;50,3907137316365
3278;20,103;39,5373809630969
3279;20,107;29,9039497615953
3280;20,111;22,1371707539202
3281;20,115;16,2421535585978
3282;20,119;12,0342106168872
3283;20,124;9,1546361183843
3284;20,128;7,14637071473768
3285;20,132;5,72147548839216
3286;20,136;4,67035018095462
3287;20,140;3,88902861651122
3288;20,144;3,27410058800325
3289;20,148;2,8724528022154
3290;20,152;2,47533219139095
3291;20,157;2,22850849440987
3292;20,161;1,95777813665714
3293;20,165;1,73832928711555
3294;20,169;1,54659945620951
3295;20,173;1,37305774927923
3296;20,177;1,31417800004765
3297;20,181;1,15564745220653
3298;20,185;1,04839841257655
3299;20,189;1,00519169011884
3300;20,194;0,918963568155163
3301;20,198;0,851956083755384
3302;20,202;0,815368038144758
3303;20,206;0,733243495826262
3304;20,210;0,705630376020269
3305;20,214;0,684768306598291
3306;20,218;0,592768698423961
3307;20,222;0,555518785128627
3308;20,227;0,504607922820933
3309;20,231;0,489835036098264
3310;20,235;0,497883347144306
3311;20,239;0,453697060513239
3312;20,243;0,40503654833355
3313;20,247;0,41901519383457
3314;20,251;0,379753202777726
3315;20,255;0,379912051022056
3316;20,260;0,352934324193382
3317;20,264;0,317722963366947
3318;20,268;0,322488410696841
3319;20,272;0,28116139246371
3320;20,276;0,296225500967651
3321;20,280;0,278593345847045
3322;20,284;0,268824178820764
3323;20,288;0,275442855667838
3324;20,293;0,280314201827284
3325;20,297;0,252012739629195
3326;20,301;0,310601267079496
3327;20,305;0,410066742737326
3328;20,309;0,63412219136448
3329;20,313;1,19340038494225
3330;20,317;2,01859053952806
3331;20,321;3,47978258970293
3332;20,326;5,70161945785094
3333;20,330;8,76514022328768
3334;20,334;12,9714682078476
3335;20,338;17,2915315353477
3336;20,342;22,7957026254967
3337;20,346;27,4375395465942
3338;20,350;31,7445243686444
3339;20,354;33,8919143596165
3340;20,358;33,8745204768624
3341;20,363;32,0948641715137
3342;20,367;28,2633386194499
3343;20,371;23,990876815834
3344;20,375;19,1742274018516
3345;20,379;15,1795911775685
3346;20,383;11,3436443493708
3347;20,387;8,68598084819668
3348;20,391;6,63604425512087
3349;20,396;5,13823768462799
3350;20,400;4,09674917067979
3351;20,404;3,29919861060736
3352;20,408;2,71948194292583
3353;20,412;2,19099383404065
3354;20,416;1,87104699525309
3355;20,420;1,59308904238336
3356;20,424;1,42418040924603
3357;20,429;1,26093736348979
3358;20,433;1,11879465952203
3359;20,437;1,01789954966523
3360;20,441;0,956266430865273
3361;20,445;0,978108064460618
3362;20,449;1,08448343874679
3363;20,453;1,49605923980525
3364;20,457;2,24280483639955
3365;20,462;3,68763551740844
3366;20,466;6,20643917833098
3367;20,470;10,0887961685803
3368;20,474;15,4019257702154
3369;20,478;23,0452532173388
3370;20,482;32,1289900693373
3371;20,486;42,2343858794501
3372;20,490;51,5013541812829
3373;20,495;60,2566458134221
3374;20,499;67,2309044554285
3375;20,503;69,2917751026557
3376;20,507;65,848077539123
3377;20,511;59,5441849628957
3378;20,515;49,8650319417345
3379;20,519;40,0558351578819
3380;20,523;30,6793674662911
3381;20,527;23,2008980220746
3382;20,532;17,1857650793315
3383;20,536;12,9215633844207
3384;20,540;9,84644669714788
3385;20,544;7,64719275440208
3386;20,548;6,24294779981944
3387;20,552;5,09979640950018
3388;20,556;4,22107439657523
3389;20,560;3,66801775923372
3390;20,565;3,1830540692949
3391;20,569;2,6846941774176
3392;20,573;2,36037901191097
3393;20,577;2,16602818497349
3394;20,581;1,90596713429825
3395;20,585;1,75069297546589
3396;20,589;1,59229480116171
3397;20,593;1,42643075937403
3398;20,598;1,28547941723874
3399;20,602;1,26649705204133
3400;20,606;1,05652614774475
3401;20,610;1,02968079445302
3402;20,614;0,985415083699787
3403;20,618;0,888332331706904
3404;20,622;0,83570061341897
3405;20,626;0,777006187139117
3406;20,631;0,773829222252521
3407;20,635;0,699594142735737
3408;20,639;0,65572555259333
3409;20,643;0,633566222509326
3410;20,647;0,612651203672571
3411;20,651;0,543816964463
3412;20,655;0,520916342572124
3413;20,659;0,520254474887416
3414;20,664;0,50402547925839
3415;20,668;0,491820639152386
3416;20,672;0,435429512415314
3417;20,676;0,382744844712604
3418;20,680;0,388198634434593
3419;20,684;0,393731848278747
3420;20,688;0,391375599321188
3421;20,692;0,357249701497674
3422;20,696;0,32296495542983
3423;20,701;0,316002107386708
3424;20,705;0,295669532112496
3425;20,709;0,340199989939611
3426;20,713;0,275284007423508
3427;20,717;0,225458608118734
3428;20,721;0,262893844365785
3429;20,725;0,289156754094975
3430;20,729;0,218813456564271
3431;20,734;0,225802779314782
3432;20,738;0,214074483941766
3433;20,742;0,212883122109293
3434;20,746;0,189479480778039
3435;20,750;0,154850563514147
3436;20,754;0,193794858082331
3437;20,758;0,210526873151734
3438;20,762;0,213015495646234
3439;20,767;0,247988584106174
3440;20,771;0,386583677283907
3441;20,775;0,717782266711497
3442;20,779;1,31690489490865
3443;20,783;2,43569955443067
3444;20,787;4,5145465279745
3445;20,791;7,3532970276846
3446;20,795;11,5742390507229
3447;20,800;16,3298377894678
3448;20,804;21,7510371466619
3449;20,808;26,3445312520683
3450;20,812;30,0537701307056
3451;20,816;31,7881811611277
3452;20,820;31,5971926220285
3453;20,824;29,2881215930361
3454;20,828;25,4993526934044
3455;20,833;21,1092108154475
3456;20,837;16,634005702652
3457;20,841;13,0051175609382
3458;20,845;9,91808725534061
3459;20,849;7,48471747516011
3460;20,853;5,82552108842817
3461;20,857;4,62476073483198
3462;20,861;3,68173165766085
3463;20,865;3,02277619076615
3464;20,870;2,56256635223539
3465;20,874;2,1399770729034
3466;20,878;1,82926990699435
3467;20,882;1,57611875494746
3468;20,886;1,49915678056968
3469;20,890;1,27748405560748
3470;20,894;1,15294703205293
3471;20,898;1,01220748757674
3472;20,903;0,916925015686264
3473;20,907;0,845919850470853
3474;20,911;0,803454419820025
3475;20,915;0,74960486499223
3476;20,919;0,673675404202595
3477;20,923;0,616437086829098
3478;20,927;0,595839764481003
3479;20,931;0,552288870827255
3480;20,936;0,528408684763012
3481;20,940;0,474426756398275
3482;20,944;0,449725854404994
3483;20,948;0,492456032129705
3484;20,952;0,424495458263948
3485;20,956;0,436303177759128
3486;20,960;0,403183318816369
3487;20,964;0,347268736812286
3488;20,969;0,354125686025855
3489;20,973;0,371440144657801
3490;20,977;0,352590152997334
3491;20,981;0,348274775693042
3492;20,985;0,315790309727602
3493;20,989;0,359129405722243
3494;20,993;0,309065734050974
3495;20,997;0,314545998480352
3496;21,002;0,275469330375226
3497;21,006;0,306391788604756
3498;21,010;0,264508801516471
3499;21,014;0,252648132606514
3500;21,018;0,282114481929688
3501;21,022;0,278460972310104
3502;21,026;0,27385437322454
3503;21,030;0,259425657697918
3504;21,034;0,301308644786204
3505;21,039;0,239225455960648
3506;21,043;0,281717361318864
3507;21,047;0,275787026863886
3508;21,051;0,253892443853764
3509;21,055;0,26779166523262
3510;21,059;0,253045253217339
3511;21,063;0,26795051347695
3512;21,067;0,194165503985767
3513;21,072;0,239278405375425
3514;21,076;0,200360585514629
3515;21,080;0,206926312946926
3516;21,084;0,198348507753118
3517;21,088;0,188261644238177
3518;21,092;0,233533393872164
3519;21,096;0,32312380367416
3520;21,100;0,517448155904257
3521;21,105;0,897836751659302
3522;21,109;1,59931059861961
3523;21,113;2,9857910245447
3524;21,117;5,04915029426637
3525;21,121;8,06840534894988
3526;21,125;12,2025897558767
3527;21,129;16,9190853518091
3528;21,133;21,9007251422354
3529;21,138;26,1053587455225
3530;21,142;29,220822886855
3531;21,146;30,2245319933601
3532;21,150;29,9351634416061
3533;21,154;26,9444216467797
3534;21,158;23,0627000495077
3535;21,162;18,9664538982683
3536;21,166;15,0021047392374
3537;21,171;11,6111447928222
3538;21,175;8,7377389011408
3539;21,179;6,7334711783098
3540;21,183;5,14872166875376
3541;21,187;4,04652665076419
3542;21,191;3,25924827715842
3543;21,195;2,63934300366145
3544;21,199;2,1969771179104
3545;21,203;1,80147146423664
3546;21,208;1,59210947820999
3547;21,212;1,41197556914002
3548;21,216;1,23994292053087
3549;21,220;1,15085553016925
3550;21,224;1,06385964169131
3551;21,228;0,948165170404454
3552;21,232;0,874671382694543
3553;21,236;0,846502294033395
3554;21,241;0,785689891162478
3555;21,245;0,716193784268199
3556;21,249;0,711640134597412
3557;21,253;0,60272318840196
3558;21,257;0,626523950344039
3559;21,261;0,584402690889259
3560;21,265;0,57863120467861
3561;21,269;0,527879190615246
3562;21,274;0,49237660800754
3563;21,278;0,484037075180227
3564;21,282;0,448031473132143
3565;21,286;0,439162446157064
3566;21,290;0,40797524085365
3567;21,294;0,396193996065858
3568;21,298;0,364450821907291
3569;21,302;0,373611070663642
3570;21,307;0,379885576314668
3571;21,311;0,32762450393017
3572;21,315;0,320555757057495
3573;21,319;0,358652860989254
3574;21,323;0,29172480071164
3575;21,327;0,30043497944239
3576;21,331;0,293233859032773
3577;21,335;0,281187867171098
3578;21,340;0,249471167719919
3579;21,344;0,251721517847924
3580;21,348;0,222837612087292
3581;21,352;0,214392180430426
3582;21,356;0,203061005668235
3583;21,360;0,235969066951888
3584;21,364;0,190935589684395
3585;21,368;0,21883993127166
3586;21,372;0,200440009636793
3587;21,377;0,182384259197975
3588;21,381;0,171106033850561
3589;21,385;0,178042407186295
3590;21,389;0,200943029077171
3591;21,393;0,187096757113092
3592;21,397;0,239860848937967
3593;21,401;0,190167823170134
3594;21,405;0,164037286977886
3595;21,410;0,228714997127494
3596;21,414;0,156942065397822
3597;21,418;0,163825489318779
3598;21,422;0,193053566275459
3599;21,426;0,171556103876162
3600;21,430;0,180478080266018
3601;21,434;0,167478998938364
3602;21,438;0,176083278839561
3603;21,443;0,148814330229615
3604;21,447;0,120618766861079
3605;21,451;0,145928587124291
3606;21,455;0,148655481985285
3607;21,459;0,125040042994925
3608;21,463;0,149767419695594
3609;21,467;0,11858021439218
3610;21,471;0,155433007076689
3611;21,476;0,145955061831679
3612;21,480;0,105131063038926
3613;21,484;0,121015887471904
3614;21,488;0,141321988038727
3615;21,492;0,142539824578589
3616;21,496;0,141163139794397
3617;21,500;0,108546300292016
3618;21,504;0,0944617559614422
3619;21,509;0,0919996081743307
3620;21,513;0,113126424670191
3621;21,517;0,150032166769477
3622;21,521;0,132400011648871
3623;21,525;0,114979654187372
3624;21,529;0,127793412563308
3625;21,533;0,0908082463418573
3626;21,537;0,122683794037366
3627;21,541;0,0907023475123041
3628;21,546;0,138780416129451
3629;21,550;0,160224929113971
3630;21,554;0,233321596213058
3631;21,558;0,578604729971222
3632;21,562;1,04376533878359
3633;21,566;1,88288118945565
3634;21,570;3,50988433200342
3635;21,574;5,83121315051665
3636;21,579;9,36781046227487
3637;21,583;13,7997294284905
3638;21,587;19,2294536414636
3639;21,591;24,4347782346136
3640;21,595;30,5817022707357
3641;21,599;35,5283954474093
3642;21,603;40,3790383856782
3643;21,607;45,0265408941568
3644;21,612;49,855659895319
3645;21,616;54,6084523150808
3646;21,620;59,13552137965
3647;21,624;65,7791903504987
3648;21,628;72,3755225445371
3649;21,632;77,6367352449837
3650;21,636;79,4471286856102
3651;21,640;77,8914748794739
3652;21,645;70,8331325668023
3653;21,649;59,9333366867963
3654;21,653;47,94098258229
3655;21,657;36,6773447986466
3656;21,661;27,3147763284346
3657;21,665;20,281452614245
3658;21,669;15,2959475165401
3659;21,673;11,9072643949603
3660;21,678;9,52411713469537
3661;21,682;7,76971770019512
3662;21,686;6,33947458295717
3663;21,690;5,35816307890257
3664;21,694;4,70010775205907
3665;21,698;4,10635948946174
3666;21,702;3,55499723339308
3667;21,706;3,19194957097737
3668;21,710;2,83949179151697
3669;21,715;2,60511120700838
3670;21,719;2,33779608650875
3671;21,723;2,11601746271699
3672;21,727;1,95886359966006
3673;21,731;1,8560887855787
3674;21,735;1,68294419925924
3675;21,739;1,57866032685674
3676;21,743;1,51128219655352
3677;21,748;1,44239500792917
3678;21,752;1,42460400456424
3679;21,756;1,39172241798798
3680;21,760;1,42158588792197
3681;21,764;1,51377081904802
3682;21,768;1,56010155697754
3683;21,772;1,6773845107077
3684;21,776;1,71291356802279
3685;21,781;1,70806869657073
3686;21,785;1,70777747478946
3687;21,789;1,60616754783318
3688;21,793;1,48589295216815
3689;21,797;1,42171826145892
3690;21,801;1,2106883688668
3691;21,805;1,09832971071087
3692;21,809;0,982052795861474
3693;21,814;0,890953327738345
3694;21,818;0,860083818923591
3695;21,822;0,752914203415767
3696;21,826;0,694405100087631
3697;21,830;0,675713956671494
3698;21,834;0,687812897947945
3699;21,838;0,727180787834342
3700;21,842;0,974533978963197
3701;21,847;1,22506413497865
3702;21,851;1,94618221482107
3703;21,855;3,24810242534794
3704;21,859;5,43422491322915
3705;21,863;8,25327823064236
3706;21,867;11,7970501881028
3707;21,871;16,0125384214191
3708;21,875;20,0217622094732
3709;21,879;23,5046423399405
3710;21,884;25,6478228524379
3711;21,888;25,7866297432748
3712;21,892;24,456355121135
3713;21,896;21,6632470169623
3714;21,900;18,4834228619688
3715;21,904;15,2637277976485
3716;21,908;12,1082338987448
3717;21,912;9,26948339903473
3718;21,917;7,10086069273719
3719;21,921;5,51264299651328
3720;21,925;4,45132492673125
3721;21,929;3,46974867560276
3722;21,933;2,86723728485991
3723;21,937;2,35209242849843
3724;21,941;1,98361745106812
3725;21,945;1,73907057892243
3726;21,950;1,54008667819199
3727;21,954;1,33879947791877
3728;21,958;1,26655000145611
3729;21,962;1,20250768428382
3730;21,966;1,08837522073287
3731;21,970;1,01318705175011
3732;21,974;1,11776214593388
3733;21,978;1,39362859691993
3734;21,983;1,9775547430762
3735;21,987;3,01488672796444
3736;21,991;4,88225373889055
3737;21,995;7,62400091072993
3738;21,999;11,2741747171839
3739;22,003;16,0722653612871
3740;22,007;21,6416701304409
3741;22,011;27,6347496419296
3742;22,016;32,2235841988356
3743;22,020;35,2719879063537
3744;22,024;35,818214069189
3745;22,028;34,0338187912178
3746;22,032;30,4273282519545
3747;22,036;25,853398955308
3748;22,040;20,6682216144806
3749;22,044;16,2152552558913
3750;22,048;12,6060907711818
3751;22,053;9,64926307651985
3752;22,057;7,37646239664936
3753;22,061;5,96880220481363
3754;22,065;4,76645336877414
3755;22,069;3,8644071386401
3756;22,073;3,2861995292797
3757;22,077;2,88666972008292
3758;22,081;2,50884917094454
3759;22,086;2,12726921335702
3760;22,090;1,93948411385183
3761;22,094;1,88809670681115
3762;22,098;1,68450620699515
3763;22,102;1,65329252698435
3764;22,106;1,52489019615111
3765;22,110;1,36739216189813
3766;22,114;1,25137999412261
3767;22,119;1,1050542863875
3768;22,123;1,02433290356058
3769;22,127;0,997011005535861
3770;22,131;0,900272424739026
3771;22,135;0,809490653104557
3772;22,139;0,804751680482051
3773;22,143;0,730940196283481
3774;22,147;0,699382345076631
3775;22,152;0,740524040358044
3776;22,156;0,675872804915824
3777;22,160;0,688951310365642
3778;22,164;0,654084120735256
3779;22,168;0,693981504769419
3780;22,172;0,698535154440206
3781;22,176;0,635551825563448
3782;22,180;0,62572970912239
3783;22,185;0,610242005300236
3784;22,189;0,553241960293234
3785;22,193;0,528196887103905
3786;22,197;0,489252592535721
3787;22,201;0,523246116822294
3788;22,205;0,496030117627125
3789;22,209;0,422933450528038
3790;22,213;0,439638990890053
3791;22,217;0,39367889886397
3792;22,222;0,405883738969975
3793;22,226;0,409881419785608
3794;22,230;0,367204191475674
3795;22,234;0,363047662415711
3796;22,238;0,407286898461555
3797;22,242;0,383141965323428
3798;22,246;0,395717451332869
3799;22,250;0,345150760221223
3800;22,255;0,354284534270185
3801;22,259;0,393175879423593
3802;22,263;0,369851662214503
3803;22,267;0,33757899390817
3804;22,271;0,352775475949052
3805;22,275;0,342847460678441
3806;22,279;0,315843259142378
3807;22,283;0,338108488055936
3808;22,288;0,316769873900969
3809;22,292;0,313434060770043
3810;22,296;0,298978870536033
3811;22,300;0,35078987289493
3812;22,304;0,462010118633164
3813;22,308;0,693690282988147
3814;22,312;1,20650536509945
3815;22,316;2,04355618859523
3816;22,321;3,48182114217183
3817;22,325;5,94680172297396
3818;22,329;9,24510019353011
3819;22,333;13,655971767372
3820;22,337;19,120933815879
3821;22,341;25,2120491688266
3822;22,345;31,2290882905017
3823;22,349;35,9379326959989
3824;22,354;38,5649649607248
3825;22,358;38,814594976689
3826;22,362;35,506553813814
3827;22,366;30,513609323333
3828;22,370;24,7290710819419
3829;22,374;19,3158935610864
3830;22,378;14,7083943354716
3831;22,382;11,2215165241886
3832;22,386;8,57105414342408
3833;22,391;6,7965868807235
3834;22,395;5,44571493623567
3835;22,399;4,46326501976337
3836;22,403;3,71612230255825
3837;22,407;3,10768057736042
3838;22,411;2,75432265784882
3839;22,415;2,38809803054652
3840;22,419;2,08271228082252
3841;22,424;1,94094022275819
3842;22,428;1,74418019744837
3843;22,432;1,61961669918643
3844;22,436;1,45046979368261
3845;22,440;1,32368242000005
3846;22,444;1,22231076541027
3847;22,448;1,20992060235254
3848;22,452;1,09446440343218
3849;22,457;1,08196834154491
3850;22,461;1,0600472838274
3851;22,465;1,06261533044406
3852;22,469;1,02147363516265
3853;22,473;0,980782009906836
3854;22,477;0,913959848458775
3855;22,481;0,887088020459654
3856;22,485;0,788469735438249
3857;22,490;0,765966234158197
3858;22,494;0,751590468046352
3859;22,498;0,668195139773218
3860;22,502;0,685138952501728
3861;22,506;0,599440324685811
3862;22,510;0,592451001935301
3863;22,514;0,534921462780533
3864;22,518;0,510167611372475
3865;22,523;0,520413323131746
3866;22,527;0,469740733190546
3867;22,531;0,510882428471959
3868;22,535;0,461639472729728
3869;22,539;0,488034755995859
3870;22,543;0,446363566566681
3871;22,547;0,460448110897254
3872;22,551;0,42150381632907
3873;22,555;0,385418790158822
3874;22,560;0,405857264262587
3875;22,564;0,357355600327227
3876;22,568;0,412211194035778
3877;22,572;0,419200516786288
3878;22,576;0,435906057148303
3879;22,580;0,390157762781327
3880;22,584;0,495580047601524
3881;22,588;0,60894474463821
3882;22,593;0,865378760401251
3883;22,597;1,42439220690513
3884;22,601;2,41406971849444
3885;22,605;4,0754635059396
3886;22,609;6,49104228275517
3887;22,613;9,96113512955398
3888;22,617;14,4672891752864
3889;22,621;19,0864107974447
3890;22,626;24,0083765974177
3891;22,630;27,8595199076562
3892;22,634;30,170523590288
3893;22,638;30,3121103254006
3894;22,642;28,8083469457454
3895;22,646;25,8740492270709
3896;22,650;21,8384301557507
3897;22,654;17,3896468009287
3898;22,659;13,7947521835015
3899;22,663;10,807134404147
3900;22,667;8,28653046312206
3901;22,671;6,49887879614211
3902;22,675;5,13315454080944
3903;22,679;4,17191086495516
3904;22,683;3,42971891803166
3905;22,687;2,85071706744961
3906;22,692;2,4664102150011
3907;22,696;2,11082842006889
3908;22,700;1,92939725033689
3909;22,704;1,67473703996887
3910;22,708;1,49272342667433
3911;22,712;1,36794813075328
3912;22,716;1,27089185346779
3913;22,720;1,16790524172732
3914;22,724;1,08159769564147
3915;22,729;0,99407231301576
3916;22,733;0,948271069234007
3917;22,737;0,897624954000196
3918;22,741;0,831941204969832
3919;22,745;0,788099089534813
3920;22,749;0,767978311919708
3921;22,753;0,760777191510091
3922;22,757;0,720562110987268
3923;22,762;0,664012136005867
3924;22,766;0,674787341912904
3925;22,770;0,604947063822577
3926;22,774;0,642726471265676
3927;22,778;0,554936341566085
3928;22,782;0,543260995607846
3929;22,786;0,523802085677448
3930;22,790;0,479642273753769
3931;22,795;0,492323658592763
3932;22,799;0,457138772473717
3933;22,803;0,467596281892094
3934;22,807;0,452108578069941
3935;22,811;0,464207519346392
3936;22,815;0,406704454899012
3937;22,819;0,436806197199505
3938;22,823;0,436541450125623
3939;22,828;0,441624593944175
3940;22,832;0,374617109544397
3941;22,836;0,379356082166902
3942;22,840;0,376682136720684
3943;22,844;0,420947847473916
3944;22,848;0,381950603490955
3945;22,852;0,378747163896971
3946;22,856;0,369957561044057
3947;22,861;0,333554838385149
3948;22,865;0,345997950857648
3949;22,869;0,341814947090297
3950;22,873;0,342820985971053
3951;22,877;0,325268254972612
3952;22,881;0,383353762982535
3953;22,885;0,350975195846648
3954;22,889;0,344065297218302
3955;22,893;0,323812146066256
3956;22,898;0,305597547383108
3957;22,902;0,277163711648077
3958;22,906;0,332151678893569
3959;22,910;0,319258496395469
3960;22,914;0,308086169877607
3961;22,918;0,331728083575356
3962;22,922;0,356879055594238
3963;22,926;0,330060177009894
3964;22,931;0,34597147615026
3965;22,935;0,437706337250708
3966;22,939;0,412926011135262
3967;22,943;0,430266944474596
3968;22,947;0,420047707422714
3969;22,951;0,455470865908255
3970;22,955;0,438765325546239
3971;22,959;0,400800595151422
3972;22,964;0,428360765542639
3973;22,968;0,345733203783765
3974;22,972;0,334481453143739
3975;22,976;0,313831181380868
3976;22,980;0,333369515433431
3977;22,984;0,309304006417469
3978;22,988;0,292307244274183
3979;22,992;0,267156272255301
3980;22,997;0,290268691805284
3981;23,001;0,300461454149778
3982;23,005;0,363206510660041
3983;23,009;0,456397480666845
3984;23,013;0,644420852538527
3985;23,017;1,15585924986564
3986;23,021;2,0377317529698
3987;23,025;3,46252108048576
3988;23,030;6,08192862948382
3989;23,034;10,1120409616673
3990;23,038;16,2794828960153
3991;23,042;24,4897662018591
3992;23,046;34,4691953542183
3993;23,050;46,2722288261909
3994;23,054;59,4723326070439
3995;23,058;72,2198512650939
3996;23,062;83,5067073671168
3997;23,067;92,7497425334707
3998;23,071;98,2316219199987
3999;23,075;98,614207916467
4000;23,079;91,2864589814121
4001;23,083;78,5791554038849
4002;23,087;64,3374836849616
4003;23,091;50,1020864716893
4004;23,095;38,005210222414
4005;23,100;28,7793041917404
4006;23,104;21,6593552349763
4007;23,108;17,048890842134
4008;23,112;13,5232805339419
4009;23,116;10,9237290154851
4010;23,120;9,18963568155163
4011;23,124;7,7120822622108
4012;23,128;6,62590444219115
4013;23,133;5,78424701960982
4014;23,137;5,16786288219549
4015;23,141;4,6928007328199
4016;23,145;4,23272326782608
4017;23,149;3,76708611428072
4018;23,153;3,4909284415134
4019;23,157;3,25916885303625
4020;23,161;3,06510924788004
4021;23,166;2,86911698908448
4022;23,170;2,6865209322274
4023;23,174;2,51364109298182
4024;23,178;2,47133451057532
4025;23,182;2,28198740333422
4026;23,186;2,04705084997048
4027;23,190;1,97636338124373
4028;23,194;1,79805622698355
4029;23,199;1,80401303614592
4030;23,203;1,72609797230216
4031;23,207;1,53788927747876
4032;23,211;1,57042669285898
4033;23,215;1,41086363142971
4034;23,219;1,37642003711754
4035;23,223;1,336019633643
4036;23,227;1,35624631008766
4037;23,231;1,31367498060728
4038;23,236;1,25092992409701
4039;23,240;1,15890384121529
4040;23,244;1,15088200487664
4041;23,248;1,12231579560467
4042;23,252;1,06711603070007
4043;23,256;0,980861434029
4044;23,260;0,940328657017518
4045;23,264;0,91901651756994
4046;23,269;0,920393202354131
4047;23,273;0,906785202756547
4048;23,277;0,995581371336893
4049;23,281;1,03219589165491
4050;23,285;1,13205848792356
4051;23,289;1,62957118916443
4052;23,293;2,38042036540391
4053;23,297;3,7338868312158
4054;23,302;5,96956997132789
4055;23,306;8,97804982010436
4056;23,310;12,6423875950111
4057;23,314;17,1886243477294
4058;23,318;21,7946409897305
4059;23,322;25,3903827977941
4060;23,326;27,3885613379258
4061;23,330;27,7331826039993
4062;23,335;26,0851320690778
4063;23,339;23,5562680193477
4064;23,343;20,147066999542
4065;23,347;16,9399474212311
4066;23,351;14,6029191012366
4067;23,355;13,0466828515378
4068;23,359;12,734360728478
4069;23,363;14,174081790961
4070;23,368;16,2731554409495
4071;23,372;19,5249643253318
4072;23,376;22,4503665423238
4073;23,380;25,0378455942116
4074;23,384;26,4164895067497
4075;23,388;26,5509280708675
4076;23,392;25,4625528501346
4077;23,396;23,698516622145
4078;23,400;21,8409187782452
4079;23,405;20,3903166110257
4080;23,409;20,2377428723469
4081;23,413;20,978134539168
4082;23,417;23,5389535607158
4083;23,421;26,7959779624536
4084;23,425;31,0053770130706
4085;23,429;35,3205954691186
4086;23,433;37,2240739809223
4087;23,438;37,6962239124852
4088;23,442;35,7099060412635
4089;23,446;31,7716874184248
4090;23,450;27,0565420325692
4091;23,454;22,3067412547423
4092;23,458;17,9562055390383
4093;23,462;14,2394478435027
4094;23,466;11,3753875235294
4095;23,471;9,09893333403932
4096;23,475;7,3204948652305
4097;23,479;6,23140482739815
4098;23,483;5,35908969366116
4099;23,487;4,59026419110503
4100;23,491;4,11491081994816
4101;23,495;3,66889142457753
4102;23,499;3,30984144297745
4103;23,504;3,01938742822045
4104;23,508;2,81494973776802
4105;23,512;2,57704801717679
4106;23,516;2,30319364395225
4107;23,520;2,19440907129374
4108;23,524;2,08761010168935
4109;23,528;1,89402704126613
4110;23,532;1,82813149457666
4111;23,537;1,69443422226576
4112;23,541;1,66242630103331
4113;23,545;1,48276893669633
4114;23,549;1,44477773159412
4115;23,553;1,41147254969964
4116;23,557;1,3518515086612
4117;23,561;1,23155043828878
4118;23,565;1,1919178013285
4119;23,569;1,11916530542546
4120;23,574;1,10230091681912
4121;23,578;1,05133710509665
4122;23,582;1,03629947130009
4123;23,586;0,998546538564383
4124;23,590;0,994204686552702
4125;23,594;0,965664951988118
4126;23,598;0,998414165027441
4127;23,602;0,99547547250734
4128;23,607;1,04289167343978
4129;23,611;1,0349227865159
4130;23,615;1,04744532311057
4131;23,619;0,982529340594463
4132;23,623;0,942261310656864
4133;23,627;0,851055943704182
4134;23,631;0,862069421977714
4135;23,635;0,831623508481173
4136;23,640;0,764854296447888
4137;23,644;0,781427463272962
4138;23,648;0,811846902062115
4139;23,652;0,79747113595027
4140;23,656;0,816718248221562
4141;23,660;0,810284894326205
4142;23,664;0,76125373624308
4143;23,668;0,757494327793942
4144;23,673;0,8026072291836
4145;23,677;0,795617906433089
4146;23,681;0,887696938729585
4147;23,685;0,908850229932834
4148;23,689;1,19210312428022
4149;23,693;1,78010637537429
4150;23,697;2,72032913356225
4151;23,701;4,12110590147702
4152;23,706;6,74731745027388
4153;23,710;10,0028063189832
4154;23,714;14,3360275760552
4155;23,718;19,3788768899632
4156;23,722;24,7622703650068
4157;23,726;30,2862180615749
4158;23,730;34,4393848336991
4159;23,734;36,1587317556173
4160;23,738;35,9402359955417
4161;23,743;32,9311472284953
4162;23,747;28,3282810766734
4163;23,751;23,0693716757696
4164;23,755;18,41204705085
4165;23,759;14,471763400835
4166;23,763;11,3252973771507
4167;23,767;9,03960351478215
4168;23,771;7,30280976069512
4169;23,776;6,10670895559927
4170;23,780;5,12354422202749
4171;23,784;4,45831424948176
4172;23,788;3,92238674782047
4173;23,792;3,38471191547155
4174;23,796;3,05992020523193
4175;23,800;2,73663755331344
4176;23,804;2,5087167974076
4177;23,809;2,36127915196217
4178;23,813;2,11427013202937
4179;23,817;2,05904389241738
4180;23,821;1,9063113054943
4181;23,825;1,73433160629992
4182;23,829;1,73814396416384
4183;23,833;1,58760877795398
4184;23,837;1,59939002274177
4185;23,842;1,51660361273857
4186;23,846;1,48131282778997
4187;23,850;1,38605683060688
4188;23,854;1,36260023986085
4189;23,858;1,29448081775076
4190;23,862;1,192156073695
4191;23,866;1,21683050098089
4192;23,870;1,11527352343938
4193;23,875;1,11000505666911
4194;23,879;1,03465803944202
4195;23,883;1,00373558121249
4196;23,887;0,991795488180367
4197;23,891;1,04649223364459
4198;23,895;0,988036079731229
4199;23,899;0,985203286040681
4200;23,903;0,94620604205772
4201;23,907;1,02136773633309
4202;23,912;0,957140096209087
4203;23,916;0,909088502299328
4204;23,920;0,879410355317048
4205;23,924;0,898869265247446
4206;23,928;0,809199431323285
4207;23,932;0,831570559066396
4208;23,936;0,824157640997673
4209;23,940;0,814865018704381
4210;23,945;0,771923043320564
4211;23,949;0,723897924118194
4212;23,953;0,678758548021148
4213;23,957;0,705127356579891
4214;23,961;0,745263012980549
4215;23,965;0,841710371996114
4216;23,969;1,00979828920441
4217;23,973;1,34176464514626
4218;23,978;2,01236898329181
4219;23,982;3,07381942661079
4220;23,986;5,01589806178667
4221;23,990;7,79219472676778
4222;23,994;10,916633793905
4223;23,998;15,383075778555
4224;24,002;19,8885414818953
4225;24,006;24,2955212737511
4226;24,011;27,5063473110963
4227;24,015;29,0887935211096
4228;24,019;29,1251962437685
4229;24,023;27,3011153794223
4230;24,027;24,1608444372669
4231;24,031;20,4455428506376
4232;24,035;16,7079495603875
4233;24,039;13,74651526664
4234;24,044;10,6446855996124
4235;24,048;8,6436213163754
4236;24,052;6,89785263648374
4237;24,056;5,96739904532205
4238;24,060;5,55349347001342
4239;24,064;5,41185378548604
4240;24,068;6,07605124444362
4241;24,072;7,38281632642255
4242;24,076;9,38586621271368
4243;24,081;11,9131682547079
4244;24,085;14,8404501759244
4245;24,089;18,0204861285771
4246;24,093;20,329927803473
4247;24,097;21,7689340488564
4248;24,101;22,2723506098449
4249;24,105;21,4674400811185
4250;24,109;19,578363810134
4251;24,114;17,1480386213031
4252;24,118;14,1503075037263
4253;24,122;11,7466158705281
4254;24,126;9,61712278175045
4255;24,130;7,79952822071434
4256;24,134;6,41561584140591
4257;24,138;5,14377089847214
4258;24,142;4,3127563082609
4259;24,147;3,66094901236104
4260;24,151;3,1249156118702
4261;24,155;2,83194649991131
4262;24,159;2,520471567488
4263;24,163;2,2483380502437
4264;24,167;2,05160449964127
4265;24,171;1,8655932055311
4266;24,175;1,73954712365542
4267;24,180;1,6149306759787
4268;24,184;1,50979961293978
4269;24,188;1,42701320293657
4270;24,192;1,36008514265896
4271;24,196;1,30117891872
4272;24,200;1,22781750454703
4273;24,204;1,2403400411417
4274;24,208;1,1310789237502
4275;24,213;1,12252759326378
4276;24,217;1,05559953298616
4277;24,221;0,984461994233809
4278;24,225;1,05739981308857
4279;24,229;0,956292905572661
4280;24,233;0,95584283554706
4281;24,237;0,911497700671663
4282;24,241;0,864266822690942
4283;24,245;0,878563164680622
4284;24,250;0,843192955609858
4285;24,254;0,823019228579976
4286;24,258;0,817565438857987
4287;24,262;0,76948737024084
4288;24,266;0,775232381744101
4289;24,270;0,793976474575015
4290;24,274;0,783730762815744
4291;24,278;0,796676894728621
4292;24,283;0,743012662852544
4293;24,287;0,723130157603933
4294;24,291;0,717491044930226
4295;24,295;0,732740476385885
4296;24,299;0,722785986407885
4297;24,303;0,693743232402924
4298;24,307;0,641190938237155
4299;24,311;0,630786378233555
4300;24,316;0,625544386170672
4301;24,320;0,631977740066028
4302;24,324;0,587897352264514
4303;24,328;0,640502595845059
4304;24,332;0,624591296704693
4305;24,336;0,620249444693013
4306;24,340;0,577360418723972
4307;24,344;0,599837445296636
4308;24,349;0,576725025746653
4309;24,353;0,64717422210691
4310;24,357;0,732846375215438
4311;24,361;0,888941249976835
4312;24,365;1,23568049264136
4313;24,369;1,74396839978926
4314;24,373;2,6218167473704
4315;24,377;3,9395158835007
4316;24,382;6,06310511253074
4317;24,386;8,71825351650301
4318;24,390;12,3246381569368
4319;24,394;16,8757727305219
4320;24,398;21,9150744336398
4321;24,402;28,2384788692123
4322;24,406;34,2361649797866
4323;24,410;40,5862559204064
4324;24,414;47,7836433962814
4325;24,419;53,882807060275
4326;24,423;58,6464011606512
4327;24,427;61,9571162689724
4328;24,431;61,0619799374667
4329;24,435;56,3382037970025
4330;24,439;48,8375750227021
4331;24,443;40,0948853512797
4332;24,447;31,6846385805321
4333;24,452;25,0805228225215
4334;24,456;19,560705180306
4335;24,460;15,7950487002242
4336;24,464;12,9037988557631
4337;24,468;10,5891946129265
4338;24,472;9,17369790770388
4339;24,476;7,80037541135077
4340;24,480;6,87860552421244
4341;24,485;6,02265175964143
4342;24,489;5,34188113385877
4343;24,493;5,00395796875455
4344;24,497;4,54340395902774
4345;24,501;4,20868423351751
4346;24,505;3,87849168297067
4347;24,509;3,53058755318107
4348;24,513;3,27147959197181
4349;24,518;3,14919291854527
4350;24,522;2,95137390493992
4351;24,526;2,69631657396107
4352;24,530;2,56807309137216
4353;24,534;2,41163404541471
4354;24,538;2,32535297403625
4355;24,542;2,23915132677996
4356;24,546;2,13314659839722
4357;24,551;2,02764488945486
4358;24,555;1,93360672881163
4359;24,559;1,86029826405344
4360;24,563;1,76485694391863
4361;24,567;1,69692284476026
4362;24,571;1,64233199812559
4363;24,575;1,57415962660073
4364;24,579;1,5289673010889
4365;24,583;1,49690643044168
4366;24,588;1,44400996507986
4367;24,592;1,41626447173693
4368;24,596;1,37030437971084
4369;24,600;1,4161056234926
4370;24,604;1,31446922182893
4371;24,608;1,27936375983204
4372;24,612;1,25641018852639
4373;24,616;1,26721186914082
4374;24,621;1,27790765092569
4375;24,625;1,20462566087488
4376;24,629;1,2106883688668
4377;24,633;1,17018206656271
4378;24,637;1,15334415266375
4379;24,641;1,17198234666511
4380;24,645;1,1378564488416
4381;24,649;1,15141149902441
4382;24,654;1,09745604536706
4383;24,658;1,04821308962483
4384;24,662;1,03992650621229
4385;24,666;1,01488143302296
4386;24,670;0,947265030353252
4387;24,674;0,94901236104088
4388;24,678;0,929023956962716
4389;24,682;0,912583163674583
4390;24,687;0,865166962742144
4391;24,691;0,871573841930112
4392;24,695;0,918672346373892
4393;24,699;0,873506495569458
4394;24,703;0,892833031962914
4395;24,707;0,857542247014315
4396;24,711;0,848355523550576
4397;24,715;0,848964441820507
4398;24,720;0,782565875690659
4399;24,724;0,824104691582896
4400;24,728;0,8408367066523
4401;24,732;0,788204988364366
4402;24,736;0,798291851879307
4403;24,740;0,852882698513975
4404;24,744;1,05149595334098
4405;24,748;1,25040042994925
4406;24,753;1,73499347398463
4407;24,757;2,42407715788721
4408;24,761;3,49071664385429
4409;24,765;5,00374617109544
4410;24,769;7,09400374352362
4411;24,773;10,0794505968723
4412;24,777;13,4863483171352
4413;24,781;17,552757473148
4414;24,785;21,5554684831846
4415;24,790;25,2176882815003
4416;24,794;28,3269308665966
4417;24,798;29,7220155724229
4418;24,802;29,9775494481347
4419;24,806;28,1547128950357
4420;24,810;25,4796025616927
4421;24,814;21,5789250739306
4422;24,818;18,3235421040509
4423;24,823;15,1443268673273
4424;24,827;12,5997633161159
4425;24,831;10,2910099836122
4426;24,835;8,49324497840988
4427;24,839;7,23934988708537
4428;24,843;6,14618274431522
4429;24,847;5,41767822111146
4430;24,851;4,6910004527175
4431;24,856;4,22880501113261
4432;24,860;3,91224693489075
4433;24,864;3,53347329628639
4434;24,868;3,15451433473032
4435;24,872;2,94753507236861
4436;24,876;2,6765664422494
4437;24,880;2,42076781946368
4438;24,884;2,31711934003849
4439;24,889;2,21201475170696
4440;24,893;1,99801969188736
4441;24,897;1,95359513288979
4442;24,901;1,87088814700876
4443;24,905;1,78516304448545
4444;24,909;1,6647031258687
4445;24,913;1,61821353969485
4446;24,917;1,47742104580389
4447;24,922;1,53037046058048
4448;24,926;1,46521620569789
4449;24,930;1,34377672290777
4450;24,934;1,38661279946203
4451;24,938;1,246429223841
4452;24,942;1,21579798739274
4453;24,946;1,18606689099569
4454;24,950;1,20986765293777
4455;24,954;1,19930424468984
4456;24,959;1,11776214593388
4457;24,963;1,03608767364099
4458;24,967;1,03423444412381
4459;24,971;1,04797481725833
4460;24,975;0,99314569825717
4461;24,979;0,961720220587262
4462;24,983;0,962487987101523
4463;24,987;1,00423860065287
4464;24,992;0,878377841728904
4465;24,996;0,897545529878031
4466;25,000;0,894395039698824
4467;25,004;0,820398232548535
4468;25,008;0,881766604274606
4469;25,012;0,797894731268483
4470;25,016;0,836203632859348
4471;25,020;0,775576552940149
4472;25,025;0,795750279970031
4473;25,029;0,765251417058713
4474;25,033;0,791381953250962
4475;25,037;0,753893767589134
4476;25,041;0,789608147855946
4477;25,045;0,768587230189638
4478;25,049;0,768640179604415
4479;25,053;0,763265814004591
4480;25,058;0,737135277812342
4481;25,062;0,745792507128315
4482;25,066;0,686992182018908
4483;25,070;0,729510562084513
4484;25,074;0,819365718960391
4485;25,078;0,79109073146969
4486;25,082;0,80787569595387
4487;25,086;0,823945843338566
4488;25,091;0,880125172416532
4489;25,095;0,964155893666985
4490;25,099;0,976413683187767
4491;25,103;1,01022188452262
4492;25,107;1,12422197453663
4493;25,111;1,06491862998684
4494;25,115;1,13155546848318
4495;25,119;1,12210399794556
4496;25,123;1,17881282117129
4497;25,128;1,09263764862239
4498;25,132;1,00977181449702
4499;25,136;1,03672306661831
4500;25,140;0,944988205517859
4501;25,144;0,882349047837149
4502;25,148;0,808087493612977
4503;25,152;0,798662497782743
4504;25,156;0,773087930445649
4505;25,161;0,712725597600332
4506;25,165;0,710819418668375
4507;25,169;0,658796618650372
4508;25,173;0,651966144144192
4509;25,177;0,64733307035124
4510;25,181;0,593827686719492
4511;25,185;0,612412931306077
4512;25,189;0,625253164389401
4513;25,194;0,623823530190433
4514;25,198;0,606006052118109
4515;25,202;0,636054845003826
4516;25,206;0,608494674612609
4517;25,210;0,657366984451404
4518;25,214;0,638278720424443
4519;25,218;0,671239731122872
4520;25,222;0,586891313383759
4521;25,227;0,619137506982704
4522;25,231;0,625147265559847
4523;25,235;0,640052525819458
4524;25,239;0,639761304038187
4525;25,243;0,591762659543205
4526;25,247;0,593589414352998
4527;25,251;0,590147702392519
4528;25,255;0,595495593284955
4529;25,260;0,624353024338199
4530;25,264;0,621784977721534
4531;25,268;0,645876961444884
4532;25,272;0,618237366931502
4533;25,276;0,635790097929943
4534;25,280;0,647862564499006
4535;25,284;0,654534190760857
4536;25,288;0,605158861481684
4537;25,292;0,574448200911259
4538;25,297;0,602034846009864
4539;25,301;0,561872714901819
4540;25,305;0,606985616291476
4541;25,309;0,591444963054546
4542;25,313;0,647809615084229
4543;25,317;0,625332588511565
4544;25,321;0,633169101898501
4545;25,325;0,595654441529285
4546;25,330;0,679208618046749
4547;25,334;0,6759257543306
4548;25,338;0,653739949539208
4549;25,342;0,713890484725418
4550;25,346;0,740947635676257
4551;25,350;0,731443215723858
4552;25,354;0,76016827324016
4553;25,358;0,716564430171636
4554;25,363;0,756647137157517
4555;25,367;0,739253254403406
4556;25,371;0,734487807073512
4557;25,375;0,732846375215438
4558;25,379;0,679208618046749
4559;25,383;0,691439932860142
4560;25,387;0,677249489700015
4561;25,391;0,623585257823938
4562;25,396;0,618210892224114
4563;25,400;0,605105912066907
4564;25,404;0,63256018362857
4565;25,408;0,588453321119668
4566;25,412;0,56232278492742
4567;25,416;0,517368731782092
4568;25,420;0,524278630410437
4569;25,424;0,56232278492742
4570;25,429;0,543366894437399
4571;25,433;0,536801167005102
4572;25,437;0,543658116218671
4573;25,441;0,542969773826575
4574;25,445;0,631739467699533
4575;25,449;0,56698233342776
4576;25,453;0,546835081105266
4577;25,457;0,613974939041986
4578;25,461;0,579769617096307
4579;25,466;0,622658643065348
4580;25,470;0,636478440322038
4581;25,474;0,569815127118308
4582;25,478;0,592556900764854
4583;25,482;0,563302349100787
4584;25,486;0,514377089847214
4585;25,490;0,527773291785693
4586;25,494;0,564361337396318
4587;25,499;0,535000886902698
4588;25,503;0,505613961701688
4589;25,507;0,510485307861135
4590;25,511;0,529494147765932
4591;25,515;0,519142537177108
4592;25,519;0,521419362012501
4593;25,523;0,500557292590524
4594;25,527;0,4852284370127
4595;25,532;0,469899581434876
4596;25,536;0,514853634580204
4597;25,540;0,474373806983498
4598;25,544;0,501483907349114
4599;25,548;0,512179689133986
4600;25,552;0,483957651058062
4601;25,556;0,519989727813533
4602;25,560;0,509982288420757
4603;25,565;0,528673431836895
4604;25,569;0,533015283848575
4605;25,573;0,539581011280873
4606;25,577;0,562614006708691
4607;25,581;0,536086349905618
4608;25,585;0,47418848403178
4609;25,589;0,550806287213511
4610;25,593;0,521737058501161
4611;25,598;0,549217804770213
4612;25,602;0,55096513545784
4613;25,606;0,512603284452199
4614;25,610;0,519751455447039
4615;25,614;0,494388685769051
4616;25,618;0,553718505026223
4617;25,622;0,483348732788131
4618;25,626;0,558457477648728
4619;25,630;0,521260513768172
4620;25,635;0,5334124044594
4621;25,639;0,520228000180028
4622;25,643;0,519830879569204
4623;25,647;0,455867986519079
4624;25,651;0,552050598460761
4625;25,655;0,574527625033424
4626;25,659;0,580775655977062
4627;25,663;0,538442598863176
4628;25,668;0,590888994199392
4629;25,672;0,535212684561804
4630;25,676;0,606932666876699
4631;25,680;0,536960015249431
4632;25,684;0,521525260842055
4633;25,688;0,573521586152669
4634;25,692;0,565632123350957
4635;25,696;0,53650994522383
4636;25,701;0,490311580831253
4637;25,705;0,514694786335874
4638;25,709;0,455020795882654
4639;25,713;0,483507581032461
4640;25,717;0,479933495535041
4641;25,721;0,473050071614083
4642;25,725;0,459998040871653
4643;25,729;0,451923255118223
4644;25,734;0,436673823662564
4645;25,738;0,456053309470797
4646;25,742;0,470243752630924
4647;25,746;0,420391878618762
4648;25,750;0,469979005557041
4649;25,754;0,437256267225107
4650;25,758;0,385921809599199
4651;25,762;0,462910258684366
4652;25,767;0,41295248584265
4653;25,771;0,42616336482941
4654;25,775;0,422827551698485
4655;25,779;0,421689139280788
4656;25,783;0,455841511811691
4657;25,787;0,462513138073541
4658;25,791;0,476306460622844
4659;25,795;0,442445309873213
4660;25,799;0,500424919053582
4661;25,804;0,465081184690206
4662;25,808;0,473711939298791
4663;25,812;0,53200924496782
4664;25,816;0,503310662158907
4665;25,820;0,45041419679709
4666;25,824;0,493144374521801
4667;25,828;0,507281868267151
4668;25,832;0,487372888311152
4669;25,837;0,499974849027981
4670;25,841;0,506540576460279
4671;25,845;0,523722661555283
4672;25,849;0,511623720278832
4673;25,853;0,530579610768852
4674;25,857;0,508023160074023
4675;25,861;0,506540576460279
4676;25,865;0,475856390597243
4677;25,870;0,470349651460477
4678;25,874;0,496771409433997
4679;25,878;0,5845350644262
4680;25,882;0,607912231050066
4681;25,886;0,689560228635573
4682;25,890;0,962620360638464
4683;25,894;1,24261686597709
4684;25,898;1,68995999671714
4685;25,903;2,39821136876885
4686;25,907;3,29157389487953
4687;25,911;4,6710914727615
4688;25,915;6,13122453464083
4689;25,919;8,06416939576775
4690;25,923;9,88803846245489
4691;25,927;11,7367143299649
4692;25,931;13,287788011723
4693;25,936;14,3290117785973
4694;25,940;14,6067844085153
4695;25,944;14,5630746666172
4696;25,948;14,1103571702774
4697;25,952;12,6703184113058
4698;25,956;11,8021333319213
4699;25,960;10,1868055353318
4700;25,964;8,90979802445733
4701;25,968;7,61772640507891
4702;25,973;6,52281193162113
4703;25,977;5,60604576417919
4704;25,981;4,76025828724528
4705;25,985;4,20280684847731
4706;25,989;3,63529502090178
4707;25,993;3,1952589094009
4708;25,997;2,84976397798363
4709;26,001;2,55465041472629
4710;26,006;2,17193204472108
4711;26,010;2,1374884504089
4712;26,014;1,926882153135
4713;26,018;1,75003110778118
4714;26,022;1,64148480748917
4715;26,026;1,52902025050368
4716;26,030;1,44432766156852
4717;26,034;1,45730026818879
4718;26,039;1,25757507565148
4719;26,043;1,2353627961527
4720;26,047;1,20835859461663
4721;26,051;1,22818815045047
4722;26,055;1,1398950013105
4723;26,059;1,1686200588268
4724;26,063;1,04344764229493
4725;26,067;1,08043280851638
4726;26,072;1,03706723781435
4727;26,076;0,913297980774068
4728;26,080;0,876842308700383
4729;26,084;0,947741575086241
4730;26,088;0,889550168246765
4731;26,092;0,836680177592337
4732;26,096;0,811132084962631
4733;26,100;0,854921250982874
4734;26,105;0,748228180208038
4735;26,109;0,810443742570535
4736;26,113;0,78084501971042
4737;26,117;0,792361517424329
4738;26,121;0,793949999867626
4739;26,125;0,699567668028349
4740;26,129;0,779230062559734
4741;26,133;0,732131558115954
4742;26,137;0,743912802903746
4743;26,142;0,727657332567332
4744;26,146;0,697211419070791
4745;26,150;0,70856906854037
4746;26,154;0,668804058043148
4747;26,158;0,699832415102232
4748;26,162;0,667030252648133
4749;26,166;0,646618253251756
4750;26,170;0,671160307000707
4751;26,175;0,692022376422685
4752;26,179;0,692128275252238
4753;26,183;0,661814735292638
4754;26,187;0,706954111389684
4755;26,191;0,636266642662932
4756;26,195;0,672060447051909
4757;26,199;0,648286159817219
4758;26,203;0,60645612214371
4759;26,208;0,623823530190433
4760;26,212;0,624061802556927
4761;26,216;0,640740868211554
4762;26,220;0,646935949740415
4763;26,224;0,576672076331876
4764;26,228;0,586679515724652
4765;26,232;0,643361864242995
4766;26,236;0,592715749009184
4767;26,241;0,612095234817417
4768;26,245;0,565923345132228
4769;26,249;0,597401772216913
4770;26,253;0,582787733738573
4771;26,257;0,591577336591487
4772;26,261;0,539713384817814
4773;26,265;0,585726426258674
4774;26,269;0,546437960494442
4775;26,274;0,548423563548564
4776;26,278;0,598460760512444
4777;26,282;0,567564776990302
4778;26,286;0,550647438969181
4779;26,290;0,515859673460959
4780;26,294;0,520254474887416
4781;26,298;0,519274910714049
4782;26,302;0,585488153892179
4783;26,306;0,502198724448598
4784;26,311;0,538283750618846
4785;26,315;0,526078910512842
4786;26,319;0,53060608547624
4787;26,323;0,550726863091346
4788;26,327;0,504528498698768
4789;26,331;0,548847158866777
4790;26,335;0,52750854471181
4791;26,339;0,518851315395837
4792;26,344;0,543499267974341
4793;26,348;0,560045960092026
4794;26,352;0,562455158464361
4795;26,356;0,495077028161146
4796;26,360;0,559145820040824
4797;26,364;0,543128622070905
4798;26,368;0,573706909104387
4799;26,372;0,588003251094067
4800;26,377;0,583820247326716
4801;26,381;0,583661399082387
4802;26,385;0,544240559781213
4803;26,389;0,581702270735653
4804;26,393;0,591339064224993
4805;26,397;0,573336263200951
4806;26,401;0,543684590926059
4807;26,405;0,533174132092905
4808;26,410;0,529891268376756
4809;26,414;0,537542458811974
4810;26,418;0,506540576460279
