#"+EI TIC Scan 110C_1ml-min_1C-min_2.d "
#Point;X(Minutes);Y(Counts)
0;5,341;43,708641403532
1;5,345;41,7873860760541
2;5,349;40,2717082664814
3;5,353;40,0046313909059
4;5,358;38,5057148055643
5;5,362;37,4474419835586
6;5,366;36,2427289919557
7;5,370;35,8461937134382
8;5,374;34,6540516400086
9;5,378;34,3735216765635
10;5,382;33,9317752011071
11;5,386;32,5594499671943
12;5,391;31,224286131741
13;5,395;31,4660006285459
14;5,399;29,7941787827161
15;5,403;29,1922082361568
16;5,407;28,5976258608047
17;5,411;28,0769251975233
18;5,415;27,5859977614944
19;5,419;26,6786862287797
20;5,424;26,2581118260361
21;5,428;26,0916022958466
22;5,432;25,1051160328829
23;5,436;25,2303841297672
24;5,440;24,5839742847534
25;5,444;23,7690700277332
26;5,448;23,2938011038148
27;5,452;22,8565757480523
28;5,456;22,4139471028996
29;5,461;22,2714766969361
30;5,465;21,9460663501883
31;5,469;21,6217587155609
32;5,473;21,0921260841039
33;5,477;20,8834929509128
34;5,481;20,4943458436023
35;5,485;20,3255206179599
36;5,489;19,4959502897376
37;5,494;19,5141450397252
38;5,498;19,2854425459417
39;5,502;19,0312674021757
40;5,506;18,5765089236978
41;5,510;18,4387801798523
42;5,514;17,8386842438979
43;5,518;17,8588638757023
44;5,522;17,953917660486
45;5,527;17,9861168544034
46;5,531;18,2034614133461
47;5,535;19,4210761367584
48;5,539;22,2392775030187
49;5,543;25,3441840205987
50;5,547;29,6298746767675
51;5,551;35,6159474226861
52;5,555;40,620496110183
53;5,560;46,6753780924183
54;5,564;52,1604887220118
55;5,568;55,2780764289771
56;5,572;58,291898925407
57;5,576;59,2589774550507
58;5,580;58,6824795584741
59;5,584;58,2345578951431
60;5,588;57,4262699108457
61;5,593;56,6230544023025
62;5,597;55,1610786729962
63;5,601;53,2130274409911
64;5,605;51,4393149952308
65;5,609;49,410545236008
66;5,613;48,3479718367324
67;5,617;47,0919827315282
68;5,621;44,8449862436663
69;5,626;44,6884011225609
70;5,630;43,24395851597
71;5,634;42,0509342728441
72;5,638;40,3911319891273
73;5,642;39,254897420205
74;5,646;38,6140011357935
75;5,650;37,1190543140855
76;5,654;36,2642318783047
77;5,658;35,4383005000799
78;5,663;34,3728600492912
79;5,667;34,2968831841915
80;5,671;33,0766219516902
81;5,675;32,1998555447122
82;5,679;31,7821481934819
83;5,683;30,1764890748797
84;5,687;30,0586091492025
85;5,691;29,3397511178744
86;5,696;28,7783603773481
87;5,700;27,4543339343114
88;5,704;26,8836804119732
89;5,708;26,4596876016563
90;5,712;25,8662079384246
91;5,716;25,0164579783979
92;5,720;24,9001218496893
93;5,724;23,8630211003964
94;5,729;23,2595067568685
95;5,733;22,9314499010316
96;5,737;22,2998163984319
97;5,741;21,2905039945747
98;5,745;20,6410065556236
99;5,749;20,105309007504
100;5,753;19,2350486020367
101;5,757;19,1795821823776
102;5,762;18,4536667934786
103;5,766;18,0817219952473
104;5,770;17,4368559472021
105;5,774;17,3271360912163
106;5,778;17,0982130550088
107;5,782;16,4572064993852
108;5,786;15,8440985604093
109;5,790;15,5924596545203
110;5,795;15,256463271416
111;5,799;14,8551863307806
112;5,803;14,4120063295676
113;5,807;14,3852104250404
114;5,811;14,0090753207514
115;5,815;13,4605863120344
116;5,819;13,4086485711608
117;5,823;12,8675477336509
118;5,827;12,8543151882054
119;5,832;12,4945002232992
120;5,836;12,4646167248347
121;5,840;12,2416483340777
122;5,844;11,8909858797713
123;5,848;11,8455541404083
124;5,852;11,7039659041412
125;5,856;11,3904648482944
126;5,860;11,5071317906391
127;5,865;11,4506729300715
128;5,869;11,039692122776
129;5,873;11,0587690424599
130;5,877;10,9048304304437
131;5,881;10,5633204867371
132;5,885;10,5908882897486
133;5,889;10,7921332517326
134;5,893;10,3288838899273
135;5,898;10,251583770283
136;5,902;10,3155410732697
137;5,906;10,1228972658253
138;5,910;10,4787424670978
139;5,914;9,91558738717877
140;5,918;9,95550556593943
141;5,922;9,58598673437319
142;5,926;9,5359236041043
143;5,931;9,7966047493811
144;5,935;9,48464749050289
145;5,939;9,54055499501023
146;5,943;9,46060836627686
147;5,947;9,65887600553562
148;5,951;9,27932249367319
149;5,955;9,29123178457416
150;5,959;9,02669114687574
151;5,964;9,29487073457168
152;5,968;9,40878089661522
153;5,972;8,96427764085769
154;5,976;9,29950212547761
155;5,980;8,94718560299056
156;5,984;9,02503707869505
157;5,988;9,11612109984507
158;5,992;8,86470273638013
159;5,996;8,92127186815974
160;6,001;8,94850885753511
161;6,005;8,75509315160638
162;6,009;8,58395223051094
163;6,013;8,66952269105866
164;6,017;8,67426435317664
165;6,021;8,85940971820192
166;6,025;8,64316787137966
167;6,029;8,73017185768397
168;6,034;8,68904069559081
169;6,038;8,57634351687977
170;6,042;8,72068853344802
171;6,046;8,30860501403201
172;6,050;8,42604385486103
173;6,054;8,52815499721565
174;6,058;8,44093046848725
175;6,062;8,55351737598624
176;6,067;8,19337159744391
177;6,071;8,49408119269343
178;6,075;8,00844677484273
179;6,079;8,29680599434309
180;6,083;8,2728771413291
181;6,087;8,01418087786912
182;6,091;8,09500967629886
183;6,095;8,21277933076401
184;6,100;8,27706744738685
185;6,104;8,07968197782446
186;6,108;8,20958146561468
187;6,112;8,04461573239382
188;6,116;7,80565801589008
189;6,120;7,63837658721626
190;6,124;7,88560464462345
191;6,128;7,82098571436448
192;6,133;7,66693683113618
193;6,137;7,95650903396905
194;6,141;7,6413539099415
195;6,145;7,68325697051899
196;6,149;7,53439083425685
197;6,153;7,60055356148447
198;6,157;7,44143220250205
199;6,161;7,60088437512061
200;6,165;7,56813382514294
201;6,170;7,59956112057606
202;6,174;7,31969278440324
203;6,178;7,30590888289749
204;6,182;7,36777103285531
205;6,186;7,53317785092435
206;6,190;7,53383947819662
207;6,194;7,43040508129745
208;6,198;7,30612942532158
209;6,203;7,29212498139173
210;6,207;7,30061586471928
211;6,211;7,28363409806419
212;6,215;7,38640686769109
213;6,219;7,20236421478627
214;6,223;7,26753450110547
215;6,227;7,12285867090108
216;6,231;7,17457586935067
217;6,236;7,28639087836534
218;6,240;7,2874935904858
219;6,244;7,16751851177972
220;6,248;6,84563684381737
221;6,252;7,02262213915124
222;6,256;7,23268879809892
223;6,260;7,1612330526931
224;6,264;7,0500796709507
225;6,269;7,03772929520155
226;6,273;6,92900188012417
227;6,277;6,88610637863826
228;6,281;7,01027176340209
229;6,285;6,9503944952611
230;6,289;7,02736380126922
231;6,293;6,92657591345915
232;6,297;7,02978976793423
233;6,302;7,02703298763308
234;6,306;6,7462824817639
235;6,310;6,78167954083067
236;6,314;6,77241675901881
237;6,318;6,801638630211
238;6,322;6,78609038931251
239;6,326;6,63711398183833
240;6,330;6,77208594538267
241;6,334;6,5852865121767
242;6,339;6,55948304855793
243;6,343;6,72852881662449
244;6,347;6,67923758483991
245;6,351;6,77429136962359
246;6,355;6,66964398939191
247;6,359;6,52640168494412
248;6,363;6,48626296375937
249;6,367;6,37544039565311
250;6,372;6,35504022142459
251;6,376;6,43344305318932
252;6,380;6,18853069123509
253;6,384;6,188310148811
254;6,388;6,24311494119788
255;6,392;6,28501800177537
256;6,396;6,2160984942466
257;6,400;6,21951690182003
258;6,405;6,2077178821311
259;6,409;6,19602913365422
260;6,413;6,07605405494815
261;6,417;6,0524560155703
262;6,421;5,96082063836005
263;6,425;5,99423281560999
264;6,429;5,89421682628425
265;6,433;6,09424880493574
266;6,438;5,96412877472143
267;6,442;5,96104118078414
268;6,446;5,92542357929327
269;6,450;5,86830309145343
270;6,454;5,77247740818543
271;6,458;5,90116391264315
272;6,462;5,89917903082632
273;6,466;5,98055918531629
274;6,471;5,96776772471895
275;6,475;5,97471481107785
276;6,479;5,74193228244868
277;6,483;5,86267925963908
278;6,487;5,94747782170248
279;6,491;5,84338179753103
280;6,495;5,81404965512678
281;6,499;5,73266950063682
282;6,503;5,75417238698579
283;6,508;5,81713724906407
284;6,512;5,79574463392714
285;6,516;5,66838138401398
286;6,520;5,82265080966638
287;6,524;5,47066510081546
288;6,528;5,90050228537087
289;6,532;6,14905359732262
290;6,536;5,71623909004196
291;6,541;5,5637340037823
292;6,545;5,6928615930882
293;6,549;5,72881000821521
294;6,553;5,64930446433002
295;6,557;5,71943695519129
296;6,561;5,74711502941485
297;6,565;5,67808525067403
298;6,569;5,63166107040266
299;6,574;5,54884739015609
300;6,578;5,70399898550485
301;6,582;5,3361342221193
302;6,586;5,46570289627338
303;6,590;5,50650324473041
304;6,594;5,44805950234602
305;6,598;5,39689365995666
306;6,602;5,39777582965303
307;6,607;5,44662597658942
308;6,611;5,48974202049942
309;6,615;5,57024000529302
310;6,619;5,42181495387907
311;6,623;5,43857617811006
312;6,627;5,60078513102977
313;6,631;5,67433602946447
314;6,635;5,4125521720672
315;6,640;5,71855478549493
316;6,644;5,52932938562394
317;6,648;5,55833071439205
318;6,652;5,55932315530046
319;6,656;5,64930446433002
320;6,660;5,75648808243876
321;6,664;5,53859216743581
322;6,668;5,8454769505599
323;6,672;5,76564059303858
324;6,677;5,85848895358133
325;6,681;5,48566198565372
326;6,685;5,58490607649514
327;6,689;5,62405235677148
328;6,693;5,58589851740355
329;6,697;5,65933914462621
330;6,701;5,66341917947191
331;6,705;5,62195720374261
332;6,710;5,7220834642804
333;6,714;5,64864283705774
334;6,718;5,7553853703183
335;6,722;5,9592768413914
336;6,726;5,73300031427295
337;6,730;5,78670239453937
338;6,734;5,88407187477601
339;6,738;5,95740223078662
340;6,743;6,12049335340269
341;6,747;5,93060632625944
342;6,751;6,14365030793236
343;6,755;6,21036439122021
344;6,759;5,97824348986332
345;6,763;5,81327775664246
346;6,767;6,19702157456264
347;6,771;6,22172232606095
348;6,776;6,09810829735735
349;6,780;5,90546448991294
350;6,784;5,81327775664246
351;6,788;5,96468013078166
352;6,792;5,81460101118701
353;6,796;5,92751873232215
354;6,800;5,88660811265307
355;6,804;5,87117014296663
356;6,809;5,64235737797112
357;6,813;5,63408703706767
358;6,817;5,85231376570676
359;6,821;5,73818306123912
360;6,825;5,69175888096774
361;6,829;5,5500603734886
362;6,833;5,49183717352829
363;6,837;5,78196073242139
364;6,841;5,54730359318744
365;6,846;5,49525558110172
366;6,850;5,54664196591517
367;6,854;5,41707329176109
368;6,858;5,4736424235407
369;6,862;5,5680345810521
370;6,866;5,47287052505638
371;6,870;5,25387189793297
372;6,874;5,14988614497356
373;6,879;5,17591015101643
374;6,883;5,24427830248496
375;6,887;5,31330808122577
376;6,891;5,09386836925418
377;6,895;5,14999641618561
378;6,899;5,13191193741006
379;6,903;5,0419306283805
380;6,907;4,74122103313099
381;6,912;5,04005601777572
382;6,916;5,18197506767896
383;6,920;4,93573945118018
384;6,924;5,08725209653142
385;6,928;4,91600090422394
386;6,932;4,99087505720319
387;6,936;4,93320321330312
388;6,940;4,80175992854425
389;6,945;4,92228636331056
390;6,949;4,74320591494781
391;6,953;4,9211836511901
392;6,957;4,79591555430582
393;6,961;4,75224815433559
394;6,965;4,76537042856907
395;6,969;4,75963632554267
396;6,973;4,66932420287698
397;6,978;4,82976881640395
398;6,982;4,6590689801567
399;6,986;4,69744336194871
400;6,990;4,62896493926813
401;6,994;4,49851409541768
402;6,998;4,51483423480049
403;7,002;4,73769235434551
404;7,006;4,86715075728755
405;7,010;4,84222946336515
406;7,015;4,43135892728165
407;7,019;4,91721388755645
408;7,023;4,64837267258823
409;7,027;4,76779639523408
410;7,031;4,5381014605422
411;7,035;4,46829978331707
412;7,039;4,64804185895209
413;7,043;4,55475241356115
414;7,048;4,53710901963379
415;7,052;4,29826157434209
416;7,056;4,51759101510164
417;7,060;4,28513930010862
418;7,064;4,39960081821239
419;7,068;4,43543896212735
420;7,072;4,26341587133555
421;7,076;4,53876308781448
422;7,081;4,36089562278424
423;7,085;4,29285828495184
424;7,089;4,24433895165159
425;7,093;4,29980537131074
426;7,097;4,21015487591732
427;7,101;4,11664488810229
428;7,105;4,21247057137029
429;7,109;4,2079494516764
430;7,114;4,25790231073325
431;7,118;4,38504501822232
432;7,122;4,04132965027485
433;7,126;4,13902994414763
434;7,130;4,26043854861031
435;7,134;4,11708597295047
436;7,138;4,17652215624328
437;7,142;4,10440478356518
438;7,147;4,03835232754961
439;7,151;4,0733083017682
440;7,155;4,16659774715914
441;7,159;4,07562399722117
442;7,163;4,1717804941253
443;7,167;4,11432919264932
444;7,171;4,01442347453562
445;7,175;4,09084142448352
446;7,179;4,20486185773911
447;7,184;4,24235406983476
448;7,188;4,06415579116838
449;7,192;4,07341857298024
450;7,196;4,00736611696467
451;7,200;4,12028383809981
452;7,204;4,07760887903799
453;7,208;4,14189699566083
454;7,212;4,12656929718643
455;7,217;4,04044748057848
456;7,221;3,99446438515529
457;7,225;3,96623495487151
458;7,229;3,91881833369172
459;7,233;3,80755468073727
460;7,237;4,01188723665856
461;7,241;3,92576542005061
462;7,245;4,04033720936644
463;7,250;4,22250525166647
464;7,254;4,26110017588258
465;7,258;4,38096498337662
466;7,262;5,2640168494412
467;7,266;6,18103224881596
468;7,270;7,26058741474657
469;7,274;9,38055146633144
470;7,278;11,535581763347
471;7,283;14,4000970386666
472;7,287;18,3116374723633
473;7,291;22,7639479299337
474;7,295;28,3453253276433
475;7,299;33,5966609876992
476;7,303;38,7152301084517
477;7,307;44,6763815604479
478;7,311;49,6735420767377
479;7,316;54,5438906991746
480;7,320;57,4041053972245
481;7,324;60,0991338196294
482;7,328;62,5950124330792
483;7,332;63,2617121811094
484;7,336;64,1985763986525
485;7,340;63,5620909627228
486;7,344;62,8878927722734
487;7,348;61,741623523055
488;7,353;60,6723235798446
489;7,357;59,0156088900651
490;7,361;57,8983409696148
491;7,365;56,1673034829162
492;7,369;54,6240578703321
493;7,373;52,9116562184693
494;7,377;51,0792794879005
495;7,381;49,8413748614718
496;7,386;48,2969162655551
497;7,390;46,2345137866583
498;7,394;45,0132601132485
499;7,398;43,5335307188029
500;7,402;41,9944754122765
501;7,406;40,9349896069383
502;7,410;39,5413820291006
503;7,414;38,3340225284086
504;7,419;36,736964564346
505;7,423;35,3780924183028
506;7,427;34,2890539281363
507;7,431;32,9280866290642
508;7,435;32,2793610885974
509;7,439;30,9664720379774
510;7,443;29,7099315767129
511;7,447;28,4904422426959
512;7,452;27,1075309724267
513;7,456;26,5292687364573
514;7,460;25,5155454841182
515;7,464;23,9709766169895
516;7,468;23,5135716294226
517;7,472;22,2752259181457
518;7,476;21,5097231641222
519;7,480;20,1183210105254
520;7,485;19,7104277971671
521;7,489;18,7571331690292
522;7,493;17,6719541712843
523;7,497;17,184996498889
524;7,501;15,8790545346279
525;7,505;15,0411035942902
526;7,509;15,0361413897481
527;7,513;13,7823577087848
528;7,517;13,4368780014446
529;7,522;12,3292036764422
530;7,526;12,1436172265687
531;7,530;11,3445920240832
532;7,534;11,1329815681669
533;7,538;10,4754343307364
534;7,542;10,0175882583213
535;7,546;9,25362930126647
536;7,550;9,29200368305848
537;7,555;9,09516956955632
538;7,559;8,61041732140199
539;7,563;8,21564638227721
540;7,567;8,03105237331216
541;7,571;7,75228674925981
542;7,575;7,38839174950791
543;7,579;7,17170881783747
544;7,583;6,90970441801611
545;7,588;6,58749193641762
546;7,592;6,2659410820914
547;7,596;6,28534881541151
548;7,600;6,31170363509051
549;7,604;5,934355547469
550;7,608;5,75329021728942
551;7,612;5,4290928538741
552;7,616;5,27702885246263
553;7,621;5,46085096294336
554;7,625;5,25045349035954
555;7,629;4,9254842284599
556;7,633;5,17315337071527
557;7,637;5,00951089203897
558;7,641;4,94742819965706
559;7,645;4,68498271498751
560;7,649;4,66138467560966
561;7,654;4,51295962419571
562;7,658;4,50413792723203
563;7,662;4,48484046512397
564;7,666;4,33443053189319
565;7,670;4,33586405764979
566;7,674;4,45672130605224
567;7,678;4,1425586229331
568;7,682;4,23276047438675
569;7,686;4,16273825473753
570;7,691;4,11631407446615
571;7,695;4,03394147906777
572;7,699;4,1023096305363
573;7,703;3,92775030186744
574;7,707;4,24147190013839
575;7,711;3,99236923212642
576;7,715;3,81251688527934
577;7,719;3,91143016248463
578;7,724;3,84670096101361
579;7,728;3,86533679584939
580;7,732;3,82652132920919
581;7,736;3,64126569297186
582;7,740;3,77855335196917
583;7,744;3,68162495658071
584;7,748;3,6971731974792
585;7,752;3,77524521560779
586;7,757;3,58028571271041
587;7,761;3,66453291871358
588;7,765;3,38995760071897
589;7,769;3,59660585209322
590;7,773;3,45788466733932
591;7,777;3,45479707340203
592;7,781;3,58171923846701
593;7,785;3,4278908976628
594;7,790;3,50783752639617
595;7,794;3,31618615986018
596;7,798;3,3210380931902
597;7,802;3,34662101438488
598;7,806;3,31155476895424
599;7,810;3,41410699615705
600;7,814;3,29214703563414
601;7,818;3,30912880228923
602;7,823;3,38301051436007
603;7,827;3,23149786900883
604;7,831;3,44784998704313
605;7,835;3,3128780234988
606;7,839;3,17228222814011
607;7,843;3,15463883421275
608;7,847;3,29887357956895
609;7,851;3,13721598270947
610;7,855;3,14736093421771
611;7,860;3,17735470389423
612;7,864;3,31728887198064
613;7,868;3,23370329324975
614;7,872;3,1974240644866
615;7,876;3,17415683874489
616;7,880;3,08638095395626
617;7,884;3,23612925991476
618;7,888;3,12640940392896
619;7,893;3,19080779176384
620;7,897;3,10457570394385
621;7,901;3,0615699312459
622;7,905;3,11262550242321
623;7,909;3,35566325377265
624;7,913;2,87454995561584
625;7,917;3,0781106130528
626;7,921;2,95725336465036
627;7,926;3,133687303924
628;7,930;2,88127649955065
629;7,934;2,94093322526755
630;7,938;2,82327384201443
631;7,942;3,06553969487956
632;7,946;3,10214973727884
633;7,950;3,03863351914033
634;7,954;2,94335919193256
635;7,959;2,80596126172321
636;7,963;3,09222532819469
637;7,967;2,95096790556373
638;7,971;2,96728804494655
639;7,975;3,08483715698761
640;7,979;3,08141874941418
641;7,983;2,91656328740537
642;7,987;3,1238731660519
643;7,992;2,99926669643989
644;7,996;2,86627961471239
645;8,000;3,04370599489444
646;8,004;3,04756548731605
647;8,008;3,05837206609656
648;8,012;2,84808486472479
649;8,016;2,94247702223619
650;8,020;3,05815152367247
651;8,024;2,90410264044417
652;8,029;2,84400482987909
653;8,033;2,98912174493166
654;8,037;2,96089231464788
655;8,041;2,88491544954816
656;8,045;2,92847257830634
657;8,049;2,89109063742274
658;8,053;2,91104972680307
659;8,057;2,87862999046154
660;8,062;2,87466022682788
661;8,066;2,8548114086596
662;8,070;2,76063979357229
663;8,074;2,90983674347057
664;8,078;2,80563044808707
665;8,082;2,86616934350034
666;8,086;2,72436056480915
667;8,090;2,77398261022986
668;8,095;2,94677759950599
669;8,099;2,82128896019761
670;8,103;2,79350061476201
671;8,107;2,80254285414978
672;8,111;2,7659328117505
673;8,115;2,7381444663149
674;8,119;2,90079450408279
675;8,123;2,79482386930656
676;8,128;2,73207954965237
677;8,132;2,75049484206406
678;8,136;2,71631076632979
679;8,140;2,77883454355989
680;8,144;2,81467268747484
681;8,148;2,70616581482155
682;8,152;2,78666379961515
683;8,156;2,90950592983443
684;8,161;2,69205109967966
685;8,165;2,78809732537175
686;8,169;2,83749882836837
687;8,173;2,74707643449063
688;8,177;2,60438548610307
689;8,181;2,67837746938595
690;8,185;2,70208577997585
691;8,189;2,79493414051861
692;8,193;2,53237838463701
693;8,198;2,69205109967966
694;8,202;2,52057936494809
695;8,206;2,82250194353011
696;8,210;2,62489593154363
697;8,214;2,76626362538664
698;8,218;2,6897354042267
699;8,222;2,78953085112835
700;8,226;2,66547573757657
701;8,231;2,57670741187952
702;8,235;2,75336189357725
703;8,239;2,64915559819376
704;8,243;2,55818184825579
705;8,247;2,65114048001059
706;8,251;2,47084704831533
707;8,255;2,69910845725061
708;8,259;2,43192131046308
709;8,264;2,61353799670289
710;8,268;2,70936367997089
711;8,272;2,48463094982109
712;8,276;2,609016877009
713;8,280;2,54020764069228
714;8,284;2,49654024072206
715;8,288;2,64298041031918
716;8,292;2,50227434374845
717;8,297;2,57847175127225
718;8,301;2,60416494367898
719;8,305;2,61232501337038
720;8,309;2,78335566325377
721;8,313;2,66668872090908
722;8,317;2,64672963152874
723;8,321;2,53414272402975
724;8,325;2,67936991029437
725;8,330;2,74972294357973
726;8,334;2,48363850891267
727;8,338;2,54980123614029
728;8,342;2,5174917710108
729;8,346;2,58993995732504
730;8,350;2,38351224837488
731;8,354;2,53943574220796
732;8,358;2,57703822551566
733;8,362;2,62103643912202
734;8,367;2,62941705123752
735;8,371;2,49841485132684
736;8,375;2,46180480892756
737;8,379;2,61408935276312
738;8,383;2,573068461882
739;8,387;2,5661213755231
740;8,391;2,59071185580936
741;8,395;2,67132011181501
742;8,400;2,62974786487366
743;8,404;2,53888438614773
744;8,408;2,77651884810692
745;8,412;2,5814490739975
746;8,416;2,45121877257114
747;8,420;2,54737526947527
748;8,424;2,46698755589372
749;8,428;2,57758958157589
750;8,433;2,60703199519218
751;8,437;2,45419609529638
752;8,441;2,48771854375837
753;8,445;2,64209824062281
754;8,449;2,5452801164464
755;8,453;2,7299843966235
756;8,457;2,59953355277305
757;8,461;2,41394710289958
758;8,466;2,52091017858423
759;8,470;2,57560469975906
760;8,474;2,66922495878613
761;8,478;2,38307116352669
762;8,482;2,34171945900943
763;8,486;2,62941705123752
764;8,490;2,53921519978387
765;8,494;2,51660960131443
766;8,499;2,57295819066995
767;8,503;2,49929702102321
768;8,507;2,37303648323051
769;8,511;2,41460873017186
770;8,515;2,43864785439789
771;8,519;2,54274387856934
772;8,523;2,56843707097607
773;8,527;2,4120724922948
774;8,531;2,43423700591605
775;8,536;2,52212316191673
776;8,540;2,40854381350933
777;8,544;2,53656869069476
778;8,548;2,29805205903921
779;8,552;2,38957716503741
780;8,556;2,31878304690386
781;8,560;2,41802713774528
782;8,564;2,33003071053255
783;8,569;2,44438195742429
784;8,573;2,44460249984838
785;8,577;2,27257940905657
786;8,581;2,24423970756075
787;8,585;2,41262384835503
788;8,589;2,41096978017434
789;8,593;2,33719833931555
790;8,597;2,24203428331983
791;8,602;2,26816856057473
792;8,606;2,38251980746646
793;8,610;2,2733513075409
794;8,614;2,35462119081882
795;8,618;2,29937531358376
796;8,622;2,27026371360361
797;8,626;2,3605758362693
798;8,630;2,26519123784949
799;8,635;2,25493601512921
800;8,639;2,38803336806877
801;8,643;2,25284086210034
802;8,647;2,35881149687657
803;8,651;2,29739043176693
804;8,655;2,35230549536585
805;8,659;2,12922683339674
806;8,663;2,28107029238412
807;8,668;2,2843784287455
808;8,672;2,22703739848157
809;8,676;2,1331965970304
810;8,680;2,30874836660767
811;8,684;2,31062297721245
812;8,688;2,17432775912356
813;8,692;2,22858119545021
814;8,696;2,22053139697085
815;8,700;2,13286578339426
816;8,705;2,25008408179919
817;8,709;2,23740289241389
818;8,713;2,15304541519868
819;8,717;2,23795424847412
820;8,721;2,19450739092799
821;8,725;2,28934063328757
822;8,729;2,23905696059458
823;8,733;2,20013122274234
824;8,738;2,06626197131846
825;8,742;2,21325349697581
826;8,746;2,10132821674909
827;8,750;2,19197115305093
828;8,754;2,19130952577865
829;8,758;2,22571414393701
830;8,762;2,11478130461871
831;8,766;2,10529798038275
832;8,771;2,22538333030087
833;8,775;2,26673503481814
834;8,779;2,39498045442767
835;8,783;2,17565101366812
836;8,787;2,07695827888692
837;8,791;2,14477507429523
838;8,795;2,2357488242332
839;8,799;2,2858119545021
840;8,804;2,31227704539314
841;8,808;2,16749094397671
842;8,812;2,28448869995755
843;8,816;2,18458298184385
844;8,820;2,30158073782468
845;8,824;2,25383330300875
846;8,828;2,16958609700559
847;8,832;2,25173814997988
848;8,837;2,20421125758804
849;8,841;2,14521615914341
850;8,845;2,22417034696837
851;8,849;2,30202182267286
852;8,853;2,3607963786934
853;8,857;1,99767327742583
854;8,861;2,16616768943216
855;8,865;2,08533889100242
856;8,869;2,23177906059954
857;8,874;2,11864079704032
858;8,878;2,25548737118944
859;8,882;2,16131575610213
860;8,886;2,17620236972835
861;8,890;2,21126861515898
862;8,894;2,1401436833893
863;8,898;2,26265499997243
864;8,902;2,13253496975812
865;8,907;2,14234910763022
866;8,911;2,29364121055737
867;8,915;2,11511211825485
868;8,919;2,02027887589526
869;8,923;2,14455453187114
870;8,927;2,11334777886211
871;8,931;2,15315568641073
872;8,935;2,18756030456909
873;8,940;2,19009654244615
874;8,944;2,06957010767984
875;8,948;2,1954998318364
876;8,952;2,0608586819282
877;8,956;2,04916993345132
878;8,960;2,02016860468322
879;8,964;2,28018812268775
880;8,968;2,08302319554945
881;8,973;2,14058476823748
882;8,977;2,12128730612943
883;8,981;2,15304541519868
884;8,985;2,04806722133086
885;8,989;2,18171593033065
886;8,993;2,18546515154021
887;8,997;2,23420502726456
888;9,001;2,1914197969907
889;9,006;2,13132198642561
890;9,010;2,01079555165931
891;9,014;2,08390536524582
892;9,018;2,11003964250073
893;9,022;2,16638823185625
894;9,026;2,04233311830447
895;9,030;2,1650649773117
896;9,034;2,15282487277459
897;9,038;2,12669059551968
898;9,043;2,10606987886707
899;9,047;2,17311477579106
900;9,051;2,16120548489009
901;9,055;2,00208412590767
902;9,059;2,17719481063676
903;9,063;2,14179775156999
904;9,067;2,21788488788175
905;9,071;2,06703386980278
906;9,076;2,11290669401393
907;9,080;2,21590000606492
908;9,084;2,09129353645291
909;9,088;2,19781552728937
910;9,092;2,07100363343644
911;9,096;2,1413566667218
912;9,100;2,20443180001213
913;9,104;2,08125885615672
914;9,109;2,20354963031576
915;9,113;2,06141003798843
916;9,117;2,25548737118944
917;9,121;2,07420149858577
918;9,125;2,07739936373511
919;9,129;2,15436866974323
920;9,133;2,14201829399408
921;9,137;2,01675019710979
922;9,142;1,96635625320476
923;9,146;2,14389290459886
924;9,150;1,9305181092898
925;9,154;1,93945007746553
926;9,158;2,1760920985163
927;9,162;1,97550876380458
928;9,166;2,03648874406603
929;9,170;1,85663639721896
930;9,175;1,9456252653401
931;9,179;1,97517795016844
932;9,183;1,86016507600443
933;9,187;2,08081777130853
934;9,191;1,9027297638542
935;9,195;1,90460437445898
936;9,199;1,95169018200264
937;9,203;2,01961724862299
938;9,207;1,93349543201504
939;9,212;1,93790628049688
940;9,216;2,01487558650501
941;9,220;1,91353634263471
942;9,224;2,15425839853119
943;9,228;2,14841402429275
944;9,232;2,00208412590767
945;9,236;1,92522509111159
946;9,240;1,95676265775675
947;9,245;2,07640692282669
948;9,249;1,9930418865199
949;9,253;2,00285602439199
950;9,257;2,09802008038771
951;9,261;1,98774886834169
952;9,265;1,96194540472292
953;9,269;2,0402379652756
954;9,273;1,93647275474028
955;9,278;2,0332908789167
956;9,282;2,00572307590519
957;9,286;1,83921354571569
958;9,290;1,93095919413798
959;9,294;1,95312370775923
960;9,298;1,942978756251
961;9,302;1,90151678052169
962;9,306;2,05060345920792
963;9,311;2,10838557432004
964;9,315;1,87130246842108
965;9,319;2,03902498194309
966;9,323;1,86953812902835
967;9,327;1,82565018663403
968;9,331;1,83546432450612
969;9,335;1,99249053045967
970;9,339;2,00384846530041
971;9,344;1,81021221694758
972;9,348;1,84616063207459
973;9,352;1,87758792750771
974;9,356;1,80800679270666
975;9,360;1,86203968660922
976;9,364;1,91055901990947
977;9,368;1,97010547441432
978;9,372;1,74835006698976
979;9,376;1,88497609871479
980;9,381;1,89082047295323
981;9,385;1,8291788654195
982;9,389;1,77194810636761
983;9,393;1,81892364269922
984;9,397;1,68516466248739
985;9,401;1,76422912152439
986;9,405;1,87053056993676
987;9,409;1,81616686239807
988;9,414;1,61128295041655
989;9,418;1,89655457597962
990;9,422;1,80293431695254
991;9,426;1,6751299821912
992;9,430;1,89512105022302
993;9,434;1,75595878062094
994;9,438;1,67149103219368
995;9,442;1,64932651857243
996;9,447;1,73566887760447
997;9,451;1,63664532918714
998;9,455;1,77007349576283
999;9,459;1,6806435427935
1000;9,463;1,79256882302022
1001;9,467;1,68373113673079
1002;9,471;1,81693876088239
1003;9,475;1,73930782760199
1004;9,480;1,84483737753004
1005;9,484;1,70049236096179
1006;9,488;1,87439006235837
1007;9,492;1,73368399578764
1008;9,496;1,75529715334866
1009;9,500;1,79014285635521
1010;9,504;1,86810460327175
1011;9,508;1,75794366243777
1012;9,513;1,7874963472661
1013;9,517;1,78705526241792
1014;9,521;1,82862750935927
1015;9,525;1,7958769593816
1016;9,529;1,77988763363493
1017;9,533;1,82752479723881
1018;9,537;1,82995076390382
1019;9,541;1,77724112454582
1020;9,545;1,62396413980184
1021;9,550;1,73996945487426
1022;9,554;1,67281428673823
1023;9,558;1,82587072905812
1024;9,562;1,72541365488419
1025;9,566;1,80359594422482
1026;9,570;1,77018376697487
1027;9,574;1,64899570493629
1028;9,578;1,86766351842356
1029;9,583;1,71769467004097
1030;9,587;1,70997568519774
1031;9,591;1,69431717308721
1032;9,595;1,70225670035452
1033;9,599;1,66862398068048
1034;9,603;1,76897078364237
1035;9,607;1,67755594885621
1036;9,611;1,59926338830353
1037;9,616;1,63962265191238
1038;9,620;1,73037585942626
1039;9,624;1,71857683973733
1040;9,628;1,689024154909
1041;9,632;1,7374332169972
1042;9,636;1,79345099271659
1043;9,640;1,86270131388149
1044;9,644;1,81429225179329
1045;9,649;1,62980851404028
1046;9,653;1,77316108970012
1047;9,657;1,83138428966042
1048;9,661;1,73092721548649
1049;9,665;1,68825225642468
1050;9,669;1,60554884739016
1051;9,673;1,74371867608383
1052;9,677;1,62131763071274
1053;9,682;1,67943055946099
1054;9,686;1,70115398823406
1055;9,690;1,71835629731324
1056;9,694;1,6265003776789
1057;9,698;1,58128918074003
1058;9,702;1,69034740945355
1059;9,706;1,7098654139857
1060;9,710;1,74427003214406
1061;9,714;1,74052081093449
1062;9,719;1,77106593667124
1063;9,723;1,73015531700217
1064;9,727;1,60554884739016
1065;9,731;1,69685341096427
1066;9,735;1,77988763363493
1067;9,739;1,64723136554355
1068;9,743;1,68450303521511
1069;9,747;1,69817666550882
1070;9,752;1,58801572467484
1071;9,756;1,59827094739512
1072;9,760;1,59816067618307
1073;9,764;1,60587966102629
1074;9,768;1,6224203428332
1075;9,772;1,64701082311946
1076;9,776;1,59639633679034
1077;9,780;1,62716200495118
1078;9,785;1,71372490640731
1079;9,789;1,67557106703938
1080;9,793;1,73500725033219
1081;9,797;1,557250056514
1082;9,801;1,58680274134233
1083;9,805;1,59937365951558
1084;9,809;1,55780141257423
1085;9,813;1,60047637163604
1086;9,818;1,70016154732565
1087;9,822;1,59154440346031
1088;9,826;1,61095213678041
1089;9,830;1,63984319433647
1090;9,834;1,53894503531436
1091;9,838;1,59860176103126
1092;9,842;1,61734786707908
1093;9,846;1,645908110999
1094;9,851;1,63995346554852
1095;9,855;1,53310066107592
1096;9,859;1,56033765045128
1097;9,863;1,57345992468476
1098;9,867;1,58669247013029
1099;9,871;1,54931052924668
1100;9,875;1,68538520491148
1101;9,879;1,73004504579012
1102;9,883;1,60610020345039
1103;9,888;1,55548571712126
1104;9,892;1,59220603073259
1105;9,896;1,72552392609623
1106;9,900;1,65969201250476
1107;9,904;1,60753372920698
1108;9,908;1,56673338074995
1109;9,912;1,61348837465747
1110;9,916;1,62120735950069
1111;9,921;1,70104371702202
1112;9,925;1,66233852159386
1113;9,929;1,58294324892072
1114;9,933;1,59937365951558
1115;9,937;1,48182454747451
1116;9,941;1,57279829741249
1117;9,945;1,58614111407006
1118;9,949;1,51942703078221
1119;9,954;1,60610020345039
1120;9,958;1,63697614282327
1121;9,962;1,48788946413705
1122;9,966;1,54015801864686
1123;9,970;1,57842212922683
1124;9,974;1,5306746944109
1125;9,978;1,48766892171295
1126;9,982;1,55780141257423
1127;9,987;1,45580054143165
1128;9,991;1,6056591186022
1129;9,995;1,59992501557581
1130;9,999;1,48094237777815
1131;10,003;1,5431353413721
1132;10,007;1,54732564742985
1133;10,011;1,62010464738023
1134;10,015;1,62870580191982
1135;10,020;1,51170804593899
1136;10,024;1,58944925043144
1137;10,028;1,5321082201675
1138;10,032;1,52218381108336
1139;10,036;1,63421936252212
1140;10,040;1,62716200495118
1141;10,044;1,63918156706419
1142;10,048;1,61955329132
1143;10,052;1,62010464738023
1144;10,057;1,55802195499832
1145;10,061;1,47057688384582
1146;10,065;1,54500995197689
1147;10,069;1,62043546101637
1148;10,073;1,46318871263874
1149;10,077;1,51633943684492
1150;10,081;1,52185299744722
1151;10,085;1,55780141257423
1152;10,090;1,51611889442083
1153;10,094;1,59926338830353
1154;10,098;1,5445688671287
1155;10,102;1,61878139283568
1156;10,106;1,60918779738768
1157;10,110;1,57875294286297
1158;10,114;1,50773828230533
1159;10,118;1,50939235048602
1160;10,123;1,52681520198929
1161;10,127;1,60643101708652
1162;10,131;1,46936390051331
1163;10,135;1,5071869262451
1164;10,139;1,51060533381853
1165;10,143;1,49020515959001
1166;10,147;1,64414377160627
1167;10,151;1,61723759586704
1168;10,156;1,46065247476168
1169;10,160;1,57555507771364
1170;10,164;1,4822656323227
1171;10,168;1,59827094739512
1172;10,172;1,48281698838293
1173;10,176;1,48612512474431
1174;10,180;1,59286765800486
1175;10,184;1,56518958378131
1176;10,189;1,50222472170303
1177;10,193;1,5071869262451
1178;10,197;1,55493436106103
1179;10,201;1,47145905354219
1180;10,205;1,435069553567
1181;10,209;1,44378097931863
1182;10,213;1,39007889905222
1183;10,217;1,45116915052572
1184;10,221;1,4822656323227
1185;10,226;1,45337457476664
1186;10,230;1,44907399749684
1187;10,234;1,47829586868904
1188;10,238;1,5057534004885
1189;10,242;1,42426297478649
1190;10,246;1,39415893389792
1191;10,250;1,47300285051083
1192;10,254;1,41764670206373
1193;10,259;1,4113612429771
1194;10,263;1,56254307469221
1195;10,267;1,38621940663061
1196;10,271;1,49516736413208
1197;10,275;1,35964404452752
1198;10,279;1,54920025803464
1199;10,283;1,43231277326585
1200;10,287;1,43760579144406
1201;10,292;1,37353821724531
1202;10,296;1,44741992931615
1203;10,300;1,52891035501817
1204;10,304;1,41522073539871
1205;10,308;1,45888813536894
1206;10,312;1,34828610968677
1207;10,316;1,39493083238224
1208;10,320;1,46175518688214
1209;10,325;1,54214290046369
1210;10,329;1,48281698838293
1211;10,333;1,46021138991349
1212;10,337;1,40827364903981
1213;10,341;1,35953377331547
1214;10,345;1,37045062330803
1215;10,349;1,46374006869897
1216;10,353;1,54931052924668
1217;10,358;1,4932927535273
1218;10,362;1,42889436569242
1219;10,366;1,46329898385078
1220;10,370;1,45381565961482
1221;10,374;1,46197572930623
1222;10,378;1,50729719745715
1223;10,382;1,42878409448037
1224;10,386;1,37122252179235
1225;10,390;1,43010734902493
1226;10,395;1,33736925969422
1227;10,399;1,38280099905718
1228;10,403;1,37872096421148
1229;10,407;1,46131410203395
1230;10,411;1,40088547783273
1231;10,415;1,42172673690943
1232;10,419;1,47840613990109
1233;10,423;1,48358888686725
1234;10,428;1,33946441272309
1235;10,432;1,41246395509756
1236;10,436;1,54920025803464
1237;10,440;1,382359914209
1238;10,444;1,41092015812892
1239;10,448;1,41433856570235
1240;10,452;1,31939505213072
1241;10,456;1,43286412932608
1242;10,461;1,3212696627355
1243;10,465;1,32226210364391
1244;10,469;1,51325184290763
1245;10,473;1,40551686873866
1246;10,477;1,48722783686477
1247;10,481;1,44819182780048
1248;10,485;1,34586014302176
1249;10,489;1,36747330058278
1250;10,494;1,37188414906462
1251;10,498;1,41930077024442
1252;10,502;1,4029806308616
1253;10,506;1,38765293238721
1254;10,510;1,34144929453992
1255;10,514;1,32071830667527
1256;10,518;1,5028863489753
1257;10,522;1,38103665966444
1258;10,527;1,30528033698882
1259;10,531;1,34464715968926
1260;10,535;1,40165737631705
1261;10,539;1,38368316875355
1262;10,543;1,37133279300439
1263;10,547;1,30715494759361
1264;10,551;1,37144306421644
1265;10,555;1,3615186551323
1266;10,560;1,35600509453
1267;10,564;1,38280099905718
1268;10,568;1,39118161117268
1269;10,572;1,32490861273302
1270;10,576;1,42580677175513
1271;10,580;1,34442661726516
1272;10,584;1,30583169304905
1273;10,588;1,30704467638156
1274;10,592;1,41290503994575
1275;10,597;1,33130434303169
1276;10,601;1,30472898092859
1277;10,605;1,46230654294237
1278;10,609;1,33505356424125
1279;10,613;1,47697261414449
1280;10,617;1,45745460961234
1281;10,621;1,34288282029652
1282;10,625;1,30153111577926
1283;10,630;1,41720561721554
1284;10,634;1,33847197181468
1285;10,638;1,34431634605312
1286;10,642;1,29734080972151
1287;10,646;1,37982367633194
1288;10,650;1,37298686118508
1289;10,654;1,36328299452503
1290;10,658;1,35666672180227
1291;10,663;1,31498420364887
1292;10,667;1,34994017786747
1293;10,671;1,27297087185934
1294;10,675;1,37585391269828
1295;10,679;1,39173296723291
1296;10,683;1,29458402942036
1297;10,687;1,42591704296718
1298;10,691;1,243418187031
1299;10,696;1,33350976727261
1300;10,700;1,36482679149368
1301;10,704;1,31685881425366
1302;10,708;1,21110872190152
1303;10,712;1,2975613521456
1304;10,716;1,34795529605064
1305;10,720;1,35424075513726
1306;10,724;1,40253954601342
1307;10,729;1,40353198692183
1308;10,733;1,29590728396491
1309;10,737;1,28256446730734
1310;10,741;1,28300555215553
1311;10,745;1,24639550975625
1312;10,749;1,28465962033622
1313;10,753;1,27727144912913
1314;10,757;1,26337727641133
1315;10,761;1,25819452944517
1316;10,766;1,24782903551284
1317;10,770;1,22919320067707
1318;10,774;1,24452089915146
1319;10,778;1,22191530068203
1320;10,782;1,3085884733502
1321;10,786;1,24242574612259
1322;10,790;1,28984236730238
1323;10,794;1,30991172789476
1324;10,799;1,3227031884921
1325;10,803;1,29943596275038
1326;10,807;1,40684012328322
1327;10,811;1,28598287488077
1328;10,815;1,34861692332291
1329;10,819;1,33990549757128
1330;10,823;1,29579701275287
1331;10,827;1,32987081727509
1332;10,832;1,25742263096085
1333;10,836;1,27153734610274
1334;10,840;1,37607445512237
1335;10,844;1,23018564158548
1336;10,848;1,25069608702604
1337;10,852;1,28113094155074
1338;10,856;1,31388149152841
1339;10,860;1,17857871434794
1340;10,865;1,24782903551284
1341;10,869;1,40948663237232
1342;10,873;1,32799620667031
1343;10,877;1,22555425067955
1344;10,881;1,3572180778625
1345;10,885;1,56254307469221
1346;10,889;1,53166713531932
1347;10,893;1,67667377915984
1348;10,898;1,91960125929724
1349;10,902;2,07563502434237
1350;10,906;2,53888438614773
1351;10,910;3,11538228272436
1352;10,914;3,68592553385051
1353;10,918;4,67263233923836
1354;10,922;5,51422222957364
1355;10,926;7,11039802393988
1356;10,930;8,82665916822425
1357;10,935;10,8056966108143
1358;10,939;13,2543791455084
1359;10,943;15,6812279802173
1360;10,947;19,0972095869792
1361;10,951;22,9029999283237
1362;10,955;26,3658468002051
1363;10,959;30,519873629191
1364;10,963;34,3924883250354
1365;10,968;37,7152907576184
1366;10,972;41,4598805762774
1367;10,976;44,987897734478
1368;10,980;50,0125157825672
1369;10,984;52,5973832641382
1370;10,988;55,6302826802521
1371;10,992;58,8741309250101
1372;10,996;60,1329870817275
1373;11,001;62,6218083376063
1374;11,005;63,2061354902382
1375;11,009;64,8406856663965
1376;11,013;65,9650109444178
1377;11,017;65,7250607870056
1378;11,021;65,7380727900271
1379;11,025;65,620523677986
1380;11,029;65,3683334160367
1381;11,034;64,0948111881172
1382;11,038;62,7833556632538
1383;11,042;61,2135346885665
1384;11,046;60,4323734224325
1385;11,050;58,5243506404001
1386;11,054;58,028240457405
1387;11,058;55,5212244515386
1388;11,062;53,8801682738696
1389;11,067;52,6946424731627
1390;11,071;50,3288838899273
1391;11,075;48,3796196745897
1392;11,079;47,1210943315083
1393;11,083;45,7528491324412
1394;11,087;44,5384322741783
1395;11,091;41,9608426926025
1396;11,095;40,1169977559808
1397;11,099;39,0712958521484
1398;11,104;37,3394864669655
1399;11,108;35,3618825501321
1400;11,112;33,6950229088443
1401;11,116;32,7922324958235
1402;11,120;31,3992865452581
1403;11,124;29,7816078645428
1404;11,128;28,1988851580462
1405;11,132;26,6718494136328
1406;11,137;25,2828732267011
1407;11,141;23,9135253155135
1408;11,145;22,5592845603762
1409;11,149;21,4267992126635
1410;11,153;20,8088393403576
1411;11,157;19,9202739136907
1412;11,161;18,4448450965149
1413;11,165;17,4763330411146
1414;11,170;16,5722193735492
1415;11,174;15,3758869940619
1416;11,178;14,659785743035
1417;11,182;13,8473074526799
1418;11,186;13,0534649971605
1419;11,190;12,4098119324479
1420;11,194;11,9291397191392
1421;11,198;11,5880708602809
1422;11,203;10,8353595668547
1423;11,207;10,3002133747953
1424;11,211;9,66736688886316
1425;11,215;9,49743895110023
1426;11,219;9,18548169222202
1427;11,223;8,639198107746
1428;11,227;8,12059259749354
1429;11,231;7,72912979473014
1430;11,236;7,3624780146771
1431;11,240;7,03409034520403
1432;11,244;7,03221573459925
1433;11,248;6,40730877593441
1434;11,252;6,41833589713901
1435;11,256;6,08344222615523
1436;11,260;5,95034487321567
1437;11,264;5,63629246130859
1438;11,268;5,45644011446152
1439;11,273;5,3624890417983
1440;11,277;5,01921475869902
1441;11,281;5,01204712991603
1442;11,285;4,84090620882059
1443;11,289;4,67803562862861
1444;11,293;4,50281467268748
1445;11,297;4,17508863048668
1446;11,301;4,14156618202469
1447;11,306;4,0359263608846
1448;11,310;4,06250172298769
1449;11,314;3,78572098075216
1450;11,318;3,6722519035568
1451;11,322;3,49262009913382
1452;11,326;3,60035507330279
1453;11,330;3,47982863853648
1454;11,334;3,3320652143948
1455;11,339;3,25763214626374
1456;11,343;3,15695452966571
1457;11,347;3,17548009328945
1458;11,351;3,06884783124094
1459;11,355;2,97688164039455
1460;11,359;2,9908860843244
1461;11,363;2,9630977388888
1462;11,367;2,7882075965838
1463;11,372;2,76979230417211
1464;11,376;2,8490773056332
1465;11,380;2,88623870409272
1466;11,384;2,51429390586147
1467;11,388;2,59578433156348
1468;11,392;2,75865491175546
1469;11,396;2,63360735729527
1470;11,400;2,54913960886801
1471;11,405;2,56976032552062
1472;11,409;2,36564831202342
1473;11,413;2,57681768309156
1474;11,417;2,57990527702885
1475;11,421;2,26022903330742
1476;11,425;2,44548466954475
1477;11,429;2,42056337562234
1478;11,433;2,41957093471393
1479;11,437;2,2275887545418
1480;11,442;2,19594091668459
1481;11,446;2,25118679391965
1482;11,450;2,16539579094784
1483;11,454;2,17454830154766
1484;11,458;2,02160213043982
1485;11,462;2,1329760546063
1486;11,466;2,0970276394793
1487;11,470;1,99888626075834
1488;11,475;2,15900006064917
1489;11,479;1,98675642743327
1490;11,483;1,94176577291849
1491;11,487;1,96823086380954
1492;11,491;2,03759145618649
1493;11,495;1,93162082141026
1494;11,499;2,00340738045222
1495;11,503;1,92434292141522
1496;11,508;2,00043005772698
1497;11,512;1,78231360029994
1498;11,516;1,89071020174118
1499;11,520;1,96635625320476
1500;11,524;1,75463552607639
1501;11,528;1,89048965931709
1502;11,532;1,61525271405021
1503;11,536;1,69608151247994
1504;11,541;1,76742698667372
1505;11,545;1,68196679733805
1506;11,549;1,87152301084517
1507;11,553;1,74526247305247
1508;11,557;1,59628606557829
1509;11,561;1,72265687458304
1510;11,565;1,79940563816707
1511;11,569;1,76599346091713
1512;11,574;1,54545103682507
1513;11,578;1,724972570036
1514;11,582;1,59716823527466
1515;11,586;1,68781117157649
1516;11,590;1,58371514740504
1517;11,594;1,57213667014021
1518;11,598;1,49935767018983
1519;11,602;1,74140298063086
1520;11,606;1,59452172618555
1521;11,611;1,5903314201278
1522;11,615;1,40816337782777
1523;11,619;1,50895126563784
1524;11,623;1,50354797624758
1525;11,627;1,64094590645693
1526;11,631;1,54137100197937
1527;11,635;1,48557376868408
1528;11,639;1,54070937470709
1529;11,644;1,44686857325592
1530;11,648;1,40077520662068
1531;11,652;1,42150619448534
1532;11,656;1,42161646569738
1533;11,660;1,58845680952302
1534;11,664;1,49494682170799
1535;11,668;1,53662933986139
1536;11,672;1,40926608994823
1537;11,677;1,28774721427351
1538;11,681;1,34563960059767
1539;11,685;1,4961598050405
1540;11,689;1,26194375065474
1541;11,693;1,49031543080206
1542;11,697;1,33825142939059
1543;11,701;1,52747682926157
1544;11,705;1,34144929453992
1545;11,710;1,32082857788731
1546;11,714;1,34497797332539
1547;11,718;1,4932927535273
1548;11,722;1,37078143694416
1549;11,726;1,43473873993086
1550;11,730;1,35346885665294
1551;11,734;1,3476244824145
1552;11,738;1,29083480821079
1553;11,743;1,37783879451511
1554;11,747;1,35942350210342
1555;11,751;1,38544750814629
1556;11,755;1,27572765216049
1557;11,759;1,41246395509756
1558;11,763;1,31586637334524
1559;11,767;1,22356936886272
1560;11,771;1,31013227031885
1561;11,775;1,41125097176506
1562;11,780;1,29171697790716
1563;11,784;1,23327323552277
1564;11,788;1,23051645522162
1565;11,792;1,1686543052638
1566;11,796;1,24176411885031
1567;11,800;1,2422052036985
1568;11,804;1,24231547491054
1569;11,808;1,26966273549796
1570;11,813;1,28873965518192
1571;11,817;1,24804957793694
1572;11,821;1,28013850064233
1573;11,825;1,29237860517944
1574;11,829;1,11076191893963
1575;11,833;1,23966896582144
1576;11,837;1,29557647032877
1577;11,841;1,24452089915146
1578;11,846;1,24937283248149
1579;11,850;1,25830480065722
1580;11,854;1,21551957038336
1581;11,858;1,1420789431607
1582;11,862;1,25687127490062
1583;11,866;1,18541552949479
1584;11,870;1,25433503702356
1585;11,874;1,23183970976617
1586;11,879;1,27683036428095
1587;11,883;1,10414564621687
1588;11,887;1,20405136433057
1589;11,891;1,22434126734704
1590;11,895;1,1449459946739
1591;11,899;1,27109626125456
1592;11,903;1,23040618400957
1593;11,907;1,13292643256088
1594;11,912;1,32733457939803
1595;11,916;1,10888730833485
1596;11,920;1,12983883862359
1597;11,924;1,10480727348915
1598;11,928;1,19975078706078
1599;11,932;1,23073699764571
1600;11,936;1,23492730370346
1601;11,940;1,14759250376301
1602;11,944;1,06521990836462
1603;11,949;1,06599180684895
1604;11,953;1,22202557189407
1605;11,957;1,13832972195114
1606;11,961;1,15464986133395
1607;11,965;0,982516499330102
1608;11,969;1,07525458866081
1609;11,973;1,19148044615732
1610;11,977;1,22842130219274
1611;11,982;1,03643912202061
1612;11,986;1,1990891597885
1613;11,990;1,30494952335269
1614;11,994;1,1559731158785
1615;11,998;1,24319764460691
1616;12,002;1,19137017494528
1617;12,006;1,13524212801385
1618;12,010;1,13160317801633
1619;12,015;1,23316296431072
1620;12,019;1,06665343412122
1621;12,023;1,15464986133395
1622;12,027;1,09378015228454
1623;12,031;1,24055113551781
1624;12,035;1,18012251131658
1625;12,039;1,18166630828523
1626;12,043;1,15762718405919
1627;12,048;1,09212608410385
1628;12,052;1,14307138406912
1629;12,056;1,19313451433801
1630;12,060;1,09135418561953
1631;12,064;1,16016342193625
1632;12,068;1,10690242651802
1633;12,072;1,1657872537506
1634;12,076;1,10491754470119
1635;12,081;1,19048800524891
1636;12,085;1,15928125223988
1637;12,089;1,1825484779816
1638;12,093;1,24804957793694
1639;12,097;1,0754751310849
1640;12,101;1,22941374310116
1641;12,105;1,05849336442982
1642;12,109;1,10811540985053
1643;12,113;1,18552580070684
1644;12,118;1,14373301134139
1645;12,122;1,11892198863104
1646;12,126;1,16424345678196
1647;12,130;1,16269965981331
1648;12,134;1,17207271283722
1649;12,138;1,15464986133395
1650;12,142;1,09708828864592
1651;12,146;1,05452360079616
1652;12,151;1,1588401673917
1653;12,155;1,22367964007476
1654;12,159;1,12388419317311
1655;12,163;1,07790109774992
1656;12,167;0,98869168720468
1657;12,171;1,09708828864592
1658;12,175;1,10701269773007
1659;12,179;1,07128482502715
1660;12,184;1,16325101587354
1661;12,188;1,15685528557487
1662;12,192;1,09245689773999
1663;12,196;1,10932839318303
1664;12,200;1,10039642500731
1665;12,204;1,0088713190091
1666;12,208;1,10127859470367
1667;12,212;1,16336128708559
1668;12,217;1,09378015228454
1669;12,221;1,11473168257329
1670;12,225;1,09411096592068
1671;12,229;1,05948580533823
1672;12,233;1,05562631291662
1673;12,237;1,03743156292902
1674;12,241;1,05562631291662
1675;12,245;1,11362897045283
1676;12,250;1,2642594461077
1677;12,254;1,085289268957
1678;12,258;1,06069878867074
1679;12,262;1,15145199618462
1680;12,266;1,07900380987038
1681;12,270;1,07106428260306
1682;12,274;1,07955516593061
1683;12,278;1,09675747500979
1684;12,282;1,08462764168472
1685;12,287;1,00236531749839
1686;12,291;1,03456451141583
1687;12,295;1,14009406134388
1688;12,299;1,085289268957
1689;12,303;1,13678592498249
1690;12,307;1,10954893560713
1691;12,311;1,03676993565675
1692;12,315;1,11087219015168
1693;12,320;1,12211985378037
1694;12,324;1,05176682049501
1695;12,328;0,989132772052864
1696;12,332;1,10138886591572
1697;12,336;1,05474414322025
1698;12,340;1,05882417806595
1699;12,344;1,03202827353877
1700;12,348;0,966527173583429
1701;12,353;0,893858444845097
1702;12,357;1,04018834323017
1703;12,361;1,13050046589587
1704;12,365;1,05529549928048
1705;12,369;1,10304293409641
1706;12,373;1,00754806446455
1707;12,377;1,07172590987534
1708;12,381;0,996410672047902
1709;12,386;1,08032706441493
1710;12,390;1,10127859470367
1711;12,394;0,916464043314532
1712;12,398;0,967409343279797
1713;12,402;1,00236531749839
1714;12,406;1,08650225228951
1715;12,410;1,05683929624912
1716;12,414;1,06466855230439
1717;12,419;1,04481973413611
1718;12,423;0,928152791791411
1719;12,427;1,01118701446207
1720;12,431;0,985604093267391
1721;12,435;1,0618015007912
1722;12,439;0,969725038732763
1723;12,443;1,0019242326502
1724;12,447;0,936423132694863
1725;12,451;1,0409602417145
1726;12,456;0,941275066024888
1727;12,460;1,01890599930529
1728;12,464;1,03213854475081
1729;12,468;0,978657006908491
1730;12,472;1,00710697961637
1731;12,476;1,01151782809821
1732;12,480;0,927932249367319
1733;12,484;1,0809886916872
1734;12,489;0,979098091756676
1735;12,493;0,923631672097524
1736;12,497;0,936202590270771
1737;12,501;0,951530288745169
1738;12,505;0,975018056910973
1739;12,509;1,00787887810069
1740;12,513;1,06742533260554
1741;12,517;1,02640444172442
1742;12,522;1,00313721598271
1743;12,526;1,01273081143071
1744;12,530;0,911942923620645
1745;12,534;0,944472931174223
1746;12,538;0,930468487244378
1747;12,542;0,927711706943227
1748;12,546;1,00302694477066
1749;12,550;1,00126260537793
1750;12,555;0,913045635741105
1751;12,559;0,998064740228592
1752;12,563;0,941826422085118
1753;12,567;0,982957584178286
1754;12,571;1,02441955990759
1755;12,575;0,978877549332584
1756;12,579;0,90874505847131
1757;12,583;0,994094976594935
1758;12,588;0,848536976694179
1759;12,592;0,999387994773145
1760;12,596;0,86684199789382
1761;12,600;0,955720594802918
1762;12,604;0,985163008419207
1763;12,608;1,0352261386881
1764;12,612;0,938849099359876
1765;12,616;0,999718808409283
1766;12,620;0,772008755534237
1767;12,625;0,860115453959012
1768;12,629;0,959028731164299
1769;12,633;0,99839555386473
1770;12,637;0,990786840233554
1771;12,641;0,990566297809462
1772;12,645;0,976892667515755
1773;12,649;1,00622480992
1774;12,653;0,977885108424169
1775;12,658;0,94094425238875
1776;12,662;0,85824084335423
1777;12,666;0,811265307022622
1778;12,670;0,846662366089397
1779;12,674;0,827034090345204
1780;12,678;0,912494279680875
1781;12,682;0,902459599384687
1782;12,686;0,89959254787149
1783;12,691;0,983839753874655
1784;12,695;0,945465372082637
1785;12,699;0,993653891746751
1786;12,703;0,894299529693281
1787;12,707;0,803766864603492
1788;12,711;0,936864217543047
1789;12,715;0,955720594802918
1790;12,719;0,892976275148728
1791;12,724;0,891873563028268
1792;12,728;0,976672125091663
1793;12,732;0,932784182697344
1794;12,736;0,949435135716294
1795;12,740;0,79273974339889
1796;12,744;0,931019843304608
1797;12,748;0,879743729703205
1798;12,752;0,815235070656279
1799;12,757;0,937525844815323
1800;12,761;0,935540962998495
1801;12,765;0,905216379685837
1802;12,769;0,784579673707484
1803;12,773;0,995859315987672
1804;12,777;0,930358216032332
1805;12,781;0,855153249416941
1806;12,785;0,875002067585226
1807;12,789;0,839494737306405
1808;12,794;0,749403157064801
1809;12,798;0,996851756896086
1810;12,802;0,868716608498602
1811;12,806;0,82549029337656
1812;12,810;0,918559196343407
1813;12,814;0,780830452497919
1814;12,818;0,858681928202414
1815;12,822;0,890329766059624
1816;12,827;0,926388452398675
1817;12,831;0,926278181186629
1818;12,835;0,928704147851641
1819;12,839;0,905216379685837
1820;12,843;0,890329766059624
1821;12,847;0,918007840283177
1822;12,851;0,789872691885693
1823;12,855;0,809831781266024
1824;12,860;0,854271079720573
1825;12,864;1,04746624322521
1826;12,868;0,79439381157958
1827;12,872;0,913376449377243
1828;12,876;0,939179912996014
1829;12,880;0,82493893731633
1830;12,884;0,824497852468145
1831;12,888;0,891763291816222
1832;12,893;0,835855787308886
1833;12,897;0,93068902966847
1834;12,901;0,886360002425967
1835;12,905;0,858461385778322
1836;12,909;0,871693931223845
1837;12,913;0,758224854028483
1838;12,917;0,767928720688533
1839;12,921;0,851734841843514
1840;12,926;0,910178584227909
1841;12,930;0,930909572092562
1842;12,934;0,863864675168577
1843;12,938;0,854601893356711
1844;12,942;0,945575643294683
1845;12,946;0,898048750902846
1846;12,950;0,841148805487096
1847;12,954;0,883382679700724
1848;12,958;0,826923819133158
1849;12,963;0,916574314526578
1850;12,967;0,917125670586808
1851;12,971;0,869929591831109
1852;12,975;0,844126128212338
1853;12,979;0,826923819133158
1854;12,983;0,810383137326254
1855;12,987;0,825159479740422
1856;12,991;0,853499181236251
1857;12,996;0,856145690325355
1858;13,000;0,879192373642975
1859;13,004;0,889447596363255
1860;13,008;0,984611652358977
1861;13,012;0,871363117587707
1862;13,016;0,845449382756891
1863;13,020;0,868826879710648
1864;13,024;0,950537847836755
1865;13,029;0,781933164618379
1866;13,033;0,777081231288354
1867;13,037;0,889557867575302
1868;13,041;0,858681928202414
1869;13,045;0,862872234260163
1870;13,049;0,943480490265809
1871;13,053;0,792188387338659
1872;13,057;0,797591676728915
1873;13,062;0,804318220663722
1874;13,066;0,852286197903744
1875;13,070;0,836737957005254
1876;13,074;0,781381808558149
1877;13,078;0,757894040392345
1878;13,082;0,786123470676128
1879;13,086;0,816227511564693
1880;13,090;0,84214124639551
1881;13,095;0,832327108523413
1882;13,099;0,837509855489577
1883;13,103;0,811816663082852
1884;13,107;0,853940266084435
1885;13,111;0,881618340307988
1886;13,115;0,815455613080371
1887;13,119;0,809170153993748
1888;13,123;0,862431149411979
1889;13,127;0,864195488804715
1890;13,132;0,980421346301228
1891;13,136;0,790424047945923
1892;13,140;0,875884237281594
1893;13,144;0,82714436155725
1894;13,148;0,922970044825248
1895;13,152;0,864195488804715
1896;13,156;0,789211064613417
1897;13,160;0,828688158525895
1898;13,165;0,859784640322874
1899;13,169;0,877428034250239
1900;13,173;0,888565426666887
1901;13,177;0,968512055400257
1902;13,181;0,824828666104284
1903;13,185;0,90014390393172
1904;13,189;0,88988868121144
1905;13,193;0,812698832779221
1906;13,198;0,867062540317912
1907;13,202;0,814132358535819
1908;13,206;0,868275523650418
1909;13,210;0,9242932993698
1910;13,214;0,830452497918631
1911;13,218;0,91624350089044
1912;13,222;0,879743729703205
1913;13,226;0,880846441823665
1914;13,231;0,791637031278429
1915;13,235;0,837730397913669
1916;13,239;0,778073672196768
1917;13,243;0,854932706992849
1918;13,247;0,856255961537401
1919;13,251;0,84963968881464
1920;13,255;0,796488964608455
1921;13,259;0,921646790280695
1922;13,264;0,920213264524097
1923;13,268;0,843905585788246
1924;13,272;0,732311119197667
1925;13,276;0,827475175193388
1926;13,280;0,818322664593568
1927;13,284;0,832106566099321
1928;13,288;0,69724487376703
1929;13,292;0,849529417602594
1930;13,296;0,878199932734561
1931;13,301;0,794614354003672
1932;13,305;0,919661908463867
1933;13,309;0,883051866064586
1934;13,313;0,871363117587707
1935;13,317;0,870591219103385
1936;13,321;0,923521400885478
1937;13,325;0,817550766109246
1938;13,329;0,882169696368218
1939;13,334;0,899813090295582
1940;13,338;0,86849606607451
1941;13,342;0,892314647876452
1942;13,346;0,864195488804715
1943;13,350;0,960572528132943
1944;13,354;0,927932249367319
1945;13,358;0,820638360046534
1946;13,362;0,930799300880516
1947;13,367;0,921095434220465
1948;13,371;0,991227925081739
1949;13,375;0,931681470576884
1950;13,379;0,856807317597631
1951;13,383;0,937856658451461
1952;13,387;0,935430691786449
1953;13,391;0,951199475109031
1954;13,395;0,945796185718775
1955;13,400;0,883051866064586
1956;13,404;1,00964321749343
1957;13,408;0,876104779705686
1958;13,412;0,831444938827045
1959;13,416;0,77994828280155
1960;13,420;0,838502296397991
1961;13,424;0,903893125141285
1962;13,428;0,88294159485254
1963;13,433;0,848536976694179
1964;13,437;0,810603679750346
1965;13,441;0,994756603867211
1966;13,445;0,827805988829526
1967;13,449;0,931571199364838
1968;13,453;0,939179912996014
1969;13,457;0,901026073628088
1970;13,461;0,886360002425967
1971;13,465;0,870922032739523
1972;13,470;0,807957170661241
1973;13,474;0,83409144791615
1974;13,478;0,840597449426865
1975;13,482;0,839605008518451
1976;13,486;0,760871363117588
1977;13,490;0,822292428227225
1978;13,494;0,76054054948145
1979;13,498;0,852506740327836
1980;13,503;0,859233284262644
1981;13,507;0,78468994491953
1982;13,511;0,8437953145762
1983;13,515;0,810603679750346
1984;13,519;0,805751746420321
1985;13,523;0,833870905492058
1986;13,527;0,906098549382206
1987;13,531;0,873127456980443
1988;13,536;0,765392482811475
1989;13,540;0,80299496611917
1990;13,544;0,85934355547469
1991;13,548;0,840487178214819
1992;13,552;0,81854320701766
1993;13,556;0,860556538807196
1994;13,560;0,841038534275049
1995;13,564;0,757452955544161
1996;13,569;0,861990064563795
1997;13,573;0,786233741888174
1998;13,577;0,718306675267821
1999;13,581;0,777301773712446
2000;13,585;0,811485849446714
2001;13,589;0,871693931223845
2002;13,593;0,731539220713345
2003;13,597;0,822954055499501
2004;13,602;0,761312447965772
2005;13,606;0,743558782826361
2006;13,610;0,758224854028483
2007;13,614;0,736832238891554
2008;13,618;0,813029646415359
2009;13,622;0,831334667614999
2010;13,626;0,854271079720573
2011;13,630;0,858571656990368
2012;13,634;0,746425834339558
2013;13,639;0,719078573752143
2014;13,643;0,795937608548224
2015;13,647;0,770134144929454
2016;13,651;0,767708178264441
2017;13,655;0,815014528232187
2018;13,659;0,727348914655595
2019;13,663;0,848095891845995
2020;13,667;0,751829123729813
2021;13,672;0,771457399474006
2022;13,676;0,763187058570554
2023;13,680;0,745323122219098
2024;13,684;0,816668596412877
2025;13,688;0,69503944952611
2026;13,692;0,786123470676128
2027;13,696;0,761863804026002
2028;13,700;0,778514757044952
2029;13,705;0,774986078259479
2030;13,709;0,741684172221579
2031;13,713;0,797591676728915
2032;13,717;0,858351114566276
2033;13,721;0,707941181335495
2034;13,725;0,761863804026002
2035;13,729;0,7632973297826
2036;13,733;0,842913144879832
2037;13,738;0,735067899498817
2038;13,742;0,814022087323773
2039;13,746;0,839605008518451
2040;13,750;0,691731313164729
2041;13,754;0,733524102530173
2042;13,758;0,798473846425283
2043;13,762;0,775206620683571
2044;13,766;0,847323993361673
2045;13,771;0,839935822154589
2046;13,775;0,886470273638013
2047;13,779;0,89374817363305
2048;13,783;0,872465829708167
2049;13,787;1,08187086138357
2050;13,791;1,18276902040569
2051;13,795;1,25687127490062
2052;13,799;1,4918592277707
2053;13,803;1,72971423215398
2054;13,808;2,21843624394198
2055;13,812;2,51208848162055
2056;13,816;2,89087009499865
2057;13,820;3,67908871870365
2058;13,824;4,08665111842577
2059;13,828;4,83605427549057
2060;13,832;5,67499765673674
2061;13,836;6,52099839555386
2062;13,841;7,9216633309625
2063;13,845;9,09450794228405
2064;13,849;10,5765530321827
2065;13,853;11,7445457101742
2066;13,857;13,3261657045503
2067;13,861;15,0880791306218
2068;13,865;16,67951326287
2069;13,869;18,8364181704903
2070;13,874;19,8055918531629
2071;13,878;21,9050454593072
2072;13,882;23,2992043932051
2073;13,886;25,0565966995826
2074;13,890;25,8404044748058
2075;13,894;27,4308461661456
2076;13,898;28,8241229303472
2077;13,902;29,745990263052
2078;13,907;30,4774192125533
2079;13,911;30,9286490122456
2080;13,915;31,7591015101642
2081;13,919;31,8109289798259
2082;13,923;33,0410043501993
2083;13,927;32,6517469716768
2084;13,931;32,6703828065126
2085;13,935;32,7022511867939
2086;13,940;31,7997915874092
2087;13,944;31,4674341543025
2088;13,948;31,0239233394534
2089;13,952;30,5080746095021
2090;13,956;30,0485744689063
2091;13,960;29,5082455298807
2092;13,964;28,6044626759515
2093;13,968;27,5916215933087
2094;13,972;26,6709672439365
2095;13,977;25,9236592399005
2096;13,981;25,280336988824
2097;13,985;24,0029552684828
2098;13,989;23,0197771418805
2099;13,993;21,9905056486428
2100;13,997;21,9280921426248
2101;14,001;20,9091861433195
2102;14,005;20,0104757651444
2103;14,010;19,1785897414691
2104;14,014;18,5916160797481
2105;14,018;17,2518208533889
2106;14,022;16,8720467991024
2107;14,026;15,764262202888
2108;14,030;15,2195224153806
2109;14,034;14,7204349096603
2110;14,038;13,8895413268935
2111;14,043;13,1147757910581
2112;14,047;12,4163179339586
2113;14,051;11,6177338163212
2114;14,055;11,0905271515292
2115;14,059;10,7400852396469
2116;14,063;10,0688643719227
2117;14,067;9,70926994944065
2118;14,071;9,20036830584823
2119;14,076;8,65970855318656
2120;14,080;8,26559924133406
2121;14,084;8,00337429908861
2122;14,088;7,6720093068903
2123;14,092;7,42136284190968
2124;14,096;6,78399523628364
2125;14,100;6,51383076677087
2126;14,104;6,18919231850737
2127;14,109;6,26373565785048
2128;14,113;5,79596517635124
2129;14,117;5,54598033864289
2130;14,121;5,42534363266454
2131;14,125;5,14679855103627
2132;14,129;4,82987908761599
2133;14,133;4,59808899989524
2134;14,137;4,43565950455144
2135;14,141;4,26771644860534
2136;14,146;4,21644033500394
2137;14,150;4,08212999873188
2138;14,154;3,7666440610682
2139;14,158;3,76752623076457
2140;14,162;3,4599798203682
2141;14,166;3,6207552475313
2142;14,170;3,34441559014396
2143;14,174;3,27582689625133
2144;14,179;3,16026266602709
2145;14,183;3,18209636601221
2146;14,187;3,03753080701987
2147;14,191;2,82360465565057
2148;14,195;2,5675549012797
2149;14,199;2,66757089060544
2150;14,203;2,79239790264155
2151;14,207;2,66668872090908
2152;14,212;2,78864868143198
2153;14,216;2,54969096492824
2154;14,220;2,41372656047549
2155;14,224;2,54373631947776
2156;14,228;2,38902580897718
2157;14,232;2,16881419852126
2158;14,236;2,2858119545021
2159;14,240;2,19726417122914
2160;14,245;1,99601920924514
2161;14,249;1,9997684304547
2162;14,253;1,96933357593
2163;14,257;1,99094673349102
2164;14,261;1,86744297599947
2165;14,265;1,90934603657696
2166;14,269;1,99800409106197
2167;14,273;1,79642831544183
2168;14,278;1,87394897751019
2169;14,282;1,96073242139041
2170;14,286;1,81627713361011
2171;14,290;1,86523755175855
2172;14,294;1,62925715798005
2173;14,298;1,64601838221105
2174;14,302;1,77944654878674
2175;14,306;1,52141191259904
2176;14,310;1,56044792166333
2177;14,315;1,50090146715848
2178;14,319;1,47895749596132
2179;14,323;1,51115668987876
2180;14,327;1,50476095958009
2181;14,331;1,41533100661076
2182;14,335;1,48325807323111
2183;14,339;1,32160047637164
2184;14,343;1,47134878233014
2185;14,348;1,40915581873618
2186;14,352;1,3545715687734
2187;14,356;1,20724922947991
2188;14,360;1,38677076269084
2189;14,364;1,28774721427351
2190;14,368;1,34938882180723
2191;14,372;1,30285437032381
2192;14,376;1,19423722645847
2193;14,381;1,24474144157556
2194;14,385;1,11329815681669
2195;14,389;1,30936037183453
2196;14,393;1,20758004311604
2197;14,397;1,19533993857893
2198;14,401;1,17063918708062
2199;14,405;1,19236261585369
2200;14,409;1,18982637797663
2201;14,414;1,19423722645847
2202;14,418;1,29579701275287
2203;14,422;1,16788240677947
2204;14,426;1,15222389466894
2205;14,430;1,12873612650313
2206;14,434;1,13083127953201
2207;14,438;1,10910785075894
2208;14,442;1,10844622348667
2209;14,447;1,07679838562946
2210;14,451;1,07503404623672
2211;14,455;0,98009053266509
2212;14,459;1,04669434474089
2213;14,463;1,04691488716498
2214;14,467;1,18960583555254
2215;14,471;1,05573658412866
2216;14,475;1,13402914468134
2217;14,479;0,919220823615683
2218;14,484;0,948332423595834
2219;14,488;1,06676370533327
2220;14,492;1,03688020686879
2221;14,496;1,04007807201813
2222;14,500;0,95538978116678
2223;14,504;1,09609584773751
2224;14,508;0,989132772052864
2225;14,512;0,900254175143766
2226;14,517;0,985273279631253
2227;14,521;0,77829421462086
2228;14,525;0,985493822055345
2229;14,529;0,881728611520034
2230;14,533;0,896394682722155
2231;14,537;0,929917131184147
2232;14,541;0,929917131184147
2233;14,545;0,982516499330102
2234;14,550;0,886801087274151
2235;14,554;0,945465372082637
2236;14,558;0,948663237231972
2237;14,562;0,993102535686521
2238;14,566;0,951640559957215
2239;14,570;0,837068770641393
2240;14,574;0,925285740278214
2241;14,578;0,837730397913669
2242;14,583;0,903121226656963
2243;14,587;0,846662366089397
2244;14,591;0,886470273638013
2245;14,595;0,868054981226326
2246;14,599;0,877979390310469
2247;14,603;0,821741072166995
2248;14,607;0,805310661572137
2249;14,611;0,863644132744485
2250;14,616;0,869488506982925
2251;14,620;0,825159479740422
2252;14,624;0,857468944869908
2253;14,628;0,838833110034129
2254;14,632;0,845228840332799
2255;14,636;0,816999410049016
2256;14,640;0,808949611569656
2257;14,644;0,865077658501083
2258;14,648;0,818322664593568
2259;14,653;0,830342226706585
2260;14,657;0,850521858511008
2261;14,661;0,726577016171273
2262;14,665;0,826262191860882
2263;14,669;0,929255503911871
2264;14,673;0,88459566303323
2265;14,677;0,77079577220173
2266;14,681;0,903782853929239
2267;14,686;0,834422261552288
2268;14,690;0,852727282751928
2269;14,694;0,804538763087814
2270;14,698;0,765502754023521
2271;14,702;0,751608581305722
2272;14,706;0,795386252487994
2273;14,710;0,790203505521831
2274;14,714;0,740802002525211
2275;14,719;0,785902928252036
2276;14,723;0,790754861582061
2277;14,727;0,705074129822298
2278;14,731;0,723158608597846
2279;14,735;0,776309332804032
2280;14,739;0,76859034796081
2281;14,743;0,732641932833805
2282;14,747;0,717314234359407
2283;14,752;0,774214179775157
2284;14,756;0,756019429787563
2285;14,760;0,789321335825463
2286;14,764;0,742125257069763
2287;14,768;0,75249075100209
2288;14,772;0,700553010128411
2289;14,776;0,626891840481665
2290;14,780;0,78524130097976
2291;14,785;0,768700619172856
2292;14,789;0,750946954033445
2293;14,793;0,785351572191806
2294;14,797;0,712021216181198
2295;14,801;0,755578344939378
2296;14,805;0,728010541927872
2297;14,809;0,795937608548224
2298;14,813;0,699891382856135
2299;14,817;0,691290228316545
2300;14,822;0,723158608597846
2301;14,826;0,673426291965088
2302;14,830;0,743117697978177
2303;14,834;0,803215508543262
2304;14,838;0,798584117637329
2305;14,842;0,704853587398206
2306;14,846;0,741022544949303
2307;14,850;0,773993637351065
2308;14,855;0,756239972211655
2309;14,859;0,7369425101036
2310;14,863;0,810713950962392
2311;14,867;0,682358260140816
2312;14,871;0,700222196492273
2313;14,875;0,707059011639126
2314;14,879;0,654459643493172
2315;14,883;0,712903385877566
2316;14,888;0,709815791940277
2317;14,892;0,677837140446929
2318;14,896;0,71224175860529
2319;14,900;0,688312905591302
2320;14,904;0,717534776783499
2321;14,908;0,647953641982456
2322;14,912;0,712131487393244
2323;14,916;0,727679728291734
2324;14,921;0,764510313115107
2325;14,925;0,742345799493855
2326;14,929;0,728120813139918
2327;14,933;0,696362704070662
2328;14,937;0,743779325250454
2329;14,941;0,665817578333912
2330;14,945;0,747308004035926
2331;14,949;0,733634373742219
2332;14,954;0,726907829807411
2333;14,958;0,699781111644089
2334;14,962;0,724151049506261
2335;14,966;0,697465416191122
2336;14,970;0,596898070805145
2337;14,974;0,656554796522046
2338;14,978;0,635382723809209
2339;14,982;0,643432522288569
2340;14,986;0,677506326810791
2341;14,991;0,731539220713345
2342;14,995;0,653246660160665
2343;14,999;0,672103037420536
2344;15,003;0,675962529842147
2345;15,007;0,679932293475804
2346;15,011;0,799466287333697
2347;15,015;0,686548566198565
2348;15,019;0,698457857099536
2349;15,024;0,681917175292632
2350;15,028;0,644866048045167
2351;15,032;0,638470317746498
2352;15,036;0,621598822303455
2353;15,040;0,677175513174653
2354;15,044;0,703309790429562
2355;15,048;0,643983878348799
2356;15,052;0,711359588908921
2357;15,057;0,615313363216832
2358;15,061;0,675521444993963
2359;15,065;0,753814005546642
2360;15,069;0,792078116126613
2361;15,073;0,692944296497235
2362;15,077;0,743558782826361
2363;15,081;0,657878051066598
2364;15,085;0,694377822253833
2365;15,090;0,643101708652431
2366;15,094;0,71444718284621
2367;15,098;0,654128829857033
2368;15,102;0,674970088933733
2369;15,106;0,719188844964189
2370;15,110;0,732972746469943
2371;15,114;0,71334447072575
2372;15,118;0,671661952572352
2373;15,123;0,645748217741535
2374;15,127;0,676513885902377
2375;15,131;0,641778454107878
2376;15,135;0,590281798082384
2377;15,139;0,675852258630101
2378;15,143;0,702537891945239
2379;15,147;0,6897464313479
2380;15,151;0,68169663286854
2381;15,155;0,667361375302557
2382;15,160;0,614762007156602
2383;15,164;0,705515214670482
2384;15,168;0,642991437440385
2385;15,172;0,699340026795905
2386;15,176;0,586532576872819
2387;15,180;0,615974990489108
2388;15,184;0,599875393530388
2389;15,188;0,590171526870338
2390;15,193;0,693495652557465
2391;15,197;0,609689531402484
2392;15,201;0,654459643493172
2393;15,205;0,642550352592201
2394;15,209;0,682468531352862
2395;15,213;0,637257334413991
2396;15,217;0,604506784436321
2397;15,221;0,64034492835128
2398;15,226;0,675852258630101
2399;15,230;0,746977190399788
2400;15,234;0,720622370720788
2401;15,238;0,650269337435422
2402;15,242;0,721173726781018
2403;15,246;0,722276438901478
2404;15,250;0,616636617761384
2405;15,254;0,776750417652216
2406;15,259;0,704412502550022
2407;15,263;0,640565470775372
2408;15,267;0,626230213209389
2409;15,271;0,721063455568972
2410;15,275;0,720732641932834
2411;15,279;0,591715323838982
2412;15,283;0,61399010867228
2413;15,287;0,668243544998925
2414;15,292;0,808398255509425
2415;15,296;0,652474761676343
2416;15,300;0,715880708602809
2417;15,304;0,723268879809893
2418;15,308;0,635162181385117
2419;15,312;0,694818907102017
2420;15,316;0,757673497968253
2421;15,320;0,636154622293531
2422;15,324;0,566132402644304
2423;15,329;0,819204834289936
2424;15,333;0,699340026795905
2425;15,337;0,688202634379256
2426;15,341;0,696803788918846
2427;15,345;0,713454741937796
2428;15,349;0,710367148000507
2429;15,353;0,702868705581377
2430;15,357;0,780499638861781
2431;15,362;0,665927849545958
2432;15,366;0,647402285922226
2433;15,370;0,687982091955164
2434;15,374;0,679380937415574
2435;15,378;0,72834135556401
2436;15,382;0,760871363117588
2437;15,386;0,575174642032078
2438;15,390;0,653908287432941
2439;15,395;0,569771352641823
2440;15,399;0,741022544949303
2441;15,403;0,719078573752143
2442;15,407;0,730877593441068
2443;15,411;0,692834025285189
2444;15,415;0,734957628286771
2445;15,419;0,694377822253833
2446;15,423;0,727569457079688
2447;15,428;0,625017229876882
2448;15,432;0,709815791940277
2449;15,436;0,647402285922226
2450;15,440;0,668574358635063
2451;15,444;0,647622828346318
2452;15,448;0,774434722199249
2453;15,452;0,600426749590618
2454;15,456;0,595795358684685
2455;15,461;0,624686416240744
2456;15,465;0,682027446504678
2457;15,469;0,724812676778537
2458;15,473;0,5898407132342
2459;15,477;0,637918961686267
2460;15,481;0,675962529842147
2461;15,485;0,594031019291949
2462;15,489;0,613107938975911
2463;15,494;0,560288028405864
2464;15,498;0,646299573801766
2465;15,502;0,689856702559946
2466;15,506;0,598662410197882
2467;15,510;0,656885610158184
2468;15,514;0,691290228316545
2469;15,518;0,542865176902592
2470;15,522;0,670669511663938
2471;15,526;0,627443196541895
2472;15,531;0,631523231387598
2473;15,535;0,690738872256314
2474;15,539;0,640455199563326
2475;15,543;0,605609496556781
2476;15,547;0,541211108721902
2477;15,551;0,630089705631
2478;15,555;0,679601479839666
2479;15,559;0,603073258679723
2480;15,564;0,551466331442182
2481;15,568;0,565139961735889
2482;15,572;0,565360504159982
2483;15,576;0,588407187477601
2484;15,580;0,631964316235782
2485;15,584;0,635162181385117
2486;15,588;0,580357388998241
2487;15,592;0,592818035959442
2488;15,597;0,617187973821614
2489;15,601;0,566463216280442
2490;15,605;0,597118613229237
2491;15,609;0,669346257119385
2492;15,613;0,549371178413308
2493;15,617;0,603404072315861
2494;15,621;0,554884739015609
2495;15,625;0,568007013249086
2496;15,630;0,546393855688065
2497;15,634;0,622370720787778
2498;15,638;0,528860732972746
2499;15,642;0,605168411708597
2500;15,646;0,621709093515501
2501;15,650;0,549371178413308
2502;15,654;0,595354273836501
2503;15,658;0,59844186777379
2504;15,663;0,655562355613632
2505;15,667;0,610792243522945
2506;15,671;0,542313820842362
2507;15,675;0,600206207166526
2508;15,679;0,644866048045167
2509;15,683;0,606932751101334
2510;15,687;0,550914975381952
2511;15,691;0,524119070854767
2512;15,695;0,523898528430675
2513;15,700;0,571976776882743
2514;15,704;0,566683758704534
2515;15,708;0,522244460249985
2516;15,712;0,590061255658292
2517;15,716;0,570653522338191
2518;15,720;0,658208864702736
2519;15,724;0,516510357223591
2520;15,728;0,586091492024635
2521;15,733;0,53459483599914
2522;15,737;0,508460558744231
2523;15,741;0,568668640521362
2524;15,745;0,674529004085548
2525;15,749;0,602191088983355
2526;15,753;0,597780240501513
2527;15,757;0,539336498117119
2528;15,761;0,571094607186375
2529;15,766;0,487178214819348
2530;15,770;0,56679402991658
2531;15,774;0,511658423893566
2532;15,778;0,555656637499931
2533;15,782;0,582562813239162
2534;15,786;0,583334711723484
2535;15,790;0,563926978403383
2536;15,794;0,494456114814386
2537;15,799;0,555656637499931
2538;15,803;0,581460101118702
2539;15,807;0,592156408687166
2540;15,811;0,627112382905757
2541;15,815;0,576938981424814
2542;15,819;0,547937652656709
2543;15,823;0,576277354152538
2544;15,827;0,648063913194502
2545;15,832;0,570432979914099
2546;15,836;0,529742902669115
2547;15,840;0,539226226905073
2548;15,844;0,59039206929443
2549;15,848;0,573189760215249
2550;15,852;0,515848729951315
2551;15,856;0,479238687552034
2552;15,860;0,617629058669798
2553;15,864;0,567014572340672
2554;15,869;0,502836726929884
2555;15,873;0,540770023873717
2556;15,877;0,543085719326684
2557;15,881;0,569661081429777
2558;15,885;0,538674870844843
2559;15,889;0,641778454107878
2560;15,893;0,627332925329849
2561;15,897;0,562272910222693
2562;15,902;0,510335169349014
2563;15,906;0,553782026895149
2564;15,910;0,605058140496551
2565;15,914;0,511217339045382
2566;15,918;0,467549939075155
2567;15,922;0,648504998042686
2568;15,926;0,559075045073358
2569;15,930;0,599985664742434
2570;15,935;0,475820279978607
2571;15,939;0,486626858759118
2572;15,943;0,524229342066813
2573;15,947;0,605388954132689
2574;15,951;0,483539264821829
2575;15,955;0,539115955693027
2576;15,959;0,582783355663254
2577;15,963;0,591053696566706
2578;15,968;0,456522817870553
2579;15,972;0,488611740575947
2580;15,976;0,565360504159982
2581;15,980;0,551466331442182
2582;15,984;0,619613940486627
2583;15,988;0,579475219301873
2584;15,992;0,574182201123664
2585;15,996;0,632956757144196
2586;16,001;0,551356060230136
2587;16,005;0,546724669324203
2588;16,009;0,503718896626252
2589;16,013;0,555656637499931
2590;16,017;0,591605052626936
2591;16,021;0,572417861730927
2592;16,025;0,590502340506476
2593;16,029;0,545511685991697
2594;16,033;0,479569501188172
2595;16,038;0,538233785996659
2596;16,042;0,479790043612264
2597;16,046;0,605499225344735
2598;16,050;0,486737129971164
2599;16,054;0,537682429936429
2600;16,058;0,552238229926504
2601;16,062;0,537461887512337
2602;16,066;0,605830038980874
2603;16,071;0,552458772350596
2604;16,075;0,463139090593314
2605;16,079;0,577269795060952
2606;16,083;0,565250232947936
2607;16,087;0,584327152631898
2608;16,091;0,554112840531287
2609;16,095;0,598000782925606
2610;16,099;0,57484382839594
2611;16,104;0,429175557283138
2612;16,108;0,530404529941391
2613;16,112;0,512320051165842
2614;16,116;0,472071058769042
2615;16,120;0,504711337534667
2616;16,124;0,569991895065915
2617;16,128;0,545732228415789
2618;16,132;0,589509899598061
2619;16,137;0,539998125389395
2620;16,141;0,607153293525426
2621;16,145;0,60009593595448
2622;16,149;0,571204878398421
2623;16,153;0,450678443632113
2624;16,157;0,533822937514818
2625;16,161;0,487509028455486
2626;16,165;0,530073716305253
2627;16,170;0,543637075386914
2628;16,174;0,590833154142614
2629;16,178;0,572307590518881
2630;16,182;0,628656179874401
2631;16,186;0,537131073876199
2632;16,190;0,557531248104714
2633;16,194;0,473614855737687
2634;16,198;0,540439210237579
2635;16,202;0,598111054137652
2636;16,207;0,558523689013128
2637;16,211;0,484752248154336
2638;16,215;0,497323166327583
2639;16,219;0,552679314774688
2640;16,223;0,527868292064332
2641;16,227;0,481333840580909
2642;16,231;0,594692646564225
2643;16,235;0,558303146589036
2644;16,240;0,597449426865375
2645;16,244;0,576718439000722
2646;16,248;0,572748675367065
2647;16,252;0,52544232539932
2648;16,256;0,51154815268152
2649;16,260;0,552789585986734
2650;16,264;0,522465002674077
2651;16,268;0,499197776932365
2652;16,273;0,494235572390294
2653;16,277;0,452332511812804
2654;16,281;0,580688202634379
2655;16,285;0,53680026024006
2656;16,289;0,47185051634495
2657;16,293;0,574071929911618
2658;16,297;0,560618842042002
2659;16,301;0,485303604214566
2660;16,306;0,608476548069978
2661;16,310;0,600867834438802
2662;16,314;0,491919876937327
2663;16,318;0,599985664742434
2664;16,322;0,611674413219313
2665;16,326;0,562603723858831
2666;16,330;0,495779369358938
2667;16,334;0,502505913293746
2668;16,339;0,551025246593998
2669;16,343;0,556318264772207
2670;16,347;0,563926978403383
2671;16,351;0,569550810217731
2672;16,355;0,51739252691996
2673;16,359;0,576828710212768
2674;16,363;0,453214681509172
2675;16,367;0,497102623903491
2676;16,371;0,441856746668431
2677;16,376;0,536138632967784
2678;16,380;0,604506784436321
2679;16,384;0,592156408687166
2680;16,388;0,645527675317443
2681;16,392;0,64089628441151
2682;16,396;0,533933208726864
2683;16,400;0,567786470824994
2684;16,404;0,503167540566022
2685;16,409;0,471629973920858
2686;16,413;0,655672626825678
2687;16,417;0,532499682970265
2688;16,421;0,534705107211186
2689;16,425;0,602852716255631
2690;16,429;0,524339613278859
2691;16,433;0,578372507181413
2692;16,437;0,471960787556996
2693;16,442;0,559736672345634
2694;16,446;0,526324495095688
2695;16,450;0,650930964707699
2696;16,454;0,609358717766346
2697;16,458;0,417707351230351
2698;16,462;0,48629604512298
2699;16,466;0,467660210287201
2700;16,470;0,596898070805145
2701;16,475;0,5495917208374
2702;16,479;0,4954485557228
2703;16,483;0,511768695105612
2704;16,487;0,536579717815968
2705;16,491;0,568007013249086
2706;16,495;0,539887854177349
2707;16,499;0,568007013249086
2708;16,503;0,501513472385332
2709;16,508;0,574513014759802
2710;16,512;0,558303146589036
2711;16,516;0,566683758704534
2712;16,520;0,539446769329165
2713;16,524;0,482326281489323
2714;16,528;0,521472561765663
2715;16,532;0,49269177542165
2716;16,536;0,482436552701369
2717;16,540;0,530955886001621
2718;16,545;0,576277354152538
2719;16,549;0,494235572390294
2720;16,553;0,503057269353976
2721;16,557;0,569219996581593
2722;16,561;0,488280926939808
2723;16,565;0,522023917825893
2724;16,569;0,550473890533768
2725;16,573;0,592818035959442
2726;16,578;0,617077702609568
2727;16,582;0,498866963296227
2728;16,586;0,531948326910035
2729;16,590;0,512650864801981
2730;16,594;0,484972790578428
2731;16,598;0,451340070904389
2732;16,602;0,441415661820247
2733;16,606;0,467329396651063
2734;16,611;0,537351616300291
2735;16,615;0,533161310242542
2736;16,619;0,478356517855666
2737;16,623;0,535918090543692
2738;16,627;0,550473890533768
2739;16,631;0,523898528430675
2740;16,635;0,553782026895149
2741;16,639;0,486516587547072
2742;16,644;0,486075502698888
2743;16,648;0,559185316285404
2744;16,652;0,434578846673393
2745;16,656;0,556318264772207
2746;16,660;0,472732686041319
2747;16,664;0,552238229926504
2748;16,668;0,473835398161779
2749;16,672;0,502175099657608
2750;16,677;0,52599368145955
2751;16,681;0,6161955329132
2752;16,685;0,459941225443979
2753;16,689;0,54319599053873
2754;16,693;0,482546823913415
2755;16,697;0,511437881469474
2756;16,701;0,491258249665051
2757;16,705;0,509563270864692
2758;16,709;0,451229799692343
2759;16,714;0,534815378423232
2760;16,718;0,434248033037255
2761;16,722;0,468762922407662
2762;16,726;0,557531248104714
2763;16,730;0,459830954231933
2764;16,734;0,563044808707015
2765;16,738;0,486075502698888
2766;16,742;0,473173770889503
2767;16,747;0,481333840580909
2768;16,751;0,575174642032078
2769;16,755;0,481003026944771
2770;16,759;0,517171984495868
2771;16,763;0,527758020852286
2772;16,767;0,505703778443081
2773;16,771;0,589950984446246
2774;16,775;0,487178214819348
2775;16,780;0,551135517806044
2776;16,784;0,454868749689862
2777;16,788;0,478025704219528
2778;16,792;0,476371636038838
2779;16,796;0,532058598122081
2780;16,800;0,521472561765663
2781;16,804;0,502175099657608
2782;16,808;0,558082604164944
2783;16,813;0,531396970849805
2784;16,817;0,453324952721218
2785;16,821;0,515297373891085
2786;16,825;0,533381852666634
2787;16,829;0,524119070854767
2788;16,833;0,466336955742649
2789;16,837;0,494235572390294
2790;16,841;0,518384967828374
2791;16,846;0,516179543587453
2792;16,850;0,510224898136968
2793;16,854;0,611894955643405
2794;16,858;0,638801131382636
2795;16,862;0,420023046683318
2796;16,866;0,450568172420067
2797;16,870;0,535587276907554
2798;16,874;0,510555711773106
2799;16,878;0,515628187527223
2800;16,883;0,556649078408345
2801;16,887;0,443951899697306
2802;16,891;0,493573945118018
2803;16,895;0,454979020901908
2804;16,899;0,470637533012444
2805;16,903;0,485634417850704
2806;16,907;0,476040822402699
2807;16,911;0,53680026024006
2808;16,916;0,419581961835134
2809;16,920;0,456412546658507
2810;16,924;0,460161767868072
2811;16,928;0,449686002723699
2812;16,932;0,422338742136284
2813;16,936;0,541431651145994
2814;16,940;0,468983464831754
2815;16,944;0,47769489058339
2816;16,949;0,47990031482431
2817;16,953;0,451450342116435
2818;16,957;0,498977234508273
2819;16,961;0,461374751200578
2820;16,965;0,434027490613163
2821;16,969;0,578703320817551
2822;16,973;0,514304932982671
2823;16,977;0,438217796670912
2824;16,982;0,491037707240959
2825;16,986;0,494566386026432
2826;16,990;0,50460106632262
2827;16,994;0,586863390508957
2828;16,998;0,551576602654228
2829;17,002;0,436012372429992
2830;17,006;0,540328939025533
2831;17,010;0,459059055747611
2832;17,015;0,446818951210502
2833;17,019;0,514635746618809
2834;17,023;0,462477463321038
2835;17,027;0,499308048144411
2836;17,031;0,420905216379686
2837;17,035;0,453986579993494
2838;17,039;0,457404987566921
2839;17,043;0,403151551240275
2840;17,047;0,488722011787993
2841;17,052;0,485524146638658
2842;17,056;0,476812720887022
2843;17,060;0,485413875426612
2844;17,064;0,466998583014925
2845;17,068;0,480561942096587
2846;17,072;0,459279598171703
2847;17,076;0,441415661820247
2848;17,080;0,463469904229452
2849;17,085;0,438217796670912
2850;17,089;0,434799389097485
2851;17,093;0,442628645152753
2852;17,097;0,494456114814386
2853;17,101;0,516620628435637
2854;17,105;0,451229799692343
2855;17,109;0,426529048194033
2856;17,113;0,476481907250884
2857;17,118;0,528640190548654
2858;17,122;0,503057269353976
2859;17,126;0,47019644816426
2860;17,130;0,527978563276378
2861;17,134;0,471078617860628
2862;17,138;0,500190217840779
2863;17,142;0,513312492074257
2864;17,146;0,472732686041319
2865;17,151;0,466998583014925
2866;17,155;0,466998583014925
2867;17,159;0,476481907250884
2868;17,163;0,46380071786559
2869;17,167;0,441967017880477
2870;17,171;0,538785142056889
2871;17,175;0,418258707290581
2872;17,179;0,462367192108992
2873;17,184;0,507137304199679
2874;17,188;0,508681101168324
2875;17,192;0,443731357273214
2876;17,196;0,45464820726577
2877;17,200;0,402379652755953
2878;17,204;0,506806490563541
2879;17,208;0,539336498117119
2880;17,212;0,485524146638658
2881;17,216;0,448031934543009
2882;17,221;0,422338742136284
2883;17,225;0,467219125439017
2884;17,229;0,515959001163361
2885;17,233;0,515738458739269
2886;17,237;0,432814507280657
2887;17,241;0,503167540566022
2888;17,245;0,433365863340887
2889;17,249;0,466888311802879
2890;17,254;0,537682429936429
2891;17,258;0,457074173930783
2892;17,262;0,434027490613163
2893;17,266;0,490155537544591
2894;17,270;0,39080117549112
2895;17,274;0,431711795160197
2896;17,278;0,504821608746713
2897;17,282;0,506806490563541
2898;17,287;0,363012830055522
2899;17,291;0,531176428425713
2900;17,295;0,432263151220427
2901;17,299;0,457846072415105
2902;17,303;0,489163096636177
2903;17,307;0,437556169398636
2904;17,311;0,522465002674077
2905;17,315;0,406680230025748
2906;17,320;0,544519245083282
2907;17,324;0,450016816359837
2908;17,328;0,446377866362318
2909;17,332;0,51209950874175
2910;17,336;0,380215139134702
2911;17,340;0,534374293575048
2912;17,344;0,486406316335026
2913;17,348;0,474607296646101
2914;17,353;0,428513930010862
2915;17,357;0,448362748179147
2916;17,361;0,471519702708812
2917;17,365;0,475820279978607
2918;17,369;0,454207122417586
2919;17,373;0,477915433007482
2920;17,377;0,500631302688963
2921;17,381;0,45299413908508
2922;17,385;0,458838513323519
2923;17,390;0,442297831516615
2924;17,394;0,457625529991013
2925;17,398;0,542203549630316
2926;17,402;0,508681101168324
2927;17,406;0,399292058818665
2928;17,410;0,482105739065231
2929;17,414;0,497102623903491
2930;17,418;0,481444111792955
2931;17,423;0,435350745157715
2932;17,427;0,484421434518198
2933;17,431;0,562272910222693
2934;17,435;0,501954557233516
2935;17,439;0,400505042151171
2936;17,443;0,541431651145994
2937;17,447;0,528419648124562
2938;17,451;0,473835398161779
2939;17,456;0,499087505720319
2940;17,460;0,510224898136968
2941;17,464;0,528088834488424
2942;17,468;0,539998125389395
2943;17,472;0,565470775372028
2944;17,476;0,563265351131107
2945;17,480;0,695701076798386
2946;17,484;0,598000782925606
2947;17,489;0,645527675317443
2948;17,493;0,821851343379041
2949;17,497;0,979649447816906
2950;17,501;1,15795799769533
2951;17,505;1,35368939907703
2952;17,509;1,63499126100645
2953;17,513;1,91033847748538
2954;17,517;2,51308092252896
2955;17,522;2,77276962689735
2956;17,526;3,44487266431789
2957;17,530;4,1856746668431
2958;17,534;4,85358739820589
2959;17,538;5,96456985956961
2960;17,542;6,99373108159518
2961;17,546;8,33209278219782
2962;17,550;9,75613521456021
2963;17,554;11,6268863269211
2964;17,559;13,1560172243633
2965;17,563;15,220294313865
2966;17,567;18,0252631346797
2967;17,571;19,9665878227501
2968;17,575;22,8320955389781
2969;17,579;26,2513852821013
2970;17,583;28,9144350530129
2971;17,587;31,2427014241527
2972;17,592;34,3298542765933
2973;17,596;37,2334055609772
2974;17,600;40,3590430664219
2975;17,604;44,271575941027
2976;17,608;46,801528358999
2977;17,612;50,0686438294987
2978;17,616;52,5708079020351
2979;17,620;54,4026332765437
2980;17,625;56,3709744115652
2981;17,629;58,9168058840719
2982;17,633;61,2920477915433
2983;17,637;62,1546994833794
2984;17,641;64,0466226684531
2985;17,645;64,2873447243495
2986;17,649;64,9467665723848
2987;17,653;65,1902454085824
2988;17,658;65,6606623991708
2989;17,662;66,0736280882831
2990;17,666;65,5281164022914
2991;17,670;64,7934895876408
2992;17,674;63,785390167116
2993;17,678;62,5661213755231
2994;17,682;61,6451362125147
2995;17,686;60,2266073407546
2996;17,691;59,5418231139488
2997;17,695;58,1163471558298
2998;17,699;55,9348517679232
2999;17,703;54,4040668023003
3000;17,707;52,7205562079936
3001;17,711;51,1490811651256
3002;17,715;48,3473102094602
3003;17,719;46,8025207999074
3004;17,723;45,2367798600658
3005;17,728;43,20084247206
3006;17,732;41,5862513852821
3007;17,736;39,3817093140579
3008;17,740;37,5696224865056
3009;17,744;35,9540389588192
3010;17,748;33,9572478510898
3011;17,752;32,7450364170678
3012;17,756;31,2022318893318
3013;17,761;29,7273544282162
3014;17,765;28,4270362957694
3015;17,769;26,8801517331878
3016;17,773;25,2512253888439
3017;17,777;24,7350458452564
3018;17,781;23,1052373312161
3019;17,785;22,0321881667962
3020;17,789;20,6089176329182
3021;17,794;20,1564748498933
3022;17,798;19,5411614866765
3023;17,802;18,1862591042669
3024;17,806;17,2973628639639
3025;17,810;16,1991718631975
3026;17,814;15,5618042575715
3027;17,818;14,5920792188387
3028;17,822;14,3097849160009
3029;17,827;13,3400598772681
3030;17,831;12,9878536259931
3031;17,835;12,220917346213
3032;17,839;11,8856928615931
3033;17,843;11,3007040816889
3034;17,847;10,7454885290372
3035;17,851;10,4266944550121
3036;17,855;10,0824277310044
3037;17,860;9,5982268389103
3038;17,864;9,24370489218232
3039;17,868;8,82776188034471
3040;17,872;8,27265659890501
3041;17,876;8,23141516559979
3042;17,880;7,7829421462086
3043;17,884;7,31947224197915
3044;17,888;7,32454471773327
3045;17,892;7,03144383611493
3046;17,897;6,69555772422273
3047;17,901;6,64604595001406
3048;17,905;6,43862580015548
3049;17,909;6,03315855346224
3050;17,913;6,01650760044329
3051;17,917;5,68800965975818
3052;17,921;5,1377563116485
3053;17,925;5,02726455717838
3054;17,930;5,00818763749442
3055;17,934;4,96110182995076
3056;17,938;5,0543912753417
3057;17,942;4,87089997849711
3058;17,946;4,75798225736198
3059;17,950;4,37478979550204
3060;17,954;4,17497835927464
3061;17,958;4,19284229562609
3062;17,963;4,09370847599671
3063;17,967;3,94462179731049
3064;17,971;3,96557332759923
3065;17,975;3,75153690501789
3066;17,979;3,72121232170523
3067;17,983;3,58127815361883
3068;17,987;3,44740890219495
3069;17,991;3,36470549316043
3070;17,996;3,42226706584845
3071;18,000;3,48468057186651
3072;18,004;3,26369706292627
3073;18,008;2,985151981298
3074;18,012;3,01668954794317
3075;18,016;2,99176825402076
3076;18,020;2,92229739043177
3077;18,024;2,7436580269172
3078;18,029;2,75479541933385
3079;18,033;2,73384388904511
3080;18,037;2,64507556334805
3081;18,041;2,49510671496546
3082;18,045;2,556307237651
3083;18,049;2,55476344068236
3084;18,053;2,60835524973673
3085;18,057;2,29672880449465
3086;18,061;2,4743757271008
3087;18,066;2,39939130290951
3088;18,070;2,30621212873061
3089;18,074;2,27676971511432
3090;18,078;2,22383953333223
3091;18,082;2,11875106825237
3092;18,086;2,2122610560674
3093;18,090;2,08225129706513
3094;18,094;1,98686669864532
3095;18,099;2,05324996829703
3096;18,103;2,00616416075337
3097;18,107;2,02689514861803
3098;18,111;2,02568216528552
3099;18,115;1,78705526241792
3100;18,119;1,81021221694758
3101;18,123;1,837559477535
3102;18,127;1,71151948216639
3103;18,132;1,82443720330152
3104;18,136;1,76092098516301
3105;18,140;1,7307066730624
3106;18,144;1,78672444878178
3107;18,148;1,48524295504794
3108;18,152;1,5833843337689
3109;18,156;1,5709236868077
3110;18,160;1,60025582921195
3111;18,165;1,55217758075988
3112;18,169;1,60554884739016
3113;18,173;1,52571248986883
3114;18,177;1,64535675493877
3115;18,181;1,4767520717204
3116;18,185;1,44708911568001
3117;18,189;1,36041594301184
3118;18,193;1,48006020808178
3119;18,198;1,34189037938811
3120;18,202;1,36096729907207
3121;18,206;1,42746083993582
3122;18,210;1,37353821724531
3123;18,214;1,3696787248237
3124;18,218;1,30086948850698
3125;18,222;1,36328299452503
3126;18,226;1,23338350673481
3127;18,230;1,37199442027667
3128;18,235;1,33020163091123
3129;18,239;1,37960313390785
3130;18,243;1,19324478555006
3131;18,247;1,33130434303169
3132;18,251;1,3157561021332
3133;18,255;1,23889706733712
3134;18,259;1,15674501436283
3135;18,263;1,25488639308379
3136;18,268;1,29480457184445
3137;18,272;1,18773122494776
3138;18,276;1,37155333542849
3139;18,280;1,22026123250134
3140;18,284;1,31586637334524
3141;18,288;1,18221766434546
3142;18,292;1,33097352939555
3143;18,296;1,24121276279008
3144;18,301;1,15387796284963
3145;18,305;1,27065517640637
3146;18,309;1,12355337953697
3147;18,313;1,18916475070436
3148;18,317;1,28763694306146
3149;18,321;1,21529902795927
3150;18,325;1,14968765679188
3151;18,329;1,04393756443974
3152;18,334;1,10921812197099
3153;18,338;1,07933462350651
3154;18,342;1,15464986133395
3155;18,346;1,12311229468879
3156;18,350;1,15068009770029
3157;18,354;1,04294512353133
3158;18,358;1,1006169674314
3159;18,362;1,05992689018641
3160;18,367;1,14748223255096
3161;18,371;1,00423992810317
3162;18,375;0,984501381146931
3163;18,379;0,991669009929923
3164;18,383;0,861769522139703
3165;18,387;0,962226596313633
3166;18,391;1,00997403112956
3167;18,395;0,983508940238517
3168;18,399;0,918559196343407
3169;18,404;1,07227726593557
3170;18,408;1,00181396143816
3171;18,412;0,97093802206527
3172;18,416;0,941605879661026
3173;18,420;0,856697046385585
3174;18,424;0,830011413070447
3175;18,428;0,848095891845995
3176;18,432;0,894189258481235
3177;18,437;0,814242629747865
3178;18,441;0,878530746370699
3179;18,445;0,847544535785765
3180;18,449;0,834311990340242
3181;18,453;0,857910029718092
3182;18,457;0,799466287333697
3183;18,461;0,845339111544845
3184;18,465;0,80244361005894
3185;18,470;0,794173269155488
3186;18,474;0,736280882831324
3187;18,478;0,773552552502881
3188;18,482;0,742676613129993
3189;18,486;0,873899355464766
3190;18,490;0,687099922258796
3191;18,494;0,683571243473323
3192;18,498;0,627663738965987
3193;18,503;0,773552552502881
3194;18,507;0,698788670735674
3195;18,511;0,682358260140816
3196;18,515;0,662399170760485
3197;18,519;0,774214179775157
3198;18,523;0,680152835899896
3199;18,527;0,788659708553187
3200;18,531;0,693054567709281
3201;18,536;0,654900728341356
3202;18,540;0,668243544998925
3203;18,544;0,62589939957325
3204;18,548;0,73054677980493
3205;18,552;0,690628601044268
3206;18,556;0,560067485981772
3207;18,560;0,663281340456854
3208;18,564;0,647733099558364
3209;18,568;0,569330267793638
3210;18,573;0,585760678388497
3211;18,577;0,628435637450309
3212;18,581;0,595023460200363
3213;18,585;0,705404943458436
3214;18,589;0,738927391920428
3215;18,593;0,492030148149373
3216;18,597;0,636926520777853
3217;18,601;0,610020345038623
3218;18,606;0,611784684431359
3219;18,610;0,691179957104499
3220;18,614;0,659201305611151
3221;18,618;0,56844809809727
3222;18,622;0,707389825275265
3223;18,626;0,55819287537699
3224;18,630;0,595464545048547
3225;18,634;0,569550810217731
3226;18,639;0,580908745058471
3227;18,643;0,601088376862894
3228;18,647;0,666810019242327
3229;18,651;0,540549481449625
3230;18,655;0,578923863241643
3231;18,659;0,600206207166526
3232;18,663;0,502175099657608
3233;18,667;0,579364948089827
3234;18,672;0,551356060230136
3235;18,676;0,566683758704534
3236;18,680;0,518826052676558
3237;18,684;0,491147978453005
3238;18,688;0,553671755683103
3239;18,692;0,628986993510539
3240;18,696;0,424323623953113
3241;18,700;0,57429247233571
3242;18,705;0,51044544056106
3243;18,709;0,521362290553617
3244;18,713;0,596236443532869
3245;18,717;0,60869709049407
3246;18,721;0,597118613229237
3247;18,725;0,47074780422449
3248;18,729;0,556759349620391
3249;18,733;0,519818493584972
3250;18,737;0,522023917825893
3251;18,742;0,619724211698673
3252;18,746;0,501403201173286
3253;18,750;0,51904659510065
3254;18,754;0,556649078408345
3255;18,758;0,445936781514134
3256;18,762;0,545180872355559
3257;18,766;0,473725126949733
3258;18,770;0,572197319306835
3259;18,775;0,539667311753257
3260;18,779;0,56569131779612
3261;18,783;0,405136433057104
3262;18,787;0,456853631506691
3263;18,791;0,465565057258327
3264;18,795;0,453876308781448
3265;18,799;0,525662867823412
3266;18,803;0,532720225394357
3267;18,808;0,449355189087561
3268;18,812;0,536028361755738
3269;18,816;0,452663325448942
3270;18,820;0,523126629946353
3271;18,824;0,539667311753257
3272;18,828;0,460161767868072
3273;18,832;0,51959795116088
3274;18,836;0,519928764797018
3275;18,841;0,46324936180536
3276;18,845;0,396976363365698
3277;18,849;0,527206664792056
3278;18,853;0,486406316335026
3279;18,857;0,456192004234415
3280;18,861;0,498205336023951
3281;18,865;0,492140419361419
3282;18,869;0,465123972410143
3283;18,874;0,525221782975228
3284;18,878;0,492912317845742
3285;18,882;0,54154192235804
3286;18,886;0,474386754222009
3287;18,890;0,453986579993494
3288;18,894;0,499087505720319
3289;18,898;0,50989408450083
3290;18,902;0,442408102728661
3291;18,906;0,486516587547072
3292;18,911;0,433806948189071
3293;18,915;0,548599279928985
3294;18,919;0,505262693594897
3295;18,923;0,489493910272315
3296;18,927;0,476371636038838
3297;18,931;0,471409431496766
3298;18,935;0,496771810267353
3299;18,939;0,47129916028472
3300;18,944;0,483759807245921
3301;18,948;0,461374751200578
3302;18,952;0,510004355712876
3303;18,956;0,509452999652646
3304;18,960;0,39080117549112
3305;18,964;0,466336955742649
3306;18,968;0,45299413908508
3307;18,972;0,52544232539932
3308;18,977;0,437004813338406
3309;18,981;0,496661539055307
3310;18,985;0,449796273935745
3311;18,989;0,483980349670013
3312;18,993;0,416494367897845
3313;18,997;0,492140419361419
3314;19,001;0,473173770889503
3315;19,005;0,452773596660988
3316;19,010;0,499197776932365
3317;19,014;0,408775383054623
3318;19,018;0,524339613278859
3319;19,022;0,465123972410143
3320;19,026;0,443510814849121
3321;19,030;0,47824624664362
3322;19,034;0,434248033037255
3323;19,038;0,458397428475335
3324;19,043;0,440864305760017
3325;19,047;0,424985251225389
3326;19,051;0,448362748179147
3327;19,055;0,426529048194033
3328;19,059;0,493353402693926
3329;19,063;0,422118199712192
3330;19,067;0,487729570879578
3331;19,071;0,444062170909352
3332;19,075;0,330703364926036
3333;19,080;0,431932337584289
3334;19,084;0,454979020901908
3335;19,088;0,411091078507589
3336;19,092;0,402269381543907
3337;19,096;0,492360961785511
3338;19,100;0,476702449674976
3339;19,104;0,336988824012659
3340;19,108;0,470637533012444
3341;19,113;0,441967017880477
3342;19,117;0,386059513373141
3343;19,121;0,475158652706331
3344;19,125;0,464793158774005
3345;19,129;0,429065286071092
3346;19,133;0,425646878497665
3347;19,137;0,465344514834235
3348;19,141;0,447590849694824
3349;19,146;0,452332511812804
3350;19,150;0,447260036058686
3351;19,154;0,442077289092523
3352;19,158;0,347023504308848
3353;19,162;0,376135104288999
3354;19,166;0,438217796670912
3355;19,170;0,413075960324418
3356;19,174;0,454317393629632
3357;19,179;0,376686460349229
3358;19,183;0,412304061840096
3359;19,187;0,41274514668828
3360;19,191;0,376686460349229
3361;19,195;0,354411675515931
3362;19,199;0,467329396651063
3363;19,203;0,431491252736104
3364;19,207;0,407452128510071
3365;19,212;0,367975034597593
3366;19,216;0,380766495194932
3367;19,220;0,416825181533983
3368;19,224;0,458287157263289
3369;19,228;0,450678443632113
3370;19,232;0,472401872405181
3371;19,236;0,352206251275011
3372;19,240;0,356286286120714
3373;19,244;0,400835855787309
3374;19,249;0,432042608796335
3375;19,253;0,378891884590149
3376;19,257;0,343053740675191
3377;19,261;0,408775383054623
3378;19,265;0,440974576972063
3379;19,269;0,407121314873932
3380;19,273;0,444834069393674
3381;19,277;0,459059055747611
3382;19,282;0,391683345187489
3383;19,286;0,443180001212983
3384;19,290;0,397858533062066
3385;19,294;0,424985251225389
3386;19,298;0,429837184555414
3387;19,302;0,364887440660304
3388;19,306;0,388485480038154
3389;19,310;0,417486808806259
3390;19,315;0,401387211847539
3391;19,319;0,477253805735206
3392;19,323;0,375583748228769
3393;19,327;0,326733601292379
3394;19,331;0,490596622392775
3395;19,335;0,415060842141246
3396;19,339;0,365107983084396
3397;19,343;0,421787386076054
3398;19,348;0,385949242161095
3399;19,352;0,352867878547287
3400;19,356;0,442297831516615
3401;19,360;0,36279228763143
3402;19,364;0,389036836098384
3403;19,368;0,425426336073573
3404;19,372;0,464021260289682
3405;19,376;0,435902101217946
3406;19,381;0,437225355762498
3407;19,385;0,384515716404497
3408;19,389;0,393337413368179
3409;19,393;0,398961245182526
3410;19,397;0,385067072464727
3411;19,401;0,400174228515033
3412;19,405;0,354080861879793
3413;19,409;0,379663783074472
3414;19,413;0,420684673955594
3415;19,418;0,410319180023267
3416;19,422;0,384184902768359
3417;19,426;0,371613984595112
3418;19,430;0,401056398211401
3419;19,434;0,395322295185008
3420;19,438;0,421236030015824
3421;19,442;0,362351202783245
3422;19,446;0,41969223304718
3423;19,451;0,378671342166057
3424;19,455;0,434689117885439
3425;19,459;0,359704693694141
3426;19,463;0,419251148198995
3427;19,467;0,387603310341786
3428;19,471;0,365659339144626
3429;19,475;0,435571287581807
3430;19,479;0,40579806032938
3431;19,484;0,463690446653544
3432;19,488;0,330262280077851
3433;19,492;0,390139548218844
3434;19,496;0,352867878547287
3435;19,500;0,373268052775802
3436;19,504;0,399622872454803
3437;19,508;0,313942140695039
3438;19,512;0,378561070954011
3439;19,517;0,373157781563756
3440;19,521;0,3955428376091
3441;19,525;0,427080404254263
3442;19,529;0,350772725518413
3443;19,533;0,383413004284037
3444;19,537;0,394660667912731
3445;19,541;0,474386754222009
3446;19,545;0,376686460349229
3447;19,550;0,525332054187274
3448;19,554;0,416825181533983
3449;19,558;0,458176886051243
3450;19,562;0,401497483059585
3451;19,566;0,318573531600973
3452;19,570;0,354852760364116
3453;19,574;0,34029696037404
3454;19,578;0,381869207315392
3455;19,582;0,38749303912974
3456;19,587;0,419251148198995
3457;19,591;0,370401001262605
3458;19,595;0,347905674005216
3459;19,599;0,403702907300506
3460;19,603;0,364005270963936
3461;19,607;0,430278269403598
3462;19,611;0,380215139134702
3463;19,615;0,384956801252681
3464;19,620;0,330813636138082
3465;19,624;0,312288072514349
3466;19,628;0,447370307270732
3467;19,632;0,479569501188172
3468;19,636;0,355514387636392
3469;19,640;0,342943469463145
3470;19,644;0,353639777031609
3471;19,648;0,354963031576162
3472;19,653;0,369849645202375
3473;19,657;0,365107983084396
3474;19,661;0,345589978552249
3475;19,665;0,424323623953113
3476;19,669;0,361138219450739
3477;19,673;0,314824310391408
3478;19,677;0,380325410346748
3479;19,681;0,39885097397048
3480;19,686;0,302473934642253
3481;19,690;0,381317851255162
3482;19,694;0,342281842190868
3483;19,698;0,367864763385547
3484;19,702;0,37359886641194
3485;19,706;0,391793616399535
3486;19,710;0,390139548218844
3487;19,714;0,382310292163576
3488;19,719;0,321220040690077
3489;19,723;0,41274514668828
3490;19,727;0,399733143666849
3491;19,731;0,422007928500146
3492;19,735;0,3150448528155
3493;19,739;0,400174228515033
3494;19,743;0,37084208611079
3495;19,747;0,354301404303885
3496;19,751;0,433255592128841
3497;19,756;0,358712252785726
3498;19,760;0,461154208776486
3499;19,764;0,384515716404497
3500;19,768;0,446267595150272
3501;19,772;0,392786057307949
3502;19,776;0,405687789117334
3503;19,780;0,300378781613378
3504;19,784;0,31449349675527
3505;19,789;0,371172899746928
3506;19,793;0,305561528579541
3507;19,797;0,326623330080333
3508;19,801;0,282073760413738
3509;19,805;0,309310749789106
3510;19,809;0,365438796720534
3511;19,813;0,3955428376091
3512;19,817;0,394660667912731
3513;19,822;0,350331640670228
3514;19,826;0,272480164965733
3515;19,830;0,357168455817082
3516;19,834;0,30644369827591
3517;19,838;0,320337870993709
3518;19,842;0,356617099756852
3519;19,846;0,328387669473069
3520;19,850;0,328277398261023
3521;19,855;0,368526390657823
3522;19,859;0,320999498265985
3523;19,863;0,284279184654658
3524;19,867;0,452222240600758
3525;19,871;0,394440125488639
3526;19,875;0,464572616349913
3527;19,879;0,353529505819563
3528;19,883;0,317911904328696
3529;19,888;0,368195577021685
3530;19,892;0,376686460349229
3531;19,896;0,411201349719635
3532;19,900;0,381428122467208
3533;19,904;0,310854546757751
3534;19,908;0,311185360393889
3535;19,912;0,333239602803094
3536;19,916;0,328056855836931
3537;19,920;0,301040408885654
3538;19,925;0,386280055797233
3539;19,929;0,39774826185002
3540;19,933;0,348015945217262
3541;19,937;0,349118657337722
3542;19,941;0,309641563425244
3543;19,945;0,336547739164475
3544;19,949;0,368305848233731
3545;19,953;0,313280513422763
3546;19,958;0,344376995219743
3547;19,962;0,320889227053939
3548;19,966;0,344266724007697
3549;19,970;0,353860319455701
3550;19,974;0,30864912251683
3551;19,978;0,297952814948366
3552;19,982;0,366872322477133
3553;19,986;0,360586863390509
3554;19,991;0,324638448263504
3555;19,995;0,39664554972956
3556;19,999;0,417927893654443
3557;20,003;0,372055069443296
3558;20,007;0,351765166426827
3559;20,011;0,345700249764295
3560;20,015;0,297291187676089
3561;20,019;0,433806948189071
3562;20,024;0,283727828594428
3563;20,028;0,346582419460664
3564;20,032;0,336216925528337
3565;20,036;0,294093322526755
3566;20,040;0,342502384614961
3567;20,044;0,37944324065038
3568;20,048;0,341179130070408
3569;20,052;0,314162683119132
3570;20,057;0,344597537643835
3571;20,061;0,463359633017406
3572;20,065;0,394881210336823
3573;20,069;0,402379652755953
3574;20,073;0,252741618009494
3575;20,077;0,345589978552249
3576;20,081;0,391131989127258
3577;20,085;0,315375666451638
3578;20,089;0,370952357322836
3579;20,094;0,353308963395471
3580;20,098;0,33919424825358
3581;20,102;0,376576189137183
3582;20,106;0,367203136113271
3583;20,110;0,409326739114853
3584;20,114;0,361469033086877
3585;20,118;0,365328525508488
3586;20,122;0,391573073975443
3587;20,127;0,335775840680153
3588;20,131;0,328387669473069
3589;20,135;0,324638448263504
3590;20,139;0,314824310391408
3591;20,143;0,302915019490437
3592;20,147;0,37084208611079
3593;20,151;0,345700249764295
3594;20,155;0,316588649784144
3595;20,160;0,264430366486373
3596;20,164;0,28229430283783
3597;20,168;0,403482364876414
3598;20,172;0,272921249813917
3599;20,176;0,273252063450055
3600;20,180;0,346802961884756
3601;20,184;0,318352989176881
3602;20,188;0,331585534622404
3603;20,193;0,334232043711508
3604;20,197;0,378671342166057
3605;20,201;0,374591307320354
3606;20,205;0,344046181583605
3607;20,209;0,298834984644734
3608;20,213;0,325079533111688
3609;20,217;0,349228928549768
3610;20,221;0,3011506800977
3611;20,226;0,332136890682634
3612;20,230;0,362571745207337
3613;20,234;0,310192919485475
3614;20,238;0,296078204343583
3615;20,242;0,355183574000254
3616;20,246;0,298834984644734
3617;20,250;0,331806077046496
3618;20,254;0,289461931620821
3619;20,258;0,352647336123195
3620;20,263;0,298614442220642
3621;20,267;0,408224026994393
3622;20,271;0,261783857397269
3623;20,275;0,298724713432688
3624;20,279;0,313831869482993
3625;20,283;0,398520160334342
3626;20,287;0,30864912251683
3627;20,291;0,420574402743548
3628;20,296;0,29199816949788
3629;20,300;0,366872322477133
3630;20,304;0,321330311902123
3631;20,308;0,309972377061382
3632;20,312;0,329049296745345
3633;20,316;0,308428580092738
3634;20,320;0,35584520127253
3635;20,324;0,307877224032508
3636;20,329;0,245573989226503
3637;20,333;0,369849645202375
3638;20,337;0,373709137623986
3639;20,341;0,308869664940922
3640;20,345;0,322212481598492
3641;20,349;0,325079533111688
3642;20,353;0,336988824012659
3643;20,357;0,239839886200109
3644;20,362;0,403151551240275
3645;20,366;0,408995925478715
3646;20,370;0,389808734582706
3647;20,374;0,298724713432688
3648;20,378;0,278103996780081
3649;20,382;0,404585076996874
3650;20,386;0,347023504308848
3651;20,390;0,356286286120714
3652;20,395;0,333129331591048
3653;20,399;0,305340986155449
3654;20,403;0,348126216429308
3655;20,407;0,312067530090257
3656;20,411;0,312177801302303
3657;20,415;0,295416577071307
3658;20,419;0,335996383104245
3659;20,423;0,309310749789106
3660;20,428;0,257262737703381
3661;20,432;0,278434810416219
3662;20,436;0,277773183143943
3663;20,440;0,404474805784828
3664;20,444;0,320007057357571
3665;20,448;0,360476592178463
3666;20,452;0,389257378522476
3667;20,456;0,423772267892883
3668;20,460;0,322322752810538
3669;20,465;0,333129331591048
3670;20,469;0,318022175540742
3671;20,473;0,325961702808056
3672;20,477;0,317029734632328
3673;20,481;0,295306305859261
3674;20,485;0,351765166426827
3675;20,489;0,33114444977422
3676;20,493;0,352316522487057
3677;20,498;0,29949661191701
3678;20,502;0,355624658848438
3679;20,506;0,254947042250415
3680;20,510;0,352867878547287
3681;20,514;0,312949699786625
3682;20,518;0,28979274525696
3683;20,522;0,311295631605935
3684;20,526;0,357719811877312
3685;20,531;0,355624658848438
3686;20,535;0,355073302788208
3687;20,539;0,31559620887573
3688;20,543;0,305340986155449
3689;20,547;0,318352989176881
3690;20,551;0,374039951260124
3691;20,555;0,309310749789106
3692;20,559;0,392565514883857
3693;20,564;0,33114444977422
3694;20,568;0,348787843701584
3695;20,572;0,278875895264403
3696;20,576;0,281853217989646
3697;20,580;0,295306305859261
3698;20,584;0,263989281638189
3699;20,588;0,360366320966417
3700;20,592;0,332688246742864
3701;20,597;0,329821195229667
3702;20,601;0,244030192257858
3703;20,605;0,321330311902123
3704;20,609;0,408003484570301
3705;20,613;0,312067530090257
3706;20,617;0,419140876986949
3707;20,621;0,307877224032508
3708;20,625;0,249433481648114
3709;20,629;0,29144681343765
3710;20,634;0,346361877036571
3711;20,638;0,345148893704065
3712;20,642;0,28449972707875
3713;20,646;0,2609016877009
3714;20,650;0,272590436177779
3715;20,654;0,285161354351026
3716;20,658;0,399292058818665
3717;20,662;0,245573989226503
3718;20,667;0,275457487690976
3719;20,671;0,339414790677672
3720;20,675;0,335996383104245
3721;20,679;0,375804290652861
3722;20,683;0,320889227053939
3723;20,687;0,283066201322152
3724;20,691;0,282955930110106
3725;20,695;0,334011501287416
3726;20,700;0,365990152780764
3727;20,704;0,30864912251683
3728;20,708;0,314714039179362
3729;20,712;0,341179130070408
3730;20,716;0,303797189186805
3731;20,720;0,264430366486373
3732;20,724;0,324858990687596
3733;20,728;0,294203593738801
3734;20,733;0,349008386125676
3735;20,737;0,443069730000937
3736;20,741;0,33224716189468
3737;20,745;0,36499771187235
3738;20,749;0,310634004333659
3739;20,753;0,360586863390509
3740;20,757;0,33974560431381
3741;20,761;0,304569087671127
3742;20,766;0,296078204343583
3743;20,770;0,327615770988747
3744;20,774;0,320448142205755
3745;20,778;0,33224716189468
3746;20,782;0,287477049803993
3747;20,786;0,291005728589466
3748;20,790;0,353750048243655
3749;20,794;0,367203136113271
3750;20,798;0,294644678586985
3751;20,803;0,269061757392306
3752;20,807;0,297732272524273
3753;20,811;0,267738502847754
3754;20,815;0,304128002822943
3755;20,819;0,392896328519995
3756;20,823;0,308869664940922
3757;20,827;0,327064414928517
3758;20,831;0,288138677076269
3759;20,836;0,286043524047395
3760;20,840;0,313831869482993
3761;20,844;0,358271167937542
3762;20,848;0,388485480038154
3763;20,852;0,313059970998671
3764;20,856;0,28229430283783
3765;20,860;0,286594880107625
3766;20,864;0,360697134602555
3767;20,869;0,383523275496083
3768;20,873;0,289903016469006
3769;20,877;0,362571745207337
3770;20,881;0,369188017930099
3771;20,885;0,31559620887573
3772;20,889;0,326402787656241
3773;20,893;0,334673128559693
3774;20,897;0,26840013012003
3775;20,902;0,291336542225604
3776;20,906;0,343164011887237
3777;20,910;0,308428580092738
3778;20,914;0,319676243721433
3779;20,918;0,318022175540742
3780;20,922;0,333239602803094
3781;20,926;0,280088878596909
3782;20,930;0,285271625563072
3783;20,935;0,354191133091839
3784;20,939;0,313390784634809
3785;20,943;0,342392113402914
3786;20,947;0,336658010376521
3787;20,951;0,31780163311665
3788;20,955;0,287807863440131
3789;20,959;0,333019060379002
3790;20,963;0,30864912251683
3791;20,967;0,303356104338621
3792;20,972;0,350221369458182
3793;20,976;0,331254720986266
3794;20,980;0,346361877036571
3795;20,984;0,314824310391408
3796;20,988;0,343605096735421
3797;20,992;0,310523733121613
3798;20,996;0,282625116473968
3799;21,000;0,358822523997773
3800;21,005;0,245132904378319
3801;21,009;0,278214267992127
3802;21,013;0,350882996730459
3803;21,017;0,30644369827591
3804;21,021;0,279758064960771
3805;21,025;0,378781613378103
3806;21,029;0,252741618009494
3807;21,033;0,299717154341102
3808;21,038;0,309641563425244
3809;21,042;0,294424136162893
3810;21,046;0,360035507330279
3811;21,050;0,294424136162893
3812;21,054;0,311295631605935
3813;21,058;0,310303190697521
3814;21,062;0,355734930060484
3815;21,066;0,301040408885654
3816;21,071;0,37139344217102
3817;21,075;0,244912361954226
3818;21,079;0,305010172519311
3819;21,083;0,307105325548186
3820;21,087;0,279978607384863
3821;21,091;0,318132446752789
3822;21,095;0,253954601342001
3823;21,099;0,304679358883173
3824;21,104;0,348015945217262
3825;21,108;0,348457030065446
3826;21,112;0,336878552800613
3827;21,116;0,388926564886338
3828;21,120;0,313501055846855
3829;21,124;0,368305848233731
3830;21,128;0,283176472534198
3831;21,132;0,301260951309746
3832;21,136;0,377568630045597
3833;21,141;0,292328983134018
3834;21,145;0,324858990687596
3835;21,149;0,270054198300721
3836;21,153;0,319345430085295
3837;21,157;0,326292516444194
3838;21,161;0,246456158922871
3839;21,165;0,309090207365014
3840;21,169;0,297511730100181
3841;21,174;0,271928808905503
3842;21,178;0,329931466441713
3843;21,182;0,33390123007537
3844;21,186;0,256160025582921
3845;21,190;0,307987495244554
3846;21,194;0,315265395239592
3847;21,198;0,248220498315607
3848;21,202;0,2609016877009
3849;21,207;0,327726042200793
3850;21,211;0,284609998290796
3851;21,215;0,273362334662101
3852;21,219;0,233003071053255
3853;21,223;0,258806534672026
3854;21,227;0,375694019440815
3855;21,231;0,295857661919491
3856;21,235;0,283507286170336
3857;21,240;0,227489510450954
3858;21,244;0,251418363464942
3859;21,248;0,278545081628265
3860;21,252;0,306112884639772
3861;21,256;0,288579761924453
3862;21,260;0,35000082703409
3863;21,264;0,299827425553148
3864;21,268;0,265312536182741
3865;21,273;0,304238274034989
3866;21,277;0,37304751035171
3867;21,281;0,282404574049876
3868;21,285;0,244140463469904
3869;21,289;0,246786972559009
3870;21,293;0,355514387636392
3871;21,297;0,280088878596909
3872;21,301;0,254947042250415
3873;21,305;0,331806077046496
3874;21,310;0,26564334981888
3875;21,314;0,321550854326215
3876;21,318;0,332467704318772
3877;21,322;0,301371222521792
3878;21,326;0,346251605824525
3879;21,330;0,296739831615859
3880;21,334;0,326513058868287
3881;21,338;0,272039080117549
3882;21,343;0,254064872554047
3883;21,347;0,30170203615793
3884;21,351;0,347574860369078
3885;21,355;0,325189804323734
3886;21,359;0,274465046782562
3887;21,363;0,255829211946783
3888;21,367;0,346031063400433
3889;21,371;0,267407689211616
3890;21,376;0,252741618009494
3891;21,380;0,284940811926934
3892;21,384;0,307325867972278
3893;21,388;0,266966604363432
3894;21,392;0,260681145276808
3895;21,396;0,284168913442612
3896;21,400;0,318022175540742
3897;21,404;0,287697592228085
3898;21,409;0,282735387686014
3899;21,413;0,369518831566237
3900;21,417;0,271156910421181
3901;21,421;0,240942598320569
3902;21,425;0,260570874064762
3903;21,429;0,220762966516146
3904;21,433;0,258255178611796
3905;21,437;0,290233830105144
3906;21,442;0,353860319455701
3907;21,446;0,265091993758649
3908;21,450;0,271928808905503
3909;21,454;0,282735387686014
3910;21,458;0,280088878596909
3911;21,462;0,35694791339299
3912;21,466;0,302473934642253
3913;21,470;0,329710924017621
3914;21,474;0,269061757392306
3915;21,479;0,289241389196729
3916;21,483;0,291557084649696
3917;21,487;0,229694934691875
3918;21,491;0,343825639159513
3919;21,495;0,277773183143943
3920;21,499;0,303356104338621
3921;21,503;0,284168913442612
3922;21,507;0,285492167987164
3923;21,512;0,270495283148905
3924;21,516;0,311075089181843
3925;21,520;0,26035033164067
3926;21,524;0,354411675515931
3927;21,528;0,218336999851134
3928;21,532;0,304458816459081
3929;21,536;0,329490381593529
3930;21,540;0,23399551196167
3931;21,545;0,286925693743763
3932;21,549;0,252741618009494
3933;21,553;0,298834984644734
3934;21,557;0,302253392218161
3935;21,561;0,300378781613378
3936;21,565;0,283176472534198
3937;21,569;0,245353446802411
3938;21,573;0,275788301327114
3939;21,578;0,243919921045812
3940;21,582;0,270715825572997
3941;21,586;0,307987495244554
3942;21,590;0,259027077096118
3943;21,594;0,291557084649696
3944;21,598;0,305120443731357
3945;21,602;0,245022633166272
3946;21,606;0,293983051314709
3947;21,611;0,28394837101852
3948;21,615;0,28560243919921
3949;21,619;0,313390784634809
3950;21,623;0,277993725568035
3951;21,627;0,252741618009494
3952;21,631;0,242155581653076
3953;21,635;0,274465046782562
3954;21,639;0,300158239189286
3955;21,643;0,235980393778498
3956;21,648;0,25285188922154
3957;21,652;0,266415248303202
3958;21,656;0,31725027705642
3959;21,660;0,392675786095903
3960;21,664;0,283507286170336
3961;21,668;0,305561528579541
3962;21,672;0,303245833126575
3963;21,676;0,313831869482993
3964;21,681;0,235759851354406
3965;21,685;0,262224942245453
3966;21,689;0,279868336172817
3967;21,693;0,28505108313898
3968;21,697;0,276008843751206
3969;21,701;0,29365223767857
3970;21,705;0,263879010426143
3971;21,709;0,264099552850235
3972;21,714;0,281191590717369
3973;21,718;0,262666027093637
3974;21,722;0,264540637698419
3975;21,726;0,279316980112587
3976;21,730;0,310854546757751
3977;21,734;0,246786972559009
3978;21,738;0,288690033136499
3979;21,742;0,227820324087092
3980;21,747;0,208081777130853
3981;21,751;0,298173357372458
3982;21,755;0,307656681608416
3983;21,759;0,284389455866704
3984;21,763;0,267738502847754
3985;21,767;0,317029734632328
3986;21,771;0,280199149808955
3987;21,775;0,375252934592631
3988;21,780;0,292218711921972
3989;21,784;0,264099552850235
3990;21,788;0,270936367997089
3991;21,792;0,291336542225604
3992;21,796;0,225614899846172
3993;21,800;0,319345430085295
3994;21,804;0,321550854326215
3995;21,808;0,227710052875046
3996;21,812;0,272590436177779
3997;21,817;0,332908789166956
3998;21,821;0,329269839169437
3999;21,825;0,299606883129056
4000;21,829;0,284168913442612
4001;21,833;0,249984837708344
4002;21,837;0,283286743746244
4003;21,841;0,264430366486373
4004;21,845;0,303466375550667
4005;21,850;0,293211152830386
4006;21,854;0,31559620887573
4007;21,858;0,266084434667064
4008;21,862;0,255829211946783
4009;21,866;0,245463718014457
4010;21,870;0,267407689211616
4011;21,874;0,351434352790689
4012;21,878;0,266415248303202
4013;21,883;0,237634461959189
4014;21,887;0,31725027705642
4015;21,891;0,304017731610897
4016;21,895;0,24369937862172
4017;21,899;0,253292974069725
4018;21,903;0,284389455866704
4019;21,907;0,240611784684431
4020;21,911;0,273913690722332
4021;21,916;0,309310749789106
4022;21,920;0,310634004333659
4023;21,924;0,312067530090257
4024;21,928;0,265202264970695
4025;21,932;0,231459274084611
4026;21,936;0,304348545247035
4027;21,940;0,228812764995506
4028;21,944;0,27369314829824
4029;21,949;0,290785186165374
4030;21,953;0,234987952870084
4031;21,957;0,254616228614277
4032;21,961;0,290123558893098
4033;21,965;0,245573989226503
4034;21,969;0,238075546807373
4035;21,973;0,314383225543224
4036;21,977;0,351875437638873
4037;21,981;0,317911904328696
4038;21,986;0,29839389979655
4039;21,990;0,335334755831969
4040;21,994;0,380766495194932
4041;21,998;0,294865221011077
4042;22,002;0,402159110331861
4043;22,006;0,443180001212983
4044;22,010;0,536138632967784
4045;22,014;0,554223111743333
4046;22,019;0,720071014660558
4047;22,023;0,716211522238947
4048;22,027;0,971709920549592
4049;22,031;1,137998908315
4050;22,035;1,44367070810659
4051;22,039;1,49571872019231
4052;22,043;1,92368129414294
4053;22,047;2,22350871969609
4054;22,052;2,60912714822105
4055;22,056;2,93354505406046
4056;22,060;3,48015945217262
4057;22,064;4,05875250177812
4058;22,068;4,60183822110481
4059;22,072;5,49613775079809
4060;22,076;6,25579613058317
4061;22,080;7,22100004962205
4062;22,085;8,21233824591583
4063;22,089;8,89712247272166
4064;22,093;10,2029541657707
4065;22,097;11,1242701424153
4066;22,101;12,3085829597896
4067;22,105;13,9013403465824
4068;22,109;15,1713338957165
4069;22,113;16,389499975189
4070;22,118;17,6910310909682
4071;22,122;19,547116132127
4072;22,126;20,5379029723605
4073;22,130;21,4961598050405
4074;22,134;22,8185321798965
4075;22,138;24,0208192048343
4076;22,142;25,4870955114103
4077;22,146;26,3792998880747
4078;22,150;27,9663231718411
4079;22,155;28,7382216561633
4080;22,159;29,1444608013409
4081;22,163;29,2331188558259
4082;22,167;30,2242365096956
4083;22,171;31,1587850317857
4084;22,175;31,473388799753
4085;22,179;31,3119517453176
4086;22,183;31,0352812742941
4087;22,188;31,1002310181892
4088;22,192;31,1508455045184
4089;22,196;31,121182548478
4090;22,200;30,4723467367992
4091;22,204;30,3707869505048
4092;22,208;29,6520391903888
4093;22,212;29,0157742968832
4094;22,216;27,9530906263956
4095;22,221;27,7059728402005
4096;22,225;26,2701313881492
4097;22,229;25,6867966764257
4098;22,233;24,9580142360135
4099;22,237;24,3936461727619
4100;22,241;23,5180927491165
4101;22,245;22,1617568409503
4102;22,249;21,8377800199591
4103;22,254;21,1119749022721
4104;22,258;20,3647771694483
4105;22,262;19,4863566942896
4106;22,266;18,4395520783367
4107;22,270;17,9415672847368
4108;22,274;16,7576955522107
4109;22,278;15,9405858709496
4110;22,282;15,6338113590376
4111;22,287;14,9589515413159
4112;22,291;13,7657067557658
4113;22,295;13,5925809528535
4114;22,299;13,0728727304806
4115;22,303;12,3229182173556
4116;22,307;11,885362047957
4117;22,311;11,2737979059497
4118;22,315;10,8759393728876
4119;22,319;10,2953614414653
4120;22,324;9,57352608741199
4121;22,328;9,46523975718279
4122;22,332;8,73579568949832
4123;22,336;8,33584200340738
4124;22,340;8,01715820059436
4125;22,344;7,55556290696969
4126;22,348;7,60331034178562
4127;22,352;7,2362174768844
4128;22,357;6,78278225295113
4129;22,361;6,84001301200302
4130;22,365;6,30949821084958
4131;22,369;5,91174994899956
4132;22,373;5,64147520827475
4133;22,377;5,50087941291607
4134;22,381;5,61070954011391
4135;22,385;5,26467847671348
4136;22,390;5,01601689354969
4137;22,394;4,94356870723545
4138;22,398;4,50082979087065
4139;22,402;4,54471773326497
4140;22,406;4,33024022583544
4141;22,410;3,94384989882616
4142;22,414;3,86379299888075
4143;22,418;3,8205666837587
4144;22,423;3,88584724128995
4145;22,427;3,73918652926874
4146;22,431;3,49427416731451
4147;22,435;3,26049919777693
4148;22,439;3,33272684166708
4149;22,443;3,2697619795888
4150;22,447;3,02881938126823
4151;22,451;3,1586085978464
4152;22,456;2,91082918437898
4153;22,460;2,90167667377916
4154;22,464;2,72458110723324
4155;22,468;2,56270296794967
4156;22,472;2,70969449360703
4157;22,476;2,52796753615517
4158;22,480;2,40644866048045
4159;22,484;2,5689884270363
4160;22,488;2,37954248474122
4161;22,493;2,1456572439916
4162;22,497;2,15877951822507
4163;22,501;2,19439711971594
4164;22,505;2,07188580313281
4165;22,509;1,9803606971346
4166;22,513;2,05501430768976
4167;22,517;1,85751856691533
4168;22,521;1,81396143815715
4169;22,526;1,83403079874952
4170;22,530;1,80194187604413
4171;22,534;1,70821134580501
4172;22,538;1,76919132606646
4173;22,542;1,79113529726362
4174;22,546;1,74283650638746
4175;22,550;1,77569732757718
4176;22,554;1,68957551096923
4177;22,559;1,47917803838541
4178;22,563;1,4988063141296
4179;22,567;1,46704820506035
4180;22,571;1,28951155366624
4181;22,575;1,3378103445424
4182;22,579;1,44003175810907
4183;22,583;1,33968495514718
4184;22,587;1,25212961278264
4185;22,592;1,22125367340975
4186;22,596;1,22235638553021
4187;22,600;1,18563607191888
4188;22,604;1,18188685070932
4189;22,608;1,12487663408152
4190;22,612;1,24055113551781
4191;22,616;1,20780058554014
4192;22,620;1,16413318556991
4193;22,625;1,15917098102784
4194;22,629;1,07679838562946
4195;22,633;1,10701269773007
4196;22,637;1,10987974924326
4197;22,641;1,03985752959404
4198;22,645;1,09708828864592
4199;22,649;1,01129728567412
4200;22,653;0,919772179675913
4201;22,657;1,0143848796114
4202;22,662;0,956933578135424
4203;22,666;0,935651234210541
4204;22,670;0,88459566303323
4205;22,674;1,02838932354125
4206;22,678;0,909627228167678
4207;22,682;0,710808232848691
4208;22,686;0,922198146340926
4209;22,690;0,73639115404337
4210;22,695;0,847323993361673
4211;22,699;0,821299987318811
4212;22,703;0,833429820643874
4213;22,707;0,804869576723953
4214;22,711;0,740691731313165
4215;22,715;0,77884557068109
4216;22,719;0,76969306008127
4217;22,723;0,885036747881414
4218;22,728;0,823395140347685
4219;22,732;0,652474761676343
4220;22,736;0,89264546151259
4221;22,740;0,677396055598745
4222;22,744;0,797040320668685
4223;22,748;0,675190631357825
4224;22,752;0,71389582678598
4225;22,756;0,678057682871021
4226;22,761;0,613438752612049
4227;22,765;0,628986993510539
4228;22,769;0,590061255658292
4229;22,773;0,648835811678824
4230;22,777;0,711249317696875
4231;22,781;0,538564599632797
4232;22,785;0,644424963196983
4233;22,789;0,644094149560845
4234;22,794;0,683350701049231
4235;22,798;0,6161955329132
4236;22,802;0,59844186777379
4237;22,806;0,577710879909136
4238;22,810;0,689415617711762
4239;22,814;0,579364948089827
4240;22,818;0,629869163206907
4241;22,822;0,628435637450309
4242;22,826;0,472732686041319
4243;22,831;0,54209327841827
4244;22,835;0,502836726929884
4245;22,839;0,56039829961791
4246;22,843;0,559516129921542
4247;22,847;0,551025246593998
4248;22,851;0,49489719966257
4249;22,855;0,513091949650165
4250;22,859;0,440423220911833
4251;22,864;0,51044544056106
4252;22,868;0,571645963246605
4253;22,872;0,579254676877781
4254;22,876;0,478907873915896
4255;22,880;0,505483236018989
4256;22,884;0,566904301128626
4257;22,888;0,510335169349014
4258;22,892;0,490706893604821
4259;22,897;0,471629973920858
4260;22,901;0,436673999702268
4261;22,905;0,496771810267353
4262;22,909;0,47879760270385
4263;22,913;0,48629604512298
4264;22,917;0,428955014859046
4265;22,921;0,529853173881161
4266;22,925;0,44659840878641
4267;22,930;0,457846072415105
4268;22,934;0,377568630045597
4269;22,938;0,408224026994393
4270;22,942;0,382971919435853
4271;22,946;0,477474348159298
4272;22,950;0,491368520877097
4273;22,954;0,456743360294645
4274;22,958;0,375473477016723
4275;22,963;0,443621086061167
4276;22,967;0,395763380033192
4277;22,971;0,426749590618125
4278;22,975;0,390690904279074
4279;22,979;0,436673999702268
4280;22,983;0,407672670934163
4281;22,987;0,386280055797233
4282;22,991;0,379002155802196
4283;22,995;0,393557955792271
4284;23,000;0,434358304249301
4285;23,004;0,358381439149588
4286;23,008;0,296960374039951
4287;23,012;0,329821195229667
4288;23,016;0,381979478527438
4289;23,020;0,442077289092523
4290;23,024;0,354191133091839
4291;23,028;0,34084831643427
4292;23,033;0,410980807295543
4293;23,037;0,452663325448942
4294;23,041;0,458838513323519
4295;23,045;0,398520160334342
4296;23,049;0,352647336123195
4297;23,053;0,352426793699103
4298;23,057;0,313831869482993
4299;23,061;0,393227142156133
4300;23,066;0,417266266382167
4301;23,070;0,350993267942505
4302;23,074;0,336327196740383
4303;23,078;0,365990152780764
4304;23,082;0,41164243456782
4305;23,086;0,386059513373141
4306;23,090;0,368857204293961
4307;23,094;0,30920047857706
4308;23,099;0,387051954281556
4309;23,103;0,368416119445777
4310;23,107;0,323756278567136
4311;23,111;0,282955930110106
4312;23,115;0,381317851255162
4313;23,119;0,356176014908668
4314;23,123;0,372826967927618
4315;23,127;0,350441911882274
4316;23,132;0,307436139184324
4317;23,136;0,393888769428409
4318;23,140;0,318683802813019
4319;23,144;0,368195577021685
4320;23,148;0,332467704318772
4321;23,152;0,314934581603454
4322;23,156;0,29949661191701
4323;23,160;0,37194479823125
4324;23,164;0,320999498265985
4325;23,169;0,342943469463145
4326;23,173;0,405908331541426
4327;23,177;0,377237816409459
4328;23,181;0,331475263410358
4329;23,185;0,35639655733276
4330;23,189;0,276008843751206
4331;23,193;0,374591307320354
4332;23,197;0,356506828544806
4333;23,202;0,417376537594213
4334;23,206;0,394770939124777
4335;23,210;0,33334987401514
4336;23,214;0,375694019440815
4337;23,218;0,387051954281556
4338;23,222;0,50294699814193
4339;23,226;0,396976363365698
4340;23,230;0,381428122467208
4341;23,235;0,364115542175982
4342;23,239;0,432483693644519
4343;23,243;0,384074631556313
4344;23,247;0,498425878448043
4345;23,251;0,467660210287201
4346;23,255;0,451009257268251
4347;23,259;0,403813178512552
4348;23,263;0,474166211797917
4349;23,268;0,444503255757536
4350;23,272;0,385728699737003
4351;23,276;0,383413004284037
4352;23,280;0,419802504259226
4353;23,284;0,425757149709711
4354;23,288;0,503057269353976
4355;23,292;0,329380110381483
4356;23,296;0,471078617860628
4357;23,301;0,401497483059585
4358;23,305;0,517282255707914
4359;23,309;0,396314736093422
4360;23,313;0,494676657238478
4361;23,317;0,365990152780764
4362;23,321;0,42939609970723
4363;23,325;0,346251605824525
4364;23,329;0,343935910371559
4365;23,333;0,453104410297126
4366;23,338;0,36334364369166
4367;23,342;0,393006599732041
4368;23,346;0,43744589818659
4369;23,350;0,349559742185906
4370;23,354;0,368416119445777
4371;23,358;0,522354731462031
4372;23,362;0,347354317944986
4373;23,366;0,34779540279317
4374;23,371;0,410870536083497
4375;23,375;0,355073302788208
4376;23,379;0,411862976991912
4377;23,383;0,394219583064547
4378;23,387;0,422669555772422
4379;23,391;0,245573989226503
4380;23,395;0,37359886641194
4381;23,399;0,411973248203958
4382;23,404;0,38804439518997
4383;23,408;0,3150448528155
4384;23,412;0,322212481598492
4385;23,416;0,306112884639772
4386;23,420;0,306002613427726
4387;23,424;0,329821195229667
4388;23,428;0,322653566446676
4389;23,432;0,288248948288315
4390;23,437;0,411752705779866
4391;23,441;0,311516174030027
4392;23,445;0,336327196740383
4393;23,449;0,385949242161095
4394;23,453;0,331364992198312
4395;23,457;0,277442369507804
4396;23,461;0,347574860369078
4397;23,465;0,328277398261023
4398;23,470;0,314383225543224
4399;23,474;0,268289858907984
4400;23,478;0,385397886100865
4401;23,482;0,301922578582022
4402;23,486;0,3150448528155
4403;23,490;0,22649706954254
4404;23,494;0,318573531600973
4405;23,498;0,262114671033407
4406;23,502;0,3483467588534
4407;23,507;0,246897243771055
4408;23,511;0,313831869482993
4409;23,515;0,310303190697521
4410;23,519;0,297180916464043
4411;23,523;0,29034410131719
4412;23,527;0,249874566496298
4413;23,531;0,287807863440131
4414;23,535;0,241714496804892
4415;23,540;0,272700707389825
4416;23,544;0,374481036108308
4417;23,548;0,276560199811436
4418;23,552;0,330262280077851
4419;23,556;0,351985708850919
4420;23,560;0,240391242260339
4421;23,564;0,234105783173716
4422;23,568;0,281522404353507
4423;23,573;0,229474392267783
4424;23,577;0,280419692233047
4425;23,581;0,263548196790005
4426;23,585;0,207420149858577
4427;23,589;0,25924761952021
4428;23,593;0,283727828594428
4429;23,597;0,252410804373356
4430;23,601;0,279868336172817
4431;23,606;0,219108898335456
4432;23,610;0,268510401332076
4433;23,614;0,320448142205755
4434;23,618;0,296188475555629
4435;23,622;0,244140463469904
4436;23,626;0,226607340754586
4437;23,630;0,243037751349444
4438;23,634;0,245463718014457
4439;23,639;0,290564643741282
4440;23,643;0,241273411956708
4441;23,647;0,300268510401332
4442;23,651;0,253954601342001
4443;23,655;0,194518418049192
4444;23,659;0,218557542275226
4445;23,663;0,256601110431105
4446;23,667;0,271267181633227
4447;23,671;0,276891013447574
4448;23,676;0,239950157412155
4449;23,680;0,208081777130853
4450;23,684;0,226386798330494
4451;23,688;0,22594571348231
4452;23,692;0,251969719525172
4453;23,696;0,238296089231465
4454;23,700;0,219770525607732
4455;23,704;0,295085763435169
4456;23,709;0,216241846822259
4457;23,713;0,227489510450954
4458;23,717;0,290233830105144
4459;23,721;0,30975183463729
4460;23,725;0,267407689211616
4461;23,729;0,287807863440131
4462;23,733;0,289241389196729
4463;23,737;0,278545081628265
4464;23,742;0,242265852865122
4465;23,746;0,28339701495829
4466;23,750;0,286043524047395
4467;23,754;0,25230053316131
4468;23,758;0,302473934642253
4469;23,762;0,243589107409674
4470;23,766;0,270054198300721
4471;23,770;0,229033307419599
4472;23,775;0,281853217989646
4473;23,779;0,317360548268466
4474;23,783;0,191210281687811
4475;23,787;0,205766081677887
4476;23,791;0,244361005893996
4477;23,795;0,249654024072206
4478;23,799;0,23344415590144
4479;23,803;0,240391242260339
4480;23,808;0,241052869532615
4481;23,812;0,284279184654658
4482;23,816;0,228592222571414
4483;23,820;0,257152466491335
4484;23,824;0,229805205903921
4485;23,828;0,235980393778498
4486;23,832;0,307215596760232
4487;23,836;0,274354775570516
4488;23,840;0,200914148347862
4489;23,845;0,260460602852716
4490;23,849;0,215028863489753
4491;23,853;0,194187604413054
4492;23,857;0,270495283148905
4493;23,861;0,270715825572997
4494;23,865;0,270605554360951
4495;23,869;0,264871451334557
4496;23,873;0,252079990737218
4497;23,878;0,237965275595327
4498;23,882;0,240942598320569
4499;23,886;0,189666484719167
4500;23,890;0,283727828594428
4501;23,894;0,239067987715787
4502;23,898;0,313170242210717
4503;23,902;0,22870249378346
4504;23,906;0,220542424092054
4505;23,911;0,264981722546603
4506;23,915;0,248110227103561
4507;23,919;0,266415248303202
4508;23,923;0,208853675615176
4509;23,927;0,253182702857678
4510;23,931;0,311075089181843
4511;23,935;0,188784315022799
4512;23,939;0,246897243771055
4513;23,944;0,247558871043331
4514;23,948;0,159672715042647
4515;23,952;0,245022633166272
4516;23,956;0,27534721647893
4517;23,960;0,219329440759548
4518;23,964;0,249212939224021
4519;23,968;0,238075546807373
4520;23,972;0,256270296794967
4521;23,977;0,21789591500295
4522;23,981;0,213926151369293
4523;23,985;0,222306763484791
4524;23,989;0,262776298305683
4525;23,993;0,247338328619239
4526;23,997;0,250977278616758
4527;24,001;0,28339701495829
4528;24,005;0,262776298305683
4529;24,009;0,253403245281771
4530;24,014;0,237193377111005
4531;24,018;0,219329440759548
4532;24,022;0,241052869532615
4533;24,026;0,207971505918807
4534;24,030;0,208853675615176
4535;24,034;0,195731401381698
4536;24,038;0,215690490762029
4537;24,042;0,232341443780979
4538;24,047;0,198488181682849
4539;24,051;0,202016860468322
4540;24,055;0,269282299816398
4541;24,059;0,295967933131537
4542;24,063;0,241273411956708
4543;24,067;0,212161811976556
4544;24,071;0,216462389246351
4545;24,075;0,288359219500361
4546;24,080;0,316588649784144
4547;24,084;0,215469948337937
4548;24,088;0,232892799841209
4549;24,092;0,215359677125891
4550;24,096;0,260240060428624
4551;24,100;0,258806534672026
4552;24,104;0,195290316533514
4553;24,108;0,294203593738801
4554;24,113;0,25285188922154
4555;24,117;0,216352118034305
4556;24,121;0,24954375286016
4557;24,125;0,165076004432903
4558;24,129;0,210838557432004
4559;24,133;0,214367236217477
4560;24,137;0,210838557432004
4561;24,141;0,266084434667064
4562;24,146;0,242376124077168
4563;24,150;0,1873507892662
4564;24,154;0,332577975530818
4565;24,158;0,264430366486373
4566;24,162;0,229474392267783
4567;24,166;0,209405031675406
4568;24,170;0,268841214968214
4569;24,174;0,303245833126575
4570;24,178;0,304679358883173
4571;24,183;0,189115128658937
4572;24,187;0,206979065010393
4573;24,191;0,238406360443511
4574;24,195;0,284389455866704
4575;24,199;0,242155581653076
4576;24,203;0,213485066521109
4577;24,207;0,258365449823842
4578;24,211;0,203009301376736
4579;24,216;0,275678030115068
4580;24,220;0,229474392267783
4581;24,224;0,235208495294176
4582;24,228;0,201686046832184
4583;24,232;0,228923036207552
4584;24,236;0,233554427113486
4585;24,240;0,187461060478246
4586;24,244;0,223188933181159
4587;24,249;0,209074218039268
4588;24,253;0,241052869532615
4589;24,257;0,244030192257858
4590;24,261;0,228481951359368
4591;24,265;0,265312536182741
4592;24,269;0,322874108870768
4593;24,273;0,226276527118448
4594;24,277;0,235429037718268
4595;24,282;0,2747958604187
4596;24,286;0,20455309834538
4597;24,290;0,201686046832184
4598;24,294;0,25119782104085
4599;24,298;0,269172028604352
4600;24,302;0,259909246792486
4601;24,306;0,206758522586301
4602;24,310;0,257703822551566
4603;24,315;0,284279184654658
4604;24,319;0,205766081677887
4605;24,323;0,268841214968214
4606;24,327;0,26145304376113
4607;24,331;0,26564334981888
4608;24,335;0,197385469562389
4609;24,339;0,216572660458397
4610;24,343;0,221975949848653
4611;24,347;0,233774969537578
4612;24,352;0,21150018470428
4613;24,356;0,26619470587911
4614;24,360;0,306664240700002
4615;24,364;0,171692277155664
4616;24,368;0,188343230174614
4617;24,372;0,247558871043331
4618;24,376;0,211389913492234
4619;24,380;0,18514536502528
4620;24,385;0,222747848332975
4621;24,389;0,246015074074687
4622;24,393;0,183822110480727
4623;24,397;0,284720269502842
4624;24,401;0,194187604413054
4625;24,405;0,24369937862172
4626;24,409;0,185806992297556
4627;24,413;0,236642021050774
4628;24,418;0,240832327108523
4629;24,422;0,248330769527653
4630;24,426;0,222637577120929
4631;24,430;0,270164469512767
4632;24,434;0,217785643790904
4633;24,438;0,29089545737742
4634;24,442;0,206317437738117
4635;24,446;0,20455309834538
4636;24,451;0,239288530139879
4637;24,455;0,282404574049876
4638;24,459;0,208743404403129
4639;24,463;0,200362792287631
4640;24,467;0,243919921045812
4641;24,471;0,244912361954226
4642;24,475;0,241714496804892
4643;24,479;0,199590893803309
4644;24,484;0,254836771038369
4645;24,488;0,198598452894895
4646;24,492;0,181285872603669
4647;24,496;0,227158696814816
4648;24,500;0,209515302887452
4649;24,504;0,234216054385762
4650;24,508;0,221424593788423
4651;24,512;0,188563772598707
4652;24,516;0,223519746817297
4653;24,521;0,200142249863539
4654;24,525;0,173236074124309
4655;24,529;0,191871908960087
4656;24,533;0,20929476046336
4657;24,537;0,201024419559908
4658;24,541;0,219219169547502
4659;24,545;0,210066658947682
4660;24,549;0,224953272573895
4661;24,554;0,219219169547502
4662;24,558;0,226607340754586
4663;24,562;0,232892799841209
4664;24,566;0,213374795309063
4665;24,570;0,194077333201008
4666;24,574;0,2345468680219
4667;24,578;0,200473063499677
4668;24,582;0,253513516493817
4669;24,587;0,212933710460879
4670;24,591;0,195731401381698
4671;24,595;0,197385469562389
4672;24,599;0,254947042250415
4673;24,603;0,229694934691875
4674;24,607;0,25869626345998
4675;24,611;0,214146693793385
4676;24,615;0,217675372578858
4677;24,620;0,245463718014457
4678;24,624;0,194738960473284
4679;24,628;0,224181374089573
4680;24,632;0,199701165015355
4681;24,636;0,216241846822259
4682;24,640;0,231569545296657
4683;24,644;0,214698049853615
4684;24,648;0,235980393778498
4685;24,653;0,155813222621036
4686;24,657;0,199921707439447
4687;24,661;0,214587778641569
4688;24,665;0,214918592277707
4689;24,669;0,208963946827222
4690;24,673;0,256601110431105
4691;24,677;0,210287201371774
4692;24,681;0,251638905889034
4693;24,685;0,251528634676988
4694;24,690;0,288910575560591
4695;24,694;0,239839886200109
4696;24,698;0,287918134652177
4697;24,702;0,328828754321253
4698;24,706;0,262776298305683
4699;24,710;0,296409017979721
4700;24,714;0,240501513472385
4701;24,718;0,306333427063864
4702;24,723;0,326843872504425
4703;24,727;0,273252063450055
4704;24,731;0,346361877036571
4705;24,735;0,31614756493596
4706;24,739;0,314272954331178
4707;24,743;0,32254329523463
4708;24,747;0,302473934642253
4709;24,751;0,351434352790689
4710;24,756;0,385397886100865
4711;24,760;0,334232043711508
4712;24,764;0,324858990687596
4713;24,768;0,411311620931681
4714;24,772;0,429175557283138
4715;24,776;0,335886111892199
4716;24,780;0,392344972459765
4717;24,784;0,365659339144626
4718;24,789;0,341068858858362
4719;24,793;0,45464820726577
4720;24,797;0,377899443681735
4721;24,801;0,459610411807841
4722;24,805;0,381207580043116
4723;24,809;0,458728242111473
4724;24,813;0,47879760270385
4725;24,817;0,433255592128841
4726;24,822;0,47019644816426
4727;24,826;0,499418319356457
4728;24,830;0,441967017880477
4729;24,834;0,415612198201477
4730;24,838;0,381869207315392
4731;24,842;0,418148436078535
4732;24,846;0,468762922407662
4733;24,850;0,47074780422449
4734;24,854;0,366431237628948
4735;24,859;0,425095522437435
4736;24,863;0,412304061840096
4737;24,867;0,481444111792955
4738;24,871;0,4690937360438
4739;24,875;0,373929680048078
4740;24,879;0,400394770939125
4741;24,883;0,404585076996874
4742;24,887;0,367313407325317
4743;24,892;0,361469033086877
4744;24,896;0,343274283099283
4745;24,900;0,453104410297126
4746;24,904;0,379222698226288
4747;24,908;0,338973705829488
4748;24,912;0,302032849794069
4749;24,916;0,324969261899642
4750;24,920;0,34944947097386
4751;24,925;0,397968804274112
4752;24,929;0,406569958813702
4753;24,933;0,333460145227186
4754;24,937;0,44384162848526
4755;24,941;0,288910575560591
4756;24,945;0,309421021001152
4757;24,949;0,363012830055522
4758;24,953;0,264320095274327
4759;24,958;0,353750048243655
4760;24,962;0,307325867972278
4761;24,966;0,308318308880692
4762;24,970;0,335224484619923
4763;24,974;0,351213810366597
4764;24,978;0,284720269502842
4765;24,982;0,319565972509387
4766;24,986;0,287035964955809
4767;24,991;0,315265395239592
4768;24,995;0,25174917710108
4769;24,999;0,254836771038369
4770;25,003;0,310192919485475
4771;25,007;0,342061299766776
4772;25,011;0,301591764945884
4773;25,015;0,28505108313898
4774;25,019;0,333680687651278
4775;25,023;0,315375666451638
4776;25,028;0,298283628584504
4777;25,032;0,264871451334557
4778;25,036;0,316588649784144
4779;25,040;0,344928351279973
4780;25,044;0,287146236167855
4781;25,048;0,279647793748725
4782;25,052;0,258585992247934
4783;25,056;0,331364992198312
4784;25,061;0,342722927039053
4785;25,065;0,330923907350128
4786;25,069;0,270715825572997
4787;25,073;0,317691361904604
4788;25,077;0,304238274034989
4789;25,081;0,343164011887237
4790;25,085;0,287256507379901
4791;25,089;0,309641563425244
4792;25,094;0,369739373990329
4793;25,098;0,440533492123879
4794;25,102;0,289131117984683
4795;25,106;0,315155124027546
4796;25,110;0,404033720936644
4797;25,114;0,382530834587668
4798;25,118;0,307877224032508
4799;25,122;0,32474871947555
4800;25,127;0,495889640570984
4801;25,131;0,430057726979506
4802;25,135;0,386831411857463
4803;25,139;0,443510814849121
4804;25,143;0,295857661919491
4805;25,147;0,284720269502842
4806;25,151;0,399953686090941
4807;25,155;0,198157368046711
4808;25,160;0,332467704318772
4809;25,164;0,296629560403813
4810;25,168;0,326733601292379
4811;25,172;0,420353860319456
4812;25,176;0,415612198201477
4813;25,180;0,349228928549768
4814;25,184;0,356506828544806
4815;25,188;0,369077746718053
4816;25,192;0,323535736143044
4817;25,197;0,338753163405396
4818;25,201;0,284279184654658
4819;25,205;0,290013287681052
4820;25,209;0,321440583114169
4821;25,213;0,299276069492918
4822;25,217;0,308428580092738
4823;25,221;0,325410346747826
4824;25,225;0,271267181633227
4825;25,230;0,24369937862172
4826;25,234;0,249984837708344
4827;25,238;0,242376124077168
4828;25,242;0,241824768016938
4829;25,246;0,359484151270049
4830;25,250;0,25009510892039
4831;25,254;0,24425073468195
4832;25,258;0,241163140744661
4833;25,263;0,270164469512767
4834;25,267;0,251859448313126
4835;25,271;0,258916805884072
4836;25,275;0,259357890732256
4837;25,279;0,239950157412155
4838;25,283;0,270605554360951
4839;25,287;0,292218711921972
4840;25,291;0,280309421021001
4841;25,296;0,243809649833766
4842;25,300;0,3080977664566
4843;25,304;0,253072431645632
4844;25,308;0,219439711971594
4845;25,312;0,318904345237111
4846;25,316;0,281522404353507
4847;25,320;0,186137805933694
4848;25,324;0,25869626345998
4849;25,329;0,253954601342001
4850;25,333;0,206979065010393
4851;25,337;0,199260080167171
4852;25,341;0,222637577120929
4853;25,345;0,261011958912946
4854;25,349;0,23675229226282
4855;25,353;0,276339657387344
4856;25,357;0,266084434667064
4857;25,362;0,244912361954226
4858;25,366;0,224512187725711
4859;25,370;0,201686046832184
4860;25,374;0,193856790776916
4861;25,378;0,287146236167855
4862;25,382;0,226607340754586
4863;25,386;0,205876352889933
4864;25,390;0,241824768016938
4865;25,394;0,223188933181159
4866;25,399;0,238185818019419
4867;25,403;0,241163140744661
4868;25,407;0,242706937713306
4869;25,411;0,219219169547502
4870;25,415;0,231459274084611
4871;25,419;0,21789591500295
4872;25,423;0,215139134701799
4873;25,427;0,239398801351925
4874;25,432;0,26145304376113
4875;25,436;0,244140463469904
4876;25,440;0,229805205903921
4877;25,444;0,200914148347862
4878;25,448;0,259137348308164
4879;25,452;0,248330769527653
4880;25,456;0,209956387735636
4881;25,460;0,277221827083712
4882;25,465;0,26674606193934
4883;25,469;0,274354775570516
4884;25,473;0,21094882864405
4885;25,477;0,172023090791802
4886;25,481;0,233113342265302
4887;25,485;0,178970177150702
4888;25,489;0,204773640769473
4889;25,493;0,19595194380579
4890;25,498;0,246125345286733
4891;25,502;0,20179631804423
4892;25,506;0,164745190796765
4893;25,510;0,224953272573895
4894;25,514;0,198598452894895
4895;25,518;0,210287201371774
4896;25,522;0,227599781663
4897;25,526;0,189666484719167
4898;25,531;0,180513974119347
4899;25,535;0,181616686239807
4900;25,539;0,231790087720749
4901;25,543;0,219880796819778
4902;25,547;0,174338786244769
4903;25,551;0,204222284709242
4904;25,555;0,183932381692773
4905;25,559;0,246235616498779
4906;25,563;0,246676701346963
4907;25,568;0,261673586185223
4908;25,572;0,221314322576377
4909;25,576;0,225835442270264
4910;25,580;0,285492167987164
4911;25,584;0,204663369557427
4912;25,588;0,289131117984683
4913;25,592;0,192533536232363
4914;25,596;0,208853675615176
4915;25,601;0,184814551389142
4916;25,605;0,207971505918807
4917;25,609;0,222196492272745
4918;25,613;0,187681602902338
4919;25,617;0,246235616498779
4920;25,621;0,205655810465841
4921;25,625;0,179962618059116
4922;25,629;0,211389913492234
4923;25,634;0,24425073468195
4924;25,638;0,188012416538476
4925;25,642;0,16375274988835
4926;25,646;0,185476178661418
4927;25,650;0,213043981672925
4928;25,654;0,221204051364331
4929;25,658;0,216021304398167
4930;25,662;0,209074218039268
4931;25,667;0,168273869582238
4932;25,671;0,195180045321468
4933;25,675;0,200362792287631
4934;25,679;0,253513516493817
4935;25,683;0,204883911981519
4936;25,687;0,182609127148221
4937;25,691;0,210838557432004
4938;25,695;0,191430824111903
4939;25,700;0,191761637748041
4940;25,704;0,172684718064079
4941;25,708;0,262335213457499
4942;25,712;0,189666484719167
4943;25,716;0,20069360592377
4944;25,720;0,183381025632543
4945;25,724;0,229694934691875
4946;25,728;0,202678487740598
4947;25,732;0,183381025632543
4948;25,737;0,19374651956487
4949;25,741;0,246897243771055
4950;25,745;0,286264066471487
4951;25,749;0,240501513472385
4952;25,753;0,153276984743978
4953;25,757;0,207420149858577
4954;25,761;0,231790087720749
4955;25,765;0,216462389246351
4956;25,770;0,21205154076451
4957;25,774;0,198708724106941
4958;25,778;0,219439711971594
4959;25,782;0,235429037718268
4960;25,786;0,200142249863539
4961;25,790;0,264540637698419
4962;25,794;0,242817208925352
4963;25,798;0,198488181682849
4964;25,803;0,17014848018702
4965;25,807;0,202788758952644
4966;25,811;0,175882583213413
4967;25,815;0,190548654415535
4968;25,819;0,178308549878426
4969;25,823;0,20179631804423
4970;25,827;0,174007972608631
4971;25,831;0,20984611652359
4972;25,836;0,218557542275226
4973;25,840;0,214367236217477
4974;25,844;0,190328111991443
4975;25,848;0,239839886200109
4976;25,852;0,201134690771954
4977;25,856;0,194077333201008
4978;25,860;0,175000413517045
4979;25,864;0,152725628683748
4980;25,869;0,208192048342899
4981;25,873;0,190107569567351
4982;25,877;0,24369937862172
4983;25,881;0,203009301376736
4984;25,885;0,197385469562389
4985;25,889;0,142801219599605
4986;25,893;0,207309878646531
4987;25,897;0,186909704418016
4988;25,901;0,167391699885869
4989;25,906;0,216572660458397
4990;25,910;0,207089336222439
4991;25,914;0,153276984743978
4992;25,918;0,181616686239807
4993;25,922;0,219991068031824
4994;25,926;0,213705608945201
4995;25,930;0,185035093813234
4996;25,934;0,160775427163108
4997;25,939;0,211389913492234
4998;25,943;0,207530421070623
4999;25,947;0,247228057407193
5000;25,951;0,203670928649012
5001;25,955;0,161326783223338
5002;25,959;0,228371680147322
5003;25,963;0,211720727128372
5004;25,967;0,235759851354406
5005;25,972;0,183932381692773
5006;25,976;0,221865678636607
5007;25,980;0,181947499875945
5008;25,984;0,208081777130853
5009;25,988;0,198708724106941
5010;25,992;0,192864349868502
5011;25,996;0,202237402892414
5012;26,000;0,171471734731572
5013;26,005;0,238847445291695
5014;26,009;0,21789591500295
5015;26,013;0,171471734731572
5016;26,017;0,225284086210034
5017;26,021;0,19484923168533
5018;26,025;0,23344415590144
5019;26,029;0,226386798330494
5020;26,033;0,214918592277707
5021;26,038;0,164965733220857
5022;26,042;0,180955058967531
5023;26,046;0,20455309834538
5024;26,050;0,225284086210034
5025;26,054;0,201575775620138
5026;26,058;0,213154252884971
5027;26,062;0,162429495343798
5028;26,066;0,193967061988962
5029;26,070;0,174559328668861
5030;26,075;0,212823439248833
5031;26,079;0,187571331690292
5032;26,083;0,189225399870983
5033;26,087;0,214146693793385
5034;26,091;0,169266310490652
5035;26,095;0,17985234684707
5036;26,099;0,174118243820677
5037;26,103;0,23509822408213
5038;26,108;0,170810107459296
5039;26,112;0,178970177150702
5040;26,116;0,187019975630062
5041;26,120;0,191871908960087
5042;26,124;0,161106240799246
5043;26,128;0,153387255956024
5044;26,132;0,224512187725711
5045;26,136;0,203670928649012
5046;26,141;0,199921707439447
5047;26,145;0,215690490762029
5048;26,149;0,224291645301619
5049;26,153;0,1873507892662
5050;26,157;0,234877681658038
5051;26,161;0,201465504408092
5052;26,165;0,193525977140778
5053;26,169;0,20455309834538
5054;26,174;0,228261408935276
5055;26,178;0,252521075585402
5056;26,182;0,197606011986481
5057;26,186;0,205324996829703
5058;26,190;0,165958174129271
5059;26,194;0,242155581653076
5060;26,198;0,155482408984898
5061;26,202;0,202568216528552
5062;26,207;0,201134690771954
5063;26,211;0,189776755931213
5064;26,215;0,156364578681267
5065;26,219;0,216572660458397
5066;26,223;0,158570002922187
5067;26,227;0,212933710460879
5068;26,231;0,170589565035204
5069;26,235;0,186027534721648
5070;26,239;0,114682060527868
5071;26,244;0,177867465030242
5072;26,248;0,152064001411472
5073;26,252;0,223078661969113
5074;26,256;0,173677158972493
5075;26,260;0,194628689261238
5076;26,264;0,234877681658038
5077;26,268;0,162980851404028
5078;26,272;0,195290316533514
5079;26,277;0,188122687750522
5080;26,281;0,219991068031824
5081;26,285;0,169486852914744
5082;26,289;0,183381025632543
5083;26,293;0,213815880157247
5084;26,297;0,16209868170766
5085;26,301;0,187019975630062
5086;26,305;0,204773640769473
5087;26,310;0,166619801401547
5088;26,314;0,235870122566452
5089;26,318;0,193305434716686
5090;26,322;0,231790087720749
5091;26,326;0,159782986254693
5092;26,330;0,195621130169652
5093;26,334;0,206096895314025
5094;26,338;0,139162269602086
5095;26,343;0,189115128658937
5096;26,347;0,205104454405611
5097;26,351;0,241824768016938
5098;26,355;0,237303648323051
5099;26,359;0,18679943320597
5100;26,363;0,232120901356887
5101;26,367;0,152064001411472
5102;26,371;0,147873695353722
5103;26,376;0,189335671083029
5104;26,380;0,208743404403129
5105;26,384;0,206868793798347
5106;26,388;0,20069360592377
5107;26,392;0,210287201371774
5108;26,396;0,204773640769473
5109;26,400;0,174669599880907
5110;26,404;0,199480622591263
5111;26,408;0,196723842290113
5112;26,413;0,213374795309063
5113;26,417;0,169927937762928
5114;26,421;0,194408146837146
5115;26,425;0,226717611966632
5116;26,429;0,195069774109422
5117;26,433;0,216793202882489
5118;26,437;0,214587778641569
5119;26,441;0,198818995318987
5120;26,446;0,216241846822259
5121;26,450;0,234767410445992
5122;26,454;0,144014202932112
5123;26,458;0,263879010426143
5124;26,462;0,188122687750522
5125;26,466;0,191761637748041
5126;26,470;0,151622916563287
5127;26,474;0,21789591500295
5128;26,479;0,179080448362748
5129;26,483;0,165737631705179
5130;26,487;0,198818995318987
5131;26,491;0,17985234684707
5132;26,495;0,1942978756251
5133;26,499;0,159121358982417
5134;26,503;0,240280971048293
5135;26,507;0,180513974119347
5136;26,512;0,16265003776789
5137;26,516;0,182609127148221
5138;26,520;0,233554427113486
5139;26,524;0,210507743795866
5140;26,528;0,225504628634126
5141;26,532;0,194738960473284
5142;26,536;0,173897701396585
5143;26,540;0,19319516350464
5144;26,545;0,167832784734053
5145;26,549;0,224953272573895
5146;26,553;0,205986624101979
5147;26,557;0,165627360493133
5148;26,561;0,187019975630062
5149;26,565;0,179742075635024
5150;26,569;0,219770525607732
5151;26,573;0,188122687750522
5152;26,577;0,240060428624201
5153;26,582;0,1942978756251
5154;26,586;0,212161811976556
5155;26,590;0,21150018470428
5156;26,594;0,216462389246351
5157;26,598;0,164414377160627
5158;26,602;0,221755407424561
5159;26,606;0,191871908960087
5160;26,610;0,173015531700217
5161;26,615;0,194408146837146
5162;26,619;0,206537980162209
5163;26,623;0,167832784734053
5164;26,627;0,180293431695254
5165;26,631;0,193525977140778
5166;26,635;0,16209868170766
5167;26,639;0,200914148347862
5168;26,643;0,219439711971594
5169;26,648;0,181065330179577
5170;26,652;0,171471734731572
5171;26,656;0,208743404403129
5172;26,660;0,178639363514564
5173;26,664;0,176103125637505
5174;26,668;0,197495740774435
5175;26,672;0,185806992297556
5176;26,676;0,158790545346279
5177;26,681;0,195290316533514
5178;26,685;0,239509072563971
5179;26,689;0,165186275644949
5180;26,693;0,163421936252212
5181;26,697;0,207420149858577
5182;26,701;0,170369022611112
5183;26,705;0,19374651956487
5184;26,709;0,180403702907301
5185;26,714;0,177536651394104
5186;26,718;0,189115128658937
5187;26,722;0,21039747258382
5188;26,726;0,228923036207552
5189;26,730;0,174449057456815
5190;26,734;0,223299204393205
5191;26,738;0,221645136212515
5192;26,742;0,191320552899857
5193;26,746;0,196613571078067
5194;26,751;0,193305434716686
5195;26,755;0,219880796819778
5196;26,759;0,152725628683748
5197;26,763;0,220873237728193
5198;26,767;0,184814551389142
5199;26,771;0,161437054435384
5200;26,775;0,141698507479145
5201;26,779;0,196613571078067
5202;26,784;0,1873507892662
5203;26,788;0,239178258927833
5204;26,792;0,166840343825639
5205;26,796;0,190769196839627
5206;26,800;0,216682931670443
5207;26,804;0,182388584724129
5208;26,808;0,149086678686229
5209;26,812;0,195731401381698
5210;26,817;0,169707395338836
5211;26,821;0,203229843800828
5212;26,825;0,200914148347862
5213;26,829;0,20929476046336
5214;26,833;0,190438383203489
5215;26,837;0,195621130169652
5216;26,841;0,226276527118448
5217;26,845;0,17764692260615
5218;26,850;0,142911490811651
5219;26,854;0,184373466540957
5220;26,858;0,184924822601188
5221;26,862;0,174559328668861
5222;26,866;0,199480622591263
5223;26,870;0,267628231635708
5224;26,874;0,174118243820677
5225;26,878;0,20400174228515
5226;26,883;0,181726957451853
5227;26,887;0,184373466540957
5228;26,891;0,192533536232363
5229;26,895;0,222968390757067
5230;26,899;0,208081777130853
5231;26,903;0,217454830154766
5232;26,907;0,161106240799246
5233;26,911;0,165958174129271
5234;26,915;0,187019975630062
5235;26,920;0,154379696864438
5236;26,924;0,198708724106941
5237;26,928;0,215359677125891
5238;26,932;0,171361463519526
5239;26,936;0,204773640769473
5240;26,940;0,221865678636607
5241;26,944;0,167722513522007
5242;26,948;0,171582005943618
5243;26,953;0,181726957451853
5244;26,957;0,227268968026862
5245;26,961;0,145668271112802
5246;26,965;0,157136477165589
5247;26,969;0,202457945316506
5248;26,973;0,175882583213413
5249;26,977;0,170369022611112
5250;26,981;0,141367693843007
5251;26,986;0,0993543620534705
5252;26,990;0,193415705928732
5253;26,994;0,171471734731572
5254;26,998;0,213926151369293
5255;27,002;0,153938612016254
5256;27,006;0,186909704418016
5257;27,010;0,160003528678785
5258;27,014;0,176213396849551
5259;27,019;0,204663369557427
5260;27,023;0,169266310490652
5261;27,027;0,283176472534198
5262;27,031;0,20179631804423
5263;27,035;0,163532207464258
5264;27,039;0,157026205953543
5265;27,043;0,160775427163108
5266;27,047;0,199590893803309
5267;27,052;0,199701165015355
5268;27,056;0,175772312001367
5269;27,060;0,178088007454334
5270;27,064;0,200914148347862
5271;27,068;0,149748305958505
5272;27,072;0,163421936252212
5273;27,076;0,176433939273644
5274;27,080;0,17069983624725
5275;27,084;0,178308549878426
5276;27,089;0,20234767410446
5277;27,093;0,182278313512083
5278;27,097;0,202457945316506
5279;27,101;0,203340115012874
5280;27,105;0,195731401381698
5281;27,109;0,281301861929415
5282;27,113;0,19650329986602
5283;27,117;0,209405031675406
5284;27,122;0,168714954430422
5285;27,126;0,148314780201907
5286;27,130;0,203670928649012
5287;27,134;0,151292102927149
5288;27,138;0,134861692332291
5289;27,142;0,220321881667962
5290;27,146;0,13905199839004
5291;27,150;0,185586449873464
5292;27,155;0,153938612016254
5293;27,159;0,21789591500295
5294;27,163;0,228481951359368
5295;27,167;0,263107111941821
5296;27,171;0,223960831665481
5297;27,175;0,29034410131719
5298;27,179;0,219991068031824
5299;27,183;0,337760722496981
5300;27,188;0,339855875525856
5301;27,192;0,40634941638961
5302;27,196;0,443731357273214
5303;27,200;0,579475219301873
5304;27,204;0,620716652607087
5305;27,208;0,740802002525211
5306;27,212;1,02982284929785
5307;27,216;1,16997755980835
5308;27,221;1,40474497025434
5309;27,225;1,71990009428189
5310;27,229;2,24798892877031
5311;27,233;2,47647088012968
5312;27,237;2,95052682071555
5313;27,241;3,65107983084396
5314;27,245;4,1080437335627
5315;27,249;4,8893152709088
5316;27,253;5,58556770376742
5317;27,258;6,8476217256342
5318;27,262;7,67785368112874
5319;27,266;8,88102287576294
5320;27,270;10,3006544596435
5321;27,274;11,9484371812473
5322;27,278;13,2993698000232
5323;27,282;15,1350546669534
5324;27,286;17,0946843762233
5325;27,291;19,0229970612722
5326;27,295;20,9771132099398
5327;27,299;23,5786316445297
5328;27,303;24,9476487420811
5329;27,307;27,2507732768745
5330;27,311;29,6959271327831
5331;27,315;32,8172640609579
5332;27,319;35,6167193211704
5333;27,324;37,9343996559538
5334;27,328;40,0457625529991
5335;27,332;42,3654277695993
5336;27,336;44,458485645445
5337;27,340;48,1652524383722
5338;27,344;50,0967629885704
5339;27,348;52,5427990141754
5340;27,352;54,432296232584
5341;27,357;56,7134767961802
5342;27,361;58,4628193040784
5343;27,365;59,7499048910796
5344;27,369;60,8299011418584
5345;27,373;62,383843062011
5346;27,377;62,6245651179075
5347;27,381;63,4855627415629
5348;27,385;64,4055554636629
5349;27,390;63,3626103401316
5350;27,394;63,8373279079897
5351;27,398;63,2898313401812
5352;27,402;63,7314675444255
5353;27,406;62,2565900833099
5354;27,410;61,6046666776938
5355;27,414;60,4643520739258
5356;27,418;59,6157048260196
5357;27,422;58,4543284207508
5358;27,427;55,9347414967112
5359;27,431;55,301784739567
5360;27,435;53,4665409574849
5361;27,439;51,9584718615435
5362;27,443;51,3235302225824
5363;27,447;48,9013127787794
5364;27,451;46,9376030346638
5365;27,455;45,6654040612887
5366;27,460;43,6058686339051
5367;27,464;41,9511388259424
5368;27,468;39,9387994773145
5369;27,472;38,1231839709766
5370;27,476;36,535719602362
5371;27,480;35,7278727029128
5372;27,484;33,4247481681195
5373;27,488;32,8601595624438
5374;27,493;31,4258619073612
5375;27,497;29,2931063951789
5376;27,501;28,1270985990043
5377;27,505;26,9264656422471
5378;27,509;26,5331282288789
5379;27,513;25,1398514646774
5380;27,517;23,8845239867454
5381;27,521;22,4529831119639
5382;27,526;21,6580379443241
5383;27,530;21,3700095384598
5384;27,534;19,6977466077818
5385;27,538;19,6074344851161
5386;27,542;18,12660237855
5387;27,546;17,527609154716
5388;27,550;16,9001659581741
5389;27,554;16,0786454284312
5390;27,559;15,4961928864041
5391;27,563;15,0038319246186
5392;27,567;14,0526324495096
5393;27,571;13,3663044257351
5394;27,575;12,9457300229915
5395;27,579;12,3373637461336
5396;27,583;11,9753433569865
5397;27,587;11,4976484664031
5398;27,591;11,2543901726296
5399;27,596;10,7010492305826
5400;27,600;10,2908403217714
5401;27,604;9,81513031300484
5402;27,608;9,92496044020268
5403;27,612;9,25726825126398
5404;27,616;9,18647413313044
5405;27,620;8,48956007299954
5406;27,624;8,31257477766567
5407;27,629;7,91648058399634
5408;27,633;7,76397549773668
5409;27,637;7,25452249808404
5410;27,641;7,22419791477138
5411;27,645;6,86063372865563
5412;27,649;6,63887832123107
5413;27,653;6,47369204558612
5414;27,657;6,38911402594682
5415;27,662;6,50368581526264
5416;27,666;6,1454146473251
5417;27,670;5,78901808999234
5418;27,674;5,52447745229392
5419;27,678;5,47937652656709
5420;27,682;5,27890346306741
5421;27,686;5,24449884490905
5422;27,690;4,98238417387565
5423;27,695;4,85921123002024
5424;27,699;4,647821316528
5425;27,703;4,80407562399722
5426;27,707;4,48120151512645
5427;27,711;4,33553324401365
5428;27,715;3,83832034889812
5429;27,719;4,41989072122886
5430;27,723;3,81009091861433
5431;27,728;3,92179565641696
5432;27,732;3,78483881105579
5433;27,736;3,57841110210563
5434;27,740;3,5416907884943
5435;27,744;3,34298206438736
5436;27,748;3,53772102486064
5437;27,752;3,45722304006705
5438;27,756;3,26667438565151
5439;27,760;3,2323800387052
5440;27,765;3,01757171763953
5441;27,769;2,78655352840311
5442;27,773;2,9630977388888
5443;27,777;2,93696346163389
5444;27,781;2,87697592228085
5445;27,785;2,75016402842792
5446;27,789;2,56590083309901
5447;27,793;2,51738149979876
5448;27,798;2,47305247255625
5449;27,802;2,55553533916668
5450;27,806;2,50282569980868
5451;27,810;2,19329440759548
5452;27,814;2,43048778470649
5453;27,818;2,29661853328261
5454;27,822;2,24655540301371
5455;27,826;2,34017566204079
5456;27,831;2,20718858031328
5457;27,835;2,07982533040012
5458;27,839;2,06306410616912
5459;27,843;2,14411344702295
5460;27,847;1,75904637455823
5461;27,851;1,91563149566358
5462;27,855;1,8792419956884
5463;27,859;2,00583334711723
5464;27,864;1,6444745852424
5465;27,868;1,78970177150702
5466;27,872;1,69784585187268
5467;27,876;1,53938612016254
5468;27,880;1,75364308516797
5469;27,884;1,51578808078469
5470;27,888;1,63102149737279
5471;27,892;1,50884099442579
5472;27,897;1,53276984743978
5473;27,901;1,38158801572467
5474;27,905;1,57246748377635
5475;27,909;1,5306746944109
5476;27,913;1,46539413687966
5477;27,917;1,39801842631953
5478;27,921;1,31211715213568
5479;27,925;1,37353821724531
5480;27,929;1,32281345970414
5481;27,934;1,27374277034366
5482;27,938;1,34563960059767
5483;27,942;1,32722430818598
5484;27,946;1,19324478555006
5485;27,950;1,20978546735696
5486;27,954;1,31685881425366
5487;27,958;1,15023901285211
5488;27,962;1,11418032651306
5489;27,967;0,974907785698927
5490;27,971;1,15972233708807
5491;27,975;1,1449459946739
5492;27,979;1,07249780835966
5493;27,983;1,21386550220267
5494;27,987;0,997072299320178
5495;27,991;0,98703761902399
5496;27,995;1,09091310077135
5497;28,000;1,01184864173435
5498;28,004;1,01328216749094
5499;28,008;0,918779738767499
5500;28,012;0,918559196343407
5501;28,016;0,85934355547469
5502;28,020;0,953625441774043
5503;28,024;0,896835767570339
5504;28,028;0,850301316086916
5505;28,033;0,887021629698243
5506;28,037;1,00225504628634
5507;28,041;0,796599235820501
5508;28,045;0,917566755434992
5509;28,049;0,857138131233769
5510;28,053;0,888455155454841
5511;28,057;0,762415160086232
5512;28,061;0,828577887313848
5513;28,066;0,842030975183464
5514;28,070;0,680704191960126
5515;28,074;0,814242629747865
5516;28,078;0,752711293426182
5517;28,082;0,775206620683571
5518;28,086;0,648174184406548
5519;28,090;0,849860231238732
5520;28,094;0,680152835899896
5521;28,098;0,692613482861097
5522;28,103;0,666810019242327
5523;28,107;0,650600151071561
5524;28,111;0,661958085912301
5525;28,115;0,620716652607087
5526;28,119;0,621378279879363
5527;28,123;0,624576145028698
5528;28,127;0,762856244934416
5529;28,131;0,63394919805261
5530;28,136;0,718858031328051
5531;28,140;0,612556582915681
5532;28,144;0,542865176902592
5533;28,148;0,617077702609568
5534;28,152;0,610461429886807
5535;28,156;0,585540135964404
5536;28,160;0,641778454107878
5537;28,164;0,523016358734307
5538;28,169;0,672654393480766
5539;28,173;0,59844186777379
5540;28,177;0,457184445142829
5541;28,181;0,479569501188172
5542;28,185;0,50404971026239
5543;28,189;0,580247117786195
5544;28,193;0,521252019341571
5545;28,197;0,584327152631898
5546;28,202;0,475268923918377
5547;28,206;0,49434584360234
5548;28,210;0,447370307270732
5549;28,214;0,548709551141031
5550;28,218;0,51904659510065
5551;28,222;0,540770023873717
5552;28,226;0,575064370820032
5553;28,230;0,414840299717154
5554;28,235;0,435902101217946
5555;28,239;0,450127087571883
5556;28,243;0,44714976484664
5557;28,247;0,400284499727079
5558;28,251;0,430057726979506
5559;28,255;0,413517045172602
5560;28,259;0,431711795160197
5561;28,263;0,441967017880477
5562;28,267;0,459830954231933
5563;28,272;0,409657552750991
5564;28,276;0,386721140645417
5565;28,280;0,391021717915213
5566;28,284;0,370180458838513
5567;28,288;0,464903429986051
5568;28,292;0,356727370968898
5569;28,296;0,43965132242751
5570;28,300;0,370621543686697
5571;28,305;0,296850102827905
5572;28,309;0,379112427014242
5573;28,313;0,366210695204856
5574;28,317;0,356506828544806
5575;28,321;0,342061299766776
5576;28,325;0,425977692133803
5577;28,329;0,357719811877312
5578;28,333;0,339966146737902
5579;28,338;0,43105016788792
5580;28,342;0,409437010326899
5581;28,346;0,383192461859945
5582;28,350;0,335445027044015
5583;28,354;0,350662454306367
5584;28,358;0,33390123007537
5585;28,362;0,33390123007537
5586;28,366;0,344046181583605
5587;28,371;0,351875437638873
5588;28,375;0,323315193718952
5589;28,379;0,377568630045597
5590;28,383;0,398079075486158
5591;28,387;0,299055527068826
5592;28,391;0,290454372529236
5593;28,395;0,335555298256061
5594;28,399;0,363233372479614
5595;28,404;0,352757607335241
5596;28,408;0,352095980062965
5597;28,412;0,295857661919491
5598;28,416;0,319786514933479
5599;28,420;0,329931466441713
5600;28,424;0,338422349769258
5601;28,428;0,248110227103561
5602;28,432;0,327505499776701
5603;28,436;0,341068858858362
5604;28,441;0,279316980112587
5605;28,445;0,29365223767857
5606;28,449;0,280971048293277
5607;28,453;0,342502384614961
5608;28,457;0,384956801252681
5609;28,461;0,248551311951745
5610;28,465;0,308318308880692
5611;28,469;0,334342314923554
5612;28,474;0,280750505869185
5613;28,478;0,275788301327114
5614;28,482;0,251087549828804
5615;28,486;0,314052411907085
5616;28,490;0,324307634627366
5617;28,494;0,268620672544122
5618;28,498;0,282625116473968
5619;28,502;0,268841214968214
5620;28,507;0,295416577071307
5621;28,511;0,314272954331178
5622;28,515;0,257373008915428
5623;28,519;0,289351660408775
5624;28,523;0,313390784634809
5625;28,527;0,280860777081231
5626;28,531;0,30975183463729
5627;28,535;0,273031521025963
5628;28,540;0,221424593788423
5629;28,544;0,284720269502842
5630;28,548;0,332577975530818
5631;28,552;0,333460145227186
5632;28,556;0,328828754321253
5633;28,560;0,295416577071307
5634;28,564;0,233885240749624
5635;28,568;0,278986166476449
5636;28,573;0,287697592228085
5637;28,577;0,249102668011975
5638;28,581;0,228592222571414
5639;28,585;0,323866549779182
5640;28,589;0,231900358932795
5641;28,593;0,252741618009494
5642;28,597;0,254505957402231
5643;28,601;0,281412133141461
5644;28,605;0,286705151319671
5645;28,610;0,285492167987164
5646;28,614;0,229033307419599
5647;28,618;0,280088878596909
5648;28,622;0,308208037668646
5649;28,626;0,283617557382382
5650;28,630;0,333239602803094
5651;28,634;0,268289858907984
5652;28,638;0,182057771087991
5653;28,643;0,274575317994608
5654;28,647;0,274134233146424
5655;28,651;0,281191590717369
5656;28,655;0,310634004333659
5657;28,659;0,259468161944302
5658;28,663;0,3150448528155
5659;28,667;0,257042195279289
5660;28,671;0,216352118034305
5661;28,676;0,26950284224049
5662;28,680;0,224401916513665
5663;28,684;0,377458358833551
5664;28,688;0,276780742235528
5665;28,692;0,257483280127474
5666;28,696;0,240170699836247
5667;28,700;0,262114671033407
5668;28,704;0,204332555921288
5669;28,709;0,253072431645632
5670;28,713;0,248220498315607
5671;28,717;0,254395686190185
5672;28,721;0,201024419559908
5673;28,725;0,22010133924387
5674;28,729;0,219439711971594
5675;28,733;0,239619343776017
5676;28,737;0,266084434667064
5677;28,742;0,233774969537578
5678;28,746;0,21899862712341
5679;28,750;0,190879468051673
5680;28,754;0,279096437688495
5681;28,758;0,306002613427726
5682;28,762;0,185365907449372
5683;28,766;0,245684260438549
5684;28,770;0,217234287730674
5685;28,774;0,269061757392306
5686;28,779;0,216131575610213
5687;28,783;0,238847445291695
5688;28,787;0,253403245281771
5689;28,791;0,168825225642468
5690;28,795;0,219880796819778
5691;28,799;0,173346345336355
5692;28,803;0,214808321065661
5693;28,807;0,188122687750522
5694;28,812;0,21094882864405
5695;28,816;0,286264066471487
5696;28,820;0,246456158922871
5697;28,824;0,224181374089573
5698;28,828;0,234436596809854
5699;28,832;0,237083105898959
5700;28,836;0,181726957451853
5701;28,840;0,243809649833766
5702;28,845;0,188012416538476
5703;28,849;0,249433481648114
5704;28,853;0,255388127098599
5705;28,857;0,183711839268681
5706;28,861;0,195069774109422
5707;28,865;0,210287201371774
5708;28,869;0,22539435742208
5709;28,873;0,204332555921288
5710;28,878;0,171361463519526
5711;28,882;0,240832327108523
5712;28,886;0,162870580191982
5713;28,890;0,256049754370875
5714;28,894;0,237303648323051
5715;28,898;0,24369937862172
5716;28,902;0,196944384714205
5717;28,906;0,163421936252212
5718;28,911;0,239619343776017
5719;28,915;0,206096895314025
5720;28,919;0,194738960473284
5721;28,923;0,194408146837146
5722;28,927;0,278765624052357
5723;28,931;0,172905260488171
5724;28,935;0,151622916563287
5725;28,939;0,222637577120929
5726;28,943;0,204773640769473
5727;28,948;0,173787430184539
5728;28,952;0,173125802912263
5729;28,956;0,223188933181159
5730;28,960;0,215800761974075
5731;28,964;0,239950157412155
5732;28,968;0,19540058774556
5733;28,972;0,220211610455916
5734;28,976;0,188563772598707
5735;28,981;0,208633133191083
5736;28,985;0,233333884689394
5737;28,989;0,20179631804423
5738;28,993;0,161767868071522
5739;28,997;0,219219169547502
5740;29,001;0,143132033235743
5741;29,005;0,230907918024381
5742;29,009;0,258034636187704
5743;29,014;0,201355233196046
5744;29,018;0,210507743795866
5745;29,022;0,234987952870084
5746;29,026;0,144124474144158
5747;29,030;0,181616686239807
5748;29,034;0,215911033186121
5749;29,038;0,206648251374255
5750;29,042;0,23344415590144
5751;29,047;0,180403702907301
5752;29,051;0,172574446852033
5753;29,055;0,244361005893996
5754;29,059;0,249433481648114
5755;29,063;0,16320139382812
5756;29,067;0,196723842290113
5757;29,071;0,233333884689394
5758;29,075;0,134310336272061
5759;29,080;0,174118243820677
5760;29,084;0,251859448313126
5761;29,088;0,189887027143259
5762;29,092;0,217454830154766
5763;29,096;0,194077333201008
5764;29,100;0,133538437787739
5765;29,104;0,203340115012874
5766;29,108;0,180513974119347
5767;29,112;0,21899862712341
5768;29,117;0,21899862712341
5769;29,121;0,159341901406509
5770;29,125;0,188563772598707
5771;29,129;0,209405031675406
5772;29,133;0,256490839219059
5773;29,137;0,143903931720066
5774;29,141;0,18679943320597
5775;29,145;0,206427708950163
5776;29,150;0,19264380744441
5777;29,154;0,164083563524488
5778;29,158;0,214698049853615
5779;29,162;0,232341443780979
5780;29,166;0,155372137772852
5781;29,170;0,200362792287631
5782;29,174;0,190769196839627
5783;29,178;0,196834113502159
5784;29,183;0,213815880157247
5785;29,187;0,182498855936175
5786;29,191;0,179962618059116
5787;29,195;0,270274740724813
5788;29,199;0,155813222621036
5789;29,203;0,162539766555844
5790;29,207;0,129678945366128
5791;29,211;0,184152924116865
5792;29,216;0,236311207414636
5793;29,220;0,184042652904819
5794;29,224;0,248661583163791
5795;29,228;0,206758522586301
5796;29,232;0,163973292312442
5797;29,236;0,224953272573895
5798;29,240;0,221314322576377
5799;29,244;0,181285872603669
5800;29,249;0,18790214532643
5801;29,253;0,166288987765409
5802;29,257;0,278324539204173
5803;29,261;0,183050211996405
5804;29,265;0,144565558992342
5805;29,269;0,218006186214996
5806;29,273;0,185255636237326
5807;29,277;0,191651366535995
5808;29,281;0,163532207464258
5809;29,286;0,221093780152285
5810;29,290;0,179631804422978
5811;29,294;0,209735845311544
5812;29,298;0,144124474144158
5813;29,302;0,181175601391623
5814;29,306;0,252962160433586
5815;29,310;0,238406360443511
5816;29,314;0,151402374139195
5817;29,319;0,161767868071522
5818;29,323;0,220211610455916
5819;29,327;0,175882583213413
5820;29,331;0,159231630194463
5821;29,335;0,178308549878426
5822;29,339;0,175772312001367
5823;29,343;0,183050211996405
5824;29,347;0,198708724106941
5825;29,352;0,229805205903921
5826;29,356;0,180183160483208
5827;29,360;0,16265003776789
5828;29,364;0,144234745356204
5829;29,368;0,198267639258757
5830;29,372;0,184373466540957
5831;29,376;0,169817666550882
5832;29,380;0,191982180172133
5833;29,385;0,173456616548401
5834;29,389;0,216903474094536
5835;29,393;0,174890142304999
5836;29,397;0,214587778641569
5837;29,401;0,193636248352824
5838;29,405;0,164965733220857
5839;29,409;0,17764692260615
5840;29,413;0,192533536232363
5841;29,418;0,172464175639987
5842;29,422;0,164304105948581
5843;29,426;0,162319224131752
5844;29,430;0,209735845311544
5845;29,434;0,17180254836771
5846;29,438;0,187019975630062
5847;29,442;0,203009301376736
5848;29,446;0,17985234684707
5849;29,450;0,171030649883388
5850;29,455;0,203340115012874
5851;29,459;0,218888355911364
5852;29,463;0,184814551389142
5853;29,467;0,152725628683748
5854;29,471;0,246897243771055
5855;29,475;0,170589565035204
5856;29,479;0,13794928626958
5857;29,483;0,200914148347862
5858;29,488;0,199039537743079
5859;29,492;0,197054655926251
5860;29,496;0,196613571078067
5861;29,500;0,199039537743079
5862;29,504;0,167060886249731
5863;29,508;0,148645593838045
5864;29,512;0,21039747258382
5865;29,516;0,142911490811651
5866;29,521;0,186027534721648
5867;29,525;0,174118243820677
5868;29,529;0,179411261998886
5869;29,533;0,157798104437865
5870;29,537;0,181726957451853
5871;29,541;0,161767868071522
5872;29,545;0,162760308979936
5873;29,549;0,179962618059116
5874;29,554;0,207971505918807
5875;29,558;0,143242304447789
5876;29,562;0,158680274134233
5877;29,566;0,156915934741497
5878;29,570;0,217675372578858
5879;29,574;0,135743862028659
5880;29,578;0,179631804422978
5881;29,582;0,135854133240706
5882;29,587;0,159672715042647
5883;29,591;0,11159446659058
5884;29,595;0,23620093620259
5885;29,599;0,169486852914744
5886;29,603;0,197164927138297
5887;29,607;0,188563772598707
5888;29,611;0,130009759002266
5889;29,615;0,205545539253795
5890;29,619;0,142139592327329
5891;29,624;0,132325454455233
5892;29,628;0,153607798380116
5893;29,632;0,146219627173032
5894;29,636;0,150851018078965
5895;29,640;0,155482408984898
5896;29,644;0,161657596859476
5897;29,648;0,154379696864438
5898;29,652;0,155372137772852
5899;29,657;0,19595194380579
5900;29,661;0,18514536502528
5901;29,665;0,213705608945201
5902;29,669;0,184814551389142
5903;29,673;0,184814551389142
5904;29,677;0,180293431695254
5905;29,681;0,165517089281087
5906;29,685;0,226607340754586
5907;29,690;0,169707395338836
5908;29,694;0,185806992297556
5909;29,698;0,158459731710141
5910;29,702;0,163091122616074
5911;29,706;0,183601568056635
5912;29,710;0,178859905938656
5913;29,714;0,20345038622492
5914;29,718;0,151071560503057
5915;29,723;0,177757193818196
5916;29,727;0,19264380744441
5917;29,731;0,189004857446891
5918;29,735;0,156364578681267
5919;29,739;0,120967519614492
5920;29,743;0,224732730149803
5921;29,747;0,142580677175513
5922;29,751;0,16320139382812
5923;29,756;0,21039747258382
5924;29,760;0,181065330179577
5925;29,764;0,159562443830601
5926;29,768;0,145888813536894
5927;29,772;0,167722513522007
5928;29,776;0,17709556654592
5929;29,780;0,160554884739016
5930;29,784;0,231238731660519
5931;29,788;0,112586907498994
5932;29,793;0,196172486229882
5933;29,797;0,178639363514564
5934;29,801;0,155372137772852
5935;29,805;0,183381025632543
5936;29,809;0,147322339293492
5937;29,813;0,180072889271162
5938;29,817;0,137728743845488
5939;29,821;0,12989948779022
5940;29,826;0,166619801401547
5941;29,830;0,157357019589681
5942;29,834;0,147983966565769
5943;29,838;0,19484923168533
5944;29,842;0,193525977140778
5945;29,846;0,123834571127689
5946;29,850;0,175331227153183
5947;29,854;0,17180254836771
5948;29,859;0,155261866560806
5949;29,863;0,228261408935276
5950;29,867;0,195731401381698
5951;29,871;0,129678945366128
5952;29,875;0,180183160483208
5953;29,879;0,135523319604567
5954;29,883;0,159231630194463
5955;29,887;0,159672715042647
5956;29,892;0,22539435742208
5957;29,896;0,176654481697736
5958;29,900;0,173677158972493
5959;29,904;0,164855462008811
5960;29,908;0,196282757441928
5961;29,912;0,150189390806689
5962;29,916;0,132215183243187
5963;29,920;0,170920378671342
5964;29,925;0,142470405963467
5965;29,929;0,110932839318303
5966;29,933;0,165737631705179
5967;29,937;0,168935496854514
5968;29,941;0,189445942295075
5969;29,945;0,160885698375154
5970;29,949;0,156585121105359
5971;29,953;0,172905260488171
5972;29,957;0,150079119594643
5973;29,962;0,181065330179577
5974;29,966;0,145006643840526
5975;29,970;0,18514536502528
5976;29,974;0,16209868170766
5977;29,978;0,150961289291011
5978;29,982;0,149748305958505
5979;29,986;0,164083563524488
5980;29,990;0,187019975630062
5981;29,995;0,159672715042647
5982;29,999;0,164414377160627
5983;30,003;0,238296089231465
5984;30,007;0,125709181732471
5985;30,011;0,159562443830601
5986;30,015;0,169817666550882
5987;30,019;0,129458402942036
5988;30,023;0,141036880206869
5989;30,028;0,186468619569832
5990;30,032;0,185365907449372
5991;30,036;0,237965275595327
5992;30,040;0,160113799890832
5993;30,044;0,19374651956487
5994;30,048;0,161437054435384
5995;30,052;0,212933710460879
5996;30,056;0,167943055946099
5997;30,061;0,117769654465157
5998;30,065;0,151071560503057
5999;30,069;0,128907046881806
6000;30,073;0,175551769577275
6001;30,077;0,169927937762928
6002;30,081;0,243919921045812
6003;30,085;0,139382812026178
6004;30,089;0,164965733220857
6005;30,094;0,147432610505538
6006;30,098;0,117879925677203
6007;30,102;0,219439711971594
6008;30,106;0,12184968931086
6009;30,110;0,152284543835564
6010;30,114;0,17125119230748
6011;30,118;0,209625574099498
6012;30,122;0,157467290801727
6013;30,126;0,201355233196046
6014;30,131;0,184152924116865
6015;30,135;0,158459731710141
6016;30,139;0,161657596859476
6017;30,143;0,162208952919706
6018;30,147;0,158018646861957
6019;30,151;0,155261866560806
6020;30,155;0,114571789315822
6021;30,159;0,168273869582238
6022;30,164;0,185806992297556
6023;30,168;0,150740746866919
6024;30,172;0,205655810465841
6025;30,176;0,169156039278606
6026;30,180;0,170479293823158
6027;30,184;0,197936825622619
6028;30,188;0,123393486279504
6029;30,192;0,170258751399066
6030;30,197;0,232561986205071
6031;30,201;0,22594571348231
6032;30,205;0,20455309834538
6033;30,209;0,197936825622619
6034;30,213;0,251308092252896
6035;30,217;0,131333013546818
6036;30,221;0,168273869582238
6037;30,225;0,149968848382597
6038;30,230;0,143462846871881
6039;30,234;0,228371680147322
6040;30,238;0,204442827133334
6041;30,242;0,195621130169652
6042;30,246;0,20345038622492
6043;30,250;0,215911033186121
6044;30,254;0,184814551389142
6045;30,258;0,170258751399066
6046;30,263;0,248661583163791
6047;30,267;0,185586449873464
6048;30,271;0,159452172618555
6049;30,275;0,192533536232363
6050;30,279;0,300930137673608
6051;30,283;0,213043981672925
6052;30,287;0,216682931670443
6053;30,291;0,207199607434485
6054;30,296;0,224843001361849
6055;30,300;0,200583334711723
6056;30,304;0,227599781663
6057;30,308;0,169707395338836
6058;30,312;0,207640692282669
6059;30,316;0,196944384714205
6060;30,320;0,212272083188602
6061;30,324;0,196172486229882
6062;30,328;0,175662040789321
6063;30,333;0,17014848018702
6064;30,337;0,17764692260615
6065;30,341;0,205435268041749
6066;30,345;0,18790214532643
6067;30,349;0,149417492322367
6068;30,353;0,146329898385078
6069;30,357;0,129127589305898
6070;30,361;0,149527763534413
6071;30,366;0,177536651394104
6072;30,370;0,218778084699318
6073;30,374;0,240611784684431
6074;30,378;0,190658925627581
6075;30,382;0,234216054385762
6076;30,386;0,183932381692773
6077;30,390;0,130230301426358
6078;30,394;0,166178716553363
6079;30,399;0,144675830204388
6080;30,403;0,179742075635024
6081;30,407;0,207089336222439
6082;30,411;0,135854133240706
6083;30,415;0,221204051364331
6084;30,419;0,172464175639987
6085;30,423;0,116556671132651
6086;30,427;0,192202722596225
6087;30,432;0,174228515032723
6088;30,436;0,180624245331393
6089;30,440;0,139382812026178
6090;30,444;0,205104454405611
6091;30,448;0,16849441200633
6092;30,452;0,125157825672241
6093;30,456;0,111043110530349
6094;30,460;0,14544772868871
6095;30,465;0,190217840779397
6096;30,469;0,172464175639987
6097;30,473;0,20069360592377
6098;30,477;0,133648708999785
6099;30,481;0,176985295333874
6100;30,485;0,154159154440346
6101;30,489;0,125378368096333
6102;30,493;0,181837228663899
6103;30,497;0,168714954430422
6104;30,502;0,148755865050091
6105;30,506;0,164634919584719
6106;30,510;0,207089336222439
6107;30,514;0,206207166526071
6108;30,518;0,170920378671342
6109;30,522;0,18514536502528
6110;30,526;0,245904802862641
6111;30,530;0,172684718064079
6112;30,535;0,178970177150702
6113;30,539;0,0857910029718092
6114;30,543;0,134530878696153
6115;30,547;0,182278313512083
6116;30,551;0,183711839268681
6117;30,555;0,130230301426358
6118;30,559;0,188343230174614
6119;30,563;0,121518875674722
6120;30,568;0,134530878696153
6121;30,572;0,149748305958505
6122;30,576;0,174228515032723
6123;30,580;0,131333013546818
6124;30,584;0,170920378671342
6125;30,588;0,149417492322367
6126;30,592;0,156033765045129
6127;30,596;0,181616686239807
6128;30,601;0,222196492272745
6129;30,605;0,155261866560806
6130;30,609;0,164634919584719
6131;30,613;0,184704280177096
6132;30,617;0,147432610505538
6133;30,621;0,186689161993924
6134;30,625;0,137839015057534
6135;30,629;0,172794989276125
6136;30,634;0,157246748377635
6137;30,638;0,126591351428839
6138;30,642;0,175331227153183
6139;30,646;0,134200065060015
6140;30,650;0,150961289291011
6141;30,654;0,125598910520425
6142;30,658;0,172023090791802
6143;30,662;0,168935496854514
6144;30,666;0,159562443830601
6145;30,671;0,140264981722547
6146;30,675;0,138059557481626
6147;30,679;0,160334342314924
6148;30,683;0,20234767410446
6149;30,687;0,188784315022799
6150;30,691;0,132215183243187
6151;30,695;0,218888355911364
6152;30,699;0,208412590766991
6153;30,704;0,239178258927833
6154;30,708;0,215028863489753
6155;30,712;0,1942978756251
6156;30,716;0,341620214918592
6157;30,720;0,388485480038154
6158;30,724;0,462918548169222
6159;30,728;0,501403201173286
6160;30,732;0,652695304100435
6161;30,737;0,737052781315646
6162;30,741;0,873899355464766
6163;30,745;1,06885885836214
6164;30,749;1,27208870216297
6165;30,753;1,38213937178491
6166;30,757;1,71306327913503
6167;30,761;2,07817126221943
6168;30,765;2,37160295747391
6169;30,770;2,66128543151882
6170;30,774;3,00301591764946
6171;30,778;3,57510296574425
6172;30,782;4,26154126073077
6173;30,786;4,65939979379283
6174;30,790;5,35543168422736
6175;30,794;5,95177839897227
6176;30,798;6,60337099095225
6177;30,803;7,74842725683819
6178;30,807;8,33584200340738
6179;30,811;9,40017974207564
6180;30,815;10,2591924839142
6181;30,819;11,0484035485276
6182;30,823;12,0238626902868
6183;30,827;13,488264386258
6184;30,831;13,9831615859206
6185;30,835;15,1600862320878
6186;30,840;15,9628606557829
6187;30,844;17,0815621019898
6188;30,848;18,0701435179825
6189;30,852;19,0999663672803
6190;30,856;20,1433525756598
6191;30,860;21,6304701413126
6192;30,864;22,4636794195323
6193;30,868;22,7133334436045
6194;30,873;23,895440836738
6195;30,877;24,7975696224865
6196;30,881;25,6487531082698
6197;30,885;25,8499980702538
6198;30,889;26,1956983200181
6199;30,893;26,5957622773211
6200;30,897;26,7015123696732
6201;30,901;27,1907857375214
6202;30,906;27,1026790390967
6203;30,910;27,4589653252174
6204;30,914;27,3107608162275
6205;30,918;27,089005408803
6206;30,922;27,1546167799703
6207;30,926;26,7804665574982
6208;30,930;26,5852865121767
6209;30,934;25,7102844445915
6210;30,939;25,2667736297424
6211;30,943;24,9937421087164
6212;30,947;24,2440081380154
6213;30,951;23,4405720870481
6214;30,955;22,8044174647546
6215;30,959;22,6515815648588
6216;30,963;21,2890704688181
6217;30,967;21,1806738673768
6218;30,972;20,1779777362423
6219;30,976;19,6528662244791
6220;30,980;19,1109934884849
6221;30,984;18,6231536463933
6222;30,988;17,9413467423127
6223;30,992;16,9904780808398
6224;30,996;16,7456759900976
6225;31,000;15,6762657756753
6226;31,004;15,1120079836358
6227;31,009;14,7850538399193
6228;31,013;14,072812081314
6229;31,017;13,5280722938066
6230;31,021;13,0614045244278
6231;31,025;12,6930986761941
6232;31,029;12,2457283689234
6233;31,033;11,5156226739666
6234;31,037;11,2814066195809
6235;31,042;10,6316886382057
6236;31,046;10,45999636105
6237;31,050;10,0592707764747
6238;31,054;9,38441095875305
6239;31,058;8,91873563028268
6240;31,062;8,66257560469976
6241;31,066;8,5699477865811
6242;31,070;8,30397362312608
6243;31,075;7,74908888411047
6244;31,079;7,12616680726246
6245;31,083;7,21581730265588
6246;31,087;6,77561462416814
6247;31,091;6,82909616201047
6248;31,095;6,50148039102172
6249;31,099;6,10340131553556
6250;31,103;5,81559345209543
6251;31,108;5,75869350667968
6252;31,112;5,51157572048453
6253;31,116;5,38630762360024
6254;31,120;4,94478169056795
6255;31,124;4,90993598756141
6256;31,128;4,56765414537054
6257;31,132;4,68376973165501
6258;31,136;4,3188822909947
6259;31,141;4,34358304249301
6260;31,145;4,17983029260466
6261;31,149;3,98101129728567
6262;31,153;3,86180811706392
6263;31,157;3,64082460812368
6264;31,161;3,46284687188139
6265;31,165;3,39591224616945
6266;31,169;3,57808028846949
6267;31,173;3,28012747352113
6268;31,178;3,16059347966323
6269;31,182;2,99309150856532
6270;31,186;2,91876871164629
6271;31,190;2,98162330251253
6272;31,194;2,83716801473223
6273;31,198;2,77332098295758
6274;31,202;2,56953978309653
6275;31,206;2,64507556334805
6276;31,211;2,45188039984341
6277;31,215;2,46235616498779
6278;31,219;2,48694664527405
6279;31,223;2,36564831202342
6280;31,227;2,12227974703784
6281;31,231;2,10739313341163
6282;31,235;2,15359677125891
6283;31,239;2,02810813195053
6284;31,244;2,07188580313281
6285;31,248;1,87097165478494
6286;31,252;1,94143495928235
6287;31,256;1,82653235633039
6288;31,260;1,80039807907549
6289;31,264;1,63962265191238
6290;31,268;1,58878762315916
6291;31,272;1,64061509282079
6292;31,277;1,5891184367953
6293;31,281;1,65671468977951
6294;31,285;1,57544480650159
6295;31,289;1,6166862398068
6296;31,293;1,48402997171543
6297;31,297;1,5766577898341
6298;31,301;1,34696285514222
6299;31,305;1,49119760049843
6300;31,310;1,2894012824542
6301;31,314;1,3114555248634
6302;31,318;1,36945818239961
6303;31,322;1,28399799306394
6304;31,326;1,28311582336757
6305;31,330;1,19820699009213
6306;31,334;1,09830127197843
6307;31,338;1,07007184169465
6308;31,342;1,29811270820583
6309;31,347;1,13954270528365
6310;31,351;1,06058851745869
6311;31,355;1,08198113259562
6312;31,359;1,00423992810317
6313;31,363;1,06610207806099
6314;31,367;1,06533017957667
6315;31,371;1,01537732051982
6316;31,375;0,991007382657647
6317;31,380;0,96564500388706
6318;31,384;0,912053194832691
6319;31,388;0,860666810019242
6320;31,392;0,886470273638013
6321;31,396;0,769582788869224
6322;31,400;0,905326650897883
6323;31,404;0,875112338797272
6324;31,408;0,772890925230605
6325;31,413;0,812368019143082
6326;31,417;0,867062540317912
6327;31,421;0,766936279780119
6328;31,425;0,776860688864262
6329;31,429;0,795165710063902
6330;31,433;0,661517001064117
6331;31,437;0,731539220713345
6332;31,441;0,768259534324672
6333;31,446;0,643653064712661
6334;31,450;0,78468994491953
6335;31,454;0,693054567709281
6336;31,458;0,64839472683064
6337;31,462;0,693826466193603
6338;31,466;0,710587690424599
6339;31,470;0,657878051066598
6340;31,474;0,542754905690546
6341;31,479;0,644094149560845
6342;31,483;0,728782440412194
6343;31,487;0,539998125389395
6344;31,491;0,483759807245921
6345;31,495;0,579475219301873
6346;31,499;0,593369392019672
6347;31,503;0,615423634428878
6348;31,507;0,528971004184792
6349;31,511;0,649828252587238
6350;31,516;0,469975905740168
6351;31,520;0,503277811778068
6352;31,524;0,595685087472639
6353;31,528;0,524670426914997
6354;31,532;0,516069272375407
6355;31,536;0,540770023873717
6356;31,540;0,521252019341571
6357;31,544;0,431270710312012
6358;31,549;0,427411217890401
6359;31,553;0,434137761825209
6360;31,557;0,322984380082814
6361;31,561;0,3747015785324
6362;31,565;0,447039493634594
6363;31,569;0,416714910321937
6364;31,573;0,394991481548869
6365;31,577;0,446708679998456
6366;31,582;0,407893213358255
6367;31,586;0,39080117549112
6368;31,590;0,452001698176666
6369;31,594;0,362902558843476
6370;31,598;0,356727370968898
6371;31,602;0,415171113353292
6372;31,606;0,339525061889718
6373;31,610;0,481113298156817
6374;31,615;0,31614756493596
6375;31,619;0,343494825523375
6376;31,623;0,360917677026647
6377;31,627;0,351875437638873
6378;31,631;0,350221369458182
6379;31,635;0,335445027044015
6380;31,639;0,346802961884756
6381;31,643;0,37249615429148
6382;31,648;0,410539722447359
6383;31,652;0,333790958863324
6384;31,656;0,368085305809639
6385;31,660;0,346913233096802
6386;31,664;0,262004399821361
6387;31,668;0,330041737653759
6388;31,672;0,385838970949049
6389;31,676;0,311075089181843
6390;31,680;0,349228928549768
6391;31,685;0,254175143766093
6392;31,689;0,316809192208236
6393;31,693;0,221093780152285
6394;31,697;0,274134233146424
6395;31,701;0,328828754321253
6396;31,705;0,305120443731357
6397;31,709;0,269061757392306
6398;31,713;0,271597995269365
6399;31,718;0,231018189236427
6400;31,722;0,239619343776017
6401;31,726;0,246125345286733
6402;31,730;0,182939940784359
6403;31,734;0,191761637748041
6404;31,738;0,176213396849551
6405;31,742;0,277111555871666
6406;31,746;0,296078204343583
6407;31,751;0,201686046832184
6408;31,755;0,343494825523375
6409;31,759;0,208192048342899
6410;31,763;0,191871908960087
6411;31,767;0,223850560453435
6412;31,771;0,156474849893313
6413;31,775;0,211389913492234
6414;31,779;0,239067987715787
6415;31,784;0,255939483158829
6416;31,788;0,193856790776916
6417;31,792;0,248882125587883
6418;31,796;0,219991068031824
6419;31,800;0,20234767410446
6420;31,804;0,266304977091156
6421;31,808;0,215911033186121
6422;31,812;0,195731401381698
6423;31,817;0,194187604413054
6424;31,821;0,202788758952644
6425;31,825;0,198818995318987
6426;31,829;0,15570295140899
6427;31,833;0,23564958014236
6428;31,837;0,22870249378346
6429;31,841;0,299165798280872
6430;31,845;0,221204051364331
6431;31,849;0,196172486229882
6432;31,854;0,200031978651493
6433;31,858;0,194187604413054
6434;31,862;0,178639363514564
6435;31,866;0,248220498315607
6436;31,870;0,240722055896477
6437;31,874;0,236862563474866
6438;31,878;0,280750505869185
6439;31,882;0,247228057407193
6440;31,887;0,178970177150702
6441;31,891;0,220983508940239
6442;31,895;0,202016860468322
6443;31,899;0,161216512011292
6444;31,903;0,210618015007912
6445;31,907;0,220211610455916
6446;31,911;0,272369893753687
6447;31,915;0,121077790826538
6448;31,920;0,249102668011975
6449;31,924;0,21039747258382
6450;31,928;0,200583334711723
6451;31,932;0,199811436227401
6452;31,936;0,192312993808271
6453;31,940;0,202568216528552
6454;31,944;0,215249405913845
6455;31,948;0,173897701396585
6456;31,953;0,154710510500576
6457;31,957;0,208633133191083
6458;31,961;0,12989948779022
6459;31,965;0,202788758952644
6460;31,969;0,244471277106042
6461;31,973;0,197936825622619
6462;31,977;0,135413048392521
6463;31,981;0,164304105948581
6464;31,986;0,157798104437865
6465;31,990;0,20929476046336
6466;31,994;0,144124474144158
6467;31,998;0,200473063499677
6468;32,002;0,271487724057319
6469;32,006;0,165406818069041
6470;32,010;0,199701165015355
6471;32,014;0,234987952870084
6472;32,018;0,17014848018702
6473;32,023;0,159672715042647
6474;32,027;0,212161811976556
6475;32,031;0,17125119230748
6476;32,035;0,257262737703381
6477;32,039;0,129789216578174
6478;32,043;0,197495740774435
6479;32,047;0,168935496854514
6480;32,051;0,192312993808271
6481;32,056;0,191651366535995
6482;32,060;0,151071560503057
6483;32,064;0,166509530189501
6484;32,068;0,149748305958505
6485;32,072;0,175000413517045
6486;32,076;0,203891471073104
6487;32,080;0,195290316533514
6488;32,084;0,124496198399965
6489;32,089;0,166730072613593
6490;32,093;0,199260080167171
6491;32,097;0,190769196839627
6492;32,101;0,132435725667279
6493;32,105;0,152835899895794
6494;32,109;0,148425051413953
6495;32,113;0,143132033235743
6496;32,117;0,203229843800828
6497;32,122;0,141477965055053
6498;32,126;0,185365907449372
6499;32,130;0,195290316533514
6500;32,134;0,188784315022799
6501;32,138;0,143683389295973
6502;32,142;0,121077790826538
6503;32,146;0,165958174129271
6504;32,150;0,17180254836771
6505;32,155;0,202237402892414
6506;32,159;0,159893257466739
6507;32,163;0,201575775620138
6508;32,167;0,165406818069041
6509;32,171;0,231238731660519
6510;32,175;0,136405489300936
6511;32,179;0,116115586284467
6512;32,183;0,168053327158145
6513;32,187;0,214146693793385
6514;32,192;0,148314780201907
6515;32,196;0,220432152880008
6516;32,200;0,140926608994823
6517;32,204;0,128907046881806
6518;32,208;0,15294617110784
6519;32,212;0,180072889271162
6520;32,216;0,144124474144158
6521;32,220;0,124055113551781
6522;32,225;0,182939940784359
6523;32,229;0,173897701396585
6524;32,233;0,145116915052572
6525;32,237;0,194738960473284
6526;32,241;0,152835899895794
6527;32,245;0,159562443830601
6528;32,249;0,181837228663899
6529;32,253;0,134089793847969
6530;32,258;0,145337457476664
6531;32,262;0,195290316533514
6532;32,266;0,223630018029343
6533;32,270;0,14765315292963
6534;32,274;0,0879964272127297
6535;32,278;0,212272083188602
6536;32,282;0,190548654415535
6537;32,286;0,146660712021216
6538;32,291;0,148976407474183
6539;32,295;0,178970177150702
6540;32,299;0,164965733220857
6541;32,303;0,148204508989861
6542;32,307;0,115123145376052
6543;32,311;0,158680274134233
6544;32,315;0,151622916563287
6545;32,319;0,185917263509602
6546;32,324;0,182498855936175
6547;32,328;0,195731401381698
6548;32,332;0,138169828693672
6549;32,336;0,17985234684707
6550;32,340;0,112586907498994
6551;32,344;0,17069983624725
6552;32,348;0,148645593838045
6553;32,352;0,196282757441928
6554;32,356;0,163311665040166
6555;32,361;0,116446399920605
6556;32,365;0,133648708999785
6557;32,369;0,185365907449372
6558;32,373;0,232672257417117
6559;32,377;0,149638034746459
6560;32,381;0,153718069592162
6561;32,385;0,159341901406509
6562;32,389;0,212492625612694
6563;32,394;0,148094237777815
6564;32,398;0,141588236267099
6565;32,402;0,171030649883388
6566;32,406;0,167722513522007
6567;32,410;0,09714893781255
6568;32,414;0,133758980211831
6569;32,418;0,164855462008811
6570;32,422;0,133758980211831
6571;32,427;0,174449057456815
6572;32,431;0,188453501386661
6573;32,435;0,112807449923086
6574;32,439;0,16375274988835
6575;32,443;0,2206526953041
6576;32,447;0,146109355960986
6577;32,451;0,126370809004747
6578;32,455;0,156805663529451
6579;32,460;0,134310336272061
6580;32,464;0,141588236267099
6581;32,468;0,134861692332291
6582;32,472;0,145668271112802
6583;32,476;0,126701622640885
6584;32,480;0,146881254445308
6585;32,484;0,152505086259656
6586;32,488;0,114682060527868
6587;32,493;0,115233416588098
6588;32,497;0,169266310490652
6589;32,501;0,142360134751421
6590;32,505;0,160665155951062
6591;32,509;0,146770983233262
6592;32,513;0,190548654415535
6593;32,517;0,0951640559957215
6594;32,521;0,114461518103776
6595;32,525;0,136405489300936
6596;32,530;0,166950615037685
6597;32,534;0,124275655975873
6598;32,538;0,154931052924668
6599;32,542;0,123283215067458
6600;32,546;0,148204508989861
6601;32,550;0,150189390806689
6602;32,554;0,15239481504761
6603;32,558;0,0981413787209642
6604;32,563;0,125157825672241
6605;32,567;0,102221413566667
6606;32,571;0,156805663529451
6607;32,575;0,163532207464258
6608;32,579;0,138390371117764
6609;32,583;0,142801219599605
6610;32,587;0,144234745356204
6611;32,591;0,16209868170766
6612;32,596;0,18790214532643
6613;32,600;0,206648251374255
6614;32,604;0,147322339293492
6615;32,608;0,143573118083927
6616;32,612;0,150520204442827
6617;32,616;0,173677158972493
6618;32,620;0,140375252934593
6619;32,624;0,154489968076484
6620;32,629;0,149086678686229
6621;32,633;0,116556671132651
6622;32,637;0,150189390806689
6623;32,641;0,158018646861957
6624;32,645;0,167281428673823
6625;32,649;0,165627360493133
6626;32,653;0,156695392317405
6627;32,657;0,127032436277023
6628;32,662;0,135854133240706
6629;32,666;0,168384140794284
6630;32,670;0,104537109019634
6631;32,674;0,197606011986481
6632;32,678;0,189887027143259
6633;32,682;0,143903931720066
6634;32,686;0,180624245331393
6635;32,690;0,167501971097915
6636;32,694;0,139713625662316
6637;32,699;0,233774969537578
6638;32,703;0,140375252934593
6639;32,707;0,114571789315822
6640;32,711;0,108176059017153
6641;32,715;0,133097352939555
6642;32,719;0,102662498414851
6643;32,723;0,137618472633442
6644;32,727;0,109389042349659
6645;32,732;0,151181831715103
6646;32,736;0,153938612016254
6647;32,740;0,134200065060015
6648;32,744;0,165296546856995
6649;32,748;0,147322339293492
6650;32,752;0,12934813172999
6651;32,756;0,132656268091371
6652;32,760;0,130671386274542
6653;32,765;0,188343230174614
6654;32,769;0,169927937762928
6655;32,773;0,149968848382597
6656;32,777;0,138610913541856
6657;32,781;0,117549112041065
6658;32,785;0,110381483258073
6659;32,789;0,190328111991443
6660;32,793;0,181947499875945
6661;32,798;0,126701622640885
6662;32,802;0,172574446852033
6663;32,806;0,172794989276125
6664;32,810;0,140485524146639
6665;32,814;0,176764752909782
6666;32,818;0,110491754470119
6667;32,822;0,149968848382597
6668;32,826;0,120416163554262
6669;32,831;0,102883040838943
6670;32,835;0,138610913541856
6671;32,839;0,13850064232981
6672;32,843;0,153938612016254
6673;32,847;0,102993312050989
6674;32,851;0,101449515082345
6675;32,855;0,18679943320597
6676;32,859;0,178859905938656
6677;32,863;0,138610913541856
6678;32,868;0,22870249378346
6679;32,872;0,215028863489753
6680;32,876;0,261673586185223
6681;32,880;0,26619470587911
6682;32,884;0,251859448313126
6683;32,888;0,292659796770156
6684;32,892;0,39664554972956
6685;32,896;0,427411217890401
6686;32,901;0,516620628435637
6687;32,905;0,597559698077421
6688;32,909;0,762525431298278
6689;32,913;0,84434667063643
6690;32,917;1,10392510379278
6691;32,921;1,13336751740907
6692;32,925;1,53398283077228
6693;32,929;1,74041053972245
6694;32,934;2,05258834102475
6695;32,938;2,58431612551069
6696;32,942;2,87697592228085
6697;32,946;3,28167127048977
6698;32,950;3,78935993074968
6699;32,954;4,32274178341631
6700;32,958;4,99771187235005
6701;32,962;5,50275402352085
6702;32,967;6,28237149268626
6703;32,971;6,82071554989497
6704;32,975;7,63198085691759
6705;32,979;8,44148182454748
6706;32,983;9,9714948916861
6707;32,987;10,7633524653886
6708;32,991;11,6662531496215
6709;32,995;12,7985179549101
6710;33,000;13,9014506177945
6711;33,004;15,0373543730806
6712;33,008;16,0563706435979
6713;33,012;17,3036483230505
6714;33,016;18,4979958207211
6715;33,020;19,6726047714353
6716;33,024;21,020560067486
6717;33,028;21,8773673850836
6718;33,032;22,8762040237965
6719;33,037;24,5499004802311
6720;33,041;25,7197677688274
6721;33,045;26,0831114125191
6722;33,049;26,9050730271102
6723;33,053;27,8731439976623
6724;33,057;28,296585451919
6725;33,061;28,5400642881166
6726;33,065;29,1818427422245
6727;33,070;29,6456434600901
6728;33,074;29,9046705371862
6729;33,078;29,62138379344
6730;33,082;29,9226447447497
6731;33,086;29,7631925721312
6732;33,090;30,2397847505941
6733;33,094;29,6540240722056
6734;33,098;29,748416229717
6735;33,103;29,5326154677429
6736;33,107;28,3145596594825
6737;33,111;28,0662288899548
6738;33,115;27,7439061371443
6739;33,119;26,5522051485629
6740;33,123;26,1598601761031
6741;33,127;25,8583786823693
6742;33,131;24,6773740013563
6743;33,136;24,0287587321016
6744;33,140;23,6698259368918
6745;33,144;22,7381444663149
6746;33,148;22,1288960197606
6747;33,152;21,1440638249775
6748;33,156;20,3679750345976
6749;33,160;19,8837741425035
6750;33,164;18,7121425145145
6751;33,169;18,4409856040933
6752;33,173;17,7162831985268
6753;33,177;17,046054771711
6754;33,181;16,5414537053884
6755;33,185;15,7529042680473
6756;33,189;14,779650550529
6757;33,193;14,6236167854839
6758;33,197;13,6293012664649
6759;33,201;13,0829074107768
6760;33,206;12,882213804853
6761;33,210;11,9269342948983
6762;33,214;11,610014831478
6763;33,218;11,0098086243115
6764;33,222;10,6620132215183
6765;33,226;9,94480925837096
6766;33,230;9,83597157208153
6767;33,234;9,40139272540814
6768;33,239;9,07708509078078
6769;33,243;8,37598072459213
6770;33,247;8,3838099806474
6771;33,251;7,79209465680842
6772;33,255;7,66197462659411
6773;33,259;6,99979599825772
6774;33,263;7,20015879054535
6775;33,267;6,91477689377023
6776;33,272;6,54889701220151
6777;33,276;6,43719227439888
6778;33,280;5,9676574535069
6779;33,284;5,88583621416875
6780;33,288;5,68381935370043
6781;33,292;5,53793054016353
6782;33,296;5,26754552822667
6783;33,300;5,04898798595145
6784;33,305;5,01094441779557
6785;33,309;4,64054341653296
6786;33,313;4,82833529064735
6787;33,317;4,25007305467798
6788;33,321;4,49101565299855
6789;33,325;3,95939813972465
6790;33,329;4,00097038666601
6791;33,333;3,73521676563508
6792;33,338;3,66751024143882
6793;33,342;3,80501844286021
6794;33,346;3,52735553092832
6795;33,350;3,44310832492515
6796;33,354;3,31728887198064
6797;33,358;3,07248678123846
6798;33,362;3,01073490249268
6799;33,366;2,96728804494655
6800;33,370;2,83672692988405
6801;33,375;2,9449029889012
6802;33,379;2,82581007989149
6803;33,383;2,7146566981491
6804;33,387;2,61971318457747
6805;33,391;2,43258293773536
6806;33,395;2,35737797111997
6807;33,399;2,33631616961918
6808;33,403;2,2939720241935
6809;33,408;2,24291645301619
6810;33,412;2,21237132727944
6811;33,416;2,20928373334216
6812;33,420;2,10573906523094
6813;33,424;2,10386445462615
6814;33,428;1,98300720622371
6815;33,432;2,0929476046336
6816;33,436;1,75882583213413
6817;33,441;1,85851100782374
6818;33,445;1,79400234877682
6819;33,449;1,64337187312194
6820;33,453;1,58790545346279
6821;33,457;1,56860799135474
6822;33,461;1,55361110651648
6823;33,465;1,57202639892816
6824;33,469;1,49505709292004
6825;33,474;1,5876849110387
6826;33,478;1,41334612479393
6827;33,482;1,39493083238224
6828;33,486;1,52427896411223
6829;33,490;1,60047637163604
6830;33,494;1,35964404452752
6831;33,498;1,29667918244923
6832;33,502;1,27837416124959
6833;33,507;1,24286683097077
6834;33,511;1,24441062793942
6835;33,515;1,08727415077383
6836;33,519;1,11263652954441
6837;33,523;1,1964426506994
6838;33,527;1,12366365074902
6839;33,531;1,10370456136869
6840;33,535;1,02309630536304
6841;33,539;1,03831373262539
6842;33,544;1,0282790523292
6843;33,548;1,05397224473593
6844;33,552;0,960241714496805
6845;33,556;1,04371702201565
6846;33,560;0,893637902421004
6847;33,564;0,848647247906225
6848;33,568;0,802553881270986
6849;33,572;0,876876678190008
6850;33,577;0,864195488804715
6851;33,581;0,805420932784183
6852;33,585;0,789982963097739
6853;33,589;0,773552552502881
6854;33,593;0,737273323739738
6855;33,597;0,629538349570769
6856;33,601;0,709595249516185
6857;33,605;0,802664152483032
6858;33,610;0,885477832729598
6859;33,614;0,81688913883697
6860;33,618;0,637147063201945
6861;33,622;0,708492537395725
6862;33,626;0,624576145028698
6863;33,630;0,671772223784398
6864;33,634;0,653687745008849
6865;33,638;0,656665067734092
6866;33,643;0,584988779904174
6867;33,647;0,552789585986734
6868;33,651;0,730987864653114
6869;33,655;0,554995010227655
6870;33,659;0,539446769329165
6871;33,663;0,657216423794322
6872;33,667;0,530845614789575
6873;33,671;0,537572158724383
6874;33,676;0,567565928400902
6875;33,680;0,496771810267353
6876;33,684;0,587194204145095
6877;33,688;0,423220911832652
6878;33,692;0,472842957253365
6879;33,696;0,477253805735206
6880;33,700;0,521031476917479
6881;33,704;0,468652651195616
6882;33,708;0,395653108821146
6883;33,713;0,359373880058003
6884;33,717;0,465344514834235
6885;33,721;0,489714452696407
6886;33,725;0,483098179973645
6887;33,729;0,428844743647
6888;33,733;0,43854861030705
6889;33,737;0,272149351329595
6890;33,741;0,486957672395256
6891;33,746;0,403261822452322
6892;33,750;0,38220002095153
6893;33,754;0,33334987401514
6894;33,758;0,495889640570984
6895;33,762;0,320889227053939
6896;33,766;0,319014616449157
6897;33,770;0,426859861830171
6898;33,774;0,354191133091839
6899;33,779;0,348567301277492
6900;33,783;0,391462802763397
6901;33,787;0,325079533111688
6902;33,791;0,408885654266669
6903;33,795;0,355955472484576
6904;33,799;0,359925236118233
6905;33,803;0,359925236118233
6906;33,807;0,335334755831969
6907;33,812;0,380325410346748
6908;33,816;0,317140005844374
6909;33,820;0,268289858907984
6910;33,824;0,313280513422763
6911;33,828;0,373157781563756
6912;33,832;0,268179587695938
6913;33,836;0,304017731610897
6914;33,840;0,361689575510969
6915;33,845;0,393006599732041
6916;33,849;0,314824310391408
6917;33,853;0,280860777081231
6918;33,857;0,272810978601871
6919;33,861;0,320227599781663
6920;33,865;0,2817429467776
6921;33,869;0,232010630144841
6922;33,873;0,278324539204173
6923;33,877;0,386169784585187
6924;33,882;0,253844330129955
6925;33,886;0,277221827083712
6926;33,890;0,319014616449157
6927;33,894;0,304789630095219
6928;33,898;0,286374337683533
6929;33,902;0,276891013447574
6930;33,906;0,280640234657139
6931;33,910;0,276229386175298
6932;33,915;0,289461931620821
6933;33,919;0,269723384664583
6934;33,923;0,302694477066345
6935;33,927;0,237303648323051
6936;33,931;0,288690033136499
6937;33,935;0,30754641039637
6938;33,939;0,231459274084611
6939;33,943;0,231679816508703
6940;33,948;0,227710052875046
6941;33,952;0,331585534622404
6942;33,956;0,287256507379901
6943;33,960;0,223960831665481
6944;33,964;0,160775427163108
6945;33,968;0,249102668011975
6946;33,972;0,236642021050774
6947;33,976;0,213154252884971
6948;33,981;0,256270296794967
6949;33,985;0,250315651344482
6950;33,989;0,272700707389825
6951;33,993;0,289241389196729
6952;33,997;0,17709556654592
6953;34,001;0,240722055896477
6954;34,005;0,254505957402231
6955;34,009;0,218557542275226
6956;34,014;0,245022633166272
6957;34,018;0,245904802862641
6958;34,022;0,262555755881591
6959;34,026;0,250867007404712
6960;34,030;0,227599781663
6961;34,034;0,354301404303885
6962;34,038;0,302804748278391
6963;34,042;0,23344415590144
6964;34,046;0,212272083188602
6965;34,051;0,249433481648114
6966;34,055;0,255608669522691
6967;34,059;0,270164469512767
6968;34,063;0,200473063499677
6969;34,067;0,222968390757067
6970;34,071;0,170369022611112
6971;34,075;0,19374651956487
6972;34,079;0,19264380744441
6973;34,084;0,214477507429523
6974;34,088;0,236642021050774
6975;34,092;0,269392571028444
6976;34,096;0,177977736242288
6977;34,100;0,151402374139195
6978;34,104;0,266304977091156
6979;34,108;0,248771854375837
6980;34,112;0,20234767410446
6981;34,117;0,176875024121828
6982;34,121;0,182719398360267
6983;34,125;0,215028863489753
6984;34,129;0,232341443780979
6985;34,133;0,246566430134917
6986;34,137;0,22594571348231
6987;34,141;0,25174917710108
6988;34,145;0,21844727106318
6989;34,150;0,174890142304999
6990;34,154;0,191541095323949
6991;34,158;0,148204508989861
6992;34,162;0,16044461352697
6993;34,166;0,168935496854514
6994;34,170;0,207089336222439
6995;34,174;0,245353446802411
6996;34,178;0,197495740774435
6997;34,183;0,195290316533514
6998;34,187;0,203670928649012
6999;34,191;0,211279642280188
7000;34,195;0,163973292312442
7001;34,199;0,195069774109422
7002;34,203;0,150740746866919
7003;34,207;0,181726957451853
7004;34,211;0,216352118034305
7005;34,215;0,16904576806656
7006;34,220;0,190658925627581
7007;34,224;0,224071102877527
7008;34,228;0,147322339293492
7009;34,232;0,116446399920605
7010;34,236;0,230136019540059
7011;34,240;0,118982637797663
7012;34,244;0,204883911981519
7013;34,248;0,224512187725711
7014;34,253;0,186358348357786
7015;34,257;0,147873695353722
7016;34,261;0,215139134701799
7017;34,265;0,170810107459296
7018;34,269;0,181285872603669
7019;34,273;0,168935496854514
7020;34,277;0,208963946827222
7021;34,281;0,180624245331393
7022;34,286;0,111704737802626
7023;34,290;0,166840343825639
7024;34,294;0,183601568056635
7025;34,298;0,207750963494715
7026;34,302;0,1609959695872
7027;34,306;0,182388584724129
7028;34,310;0,0983619211450563
7029;34,314;0,132876810515463
7030;34,319;0,205766081677887
7031;34,323;0,121739418098814
7032;34,327;0,0918559196343407
7033;34,331;0,156474849893313
7034;34,335;0,186027534721648
7035;34,339;0,160224071102878
7036;34,343;0,162539766555844
7037;34,347;0,190328111991443
7038;34,352;0,198488181682849
7039;34,356;0,212933710460879
7040;34,360;0,172243633215895
7041;34,364;0,19319516350464
7042;34,368;0,174890142304999
7043;34,372;0,189887027143259
7044;34,376;0,125378368096333
7045;34,380;0,195621130169652
7046;34,384;0,17819827866638
7047;34,389;0,123834571127689
7048;34,393;0,158459731710141
7049;34,397;0,175882583213413
7050;34,401;0,187019975630062
7051;34,405;0,124827012036103
7052;34,409;0,171030649883388
7053;34,413;0,218557542275226
7054;34,417;0,188894586234845
7055;34,422;0,174007972608631
7056;34,426;0,165737631705179
7057;34,430;0,116225857496513
7058;34,434;0,185365907449372
7059;34,438;0,17180254836771
7060;34,442;0,214477507429523
7061;34,446;0,097479751448688
7062;34,450;0,176433939273644
7063;34,455;0,163642478676304
7064;34,459;0,142801219599605
7065;34,463;0,160665155951062
7066;34,467;0,155923493833082
7067;34,471;0,174559328668861
7068;34,475;0,160554884739016
7069;34,479;0,146329898385078
7070;34,483;0,134420607484107
7071;34,488;0,113689619619454
7072;34,492;0,16320139382812
7073;34,496;0,108065787805107
7074;34,500;0,104978193867818
7075;34,504;0,106742533260554
7076;34,508;0,208412590766991
7077;34,512;0,142801219599605
7078;34,516;0,135082234756383
7079;34,521;0,137067116573212
7080;34,525;0,150299662018735
7081;34,529;0,17014848018702
7082;34,533;0,142580677175513
7083;34,537;0,18569672108551
7084;34,541;0,170038208974974
7085;34,545;0,144014202932112
7086;34,549;0,126481080216793
7087;34,553;0,175331227153183
7088;34,558;0,132987081727509
7089;34,562;0,150851018078965
7090;34,566;0,177867465030242
7091;34,570;0,164083563524488
7092;34,574;0,166288987765409
7093;34,578;0,138059557481626
7094;34,582;0,227379239238908
7095;34,586;0,144786101416434
7096;34,591;0,184263195328911
7097;34,595;0,121739418098814
7098;34,599;0,217454830154766
7099;34,603;0,151292102927149
7100;34,607;0,165847902917225
7101;34,611;0,150851018078965
7102;34,615;0,161216512011292
7103;34,619;0,118762095373571
7104;34,624;0,138831455965948
7105;34,628;0,13960335445027
7106;34,632;0,0982516499330102
7107;34,636;0,162870580191982
7108;34,640;0,101890599930529
7109;34,644;0,114682060527868
7110;34,648;0,140264981722547
7111;34,652;0,185365907449372
7112;34,657;0,106742533260554
7113;34,661;0,118210739313341
7114;34,665;0,159341901406509
7115;34,669;0,12879677566976
7116;34,673;0,183270754420497
7117;34,677;0,12295240143132
7118;34,681;0,11964426506994
7119;34,685;0,097479751448688
7120;34,690;0,119864807494032
7121;34,694;0,134861692332291
7122;34,698;0,190438383203489
7123;34,702;0,170479293823158
7124;34,706;0,17654421048569
7125;34,710;0,155813222621036
7126;34,714;0,143903931720066
7127;34,718;0,122511316583136
7128;34,722;0,160003528678785
7129;34,727;0,12295240143132
7130;34,731;0,114792331739914
7131;34,735;0,131112471122726
7132;34,739;0,157908375649911
7133;34,743;0,1471017968694
7134;34,747;0,154489968076484
7135;34,751;0,20984611652359
7136;34,755;0,13739793020935
7137;34,760;0,164083563524488
7138;34,764;0,152505086259656
7139;34,768;0,144014202932112
7140;34,772;0,105088465079864
7141;34,776;0,115343687800144
7142;34,780;0,117328569616973
7143;34,784;0,107955516593061
7144;34,788;0,129678945366128
7145;34,793;0,142360134751421
7146;34,797;0,172023090791802
7147;34,801;0,157577562013773
7148;34,805;0,0787336454008634
7149;34,809;0,132987081727509
7150;34,813;0,158680274134233
7151;34,817;0,161767868071522
7152;34,821;0,119423722645847
7153;34,826;0,1609959695872
7154;34,830;0,124937283248149
7155;34,834;0,13739793020935
7156;34,838;0,121739418098814
7157;34,842;0,144234745356204
7158;34,846;0,146440169597124
7159;34,850;0,120416163554262
7160;34,854;0,143683389295973
7161;34,859;0,13629521808889
7162;34,863;0,15349752716807
7163;34,867;0,155372137772852
7164;34,871;0,192423265020317
7165;34,875;0,0907532075138804
7166;34,879;0,162539766555844
7167;34,883;0,103985752959404
7168;34,887;0,112586907498994
7169;34,891;0,093068902966847
7170;34,896;0,165296546856995
7171;34,900;0,1540488832283
7172;34,904;0,132876810515463
7173;34,908;0,0899813090295582
7174;34,912;0,0977002938727801
7175;34,916;0,121408604462676
7176;34,920;0,107845245381015
7177;34,924;0,123172943855412
7178;34,929;0,1942978756251
7179;34,933;0,0842472060031648
7180;34,937;0,11324853477127
7181;34,941;0,181837228663899
7182;34,945;0,113579348407408
7183;34,949;0,116446399920605
7184;34,953;0,169266310490652
7185;34,957;0,12184968931086
7186;34,962;0,114682060527868
7187;34,966;0,128907046881806
7188;34,970;0,144124474144158
7189;34,974;0,134089793847969
7190;34,978;0,0961564969041357
7191;34,982;0,102772769626897
7192;34,986;0,108506872653291
7193;34,990;0,142470405963467
7194;34,995;0,101780328718483
7195;34,999;0,147983966565769
7196;35,003;0,155482408984898
7197;35,007;0,124937283248149
7198;35,011;0,115343687800144
7199;35,015;0,131663827182956
7200;35,019;0,135633590816613
7201;35,023;0,17125119230748
7202;35,028;0,143132033235743
7203;35,032;0,138831455965948
7204;35,036;0,10575009235214
7205;35,040;0,177757193818196
7206;35,044;0,173236074124309
7207;35,048;0,120967519614492
7208;35,052;0,0979208362968722
7209;35,056;0,102441955990759
7210;35,060;0,14765315292963
7211;35,065;0,134861692332291
7212;35,069;0,168163598370191
7213;35,073;0,14599908474894
7214;35,077;0,142801219599605
7215;35,081;0,151071560503057
7216;35,085;0,151402374139195
7217;35,089;0,13960335445027
7218;35,093;0,109168499925567
7219;35,098;0,130671386274542
7220;35,102;0,0929586317548009
7221;35,106;0,126370809004747
7222;35,110;0,134089793847969
7223;35,114;0,143793660508019
7224;35,118;0,0886580544850059
7225;35,122;0,119203180221755
7226;35,126;0,115895043860375
7227;35,131;0,13905199839004
7228;35,135;0,152505086259656
7229;35,139;0,115895043860375
7230;35,143;0,117328569616973
7231;35,147;0,0916353772102486
7232;35,151;0,12184968931086
7233;35,155;0,117108027192881
7234;35,159;0,133097352939555
7235;35,164;0,158459731710141
7236;35,168;0,103875481747358
7237;35,172;0,127583792337253
7238;35,176;0,102331684778713
7239;35,180;0,125047554460195
7240;35,184;0,110050669621935
7241;35,188;0,132325454455233
7242;35,192;0,126481080216793
7243;35,197;0,110602025682165
7244;35,201;0,139823896874363
7245;35,205;0,109499313561705
7246;35,209;0,123724299915643
7247;35,213;0,115343687800144
7248;35,217;0,149196949898275
7249;35,221;0,189004857446891
7250;35,225;0,105639821140094
7251;35,230;0,124606469612011
7252;35,234;0,127583792337253
7253;35,238;0,172794989276125
7254;35,242;0,104867922655772
7255;35,246;0,147873695353722
7256;35,250;0,115674501436283
7257;35,254;0,184924822601188
7258;35,258;0,105639821140094
7259;35,262;0,16904576806656
7260;35,267;0,112366365074902
7261;35,271;0,100015989325747
7262;35,275;0,12989948779022
7263;35,279;0,12934813172999
7264;35,283;0,116777213556743
7265;35,287;0,138831455965948
7266;35,291;0,113138263559224
7267;35,295;0,161437054435384
7268;35,300;0,165186275644949
7269;35,304;0,069029778740813
7270;35,308;0,1207469771904
7271;35,312;0,115012874164006
7272;35,316;0,111925280226718
7273;35,320;0,104537109019634
7274;35,324;0,16959712412679
7275;35,328;0,111815009014672
7276;35,333;0,135854133240706
7277;35,337;0,17709556654592
7278;35,341;0,0683681514685369
7279;35,345;0,131222742334772
7280;35,349;0,140154710510501
7281;35,353;0,173015531700217
7282;35,357;0,0666038120758004
7283;35,361;0,132325454455233
7284;35,366;0,132766539303417
7285;35,370;0,163532207464258
7286;35,374;0,142911490811651
7287;35,378;0,138059557481626
7288;35,382;0,130009759002266
7289;35,386;0,138059557481626
7290;35,390;0,089319681757282
7291;35,394;0,114682060527868
7292;35,399;0,126150266580655
7293;35,403;0,139272540814132
7294;35,407;0,109719855985797
7295;35,411;0,102221413566667
7296;35,415;0,167943055946099
7297;35,419;0,117549112041065
7298;35,423;0,0874450711524996
7299;35,427;0,137067116573212
7300;35,431;0,121408604462676
7301;35,436;0,146881254445308
7302;35,440;0,143793660508019
7303;35,444;0,127032436277023
7304;35,448;0,141036880206869
7305;35,452;0,167722513522007
7306;35,456;0,0899813090295582
7307;35,460;0,127473521125207
7308;35,464;0,107624702956923
7309;35,469;0,0920764620584327
7310;35,473;0,103434396899174
7311;35,477;0,0948332423595834
7312;35,481;0,133207624151601
7313;35,485;0,149086678686229
7314;35,489;0,159893257466739
7315;35,493;0,0969283953884579
7316;35,497;0,155923493833082
7317;35,502;0,129127589305898
7318;35,506;0,112807449923086
7319;35,510;0,127914605973392
7320;35,514;0,182498855936175
7321;35,518;0,137287658997304
7322;35,522;0,0975900226607341
7323;35,526;0,124606469612011
7324;35,530;0,195069774109422
7325;35,535;0,143573118083927
7326;35,539;0,116005315072421
7327;35,543;0,116446399920605
7328;35,547;0,110602025682165
7329;35,551;0,0996851756896086
7330;35,555;0,172353904427941
7331;35,559;0,120416163554262
7332;35,563;0,146440169597124
7333;35,568;0,12184968931086
7334;35,572;0,117218298404927
7335;35,576;0,202788758952644
7336;35,580;0,120085349918124
7337;35,584;0,114461518103776
7338;35,588;0,123724299915643
7339;35,592;0,124716740824057
7340;35,596;0,133538437787739
7341;35,600;0,154159154440346
7342;35,605;0,088988868121144
7343;35,609;0,0907532075138804
7344;35,613;0,0938408014511692
7345;35,617;0,158570002922187
7346;35,621;0,134751421120245
7347;35,625;0,100787887810069
7348;35,629;0,111043110530349
7349;35,633;0,103103583263035
7350;35,638;0,173897701396585
7351;35,642;0,0709043893455955
7352;35,646;0,106080905988278
7353;35,650;0,117769654465157
7354;35,654;0,125709181732471
7355;35,658;0,120857248402446
7356;35,662;0,130230301426358
7357;35,666;0,170589565035204
7358;35,671;0,134861692332291
7359;35,675;0,167943055946099
7360;35,679;0,138390371117764
7361;35,683;0,123614028703597
7362;35,687;0,143793660508019
7363;35,691;0,162208952919706
7364;35,695;0,124827012036103
7365;35,699;0,10630144841237
7366;35,704;0,144675830204388
7367;35,708;0,129127589305898
7368;35,712;0,137728743845488
7369;35,716;0,146660712021216
7370;35,720;0,191541095323949
7371;35,724;0,123172943855412
7372;35,728;0,139162269602086
7373;35,732;0,0756460514635747
7374;35,737;0,136515760512982
7375;35,741;0,130671386274542
7376;35,745;0,157577562013773
7377;35,749;0,141919049903237
7378;35,753;0,145337457476664
7379;35,757;0,110050669621935
7380;35,761;0,12934813172999
7381;35,765;0,122842130219274
7382;35,769;0,102662498414851
7383;35,774;0,116666942344697
7384;35,778;0,0872245287284075
7385;35,782;0,126150266580655
7386;35,786;0,117769654465157
7387;35,790;0,16320139382812
7388;35,794;0,0491809605725281
7389;35,798;0,108176059017153
7390;35,802;0,118982637797663
7391;35,807;0,13794928626958
7392;35,811;0,110050669621935
7393;35,815;0,120967519614492
7394;35,819;0,106963075684646
7395;35,823;0,157577562013773
7396;35,827;0,158349460498095
7397;35,831;0,139162269602086
7398;35,835;0,0797260863092777
7399;35,840;0,135413048392521
7400;35,844;0,12295240143132
7401;35,848;0,136515760512982
7402;35,852;0,140044439298455
7403;35,856;0,124716740824057
7404;35,860;0,097259209024596
7405;35,864;0,133538437787739
7406;35,868;0,109940398409889
7407;35,873;0,118210739313341
7408;35,877;0,111704737802626
7409;35,881;0,139382812026178
7410;35,885;0,118651824161525
7411;35,889;0,118431281737433
7412;35,893;0,153276984743978
7413;35,897;0,14599908474894
7414;35,901;0,12184968931086
7415;35,906;0,113469077195362
7416;35,910;0,114682060527868
7417;35,914;0,13794928626958
7418;35,918;0,124827012036103
7419;35,922;0,107624702956923
7420;35,926;0,162870580191982
7421;35,930;0,132325454455233
7422;35,934;0,11490260295196
7423;35,938;0,117328569616973
7424;35,943;0,116887484768789
7425;35,947;0,0909737499379724
7426;35,951;0,152615357471702
7427;35,955;0,10409602417145
7428;35,959;0,123283215067458
7429;35,963;0,0993543620534705
7430;35,967;0,13850064232981
7431;35,971;0,0948332423595834
7432;35,976;0,11214582265081
7433;35,980;0,131884369607049
7434;35,984;0,133979522635923
7435;35,988;0,141919049903237
7436;35,992;0,130891928698634
7437;35,996;0,117769654465157
7438;36,000;0,111815009014672
7439;36,004;0,104316566595542
7440;36,009;0,0986927347811943
7441;36,013;0,111043110530349
7442;36,017;0,126370809004747
7443;36,021;0,0928483605427549
7444;36,025;0,147542881717584
7445;36,029;0,151953730199425
7446;36,033;0,0844677484272568
7447;36,037;0,124496198399965
7448;36,042;0,141147151418915
7449;36,046;0,121959960522906
7450;36,050;0,0916353772102486
7451;36,054;0,153828340804208
7452;36,058;0,135743862028659
7453;36,062;0,165186275644949
7454;36,066;0,0911942923620645
7455;36,070;0,103765210535312
7456;36,075;0,102772769626897
7457;36,079;0,0720071014660558
7458;36,083;0,157467290801727
7459;36,087;0,133428166575693
7460;36,091;0,100677616598023
7461;36,095;0,0894299529693281
7462;36,099;0,126370809004747
7463;36,103;0,093068902966847
7464;36,107;0,0859012741838552
7465;36,112;0,108396601441245
7466;36,116;0,0924072756945708
7467;36,120;0,114792331739914
7468;36,124;0,0856807317597631
7469;36,128;0,089319681757282
7470;36,132;0,166840343825639
7471;36,136;0,127914605973392
7472;36,140;0,156144036257175
7473;36,145;0,12934813172999
7474;36,149;0,134200065060015
7475;36,153;0,175882583213413
7476;36,157;0,102111142354621
7477;36,161;0,113469077195362
7478;36,165;0,0766384923719889
7479;36,169;0,140706066570731
7480;36,173;0,116446399920605
7481;36,178;0,112586907498994
7482;36,182;0,116997755980835
7483;36,186;0,0997954469016546
7484;36,190;0,142911490811651
7485;36,194;0,129678945366128
7486;36,198;0,123062672643366
7487;36,202;0,138610913541856
7488;36,206;0,150409933230781
7489;36,211;0,104978193867818
7490;36,215;0,142580677175513
7491;36,219;0,0958256832679976
7492;36,223;0,119092909009709
7493;36,227;0,0844677484272568
7494;36,231;0,139713625662316
7495;36,235;0,120526434766308
7496;36,239;0,120857248402446
7497;36,244;0,133869251423877
7498;36,248;0,173897701396585
7499;36,252;0,125819452944517
7500;36,256;0,103875481747358
7501;36,260;0,141919049903237
7502;36,264;0,107073346896692
7503;36,268;0,127032436277023
7504;36,272;0,100898159022115
7505;36,276;0,113027992347178
7506;36,281;0,141808778691191
7507;36,285;0,0983619211450563
7508;36,289;0,105088465079864
7509;36,293;0,141477965055053
7510;36,297;0,141808778691191
7511;36,301;0,133207624151601
7512;36,305;0,093068902966847
7513;36,309;0,0575615726880262
7514;36,314;0,140595795358685
7515;36,318;0,119203180221755
7516;36,322;0,120967519614492
7517;36,326;0,11324853477127
7518;36,330;0,0786233741888174
7519;36,334;0,103654939323266
7520;36,338;0,145337457476664
7521;36,342;0,114792331739914
7522;36,347;0,0798363575213237
7523;36,351;0,132215183243187
7524;36,355;0,125488639308379
7525;36,359;0,107955516593061
7526;36,363;0,129237860517944
7527;36,367;0,101228972658253
7528;36,371;0,115343687800144
7529;36,375;0,150740746866919
7530;36,380;0,0550253348109676
7531;36,384;0,163311665040166
7532;36,388;0,103875481747358
7533;36,392;0,0906429363018344
7534;36,396;0,110491754470119
7535;36,400;0,147542881717584
7536;36,404;0,119864807494032
7537;36,408;0,0870039863043155
7538;36,413;0,136515760512982
7539;36,417;0,116225857496513
7540;36,421;0,085129375699533
7541;36,425;0,13739793020935
7542;36,429;0,100787887810069
7543;36,433;0,118321010525387
7544;36,437;0,120085349918124
7545;36,441;0,118982637797663
7546;36,445;0,109940398409889
7547;36,450;0,0928483605427549
7548;36,454;0,0942818862993533
7549;36,458;0,125819452944517
7550;36,462;0,16375274988835
7551;36,466;0,110050669621935
7552;36,470;0,122621587795182
7553;36,474;0,0835855787308886
7554;36,478;0,122731859007228
7555;36,483;0,142690948387559
7556;36,487;0,104426837807588
7557;36,491;0,193967061988962
7558;36,495;0,17985234684707
7559;36,499;0,121518875674722
7560;36,503;0,132987081727509
7561;36,507;0,121188062038584
7562;36,511;0,102662498414851
7563;36,516;0,13155355597091
7564;36,520;0,154820781712622
7565;36,524;0,100787887810069
7566;36,528;0,140926608994823
7567;36,532;0,1068528044726
7568;36,536;0,116997755980835
7569;36,540;0,11214582265081
7570;36,544;0,145227186264618
7571;36,549;0,115564230224237
7572;36,553;0,0787336454008634
7573;36,557;0,150851018078965
7574;36,561;0,134420607484107
7575;36,565;0,113138263559224
7576;36,569;0,0940613438752612
7577;36,573;0,097479751448688
7578;36,577;0,148204508989861
7579;36,582;0,142470405963467
7580;36,586;0,151622916563287
7581;36,590;0,126701622640885
7582;36,594;0,193084892292594
7583;36,598;0,08909913933319
7584;36,602;0,123614028703597
7585;36,606;0,19540058774556
7586;36,610;0,180072889271162
7587;36,614;0,183822110480727
7588;36,619;0,287697592228085
7589;36,623;0,317140005844374
7590;36,627;0,342171570978822
7591;36,631;0,368967475506007
7592;36,635;0,397307177001836
7593;36,639;0,528309376912516
7594;36,643;0,659752661671381
7595;36,647;0,696803788918846
7596;36,652;0,993433349322659
7597;36,656;1,1296182961995
7598;36,660;1,41069961570483
7599;36,664;1,51788323381356
7600;36,668;1,85564395631055
7601;36,672;2,06758522586301
7602;36,676;2,39828859078905
7603;36,680;2,77519559356237
7604;36,685;3,40352095980063
7605;36,689;3,84923719889067
7606;36,693;4,20221534865
7607;36,697;5,0543912753417
7608;36,701;5,76773574606745
7609;36,705;6,4228570168329
7610;36,709;7,1902343814612
7611;36,713;7,57519118271389
7612;36,718;8,62298823957524
7613;36,722;9,42510103599804
7614;36,726;10,3476299959751
7615;36,730;11,1541536408797
7616;36,734;12,340561611283
7617;36,738;13,1581123773922
7618;36,742;14,1862811585094
7619;36,746;15,1285486654427
7620;36,751;16,4600735508984
7621;36,755;17,0134144929454
7622;36,759;18,4200340738045
7623;36,763;18,976903694637
7624;36,767;20,2865948801076
7625;36,771;21,3582105187709
7626;36,775;21,9011859668856
7627;36,779;22,6291965088134
7628;36,783;23,6533955262969
7629;36,788;24,3183309349345
7630;36,792;25,2522178297523
7631;36,796;25,4249025478164
7632;36,800;25,3675615175524
7633;36,804;26,0788108352493
7634;36,808;26,8719916634964
7635;36,812;27,7059728402005
7636;36,816;27,1732526148061
7637;36,821;27,0906594769836
7638;36,825;26,8100192423265
7639;36,829;26,2160984942466
7640;36,833;27,1266078921106
7641;36,837;26,5801037652105
7642;36,841;26,2729984396624
7643;36,845;25,9304960550474
7644;36,849;25,3766037569402
7645;36,854;25,0484366298912
7646;36,858;24,2465443758925
7647;36,862;24,2698116016342
7648;36,866;23,4033004173765
7649;36,870;23,2676668265599
7650;36,874;21,7694118684906
7651;36,878;21,372766318761
7652;36,882;20,7157704373908
7653;36,887;20,5019545572335
7654;36,891;19,930418865199
7655;36,895;18,6561247387951
7656;36,899;18,6409073115327
7657;36,903;17,93958240292
7658;36,907;17,168235274658
7659;36,911;16,6109245689774
7660;36,915;15,9786294391055
7661;36,920;15,2692547320134
7662;36,924;14,6540516400086
7663;36,928;14,384328255344
7664;36,932;13,6406592013056
7665;36,936;13,2104912031141
7666;36,940;12,3247928279604
7667;36,944;12,038749303913
7668;36,948;11,7885439237805
7669;36,952;11,0096983530994
7670;36,957;10,4029861444222
7671;36,961;10,1487007294441
7672;36,965;9,66416902371382
7673;36,969;9,67508587370638
7674;36,973;8,97442259236592
7675;36,977;8,89635057423734
7676;36,981;8,48570058057793
7677;36,985;8,07946143540037
7678;36,990;7,96555127335682
7679;36,994;7,38839174950791
7680;36,998;7,28903738745444
7681;37,002;7,04974885731457
7682;37,006;6,81398900596016
7683;37,010;6,35614293354505
7684;37,014;6,13736484884574
7685;37,018;5,95155785654818
7686;37,023;6,09171256705868
7687;37,027;5,5831417371024
7688;37,031;5,16311869041909
7689;37,035;5,12066427378137
7690;37,039;5,01822231779061
7691;37,043;4,82193956034868
7692;37,047;4,68465190135137
7693;37,051;4,5895981165677
7694;37,056;4,51229799692343
7695;37,060;4,3576977576349
7696;37,064;4,15082896383656
7697;37,068;4,03735988664119
7698;37,072;3,91418694278578
7699;37,076;3,81582502164073
7700;37,080;3,67390597173749
7701;37,084;3,667951326287
7702;37,089;3,22234535840901
7703;37,093;3,15430802057661
7704;37,097;3,07921332517326
7705;37,101;3,06145966003385
7706;37,105;2,89539121469254
7707;37,109;3,00356727370969
7708;37,113;2,78798705415971
7709;37,117;2,60846552094877
7710;37,121;2,63592305274823
7711;37,126;2,46820053922623
7712;37,130;2,61100175882583
7713;37,134;2,18800138941727
7714;37,138;2,30147046661263
7715;37,142;2,06207166526071
7716;37,146;2,10584933644298
7717;37,150;2,04762613648268
7718;37,154;2,07144471828462
7719;37,159;1,92610726080796
7720;37,163;1,9595194380579
7721;37,167;2,02876975922281
7722;37,171;1,8847555562907
7723;37,175;1,82101879572809
7724;37,179;1,77680003969764
7725;37,183;1,80216241846822
7726;37,187;1,64998814584471
7727;37,192;1,72199524731076
7728;37,196;1,63620424433895
7729;37,200;1,57169558529203
7730;37,204;1,37574364148624
7731;37,208;1,26436971731975
7732;37,212;1,30825765971407
7733;37,216;1,37574364148624
7734;37,220;1,36229055361662
7735;37,225;1,25532747793197
7736;37,229;1,2822336536712
7737;37,233;1,09543422046523
7738;37,237;1,11340842802874
7739;37,241;1,31917450970662
7740;37,245;1,05705983867322
7741;37,249;1,12333283711288
7742;37,253;1,0519873629191
7743;37,258;0,985273279631253
7744;37,262;1,13204426286452
7745;37,266;1,07757028411378
7746;37,270;0,992110094778107
7747;37,274;0,981965143269872
7748;37,278;1,06599180684895
7749;37,282;0,908414244835172
7750;37,286;0,799356016121651
7751;37,290;0,838061211549807
7752;37,295;0,984721923571023
7753;37,299;0,884044306973
7754;37,303;0,888565426666887
7755;37,307;0,845449382756891
7756;37,311;0,71974020102442
7757;37,315;0,847544535785765
7758;37,319;0,883713493336862
7759;37,323;0,724702405566491
7760;37,328;0,726797558595365
7761;37,332;0,766826008568073
7762;37,336;0,583334711723484
7763;37,340;0,751167496457537
7764;37,344;0,588738001113739
7765;37,348;0,785682385827944
7766;37,352;0,592156408687166
7767;37,356;0,605278682920643
7768;37,361;0,589399628386015
7769;37,365;0,547937652656709
7770;37,369;0,54374734659896
7771;37,373;0,530183987517299
7772;37,377;0,554223111743333
7773;37,381;0,504159981474436
7774;37,385;0,496110182995076
7775;37,389;0,467770481499247
7776;37,394;0,538344057208705
7777;37,398;0,51209950874175
7778;37,402;0,578041693545275
7779;37,406;0,469314278467892
7780;37,410;0,566683758704534
7781;37,414;0,477915433007482
7782;37,418;0,539336498117119
7783;37,422;0,487729570879578
7784;37,427;0,477805161795436
7785;37,431;0,407672670934163
7786;37,435;0,431822066372243
7787;37,439;0,386280055797233
7788;37,443;0,423661996680837
7789;37,447;0,363123101267568
7790;37,451;0,395432566397054
7791;37,455;0,44604705272618
7792;37,459;0,385397886100865
7793;37,464;0,345589978552249
7794;37,468;0,313390784634809
7795;37,472;0,387162225493602
7796;37,476;0,328387669473069
7797;37,480;0,320999498265985
7798;37,484;0,350772725518413
7799;37,488;0,327395228564655
7800;37,492;0,347354317944986
7801;37,497;0,329600652805575
7802;37,501;0,353088420971379
7803;37,505;0,239178258927833
7804;37,509;0,272480164965733
7805;37,513;0,345920792188387
7806;37,517;0,362461473995291
7807;37,521;0,199701165015355
7808;37,525;0,348787843701584
7809;37,530;0,329821195229667
7810;37,534;0,278986166476449
7811;37,538;0,272259622541641
7812;37,542;0,328497940685115
7813;37,546;0,295196034647215
7814;37,550;0,26145304376113
7815;37,554;0,278434810416219
7816;37,558;0,253403245281771
7817;37,563;0,333570416439232
7818;37,567;0,320889227053939
7819;37,571;0,260460602852716
7820;37,575;0,299165798280872
7821;37,579;0,174890142304999
7822;37,583;0,255277855886553
7823;37,587;0,281522404353507
7824;37,591;0,215139134701799
7825;37,596;0,221314322576377
7826;37,600;0,25230053316131
7827;37,604;0,270936367997089
7828;37,608;0,29894525585678
7829;37,612;0,234105783173716
7830;37,616;0,17764692260615
7831;37,620;0,190217840779397
7832;37,624;0,289351660408775
7833;37,628;0,19595194380579
7834;37,633;0,250977278616758
7835;37,637;0,196944384714205
7836;37,641;0,214367236217477
7837;37,645;0,265422807394788
7838;37,649;0,206317437738117
7839;37,653;0,222417034696837
7840;37,657;0,277221827083712
7841;37,661;0,263879010426143
7842;37,666;0,218557542275226
7843;37,670;0,149527763534413
7844;37,674;0,169156039278606
7845;37,678;0,214587778641569
7846;37,682;0,143683389295973
7847;37,686;0,284940811926934
7848;37,690;0,176103125637505
7849;37,694;0,186027534721648
7850;37,699;0,265312536182741
7851;37,703;0,17069983624725
7852;37,707;0,209735845311544
7853;37,711;0,143573118083927
7854;37,715;0,167391699885869
7855;37,719;0,144786101416434
7856;37,723;0,140816337782777
7857;37,727;0,187240518054154
7858;37,732;0,149858577170551
7859;37,736;0,143462846871881
7860;37,740;0,145778542324848
7861;37,744;0,147432610505538
7862;37,748;0,18569672108551
7863;37,752;0,177316108970012
7864;37,756;0,224953272573895
7865;37,760;0,189004857446891
7866;37,765;0,182168042300037
7867;37,769;0,195290316533514
7868;37,773;0,156254307469221
7869;37,777;0,154379696864438
7870;37,781;0,146329898385078
7871;37,785;0,173456616548401
7872;37,789;0,172133362003848
7873;37,793;0,144786101416434
7874;37,797;0,127914605973392
7875;37,802;0,194738960473284
7876;37,806;0,155372137772852
7877;37,810;0,12019562113017
7878;37,814;0,173346345336355
7879;37,818;0,162539766555844
7880;37,822;0,17180254836771
7881;37,826;0,128907046881806
7882;37,830;0,121959960522906
7883;37,835;0,217565101366812
7884;37,839;0,137618472633442
7885;37,843;0,209184489251314
7886;37,847;0,163311665040166
7887;37,851;0,121518875674722
7888;37,855;0,154489968076484
7889;37,859;0,149417492322367
7890;37,863;0,208853675615176
7891;37,868;0,182829669572313
7892;37,872;0,156033765045129
7893;37,876;0,0884375120609138
7894;37,880;0,124937283248149
7895;37,884;0,149968848382597
7896;37,888;0,123172943855412
7897;37,892;0,172464175639987
7898;37,896;0,131774098395003
7899;37,901;0,117879925677203
7900;37,905;0,151512645351241
7901;37,909;0,212823439248833
7902;37,913;0,105309007503956
7903;37,917;0,106521990836462
7904;37,921;0,101780328718483
7905;37,925;0,184152924116865
7906;37,929;0,136736302937074
7907;37,934;0,0968181241764119
7908;37,938;0,159782986254693
7909;37,942;0,122180502946998
7910;37,946;0,12129833325063
7911;37,950;0,136956845361166
7912;37,954;0,158900816558325
7913;37,958;0,168935496854514
7914;37,962;0,162539766555844
7915;37,966;0,0909737499379724
7916;37,971;0,157908375649911
7917;37,975;0,159782986254693
7918;37,979;0,133428166575693
7919;37,983;0,136405489300936
7920;37,987;0,13100219991068
7921;37,991;0,126039995368609
7922;37,995;0,102331684778713
7923;37,999;0,125488639308379
7924;38,004;0,160554884739016
7925;38,008;0,112256093862856
7926;38,012;0,125709181732471
7927;38,016;0,12184968931086
7928;38,020;0,125047554460195
7929;38,024;0,107624702956923
7930;38,028;0,10354466811122
7931;38,032;0,15294617110784
7932;38,037;0,0673757105601226
7933;38,041;0,147983966565769
7934;38,045;0,188563772598707
7935;38,049;0,13155355597091
7936;38,053;0,136956845361166
7937;38,057;0,124055113551781
7938;38,061;0,157467290801727
7939;38,065;0,106080905988278
7940;38,070;0,2345468680219
7941;38,074;0,179521533210932
7942;38,078;0,145006643840526
7943;38,082;0,25759355133952
7944;38,086;0,153828340804208
7945;38,090;0,11545395901219
7946;38,094;0,195841672593744
7947;38,098;0,108506872653291
7948;38,103;0,244140463469904
7949;38,107;0,174228515032723
7950;38,111;0,179190719574794
7951;38,115;0,185365907449372
7952;38,119;0,189997298355305
7953;38,123;0,207971505918807
7954;38,127;0,154159154440346
7955;38,131;0,2206526953041
7956;38,135;0,251859448313126
7957;38,140;0,218336999851134
7958;38,144;0,219219169547502
7959;38,148;0,291777627073788
7960;38,152;0,180403702907301
7961;38,156;0,241052869532615
7962;38,160;0,312508614938441
7963;38,164;0,26035033164067
7964;38,168;0,236421478626682
7965;38,173;0,263768739214097
7966;38,177;0,247228057407193
7967;38,181;0,293321424042432
7968;38,185;0,224401916513665
7969;38,189;0,265312536182741
7970;38,193;0,294424136162893
7971;38,197;0,244030192257858
7972;38,201;0,320227599781663
7973;38,206;0,264650908910465
7974;38,210;0,347023504308848
7975;38,214;0,314383225543224
7976;38,218;0,329600652805575
7977;38,222;0,226827883178678
7978;38,226;0,197054655926251
7979;38,230;0,249764295284252
7980;38,234;0,30059932403747
7981;38,239;0,309090207365014
7982;38,243;0,303797189186805
7983;38,247;0,289131117984683
7984;38,251;0,29199816949788
7985;38,255;0,26035033164067
7986;38,259;0,289131117984683
7987;38,263;0,28979274525696
7988;38,267;0,249874566496298
7989;38,272;0,244030192257858
7990;38,276;0,289241389196729
7991;38,280;0,286264066471487
7992;38,284;0,234436596809854
7993;38,288;0,215911033186121
7994;38,292;0,242265852865122
7995;38,296;0,204994183193565
7996;38,300;0,208302319554945
7997;38,304;0,260570874064762
7998;38,309;0,203891471073104
7999;38,313;0,191871908960087
8000;38,317;0,189666484719167
8001;38,321;0,271928808905503
8002;38,325;0,159782986254693
8003;38,329;0,223740289241389
8004;38,333;0,235870122566452
8005;38,337;0,247779413467423
8006;38,342;0,215690490762029
8007;38,346;0,159562443830601
8008;38,350;0,187019975630062
8009;38,354;0,161657596859476
8010;38,358;0,224181374089573
8011;38,362;0,163091122616074
8012;38,366;0,193415705928732
8013;38,370;0,108065787805107
8014;38,375;0,219329440759548
8015;38,379;0,150409933230781
8016;38,383;0,125709181732471
8017;38,387;0,1540488832283
8018;38,391;0,192092451384179
8019;38,395;0,162319224131752
8020;38,399;0,185806992297556
8021;38,403;0,166950615037685
8022;38,408;0,12989948779022
8023;38,412;0,181396143815715
8024;38,416;0,214918592277707
8025;38,420;0,216572660458397
8026;38,424;0,16209868170766
8027;38,428;0,128907046881806
8028;38,432;0,152064001411472
8029;38,436;0,167501971097915
8030;38,441;0,125047554460195
8031;38,445;0,111263652954441
8032;38,449;0,160885698375154
8033;38,453;0,12240104537109
8034;38,457;0,122290774159044
8035;38,461;0,1471017968694
8036;38,465;0,210838557432004
8037;38,469;0,145778542324848
8038;38,473;0,115343687800144
8039;38,478;0,152615357471702
8040;38,482;0,106963075684646
8041;38,486;0,102552227202805
8042;38,490;0,129568674154082
8043;38,494;0,0943921575113993
8044;38,498;0,181726957451853
8045;38,502;0,18679943320597
8046;38,506;0,146660712021216
8047;38,511;0,109058228713521
8048;38,515;0,147212068081446
8049;38,519;0,119092909009709
8050;38,523;0,168714954430422
8051;38,527;0,0906429363018344
8052;38,531;0,0535918090543692
8053;38,535;0,176323668061598
8054;38,539;0,128576233245668
8055;38,544;0,0438879423943188
8056;38,548;0,0854601893356711
8057;38,552;0,110822568106257
8058;38,556;0,142470405963467
8059;38,560;0,13850064232981
8060;38,564;0,0813801544899681
8061;38,568;0,139162269602086
8062;38,572;0,11545395901219
8063;38,577;0,102000871142575
8064;38,581;0,126591351428839
8065;38,585;0,104426837807588
8066;38,589;0,132987081727509
8067;38,593;0,102883040838943
8068;38,597;0,0873347999404536
8069;38,601;0,106411719624416
8070;38,605;0,116666942344697
8071;38,610;0,108506872653291
8072;38,614;0,109609584773751
8073;38,618;0,0709043893455955
8074;38,622;0,132325454455233
8075;38,626;0,16044461352697
8076;38,630;0,11435124689173
8077;38,634;0,124606469612011
8078;38,638;0,13100219991068
8079;38,642;0,143021762023697
8080;38,647;0,124165384763827
8081;38,651;0,169376581702698
8082;38,655;0,117990196889249
8083;38,659;0,121188062038584
8084;38,663;0,131994640819095
8085;38,667;0,102883040838943
8086;38,671;0,108396601441245
8087;38,675;0,168163598370191
8088;38,680;0,0865629014561314
8089;38,684;0,154379696864438
8090;38,688;0,088988868121144
8091;38,692;0,104757651443726
8092;38,696;0,0914148347861566
8093;38,700;0,140485524146639
8094;38,704;0,136626031725028
8095;38,708;0,0896504953934201
8096;38,713;0,106411719624416
8097;38,717;0,11545395901219
8098;38,721;0,0816006969140601
8099;38,725;0,106742533260554
8100;38,729;0,102772769626897
8101;38,733;0,0758665938876667
8102;38,737;0,111153381742395
8103;38,741;0,142360134751421
8104;38,746;0,110271212046027
8105;38,750;0,120085349918124
8106;38,754;0,123614028703597
8107;38,758;0,124275655975873
8108;38,762;0,138280099905718
8109;38,766;0,139493083238224
8110;38,770;0,093289445390939
8111;38,774;0,124275655975873
8112;38,779;0,0801671711574618
8113;38,783;0,077189848432219
8114;38,787;0,138941727177994
8115;38,791;0,172243633215895
8116;38,795;0,115233416588098
8117;38,799;0,0898710378175122
8118;38,803;0,144234745356204
8119;38,807;0,140706066570731
8120;38,811;0,105088465079864
8121;38,816;0,101118701446207
8122;38,820;0,146440169597124
8123;38,824;0,149417492322367
8124;38,828;0,160003528678785
8125;38,832;0,17069983624725
8126;38,836;0,173125802912263
8127;38,840;0,177205837757966
8128;38,844;0,184263195328911
8129;38,849;0,205766081677887
8130;38,853;0,216682931670443
8131;38,857;0,262666027093637
8132;38,861;0,217454830154766
8133;38,865;0,370952357322836
8134;38,869;0,450568172420067
8135;38,873;0,538233785996659
8136;38,877;0,703309790429562
8137;38,882;0,809831781266024
8138;38,886;0,861990064563795
8139;38,890;1,07922435229447
8140;38,894;1,33803088696649
8141;38,898;1,65847902917225
8142;38,902;1,84108815632047
8143;38,906;2,17245314851878
8144;38,910;2,80507909202684
8145;38,915;3,17625199177377
8146;38,919;3,89863870188729
8147;38,923;4,39066885003667
8148;38,927;5,02891862535907
8149;38,931;6,05444089738712
8150;38,935;7,03431088762812
8151;38,939;8,05795854905139
8152;38,943;9,19661908463867
8153;38,948;10,3826962414057
8154;38,952;11,6909539011198
8155;38,956;13,7222598982197
8156;38,960;15,0014059579536
8157;38,964;17,0527813156458
8158;38,968;19,0207916370313
8159;38,972;20,9915587387179
8160;38,976;22,9439105479928
8161;38,980;25,4316290917512
8162;38,985;27,6682600856807
8163;38,989;30,5591301806794
8164;38,993;33,9175502147532
8165;38,997;36,677087296205
8166;39,001;39,1143016248463
8167;39,005;42,2483197424065
8168;39,009;45,5392537947081
8169;39,013;49,5033935965507
8170;39,018;52,8183667730784
8171;39,022;55,9349620391353
8172;39,026;59,4630894685479
8173;39,030;62,3432632559781
8174;39,034;65,8990687596143
8175;39,038;69,4731792844501
8176;39,042;72,5617656626473
8177;39,046;75,1032965578841
8178;39,051;78,5427659328118
8179;39,055;82,1571254500444
8180;39,059;84,4222064166818
8181;39,063;86,5797729515744
8182;39,067;89,3776844148182
8183;39,071;90,1018354643245
8184;39,075;92,4111351869924
8185;39,079;94,7392912869202
8186;39,084;95,3218541001593
8187;39,088;95,9194137982368
8188;39,092;96,9772455353943
8189;39,096;95,8235881149688
8190;39,100;96,9666594990379
8191;39,104;95,8610803270644
8192;39,108;94,1035777494748
8193;39,112;94,8020356065744
8194;39,117;93,1652800061752
8195;39,121;91,7960423661997
8196;39,125;90,071841694648
8197;39,129;87,755153800773
8198;39,133;86,4846088955787
8199;39,137;84,3360846000739
8200;39,141;81,9606221501784
8201;39,145;79,7732823880334
8202;39,149;77,0729609474503
8203;39,154;74,5726714855186
8204;39,158;72,7903578852187
8205;39,162;70,0313721598271
8206;39,166;67,3922512419295
8207;39,170;64,9577936935894
8208;39,174;63,1451555099768
8209;39,178;59,9386892061024
8210;39,182;57,8257825120885
8211;39,187;55,8203902498194
8212;39,191;53,406773960556
8213;39,195;51,6934901389969
8214;39,199;48,7748316985626
8215;39,203;46,9255834725507
8216;39,207;45,1048954904588
8217;39,211;43,7150371338307
8218;39,215;41,6630001488661
8219;39,220;39,9821360636485
8220;39,224;38,0251528634677
8221;39,228;36,1438157147504
8222;39,232;35,4180105970635
8223;39,236;33,6656907664401
8224;39,240;32,0159231630195
8225;39,244;30,8951265637836
8226;39,248;29,9359875614073
8227;39,253;28,3412452927976
8228;39,257;27,407689211616
8229;39,261;25,9816618974367
8230;39,265;25,237110673702
8231;39,269;24,3969543091233
8232;39,273;23,123983437264
8233;39,277;22,7987936329402
8234;39,281;22,1677114864008
8235;39,286;20,7230483373858
8236;39,290;20,3302622800779
8237;39,294;19,4365141064448
8238;39,298;18,6743194887827
8239;39,302;18,3728379950488
8240;39,306;17,5577131956046
8241;39,310;16,667493700757
8242;39,314;15,9711309966864
8243;39,318;15,4140408334298
8244;39,323;14,8099751338417
8245;39,327;15,0019573140138
8246;39,331;14,3927088674595
8247;39,335;13,2644138258046
8248;39,339;13,150503663761
8249;39,343;12,709529086789
8250;39,347;12,29998180525
8251;39,351;11,8623153646393
8252;39,356;11,4073363437374
8253;39,360;11,219434198411
8254;39,364;11,0937250166785
8255;39,368;10,3058372066097
8256;39,372;10,0032530007554
8257;39,376;9,82163631451555
8258;39,380;9,48563993141131
8259;39,384;9,10432208015614
8260;39,389;8,76887705311213
8261;39,393;8,62784017290526
8262;39,397;8,4060847654807
8263;39,401;8,10118486417343
8264;39,405;8,26835602163521
8265;39,409;7,65006533569314
8266;39,413;7,32090576773575
8267;39,417;7,28848603139421
8268;39,422;7,31484085107321
8269;39,426;6,99527487856383
8270;39,430;6,74804682115663
8271;39,434;6,57359776369982
8272;39,438;6,6130748576123
8273;39,442;6,31368851690733
8274;39,446;6,16835105943067
8275;39,450;5,93942802322312
8276;39,455;5,81669616421589
8277;39,459;5,57740763407601
8278;39,463;5,62383181434739
8279;39,467;5,34032452817705
8280;39,471;5,11327610257428
8281;39,475;4,95790396480143
8282;39,479;4,95294176025936
8283;39,483;4,76051849523904
8284;39,487;4,66480308318309
8285;39,492;4,35372799400125
8286;39,496;4,30201079555166
8287;39,500;4,35670531672649
8288;39,504;4,07496236994889
8289;39,508;4,21500680924734
8290;39,512;3,97042526092926
8291;39,516;3,71613984595112
8292;39,520;3,72374855958229
8293;39,525;3,92444216550606
8294;39,529;3,71613984595112
8295;39,533;3,64688952478621
8296;39,537;3,49747203246385
8297;39,541;3,43031686432781
8298;39,545;3,41895892948707
8299;39,549;3,15849832663436
8300;39,553;3,04679358883173
8301;39,558;3,03411239944644
8302;39,562;2,87576293894834
8303;39,566;2,76659443902278
8304;39,570;2,89572202832867
8305;39,574;2,65930054970199
8306;39,578;2,76670471023482
8307;39,582;2,87102127683036
8308;39,586;2,62930678002547
8309;39,591;2,52278478918901
8310;39,595;2,79702929354748
8311;39,599;2,51539661798193
8312;39,603;2,30389643327765
8313;39,607;2,29022280298394
8314;39,611;2,21733353182152
8315;39,615;2,26044957573151
8316;39,619;2,13429930915086
8317;39,624;2,09041136675654
8318;39,628;1,97848608652982
8319;39,632;1,92919485474525
8320;39,636;1,95599075927243
8321;39,640;1,94341984109918
8322;39,644;1,99094673349102
8323;39,648;1,75474579728843
8324;39,652;2,07387068494963
8325;39,656;1,79940563816707
8326;39,661;1,8152846927017
8327;39,665;1,8569672108551
8328;39,669;1,87747765629566
8329;39,673;1,7014848018702
8330;39,677;1,77382271697239
8331;39,681;1,70567510792795
8332;39,685;1,65737631705179
8333;39,689;1,50123228079461
8334;39,694;1,40220873237728
8335;39,698;1,46318871263874
8336;39,702;1,44929453992094
8337;39,706;1,39967249450022
8338;39,710;1,38291127026923
8339;39,714;1,34828610968677
8340;39,718;1,31222742334772
8341;39,722;1,24584415369602
8342;39,727;1,25146798551036
8343;39,731;1,32722430818598
8344;39,735;1,35071207635179
8345;39,739;1,1962221082753
8346;39,743;1,20537461887512
8347;39,747;1,1825484779816
8348;39,751;1,08584062501723
8349;39,755;1,2019562113017
8350;39,760;1,14704114770278
8351;39,764;1,04691488716498
8352;39,768;0,935871776634633
8353;39,772;1,08198113259562
8354;39,776;1,04746624322521
8355;39,780;0,958477375104068
8356;39,784;0,892424919088498
8357;39,788;0,9242932993698
8358;39,793;0,863754403956531
8359;39,797;0,8909913933319
8360;39,801;0,872576100920213
8361;39,805;0,857799758506046
8362;39,809;0,878530746370699
8363;39,813;0,827916260041572
8364;39,817;0,814132358535819
8365;39,821;0,843905585788246
8366;39,825;0,780499638861781
8367;39,830;0,821851343379041
8368;39,834;0,764620584327153
8369;39,838;0,757673497968253
8370;39,842;0,695921619222478
8371;39,846;0,724702405566491
8372;39,850;0,819976732774258
8373;39,854;0,752821564638228
8374;39,858;0,740360917677027
8375;39,863;0,744110138886592
8376;39,867;0,740581460101119
8377;39,871;0,766164381295797
8378;39,875;0,603514343527907
8379;39,879;0,767156822204211
8380;39,883;0,632405401083966
8381;39,887;0,602191088983355
8382;39,891;0,646299573801766
8383;39,896;0,631412960175552
8384;39,900;0,56734538597681
8385;39,904;0,587194204145095
8386;39,908;0,634059469264657
8387;39,912;0,603404072315861
8388;39,916;0,538785142056889
8389;39,920;0,479018145127942
8390;39,924;0,65699588137023
8391;39,929;0,544739787507374
8392;39,933;0,564257792039521
8393;39,937;0,455640648174184
8394;39,941;0,612446311703635
8395;39,945;0,476812720887022
8396;39,949;0,488722011787993
8397;39,953;0,570763793550237
8398;39,957;0,572638404155019
8399;39,962;0,523898528430675
8400;39,966;0,475048381494285
8401;39,970;0,503939439050344
8402;39,974;0,542203549630316
8403;39,978;0,433145320916795
8404;39,982;0,414178672444878
8405;39,986;0,399843414878895
8406;39,990;0,377017273985367
8407;39,994;0,46854237998357
8408;39,999;0,42300036940856
8409;40,003;0,335555298256061
8410;40,007;0,376355646713091
8411;40,011;0,425095522437435
8412;40,015;0,31725027705642
8413;40,019;0,509122186016508
8414;40,023;0,420023046683318
8415;40,027;0,328828754321253
8416;40,032;0,380766495194932
8417;40,036;0,334673128559693
8418;40,040;0,395653108821146
8419;40,044;0,297511730100181
8420;40,048;0,291887898285834
8421;40,052;0,481995467853185
8422;40,056;0,408554840630531
8423;40,060;0,3885957512502
8424;40,065;0,329710924017621
8425;40,069;0,248220498315607
8426;40,073;0,368636661869869
8427;40,077;0,263327654365913
8428;40,081;0,346031063400433
8429;40,085;0,355734930060484
8430;40,089;0,330041737653759
8431;40,093;0,229805205903921
8432;40,098;0,322212481598492
8433;40,102;0,338201807345165
8434;40,106;0,329710924017621
8435;40,110;0,253182702857678
8436;40,114;0,360366320966417
8437;40,118;0,290123558893098
8438;40,122;0,33334987401514
8439;40,126;0,269061757392306
8440;40,131;0,300819866461562
8441;40,135;0,410098637599175
8442;40,139;0,320227599781663
8443;40,143;0,255277855886553
8444;40,147;0,317029734632328
8445;40,151;0,261342772549085
8446;40,155;0,237744733171235
8447;40,159;0,228371680147322
8448;40,164;0,298504171008596
8449;40,168;0,28284565889806
8450;40,172;0,363233372479614
8451;40,176;0,2414939543808
8452;40,180;0,237413919535097
8453;40,184;0,199039537743079
8454;40,188;0,221314322576377
8455;40,192;0,228261408935276
8456;40,196;0,25285188922154
8457;40,201;0,255718940734737
8458;40,205;0,289572202832867
8459;40,209;0,250977278616758
8460;40,213;0,258475721035888
8461;40,217;0,268730943756168
8462;40,221;0,247007514983101
8463;40,225;0,284830540714888
8464;40,229;0,288138677076269
8465;40,234;0,279316980112587
8466;40,238;0,245794531650595
8467;40,242;0,197164927138297
8468;40,246;0,215139134701799
8469;40,250;0,205655810465841
8470;40,254;0,241383683168754
8471;40,258;0,2345468680219
8472;40,262;0,255057313462461
8473;40,267;0,21789591500295
8474;40,271;0,263327654365913
8475;40,275;0,200473063499677
8476;40,279;0,228923036207552
8477;40,283;0,243037751349444
8478;40,287;0,262335213457499
8479;40,291;0,222196492272745
8480;40,295;0,256821652855197
8481;40,300;0,187461060478246
8482;40,304;0,2414939543808
8483;40,308;0,197275198350343
8484;40,312;0,219219169547502
8485;40,316;0,232341443780979
8486;40,320;0,198157368046711
8487;40,324;0,183491296844589
8488;40,328;0,200914148347862
8489;40,333;0,205214725617657
8490;40,337;0,304348545247035
8491;40,341;0,159893257466739
8492;40,345;0,184704280177096
8493;40,349;0,213926151369293
8494;40,353;0,165186275644949
8495;40,357;0,154489968076484
8496;40,361;0,218226728639088
8497;40,365;0,181285872603669
8498;40,370;0,212933710460879
8499;40,374;0,140044439298455
8500;40,378;0,170038208974974
8501;40,382;0,179742075635024
8502;40,386;0,163091122616074
8503;40,390;0,195510858957606
8504;40,394;0,189556213507121
8505;40,398;0,183711839268681
8506;40,403;0,218778084699318
8507;40,407;0,181726957451853
8508;40,411;0,187681602902338
8509;40,415;0,285933252835349
8510;40,419;0,229915477115967
8511;40,423;0,131774098395003
8512;40,427;0,152284543835564
8513;40,431;0,184924822601188
8514;40,436;0,201906589256276
8515;40,440;0,169486852914744
8516;40,444;0,162319224131752
8517;40,448;0,160224071102878
8518;40,452;0,241604225592846
8519;40,456;0,184263195328911
8520;40,460;0,167281428673823
8521;40,464;0,180293431695254
8522;40,469;0,223850560453435
8523;40,473;0,159562443830601
8524;40,477;0,212272083188602
8525;40,481;0,182057771087991
8526;40,485;0,195841672593744
8527;40,489;0,224732730149803
8528;40,493;0,263989281638189
8529;40,497;0,174890142304999
8530;40,502;0,162870580191982
8531;40,506;0,16044461352697
8532;40,510;0,175992854425459
8533;40,514;0,194518418049192
8534;40,518;0,178418821090472
8535;40,522;0,183932381692773
8536;40,526;0,237634461959189
8537;40,530;0,150409933230781
8538;40,534;0,145006643840526
8539;40,539;0,118100468101295
8540;40,543;0,177426380182058
8541;40,547;0,204883911981519
8542;40,551;0,148976407474183
8543;40,555;0,22815113772323
8544;40,559;0,133097352939555
8545;40,563;0,151843458987379
8546;40,567;0,112586907498994
8547;40,572;0,17069983624725
8548;40,576;0,189776755931213
8549;40,580;0,200362792287631
8550;40,584;0,165076004432903
8551;40,588;0,152505086259656
8552;40,592;0,172353904427941
8553;40,596;0,174228515032723
8554;40,600;0,16265003776789
8555;40,605;0,143573118083927
8556;40,609;0,124716740824057
8557;40,613;0,158128918074003
8558;40,617;0,189887027143259
8559;40,621;0,179521533210932
8560;40,625;0,0696914060130892
8561;40,629;0,05689994541575
8562;40,633;0,177867465030242
8563;40,638;0,229143578631645
8564;40,642;0,121077790826538
8565;40,646;0,214587778641569
8566;40,650;0,152725628683748
8567;40,654;0,163421936252212
8568;40,658;0,213595337733155
8569;40,662;0,12934813172999
8570;40,666;0,137177387785258
8571;40,671;0,157026205953543
8572;40,675;0,151622916563287
8573;40,679;0,144675830204388
8574;40,683;0,143903931720066
8575;40,687;0,154710510500576
8576;40,691;0,120967519614492
8577;40,695;0,126150266580655
8578;40,699;0,169376581702698
8579;40,703;0,175992854425459
8580;40,708;0,157467290801727
8581;40,712;0,197275198350343
8582;40,716;0,173015531700217
8583;40,720;0,122070231734952
8584;40,724;0,171912819579756
8585;40,728;0,166619801401547
8586;40,732;0,158570002922187
8587;40,736;0,141477965055053
8588;40,741;0,177316108970012
8589;40,745;0,165627360493133
8590;40,749;0,176323668061598
8591;40,753;0,153718069592162
8592;40,757;0,161767868071522
8593;40,761;0,202678487740598
8594;40,765;0,124165384763827
8595;40,769;0,127032436277023
8596;40,774;0,135302777180475
8597;40,778;0,122731859007228
8598;40,782;0,146881254445308
8599;40,786;0,0867834438802234
8600;40,790;0,135192505968429
8601;40,794;0,128907046881806
8602;40,798;0,141808778691191
8603;40,802;0,151733187775333
8604;40,807;0,16959712412679
8605;40,811;0,0995749044775626
8606;40,815;0,163311665040166
8607;40,819;0,0813801544899681
8608;40,823;0,0561280469314279
8609;40,827;0,121188062038584
8610;40,831;0,106963075684646
8611;40,835;0,135192505968429
8612;40,840;0,109389042349659
8613;40,844;0,12350375749155
8614;40,848;0,179521533210932
8615;40,852;0,148755865050091
8616;40,856;0,177205837757966
8617;40,860;0,135854133240706
8618;40,864;0,0968181241764119
8619;40,868;0,0985824635691483
8620;40,872;0,119975078706078
8621;40,877;0,0779617469165412
8622;40,881;0,129568674154082
8623;40,885;0,0977002938727801
8624;40,889;0,123172943855412
8625;40,893;0,0969283953884579
8626;40,897;0,133317895363647
8627;40,901;0,142029321115283
8628;40,905;0,0992440908414245
8629;40,910;0,100567345385977
8630;40,914;0,101559786294391
8631;40,918;0,171361463519526
8632;40,922;0,166178716553363
8633;40,926;0,124275655975873
8634;40,930;0,101449515082345
8635;40,934;0,11435124689173
8636;40,938;0,175331227153183
8637;40,943;0,056569131779612
8638;40,947;0,11324853477127
8639;40,951;0,152505086259656
8640;40,955;0,104206295383496
8641;40,959;0,137067116573212
8642;40,963;0,0631854045023736
8643;40,967;0,134310336272061
8644;40,971;0,126481080216793
8645;40,976;0,0602080817771309
8646;40,980;0,157246748377635
8647;40,984;0,140154710510501
8648;40,988;0,157467290801727
8649;40,992;0,153938612016254
8650;40,996;0,129458402942036
8651;41,000;0,0778514757044952
8652;41,004;0,0986927347811943
8653;41,009;0,089319681757282
8654;41,013;0,137508201421396
8655;41,017;0,0982516499330102
8656;41,021;0,147542881717584
8657;41,025;0,147873695353722
8658;41,029;0,161326783223338
8659;41,033;0,11490260295196
8660;41,037;0,147432610505538
8661;41,041;0,159893257466739
8662;41,046;0,117769654465157
8663;41,050;0,106411719624416
8664;41,054;0,139823896874363
8665;41,058;0,0874450711524996
8666;41,062;0,0799466287333697
8667;41,066;0,107514431744877
8668;41,070;0,1207469771904
8669;41,074;0,126150266580655
8670;41,079;0,138610913541856
8671;41,083;0,0905326650897883
8672;41,087;0,148314780201907
8673;41,091;0,124055113551781
8674;41,095;0,121408604462676
8675;41,099;0,102331684778713
8676;41,103;0,136184946876844
8677;41,107;0,134861692332291
8678;41,112;0,118762095373571
8679;41,116;0,128135148397484
8680;41,120;0,132325454455233
8681;41,124;0,136956845361166
8682;41,128;0,163421936252212
8683;41,132;0,130671386274542
8684;41,136;0,0993543620534705
8685;41,140;0,110160940833981
8686;41,145;0,130120030214312
8687;41,149;0,0817109681261062
8688;41,153;0,0870039863043155
8689;41,157;0,128024877185438
8690;41,161;0,0904223938777423
8691;41,165;0,144565558992342
8692;41,169;0,142580677175513
8693;41,173;0,0986927347811943
8694;41,178;0,0806082560056459
8695;41,182;0,133207624151601
8696;41,186;0,113027992347178
8697;41,190;0,118541552949479
8698;41,194;0,0830342226706585
8699;41,198;0,132545996879325
8700;41,202;0,127363249913161
8701;41,206;0,124385927187919
8702;41,210;0,103985752959404
8703;41,215;0,128686504457714
8704;41,219;0,144455287780296
8705;41,223;0,172353904427941
8706;41,227;0,12295240143132
8707;41,231;0,0916353772102486
8708;41,235;0,142249863539375
8709;41,239;0,089209410545236
8710;41,243;0,106632262048508
8711;41,248;0,0832547650947505
8712;41,252;0,137177387785258
8713;41,256;0,143683389295973
8714;41,260;0,16044461352697
8715;41,264;0,122731859007228
8716;41,268;0,106963075684646
8717;41,272;0,100898159022115
8718;41,276;0,115895043860375
8719;41,281;0,174338786244769
8720;41,285;0,0788439166129095
8721;41,289;0,132656268091371
8722;41,293;0,0961564969041357
8723;41,297;0,0948332423595834
8724;41,301;0,106742533260554
8725;41,305;0,13155355597091
8726;41,309;0,151181831715103
8727;41,314;0,0885477832729599
8728;41,318;0,0802774423695078
8729;41,322;0,0886580544850059
8730;41,326;0,16209868170766
8731;41,330;0,116777213556743
8732;41,334;0,107293889320784
8733;41,338;0,0835855787308886
8734;41,342;0,119423722645847
8735;41,347;0,14434501656825
8736;41,351;0,145006643840526
8737;41,355;0,136956845361166
8738;41,359;0,127252978701115
8739;41,363;0,127363249913161
8740;41,367;0,101559786294391
8741;41,371;0,135413048392521
8742;41,375;0,0999057181137007
8743;41,379;0,127032436277023
8744;41,384;0,123062672643366
8745;41,388;0,0495117742086662
8746;41,392;0,0864526302440853
8747;41,396;0,0938408014511692
8748;41,400;0,154489968076484
8749;41,404;0,115564230224237
8750;41,408;0,129017318093852
8751;41,412;0,174338786244769
8752;41,417;0,0693605923769511
8753;41,421;0,0623032348060054
8754;41,425;0,089209410545236
8755;41,429;0,111704737802626
8756;41,433;0,0646189302589719
8757;41,437;0,12240104537109
8758;41,441;0,115343687800144
8759;41,445;0,145006643840526
8760;41,450;0,0960462256920897
8761;41,454;0,0969283953884579
8762;41,458;0,0746536105551604
8763;41,462;0,102993312050989
8764;41,466;0,0846882908513489
8765;41,470;0,0803877135815538
8766;41,474;0,151843458987379
8767;41,478;0,138610913541856
8768;41,483;0,0957154120559516
8769;41,487;0,11964426506994
8770;41,491;0,206758522586301
8771;41,495;0,18459400896505
8772;41,499;0,173566887760447
8773;41,503;0,21039747258382
8774;41,507;0,0840266635790727
8775;41,511;0,0910840211500185
8776;41,516;0,121518875674722
8777;41,520;0,163642478676304
8778;41,524;0,0625237772300974
8779;41,528;0,0907532075138804
8780;41,532;0,116336128708559
8781;41,536;0,155813222621036
8782;41,540;0,132215183243187
8783;41,544;0,0846882908513489
8784;41,548;0,133869251423877
8785;41,553;0,0964873105402738
8786;41,557;0,165958174129271
8787;41,561;0,0686989651046749
8788;41,565;0,138721184753902
8789;41,569;0,117108027192881
8790;41,573;0,118541552949479
8791;41,577;0,138941727177994
8792;41,581;0,124055113551781
8793;41,586;0,102552227202805
8794;41,590;0,101890599930529
8795;41,594;0,171140921095434
8796;41,598;0,0798363575213237
8797;41,602;0,120857248402446
8798;41,606;0,0921867332704787
8799;41,610;0,163421936252212
8800;41,614;0,0925175469066168
8801;41,619;0,143683389295973
8802;41,623;0,159672715042647
8803;41,627;0,103985752959404
8804;41,631;0,120967519614492
8805;41,635;0,0744330681310684
8806;41,639;0,0857910029718092
8807;41,643;0,180293431695254
8808;41,647;0,0938408014511692
8809;41,652;0,0511658423893566
8810;41,656;0,120526434766308
8811;41,660;0,104537109019634
8812;41,664;0,144675830204388
8813;41,668;0,0564588605675659
8814;41,672;0,126039995368609
8815;41,676;0,120967519614492
8816;41,680;0,16265003776789
8817;41,685;0,158570002922187
8818;41,689;0,100236531749839
8819;41,693;0,109278771137613
8820;41,697;0,123062672643366
8821;41,701;0,0638470317746498
8822;41,705;0,106080905988278
8823;41,709;0,138390371117764
8824;41,713;0,0946126999354913
8825;41,717;0,112917721135132
8826;41,722;0,0882169696368218
8827;41,726;0,121739418098814
8828;41,730;0,105860363564186
8829;41,734;0,0953845984198135
8830;41,738;0,10575009235214
8831;41,742;0,120857248402446
8832;41,746;0,0797260863092777
8833;41,750;0,139493083238224
8834;41,755;0,0951640559957215
8835;41,759;0,0899813090295582
8836;41,763;0,114240975679684
8837;41,767;0,0673757105601226
8838;41,771;0,0917456484222946
8839;41,775;0,141588236267099
8840;41,779;0,127473521125207
8841;41,783;0,123614028703597
8842;41,788;0,131884369607049
8843;41,792;0,137287658997304
8844;41,796;0,167943055946099
8845;41,800;0,0738817120708382
8846;41,804;0,0872245287284075
8847;41,808;0,144455287780296
8848;41,812;0,0834753075188426
8849;41,816;0,129017318093852
8850;41,821;0,0773001196442651
8851;41,825;0,118100468101295
8852;41,829;0,110491754470119
8853;41,833;0,0855704605477171
8854;41,837;0,0685886938926289
8855;41,841;0,128135148397484
8856;41,845;0,0993543620534705
8857;41,849;0,100898159022115
8858;41,854;0,118321010525387
8859;41,858;0,177536651394104
8860;41,862;0,184704280177096
8861;41,866;0,230687375600289
8862;41,870;0,148755865050091
8863;41,874;0,176433939273644
8864;41,878;0,188674043810753
8865;41,882;0,312729157362533
8866;41,886;0,284168913442612
8867;41,891;0,245794531650595
8868;41,895;0,385287614888819
8869;41,899;0,423661996680837
8870;41,903;0,470968346648582
8871;41,907;0,540218667813487
8872;41,911;0,691290228316545
8873;41,915;0,697355144979076
8874;41,919;0,912273737256783
8875;41,924;1,26668541277271
8876;41,928;1,4420166399259
8877;41,932;1,57037233074747
8878;41,936;1,90217840779397
8879;41,940;2,14874483792889
8880;41,944;2,52454912858175
8881;41,948;3,1253066918085
8882;41,952;3,38245915829984
8883;41,957;4,03747015785324
8884;41,961;4,5979787286832
8885;41,965;5,19917737675814
8886;41,969;5,65459748250823
8887;41,973;6,42826030622316
8888;41,977;7,09484978304139
8889;41,981;8,06666997480303
8890;41,985;8,94134122875212
8891;41,990;9,78811386605356
8892;41,994;10,2647060445165
8893;41,998;11,0308704258123
8894;42,002;12,4602058763529
8895;42,006;13,1577815637561
8896;42,010;14,0025693192407
8897;42,014;15,1111258139394
8898;42,018;16,1261723208231
8899;42,023;16,8493309294209
8900;42,027;18,2596997314896
8901;42,031;19,0755964294182
8902;42,035;20,0046313909059
8903;42,039;20,5577517905288
8904;42,043;21,4061784960109
8905;42,047;22,6012978921658
8906;42,051;23,1019291948547
8907;42,055;23,3938170931406
8908;42,060;24,3751206091382
8909;42,064;25,2833143115493
8910;42,068;25,450485469011
8911;42,072;25,7724774081854
8912;42,076;25,8859464853808
8913;42,080;26,9319792028494
8914;42,084;26,5180210728286
8915;42,088;26,8407849104873
8916;42,093;26,6379961515347
8917;42,097;26,4454626153023
8918;42,101;26,5840735288442
8919;42,105;26,0909406685744
8920;42,109;25,8065512127077
8921;42,113;25,550942543185
8922;42,117;25,2550848812655
8923;42,121;24,5523264468961
8924;42,126;24,6123139862492
8925;42,130;23,9483710185201
8926;42,134;23,6786476338555
8927;42,138;22,5591742891642
8928;42,142;22,2445705211969
8929;42,146;21,9289743123212
8930;42,150;21,0951034068291
8931;42,154;20,8765458645539
8932;42,159;20,0566794029917
8933;42,163;19,2199414459864
8934;42,167;19,005684480981
8935;42,171;18,2926708238914
8936;42,175;17,8783818802344
8937;42,179;16,7699356567478
8938;42,183;16,0267076875575
8939;42,187;15,6076770817826
8940;42,192;15,3511862425636
8941;42,196;14,4575483401426
8942;42,200;14,2035937388006
8943;42,204;13,6686680891653
8944;42,208;13,2167766622007
8945;42,212;12,4810471354296
8946;42,216;12,1722877417007
8947;42,220;11,7770757177278
8948;42,224;11,3744755225477
8949;42,229;10,8277508532235
8950;42,233;10,5929834427775
8951;42,237;9,79098091756676
8952;42,241;9,57782666468179
8953;42,245;9,51750831169261
8954;42,249;8,84849286820936
8955;42,253;8,63611051380871
8956;42,257;8,24597096558987
8957;42,262;7,89608040976782
8958;42,266;7,55931212817926
8959;42,270;7,37515920406239
8960;42,274;6,72632339238357
8961;42,278;6,73988675146523
8962;42,282;6,34280011688749
8963;42,286;6,21808337606343
8964;42,290;6,20121188062039
8965;42,295;5,9676574535069
8966;42,299;5,70785847792646
8967;42,303;5,31904218425217
8968;42,307;5,01789150415447
8969;42,311;5,20336768281589
8970;42,315;4,98326634357202
8971;42,319;4,61937134382013
8972;42,323;4,51218772571139
8973;42,328;4,40731980305562
8974;42,332;4,35174311218442
8975;42,336;4,11223403962045
8976;42,340;3,90205710946072
8977;42,344;3,74050978381329
8978;42,348;3,86963737311919
8979;42,352;3,78958047317377
8980;42,356;3,55933418242167
8981;42,361;3,25123641596507
8982;42,365;3,13269486301559
8983;42,369;3,23480600537021
8984;42,373;2,97721245403069
8985;42,377;2,77387233901781
8986;42,381;2,8866797889409
8987;42,385;2,83165445412993
8988;42,389;2,73450551631738
8989;42,393;2,54693418462709
8990;42,398;2,60427521489102
8991;42,402;2,43489863318833
8992;42,406;2,32220145447729
8993;42,410;2,36333261657046
8994;42,414;2,2843784287455
8995;42,418;2,13451985157495
8996;42,422;2,20377017273985
8997;42,426;2,11489157583076
8998;42,431;2,02391782589278
8999;42,435;1,93691383958847
9000;42,439;1,99535758197286
9001;42,443;2,07728909252306
9002;42,447;1,85641585479487
9003;42,451;1,76489074879667
9004;42,455;1,7709556654592
9005;42,459;1,67248347310209
9006;42,464;1,39162269602086
9007;42,468;1,49296193989116
9008;42,472;1,61701705344294
9009;42,476;1,43892904598861
9010;42,480;1,38247018542104
9011;42,484;1,35159424604816
9012;42,488;1,35302777180475
9013;42,492;1,34685258393018
9014;42,497;1,24760849308875
9015;42,501;1,25643019005243
9016;42,505;1,13380860225725
9017;42,509;1,24165384763827
9018;42,513;1,16975701738426
9019;42,517;1,26878056580159
9020;42,521;0,981524058421688
9021;42,525;1,19125990373323
9022;42,530;1,02364766142327
9023;42,534;1,11517276742147
9024;42,538;0,953074085713813
9025;42,542;1,08749469319792
9026;42,546;1,00446047052726
9027;42,550;0,937084759967139
9028;42,554;0,878861560006837
9029;42,558;0,879523187279113
9030;42,562;0,808177713085333
9031;42,567;0,952191916017445
9032;42,571;0,762304888874186
9033;42,575;0,803105237331216
9034;42,579;0,944472931174223
9035;42,583;0,717645047995545
9036;42,587;0,647622828346318
9037;42,591;0,654680185917264
9038;42,595;0,676513885902377
9039;42,600;0,684784226805829
9040;42,604;0,728120813139918
9041;42,608;0,651702863192021
9042;42,612;0,684784226805829
9043;42,616;0,551135517806044
9044;42,620;0,669346257119385
9045;42,624;0,71334447072575
9046;42,628;0,530073716305253
9047;42,633;0,544739787507374
9048;42,637;0,514415204194717
9049;42,641;0,600757563226756
9050;42,645;0,450457901208021
9051;42,649;0,596567257169007
9052;42,653;0,53404347993891
9053;42,657;0,411973248203958
9054;42,661;0,554553925379471
9055;42,666;0,504159981474436
9056;42,670;0,492581504209604
9057;42,674;0,366872322477133
9058;42,678;0,386500598221325
9059;42,682;0,532389411758219
9060;42,686;0,41219379062805
9061;42,690;0,486626858759118
9062;42,694;0,475710008766561
9063;42,699;0,268841214968214
9064;42,703;0,32585143159601
9065;42,707;0,484531705730244
9066;42,711;0,424985251225389
9067;42,715;0,332026619470588
9068;42,719;0,380215139134702
9069;42,723;0,355734930060484
9070;42,727;0,316037293723914
9071;42,731;0,241714496804892
9072;42,736;0,293321424042432
9073;42,740;0,409988366387129
9074;42,744;0,324417905839412
9075;42,748;0,397086634577744
9076;42,752;0,280640234657139
9077;42,756;0,333129331591048
9078;42,760;0,474717567858147
9079;42,764;0,289682474044913
9080;42,769;0,368195577021685
9081;42,773;0,326843872504425
9082;42,777;0,302032849794069
9083;42,781;0,384956801252681
9084;42,785;0,377127545197413
9085;42,789;0,291226271013558
9086;42,793;0,268620672544122
9087;42,797;0,236972834686912
9088;42,802;0,357278727029128
9089;42,806;0,332688246742864
9090;42,810;0,240391242260339
9091;42,814;0,256270296794967
9092;42,818;0,301040408885654
9093;42,822;0,287256507379901
9094;42,826;0,389808734582706
9095;42,830;0,320999498265985
9096;42,835;0,329159567957391
9097;42,839;0,268841214968214
9098;42,843;0,271597995269365
9099;42,847;0,270826096785043
9100;42,851;0,249323210436068
9101;42,855;0,30920047857706
9102;42,859;0,298283628584504
9103;42,863;0,297732272524273
9104;42,868;0,279978607384863
9105;42,872;0,261342772549085
9106;42,876;0,330262280077851
9107;42,880;0,280750505869185
9108;42,884;0,285822981623303
9109;42,888;0,30004796797724
9110;42,892;0,264650908910465
9111;42,896;0,244361005893996
9112;42,900;0,220321881667962
9113;42,905;0,288800304348545
9114;42,909;0,207640692282669
9115;42,913;0,185255636237326
9116;42,917;0,2678487740598
9117;42,921;0,239288530139879
9118;42,925;0,305340986155449
9119;42,929;0,310523733121613
9120;42,933;0,20929476046336
9121;42,938;0,257262737703381
9122;42,942;0,339304519465626
9123;42,946;0,23564958014236
9124;42,950;0,237303648323051
9125;42,954;0,383523275496083
9126;42,958;0,271708266481411
9127;42,962;0,277111555871666
9128;42,966;0,189997298355305
9129;42,971;0,33334987401514
9130;42,975;0,0957154120559516
9131;42,979;0,260019518004532
9132;42,983;0,169707395338836
9133;42,987;0,227599781663
9134;42,991;0,206758522586301
9135;42,995;0,183050211996405
9136;42,999;0,203891471073104
9137;43,004;0,170920378671342
9138;43,008;0,218006186214996
9139;43,012;0,190107569567351
9140;43,016;0,242927480137398
9141;43,020;0,186689161993924
9142;43,024;0,203340115012874
9143;43,028;0,231128460448473
9144;43,032;0,125929724156563
9145;43,037;0,220983508940239
9146;43,041;0,225725171058218
9147;43,045;0,175551769577275
9148;43,049;0,255498398310645
9149;43,053;0,183381025632543
9150;43,057;0,237524190747143
9151;43,061;0,0928483605427549
9152;43,065;0,169817666550882
9153;43,069;0,167722513522007
9154;43,074;0,241052869532615
9155;43,078;0,220873237728193
9156;43,082;0,181285872603669
9157;43,086;0,140044439298455
9158;43,090;0,241052869532615
9159;43,094;0,113138263559224
9160;43,098;0,108396601441245
9161;43,102;0,134641149908199
9162;43,107;0,216793202882489
9163;43,111;0,163642478676304
9164;43,115;0,146329898385078
9165;43,119;0,165737631705179
9166;43,123;0,20289903016469
9167;43,127;0,166509530189501
9168;43,131;0,158018646861957
9169;43,135;0,14655044080917
9170;43,140;0,122180502946998
9171;43,144;0,0988030059932404
9172;43,148;0,205876352889933
9173;43,152;0,107845245381015
9174;43,156;0,204663369557427
9175;43,160;0,140706066570731
9176;43,164;0,149968848382597
9177;43,168;0,16904576806656
9178;43,173;0,1942978756251
9179;43,177;0,145227186264618
9180;43,181;0,148976407474183
9181;43,185;0,16154732564743
9182;43,189;0,183050211996405
9183;43,193;0,13960335445027
9184;43,197;0,125709181732471
9185;43,201;0,212823439248833
9186;43,206;0,0707941181335495
9187;43,210;0,103765210535312
9188;43,214;0,167171157461777
9189;43,218;0,104757651443726
9190;43,222;0,137728743845488
9191;43,226;0,144234745356204
9192;43,230;0,118321010525387
9193;43,234;0,130561115062496
9194;43,238;0,158239189286049
9195;43,243;0,108065787805107
9196;43,247;0,137287658997304
9197;43,251;0,120085349918124
9198;43,255;0,0981413787209642
9199;43,259;0,143683389295973
9200;43,263;0,124385927187919
9201;43,267;0,143242304447789
9202;43,271;0,204663369557427
9203;43,276;0,165958174129271
9204;43,280;0,139934168086409
9205;43,284;0,106521990836462
9206;43,288;0,147873695353722
9207;43,292;0,132325454455233
9208;43,296;0,108617143865337
9209;43,300;0,0686989651046749
9210;43,304;0,188343230174614
9211;43,309;0,117990196889249
9212;43,313;0,089209410545236
9213;43,317;0,0921867332704787
9214;43,321;0,166509530189501
9215;43,325;0,0922970044825248
9216;43,329;0,122180502946998
9217;43,333;0,14655044080917
9218;43,337;0,127142707489069
9219;43,342;0,112366365074902
9220;43,346;0,0958256832679976
9221;43,350;0,143462846871881
9222;43,354;0,147873695353722
9223;43,358;0,10354466811122
9224;43,362;0,072889271162424
9225;43,366;0,168825225642468
9226;43,370;0,0830342226706585
9227;43,375;0,124827012036103
9228;43,379;0,133869251423877
9229;43,383;0,0746536105551604
9230;43,387;0,0830342226706585
9231;43,391;0,171140921095434
9232;43,395;0,081159612065876
9233;43,399;0,132325454455233
9234;43,403;0,100126260537793
9235;43,407;0,123393486279504
9236;43,412;0,15294617110784
9237;43,416;0,142690948387559
9238;43,420;0,0820417817622442
9239;43,424;0,0960462256920897
9240;43,428;0,0759768650997127
9241;43,432;0,160224071102878
9242;43,436;0,103875481747358
9243;43,440;0,0886580544850059
9244;43,445;0,116115586284467
9245;43,449;0,11435124689173
9246;43,453;0,159231630194463
9247;43,457;0,182719398360267
9248;43,461;0,111263652954441
9249;43,465;0,0513863848134487
9250;43,469;0,168163598370191
9251;43,473;0,0749844241912985
9252;43,478;0,0814904257020141
9253;43,482;0,0671551681360306
9254;43,486;0,0787336454008634
9255;43,490;0,119092909009709
9256;43,494;0,125157825672241
9257;43,498;0,116997755980835
9258;43,502;0,0749844241912985
9259;43,506;0,145227186264618
9260;43,511;0,119975078706078
9261;43,515;0,0959359544800437
9262;43,519;0,106521990836462
9263;43,523;0,11435124689173
9264;43,527;0,0700222196492273
9265;43,531;0,0828136802465664
9266;43,535;0,115564230224237
9267;43,539;0,0522685545098169
9268;43,544;0,100346802961885
9269;43,548;0,0807185272176919
9270;43,552;0,135854133240706
9271;43,556;0,109609584773751
9272;43,560;0,0958256832679976
9273;43,564;0,109278771137613
9274;43,568;0,13100219991068
9275;43,572;0,0927380893307089
9276;43,576;0,105419278716002
9277;43,581;0,148645593838045
9278;43,585;0,162319224131752
9279;43,589;0,0798363575213237
9280;43,593;0,0875553423645456
9281;43,597;0,0560177757193818
9282;43,601;0,138059557481626
9283;43,605;0,10630144841237
9284;43,609;0,142690948387559
9285;43,614;0,12989948779022
9286;43,618;0,085129375699533
9287;43,622;0,1207469771904
9288;43,626;0,102331684778713
9289;43,630;0,171030649883388
9290;43,634;0,0776309332804032
9291;43,638;0,0513863848134487
9292;43,642;0,109719855985797
9293;43,647;0,1207469771904
9294;43,651;0,114571789315822
9295;43,655;0,149748305958505
9296;43,659;0,116887484768789
9297;43,663;0,0868937150922694
9298;43,667;0,13629521808889
9299;43,671;0,126039995368609
9300;43,675;0,138169828693672
9301;43,680;0,108837686289429
9302;43,684;0,159893257466739
9303;43,688;0,0709043893455955
9304;43,692;0,129017318093852
9305;43,696;0,0597669969289467
9306;43,700;0,157246748377635
9307;43,704;0,154379696864438
9308;43,708;0,155923493833082
9309;43,713;0,0691400499528591
9310;43,717;0,134861692332291
9311;43,721;0,0629648620782815
9312;43,725;0,125378368096333
9313;43,729;0,147873695353722
9314;43,733;0,0942818862993533
9315;43,737;0,200252521075585
9316;43,741;0,129458402942036
9317;43,745;0,109830127197843
9318;43,750;0,0856807317597631
9319;43,754;0,120857248402446
9320;43,758;0,128576233245668
9321;43,762;0,104757651443726
9322;43,766;0,119975078706078
9323;43,770;0,0425646878497665
9324;43,774;0,0900915802416042
9325;43,778;0,101118701446207
9326;43,783;0,141808778691191
9327;43,787;0,128135148397484
9328;43,791;0,0828136802465664
9329;43,795;0,130671386274542
9330;43,799;0,085239646911579
9331;43,803;0,137067116573212
9332;43,807;0,0686989651046749
9333;43,811;0,0748741529792525
9334;43,816;0,0733303560106081
9335;43,820;0,118100468101295
9336;43,824;0,115233416588098
9337;43,828;0,081159612065876
9338;43,832;0,131112471122726
9339;43,836;0,134751421120245
9340;43,840;0,073109813586516
9341;43,844;0,0664935408637544
9342;43,849;0,134751421120245
9343;43,853;0,101449515082345
9344;43,857;0,0315375666451638
9345;43,861;0,167501971097915
9346;43,865;0,0597669969289467
9347;43,869;0,101339243870299
9348;43,873;0,101008430234161
9349;43,877;0,0897607666054662
9350;43,882;0,127032436277023
9351;43,886;0,0929586317548009
9352;43,890;0,0835855787308886
9353;43,894;0,0760871363117588
9354;43,898;0,10575009235214
9355;43,902;0,112476636286948
9356;43,906;0,0993543620534705
9357;43,910;0,119975078706078
9358;43,914;0,0988030059932404
9359;43,919;0,135743862028659
9360;43,923;0,120085349918124
9361;43,927;0,0761974075238048
9362;43,931;0,0838061211549807
9363;43,935;0,0521582832977709
9364;43,939;0,122180502946998
9365;43,943;0,0824828666104283
9366;43,947;0,131112471122726
9367;43,952;0,076859034796081
9368;43,956;0,0870039863043155
9369;43,960;0,112917721135132
9370;43,964;0,112917721135132
9371;43,968;0,0570102166277961
9372;43,972;0,108176059017153
9373;43,976;0,0260240060428624
9374;43,980;0,0661627272276163
9375;43,985;0,0802774423695078
9376;43,989;0,0964873105402738
9377;43,993;0,0661627272276163
9378;43,997;0,0885477832729599
9379;44,001;0,127252978701115
9380;44,005;0,112366365074902
9381;44,009;0,0423441454256744
9382;44,013;0,0396976363365698
9383;44,018;0,0782925605526793
9384;44,022;0,0704633044974114
9385;44,026;0,0753152378274366
9386;44,030;0,169156039278606
9387;44,034;0,119533993857893
9388;44,038;0,0512761136014027
9389;44,042;0,138721184753902
9390;44,046;0,069029778740813
9391;44,051;0,0859012741838552
9392;44,055;0,0553561484471057
9393;44,059;0,0764179499478969
9394;44,063;0,103654939323266
9395;44,067;0,0481885196641139
9396;44,071;0,0862320878199933
9397;44,075;0,0952743272077675
9398;44,079;0,104426837807588
9399;44,083;0,103875481747358
9400;44,088;0,0982516499330102
9401;44,092;0,0779617469165412
9402;44,096;0,0807185272176919
9403;44,100;0,0636264893505577
9404;44,104;0,0712352029817336
9405;44,108;0,12019562113017
9406;44,112;0,0711249317696876
9407;44,116;0,102772769626897
9408;44,121;0,130891928698634
9409;44,125;0,121408604462676
9410;44,129;0,0592156408687166
9411;44,133;0,10409602417145
9412;44,137;0,0451009257268251
9413;44,141;0,119975078706078
9414;44,145;0,0833650363067966
9415;44,149;0,101339243870299
9416;44,154;0,0953845984198135
9417;44,158;0,116336128708559
9418;44,162;0,0859012741838552
9419;44,166;0,105309007503956
9420;44,170;0,0977002938727801
9421;44,174;0,0686989651046749
9422;44,178;0,0854601893356711
9423;44,182;0,108617143865337
9424;44,187;0,0847985620633949
9425;44,191;0,143132033235743
9426;44,195;0,0978105650848261
9427;44,199;0,112476636286948
9428;44,203;0,118100468101295
9429;44,207;0,136405489300936
9430;44,211;0,122070231734952
9431;44,215;0,0927380893307089
9432;44,220;0,120636705978354
9433;44,224;0,106632262048508
9434;44,228;0,10464738023168
9435;44,232;0,160554884739016
9436;44,236;0,0635162181385117
9437;44,240;0,111043110530349
9438;44,244;0,130891928698634
9439;44,248;0,115895043860375
9440;44,252;0,0686989651046749
9441;44,257;0,085129375699533
9442;44,261;0,0761974075238048
9443;44,265;0,0786233741888174
9444;44,269;0,113358805983316
9445;44,273;0,133648708999785
9446;44,277;0,123944842339735
9447;44,281;0,0883272408488678
9448;44,285;0,132104912031141
9449;44,290;0,159231630194463
9450;44,294;0,139493083238224
9451;44,298;0,0853499181236251
9452;44,302;0,0871142575163615
9453;44,306;0,060979980261453
9454;44,310;0,115343687800144
9455;44,314;0,0962667681161817
9456;44,318;0,0540328939025533
9457;44,323;0,0379332969438334
9458;44,327;0,114571789315822
9459;44,331;0,10409602417145
9460;44,335;0,0551356060230136
9461;44,339;0,112035551438764
9462;44,343;0,127473521125207
9463;44,347;0,153276984743978
9464;44,351;0,168825225642468
9465;44,356;0,146770983233262
9466;44,360;0,0748741529792525
9467;44,364;0,0859012741838552
9468;44,368;0,0967078529643659
9469;44,372;0,0674859817721686
9470;44,376;0,0941716150873072
9471;44,380;0,0957154120559516
9472;44,384;0,122180502946998
9473;44,389;0,0788439166129095
9474;44,393;0,0789541878249555
9475;44,397;0,107073346896692
9476;44,401;0,0763076787358508
9477;44,405;0,100457074173931
9478;44,409;0,11269717871104
9479;44,413;0,0897607666054662
9480;44,417;0,142360134751421
9481;44,421;0,147212068081446
9482;44,426;0,13045084385045
9483;44,430;0,117879925677203
9484;44,434;0,0802774423695078
9485;44,438;0,147322339293492
9486;44,442;0,0983619211450563
9487;44,446;0,122842130219274
9488;44,450;0,107404160532831
9489;44,454;0,0979208362968722
9490;44,459;0,121629146886768
9491;44,463;0,176213396849551
9492;44,467;0,0830342226706585
9493;44,471;0,0875553423645456
9494;44,475;0,0969283953884579
9495;44,479;0,0635162181385117
9496;44,483;0,172905260488171
9497;44,487;0,1068528044726
9498;44,492;0,0698016772251352
9499;44,496;0,0706838469215034
9500;44,500;0,109168499925567
9501;44,504;0,0616416075337292
9502;44,508;0,0667140832878465
9503;44,512;0,138059557481626
9504;44,516;0,0698016772251352
9505;44,520;0,0615313363216832
9506;44,525;0,121077790826538
9507;44,529;0,130120030214312
9508;44,533;0,125047554460195
9509;44,537;0,093399716602985
9510;44,541;0,0865629014561314
9511;44,545;0,103213854475081
9512;44,549;0,077189848432219
9513;44,553;0,0896504953934201
9514;44,558;0,120305892342216
9515;44,562;0,0701324908612733
9516;44,566;0,0920764620584327
9517;44,570;0,0699119484371813
9518;44,574;0,121629146886768
9519;44,578;0,0584437423843944
9520;44,582;0,114792331739914
9521;44,586;0,0631854045023736
9522;44,590;0,0773001196442651
9523;44,595;0,0612005226855451
9524;44,599;0,0231569545296657
9525;44,603;0,117438840829019
9526;44,607;0,100346802961885
9527;44,611;0,0988030059932404
9528;44,615;0,0737714408587922
9529;44,619;0,0573410302639341
9530;44,623;0,0424544166377205
9531;44,628;0,106632262048508
9532;44,632;0,0902018514536503
9533;44,636;0,126260537792701
9534;44,640;0,0915251059982026
9535;44,644;0,112807449923086
9536;44,648;0,105639821140094
9537;44,652;0,0940613438752612
9538;44,656;0,0438879423943188
9539;44,661;0,127032436277023
9540;44,665;0,0726687287383319
9541;44,669;0,0941716150873072
9542;44,673;0,0950537847836755
9543;44,677;0,0868937150922694
9544;44,681;0,0767487635840349
9545;44,685;0,101670057506437
9546;44,689;0,0693605923769511
9547;44,694;0,130120030214312
9548;44,698;0,0234877681658038
9549;44,702;0,0963770393282278
9550;44,706;0,0367203136113271
9551;44,710;0,0555766908711977
9552;44,714;0,081159612065876
9553;44,718;0,0671551681360306
9554;44,722;0,0467549939075155
9555;44,727;0,048629604512298
9556;44,731;0,0759768650997127
9557;44,735;0,0612005226855451
9558;44,739;0,105860363564186
9559;44,743;0,0555766908711977
9560;44,747;0,101339243870299
9561;44,751;0,111373924166487
9562;44,755;0,0683681514685369
9563;44,759;0,0520480120857248
9564;44,764;0,0659421848035243
9565;44,768;0,115895043860375
9566;44,772;0,0616416075337292
9567;44,776;0,0733303560106081
9568;44,780;0,118431281737433
9569;44,784;0,0874450711524996
9570;44,788;0,0591053696566706
9571;44,792;0,145557999900756
9572;44,797;0,107293889320784
9573;44,801;0,0968181241764119
9574;44,805;0,0760871363117588
9575;44,809;0,0763076787358508
9576;44,813;0,0791747302490475
9577;44,817;0,076859034796081
9578;44,821;0,106080905988278
9579;44,825;0,150409933230781
9580;44,830;0,0412414333052142
9581;44,834;0,135192505968429
9582;44,838;0,0570102166277961
9583;44,842;0,060869709049407
9584;44,846;0,0840266635790727
9585;44,850;0,105639821140094
9586;44,854;0,0828136802465664
9587;44,858;0,0739919832828843
9588;44,863;0,0863423590320393
9589;44,867;0,0968181241764119
9590;44,871;0,118762095373571
9591;44,875;0,0741022544949303
9592;44,879;0,040579806032938
9593;44,883;0,0574513014759802
9594;44,887;0,124716740824057
9595;44,891;0,102000871142575
9596;44,896;0,0945024287234453
9597;44,900;0,110160940833981
9598;44,904;0,0841369347911188
9599;44,908;0,0548047923868755
9600;44,912;0,122290774159044
9601;44,916;0,0970386666005039
9602;44,920;0,11269717871104
9603;44,924;0,111263652954441
9604;44,928;0,0898710378175122
9605;44,933;0,0802774423695078
9606;44,937;0,101339243870299
9607;44,941;0,089209410545236
9608;44,945;0,0320889227053939
9609;44,949;0,0684784226805829
9610;44,953;0,114130704467638
9611;44,957;0,113689619619454
9612;44,961;0,130009759002266
9613;44,966;0,170369022611112
9614;44,970;0,125709181732471
9615;44,974;0,162539766555844
9616;44,978;0,207420149858577
9617;44,982;0,176103125637505
9618;44,986;0,222968390757067
9619;44,990;0,190769196839627
9620;44,994;0,264320095274327
9621;44,999;0,362240931571199
9622;45,003;0,278434810416219
9623;45,007;0,401276940635493
9624;45,011;0,511217339045382
9625;45,015;0,551466331442182
9626;45,019;0,780720181285873
9627;45,023;0,786123470676128
9628;45,027;1,01273081143071
9629;45,032;0,966306631159336
9630;45,036;1,32380590061256
9631;45,040;1,50652529897282
9632;45,044;1,59430118376146
9633;45,048;1,95797564108926
9634;45,052;2,398178319577
9635;45,056;2,54583147250663
9636;45,060;2,98140276008844
9637;45,065;3,45931819309592
9638;45,069;4,20673646834389
9639;45,073;4,54835668326248
9640;45,077;5,12419295256684
9641;45,081;5,95188867018432
9642;45,085;6,81906148171428
9643;45,089;7,29399959199652
9644;45,093;8,12709859900425
9645;45,098;9,13828561346632
9646;45,102;9,58819215861411
9647;45,106;10,8484818410882
9648;45,110;11,9530685721532
9649;45,114;12,680858571657
9650;45,118;14,1632344751917
9651;45,122;14,8858417277294
9652;45,126;16,3544337297583
9653;45,130;17,0802388474453
9654;45,135;18,1591323861036
9655;45,139;19,3540312398344
9656;45,143;20,5504738905338
9657;45,147;21,6907884943017
9658;45,151;23,1032524493993
9659;45,155;23,7657618913718
9660;45,159;24,6938044119512
9661;45,163;25,3968936599567
9662;45,168;26,7923758483991
9663;45,172;27,5551218221215
9664;45,176;27,6550275402352
9665;45,180;28,5375280502396
9666;45,184;28,6494533304663
9667;45,188;29,6889800464242
9668;45,192;29,858687441763
9669;45,196;29,5649249328724
9670;45,201;30,0880515628188
9671;45,205;30,3566722353629
9672;45,209;30,0244250734682
9673;45,213;30,253899465736
9674;45,217;29,8915482629527
9675;45,221;30,0641227098048
9676;45,225;29,5347106207718
9677;45,229;28,9766280166068
9678;45,234;28,4386147730343
9679;45,238;28,0510114626925
9680;45,242;27,7274757265495
9681;45,246;27,4792552282338
9682;45,250;26,1198317261304
9683;45,254;25,893555199012
9684;45,258;25,3070226221392
9685;45,262;24,9259253133081
9686;45,267;23,4302065931158
9687;45,271;23,1029216357632
9688;45,275;22,5268648240347
9689;45,279;21,4427885384102
9690;45,283;20,4467086799985
9691;45,287;19,6662090411367
9692;45,291;19,2465168080895
9693;45,295;18,8908921492411
9694;45,299;17,7829972818146
9695;45,304;17,3639666760397
9696;45,308;16,552370555381
9697;45,312;15,9771959133489
9698;45,316;15,1335108699847
9699;45,320;14,7523032899416
9700;45,324;14,2266404221182
9701;45,328;13,7140998285283
9702;45,332;12,9627117896466
9703;45,337;12,3260058112929
9704;45,341;11,8330934934471
9705;45,345;11,5863065208881
9706;45,349;11,2347618968854
9707;45,353;10,7897072850676
9708;45,357;10,3034112399446
9709;45,361;9,93025345838089
9710;45,365;9,30181782093058
9711;45,370;8,97762045751526
9712;45,374;8,95269916359286
9713;45,378;8,53940266084435
9714;45,382;8,11662283385988
9715;45,386;7,85373626434215
9716;45,390;7,4595166812776
9717;45,394;7,28925792987854
9718;45,398;7,10036334364369
9719;45,403;6,71838386511625
9720;45,407;6,45439458347806
9721;45,411;6,03889265648863
9722;45,415;6,06723235798446
9723;45,419;5,79750897331988
9724;45,423;5,47496567808525
9725;45,427;5,31727784485943
9726;45,431;5,09033969046871
9727;45,436;5,0268234723302
9728;45,440;4,81201515126454
9729;45,444;4,55012102265522
9730;45,448;4,66623660893969
9731;45,452;4,46300676513886
9732;45,456;4,14322025020538
9733;45,460;4,09789878205446
9734;45,464;4,20309751834637
9735;45,468;3,78616206560034
9736;45,473;3,76697487470434
9737;45,477;3,52746580214036
9738;45,481;3,50089044003727
9739;45,485;3,4806005370208
9740;45,489;3,14515550997679
9741;45,493;3,11780824938937
9742;45,497;3,05594609943155
9743;45,501;2,95405549950102
9744;45,506;2,94754949799031
9745;45,510;2,8157753995953
9746;45,514;2,75446460569771
9747;45,518;2,56843707097607
9748;45,522;2,38726146958444
9749;45,526;2,49896620738707
9750;45,530;2,35208495294176
9751;45,534;2,13650473339178
9752;45,539;2,22560387272497
9753;45,543;2,07706855009897
9754;45,547;2,09890225008408
9755;45,551;2,02854921679872
9756;45,555;2,06251275010889
9757;45,559;1,97396496683593
9758;45,563;2,01057500923521
9759;45,567;1,98741805470555
9760;45,572;1,80392675786096
9761;45,576;1,77062485182306
9762;45,580;1,97561903501662
9763;45,584;1,65925092765657
9764;45,588;1,60819535647926
9765;45,592;1,54092991713118
9766;45,596;1,39228432329314
9767;45,600;1,55713978530195
9768;45,605;1,39779788389544
9769;45,609;1,44565558992342
9770;45,613;1,41356666721802
9771;45,617;1,303295455172
9772;45,621;1,20471299160285
9773;45,625;1,25422476581151
9774;45,629;1,18552580070684
9775;45,633;1,13016965225973
9776;45,637;1,17085972950472
9777;45,642;1,09543422046523
9778;45,646;1,03213854475081
9779;45,650;1,13325724619702
9780;45,654;1,04272458110723
9781;45,658;1,11186463106009
9782;45,662;0,997403112956316
9783;45,666;0,855373791841033
9784;45,670;0,905878006958113
9785;45,675;1,08495845532086
9786;45,679;1,00611453870795
9787;45,683;0,911612109984507
9788;45,687;0,895733055449879
9789;45,691;1,05661875382503
9790;45,695;0,928373334215503
9791;45,699;0,779507197953366
9792;45,703;0,862761963048117
9793;45,708;0,869267964558832
9794;45,712;0,846882908513489
9795;45,716;0,760430278269404
9796;45,720;0,711028775272783
9797;45,724;0,766715737356027
9798;45,728;0,687099922258796
9799;45,732;0,694377822253833
9800;45,736;0,788218623705003
9801;45,741;0,587304475357141
9802;45,745;0,581129287482563
9803;45,749;0,615203092004786
9804;45,753;0,627663738965987
9805;45,757;0,605609496556781
9806;45,761;0,554443654167425
9807;45,765;0,591163967778752
9808;45,769;0,595905629896731
9809;45,774;0,597008342017191
9810;45,778;0,627332925329849
9811;45,782;0,475048381494285
9812;45,786;0,533271581454588
9813;45,790;0,474607296646101
9814;45,794;0,517833611768144
9815;45,798;0,476481907250884
9816;45,802;0,541983007206224
9817;45,806;0,497984793599859
9818;45,811;0,438328067882958
9819;45,815;0,416714910321937
9820;45,819;0,480120857248402
9821;45,823;0,529742902669115
9822;45,827;0,457074173930783
9823;45,831;0,475158652706331
9824;45,835;0,512209779953796
9825;45,839;0,554995010227655
9826;45,844;0,387603310341786
9827;45,848;0,367203136113271
9828;45,852;0,319345430085295
9829;45,856;0,293431695254478
9830;45,860;0,373819408836032
9831;45,864;0,462477463321038
9832;45,868;0,342612655827007
9833;45,872;0,244140463469904
9834;45,877;0,384184902768359
9835;45,881;0,435461016369761
9836;45,885;0,359373880058003
9837;45,889;0,369849645202375
9838;45,893;0,305892342215679
9839;45,897;0,255718940734737
9840;45,901;0,33919424825358
9841;45,905;0,297952814948366
9842;45,910;0,314603767967316
9843;45,914;0,38275137701176
9844;45,918;0,35749926945322
9845;45,922;0,36334364369166
9846;45,926;0,255718940734737
9847;45,930;0,225835442270264
9848;45,934;0,314824310391408
9849;45,938;0,235870122566452
9850;45,943;0,259357890732256
9851;45,947;0,267076875575478
9852;45,951;0,306553969487956
9853;45,955;0,232231172568933
9854;45,959;0,288579761924453
9855;45,963;0,258365449823842
9856;45,967;0,245684260438549
9857;45,971;0,300378781613378
9858;45,975;0,20929476046336
9859;45,980;0,175662040789321
9860;45,984;0,18790214532643
9861;45,988;0,277993725568035
9862;45,992;0,260129789216578
9863;45,996;0,232561986205071
9864;46,000;0,189004857446891
9865;46,004;0,247007514983101
9866;46,008;0,192754078656456
9867;46,013;0,252190261949264
9868;46,017;0,258034636187704
9869;46,021;0,204332555921288
9870;46,025;0,185806992297556
9871;46,029;0,217124016518628
9872;46,033;0,134971963544337
9873;46,037;0,140154710510501
9874;46,041;0,170038208974974
9875;46,046;0,256601110431105
9876;46,050;0,157136477165589
9877;46,054;0,221975949848653
9878;46,058;0,215800761974075
9879;46,062;0,169927937762928
9880;46,066;0,186909704418016
9881;46,070;0,176103125637505
9882;46,074;0,228040866511184
9883;46,079;0,17069983624725
9884;46,083;0,157798104437865
9885;46,087;0,167171157461777
9886;46,091;0,199590893803309
9887;46,095;0,185476178661418
9888;46,099;0,18514536502528
9889;46,103;0,147212068081446
9890;46,107;0,134310336272061
9891;46,112;0,209405031675406
9892;46,116;0,143021762023697
9893;46,120;0,12879677566976
9894;46,124;0,177867465030242
9895;46,128;0,20929476046336
9896;46,132;0,211830998340418
9897;46,136;0,190328111991443
9898;46,140;0,224291645301619
9899;46,144;0,162760308979936
9900;46,149;0,165186275644949
9901;46,153;0,134861692332291
9902;46,157;0,146440169597124
9903;46,161;0,197385469562389
9904;46,165;0,179962618059116
9905;46,169;0,138610913541856
9906;46,173;0,147983966565769
9907;46,177;0,193525977140778
9908;46,182;0,158790545346279
9909;46,186;0,168825225642468
9910;46,190;0,219991068031824
9911;46,194;0,147983966565769
9912;46,198;0,104978193867818
9913;46,202;0,183160483208451
9914;46,206;0,155482408984898
9915;46,210;0,077079577220173
9916;46,215;0,110160940833981
9917;46,219;0,218006186214996
9918;46,223;0,156144036257175
9919;46,227;0,165627360493133
9920;46,231;0,143903931720066
9921;46,235;0,13629521808889
9922;46,239;0,110271212046027
9923;46,243;0,158680274134233
9924;46,248;0,134751421120245
9925;46,252;0,140595795358685
9926;46,256;0,199260080167171
9927;46,260;0,0871142575163615
9928;46,264;0,127914605973392
9929;46,268;0,103103583263035
9930;46,272;0,0746536105551604
9931;46,276;0,143573118083927
9932;46,281;0,134310336272061
9933;46,285;0,137508201421396
9934;46,289;0,125598910520425
9935;46,293;0,154489968076484
9936;46,297;0,185917263509602
9937;46,301;0,120636705978354
9938;46,305;0,109940398409889
9939;46,309;0,169266310490652
9940;46,313;0,148866136262137
9941;46,318;0,147322339293492
9942;46,322;0,0905326650897883
9943;46,326;0,181065330179577
9944;46,330;0,093399716602985
9945;46,334;0,156144036257175
9946;46,338;0,1471017968694
9947;46,342;0,135633590816613
9948;46,346;0,13100219991068
9949;46,351;0,141367693843007
9950;46,355;0,08909913933319
9951;46,359;0,0888785969090979
9952;46,363;0,13100219991068
9953;46,367;0,161988410495614
9954;46,371;0,0695811348010432
9955;46,375;0,0659421848035243
9956;46,379;0,149527763534413
9957;46,384;0,142690948387559
9958;46,388;0,140595795358685
9959;46,392;0,116115586284467
9960;46,396;0,0749844241912985
9961;46,400;0,124275655975873
9962;46,404;0,141808778691191
9963;46,408;0,0902018514536503
9964;46,412;0,0999057181137007
9965;46,417;0,117108027192881
9966;46,421;0,132215183243187
9967;46,425;0,133097352939555
9968;46,429;0,102331684778713
9969;46,433;0,113027992347178
9970;46,437;0,0906429363018344
9971;46,441;0,0832547650947505
9972;46,445;0,160334342314924
9973;46,450;0,118982637797663
9974;46,454;0,0979208362968722
9975;46,458;0,138941727177994
9976;46,462;0,115123145376052
9977;46,466;0,101449515082345
9978;46,470;0,0956051408439056
9979;46,474;0,140926608994823
9980;46,478;0,0614210651096372
9981;46,482;0,0623032348060054
9982;46,487;0,155261866560806
9983;46,491;0,0994646332655165
9984;46,495;0,129568674154082
9985;46,499;0,0516069272375407
9986;46,503;0,044770112090687
9987;46,507;0,0904223938777423
9988;46,511;0,0903121226656963
9989;46,515;0,127363249913161
9990;46,520;0,123614028703597
9991;46,524;0,0954948696318596
9992;46,528;0,174779871092953
9993;46,532;0,0958256832679976
9994;46,536;0,109609584773751
9995;46,540;0,113469077195362
9996;46,544;0,0887683256970519
9997;46,548;0,0807185272176919
9998;46,553;0,0985824635691483
9999;46,557;0,0416825181533983
10000;46,561;0,125819452944517
10001;46,565;0,0692503211649051
10002;46,569;0,15294617110784
10003;46,573;0,12295240143132
10004;46,577;0,0857910029718092
10005;46,581;0,143462846871881
10006;46,586;0,0791747302490475
10007;46,590;0,0860115453959012
10008;46,594;0,0736611696467462
10009;46,598;0,143793660508019
10010;46,602;0,0887683256970519
10011;46,606;0,068919507528767
10012;46,610;0,0806082560056459
10013;46,614;0,0902018514536503
10014;46,619;0,156033765045129
10015;46,623;0,101339243870299
10016;46,627;0,0726687287383319
10017;46,631;0,0521582832977709
10018;46,635;0,128465962033622
10019;46,639;0,106080905988278
10020;46,643;0,0543637075386914
10021;46,647;0,085129375699533
10022;46,651;0,116336128708559
10023;46,656;0,118210739313341
10024;46,660;0,0661627272276163
10025;46,664;0,0666038120758004
10026;46,668;0,107734974168969
10027;46,672;0,129237860517944
10028;46,676;0,0760871363117588
10029;46,680;0,0707941181335495
10030;46,684;0,0960462256920897
10031;46,689;0,143903931720066
10032;46,693;0,10464738023168
10033;46,697;0,068809236316721
10034;46,701;0,112807449923086
10035;46,705;0,109830127197843
10036;46,709;0,101559786294391
10037;46,713;0,0674859817721686
10038;46,717;0,113358805983316
10039;46,722;0,136405489300936
10040;46,726;0,190548654415535
10041;46,730;0,0845780196393029
10042;46,734;0,118872366585617
10043;46,738;0,0947229711475374
10044;46,742;0,112366365074902
10045;46,746;0,134200065060015
10046;46,750;0,101339243870299
10047;46,755;0,132766539303417
10048;46,759;0,0945024287234453
10049;46,763;0,0790644590370015
10050;46,767;0,0576718439000722
10051;46,771;0,0763076787358508
10052;46,775;0,0501734014809424
10053;46,779;0,0371613984595112
10054;46,783;0,130561115062496
10055;46,788;0,13045084385045
10056;46,792;0,11964426506994
10057;46,796;0,0408003484570301
10058;46,800;0,0599875393530388
10059;46,804;0,09714893781255
10060;46,808;0,0691400499528591
10061;46,812;0,0620826923819133
10062;46,816;0,0480782484520679
10063;46,820;0,0336327196740383
10064;46,825;0,10409602417145
10065;46,829;0,0819315105501982
10066;46,833;0,0894299529693281
10067;46,837;0,0835855787308886
10068;46,841;0,0984721923571023
10069;46,845;0,081159612065876
10070;46,849;0,0460933666352394
10071;46,853;0,0829239514586125
10072;46,858;0,102772769626897
10073;46,862;0,0964873105402738
10074;46,866;0,0868937150922694
10075;46,870;0,134200065060015
10076;46,874;0,0399181787606619
10077;46,878;0,0937305302391231
10078;46,882;0,150851018078965
10079;46,886;0,152835899895794
10080;46,891;0,0954948696318596
10081;46,895;0,109389042349659
10082;46,899;0,148645593838045
10083;46,903;0,0587745560205325
10084;46,907;0,11490260295196
10085;46,911;0,0962667681161817
10086;46,915;0,0847985620633949
10087;46,919;0,0994646332655165
10088;46,924;0,0700222196492273
10089;46,928;0,0853499181236251
10090;46,932;0,0789541878249555
10091;46,936;0,0585540135964404
10092;46,940;0,102993312050989
10093;46,944;0,0928483605427549
10094;46,948;0,112586907498994
10095;46,952;0,0578923863241643
10096;46,957;0,113910162043546
10097;46,961;0,0872245287284075
10098;46,965;0,068919507528767
10099;46,969;0,08104934085383
10100;46,973;0,129568674154082
10101;46,977;0,0813801544899681
10102;46,981;0,0435571287581807
10103;46,985;0,115233416588098
10104;46,989;0,0943921575113993
10105;46,994;0,15239481504761
10106;46,998;0,134971963544337
10107;47,002;0,182498855936175
10108;47,006;0,127804334761346
10109;47,010;0,142580677175513
10110;47,014;0,121188062038584
10111;47,018;0,081159612065876
10112;47,022;0,0503939439050344
10113;47,027;0,0926278181186629
10114;47,031;0,135523319604567
10115;47,035;0,114020433255592
10116;47,039;0,0884375120609138
10117;47,043;0,097259209024596
10118;47,047;0,115674501436283
10119;47,051;0,135964404452752
10120;47,055;0,0710146605576415
10121;47,060;0,109168499925567
10122;47,064;0,154159154440346
10123;47,068;0,0721173726781018
10124;47,072;0,140154710510501
10125;47,076;0,17069983624725
10126;47,080;0,085239646911579
10127;47,084;0,11435124689173
10128;47,088;0,0382641105799714
10129;47,093;0,076969306008127
10130;47,097;0,101118701446207
10131;47,101;0,101118701446207
10132;47,105;0,0970386666005039
10133;47,109;0,12019562113017
10134;47,113;0,139823896874363
10135;47,117;0,129678945366128
10136;47,121;0,0671551681360306
10137;47,126;0,0560177757193818
10138;47,130;0,0618621499578213
10139;47,134;0,0382641105799714
10140;47,138;0,0453214681509172
10141;47,142;0,0540328939025533
10142;47,146;0,0779617469165412
10143;47,150;0,0914148347861566
10144;47,154;0,111263652954441
10145;47,158;0,0726687287383319
10146;47,163;0,0479679772400218
10147;47,167;0,0489604181484361
10148;47,171;0,117659383253111
10149;47,175;0,056789674203704
10150;47,179;0,0951640559957215
10151;47,183;0,0835855787308886
10152;47,187;0,0799466287333697
10153;47,191;0,13045084385045
10154;47,196;0,0779617469165412
10155;47,200;0,0948332423595834
10156;47,204;0,0512761136014027
10157;47,208;0,0663832696517084
10158;47,212;0,0895402241813741
10159;47,216;0,0967078529643659
10160;47,220;0,0854601893356711
10161;47,224;0,0631854045023736
10162;47,229;0,0784028317647253
10163;47,233;0,0929586317548009
10164;47,237;0,111153381742395
10165;47,241;0,101008430234161
10166;47,245;0,0500631302688964
10167;47,249;0,0989132772052864
10168;47,253;0,144565558992342
10169;47,257;0,09714893781255
10170;47,262;0,0760871363117588
10171;47,266;0,0746536105551604
10172;47,270;0,0817109681261062
10173;47,274;0,0624135060180514
10174;47,278;0,107404160532831
10175;47,282;0,0868937150922694
10176;47,286;0,0909737499379724
10177;47,290;0,0376024833076953
10178;47,295;0,0797260863092777
10179;47,299;0,143683389295973
10180;47,303;0,0777412044924492
10181;47,307;0,108727415077383
10182;47,311;0,0587745560205325
10183;47,315;0,148314780201907
10184;47,319;0,118982637797663
10185;47,323;0,0776309332804032
10186;47,327;0,135743862028659
10187;47,332;0,0722276438901478
10188;47,336;0,0873347999404536
10189;47,340;0,178088007454334
10190;47,344;0,131222742334772
10191;47,348;0,093068902966847
10192;47,352;0,0439982136063649
10193;47,356;0,0599875393530388
10194;47,360;0,0712352029817336
10195;47,365;0,0835855787308886
10196;47,369;0,0701324908612733
10197;47,373;0,0680373378323988
10198;47,377;0,0879964272127297
10199;47,381;0,103324125687127
10200;47,385;0,0986927347811943
10201;47,389;0,0929586317548009
10202;47,393;0,118541552949479
10203;47,398;0,130781657486588
10204;47,402;0,11214582265081
10205;47,406;0,0776309332804032
10206;47,410;0,08104934085383
10207;47,414;0,0715660166178717
10208;47,418;0,0668243544998925
10209;47,422;0,077079577220173
10210;47,426;0,0757563226756207
10211;47,431;0,028229430283783
10212;47,435;0,0560177757193818
10213;47,439;0,107845245381015
10214;47,443;0,101118701446207
10215;47,447;0,0946126999354913
10216;47,451;0,0867834438802234
10217;47,455;0,0969283953884579
10218;47,459;0,0382641105799714
10219;47,464;0,0586642848084865
10220;47,468;0,0950537847836755
10221;47,472;0,114792331739914
10222;47,476;0,0616416075337292
10223;47,480;0,0491809605725281
10224;47,484;0,101008430234161
10225;47,488;0,13905199839004
10226;47,492;0,107293889320784
10227;47,496;0,106191177200324
10228;47,501;0,0233774969537578
10229;47,505;0,0630751332903276
10230;47,509;0,0625237772300974
10231;47,513;0,103103583263035
10232;47,517;0,0745433393431144
10233;47,521;0,060979980261453
10234;47,525;0,0718968302540097
10235;47,529;0,0674859817721686
10236;47,534;0,0765282211599429
10237;47,538;0,09714893781255
10238;47,542;0,0573410302639341
10239;47,546;0,127473521125207
10240;47,550;0,0904223938777423
10241;47,554;0,0983619211450563
10242;47,558;0,085019104487487
10243;47,562;0,0657216423794322
10244;47,567;0,0561280469314279
10245;47,571;0,0530404529941391
10246;47,575;0,118431281737433
10247;47,579;0,0813801544899681
10248;47,583;0,0982516499330102
10249;47,587;0,0883272408488678
10250;47,591;0,0710146605576415
10251;47,595;0,104867922655772
10252;47,600;0,0896504953934201
10253;47,604;0,0760871363117588
10254;47,608;0,121518875674722
10255;47,612;0,102111142354621
10256;47,616;0,0789541878249555
10257;47,620;0,152615357471702
10258;47,624;0,13155355597091
10259;47,628;0,154489968076484
10260;47,633;0,0908634787259264
10261;47,637;0,0947229711475374
10262;47,641;0,0804979847935999
10263;47,645;0,0902018514536503
10264;47,649;0,0860115453959012
10265;47,653;0,0692503211649051
10266;47,657;0,0640675741987418
10267;47,661;0,0827034090345204
10268;47,665;0,0456522817870553
10269;47,670;0,0784028317647253
10270;47,674;0,113910162043546
10271;47,678;0,0949435135716294
10272;47,682;0,0860115453959012
10273;47,686;0,0666038120758004
10274;47,690;0,0980311075089182
10275;47,694;0,0481885196641139
10276;47,698;0,0434468575461347
10277;47,703;0,052709639358001
10278;47,707;0,121739418098814
10279;47,711;0,123062672643366
10280;47,715;0,113469077195362
10281;47,719;0,0960462256920897
10282;47,723;0,0619724211698673
10283;47,727;0,081269883277922
10284;47,731;0,105088465079864
10285;47,736;0,0657216423794322
10286;47,740;0,048739875724344
10287;47,744;0,0839163923670267
10288;47,748;0,0833650363067966
10289;47,752;0,112586907498994
10290;47,756;0,12019562113017
10291;47,760;0,0571204878398421
10292;47,764;0,0585540135964404
10293;47,769;0,0948332423595834
10294;47,773;0,130230301426358
10295;47,777;0,085129375699533
10296;47,781;0,0710146605576415
10297;47,785;0,0552458772350596
10298;47,789;0,140154710510501
10299;47,793;0,0798363575213237
10300;47,797;0,0671551681360306
10301;47,802;0,0779617469165412
10302;47,806;0,0913045635741105
10303;47,810;0,13155355597091
10304;47,814;0,113689619619454
10305;47,818;0,108617143865337
10306;47,822;0,155923493833082
10307;47,826;0,0496220454207122
10308;47,830;0,0668243544998925
10309;47,834;0,12019562113017
10310;47,839;0,136956845361166
10311;47,843;0,0828136802465664
10312;47,847;0,085129375699533
10313;47,851;0,108176059017153
10314;47,855;0,0575615726880262
10315;47,859;0,108947957501475
10316;47,863;0,0735508984347002
10317;47,867;0,0491809605725281
10318;47,872;0,0717865590419637
10319;47,876;0,0940613438752612
10320;47,880;0,0480782484520679
10321;47,884;0,101008430234161
10322;47,888;0,0210618015007912
10323;47,892;0,164193834736535
10324;47,896;0,134530878696153
10325;47,900;0,060759437837361
10326;47,905;0,102552227202805
10327;47,909;0,0816006969140601
10328;47,913;0,108837686289429
10329;47,917;0,110932839318303
10330;47,921;0,0983619211450563
10331;47,925;0,130891928698634
10332;47,929;0,12350375749155
10333;47,933;0,0706838469215034
10334;47,938;0,0699119484371813
10335;47,942;0,0990235484173324
10336;47,946;0,138610913541856
10337;47,950;0,0778514757044952
10338;47,954;0,0875553423645456
10339;47,958;0,0680373378323988
10340;47,962;0,0394770939124777
10341;47,966;0,103985752959404
10342;47,971;0,0431160439099966
10343;47,975;0,115123145376052
10344;47,979;0,107183618108738
10345;47,983;0,0825931378224744
10346;47,987;0,0359484151270049
10347;47,991;0,0859012741838552
10348;47,995;0,163091122616074
10349;47,999;0,131774098395003
10350;48,003;0,160003528678785
10351;48,008;0,124165384763827
10352;48,012;0,148425051413953
10353;48,016;0,180513974119347
10354;48,020;0,240832327108523
10355;48,024;0,254395686190185
10356;48,028;0,279537522536679
10357;48,032;0,368636661869869
10358;48,036;0,468652651195616
10359;48,041;0,425757149709711
10360;48,045;0,534925649635278
10361;48,049;0,782374249466563
10362;48,053;0,777412044924492
10363;48,057;0,864967387289037
10364;48,061;1,03621857959652
10365;48,065;1,31774098395003
10366;48,069;1,52880008380612
10367;48,074;1,90758169718422
10368;48,078;1,97826554410573
10369;48,082;2,4230996134994
10370;48,086;2,80507909202684
10371;48,090;3,08593986910807
10372;48,094;3,71139818383314
10373;48,098;4,31601523948151
10374;48,102;4,75577683312106
10375;48,107;5,44861085840625
10376;48,111;6,21786283363934
10377;48,115;7,01953454521395
10378;48,119;7,63209112812963
10379;48,123;8,33959122461695
10380;48,127;9,11545947257279
10381;48,131;10,447976798937
10382;48,135;11,003853978861
10383;48,140;11,8957275418893
10384;48,144;12,4172001036549
10385;48,148;13,7024110800514
10386;48,152;14,9254290928539
10387;48,156;16,0909958041804
10388;48,160;17,1183926868132
10389;48,164;17,8504832635868
10390;48,168;19,4957297473135
10391;48,172;19,9464081909456
10392;48,177;20,668353816211
10393;48,181;21,8185928290631
10394;48,185;22,2621036439122
10395;48,189;23,238996311428
10396;48,193;24,1907471425972
10397;48,197;24,8055091497538
10398;48,201;25,7360879082102
10399;48,205;26,0746205291915
10400;48,210;26,4224159319847
10401;48,214;26,8961410589345
10402;48,218;26,8547893544172
10403;48,222;27,5983481372436
10404;48,226;27,5745295554416
10405;48,230;27,6303267887369
10406;48,234;27,8153618825501
10407;48,238;27,9567295763931
10408;48,243;27,5961427130026
10409;48,247;27,4211422994856
10410;48,251;27,2619106692911
10411;48,255;26,5396342303896
10412;48,259;26,3423590320393
10413;48,263;25,8637819717595
10414;48,267;24,9955064481091
10415;48,271;25,4426562129558
10416;48,276;24,6749480346913
10417;48,280;23,9026084655209
10418;48,284;23,2995352068412
10419;48,288;23,11461038424
10420;48,292;22,161095213678
10421;48,296;21,772940547276
10422;48,300;21,1110927325758
10423;48,304;20,0499528590569
10424;48,309;19,722006274432
10425;48,313;18,9603630128301
10426;48,317;18,682369287262
10427;48,321;17,77682209394
10428;48,325;17,1731974792001
10429;48,329;16,4448561236361
10430;48,333;15,8008722452873
10431;48,337;15,5255250288084
10432;48,341;14,5993571188338
10433;48,346;13,9334292692878
10434;48,350;13,6833341603674
10435;48,354;13,0508184880714
10436;48,358;12,34794978249
10437;48,362;12,1111974902272
10438;48,366;11,7381499798755
10439;48,370;11,1631958802675
10440;48,374;11,1073986469722
10441;48,379;10,6419438609259
10442;48,383;10,2009692839539
10443;48,387;9,64332776463713
10444;48,391;9,21889386947197
10445;48,395;8,87253199243539
10446;48,399;8,44710565636182
10447;48,403;8,49959475329573
10448;48,407;7,90997458248562
10449;48,412;7,58346152361734
10450;48,416;7,25452249808404
10451;48,420;6,93749276345171
10452;48,424;6,81542253171676
10453;48,428;6,68442033180608
10454;48,432;6,38459290625293
10455;48,436;6,22844886999575
10456;48,440;5,80588958543538
10457;48,445;5,62096476283419
10458;48,449;5,40384074631556
10459;48,453;5,42391010690794
10460;48,457;5,0045486874969
10461;48,461;4,99418319356457
10462;48,465;4,47061547877003
10463;48,469;4,65554030137122
10464;48,473;4,60735178170711
10465;48,478;4,2134630122787
10466;48,482;4,18446168351059
10467;48,486;3,97693126243997
10468;48,490;3,91914914732785
10469;48,494;3,69320343384554
10470;48,498;3,82883702466216
10471;48,502;3,50309586427819
10472;48,506;3,36779308709772
10473;48,510;3,28100964321749
10474;48,515;3,07215596760232
10475;48,519;3,04756548731605
10476;48,523;3,0297015509646
10477;48,527;2,94523380253734
10478;48,531;2,88745168742522
10479;48,535;2,78842813900789
10480;48,539;2,44449222863633
10481;48,543;2,70451174664086
10482;48,548;2,47625033770559
10483;48,552;2,14764212580843
10484;48,556;2,11996405158487
10485;48,560;2,29176659995258
10486;48,564;2,21865678636607
10487;48,568;2,02843894558667
10488;48,572;1,933385160803
10489;48,576;1,9458458077642
10490;48,581;1,87935226690044
10491;48,585;1,87427979114632
10492;48,589;1,71218110943866
10493;48,593;1,62440522465003
10494;48,597;1,84957903964801
10495;48,601;1,55890412469469
10496;48,605;1,60598993223834
10497;48,609;1,62054573222842
10498;48,614;1,49560844898027
10499;48,618;1,44267826719817
10500;48,622;1,54280452773597
10501;48,626;1,43573118083927
10502;48,630;1,28807802790964
10503;48,634;1,39206378086905
10504;48,638;1,31542528849706
10505;48,642;1,28973209609033
10506;48,647;1,16402291435786
10507;48,651;1,08517899774495
10508;48,655;1,25400422338742
10509;48,659;1,08076814926311
10510;48,663;1,09598557652546
10511;48,667;1,06963075684646
10512;48,671;1,0407396992904
10513;48,675;0,988360873568542
10514;48,679;1,12752314317063
10515;48,684;0,891432478180084
10516;48,688;1,05584685534071
10517;48,692;0,944252388750131
10518;48,696;0,919000281191591
10519;48,700;0,920764620584327
10520;48,704;0,861548979715611
10521;48,708;0,821520529742903
10522;48,712;0,988581415992634
10523;48,717;0,854160808508527
10524;48,721;0,922528959977064
10525;48,725;0,721173726781018
10526;48,729;0,748741529792525
10527;48,733;0,75414481918278
10528;48,737;0,747859360096157
10529;48,741;0,532830496606403
10530;48,745;0,644755776833121
10531;48,750;0,765282211599429
10532;48,754;0,604727326860413
10533;48,758;0,739809561616797
10534;48,762;0,622260449575732
10535;48,766;0,653687745008849
10536;48,770;0,564478334463613
10537;48,774;0,717755319207591
10538;48,778;0,599654851106296
10539;48,783;0,599985664742434
10540;48,787;0,503718896626252
10541;48,791;0,590612611718522
10542;48,795;0,45299413908508
10543;48,799;0,42994745576746
10544;48,803;0,383302733071991
10545;48,807;0,452111969388712
10546;48,811;0,477364076947252
10547;48,816;0,447039493634594
10548;48,820;0,544629516295328
10549;48,824;0,416163554261707
10550;48,828;0,390360090642936
10551;48,832;0,358381439149588
10552;48,836;0,465123972410143
10553;48,840;0,36444635581212
10554;48,844;0,433035049704749
10555;48,848;0,365769610356672
10556;48,853;0,344597537643835
10557;48,857;0,305120443731357
10558;48,861;0,376135104288999
10559;48,865;0,37194479823125
10560;48,869;0,364556627024166
10561;48,873;0,330482822501944
10562;48,877;0,40469534820892
10563;48,881;0,262666027093637
10564;48,886;0,272700707389825
10565;48,890;0,270385011936859
10566;48,894;0,305671799791587
10567;48,898;0,347023504308848
10568;48,902;0,286815422531717
10569;48,906;0,334673128559693
10570;48,910;0,306223155851818
10571;48,914;0,282184031625784
10572;48,919;0,267517960423662
10573;48,923;0,276780742235528
10574;48,927;0,241714496804892
10575;48,931;0,261342772549085
10576;48,935;0,207861234706761
10577;48,939;0,29089545737742
10578;48,943;0,298724713432688
10579;48,947;0,284720269502842
10580;48,952;0,229253849843691
10581;48,956;0,118431281737433
10582;48,960;0,336768281588567
10583;48,964;0,180844787755485
10584;48,968;0,167832784734053
10585;48,972;0,314162683119132
10586;48,976;0,144675830204388
10587;48,980;0,200914148347862
10588;48,985;0,263107111941821
10589;48,989;0,184373466540957
10590;48,993;0,283727828594428
10591;48,997;0,16959712412679
10592;49,001;0,252631346797448
10593;49,005;0,182168042300037
10594;49,009;0,174449057456815
10595;49,013;0,152064001411472
10596;49,017;0,225063543785942
10597;49,022;0,16959712412679
10598;49,026;0,204994183193565
10599;49,030;0,226055984694356
10600;49,034;0,213815880157247
10601;49,038;0,196393028653974
10602;49,042;0,175331227153183
10603;49,046;0,240722055896477
10604;49,050;0,226386798330494
10605;49,055;0,132766539303417
10606;49,059;0,131443284758864
10607;49,063;0,17985234684707
10608;49,067;0,199921707439447
10609;49,071;0,212161811976556
10610;49,075;0,15460023928853
10611;49,079;0,206648251374255
10612;49,083;0,145888813536894
10613;49,088;0,15515159534876
10614;49,092;0,13739793020935
10615;49,096;0,178859905938656
10616;49,100;0,17985234684707
10617;49,104;0,220211610455916
10618;49,108;0,204663369557427
10619;49,112;0,126481080216793
10620;49,116;0,100236531749839
10621;49,121;0,150740746866919
10622;49,125;0,116225857496513
10623;49,129;0,11214582265081
10624;49,133;0,126811893852931
10625;49,137;0,161988410495614
10626;49,141;0,199811436227401
10627;49,145;0,106191177200324
10628;49,149;0,165186275644949
10629;49,154;0,116005315072421
10630;49,158;0,0695811348010432
10631;49,162;0,144124474144158
10632;49,166;0,0860115453959012
10633;49,170;0,179080448362748
10634;49,174;0,1540488832283
10635;49,178;0,117108027192881
10636;49,182;0,0816006969140601
10637;49,186;0,142580677175513
10638;49,191;0,108176059017153
10639;49,195;0,174669599880907
10640;49,199;0,130120030214312
10641;49,203;0,072778999950378
10642;49,207;0,204883911981519
10643;49,211;0,205435268041749
10644;49,215;0,119754536281986
10645;49,219;0,158239189286049
10646;49,224;0,0834753075188426
10647;49,228;0,0839163923670267
10648;49,232;0,0902018514536503
10649;49,236;0,152174272623518
10650;49,240;0,0754255090394826
10651;49,244;0,158459731710141
10652;49,248;0,109940398409889
10653;49,252;0,115564230224237
10654;49,257;0,108176059017153
10655;49,261;0,0693605923769511
10656;49,265;0,150740746866919
10657;49,269;0,0457625529991013
10658;49,273;0,0958256832679976
10659;49,277;0,132766539303417
10660;49,281;0,115123145376052
10661;49,285;0,0789541878249555
10662;49,290;0,0726687287383319
10663;49,294;0,0765282211599429
10664;49,298;0,109609584773751
10665;49,302;0,0628545908662355
10666;49,306;0,173677158972493
10667;49,310;0,110491754470119
10668;49,314;0,0968181241764119
10669;49,318;0,127142707489069
10670;49,323;0,173125802912263
10671;49,327;0,167832784734053
10672;49,331;0,0838061211549807
10673;49,335;0,119864807494032
10674;49,339;0,0754255090394826
10675;49,343;0,128576233245668
10676;49,347;0,0540328939025533
10677;49,351;0,107955516593061
10678;49,355;0,0789541878249555
10679;49,360;0,0956051408439056
10680;49,364;0,0763076787358508
10681;49,368;0,0818212393381522
10682;49,372;0,0841369347911188
10683;49,376;0,117990196889249
10684;49,380;0,11545395901219
10685;49,384;0,104867922655772
10686;49,388;0,135523319604567
10687;49,393;0,130561115062496
10688;49,397;0,100787887810069
10689;49,401;0,124055113551781
10690;49,405;0,117879925677203
10691;49,409;0,0786233741888174
10692;49,413;0,0760871363117588
10693;49,417;0,0629648620782815
10694;49,421;0,0656113711673862
10695;49,426;0,102000871142575
10696;49,430;0,113138263559224
10697;49,434;0,0370511272474651
10698;49,438;0,0780720181285873
10699;49,442;0,0655010999553402
10700;49,446;0,133428166575693
10701;49,450;0,157687833225819
10702;49,454;0,117990196889249
10703;49,459;0,141036880206869
10704;49,463;0,0777412044924492
10705;49,467;0,0913045635741105
10706;49,471;0,0964873105402738
10707;49,475;0,0807185272176919
10708;49,479;0,100236531749839
10709;49,483;0,141588236267099
10710;49,487;0,052819910570047
10711;49,492;0,103985752959404
10712;49,496;0,104757651443726
10713;49,500;0,0663832696517084
10714;49,504;0,131994640819095
10715;49,508;0,0753152378274366
10716;49,512;0,119203180221755
10717;49,516;0,110712296894211
10718;49,520;0,0699119484371813
10719;49,524;0,0859012741838552
10720;49,529;0,0940613438752612
10721;49,533;0,0701324908612733
10722;49,537;0,0540328939025533
10723;49,541;0,072889271162424
10724;49,545;0,060979980261453
10725;49,549;0,0189666484719167
10726;49,553;0,151953730199425
10727;49,557;0,114020433255592
10728;49,562;0,0573410302639341
10729;49,566;0,0963770393282278
10730;49,570;0,0925175469066168
10731;49,574;0,0502836726929884
10732;49,578;0,148204508989861
10733;49,582;0,0765282211599429
10734;49,586;0,028229430283783
10735;49,590;0,104316566595542
10736;49,595;0,0738817120708382
10737;49,599;0,0588848272325785
10738;49,603;0,0947229711475374
10739;49,607;0,105639821140094
10740;49,611;0,0872245287284075
10741;49,615;0,107734974168969
10742;49,619;0,0724481863142399
10743;49,623;0,0780720181285873
10744;49,628;0,109719855985797
10745;49,632;0,040690077244984
10746;49,636;0,122070231734952
10747;49,640;0,0546945211748295
10748;49,644;0,0637367605626037
10749;49,648;0,106080905988278
10750;49,652;0,151071560503057
10751;49,656;0,0524890969339089
10752;49,661;0,0643983878348799
10753;49,665;0,0945024287234453
10754;49,669;0,136626031725028
10755;49,673;0,0589950984446246
10756;49,677;0,0656113711673862
10757;49,681;0,0982516499330102
10758;49,685;0,0532609954182311
10759;49,689;0,0505042151170805
10760;49,693;0,108837686289429
10761;49,698;0,0725584575262859
10762;49,702;0,0804979847935999
10763;49,706;0,0756460514635747
10764;49,710;0,0574513014759802
10765;49,714;0,110602025682165
10766;49,718;0,0780720181285873
10767;49,722;0,105970634776232
10768;49,726;0,0709043893455955
10769;49,731;0,0668243544998925
10770;49,735;0,0864526302440853
10771;49,739;0,0867834438802234
10772;49,743;0,0824828666104283
10773;49,747;0,0667140832878465
10774;49,751;0,0694708635889971
10775;49,755;0,0922970044825248
10776;49,759;0,101559786294391
10777;49,764;0,056789674203704
10778;49,768;0,0963770393282278
10779;49,772;0,0623032348060054
10780;49,776;0,0635162181385117
10781;49,780;0,0894299529693281
10782;49,784;0,143903931720066
10783;49,788;0,0760871363117588
10784;49,792;0,0656113711673862
10785;49,797;0,089209410545236
10786;49,801;0,0936202590270771
10787;49,805;0,0428955014859046
10788;49,809;0,0657216423794322
10789;49,813;0,0808287984297379
10790;49,817;0,0793952726731396
10791;49,821;0,127914605973392
10792;49,825;0,126811893852931
10793;49,830;0,0795055438851856
10794;49,834;0,103103583263035
10795;49,838;0,0671551681360306
10796;49,842;0,0677065241962607
10797;49,846;0,0509452999652646
10798;49,850;0,111263652954441
10799;49,854;0,0511658423893566
10800;49,858;0,0478577060279758
10801;49,862;0,0586642848084865
10802;49,867;0,0796158150972316
10803;49,871;0,0577821151121183
10804;49,875;0,0775206620683571
10805;49,879;0,114792331739914
10806;49,883;0,0293321424042432
10807;49,887;0,0678167954083067
10808;49,891;0,0664935408637544
10809;49,895;0,0800568999454158
10810;49,900;0,0717865590419637
10811;49,904;0,111925280226718
10812;49,908;0,069029778740813
10813;49,912;0,0661627272276163
10814;49,916;0,0781822893406333
10815;49,920;0,05689994541575
10816;49,924;0,0763076787358508
10817;49,928;0,0724481863142399
10818;49,933;0,0799466287333697
10819;49,937;0,0990235484173324
10820;49,941;0,0559075045073358
10821;49,945;0,140375252934593
10822;49,949;0,0845780196393029
10823;49,953;0,0978105650848261
10824;49,957;0,113579348407408
10825;49,961;0,103985752959404
10826;49,966;0,0602080817771309
10827;49,970;0,0552458772350596
10828;49,974;0,0957154120559516
10829;49,978;0,0854601893356711
10830;49,982;0,0993543620534705
10831;49,986;0,0779617469165412
10832;49,990;0,0714557454058256
10833;49,994;0,0428955014859046
10834;49,999;0,100126260537793
10835;50,003;0,102772769626897
10836;50,007;0,0739919832828843
10837;50,011;0,0474166211797917
10838;50,015;0,0503939439050344
10839;50,019;0,0457625529991013
10840;50,023;0,0763076787358508
10841;50,027;0,08104934085383
10842;50,032;0,0722276438901478
10843;50,036;0,123944842339735
10844;50,040;0,0820417817622442
10845;50,044;0,0834753075188426
10846;50,048;0,052819910570047
10847;50,052;0,102221413566667
10848;50,056;0,0495117742086662
10849;50,060;0,0653908287432941
10850;50,064;0,0870039863043155
10851;50,069;0,0207309878646531
10852;50,073;0,0387051954281556
10853;50,077;0,0679270666203528
10854;50,081;0,0670448969239845
10855;50,085;0,0612005226855451
10856;50,089;0,0715660166178717
10857;50,093;0,0653908287432941
10858;50,097;0,0990235484173324
10859;50,102;0,110271212046027
10860;50,106;0,0879964272127297
10861;50,110;0,0658319135914782
10862;50,114;0,0372716696715572
10863;50,118;0,081159612065876
10864;50,122;0,069029778740813
10865;50,126;0,0802774423695078
10866;50,130;0,0597669969289467
10867;50,135;0,0516069272375407
10868;50,139;0,0790644590370015
10869;50,143;0,0344046181583605
10870;50,147;0,060649166625315
10871;50,151;0,0281191590717369
10872;50,155;0,0531507242061851
10873;50,159;0,0674859817721686
10874;50,163;0,0983619211450563
10875;50,168;0,0709043893455955
10876;50,172;0,131884369607049
10877;50,176;0,0385949242161095
10878;50,180;0,0909737499379724
10879;50,184;0,0669346257119385
10880;50,188;0,0564588605675659
10881;50,192;0,0801671711574618
10882;50,196;0,0215028863489753
10883;50,201;0,0817109681261062
10884;50,205;0,102552227202805
10885;50,209;0,105309007503956
10886;50,213;0,100126260537793
10887;50,217;0,0657216423794322
10888;50,221;0,103654939323266
10889;50,225;0,0870039863043155
10890;50,229;0,0750946954033445
10891;50,233;0,0860115453959012
10892;50,238;0,0619724211698673
10893;50,242;0,0666038120758004
10894;50,246;0,0776309332804032
10895;50,250;0,118872366585617
10896;50,254;0,0551356060230136
10897;50,258;0,0845780196393029
10898;50,262;0,0860115453959012
10899;50,266;0,0847985620633949
10900;50,271;0,052709639358001
10901;50,275;0,0920764620584327
10902;50,279;0,0866731726681774
10903;50,283;0,125598910520425
10904;50,287;0,0757563226756207
10905;50,291;0,0473063499677457
10906;50,295;0,0787336454008634
10907;50,299;0,0760871363117588
10908;50,304;0,0636264893505577
10909;50,308;0,0506144863291265
10910;50,312;0,0801671711574618
10911;50,316;0,0428955014859046
10912;50,320;0,101228972658253
10913;50,324;0,0828136802465664
10914;50,328;0,115674501436283
10915;50,332;0,113579348407408
10916;50,337;0,0802774423695078
10917;50,341;0,0789541878249555
10918;50,345;0,0828136802465664
10919;50,349;0,0509452999652646
10920;50,353;0,0391462802763397
10921;50,357;0,0989132772052864
10922;50,361;0,118210739313341
10923;50,365;0,089319681757282
10924;50,370;0,0610902514734991
10925;50,374;0,0686989651046749
10926;50,378;0,0986927347811943
10927;50,382;0,11964426506994
10928;50,386;0,0640675741987418
10929;50,390;0,0898710378175122
10930;50,394;0,0490706893604821
10931;50,398;0,0907532075138804
10932;50,402;0,109719855985797
10933;50,407;0,0617518787457752
10934;50,411;0,103765210535312
10935;50,415;0,0713454741937796
10936;50,419;0,114130704467638
10937;50,423;0,0817109681261062
10938;50,427;0,0945024287234453
10939;50,431;0,07299954237447
10940;50,435;0,0834753075188426
10941;50,440;0,0704633044974114
10942;50,444;0,0764179499478969
10943;50,448;0,107073346896692
10944;50,452;0,0839163923670267
10945;50,456;0,0750946954033445
10946;50,460;0,112586907498994
10947;50,464;0,100236531749839
10948;50,468;0,0725584575262859
10949;50,473;0,0613107938975911
10950;50,477;0,0668243544998925
10951;50,481;0,138721184753902
10952;50,485;0,0970386666005039
10953;50,489;0,0781822893406333
10954;50,493;0,138831455965948
10955;50,497;0,0552458772350596
10956;50,501;0,142029321115283
10957;50,506;0,0952743272077675
10958;50,510;0,0943921575113993
10959;50,514;0,0822623241863363
10960;50,518;0,0245904802862641
10961;50,522;0,133207624151601
10962;50,526;0,0871142575163615
10963;50,530;0,0856807317597631
10964;50,534;0,0576718439000722
10965;50,539;0,0369408560354191
10966;50,543;0,0537020802664153
10967;50,547;0,0222747848332975
10968;50,551;0,133648708999785
10969;50,555;0,101118701446207
10970;50,559;0,0916353772102486
10971;50,563;0,0576718439000722
10972;50,567;0,068919507528767
10973;50,571;0,0473063499677457
10974;50,576;0,0556869620832437
10975;50,580;0,0948332423595834
10976;50,584;0,0829239514586125
10977;50,588;0,0666038120758004
10978;50,592;0,0553561484471057
10979;50,596;0,116887484768789
10980;50,600;0,125157825672241
10981;50,604;0,0656113711673862
10982;50,609;0,101890599930529
10983;50,613;0,121077790826538
10984;50,617;0,0573410302639341
10985;50,621;0,0939510726632152
10986;50,625;0,0983619211450563
10987;50,629;0,107073346896692
10988;50,633;0,093289445390939
10989;50,637;0,052709639358001
10990;50,642;0,0560177757193818
10991;50,646;0,0735508984347002
10992;50,650;0,0557972332952898
10993;50,654;0,106632262048508
10994;50,658;0,0592156408687166
10995;50,662;0,0733303560106081
10996;50,666;0,0588848272325785
10997;50,670;0,0603183529891769
10998;50,675;0,0506144863291265
10999;50,679;0,0920764620584327
11000;50,683;0,0842472060031648
11001;50,687;0,0926278181186629
11002;50,691;0,0349559742185906
11003;50,695;0,0840266635790727
11004;50,699;0,0661627272276163
11005;50,703;0,0624135060180514
11006;50,708;0,0946126999354913
11007;50,712;0,081269883277922
11008;50,716;0,0920764620584327
11009;50,720;0,102221413566667
11010;50,724;0,073109813586516
11011;50,728;0,133097352939555
11012;50,732;0,0721173726781018
11013;50,736;0,0929586317548009
11014;50,740;0,146329898385078
11015;50,745;0,0989132772052864
11016;50,749;0,109830127197843
11017;50,753;0,0380435681558794
11018;50,757;0,0841369347911188
11019;50,761;0,0653908287432941
11020;50,765;0,0906429363018344
11021;50,769;0,0952743272077675
11022;50,773;0,0907532075138804
11023;50,778;0,0735508984347002
11024;50,782;0,0533712666302772
11025;50,786;0,0620826923819133
11026;50,790;0,0549150635989216
11027;50,794;0,106521990836462
11028;50,798;0,117108027192881
11029;50,802;0,0754255090394826
11030;50,806;0,060759437837361
11031;50,811;0,0561280469314279
11032;50,815;0,0896504953934201
11033;50,819;0,060979980261453
11034;50,823;0,0847985620633949
11035;50,827;0,0535918090543692
11036;50,831;0,148535322625999
11037;50,835;0,0725584575262859
11038;50,839;0,0820417817622442
11039;50,844;0,0296629560403813
11040;50,848;0,132876810515463
11041;50,852;0,044659840878641
11042;50,856;0,0534815378423232
11043;50,860;0,0639573029866958
11044;50,864;0,0741022544949303
11045;50,868;0,0302143121006115
11046;50,872;0,0723379151021939
11047;50,877;0,0471960787556996
11048;50,881;0,0304348545247035
11049;50,885;0,0401387211847539
11050;50,889;0,0631854045023736
11051;50,893;0,0699119484371813
11052;50,897;0,089209410545236
11053;50,901;0,0741022544949303
11054;50,905;0,175992854425459
11055;50,909;0,108176059017153
11056;50,914;0,104426837807588
11057;50,918;0,0982516499330102
11058;50,922;0,108617143865337
11059;50,926;0,052599368145955
11060;50,930;0,0743227969190223
11061;50,934;0,0597669969289467
11062;50,938;0,0716762878299177
11063;50,942;0,0545842499627835
11064;50,947;0,0655010999553402
11065;50,951;0,0856807317597631
11066;50,955;0,05689994541575
11067;50,959;0,0449906545147791
11068;50,963;0,0988030059932404
11069;50,967;0,137177387785258
11070;50,971;0,060869709049407
11071;50,975;0,0596567257169007
11072;50,980;0,0693605923769511
11073;50,984;0,0658319135914782
11074;50,988;0,0819315105501982
11075;50,992;0,115233416588098
11076;50,996;0,0929586317548009
11077;51,000;0,1137998908315
11078;51,004;0,0873347999404536
11079;51,008;0,0861218166079473
11080;51,013;0,0625237772300974
11081;51,017;0,169486852914744
11082;51,021;0,097479751448688
11083;51,025;0,0954948696318596
11084;51,029;0,0581129287482563
11085;51,033;0,0799466287333697
11086;51,037;0,0376024833076953
11087;51,041;0,122621587795182
11088;51,046;0,0672654393480766
11089;51,050;0,0641778454107878
11090;51,054;0,0305451257367495
11091;51,058;0,0492912317845742
11092;51,062;0,131663827182956
11093;51,066;0,0782925605526793
11094;51,070;0,052599368145955
11095;51,074;0,112807449923086
11096;51,078;0,0546945211748295
11097;51,083;0,0481885196641139
11098;51,087;0,081269883277922
11099;51,091;0,0964873105402738
11100;51,095;0,0484090620882059
11101;51,099;0,12879677566976
11102;51,103;0,112256093862856
11103;51,107;0,150299662018735
11104;51,111;0,164745190796765
11105;51,116;0,116336128708559
11106;51,120;0,163311665040166
11107;51,124;0,265974163455018
11108;51,128;0,197495740774435
11109;51,132;0,245353446802411
11110;51,136;0,232782528629163
11111;51,140;0,326733601292379
11112;51,144;0,351985708850919
11113;51,149;0,497874522387813
11114;51,153;0,528529919336608
11115;51,157;0,633067028356242
11116;51,161;0,764620584327153
11117;51,165;1,02927149323762
11118;51,169;1,17527057798656
11119;51,173;1,37023008088393
11120;51,177;1,44852264143661
11121;51,182;1,76092098516301
11122;51,186;2,36366343020659
11123;51,190;2,79140546173313
11124;51,194;3,38532620981304
11125;51,198;3,65802691720286
11126;51,202;4,00427852302739
11127;51,206;4,9434584360234
11128;51,210;5,60310082648273
11129;51,215;6,56962800006616
11130;51,219;7,32972746469943
11131;51,223;8,11507903689123
11132;51,227;9,31571199364838
11133;51,231;10,5041048458684
11134;51,235;11,511652910333
11135;51,239;12,9407678184495
11136;51,243;14,7542881717584
11137;51,247;16,1639953465549
11138;51,252;17,7924806060506
11139;51,256;19,3598756140728
11140;51,260;21,6848338488513
11141;51,264;23,4528121915852
11142;51,268;24,980730105695
11143;51,272;27,1450231845223
11144;51,276;28,6047934895876
11145;51,280;31,0811540985053
11146;51,285;33,5941247498222
11147;51,289;35,5280612666854
11148;51,293;37,5867145243727
11149;51,297;39,9764019606222
11150;51,301;42,6157434209438
11151;51,305;44,3749000667141
11152;51,309;46,7676750969008
11153;51,313;49,3591588511945
11154;51,318;50,8619349289578
11155;51,322;53,732735663364
11156;51,326;55,5641199530245
11157;51,330;57,3867928169333
11158;51,334;58,4123150889613
11159;51,338;61,0710642826031
11160;51,342;61,6359837019149
11161;51,346;62,8196348920169
11162;51,351;64,0522465002674
11163;51,355;65,6144587613235
11164;51,359;65,8821972641712
11165;51,363;66,5655479652205
11166;51,367;67,5422200903121
11167;51,371;66,6750472787822
11168;51,375;67,6528221159943
11169;51,379;68,2020830231956
11170;51,384;66,5560646409845
11171;51,388;65,9653417580539
11172;51,392;65,8391914914733
11173;51,396;64,4098560409327
11174;51,400;64,02975117301
11175;51,404;62,6628292284875
11176;51,408;60,076748763584
11177;51,412;60,5469452117483
11178;51,416;58,2452542027116
11179;51,421;57,0700938959371
11180;51,425;54,0585870949601
11181;51,429;53,7803728269679
11182;51,433;52,369342397627
11183;51,437;50,6130528033699
11184;51,441;48,4514062336316
11185;51,445;47,3611547601325
11186;51,449;45,7634351687977
11187;51,454;43,1826477220724
11188;51,458;42,6745179769643
11189;51,462;40,8394947373064
11190;51,466;38,7976027038501
11191;51,470;37,6483561319064
11192;51,474;36,384758313071
11193;51,478;34,844269480788
11194;51,482;33,6901709755143
11195;51,487;32,5640813581002
11196;51,491;31,2141411802328
11197;51,495;29,9126100644535
11198;51,499;28,2612986640643
11199;51,503;27,6950559902079
11200;51,507;25,960600095936
11201;51,511;25,6585672461419
11202;51,515;24,4315794697057
11203;51,520;23,3236846022793
11204;51,524;22,2561489984617
11205;51,528;21,8611575169128
11206;51,532;20,9389593705719
11207;51,536;20,059987539353
11208;51,540;19,2772824762503
11209;51,544;18,643884634258
11210;51,548;17,8205997651223
11211;51,553;17,1191645852975
11212;51,557;16,5706755765806
11213;51,561;15,9048579982467
11214;51,565;15,4369772455354
11215;51,569;14,511140149197
11216;51,573;14,2642429054259
11217;51,577;13,5066796786697
11218;51,581;13,3558286605907
11219;51,585;12,8056855836931
11220;51,590;12,7727144912913
11221;51,594;11,8403713934422
11222;51,598;11,296182961995
11223;51,602;11,0370456136869
11224;51,606;10,7296094745025
11225;51,610;10,0346802961885
11226;51,614;10,0819866461562
11227;51,618;9,77212454030689
11228;51,623;9,53934201167772
11229;51,627;9,00882721052428
11230;51,631;9,0098196514327
11231;51,635;8,45923548968689
11232;51,639;8,27375931102547
11233;51,643;7,81756730679105
11234;51,647;7,71413290989188
11235;51,651;7,544315243341
11236;51,656;7,35211252074477
11237;51,660;6,98292450281467
11238;51,664;6,75433228024326
11239;51,668;6,70879026966825
11240;51,672;6,49651818647965
11241;51,676;5,960710367148
11242;51,680;5,9037001505202
11243;51,684;5,83147250663006
11244;51,689;5,49106527504397
11245;51,693;5,27008176610373
11246;51,697;5,15683323133246
11247;51,701;5,31132319940895
11248;51,705;5,13555088740758
11249;51,709;4,80076748763584
11250;51,713;4,76625259826543
11251;51,717;4,67858698468884
11252;51,722;4,58287157263289
11253;51,726;4,47105656361822
11254;51,730;4,37335626974544
11255;51,734;3,86070540494346
11256;51,738;3,98453997607115
11257;51,742;3,75473477016723
11258;51,746;3,99876496242508
11259;51,750;3,6334364369166
11260;51,754;3,68217631264094
11261;51,759;3,4530327340093
11262;51,763;3,33261657045503
11263;51,767;3,361287085587
11264;51,771;3,11152279030275
11265;51,775;3,08869664940922
11266;51,779;3,17636226298581
11267;51,783;2,95714309343831
11268;51,787;2,92053305103903
11269;51,792;2,82768469049628
11270;51,796;2,55035259220052
11271;51,800;2,68863269210624
11272;51,804;2,54395686190185
11273;51,808;2,44239707560746
11274;51,812;2,38913608018923
11275;51,816;2,14874483792889
11276;51,820;2,38637929988807
11277;51,825;2,23464611211274
11278;51,829;2,28592222571414
11279;51,833;2,14620860005183
11280;51,837;2,20178529092303
11281;51,841;1,92875376989706
11282;51,845;2,00892094105452
11283;51,849;1,84957903964801
11284;51,853;1,97583957744072
11285;51,858;1,87251545175359
11286;51,862;1,91574176687563
11287;51,866;1,85641585479487
11288;51,870;1,92709970171637
11289;51,874;1,72607528215646
11290;51,878;1,71593033064823
11291;51,882;1,64987787463266
11292;51,886;1,52626384592906
11293;51,891;1,58966979285553
11294;51,895;1,55272893682011
11295;51,899;1,55283920803216
11296;51,903;1,43065870508516
11297;51,907;1,59639633679034
11298;51,911;1,3018619294154
11299;51,915;1,26271564913906
11300;51,919;1,3322967839401
11301;51,923;1,27341195670752
11302;51,928;1,22820075976865
11303;51,932;1,23272187946254
11304;51,936;1,31752044152593
11305;51,940;1,09973479773503
11306;51,944;1,19941997342464
11307;51,948;1,09124391440749
11308;51,952;1,18982637797663
11309;51,956;1,11473168257329
11310;51,961;1,07701892805355
11311;51,965;0,921977603916833
11312;51,969;1,04989220989023
11313;51,973;1,07734974168969
11314;51,977;1,01118701446207
11315;51,981;1,04437864928792
11316;51,985;0,988581415992634
11317;51,989;0,90984777059177
11318;51,994;0,815565884292417
11319;51,998;0,955500052378826
11320;52,002;0,992551179626291
11321;52,006;0,898710378175122
11322;52,010;0,791967844914567
11323;52,014;0,823174597923593
11324;52,018;0,796268422184362
11325;52,022;0,749513428276847
11326;52,027;0,667361375302557
11327;52,031;0,787005640372496
11328;52,035;0,761422719177818
11329;52,039;0,548599279928985
11330;52,043;0,73859657828429
11331;52,047;0,662509441972531
11332;52,051;0,55929558749745
11333;52,055;0,619503669274581
11334;52,060;0,651372049555883
11335;52,064;0,603734885951999
11336;52,068;0,614982549580694
11337;52,072;0,673757105601226
11338;52,076;0,505042151170805
11339;52,080;0,513974119346533
11340;52,084;0,54485005871942
11341;52,088;0,473284042101549
11342;52,092;0,492250690573465
11343;52,097;0,613328481400003
11344;52,101;0,546063042051927
11345;52,105;0,499308048144411
11346;52,109;0,576718439000722
11347;52,113;0,615313363216832
11348;52,117;0,48464197694229
11349;52,121;0,426198234557895
11350;52,125;0,488832283000039
11351;52,130;0,487067943607302
11352;52,134;0,473614855737687
11353;52,138;0,519928764797018
11354;52,142;0,462587734533084
11355;52,146;0,476922992099068
11356;52,150;0,386169784585187
11357;52,154;0,606822479889288
11358;52,158;0,517723340556098
11359;52,163;0,545842499627835
11360;52,167;0,389919005794752
11361;52,171;0,410870536083497
11362;52,175;0,422118199712192
11363;52,179;0,42994745576746
11364;52,183;0,377678901257643
11365;52,187;0,460823395140348
11366;52,191;0,360917677026647
11367;52,196;0,396314736093422
11368;52,200;0,282514845261922
11369;52,204;0,388816293674292
11370;52,208;0,337209366436751
11371;52,212;0,334562857347647
11372;52,216;0,293541966466524
11373;52,220;0,316478378572098
11374;52,224;0,330152008865805
11375;52,229;0,264099552850235
11376;52,233;0,27700128465962
11377;52,237;0,299606883129056
11378;52,241;0,324307634627366
11379;52,245;0,332688246742864
11380;52,249;0,328277398261023
11381;52,253;0,310082648273429
11382;52,257;0,255939483158829
11383;52,261;0,230025748328013
11384;52,266;0,311295631605935
11385;52,270;0,283507286170336
11386;52,274;0,249102668011975
11387;52,278;0,310082648273429
11388;52,282;0,216572660458397
11389;52,286;0,27589857253916
11390;52,290;0,323535736143044
11391;52,294;0,238957716503741
11392;52,299;0,259688704368394
11393;52,303;0,220542424092054
11394;52,307;0,279758064960771
11395;52,311;0,192974621080548
11396;52,315;0,208302319554945
11397;52,319;0,273472605874147
11398;52,323;0,252741618009494
11399;52,327;0,243368564985582
11400;52,332;0,216462389246351
11401;52,336;0,250315651344482
11402;52,340;0,154710510500576
11403;52,344;0,219660254395686
11404;52,348;0,175882583213413
11405;52,352;0,221645136212515
11406;52,356;0,213154252884971
11407;52,360;0,250756736192666
11408;52,365;0,167943055946099
11409;52,369;0,23675229226282
11410;52,373;0,213264524097017
11411;52,377;0,193636248352824
11412;52,381;0,253734058917909
11413;52,385;0,204112013497196
11414;52,389;0,160665155951062
11415;52,393;0,209074218039268
11416;52,398;0,220321881667962
11417;52,402;0,186468619569832
11418;52,406;0,162208952919706
11419;52,410;0,148645593838045
11420;52,414;0,199260080167171
11421;52,418;0,168163598370191
11422;52,422;0,234767410445992
11423;52,426;0,106080905988278
11424;52,430;0,125598910520425
11425;52,435;0,167060886249731
11426;52,439;0,124385927187919
11427;52,443;0,165627360493133
11428;52,447;0,158459731710141
11429;52,451;0,181726957451853
11430;52,455;0,175110684729091
11431;52,459;0,110491754470119
11432;52,463;0,193967061988962
11433;52,468;0,135082234756383
11434;52,472;0,190989739263719
11435;52,476;0,164304105948581
11436;52,480;0,117769654465157
11437;52,484;0,173015531700217
11438;52,488;0,210066658947682
11439;52,492;0,145557999900756
11440;52,496;0,163311665040166
11441;52,501;0,170479293823158
11442;52,505;0,115343687800144
11443;52,509;0,151071560503057
11444;52,513;0,188894586234845
11445;52,517;0,202457945316506
11446;52,521;0,101118701446207
11447;52,525;0,166399258977455
11448;52,529;0,14544772868871
11449;52,534;0,203229843800828
11450;52,538;0,0996851756896086
11451;52,542;0,241714496804892
11452;52,546;0,145116915052572
11453;52,550;0,127252978701115
11454;52,554;0,133317895363647
11455;52,558;0,0981413787209642
11456;52,562;0,0834753075188426
11457;52,567;0,0840266635790727
11458;52,571;0,145337457476664
11459;52,575;0,11214582265081
11460;52,579;0,123283215067458
11461;52,583;0,166730072613593
11462;52,587;0,076859034796081
11463;52,591;0,172905260488171
11464;52,595;0,101228972658253
11465;52,599;0,121959960522906
11466;52,604;0,144234745356204
11467;52,608;0,11324853477127
11468;52,612;0,162870580191982
11469;52,616;0,0957154120559516
11470;52,620;0,09714893781255
11471;52,624;0,186358348357786
11472;52,628;0,124055113551781
11473;52,632;0,138721184753902
11474;52,637;0,101780328718483
11475;52,641;0,161437054435384
11476;52,645;0,0864526302440853
11477;52,649;0,174338786244769
11478;52,653;0,125929724156563
11479;52,657;0,0906429363018344
11480;52,661;0,0686989651046749
11481;52,665;0,115784772648329
11482;52,670;0,101780328718483
11483;52,674;0,0603183529891769
11484;52,678;0,103213854475081
11485;52,682;0,0977002938727801
11486;52,686;0,10630144841237
11487;52,690;0,101449515082345
11488;52,694;0,0506144863291265
11489;52,698;0,163642478676304
11490;52,703;0,150409933230781
11491;52,707;0,0577821151121183
11492;52,711;0,0840266635790727
11493;52,715;0,125378368096333
11494;52,719;0,143573118083927
11495;52,723;0,102662498414851
11496;52,727;0,138721184753902
11497;52,731;0,159231630194463
11498;52,736;0,156585121105359
11499;52,740;0,191651366535995
11500;52,744;0,126701622640885
11501;52,748;0,0990235484173324
11502;52,752;0,108396601441245
11503;52,756;0,0949435135716294
11504;52,760;0,124496198399965
11505;52,764;0,0802774423695078
11506;52,768;0,167943055946099
11507;52,773;0,121188062038584
11508;52,777;0,175992854425459
11509;52,781;0,111925280226718
11510;52,785;0,125047554460195
11511;52,789;0,129789216578174
11512;52,793;0,12129833325063
11513;52,797;0,181947499875945
11514;52,801;0,176654481697736
11515;52,806;0,0951640559957215
11516;52,810;0,146219627173032
11517;52,814;0,165627360493133
11518;52,818;0,0764179499478969
11519;52,822;0,133979522635923
11520;52,826;0,177536651394104
11521;52,830;0,168935496854514
11522;52,834;0,252741618009494
11523;52,839;0,223519746817297
11524;52,843;0,297291187676089
11525;52,847;0,312949699786625
11526;52,851;0,335886111892199
11527;52,855;0,462256920896946
11528;52,859;0,433365863340887
11529;52,863;0,556318264772207
11530;52,867;0,709595249516185
11531;52,872;0,675190631357825
11532;52,876;0,844236399424384
11533;52,880;1,08484818410882
11534;52,884;1,2227974703784
11535;52,888;1,46671739142421
11536;52,892;1,70964487156161
11537;52,896;2,06736468343892
11538;52,900;2,25747225300627
11539;52,905;2,81853217989646
11540;52,909;3,14559659482497
11541;52,913;3,32533867046
11542;52,917;4,09867068053879
11543;52,921;4,58088669081606
11544;52,925;4,99528590568503
11545;52,929;5,86245871721499
11546;52,933;6,56279118491931
11547;52,937;7,41221033130986
11548;52,942;7,82308086739335
11549;52,946;8,58836307899278
11550;52,950;9,94933037806485
11551;52,954;10,5477722458386
11552;52,958;11,2326667438565
11553;52,962;12,5121436172266
11554;52,966;13,9594532753307
11555;52,970;14,8286109686775
11556;52,975;15,5153800773001
11557;52,979;16,8034581052098
11558;52,983;17,6512231834196
11559;52,987;18,7952870083972
11560;52,991;19,5634362715098
11561;52,995;20,7017659934609
11562;52,999;21,4889921762575
11563;53,003;22,7792756284081
11564;53,008;23,4058366552536
11565;53,012;24,03460310634
11566;53,016;25,3526749039262
11567;53,020;26,0017312580291
11568;53,024;26,1770624851823
11569;53,028;27,2179124556848
11570;53,032;27,8408345325328
11571;53,036;28,1783747126057
11572;53,041;28,0509011914804
11573;53,045;29,1487613786107
11574;53,049;29,1383958846784
11575;53,053;29,4350254450822
11576;53,057;29,5742979858963
11577;53,061;29,2263923118911
11578;53,065;29,2462411300594
11579;53,069;28,646365736529
11580;53,074;29,2903496148778
11581;53,078;28,4093929018421
11582;53,082;27,9362191309526
11583;53,086;27,956398762757
11584;53,090;27,5302005281991
11585;53,094;27,0441250255002
11586;53,098;26,3772047350458
11587;53,102;26,0272039080118
11588;53,106;25,0162374359738
11589;53,111;24,5818791317245
11590;53,115;23,766092705008
11591;53,119;22,9045437252924
11592;53,123;22,2409315711994
11593;53,127;22,2036599015278
11594;53,131;21,6206560034405
11595;53,135;20,8367379570053
11596;53,139;20,3024739346423
11597;53,144;19,226226905073
11598;53,148;18,8209802008039
11599;53,152;18,3771385723186
11600;53,156;17,8036179984672
11601;53,160;16,5611922523446
11602;53,164;16,3017240904003
11603;53,168;15,2541475759631
11604;53,172;14,9882836837201
11605;53,177;14,7689542429606
11606;53,181;13,9505213071549
11607;53,185;13,018619294154
11608;53,189;13,2895556621511
11609;53,193;12,2270925340876
11610;53,197;11,8478698358613
11611;53,201;11,4335808922044
11612;53,205;10,8845405274272
11613;53,210;11,0643928742743
11614;53,214;10,1954557233516
11615;53,218;9,91635928566309
11616;53,222;9,73948426154126
11617;53,226;9,20378671342166
11618;53,230;9,05878006958114
11619;53,234;8,62795044411731
11620;53,238;8,31786779584388
11621;53,243;8,0673316020753
11622;53,247;7,85042812798077
11623;53,251;7,57816850543913
11624;53,255;7,0182112906694
11625;53,259;6,85512016805333
11626;53,263;6,80527758020852
11627;53,267;6,28292284874649
11628;53,271;6,0023928853014
11629;53,275;5,83654498238417
11630;53,280;5,38917467511344
11631;53,284;5,71094607186375
11632;53,288;5,55028091591269
11633;53,292;5,22034944947097
11634;53,296;4,80120857248402
11635;53,300;4,8907487966654
11636;53,304;4,72710631798909
11637;53,308;4,64142558622933
11638;53,313;4,05345948359991
11639;53,317;4,17067778200484
11640;53,321;4,07694725176572
11641;53,325;3,97395393971473
11642;53,329;3,73301134139416
11643;53,333;3,69915807929603
11644;53,337;3,52856851426082
11645;53,341;3,34706209923306
11646;53,346;3,35478108407629
11647;53,350;3,31508344773972
11648;53,354;3,11703635090505
11649;53,358;3,08329336001897
11650;53,362;2,85492167987164
11651;53,366;2,80816668596413
11652;53,370;2,56512893461468
11653;53,374;2,61905155730519
11654;53,379;2,58056690430113
11655;53,383;2,47062650589124
11656;53,387;2,49124722254385
11657;53,391;2,1775256242729
11658;53,395;2,09647628341907
11659;53,399;2,2815113772323
11660;53,403;2,06824685313529
11661;53,407;1,99138781833921
11662;53,412;1,97539849259253
11663;53,416;1,88905613356049
11664;53,420;1,97815527289368
11665;53,424;1,64248970342558
11666;53,428;1,83226645935679
11667;53,432;1,78374712605654
11668;53,436;1,71405572004345
11669;53,440;1,64083563524488
11670;53,444;1,55085432621533
11671;53,449;1,66542611553115
11672;53,453;1,60665155951062
11673;53,457;1,57544480650159
11674;53,461;1,50266580655121
11675;53,465;1,38599886420652
11676;53,469;1,25797398702108
11677;53,473;1,44212691113794
11678;53,477;1,28609314609282
11679;53,482;1,19522966736689
11680;53,486;1,14858494467142
11681;53,490;1,12708205832244
11682;53,494;1,22533370825545
11683;53,498;1,05033329473841
11684;53,502;1,03820346141335
11685;53,506;1,17350623859382
11686;53,510;1,01901627051734
11687;53,515;1,08330438714017
11688;53,519;1,0284995947533
11689;53,523;1,00699670840432
11690;53,527;0,862320878199933
11691;53,531;0,841148805487096
11692;53,535;0,904444481201515
11693;53,539;0,884264849397092
11694;53,543;0,911171025136323
11695;53,548;0,886690816062105
11696;53,552;0,816668596412877
11697;53,556;0,79273974339889
11698;53,560;0,773552552502881
11699;53,564;0,829901141858401
11700;53,568;0,848095891845995
11701;53,572;0,849529417602594
11702;53,576;0,875112338797272
11703;53,581;0,855594334265125
11704;53,585;0,905326650897883
11705;53,589;0,928924690275733
11706;53,593;0,934438250878035
11707;53,597;1,0241990174835
11708;53,601;0,964101206918416
11709;53,605;1,02927149323762
11710;53,609;1,14726169012687
11711;53,613;1,3476244824145
11712;53,618;1,44642748840774
11713;53,622;1,70743944732069
11714;53,626;1,87042029872471
11715;53,630;1,93481868655959
11716;53,634;2,20906319091806
11717;53,638;2,39211340291447
11718;53,642;2,61122230124992
11719;53,646;3,0074267661313
11720;53,651;3,51566678245144
11721;53,655;3,81803044588165
11722;53,659;4,34997877279168
11723;53,663;5,16631655556842
11724;53,667;5,83202386269029
11725;53,671;6,34445418506818
11726;53,675;7,55368829636491
11727;53,679;8,37576018216804
11728;53,684;8,87672229849314
11729;53,688;10,1747247354869
11730;53,692;10,9280976561854
11731;53,696;12,0609138175342
11732;53,700;13,2914302727558
11733;53,704;15,1213810366597
11734;53,708;16,6623109537909
11735;53,712;17,8110061696743
11736;53,717;19,4324340715991
11737;53,721;21,0812092341113
11738;53,725;22,8284565889806
11739;53,729;25,1091960677286
11740;53,733;26,5271735834284
11741;53,737;28,694223442557
11742;53,741;30,481499247399
11743;53,745;32,7739274746238
11744;53,750;34,4363762674297
11745;53,754;36,3417525403731
11746;53,758;38,5148673161641
11747;53,762;41,0867227947136
11748;53,766;42,7740928814419
11749;53,770;45,0714833132088
11750;53,774;45,9935711883377
11751;53,778;47,9865028036456
11752;53,782;49,8441316417729
11753;53,787;51,8770917070535
11754;53,791;54,1503327433824
11755;53,795;55,6800149968848
11756;53,799;56,9748195687293
11757;53,803;58,2568326799764
11758;53,807;59,2318507368874
11759;53,811;60,3942195830645
11760;53,815;60,4781359754316
11761;53,820;61,0825324886559
11762;53,824;61,8833220305341
11763;53,828;62,6471707163769
11764;53,832;62,3611271923295
11765;53,836;62,3521952241538
11766;53,840;62,6141996239752
11767;53,844;62,038694168307
11768;53,848;61,1984275325162
11769;53,853;61,2563199188404
11770;53,857;60,3648874406603
11771;53,861;58,631975343357
11772;53,865;57,8707731666033
11773;53,869;56,8923367021189
11774;53,873;55,6436254969096
11775;53,877;54,6546029960688
11776;53,881;53,1027562289451
11777;53,886;51,9176715130864
11778;53,890;50,5816255079368
11779;53,894;49,5773855798336
11780;53,898;47,9985223657586
11781;53,902;47,1359809451346
11782;53,906;45,6000132325455
11783;53,910;44,151931675957
11784;53,914;43,0348842979308
11785;53,919;41,1274128719586
11786;53,923;40,0261342772549
11787;53,927;38,2429385072586
11788;53,931;37,2552392609623
11789;53,935;34,9028234943844
11790;53,939;34,180547055483
11791;53,943;32,5605526793148
11792;53,947;31,9034465267325
11793;53,951;30,7981981683952
11794;53,956;29,4458320238627
11795;53,960;29,1622144664803
11796;53,964;27,7469937310816
11797;53,968;26,3382789971936
11798;53,972;25,3758318584559
11799;53,976;24,6115420877649
11800;53,980;23,8019308489229
11801;53,984;22,4920191210282
11802;53,989;21,9948062259126
11803;53,993;20,9204338069482
11804;53,997;20,1489764074742
11805;54,001;19,3338516080299
11806;54,005;18,7255956023841
11807;54,009;18,2952070617684
11808;54,013;17,4968434865552
11809;54,017;16,5734323568818
11810;54,022;15,6633640438659
11811;54,026;15,5242017742638
11812;54,030;14,8480187019976
11813;54,034;14,6452299430449
11814;54,038;14,2564136493706
11815;54,042;13,5397610422835
11816;54,046;13,2459985333929
11817;54,050;12,9602858229816
11818;54,055;12,1502334992915
11819;54,059;12,0069911948437
11820;54,063;11,2780984832195
11821;54,067;10,9171808061928
11822;54,071;10,6569407457642
11823;54,075;10,0093179174179
11824;54,079;10,0253072431646
11825;54,083;9,50581956321573
11826;54,088;9,23543455127887
11827;54,092;9,05073027110178
11828;54,096;8,84132523942637
11829;54,100;8,56487531082698
11830;54,104;8,3311003412894
11831;54,108;8,02575935513395
11832;54,112;7,70123117808249
11833;54,116;7,72813735382173
11834;54,120;7,56802355393089
11835;54,125;7,22155140568228
11836;54,129;6,72720556207994
11837;54,133;6,78972933931003
11838;54,137;6,58142701975509
11839;54,141;6,32945730022992
11840;54,145;6,22139151242481
11841;54,149;5,76023730364832
11842;54,153;5,71436447943718
11843;54,158;5,51080382200021
11844;54,162;5,62791184919309
11845;54,166;5,00653356931373
11846;54,170;5,12209779953796
11847;54,174;5,10776254197198
11848;54,178;4,93199022997061
11849;54,182;4,68784976650071
11850;54,186;4,69468658164756
11851;54,191;4,51229799692343
11852;54,195;4,49189782269492
11853;54,199;4,24852925770934
11854;54,203;4,18953415926471
11855;54,207;4,04805619420966
11856;54,211;3,69254180657327
11857;54,215;3,83909224738244
11858;54,219;3,73973788532897
11859;54,224;3,68316875354935
11860;54,228;3,34033555529826
11861;54,232;3,22025020538013
11862;54,236;3,37749695375777
11863;54,240;3,33184467197071
11864;54,244;2,89759663893346
11865;54,248;2,82801550413241
11866;54,252;2,96012041616355
11867;54,257;2,95626092374194
11868;54,261;2,9767713691825
11869;54,265;2,81533431474712
11870;54,269;2,70241659361199
11871;54,273;2,56226188310149
11872;54,277;2,70528364512519
11873;54,281;2,59446107701893
11874;54,285;2,49940729223525
11875;54,289;2,16804230003694
11876;54,294;2,28603249692619
11877;54,298;2,27798269844683
11878;54,302;2,06185112283662
11879;54,306;2,14753185459638
11880;54,310;2,10165903038523
11881;54,314;2,09680709705521
11882;54,318;1,97617039107685
11883;54,322;2,02579243649757
11884;54,327;1,80602191088983
11885;54,331;1,80216241846822
11886;54,335;1,85134337904075
11887;54,339;1,72982450336603
11888;54,343;1,71912819579756
11889;54,347;1,73655104730084
11890;54,351;1,74052081093449
11891;54,355;1,68582628975966
11892;54,360;1,56518958378131
11893;54,364;1,55614734439354
11894;54,368;1,55383164894057
11895;54,372;1,44003175810907
11896;54,376;1,4655044080917
11897;54,380;1,4834786156552
11898;54,384;1,35402021271317
11899;54,388;1,3835728975415
11900;54,393;1,29414294457218
11901;54,397;1,25841507186926
11902;54,401;1,30142084456721
11903;54,405;1,15498067497009
11904;54,409;1,16159694769285
11905;54,413;1,07106428260306
11906;54,417;1,20063295675714
11907;54,421;1,10149913712777
11908;54,426;1,15288552194121
11909;54,430;1,00269613113453
11910;54,434;1,05518522806843
11911;54,438;0,952081644805399
11912;54,442;0,99619012962381
11913;54,446;1,01096647203798
11914;54,450;0,9645422917666
11915;54,454;1,03191800232672
11916;54,458;0,964101206918416
11917;54,463;1,03335152808332
11918;54,467;0,845449382756891
11919;54,471;0,810713950962392
11920;54,475;0,855373791841033
11921;54,479;0,863864675168577
11922;54,483;0,919772179675913
11923;54,487;0,911832652408599
11924;54,491;0,755468073727332
11925;54,496;0,780940723709965
11926;54,500;0,749292885852755
11927;54,504;0,812919375203313
11928;54,508;0,770685500989684
11929;54,512;0,737052781315646
11930;54,516;0,66394296772913
11931;54,520;0,64034492835128
11932;54,524;0,683902057109461
11933;54,529;0,685666396502197
11934;54,533;0,669346257119385
11935;54,537;0,628656179874401
11936;54,541;0,686989651046749
11937;54,545;0,506365405715357
11938;54,549;0,665817578333912
11939;54,553;0,593920748079903
11940;54,557;0,672103037420536
11941;54,562;0,573410302639341
11942;54,566;0,490706893604821
11943;54,570;0,540549481449625
11944;54,574;0,59149478141489
11945;54,578;0,578041693545275
11946;54,582;0,495889640570984
11947;54,586;0,477805161795436
11948;54,590;0,636154622293531
11949;54,595;0,531727784485943
11950;54,599;0,367533949749409
11951;54,603;0,529963445093207
11952;54,607;0,485413875426612
11953;54,611;0,466998583014925
11954;54,615;0,358712252785726
11955;54,619;0,400725584575263
11956;54,623;0,411201349719635
11957;54,627;0,40524670426915
11958;54,632;0,393668227004317
11959;54,636;0,467439667863109
11960;54,640;0,382641105799714
11961;54,644;0,448362748179147
11962;54,648;0,416053283049661
11963;54,652;0,410319180023267
11964;54,656;0,405026161845058
11965;54,660;0,323756278567136
11966;54,665;0,335445027044015
11967;54,669;0,418589520926719
11968;54,673;0,394109311852501
11969;54,677;0,370952357322836
11970;54,681;0,295857661919491
11971;54,685;0,3747015785324
11972;54,689;0,342943469463145
11973;54,693;0,477584619371344
11974;54,698;0,205986624101979
11975;54,702;0,342612655827007
11976;54,706;0,374370764896262
11977;54,710;0,302915019490437
11978;54,714;0,233885240749624
11979;54,718;0,381758936103346
11980;54,722;0,300930137673608
11981;54,726;0,259357890732256
11982;54,731;0,334562857347647
11983;54,735;0,224071102877527
11984;54,739;0,236642021050774
11985;54,743;0,173566887760447
11986;54,747;0,316478378572098
11987;54,751;0,230907918024381
11988;54,755;0,270274740724813
11989;54,759;0,240391242260339
11990;54,764;0,270826096785043
11991;54,768;0,277993725568035
11992;54,772;0,301371222521792
11993;54,776;0,264209824062281
11994;54,780;0,279427251324633
11995;54,784;0,246897243771055
11996;54,788;0,224512187725711
11997;54,792;0,238626902867603
11998;54,797;0,28229430283783
11999;54,801;0,277662911931897
12000;54,805;0,233774969537578
12001;54,809;0,211941269552464
12002;54,813;0,21844727106318
12003;54,817;0,221534865000469
12004;54,821;0,23509822408213
12005;54,825;0,267407689211616
12006;54,829;0,160334342314924
12007;54,834;0,205214725617657
12008;54,838;0,188894586234845
12009;54,842;0,189997298355305
12010;54,846;0,270385011936859
12011;54,850;0,246125345286733
12012;54,854;0,154159154440346
12013;54,858;0,208522861979037
12014;54,862;0,245573989226503
12015;54,867;0,136736302937074
12016;54,871;0,16959712412679
12017;54,875;0,170920378671342
12018;54,879;0,128135148397484
12019;54,883;0,131443284758864
12020;54,887;0,129237860517944
12021;54,891;0,0886580544850059
12022;54,895;0,10354466811122
12023;54,900;0,150630475654873
12024;54,904;0,18790214532643
12025;54,908;0,232782528629163
12026;54,912;0,126039995368609
12027;54,916;0,172905260488171
12028;54,920;0,126811893852931
12029;54,924;0,174118243820677
12030;54,928;0,116556671132651
12031;54,933;0,13045084385045
12032;54,937;0,216462389246351
12033;54,941;0,163863021100396
12034;54,945;0,12019562113017
12035;54,949;0,224732730149803
12036;54,953;0,260019518004532
12037;54,957;0,0993543620534705
12038;54,961;0,278434810416219
12039;54,966;0,175992854425459
12040;54,970;0,158900816558325
12041;54,974;0,195510858957606
12042;54,978;0,150961289291011
12043;54,982;0,174669599880907
12044;54,986;0,125378368096333
12045;54,990;0,134089793847969
12046;54,994;0,0791747302490475
12047;54,998;0,19595194380579
12048;55,003;0,128024877185438
12049;55,007;0,114461518103776
12050;55,011;0,108506872653291
12051;55,015;0,174228515032723
12052;55,019;0,166950615037685
12053;55,023;0,130781657486588
12054;55,027;0,148976407474183
12055;55,031;0,11269717871104
12056;55,036;0,134200065060015
12057;55,040;0,134861692332291
12058;55,044;0,117328569616973
12059;55,048;0,15349752716807
12060;55,052;0,212272083188602
12061;55,056;0,164083563524488
12062;55,060;0,0864526302440853
12063;55,064;0,130120030214312
12064;55,069;0,111484195378534
12065;55,073;0,0884375120609138
12066;55,077;0,142249863539375
12067;55,081;0,108506872653291
12068;55,085;0,097479751448688
12069;55,089;0,150299662018735
12070;55,093;0,118541552949479
12071;55,097;0,126260537792701
12072;55,102;0,141808778691191
12073;55,106;0,149417492322367
12074;55,110;0,093399716602985
12075;55,114;0,0982516499330102
12076;55,118;0,0935099878150311
12077;55,122;0,121629146886768
12078;55,126;0,0824828666104283
12079;55,130;0,127804334761346
12080;55,135;0,146660712021216
12081;55,139;0,072778999950378
12082;55,143;0,0885477832729599
12083;55,147;0,0706838469215034
12084;55,151;0,139382812026178
12085;55,155;0,0847985620633949
12086;55,159;0,15460023928853
12087;55,163;0,0800568999454158
12088;55,167;0,124937283248149
12089;55,172;0,199149808955125
12090;55,176;0,109940398409889
12091;55,180;0,122070231734952
12092;55,184;0,146660712021216
12093;55,188;0,122180502946998
12094;55,192;0,0428955014859046
12095;55,196;0,112586907498994
12096;55,200;0,0645086590469259
12097;55,205;0,10354466811122
12098;55,209;0,103103583263035
12099;55,213;0,0755357802515286
12100;55,217;0,0909737499379724
12101;55,221;0,13045084385045
12102;55,225;0,127473521125207
12103;55,229;0,0911942923620645
12104;55,233;0,0553561484471057
12105;55,238;0,0806082560056459
12106;55,242;0,0807185272176919
12107;55,246;0,141588236267099
12108;55,250;0,103213854475081
12109;55,254;0,0723379151021939
12110;55,258;0,0737714408587922
12111;55,262;0,111263652954441
12112;55,266;0,0631854045023736
12113;55,271;0,131884369607049
12114;55,275;0,0873347999404536
12115;55,279;0,192092451384179
12116;55,283;0,0956051408439056
12117;55,287;0,140154710510501
12118;55,291;0,135633590816613
12119;55,295;0,093399716602985
12120;55,299;0,150961289291011
12121;55,304;0,0577821151121183
12122;55,308;0,111043110530349
12123;55,312;0,0866731726681774
12124;55,316;0,132545996879325
12125;55,320;0,164965733220857
12126;55,324;0,0775206620683571
12127;55,328;0,103765210535312
12128;55,332;0,0605388954132689
12129;55,336;0,0426749590618125
12130;55,341;0,150520204442827
12131;55,345;0,081269883277922
12132;55,349;0,108506872653291
12133;55,353;0,13739793020935
12134;55,357;0,13960335445027
12135;55,361;0,0632956757144196
12136;55,365;0,143242304447789
12137;55,369;0,077189848432219
12138;55,374;0,108617143865337
12139;55,378;0,105970634776232
12140;55,382;0,052819910570047
12141;55,386;0,0436673999702268
12142;55,390;0,102772769626897
12143;55,394;0,101449515082345
12144;55,398;0,133428166575693
12145;55,402;0,0862320878199933
12146;55,407;0,0661627272276163
12147;55,411;0,0575615726880262
12148;55,415;0,0905326650897883
12149;55,419;0,0803877135815538
12150;55,423;0,0833650363067966
12151;55,427;0,077079577220173
12152;55,431;0,133869251423877
12153;55,435;0,0782925605526793
12154;55,440;0,020289903016469
12155;55,444;0,118762095373571
12156;55,448;0,0641778454107878
12157;55,452;0,0823725953983823
12158;55,456;0,0949435135716294
12159;55,460;0,105860363564186
12160;55,464;0,0701324908612733
12161;55,468;0,0860115453959012
12162;55,473;0,0573410302639341
12163;55,477;0,0774103908563111
12164;55,481;0,084908833275441
12165;55,485;0,0935099878150311
12166;55,489;0,0643983878348799
12167;55,493;0,0624135060180514
12168;55,497;0,129127589305898
12169;55,501;0,11324853477127
12170;55,505;0,0962667681161817
12171;55,510;0,076969306008127
12172;55,514;0,0782925605526793
12173;55,518;0,0580026575362103
12174;55,522;0,103213854475081
12175;55,526;0,0921867332704787
12176;55,530;0,0868937150922694
12177;55,534;0,110822568106257
12178;55,538;0,0765282211599429
12179;55,543;0,0661627272276163
12180;55,547;0,0557972332952898
12181;55,551;0,124716740824057
12182;55,555;0,0733303560106081
12183;55,559;0,133648708999785
12184;55,563;0,093289445390939
12185;55,567;0,089319681757282
12186;55,571;0,127032436277023
12187;55,576;0,0928483605427549
12188;55,580;0,110381483258073
12189;55,584;0,178529092302518
12190;55,588;0,0409106196690761
12191;55,592;0,0838061211549807
12192;55,596;0,123393486279504
12193;55,600;0,0629648620782815
12194;55,604;0,0839163923670267
12195;55,609;0,0985824635691483
12196;55,613;0,0791747302490475
12197;55,617;0,0906429363018344
12198;55,621;0,0681476090444448
12199;55,625;0,0964873105402738
12200;55,629;0,0692503211649051
12201;55,633;0,0678167954083067
12202;55,637;0,093289445390939
12203;55,642;0,05689994541575
12204;55,646;0,0801671711574618
12205;55,650;0,0951640559957215
12206;55,654;0,103324125687127
12207;55,658;0,068809236316721
12208;55,662;0,0992440908414245
12209;55,666;0,0599875393530388
12210;55,670;0,127142707489069
12211;55,674;0,0961564969041357
12212;55,679;0,113689619619454
12213;55,683;0,0556869620832437
12214;55,687;0,0755357802515286
12215;55,691;0,0879964272127297
12216;55,695;0,0691400499528591
12217;55,699;0,177977736242288
12218;55,703;0,0276780742235528
12219;55,707;0,0777412044924492
12220;55,712;0,0334121772499462
12221;55,716;0,0790644590370015
12222;55,720;0,0538123514784613
12223;55,724;0,125157825672241
12224;55,728;0,0942818862993533
12225;55,732;0,0773001196442651
12226;55,736;0,076969306008127
12227;55,740;0,0686989651046749
12228;55,745;0,0888785969090979
12229;55,749;0,112917721135132
12230;55,753;0,123283215067458
12231;55,757;0,0629648620782815
12232;55,761;0,0804979847935999
12233;55,765;0,0638470317746498
12234;55,769;0,084908833275441
12235;55,773;0,0442187560304569
12236;55,778;0,0786233741888174
12237;55,782;0,109830127197843
12238;55,786;0,129678945366128
12239;55,790;0,0802774423695078
12240;55,794;0,0764179499478969
12241;55,798;0,0492912317845742
12242;55,802;0,0776309332804032
12243;55,806;0,0632956757144196
12244;55,811;0,104757651443726
12245;55,815;0,0778514757044952
12246;55,819;0,0797260863092777
12247;55,823;0,119975078706078
12248;55,827;0,0439982136063649
12249;55,831;0,0860115453959012
12250;55,835;0,0914148347861566
12251;55,839;0,0831444938827045
12252;55,843;0,0635162181385117
12253;55,848;0,0817109681261062
12254;55,852;0,100567345385977
12255;55,856;0,0808287984297379
12256;55,860;0,0943921575113993
12257;55,864;0,0808287984297379
12258;55,868;0,0424544166377205
12259;55,872;0,102111142354621
12260;55,876;0,0788439166129095
12261;55,881;0,12019562113017
12262;55,885;0,0814904257020141
12263;55,889;0,101780328718483
12264;55,893;0,0990235484173324
12265;55,897;0,0946126999354913
12266;55,901;0,0421236030015824
12267;55,905;0,0907532075138804
12268;55,909;0,0871142575163615
12269;55,914;0,120085349918124
12270;55,918;0,0992440908414245
12271;55,922;0,0556869620832437
12272;55,926;0,0651702863192021
12273;55,930;0,0463139090593314
12274;55,934;0,0600978105650848
12275;55,938;0,110491754470119
12276;55,942;0,0924072756945708
12277;55,947;0,0479679772400218
12278;55,951;0,0836958499429346
12279;55,955;0,0752049666153906
12280;55,959;0,0456522817870553
12281;55,963;0,119423722645847
12282;55,967;0,0468652651195616
12283;55,971;0,0412414333052142
12284;55,975;0,140926608994823
12285;55,980;0,0965975817523198
12286;55,984;0,0645086590469259
12287;55,988;0,0581129287482563
12288;55,992;0,0412414333052142
12289;55,996;0,0746536105551604
12290;56,000;0,0776309332804032
12291;56,004;0,0411311620931682
12292;56,008;0,0792850014610936
12293;56,012;0,0825931378224744
12294;56,017;0,0953845984198135
12295;56,021;0,0234877681658038
12296;56,025;0,0975900226607341
12297;56,029;0,0413517045172602
12298;56,033;0,109609584773751
12299;56,037;0,048739875724344
12300;56,041;0,0952743272077675
12301;56,045;0,0952743272077675
12302;56,050;0,0813801544899681
12303;56,054;0,040690077244984
12304;56,058;0,0758665938876667
12305;56,062;0,0799466287333697
12306;56,066;0,032530007553578
12307;56,070;0,11324853477127
12308;56,074;0,0962667681161817
12309;56,078;0,0776309332804032
12310;56,083;0,0941716150873072
12311;56,087;0,118321010525387
12312;56,091;0,0950537847836755
12313;56,095;0,0441084848184109
12314;56,099;0,115012874164006
12315;56,103;0,0699119484371813
12316;56,107;0,107955516593061
12317;56,111;0,106742533260554
12318;56,116;0,0632956757144196
12319;56,120;0,124385927187919
12320;56,124;0,0501734014809424
12321;56,128;0,107624702956923
12322;56,132;0,103103583263035
12323;56,136;0,0544739787507374
12324;56,140;0,0666038120758004
12325;56,144;0,0795055438851856
12326;56,149;0,0804979847935999
12327;56,153;0,100677616598023
12328;56,157;0,0532609954182311
12329;56,161;0,100787887810069
12330;56,165;0,0679270666203528
12331;56,169;0,0918559196343407
12332;56,173;0,138941727177994
12333;56,177;0,0115784772648329
12334;56,181;0,0320889227053939
12335;56,186;0,11545395901219
12336;56,190;0,136736302937074
12337;56,194;0,122731859007228
12338;56,198;0,0564588605675659
12339;56,202;0,0439982136063649
12340;56,206;0,077189848432219
12341;56,210;0,110491754470119
12342;56,214;0,0694708635889971
12343;56,219;0,135633590816613
12344;56,223;0,1068528044726
12345;56,227;0,110932839318303
12346;56,231;0,0538123514784613
12347;56,235;0,121739418098814
12348;56,239;0,0929586317548009
12349;56,243;0,0634059469264656
12350;56,247;0,162539766555844
12351;56,252;0,0634059469264656
12352;56,256;0,108176059017153
12353;56,260;0,109058228713521
12354;56,264;0,0946126999354913
12355;56,268;0,143132033235743
12356;56,272;0,121188062038584
12357;56,276;0,274354775570516
12358;56,280;0,177316108970012
12359;56,285;0,21734455894272
12360;56,289;0,285381896775118
12361;56,293;0,369408560354191
12362;56,297;0,402048839119815
12363;56,301;0,43049881182769
12364;56,305;0,364556627024166
12365;56,309;0,628325366238263
12366;56,313;0,66504567984959
12367;56,318;0,669677070755523
12368;56,322;0,889227053939163
12369;56,326;1,11252625833237
12370;56,330;1,27749199155323
12371;56,334;1,39823896874362
12372;56,338;1,68825225642468
12373;56,342;1,94981557139785
12374;56,346;2,18436243941975
12375;56,350;2,51010359980372
12376;56,355;2,94898302374691
12377;56,359;3,32401541591544
12378;56,363;3,81439149588413
12379;56,367;4,27234783951128
12380;56,371;5,04171008595641
12381;56,375;5,56549834317504
12382;56,379;6,28446664571514
12383;56,383;6,98865860584107
12384;56,388;7,69571761748019
12385;56,392;8,13768463536067
12386;56,396;9,1334336801363
12387;56,400;10,3320817550766
12388;56,404;11,3241918498547
12389;56,408;12,0376465917925
12390;56,412;12,4646167248347
12391;56,416;13,9948503343975
12392;56,421;14,3948040204884
12393;56,425;15,4908998682259
12394;56,429;16,5682496099156
12395;56,433;17,3918652926874
12396;56,437;18,4054782738144
12397;56,441;19,1767151308644
12398;56,445;20,2704952831489
12399;56,449;20,970276394793
12400;56,454;21,3605262142239
12401;56,458;22,2235087196961
12402;56,462;22,285481140866
12403;56,466;23,2713057765574
12404;56,470;23,7560580247118
12405;56,474;24,4125025500218
12406;56,478;24,9692618996422
12407;56,482;25,0810769086568
12408;56,487;25,5790617022567
12409;56,491;25,7947521930187
12410;56,495;25,0969559631915
12411;56,499;25,093427284406
12412;56,503;24,7392361513142
12413;56,507;25,1238621389307
12414;56,511;24,7219235710229
12415;56,515;24,568646586279
12416;56,519;24,5222224060076
12417;56,524;24,5342419681206
12418;56,528;23,6497565762994
12419;56,532;23,4608619900646
12420;56,536;23,5575698430289
12421;56,540;22,6239034906352
12422;56,544;22,2776518848107
12423;56,548;21,358431061195
12424;56,552;21,4506177944655
12425;56,557;20,3519857088509
12426;56,561;19,5357581972862
12427;56,565;19,4638613670322
12428;56,569;18,8869223856074
12429;56,573;18,2902448572263
12430;56,577;17,9787286831963
12431;56,581;16,7165643901175
12432;56,585;16,3093328040315
12433;56,590;16,3709744115652
12434;56,594;15,4963031576162
12435;56,598;14,9600542534363
12436;56,602;14,2580677175513
12437;56,606;13,8640686769109
12438;56,610;13,289445390939
12439;56,614;12,87019424274
12440;56,618;12,7546300125158
12441;56,623;12,0321330311902
12442;56,627;11,5030517557934
12443;56,631;11,185911749949
12444;56,635;10,6893604821057
12445;56,639;10,3188492096311
12446;56,643;9,86387018872918
12447;56,647;9,70849805095633
12448;56,651;9,24348434975823
12449;56,656;8,49749960026686
12450;56,660;8,65187929713129
12451;56,664;8,10394164447459
12452;56,668;7,62382078722618
12453;56,672;7,52292262820407
12454;56,676;7,47760116005315
12455;56,680;7,19971770569716
12456;56,684;6,71066488027303
12457;56,688;6,53467202584757
12458;56,693;6,3715809032315
12459;56,697;6,4755666561909
12460;56,701;5,96699582623462
12461;56,705;5,77677798545523
12462;56,709;5,42104305539474
12463;56,713;5,46029960688313
12464;56,717;5,05395019049352
12465;56,721;5,08515694350254
12466;56,726;4,85722634820341
12467;56,730;4,81653627095842
12468;56,734;4,4286021469805
12469;56,738;4,2551455304321
12470;56,742;4,29208638646752
12471;56,746;3,94859156094414
12472;56,750;3,96149329275353
12473;56,754;3,67324434446521
12474;56,759;3,71172899746928
12475;56,763;3,59429015664026
12476;56,767;3,4056161128295
12477;56,771;3,38929597344669
12478;56,775;3,19113860539998
12479;56,779;3,13721598270947
12480;56,783;3,27637825231156
12481;56,787;3,02330582066593
12482;56,792;2,86793368289308
12483;56,796;2,71090747693953
12484;56,800;2,65610268455266
12485;56,804;2,70109333906744
12486;56,808;2,44526412712065
12487;56,812;2,36035529384521
12488;56,816;2,47239084528398
12489;56,820;2,28426815753345
12490;56,825;2,20443180001213
12491;56,829;2,18281864245111
12492;56,833;2,03108545467578
12493;56,837;1,978927171378
12494;56,841;2,0816999410049
12495;56,845;1,85057148055643
12496;56,849;1,84803524267937
12497;56,853;1,80591163967779
12498;56,857;1,81594631997398
12499;56,862;1,49968848382597
12500;56,866;1,56077873529947
12501;56,870;1,53100550804704
12502;56,874;1,44841237022457
12503;56,878;1,65472980796268
12504;56,882;1,44378097931863
12505;56,886;1,38721184753902
12506;56,890;1,35975431573956
12507;56,895;1,51766269138947
12508;56,899;1,37717716724283
12509;56,903;1,30053867487084
12510;56,907;1,31884369607049
12511;56,911;1,23283215067458
12512;56,915;1,11098246136372
12513;56,919;1,22301801280249
12514;56,923;1,12785395680677
12515;56,928;1,16336128708559
12516;56,932;1,10999002045531
12517;56,936;0,972702361458006
12518;56,940;0,996520943259948
12519;56,944;0,948001609959696
12520;56,948;1,00567345385977
12521;56,952;0,91403807664952
12522;56,956;0,837840669125715
12523;56,961;0,916353772102486
12524;56,965;0,752821564638228
12525;56,969;0,765943838871705
12526;56,973;0,837950940337761
12527;56,977;0,828577887313848
12528;56,981;0,919772179675913
12529;56,985;0,630751332903276
12530;56,989;0,656223982885908
12531;56,994;0,73859657828429
12532;56,998;0,707389825275265
12533;57,002;0,694488093465879
12534;57,006;0,712352029817336
12535;57,010;0,662288899548439
12536;57,014;0,684122599533553
12537;57,018;0,666589476818234
12538;57,022;0,705956299518666
12539;57,026;0,695921619222478
12540;57,031;0,621268008667317
12541;57,035;0,445936781514134
12542;57,039;0,5023956420817
12543;57,043;0,505593507231035
12544;57,047;0,630420519267138
12545;57,051;0,527978563276378
12546;57,055;0,426087963345849
12547;57,059;0,506144863291265
12548;57,064;0,59370020565581
12549;57,068;0,540218667813487
12550;57,072;0,534705107211186
12551;57,076;0,482877637549553
12552;57,080;0,591274238990798
12553;57,084;0,44439298454549
12554;57,088;0,516620628435637
12555;57,092;0,434909660309531
12556;57,097;0,481333840580909
12557;57,101;0,359704693694141
12558;57,105;0,457956343627151
12559;57,109;0,43634318606613
12560;57,113;0,493904758754156
12561;57,117;0,473173770889503
12562;57,121;0,545291143567605
12563;57,125;0,312618886150487
12564;57,130;0,316588649784144
12565;57,134;0,323204922506906
12566;57,138;0,41164243456782
12567;57,142;0,397307177001836
12568;57,146;0,321661125538261
12569;57,150;0,349559742185906
12570;57,154;0,454979020901908
12571;57,158;0,407893213358255
12572;57,163;0,349780284609998
12573;57,167;0,419140876986949
12574;57,171;0,425646878497665
12575;57,175;0,408334298206439
12576;57,179;0,553451213259011
12577;57,183;0,629097264722585
12578;57,187;0,561280469314279
12579;57,191;0,603955428376091
12580;57,195;0,771016314625822
12581;57,200;0,695259991950202
12582;57,204;0,840597449426865
12583;57,208;0,992551179626291
12584;57,212;1,14097623104024
12585;57,216;1,23966896582144
12586;57,220;1,36096729907207
12587;57,224;1,53651906864934
12588;57,228;1,85685693964305
12589;57,233;2,20013122274234
12590;57,237;2,5632543240099
12591;57,241;3,10920709484978
12592;57,245;3,08847610698513
12593;57,249;3,7415022247217
12594;57,253;4,32185961371994
12595;57,257;4,82249091640891
12596;57,261;5,39799637207712
12597;57,266;6,0869709049407
12598;57,270;6,94576310435516
12599;57,274;7,48774611156139
12600;57,278;8,83867873033726
12601;57,282;9,53239492531882
12602;57,286;10,6417233185019
12603;57,290;11,7037453617171
12604;57,294;13,2451163636965
12605;57,299;14,8997359004472
12606;57,303;16,1052207905343
12607;57,307;17,6508923697835
12608;57,311;19,1702091293536
12609;57,315;20,7797277403775
12610;57,319;22,4583864013541
12611;57,323;24,1048458684134
12612;57,327;26,423077559257
12613;57,332;27,9819816839517
12614;57,336;30,2139812869753
12615;57,340;32,038749303913
12616;57,344;34,1284990433972
12617;57,348;36,4577578554455
12618;57,352;38,7822750053757
12619;57,356;40,5305148011534
12620;57,360;42,3815273665581
12621;57,364;44,8726643178898
12622;57,369;47,4730800403593
12623;57,373;49,2379707891559
12624;57,377;51,4281776028141
12625;57,381;53,3054347166857
12626;57,385;54,9937972443224
12627;57,389;57,9498376256403
12628;57,393;59,0163807885494
12629;57,397;60,7778531297727
12630;57,402;62,3439248832504
12631;57,406;63,8761433746299
12632;57,410;64,1660463910989
12633;57,414;65,8232021657266
12634;57,418;67,1363117587707
12635;57,422;66,5223216500984
12636;57,426;66,986012096752
12637;57,430;67,898837190069
12638;57,435;67,465250784304
12639;57,439;66,9120201134691
12640;57,443;66,406426606238
12641;57,447;64,7784927028026
12642;57,451;65,1337865480148
12643;57,455;63,6381780990346
12644;57,459;63,5227241400224
12645;57,463;61,8128587260367
12646;57,468;60,8893373251512
12647;57,472;58,7370638084369
12648;57,476;57,3960555987451
12649;57,480;56,0543857617811
12650;57,484;54,7858257384036
12651;57,488;53,368399578764
12652;57,492;51,9132606646046
12653;57,496;49,2085283755396
12654;57,501;48,1488220277773
12655;57,505;47,3793495101201
12656;57,509;45,4542346902206
12657;57,513;44,1391402153597
12658;57,517;41,4670482050604
12659;57,521;40,6000959359545
12660;57,525;39,1338196293785
12661;57,529;37,8808078468995
12662;57,533;36,3609397312691
12663;57,538;35,0513588170104
12664;57,542;33,5276312089584
12665;57,546;32,0419471690623
12666;57,550;31,063731247002
12667;57,554;30,0077741204492
12668;57,558;28,4820616305804
12669;57,562;27,2909119980592
12670;57,566;26,2117979169768
12671;57,571;25,4900728341356
12672;57,575;24,7361485573769
12673;57,579;23,8659984231217
12674;57,583;22,4479106362098
12675;57,587;22,196823086381
12676;57,591;21,4534848459787
12677;57,595;20,0840266635791
12678;57,599;19,8176114152759
12679;57,604;18,7264777720804
12680;57,608;17,8084699317973
12681;57,612;17,4352018790215
12682;57,616;16,9911397081121
12683;57,620;16,042145657244
12684;57,624;15,3221849137955
12685;57,628;14,8248617474679
12686;57,632;14,6627630657602
12687;57,637;14,1836346494203
12688;57,641;13,3681790363399
12689;57,645;12,9149643548307
12690;57,649;12,3819133158002
12691;57,653;12,1620325189804
12692;57,657;11,7479641177476
12693;57,661;11,4568481179461
12694;57,665;10,6268367048756
12695;57,670;10,5422586852363
12696;57,674;9,99410049015554
12697;57,678;9,8619955781244
12698;57,682;9,60296850102828
12699;57,686;9,13133852710742
12700;57,690;8,81684503035215
12701;57,694;8,75211582888113
12702;57,698;8,37609099580418
12703;57,702;8,27817015950731
12704;57,707;7,82881497041975
12705;57,711;7,38519388435858
12706;57,715;7,52799510395819
12707;57,719;7,15538867845466
12708;57,723;6,94091117102514
12709;57,727;6,64251727122859
12710;57,731;6,61869868942664
12711;57,735;6,52673249858026
12712;57,740;6,43013491682794
12713;57,744;6,03966455497296
12714;57,748;5,78648185211528
12715;57,752;5,51995633260003
12716;57,756;5,62581669616422
12717;57,760;5,18142371161873
12718;57,764;5,49701992049446
12719;57,768;4,8533668557818
12720;57,773;5,28739434639496
12721;57,777;4,64870348622437
12722;57,781;4,64219748471365
12723;57,785;4,57063146809578
12724;57,789;4,31557415463332
12725;57,793;4,2496319698298
12726;57,797;3,94748884882368
12727;57,801;4,09139278054375
12728;57,806;3,88617805492609
12729;57,810;3,92245728368923
12730;57,814;3,92797084429154
12731;57,818;3,6236222990445
12732;57,822;3,49636932034338
12733;57,826;3,38841380375032
12734;57,830;3,49063521731699
12735;57,834;3,45314300522134
12736;57,839;3,27185713261767
12737;57,843;3,1308202524108
12738;57,847;2,78500973143446
12739;57,851;2,79647793748725
12740;57,855;3,08108793577805
12741;57,859;2,80441746475456
12742;57,863;2,8311030980697
12743;57,867;2,80132987081728
12744;57,871;2,76086033599638
12745;57,876;2,50602356495801
12746;57,880;2,39839886200109
12747;57,884;2,41460873017186
12748;57,888;2,21567946364082
12749;57,892;2,30345534842946
12750;57,896;2,08897784099994
12751;57,900;2,16804230003694
12752;57,904;2,12613923945945
12753;57,909;2,27092534087588
12754;57,913;1,90846386688059
12755;57,917;1,96801032138545
12756;57,921;1,93680356837642
12757;57,925;1,85310771843349
12758;57,929;1,84494764874208
12759;57,933;1,85983426236829
12760;57,937;1,87593385932701
12761;57,942;1,54236344288778
12762;57,946;1,72971423215398
12763;57,950;1,6571557746277
12764;57,954;1,53662933986139
12765;57,958;1,43198195962971
12766;57,962;1,52747682926157
12767;57,966;1,47664180050835
12768;57,970;1,50917180806193
12769;57,975;1,46770983233262
12770;57,979;1,46605576415193
12771;57,983;1,52913089744226
12772;57,987;1,30969118547067
12773;57,991;1,33935414151105
12774;57,995;1,13215453407656
12775;57,999;1,28862938396987
12776;58,003;1,27252978701115
12777;58,008;1,32579078242939
12778;58,012;1,20813139917627
12779;58,016;1,18464363101047
12780;58,020;1,11815009014672
12781;58,024;1,154760132546
12782;58,028;1,14582816437027
12783;58,032;1,24165384763827
12784;58,036;1,24396954309123
12785;58,040;1,15950179466398
12786;58,045;1,28421853548803
12787;58,049;1,1990891597885
12788;58,053;1,42514514448286
12789;58,057;1,26591351428839
12790;58,061;1,31928478091867
12791;58,065;1,49990902625006
12792;58,069;1,58459731710141
12793;58,073;1,50641502776078
12794;58,078;1,53034388077477
12795;58,082;1,70942432913751
12796;58,086;1,71063731247002
12797;58,090;2,05545539253795
12798;58,094;2,30654294236675
12799;58,098;2,48463094982109
12800;58,102;2,81643702686758
12801;58,106;2,94324892072051
12802;58,111;3,27946584624885
12803;58,115;3,58502737482839
12804;58,119;3,85728699737003
12805;58,123;4,45396452575109
12806;58,127;4,82866610428349
12807;58,131;5,41707329176109
12808;58,135;5,82243026724228
12809;58,139;6,28424610329104
12810;58,144;6,74661329540004
12811;58,148;7,48796665398548
12812;58,152;8,20098031107509
12813;58,156;8,74671253949088
12814;58,160;9,73760965093648
12815;58,164;9,91834416747992
12816;58,168;11,0869984727437
12817;58,172;11,7799427692409
12818;58,177;12,690562438317
12819;58,181;13,2580180955059
12820;58,185;13,9224021480832
12821;58,189;14,7595811899367
12822;58,193;16,1400664935409
12823;58,197;17,2023090791802
12824;58,201;17,764692260615
12825;58,205;18,406911799571
12826;58,209;19,2175154793214
12827;58,214;19,8014015471051
12828;58,218;20,524780698127
12829;58,222;21,205043805239
12830;58,226;21,9768320183491
12831;58,230;22,6495966830419
12832;58,234;23,4868859961074
12833;58,238;23,5536000793953
12834;58,242;24,4621245954425
12835;58,247;24,4626759515027
12836;58,251;24,8723335042537
12837;58,255;24,9840382420563
12838;58,259;25,3005166206284
12839;58,263;25,1295962419571
12840;58,267;25,2172618555337
12841;58,271;24,8578879754757
12842;58,275;25,6711381643151
12843;58,280;25,1463574661881
12844;58,284;25,4171835629731
12845;58,288;25,1428287874026
12846;58,292;24,712550517999
12847;58,296;24,1920703971418
12848;58,300;23,631892639948
12849;58,304;23,2659024871672
12850;58,308;23,2563088917192
12851;58,313;22,6679017042416
12852;58,317;22,2550462863413
12853;58,321;21,5730188398366
12854;58,325;21,1904880052489
12855;58,329;20,6158647192771
12856;58,333;20,9635498508582
12857;58,337;19,8364677925357
12858;58,341;18,6380402600195
12859;58,346;18,5852203494495
12860;58,350;17,9006566650677
12861;58,354;17,489124501712
12862;58,358;16,8749138506156
12863;58,362;16,3754955312591
12864;58,366;16,2015978298625
12865;58,370;15,1105744578792
12866;58,374;14,7338879975299
12867;58,378;14,5576746006804
12868;58,383;13,8724492890264
12869;58,387;13,2863577970017
12870;58,391;12,7506602488821
12871;58,395;12,2878519719249
12872;58,399;12,0361027948239
12873;58,403;11,7668204950075
12874;58,407;11,0115729637042
12875;58,411;10,646795794256
12876;58,416;10,4231657762266
12877;58,420;10,1678879203401
12878;58,424;9,68478974036643
12879;58,428;9,4815598965656
12880;58,432;8,97122472721659
12881;58,436;8,98280320448142
12882;58,440;8,53477126993841
12883;58,444;8,06225912632119
12884;58,449;8,0064618930259
12885;58,453;7,5345011054689
12886;58,457;7,52755401911
12887;58,461;7,31627437682981
12888;58,465;6,71717088178375
12889;58,469;6,53654663645236
12890;58,473;6,46630387437904
12891;58,477;6,10395267159579
12892;58,482;6,01683841407943
12893;58,486;5,78085802030093
12894;58,490;5,54686250833926
12895;58,494;5,50683405836655
12896;58,498;5,26919959640736
12897;58,502;5,10004355712876
12898;58,506;4,94279680875112
12899;58,510;4,86207828153343
12900;58,515;4,81256650732477
12901;58,519;4,58320238626903
12902;58,523;4,31491252736105
12903;58,527;4,298041031918
12904;58,531;4,05368002602401
12905;58,535;4,11995302446367
12906;58,539;3,81637637770096
12907;58,543;3,64336084600074
12908;58,547;3,88463425795745
12909;58,552;3,8416284852595
12910;58,556;3,66519454598585
12911;58,560;3,36999851133864
12912;58,564;3,36845471436999
12913;58,568;3,07314840851073
12914;58,572;3,17151032965579
12915;58,576;3,17878822965083
12916;58,580;3,06609105093979
12917;58,585;2,9242822722486
12918;58,589;2,80651261778344
12919;58,593;2,92362064497632
12920;58,597;2,81500350111098
12921;58,601;2,86473581774374
12922;58,605;2,61166338609811
12923;58,609;2,68333967392803
12924;58,613;2,62125698154611
12925;58,618;2,44989551802659
12926;58,622;2,39023879230969
12927;58,626;2,15503029701551
12928;58,630;2,32804582871573
12929;58,634;2,21766434545765
12930;58,638;2,07673773646283
12931;58,642;2,21446648030832
12932;58,646;2,08886756978789
12933;58,651;1,9374651956487
12934;58,655;1,97672174713708
12935;58,659;1,86292185630558
12936;58,663;1,66145635189749
12937;58,667;1,99050564864284
12938;58,671;1,79653858665388
12939;58,675;1,64271024584967
12940;58,679;1,67667377915984
12941;58,684;1,50884099442579
12942;58,688;1,53618825501321
12943;58,692;1,48425051413953
12944;58,696;1,36096729907207
12945;58,700;1,46219627173032
12946;58,704;1,6183403079875
12947;58,708;1,37585391269828
12948;58,712;1,47686234293244
12949;58,716;1,27363249913161
12950;58,721;1,3600851293757
12951;58,725;1,29248887639149
12952;58,729;1,25113717187422
12953;58,733;1,11186463106009
12954;58,737;1,05386197352388
12955;58,741;1,16071477799648
12956;58,745;1,058934449278
12957;58,749;1,18817230979594
12958;58,754;1,11329815681669
12959;58,758;1,02640444172442
12960;58,762;1,07679838562946
12961;58,766;1,11362897045283
12962;58,770;0,981303515997596
12963;58,774;1,1296182961995
12964;58,778;0,94844269480788
12965;58,782;0,877869119098423
12966;58,787;0,99674148568404
12967;58,791;0,830231955494539
12968;58,795;0,833760634280012
12969;58,799;0,829460057010217
12970;58,803;0,893307088784866
12971;58,807;0,605830038980874
12972;58,811;0,760650820693496
12973;58,815;0,756681057059839
12974;58,820;0,663281340456854
12975;58,824;0,703971417701838
12976;58,828;0,659421848035243
12977;58,832;0,666699748030281
12978;58,836;0,678719310143297
12979;58,840;0,705074129822298
12980;58,844;0,693054567709281
12981;58,848;0,569661081429777
12982;58,853;0,576608167788676
12983;58,857;0,706617926790942
12984;58,861;0,671551681360306
12985;58,865;0,552127958714458
12986;58,869;0,586091492024635
12987;58,873;0,574513014759802
12988;58,877;0,568337826885224
12989;58,881;0,594913188988317
12990;58,885;0,433145320916795
12991;58,890;0,49269177542165
12992;58,894;0,395322295185008
12993;58,898;0,541762464782132
12994;58,902;0,378891884590149
12995;58,906;0,469314278467892
12996;58,910;0,500851845113056
12997;58,914;0,465344514834235
12998;58,918;0,361027948238693
12999;58,923;0,464572616349913
13000;58,927;0,388375208826108
13001;58,931;0,476371636038838
13002;58,935;0,448803833027331
13003;58,939;0,412965689112372
13004;58,943;0,354080861879793
13005;58,947;0,364556627024166
13006;58,951;0,445164883029812
13007;58,956;0,443290272425029
13008;58,960;0,462036378472854
13009;58,964;0,358601981573681
13010;58,968;0,411201349719635
13011;58,972;0,424764708801297
13012;58,976;0,436453457278176
13013;58,980;0,392786057307949
13014;58,984;0,411752705779866
13015;58,989;0,270274740724813
13016;58,993;0,399402330030711
13017;58,997;0,281853217989646
13018;59,001;0,294313864950847
13019;59,005;0,282073760413738
13020;59,009;0,256160025582921
13021;59,013;0,30864912251683
13022;59,017;0,346141334612479
13023;59,022;0,340517502798132
13024;59,026;0,296078204343583
13025;59,030;0,259027077096118
13026;59,034;0,256380568007013
13027;59,038;0,347354317944986
13028;59,042;0,330482822501944
13029;59,046;0,288469490712407
13030;59,050;0,129017318093852
13031;59,054;0,251308092252896
13032;59,059;0,238516631655557
13033;59,063;0,28229430283783
13034;59,067;0,303135561914529
13035;59,071;0,306553969487956
13036;59,075;0,333460145227186
13037;59,079;0,185255636237326
13038;59,083;0,312839428574579
13039;59,087;0,29784254373632
13040;59,092;0,217454830154766
13041;59,096;0,170920378671342
13042;59,100;0,292880339194248
13043;59,104;0,305671799791587
13044;59,108;0,232892799841209
13045;59,112;0,176764752909782
13046;59,116;0,262996840729775
13047;59,120;0,150851018078965
13048;59,125;0,219219169547502
13049;59,129;0,17874963472661
13050;59,133;0,200914148347862
13051;59,137;0,268510401332076
13052;59,141;0,175662040789321
13053;59,145;0,168604683218376
13054;59,149;0,268620672544122
13055;59,153;0,229694934691875
13056;59,158;0,219108898335456
13057;59,162;0,214256965005431
13058;59,166;0,212933710460879
13059;59,170;0,120857248402446
13060;59,174;0,204994183193565
13061;59,178;0,251969719525172
13062;59,182;0,077189848432219
13063;59,186;0,164304105948581
13064;59,191;0,148755865050091
13065;59,195;0,172353904427941
13066;59,199;0,159011087770371
13067;59,203;0,28560243919921
13068;59,207;0,157026205953543
13069;59,211;0,191100010475765
13070;59,215;0,123283215067458
13071;59,219;0,1942978756251
13072;59,223;0,192092451384179
13073;59,228;0,114461518103776
13074;59,232;0,166178716553363
13075;59,236;0,191651366535995
13076;59,240;0,191100010475765
13077;59,244;0,194628689261238
13078;59,248;0,115564230224237
13079;59,252;0,224401916513665
13080;59,256;0,133428166575693
13081;59,261;0,146329898385078
13082;59,265;0,167832784734053
13083;59,269;0,159121358982417
13084;59,273;0,114130704467638
13085;59,277;0,173346345336355
13086;59,281;0,118762095373571
13087;59,285;0,236311207414636
13088;59,289;0,145227186264618
13089;59,294;0,124496198399965
13090;59,298;0,153056442319886
13091;59,302;0,107514431744877
13092;59,306;0,223519746817297
13093;59,310;0,187461060478246
13094;59,314;0,117879925677203
13095;59,318;0,182388584724129
13096;59,322;0,162208952919706
13097;59,327;0,0734406272226541
13098;59,331;0,117879925677203
13099;59,335;0,178859905938656
13100;59,339;0,0780720181285873
13101;59,343;0,156805663529451
13102;59,347;0,123614028703597
13103;59,351;0,194959502897376
13104;59,355;0,131994640819095
13105;59,360;0,120085349918124
13106;59,364;0,224843001361849
13107;59,368;0,107404160532831
13108;59,372;0,137287658997304
13109;59,376;0,1540488832283
13110;59,380;0,0836958499429346
13111;59,384;0,0881066984247757
13112;59,388;0,141588236267099
13113;59,392;0,168384140794284
13114;59,397;0,167281428673823
13115;59,401;0,236862563474866
13116;59,405;0,1137998908315
13117;59,409;0,149527763534413
13118;59,413;0,0836958499429346
13119;59,417;0,0678167954083067
13120;59,421;0,163973292312442
13121;59,425;0,133317895363647
13122;59,430;0,0563485893555199
13123;59,434;0,150409933230781
13124;59,438;0,213485066521109
13125;59,442;0,160554884739016
13126;59,446;0,148976407474183
13127;59,450;0,0871142575163615
13128;59,454;0,128686504457714
13129;59,458;0,134641149908199
13130;59,463;0,085239646911579
13131;59,467;0,104206295383496
13132;59,471;0,155923493833082
13133;59,475;0,13850064232981
13134;59,479;0,116446399920605
13135;59,483;0,134641149908199
13136;59,487;0,1276940635493
13137;59,491;0,0885477832729599
13138;59,496;0,0695811348010432
13139;59,500;0,117659383253111
13140;59,504;0,106411719624416
13141;59,508;0,0874450711524996
13142;59,512;0,0722276438901478
13143;59,516;0,076859034796081
13144;59,520;0,0605388954132689
13145;59,524;0,115123145376052
13146;59,529;0,121739418098814
13147;59,533;0,0914148347861566
13148;59,537;0,112476636286948
13149;59,541;0,0518274696616328
13150;59,545;0,0372716696715572
13151;59,549;0,0948332423595834
13152;59,553;0,0938408014511692
13153;59,557;0,0721173726781018
13154;59,561;0,0548047923868755
13155;59,566;0,0679270666203528
13156;59,570;0,0640675741987418
13157;59,574;0,085239646911579
13158;59,578;0,109830127197843
13159;59,582;0,0639573029866958
13160;59,586;0,125157825672241
13161;59,590;0,0878861560006837
13162;59,594;0,0754255090394826
13163;59,599;0,104757651443726
13164;59,603;0,0878861560006837
13165;59,607;0,0583334711723484
13166;59,611;0,130561115062496
13167;59,615;0,155041324136714
13168;59,619;0,109058228713521
13169;59,623;0,121739418098814
13170;59,627;0,0786233741888174
13171;59,632;0,0732200847985621
13172;59,636;0,0935099878150311
13173;59,640;0,0398079075486158
13174;59,644;0,0978105650848261
13175;59,648;0,0792850014610936
13176;59,652;0,0854601893356711
13177;59,656;0,0559075045073358
13178;59,660;0,093068902966847
13179;59,665;0,117769654465157
13180;59,669;0,0999057181137007
13181;59,673;0,139162269602086
13182;59,677;0,167391699885869
13183;59,681;0,0896504953934201
13184;59,685;0,141698507479145
13185;59,689;0,128686504457714
13186;59,693;0,0963770393282278
13187;59,698;0,168163598370191
13188;59,702;0,126922165064977
13189;59,706;0,080939069641784
13190;59,710;0,0937305302391231
13191;59,714;0,172023090791802
13192;59,718;0,0471960787556996
13193;59,722;0,0563485893555199
13194;59,726;0,125709181732471
13195;59,731;0,0885477832729599
13196;59,735;0,0872245287284075
13197;59,739;0,103324125687127
13198;59,743;0,156695392317405
13199;59,747;0,0432263151220427
13200;59,751;0,0854601893356711
13201;59,755;0,0602080817771309
13202;59,759;0,0582231999603024
13203;59,763;0,133428166575693
13204;59,768;0,0860115453959012
13205;59,772;0,101890599930529
13206;59,776;0,167722513522007
13207;59,780;0,0656113711673862
13208;59,784;0,101780328718483
13209;59,788;0,0715660166178717
13210;59,792;0,107955516593061
13211;59,796;0,102552227202805
13212;59,801;0,073109813586516
13213;59,805;0,0668243544998925
13214;59,809;0,122731859007228
13215;59,813;0,116666942344697
13216;59,817;0,0424544166377205
13217;59,821;0,0863423590320393
13218;59,825;0,11324853477127
13219;59,829;0,0977002938727801
13220;59,834;0,0640675741987418
13221;59,838;0,0710146605576415
13222;59,842;0,144014202932112
13223;59,846;0,0820417817622442
13224;59,850;0,117990196889249
13225;59,854;0,0460933666352394
13226;59,858;0,0473063499677457
13227;59,862;0,113138263559224
13228;59,867;0,106521990836462
13229;59,871;0,0829239514586125
13230;59,875;0,131112471122726
13231;59,879;0,139382812026178
13232;59,883;0,121959960522906
13233;59,887;0,101118701446207
13234;59,891;0,0828136802465664
13235;59,895;0,10354466811122
13236;59,900;0,097369480236642
13237;59,904;0,100126260537793
13238;59,908;0,0935099878150311
13239;59,912;0,0756460514635747
13240;59,916;0,0381538393679254
13241;59,920;0,125157825672241
13242;59,924;0,097369480236642
13243;59,928;0,0745433393431144
13244;59,932;0,108837686289429
13245;59,937;0,0765282211599429
13246;59,941;0,0793952726731396
13247;59,945;0,134751421120245
13248;59,949;0,0831444938827045
13249;59,953;0,145888813536894
13250;59,957;0,117549112041065
13251;59,961;0,105639821140094
13252;59,965;0,0417927893654443
13253;59,970;0,0739919832828843
13254;59,974;0,0683681514685369
13255;59,978;0,106411719624416
13256;59,982;0,0952743272077675
13257;59,986;0,125709181732471
13258;59,990;0,0942818862993533
13259;59,994;0,0870039863043155
13260;59,998;0,0753152378274366
13261;60,003;0,0961564969041357
13262;60,007;0,145116915052572
13263;60,011;0,0804979847935999
13264;60,015;0,0481885196641139
13265;60,019;0,135633590816613
13266;60,023;0,103434396899174
13267;60,027;0,0921867332704787
13268;60,031;0,115123145376052
13269;60,036;0,0895402241813741
13270;60,040;0,0881066984247757
13271;60,044;0,101780328718483
13272;60,048;0,0501734014809424
13273;60,052;0,0666038120758004
13274;60,056;0,110822568106257
13275;60,060;0,0424544166377205
13276;60,064;0,0804979847935999
13277;60,069;0,127032436277023
13278;60,073;0,0224953272573895
13279;60,077;0,0499528590568503
13280;60,081;0,110160940833981
13281;60,085;0,0755357802515286
13282;60,089;0,0517171984495868
13283;60,093;0,0799466287333697
13284;60,097;0,105088465079864
13285;60,101;0,093068902966847
13286;60,106;0,0790644590370015
13287;60,110;0,0703530332853654
13288;60,114;0,0788439166129095
13289;60,118;0,125598910520425
13290;60,122;0,0438879423943188
13291;60,126;0,0587745560205325
13292;60,130;0,0793952726731396
13293;60,134;0,0458728242111473
13294;60,139;0,0355073302788208
13295;60,143;0,0602080817771309
13296;60,147;0,113579348407408
13297;60,151;0,00441084848184109
13298;60,155;0,0833650363067966
13299;60,159;0,0249212939224021
13300;60,163;0,144675830204388
13301;60,167;0,0597669969289467
13302;60,172;0,109389042349659
13303;60,176;0,0846882908513489
13304;60,180;0,0714557454058256
13305;60,184;0,0582231999603024
13306;60,188;0,0466447226954695
13307;60,192;0,0585540135964404
13308;60,196;0,08104934085383
13309;60,200;0,135633590816613
13310;60,205;0,0777412044924492
13311;60,209;0,111153381742395
13312;60,213;0,0556869620832437
13313;60,217;0,0259137348308164
13314;60,221;0,0409106196690761
13315;60,225;0,0616416075337292
13316;60,229;0,0685886938926289
13317;60,233;0,0720071014660558
13318;60,238;0,0910840211500185
13319;60,242;0,119533993857893
13320;60,246;0,121408604462676
13321;60,250;0,088988868121144
13322;60,254;0,154159154440346
13323;60,258;0,0999057181137007
13324;60,262;0,121739418098814
13325;60,266;0,0492912317845742
13326;60,270;0,11159446659058
13327;60,275;0,064729201471018
13328;60,279;0,112256093862856
13329;60,283;0,0613107938975911
13330;60,287;0,0452111969388712
13331;60,291;0,0449906545147791
13332;60,295;0,105860363564186
13333;60,299;0,056789674203704
13334;60,303;0,105309007503956
13335;60,308;0,0798363575213237
13336;60,312;0,116225857496513
13337;60,316;0,152835899895794
13338;60,320;0,0263548196790005
13339;60,324;0,048519333300252
13340;60,328;0,0748741529792525
13341;60,332;0,0807185272176919
13342;60,336;0,0532609954182311
13343;60,341;0,0502836726929884
13344;60,345;0,109609584773751
13345;60,349;0,0529301817820931
13346;60,353;0,0916353772102486
13347;60,357;0,0520480120857248
13348;60,361;0,0559075045073358
13349;60,365;0,0745433393431144
13350;60,369;0,110602025682165
13351;60,374;0,107293889320784
13352;60,378;0,0524890969339089
13353;60,382;0,154820781712622
13354;60,386;0,146440169597124
13355;60,390;0,101559786294391
13356;60,394;0,0911942923620645
13357;60,398;0,0594361832928087
13358;60,402;0,0360586863390509
13359;60,407;0,0796158150972316
13360;60,411;0,102111142354621
13361;60,415;0,0425646878497665
13362;60,419;0,0834753075188426
13363;60,423;0,0958256832679976
13364;60,427;0,0545842499627835
13365;60,431;0,0886580544850059
13366;60,435;0,0286705151319671
13367;60,439;0,0946126999354913
13368;60,444;0,0759768650997127
13369;60,448;0,056679402991658
13370;60,452;0,0240391242260339
13371;60,456;0,0733303560106081
13372;60,460;0,0298834984644734
13373;60,464;0,0703530332853654
13374;60,468;0,0739919832828843
13375;60,472;0,0604286242012229
13376;60,477;0,0488501469363901
13377;60,481;0,126150266580655
13378;60,485;0,0990235484173324
13379;60,489;0,0868937150922694
13380;60,493;0,0990235484173324
13381;60,497;0,0758665938876667
13382;60,501;0,0936202590270771
13383;60,505;0,028560243919921
13384;60,510;0,0760871363117588
13385;60,514;0,0602080817771309
13386;60,518;0,106963075684646
13387;60,522;0,131222742334772
13388;60,526;0,0417927893654443
13389;60,530;0,0940613438752612
13390;60,534;0,0995749044775626
13391;60,538;0,0596567257169007
13392;60,543;0,0571204878398421
13393;60,547;0,0964873105402738
13394;60,551;0,110160940833981
13395;60,555;0,0786233741888174
13396;60,559;0,0886580544850059
13397;60,563;0,0466447226954695
13398;60,567;0,016320139382812
13399;60,571;0,118651824161525
13400;60,576;0,0709043893455955
13401;60,580;0,0878861560006837
13402;60,584;0,106632262048508
13403;60,588;0,0705735757094574
13404;60,592;0,106191177200324
13405;60,596;0,0517171984495868
13406;60,600;0,142029321115283
13407;60,604;0,128024877185438
13408;60,608;0,0413517045172602
13409;60,613;0,0626340484421435
13410;60,617;0,0336327196740383
13411;60,621;0,0458728242111473
13412;60,625;0,0531507242061851
13413;60,629;0,0823725953983823
13414;60,633;0,0652805575312481
13415;60,637;0,117438840829019
13416;60,641;0,0512761136014027
13417;60,646;0,0706838469215034
13418;60,650;0,0838061211549807
13419;60,654;0,0592156408687166
13420;60,658;0,0799466287333697
13421;60,662;0,0802774423695078
13422;60,666;0,0574513014759802
13423;60,670;0,135743862028659
13424;60,674;0,0865629014561314
13425;60,679;0,102221413566667
13426;60,683;0,0715660166178717
13427;60,687;0,0635162181385117
13428;60,691;0,0807185272176919
13429;60,695;0,0320889227053939
13430;60,699;0,0780720181285873
13431;60,703;0,0583334711723484
13432;60,707;0,0398079075486158
13433;60,712;0,0791747302490475
13434;60,716;0,0950537847836755
13435;60,720;0,08909913933319
13436;60,724;0,0877758847886377
13437;60,728;0,130781657486588
13438;60,732;0,113027992347178
13439;60,736;0,0797260863092777
13440;60,740;0,060649166625315
13441;60,745;0,052819910570047
13442;60,749;0,0918559196343407
13443;60,753;0,0841369347911188
13444;60,757;0,0623032348060054
13445;60,761;0,040359263608846
13446;60,765;0,0855704605477171
13447;60,769;0,040469534820892
13448;60,773;0,0349559742185906
13449;60,777;0,0717865590419637
13450;60,782;0,0706838469215034
13451;60,786;0,040579806032938
13452;60,790;0,0604286242012229
13453;60,794;0,0961564969041357
13454;60,798;0,0610902514734991
13455;60,802;0,107624702956923
13456;60,806;0,0662729984396623
13457;60,810;0,028339701495829
13458;60,815;0,0871142575163615
13459;60,819;0,0746536105551604
13460;60,823;0,089319681757282
13461;60,827;0,0967078529643659
13462;60,831;0,0412414333052142
13463;60,835;0,0505042151170805
13464;60,839;0,0701324908612733
13465;60,843;0,109940398409889
13466;60,848;0,0785131029767714
13467;60,852;0,080939069641784
13468;60,856;0,0617518787457752
13469;60,860;0,0659421848035243
13470;60,864;0,0336327196740383
13471;60,868;0,0721173726781018
13472;60,872;0,0628545908662355
13473;60,876;0,0921867332704787
13474;60,881;0,0331916348258542
13475;60,885;0,0695811348010432
13476;60,889;0,0645086590469259
13477;60,893;0,0895402241813741
13478;60,897;0,0754255090394826
13479;60,901;0,0940613438752612
13480;60,905;0,0802774423695078
13481;60,909;0,060869709049407
13482;60,914;0,0704633044974114
13483;60,918;0,0604286242012229
13484;60,922;0,0586642848084865
13485;60,926;0,133207624151601
13486;60,930;0,0925175469066168
13487;60,934;0,0937305302391231
13488;60,938;0,0484090620882059
13489;60,942;0,0359484151270049
13490;60,946;0,0872245287284075
13491;60,951;0,0498425878448043
13492;60,955;0,0678167954083067
13493;60,959;0,0576718439000722
13494;60,963;0,0919661908463867
13495;60,967;0,103213854475081
13496;60,971;0,076969306008127
13497;60,975;0,128686504457714
13498;60,979;0,0640675741987418
13499;60,984;0,0454317393629632
13500;60,988;0,0481885196641139
13501;60,992;0,0857910029718092
13502;60,996;0,0587745560205325
13503;61,000;0,131663827182956
13504;61,004;0,0514966560254947
13505;61,008;0,0551356060230136
13506;61,012;0,0511658423893566
13507;61,017;0,107734974168969
13508;61,021;0,0988030059932404
13509;61,025;0,0583334711723484
13510;61,029;0,0629648620782815
13511;61,033;0,0922970044825248
13512;61,037;0,125819452944517
13513;61,041;0,102111142354621
13514;61,045;0,0600978105650848
13515;61,050;0,076859034796081
13516;61,054;0,140816337782777
13517;61,058;0,064729201471018
13518;61,062;0,0426749590618125
13519;61,066;0,0723379151021939
13520;61,070;0,0521582832977709
13521;61,074;0,124606469612011
13522;61,078;0,064839472683064
13523;61,083;0,0954948696318596
13524;61,087;0,118762095373571
13525;61,091;0,0795055438851856
13526;61,095;0,112917721135132
13527;61,099;0,126039995368609
13528;61,103;0,199811436227401
13529;61,107;0,259357890732256
13530;61,111;0,2678487740598
13531;61,115;0,254616228614277
13532;61,120;0,310964817969797
13533;61,124;0,278765624052357
13534;61,128;0,476922992099068
13535;61,132;0,467329396651063
13536;61,136;0,50074157390101
13537;61,140;0,758555667664621
13538;61,144;0,852837553963974
13539;61,148;0,953956255410181
13540;61,153;1,12024524317559
13541;61,157;1,38511669451015
13542;61,161;1,70137453065815
13543;61,165;1,83270754420497
13544;61,169;2,14885510914093
13545;61,173;2,21137888637103
13546;61,177;2,67308445120775
13547;61,181;2,93178071466773
13548;61,186;3,59186418997524
13549;61,190;3,92179565641696
13550;61,194;4,43378489394666
13551;61,198;4,74111076191894
13552;61,202;5,2585032888389
13553;61,206;6,00228261408935
13554;61,210;6,62950526820716
13555;61,214;7,26014632989839
13556;61,219;8,06446455056211
13557;61,223;8,37664235186441
13558;61,227;9,29101124215007
13559;61,231;9,89706182355503
13560;61,235;10,7141715048161
13561;61,239;11,3287129695486
13562;61,243;12,1027066068997
13563;61,247;13,1498420364887
13564;61,252;13,430813084782
13565;61,256;14,4391330477309
13566;61,260;15,1021938457637
13567;61,264;15,5734930060484
13568;61,268;16,4106720479018
13569;61,272;16,8287102127683
13570;61,276;17,3128008336504
13571;61,280;17,9341791135297
13572;61,284;18,5876463161145
13573;61,289;18,6651669781828
13574;61,293;19,0304955036913
13575;61,297;19,5946430245188
13576;61,301;20,071896830254
13577;61,305;20,8759945084936
13578;61,309;20,5692199965816
13579;61,313;21,0731594356319
13580;61,317;21,3626213672528
13581;61,322;21,1495773855798
13582;61,326;21,0315871886906
13583;61,330;21,3114555248634
13584;61,334;20,7914164888543
13585;61,338;20,6270021116937
13586;61,342;20,1980470968347
13587;61,346;20,4139581300208
13588;61,350;20,5052626935949
13589;61,355;20,1826091271482
13590;61,359;19,535317112438
13591;61,363;19,0674363597267
13592;61,367;18,7069597675483
13593;61,371;18,7141273963313
13594;61,375;18,2712782087544
13595;61,379;17,8409999393508
13596;61,383;17,4310115729637
13597;61,388;16,9084362990776
13598;61,392;16,4910597614834
13599;61,396;15,9124667118779
13600;61,400;15,4974058697366
13601;61,404;14,8588252807781
13602;61,408;14,5140072007101
13603;61,412;13,8121309360372
13604;61,416;13,9156756041484
13605;61,421;13,1653902773872
13606;61,425;12,8623649866848
13607;61,429;12,4975878172365
13608;61,433;11,7724443268218
13609;61,437;11,5259881678989
13610;61,441;11,4993025345838
13611;61,445;10,8104382729323
13612;61,449;10,2987798490387
13613;61,453;10,2379101399893
13614;61,458;9,73319880245464
13615;61,462;9,23609617855115
13616;61,466;9,17434429980537
13617;61,470;8,7918134652177
13618;61,474;8,42472060031648
13619;61,478;8,15786426716509
13620;61,482;7,70586256898843
13621;61,486;7,44198355856228
13622;61,491;7,19188844964189
13623;61,495;7,12263812847699
13624;61,499;6,98325531645081
13625;61,503;6,61472892579299
13626;61,507;6,19084638668806
13627;61,511;5,8703982444823
13628;61,515;5,76486869455426
13629;61,519;5,74182201123664
13630;61,524;5,51642765381456
13631;61,528;5,25321027066069
13632;61,532;5,05913293745968
13633;61,536;4,81003026944771
13634;61,540;4,71166834830265
13635;61,544;4,55453187113706
13636;61,548;4,50325575753566
13637;61,552;4,35185338339646
13638;61,557;4,09062088205942
13639;61,561;3,9525613245778
13640;61,565;3,92554487762652
13641;61,569;3,55492333393983
13642;61,573;3,50397803397456
13643;61,577;3,51081484912141
13644;61,581;3,11902123272188
13645;61,585;3,15265395239592
13646;61,590;3,31706832955654
13647;61,594;3,12762238726147
13648;61,598;2,95725336465036
13649;61,602;2,81334943293029
13650;61,606;2,9269287813377
13651;61,610;2,81224672080983
13652;61,614;2,68675808150145
13653;61,618;2,64077498607826
13654;61,622;2,66922495878613
13655;61,627;2,36421478626682
13656;61,631;2,42177635895485
13657;61,635;2,38516631655557
13658;61,639;2,2192081424263
13659;61,643;2,1803926757861
13660;61,647;1,99943761681857
13661;61,651;2,07817126221943
13662;61,655;1,99226998803557
13663;61,660;1,91419796990699
13664;61,664;1,79819265483457
13665;61,668;1,84902768358778
13666;61,672;1,78110061696743
13667;61,676;1,64028427918465
13668;61,680;1,56452795650903
13669;61,684;1,73313263972741
13670;61,688;1,50343770503553
13671;61,693;1,50376851867167
13672;61,697;1,42867382326833
13673;61,701;1,44543504749932
13674;61,705;1,34497797332539
13675;61,709;1,27848443246164
13676;61,713;1,32634213848962
13677;61,717;1,13832972195114
13678;61,721;1,05650848261299
13679;61,726;1,19390641282234
13680;61,730;1,16424345678196
13681;61,734;1,25753290217289
13682;61,738;1,08705360834974
13683;61,742;1,10160940833981
13684;61,746;0,866621455469728
13685;61,750;0,988360873568542
13686;61,754;0,942267506933303
13687;61,759;0,893858444845097
13688;61,763;0,901356887264226
13689;61,767;0,800568999454157
13690;61,771;0,774324450987203
13691;61,775;0,817109681261062
13692;61,779;0,802553881270986
13693;61,783;0,711580131333014
13694;61,787;0,694267551041787
13695;61,791;0,698457857099536
13696;61,796;0,622701534423916
13697;61,800;0,707059011639126
13698;61,804;0,693495652557465
13699;61,808;0,599103495046066
13700;61,812;0,594472104140133
13701;61,816;0,717645047995545
13702;61,820;0,588738001113739
13703;61,824;0,791857573702521
13704;61,829;0,643101708652431
13705;61,833;0,610130616250669
13706;61,837;0,607484107161564
13707;61,841;0,568227555673178
13708;61,845;0,552458772350596
13709;61,849;0,452332511812804
13710;61,853;0,524229342066813
13711;61,857;0,50129292996124
13712;61,862;0,510114626924922
13713;61,866;0,597228884441283
13714;61,870;0,476040822402699
13715;61,874;0,511768695105612
13716;61,878;0,425205793649481
13717;61,882;0,400946126999355
13718;61,886;0,443951899697306
13719;61,890;0,472842957253365
13720;61,895;0,420353860319456
13721;61,899;0,36554906793258
13722;61,903;0,388816293674292
13723;61,907;0,302694477066345
13724;61,911;0,332577975530818
13725;61,915;0,334783399771739
13726;61,919;0,405026161845058
13727;61,923;0,249323210436068
13728;61,928;0,318352989176881
13729;61,932;0,329931466441713
13730;61,936;0,40469534820892
13731;61,940;0,352206251275011
13732;61,944;0,349780284609998
13733;61,948;0,446267595150272
13734;61,952;0,352316522487057
13735;61,956;0,287256507379901
13736;61,960;0,384184902768359
13737;61,965;0,212713168036786
13738;61,969;0,234436596809854
13739;61,973;0,28284565889806
13740;61,977;0,303135561914529
13741;61,981;0,2678487740598
13742;61,985;0,31669892099619
13743;61,989;0,267076875575478
13744;61,993;0,295196034647215
13745;61,998;0,285161354351026
13746;62,002;0,25230053316131
13747;62,006;0,257373008915428
13748;62,010;0,294975492223123
13749;62,014;0,387934123977924
13750;62,018;0,232231172568933
13751;62,022;0,211830998340418
13752;62,026;0,201906589256276
13753;62,031;0,16209868170766
13754;62,035;0,277221827083712
13755;62,039;0,216021304398167
13756;62,043;0,297070645251997
13757;62,047;0,222086221060699
13758;62,051;0,224843001361849
13759;62,055;0,208412590766991
13760;62,059;0,189445942295075
13761;62,064;0,18624807714574
13762;62,068;0,323976820991228
13763;62,072;0,19484923168533
13764;62,076;0,252079990737218
13765;62,080;0,17985234684707
13766;62,084;0,164524648372673
13767;62,088;0,163642478676304
13768;62,092;0,255057313462461
13769;62,097;0,188894586234845
13770;62,101;0,128576233245668
13771;62,105;0,182829669572313
13772;62,109;0,206207166526071
13773;62,113;0,1609959695872
13774;62,117;0,201465504408092
13775;62,121;0,132215183243187
13776;62,125;0,0632956757144196
13777;62,129;0,20345038622492
13778;62,134;0,150851018078965
13779;62,138;0,159672715042647
13780;62,142;0,174007972608631
13781;62,146;0,162208952919706
13782;62,150;0,164855462008811
13783;62,154;0,14434501656825
13784;62,158;0,130671386274542
13785;62,162;0,149858577170551
13786;62,167;0,192974621080548
13787;62,171;0,234987952870084
13788;62,175;0,0721173726781018
13789;62,179;0,159782986254693
13790;62,183;0,116887484768789
13791;62,187;0,206537980162209
13792;62,191;0,109830127197843
13793;62,195;0,11159446659058
13794;62,200;0,109609584773751
13795;62,204;0,0670448969239845
13796;62,208;0,133869251423877
13797;62,212;0,16265003776789
13798;62,216;0,156254307469221
13799;62,220;0,165847902917225
13800;62,224;0,17180254836771
13801;62,228;0,112256093862856
13802;62,233;0,133538437787739
13803;62,237;0,121077790826538
13804;62,241;0,165406818069041
13805;62,245;0,113138263559224
13806;62,249;0,116997755980835
13807;62,253;0,167171157461777
13808;62,257;0,128907046881806
13809;62,261;0,132325454455233
13810;62,266;0,103654939323266
13811;62,270;0,123724299915643
13812;62,274;0,133538437787739
13813;62,278;0,056789674203704
13814;62,282;0,134751421120245
13815;62,286;0,12019562113017
13816;62,290;0,0684784226805829
13817;62,294;0,0995749044775626
13818;62,298;0,113469077195362
13819;62,303;0,127804334761346
13820;62,307;0,189335671083029
13821;62,311;0,107514431744877
13822;62,315;0,0788439166129095
13823;62,319;0,146881254445308
13824;62,323;0,106411719624416
13825;62,327;0,0979208362968722
13826;62,331;0,0914148347861566
13827;62,336;0,133979522635923
13828;62,340;0,0833650363067966
13829;62,344;0,130009759002266
13830;62,348;0,0975900226607341
13831;62,352;0,150189390806689
13832;62,356;0,145557999900756
13833;62,360;0,08909913933319
13834;62,364;0,130891928698634
13835;62,369;0,129789216578174
13836;62,373;0,0941716150873072
13837;62,377;0,116115586284467
13838;62,381;0,168163598370191
13839;62,385;0,100457074173931
13840;62,389;0,106742533260554
13841;62,393;0,0570102166277961
13842;62,397;0,0963770393282278
13843;62,402;0,076969306008127
13844;62,406;0,109278771137613
13845;62,410;0,145557999900756
13846;62,414;0,180844787755485
13847;62,418;0,0642881166228339
13848;62,422;0,0980311075089182
13849;62,426;0,146660712021216
13850;62,430;0,106411719624416
13851;62,435;0,0960462256920897
13852;62,439;0,0741022544949303
13853;62,443;0,140044439298455
13854;62,447;0,0653908287432941
13855;62,451;0,0865629014561314
13856;62,455;0,146660712021216
13857;62,459;0,0741022544949303
13858;62,463;0,0469755363316076
13859;62,467;0,0573410302639341
13860;62,472;0,127142707489069
13861;62,476;0,0511658423893566
13862;62,480;0,052819910570047
13863;62,484;0,109058228713521
13864;62,488;0,151512645351241
13865;62,492;0,120085349918124
13866;62,496;0,104206295383496
13867;62,500;0,0352867878547287
13868;62,505;0,134200065060015
13869;62,509;0,142139592327329
13870;62,513;0,0532609954182311
13871;62,517;0,157467290801727
13872;62,521;0,0249212939224021
13873;62,525;0,0592156408687166
13874;62,529;0,110491754470119
13875;62,533;0,0755357802515286
13876;62,538;0,0602080817771309
13877;62,542;0,0294424136162893
13878;62,546;0,101118701446207
13879;62,550;0,111373924166487
13880;62,554;0,143352575659835
13881;62,558;0,0888785969090979
13882;62,562;0,0308759393728876
13883;62,566;0,0956051408439056
13884;62,571;0,060759437837361
13885;62,575;0,081269883277922
13886;62,579;0,0589950984446246
13887;62,583;0,160665155951062
13888;62,587;0,0873347999404536
13889;62,591;0,060649166625315
13890;62,595;0,0602080817771309
13891;62,599;0,0668243544998925
13892;62,604;0,044770112090687
13893;62,608;0,0758665938876667
13894;62,612;0,0723379151021939
13895;62,616;0,11214582265081
13896;62,620;0,12824541960953
13897;62,624;0,0915251059982026
13898;62,628;0,133317895363647
13899;62,632;0,129127589305898
13900;62,636;0,0682578802564908
13901;62,641;0,0652805575312481
13902;62,645;0,0555766908711977
13903;62,649;0,0828136802465664
13904;62,653;0,0836958499429346
13905;62,657;0,0696914060130892
13906;62,661;0,114682060527868
13907;62,665;0,0423441454256744
13908;62,669;0,0223850560453435
13909;62,674;0,0269061757392306
13910;62,678;0,0910840211500185
13911;62,682;0,0559075045073358
13912;62,686;0,0990235484173324
13913;62,690;0,0839163923670267
13914;62,694;0,116115586284467
13915;62,698;0,107293889320784
13916;62,702;0,0793952726731396
13917;62,707;0,0347354317944986
13918;62,711;0,0743227969190223
13919;62,715;0,0745433393431144
13920;62,719;0,0894299529693281
13921;62,723;0,109940398409889
13922;62,727;0,0562383181434739
13923;62,731;0,0953845984198135
13924;62,735;0,0388154666402016
13925;62,740;0,144675830204388
13926;62,744;0,0951640559957215
13927;62,748;0,0709043893455955
13928;62,752;0,118541552949479
13929;62,756;0,0759768650997127
13930;62,760;0,116005315072421
13931;62,764;0,0272369893753687
13932;62,768;0,0610902514734991
13933;62,773;0,0748741529792525
13934;62,777;0,12240104537109
13935;62,781;0,0876656135765916
13936;62,785;0,119203180221755
13937;62,789;0,0620826923819133
13938;62,793;0,0667140832878465
13939;62,797;0,0720071014660558
13940;62,801;0,0791747302490475
13941;62,805;0,153828340804208
13942;62,810;0,0927380893307089
13943;62,814;0,0288910575560591
13944;62,818;0,0840266635790727
13945;62,822;0,0802774423695078
13946;62,826;0,0499528590568503
13947;62,830;0,0330813636138082
13948;62,834;0,0576718439000722
13949;62,838;0,0650600151071561
13950;62,843;0,0594361832928087
13951;62,847;0,048629604512298
13952;62,851;0,060869709049407
13953;62,855;0,0830342226706585
13954;62,859;0,0723379151021939
13955;62,863;0,0357278727029128
13956;62,867;0,0473063499677457
13957;62,871;0,06494974389511
13958;62,876;0,0348457030065446
13959;62,880;0,0501734014809424
13960;62,884;0,0550253348109676
13961;62,888;0,0437776711822728
13962;62,892;0,0522685545098169
13963;62,896;0,0672654393480766
13964;62,900;0,088988868121144
13965;62,904;0,0158790545346279
13966;62,909;0,0756460514635747
13967;62,913;0,0645086590469259
13968;62,917;0,133979522635923
13969;62,921;0,0866731726681774
13970;62,925;0,0617518787457752
13971;62,929;0,0474166211797917
13972;62,933;0,0703530332853654
13973;62,937;0,0788439166129095
13974;62,942;0,109499313561705
13975;62,946;0,0859012741838552
13976;62,950;0,0656113711673862
13977;62,954;0,0638470317746498
13978;62,958;0,107073346896692
13979;62,962;0,0744330681310684
13980;62,966;0,123614028703597
13981;62,970;0,0301040408885654
13982;62,974;0,0657216423794322
13983;62,979;0,125929724156563
13984;62,983;0,0499528590568503
13985;62,987;0,136736302937074
13986;62,991;0,0602080817771309
13987;62,995;0,0817109681261062
13988;62,999;0,064839472683064
13989;63,003;0,0348457030065446
13990;63,007;0,104978193867818
13991;63,012;0,052819910570047
13992;63,016;0,0172023090791802
13993;63,020;0,0307656681608416
13994;63,024;0,0822623241863363
13995;63,028;0,0686989651046749
13996;63,032;0,0980311075089182
13997;63,036;0,102883040838943
13998;63,040;0,0517171984495868
13999;63,045;0,127914605973392
14000;63,049;0,0678167954083067
14001;63,053;0,0904223938777423
14002;63,057;0,0476371636038838
14003;63,061;0,0593259120807626
14004;63,065;0,104978193867818
14005;63,069;0,0530404529941391
14006;63,073;0,137508201421396
14007;63,078;0,0480782484520679
14008;63,082;0,0587745560205325
14009;63,086;0,111484195378534
14010;63,090;0,102331684778713
14011;63,094;0,0855704605477171
14012;63,098;0,0828136802465664
14013;63,102;0,115895043860375
14014;63,106;0,206979065010393
14015;63,111;0,13960335445027
14016;63,115;0,137839015057534
14017;63,119;0,170369022611112
14018;63,123;0,255277855886553
14019;63,127;0,190328111991443
14020;63,131;0,218557542275226
14021;63,135;0,342943469463145
14022;63,139;0,349339199761814
14023;63,143;0,446377866362318
14024;63,148;0,457074173930783
14025;63,152;0,579475219301873
14026;63,156;0,647402285922226
14027;63,160;0,805310661572137
14028;63,164;0,985163008419207
14029;63,168;1,07790109774992
14030;63,172;1,22158448704589
14031;63,176;1,46396061112306
14032;63,181;1,78551146544927
14033;63,185;1,9540058774556
14034;63,189;2,24082129998732
14035;63,193;2,69613113452537
14036;63,197;3,13324621907582
14037;63,201;3,51544624002735
14038;63,205;4,04948971996626
14039;63,209;4,73857452404188
14040;63,214;5,35995280392124
14041;63,218;6,15997044731517
14042;63,222;7,22596225416412
14043;63,226;7,7302325068506
14044;63,230;9,28593876639595
14045;63,234;10,2022925384984
14046;63,238;11,1634164226916
14047;63,242;12,7350017367716
14048;63,247;13,7532461088046
14049;63,251;15,1874334926752
14050;63,255;16,5912962932332
14051;63,259;18,186369375479
14052;63,263;19,6347817457036
14053;63,267;20,9364231326949
14054;63,271;23,6408246081237
14055;63,275;25,6830474552161
14056;63,280;27,2836340980642
14057;63,284;30,0882721052428
14058;63,288;31,6476173147857
14059;63,292;33,459483599914
14060;63,296;35,9516129921542
14061;63,300;38,6666005039394
14062;63,304;41,5186551322979
14063;63,308;42,7309768375319
14064;63,312;45,8842924172001
14065;63,317;47,6728914765867
14066;63,321;50,4343031686433
14067;63,325;52,1703028598839
14068;63,329;54,755721697515
14069;63,333;57,7138572318618
14070;63,337;60,3939990406405
14071;63,341;61,6836208655187
14072;63,345;64,6149604953383
14073;63,350;65,7874742930237
14074;63,354;68,0932453369061
14075;63,358;69,5992192798187
14076;63,362;70,5045459307166
14077;63,366;72,8980928593877
14078;63,370;72,5217372126746
14079;63,374;74,3242304447789
14080;63,378;75,472043490966
14081;63,383;75,9045271846106
14082;63,387;75,500714006098
14083;63,391;75,8997855224926
14084;63,395;76,8788836142492
14085;63,399;76,4369165963688
14086;63,403;76,3116484994845
14087;63,407;75,2404739456694
14088;63,411;76,5010944417796
14089;63,416;75,5463662878851
14090;63,420;74,4719938689206
14091;63,424;72,4074962369949
14092;63,428;72,0108506872653
14093;63,432;70,7697481956873
14094;63,436;69,6185167419268
14095;63,440;68,9995644287124
14096;63,444;68,4132523942637
14097;63,449;67,3105402738034
14098;63,453;66,4729201471018
14099;63,457;65,3111026569849
14100;63,461;63,9573029866958
14101;63,465;63,277480964432
14102;63,469;62,0635051910173
14103;63,473;62,2321098742357
14104;63,477;60,0395873651245
14105;63,481;59,578322885136
14106;63,486;58,0611012785947
14107;63,490;57,8644877075166
14108;63,494;56,2128454934912
14109;63,498;55,7565432180448
14110;63,502;54,5979235930772
14111;63,506;53,4196756923654
14112;63,510;52,8378847776105
14113;63,514;52,3917274536723
14114;63,519;51,7809352101494
14115;63,523;50,9404480319345
14116;63,527;50,4411399837901
14117;63,531;50,4119181125979
14118;63,535;48,7235555849612
14119;63,539;47,8424886007135
14120;63,543;46,9313175755771
14121;63,547;47,0768755754779
14122;63,552;45,6174360840487
14123;63,556;44,6929222422548
14124;63,560;43,3921630249599
14125;63,564;42,8261408935276
14126;63,568;41,8893869471966
14127;63,572;40,5812395586946
14128;63,576;39,863373968275
14129;63,580;38,8421522735167
14130;63,585;37,671402815224
14131;63,589;37,2092561655391
14132;63,593;36,2234315298477
14133;63,597;35,5924596545203
14134;63,601;33,9931962662168
14135;63,605;33,2364049379449
14136;63,609;32,5988167898947
14137;63,613;31,0459775818626
14138;63,618;30,8925903259066
14139;63,622;29,269177542165
14140;63,626;28,8248948288315
14141;63,630;28,1297451080934
14142;63,634;27,4960164524648
14143;63,638;26,0255498398311
14144;63,642;25,2715152918603
14145;63,646;25,1817545252549
14146;63,650;23,9791366866809
14147;63,655;23,4101372325234
14148;63,659;22,5213512634324
14149;63,663;21,749011694262
14150;63,667;20,7319803055615
14151;63,671;20,6592013056112
14152;63,675;19,2803700701876
14153;63,679;18,6269028676029
14154;63,683;18,4120945465372
14155;63,688;17,89646635901
14156;63,692;17,151474050427
14157;63,696;16,720203340115
14158;63,700;16,1685164662487
14159;63,704;15,6641359423502
14160;63,708;14,9907096503851
14161;63,712;14,3687800144455
14162;63,716;14,1020339525062
14163;63,721;13,7773955042427
14164;63,725;13,0078127153735
14165;63,729;12,8254241306493
14166;63,733;12,4717843536177
14167;63,737;11,7412375738128
14168;63,741;11,4300522134189
14169;63,745;11,1200798363575
14170;63,749;10,8627068274421
14171;63,754;10,3406829096162
14172;63,758;10,1520088658054
14173;63,762;10,160499749133
14174;63,766;9,43083513902443
14175;63,770;9,45222775416136
14176;63,774;9,084804075624
14177;63,778;8,97475340600206
14178;63,782;8,72543019556599
14179;63,787;8,31819860948002
14180;63,791;8,08673933539541
14181;63,795;7,73420227048426
14182;63,799;7,54828500697465
14183;63,803;7,41595955251942
14184;63,807;7,4734108539954
14185;63,811;6,68618467119881
14186;63,815;6,74043810752546
14187;63,819;6,45373295620579
14188;63,824;6,32449509568784
14189;63,828;6,20826923819133
14190;63,832;5,88991624901445
14191;63,836;5,82959789602527
14192;63,840;5,52183094320481
14193;63,844;5,51753036593502
14194;63,848;5,16984523435389
14195;63,852;5,39082874329413
14196;63,857;4,88457360879082
14197;63,861;4,77353049826047
14198;63,865;4,70273638012692
14199;63,869;4,52586135600509
14200;63,873;4,66965501651311
14201;63,877;4,34689117885439
14202;63,881;4,21688141985213
14203;63,885;4,08852572903055
14204;63,890;4,07452128510071
14205;63,894;4,0773883366139
14206;63,898;3,83115272011512
14207;63,902;3,61921145056266
14208;63,906;3,60961785511465
14209;63,910;3,59484151270049
14210;63,914;3,54577082334
14211;63,918;3,25366238263008
14212;63,923;3,33570416439232
14213;63,927;3,13765706755766
14214;63,931;3,20635603266233
14215;63,935;2,88491544954816
14216;63,939;3,03940541762465
14217;63,943;2,98504171008596
14218;63,947;2,91479894801264
14219;63,951;2,99463530553396
14220;63,956;2,65533078606834
14221;63,960;2,60736280882831
14222;63,964;2,50017919071957
14223;63,968;2,5620413406774
14224;63,972;2,44041219379063
14225;63,976;2,37777814534848
14226;63,980;2,21612054848901
14227;63,984;2,23475638332479
14228;63,988;2,21325349697581
14229;63,993;2,24015967271504
14230;63,997;2,16936555458149
14231;64,001;1,88629935325934
14232;64,005;1,8584007366117
14233;64,009;1,95169018200264
14234;64,013;1,95852699714949
14235;64,017;1,99392405621626
14236;64,021;1,84990985328415
14237;64,026;1,72298768821918
14238;64,030;1,71692277155664
14239;64,034;1,71317355034708
14240;64,038;1,47156932475423
14241;64,042;1,57467290801727
14242;64,046;1,56441768529699
14243;64,050;1,540488832283
14244;64,054;1,47090769748196
14245;64,059;1,45282321870641
14246;64,063;1,50564312927646
14247;64,067;1,35644617937818
14248;64,071;1,37464092936578
14249;64,075;1,30902955819839
14250;64,079;1,28454934912417
14251;64,083;1,30649332032133
14252;64,087;1,13083127953201
14253;64,092;1,29226833396739
14254;64,096;1,36659113088642
14255;64,100;1,1159446659058
14256;64,104;1,23172943855412
14257;64,108;1,03555695232424
14258;64,112;1,12939775377541
14259;64,116;1,03588776596038
14260;64,120;1,01228972658253
14261;64,125;0,91679485695067
14262;64,129;1,07746001290173
14263;64,133;1,02651471293647
14264;64,137;1,06047824624664
14265;64,141;0,972481819033914
14266;64,145;0,924513841793892
14267;64,149;0,92263923118911
14268;64,153;0,828908700949987
14269;64,157;0,979759719028952
14270;64,162;0,879412916067067
14271;64,166;0,895512513025787
14272;64,170;0,850080773662824
14273;64,174;0,848757519118271
14274;64,178;0,711359588908921
14275;64,182;0,782705063102701
14276;64,186;0,734516543438587
14277;64,190;0,810162594902162
14278;64,195;0,743227969190223
14279;64,199;0,764841126751245
14280;64,203;0,648284455618594
14281;64,207;0,728451626776056
14282;64,211;0,785902928252036
14283;64,215;0,566132402644304
14284;64,219;0,609027904130208
14285;64,223;0,644424963196983
14286;64,228;0,643983878348799
14287;64,232;0,534153751150956
14288;64,236;0,754255090394826
14289;64,240;0,572087048094789
14290;64,244;0,601860275347217
14291;64,248;0,56789674203704
14292;64,252;0,5356975481196
14293;64,256;0,57539518445617
14294;64,261;0,493132860269834
14295;64,265;0,455089292113954
14296;64,269;0,465344514834235
14297;64,273;0,499749132992595
14298;64,277;0,466998583014925
14299;64,281;0,459830954231933
14300;64,285;0,412524604264188
14301;64,289;0,43965132242751
14302;64,294;0,495889640570984
14303;64,298;0,455199563326
14304;64,302;0,40690077244984
14305;64,306;0,345148893704065
14306;64,310;0,42134630122787
14307;64,314;0,426308505769941
14308;64,318;0,455530376962138
14309;64,322;0,415943011837615
14310;64,326;0,426970133042217
14311;64,331;0,467770481499247
14312;64,335;0,494125301178248
14313;64,339;0,409988366387129
14314;64,343;0,318022175540742
14315;64,347;0,36499771187235
14316;64,351;0,33334987401514
14317;64,355;0,393999040640455
14318;64,359;0,387823852765878
14319;64,364;0,2817429467776
14320;64,368;0,348677572489538
14321;64,372;0,378230257317873
14322;64,376;0,335775840680153
14323;64,380;0,365328525508488
14324;64,384;0,397307177001836
14325;64,388;0,37359886641194
14326;64,392;0,279206708900541
14327;64,397;0,293321424042432
14328;64,401;0,325410346747826
14329;64,405;0,359043066421865
14330;64,409;0,316257836148006
14331;64,413;0,316037293723914
14332;64,417;0,239509072563971
14333;64,421;0,316368107360052
14334;64,425;0,288800304348545
14335;64,430;0,29089545737742
14336;64,434;0,282955930110106
14337;64,438;0,313611327058901
14338;64,442;0,268289858907984
14339;64,446;0,316478378572098
14340;64,450;0,22870249378346
14341;64,454;0,238957716503741
14342;64,458;0,285712710411257
14343;64,463;0,207420149858577
14344;64,467;0,326623330080333
14345;64,471;0,220983508940239
14346;64,475;0,227268968026862
14347;64,479;0,250205380132436
14348;64,483;0,256711381643151
14349;64,487;0,296409017979721
14350;64,491;0,32254329523463
14351;64,495;0,180624245331393
14352;64,500;0,269723384664583
14353;64,504;0,267407689211616
14354;64,508;0,210838557432004
14355;64,512;0,234326325597808
14356;64,516;0,268179587695938
14357;64,520;0,187461060478246
14358;64,524;0,310192919485475
14359;64,528;0,16375274988835
14360;64,533;0,224732730149803
14361;64,537;0,242376124077168
14362;64,541;0,169156039278606
14363;64,545;0,230687375600289
14364;64,549;0,198708724106941
14365;64,553;0,188784315022799
14366;64,557;0,203119572588782
14367;64,561;0,188122687750522
14368;64,566;0,225284086210034
14369;64,570;0,222086221060699
14370;64,574;0,241935039228984
14371;64,578;0,206427708950163
14372;64,582;0,125929724156563
14373;64,586;0,174779871092953
14374;64,590;0,167832784734053
14375;64,594;0,108176059017153
14376;64,599;0,163532207464258
14377;64,603;0,108176059017153
14378;64,607;0,131333013546818
14379;64,611;0,226055984694356
14380;64,615;0,238957716503741
14381;64,619;0,227820324087092
14382;64,623;0,20069360592377
14383;64,627;0,227268968026862
14384;64,632;0,291557084649696
14385;64,636;0,216021304398167
14386;64,640;0,160113799890832
14387;64,644;0,111043110530349
14388;64,648;0,138280099905718
14389;64,652;0,174228515032723
14390;64,656;0,175220955941137
14391;64,660;0,214256965005431
14392;64,665;0,171030649883388
14393;64,669;0,178859905938656
14394;64,673;0,196834113502159
14395;64,677;0,213926151369293
14396;64,681;0,199480622591263
14397;64,685;0,130230301426358
14398;64,689;0,183932381692773
14399;64,693;0,151071560503057
14400;64,697;0,162760308979936
14401;64,702;0,1873507892662
14402;64,706;0,206207166526071
14403;64,710;0,175772312001367
14404;64,714;0,0992440908414245
14405;64,718;0,131994640819095
14406;64,722;0,173787430184539
14407;64,726;0,141919049903237
14408;64,730;0,212272083188602
14409;64,735;0,168935496854514
14410;64,739;0,171140921095434
14411;64,743;0,196723842290113
14412;64,747;0,182057771087991
14413;64,751;0,156364578681267
14414;64,755;0,123614028703597
14415;64,759;0,143683389295973
14416;64,763;0,158459731710141
14417;64,768;0,0992440908414245
14418;64,772;0,148425051413953
14419;64,776;0,14544772868871
14420;64,780;0,186689161993924
14421;64,784;0,158459731710141
14422;64,788;0,14765315292963
14423;64,792;0,176764752909782
14424;64,796;0,134200065060015
14425;64,801;0,118100468101295
14426;64,805;0,158459731710141
14427;64,809;0,182278313512083
14428;64,813;0,144234745356204
14429;64,817;0,108617143865337
14430;64,821;0,16044461352697
14431;64,825;0,100457074173931
14432;64,829;0,133648708999785
14433;64,834;0,107624702956923
14434;64,838;0,153938612016254
14435;64,842;0,0864526302440853
14436;64,846;0,0855704605477171
14437;64,850;0,115343687800144
14438;64,854;0,102441955990759
14439;64,858;0,16320139382812
14440;64,862;0,163973292312442
14441;64,866;0,154159154440346
14442;64,871;0,176213396849551
14443;64,875;0,0860115453959012
14444;64,879;0,0860115453959012
14445;64,883;0,152615357471702
14446;64,887;0,140485524146639
14447;64,891;0,158349460498095
14448;64,895;0,107514431744877
14449;64,899;0,226055984694356
14450;64,904;0,106963075684646
14451;64,908;0,136405489300936
14452;64,912;0,234657139233946
14453;64,916;0,126150266580655
14454;64,920;0,125157825672241
14455;64,924;0,146109355960986
14456;64,928;0,0737714408587922
14457;64,932;0,158570002922187
14458;64,937;0,154269425652392
14459;64,941;0,181726957451853
14460;64,945;0,161106240799246
14461;64,949;0,134641149908199
14462;64,953;0,0706838469215034
14463;64,957;0,118321010525387
14464;64,961;0,104757651443726
14465;64,965;0,0956051408439056
14466;64,970;0,134200065060015
14467;64,974;0,13100219991068
14468;64,978;0,145337457476664
14469;64,982;0,128135148397484
14470;64,986;0,0723379151021939
14471;64,990;0,12129833325063
14472;64,994;0,116997755980835
14473;64,998;0,16044461352697
14474;65,003;0,120967519614492
14475;65,007;0,13739793020935
14476;65,011;0,110271212046027
14477;65,015;0,165958174129271
14478;65,019;0,131222742334772
14479;65,023;0,193084892292594
14480;65,027;0,181506415027761
14481;65,031;0,163532207464258
14482;65,035;0,191982180172133
14483;65,040;0,158018646861957
14484;65,044;0,104757651443726
14485;65,048;0,107514431744877
14486;65,052;0,10464738023168
14487;65,056;0,127363249913161
14488;65,060;0,150079119594643
14489;65,064;0,127363249913161
14490;65,068;0,168604683218376
14491;65,073;0,171471734731572
14492;65,077;0,060979980261453
14493;65,081;0,0694708635889971
14494;65,085;0,0765282211599429
14495;65,089;0,126481080216793
14496;65,093;0,179080448362748
14497;65,097;0,104757651443726
14498;65,101;0,157798104437865
14499;65,106;0,123393486279504
14500;65,110;0,184152924116865
14501;65,114;0,0571204878398421
14502;65,118;0,0845780196393029
14503;65,122;0,198267639258757
14504;65,126;0,123393486279504
14505;65,130;0,0677065241962607
14506;65,134;0,120857248402446
14507;65,139;0,124496198399965
14508;65,143;0,120416163554262
14509;65,147;0,134089793847969
14510;65,151;0,0926278181186629
14511;65,155;0,0733303560106081
14512;65,159;0,0907532075138804
14513;65,163;0,13629521808889
14514;65,167;0,0667140832878465
14515;65,172;0,0795055438851856
14516;65,176;0,157908375649911
14517;65,180;0,125378368096333
14518;65,184;0,0834753075188426
14519;65,188;0,10409602417145
14520;65,192;0,103103583263035
14521;65,196;0,111484195378534
14522;65,200;0,116887484768789
14523;65,204;0,107183618108738
14524;65,209;0,168163598370191
14525;65,213;0,08104934085383
14526;65,217;0,188674043810753
14527;65,221;0,165627360493133
14528;65,225;0,0867834438802234
14529;65,229;0,139823896874363
14530;65,233;0,140706066570731
14531;65,237;0,0907532075138804
14532;65,242;0,114682060527868
14533;65,246;0,164083563524488
14534;65,250;0,0804979847935999
14535;65,254;0,160775427163108
14536;65,258;0,0275678030115068
14537;65,262;0,132435725667279
14538;65,266;0,130120030214312
14539;65,270;0,0482987908761599
14540;65,275;0,0922970044825248
14541;65,279;0,088988868121144
14542;65,283;0,0575615726880262
14543;65,287;0,111815009014672
14544;65,291;0,0945024287234453
14545;65,295;0,0960462256920897
14546;65,299;0,0984721923571023
14547;65,303;0,106521990836462
14548;65,308;0,0939510726632152
14549;65,312;0,13629521808889
14550;65,316;0,0981413787209642
14551;65,320;0,102883040838943
14552;65,324;0,0646189302589719
14553;65,328;0,115895043860375
14554;65,332;0,0745433393431144
14555;65,336;0,0793952726731396
14556;65,341;0,102000871142575
14557;65,345;0,0602080817771309
14558;65,349;0,163091122616074
14559;65,353;0,100787887810069
14560;65,357;0,0995749044775626
14561;65,361;0,12019562113017
14562;65,365;0,0887683256970519
14563;65,369;0,0997954469016546
14564;65,373;0,0344046181583605
14565;65,378;0,0985824635691483
14566;65,382;0,136184946876844
14567;65,386;0,064839472683064
14568;65,390;0,0828136802465664
14569;65,394;0,0806082560056459
14570;65,398;0,107404160532831
14571;65,402;0,130671386274542
14572;65,406;0,0766384923719889
14573;65,411;0,154269425652392
14574;65,415;0,0250315651344482
14575;65,419;0,147432610505538
14576;65,423;0,0994646332655165
14577;65,427;0,105419278716002
14578;65,431;0,0938408014511692
14579;65,435;0,103985752959404
14580;65,439;0,164193834736535
14581;65,444;0,171912819579756
14582;65,448;0,192754078656456
14583;65,452;0,163532207464258
14584;65,456;0,164524648372673
14585;65,460;0,234877681658038
14586;65,464;0,311846987666165
14587;65,468;0,262224942245453
14588;65,472;0,330152008865805
14589;65,477;0,513202220862211
14590;65,481;0,327946584624885
14591;65,485;0,550032805685584
14592;65,489;0,514635746618809
14593;65,493;0,793732184307304
14594;65,497;0,749733970700939
14595;65,501;0,868606337286556
14596;65,505;1,00446047052726
14597;65,510;1,24099222036599
14598;65,514;1,43870850356452
14599;65,518;1,60742345799494
14600;65,522;1,77437407303262
14601;65,526;2,05688891829455
14602;65,530;2,49896620738707
14603;65,534;2,89417823136003
14604;65,538;3,24042983718456
14605;65,542;3,97064580335335
14606;65,547;4,62731087108744
14607;65,551;4,93584972239222
14608;65,555;5,41839654630564
14609;65,559;6,3466596093091
14610;65,563;7,13465769059001
14611;65,567;7,94515109912831
14612;65,571;8,73579568949832
14613;65,575;9,64376884948531
14614;65,580;10,3794983762564
14615;65,584;10,9669131228256
14616;65,588;11,981298002437
14617;65,592;13,2317735470389
14618;65,596;14,2889436569242
14619;65,600;15,1295411063511
14620;65,604;16,480694267551
14621;65,608;17,877389439326
14622;65,613;18,8228548114087
14623;65,617;19,7600498425878
14624;65,621;20,6328464859322
14625;65,625;22,4690827089226
14626;65,629;23,0984005160693
14627;65,633;23,6413759641839
14628;65,637;24,6726323392384
14629;65,641;25,6054165219357
14630;65,646;26,7755043529561
14631;65,650;26,9545848013188
14632;65,654;27,9795557172867
14633;65,658;28,17914661109
14634;65,662;29,1548262952732
14635;65,666;29,4543229071902
14636;65,670;30,1582943248921
14637;65,674;30,5266001731258
14638;65,679;31,1874555469176
14639;65,683;30,6787744457493
14640;65,687;30,9131007713471
14641;65,691;30,9964658076539
14642;65,695;30,8278611244356
14643;65,699;31,0555711773106
14644;65,703;30,225118679392
14645;65,707;30,3685815262638
14646;65,711;29,7549222312277
14647;65,716;29,8520711690403
14648;65,720;28,9877654090235
14649;65,724;28,5852754850555
14650;65,728;28,2669224958786
14651;65,732;27,7163383341328
14652;65,736;26,6278512000265
14653;65,740;26,3876805001902
14654;65,744;25,7087406476228
14655;65,749;24,7852192467374
14656;65,753;24,0531286699638
14657;65,757;23,2480385508157
14658;65,761;22,8667206995606
14659;65,765;22,5436260482657
14660;65,769;22,0403482364876
14661;65,773;20,797812219153
14662;65,777;20,481554383005
14663;65,782;19,5956354654272
14664;65,786;18,8345435598855
14665;65,790;18,1454587558099
14666;65,794;17,5110684729091
14667;65,798;16,976583908122
14668;65,802;16,5012047129916
14669;65,806;15,9330874285305
14670;65,810;15,1909621714607
14671;65,815;14,7042250414895
14672;65,819;14,3841077129199
14673;65,823;13,6785924982494
14674;65,827;13,3842786332986
14675;65,831;12,4910818157258
14676;65,835;12,326336624929
14677;65,839;11,8239409828473
14678;65,843;11,0574457879154
14679;65,848;10,8571932668398
14680;65,852;10,6749149533277
14681;65,856;10,1511266961091
14682;65,860;9,8840498205336
14683;65,864;9,51927265108534
14684;65,868;9,33611216787689
14685;65,872;8,66533238500091
14686;65,876;8,4463337578775
14687;65,880;7,98782605819012
14688;65,885;8,01550413241367
14689;65,889;7,75206620683571
14690;65,893;7,38684795253927
14691;65,897;7,24967056475401
14692;65,901;6,68486141665426
14693;65,905;6,4700530955886
14694;65,909;6,46696550165131
14695;65,913;6,22514073363437
14696;65,918;5,97581752319831
14697;65,922;5,87315502478345
14698;65,926;5,85176240964653
14699;65,930;5,39931962662168
14700;65,934;5,27559532670603
14701;65,938;5,06122809048856
14702;65,942;4,94169409663066
14703;65,946;4,72258519829521
14704;65,951;4,37170220156475
14705;65,955;4,61694537715511
14706;65,959;4,18754927744788
14707;65,963;4,18843144714425
14708;65,967;4,07661643812958
14709;65,971;3,86412381251689
14710;65,975;3,81395041103594
14711;65,979;3,56506828544806
14712;65,984;3,45391490370566
14713;65,988;3,45744358249114
14714;65,992;3,40407231586086
14715;65,996;3,10898655242569
14716;66,000;3,1837504341929
14717;66,004;3,05737962518815
14718;66,008;2,91546057528491
14719;66,012;2,73086656631986
14720;66,017;2,76295548902526
14721;66,021;2,6993289996747
14722;66,025;2,55961537401238
14723;66,029;2,34359406961422
14724;66,033;2,39928103169746
14725;66,037;2,20972481819034
14726;66,041;2,50889061647121
14727;66,045;2,2802983938998
14728;66,049;2,09250651978541
14729;66,054;2,20751939394942
14730;66,058;2,03549630315762
14731;66,062;2,03428331982511
14732;66,066;1,90107569567351
14733;66,070;1,99701165015355
14734;66,074;1,86314239872968
14735;66,078;1,78804770332633
14736;66,082;1,70909351550138
14737;66,087;1,73037585942626
14738;66,091;1,59518335345783
14739;66,095;1,45105887931367
14740;66,099;1,48469159898771
14741;66,103;1,46131410203395
14742;66,107;1,33582546272557
14743;66,111;1,45800596567257
14744;66,115;1,44311935204636
14745;66,120;1,27374277034366
14746;66,124;1,19511939615484
14747;66,128;1,17637329010702
14748;66,132;1,23536838855164
14749;66,136;1,18993664918868
14750;66,140;1,30020786123471
14751;66,144;1,18938529312845
14752;66,148;1,11815009014672
14753;66,153;1,17449867950224
14754;66,157;1,16556671132651
14755;66,161;1,19732482039576
14756;66,165;1,02916122202557
14757;66,169;1,00578372507181
14758;66,173;0,978105650848261
14759;66,177;0,892866003936682
14760;66,181;0,865518743349268
14761;66,186;0,915802416042256
14762;66,190;0,874009626676812
14763;66,194;0,785020758555668
14764;66,198;0,897828208478754
14765;66,202;0,773773094926973
14766;66,206;0,754255090394826
14767;66,210;0,775647705531755
14768;66,214;0,706066570730712
14769;66,218;0,708933622243909
14770;66,223;0,720732641932834
14771;66,227;0,61674688897343
14772;66,231;0,705735757094574
14773;66,235;0,644314691984937
14774;66,239;0,778735299469044
14775;66,243;0,654349372281125
14776;66,247;0,663722425305038
14777;66,251;0,74444095252273
14778;66,256;0,645086590469259
14779;66,260;0,568558369309316
14780;66,264;0,615423634428878
14781;66,268;0,499197776932365
14782;66,272;0,466006142106511
14783;66,276;0,565581046584074
14784;66,280;0,504380523898528
14785;66,284;0,575505455668216
14786;66,289;0,549812263261492
14787;66,293;0,542313820842362
14788;66,297;0,489934995120499
14789;66,301;0,479018145127942
14790;66,305;0,506475676927403
14791;66,309;0,397417448213882
14792;66,313;0,428734472434954
14793;66,317;0,346031063400433
14794;66,322;0,448473019391193
14795;66,326;0,438989695155234
14796;66,330;0,460602852716256
14797;66,334;0,34724404673294
14798;66,338;0,392565514883857
14799;66,342;0,262776298305683
14800;66,346;0,318242717964835
14801;66,350;0,362682016419383
14802;66,355;0,384956801252681
14803;66,359;0,37249615429148
14804;66,363;0,304017731610897
14805;66,367;0,324087092203274
14806;66,371;0,397417448213882
14807;66,375;0,353308963395471
14808;66,379;0,364777169448258
14809;66,383;0,313942140695039
14810;66,387;0,358822523997773
14811;66,392;0,375473477016723
14812;66,396;0,268730943756168
14813;66,400;0,298834984644734
14814;66,404;0,359704693694141
14815;66,408;0,265312536182741
14816;66,412;0,224401916513665
14817;66,416;0,227710052875046
14818;66,420;0,35805062551345
14819;66,425;0,240942598320569
14820;66,429;0,256380568007013
14821;66,433;0,238957716503741
14822;66,437;0,228040866511184
14823;66,441;0,25285188922154
14824;66,445;0,262335213457499
14825;66,449;0,216352118034305
14826;66,453;0,162319224131752
14827;66,458;0,1276940635493
14828;66,462;0,272259622541641
14829;66,466;0,248551311951745
14830;66,470;0,229364121055737
14831;66,474;0,204663369557427
14832;66,478;0,153718069592162
14833;66,482;0,212823439248833
14834;66,486;0,178639363514564
14835;66,491;0,245573989226503
14836;66,495;0,144014202932112
14837;66,499;0,310303190697521
14838;66,503;0,149748305958505
14839;66,507;0,207089336222439
14840;66,511;0,266415248303202
14841;66,515;0,208302319554945
14842;66,519;0,190548654415535
14843;66,524;0,216572660458397
14844;66,528;0,255718940734737
14845;66,532;0,203891471073104
14846;66,536;0,21954998318364
14847;66,540;0,173015531700217
14848;66,544;0,141698507479145
14849;66,548;0,181396143815715
14850;66,552;0,174890142304999
14851;66,556;0,224401916513665
14852;66,561;0,16209868170766
14853;66,565;0,230907918024381
14854;66,569;0,193967061988962
14855;66,573;0,238296089231465
14856;66,577;0,221534865000469
14857;66,581;0,215028863489753
14858;66,585;0,165076004432903
14859;66,589;0,183491296844589
14860;66,594;0,170920378671342
14861;66,598;0,160003528678785
14862;66,602;0,203229843800828
14863;66,606;0,130891928698634
14864;66,610;0,148094237777815
14865;66,614;0,235759851354406
14866;66,618;0,0986927347811943
14867;66,622;0,173346345336355
14868;66,627;0,159452172618555
14869;66,631;0,12934813172999
14870;66,635;0,0845780196393029
14871;66,639;0,123393486279504
14872;66,643;0,172133362003848
14873;66,647;0,135413048392521
14874;66,651;0,138059557481626
14875;66,655;0,159011087770371
14876;66,660;0,0958256832679976
14877;66,664;0,117438840829019
14878;66,668;0,116005315072421
14879;66,672;0,118321010525387
14880;66,676;0,110491754470119
14881;66,680;0,133428166575693
14882;66,684;0,151512645351241
14883;66,688;0,166178716553363
14884;66,693;0,103765210535312
14885;66,697;0,0982516499330102
14886;66,701;0,165847902917225
14887;66,705;0,105860363564186
14888;66,709;0,157687833225819
14889;66,713;0,129678945366128
14890;66,717;0,0796158150972316
14891;66,721;0,0939510726632152
14892;66,725;0,198157368046711
14893;66,730;0,161878139283568
14894;66,734;0,0716762878299177
14895;66,738;0,101118701446207
14896;66,742;0,105309007503956
14897;66,746;0,111153381742395
14898;66,750;0,101118701446207
14899;66,754;0,0696914060130892
14900;66,758;0,107183618108738
14901;66,763;0,0883272408488678
14902;66,767;0,110160940833981
14903;66,771;0,0721173726781018
14904;66,775;0,088988868121144
14905;66,779;0,13960335445027
14906;66,783;0,089319681757282
14907;66,787;0,116556671132651
14908;66,791;0,120416163554262
14909;66,796;0,215911033186121
14910;66,800;0,0962667681161817
14911;66,804;0,0956051408439056
14912;66,808;0,117659383253111
14913;66,812;0,0744330681310684
14914;66,816;0,102552227202805
14915;66,820;0,107624702956923
14916;66,824;0,17180254836771
14917;66,829;0,100787887810069
14918;66,833;0,105529549928048
14919;66,837;0,1137998908315
14920;66,841;0,123834571127689
14921;66,845;0,100457074173931
14922;66,849;0,0448803833027331
14923;66,853;0,129568674154082
14924;66,857;0,112586907498994
14925;66,862;0,0905326650897883
14926;66,866;0,162980851404028
14927;66,870;0,0598772681409928
14928;66,874;0,0545842499627835
14929;66,878;0,0596567257169007
14930;66,882;0,109168499925567
14931;66,886;0,0432263151220427
14932;66,890;0,0545842499627835
14933;66,894;0,05689994541575
14934;66,899;0,0534815378423232
14935;66,903;0,127473521125207
14936;66,907;0,07299954237447
14937;66,911;0,0847985620633949
14938;66,915;0,0935099878150311
14939;66,919;0,0936202590270771
14940;66,923;0,120085349918124
14941;66,927;0,0435571287581807
14942;66,932;0,105088465079864
14943;66,936;0,118651824161525
14944;66,940;0,166950615037685
14945;66,944;0,0843574772152108
14946;66,948;0,11545395901219
14947;66,952;0,0786233741888174
14948;66,956;0,109719855985797
14949;66,960;0,0939510726632152
14950;66,965;0,0749844241912985
14951;66,969;0,110822568106257
14952;66,973;0,100346802961885
14953;66,977;0,16849441200633
14954;66,981;0,10575009235214
14955;66,985;0,0514966560254947
14956;66,989;0,112476636286948
14957;66,993;0,12989948779022
14958;66,998;0,149527763534413
14959;67,002;0,125819452944517
14960;67,006;0,146440169597124
14961;67,010;0,0661627272276163
14962;67,014;0,107293889320784
14963;67,018;0,109719855985797
14964;67,022;0,134861692332291
14965;67,026;0,072889271162424
14966;67,031;0,0551356060230136
14967;67,035;0,0290013287681052
14968;67,039;0,0734406272226541
14969;67,043;0,09714893781255
14970;67,047;0,134310336272061
14971;67,051;0,127473521125207
14972;67,055;0,105419278716002
14973;67,059;0,0843574772152108
14974;67,063;0,0914148347861566
14975;67,068;0,140485524146639
14976;67,072;0,128355690821576
14977;67,076;0,0505042151170805
14978;67,080;0,0903121226656963
14979;67,084;0,147432610505538
14980;67,088;0,0862320878199933
14981;67,092;0,0414619757293062
14982;67,096;0,0691400499528591
14983;67,101;0,0828136802465664
14984;67,105;0,0878861560006837
14985;67,109;0,00275678030115068
14986;67,113;0,0862320878199933
14987;67,117;0,164193834736535
14988;67,121;0,110271212046027
14989;67,125;0,0787336454008634
14990;67,129;0,125268096884287
14991;67,134;0,0921867332704787
14992;67,138;0,0905326650897883
14993;67,142;0,093068902966847
14994;67,146;0,13850064232981
14995;67,150;0,0430057726979506
14996;67,154;0,0979208362968722
14997;67,158;0,0457625529991013
14998;67,162;0,161878139283568
14999;67,167;0,0888785969090979
15000;67,171;0,115012874164006
15001;67,175;0,048629604512298
15002;67,179;0,0875553423645456
15003;67,183;0,123283215067458
15004;67,187;0,0920764620584327
15005;67,191;0,102441955990759
15006;67,195;0,0610902514734991
15007;67,200;0,0838061211549807
15008;67,204;0,151292102927149
15009;67,208;0,0383743817920175
15010;67,212;0,0620826923819133
15011;67,216;0,106080905988278
15012;67,220;0,093399716602985
15013;67,224;0,0716762878299177
15014;67,228;0,0655010999553402
15015;67,232;0,0814904257020141
15016;67,237;0,0928483605427549
15017;67,241;0,0537020802664153
15018;67,245;0,166730072613593
15019;67,249;0,102552227202805
15020;67,253;0,113910162043546
15021;67,257;0,0904223938777423
15022;67,261;0,0521582832977709
15023;67,265;0,0990235484173324
15024;67,270;0,0358381439149588
15025;67,274;0,103213854475081
15026;67,278;0,0994646332655165
15027;67,282;0,0698016772251352
15028;67,286;0,135082234756383
15029;67,290;0,0583334711723484
15030;67,294;0,0452111969388712
15031;67,298;0,133538437787739
15032;67,303;0,113579348407408
15033;67,307;0,0904223938777423
15034;67,311;0,0870039863043155
15035;67,315;0,0533712666302772
15036;67,319;0,121077790826538
15037;67,323;0,111484195378534
15038;67,327;0,116666942344697
15039;67,331;0,100567345385977
15040;67,336;0,0775206620683571
15041;67,340;0,116887484768789
15042;67,344;0,104537109019634
15043;67,348;0,0508350287532185
15044;67,352;0,0981413787209642
15045;67,356;0,104537109019634
15046;67,360;0,111484195378534
15047;67,364;0,0720071014660558
15048;67,369;0,0950537847836755
15049;67,373;0,0827034090345204
15050;67,377;0,0922970044825248
15051;67,381;0,0471960787556996
15052;67,385;0,0646189302589719
15053;67,389;0,0765282211599429
15054;67,393;0,104206295383496
15055;67,397;0,0960462256920897
15056;67,401;0,0543637075386914
15057;67,406;0,143793660508019
15058;67,410;0,129237860517944
15059;67,414;0,0814904257020141
15060;67,418;0,147763424141676
15061;67,422;0,093399716602985
15062;67,426;0,0959359544800437
15063;67,430;0,0907532075138804
15064;67,434;0,101228972658253
15065;67,439;0,0885477832729599
15066;67,443;0,0624135060180514
15067;67,447;0,089209410545236
15068;67,451;0,131663827182956
15069;67,455;0,0707941181335495
15070;67,459;0,120305892342216
15071;67,463;0,0632956757144196
15072;67,467;0,0631854045023736
15073;67,472;0,0584437423843944
15074;67,476;0,0399181787606619
15075;67,480;0,133428166575693
15076;67,484;0,124385927187919
15077;67,488;0,110050669621935
15078;67,492;0,0753152378274366
15079;67,496;0,105860363564186
15080;67,500;0,0796158150972316
15081;67,505;0,0954948696318596
15082;67,509;0,0605388954132689
15083;67,513;0,093068902966847
15084;67,517;0,0713454741937796
15085;67,521;0,0659421848035243
15086;67,525;0,068809236316721
15087;67,529;0,0421236030015824
15088;67,533;0,150189390806689
15089;67,538;0,0411311620931682
15090;67,542;0,0911942923620645
15091;67,546;0,00804979847935999
15092;67,550;0,0651702863192021
15093;67,554;0,0659421848035243
15094;67,558;0,0899813090295582
15095;67,562;0,0457625529991013
15096;67,566;0,0981413787209642
15097;67,570;0,069029778740813
15098;67,575;0,0605388954132689
15099;67,579;0,116666942344697
15100;67,583;0,0885477832729599
15101;67,587;0,109499313561705
15102;67,591;0,118872366585617
15103;67,595;0,108506872653291
15104;67,599;0,0514966560254947
15105;67,603;0,0832547650947505
15106;67,608;0,0256931924067243
15107;67,612;0,109278771137613
15108;67,616;0,0743227969190223
15109;67,620;0,06494974389511
15110;67,624;0,097369480236642
15111;67,628;0,0270164469512767
15112;67,632;0,0969283953884579
15113;67,636;0,0694708635889971
15114;67,641;0,0813801544899681
15115;67,645;0,0822623241863363
15116;67,649;0,12989948779022
15117;67,653;0,0259137348308164
15118;67,657;0,170920378671342
15119;67,661;0,0796158150972316
15120;67,665;0,0833650363067966
15121;67,669;0,0500631302688964
15122;67,674;0,105088465079864
15123;67,678;0,0833650363067966
15124;67,682;0,0808287984297379
15125;67,686;0,0965975817523198
15126;67,690;0,0919661908463867
15127;67,694;0,136736302937074
15128;67,698;0,093068902966847
15129;67,702;0,0758665938876667
15130;67,707;0,0510555711773106
15131;67,711;0,0968181241764119
15132;67,715;0,0415722469413523
15133;67,719;0,0827034090345204
15134;67,723;0,0352867878547287
15135;67,727;0,10630144841237
15136;67,731;0,121629146886768
15137;67,735;0,135854133240706
15138;67,739;0,0692503211649051
15139;67,744;0,147983966565769
15140;67,748;0,093068902966847
15141;67,752;0,0382641105799714
15142;67,756;0,0645086590469259
15143;67,760;0,0683681514685369
15144;67,764;0,0736611696467462
15145;67,768;0,0733303560106081
15146;67,772;0,106191177200324
15147;67,777;0,0953845984198135
15148;67,781;0,123393486279504
15149;67,785;0,0898710378175122
15150;67,789;0,0737714408587922
15151;67,793;0,0576718439000722
15152;67,797;0,0638470317746498
15153;67,801;0,0439982136063649
15154;67,805;0,130340572638404
15155;67,810;0,110712296894211
15156;67,814;0,060869709049407
15157;67,818;0,068919507528767
15158;67,822;0,142029321115283
15159;67,826;0,0280088878596909
15160;67,830;0,0652805575312481
15161;67,834;0,174338786244769
15162;67,838;0,036499771187235
15163;67,843;0,0938408014511692
15164;67,847;0,0462036378472854
15165;67,851;0,07299954237447
15166;67,855;0,093399716602985
15167;67,859;0,0864526302440853
15168;67,863;0,0879964272127297
15169;67,867;0,0842472060031648
15170;67,871;0,0696914060130892
15171;67,876;0,110602025682165
15172;67,880;0,147542881717584
15173;67,884;0,119533993857893
15174;67,888;0,125157825672241
15175;67,892;0,0575615726880262
15176;67,896;0,0188563772598707
15177;67,900;0,0806082560056459
15178;67,904;0,0700222196492273
15179;67,908;0,124055113551781
15180;67,913;0,0887683256970519
15181;67,917;0,107293889320784
15182;67,921;0,1137998908315
15183;67,925;0,0839163923670267
15184;67,929;0,0764179499478969
15185;67,933;0,044549569666595
15186;67,937;0,0639573029866958
15187;67,941;0,040690077244984
15188;67,946;0,0804979847935999
15189;67,950;0,0629648620782815
15190;67,954;0,101339243870299
15191;67,958;0,0907532075138804
15192;67,962;0,0437776711822728
15193;67,966;0,0360586863390509
15194;67,970;0,0716762878299177
15195;67,974;0,0683681514685369
15196;67,979;0,113027992347178
15197;67,983;0,0807185272176919
15198;67,987;0,0389257378522476
15199;67,991;0,0662729984396623
15200;67,995;0,0989132772052864
15201;67,999;0,0264650908910465
15202;68,003;0,0438879423943188
15203;68,007;0,0467549939075155
15204;68,012;0,135192505968429
15205;68,016;0,133538437787739
15206;68,020;0,044770112090687
15207;68,024;0,131994640819095
15208;68,028;0,116556671132651
15209;68,032;0,104537109019634
15210;68,036;0,0839163923670267
15211;68,040;0,0599875393530388
15212;68,045;0,0778514757044952
15213;68,049;0,115123145376052
15214;68,053;0,0454317393629632
15215;68,057;0,0385949242161095
15216;68,061;0,0542534363266454
15217;68,065;0,0874450711524996
15218;68,069;0,121739418098814
15219;68,073;0,0685886938926289
15220;68,077;0,0456522817870553
15221;68,082;0,0604286242012229
15222;68,086;0,0819315105501982
15223;68,090;0,103434396899174
15224;68,094;0,06494974389511
15225;68,098;0,0787336454008634
15226;68,102;0,0910840211500185
15227;68,106;0,0721173726781018
15228;68,110;0,064839472683064
15229;68,115;0,0303245833126575
15230;68,119;0,0638470317746498
15231;68,123;0,0791747302490475
15232;68,127;0,0605388954132689
15233;68,131;0,135743862028659
15234;68,135;0,0904223938777423
15235;68,139;0,0509452999652646
15236;68,143;0,0573410302639341
15237;68,148;0,0842472060031648
15238;68,152;0,0910840211500185
15239;68,156;0,0351765166426827
15240;68,160;0,0624135060180514
15241;68,164;0,0856807317597631
15242;68,168;0,0639573029866958
15243;68,172;0,0084908833275441
15244;68,176;0,0968181241764119
15245;68,181;0,0570102166277961
15246;68,185;0,0543637075386914
15247;68,189;0,0374922120956492
15248;68,193;0,1207469771904
15249;68,197;0,0659421848035243
15250;68,201;0,122731859007228
15251;68,205;0,0581129287482563
15252;68,209;0,0381538393679254
15253;68,214;0,0683681514685369
15254;68,218;0,040359263608846
15255;68,222;0,0352867878547287
15256;68,226;0,0838061211549807
15257;68,230;0,0742125257069763
15258;68,234;0,0371613984595112
15259;68,238;0,0432263151220427
15260;68,242;0,129458402942036
15261;68,246;0,0797260863092777
15262;68,251;0,0796158150972316
15263;68,255;0,0706838469215034
15264;68,259;0,08909913933319
15265;68,263;0,0789541878249555
15266;68,267;0,0541431651145994
15267;68,271;0,109719855985797
15268;68,275;0,0836958499429346
15269;68,279;0,0449906545147791
15270;68,284;0,060979980261453
15271;68,288;0,060979980261453
15272;68,292;0,113579348407408
15273;68,296;0,0712352029817336
15274;68,300;0,0402489923967999
15275;68,304;0,0800568999454158
15276;68,308;0,0756460514635747
15277;68,312;0,0476371636038838
15278;68,317;0,0638470317746498
15279;68,321;0,114571789315822
15280;68,325;0,044659840878641
15281;68,329;0,0861218166079473
15282;68,333;0,106080905988278
15283;68,337;0,0490706893604821
15284;68,341;0,0820417817622442
15285;68,345;0,0638470317746498
15286;68,350;0,0717865590419637
15287;68,354;0,0510555711773106
15288;68,358;0,149748305958505
15289;68,362;0,0846882908513489
15290;68,366;0,0639573029866958
15291;68,370;0,076969306008127
15292;68,374;0,12989948779022
15293;68,378;0,0476371636038838
15294;68,383;0,0693605923769511
15295;68,387;0,111815009014672
15296;68,391;0,101780328718483
15297;68,395;0,0259137348308164
15298;68,399;0,0498425878448043
15299;68,403;0,104316566595542
15300;68,407;0,0686989651046749
15301;68,411;0,119754536281986
15302;68,415;0,0924072756945708
15303;68,420;0,0232672257417117
15304;68,424;0,0615313363216832
15305;68,428;0,0820417817622442
15306;68,432;0,0454317393629632
15307;68,436;0,0700222196492273
15308;68,440;0,0256931924067243
15309;68,444;0,0694708635889971
15310;68,448;0,101890599930529
15311;68,453;0,0898710378175122
15312;68,457;0,102000871142575
15313;68,461;0,0259137348308164
15314;68,465;0,081269883277922
15315;68,469;0,0605388954132689
15316;68,473;0,113138263559224
15317;68,477;0,0870039863043155
15318;68,481;0,0741022544949303
15319;68,486;0,0531507242061851
15320;68,490;0,0205104454405611
15321;68,494;0,0742125257069763
15322;68,498;0,0302143121006115
15323;68,502;0,0618621499578213
15324;68,506;0,0696914060130892
15325;68,510;0,0750946954033445
15326;68,514;0,0561280469314279
15327;68,519;0,0544739787507374
15328;68,523;0,106080905988278
15329;68,527;0,0598772681409928
15330;68,531;0,11964426506994
15331;68,535;0,0089319681757282
15332;68,539;0,0760871363117588
15333;68,543;0,0793952726731396
15334;68,547;0,0918559196343407
15335;68,552;0,0712352029817336
15336;68,556;0,0431160439099966
15337;68,560;0,0808287984297379
15338;68,564;0,0467549939075155
15339;68,568;0,01609959695872
15340;68,572;0,0862320878199933
15341;68,576;0,0713454741937796
15342;68,580;0,0881066984247757
15343;68,584;0,107404160532831
15344;68,589;0,0661627272276163
15345;68,593;0,0909737499379724
15346;68,597;0,0560177757193818
15347;68,601;0,0500631302688964
15348;68,605;0,0677065241962607
15349;68,609;0,0560177757193818
15350;68,613;0,0641778454107878
15351;68,617;0,0659421848035243
15352;68,622;0,0602080817771309
15353;68,626;0,138831455965948
15354;68,630;0,0530404529941391
15355;68,634;0,0108065787805107
15356;68,638;0,0595464545048547
15357;68,642;0,0996851756896086
15358;68,646;0,0533712666302772
15359;68,650;0,0599875393530388
15360;68,655;0,0691400499528591
15361;68,659;0,0327505499776701
15362;68,663;0,0396976363365698
15363;68,667;0,0550253348109676
15364;68,671;0,0788439166129095
15365;68,675;0,0559075045073358
15366;68,679;0,040469534820892
15367;68,683;0,0546945211748295
15368;68,688;0,0806082560056459
15369;68,692;0,044659840878641
15370;68,696;0,089319681757282
15371;68,700;0,0663832696517084
15372;68,704;0,0749844241912985
15373;68,708;0,0278986166476449
15374;68,712;0,0546945211748295
15375;68,716;0,0491809605725281
15376;68,721;0,0679270666203528
15377;68,725;0,0415722469413523
15378;68,729;0,0822623241863363
15379;68,733;0,0490706893604821
15380;68,737;0,0600978105650848
15381;68,741;0,0540328939025533
15382;68,745;0,0469755363316076
15383;68,749;0,0737714408587922
15384;68,753;0,0774103908563111
15385;68,758;0,0668243544998925
15386;68,762;0,0643983878348799
15387;68,766;0,0411311620931682
15388;68,770;0,0250315651344482
15389;68,774;0,0430057726979506
15390;68,778;0,0866731726681774
15391;68,782;0,133979522635923
15392;68,786;0,127583792337253
15393;68,791;0,0596567257169007
15394;68,795;0,0878861560006837
15395;68,799;0,0426749590618125
15396;68,803;0,0497323166327583
15397;68,807;0,0790644590370015
15398;68,811;0,0617518787457752
15399;68,815;0,121629146886768
15400;68,819;0,127914605973392
15401;68,824;0,05689994541575
15402;68,828;0,0669346257119385
15403;68,832;0,0763076787358508
15404;68,836;0,125598910520425
15405;68,840;0,115012874164006
15406;68,844;0,0925175469066168
15407;68,848;0,138831455965948
15408;68,852;0,0422338742136284
15409;68,857;0,0721173726781018
15410;68,861;0,068919507528767
15411;68,865;0,109830127197843
15412;68,869;0
15413;68,873;0,0699119484371813
15414;68,877;0,0599875393530388
15415;68,881;0,0635162181385117
15416;68,885;0,160003528678785
15417;68,890;0,163421936252212
15418;68,894;0,0986927347811943
15419;68,898;0,105309007503956
15420;68,902;0,167832784734053
15421;68,906;0,0895402241813741
15422;68,910;0,165296546856995
15423;68,914;0,162539766555844
15424;68,918;0,175772312001367
15425;68,922;0,370070187626467
15426;68,927;0,344597537643835
15427;68,931;0,324638448263504
15428;68,935;0,381758936103346
15429;68,939;0,515076831466993
15430;68,943;0,617739329881844
15431;68,947;0,733524102530173
15432;68,951;0,896174140298063
15433;68,955;1,02574281445215
15434;68,960;1,08517899774495
15435;68,964;1,21066763705333
15436;68,968;1,42238836418171
15437;68,972;1,73445589427196
15438;68,976;1,91783691990451
15439;68,980;2,39939130290951
15440;68,984;2,53292974069725
15441;68,988;3,13247432059149
15442;68,993;3,55040221424594
15443;68,997;3,859602692823
15444;69,001;4,47017439392185
15445;69,005;4,94147355420657
15446;69,009;5,88826218083376
15447;69,013;6,30023542903772
15448;69,017;6,97641850130396
15449;69,021;7,95695011881723
15450;69,026;8,83559113639998
15451;69,030;9,85813608570279
15452;69,034;10,5370759382702
15453;69,038;11,6645990814408
15454;69,042;12,9729670123669
15455;69,046;14,0935430691786
15456;69,050;14,7679618020521
15457;69,054;16,3616013585413
15458;69,059;17,4352018790215
15459;69,063;18,7483114720655
15460;69,067;19,8424224379862
15461;69,071;21,1807841385889
15462;69,075;22,5492498800801
15463;69,079;24,1052869532615
15464;69,083;24,9582347784376
15465;69,087;26,6669974803028
15466;69,091;27,8121640174008
15467;69,096;27,7987109295312
15468;69,100;29,401061911772
15469;69,104;30,7718433487162
15470;69,108;31,4491291331029
15471;69,112;31,7905288055974
15472;69,116;33,2922021712402
15473;69,120;33,8947240738597
15474;69,124;34,2311615418121
15475;69,129;34,640598552139
15476;69,133;35,8412315088961
15477;69,137;34,6276968203296
15478;69,141;35,7623875922832
15479;69,145;35,1710030820804
15480;69,149;35,0930413351638
15481;69,153;34,9565255746509
15482;69,157;34,7476718990357
15483;69,162;34,8664339944092
15484;69,166;33,9313341162589
15485;69,170;33,9750015162292
15486;69,174;33,5296160907753
15487;69,178;32,8881684503035
15488;69,182;31,9610080994205
15489;69,186;31,4656698149098
15490;69,190;30,8886205622729
15491;69,195;29,4810085405054
15492;69,199;28,8312905591302
15493;69,203;28,4257130412249
15494;69,207;27,8833992203825
15495;69,211;26,5412882985703
15496;69,215;25,8213275551218
15497;69,219;24,8883228300004
15498;69,223;24,5047995545043
15499;69,228;23,3801434628469
15500;69,232;23,11461038424
15501;69,236;21,9416555017064
15502;69,240;21,3891967293559
15503;69,244;20,4837598072459
15504;69,248;19,5907835320972
15505;69,252;19,556819998787
15506;69,256;18,3464831753698
15507;69,260;18,0939620997844
15508;69,265;17,453286357797
15509;69,269;16,4564346009009
15510;69,273;15,7408847059342
15511;69,277;15,3611106516477
15512;69,281;14,7794300081049
15513;69,285;14,4289880962227
15514;69,289;13,5443924331894
15515;69,293;13,2596721636866
15516;69,298;12,6803072155968
15517;69,302;12,3460751718853
15518;69,306;11,6168516466249
15519;69,310;11,4547529649172
15520;69,314;11,0836903363823
15521;69,318;10,9096823637737
15522;69,322;10,2353739021122
15523;69,326;9,66207387068495
15524;69,331;9,75900226607341
15525;69,335;8,85312425911529
15526;69,339;8,85047775002619
15527;69,343;8,60192643807444
15528;69,347;7,99234717788401
15529;69,351;7,9549652370004
15530;69,355;7,70906043413776
15531;69,359;7,15913789966422
15532;69,364;7,05614458761324
15533;69,368;6,89217129530079
15534;69,372;6,65663198637048
15535;69,376;6,46762712892359
15536;69,380;6,26241240330593
15537;69,384;5,95729195957457
15538;69,388;5,90976506718274
15539;69,392;5,61434849011143
15540;69,397;5,41023647661423
15541;69,401;5,20777853129773
15542;69,405;4,99120587083933
15543;69,409;4,84002403912423
15544;69,413;4,68002051044544
15545;69,417;4,39893919094012
15546;69,421;4,40478356517856
15547;69,425;4,43643140303577
15548;69,429;4,31844120614652
15549;69,434;3,9997574033335
15550;69,438;3,94021094882864
15551;69,442;3,82596997314896
15552;69,446;3,63542131873343
15553;69,450;3,59517232633663
15554;69,454;3,5515049263664
15555;69,458;3,63872945509481
15556;69,462;3,21286203417305
15557;69,467;3,19168996146021
15558;69,471;3,35500162650038
15559;69,475;2,97533784342591
15560;69,479;3,06873756002889
15561;69,483;2,76902040568779
15562;69,487;2,77034366023234
15563;69,491;2,70230632239994
15564;69,495;2,68741970877373
15565;69,500;2,5785820224843
15566;69,504;2,57494307248678
15567;69,508;2,35660607263565
15568;69,512;2,31900358932795
15569;69,516;2,10022550462863
15570;69,520;2,28912009086348
15571;69,524;2,25989821967128
15572;69,528;2,07629665161465
15573;69,533;1,96878221986977
15574;69,537;2,12845493491242
15575;69,541;1,99436514106445
15576;69,545;1,87968308053658
15577;69,549;1,78363685484449
15578;69,553;1,82399611845334
15579;69,557;1,74007972608631
15580;69,561;1,57125450044384
15581;69,566;1,66476448825887
15582;69,570;1,69211174884629
15583;69,574;1,57290856862453
15584;69,578;1,60058664284809
15585;69,582;1,6375274988835
15586;69,586;1,31928478091867
15587;69,590;1,22290774159044
15588;69,594;1,38467560966196
15589;69,599;1,28355690821576
15590;69,603;1,32568051121734
15591;69,607;1,24044086430576
15592;69,611;1,18166630828523
15593;69,615;1,15365742042554
15594;69,619;1,17019810223244
15595;69,623;1,14571789315822
15596;69,627;1,20471299160285
15597;69,631;1,11682683560216
15598;69,636;1,04129105535063
15599;69,640;0,961344426617265
15600;69,644;1,04393756443974
15601;69,648;0,961123884193173
15602;69,652;1,01339243870299
15603;69,656;0,947229711475374
15604;69,660;0,916905128162716
15605;69,664;0,83574551609684
15606;69,669;0,852837553963974
15607;69,673;0,792519200974798
15608;69,677;0,781381808558149
15609;69,681;0,875112338797272
15610;69,685;0,704853587398206
15611;69,689;0,771236857049914
15612;69,693;0,832216837311367
15613;69,697;0,804318220663722
15614;69,702;0,782705063102701
15615;69,706;0,719629929812374
15616;69,710;0,918007840283177
15617;69,714;0,661958085912301
15618;69,718;0,693716194981557
15619;69,722;0,61674688897343
15620;69,726;0,675741987418055
15621;69,730;0,658539678338875
15622;69,735;0,619613940486627
15623;69,739;0,699891382856135
15624;69,743;0,515848729951315
15625;69,747;0,636926520777853
15626;69,751;0,672433851056674
15627;69,755;0,570212437490007
15628;69,759;0,67309547832895
15629;69,763;0,601529461711078
15630;69,768;0,765392482811475
15631;69,772;0,74719773282388
15632;69,776;0,796819778244593
15633;69,780;0,71974020102442
15634;69,784;0,786123470676128
15635;69,788;0,841259076699142
15636;69,792;0,895622784237833
15637;69,796;0,828908700949987
15638;69,800;0,886249731213921
15639;69,805;1,01537732051982
15640;69,809;1,10028615379526
15641;69,813;1,28708558700123
15642;69,817;1,2364711006721
15643;69,821;1,52163245502313
15644;69,825;1,64028427918465
15645;69,829;1,8888355911364
15646;69,833;2,20189556213507
15647;69,838;2,38296089231465
15648;69,842;2,59435080580688
15649;69,846;2,92461308588473
15650;69,850;3,20095274327208
15651;69,854;3,44542402037812
15652;69,858;4,00780720181286
15653;69,862;4,26540075315238
15654;69,866;4,9628661693435
15655;69,871;5,73586736578615
15656;69,875;6,118839285222
15657;69,879;6,54691213038468
15658;69,883;7,31274569804434
15659;69,887;7,62227699025754
15660;69,891;8,52374414873381
15661;69,895;9,42818862993533
15662;69,899;10,2650368581526
15663;69,904;10,7914716244604
15664;69,908;11,9661908463867
15665;69,912;12,6826229110497
15666;69,916;13,2507401955109
15667;69,920;14,171063731247
15668;69,924;15,3409310198433
15669;69,928;15,8320789982963
15670;69,932;16,8680770354687
15671;69,937;17,6216704985913
15672;69,941;18,2109598557653
15673;69,945;19,0719574794206
15674;69,949;20,5852093223283
15675;69,953;21,4918592277707
15676;69,957;22,1259186970354
15677;69,961;22,9521808888962
15678;69,965;22,9020074874153
15679;69,969;24,2414719001384
15680;69,974;25,0012405511355
15681;69,978;25,2615908827762
15682;69,982;25,0586918526115
15683;69,986;26,2452100942268
15684;69,990;26,2724470836021
15685;69,994;26,039664554973
15686;69,998;26,1792679094232
15687;70,002;26,3785279895904
15688;70,007;25,963136333813
15689;70,011;26,4859321501232
15690;70,015;26,5608063031025
15691;70,019;26,4425955637891
15692;70,023;25,9741634550176
15693;70,027;25,8067717551317
15694;70,031;25,0632129723054
15695;70,035;24,9495233526859
15696;70,040;25,0989408450083
15697;70,044;23,9492531882164
15698;70,048;23,5072861703359
15699;70,052;23,4472986309829
15700;70,056;22,9216357631595
15701;70,060;22,3794322135292
15702;70,064;22,1521632455023
15703;70,068;21,3510428899879
15704;70,073;20,4698656345281
15705;70,077;19,8855384818962
15706;70,081;19,4278026806932
15707;70,085;18,6246974433619
15708;70,089;18,7219566523865
15709;70,093;17,8984512408268
15710;70,097;17,3768684078491
15711;70,101;16,4041660463911
15712;70,106;16,6513941037983
15713;70,110;15,5990759272431
15714;70,114;15,282707819883
15715;70,118;14,93061183982
15716;70,122;14,2379983569589
15717;70,126;13,6965667058129
15718;70,130;13,3932106014743
15719;70,134;13,1158785031786
15720;70,138;12,5285740278214
15721;70,143;12,0020289903016
15722;70,147;11,1762078832889
15723;70,151;11,0155427273379
15724;70,155;10,9375809804213
15725;70,159;10,5092875928346
15726;70,163;10,0850742400935
15727;70,167;9,47086358899714
15728;70,171;9,25373957247851
15729;70,176;9,15625982102982
15730;70,180;9,02746304536006
15731;70,184;8,24586069437782
15732;70,188;7,86564555524312
15733;70,192;7,61036769935657
15734;70,196;7,41474656918692
15735;70,200;7,38012140860446
15736;70,204;7,08393293304883
15737;70,209;6,76172045145034
15738;70,213;6,6782451439315
15739;70,217;6,178716553363
15740;70,221;6,24498955180266
15741;70,225;5,96269524896483
15742;70,229;5,95938711260345
15743;70,233;5,57553302347123
15744;70,237;5,30558909638255
15745;70,242;5,0989408450083
15746;70,246;5,08868562228802
15747;70,250;4,7908430785517
15748;70,254;4,84289109063742
15749;70,258;4,68906274983321
15750;70,262;4,4271686212239
15751;70,266;4,1523727608052
15752;70,270;4,0912825093317
15753;70,275;3,91837724884353
15754;70,279;3,88562669886586
15755;70,283;3,79255779589901
15756;70,287;3,81163471558298
15757;70,291;3,69992997778035
15758;70,295;3,41620214918592
15759;70,299;3,44112344310833
15760;70,303;3,22796919022335
15761;70,307;3,29688869775212
15762;70,312;2,98327737069322
15763;70,316;2,79956553142454
15764;70,320;2,91612220255719
15765;70,324;2,89153172227093
15766;70,328;2,80937966929664
15767;70,332;2,69469760876877
15768;70,336;2,48628501800178
15769;70,340;2,29033307419599
15770;70,345;2,29507473631396
15771;70,349;2,31999603023637
15772;70,353;2,26386798330494
15773;70,357;2,22593468636111
15774;70,361;2,02457945316506
15775;70,365;1,80061862149958
15776;70,369;1,97617039107685
15777;70,373;2,05721973193068
15778;70,378;1,85608504115873
15779;70,382;1,99943761681857
15780;70,386;1,81561550633784
15781;70,390;1,71174002459048
15782;70,394;1,71648168670846
15783;70,398;1,67237320189005
15784;70,402;1,67601215188757
15785;70,406;1,60400505042151
15786;70,411;1,51909621714607
15787;70,415;1,46307844142669
15788;70,419;1,31255823698386
15789;70,423;1,37011980967189
15790;70,427;1,43330521417426
15791;70,431;1,35909268846729
15792;70,435;1,29689972487333
15793;70,439;1,22588506431568
15794;70,444;1,20118431281737
15795;70,448;1,17780681586362
15796;70,452;1,29932569153834
15797;70,456;1,21210116280993
15798;70,460;1,24529279763579
15799;70,464;1,068528044726
15800;70,468;1,07315943563194
15801;70,472;1,06125014473097
15802;70,476;0,982626770542148
15803;70,481;1,111644088636
15804;70,485;1,06113987351892
15805;70,489;0,943480490265809
15806;70,493;0,858020300930138
15807;70,497;0,876766406977962
15808;70,501;0,829570328222263
15809;70,505;0,935210149362357
15810;70,509;0,77134712826196
15811;70,514;0,862651691836071
15812;70,518;0,786564555524312
15813;70,522;0,846221281241213
15814;70,526;0,833209278219782
15815;70,530;0,768921161596948
15816;70,534;0,7771915025004
15817;70,538;0,671220867724168
15818;70,542;0,672764664692812
15819;70,547;0,704081688913884
15820;70,551;0,714667725270302
15821;70,555;0,734847357074725
15822;70,559;0,619283126850489
15823;70,563;0,739478747980658
15824;70,567;0,493684216330064
15825;70,571;0,61784960109389
15826;70,575;0,635272452597163
15827;70,580;0,620165296546857
15828;70,584;0,596456985956961
15829;70,588;0,509783813288784
15830;70,592;0,567235114764764
15831;70,596;0,464021260289682
15832;70,600;0,551135517806044
15833;70,604;0,489273367848223
15834;70,608;0,517613069344052
15835;70,613;0,567786470824994
15836;70,617;0,551576602654228
15837;70,621;0,466336955742649
15838;70,625;0,56844809809727
15839;70,629;0,464131531501729
15840;70,633;0,444282713333444
15841;70,637;0,336988824012659
15842;70,641;0,367423678537363
15843;70,645;0,515407645103131
15844;70,650;0,488391198151854
15845;70,654;0,426529048194033
15846;70,658;0,519708222372926
15847;70,662;0,439871864851603
15848;70,666;0,381979478527438
15849;70,670;0,401607754271631
15850;70,674;0,441967017880477
15851;70,678;0,393999040640455
15852;70,683;0,404033720936644
15853;70,687;0,37944324065038
15854;70,691;0,327505499776701
15855;70,695;0,380766495194932
15856;70,699;0,518384967828374
15857;70,703;0,307656681608416
15858;70,707;0,416935452746029
15859;70,711;0,304238274034989
15860;70,716;0,409216467902807
15861;70,720;0,399843414878895
15862;70,724;0,268179587695938
15863;70,728;0,290013287681052
15864;70,732;0,289682474044913
15865;70,736;0,295747390707445
15866;70,740;0,384625987616543
15867;70,744;0,285492167987164
15868;70,749;0,259357890732256
15869;70,753;0,317581090692558
15870;70,757;0,254836771038369
15871;70,761;0,257152466491335
15872;70,765;0,248771854375837
15873;70,769;0,259137348308164
15874;70,773;0,243478836197628
15875;70,777;0,295637119495399
15876;70,782;0,284389455866704
15877;70,786;0,312949699786625
15878;70,790;0,218667813487272
15879;70,794;0,199149808955125
15880;70,798;0,231128460448473
15881;70,802;0,182388584724129
15882;70,806;0,193636248352824
15883;70,810;0,250756736192666
15884;70,814;0,207309878646531
15885;70,819;0,306553969487956
15886;70,823;0,173677158972493
15887;70,827;0,169486852914744
15888;70,831;0,209515302887452
15889;70,835;0,231569545296657
15890;70,839;0,183160483208451
15891;70,843;0,180403702907301
15892;70,847;0,219219169547502
15893;70,852;0,163532207464258
15894;70,856;0,162760308979936
15895;70,860;0,252190261949264
15896;70,864;0,139934168086409
15897;70,868;0,167391699885869
15898;70,872;0,156254307469221
15899;70,876;0,176323668061598
15900;70,880;0,248661583163791
15901;70,885;0,241714496804892
15902;70,889;0,146991525657354
15903;70,893;0,198598452894895
15904;70,897;0,131443284758864
15905;70,901;0,180293431695254
15906;70,905;0,148094237777815
15907;70,909;0,0617518787457752
15908;70,913;0,213374795309063
15909;70,918;0,155923493833082
15910;70,922;0,203119572588782
15911;70,926;0,123283215067458
15912;70,930;0,0977002938727801
15913;70,934;0,0949435135716294
15914;70,938;0,126591351428839
15915;70,942;0,145668271112802
15916;70,946;0,152064001411472
15917;70,951;0,187791874114384
15918;70,955;0,104426837807588
15919;70,959;0,177867465030242
15920;70,963;0,147873695353722
15921;70,967;0,134971963544337
15922;70,971;0,191541095323949
15923;70,975;0,127914605973392
15924;70,979;0,1609959695872
15925;70,983;0,160113799890832
15926;70,988;0,180734516543439
15927;70,992;0,0994646332655165
15928;70,996;0,194959502897376
15929;71,000;0,150299662018735
15930;71,004;0,191100010475765
15931;71,008;0,133538437787739
15932;71,012;0,200252521075585
15933;71,016;0,25979897558044
15934;71,021;0,0984721923571023
15935;71,025;0,133538437787739
15936;71,029;0,130230301426358
15937;71,033;0,151292102927149
15938;71,037;0,0985824635691483
15939;71,041;0,140595795358685
15940;71,045;0,154710510500576
15941;71,049;0,113469077195362
15942;71,054;0,127142707489069
15943;71,058;0,143352575659835
15944;71,062;0,142911490811651
15945;71,066;0,130230301426358
15946;71,070;0,141919049903237
15947;71,074;0,143242304447789
15948;71,078;0,167060886249731
15949;71,082;0,0827034090345204
15950;71,087;0,169927937762928
15951;71,091;0,213485066521109
15952;71,095;0,151402374139195
15953;71,099;0,209074218039268
15954;71,103;0,119203180221755
15955;71,107;0,0875553423645456
15956;71,111;0,150409933230781
15957;71,115;0,209515302887452
15958;71,120;0,133869251423877
15959;71,124;0,112476636286948
15960;71,128;0,168604683218376
15961;71,132;0,119975078706078
15962;71,136;0,172684718064079
15963;71,140;0,163863021100396
15964;71,144;0,0986927347811943
15965;71,148;0,124496198399965
15966;71,152;0,135302777180475
15967;71,157;0,0797260863092777
15968;71,161;0,1068528044726
15969;71,165;0,156585121105359
15970;71,169;0,113910162043546
15971;71,173;0,101449515082345
15972;71,177;0,0922970044825248
15973;71,181;0,117769654465157
15974;71,185;0,16044461352697
15975;71,190;0,0539226226905073
15976;71,194;0,0683681514685369
15977;71,198;0,0823725953983823
15978;71,202;0,16904576806656
15979;71,206;0,0511658423893566
15980;71,210;0,0381538393679254
15981;71,214;0,147983966565769
15982;71,218;0,162760308979936
15983;71,223;0,052819910570047
15984;71,227;0,138390371117764
15985;71,231;0,0943921575113993
15986;71,235;0,100457074173931
15987;71,239;0,158790545346279
15988;71,243;0,174779871092953
15989;71,247;0,170589565035204
15990;71,251;0,0599875393530388
15991;71,256;0,0948332423595834
15992;71,260;0,0739919832828843
15993;71,264;0,106521990836462
15994;71,268;0,114792331739914
15995;71,272;0,0781822893406333
15996;71,276;0,124606469612011
15997;71,280;0,1207469771904
15998;71,284;0,111815009014672
15999;71,289;0,0761974075238048
16000;71,293;0,0499528590568503
16001;71,297;0,0758665938876667
16002;71,301;0,121188062038584
16003;71,305;0,0777412044924492
16004;71,309;0,125598910520425
16005;71,313;0,117879925677203
16006;71,317;0,144124474144158
16007;71,321;0,147212068081446
16008;71,326;0,0981413787209642
16009;71,330;0,093179174178893
16010;71,334;0,112366365074902
16011;71,338;0,111925280226718
16012;71,342;0,175992854425459
16013;71,346;0,0790644590370015
16014;71,350;0,0899813090295582
16015;71,354;0,157136477165589
16016;71,359;0,165958174129271
16017;71,363;0,0827034090345204
16018;71,367;0,109278771137613
16019;71,371;0,112256093862856
16020;71,375;0,120305892342216
16021;71,379;0,11324853477127
16022;71,383;0,14489637262848
16023;71,387;0,160113799890832
16024;71,392;0,0958256832679976
16025;71,396;0,0876656135765916
16026;71,400;0,0867834438802234
16027;71,404;0,106742533260554
16028;71,408;0,121739418098814
16029;71,412;0,028229430283783
16030;71,416;0,040469534820892
16031;71,420;0,160003528678785
16032;71,425;0,103103583263035
16033;71,429;0,192754078656456
16034;71,433;0,0818212393381522
16035;71,437;0,150851018078965
16036;71,441;0,089209410545236
16037;71,445;0,125047554460195
16038;71,449;0,109058228713521
16039;71,453;0,0975900226607341
16040;71,458;0,146329898385078
16041;71,462;0,174118243820677
16042;71,466;0,144675830204388
16043;71,470;0,118762095373571
16044;71,474;0,0529301817820931
16045;71,478;0,135413048392521
16046;71,482;0,0684784226805829
16047;71,486;0,116115586284467
16048;71,490;0,139493083238224
16049;71,495;0,126591351428839
16050;71,499;0,109830127197843
16051;71,503;0,180072889271162
16052;71,507;0,124055113551781
16053;71,511;0,121077790826538
16054;71,515;0,089319681757282
16055;71,519;0,145227186264618
16056;71,523;0,133648708999785
16057;71,528;0,0970386666005039
16058;71,532;0,132766539303417
16059;71,536;0,0816006969140601
16060;71,540;0,0716762878299177
16061;71,544;0,165847902917225
16062;71,548;0,147212068081446
16063;71,552;0,108065787805107
16064;71,556;0,117108027192881
16065;71,561;0,144014202932112
16066;71,565;0,0821520529742903
16067;71,569;0,0556869620832437
16068;71,573;0,117218298404927
16069;71,577;0,115674501436283
16070;71,581;0,0925175469066168
16071;71,585;0,126150266580655
16072;71,589;0,0995749044775626
16073;71,594;0,146219627173032
16074;71,598;0,164634919584719
16075;71,602;0,130891928698634
16076;71,606;0,132325454455233
16077;71,610;0,115895043860375
16078;71,614;0,153828340804208
16079;71,618;0,121739418098814
16080;71,622;0,180955058967531
16081;71,627;0,107514431744877
16082;71,631;0,14655044080917
16083;71,635;0,0861218166079473
16084;71,639;0,0838061211549807
16085;71,643;0,0675962529842147
16086;71,647;0,0660524560155703
16087;71,651;0,137508201421396
16088;71,655;0,111043110530349
16089;71,659;0,118651824161525
16090;71,664;0,176875024121828
16091;71,668;0,0650600151071561
16092;71,672;0,143242304447789
16093;71,676;0,134310336272061
16094;71,680;0,0553561484471057
16095;71,684;0,170810107459296
16096;71,688;0,13629521808889
16097;71,692;0,143242304447789
16098;71,697;0,153718069592162
16099;71,701;0,0937305302391231
16100;71,705;0,0508350287532185
16101;71,709;0,089319681757282
16102;71,713;0,0411311620931682
16103;71,717;0,0875553423645456
16104;71,721;0,0736611696467462
16105;71,725;0,0793952726731396
16106;71,730;0,152615357471702
16107;71,734;0,12824541960953
16108;71,738;0,076859034796081
16109;71,742;0,0886580544850059
16110;71,746;0,1276940635493
16111;71,750;0,0814904257020141
16112;71,754;0,0280088878596909
16113;71,758;0,125488639308379
16114;71,763;0,0725584575262859
16115;71,767;0,130781657486588
16116;71,771;0,171361463519526
16117;71,775;0,126370809004747
16118;71,779;0,0911942923620645
16119;71,783;0,0610902514734991
16120;71,787;0,10354466811122
16121;71,791;0,158239189286049
16122;71,796;0,0512761136014027
16123;71,800;0,0582231999603024
16124;71,804;0,0997954469016546
16125;71,808;0,101228972658253
16126;71,812;0,11964426506994
16127;71,816;0,0473063499677457
16128;71,820;0,0842472060031648
16129;71,824;0,128576233245668
16130;71,828;0,110050669621935
16131;71,833;0,10575009235214
16132;71,837;0,103103583263035
16133;71,841;0,13905199839004
16134;71,845;0,0790644590370015
16135;71,849;0,0703530332853654
16136;71,853;0,100567345385977
16137;71,857;0,111815009014672
16138;71,861;0,0985824635691483
16139;71,866;0,0718968302540097
16140;71,870;0,103765210535312
16141;71,874;0,0402489923967999
16142;71,878;0,160554884739016
16143;71,882;0,10354466811122
16144;71,886;0,126811893852931
16145;71,890;0,0835855787308886
16146;71,894;0,0735508984347002
16147;71,899;0,132545996879325
16148;71,903;0,108617143865337
16149;71,907;0,124716740824057
16150;71,911;0,0330813636138082
16151;71,915;0,102883040838943
16152;71,919;0,118210739313341
16153;71,923;0,0922970044825248
16154;71,927;0,111043110530349
16155;71,932;0,0778514757044952
16156;71,936;0,133869251423877
16157;71,940;0,0950537847836755
16158;71,944;0,104978193867818
16159;71,948;0,0119092909009709
16160;71,952;0,0715660166178717
16161;71,956;0,124827012036103
16162;71,960;0,0744330681310684
16163;71,965;0,0945024287234453
16164;71,969;0,0937305302391231
16165;71,973;0,0517171984495868
16166;71,977;0,0821520529742903
16167;71,981;0,108947957501475
16168;71,985;0,0868937150922694
16169;71,989;0,111373924166487
16170;71,993;0,0859012741838552
16171;71,997;0,100567345385977
16172;72,002;0,13905199839004
16173;72,006;0,0671551681360306
16174;72,010;0,056789674203704
16175;72,014;0,0843574772152108
16176;72,018;0,0828136802465664
16177;72,022;0,124827012036103
16178;72,026;0,132325454455233
16179;72,030;0,0735508984347002
16180;72,035;0,0500631302688964
16181;72,039;0,125819452944517
16182;72,043;0,123834571127689
16183;72,047;0,140926608994823
16184;72,051;0,0829239514586125
16185;72,055;0,0709043893455955
16186;72,059;0,137067116573212
16187;72,063;0,102772769626897
16188;72,068;0,0630751332903276
16189;72,072;0,0842472060031648
16190;72,076;0,0865629014561314
16191;72,080;0,0369408560354191
16192;72,084;0,110271212046027
16193;72,088;0,114130704467638
16194;72,092;0,118210739313341
16195;72,096;0,0992440908414245
16196;72,101;0,081159612065876
16197;72,105;0,231459274084611
16198;72,109;0,0844677484272568
16199;72,113;0,0670448969239845
16200;72,117;0,0564588605675659
16201;72,121;0,108617143865337
16202;72,125;0,044439298454549
16203;72,129;0,0494015029966202
16204;72,134;0,0846882908513489
16205;72,138;0,0937305302391231
16206;72,142;0,0886580544850059
16207;72,146;0,117879925677203
16208;72,150;0,133648708999785
16209;72,154;0,0793952726731396
16210;72,158;0,0856807317597631
16211;72,162;0,108947957501475
16212;72,166;0,0721173726781018
16213;72,171;0,152835899895794
16214;72,175;0,0789541878249555
16215;72,179;0,0578923863241643
16216;72,183;0,115123145376052
16217;72,187;0,117218298404927
16218;72,191;0,0744330681310684
16219;72,195;0,145337457476664
16220;72,199;0,0657216423794322
16221;72,204;0,0522685545098169
16222;72,208;0,0255829211946783
16223;72,212;0,121959960522906
16224;72,216;0,0643983878348799
16225;72,220;0,0856807317597631
16226;72,224;0,130671386274542
16227;72,228;0,0636264893505577
16228;72,232;0,0825931378224744
16229;72,237;0,164193834736535
16230;72,241;0,048629604512298
16231;72,245;0,0700222196492273
16232;72,249;0,0353970590667747
16233;72,253;0,0724481863142399
16234;72,257;0,109609584773751
16235;72,261;0,103875481747358
16236;72,265;0,0942818862993533
16237;72,270;0,125929724156563
16238;72,274;0,0681476090444448
16239;72,278;0,103324125687127
16240;72,282;0,10409602417145
16241;72,286;0,0657216423794322
16242;72,290;0,127804334761346
16243;72,294;0,0797260863092777
16244;72,298;0,0896504953934201
16245;72,303;0,0954948696318596
16246;72,307;0,0956051408439056
16247;72,311;0,0862320878199933
16248;72,315;0,0766384923719889
16249;72,319;0,121188062038584
16250;72,323;0,182278313512083
16251;72,327;0,178859905938656
16252;72,331;0,00352867878547287
16253;72,335;0,144234745356204
16254;72,340;0,1137998908315
16255;72,344;0,120526434766308
16256;72,348;0,0673757105601226
16257;72,352;0,0800568999454158
16258;72,356;0,118210739313341
16259;72,360;0,0455420105750092
16260;72,364;0,0909737499379724
16261;72,368;0,0562383181434739
16262;72,373;0,0983619211450563
16263;72,377;0,088988868121144
16264;72,381;0,129568674154082
16265;72,385;0,0331916348258542
16266;72,389;0,0722276438901478
16267;72,393;0,147763424141676
16268;72,397;0,0726687287383319
16269;72,401;0,0638470317746498
16270;72,406;0,0591053696566706
16271;72,410;0,0908634787259264
16272;72,414;0,0964873105402738
16273;72,418;0,044770112090687
16274;72,422;0,0425646878497665
16275;72,426;0,0629648620782815
16276;72,430;0,0554664196591517
16277;72,434;0,0943921575113993
16278;72,439;0,0958256832679976
16279;72,443;0,0992440908414245
16280;72,447;0,111815009014672
16281;72,451;0,101228972658253
16282;72,455;0,084908833275441
16283;72,459;0,0436673999702268
16284;72,463;0,0586642848084865
16285;72,467;0,0884375120609138
16286;72,472;0,0735508984347002
16287;72,476;0,129127589305898
16288;72,480;0,097369480236642
16289;72,484;0,0228261408935276
16290;72,488;0,0975900226607341
16291;72,492;0,0641778454107878
16292;72,496;0,0753152378274366
16293;72,500;0,0710146605576415
16294;72,504;0,0713454741937796
16295;72,509;0,150079119594643
16296;72,513;0,0169817666550882
16297;72,517;0,125047554460195
16298;72,521;0,113689619619454
16299;72,525;0,0755357802515286
16300;72,529;0,0471960787556996
16301;72,533;0,0484090620882059
16302;72,537;0,113027992347178
16303;72,542;0,093068902966847
16304;72,546;0,0459830954231933
16305;72,550;0,12019562113017
16306;72,554;0,0763076787358508
16307;72,558;0,0860115453959012
16308;72,562;0,093399716602985
16309;72,566;0,111815009014672
16310;72,570;0,101339243870299
16311;72,575;0,146219627173032
16312;72,579;0,0895402241813741
16313;72,583;0,0962667681161817
16314;72,587;0,109058228713521
16315;72,591;0,110050669621935
16316;72,595;0,101118701446207
16317;72,599;0,103875481747358
16318;72,603;0,106080905988278
16319;72,608;0,181726957451853
16320;72,612;0,215028863489753
16321;72,616;0,0715660166178717
16322;72,620;0,139713625662316
16323;72,624;0,308428580092738
16324;72,628;0,265312536182741
16325;72,632;0,257262737703381
16326;72,636;0,402931008816183
16327;72,641;0,402931008816183
16328;72,645;0,486406316335026
16329;72,649;0,455089292113954
16330;72,653;0,539115955693027
16331;72,657;0,663281340456854
16332;72,661;0,802884694907124
16333;72,665;0,943701032689901
16334;72,669;1,1394324340716
16335;72,673;1,20813139917627
16336;72,678;1,45050752325344
16337;72,682;1,75309172910774
16338;72,686;1,93129000777412
16339;72,690;2,25526682876535
16340;72,694;2,40325079533112
16341;72,698;2,6382387482012
16342;72,702;3,17492873722922
16343;72,706;3,50596291579139
16344;72,711;3,96402953063059
16345;72,715;4,63613256805112
16346;72,719;5,03167540566022
16347;72,723;5,49701992049446
16348;72,727;6,17827546851481
16349;72,731;6,89834648317537
16350;72,735;7,13719392846706
16351;72,739;7,8274917158752
16352;72,744;8,77108247735305
16353;72,748;9,35849722392224
16354;72,752;10,1045922446257
16355;72,756;11,0646134166984
16356;72,760;11,828021017693
16357;72,764;12,4534793324181
16358;72,768;13,4982990665542
16359;72,772;14,1304839252141
16360;72,777;14,8372121232171
16361;72,781;15,7123244620143
16362;72,785;16,3215729085686
16363;72,789;16,7220779507198
16364;72,793;17,5078706077598
16365;72,797;18,4108815632047
16366;72,801;18,8359770856421
16367;72,805;18,9772345082731
16368;72,810;19,9038435030959
16369;72,814;20,6450865904693
16370;72,818;20,5046010663226
16371;72,822;21,4456555899234
16372;72,826;21,514244283816
16373;72,830;21,7303758594263
16374;72,834;21,9156314956636
16375;72,838;22,3538492923345
16376;72,842;22,2908844302562
16377;72,847;21,7769103109097
16378;72,851;21,8524460911612
16379;72,855;22,1848035242679
16380;72,859;21,5870232837664
16381;72,863;21,3377000733304
16382;72,867;21,4367236217477
16383;72,871;21,0797757083547
16384;72,875;20,9927717220504
16385;72,880;20,5235677147945
16386;72,884;20,3196762437214
16387;72,888;20,2840586422306
16388;72,892;19,7016061002035
16389;72,896;18,9252967673994
16390;72,900;18,7849215144648
16391;72,904;18,0727900270716
16392;72,908;17,6064530713289
16393;72,913;17,4719221926328
16394;72,917;16,6899890280144
16395;72,921;16,5468569947787
16396;72,925;15,8637268361535
16397;72,929;15,3632058046766
16398;72,933;15,4875917318645
16399;72,937;14,8626847731997
16400;72,941;14,1262936191563
16401;72,946;13,6996542997502
16402;72,950;13,1684778713245
16403;72,954;12,6461231398625
16404;72,958;12,0605830038981
16405;72,962;11,9391743994354
16406;72,966;11,76318154501
16407;72,970;11,1529406575472
16408;72,974;10,8989860562052
16409;72,979;10,4090510610847
16410;72,983;10,2014103688021
16411;72,987;9,65281108887308
16412;72,991;9,42168262842461
16413;72,995;9,3457057633249
16414;72,999;8,89149864090731
16415;73,003;8,53708696539138
16416;73,007;8,39560900033633
16417;73,011;8,19679000501734
16418;73,016;7,86785097948404
16419;73,020;7,2889271162424
16420;73,024;7,26224148292726
16421;73,028;6,95359236041043
16422;73,032;6,59896014247041
16423;73,036;6,24587172149903
16424;73,040;6,19205937002057
16425;73,044;6,01507407468669
16426;73,049;5,75031289456418
16427;73,053;5,55480203560658
16428;73,057;5,48389764626098
16429;73,061;5,2127407358398
16430;73,065;4,98734637841772
16431;73,069;4,77882351643868
16432;73,073;4,71067590739424
16433;73,077;4,71652028163268
16434;73,082;4,40235759851354
16435;73,086;4,1106902426518
16436;73,090;4,16031228807251
16437;73,094;4,01475428817176
16438;73,098;4,03603663209664
16439;73,102;3,62715097782997
16440;73,106;3,72683615351958
16441;73,110;3,5043088476107
16442;73,115;3,27582689625133
16443;73,119;3,22995407204018
16444;73,123;3,24219417657729
16445;73,127;2,95030627829146
16446;73,131;2,9976126282592
16447;73,135;2,77927562840807
16448;73,139;2,90454372529236
16449;73,143;2,85227517078254
16450;73,148;2,60934769064514
16451;73,152;2,70109333906744
16452;73,156;2,42817208925352
16453;73,160;2,38935662261332
16454;73,164;2,45342419681206
16455;73,168;2,23111743332727
16456;73,172;2,28945090449962
16457;73,176;2,10739313341163
16458;73,180;2,03957633800332
16459;73,185;1,98686669864532
16460;73,189;2,04354610163698
16461;73,193;1,96117350623859
16462;73,197;1,75617932304503
16463;73,201;1,79554614574546
16464;73,205;1,70060263217383
16465;73,209;1,58371514740504
16466;73,213;1,71482761852777
16467;73,218;1,71174002459048
16468;73,222;1,61271647617315
16469;73,226;1,48259644595884
16470;73,230;1,48336834444316
16471;73,234;1,62749281858732
16472;73,238;1,42062402478897
16473;73,242;1,32137993394754
16474;73,246;1,37927232027171
16475;73,251;1,1504595552762
16476;73,255;1,17207271283722
16477;73,259;1,1866285128273
16478;73,263;1,2101162809931
16479;73,267;1,08319411592813
16480;73,271;1,07018211290669
16481;73,275;1,02397847505941
16482;73,279;0,999167452349053
16483;73,284;0,922528959977064
16484;73,288;1,01328216749094
16485;73,292;0,961344426617265
16486;73,296;1,12664097347426
16487;73,300;0,934769064514173
16488;73,304;0,932232826637114
16489;73,308;1,12631015983812
16490;73,312;0,876215050917732
16491;73,317;0,83464280397638
16492;73,321;0,764730855539199
16493;73,325;0,73749386616383
16494;73,329;0,792629472186844
16495;73,333;0,821410258530857
16496;73,337;0,84963968881464
16497;73,341;0,704963858610252
16498;73,345;0,700332467704319
16499;73,349;0,803215508543262
16500;73,354;0,692062126800867
16501;73,358;0,675521444993963
16502;73,362;0,546393855688065
16503;73,366;0,758224854028483
16504;73,370;0,652254219252251
16505;73,374;0,715108810118486
16506;73,378;0,670448969239845
16507;73,382;0,563375622343153
16508;73,387;0,576938981424814
16509;73,391;0,519708222372926
16510;73,395;0,582231999603024
16511;73,399;0,539777582965303
16512;73,403;0,46380071786559
16513;73,407;0,54374734659896
16514;73,411;0,51739252691996
16515;73,415;0,500851845113056
16516;73,420;0,393337413368179
16517;73,424;0,464793158774005
16518;73,428;0,498205336023951
16519;73,432;0,491478792089143
16520;73,436;0,468873193619708
16521;73,440;0,415391655777385
16522;73,444;0,462477463321038
16523;73,448;0,441856746668431
16524;73,453;0,367423678537363
16525;73,457;0,434137761825209
16526;73,461;0,392786057307949
16527;73,465;0,378119986105827
16528;73,469;0,439320508791372
16529;73,473;0,479018145127942
16530;73,477;0,352206251275011
16531;73,481;0,433696676977025
16532;73,486;0,378230257317873
16533;73,490;0,257814093763612
16534;73,494;0,280971048293277
16535;73,498;0,332467704318772
16536;73,502;0,288690033136499
16537;73,506;0,299827425553148
16538;73,510;0,366210695204856
16539;73,514;0,240611784684431
16540;73,518;0,32585143159601
16541;73,523;0,40524670426915
16542;73,527;0,378450799741965
16543;73,531;0,189004857446891
16544;73,535;0,278765624052357
16545;73,539;0,326513058868287
16546;73,543;0,259468161944302
16547;73,547;0,279758064960771
16548;73,551;0,291667355861742
16549;73,556;0,304899901307265
16550;73,560;0,269392571028444
16551;73,564;0,312508614938441
16552;73,568;0,23564958014236
16553;73,572;0,29784254373632
16554;73,576;0,32419736341532
16555;73,580;0,245353446802411
16556;73,584;0,321330311902123
16557;73,589;0,217013745306582
16558;73,593;0,241824768016938
16559;73,597;0,20984611652359
16560;73,601;0,23509822408213
16561;73,605;0,159782986254693
16562;73,609;0,259909246792486
16563;73,613;0,300268510401332
16564;73,617;0,158570002922187
16565;73,622;0,215139134701799
16566;73,626;0,229915477115967
16567;73,630;0,209625574099498
16568;73,634;0,115895043860375
16569;73,638;0,193856790776916
16570;73,642;0,28284565889806
16571;73,646;0,151733187775333
16572;73,650;0,282514845261922
16573;73,655;0,184483737753004
16574;73,659;0,147983966565769
16575;73,663;0,177867465030242
16576;73,667;0,214808321065661
16577;73,671;0,114130704467638
16578;73,675;0,102552227202805
16579;73,679;0,133648708999785
16580;73,683;0,13960335445027
16581;73,687;0,277883454355989
16582;73,692;0,223188933181159
16583;73,696;0,255277855886553
16584;73,700;0,12129833325063
16585;73,704;0,159562443830601
16586;73,708;0,12184968931086
16587;73,712;0,20400174228515
16588;73,716;0,156805663529451
16589;73,720;0,180293431695254
16590;73,725;0,134200065060015
16591;73,729;0,174118243820677
16592;73,733;0,27755264071985
16593;73,737;0,136184946876844
16594;73,741;0,177205837757966
16595;73,745;0,207199607434485
16596;73,749;0,21039747258382
16597;73,753;0,196613571078067
16598;73,758;0,0903121226656963
16599;73,762;0,134861692332291
16600;73,766;0,107734974168969
16601;73,770;0,162760308979936
16602;73,774;0,213595337733155
16603;73,778;0,20455309834538
16604;73,782;0,174228515032723
16605;73,786;0,117769654465157
16606;73,791;0,112917721135132
16607;73,795;0,168384140794284
16608;73,799;0,149527763534413
16609;73,803;0,125929724156563
16610;73,807;0,130230301426358
16611;73,811;0,131112471122726
16612;73,815;0,138831455965948
16613;73,819;0,120305892342216
16614;73,824;0,149196949898275
16615;73,828;0,190217840779397
16616;73,832;0,189666484719167
16617;73,836;0,200583334711723
16618;73,840;0,222858119545021
16619;73,844;0,174559328668861
16620;73,848;0,175331227153183
16621;73,852;0,193415705928732
16622;73,856;0,177757193818196
16623;73,861;0,158680274134233
16624;73,865;0,0738817120708382
16625;73,869;0,0903121226656963
16626;73,873;0,0787336454008634
16627;73,877;0,152064001411472
16628;73,881;0,120636705978354
16629;73,885;0,147542881717584
16630;73,889;0,197826554410573
16631;73,894;0,159452172618555
16632;73,898;0,213926151369293
16633;73,902;0,127252978701115
16634;73,906;0,10519873629191
16635;73,910;0,141367693843007
16636;73,914;0,145668271112802
16637;73,918;0,153166713531932
16638;73,922;0,125488639308379
16639;73,927;0,167060886249731
16640;73,931;0,132987081727509
16641;73,935;0,110822568106257
16642;73,939;0,0838061211549807
16643;73,943;0,131443284758864
16644;73,947;0,181396143815715
16645;73,951;0,127473521125207
16646;73,955;0,105419278716002
16647;73,960;0,128465962033622
16648;73,964;0,135964404452752
16649;73,968;0,112476636286948
16650;73,972;0,102441955990759
16651;73,976;0,0919661908463867
16652;73,980;0,205766081677887
16653;73,984;0,12824541960953
16654;73,988;0,168163598370191
16655;73,993;0,224622458937757
16656;73,997;0,153276984743978
16657;74,001;0,102883040838943
16658;74,005;0,124937283248149
16659;74,009;0,0823725953983823
16660;74,013;0,202568216528552
16661;74,017;0,0744330681310684
16662;74,021;0,0636264893505577
16663;74,025;0,0993543620534705
16664;74,030;0,227930595299138
16665;74,034;0,157246748377635
16666;74,038;0,12019562113017
16667;74,042;0,147763424141676
16668;74,046;0,129678945366128
16669;74,050;0,144234745356204
16670;74,054;0,143573118083927
16671;74,058;0,137728743845488
16672;74,063;0,101780328718483
16673;74,067;0,127583792337253
16674;74,071;0,112807449923086
16675;74,075;0,134971963544337
16676;74,079;0,133317895363647
16677;74,083;0,157246748377635
16678;74,087;0,0807185272176919
16679;74,091;0,187681602902338
16680;74,096;0,09714893781255
16681;74,100;0,0742125257069763
16682;74,104;0,0594361832928087
16683;74,108;0,0846882908513489
16684;74,112;0,0867834438802234
16685;74,116;0,140375252934593
16686;74,120;0,120526434766308
16687;74,124;0,0831444938827045
16688;74,129;0,097259209024596
16689;74,133;0,156033765045129
16690;74,137;0,142249863539375
16691;74,141;0,103213854475081
16692;74,145;0,139713625662316
16693;74,149;0,118431281737433
16694;74,153;0,13629521808889
16695;74,157;0,102552227202805
16696;74,162;0,122511316583136
16697;74,166;0,182057771087991
16698;74,170;0,111043110530349
16699;74,174;0,115012874164006
16700;74,178;0,100015989325747
16701;74,182;0,111815009014672
16702;74,186;0,0767487635840349
16703;74,190;0,151512645351241
16704;74,194;0,154269425652392
16705;74,199;0,152174272623518
16706;74,203;0,0782925605526793
16707;74,207;0,108506872653291
16708;74,211;0,0786233741888174
16709;74,215;0,164524648372673
16710;74,219;0,132435725667279
16711;74,223;0,101890599930529
16712;74,227;0,11435124689173
16713;74,232;0,111153381742395
16714;74,236;0,0969283953884579
16715;74,240;0,138831455965948
16716;74,244;0,118651824161525
16717;74,248;0,12129833325063
16718;74,252;0,120967519614492
16719;74,256;0,077189848432219
16720;74,260;0,167722513522007
16721;74,265;0,0581129287482563
16722;74,269;0,0498425878448043
16723;74,273;0,0784028317647253
16724;74,277;0,217675372578858
16725;74,281;0,1207469771904
16726;74,285;0,148204508989861
16727;74,289;0,0716762878299177
16728;74,293;0,0721173726781018
16729;74,298;0,0721173726781018
16730;74,302;0,0577821151121183
16731;74,306;0,147542881717584
16732;74,310;0,159011087770371
16733;74,314;0,112256093862856
16734;74,318;0,0908634787259264
16735;74,322;0,125929724156563
16736;74,326;0,0750946954033445
16737;74,331;0,0898710378175122
16738;74,335;0,165406818069041
16739;74,339;0,173015531700217
16740;74,343;0,1609959695872
16741;74,347;0,141808778691191
16742;74,351;0,133207624151601
16743;74,355;0,225835442270264
16744;74,359;0,144565558992342
16745;74,363;0,132545996879325
16746;74,368;0,123724299915643
16747;74,372;0,149307221110321
16748;74,376;0,149858577170551
16749;74,380;0,225284086210034
16750;74,384;0,145888813536894
16751;74,388;0,215800761974075
16752;74,392;0,112256093862856
16753;74,396;0,192202722596225
16754;74,401;0,100677616598023
16755;74,405;0,122290774159044
16756;74,409;0,138169828693672
16757;74,413;0,255057313462461
16758;74,417;0,209184489251314
16759;74,421;0,119423722645847
16760;74,425;0,15570295140899
16761;74,429;0,138721184753902
16762;74,434;0,234326325597808
16763;74,438;0,16320139382812
16764;74,442;0,158790545346279
16765;74,446;0,1207469771904
16766;74,450;0,123062672643366
16767;74,454;0,220321881667962
16768;74,458;0,233774969537578
16769;74,462;0,222417034696837
16770;74,467;0,191871908960087
16771;74,471;0,167832784734053
16772;74,475;0,175220955941137
16773;74,479;0,132215183243187
16774;74,483;0,20929476046336
16775;74,487;0,121188062038584
16776;74,491;0,178418821090472
16777;74,495;0,247448599831285
16778;74,500;0,24369937862172
16779;74,504;0,19264380744441
16780;74,508;0,165296546856995
16781;74,512;0,172574446852033
16782;74,516;0,197054655926251
16783;74,520;0,29365223767857
16784;74,524;0,230136019540059
16785;74,528;0,207861234706761
16786;74,533;0,234105783173716
16787;74,537;0,291226271013558
16788;74,541;0,336658010376521
16789;74,545;0,280529963445093
16790;74,549;0,391242260339305
16791;74,553;0,361799846723015
16792;74,557;0,387603310341786
16793;74,561;0,396976363365698
16794;74,565;0,62369397533233
16795;74,570;0,615864719277062
16796;74,574;0,755909158575517
16797;74,578;0,844456941848476
16798;74,582;0,813139917627405
16799;74,586;1,05573658412866
16800;74,590;1,25984859762586
16801;74,594;1,44521450507523
16802;74,598;1,80888896240303
16803;74,603;1,9458458077642
16804;74,607;2,19781552728937
16805;74,611;2,49598888466183
16806;74,615;2,74189368752447
16807;74,619;3,01613819188294
16808;74,623;3,75252934592631
16809;74,627;4,27510461981243
16810;74,631;4,67638156044792
16811;74,636;5,42457173418022
16812;74,640;6,16680726246203
16813;74,644;6,69842477573592
16814;74,648;7,58544640543417
16815;74,652;8,4489802669666
16816;74,656;9,4664527405153
16817;74,660;10,5482133306868
16818;74,664;11,4940095164056
16819;74,669;13,2046468288756
16820;74,673;13,9657387344173
16821;74,677;15,7404436210861
16822;74,681;17,307177001836
16823;74,685;18,8460117659383
16824;74,689;20,3677544921735
16825;74,693;22,2907741590442
16826;74,697;24,3925434606414
16827;74,702;26,5377596197849
16828;74,706;28,3647330609634
16829;74,710;30,6065468018592
16830;74,714;32,9704307744899
16831;74,718;35,488804715197
16832;74,722;37,5895815758859
16833;74,726;40,9668579872196
16834;74,730;43,6273715202541
16835;74,734;46,2111362897045
16836;74,739;49,2584812345965
16837;74,743;51,5361331194072
16838;74,747;54,5619751779502
16839;74,751;57,4353121502335
16840;74,755;59,6782286032497
16841;74,759;62,92759040861
16842;74,763;65,9293933429269
16843;74,767;68,3836997094354
16844;74,772;71,4578405588545
16845;74,776;74,3968991735173
16846;74,780;76,7977240021834
16847;74,784;79,2528022671761
16848;74,788;82,3165776226629
16849;74,792;84,3687248788395
16850;74,796;87,304695899565
16851;74,800;89,1089534710621
16852;74,805;90,3235908717491
16853;74,809;93,2807339651874
16854;74,813;94,4915118734528
16855;74,817;96,4703287736187
16856;74,821;96,7241731037487
16857;74,825;97,8551146544927
16858;74,829;97,5364308516797
16859;74,833;99,2160819535648
16860;74,838;100
16861;74,842;99,6149329275353
16862;74,846;99,2964696671464
16863;74,850;98,9512105022302
16864;74,854;97,2418964443048
16865;74,858;95,4422702637136
16866;74,862;95,2777456153409
16867;74,866;94,118243820677
16868;74,871;93,1263542683229
16869;74,875;92,0828577887314
16870;74,879;90,7926846077929
16871;74,883;88,9896400196283
16872;74,887;88,1130941550744
16873;74,891;87,6620848978062
16874;74,895;85,333046628182
16875;74,899;83,5565774021205
16876;74,903;82,5950124330792
16877;74,908;81,1483644022473
16878;74,912;79,4864669655016
16879;74,916;78,1118260361359
16880;74,920;76,6017720583776
16881;74,924;75,6339216302496
16882;74,928;75,2938452122997
16883;74,932;72,6356473747181
16884;74,936;72,5616553914352
16885;74,941;70,8124231547491
16886;74,945;69,9806474022859
16887;74,949;69,6287719646471
16888;74,953;67,7800750946954
16889;74,957;67,6852418523358
16890;74,961;66,7540014666071
16891;74,965;65,8774556020533
16892;74,969;64,1777351395758
16893;74,974;64,070441250255
16894;74,978;62,9487624813228
16895;74,982;62,8260306223156
16896;74,986;61,2269877764361
16897;74,990;60,5590750450734
16898;74,994;59,7151694592851
16899;74,998;58,9018089992336
16900;75,002;59,3586626307403
16901;75,007;58,6456489736507
16902;75,011;57,7018376697487
16903;75,015;56,9605945823754
16904;75,019;55,1072663215178
16905;75,023;55,124689173021
16906;75,027;54,1906920069912
16907;75,031;53,1239283016579
16908;75,035;52,3899631142796
16909;75,040;51,2975062165396
16910;75,044;51,5000744330681
16911;75,048;48,9169712908899
16912;75,052;47,9187962794493
16913;75,056;47,2600360586863
16914;75,060;46,9031984165054
16915;75,064;45,7886872763562
16916;75,068;44,2445594940757
16917;75,072;43,342210165903
16918;75,077;42,8097104829328
16919;75,081;41,2450722552117
16920;75,085;39,7787959486357
16921;75,089;39,6466910366045
16922;75,093;38,0779727740377
16923;75,097;38,095395625541
16924;75,101;36,6145635189749
16925;75,105;35,2692547320134
16926;75,110;33,9462207298852
16927;75,114;33,0964707698585
16928;75,118;32,1665536386743
16929;75,122;31,6016342193625
16930;75,126;30,5980559185316
16931;75,130;29,830016926631
16932;75,134;28,7754933258349
16933;75,138;27,692850565967
16934;75,143;26,3579072729378
16935;75,147;25,54851657652
16936;75,151;25,3179394721317
16937;75,155;24,3064216440335
16938;75,159;23,5616498778746
16939;75,163;22,2705945272397
16940;75,167;22,5963356876237
16941;75,171;21,1398735189198
16942;75,176;20,6392422162308
16943;75,180;20,0847985620634
16944;75,184;19,7274095638222
16945;75,188;19,0299441476311
16946;75,192;18,3848575571618
16947;75,196;17,9309812483804
16948;75,200;16,9608151247994
16949;75,204;16,8873744975768
16950;75,209;16,0304569087671
16951;75,213;15,7011870695977
16952;75,217;14,9525558110172
16953;75,221;14,6970574127066
16954;75,225;14,2772549084473
16955;75,229;13,8612016253977
16956;75,233;13,1319781001373
16957;75,237;12,7986282261221
16958;75,241;12,6922165064977
16959;75,246;12,3410026961311
16960;75,250;11,681911661732
16961;75,254;11,6237987329838
16962;75,258;11,1924177514597
16963;75,262;11,2046578559968
16964;75,266;10,6474574215282
16965;75,270;10,3825859701937
16966;75,274;9,81082973573504
16967;75,279;9,48508857535108
16968;75,283;9,41241984661274
16969;75,287;9,2400659421848
16970;75,291;9,14898192103479
16971;75,295;8,47257830634445
16972;75,299;8,3394809534049
16973;75,303;8,16370864140353
16974;75,307;7,98187141273963
16975;75,312;7,77897238257494
16976;75,316;7,56581812968997
16977;75,320;7,32189820864416
16978;75,324;6,85181203169195
16979;75,328;6,71331138936214
16980;75,332;6,62288899548439
16981;75,336;6,73018288480518
16982;75,340;6,3811744986795
16983;75,345;6,03348936709838
16984;75,349;6,07439998676745
16985;75,353;5,83632443996008
16986;75,357;5,60177757193818
16987;75,361;5,82739247178435
16988;75,365;5,51488385684591
16989;75,369;5,1516504843663
16990;75,373;5,09386836925418
16991;75,378;5,01491418142923
16992;75,382;5,07126277078475
16993;75,386;4,88038330273307
16994;75,390;4,6576354544001
16995;75,394;4,49487514542016
16996;75,398;4,42397075607457
16997;75,402;4,27896411223404
16998;75,406;4,31965418947902
16999;75,410;4,26076936224645
17000;75,415;4,0026244548467
17001;75,419;3,97296149880631
17002;75,423;4,06823582601408
17003;75,427;3,80171030649883
17004;75,431;3,63398779297683
17005;75,435;3,48600382641106
17006;75,439;3,65857827326309
17007;75,443;3,49989799912886
17008;75,448;3,34518748862828
17009;75,452;3,29402164623892
17010;75,456;3,19819596297093
17011;75,460;3,15761615693799
17012;75,464;2,92825203588225
17013;75,468;2,98272601463299
17014;75,472;3,01613819188294
17015;75,476;3,07766952820462
17016;75,481;2,81345970414234
17017;75,485;2,88006351621814
17018;75,489;2,7700128465962
17019;75,493;2,59457134823097
17020;75,497;2,66613736484885
17021;75,501;2,51594797404216
17022;75,505;2,50602356495801
17023;75,509;2,36708183778002
17024;75,514;2,48617474678973
17025;75,518;2,31569545296657
17026;75,522;2,13606364854359
17027;75,526;2,18359054093543
17028;75,530;2,17454830154766
17029;75,534;2,07486312585805
17030;75,538;2,14841402429275
17031;75,542;2,07078309101234
17032;75,547;1,99006456379465
17033;75,551;1,92621753202
17034;75,555;1,83976490177592
17035;75,559;1,95731401381698
17036;75,563;1,8584007366117
17037;75,567;1,86589917903083
17038;75,571;1,64910597614834
17039;75,575;1,77823356545423
17040;75,579;1,67490943976711
17041;75,584;1,63785831251964
17042;75,588;1,57147504286793
17043;75,592;1,45635189749188
17044;75,596;1,44146528386567
17045;75,600;1,64645946705923
17046;75,604;1,36537814755391
17047;75,608;1,566843651962
17048;75,612;1,47432610505538
17049;75,617;1,37243550512485
17050;75,621;1,43429765508268
17051;75,625;1,39570273086657
17052;75,629;1,4113612429771
17053;75,633;1,15343687800144
17054;75,637;1,37794906572716
17055;75,641;1,35225587332043
17056;75,645;1,20427190675466
17057;75,650;1,14384328255344
17058;75,654;1,22930347188911
17059;75,658;1,19710427797167
17060;75,662;1,10491754470119
17061;75,666;1,17008783102039
17062;75,670;1,12013497196354
17063;75,674;1,16600779617469
17064;75,678;1,07734974168969
17065;75,683;0,985714364479437
17066;75,687;0,931460928152792
17067;75,691;0,855042978204895
17068;75,695;0,966637444795475
17069;75,699;1,00754806446455
17070;75,703;0,923521400885478
17071;75,707;0,909958041803817
17072;75,711;0,999498265985191
17073;75,716;0,812257747931036
17074;75,720;0,800679270666204
17075;75,724;0,839825550942543
17076;75,728;0,931130114516654
17077;75,732;0,85239646911579
17078;75,736;0,870370676679293
17079;75,740;0,728010541927872
17080;75,744;0,812368019143082
17081;75,748;0,868054981226326
17082;75,753;0,779176384317228
17083;75,757;0,728561897988102
17084;75,761;0,748410716156387
17085;75,765;0,862320878199933
17086;75,769;0,92484465543003
17087;75,773;0,727569457079688
17088;75,777;0,694267551041787
17089;75,781;0,576056811728446
17090;75,786;0,701545451036825
17091;75,790;0,672433851056674
17092;75,794;0,587855831417371
17093;75,798;0,705625485882528
17094;75,802;0,666479205606188
17095;75,806;0,714226640422118
17096;75,810;0,589399628386015
17097;75,814;0,632956757144196
17098;75,819;0,598772681409928
17099;75,823;0,667361375302557
17100;75,827;0,621378279879363
17101;75,831;0,559516129921542
17102;75,835;0,51904659510065
17103;75,839;0,708713079819817
17104;75,843;0,522244460249985
17105;75,847;0,484531705730244
17106;75,852;0,685445854078105
17107;75,856;0,531838055697989
17108;75,860;0,475710008766561
17109;75,864;0,459720683019887
17110;75,868;0,611123057159083
17111;75,872;0,470637533012444
17112;75,876;0,456192004234415
17113;75,880;0,480451670884541
17114;75,885;0,427411217890401
17115;75,889;0,53404347993891
17116;75,893;0,445936781514134
17117;75,897;0,428624201222908
17118;75,901;0,506144863291265
17119;75,905;0,444282713333444
17120;75,909;0,496771810267353
17121;75,913;0,507578389047863
17122;75,917;0,379774054286518
17123;75,922;0,372385883079434
17124;75,926;0,489934995120499
17125;75,930;0,339635333101764
17126;75,934;0,395212023972962
17127;75,938;0,540108396601441
17128;75,942;0,309310749789106
17129;75,946;0,385067072464727
17130;75,950;0,471960787556996
17131;75,955;0,373488595199894
17132;75,959;0,429616642131322
17133;75,963;0,295416577071307
17134;75,967;0,331585534622404
17135;75,971;0,303576646762713
17136;75,975;0,322102210386445
17137;75,979;0,386610869433371
17138;75,983;0,257042195279289
17139;75,988;0,309531292213198
17140;75,992;0,403482364876414
17141;75,996;0,334232043711508
17142;76,000;0,350993267942505
17143;76,004;0,442297831516615
17144;76,008;0,388926564886338
17145;76,012;0,397968804274112
17146;76,016;0,307215596760232
17147;76,021;0,322102210386445
17148;76,025;0,367203136113271
17149;76,029;0,308318308880692
17150;76,033;0,359373880058003
17151;76,037;0,376245375501045
17152;76,041;0,344376995219743
17153;76,045;0,325410346747826
17154;76,049;0,260129789216578
17155;76,054;0,284058642230566
17156;76,058;0,351213810366597
17157;76,062;0,341068858858362
17158;76,066;0,310523733121613
17159;76,070;0,203670928649012
17160;76,074;0,292659796770156
17161;76,078;0,28284565889806
17162;76,082;0,208743404403129
17163;76,086;0,352426793699103
17164;76,091;0,421456572439916
17165;76,095;0,333019060379002
17166;76,099;0,314052411907085
17167;76,103;0,353419234607517
17168;76,107;0,313942140695039
17169;76,111;0,299937696765194
17170;76,115;0,265533078606834
17171;76,119;0,214256965005431
17172;76,124;0,248330769527653
17173;76,128;0,368967475506007
17174;76,132;0,264430366486373
17175;76,136;0,288359219500361
17176;76,140;0,226386798330494
17177;76,144;0,252741618009494
17178;76,148;0,202678487740598
17179;76,152;0,1942978756251
17180;76,157;0,268620672544122
17181;76,161;0,298063086160412
17182;76,165;0,2678487740598
17183;76,169;0,242265852865122
17184;76,173;0,335886111892199
17185;76,177;0,298283628584504
17186;76,181;0,259688704368394
17187;76,185;0,30059932403747
17188;76,190;0,255829211946783
17189;76,194;0,33919424825358
17190;76,198;0,293541966466524
17191;76,202;0,192533536232363
17192;76,206;0,239509072563971
17193;76,210;0,266304977091156
17194;76,214;0,299386340704964
17195;76,218;0,241273411956708
17196;76,223;0,172133362003848
17197;76,227;0,265753621030926
17198;76,231;0,307766952820462
17199;76,235;0,307877224032508
17200;76,239;0,293321424042432
17201;76,243;0,239509072563971
17202;76,247;0,33974560431381
17203;76,251;0,288690033136499
17204;76,255;0,27424450435847
17205;76,260;0,21899862712341
17206;76,264;0,2345468680219
17207;76,268;0,304017731610897
17208;76,272;0,244691819530134
17209;76,276;0,240722055896477
17210;76,280;0,225173814997988
17211;76,284;0,29784254373632
17212;76,288;0,213043981672925
17213;76,293;0,184042652904819
17214;76,297;0,214587778641569
17215;76,301;0,294534407374939
17216;76,305;0,274465046782562
17217;76,309;0,20400174228515
17218;76,313;0,221755407424561
17219;76,317;0,262776298305683
17220;76,321;0,185586449873464
17221;76,326;0,218336999851134
17222;76,330;0,232341443780979
17223;76,334;0,155041324136714
17224;76,338;0,229474392267783
17225;76,342;0,247889684679469
17226;76,346;0,197606011986481
17227;76,350;0,262666027093637
17228;76,354;0,316588649784144
17229;76,359;0,146770983233262
17230;76,363;0,232782528629163
17231;76,367;0,299937696765194
17232;76,371;0,221865678636607
17233;76,375;0,250536193768574
17234;76,379;0,262445484669545
17235;76,383;0,211720727128372
17236;76,387;0,271928808905503
17237;76,392;0,269061757392306
17238;76,396;0,153607798380116
17239;76,400;0,236642021050774
17240;76,404;0,211941269552464
17241;76,408;0,214918592277707
17242;76,412;0,126481080216793
17243;76,416;0,211610455916326
17244;76,420;0,246345887710825
17245;76,424;0,20929476046336
17246;76,429;0,196393028653974
17247;76,433;0,22649706954254
17248;76,437;0,214256965005431
17249;76,441;0,16904576806656
17250;76,445;0,162980851404028
17251;76,449;0,150851018078965
17252;76,453;0,17874963472661
17253;76,457;0,178639363514564
17254;76,462;0,193636248352824
17255;76,466;0,300378781613378
17256;76,470;0,202457945316506
17257;76,474;0,19540058774556
17258;76,478;0,241604225592846
17259;76,482;0,163642478676304
17260;76,486;0,236531749838728
17261;76,490;0,110822568106257
17262;76,495;0,265202264970695
17263;76,499;0,212933710460879
17264;76,503;0,164083563524488
17265;76,507;0,209956387735636
17266;76,511;0,215800761974075
17267;76,515;0,177867465030242
17268;76,519;0,156254307469221
17269;76,523;0,17125119230748
17270;76,528;0,140595795358685
17271;76,532;0,249764295284252
17272;76,536;0,0626340484421435
17273;76,540;0,0948332423595834
17274;76,544;0,1471017968694
17275;76,548;0,12019562113017
17276;76,552;0,102993312050989
17277;76,556;0,154159154440346
17278;76,561;0,153387255956024
17279;76,565;0,187461060478246
17280;76,569;0,185917263509602
17281;76,573;0,205545539253795
17282;76,577;0,126260537792701
17283;76,581;0,160554884739016
17284;76,585;0,150520204442827
17285;76,589;0,133538437787739
17286;76,593;0,171692277155664
17287;76,598;0,221093780152285
17288;76,602;0,219219169547502
17289;76,606;0,123393486279504
17290;76,610;0,088988868121144
17291;76,614;0,260240060428624
17292;76,618;0,215249405913845
17293;76,622;0,118210739313341
17294;76,626;0,217234287730674
17295;76,631;0,149638034746459
17296;76,635;0,184483737753004
17297;76,639;0,140264981722547
17298;76,643;0,107734974168969
17299;76,647;0,222858119545021
17300;76,651;0,114682060527868
17301;76,655;0,182498855936175
17302;76,659;0,0921867332704787
17303;76,664;0,114792331739914
17304;76,668;0,166840343825639
17305;76,672;0,147873695353722
17306;76,676;0,0734406272226541
17307;76,680;0,21094882864405
17308;76,684;0,10464738023168
17309;76,688;0,119975078706078
17310;76,692;0,164193834736535
17311;76,697;0,182057771087991
17312;76,701;0,152725628683748
17313;76,705;0,128465962033622
17314;76,709;0,139162269602086
17315;76,713;0,160775427163108
17316;76,717;0,178859905938656
17317;76,721;0,129127589305898
17318;76,725;0,121629146886768
17319;76,730;0,205214725617657
17320;76,734;0,195510858957606
17321;76,738;0,110381483258073
17322;76,742;0,182719398360267
17323;76,746;0,23564958014236
17324;76,750;0,229253849843691
17325;76,754;0,20345038622492
17326;76,758;0,239398801351925
17327;76,762;0,313280513422763
17328;76,767;0,374591307320354
17329;76,771;0,347133775520894
17330;76,775;0,444723798181628
17331;76,779;0,520039036009064
17332;76,783;0,455640648174184
17333;76,787;0,415171113353292
17334;76,791;0,481444111792955
17335;76,795;0,642219538956062
17336;76,800;0,715990979814855
17337;76,804;0,854160808508527
17338;76,808;0,982406228118056
17339;76,812;1,12719232953449
17340;76,816;1,33549464908944
17341;76,820;1,38533723693424
17342;76,824;1,73180938518286
17343;76,828;2,00737714408588
17344;76,833;2,048398034967
17345;76,837;2,34315298476603
17346;76,841;2,62533701639182
17347;76,845;3,1808833826797
17348;76,849;3,48457030065446
17349;76,853;3,83401977162832
17350;76,857;4,51659857419323
17351;76,861;5,10412359197446
17352;76,866;5,64202656433498
17353;76,870;6,0383413004284
17354;76,874;7,09473951182934
17355;76,878;7,57860959028731
17356;76,882;8,39252140639904
17357;76,886;9,401061911772
17358;76,890;9,87357405538923
17359;76,894;10,9960247228057
17360;76,899;12,0159231630194
17361;76,903;13,5429589074328
17362;76,907;14,5964900673206
17363;76,911;15,1331800563486
17364;76,915;15,9719028951707
17365;76,919;17,5404006153134
17366;76,923;18,8502020719961
17367;76,927;19,7773624228791
17368;76,931;20,8018922539987
17369;76,936;22,1462086000518
17370;76,940;22,6106709451897
17371;76,944;24,5158266757089
17372;76,948;25,9204613747512
17373;76,952;26,6335853030529
17374;76,956;27,496457537313
17375;76,960;27,9568398476052
17376;76,964;28,8391198151855
17377;76,969;29,3523220360477
17378;76,973;30,7339100517723
17379;76,977;30,941440472843
17380;76,981;31,2582496650512
17381;76,985;32,2294082295406
17382;76,989;32,0319124887661
17383;76,993;32,6608994822767
17384;76,997;32,9896179653859
17385;77,002;33,1520474607297
17386;77,006;32,7133885792106
17387;77,010;33,0600812698833
17388;77,014;33,449890004466
17389;77,018;32,7752507291684
17390;77,022;32,8229981639843
17391;77,026;32,0944362659962
17392;77,030;31,5343687800144
17393;77,035;31,0566738894311
17394;77,039;30,7226623881436
17395;77,043;29,6366012207023
17396;77,047;29,9653197038115
17397;77,051;29,6624046843211
17398;77,055;28,3019887413093
17399;77,059;27,5575477887865
17400;77,063;26,9759774164558
17401;77,068;26,2295515821162
17402;77,072;25,6974929839941
17403;77,076;24,894608289087
17404;77,080;24,094480374481
17405;77,084;23,850009097375
17406;77,088;23,1700768038992
17407;77,092;22,072326887981
17408;77,096;21,4915284141346
17409;77,100;20,4356815587939
17410;77,105;20,5532306708349
17411;77,109;19,5264954154744
17412;77,113;19,017704043094
17413;77,117;18,0333129331591
17414;77,121;17,697647363691
17415;77,125;16,5273389902465
17416;77,129;16,1095213678041
17417;77,133;15,5665459196895
17418;77,138;15,0660248882126
17419;77,142;14,9513428276847
17420;77,146;14,0856035419113
17421;77,150;13,6705426997701
17422;77,154;13,1425641364937
17423;77,158;12,7589305897856
17424;77,162;12,4396954309123
17425;77,166;12,3853317233736
17426;77,171;11,847097937377
17427;77,175;11,1873452757056
17428;77,179;10,8256557001946
17429;77,183;10,5948580533823
17430;77,187;10,3797189186805
17431;77,191;9,91657982808718
17432;77,195;9,52125753290217
17433;77,199;9,30247944820286
17434;77,204;8,73370053646945
17435;77,208;8,550540053261
17436;77,212;8,0869598778195
17437;77,216;8,2937184004058
17438;77,220;7,68336724173104
17439;77,224;7,53141351153161
17440;77,228;6,90408058620176
17441;77,232;7,20710587690425
17442;77,237;6,94984313920086
17443;77,241;6,54900728341356
17444;77,245;6,50919937586494
17445;77,249;6,2036378472854
17446;77,253;5,8914600459831
17447;77,257;5,80368416119446
17448;77,261;5,479155984143
17449;77,265;5,47353215232865
17450;77,269;5,15959001163361
17451;77,274;5,25034321914749
17452;77,278;4,9032094436266
17453;77,282;4,75456384978856
17454;77,286;4,59169326959657
17455;77,290;4,77584619371344
17456;77,294;4,25668932740074
17457;77,298;4,2230566077267
17458;77,302;4,04904863511807
17459;77,307;4,08367379570053
17460;77,311;3,83953333223062
17461;77,315;3,78285392923896
17462;77,319;3,6514106444801
17463;77,323;3,73565785048326
17464;77,327;3,57058184605036
17465;77,331;3,44376995219743
17466;77,335;3,3864289219335
17467;77,340;3,07987495244554
17468;77,344;2,84654106775615
17469;77,348;3,02529070248276
17470;77,352;2,98934228735575
17471;77,356;2,86782341168103
17472;77,360;2,92362064497632
17473;77,364;2,91821735558606
17474;77,368;2,69348462543626
17475;77,373;2,64264959668304
17476;77,377;2,4954375286016
17477;77,381;2,56038727249671
17478;77,385;2,38318143473874
17479;77,389;2,38759228322058
17480;77,393;2,23188933181159
17481;77,397;2,21667190454924
17482;77,401;2,27224859542044
17483;77,406;2,38207872261828
17484;77,410;1,88387338659433
17485;77,414;1,90328111991443
17486;77,418;2,08500807736628
17487;77,422;1,82752479723881
17488;77,426;1,84638117449868
17489;77,430;1,80491919876937
17490;77,434;1,74471111699224
17491;77,438;1,75981827304255
17492;77,443;1,72012063670598
17493;77,447;1,6641028609866
17494;77,451;1,65076004432903
17495;77,455;1,50376851867167
17496;77,459;1,49285166867912
17497;77,463;1,54754618985395
17498;77,467;1,37761825209102
17499;77,471;1,3267832233378
17500;77,476;1,41764670206373
17501;77,480;1,32071830667527
17502;77,484;1,40364225813388
17503;77,488;1,391953509657
17504;77,492;1,32413671424869
17505;77,496;1,30936037183453
17506;77,500;1,26933192186182
17507;77,504;1,19445776888257
17508;77,509;1,26580324307635
17509;77,513;1,11296734318055
17510;77,517;0,944252388750131
17511;77,521;1,04393756443974
17512;77,525;1,22445153855909
17513;77,529;1,15222389466894
17514;77,533;1,01890599930529
17515;77,537;0,963770393282278
17516;77,542;1,05386197352388
17517;77,546;1,0519873629191
17518;77,550;1,07337997805603
17519;77,554;0,894630343329419
17520;77,558;1,00820969173683
17521;77,562;0,993543620534705
17522;77,566;0,908855329683356
17523;77,570;0,953845984198135
17524;77,575;0,919220823615683
17525;77,579;0,817330223685154
17526;77,583;0,90984777059177
17527;77,587;0,846331552453259
17528;77,591;0,861328437291519
17529;77,595;0,839935822154589
17530;77,599;0,727900270715826
17531;77,603;0,877317763038193
17532;77,607;0,89319681757282
17533;77,612;0,828467616101802
17534;77,616;0,735067899498817
17535;77,620;0,812037205506944
17536;77,624;0,818763749441752
17537;77,628;0,694598364677925
17538;77,632;0,76969306008127
17539;77,636;0,792629472186844
17540;77,640;0,610130616250669
17541;77,645;0,685997210138335
17542;77,649;0,678498767719205
17543;77,653;0,632184858659874
17544;77,657;0,6161955329132
17545;77,661;0,634059469264657
17546;77,665;0,701545451036825
17547;77,669;0,665707307121866
17548;77,673;0,657216423794322
17549;77,678;0,530073716305253
17550;77,682;0,55289985719878
17551;77,686;0,491258249665051
17552;77,690;0,437004813338406
17553;77,694;0,558964773861312
17554;77,698;0,464682887561959
17555;77,702;0,573410302639341
17556;77,706;0,468101295135386
17557;77,711;0,476702449674976
17558;77,715;0,394329854276593
17559;77,719;0,433586405764979
17560;77,723;0,317140005844374
17561;77,727;0,546614398112157
17562;77,731;0,46049258150421
17563;77,735;0,485303604214566
17564;77,739;0,463359633017406
17565;77,744;0,556649078408345
17566;77,748;0,554223111743333
17567;77,752;0,481113298156817
17568;77,756;0,407782942146209
17569;77,760;0,485083061790474
17570;77,764;0,360366320966417
17571;77,768;0,409657552750991
17572;77,772;0,283838099806474
17573;77,776;0,406128873965518
17574;77,781;0,32419736341532
17575;77,785;0,272480164965733
17576;77,789;0,412304061840096
17577;77,793;0,40579806032938
17578;77,797;0,386831411857463
17579;77,801;0,322322752810538
17580;77,805;0,395322295185008
17581;77,809;0,442959458788891
17582;77,814;0,381207580043116
17583;77,818;0,537020802664153
17584;77,822;0,330262280077851
17585;77,826;0,280088878596909
17586;77,830;0,311405902817981
17587;77,834;0,271928808905503
17588;77,838;0,328387669473069
17589;77,842;0,367533949749409
17590;77,847;0,349559742185906
17591;77,851;0,312067530090257
17592;77,855;0,34029696037404
17593;77,859;0,41384785880874
17594;77,863;0,181947499875945
17595;77,867;0,320558413417801
17596;77,871;0,288028405864223
17597;77,875;0,328497940685115
17598;77,880;0,228371680147322
17599;77,884;0,254947042250415
17600;77,888;0,25009510892039
17601;77,892;0,264871451334557
17602;77,896;0,296078204343583
17603;77,900;0,342171570978822
17604;77,904;0,340186689161994
17605;77,908;0,213926151369293
17606;77,913;0,279096437688495
17607;77,917;0,222527305908883
17608;77,921;0,290013287681052
17609;77,925;0,3413996724945
17610;77,929;0,320558413417801
17611;77,933;0,280088878596909
17612;77,937;0,237855004383281
17613;77,941;0,135082234756383
17614;77,945;0,321220040690077
17615;77,950;0,200142249863539
17616;77,954;0,299386340704964
17617;77,958;0,207750963494715
17618;77,962;0,347354317944986
17619;77,966;0,253844330129955
17620;77,970;0,147322339293492
17621;77,974;0,164083563524488
17622;77,978;0,146219627173032
17623;77,983;0,234657139233946
17624;77,987;0,218667813487272
17625;77,991;0,17014848018702
17626;77,995;0,165627360493133
17627;77,999;0,305230714943403
17628;78,003;0,22010133924387
17629;78,007;0,25814490739975
17630;78,011;0,228040866511184
17631;78,016;0,173015531700217
17632;78,020;0,184814551389142
17633;78,024;0,248992396799929
17634;78,028;0,18679943320597
17635;78,032;0,205435268041749
17636;78,036;0,229033307419599
17637;78,040;0,210618015007912
17638;78,044;0,216903474094536
17639;78,049;0,151843458987379
17640;78,053;0,214918592277707
17641;78,057;0,17069983624725
17642;78,061;0,159893257466739
17643;78,065;0,209735845311544
17644;78,069;0,230797646812335
17645;78,073;0,283617557382382
17646;78,077;0,179962618059116
17647;78,082;0,144124474144158
17648;78,086;0,249433481648114
17649;78,090;0,174228515032723
17650;78,094;0,197275198350343
17651;78,098;0,155372137772852
17652;78,102;0,264981722546603
17653;78,106;0,287035964955809
17654;78,110;0,210618015007912
17655;78,114;0,171140921095434
17656;78,119;0,175331227153183
17657;78,123;0,116997755980835
17658;78,127;0,176103125637505
17659;78,131;0,194187604413054
17660;78,135;0,231459274084611
17661;78,139;0,166950615037685
17662;78,143;0,173566887760447
17663;78,147;0,236642021050774
17664;78,152;0,117990196889249
17665;78,156;0,150961289291011
17666;78,160;0,149086678686229
17667;78,164;0,151622916563287
17668;78,168;0,112035551438764
17669;78,172;0,163642478676304
17670;78,176;0,13100219991068
17671;78,180;0,157357019589681
17672;78,185;0,259357890732256
17673;78,189;0,229253849843691
17674;78,193;0,206317437738117
17675;78,197;0,132987081727509
17676;78,201;0,172684718064079
17677;78,205;0,111153381742395
17678;78,209;0,218336999851134
17679;78,213;0,230025748328013
17680;78,218;0,160113799890832
17681;78,222;0,140706066570731
17682;78,226;0,150630475654873
17683;78,230;0,164524648372673
17684;78,234;0,102772769626897
17685;78,238;0,171912819579756
17686;78,242;0,142911490811651
17687;78,246;0,0673757105601226
17688;78,251;0,0920764620584327
17689;78,255;0,158349460498095
17690;78,259;0,149196949898275
17691;78,263;0,14765315292963
17692;78,267;0,160334342314924
17693;78,271;0,202127131680368
17694;78,275;0,139713625662316
17695;78,279;0,17930099078684
17696;78,283;0,10409602417145
17697;78,288;0,127142707489069
17698;78,292;0,125929724156563
17699;78,296;0,166178716553363
17700;78,300;0,198708724106941
17701;78,304;0,132987081727509
17702;78,308;0,118982637797663
17703;78,312;0,15515159534876
17704;78,316;0,0902018514536503
17705;78,321;0,172243633215895
17706;78,325;0,184483737753004
17707;78,329;0,169486852914744
17708;78,333;0,13850064232981
17709;78,337;0,25230053316131
17710;78,341;0,146770983233262
17711;78,345;0,155813222621036
17712;78,349;0,181947499875945
17713;78,354;0,194518418049192
17714;78,358;0,141477965055053
17715;78,362;0,136956845361166
17716;78,366;0,0997954469016546
17717;78,370;0,132325454455233
17718;78,374;0,17819827866638
17719;78,378;0,0653908287432941
17720;78,382;0,121188062038584
17721;78,387;0,128024877185438
17722;78,391;0,155592680196944
17723;78,395;0,154489968076484
17724;78,399;0,159341901406509
17725;78,403;0,105860363564186
17726;78,407;0,0922970044825248
17727;78,411;0,186027534721648
17728;78,415;0,0496220454207122
17729;78,420;0,124827012036103
17730;78,424;0,113689619619454
17731;78,428;0,172353904427941
17732;78,432;0,131222742334772
17733;78,436;0,171030649883388
17734;78,440;0,118100468101295
17735;78,444;0,0847985620633949
17736;78,448;0,184704280177096
17737;78,452;0,107734974168969
17738;78,457;0,0876656135765916
17739;78,461;0,166840343825639
17740;78,465;0,13905199839004
17741;78,469;0,202457945316506
17742;78,473;0,173125802912263
17743;78,477;0,132987081727509
17744;78,481;0,114240975679684
17745;78,485;0,140595795358685
17746;78,490;0,151843458987379
17747;78,494;0,146660712021216
17748;78,498;0,14489637262848
17749;78,502;0,12240104537109
17750;78,506;0,0920764620584327
17751;78,510;0,0546945211748295
17752;78,514;0,0956051408439056
17753;78,518;0,0675962529842147
17754;78,523;0,120416163554262
17755;78,527;0,10575009235214
17756;78,531;0,131112471122726
17757;78,535;0,142801219599605
17758;78,539;0,115564230224237
17759;78,543;0,0905326650897883
17760;78,547;0,0990235484173324
17761;78,551;0,0757563226756207
17762;78,556;0,132325454455233
17763;78,560;0,168825225642468
17764;78,564;0,0898710378175122
17765;78,568;0,173456616548401
17766;78,572;0,151953730199425
17767;78,576;0,159562443830601
17768;78,580;0,151181831715103
17769;78,584;0,142029321115283
17770;78,589;0,102772769626897
17771;78,593;0,142249863539375
17772;78,597;0,154269425652392
17773;78,601;0,108396601441245
17774;78,605;0,129789216578174
17775;78,609;0,111484195378534
17776;78,613;0,139382812026178
17777;78,617;0,143021762023697
17778;78,621;0,0853499181236251
17779;78,626;0,0994646332655165
17780;78,630;0,121188062038584
17781;78,634;0,183160483208451
17782;78,638;0,0952743272077675
17783;78,642;0,120085349918124
17784;78,646;0,134971963544337
17785;78,650;0,169486852914744
17786;78,654;0,131333013546818
17787;78,659;0,100015989325747
17788;78,663;0,0873347999404536
17789;78,667;0,105088465079864
17790;78,671;0,150299662018735
17791;78,675;0,126260537792701
17792;78,679;0,164083563524488
17793;78,683;0,0936202590270771
17794;78,687;0,127252978701115
17795;78,692;0,105639821140094
17796;78,696;0,100787887810069
17797;78,700;0,0455420105750092
17798;78,704;0,153056442319886
17799;78,708;0,140485524146639
17800;78,712;0,128907046881806
17801;78,716;0,196393028653974
17802;78,720;0,106521990836462
17803;78,725;0,0421236030015824
17804;78,729;0,0532609954182311
17805;78,733;0,199590893803309
17806;78,737;0,135302777180475
17807;78,741;0,102662498414851
17808;78,745;0,118541552949479
17809;78,749;0,127252978701115
17810;78,753;0,0629648620782815
17811;78,758;0,134641149908199
17812;78,762;0,141588236267099
17813;78,766;0,085239646911579
17814;78,770;0,119092909009709
17815;78,774;0,152064001411472
17816;78,778;0,0876656135765916
17817;78,782;0,147322339293492
17818;78,786;0,0750946954033445
17819;78,790;0,148976407474183
17820;78,795;0,172684718064079
17821;78,799;0,108176059017153
17822;78,803;0,129458402942036
17823;78,807;0,12184968931086
17824;78,811;0,168163598370191
17825;78,815;0,155592680196944
17826;78,819;0,107514431744877
17827;78,823;0,194518418049192
17828;78,828;0,154820781712622
17829;78,832;0,133648708999785
17830;78,836;0,110160940833981
17831;78,840;0,0533712666302772
17832;78,844;0,157136477165589
17833;78,848;0,0551356060230136
17834;78,852;0,169486852914744
17835;78,856;0,0669346257119385
17836;78,861;0,0786233741888174
17837;78,865;0,139162269602086
17838;78,869;0,0532609954182311
17839;78,873;0,0928483605427549
17840;78,877;0,0678167954083067
17841;78,881;0,101008430234161
17842;78,885;0,122731859007228
17843;78,889;0,12824541960953
17844;78,894;0,127804334761346
17845;78,898;0,110271212046027
17846;78,902;0,0859012741838552
17847;78,906;0,126481080216793
17848;78,910;0,119313451433801
17849;78,914;0,143021762023697
17850;78,918;0,158570002922187
17851;78,922;0,142360134751421
17852;78,927;0,105639821140094
17853;78,931;0,0646189302589719
17854;78,935;0,164855462008811
17855;78,939;0,155261866560806
17856;78,943;0,125047554460195
17857;78,947;0,117438840829019
17858;78,951;0,102662498414851
17859;78,955;0,0436673999702268
17860;78,959;0,125378368096333
17861;78,964;0,107955516593061
17862;78,968;0,132104912031141
17863;78,972;0,0940613438752612
17864;78,976;0,139382812026178
17865;78,980;0,127914605973392
17866;78,984;0,0915251059982026
17867;78,988;0,0767487635840349
17868;78,992;0,167943055946099
17869;78,997;0,141588236267099
17870;79,001;0,121188062038584
17871;79,005;0,120967519614492
17872;79,009;0,104426837807588
17873;79,013;0,11435124689173
17874;79,017;0,0968181241764119
17875;79,021;0,0830342226706585
17876;79,025;0,216241846822259
17877;79,030;0,146770983233262
17878;79,034;0,164193834736535
17879;79,038;0,15349752716807
17880;79,042;0,0588848272325785
17881;79,046;0,125047554460195
17882;79,050;0,0788439166129095
17883;79,054;0,0341840757342684
17884;79,058;0,195290316533514
17885;79,063;0,153607798380116
17886;79,067;0,0999057181137007
17887;79,071;0,0841369347911188
17888;79,075;0,127032436277023
17889;79,079;0,112586907498994
17890;79,083;0,168825225642468
17891;79,087;0,1276940635493
17892;79,091;0,0957154120559516
17893;79,096;0,0913045635741105
17894;79,100;0,130340572638404
17895;79,104;0,176764752909782
17896;79,108;0,185586449873464
17897;79,112;0,0453214681509172
17898;79,116;0,131333013546818
17899;79,120;0,152835899895794
17900;79,124;0,100567345385977
17901;79,128;0,105309007503956
17902;79,133;0,121077790826538
17903;79,137;0,127583792337253
17904;79,141;0,108506872653291
17905;79,145;0,15349752716807
17906;79,149;0,119203180221755
17907;79,153;0,08909913933319
17908;79,157;0,106963075684646
17909;79,161;0,0629648620782815
17910;79,166;0,180072889271162
17911;79,170;0,093399716602985
17912;79,174;0,103213854475081
17913;79,178;0,0594361832928087
17914;79,182;0,0859012741838552
17915;79,186;0,144014202932112
17916;79,190;0,0937305302391231
17917;79,194;0,0784028317647253
17918;79,199;0,124937283248149
17919;79,203;0,0562383181434739
17920;79,207;0,0760871363117588
17921;79,211;0,126922165064977
17922;79,215;0,146991525657354
17923;79,219;0,0894299529693281
17924;79,223;0,128576233245668
17925;79,227;0,0612005226855451
17926;79,232;0,0575615726880262
17927;79,236;0,0927380893307089
17928;79,240;0,0679270666203528
17929;79,244;0,140154710510501
17930;79,248;0,0969283953884579
17931;79,252;0,0886580544850059
17932;79,256;0,155041324136714
17933;79,260;0,0482987908761599
17934;79,265;0,136736302937074
17935;79,269;0,0628545908662355
17936;79,273;0,123614028703597
17937;79,277;0,108727415077383
17938;79,281;0,114130704467638
17939;79,285;0,138169828693672
17940;79,289;0,141036880206869
17941;79,293;0,0882169696368218
17942;79,297;0,0548047923868755
17943;79,302;0,102221413566667
17944;79,306;0,0922970044825248
17945;79,310;0,0938408014511692
17946;79,314;0,0759768650997127
17947;79,318;0,107624702956923
17948;79,322;0,115895043860375
17949;79,326;0,0916353772102486
17950;79,330;0,110602025682165
17951;79,335;0,13905199839004
17952;79,339;0,0709043893455955
17953;79,343;0,0717865590419637
17954;79,347;0,110491754470119
17955;79,351;0,124827012036103
17956;79,355;0,126922165064977
17957;79,359;0,024480209074218
17958;79,363;0,10464738023168
17959;79,368;0,109168499925567
17960;79,372;0,111373924166487
17961;79,376;0,122731859007228
17962;79,380;0,15239481504761
17963;79,384;0,0739919832828843
17964;79,388;0,093289445390939
17965;79,392;0,108947957501475
17966;79,396;0,164524648372673
17967;79,401;0,140154710510501
17968;79,405;0,139713625662316
17969;79,409;0,140154710510501
17970;79,413;0,142911490811651
17971;79,417;0,0864526302440853
17972;79,421;0,167722513522007
17973;79,425;0,108286330229199
17974;79,429;0,107624702956923
17975;79,434;0,227268968026862
17976;79,438;0,0804979847935999
17977;79,442;0,111263652954441
17978;79,446;0,0914148347861566
17979;79,450;0,0841369347911188
17980;79,454;0,137508201421396
17981;79,458;0,0946126999354913
17982;79,462;0,134310336272061
17983;79,467;0,220762966516146
17984;79,471;0,113469077195362
17985;79,475;0,0776309332804032
17986;79,479;0,188563772598707
17987;79,483;0,080939069641784
17988;79,487;0,100346802961885
17989;79,491;0,0306553969487956
17990;79,495;0,124716740824057
17991;79,499;0,135633590816613
17992;79,504;0,0765282211599429
17993;79,508;0,0588848272325785
17994;79,512;0,0746536105551604
17995;79,516;0,177316108970012
17996;79,520;0,0767487635840349
17997;79,524;0,16154732564743
17998;79,528;0,16209868170766
17999;79,532;0,0962667681161817
18000;79,537;0,0782925605526793
18001;79,541;0,117218298404927
18002;79,545;0,102221413566667
18003;79,549;0,108396601441245
18004;79,553;0,140706066570731
18005;79,557;0,106411719624416
18006;79,561;0,105088465079864
18007;79,565;0,134200065060015
18008;79,570;0,0999057181137007
18009;79,574;0,0506144863291265
18010;79,578;0,0471960787556996
18011;79,582;0,138831455965948
18012;79,586;0,133097352939555
18013;79,590;0,149748305958505
18014;79,594;0,0557972332952898
18015;79,598;0,0603183529891769
18016;79,603;0,112035551438764
18017;79,607;0,125047554460195
18018;79,611;0,0958256832679976
18019;79,615;0,0839163923670267
18020;79,619;0,0857910029718092
18021;79,623;0,0938408014511692
18022;79,627;0,05689994541575
18023;79,631;0,116777213556743
18024;79,636;0,170479293823158
18025;79,640;0,0594361832928087
18026;79,644;0,0520480120857248
18027;79,648;0,106411719624416
18028;79,652;0,12350375749155
18029;79,656;0,101228972658253
18030;79,660;0,119864807494032
18031;79,664;0,151292102927149
18032;79,668;0,0994646332655165
18033;79,673;0,129789216578174
18034;79,677;0,102883040838943
18035;79,681;0,0904223938777423
18036;79,685;0,0796158150972316
18037;79,689;0,101890599930529
18038;79,693;0,122842130219274
18039;79,697;0,107845245381015
18040;79,701;0,149417492322367
18041;79,706;0,105639821140094
18042;79,710;0,10519873629191
18043;79,714;0,0379332969438334
18044;79,718;0,177426380182058
18045;79,722;0,128576233245668
18046;79,726;0,0862320878199933
18047;79,730;0,172133362003848
18048;79,734;0,107073346896692
18049;79,739;0,127363249913161
18050;79,743;0,076969306008127
18051;79,747;0,0808287984297379
18052;79,751;0,123393486279504
18053;79,755;0,0962667681161817
18054;79,759;0,0876656135765916
18055;79,763;0,137839015057534
18056;79,767;0,113579348407408
18057;79,772;0,0651702863192021
18058;79,776;0,119533993857893
18059;79,780;0,141588236267099
18060;79,784;0,11490260295196
18061;79,788;0,0830342226706585
18062;79,792;0,128355690821576
18063;79,796;0,114682060527868
18064;79,800;0,141257422630961
18065;79,805;0,0993543620534705
18066;79,809;0,214367236217477
18067;79,813;0,205214725617657
18068;79,817;0,116777213556743
18069;79,821;0,192312993808271
18070;79,825;0,173236074124309
18071;79,829;0,179190719574794
18072;79,833;0,366431237628948
18073;79,837;0,249764295284252
18074;79,842;0,258255178611796
18075;79,846;0,208853675615176
18076;79,850;0,424874980013343
18077;79,854;0,412634875476234
18078;79,858;0,551135517806044
18079;79,862;0,55179714507832
18080;79,866;0,666810019242327
18081;79,870;0,690408058620176
18082;79,875;0,908524516047218
18083;79,879;1,02320657657509
18084;79,883;1,10480727348915
18085;79,887;1,37078143694416
18086;79,891;1,31288905062
18087;79,895;1,74890142304999
18088;79,899;1,9638200153277
18089;79,903;2,29639799085852
18090;79,908;2,41262384835503
18091;79,912;2,79030274961267
18092;79,916;2,99011418584007
18093;79,920;3,37132176588319
18094;79,924;3,67743465052296
18095;79,928;4,0301922578582
18096;79,932;4,77948514371096
18097;79,936;5,23203819794785
18098;79,941;5,7151363779215
18099;79,945;6,30045597146181
18100;79,949;6,67218022726897
18101;79,953;7,32796312530669
18102;79,957;7,89144901886189
18103;79,961;8,30816392918383
18104;79,965;9,11226160742346
18105;79,969;9,89893643415982
18106;79,974;10,4497411383297
18107;79,978;11,0186303212752
18108;79,982;12,000485193333
18109;79,986;12,2215789734853
18110;79,990;12,8406415579117
18111;79,994;13,9151242480882
18112;79,998;14,3012940326734
18113;80,002;15,0752876700244
18114;80,006;16,0621047466243
18115;80,011;16,4257792039521
18116;80,015;17,3797354593623
18117;80,019;17,644937724333
18118;80,023;17,6967651939946
18119;80,027;18,5942625888372
18120;80,031;19,6206670305617
18121;80,035;19,386561247388
18122;80,039;19,7736132016695
18123;80,044;20,5784827783935
18124;80,048;20,9708277508532
18125;80,052;21,5794145701352
18126;80,056;21,8714127396331
18127;80,060;22,3305820665928
18128;80,064;22,9657442479779
18129;80,068;23,0420519267138
18130;80,072;23,5900998505825
18131;80,077;24,5590529908309
18132;80,081;24,736369099801
18133;80,085;25,4296442099343
18134;80,089;25,5876628567963
18135;80,093;26,2262434457548
18136;80,097;26,8757408847059
18137;80,101;27,5362654448616
18138;80,105;27,4733005827834
18139;80,110;28,8920499969675
18140;80,114;29,4280783587233
18141;80,118;30,4209603519857
18142;80,122;30,661351594246
18143;80,126;30,951034068291
18144;80,130;32,2696572219374
18145;80,134;32,8089937200545
18146;80,138;33,2577975530818
18147;80,143;33,9596738177548
18148;80,147;34,3669054038407
18149;80,151;35,3274779319737
18150;80,155;36,1732581283667
18151;80,159;37,7284130318518
18152;80,163;38,1670719133709
18153;80,167;39,0055742097689
18154;80,171;40,0329710924018
18155;80,175;40,2891311179847
18156;80,180;41,4802807505059
18157;80,184;42,079604787976
18158;80,188;42,9600101449515
18159;80,192;43,2404298371846
18160;80,196;43,3662492901291
18161;80,200;44,2146759956112
18162;80,204;44,7357074725287
18163;80,208;44,6103291044324
18164;80,213;44,7041699058835
18165;80,217;45,395239591776
18166;80,221;45,6236112719233
18167;80,225;45,3361342221193
18168;80,229;44,50887958935
18169;80,233;44,4719387333146
18170;80,237;44,4445914727272
18171;80,241;43,1404138478588
18172;80,246;42,3579293271802
18173;80,250;41,8389930032916
18174;80,254;41,6165759685948
18175;80,258;40,270605554361
18176;80,262;40,2314592740846
18177;80,266;39,3154363156183
18178;80,270;38,7731224947759
18179;80,274;37,688164039455
18180;80,279;36,8228658385299
18181;80,283;35,7909478362031
18182;80,287;34,3065870508516
18183;80,291;33,509877543819
18184;80,295;32,6532907686455
18185;80,299;31,3341162589389
18186;80,303;30,3845708520105
18187;80,307;29,9284891189882
18188;80,312;28,833275440947
18189;80,316;27,7566975977416
18190;80,320;26,494974389511
18191;80,324;26,2357267699908
18192;80,328;25,0989408450083
18193;80,332;24,3921023757933
18194;80,336;23,6260482657095
18195;80,340;22,5996438239851
18196;80,344;21,8192544563354
18197;80,349;21,3546818399854
18198;80,353;21,1247663628695
18199;80,357;19,8511338637379
18200;80,361;19,187742252069
18201;80,365;18,8762260780389
18202;80,369;17,956453898363
18203;80,373;17,6633530167447
18204;80,377;16,1897988101736
18205;80,382;16,1730375859426
18206;80,386;15,8219340467881
18207;80,390;15,3102756228945
18208;80,394;14,6485380794063
18209;80,398;14,0575946540516
18210;80,402;13,6291909952528
18211;80,406;13,2641932833805
18212;80,410;13,0443124865607
18213;80,415;12,3440902900684
18214;80,419;11,9972873281837
18215;80,423;12,3414437809793
18216;80,427;11,483092666413
18217;80,431;11,1066267484879
18218;80,435;10,6405103351693
18219;80,439;10,4569087671127
18220;80,443;10,2250084081799
18221;80,448;9,55422862530394
18222;80,452;9,37647143148574
18223;80,456;8,90087169393122
18224;80,460;8,87319361970767
18225;80,464;8,70977168345546
18226;80,468;8,40409988366387
18227;80,472;8,2216010277277
18228;80,476;7,87733430372
18229;80,481;7,78183943408814
18230;80,485;7,4178341631242
18231;80,489;7,33369722833309
18232;80,493;6,95800320889227
18233;80,497;6,87915929227936
18234;80,501;6,80538785142057
18235;80,505;6,30012515782567
18236;80,509;6,31809936538918
18237;80,513;5,91197049142366
18238;80,518;5,6873480324859
18239;80,522;5,53837162501172
18240;80,526;5,45919689476267
18241;80,530;5,56031559620888
18242;80,534;5,27769047973491
18243;80,538;5,08857535107597
18244;80,542;5,15010668739765
18245;80,546;4,91600090422394
18246;80,551;4,89152069514972
18247;80,555;4,63425795744634
18248;80,559;4,27157594102696
18249;80,563;4,26286451527532
18250;80,567;4,38074444095252
18251;80,571;4,12998770475986
18252;80,575;3,97527719425928
18253;80,579;3,92598596247471
18254;80,584;4,0400063957303
18255;80,588;3,77403223227528
18256;80,592;3,92653731853494
18257;80,596;3,45215056431293
18258;80,600;3,53044312486561
18259;80,604;3,51522569760326
18260;80,608;3,3655876628568
18261;80,612;3,09939295697769
18262;80,617;2,95074736313964
18263;80,621;3,17162060086783
18264;80,625;3,07623600244802
18265;80,629;2,97467621615363
18266;80,633;3,00378781613378
18267;80,637;2,71399507087682
18268;80,641;2,75523650418204
18269;80,645;2,71498751178524
18270;80,650;2,51241929525668
18271;80,654;2,39641398018426
18272;80,658;2,60603955428376
18273;80,662;2,42850290288966
18274;80,666;2,42199690137894
18275;80,670;2,49874566496298
18276;80,674;2,46434104680462
18277;80,678;2,22692712726952
18278;80,682;2,39575235291199
18279;80,687;2,14367236217477
18280;80,691;2,29286931207304
18281;80,695;2,22913255151044
18282;80,699;2,06107922435229
18283;80,703;1,96734869411317
18284;80,707;2,03560657436966
18285;80,711;1,83733893511091
18286;80,715;1,96812059259749
18287;80,720;1,94088360322212
18288;80,724;1,7985234684707
18289;80,728;1,88563772598707
18290;80,732;1,76356749425211
18291;80,736;1,66917533674071
18292;80,740;1,62782363222345
18293;80,744;1,60896725496358
18294;80,748;1,80646299573802
18295;80,753;1,22390018249886
18296;80,757;1,63763777009555
18297;80,761;1,58327406255686
18298;80,765;1,43440792629472
18299;80,769;1,52637411714111
18300;80,773;1,49693170352482
18301;80,777;1,38864537329562
18302;80,781;1,36493706270572
18303;80,786;1,24727767945261
18304;80,790;1,39426920510997
18305;80,794;1,3282167490944
18306;80,798;1,34519851574949
18307;80,802;1,22235638553021
18308;80,806;1,27473521125207
18309;80,810;1,30219274305154
18310;80,814;1,23569920218778
18311;80,819;1,20063295675714
18312;80,823;1,09576503410137
18313;80,827;1,08617143865337
18314;80,831;1,28157202639893
18315;80,835;1,25631991884039
18316;80,839;1,12234039620446
18317;80,843;1,05187709170705
18318;80,847;1,30285437032381
18319;80,851;1,10171967955186
18320;80,856;1,19335505676211
18321;80,860;1,2031691946342
18322;80,864;1,09466232198091
18323;80,868;1,19688373554758
18324;80,872;1,30483925214064
18325;80,876;1,25477612187174
18326;80,880;1,43297440053812
18327;80,884;1,44951508234503
18328;80,889;1,30428789608041
18329;80,893;1,49461600807185
18330;80,897;1,58327406255686
18331;80,901;1,64745190796765
18332;80,905;1,70093344580997
18333;80,909;1,91816773354064
18334;80,913;2,14896538035298
18335;80,917;2,26805828936269
18336;80,922;2,50889061647121
18337;80,926;2,56457757855445
18338;80,930;2,69017648907488
18339;80,934;3,20536359175392
18340;80,938;3,16621731147758
18341;80,942;3,65604203538603
18342;80,946;3,83633546708129
18343;80,950;4,42121397577341
18344;80,955;4,93926812996565
18345;80,959;5,1739252691996
18346;80,963;5,56538807196299
18347;80,967;6,25932480936864
18348;80,971;6,69235985907339
18349;80,975;7,21515567538361
18350;80,979;7,86178606282151
18351;80,983;8,41148805487096
18352;80,988;9,31074978910631
18353;80,992;9,90830948718373
18354;80,996;10,7486863941865
18355;81,000;11,7041864465653
18356;81,004;12,6535113110696
18357;81,008;13,0931626334971
18358;81,012;14,5483015476565
18359;81,016;14,750759492973
18360;81,020;16,3330411146214
18361;81,025;17,3648488457361
18362;81,029;17,9160946347542
18363;81,033;18,6723346069658
18364;81,037;19,4580169927938
18365;81,041;20,5155179163152
18366;81,045;21,3755230990621
18367;81,049;22,5032667846569
18368;81,053;22,4537550104482
18369;81,058;23,7355475792712
18370;81,062;24,9285718223972
18371;81,066;25,2019341570593
18372;81,070;26,0977774837212
18373;81,074;26,3078441426689
18374;81,078;27,1552784072426
18375;81,082;26,6577346984909
18376;81,086;27,8282636143595
18377;81,091;27,9679772400218
18378;81,095;27,6550275402352
18379;81,099;27,989921211219
18380;81,103;28,0817771308533
18381;81,107;28,7003986304315
18382;81,111;28,0432924778493
18383;81,115;28,1277602262765
18384;81,119;28,7738392576542
18385;81,124;27,9155984143
18386;81,128;27,8401729052605
18387;81,132;27,0523953664037
18388;81,136;26,9605394467693
18389;81,140;26,5555132849243
18390;81,144;26,2087103230395
18391;81,148;25,5886552977047
18392;81,152;24,8889844572727
18393;81,157;24,8353926482183
18394;81,161;24,2359583395361
18395;81,165;23,4770718582353
18396;81,169;23,2768193371597
18397;81,173;22,2471067590739
18398;81,177;21,5798556549834
18399;81,181;21,0645582810923
18400;81,185;20,7556886161514
18401;81,189;20,0320889227054
18402;81,194;19,3557955792271
18403;81,198;19,0686493430593
18404;81,202;18,169608151248
18405;81,206;17,3721267457311
18406;81,210;17,1643757822364
18407;81,214;16,6567973931885
18408;81,218;16,2562923510374
18409;81,222;15,6121982014765
18410;81,227;15,2009968517569
18411;81,231;14,7065407369425
18412;81,235;14,3212531220537
18413;81,239;13,454741937796
18414;81,243;13,3978419923803
18415;81,247;12,7589305897856
18416;81,251;12,4575593672638
18417;81,255;11,7213887556445
18418;81,260;11,5125350800293
18419;81,264;11,07817677578
18420;81,268;10,7781288078028
18421;81,272;10,4644072095318
18422;81,276;10,0583886067784
18423;81,280;10,0562934537495
18424;81,284;9,56702008590127
18425;81,288;9,1485408361866
18426;81,293;8,80725143490415
18427;81,297;8,5491065275044
18428;81,301;8,30595850494291
18429;81,305;8,25214615346445
18430;81,309;7,83432853102205
18431;81,313;7,52049666153906
18432;81,317;7,49513428276847
18433;81,321;7,16421037541834
18434;81,326;6,81817931201791
18435;81,330;6,70018911512866
18436;81,334;6,37720473504585
18437;81,338;6,0718637488904
18438;81,342;6,23296998968964
18439;81,346;6,14276813823599
18440;81,350;5,87161122781481
18441;81,354;5,67665172491744
18442;81,358;5,34506619029503
18443;81,363;5,1432698722508
18444;81,367;4,82204983156072
18445;81,371;4,99605780416935
18446;81,375;4,77650782098571
18447;81,379;4,79734908006241
18448;81,383;4,54923885295885
18449;81,387;4,18788009108402
18450;81,391;4,22757772742059
18451;81,396;4,31270710312012
18452;81,400;4,28646255465317
18453;81,404;4,11951193961548
18454;81,408;3,6236222990445
18455;81,412;3,85883079433868
18456;81,416;3,42601628705802
18457;81,420;3,52934041274515
18458;81,424;3,56903804908172
18459;81,429;3,40164634919585
18460;81,433;3,51798247790441
18461;81,437;3,35599406740879
18462;81,441;3,20238626902868
18463;81,445;3,09795943122109
18464;81,449;2,84290211775863
18465;81,453;2,91193189649944
18466;81,457;2,90035341923461
18467;81,462;2,75435433448567
18468;81,466;2,65014803910217
18469;81,470;2,57284791945791
18470;81,474;2,41229303471889
18471;81,478;2,4288337165258
18472;81,482;2,35164386809358
18473;81,486;2,19483820456413
18474;81,490;2,20718858031328
18475;81,495;2,0874340440313
18476;81,499;2,2800778514757
18477;81,503;2,05633756223432
18478;81,507;2,05347051072112
18479;81,511;1,99723219257764
18480;81,515;1,97098764411069
18481;81,519;1,79124556847567
18482;81,523;1,8126381836126
18483;81,527;2,01487558650501
18484;81,532;1,85167419267689
18485;81,536;1,96701788047703
18486;81,540;1,61370891708156
18487;81,544;1,73798457305743
18488;81,548;1,61988410495614
18489;81,552;1,58492813073755
18490;81,556;1,60632074587448
18491;81,560;1,59981474436376
18492;81,565;1,45866759294485
18493;81,569;1,49803441564528
18494;81,573;1,47586990202403
18495;81,577;1,52119137017495
18496;81,581;1,29645864002514
18497;81,585;1,35787970513478
18498;81,589;1,34111848090378
18499;81,593;1,3835728975415
18500;81,598;1,20327946584625
18501;81,602;1,23547865976369
18502;81,606;1,15652447193873
18503;81,610;1,28532124760849
18504;81,614;1,14803358861119
18505;81,618;1,1672207795072
18506;81,622;1,10811540985053
18507;81,626;1,00082152052974
18508;81,631;1,19511939615484
18509;81,635;0,934327979665989
18510;81,639;1,09014120228702
18511;81,643;0,997513384168362
18512;81,647;1,00501182658749
18513;81,651;1,03875481747358
18514;81,655;1,01967789778961
18515;81,659;0,976892667515755
18516;81,664;0,886911358486197
18517;81,668;0,929034961487779
18518;81,672;0,910840211500185
18519;81,676;0,870591219103385
18520;81,680;0,861659250927657
18521;81,684;0,94678862662719
18522;81,688;0,864526302440853
18523;81,692;0,836407143369116
18524;81,696;0,789211064613417
18525;81,701;0,705515214670482
18526;81,705;0,872355558496121
18527;81,709;0,615423634428878
18528;81,713;0,797260863092777
18529;81,717;0,748079902520249
18530;81,721;0,778955841893136
18531;81,725;0,734516543438587
18532;81,729;0,651482320767929
18533;81,734;0,77994828280155
18534;81,738;0,766936279780119
18535;81,742;0,647512557134272
18536;81,746;0,614762007156602
18537;81,750;0,78468994491953
18538;81,754;0,595464545048547
18539;81,758;0,637588148050129
18540;81,762;0,63924221623082
18541;81,767;0,649607710163146
18542;81,771;0,666810019242327
18543;81,775;0,620496110182995
18544;81,779;0,529191546608885
18545;81,783;0,687320464682888
18546;81,787;0,598111054137652
18547;81,791;0,567455657188856
18548;81,795;0,612336040491589
18549;81,800;0,549040364777169
18550;81,804;0,595023460200363
18551;81,808;0,629097264722585
18552;81,812;0,552789585986734
18553;81,816;0,437776711822728
18554;81,820;0,599875393530388
18555;81,824;0,512650864801981
18556;81,828;0,430057726979506
18557;81,833;0,490045266332545
18558;81,837;0,435902101217946
18559;81,841;0,508570829956277
18560;81,845;0,537902972360521
18561;81,849;0,538895413268935
18562;81,853;0,38804439518997
18563;81,857;0,393006599732041
18564;81,861;0,497212895115537
18565;81,865;0,461926107260808
18566;81,870;0,456081733022369
18567;81,874;0,406239145177564
18568;81,878;0,384736258828589
18569;81,882;0,518936323888604
18570;81,886;0,410760264871451
18571;81,890;0,495007470874616
18572;81,894;0,431711795160197
18573;81,898;0,396204464881376
18574;81,903;0,455420105750092
18575;81,907;0,441305390608201
18576;81,911;0,443180001212983
18577;81,915;0,426418776981987
18578;81,919;0,343164011887237
18579;81,923;0,337870993709027
18580;81,927;0,409106196690761
18581;81,931;0,411311620931681
18582;81,936;0,471740245132904
18583;81,940;0,425316064861527
18584;81,944;0,377899443681735
18585;81,948;0,346031063400433
18586;81,952;0,352978149759333
18587;81,956;0,302143121006115
18588;81,960;0,319014616449157
18589;81,964;0,342171570978822
18590;81,969;0,271597995269365
18591;81,973;0,498977234508273
18592;81,977;0,423441454256745
18593;81,981;0,306884783124094
18594;81,985;0,360035507330279
18595;81,989;0,354852760364116
18596;81,993;0,322102210386445
18597;81,997;0,294644678586985
18598;82,002;0,363453914903706
18599;82,006;0,332357433106726
18600;82,010;0,310634004333659
18601;82,014;0,425426336073573
18602;82,018;0,291115999801512
18603;82,022;0,315927022511868
18604;82,026;0,314603767967316
18605;82,030;0,347685131581124
18606;82,034;0,414178672444878
18607;82,039;0,294754949799031
18608;82,043;0,230577104388243
18609;82,047;0,327284957352609
18610;82,051;0,426970133042217
18611;82,055;0,341068858858362
18612;82,059;0,306112884639772
18613;82,063;0,256049754370875
18614;82,067;0,275567758903022
18615;82,072;0,343494825523375
18616;82,076;0,22010133924387
18617;82,080;0,349008386125676
18618;82,084;0,331806077046496
18619;82,088;0,373488595199894
18620;82,092;0,295747390707445
18621;82,096;0,267738502847754
18622;82,100;0,288028405864223
18623;82,105;0,231459274084611
18624;82,109;0,334893670983785
18625;82,113;0,258255178611796
18626;82,117;0,263879010426143
18627;82,121;0,275457487690976
18628;82,125;0,275567758903022
18629;82,129;0,277442369507804
18630;82,133;0,221645136212515
18631;82,138;0,272149351329595
18632;82,142;0,287477049803993
18633;82,146;0,21150018470428
18634;82,150;0,329600652805575
18635;82,154;0,270936367997089
18636;82,158;0,327284957352609
18637;82,162;0,264540637698419
18638;82,166;0,186909704418016
18639;82,171;0,183270754420497
18640;82,175;0,25230053316131
18641;82,179;0,215028863489753
18642;82,183;0,342943469463145
18643;82,187;0,130230301426358
18644;82,191;0,298063086160412
18645;82,195;0,241273411956708
18646;82,199;0,253182702857678
18647;82,203;0,302694477066345
18648;82,208;0,170479293823158
18649;82,212;0,256380568007013
18650;82,216;0,147432610505538
18651;82,220;0,210728286219958
18652;82,224;0,223078661969113
18653;82,228;0,211830998340418
18654;82,232;0,247338328619239
18655;82,236;0,230797646812335
18656;82,241;0,132215183243187
18657;82,245;0,198157368046711
18658;82,249;0,20179631804423
18659;82,253;0,22870249378346
18660;82,257;0,128465962033622
18661;82,261;0,188122687750522
18662;82,265;0,32419736341532
18663;82,269;0,257373008915428
18664;82,274;0,208853675615176
18665;82,278;0,178529092302518
18666;82,282;0,246786972559009
18667;82,286;0,202237402892414
18668;82,290;0,172684718064079
18669;82,294;0,187240518054154
18670;82,298;0,210618015007912
18671;82,302;0,148755865050091
18672;82,307;0,165847902917225
18673;82,311;0,300819866461562
18674;82,315;0,149968848382597
18675;82,319;0,210176930159728
18676;82,323;0,2678487740598
18677;82,327;0,256931924067243
18678;82,331;0,147432610505538
18679;82,335;0,17014848018702
18680;82,340;0,194959502897376
18681;82,344;0,167612242309961
18682;82,348;0,170369022611112
18683;82,352;0,228371680147322
18684;82,356;0,231349002872565
18685;82,360;0,199811436227401
18686;82,364;0,183491296844589
18687;82,368;0,253403245281771
18688;82,372;0,149086678686229
18689;82,377;0,212492625612694
18690;82,381;0,185035093813234
18691;82,385;0,107624702956923
18692;82,389;0,1609959695872
18693;82,393;0,203229843800828
18694;82,397;0,231569545296657
18695;82,401;0,147432610505538
18696;82,405;0,20179631804423
18697;82,410;0,173346345336355
18698;82,414;0,140595795358685
18699;82,418;0,151181831715103
18700;82,422;0,18569672108551
18701;82,426;0,163973292312442
18702;82,430;0,166730072613593
18703;82,434;0,14544772868871
18704;82,438;0,132545996879325
18705;82,443;0,162208952919706
18706;82,447;0,203229843800828
18707;82,451;0,177536651394104
18708;82,455;0,168604683218376
18709;82,459;0,182609127148221
18710;82,463;0,153828340804208
18711;82,467;0,192202722596225
18712;82,471;0,136736302937074
18713;82,476;0,139493083238224
18714;82,480;0,141477965055053
18715;82,484;0,168604683218376
18716;82,488;0,13739793020935
18717;82,492;0,130009759002266
18718;82,496;0,25979897558044
18719;82,500;0,199039537743079
18720;82,504;0,166288987765409
18721;82,509;0,194187604413054
18722;82,513;0,150851018078965
18723;82,517;0,223960831665481
18724;82,521;0,137508201421396
18725;82,525;0,189115128658937
18726;82,529;0,128907046881806
18727;82,533;0,220542424092054
18728;82,537;0,16375274988835
18729;82,541;0,146440169597124
18730;82,546;0,160224071102878
18731;82,550;0,157467290801727
18732;82,554;0,131774098395003
18733;82,558;0,144124474144158
18734;82,562;0,160554884739016
18735;82,566;0,150299662018735
18736;82,570;0,135964404452752
18737;82,574;0,13155355597091
18738;82,579;0,132435725667279
18739;82,583;0,173566887760447
18740;82,587;0,124385927187919
18741;82,591;0,149968848382597
18742;82,595;0,0744330681310684
18743;82,599;0,114020433255592
18744;82,603;0,147542881717584
18745;82,607;0,164745190796765
18746;82,612;0,127583792337253
18747;82,616;0,131884369607049
18748;82,620;0,208633133191083
18749;82,624;0,22704842560277
18750;82,628;0,115233416588098
18751;82,632;0,130561115062496
18752;82,636;0,103985752959404
18753;82,640;0,139272540814132
18754;82,645;0,0978105650848261
18755;82,649;0,189997298355305
18756;82,653;0,148755865050091
18757;82,657;0,190769196839627
18758;82,661;0,204773640769473
18759;82,665;0,184042652904819
18760;82,669;0,20234767410446
18761;82,673;0,081269883277922
18762;82,678;0,140816337782777
18763;82,682;0,165406818069041
18764;82,686;0,168825225642468
18765;82,690;0,178859905938656
18766;82,694;0,218226728639088
18767;82,698;0,182278313512083
18768;82,702;0,180844787755485
18769;82,706;0,14655044080917
18770;82,710;0,144014202932112
18771;82,715;0,197275198350343
18772;82,719;0,11324853477127
18773;82,723;0,150740746866919
18774;82,727;0,209735845311544
18775;82,731;0,215800761974075
18776;82,735;0,169707395338836
18777;82,739;0,151622916563287
18778;82,743;0,187571331690292
18779;82,748;0,11545395901219
18780;82,752;0,172243633215895
18781;82,756;0,139272540814132
18782;82,760;0,145778542324848
18783;82,764;0,191320552899857
18784;82,768;0,162319224131752
18785;82,772;0,154159154440346
18786;82,776;0,187130246842108
18787;82,781;0,134310336272061
18788;82,785;0,077189848432219
18789;82,789;0,135964404452752
18790;82,793;0,076859034796081
18791;82,797;0,223850560453435
18792;82,801;0,155592680196944
18793;82,805;0,203781199861058
18794;82,809;0,137067116573212
18795;82,814;0,155813222621036
18796;82,818;0,137067116573212
18797;82,822;0,16904576806656
18798;82,826;0,228371680147322
18799;82,830;0,157798104437865
18800;82,834;0,211059099856096
18801;82,838;0,170369022611112
18802;82,842;0,153166713531932
18803;82,847;0,111373924166487
18804;82,851;0,158570002922187
18805;82,855;0,118651824161525
18806;82,859;0,220432152880008
18807;82,863;0,192974621080548
18808;82,867;0,175772312001367
18809;82,871;0,141367693843007
18810;82,875;0,139713625662316
18811;82,879;0,163863021100396
18812;82,884;0,133979522635923
18813;82,888;0,130891928698634
18814;82,892;0,120636705978354
18815;82,896;0,0788439166129095
18816;82,900;0,130120030214312
18817;82,904;0,161767868071522
18818;82,908;0,0993543620534705
18819;82,912;0,234657139233946
18820;82,917;0,225725171058218
18821;82,921;0,149968848382597
18822;82,925;0,122842130219274
18823;82,929;0,159121358982417
18824;82,933;0,110602025682165
18825;82,937;0,149307221110321
18826;82,941;0,0885477832729599
18827;82,945;0,162429495343798
18828;82,950;0,0994646332655165
18829;82,954;0,122290774159044
18830;82,958;0,180844787755485
18831;82,962;0,11435124689173
18832;82,966;0,108506872653291
18833;82,970;0,151071560503057
18834;82,974;0,203009301376736
18835;82,978;0,113689619619454
18836;82,983;0,140154710510501
18837;82,987;0,196944384714205
18838;82,991;0,136956845361166
18839;82,995;0,145337457476664
18840;82,999;0,150189390806689
18841;83,003;0,143793660508019
18842;83,007;0,144014202932112
18843;83,011;0,157136477165589
18844;83,016;0,110932839318303
18845;83,020;0,107404160532831
18846;83,024;0,185806992297556
18847;83,028;0,133097352939555
18848;83,032;0,146219627173032
18849;83,036;0,144675830204388
18850;83,040;0,159231630194463
18851;83,044;0,204332555921288
18852;83,048;0,118431281737433
18853;83,053;0,108506872653291
18854;83,057;0,129237860517944
18855;83,061;0,10630144841237
18856;83,065;0,157246748377635
18857;83,069;0,104537109019634
18858;83,073;0,178418821090472
18859;83,077;0,126701622640885
18860;83,081;0,151292102927149
18861;83,086;0,149196949898275
18862;83,090;0,135302777180475
18863;83,094;0,125157825672241
18864;83,098;0,137618472633442
18865;83,102;0,131222742334772
18866;83,106;0,111925280226718
18867;83,110;0,0802774423695078
18868;83,114;0,121188062038584
18869;83,119;0,213154252884971
18870;83,123;0,143793660508019
18871;83,127;0,12989948779022
18872;83,131;0,0945024287234453
18873;83,135;0,196393028653974
18874;83,139;0,11159446659058
18875;83,143;0,163311665040166
18876;83,147;0,201134690771954
18877;83,152;0,0996851756896086
18878;83,156;0,159893257466739
18879;83,160;0,137839015057534
18880;83,164;0,144124474144158
18881;83,168;0,117990196889249
18882;83,172;0,214477507429523
18883;83,176;0,192092451384179
18884;83,180;0,130891928698634
18885;83,185;0,153828340804208
18886;83,189;0,144786101416434
18887;83,193;0,174779871092953
18888;83,197;0,257042195279289
18889;83,201;0,164414377160627
18890;83,205;0,103213854475081
18891;83,209;0,170479293823158
18892;83,213;0,12934813172999
18893;83,217;0,0953845984198135
18894;83,222;0,111815009014672
18895;83,226;0,175772312001367
18896;83,230;0,0556869620832437
18897;83,234;0,148866136262137
18898;83,238;0,152835899895794
18899;83,242;0,158459731710141
18900;83,246;0,194738960473284
18901;83,250;0,249984837708344
18902;83,255;0,103765210535312
18903;83,259;0,0678167954083067
18904;83,263;0,215359677125891
18905;83,267;0,149307221110321
18906;83,271;0,0910840211500185
18907;83,275;0,139934168086409
18908;83,279;0,105529549928048
18909;83,283;0,135413048392521
18910;83,288;0,243258293773536
18911;83,292;0,184704280177096
18912;83,296;0,149968848382597
18913;83,300;0,122180502946998
18914;83,304;0,112035551438764
18915;83,308;0,159672715042647
18916;83,312;0,138721184753902
18917;83,316;0,14599908474894
18918;83,321;0,13155355597091
18919;83,325;0,100346802961885
18920;83,329;0,125709181732471
18921;83,333;0,207420149858577
18922;83,337;0,123834571127689
18923;83,341;0,113689619619454
18924;83,345;0,166399258977455
18925;83,349;0,135743862028659
18926;83,354;0,150299662018735
18927;83,358;0,160665155951062
18928;83,362;0,149858577170551
18929;83,366;0,0825931378224744
18930;83,370;0,121408604462676
18931;83,374;0,123062672643366
18932;83,378;0,182388584724129
18933;83,382;0,195510858957606
18934;83,386;0,128907046881806
18935;83,391;0,13100219991068
18936;83,395;0,124827012036103
18937;83,399;0,108947957501475
18938;83,403;0,191320552899857
18939;83,407;0,165406818069041
18940;83,411;0,143132033235743
18941;83,415;0,0926278181186629
18942;83,419;0,150961289291011
18943;83,424;0,101890599930529
18944;83,428;0,11159446659058
18945;83,432;0,0664935408637544
18946;83,436;0,180293431695254
18947;83,440;0,16044461352697
18948;83,444;0,151402374139195
18949;83,448;0,150851018078965
18950;83,452;0,0948332423595834
18951;83,457;0,133979522635923
18952;83,461;0,0903121226656963
18953;83,465;0,052709639358001
18954;83,469;0,206648251374255
18955;83,473;0,13684657414912
18956;83,477;0,150740746866919
18957;83,481;0,118762095373571
18958;83,485;0,150961289291011
18959;83,490;0,100236531749839
18960;83,494;0,103875481747358
18961;83,498;0,132545996879325
18962;83,502;0,131222742334772
18963;83,506;0,0951640559957215
18964;83,510;0,126150266580655
18965;83,514;0,179411261998886
18966;83,518;0,163311665040166
18967;83,523;0,13739793020935
18968;83,527;0,172794989276125
18969;83,531;0,0839163923670267
18970;83,535;0,119423722645847
18971;83,539;0,108617143865337
18972;83,543;0,133207624151601
18973;83,547;0,193525977140778
18974;83,551;0,141367693843007
18975;83,555;0,0681476090444448
18976;83,560;0,148535322625999
18977;83,564;0,152284543835564
18978;83,568;0,210287201371774
18979;83,572;0,167722513522007
18980;83,576;0,151622916563287
18981;83,580;0,187571331690292
18982;83,584;0,109058228713521
18983;83,588;0,155261866560806
18984;83,593;0,138941727177994
18985;83,597;0,154489968076484
18986;83,601;0,116887484768789
18987;83,605;0,156474849893313
18988;83,609;0,11435124689173
18989;83,613;0,149086678686229
18990;83,617;0,130230301426358
18991;83,621;0,164083563524488
18992;83,626;0,171030649883388
18993;83,630;0,101670057506437
18994;83,634;0,0876656135765916
18995;83,638;0,184924822601188
18996;83,642;0,0755357802515286
18997;83,646;0,164634919584719
18998;83,650;0,112035551438764
18999;83,654;0,104978193867818
19000;83,659;0,103103583263035
19001;83,663;0,146770983233262
19002;83,667;0,120416163554262
19003;83,671;0,107624702956923
19004;83,675;0,17654421048569
19005;83,679;0,0997954469016546
19006;83,683;0,125819452944517
19007;83,687;0,101228972658253
19008;83,692;0,0765282211599429
19009;83,696;0,0916353772102486
19010;83,700;0,0870039863043155
19011;83,704;0,0864526302440853
19012;83,708;0,202788758952644
19013;83,712;0,175882583213413
19014;83,716;0,119754536281986
19015;83,720;0,123062672643366
19016;83,724;0,102221413566667
19017;83,729;0,14434501656825
19018;83,733;0,0539226226905073
19019;83,737;0,0879964272127297
19020;83,741;0,0732200847985621
19021;83,745;0,0825931378224744
19022;83,749;0,159672715042647
19023;83,753;0,109278771137613
19024;83,757;0,199480622591263
19025;83,762;0,0832547650947505
19026;83,766;0,115895043860375
19027;83,770;0,132876810515463
19028;83,774;0,16265003776789
19029;83,778;0,0950537847836755
19030;83,782;0,140706066570731
19031;83,786;0,1276940635493
19032;83,790;0,146660712021216
19033;83,795;0,130561115062496
19034;83,799;0,0545842499627835
19035;83,803;0,108176059017153
19036;83,807;0,110491754470119
19037;83,811;0,143352575659835
19038;83,815;0,175772312001367
19039;83,819;0,145227186264618
19040;83,823;0,085129375699533
19041;83,828;0,169266310490652
19042;83,832;0,107624702956923
19043;83,836;0,157467290801727
19044;83,840;0,0845780196393029
19045;83,844;0,0666038120758004
19046;83,848;0,115123145376052
19047;83,852;0,151733187775333
19048;83,856;0,104978193867818
19049;83,861;0,162760308979936
19050;83,865;0,0634059469264656
19051;83,869;0,155041324136714
19052;83,873;0,0761974075238048
19053;83,877;0,077189848432219
19054;83,881;0,220321881667962
19055;83,885;0,136405489300936
19056;83,889;0,0808287984297379
19057;83,893;0,0796158150972316
19058;83,898;0,0982516499330102
19059;83,902;0,101339243870299
19060;83,906;0,14765315292963
19061;83,910;0,148204508989861
19062;83,914;0,108396601441245
19063;83,918;0,124716740824057
19064;83,922;0,189335671083029
19065;83,926;0,0938408014511692
19066;83,931;0,0953845984198135
19067;83,935;0,205766081677887
19068;83,939;0,0473063499677457
19069;83,943;0,124055113551781
19070;83,947;0,196613571078067
19071;83,951;0,0641778454107878
19072;83,955;0,0922970044825248
19073;83,959;0,0456522817870553
19074;83,964;0,112035551438764
19075;83,968;0,104426837807588
19076;83,972;0,187019975630062
19077;83,976;0,135192505968429
19078;83,980;0,0910840211500185
19079;83,984;0,156695392317405
19080;83,988;0,143021762023697
19081;83,992;0,154710510500576
19082;83,997;0,048739875724344
19083;84,001;0,121408604462676
19084;84,005;0,149748305958505
19085;84,009;0,134971963544337
19086;84,013;0,134751421120245
19087;84,017;0,130340572638404
19088;84,021;0,024259666650126
19089;84,025;0,12879677566976
19090;84,030;0,151843458987379
19091;84,034;0,132545996879325
19092;84,038;0,173125802912263
19093;84,042;0,0951640559957215
19094;84,046;0,149638034746459
19095;84,050;0,163532207464258
19096;84,054;0,120416163554262
19097;84,058;0,137618472633442
19098;84,062;0,089209410545236
19099;84,067;0,115343687800144
19100;84,071;0,128907046881806
19101;84,075;0,157798104437865
19102;84,079;0,18569672108551
19103;84,083;0,113579348407408
19104;84,087;0,124827012036103
19105;84,091;0,0886580544850059
19106;84,095;0,133869251423877
19107;84,100;0,127363249913161
19108;84,104;0,156033765045129
19109;84,108;0,118321010525387
19110;84,112;0,133979522635923
19111;84,116;0,157136477165589
19112;84,120;0,147212068081446
19113;84,124;0,122070231734952
19114;84,128;0,107624702956923
19115;84,133;0,127032436277023
19116;84,137;0,0599875393530388
19117;84,141;0,0964873105402738
19118;84,145;0,133207624151601
19119;84,149;0,0949435135716294
19120;84,153;0,150409933230781
19121;84,157;0,22539435742208
19122;84,161;0,161437054435384
19123;84,166;0,158680274134233
19124;84,170;0,168825225642468
19125;84,174;0,0961564969041357
19126;84,178;0,139713625662316
19127;84,182;0,177977736242288
19128;84,186;0,106411719624416
19129;84,190;0,14434501656825
19130;84,194;0,130009759002266
19131;84,199;0,127032436277023
19132;84,203;0,142029321115283
19133;84,207;0,0894299529693281
19134;84,211;0,0806082560056459
19135;84,215;0,0996851756896086
19136;84,219;0,127914605973392
19137;84,223;0,17014848018702
19138;84,227;0,0684784226805829
19139;84,231;0,132104912031141
19140;84,236;0,132987081727509
19141;84,240;0,140706066570731
19142;84,244;0,105860363564186
19143;84,248;0,142690948387559
19144;84,252;0,101228972658253
19145;84,256;0,13684657414912
19146;84,260;0,151071560503057
19147;84,264;0,126922165064977
19148;84,269;0,141367693843007
19149;84,273;0,156915934741497
19150;84,277;0,102000871142575
19151;84,281;0,100126260537793
19152;84,285;0,142911490811651
19153;84,289;0,16044461352697
19154;84,293;0,143683389295973
19155;84,297;0,1276940635493
19156;84,302;0,102662498414851
19157;84,306;0,0838061211549807
19158;84,310;0,0900915802416042
19159;84,314;0,124937283248149
19160;84,318;0,132766539303417
19161;84,322;0,165847902917225
19162;84,326;0,155482408984898
19163;84,330;0,0760871363117588
19164;84,335;0,191210281687811
19165;84,339;0,174228515032723
19166;84,343;0,197716283198527
19167;84,347;0,126150266580655
19168;84,351;0,194959502897376
19169;84,355;0,178418821090472
19170;84,359;0,156254307469221
19171;84,363;0,2345468680219
19172;84,368;0,134089793847969
19173;84,372;0,149748305958505
19174;84,376;0,174118243820677
19175;84,380;0,22704842560277
19176;84,384;0,268510401332076
19177;84,388;0,29949661191701
19178;84,392;0,246235616498779
19179;84,396;0,238185818019419
19180;84,401;0,310744275545705
19181;84,405;0,262445484669545
19182;84,409;0,363233372479614
19183;84,413;0,325189804323734
19184;84,417;0,364225813388028
19185;84,421;0,42024358910741
19186;84,425;0,424433895165159
19187;84,429;0,444503255757536
19188;84,433;0,520039036009064
19189;84,438;0,520259578433156
19190;84,442;0,536028361755738
19191;84,446;0,567124843552718
19192;84,450;0,759878922209174
19193;84,454;0,689415617711762
19194;84,458;0,67364683438918
19195;84,462;0,758335125240529
19196;84,466;0,77189848432219
19197;84,471;0,776309332804032
19198;84,475;0,889778409999394
19199;84,479;0,893417359996912
19200;84,483;0,863092776684255
19201;84,487;0,972481819033914
19202;84,491;1,08451737047268
19203;84,495;0,970055852368901
19204;84,499;1,04184241141087
19205;84,504;1,14880548709551
19206;84,508;1,13843999316319
19207;84,512;1,27197843095092
19208;84,516;1,30053867487084
19209;84,520;1,27870497488573
19210;84,524;1,32259291728005
19211;84,528;1,36482679149368
19212;84,532;1,26481080216793
19213;84,537;1,25488639308379
19214;84,541;1,3517045172602
19215;84,545;1,32005667940299
19216;84,549;1,31994640819095
19217;84,553;1,26778812489317
19218;84,557;1,34608068544585
19219;84,561;1,41599263388304
19220;84,565;1,37100197936826
19221;84,570;1,33538437787739
19222;84,574;1,28410826427599
19223;84,578;1,44697884446797
19224;84,582;1,29965650517448
19225;84,586;1,36581923240209
19226;84,590;1,16832349162766
19227;84,594;1,32457779909688
19228;84,598;1,2227974703784
19229;84,602;1,2419846612744
19230;84,607;1,30616250668519
19231;84,611;1,32049776425118
19232;84,615;1,30638304910928
19233;84,619;1,22919320067707
19234;84,623;1,0809886916872
19235;84,627;1,16236884617717
19236;84,631;1,09113364319544
19237;84,635;1,1617072189049
19238;84,640;1,19114963252119
19239;84,644;1,08484818410882
19240;84,648;1,12101714165991
19241;84,652;1,09962452652298
19242;84,656;1,00291667355862
19243;84,660;1,05705983867322
19244;84,664;0,887242172122335
19245;84,668;0,84269260245574
19246;84,673;0,911612109984507
19247;84,677;0,954397340258366
19248;84,681;0,90984777059177
19249;84,685;0,881618340307988
19250;84,689;0,79604787976027
19251;84,693;0,737934951012014
19252;84,697;0,802664152483032
19253;84,701;0,745212851007052
19254;84,706;0,844787755484614
19255;84,710;0,711359588908921
19256;84,714;0,775427163107663
19257;84,718;0,750726411609353
19258;84,722;0,674418732873502
19259;84,726;0,531838055697989
19260;84,730;0,565581046584074
19261;84,734;0,678167954083067
19262;84,739;0,480672213308633
19263;84,743;0,492140419361419
19264;84,747;0,5689994541575
19265;84,751;0,499197776932365
19266;84,755;0,562272910222693
19267;84,759;0,473173770889503
19268;84,763;0,563706435979291
19269;84,767;0,466006142106511
19270;84,771;0,417045723958075
19271;84,776;0,311295631605935
19272;84,780;0,396866092153652
19273;84,784;0,410649993659405
19274;84,788;0,317360548268466
19275;84,792;0,382530834587668
19276;84,796;0,443180001212983
19277;84,800;0,444503255757536
19278;84,804;0,278214267992127
19279;84,809;0,381317851255162
19280;84,813;0,417817622442397
19281;84,817;0,356617099756852
19282;84,821;0,332688246742864
19283;84,825;0,364777169448258
19284;84,829;0,370070187626467
19285;84,833;0,270274740724813
19286;84,837;0,337099095224705
19287;84,842;0,31780163311665
19288;84,846;0,328718483109207
19289;84,850;0,265533078606834
19290;84,854;0,266525519515248
19291;84,858;0,316809192208236
19292;84,862;0,254836771038369
19293;84,866;0,271818537693457
19294;84,870;0,267628231635708
19295;84,875;0,198598452894895
19296;84,879;0,303025290702483
19297;84,883;0,279868336172817
19298;84,887;0,211830998340418
19299;84,891;0,368636661869869
19300;84,895;0,219660254395686
19301;84,899;0,242486395289214
19302;84,903;0,175331227153183
19303;84,908;0,192202722596225
19304;84,912;0,296960374039951
19305;84,916;0,220873237728193
19306;84,920;0,164634919584719
19307;84,924;0,237965275595327
19308;84,928;0,261563314973177
19309;84,932;0,258916805884072
19310;84,936;0,17125119230748
19311;84,940;0,198598452894895
19312;84,945;0,171692277155664
19313;84,949;0,206317437738117
19314;84,953;0,19319516350464
19315;84,957;0,218226728639088
19316;84,961;0,216021304398167
19317;84,965;0,125157825672241
19318;84,969;0,171582005943618
19319;84,973;0,248441040739699
19320;84,978;0,145337457476664
19321;84,982;0,225173814997988
19322;84,986;0,227268968026862
19323;84,990;0,134861692332291
19324;84,994;0,133317895363647
19325;84,998;0,232120901356887
19326;85,002;0,218667813487272
19327;85,006;0,101559786294391
19328;85,011;0,164855462008811
19329;85,015;0,259578433156348
19330;85,019;0,137067116573212
19331;85,023;0,184924822601188
19332;85,027;0,0980311075089182
19333;85,031;0,229474392267783
19334;85,035;0,123834571127689
19335;85,039;0,138059557481626
19336;85,044;0,266084434667064
19337;85,048;0,11324853477127
19338;85,052;0,0925175469066168
19339;85,056;0,150299662018735
19340;85,060;0,222527305908883
19341;85,064;0,162980851404028
19342;85,068;0,174449057456815
19343;85,072;0,175331227153183
19344;85,077;0,166619801401547
19345;85,081;0,150079119594643
19346;85,085;0,144124474144158
19347;85,089;0,13905199839004
19348;85,093;0,133317895363647
19349;85,097;0,172133362003848
19350;85,101;0,20345038622492
19351;85,105;0,128686504457714
19352;85,109;0,132545996879325
19353;85,114;0,142690948387559
19354;85,118;0,154379696864438
19355;85,122;0,178308549878426
19356;85,126;0,0909737499379724
19357;85,130;0,133648708999785
19358;85,134;0,129789216578174
19359;85,138;0,214256965005431
19360;85,142;0,126591351428839
19361;85,147;0,129127589305898
19362;85,151;0,155261866560806
19363;85,155;0,182278313512083
19364;85,159;0,0953845984198135
19365;85,163;0,157026205953543
19366;85,167;0,183050211996405
19367;85,171;0,175441498365229
19368;85,175;0,131994640819095
19369;85,180;0,185586449873464
19370;85,184;0,136956845361166
19371;85,188;0,14544772868871
19372;85,192;0,168163598370191
19373;85,196;0,174338786244769
19374;85,200;0,152835899895794
19375;85,204;0,248992396799929
19376;85,208;0,110381483258073
19377;85,213;0,115343687800144
19378;85,217;0,115012874164006
19379;85,221;0,101228972658253
19380;85,225;0,238847445291695
19381;85,229;0,166619801401547
19382;85,233;0,14765315292963
19383;85,237;0,120416163554262
19384;85,241;0,166730072613593
19385;85,246;0,206979065010393
19386;85,250;0,135302777180475
19387;85,254;0,124275655975873
19388;85,258;0,192423265020317
19389;85,262;0,257262737703381
19390;85,266;0,162539766555844
19391;85,270;0,19595194380579
19392;85,274;0,270936367997089
19393;85,278;0,242265852865122
19394;85,283;0,304017731610897
19395;85,287;0,287256507379901
19396;85,291;0,260129789216578
19397;85,295;0,458838513323519
19398;85,299;0,426308505769941
19399;85,303;0,389367649734522
19400;85,307;0,52819910570047
19401;85,311;0,563375622343153
19402;85,316;0,571204878398421
19403;85,320;0,772229297958329
19404;85,324;0,821741072166995
19405;85,328;0,941275066024888
19406;85,332;1,08683306592564
19407;85,336;1,03875481747358
19408;85,340;1,2297445567373
19409;85,344;1,46120383082191
19410;85,349;1,66685964128775
19411;85,353;1,80249323210436
19412;85,357;2,21358431061195
19413;85,361;2,35958339536089
19414;85,365;2,67264336635956
19415;85,369;2,99794344189534
19416;85,373;3,43991045977582
19417;85,377;3,85276587767614
19418;85,382;4,12701038203461
19419;85,386;4,85347712699384
19420;85,390;5,24791725248248
19421;85,394;5,68007013249086
19422;85,398;6,38580588958544
19423;85,402;7,17722237843977
19424;85,406;7,89321335825463
19425;85,410;8,38800028670515
19426;85,415;9,46270351930573
19427;85,419;10,5387300064509
19428;85,423;11,5206951497207
19429;85,427;12,9699896896417
19430;85,431;14,1636755600399
19431;85,435;14,7848332974952
19432;85,439;15,8908535543168
19433;85,443;17,6553032182653
19434;85,447;18,7101576326976
19435;85,452;20,2298052059039
19436;85,456;22,055675934962
19437;85,460;23,2050327781178
19438;85,464;25,0831720616857
19439;85,468;26,8717711210723
19440;85,472;28,2901897216203
19441;85,476;29,8950769417382
19442;85,480;32,3898528430675
19443;85,485;34,0863754403957
19444;85,489;35,8730998891774
19445;85,493;37,7030506530813
19446;85,497;39,7353490910895
19447;85,501;41,3429930915086
19448;85,505;44,3296888697752
19449;85,509;45,6426881916073
19450;85,513;48,1139763247708
19451;85,518;50,431325845918
19452;85,522;52,5595602384064
19453;85,526;54,4163069068374
19454;85,530;56,2066703056167
19455;85,534;58,0759878922209
19456;85,538;60,1010084302342
19457;85,542;62,4033610665432
19458;85,546;65,0328883889927
19459;85,551;65,9027077096118
19460;85,555;67,1889111269167
19461;85,559;68,2321870640841
19462;85,563;69,6652717358343
19463;85,567;71,8534936676757
19464;85,571;72,4325278021293
19465;85,575;73,0998891774319
19466;85,579;73,2861372545776
19467;85,584;74,4618489174124
19468;85,588;74,7298079626842
19469;85,592;74,4026332765437
19470;85,596;73,464335533244
19471;85,600;73,4770167226293
19472;85,604;72,6046611641332
19473;85,608;71,6198289693501
19474;85,612;70,1238897067337
19475;85,616;69,6027479586042
19476;85,621;67,8659763688793
19477;85,625;67,0860280860777
19478;85,629;65,5779589901362
19479;85,633;63,8100909186143
19480;85,637;62,5847572103589
19481;85,641;61,7390872851779
19482;85,645;59,5392868760717
19483;85,649;57,0308373444487
19484;85,654;56,0664053238941
19485;85,658;54,4574380689305
19486;85,662;52,829504165495
19487;85,666;51,2897872316964
19488;85,670;49,2923344966946
19489;85,674;47,6893218871815
19490;85,678;46,4092936577512
19491;85,682;45,0375197798987
19492;85,687;43,4289936097833
19493;85,691;41,5184345898738
19494;85,695;39,7528822138049
19495;85,699;38,8374106113987
19496;85,703;37,9806032938011
19497;85,707;35,8177437407303
19498;85,711;35,2776353441289
19499;85,715;33,5962199028511
19500;85,720;32,7117345110299
19501;85,724;31,3055560150189
19502;85,728;30,9770580743338
19503;85,732;29,3752584481532
19504;85,736;28,4621025412001
19505;85,740;27,8193316461838
19506;85,744;26,6637996151535
19507;85,748;25,6532742279637
19508;85,753;24,8919617799979
19509;85,757;23,766092705008
19510;85,761;23,215177729626
19511;85,765;22,2697123575434
19512;85,769;21,4389290459886
19513;85,773;21,2870855870012
19514;85,777;20,2187780846993
19515;85,781;19,8906109576503
19516;85,785;19,2917280050284
19517;85,790;18,2911270269227
19518;85,794;17,889298730227
19519;85,798;17,2028604352405
19520;85,802;17,1348230974081
19521;85,806;16,5353887887259
19522;85,810;15,965507164872
19523;85,814;15,4344410076583
19524;85,818;15,0627167518512
19525;85,823;14,415535008353
19526;85,827;13,991321655612
19527;85,831;13,4803248589907
19528;85,835;12,9981088487134
19529;85,839;12,743272077675
19530;85,843;12,8503454245717
19531;85,847;12,5667278671894
19532;85,851;11,8487520055577
19533;85,856;11,3707263013381
19534;85,860;11,2288072514349
19535;85,864;10,6906837366503
19536;85,868;10,6988438063417
19537;85,872;9,97954469016546
19538;85,876;10,0895953597874
19539;85,880;9,75878172364932
19540;85,884;9,33842786332986
19541;85,889;9,16563287405374
19542;85,893;8,77847064856013
19543;85,897;9,31262439971109
19544;85,901;8,77902200462036
19545;85,905;8,08762150509177
19546;85,909;8,20506034592079
19547;85,913;8,00899813090296
19548;85,917;7,68325697051899
19549;85,922;7,42246555403014
19550;85,926;7,39004581768861
19551;85,930;7,3624780146771
19552;85,934;7,1653130875388
19553;85,938;6,94708635889971
19554;85,942;6,61583163791345
19555;85,946;6,51526429252747
19556;85,950;6,18698689426645
19557;85,954;6,13593132308914
19558;85,959;5,96445958835757
19559;85,963;5,91968947626688
19560;85,967;5,88506431568443
19561;85,971;5,66330890825987
19562;85,975;5,28574027821427
19563;85,979;5,25828274641481
19564;85,983;5,21671049947346
19565;85,987;5,23402307976468
19566;85,992;4,7520276119115
19567;85,996;5,00421787386076
19568;86,000;4,91611117543598
19569;86,004;4,61551185139851
19570;86,008;4,59257543929294
19571;86,012;4,26429804103192
19572;86,016;4,37677467731887
19573;86,020;4,32230069856813
19574;86,025;4,28447767283634
19575;86,029;4,19173958350563
19576;86,033;3,97781343213634
19577;86,037;3,90646795794256
19578;86,041;3,84206957010768
19579;86,045;3,76366673834295
19580;86,049;3,89488948067773
19581;86,053;3,59252581724752
19582;86,058;3,44740890219495
19583;86,062;3,7970789155929
19584;86,066;3,31596561743608
19585;86,070;3,25531645081077
19586;86,074;3,37198339315547
19587;86,078;3,15077934179114
19588;86,082;3,13942140695039
19589;86,086;2,94258729344824
19590;86,091;3,17724443268218
19591;86,095;3,06984027214935
19592;86,099;2,94887275253486
19593;86,103;2,88579761924453
19594;86,107;2,73968826328355
19595;86,111;2,58089771793727
19596;86,115;2,63746684971688
19597;86,119;2,76747660871914
19598;86,123;2,6298581360857
19599;86,128;2,5217923482806
19600;86,132;2,4147190013839
19601;86,136;2,33124369386506
19602;86,140;2,3744700089871
19603;86,144;2,36950780444503
19604;86,148;2,27059452723975
19605;86,152;2,32264253932547
19606;86,156;2,32495823477844
19607;86,161;2,33168477871325
19608;86,165;2,22097248181903
19609;86,169;2,20421125758804
19610;86,173;1,82763506845085
19611;86,177;2,10904720159232
19612;86,181;2,02259457134823
19613;86,185;1,95246208048696
19614;86,189;1,78319576999631
19615;86,194;1,80381648664891
19616;86,198;1,83480269723385
19617;86,202;1,76974268212669
19618;86,206;1,86148833054899
19619;86,210;1,74404948971997
19620;86,214;1,84130869874456
19621;86,218;1,79697967150206
19622;86,222;1,69288364733061
19623;86,227;1,64690055190742
19624;86,231;1,56287388832834
19625;86,235;1,51060533381853
19626;86,239;1,53828340804208
19627;86,243;1,63741722767146
19628;86,247;1,40827364903981
19629;86,251;1,42316026266603
19630;86,255;1,34133902332788
19631;86,260;1,55625761560558
19632;86,264;1,28884992639397
19633;86,268;1,38621940663061
19634;86,272;1,41852887176009
19635;86,276;1,2712065324666
19636;86,280;1,33207624151601
19637;86,284;1,32954000363895
19638;86,288;1,22070231734952
19639;86,292;1,30086948850698
19640;86,297;1,23900733854916
19641;86,301;1,09466232198091
19642;86,305;1,19258315827778
19643;86,309;1,23614028703597
19644;86,313;1,26822920974136
19645;86,317;1,27396331276775
19646;86,321;1,16358182950968
19647;86,325;0,994977146291304
19648;86,330;1,075695673509
19649;86,334;1,10822568106257
19650;86,338;1,14240975679684
19651;86,342;1,05871390685391
19652;86,346;0,831003853978861
19653;86,350;0,982075414481918
19654;86,354;0,894299529693281
19655;86,358;0,93929018420806
19656;86,363;0,902459599384687
19657;86,367;1,05353115988774
19658;86,371;1,06566099321281
19659;86,375;0,83629687215707
19660;86,379;0,883823764548908
19661;86,383;1,08881794774247
19662;86,387;0,910399126652001
19663;86,391;0,797371134304823
19664;86,396;0,843133687303924
19665;86,400;0,889227053939163
19666;86,404;0,875884237281594
19667;86,408;0,687982091955164
19668;86,412;0,745102579795006
19669;86,416;0,784138588859299
19670;86,420;0,862541420624025
19671;86,424;0,840376907002773
19672;86,429;0,736501425255416
19673;86,433;0,766936279780119
19674;86,437;0,802774423695078
19675;86,441;0,752380479790044
19676;86,445;0,711359588908921
19677;86,449;0,913155906953151
19678;86,453;0,784469402495438
19679;86,457;0,662950526820716
19680;86,461;0,708933622243909
19681;86,466;0,758114582816437
19682;86,470;0,765282211599429
19683;86,474;0,676293343478285
19684;86,478;0,653908287432941
19685;86,482;0,552789585986734
19686;86,486;0,538564599632797
19687;86,490;0,524670426914997
19688;86,494;0,690518329832222
19689;86,499;0,60175000413517
19690;86,503;0,573410302639341
19691;86,507;0,615313363216832
19692;86,511;0,603404072315861
19693;86,515;0,561390740526325
19694;86,519;0,717755319207591
19695;86,523;0,612666854127727
19696;86,527;0,669235985907339
19697;86,532;0,476922992099068
19698;86,536;0,563485893555199
19699;86,540;0,578813592029597
19700;86,544;0,581680643542794
19701;86,548;0,564478334463613
19702;86,552;0,560729113254048
19703;86,556;0,504490795110574
19704;86,560;0,43744589818659
19705;86,565;0,607704649585656
19706;86,569;0,705074129822298
19707;86,573;0,559516129921542
19708;86,577;0,530294258729345
19709;86,581;0,477584619371344
19710;86,585;0,507137304199679
19711;86,589;0,417155995170121
19712;86,593;0,534264022363002
19713;86,598;0,383302733071991
19714;86,602;0,529632631457069
19715;86,606;0,458066614839197
19716;86,610;0,505372964806943
19717;86,614;0,437886983034774
19718;86,618;0,457625529991013
19719;86,622;0,336216925528337
19720;86,626;0,431932337584289
19721;86,630;0,39774826185002
19722;86,635;0,371503713383066
19723;86,639;0,461815836048762
19724;86,643;0,471409431496766
19725;86,647;0,464352073925821
19726;86,651;0,394329854276593
19727;86,655;0,457074173930783
19728;86,659;0,374481036108308
19729;86,663;0,371283170958974
19730;86,668;0,415501926989431
19731;86,672;0,382530834587668
19732;86,676;0,329490381593529
19733;86,680;0,41329650274851
19734;86,684;0,451560613328481
19735;86,688;0,415060842141246
19736;86,692;0,362902558843476
19737;86,696;0,42244901334833
19738;86,701;0,385397886100865
19739;86,705;0,482657095125461
19740;86,709;0,433696676977025
19741;86,713;0,335775840680153
19742;86,717;0,387823852765878
19743;86,721;0,383633546708129
19744;86,725;0,477033263311114
19745;86,729;0,415171113353292
19746;86,734;0,424654437589251
19747;86,738;0,34029696037404
19748;86,742;0,322984380082814
19749;86,746;0,363674457327798
19750;86,750;0,358712252785726
19751;86,754;0,46104393756444
19752;86,758;0,299055527068826
19753;86,762;0,329710924017621
19754;86,767;0,307766952820462
19755;86,771;0,357940354301404
19756;86,775;0,408224026994393
19757;86,779;0,345369436128157
19758;86,783;0,281963489201692
19759;86,787;0,333790958863324
19760;86,791;0,275126674054838
19761;86,795;0,384736258828589
19762;86,799;0,469975905740168
19763;86,804;0,438438339095004
19764;86,808;0,374260493684216
19765;86,812;0,328387669473069
19766;86,816;0,338201807345165
19767;86,820;0,370401001262605
19768;86,824;0,345810520976341
19769;86,828;0,361027948238693
19770;86,832;0,304789630095219
19771;86,837;0,399843414878895
19772;86,841;0,336547739164475
19773;86,845;0,352095980062965
19774;86,849;0,315265395239592
19775;86,853;0,310413461909567
19776;86,857;0,351103539154551
19777;86,861;0,3150448528155
19778;86,865;0,365659339144626
19779;86,870;0,262335213457499
19780;86,874;0,256490839219059
19781;86,878;0,307215596760232
19782;86,882;0,347354317944986
19783;86,886;0,338422349769258
19784;86,890;0,334342314923554
19785;86,894;0,239950157412155
19786;86,898;0,298063086160412
19787;86,903;0,307105325548186
19788;86,907;0,32364600735509
19789;86,911;0,267187146787524
19790;86,915;0,325630889171918
19791;86,919;0,278103996780081
19792;86,923;0,328056855836931
19793;86,927;0,229364121055737
19794;86,931;0,310303190697521
19795;86,936;0,254064872554047
19796;86,940;0,277993725568035
19797;86,944;0,364115542175982
19798;86,948;0,266415248303202
19799;86,952;0,229694934691875
19800;86,956;0,24954375286016
19801;86,960;0,206317437738117
19802;86,964;0,323866549779182
19803;86,968;0,285381896775118
19804;86,973;0,312839428574579
19805;86,977;0,24204531044103
19806;86,981;0,281853217989646
19807;86,985;0,29254952555811
19808;86,989;0,302584205854299
19809;86,993;0,30059932403747
19810;86,997;0,349339199761814
19811;87,001;0,194077333201008
19812;87,006;0,263989281638189
19813;87,010;0,322212481598492
19814;87,014;0,269613113452537
19815;87,018;0,199370351379217
19816;87,022;0,277111555871666
19817;87,026;0,251308092252896
19818;87,030;0,19319516350464
19819;87,034;0,274465046782562
19820;87,039;0,369959916414421
19821;87,043;0,29310088161834
19822;87,047;0,214367236217477
19823;87,051;0,149968848382597
19824;87,055;0,233223613477348
19825;87,059;0,259137348308164
19826;87,063;0,268179587695938
19827;87,067;0,202678487740598
19828;87,072;0,20289903016469
19829;87,076;0,22539435742208
19830;87,080;0,240722055896477
19831;87,084;0,255498398310645
19832;87,088;0,22815113772323
19833;87,092;0,303135561914529
19834;87,096;0,217013745306582
19835;87,100;0,296078204343583
19836;87,105;0,303025290702483
19837;87,109;0,219660254395686
19838;87,113;0,261232501337038
19839;87,117;0,241935039228984
19840;87,121;0,220983508940239
19841;87,125;0,218116457427042
19842;87,129;0,2414939543808
19843;87,133;0,290785186165374
19844;87,137;0,239619343776017
19845;87,142;0,218006186214996
19846;87,146;0,24204531044103
19847;87,150;0,202678487740598
19848;87,154;0,229805205903921
19849;87,158;0,246125345286733
19850;87,162;0,27369314829824
19851;87,166;0,170810107459296
19852;87,170;0,128135148397484
19853;87,175;0,226276527118448
19854;87,179;0,209956387735636
19855;87,183;0,135413048392521
19856;87,187;0,191651366535995
19857;87,191;0,169817666550882
19858;87,195;0,125819452944517
19859;87,199;0,211941269552464
19860;87,203;0,220983508940239
19861;87,208;0,261342772549085
19862;87,212;0,224291645301619
19863;87,216;0,172464175639987
19864;87,220;0,255388127098599
19865;87,224;0,190989739263719
19866;87,228;0,208412590766991
19867;87,232;0,160665155951062
19868;87,236;0,263217383153867
19869;87,241;0,2747958604187
19870;87,245;0,226276527118448
19871;87,249;0,157246748377635
19872;87,253;0,199039537743079
19873;87,257;0,277332098295758
19874;87,261;0,189666484719167
19875;87,265;0,189997298355305
19876;87,269;0,298834984644734
19877;87,274;0,164193834736535
19878;87,278;0,332136890682634
19879;87,282;0,207420149858577
19880;87,286;0,184924822601188
19881;87,290;0,142139592327329
19882;87,294;0,187791874114384
19883;87,298;0,109389042349659
19884;87,302;0,20289903016469
19885;87,306;0,130230301426358
19886;87,311;0,202237402892414
19887;87,315;0,234767410445992
19888;87,319;0,118321010525387
19889;87,323;0,168714954430422
19890;87,327;0,131333013546818
19891;87,331;0,197826554410573
19892;87,335;0,188122687750522
19893;87,339;0,314934581603454
19894;87,344;0,284940811926934
19895;87,348;0,258916805884072
19896;87,352;0,181947499875945
19897;87,356;0,221865678636607
19898;87,360;0,215580219549983
19899;87,364;0,212823439248833
19900;87,368;0,271597995269365
19901;87,372;0,153718069592162
19902;87,377;0,147432610505538
19903;87,381;0,213485066521109
19904;87,385;0,185586449873464
19905;87,389;0,144014202932112
19906;87,393;0,303135561914529
19907;87,397;0,223740289241389
19908;87,401;0,254285414978139
19909;87,405;0,351985708850919
19910;87,410;0,295085763435169
19911;87,414;0,34029696037404
19912;87,418;0,328828754321253
19913;87,422;0,337540180072889
19914;87,426;0,405136433057104
19915;87,430;0,450568172420067
19916;87,434;0,506916761775587
19917;87,438;0,51849523904042
19918;87,443;0,653136388948619
19919;87,447;0,625127501088928
19920;87,451;0,770134144929454
19921;87,455;0,868826879710648
19922;87,459;0,974466700850742
19923;87,463;1,02750715384488
19924;87,467;1,08727415077383
19925;87,471;1,16589752496265
19926;87,475;1,5100539777583
19927;87,480;1,60279206708901
19928;87,484;1,81539496391375
19929;87,488;1,86181914418512
19930;87,492;2,05699918950659
19931;87,496;2,35848068324043
19932;87,500;2,74310667085697
19933;87,504;3,12442452211214
19934;87,508;3,34904698104989
19935;87,513;3,72694642473163
19936;87,517;4,32660127583792
19937;87,521;4,77110453159546
19938;87,525;5,42060197054656
19939;87,529;6,21223900182499
19940;87,533;6,86482403471338
19941;87,537;7,22684442386049
19942;87,541;8,35304431248656
19943;87,546;8,58075436536161
19944;87,550;9,82979638420696
19945;87,554;10,3506073187003
19946;87,558;11,4331398073562
19947;87,562;12,4453192627267
19948;87,566;13,4015912135898
19949;87,570;14,3061459660034
19950;87,574;15,3278087456098
19951;87,579;16,4933754569363
19952;87,583;17,2221578973485
19953;87,587;18,4317228222814
19954;87,591;19,5743531215023
19955;87,595;20,9316814705769
19956;87,599;21,950256656246
19957;87,603;22,8307722844336
19958;87,607;23,5158873248755
19959;87,612;24,5171499302535
19960;87,616;25,5572280022716
19961;87,620;26,727315833292
19962;87,624;27,5508212448517
19963;87,628;28,2605267655799
19964;87,632;29,1270379498376
19965;87,636;29,7552530448638
19966;87,640;30,5313418352438
19967;87,644;30,9028455486268
19968;87,649;31,1005618318254
19969;87,653;31,8022175540742
19970;87,657;31,7142211268615
19971;87,661;31,8820539115956
19972;87,665;31,8777533343258
19973;87,669;31,9939791918223
19974;87,673;31,7293282829118
19975;87,677;32,0560618842042
19976;87,682;31,9216412767201
19977;87,686;31,672207795072
19978;87,690;31,1962772438813
19979;87,694;30,821796207773
19980;87,698;31,1474270969449
19981;87,702;29,4738409117224
19982;87,706;29,0926333316793
19983;87,710;29,1197600498426
19984;87,715;28,2096917368267
19985;87,719;27,2170302859884
19986;87,723;26,8415568089717
19987;87,727;26,7949120862762
19988;87,731;25,8784480429617
19989;87,735;24,8548003815384
19990;87,739;24,0114461518104
19991;87,743;23,579403543014
19992;87,748;23,167320023598
19993;87,752;22,3147030120582
19994;87,756;21,9697746607782
19995;87,760;20,9437010326899
19996;87,764;20,2373036483231
19997;87,768;19,8843254985637
19998;87,772;19,4056381670719
19999;87,776;19,142420783918
20000;87,781;17,7388887969962
20001;87,785;17,2120129458403
20002;87,789;16,8659818824399
20003;87,793;16,3516769494572
20004;87,797;15,9179802724802
20005;87,801;15,2425690986982
20006;87,805;15,1385833457388
20007;87,809;14,7451356611586
20008;87,813;14,3833358144356
20009;87,818;13,8603194557013
20010;87,822;12,8976517745395
20011;87,826;12,489207205121
20012;87,830;12,6709341625728
20013;87,834;12,0465785599682
20014;87,838;11,7723340556098
20015;87,842;11,2465609165743
20016;87,846;10,9519162379873
20017;87,851;10,7521048017599
20018;87,855;10,512595729196
20019;87,859;9,86861185084716
20020;87,863;9,63715257676255
20021;87,867;9,3886012648108
20022;87,871;9,04973783019336
20023;87,875;8,81849909853284
20024;87,879;8,54006428811662
20025;87,884;8,39119815185449
20026;87,888;7,87523915069113
20027;87,892;7,86619691130335
20028;87,896;7,60430278269404
20029;87,900;7,28727304806171
20030;87,904;7,34891465559544
20031;87,908;7,04379421186408
20032;87,912;6,82303124534793
20033;87,917;6,72367688329446
20034;87,921;6,10748135038126
20035;87,925;6,40179521533211
20036;87,929;6,22128124121276
20037;87,933;5,77832178242387
20038;87,937;5,76883845818791
20039;87,941;5,58567797497946
20040;87,945;5,34826405544437
20041;87,950;5,1336762768028
20042;87,954;5,15837702830111
20043;87,958;5,0975073192517
20044;87,962;4,80407562399722
20045;87,966;4,62301029381764
20046;87,970;4,5548626847732
20047;87,974;4,52519972873282
20048;87,978;4,32230069856813
20049;87,982;4,23176803347834
20050;87,987;4,26462885466806
20051;87,991;4,21236030015824
20052;87,995;3,85397886100865
20053;87,999;3,79068318529423
20054;88,003;4,01453374574767
20055;88,007;3,72165340655342
20056;88,011;3,60465565057258
20057;88,015;3,53948536425338
20058;88,020;3,43814612038308
20059;88,024;3,45534842946226
20060;88,028;3,11251523121116
20061;88,032;3,08252146153464
20062;88,036;3,13699544028538
20063;88,040;2,80496882081479
20064;88,044;2,90002260559847
20065;88,048;2,93453749496888
20066;88,053;2,63404844214345
20067;88,057;2,64507556334805
20068;88,061;2,60736280882831
20069;88,065;2,80232231172569
20070;88,069;2,52388750130947
20071;88,073;2,62324186336294
20072;88,077;2,46235616498779
20073;88,081;2,36708183778002
20074;88,086;2,15492002580346
20075;88,090;2,2594571348231
20076;88,094;2,26133174542788
20077;88,098;2,16319036670692
20078;88,102;2,17962077730177
20079;88,106;2,10573906523094
20080;88,110;2,11268615158984
20081;88,114;2,10342336977797
20082;88,119;2,00737714408588
20083;88,123;2,21314322576377
20084;88,127;1,85035093813234
20085;88,131;1,61966356253205
20086;88,135;1,72012063670598
20087;88,139;1,62605929283072
20088;88,143;1,68329005188261
20089;88,147;1,74945277911022
20090;88,151;1,70346968368703
20091;88,156;1,71901792458552
20092;88,160;1,49571872019231
20093;88,164;1,53530608531684
20094;88,168;1,40970717479641
20095;88,172;1,5723572125643
20096;88,176;1,57213667014021
20097;88,180;1,34574987180972
20098;88,184;1,44874318386071
20099;88,189;1,35898241725524
20100;88,193;1,30164138699131
20101;88,197;1,35071207635179
20102;88,201;1,2129833325063
20103;88,205;1,35424075513726
20104;88,209;1,22599533552773
20105;88,213;1,31046308395499
20106;88,217;1,20305892342216
20107;88,222;1,27539683852435
20108;88,226;1,2920477915433
20109;88,230;1,2213639446218
20110;88,234;1,26293619156315
20111;88,238;1,19666319312349
20112;88,242;1,10348401894459
20113;88,246;1,09333906743636
20114;88,250;1,19037773403686
20115;88,255;1,07955516593061
20116;88,259;1,19798644766804
20117;88,263;0,949435135716294
20118;88,267;1,12035551438764
20119;88,271;1,13435995831748
20120;88,275;0,970827750853224
20121;88,279;0,913155906953151
20122;88,283;0,894078987269189
20123;88,288;0,997954469016546
20124;88,292;0,831224396402953
20125;88,296;0,932784182697344
20126;88,300;0,990235484173324
20127;88,304;0,936753946331001
20128;88,308;0,854822435780803
20129;88,312;0,83629687215707
20130;88,316;0,939510726632152
20131;88,320;0,762635702510324
20132;88,325;0,836848228217301
20133;88,329;0,686769108622657
20134;88,333;0,716542335875085
20135;88,337;0,735619255559048
20136;88,341;0,800458728242112
20137;88,345;0,691841584376775
20138;88,349;0,811816663082852
20139;88,353;0,673426291965088
20140;88,358;0,717975861631683
20141;88,362;0,731539220713345
20142;88,366;0,804649034299861
20143;88,370;0,660524560155703
20144;88,374;0,684563684381737
20145;88,378;0,642440081380155
20146;88,382;0,66284025560867
20147;88,386;0,702096807097055
20148;88,391;0,505814049655127
20149;88,395;0,543306261750776
20150;88,399;0,573630845063434
20151;88,403;0,628104823814171
20152;88,407;0,56569131779612
20153;88,411;0,66504567984959
20154;88,415;0,620716652607087
20155;88,419;0,555766908711977
20156;88,424;0,629097264722585
20157;88,428;0,572197319306835
20158;88,432;0,594802917776271
20159;88,436;0,62259126321187
20160;88,440;0,479790043612264
20161;88,444;0,497653979963721
20162;88,448;0,52599368145955
20163;88,452;0,564368063251567
20164;88,457;0,515297373891085
20165;88,461;0,475489466342469
20166;88,465;0,54319599053873
20167;88,469;0,474166211797917
20168;88,473;0,519156866312696
20169;88,477;0,516400086011545
20170;88,481;0,455199563326
20171;88,485;0,459279598171703
20172;88,489;0,466447226954695
20173;88,494;0,481664654217047
20174;88,498;0,473725126949733
20175;88,502;0,573300031427295
20176;88,506;0,477805161795436
20177;88,510;0,452883867873034
20178;88,514;0,587745560205325
20179;88,518;0,539998125389395
20180;88,522;0,487509028455486
20181;88,527;0,557972332952898
20182;88,531;0,322653566446676
20183;88,535;0,436122643642038
20184;88,539;0,558854502649266
20185;88,543;0,456192004234415
20186;88,547;0,433696676977025
20187;88,551;0,394770939124777
20188;88,555;0,377678901257643
20189;88,560;0,324307634627366
20190;88,564;0,46104393756444
20191;88,568;0,334121772499462
20192;88,572;0,441525933032293
20193;88,576;0,472953228465411
20194;88,580;0,410649993659405
20195;88,584;0,254175143766093
20196;88,588;0,347685131581124
20197;88,593;0,401607754271631
20198;88,597;0,351324081578643
20199;88,601;0,46324936180536
20200;88,605;0,302143121006115
20201;88,609;0,391683345187489
20202;88,613;0,387272496705648
20203;88,617;0,348015945217262
20204;88,621;0,424213352741067
20205;88,626;0,384515716404497
20206;88,630;0,312398343726395
20207;88,634;0,27644992859939
20208;88,638;0,318352989176881
20209;88,642;0,30170203615793
20210;88,646;0,36389499975189
20211;88,650;0,36665178005304
20212;88,654;0,481554383005001
20213;88,658;0,409547281538945
20214;88,663;0,424103081529021
20215;88,667;0,288359219500361
20216;88,671;0,240391242260339
20217;88,675;0,318463260388927
20218;88,679;0,226276527118448
20219;88,683;0,242817208925352
20220;88,687;0,422228470924238
20221;88,691;0,246235616498779
20222;88,696;0,259357890732256
20223;88,700;0,291336542225604
20224;88,704;0,29839389979655
20225;88,708;0,230025748328013
20226;88,712;0,303025290702483
20227;88,716;0,341179130070408
20228;88,720;0,273362334662101
20229;88,724;0,279206708900541
20230;88,729;0,339525061889718
20231;88,733;0,344707808855881
20232;88,737;0,201465504408092
20233;88,741;0,214477507429523
20234;88,745;0,36499771187235
20235;88,749;0,263327654365913
20236;88,753;0,252631346797448
20237;88,757;0,231569545296657
20238;88,762;0,214698049853615
20239;88,766;0,3011506800977
20240;88,770;0,23620093620259
20241;88,774;0,251638905889034
20242;88,778;0,265422807394788
20243;88,782;0,267187146787524
20244;88,786;0,259027077096118
20245;88,790;0,315927022511868
20246;88,795;0,171471734731572
20247;88,799;0,320558413417801
20248;88,803;0,260019518004532
20249;88,807;0,202678487740598
20250;88,811;0,204112013497196
20251;88,815;0,354521946727977
20252;88,819;0,174228515032723
20253;88,823;0,177316108970012
20254;88,827;0,213485066521109
20255;88,832;0,165958174129271
20256;88,836;0,289903016469006
20257;88,840;0,254064872554047
20258;88,844;0,250205380132436
20259;88,848;0,296739831615859
20260;88,852;0,275678030115068
20261;88,856;0,252962160433586
20262;88,860;0,303025290702483
20263;88,865;0,231018189236427
20264;88,869;0,252521075585402
20265;88,873;0,223740289241389
20266;88,877;0,226607340754586
20267;88,881;0,210176930159728
20268;88,885;0,194408146837146
20269;88,889;0,230687375600289
20270;88,893;0,210287201371774
20271;88,898;0,198598452894895
20272;88,902;0,228040866511184
20273;88,906;0,141367693843007
20274;88,910;0,237193377111005
20275;88,914;0,345259164916111
20276;88,918;0,308538851304784
20277;88,922;0,337429908860843
20278;88,926;0,215028863489753
20279;88,931;0,205876352889933
20280;88,935;0,227489510450954
20281;88,939;0,228371680147322
20282;88,943;0,181396143815715
20283;88,947;0,268841214968214
20284;88,951;0,177977736242288
20285;88,955;0,132987081727509
20286;88,959;0,249102668011975
20287;88,964;0,197606011986481
20288;88,968;0,303245833126575
20289;88,972;0,157577562013773
20290;88,976;0,0967078529643659
20291;88,980;0,24954375286016
20292;88,984;0,169817666550882
20293;88,988;0,183381025632543
20294;88,992;0,174118243820677
20295;88,996;0,266415248303202
20296;89,001;0,156144036257175
20297;89,005;0,299717154341102
20298;89,009;0,152064001411472
20299;89,013;0,139934168086409
20300;89,017;0,212713168036786
20301;89,021;0,3011506800977
20302;89,025;0,174559328668861
20303;89,029;0,189445942295075
20304;89,034;0,175000413517045
20305;89,038;0,200362792287631
20306;89,042;0,176654481697736
20307;89,046;0,174779871092953
20308;89,050;0,222196492272745
20309;89,054;0,162980851404028
20310;89,058;0,204994183193565
20311;89,062;0,208081777130853
20312;89,067;0,186358348357786
20313;89,071;0,149527763534413
20314;89,075;0,261011958912946
20315;89,079;0,19319516350464
20316;89,083;0,257483280127474
20317;89,087;0,165847902917225
20318;89,091;0,203340115012874
20319;89,095;0,20984611652359
20320;89,100;0,239950157412155
20321;89,104;0,177426380182058
20322;89,108;0,138721184753902
20323;89,112;0,169707395338836
20324;89,116;0,109499313561705
20325;89,120;0,160113799890832
20326;89,124;0,20234767410446
20327;89,128;0,103213854475081
20328;89,133;0,212382354400648
20329;89,137;0,110160940833981
20330;89,141;0,197936825622619
20331;89,145;0,21150018470428
20332;89,149;0,14655044080917
20333;89,153;0,144565558992342
20334;89,157;0,186468619569832
20335;89,161;0,178859905938656
20336;89,165;0,177536651394104
20337;89,170;0,236090664990544
20338;89,174;0,159893257466739
20339;89,178;0,143352575659835
20340;89,182;0,28449972707875
20341;89,186;0,244581548318088
20342;89,190;0,159672715042647
20343;89,194;0,119533993857893
20344;89,198;0,178088007454334
20345;89,203;0,183381025632543
20346;89,207;0,126260537792701
20347;89,211;0,181947499875945
20348;89,215;0,187681602902338
20349;89,219;0,247007514983101
20350;89,223;0,194408146837146
20351;89,227;0,189776755931213
20352;89,231;0,195621130169652
20353;89,236;0,204663369557427
20354;89,240;0,163532207464258
20355;89,244;0,240832327108523
20356;89,248;0,125929724156563
20357;89,252;0,166730072613593
20358;89,256;0,190769196839627
20359;89,260;0,260240060428624
20360;89,264;0,22815113772323
20361;89,269;0,163532207464258
20362;89,273;0,203009301376736
20363;89,277;0,144565558992342
20364;89,281;0,17874963472661
20365;89,285;0,206317437738117
20366;89,289;0,16265003776789
20367;89,293;0,181947499875945
20368;89,297;0,197164927138297
20369;89,302;0,242706937713306
20370;89,306;0,155372137772852
20371;89,310;0,269833655876629
20372;89,314;0,0956051408439056
20373;89,318;0,192202722596225
20374;89,322;0,230577104388243
20375;89,326;0,178088007454334
20376;89,330;0,3150448528155
20377;89,335;0,201686046832184
20378;89,339;0,237413919535097
20379;89,343;0,230025748328013
20380;89,347;0,194959502897376
20381;89,351;0,155372137772852
20382;89,355;0,262776298305683
20383;89,359;0,102111142354621
20384;89,363;0,217124016518628
20385;89,367;0,140595795358685
20386;89,372;0,180513974119347
20387;89,376;0,239729614988063
20388;89,380;0,137618472633442
20389;89,384;0,166178716553363
20390;89,388;0,153828340804208
20391;89,392;0,156144036257175
20392;89,396;0,191871908960087
20393;89,400;0,176985295333874
20394;89,405;0,110160940833981
20395;89,409;0,223850560453435
20396;89,413;0,164304105948581
20397;89,417;0,183711839268681
20398;89,421;0,29894525585678
20399;89,425;0,224071102877527
20400;89,429;0,229584663479829
20401;89,433;0,21789591500295
20402;89,438;0,147212068081446
20403;89,442;0,189004857446891
20404;89,446;0,171140921095434
20405;89,450;0,136184946876844
20406;89,454;0,194187604413054
20407;89,458;0,158239189286049
20408;89,462;0,206537980162209
20409;89,466;0,295196034647215
20410;89,471;0,2747958604187
20411;89,475;0,115674501436283
20412;89,479;0,188343230174614
20413;89,483;0,194077333201008
20414;89,487;0,13850064232981
20415;89,491;0,123834571127689
20416;89,495;0,262224942245453
20417;89,499;0,181285872603669
20418;89,504;0,157798104437865
20419;89,508;0,17654421048569
20420;89,512;0,235759851354406
20421;89,516;0,142470405963467
20422;89,520;0,215028863489753
20423;89,524;0,13739793020935
20424;89,528;0,181837228663899
20425;89,532;0,202788758952644
20426;89,536;0,110160940833981
20427;89,541;0,222306763484791
20428;89,545;0,21899862712341
20429;89,549;0,26145304376113
20430;89,553;0,192754078656456
20431;89,557;0,213154252884971
20432;89,561;0,163311665040166
20433;89,565;0,188674043810753
20434;89,569;0,165627360493133
20435;89,574;0,253072431645632
20436;89,578;0,199260080167171
20437;89,582;0,248661583163791
20438;89,586;0,281853217989646
20439;89,590;0,134751421120245
20440;89,594;0,221645136212515
20441;89,598;0,157357019589681
20442;89,602;0,15460023928853
20443;89,607;0,134200065060015
20444;89,611;0,143352575659835
20445;89,615;0,184373466540957
20446;89,619;0,138831455965948
20447;89,623;0,145668271112802
20448;89,627;0,214036422581339
20449;89,631;0,201575775620138
20450;89,635;0,184042652904819
20451;89,640;0,148976407474183
20452;89,644;0,198598452894895
20453;89,648;0,181506415027761
20454;89,652;0,167171157461777
20455;89,656;0,192533536232363
20456;89,660;0,174559328668861
20457;89,664;0,143793660508019
20458;89,668;0,250205380132436
20459;89,673;0,190548654415535
20460;89,677;0,11964426506994
20461;89,681;0,156254307469221
20462;89,685;0,129458402942036
20463;89,689;0,112807449923086
20464;89,693;0,166288987765409
20465;89,697;0,214146693793385
20466;89,701;0,163091122616074
20467;89,705;0,217565101366812
20468;89,710;0,202788758952644
20469;89,714;0,204222284709242
20470;89,718;0,159341901406509
20471;89,722;0,146329898385078
20472;89,726;0,18679943320597
20473;89,730;0,136074675664798
20474;89,734;0,115674501436283
20475;89,738;0,122290774159044
20476;89,743;0,165296546856995
20477;89,747;0,102441955990759
20478;89,751;0,159011087770371
20479;89,755;0,181947499875945
20480;89,759;0,153056442319886
20481;89,763;0,151733187775333
20482;89,767;0,128024877185438
20483;89,771;0,125819452944517
20484;89,776;0,165737631705179
20485;89,780;0,114240975679684
20486;89,784;0,145557999900756
20487;89,788;0,136736302937074
20488;89,792;0,085129375699533
20489;89,796;0,0742125257069763
20490;89,800;0,122290774159044
20491;89,804;0,162980851404028
20492;89,809;0,182829669572313
20493;89,813;0,156805663529451
20494;89,817;0,117659383253111
20495;89,821;0,148535322625999
20496;89,825;0,152064001411472
20497;89,829;0,101228972658253
20498;89,833;0,182278313512083
20499;89,837;0,142690948387559
20500;89,842;0,124055113551781
20501;89,846;0,171582005943618
20502;89,850;0,0854601893356711
20503;89,854;0,193525977140778
20504;89,858;0,119864807494032
20505;89,862;0,116887484768789
20506;89,866;0,147763424141676
20507;89,870;0,227489510450954
20508;89,874;0,110932839318303
20509;89,879;0,149086678686229
20510;89,883;0,153387255956024
20511;89,887;0,0466447226954695
20512;89,891;0,165406818069041
20513;89,895;0,220211610455916
20514;89,899;0,124385927187919
20515;89,903;0,225063543785942
20516;89,907;0,218888355911364
20517;89,912;0,181175601391623
20518;89,916;0,21789591500295
20519;89,920;0,190989739263719
20520;89,924;0,128024877185438
20521;89,928;0,101890599930529
20522;89,932;0,12934813172999
20523;89,936;0,196282757441928
20524;89,940;0,159562443830601
20525;89,945;0,135964404452752
20526;89,949;0,155372137772852
20527;89,953;0,131774098395003
20528;89,957;0,248882125587883
20529;89,961;0,217454830154766
20530;89,965;0,104867922655772
20531;89,969;0,174890142304999
20532;89,973;0,197716283198527
20533;89,978;0,126922165064977
20534;89,982;0,132876810515463
20535;89,986;0,204663369557427
20536;89,990;0,154269425652392
20537;89,994;0,104978193867818
20538;89,998;0,12129833325063
20539;90,002;0,19264380744441
20540;90,006;0,110712296894211
20541;90,011;0,132876810515463
20542;90,015;0,179411261998886
20543;90,019;0,142801219599605
20544;90,023;0,145116915052572
20545;90,027;0,30754641039637
20546;90,031;0,149196949898275
20547;90,035;0,0897607666054662
20548;90,039;0,168825225642468
20549;90,043;0,146440169597124
20550;90,048;0,0863423590320393
20551;90,052;0,102221413566667
20552;90,056;0,111704737802626
20553;90,060;0,17069983624725
20554;90,064;0,197385469562389
20555;90,068;0,136405489300936
20556;90,072;0,143132033235743
20557;90,076;0,174779871092953
20558;90,081;0,147212068081446
20559;90,085;0,121518875674722
20560;90,089;0,181616686239807
20561;90,093;0,146440169597124
20562;90,097;0,184263195328911
20563;90,101;0,125378368096333
20564;90,105;0,181726957451853
20565;90,109;0,204112013497196
20566;90,114;0,181065330179577
20567;90,118;0,123724299915643
20568;90,122;0,13905199839004
20569;90,126;0,213043981672925
20570;90,130;0,207309878646531
20571;90,134;0,239509072563971
20572;90,138;0,187681602902338
20573;90,142;0,130891928698634
20574;90,147;0,232672257417117
20575;90,151;0,155041324136714
20576;90,155;0,135082234756383
20577;90,159;0,123062672643366
20578;90,163;0,155372137772852
20579;90,167;0,269943927088675
20580;90,171;0,131994640819095
20581;90,175;0,125709181732471
20582;90,180;0,177205837757966
20583;90,184;0,210728286219958
20584;90,188;0,151622916563287
20585;90,192;0,149307221110321
20586;90,196;0,0823725953983823
20587;90,200;0,1873507892662
20588;90,204;0,206979065010393
20589;90,208;0,172794989276125
20590;90,212;0,163642478676304
20591;90,217;0,16849441200633
20592;90,221;0,12824541960953
20593;90,225;0,224401916513665
20594;90,229;0,144455287780296
20595;90,233;0,151402374139195
20596;90,237;0,167722513522007
20597;90,241;0,120416163554262
20598;90,245;0,164634919584719
20599;90,250;0,0782925605526793
20600;90,254;0,134530878696153
20601;90,258;0,181396143815715
20602;90,262;0,178970177150702
20603;90,266;0,20455309834538
20604;90,270;0,251859448313126
20605;90,274;0,184704280177096
20606;90,278;0,156474849893313
20607;90,283;0,151953730199425
20608;90,287;0,198377910470803
20609;90,291;0,163421936252212
20610;90,295;0,223960831665481
20611;90,299;0,140595795358685
20612;90,303;0,140926608994823
20613;90,307;0,20179631804423
20614;90,311;0,15294617110784
20615;90,316;0,219880796819778
20616;90,320;0,0975900226607341
20617;90,324;0,0726687287383319
20618;90,328;0,16904576806656
20619;90,332;0,176213396849551
20620;90,336;0,137067116573212
20621;90,340;0,200031978651493
20622;90,344;0,216021304398167
20623;90,349;0,152174272623518
20624;90,353;0,168714954430422
20625;90,357;0,191541095323949
20626;90,361;0,17930099078684
20627;90,365;0,115895043860375
20628;90,369;0,115674501436283
20629;90,373;0,158459731710141
20630;90,377;0,149417492322367
20631;90,381;0,193305434716686
20632;90,386;0,254175143766093
20633;90,390;0,155923493833082
20634;90,394;0,089209410545236
20635;90,398;0,172684718064079
20636;90,402;0,156805663529451
20637;90,406;0,124275655975873
20638;90,410;0,189666484719167
20639;90,414;0,187019975630062
20640;90,419;0,143352575659835
20641;90,423;0,175441498365229
20642;90,427;0,190107569567351
20643;90,431;0,108727415077383
20644;90,435;0,153276984743978
20645;90,439;0,23399551196167
20646;90,443;0,1471017968694
20647;90,447;0,145778542324848
20648;90,452;0,119533993857893
20649;90,456;0,131222742334772
20650;90,460;0,126591351428839
20651;90,464;0,150961289291011
20652;90,468;0,20455309834538
20653;90,472;0,148755865050091
20654;90,476;0,19319516350464
20655;90,480;0,189225399870983
20656;90,485;0,101339243870299
20657;90,489;0,0909737499379724
20658;90,493;0,181285872603669
20659;90,497;0,163091122616074
20660;90,501;0,106963075684646
20661;90,505;0,0983619211450563
20662;90,509;0,1609959695872
20663;90,513;0,189887027143259
20664;90,518;0,226938154390724
20665;90,522;0,148425051413953
20666;90,526;0,254175143766093
20667;90,530;0,164193834736535
20668;90,534;0,152174272623518
20669;90,538;0,188012416538476
20670;90,542;0,114240975679684
20671;90,546;0,107845245381015
20672;90,550;0,115343687800144
20673;90,555;0,160665155951062
20674;90,559;0,204663369557427
20675;90,563;0,150740746866919
20676;90,567;0,143903931720066
20677;90,571;0,15460023928853
20678;90,575;0,149858577170551
20679;90,579;0,0875553423645456
20680;90,583;0,20984611652359
20681;90,588;0,192864349868502
20682;90,592;0,0964873105402738
20683;90,596;0,179631804422978
20684;90,600;0,205766081677887
20685;90,604;0,167612242309961
20686;90,608;0,0838061211549807
20687;90,612;0,0839163923670267
20688;90,616;0,1540488832283
20689;90,621;0,0799466287333697
20690;90,625;0,185806992297556
20691;90,629;0,30170203615793
20692;90,633;0,150740746866919
20693;90,637;0,154820781712622
20694;90,641;0,259578433156348
20695;90,645;0,13739793020935
20696;90,649;0,135413048392521
20697;90,654;0,178088007454334
20698;90,658;0,169156039278606
20699;90,662;0,168273869582238
20700;90,666;0,133758980211831
20701;90,670;0,15570295140899
20702;90,674;0,220873237728193
20703;90,678;0,184042652904819
20704;90,682;0,155041324136714
20705;90,687;0,0894299529693281
20706;90,691;0,104426837807588
20707;90,695;0,158128918074003
20708;90,699;0,125819452944517
20709;90,703;0,0847985620633949
20710;90,707;0,0965975817523198
20711;90,711;0,138721184753902
20712;90,715;0,117990196889249
20713;90,719;0,158680274134233
20714;90,724;0,127142707489069
20715;90,728;0,227158696814816
20716;90,732;0,140264981722547
20717;90,736;0,142249863539375
20718;90,740;0,123614028703597
20719;90,744;0,170258751399066
20720;90,748;0,0999057181137007
20721;90,752;0,125157825672241
20722;90,757;0,213815880157247
20723;90,761;0,130120030214312
20724;90,765;0,130340572638404
20725;90,769;0,156915934741497
20726;90,773;0,169927937762928
20727;90,777;0,175772312001367
20728;90,781;0,199370351379217
20729;90,785;0,215911033186121
20730;90,790;0,232451714993025
20731;90,794;0,208192048342899
20732;90,798;0,101559786294391
20733;90,802;0,233333884689394
20734;90,806;0,192533536232363
20735;90,810;0,170810107459296
20736;90,814;0,119975078706078
20737;90,818;0,247117786195147
20738;90,823;0,0975900226607341
20739;90,827;0,153387255956024
20740;90,831;0,0684784226805829
20741;90,835;0,104316566595542
20742;90,839;0,140375252934593
20743;90,843;0,148535322625999
20744;90,847;0,156364578681267
20745;90,851;0,180293431695254
20746;90,856;0,179190719574794
20747;90,860;0,0738817120708382
20748;90,864;0,188343230174614
20749;90,868;0,265202264970695
20750;90,872;0,108506872653291
20751;90,876;0,106632262048508
20752;90,880;0,134751421120245
20753;90,884;0,193636248352824
20754;90,888;0,146109355960986
20755;90,893;0,168163598370191
20756;90,897;0,128686504457714
20757;90,901;0,154379696864438
20758;90,905;0,0735508984347002
20759;90,909;0,160885698375154
20760;90,913;0,132215183243187
20761;90,917;0,193856790776916
20762;90,921;0,139934168086409
20763;90,926;0,209625574099498
20764;90,930;0,140595795358685
20765;90,934;0,179962618059116
20766;90,938;0,174338786244769
20767;90,942;0,198157368046711
20768;90,946;0,170810107459296
20769;90,950;0,093179174178893
20770;90,954;0,143462846871881
20771;90,959;0,184373466540957
20772;90,963;0,117108027192881
20773;90,967;0,136956845361166
20774;90,971;0,193305434716686
20775;90,975;0,187130246842108
20776;90,979;0,247669142255377
20777;90,983;0,124716740824057
20778;90,987;0,172243633215895
20779;90,992;0,160003528678785
20780;90,996;0,156144036257175
20781;91,000;0,116115586284467
20782;91,004;0,134089793847969
20783;91,008;0,145337457476664
20784;91,012;0,120305892342216
20785;91,016;0,0829239514586125
20786;91,020;0,183491296844589
20787;91,025;0,1068528044726
20788;91,029;0,207530421070623
20789;91,033;0,143462846871881
20790;91,037;0,17874963472661
20791;91,041;0,145116915052572
20792;91,045;0,227379239238908
20793;91,049;0,133869251423877
20794;91,053;0,209184489251314
20795;91,057;0,186027534721648
20796;91,062;0,173456616548401
20797;91,066;0,142139592327329
20798;91,070;0,0926278181186629
20799;91,074;0,177977736242288
20800;91,078;0,114240975679684
20801;91,082;0,186027534721648
20802;91,086;0,143793660508019
20803;91,090;0,176764752909782
20804;91,095;0,127142707489069
20805;91,099;0,171912819579756
20806;91,103;0,108617143865337
20807;91,107;0,142690948387559
20808;91,111;0,185365907449372
20809;91,115;0,0766384923719889
20810;91,119;0,140485524146639
20811;91,123;0,237193377111005
20812;91,128;0,165737631705179
20813;91,132;0,147542881717584
20814;91,136;0,19374651956487
20815;91,140;0,182388584724129
20816;91,144;0,125929724156563
20817;91,148;0,142139592327329
20818;91,152;0,0941716150873072
20819;91,156;0,114792331739914
20820;91,161;0,187240518054154
20821;91,165;0,153828340804208
20822;91,169;0,20234767410446
20823;91,173;0,189666484719167
20824;91,177;0,180403702907301
20825;91,181;0,143683389295973
20826;91,185;0,120967519614492
20827;91,189;0,241163140744661
20828;91,194;0,173456616548401
20829;91,198;0,162539766555844
20830;91,202;0,154710510500576
20831;91,206;0,12934813172999
20832;91,210;0,15349752716807
20833;91,214;0,163863021100396
20834;91,218;0,151733187775333
20835;91,222;0,148755865050091
20836;91,226;0,18569672108551
20837;91,231;0,145227186264618
20838;91,235;0,127142707489069
20839;91,239;0,157798104437865
20840;91,243;0,147983966565769
20841;91,247;0,138941727177994
20842;91,251;0,0956051408439056
20843;91,255;0,209515302887452
20844;91,259;0,191100010475765
20845;91,264;0,16154732564743
20846;91,268;0,130561115062496
20847;91,272;0,199039537743079
20848;91,276;0,107073346896692
20849;91,280;0,142801219599605
20850;91,284;0,0950537847836755
20851;91,288;0,0860115453959012
20852;91,292;0,126039995368609
20853;91,297;0,151402374139195
20854;91,301;0,114792331739914
20855;91,305;0,190879468051673
20856;91,309;0,17069983624725
20857;91,313;0,158790545346279
20858;91,317;0,201134690771954
20859;91,321;0,109609584773751
20860;91,325;0,150409933230781
20861;91,330;0,233223613477348
20862;91,334;0,157467290801727
20863;91,338;0,154379696864438
20864;91,342;0,152064001411472
20865;91,346;0,133097352939555
20866;91,350;0,26145304376113
20867;91,354;0,19540058774556
20868;91,358;0,152615357471702
20869;91,363;0,0696914060130892
20870;91,367;0,0900915802416042
20871;91,371;0,188012416538476
20872;91,375;0,132104912031141
20873;91,379;0,202678487740598
20874;91,383;0,112256093862856
20875;91,387;0,140816337782777
20876;91,391;0,142360134751421
20877;91,395;0,17654421048569
20878;91,400;0,166950615037685
20879;91,404;0,089319681757282
20880;91,408;0,0916353772102486
20881;91,412;0,126370809004747
20882;91,416;0,180183160483208
20883;91,420;0,152505086259656
20884;91,424;0,167943055946099
20885;91,428;0,102883040838943
20886;91,433;0,137287658997304
20887;91,437;0,127583792337253
20888;91,441;0,127142707489069
20889;91,445;0,110712296894211
20890;91,449;0,189666484719167
20891;91,453;0,168935496854514
20892;91,457;0,208853675615176
20893;91,461;0,184483737753004
20894;91,466;0,148645593838045
20895;91,470;0,16154732564743
20896;91,474;0,15515159534876
20897;91,478;0,149638034746459
20898;91,482;0,172794989276125
20899;91,486;0,124165384763827
20900;91,490;0,142470405963467
20901;91,494;0,143242304447789
20902;91,499;0,149748305958505
20903;91,503;0,126481080216793
20904;91,507;0,177426380182058
20905;91,511;0,104316566595542
20906;91,515;0,0367203136113271
20907;91,519;0,174449057456815
20908;91,523;0,221534865000469
20909;91,527;0,192423265020317
20910;91,532;0,133648708999785
20911;91,536;0,114240975679684
20912;91,540;0,139382812026178
20913;91,544;0,153056442319886
20914;91,548;0,116997755980835
20915;91,552;0,14765315292963
20916;91,556;0,214367236217477
20917;91,560;0,175992854425459
20918;91,564;0,0965975817523198
20919;91,569;0,160003528678785
20920;91,573;0,152284543835564
20921;91,577;0,133648708999785
20922;91,581;0,21844727106318
20923;91,585;0,138941727177994
20924;91,589;0,0860115453959012
20925;91,593;0,210728286219958
20926;91,597;0,190328111991443
20927;91,602;0,173125802912263
20928;91,606;0,138059557481626
20929;91,610;0,178088007454334
20930;91,614;0,101339243870299
20931;91,618;0,142911490811651
20932;91,622;0,200031978651493
20933;91,626;0,197275198350343
20934;91,630;0,142029321115283
20935;91,635;0,235429037718268
20936;91,639;0,181947499875945
20937;91,643;0,0975900226607341
20938;91,647;0,126591351428839
20939;91,651;0,149748305958505
20940;91,655;0,151292102927149
20941;91,659;0,16265003776789
20942;91,663;0,181396143815715
20943;91,668;0,191541095323949
20944;91,672;0,146991525657354
20945;91,676;0,148976407474183
20946;91,680;0,214477507429523
20947;91,684;0,191761637748041
20948;91,688;0,129127589305898
20949;91,692;0,125709181732471
20950;91,696;0,129017318093852
20951;91,701;0,16265003776789
20952;91,705;0,131112471122726
20953;91,709;0,125598910520425
20954;91,713;0,208633133191083
20955;91,717;0,150851018078965
20956;91,721;0,118762095373571
20957;91,725;0,140706066570731
20958;91,729;0,0904223938777423
20959;91,733;0,12934813172999
20960;91,738;0,117328569616973
20961;91,742;0,118541552949479
20962;91,746;0,113689619619454
20963;91,750;0,167171157461777
20964;91,754;0,191982180172133
20965;91,758;0,170369022611112
20966;91,762;0,161216512011292
20967;91,766;0,163091122616074
20968;91,771;0,12879677566976
20969;91,775;0,172243633215895
20970;91,779;0,162760308979936
20971;91,783;0,124606469612011
20972;91,787;0,115012874164006
20973;91,791;0,158018646861957
20974;91,795;0,159672715042647
20975;91,799;0,137177387785258
20976;91,804;0,13629521808889
20977;91,808;0,162319224131752
20978;91,812;0,192754078656456
20979;91,816;0,150520204442827
20980;91,820;0,168935496854514
20981;91,824;0,184042652904819
20982;91,828;0,191982180172133
20983;91,832;0,254285414978139
20984;91,837;0,190328111991443
20985;91,841;0,11490260295196
20986;91,845;0,168384140794284
20987;91,849;0,125709181732471
20988;91,853;0,208963946827222
20989;91,857;0,143683389295973
20990;91,861;0,129237860517944
20991;91,865;0,154710510500576
20992;91,870;0,195510858957606
20993;91,874;0,239398801351925
20994;91,878;0,185035093813234
20995;91,882;0,208192048342899
20996;91,886;0,145227186264618
20997;91,890;0,140044439298455
20998;91,894;0,236311207414636
20999;91,898;0,114130704467638
21000;91,902;0,110602025682165
21001;91,907;0,107734974168969
21002;91,911;0,106963075684646
21003;91,915;0,135082234756383
21004;91,919;0,208633133191083
21005;91,923;0,171361463519526
21006;91,927;0,197275198350343
21007;91,931;0,162208952919706
21008;91,935;0,128686504457714
21009;91,940;0,138610913541856
21010;91,944;0,158900816558325
21011;91,948;0,115012874164006
21012;91,952;0,147322339293492
21013;91,956;0,100898159022115
21014;91,960;0,113138263559224
21015;91,964;0,169486852914744
21016;91,968;0,0963770393282278
21017;91,973;0,142801219599605
21018;91,977;0,192864349868502
21019;91,981;0,193415705928732
21020;91,985;0,190658925627581
21021;91,989;0,128576233245668
21022;91,993;0,188012416538476
21023;91,997;0,184814551389142
21024;92,001;0,123834571127689
21025;92,006;0,101559786294391
21026;92,010;0,120967519614492
21027;92,014;0,142801219599605
21028;92,018;0,0756460514635747
21029;92,022;0,1609959695872
21030;92,026;0,142690948387559
21031;92,030;0,111263652954441
21032;92,034;0,0937305302391231
21033;92,039;0,130340572638404
21034;92,043;0,141036880206869
21035;92,047;0,218667813487272
21036;92,051;0,180183160483208
21037;92,055;0,141147151418915
21038;92,059;0,150299662018735
21039;92,063;0,137067116573212
21040;92,067;0,147432610505538
21041;92,071;0,163532207464258
21042;92,076;0,229474392267783
21043;92,080;0,181065330179577
21044;92,084;0,166840343825639
21045;92,088;0,156033765045129
21046;92,092;0,146329898385078
21047;92,096;0,120967519614492
21048;92,100;0,0977002938727801
21049;92,104;0,208853675615176
21050;92,109;0,18514536502528
21051;92,113;0,116887484768789
21052;92,117;0,0990235484173324
21053;92,121;0,13905199839004
21054;92,125;0,167722513522007
21055;92,129;0,156805663529451
21056;92,133;0,183711839268681
21057;92,137;0,150520204442827
21058;92,142;0,166068445341317
21059;92,146;0,147432610505538
21060;92,150;0,197716283198527
21061;92,154;0,0638470317746498
21062;92,158;0,102772769626897
21063;92,162;0,171030649883388
21064;92,166;0,123944842339735
21065;92,170;0,142139592327329
21066;92,175;0,124496198399965
21067;92,179;0,159782986254693
21068;92,183;0,0956051408439056
21069;92,187;0,113138263559224
21070;92,191;0,173346345336355
21071;92,195;0,160775427163108
21072;92,199;0,160775427163108
21073;92,203;0,157798104437865
21074;92,208;0,138280099905718
21075;92,212;0,144565558992342
21076;92,216;0,163532207464258
21077;92,220;0,116556671132651
21078;92,224;0,134089793847969
21079;92,228;0,13684657414912
21080;92,232;0,216572660458397
21081;92,236;0,136736302937074
21082;92,240;0,182388584724129
21083;92,245;0,134420607484107
21084;92,249;0,11214582265081
21085;92,253;0,203229843800828
21086;92,257;0,170920378671342
21087;92,261;0,197275198350343
21088;92,265;0,181726957451853
21089;92,269;0,161437054435384
21090;92,273;0,184373466540957
21091;92,278;0,147763424141676
21092;92,282;0,192202722596225
21093;92,286;0,179962618059116
21094;92,290;0,112476636286948
21095;92,294;0,196944384714205
21096;92,298;0,122842130219274
21097;92,302;0,097479751448688
21098;92,306;0,19374651956487
21099;92,311;0,0895402241813741
21100;92,315;0,167391699885869
21101;92,319;0,196172486229882
21102;92,323;0,147322339293492
21103;92,327;0,145227186264618
21104;92,331;0,132987081727509
21105;92,335;0,0703530332853654
21106;92,339;0,0963770393282278
21107;92,344;0,160665155951062
21108;92,348;0,118100468101295
21109;92,352;0,11324853477127
21110;92,356;0,217454830154766
21111;92,360;0,169156039278606
21112;92,364;0,151071560503057
21113;92,368;0,188122687750522
21114;92,372;0,116997755980835
21115;92,377;0,225835442270264
21116;92,381;0,143462846871881
21117;92,385;0,170810107459296
21118;92,389;0,131443284758864
21119;92,393;0,105088465079864
21120;92,397;0,089209410545236
21121;92,401;0,134971963544337
21122;92,405;0,192312993808271
21123;92,409;0,19540058774556
21124;92,414;0,205986624101979
21125;92,418;0,177426380182058
21126;92,422;0,18514536502528
21127;92,426;0,111925280226718
21128;92,430;0,136626031725028
21129;92,434;0,185586449873464
21130;92,438;0,148314780201907
21131;92,442;0,164634919584719
21132;92,447;0,189445942295075
21133;92,451;0,156474849893313
21134;92,455;0,191320552899857
21135;92,459;0,180403702907301
21136;92,463;0,20234767410446
21137;92,467;0,133538437787739
21138;92,471;0,081159612065876
21139;92,475;0,180955058967531
21140;92,480;0,0871142575163615
21141;92,484;0,146660712021216
21142;92,488;0,106963075684646
21143;92,492;0,121959960522906
21144;92,496;0,181065330179577
21145;92,500;0,209735845311544
21146;92,504;0,149086678686229
21147;92,508;0,141477965055053
21148;92,513;0,222527305908883
21149;92,517;0,236311207414636
21150;92,521;0,148204508989861
21151;92,525;0,135302777180475
21152;92,529;0,122842130219274
21153;92,533;0,196944384714205
21154;92,537;0,173236074124309
21155;92,541;0,13100219991068
21156;92,546;0,150520204442827
21157;92,550;0,124937283248149
21158;92,554;0,109940398409889
21159;92,558;0,114461518103776
21160;92,562;0,177205837757966
21161;92,566;0,155482408984898
21162;92,570;0,208743404403129
21163;92,574;0,0988030059932404
21164;92,578;0,15294617110784
21165;92,583;0,277111555871666
21166;92,587;0,189997298355305
21167;92,591;0,149968848382597
21168;92,595;0,215911033186121
21169;92,599;0,20455309834538
21170;92,603;0,0787336454008634
21171;92,607;0,218116457427042
21172;92,611;0,131663827182956
21173;92,616;0,196393028653974
21174;92,620;0,123283215067458
21175;92,624;0,148314780201907
21176;92,628;0,128686504457714
21177;92,632;0,145888813536894
21178;92,636;0,157467290801727
21179;92,640;0,151622916563287
21180;92,644;0,108727415077383
21181;92,649;0,235980393778498
21182;92,653;0,107183618108738
21183;92,657;0,14434501656825
21184;92,661;0,129789216578174
21185;92,665;0,187681602902338
21186;92,669;0,190548654415535
21187;92,673;0,214918592277707
21188;92,677;0,1207469771904
21189;92,682;0,246897243771055
21190;92,686;0,169707395338836
21191;92,690;0,114240975679684
21192;92,694;0,171912819579756
21193;92,698;0,119754536281986
21194;92,702;0,17930099078684
21195;92,706;0,167722513522007
21196;92,710;0,111263652954441
21197;92,715;0,182498855936175
21198;92,719;0,245684260438549
21199;92,723;0,239178258927833
21200;92,727;0,204663369557427
21201;92,731;0,168604683218376
21202;92,735;0,290564643741282
21203;92,739;0,231349002872565
21204;92,743;0,213485066521109
21205;92,747;0,255718940734737
21206;92,752;0,257703822551566
21207;92,756;0,270054198300721
21208;92,760;0,288579761924453
21209;92,764;0,29949661191701
21210;92,768;0,293541966466524
21211;92,772;0,293541966466524
21212;92,776;0,385838970949049
21213;92,780;0,36444635581212
21214;92,785;0,423110640620606
21215;92,789;0,424874980013343
21216;92,793;0,508350287532185
21217;92,797;0,603845157164045
21218;92,801;0,619834482910719
21219;92,805;0,803105237331216
21220;92,809;0,875773966069548
21221;92,813;0,945134558446499
21222;92,818;1,07470323260058
21223;92,822;1,23327323552277
21224;92,826;1,18188685070932
21225;92,830;1,5833843337689
21226;92,834;1,63069068373665
21227;92,838;1,85939317752011
21228;92,842;2,30532995903424
21229;92,846;2,36675102414388
21230;92,851;2,56358513764604
21231;92,855;2,83132364049379
21232;92,859;3,13875977967812
21233;92,863;3,35246538862332
21234;92,867;3,84637014737747
21235;92,871;4,20155372137773
21236;92,875;4,64120504380524
21237;92,879;5,02693374354224
21238;92,884;5,44706706143761
21239;92,888;5,71204878398421
21240;92,892;6,38757022897817
21241;92,896;6,75797123024078
21242;92,900;7,24327483445534
21243;92,904;7,82539656284632
21244;92,908;8,35205187157815
21245;92,912;8,26637113981838
21246;92,916;9,06407308775935
21247;92,921;9,93091508565317
21248;92,925;10,3461964702185
21249;92,929;10,5723627261249
21250;92,933;10,9358166410286
21251;92,937;11,3674181649768
21252;92,941;12,1975398492593
21253;92,945;12,2734064431469
21254;92,949;12,8256446730734
21255;92,954;13,3044422757773
21256;92,958;13,4491181059817
21257;92,962;13,4173599969124
21258;92,966;14,0985052737207
21259;92,970;14,2785781629919
21260;92,974;14,7977350293046
21261;92,978;14,8615820610792
21262;92,982;14,7739164475026
21263;92,987;14,6530591991002
21264;92,991;14,7778862111363
21265;92,995;15,5579447651499
21266;92,999;15,0305175579337
21267;93,003;15,0664659730607
21268;93,007;14,9944588715947
21269;93,011;14,8374326656411
21270;93,015;14,8045718444514
21271;93,020;14,9144019716493
21272;93,024;14,4467417613621
21273;93,028;14,0439210237579
21274;93,032;14,1390850797537
21275;93,036;14,1727177994277
21276;93,040;13,3903435499611
21277;93,044;13,5462670437942
21278;93,048;13,3432577424175
21279;93,053;12,9353645290592
21280;93,057;12,9941390850798
21281;93,061;12,4060627112383
21282;93,065;12,081975619035
21283;93,069;11,8290134586014
21284;93,073;11,7683642919761
21285;93,077;11,1506249620943
21286;93,081;10,7407468669192
21287;93,085;10,6434876578946
21288;93,090;10,4371702201565
21289;93,094;9,9367594598916
21290;93,098;9,83850780995859
21291;93,102;9,43337137690149
21292;93,106;9,63604986464209
21293;93,110;8,96041814843608
21294;93,114;8,68859961074262
21295;93,118;8,13569975354384
21296;93,123;8,11971042779717
21297;93,127;7,94856950670173
21298;93,131;7,72416759018807
21299;93,135;7,51983503426678
21300;93,139;7,22949093294959
21301;93,143;7,10631798909418
21302;93,147;6,9156590634666
21303;93,151;6,4810802167932
21304;93,156;6,41028609865965
21305;93,160;6,21929635939593
21306;93,164;6,03944401254886
21307;93,168;5,73211814457659
21308;93,172;5,68701721884976
21309;93,176;5,25321027066069
21310;93,180;5,37241345088245
21311;93,184;5,33315689939406
21312;93,189;5,02825699808679
21313;93,193;4,68432108771524
21314;93,197;4,62278975139355
21315;93,201;4,32549856371746
21316;93,205;4,41128956668927
21317;93,209;4,1468592002029
21318;93,213;4,00030875939373
21319;93,217;3,70423055505015
21320;93,222;3,66629725810631
21321;93,226;3,84295173980405
21322;93,230;3,66629725810631
21323;93,234;3,50044935518909
21324;93,238;3,4904146748929
21325;93,242;3,22852054628358
21326;93,246;3,30372551289898
21327;93,250;3,13434893119628
21328;93,254;2,98526225251005
21329;93,259;2,89858907984187
21330;93,263;2,77596749204669
21331;93,267;2,90796213286578
21332;93,271;2,68146506332324
21333;93,275;2,74034989055582
21334;93,279;2,41846822259347
21335;93,283;2,52344641646129
21336;93,287;2,4147190013839
21337;93,292;2,5023846149605
21338;93,296;2,32352470902184
21339;93,300;2,22791956817793
21340;93,304;2,04961101829951
21341;93,308;1,98223530773939
21342;93,312;2,16991691064172
21343;93,316;1,88133714871727
21344;93,320;1,96856167744568
21345;93,325;1,95235180927491
21346;93,329;1,7666550881894
21347;93,333;1,61492190041407
21348;93,337;1,64348214433399
21349;93,341;1,56331497317653
21350;93,345;1,55228785197192
21351;93,349;1,59650660800238
21352;93,353;1,48436078535157
21353;93,358;1,37883123542352
21354;93,362;1,4475302005282
21355;93,366;1,33461247939307
21356;93,370;1,27804334761346
21357;93,374;1,23977923703348
21358;93,378;1,29281969002762
21359;93,382;1,15056982648825
21360;93,386;1,14428436740162
21361;93,391;1,26436971731975
21362;93,395;1,09433150834477
21363;93,399;1,12344310832493
21364;93,403;1,10646134166984
21365;93,407;0,963770393282278
21366;93,411;1,01449515082345
21367;93,415;0,933886894817804
21368;93,419;0,992661450838337
21369;93,423;1,03268990081104
21370;93,428;0,97369480236642
21371;93,432;0,989353314476956
21372;93,436;0,852837553963974
21373;93,440;0,893086546360774
21374;93,444;0,869598778194971
21375;93,448;0,969063411460487
21376;93,452;0,770685500989684
21377;93,456;0,817219952473108
21378;93,461;0,830673040342723
21379;93,465;0,688864261651532
21380;93,469;0,741904714645671
21381;93,473;0,642109267744016
21382;93,477;0,640786013199464
21383;93,481;0,800348457030066
21384;93,485;0,754034547970734
21385;93,489;0,676954970750561
21386;93,494;0,68864371922744
21387;93,498;0,726797558595365
21388;93,502;0,715219081330532
21389;93,506;0,712021216181198
21390;93,510;0,663281340456854
21391;93,514;0,643101708652431
21392;93,518;0,624024788968468
21393;93,522;0,645196861681305
21394;93,527;0,567124843552718
21395;93,531;0,636154622293531
21396;93,535;0,459500140595795
21397;93,539;0,574182201123664
21398;93,543;0,508019473896047
21399;93,547;0,583114169299392
21400;93,551;0,537792701148475
21401;93,555;0,569440539005684
21402;93,560;0,461264479988532
21403;93,564;0,619944754122765
21404;93,568;0,520259578433156
21405;93,572;0,498866963296227
21406;93,576;0,484531705730244
21407;93,580;0,43799725424682
21408;93,584;0,461264479988532
21409;93,588;0,395432566397054
21410;93,592;0,415060842141246
21411;93,597;0,496110182995076
21412;93,601;0,550032805685584
21413;93,605;0,496440996631214
21414;93,609;0,387051954281556
21415;93,613;0,481444111792955
21416;93,617;0,43689454212636
21417;93,621;0,385067072464727
21418;93,625;0,451560613328481
21419;93,630;0,447260036058686
21420;93,634;0,432704236068611
21421;93,638;0,414840299717154
21422;93,642;0,419140876986949
21423;93,646;0,395873651245238
21424;93,650;0,43105016788792
21425;93,654;0,377568630045597
21426;93,658;0,361799846723015
21427;93,663;0,388154666402016
21428;93,667;0,377678901257643
21429;93,671;0,352426793699103
21430;93,675;0,360586863390509
21431;93,679;0,245353446802411
21432;93,683;0,404033720936644
21433;93,687;0,430057726979506
21434;93,691;0,286484608895579
21435;93,696;0,456853631506691
21436;93,700;0,43689454212636
21437;93,704;0,317470819480512
21438;93,708;0,456192004234415
21439;93,712;0,434909660309531
21440;93,716;0,41439921486897
21441;93,720;0,302804748278391
21442;93,724;0,327615770988747
21443;93,729;0,235870122566452
21444;93,733;0,378119986105827
21445;93,737;0,294644678586985
21446;93,741;0,397527719425928
21447;93,745;0,302363663430207
21448;93,749;0,325961702808056
21449;93,753;0,283176472534198
21450;93,757;0,308759393728876
21451;93,761;0,442738916364799
21452;93,766;0,3747015785324
21453;93,770;0,313831869482993
21454;93,774;0,345259164916111
21455;93,778;0,307987495244554
21456;93,782;0,21734455894272
21457;93,786;0,329821195229667
21458;93,790;0,23675229226282
21459;93,794;0,245353446802411
21460;93,799;0,239619343776017
21461;93,803;0,331916348258542
21462;93,807;0,325189804323734
21463;93,811;0,255277855886553
21464;93,815;0,349670013397952
21465;93,819;0,279206708900541
21466;93,823;0,304789630095219
21467;93,827;0,340958587646316
21468;93,832;0,253734058917909
21469;93,836;0,224622458937757
21470;93,840;0,295967933131537
21471;93,844;0,298504171008596
21472;93,848;0,331254720986266
21473;93,852;0,275678030115068
21474;93,856;0,304789630095219
21475;93,860;0,212161811976556
21476;93,865;0,268620672544122
21477;93,869;0,138280099905718
21478;93,873;0,254175143766093
21479;93,877;0,302804748278391
21480;93,881;0,225063543785942
21481;93,885;0,178529092302518
21482;93,889;0,238406360443511
21483;93,893;0,221975949848653
21484;93,898;0,328277398261023
21485;93,902;0,234767410445992
21486;93,906;0,283507286170336
21487;93,910;0,347464589157032
21488;93,914;0,175110684729091
21489;93,918;0,239729614988063
21490;93,922;0,222306763484791
21491;93,926;0,297952814948366
21492;93,930;0,147432610505538
21493;93,935;0,217565101366812
21494;93,939;0,312729157362533
21495;93,943;0,222858119545021
21496;93,947;0,238516631655557
21497;93,951;0,246235616498779
21498;93,955;0,210838557432004
21499;93,959;0,271597995269365
21500;93,963;0,205986624101979
21501;93,968;0,193525977140778
21502;93,972;0,269061757392306
21503;93,976;0,220873237728193
21504;93,980;0,229143578631645
21505;93,984;0,255057313462461
21506;93,988;0,336547739164475
21507;93,992;0,255718940734737
21508;93,996;0,220542424092054
21509;94,001;0,225835442270264
21510;94,005;0,165737631705179
21511;94,009;0,223960831665481
21512;94,013;0,262114671033407
21513;94,017;0,236972834686912
21514;94,021;0,228812764995506
21515;94,025;0,194077333201008
21516;94,029;0,165627360493133
21517;94,034;0,182719398360267
21518;94,038;0,236421478626682
21519;94,042;0,243478836197628
21520;94,046;0,231569545296657
21521;94,050;0,213485066521109
21522;94,054;0,191651366535995
21523;94,058;0,263548196790005
21524;94,062;0,137839015057534
21525;94,067;0,147873695353722
21526;94,071;0,276560199811436
21527;94,075;0,262886569517729
21528;94,079;0,305892342215679
21529;94,083;0,199039537743079
21530;94,087;0,17874963472661
21531;94,091;0,239950157412155
21532;94,095;0,221755407424561
21533;94,099;0,150851018078965
21534;94,104;0,197716283198527
21535;94,108;0,296298746767675
21536;94,112;0,223740289241389
21537;94,116;0,189556213507121
21538;94,120;0,161437054435384
21539;94,124;0,221534865000469
21540;94,128;0,289461931620821
21541;94,132;0,263658468002051
21542;94,137;0,249212939224021
21543;94,141;0,173677158972493
21544;94,145;0,252079990737218
21545;94,149;0,19484923168533
21546;94,153;0,244471277106042
21547;94,157;0,149968848382597
21548;94,161;0,213043981672925
21549;94,165;0,186358348357786
21550;94,170;0,154269425652392
21551;94,174;0,17709556654592
21552;94,178;0,190217840779397
21553;94,182;0,257262737703381
21554;94,186;0,209405031675406
21555;94,190;0,245353446802411
21556;94,194;0,212272083188602
21557;94,198;0,140706066570731
21558;94,203;0,112917721135132
21559;94,207;0,269392571028444
21560;94,211;0,218226728639088
21561;94,215;0,264209824062281
21562;94,219;0,302694477066345
21563;94,223;0,223960831665481
21564;94,227;0,180183160483208
21565;94,231;0,17180254836771
21566;94,236;0,207530421070623
21567;94,240;0,203340115012874
21568;94,244;0,232561986205071
21569;94,248;0,211610455916326
21570;94,252;0,288579761924453
21571;94,256;0,207750963494715
21572;94,260;0,203891471073104
21573;94,264;0,149968848382597
21574;94,269;0,265091993758649
21575;94,273;0,307215596760232
21576;94,277;0,261232501337038
21577;94,281;0,263437925577959
21578;94,285;0,146881254445308
21579;94,289;0,263879010426143
21580;94,293;0,238516631655557
21581;94,297;0,229584663479829
21582;94,301;0,288579761924453
21583;94,306;0,17180254836771
21584;94,310;0,168714954430422
21585;94,314;0,230246290752105
21586;94,318;0,131774098395003
21587;94,322;0,294313864950847
21588;94,326;0,202457945316506
21589;94,330;0,318352989176881
21590;94,334;0,220983508940239
21591;94,339;0,244361005893996
21592;94,343;0,136074675664798
21593;94,347;0,309862105849336
21594;94,351;0,188012416538476
21595;94,355;0,1609959695872
21596;94,359;0,269282299816398
21597;94,363;0,284720269502842
21598;94,367;0,197826554410573
21599;94,372;0,185255636237326
21600;94,376;0,132104912031141
21601;94,380;0,174338786244769
21602;94,384;0,236090664990544
21603;94,388;0,238516631655557
21604;94,392;0,214367236217477
21605;94,396;0,168273869582238
21606;94,400;0,225063543785942
21607;94,405;0,206648251374255
21608;94,409;0,169156039278606
21609;94,413;0,198598452894895
21610;94,417;0,208522861979037
21611;94,421;0,166950615037685
21612;94,425;0,25759355133952
21613;94,429;0,243919921045812
21614;94,433;0,207750963494715
21615;94,438;0,108617143865337
21616;94,442;0,164414377160627
21617;94,446;0,228040866511184
21618;94,450;0,229033307419599
21619;94,454;0,186689161993924
21620;94,458;0,210176930159728
21621;94,462;0,269723384664583
21622;94,466;0,156254307469221
21623;94,470;0,141698507479145
21624;94,475;0,17180254836771
21625;94,479;0,185917263509602
21626;94,483;0,114240975679684
21627;94,487;0,220873237728193
21628;94,491;0,192974621080548
21629;94,495;0,243037751349444
21630;94,499;0,222527305908883
21631;94,503;0,193636248352824
21632;94,508;0,207199607434485
21633;94,512;0,115564230224237
21634;94,516;0,238075546807373
21635;94,520;0,192092451384179
21636;94,524;0,226166255906402
21637;94,528;0,249764295284252
21638;94,532;0,221314322576377
21639;94,536;0,145668271112802
21640;94,541;0,251087549828804
21641;94,545;0,157136477165589
21642;94,549;0,179962618059116
21643;94,553;0,183601568056635
21644;94,557;0,293211152830386
21645;94,561;0,155592680196944
21646;94,565;0,287477049803993
21647;94,569;0,214477507429523
21648;94,574;0,195841672593744
21649;94,578;0,174449057456815
21650;94,582;0,192092451384179
21651;94,586;0,173456616548401
21652;94,590;0,239619343776017
21653;94,594;0,168825225642468
21654;94,598;0,146770983233262
21655;94,602;0,253513516493817
21656;94,607;0,213705608945201
21657;94,611;0,170369022611112
21658;94,615;0,215249405913845
21659;94,619;0,349118657337722
21660;94,623;0,200473063499677
21661;94,627;0,208412590766991
21662;94,631;0,135082234756383
21663;94,635;0,20069360592377
21664;94,639;0,326292516444194
21665;94,644;0,186689161993924
21666;94,648;0,204883911981519
21667;94,652;0,182719398360267
21668;94,656;0,180293431695254
21669;94,660;0,27700128465962
21670;94,664;0,151733187775333
21671;94,668;0,273472605874147
21672;94,672;0,166730072613593
21673;94,677;0,151181831715103
21674;94,681;0,20929476046336
21675;94,685;0,162870580191982
21676;94,689;0,223740289241389
21677;94,693;0,27424450435847
21678;94,697;0,18514536502528
21679;94,701;0,20234767410446
21680;94,705;0,187791874114384
21681;94,710;0,116666942344697
21682;94,714;0,206317437738117
21683;94,718;0,217454830154766
21684;94,722;0,23620093620259
21685;94,726;0,181506415027761
21686;94,730;0,174338786244769
21687;94,734;0,214146693793385
21688;94,738;0,129127589305898
21689;94,743;0,174669599880907
21690;94,747;0,132656268091371
21691;94,751;0,220321881667962
21692;94,755;0,168935496854514
21693;94,759;0,149858577170551
21694;94,763;0,242706937713306
21695;94,767;0,197495740774435
21696;94,771;0,142249863539375
21697;94,776;0,203891471073104
21698;94,780;0,142029321115283
21699;94,784;0,203891471073104
21700;94,788;0,12879677566976
21701;94,792;0,226055984694356
21702;94,796;0,29254952555811
21703;94,800;0,159782986254693
21704;94,804;0,207971505918807
21705;94,808;0,230577104388243
21706;94,813;0,203340115012874
21707;94,817;0,173787430184539
21708;94,821;0,146770983233262
21709;94,825;0,177205837757966
21710;94,829;0,180844787755485
21711;94,833;0,237413919535097
21712;94,837;0,248110227103561
21713;94,841;0,196172486229882
21714;94,846;0,214256965005431
21715;94,850;0,154379696864438
21716;94,854;0,159452172618555
21717;94,858;0,246897243771055
21718;94,862;0,156364578681267
21719;94,866;0,199921707439447
21720;94,870;0,164083563524488
21721;94,874;0,200252521075585
21722;94,879;0,160775427163108
21723;94,883;0,212492625612694
21724;94,887;0,24954375286016
21725;94,891;0,177426380182058
21726;94,895;0,198157368046711
21727;94,899;0,154159154440346
21728;94,903;0,234657139233946
21729;94,907;0,226938154390724
21730;94,912;0,141919049903237
21731;94,916;0,243258293773536
21732;94,920;0,224953272573895
21733;94,924;0,146219627173032
21734;94,928;0,144455287780296
21735;94,932;0,289903016469006
21736;94,936;0,180955058967531
21737;94,940;0,169927937762928
21738;94,945;0,201134690771954
21739;94,949;0,145337457476664
21740;94,953;0,223188933181159
21741;94,957;0,196062215017836
21742;94,961;0,252190261949264
21743;94,965;0,216903474094536
21744;94,969;0,274575317994608
21745;94,973;0,200473063499677
21746;94,977;0,264761180122511
21747;94,982;0,17654421048569
21748;94,986;0,239839886200109
21749;94,990;0,182498855936175
21750;94,994;0,138390371117764
21751;94,998;0,199590893803309
21752;95,002;0,175220955941137
21753;95,006;0,161106240799246
21754;95,010;0,170369022611112
21755;95,015;0,197716283198527
21756;95,019;0,160003528678785
21757;95,023;0,175331227153183
21758;95,027;0,171030649883388
21759;95,031;0,240942598320569
21760;95,035;0,235759851354406
21761;95,039;0,175772312001367
21762;95,043;0,243258293773536
21763;95,048;0,256490839219059
21764;95,052;0,229364121055737
21765;95,056;0,235208495294176
21766;95,060;0,199039537743079
21767;95,064;0,176875024121828
21768;95,068;0,322322752810538
21769;95,072;0,164745190796765
21770;95,076;0,203009301376736
21771;95,081;0,193967061988962
21772;95,085;0,194187604413054
21773;95,089;0,180293431695254
21774;95,093;0,203119572588782
21775;95,097;0,199480622591263
21776;95,101;0,218336999851134
21777;95,105;0,221204051364331
21778;95,109;0,227489510450954
21779;95,114;0,210287201371774
21780;95,118;0,16375274988835
21781;95,122;0,160554884739016
21782;95,126;0,25285188922154
21783;95,130;0,19484923168533
21784;95,134;0,147542881717584
21785;95,138;0,18624807714574
21786;95,142;0,141808778691191
21787;95,146;0,101780328718483
21788;95,151;0,144124474144158
21789;95,155;0,174669599880907
21790;95,159;0,16375274988835
21791;95,163;0,0982516499330102
21792;95,167;0,214477507429523
21793;95,171;0,22870249378346
21794;95,175;0,160775427163108
21795;95,179;0,125709181732471
21796;95,184;0,136405489300936
21797;95,188;0,200362792287631
21798;95,192;0,201134690771954
21799;95,196;0,192974621080548
21800;95,200;0,223630018029343
21801;95,204;0,160224071102878
21802;95,208;0,262996840729775
21803;95,212;0,0994646332655165
21804;95,217;0,115123145376052
21805;95,221;0,161878139283568
21806;95,225;0,15294617110784
21807;95,229;0,186578890781878
21808;95,233;0,131222742334772
21809;95,237;0,147322339293492
21810;95,241;0,217454830154766
21811;95,245;0,28979274525696
21812;95,250;0,165627360493133
21813;95,254;0,155482408984898
21814;95,258;0,124827012036103
21815;95,262;0,159452172618555
21816;95,266;0,0979208362968722
21817;95,270;0,195290316533514
21818;95,274;0,319565972509387
21819;95,278;0,229474392267783
21820;95,283;0,231790087720749
21821;95,287;0,213815880157247
21822;95,291;0,257924364975658
21823;95,295;0,174338786244769
21824;95,299;0,112586907498994
21825;95,303;0,190217840779397
21826;95,307;0,247779413467423
21827;95,311;0,222417034696837
21828;95,315;0,23564958014236
21829;95,320;0,295306305859261
21830;95,324;0,244691819530134
21831;95,328;0,234767410445992
21832;95,332;0,223078661969113
21833;95,336;0,191761637748041
21834;95,340;0,189115128658937
21835;95,344;0,223519746817297
21836;95,348;0,308538851304784
21837;95,353;0,139272540814132
21838;95,357;0,297180916464043
21839;95,361;0,165847902917225
21840;95,365;0,174890142304999
21841;95,369;0,242265852865122
21842;95,373;0,216131575610213
21843;95,377;0,175441498365229
21844;95,381;0,124606469612011
21845;95,386;0,188453501386661
21846;95,390;0,249984837708344
21847;95,394;0,258475721035888
21848;95,398;0,182278313512083
21849;95,402;0,146219627173032
21850;95,406;0,222747848332975
21851;95,410;0,125819452944517
21852;95,414;0,168604683218376
21853;95,419;0,212933710460879
21854;95,423;0,293762508890617
21855;95,427;0,270826096785043
21856;95,431;0,231349002872565
21857;95,435;0,224843001361849
21858;95,439;0,209625574099498
21859;95,443;0,233223613477348
21860;95,447;0,151512645351241
21861;95,452;0,253734058917909
21862;95,456;0,0872245287284075
21863;95,460;0,310744275545705
21864;95,464;0,267959045271846
21865;95,468;0,170920378671342
21866;95,472;0,209184489251314
21867;95,476;0,213374795309063
21868;95,480;0,185917263509602
21869;95,484;0,186689161993924
21870;95,489;0,159452172618555
21871;95,493;0,1609959695872
21872;95,497;0,336437467952429
21873;95,501;0,287256507379901
21874;95,505;0,248110227103561
21875;95,509;0,129789216578174
21876;95,513;0,196944384714205
21877;95,517;0,194518418049192
21878;95,522;0,166730072613593
21879;95,526;0,226938154390724
21880;95,530;0,176985295333874
21881;95,534;0,187461060478246
21882;95,538;0,141147151418915
21883;95,542;0,164304105948581
21884;95,546;0,272590436177779
21885;95,550;0,191100010475765
21886;95,555;0,181396143815715
21887;95,559;0,225063543785942
21888;95,563;0,21734455894272
21889;95,567;0,158680274134233
21890;95,571;0,225614899846172
21891;95,575;0,169927937762928
21892;95,579;0,220321881667962
21893;95,583;0,261122230124992
21894;95,588;0,233003071053255
21895;95,592;0,263879010426143
21896;95,596;0,134310336272061
21897;95,600;0,149858577170551
21898;95,604;0,15570295140899
21899;95,608;0,213705608945201
21900;95,612;0,140154710510501
21901;95,616;0,28505108313898
21902;95,621;0,205324996829703
21903;95,625;0,152505086259656
21904;95,629;0,245243175590365
21905;95,633;0,24425073468195
21906;95,637;0,195069774109422
21907;95,641;0,164524648372673
21908;95,645;0,174669599880907
21909;95,649;0,274575317994608
21910;95,653;0,127252978701115
21911;95,658;0,174118243820677
21912;95,662;0,175000413517045
21913;95,666;0,148755865050091
21914;95,670;0,185806992297556
21915;95,674;0,201686046832184
21916;95,678;0,189997298355305
21917;95,682;0,279978607384863
21918;95,686;0,248882125587883
21919;95,691;0,224512187725711
21920;95,695;0,122842130219274
21921;95,699;0,238626902867603
21922;95,703;0,220873237728193
21923;95,707;0,210176930159728
21924;95,711;0,206758522586301
21925;95,715;0,174890142304999
21926;95,719;0,195621130169652
21927;95,724;0,16154732564743
21928;95,728;0,251308092252896
21929;95,732;0,214146693793385
21930;95,736;0,170589565035204
21931;95,740;0,252962160433586
21932;95,744;0,241824768016938
21933;95,748;0,225725171058218
21934;95,752;0,182388584724129
21935;95,757;0,210176930159728
21936;95,761;0,181837228663899
21937;95,765;0,156144036257175
21938;95,769;0,196834113502159
21939;95,773;0,184042652904819
21940;95,777;0,112917721135132
21941;95,781;0,167171157461777
21942;95,785;0,106080905988278
21943;95,790;0,166619801401547
21944;95,794;0,204332555921288
21945;95,798;0,168053327158145
21946;95,802;0,204332555921288
21947;95,806;0,203340115012874
21948;95,810;0,227599781663
21949;95,814;0,239178258927833
21950;95,818;0,14599908474894
21951;95,822;0,187019975630062
21952;95,827;0,220873237728193
21953;95,831;0,199590893803309
21954;95,835;0,107845245381015
21955;95,839;0,170479293823158
21956;95,843;0,185586449873464
21957;95,847;0,267076875575478
21958;95,851;0,235870122566452
21959;95,855;0,219880796819778
21960;95,860;0,192423265020317
21961;95,864;0,184814551389142
21962;95,868;0,24259666650126
21963;95,872;0,198157368046711
21964;95,876;0,175331227153183
21965;95,880;0,0871142575163615
21966;95,884;0,239178258927833
21967;95,888;0,221314322576377
21968;95,893;0,169156039278606
21969;95,897;0,151181831715103
21970;95,901;0,200142249863539
21971;95,905;0,244581548318088
21972;95,909;0,267517960423662
21973;95,913;0,171582005943618
21974;95,917;0,129458402942036
21975;95,921;0,169156039278606
21976;95,926;0,182719398360267
21977;95,930;0,270605554360951
21978;95,934;0,159011087770371
21979;95,938;0,261011958912946
21980;95,942;0,311185360393889
21981;95,946;0,226276527118448
21982;95,950;0,17709556654592
21983;95,954;0,269613113452537
21984;95,959;0,25979897558044
21985;95,963;0,219439711971594
21986;95,967;0,142801219599605
21987;95,971;0,223740289241389
21988;95,975;0,200362792287631
21989;95,979;0,186027534721648
21990;95,983;0,224401916513665
21991;95,987;0,178970177150702
21992;95,991;0,216462389246351
21993;95,996;0,206207166526071
21994;96,000;0,209074218039268
21995;96,004;0,147542881717584
21996;96,008;0,286264066471487
21997;96,012;0,184373466540957
21998;96,016;0,226386798330494
21999;96,020;0,205766081677887
22000;96,024;0,222747848332975
22001;96,029;0,183711839268681
22002;96,033;0,176764752909782
22003;96,037;0,189776755931213
22004;96,041;0,211610455916326
22005;96,045;0,376686460349229
22006;96,049;0,172684718064079
22007;96,053;0,172353904427941
22008;96,057;0,157026205953543
22009;96,062;0,262555755881591
22010;96,066;0,259357890732256
22011;96,070;0,204112013497196
22012;96,074;0,231128460448473
22013;96,078;0,155372137772852
22014;96,082;0,237965275595327
22015;96,086;0,228481951359368
22016;96,090;0,208963946827222
22017;96,095;0,306112884639772
22018;96,099;0,21844727106318
22019;96,103;0,183381025632543
22020;96,107;0,199149808955125
22021;96,111;0,32474871947555
22022;96,115;0,18459400896505
22023;96,119;0,208743404403129
22024;96,123;0,232010630144841
22025;96,128;0,265863892242972
22026;96,132;0,21844727106318
22027;96,136;0,231790087720749
22028;96,140;0,170369022611112
22029;96,144;0,21899862712341
22030;96,148;0,176213396849551
22031;96,152;0,169266310490652
22032;96,156;0,199480622591263
22033;96,160;0,194187604413054
22034;96,165;0,144455287780296
22035;96,169;0,190107569567351
22036;96,173;0,212823439248833
22037;96,177;0,170258751399066
22038;96,181;0,269833655876629
22039;96,185;0,215580219549983
22040;96,189;0,230466833176197
22041;96,193;0,216682931670443
22042;96,198;0,198488181682849
22043;96,202;0,23344415590144
22044;96,206;0,176654481697736
22045;96,210;0,191982180172133
22046;96,214;0,168384140794284
22047;96,218;0,171030649883388
22048;96,222;0,175000413517045
22049;96,226;0,230136019540059
22050;96,231;0,184924822601188
22051;96,235;0,211830998340418
22052;96,239;0,153607798380116
22053;96,243;0,263327654365913
22054;96,247;0,137839015057534
22055;96,251;0,141588236267099
22056;96,255;0,263217383153867
22057;96,259;0,201465504408092
22058;96,264;0,188453501386661
22059;96,268;0,280860777081231
22060;96,272;0,196944384714205
22061;96,276;0,16044461352697
22062;96,280;0,205986624101979
22063;96,284;0,262996840729775
22064;96,288;0,206537980162209
22065;96,292;0,131663827182956
22066;96,297;0,202237402892414
22067;96,301;0,208522861979037
22068;96,305;0,233333884689394
22069;96,309;0,147322339293492
22070;96,313;0,21150018470428
22071;96,317;0,167722513522007
22072;96,321;0,141808778691191
22073;96,325;0,19484923168533
22074;96,329;0,193967061988962
22075;96,334;0,160665155951062
22076;96,338;0,139382812026178
22077;96,342;0,228812764995506
22078;96,346;0,159011087770371
22079;96,350;0,205214725617657
22080;96,354;0,11324853477127
22081;96,358;0,150299662018735
22082;96,362;0,140154710510501
22083;96,367;0,275788301327114
22084;96,371;0,304348545247035
22085;96,375;0,174890142304999
22086;96,379;0,155482408984898
22087;96,383;0,134089793847969
22088;96,387;0,216131575610213
22089;96,391;0,160334342314924
22090;96,395;0,21789591500295
22091;96,400;0,211389913492234
22092;96,404;0,262776298305683
22093;96,408;0,204773640769473
22094;96,412;0,208081777130853
22095;96,416;0,216682931670443
22096;96,420;0,207640692282669
22097;96,424;0,273252063450055
22098;96,428;0,259468161944302
22099;96,433;0,234987952870084
22100;96,437;0,0667140832878465
22101;96,441;0,167832784734053
22102;96,445;0,181396143815715
22103;96,449;0,128465962033622
22104;96,453;0,176433939273644
22105;96,457;0,136736302937074
22106;96,461;0,17014848018702
22107;96,466;0,200252521075585
22108;96,470;0,259027077096118
22109;96,474;0,158239189286049
22110;96,478;0,22539435742208
22111;96,482;0,185806992297556
22112;96,486;0,171471734731572
22113;96,490;0,152615357471702
22114;96,494;0,16959712412679
22115;96,498;0,220321881667962
22116;96,503;0,167060886249731
22117;96,507;0,284830540714888
22118;96,511;0,142911490811651
22119;96,515;0,17930099078684
22120;96,519;0,176764752909782
22121;96,523;0,236972834686912
22122;96,527;0,193967061988962
22123;96,531;0,259688704368394
22124;96,536;0,247117786195147
22125;96,540;0,148976407474183
22126;96,544;0,230466833176197
22127;96,548;0,15570295140899
22128;96,552;0,204332555921288
22129;96,556;0,242265852865122
22130;96,560;0,183270754420497
22131;96,564;0,169486852914744
22132;96,569;0,146109355960986
22133;96,573;0,199370351379217
22134;96,577;0,253072431645632
22135;96,581;0,231349002872565
22136;96,585;0,219108898335456
22137;96,589;0,119092909009709
22138;96,593;0,17014848018702
22139;96,597;0,207861234706761
22140;96,602;0,17709556654592
22141;96,606;0,222637577120929
22142;96,610;0,183932381692773
22143;96,614;0,234326325597808
22144;96,618;0,175992854425459
22145;96,622;0,270495283148905
22146;96,626;0,131774098395003
22147;96,630;0,174890142304999
22148;96,635;0,182057771087991
22149;96,639;0,238737174079649
22150;96,643;0,190107569567351
22151;96,647;0,149858577170551
22152;96,651;0,127363249913161
22153;96,655;0,199260080167171
22154;96,659;0,185806992297556
22155;96,663;0,233774969537578
22156;96,667;0,29254952555811
22157;96,672;0,223409475605251
22158;96,676;0,1942978756251
22159;96,680;0,200473063499677
22160;96,684;0,240942598320569
22161;96,688;0,153387255956024
22162;96,692;0,166068445341317
22163;96,696;0,189004857446891
22164;96,700;0,166950615037685
22165;96,705;0,225725171058218
22166;96,709;0,153828340804208
22167;96,713;0,141367693843007
22168;96,717;0,262555755881591
22169;96,721;0,162760308979936
22170;96,725;0,227268968026862
22171;96,729;0,0946126999354913
22172;96,733;0,185806992297556
22173;96,738;0,199260080167171
22174;96,742;0,175772312001367
22175;96,746;0,191100010475765
22176;96,750;0,22539435742208
22177;96,754;0,126591351428839
22178;96,758;0,17654421048569
22179;96,762;0,265202264970695
22180;96,766;0,105970634776232
22181;96,771;0,31449349675527
22182;96,775;0,153276984743978
22183;96,779;0,209074218039268
22184;96,783;0,207861234706761
22185;96,787;0,152835899895794
22186;96,791;0,222417034696837
22187;96,795;0,218888355911364
22188;96,799;0,225614899846172
22189;96,804;0,256049754370875
22190;96,808;0,180293431695254
22191;96,812;0,214146693793385
22192;96,816;0,187571331690292
22193;96,820;0,186909704418016
22194;96,824;0,161657596859476
22195;96,828;0,164855462008811
22196;96,832;0,238737174079649
22197;96,836;0,209735845311544
22198;96,841;0,196062215017836
22199;96,845;0,212823439248833
22200;96,849;0,211169371068142
22201;96,853;0,138610913541856
22202;96,857;0,247889684679469
22203;96,861;0,119313451433801
22204;96,865;0,262555755881591
22205;96,869;0,209074218039268
22206;96,874;0,222858119545021
22207;96,878;0,136184946876844
22208;96,882;0,213926151369293
22209;96,886;0,236642021050774
22210;96,890;0,152174272623518
22211;96,894;0,168163598370191
22212;96,898;0,16320139382812
22213;96,902;0,218226728639088
22214;96,907;0,182829669572313
22215;96,911;0,137618472633442
22216;96,915;0,132325454455233
22217;96,919;0,191982180172133
22218;96,923;0,207420149858577
22219;96,927;0,166619801401547
22220;96,931;0,130891928698634
22221;96,935;0,208081777130853
22222;96,940;0,194959502897376
22223;96,944;0,230466833176197
22224;96,948;0,218667813487272
22225;96,952;0,13905199839004
22226;96,956;0,134641149908199
22227;96,960;0,20345038622492
22228;96,964;0,168273869582238
22229;96,968;0,149417492322367
22230;96,973;0,182719398360267
22231;96,977;0,215139134701799
22232;96,981;0,25285188922154
22233;96,985;0,179080448362748
22234;96,989;0,220211610455916
22235;96,993;0,275457487690976
22236;96,997;0,218888355911364
22237;97,001;0,170920378671342
22238;97,005;0,212823439248833
22239;97,010;0,166730072613593
22240;97,014;0,151512645351241
22241;97,018;0,241273411956708
22242;97,022;0,200031978651493
22243;97,026;0,093289445390939
22244;97,030;0,149748305958505
22245;97,034;0,156695392317405
22246;97,038;0,198157368046711
22247;97,043;0,180844787755485
22248;97,047;0,245132904378319
22249;97,051;0,188784315022799
22250;97,055;0,206207166526071
22251;97,059;0,175772312001367
22252;97,063;0,269282299816398
22253;97,067;0,186358348357786
22254;97,071;0,240611784684431
22255;97,076;0,217454830154766
22256;97,080;0,177757193818196
22257;97,084;0,189225399870983
22258;97,088;0,197936825622619
22259;97,092;0,133869251423877
22260;97,096;0,185476178661418
22261;97,100;0,188343230174614
22262;97,104;0,163642478676304
22263;97,109;0,132876810515463
22264;97,113;0,244581548318088
22265;97,117;0,220762966516146
22266;97,121;0,1540488832283
22267;97,125;0,17014848018702
22268;97,129;0,179742075635024
22269;97,133;0,203891471073104
22270;97,137;0,117438840829019
22271;97,142;0,236642021050774
22272;97,146;0,223960831665481
22273;97,150;0,168825225642468
22274;97,154;0,285822981623303
22275;97,158;0,248441040739699
22276;97,162;0,238847445291695
22277;97,166;0,238737174079649
22278;97,170;0,175000413517045
22279;97,174;0,217013745306582
22280;97,179;0,183160483208451
22281;97,183;0,131333013546818
22282;97,187;0,222747848332975
22283;97,191;0,131774098395003
22284;97,195;0,17654421048569
22285;97,199;0,125047554460195
22286;97,203;0,18790214532643
22287;97,207;0,195180045321468
22288;97,212;0,168163598370191
22289;97,216;0,152725628683748
22290;97,220;0,248330769527653
22291;97,224;0,314383225543224
22292;97,228;0,189887027143259
22293;97,232;0,245904802862641
22294;97,236;0,207861234706761
22295;97,240;0,245353446802411
22296;97,245;0,212823439248833
22297;97,249;0,293211152830386
22298;97,253;0,143352575659835
22299;97,257;0,227379239238908
22300;97,261;0,258916805884072
22301;97,265;0,180183160483208
22302;97,269;0,308428580092738
22303;97,273;0,13960335445027
22304;97,278;0,202568216528552
22305;97,282;0,211941269552464
22306;97,286;0,330041737653759
22307;97,290;0,197385469562389
22308;97,294;0,257814093763612
22309;97,298;0,120526434766308
22310;97,302;0,205104454405611
22311;97,306;0,207640692282669
22312;97,311;0,174118243820677
22313;97,315;0,179631804422978
22314;97,319;0,138610913541856
22315;97,323;0,315706480087776
22316;97,327;0,12019562113017
22317;97,331;0,179631804422978
22318;97,335;0,212823439248833
22319;97,339;0,21039747258382
22320;97,343;0,196723842290113
22321;97,348;0,201906589256276
22322;97,352;0,196944384714205
22323;97,356;0,171692277155664
22324;97,360;0,236862563474866
22325;97,364;0,162980851404028
22326;97,368;0,191651366535995
22327;97,372;0,193636248352824
22328;97,376;0,147763424141676
22329;97,381;0,245022633166272
22330;97,385;0,165737631705179
22331;97,389;0,289682474044913
22332;97,393;0,235539308930314
22333;97,397;0,178639363514564
22334;97,401;0,174338786244769
22335;97,405;0,283617557382382
22336;97,409;0,196282757441928
22337;97,414;0,181065330179577
22338;97,418;0,124827012036103
22339;97,422;0,234877681658038
22340;97,426;0,195841672593744
22341;97,430;0,255057313462461
22342;97,434;0,186468619569832
22343;97,438;0,213485066521109
22344;97,442;0,227930595299138
22345;97,447;0,246235616498779
22346;97,451;0,182498855936175
22347;97,455;0,251087549828804
22348;97,459;0,156695392317405
22349;97,463;0,222527305908883
22350;97,467;0,26729741799957
22351;97,471;0,221204051364331
22352;97,475;0,218888355911364
22353;97,480;0,14599908474894
22354;97,484;0,205104454405611
22355;97,488;0,208081777130853
22356;97,492;0,172133362003848
22357;97,496;0,213485066521109
22358;97,500;0,158790545346279
22359;97,504;0,181065330179577
22360;97,508;0,295085763435169
22361;97,512;0,232341443780979
22362;97,517;0,249323210436068
22363;97,521;0,273803419510286
22364;97,525;0,193856790776916
22365;97,529;0,13629521808889
22366;97,533;0,136626031725028
22367;97,537;0,238406360443511
22368;97,541;0,16849441200633
22369;97,545;0,164524648372673
22370;97,550;0,286705151319671
22371;97,554;0,356837642180944
22372;97,558;0,147432610505538
22373;97,562;0,211169371068142
22374;97,566;0,224512187725711
22375;97,570;0,208963946827222
22376;97,574;0,211720727128372
22377;97,578;0,261673586185223
22378;97,583;0,204222284709242
22379;97,587;0,151402374139195
22380;97,591;0,295967933131537
22381;97,595;0,251308092252896
22382;97,599;0,151292102927149
22383;97,603;0,158239189286049
22384;97,607;0,22649706954254
22385;97,611;0,109499313561705
22386;97,616;0,17709556654592
22387;97,620;0,221534865000469
22388;97,624;0,20400174228515
22389;97,628;0,175331227153183
22390;97,632;0,139823896874363
22391;97,636;0,209625574099498
22392;97,640;0,229364121055737
22393;97,644;0,161657596859476
22394;97,649;0,196944384714205
22395;97,653;0,264209824062281
22396;97,657;0,256821652855197
22397;97,661;0,256601110431105
22398;97,665;0,208633133191083
22399;97,669;0,165406818069041
22400;97,673;0,142470405963467
22401;97,677;0,336106654316291
22402;97,681;0,145668271112802
22403;97,686;0,155592680196944
22404;97,690;0,17819827866638
22405;97,694;0,261342772549085
22406;97,698;0,27644992859939
22407;97,702;0,16849441200633
22408;97,706;0,172243633215895
22409;97,710;0,199590893803309
22410;97,714;0,195841672593744
22411;97,719;0,19595194380579
22412;97,723;0,18459400896505
22413;97,727;0,253623787705863
22414;97,731;0,217565101366812
22415;97,735;0,148976407474183
22416;97,739;0,263989281638189
22417;97,743;0,242155581653076
22418;97,747;0,175992854425459
22419;97,752;0,183160483208451
22420;97,756;0,162760308979936
22421;97,760;0,200473063499677
22422;97,764;0,158239189286049
22423;97,768;0,155923493833082
22424;97,772;0,196613571078067
22425;97,776;0,15515159534876
22426;97,780;0,167722513522007
22427;97,785;0,179411261998886
22428;97,789;0,24259666650126
22429;97,793;0,229915477115967
22430;97,797;0,106963075684646
22431;97,801;0,161216512011292
22432;97,805;0,208192048342899
22433;97,809;0,237855004383281
22434;97,813;0,207309878646531
22435;97,818;0,204112013497196
22436;97,822;0,202237402892414
22437;97,826;0,21150018470428
22438;97,830;0,218667813487272
22439;97,834;0,195290316533514
22440;97,838;0,22815113772323
22441;97,842;0,153718069592162
22442;97,846;0,218557542275226
22443;97,850;0,100126260537793
22444;97,855;0,230356561964151
22445;97,859;0,205655810465841
22446;97,863;0,158459731710141
22447;97,867;0,209956387735636
22448;97,871;0,195731401381698
22449;97,875;0,191651366535995
22450;97,879;0,168384140794284
22451;97,883;0,236642021050774
22452;97,888;0,250867007404712
22453;97,892;0,212492625612694
22454;97,896;0,132545996879325
22455;97,900;0,212933710460879
22456;97,904;0,253844330129955
22457;97,908;0,152835899895794
22458;97,912;0,169817666550882
22459;97,916;0,232451714993025
22460;97,921;0,232561986205071
22461;97,925;0,179962618059116
22462;97,929;0,219880796819778
22463;97,933;0,173125802912263
22464;97,937;0,195510858957606
22465;97,941;0,210728286219958
22466;97,945;0,253623787705863
22467;97,949;0,222086221060699
22468;97,954;0,210728286219958
22469;97,958;0,17014848018702
22470;97,962;0,166399258977455
22471;97,966;0,120967519614492
22472;97,970;0,197826554410573
22473;97,974;0,204442827133334
22474;97,978;0,190328111991443
22475;97,982;0,168935496854514
22476;97,987;0,224732730149803
22477;97,991;0,198929266531033
22478;97,995;0,256821652855197
22479;97,999;0,21150018470428
22480;98,003;0,246235616498779
22481;98,007;0,226055984694356
22482;98,011;0,259578433156348
22483;98,015;0,188343230174614
22484;98,019;0,228261408935276
22485;98,024;0,152725628683748
22486;98,028;0,226827883178678
22487;98,032;0,167391699885869
22488;98,036;0,18624807714574
22489;98,040;0,182057771087991
22490;98,044;0,235539308930314
22491;98,048;0,174007972608631
22492;98,052;0,252962160433586
22493;98,057;0,154379696864438
22494;98,061;0,177867465030242
22495;98,065;0,215469948337937
22496;98,069;0,139162269602086
22497;98,073;0,196172486229882
22498;98,077;0,225063543785942
22499;98,081;0,175220955941137
22500;98,085;0,226827883178678
22501;98,090;0,191541095323949
22502;98,094;0,193967061988962
22503;98,098;0,16849441200633
22504;98,102;0,20069360592377
22505;98,106;0,15239481504761
22506;98,110;0,170369022611112
22507;98,114;0,165627360493133
22508;98,118;0,175662040789321
22509;98,123;0,178088007454334
22510;98,127;0,126150266580655
22511;98,131;0,234436596809854
22512;98,135;0,136074675664798
22513;98,139;0,255939483158829
22514;98,143;0,167832784734053
22515;98,147;0,108286330229199
22516;98,151;0,195621130169652
22517;98,156;0,165186275644949
22518;98,160;0,178529092302518
22519;98,164;0,234877681658038
22520;98,168;0,205435268041749
22521;98,172;0,206537980162209
22522;98,176;0,1942978756251
22523;98,180;0,111263652954441
22524;98,184;0,176875024121828
22525;98,188;0,195510858957606
22526;98,193;0,251418363464942
22527;98,197;0,226276527118448
22528;98,201;0,179962618059116
22529;98,205;0,131112471122726
22530;98,209;0,224291645301619
22531;98,213;0,187461060478246
22532;98,217;0,270936367997089
22533;98,221;0,251308092252896
22534;98,226;0,244471277106042
22535;98,230;0,298173357372458
22536;98,234;0,212933710460879
22537;98,238;0,17180254836771
22538;98,242;0,196723842290113
22539;98,246;0,199701165015355
22540;98,250;0,149307221110321
22541;98,254;0,280860777081231
22542;98,259;0,205324996829703
22543;98,263;0,230136019540059
22544;98,267;0,224732730149803
22545;98,271;0,254726499826323
22546;98,275;0,245353446802411
22547;98,279;0,211830998340418
22548;98,283;0,186358348357786
22549;98,287;0,193636248352824
22550;98,292;0,276670471023482
22551;98,296;0,203119572588782
22552;98,300;0,281963489201692
22553;98,304;0,283286743746244
22554;98,308;0,159782986254693
22555;98,312;0,179962618059116
22556;98,316;0,255608669522691
22557;98,320;0,190107569567351
22558;98,325;0,154269425652392
22559;98,329;0,211720727128372
22560;98,333;0,189004857446891
22561;98,337;0,179411261998886
22562;98,341;0,140485524146639
22563;98,345;0,174669599880907
22564;98,349;0,279096437688495
22565;98,353;0,198598452894895
22566;98,357;0,210618015007912
22567;98,362;0,239950157412155
22568;98,366;0,239839886200109
22569;98,370;0,197495740774435
22570;98,374;0,168163598370191
22571;98,378;0,156805663529451
22572;98,382;0,194959502897376
22573;98,386;0,265312536182741
22574;98,390;0,162319224131752
22575;98,395;0,110491754470119
22576;98,399;0,272590436177779
22577;98,403;0,158570002922187
22578;98,407;0,21844727106318
22579;98,411;0,204883911981519
22580;98,415;0,244030192257858
22581;98,419;0,203891471073104
22582;98,423;0,21150018470428
22583;98,428;0,207309878646531
22584;98,432;0,190658925627581
22585;98,436;0,173456616548401
22586;98,440;0,13794928626958
22587;98,444;0,233774969537578
22588;98,448;0,225614899846172
22589;98,452;0,166288987765409
22590;98,456;0,210176930159728
22591;98,461;0,255718940734737
22592;98,465;0,167281428673823
22593;98,469;0,206758522586301
22594;98,473;0,242265852865122
22595;98,477;0,17819827866638
22596;98,481;0,229915477115967
22597;98,485;0,205766081677887
22598;98,489;0,21205154076451
22599;98,494;0,111263652954441
22600;98,498;0,238516631655557
22601;98,502;0,272039080117549
22602;98,506;0,216903474094536
22603;98,510;0,254064872554047
22604;98,514;0,250315651344482
22605;98,518;0,26895148618026
22606;98,522;0,208081777130853
22607;98,526;0,272810978601871
22608;98,531;0,226827883178678
22609;98,535;0,162319224131752
22610;98,539;0,156254307469221
22611;98,543;0,225725171058218
22612;98,547;0,177316108970012
22613;98,551;0,0841369347911188
22614;98,555;0,22870249378346
22615;98,559;0,289241389196729
22616;98,564;0,233554427113486
22617;98,568;0,188563772598707
22618;98,572;0,127583792337253
22619;98,576;0,308759393728876
22620;98,580;0,207530421070623
22621;98,584;0,274134233146424
22622;98,588;0,161437054435384
22623;98,592;0,192754078656456
22624;98,597;0,268069316483892
22625;98,601;0,241935039228984
22626;98,605;0,227489510450954
22627;98,609;0,144234745356204
22628;98,613;0,15515159534876
22629;98,617;0,167943055946099
22630;98,621;0,228481951359368
22631;98,625;0,165627360493133
22632;98,630;0,209074218039268
22633;98,634;0,311626445242073
22634;98,638;0,221093780152285
22635;98,642;0,156915934741497
22636;98,646;0,303356104338621
22637;98,650;0,224291645301619
22638;98,654;0,208853675615176
22639;98,658;0,182278313512083
22640;98,663;0,133648708999785
22641;98,667;0,209956387735636
22642;98,671;0,163532207464258
22643;98,675;0,283176472534198
22644;98,679;0,221534865000469
22645;98,683;0,233554427113486
22646;98,687;0,225173814997988
22647;98,691;0,202127131680368
22648;98,695;0,25009510892039
22649;98,700;0,225063543785942
22650;98,704;0,13684657414912
22651;98,708;0,151402374139195
22652;98,712;0,255829211946783
22653;98,716;0,254175143766093
22654;98,720;0,207640692282669
22655;98,724;0,175331227153183
22656;98,728;0,203119572588782
22657;98,733;0,268841214968214
22658;98,737;0,18679943320597
22659;98,741;0,198929266531033
22660;98,745;0,208522861979037
22661;98,749;0,217013745306582
22662;98,753;0,208192048342899
22663;98,757;0,149748305958505
22664;98,761;0,314934581603454
22665;98,766;0,229143578631645
22666;98,770;0,160775427163108
22667;98,774;0,209956387735636
22668;98,778;0,162870580191982
22669;98,782;0,243258293773536
22670;98,786;0,161657596859476
22671;98,790;0,211830998340418
22672;98,794;0,257703822551566
22673;98,799;0,280419692233047
22674;98,803;0,242706937713306
22675;98,807;0,219770525607732
22676;98,811;0,271487724057319
22677;98,815;0,179631804422978
22678;98,819;0,18569672108551
22679;98,823;0,269061757392306
22680;98,827;0,201686046832184
22681;98,832;0,251528634676988
22682;98,836;0,204442827133334
22683;98,840;0,232782528629163
22684;98,844;0,158018646861957
22685;98,848;0,136736302937074
22686;98,852;0,294424136162893
22687;98,856;0,229805205903921
22688;98,860;0,129678945366128
22689;98,864;0,134751421120245
22690;98,869;0,170479293823158
22691;98,873;0,204773640769473
22692;98,877;0,182278313512083
22693;98,881;0,285492167987164
22694;98,885;0,243589107409674
22695;98,889;0,18459400896505
22696;98,893;0,277442369507804
22697;98,897;0,18790214532643
22698;98,902;0,269613113452537
22699;98,906;0,246897243771055
22700;98,910;0,253734058917909
22701;98,914;0,19374651956487
22702;98,918;0,317581090692558
22703;98,922;0,24369937862172
22704;98,926;0,243258293773536
22705;98,930;0,251308092252896
22706;98,935;0,2747958604187
22707;98,939;0,216462389246351
22708;98,943;0,260019518004532
22709;98,947;0,248661583163791
22710;98,951;0,198267639258757
22711;98,955;0,226827883178678
22712;98,959;0,226938154390724
22713;98,963;0,212382354400648
22714;98,968;0,184483737753004
22715;98,972;0,323315193718952
22716;98,976;0,330813636138082
22717;98,980;0,262445484669545
22718;98,984;0,120305892342216
22719;98,988;0,209184489251314
22720;98,992;0,248330769527653
22721;98,996;0,335886111892199
22722;99,001;0,330813636138082
22723;99,005;0,223960831665481
22724;99,009;0,278545081628265
22725;99,013;0,239619343776017
22726;99,017;0,28560243919921
22727;99,021;0,292659796770156
22728;99,025;0,289351660408775
22729;99,029;0,234216054385762
22730;99,033;0,356176014908668
22731;99,038;0,312949699786625
22732;99,042;0,229584663479829
22733;99,046;0,224291645301619
22734;99,050;0,266525519515248
22735;99,054;0,356506828544806
22736;99,058;0,21205154076451
22737;99,062;0,219880796819778
22738;99,066;0,331034178562174
22739;99,071;0,290454372529236
22740;99,075;0,331806077046496
22741;99,079;0,286484608895579
22742;99,083;0,321440583114169
22743;99,087;0,314162683119132
22744;99,091;0,297732272524273
22745;99,095;0,269392571028444
22746;99,099;0,329710924017621
22747;99,104;0,312618886150487
22748;99,108;0,244030192257858
22749;99,112;0,163863021100396
22750;99,116;0,292108440709926
22751;99,120;0,282404574049876
22752;99,124;0,287035964955809
22753;99,128;0,212272083188602
22754;99,132;0,183822110480727
22755;99,137;0,253513516493817
22756;99,141;0,278324539204173
22757;99,145;0,292990610406294
22758;99,149;0,28505108313898
22759;99,153;0,189556213507121
22760;99,157;0,279647793748725
22761;99,161;0,256931924067243
22762;99,165;0,21039747258382
22763;99,170;0,233113342265302
22764;99,174;0,313501055846855
22765;99,178;0,222747848332975
22766;99,182;0,21260289682474
22767;99,186;0,196944384714205
22768;99,190;0,164083563524488
22769;99,194;0,222747848332975
22770;99,198;0,274354775570516
22771;99,203;0,203781199861058
22772;99,207;0,253844330129955
22773;99,211;0,267628231635708
22774;99,215;0,203891471073104
22775;99,219;0,255829211946783
22776;99,223;0,256821652855197
22777;99,227;0,167501971097915
22778;99,231;0,232672257417117
22779;99,235;0,197054655926251
22780;99,240;0,307877224032508
22781;99,244;0,190548654415535
22782;99,248;0,289572202832867
22783;99,252;0,221424593788423
22784;99,256;0,251528634676988
22785;99,260;0,329159567957391
22786;99,264;0,255057313462461
22787;99,268;0,166730072613593
22788;99,273;0,198047096834665
22789;99,277;0,23620093620259
22790;99,281;0,320227599781663
22791;99,285;0,118321010525387
22792;99,289;0,225614899846172
22793;99,293;0,241824768016938
22794;99,297;0,305561528579541
22795;99,301;0,215139134701799
22796;99,306;0,286594880107625
22797;99,310;0,238847445291695
22798;99,314;0,19540058774556
22799;99,318;0,161878139283568
22800;99,322;0,232231172568933
22801;99,326;0,321440583114169
22802;99,330;0,16044461352697
22803;99,334;0,205986624101979
22804;99,339;0,212272083188602
22805;99,343;0,206979065010393
22806;99,347;0,211610455916326
22807;99,351;0,115123145376052
22808;99,355;0,230687375600289
22809;99,359;0,230025748328013
22810;99,363;0,330813636138082
22811;99,367;0,190328111991443
22812;99,372;0,228923036207552
22813;99,376;0,232341443780979
22814;99,380;0,151402374139195
22815;99,384;0,223078661969113
22816;99,388;0,172684718064079
22817;99,392;0,207199607434485
22818;99,396;0,23675229226282
22819;99,400;0,242817208925352
22820;99,404;0,33919424825358
22821;99,409;0,320558413417801
22822;99,413;0,221093780152285
22823;99,417;0,327946584624885
22824;99,421;0,331475263410358
22825;99,425;0,318573531600973
22826;99,429;0,1873507892662
22827;99,433;0,191320552899857
22828;99,437;0,130671386274542
22829;99,442;0,213374795309063
22830;99,446;0,290454372529236
22831;99,450;0,187019975630062
22832;99,454;0,235318766506222
22833;99,458;0,177536651394104
22834;99,462;0,258475721035888
22835;99,466;0,244691819530134
22836;99,470;0,260019518004532
22837;99,475;0,207750963494715
22838;99,479;0,209074218039268
22839;99,483;0,249102668011975
22840;99,487;0,30864912251683
22841;99,491;0,133648708999785
22842;99,495;0,136515760512982
22843;99,499;0,223519746817297
22844;99,503;0,281522404353507
22845;99,508;0,214698049853615
22846;99,512;0,278103996780081
22847;99,516;0,307215596760232
22848;99,520;0,222196492272745
22849;99,524;0,1942978756251
22850;99,528;0,271818537693457
22851;99,532;0,218557542275226
22852;99,536;0,210176930159728
22853;99,541;0,187791874114384
22854;99,545;0,216572660458397
22855;99,549;0,170920378671342
22856;99,553;0,224181374089573
22857;99,557;0,152505086259656
22858;99,561;0,253182702857678
22859;99,565;0,246235616498779
22860;99,569;0,127583792337253
22861;99,573;0,200914148347862
22862;99,578;0,231679816508703
22863;99,582;0,164524648372673
22864;99,586;0,218557542275226
22865;99,590;0,168604683218376
22866;99,594;0,202568216528552
22867;99,598;0,269061757392306
22868;99,602;0,175551769577275
22869;99,606;0,254064872554047
22870;99,611;0,218226728639088
22871;99,615;0,237524190747143
22872;99,619;0,271046639209135
22873;99,623;0,175551769577275
22874;99,627;0,215249405913845
22875;99,631;0,211610455916326
22876;99,635;0,175441498365229
22877;99,639;0,16154732564743
22878;99,644;0,256049754370875
22879;99,648;0,184042652904819
22880;99,652;0,252962160433586
22881;99,656;0,303245833126575
22882;99,660;0,139272540814132
22883;99,664;0,264320095274327
22884;99,668;0,205545539253795
22885;99,672;0,202788758952644
22886;99,677;0,154489968076484
22887;99,681;0,228371680147322
22888;99,685;0,222306763484791
22889;99,689;0,255388127098599
22890;99,693;0,230246290752105
22891;99,697;0,332688246742864
22892;99,701;0,360035507330279
22893;99,705;0,239619343776017
22894;99,710;0,202568216528552
22895;99,714;0,275678030115068
22896;99,718;0,17985234684707
22897;99,722;0,220211610455916
22898;99,726;0,208412590766991
22899;99,730;0,180293431695254
22900;99,734;0,231790087720749
22901;99,738;0,296629560403813
22902;99,742;0,295306305859261
22903;99,747;0,174118243820677
22904;99,751;0,243589107409674
22905;99,755;0,312508614938441
22906;99,759;0,193305434716686
22907;99,763;0,23675229226282
22908;99,767;0,132104912031141
22909;99,771;0,201134690771954
22910;99,775;0,221314322576377
22911;99,780;0,199260080167171
22912;99,784;0,237634461959189
22913;99,788;0,156144036257175
22914;99,792;0,161767868071522
22915;99,796;0,226276527118448
22916;99,800;0,244361005893996
22917;99,804;0,240722055896477
22918;99,808;0,232672257417117
22919;99,813;0,280088878596909
22920;99,817;0,204994183193565
22921;99,821;0,177316108970012
22922;99,825;0,256380568007013
22923;99,829;0,21899862712341
22924;99,833;0,158570002922187
22925;99,837;0,244912361954226
22926;99,841;0,168604683218376
22927;99,846;0,228261408935276
22928;99,850;0,191541095323949
22929;99,854;0,200583334711723
22930;99,858;0,233003071053255
22931;99,862;0,23399551196167
22932;99,866;0,180183160483208
22933;99,870;0,117879925677203
22934;99,874;0,237634461959189
22935;99,879;0,321991939174399
22936;99,883;0,25979897558044
22937;99,887;0,193856790776916
22938;99,891;0,27369314829824
22939;99,895;0,212492625612694
22940;99,899;0,306223155851818
22941;99,903;0,213043981672925
22942;99,907;0,208081777130853
22943;99,911;0,289241389196729
22944;99,916;0,299165798280872
22945;99,920;0,218778084699318
22946;99,924;0,276780742235528
22947;99,928;0,144014202932112
22948;99,932;0,219108898335456
22949;99,936;0,323976820991228
22950;99,940;0,208302319554945
22951;99,944;0,262886569517729
22952;99,949;0,232561986205071
22953;99,953;0,25230053316131
22954;99,957;0,175882583213413
22955;99,961;0,188122687750522
22956;99,965;0,188894586234845
22957;99,969;0,238737174079649
22958;99,973;0,198818995318987
22959;99,977;0,231679816508703
22960;99,982;0,205104454405611
22961;99,986;0,153387255956024
22962;99,990;0,228261408935276
22963;99,994;0,289572202832867
22964;99,998;0,236090664990544
22965;100,002;0,279537522536679
22966;100,006;0,242927480137398
22967;100,010;0,312398343726395
22968;100,015;0,276119114963252
22969;100,019;0,17930099078684
22970;100,023;0,231459274084611
22971;100,027;0,242927480137398
22972;100,031;0,27644992859939
22973;100,035;0,173346345336355
22974;100,039;0,21789591500295
22975;100,043;0,316809192208236
22976;100,048;0,228592222571414
22977;100,052;0,228481951359368
22978;100,056;0,198598452894895
22979;100,060;0,201465504408092
22980;100,064;0,205545539253795
22981;100,068;0,271708266481411
22982;100,072;0,186358348357786
22983;100,076;0,171361463519526
22984;100,080;0,216241846822259
22985;100,085;0,255939483158829
22986;100,089;0,235870122566452
22987;100,093;0,248661583163791
22988;100,097;0,201024419559908
22989;100,101;0,245794531650595
22990;100,105;0,183270754420497
22991;100,109;0,207420149858577
22992;100,113;0,181175601391623
22993;100,118;0,256931924067243
22994;100,122;0,254616228614277
22995;100,126;0,173787430184539
22996;100,130;0,186027534721648
22997;100,134;0,234657139233946
22998;100,138;0,220873237728193
22999;100,142;0,16154732564743
23000;100,146;0,310964817969797
23001;100,151;0,258806534672026
23002;100,155;0,269282299816398
23003;100,159;0,228923036207552
23004;100,163;0,16959712412679
23005;100,167;0,187019975630062
23006;100,171;0,124275655975873
23007;100,175;0,16209868170766
23008;100,179;0,209184489251314
23009;100,184;0,203781199861058
23010;100,188;0,165958174129271
23011;100,192;0,254285414978139
23012;100,196;0,231790087720749
23013;100,200;0,249654024072206
23014;100,204;0,236531749838728
23015;100,208;0,209074218039268
23016;100,212;0,168384140794284
23017;100,217;0,187791874114384
23018;100,221;0,217454830154766
23019;100,225;0,255388127098599
23020;100,229;0,194959502897376
23021;100,233;0,183050211996405
23022;100,237;0,154269425652392
23023;100,241;0,279868336172817
23024;100,245;0,197826554410573
23025;100,249;0,232341443780979
23026;100,254;0,211720727128372
23027;100,258;0,16849441200633
23028;100,262;0,21260289682474
23029;100,266;0,176103125637505
23030;100,270;0,187461060478246
23031;100,274;0,212161811976556
23032;100,278;0,253623787705863
23033;100,282;0,2609016877009
23034;100,287;0,207089336222439
23035;100,291;0,178418821090472
23036;100,295;0,226607340754586
23037;100,299;0,136074675664798
23038;100,303;0,20179631804423
23039;100,307;0,25869626345998
23040;100,311;0,18459400896505
23041;100,315;0,20984611652359
23042;100,320;0,256821652855197
23043;100,324;0,309421021001152
23044;100,328;0,203229843800828
23045;100,332;0,244581548318088
23046;100,336;0,206537980162209
23047;100,340;0,229364121055737
23048;100,344;0,183050211996405
23049;100,348;0,132656268091371
23050;100,353;0,302915019490437
23051;100,357;0,292218711921972
23052;100,361;0,166619801401547
23053;100,365;0,266525519515248
23054;100,369;0,220762966516146
23055;100,373;0,197385469562389
23056;100,377;0,187130246842108
23057;100,381;0,254285414978139
23058;100,386;0,211720727128372
23059;100,390;0,164855462008811
23060;100,394;0,223078661969113
23061;100,398;0,258475721035888
23062;100,402;0,219770525607732
23063;100,406;0,225504628634126
23064;100,410;0,209184489251314
23065;100,414;0,258806534672026
23066;100,418;0,211169371068142
23067;100,423;0,282955930110106
23068;100,427;0,213595337733155
23069;100,431;0,206207166526071
23070;100,435;0,121959960522906
23071;100,439;0,257703822551566
23072;100,443;0,254285414978139
23073;100,447;0,207750963494715
23074;100,451;0,256821652855197
23075;100,456;0,239288530139879
23076;100,460;0,189115128658937
23077;100,464;0,197936825622619
23078;100,468;0,217124016518628
23079;100,472;0,183270754420497
23080;100,476;0,2609016877009
23081;100,480;0,216241846822259
23082;100,484;0,19264380744441
23083;100,489;0,265863892242972
23084;100,493;0,245243175590365
23085;100,497;0,212161811976556
23086;100,501;0,250536193768574
23087;100,505;0,189225399870983
23088;100,509;0,205545539253795
23089;100,513;0,250315651344482
23090;100,517;0,247889684679469
23091;100,522;0,239398801351925
23092;100,526;0,244912361954226
23093;100,530;0,240501513472385
23094;100,534;0,235980393778498
23095;100,538;0,196613571078067
23096;100,542;0,269172028604352
23097;100,546;0,254616228614277
23098;100,550;0,290233830105144
23099;100,555;0,167391699885869
23100;100,559;0,254726499826323
23101;100,563;0,231459274084611
23102;100,567;0,201686046832184
23103;100,571;0,165076004432903
23104;100,575;0,183932381692773
23105;100,579;0,300930137673608
23106;100,583;0,238626902867603
23107;100,587;0,256821652855197
23108;100,592;0,197275198350343
23109;100,596;0,237744733171235
23110;100,600;0,305451257367495
23111;100,604;0,217124016518628
23112;100,608;0,27424450435847
23113;100,612;0,197716283198527
23114;100,616;0,238185818019419
23115;100,620;0,309090207365014
23116;100,625;0,307105325548186
23117;100,629;0,231238731660519
23118;100,633;0,224843001361849
23119;100,637;0,253623787705863
23120;100,641;0,2678487740598
23121;100,645;0,274465046782562
23122;100,649;0,194518418049192
23123;100,653;0,284940811926934
23124;100,658;0,199701165015355
23125;100,662;0,221093780152285
23126;100,666;0,353308963395471
23127;100,670;0,299055527068826
23128;100,674;0,258585992247934
23129;100,678;0,285271625563072
23130;100,682;0,187019975630062
23131;100,686;0,192974621080548
23132;100,691;0,217785643790904
23133;100,695;0,251308092252896
23134;100,699;0,269392571028444
23135;100,703;0,251418363464942
23136;100,707;0,245463718014457
23137;100,711;0,25924761952021
23138;100,715;0,185806992297556
23139;100,719;0,303576646762713
23140;100,724;0,185365907449372
23141;100,728;0,244361005893996
23142;100,732;0,204442827133334
23143;100,736;0,175772312001367
23144;100,740;0,230356561964151
23145;100,744;0,155923493833082
23146;100,748;0,303576646762713
23147;100,752;0,209074218039268
23148;100,756;0,248771854375837
23149;100,761;0,260460602852716
23150;100,765;0,257262737703381
23151;100,769;0,274134233146424
23152;100,773;0,278103996780081
23153;100,777;0,224401916513665
23154;100,781;0,269613113452537
23155;100,785;0,265863892242972
23156;100,789;0,190989739263719
23157;100,794;0,225173814997988
23158;100,798;0,287366778591947
23159;100,802;0,265974163455018
23160;100,806;0,224953272573895
23161;100,810;0,227268968026862
23162;100,814;0,124606469612011
23163;100,818;0,233554427113486
23164;100,822;0,278214267992127
23165;100,827;0,188122687750522
23166;100,831;0,247338328619239
23167;100,835;0,253403245281771
23168;100,839;0,254175143766093
23169;100,843;0,194077333201008
23170;100,847;0,267959045271846
23171;100,851;0,284279184654658
23172;100,855;0,20929476046336
23173;100,860;0,224732730149803
23174;100,864;0,201244961984
23175;100,868;0,170369022611112
23176;100,872;0,310964817969797
23177;100,876;0,249212939224021
23178;100,880;0,252962160433586
23179;100,884;0,230466833176197
23180;100,888;0,241273411956708
23181;100,893;0,250205380132436
23182;100,897;0,174559328668861
23183;100,901;0,297732272524273
23184;100,905;0,181726957451853
23185;100,909;0,255277855886553
23186;100,913;0,281963489201692
23187;100,917;0,158128918074003
23188;100,921;0,294203593738801
23189;100,925;0,294093322526755
23190;100,930;0,237303648323051
23191;100,934;0,252190261949264
23192;100,938;0,301481493733838
23193;100,942;0,256380568007013
23194;100,946;0,29144681343765
23195;100,950;0,243368564985582
23196;100,954;0,287366778591947
23197;100,958;0,280640234657139
23198;100,963;0,203891471073104
23199;100,967;0,281632675565553
23200;100,971;0,286043524047395
23201;100,975;0,227268968026862
23202;100,979;0,215249405913845
23203;100,983;0,20455309834538
23204;100,987;0,193967061988962
23205;100,991;0,177867465030242
23206;100,996;0,239178258927833
23207;101,000;0,202568216528552
23208;101,004;0,188894586234845
23209;101,008;0,293872780102662
23210;101,012;0,288248948288315
23211;101,016;0,248330769527653
23212;101,020;0,290013287681052
23213;101,024;0,284940811926934
23214;101,029;0,248220498315607
23215;101,033;0,22539435742208
23216;101,037;0,211610455916326
23217;101,041;0,197164927138297
23218;101,045;0,298724713432688
23219;101,049;0,193084892292594
23220;101,053;0,232451714993025
23221;101,057;0,307877224032508
23222;101,062;0,135964404452752
23223;101,066;0,202016860468322
23224;101,070;0,186027534721648
23225;101,074;0,277111555871666
23226;101,078;0,28339701495829
23227;101,082;0,2747958604187
23228;101,086;0,237413919535097
23229;101,090;0,312398343726395
23230;101,094;0,191871908960087
23231;101,099;0,149858577170551
23232;101,103;0,210287201371774
23233;101,107;0,288138677076269
23234;101,111;0,293431695254478
23235;101,115;0,301040408885654
23236;101,119;0,236862563474866
23237;101,123;0,260019518004532
23238;101,127;0,172905260488171
23239;101,132;0,176213396849551
23240;101,136;0,257483280127474
23241;101,140;0,264430366486373
23242;101,144;0,215580219549983
23243;101,148;0,212272083188602
23244;101,152;0,343494825523375
23245;101,156;0,239398801351925
23246;101,160;0,235208495294176
23247;101,165;0,267187146787524
23248;101,169;0,25230053316131
23249;101,173;0,266856333151386
23250;101,177;0,229694934691875
23251;101,181;0,191871908960087
23252;101,185;0,321440583114169
23253;101,189;0,207199607434485
23254;101,193;0,11545395901219
23255;101,198;0,235980393778498
23256;101,202;0,189225399870983
23257;101,206;0,217124016518628
23258;101,210;0,191430824111903
23259;101,214;0,224732730149803
23260;101,218;0,312398343726395
23261;101,222;0,208522861979037
23262;101,226;0,245904802862641
23263;101,231;0,260019518004532
23264;101,235;0,191982180172133
23265;101,239;0,287918134652177
23266;101,243;0,245353446802411
23267;101,247;0,255057313462461
23268;101,251;0,237744733171235
23269;101,255;0,245463718014457
23270;101,259;0,260240060428624
23271;101,263;0,167612242309961
23272;101,268;0,186468619569832
23273;101,272;0,248551311951745
23274;101,276;0,16265003776789
23275;101,280;0,178639363514564
23276;101,284;0,288469490712407
23277;101,288;0,208853675615176
23278;101,292;0,248441040739699
23279;101,296;0,341840757342684
23280;101,301;0,267628231635708
23281;101,305;0,305451257367495
23282;101,309;0,248771854375837
23283;101,313;0,181947499875945
23284;101,317;0,344487266431789
23285;101,321;0,278986166476449
23286;101,325;0,285492167987164
23287;101,329;0,22010133924387
23288;101,334;0,182939940784359
23289;101,338;0,208633133191083
23290;101,342;0,308208037668646
23291;101,346;0,2345468680219
23292;101,350;0,238185818019419
23293;101,354;0,185586449873464
23294;101,358;0,277332098295758
23295;101,362;0,307215596760232
23296;101,367;0,280640234657139
23297;101,371;0,216352118034305
23298;101,375;0,211279642280188
23299;101,379;0,221204051364331
23300;101,383;0,362130660359153
23301;101,387;0,285933252835349
23302;101,391;0,180955058967531
23303;101,395;0,256160025582921
23304;101,400;0,169707395338836
23305;101,404;0,221534865000469
23306;101,408;0,251418363464942
23307;101,412;0,218336999851134
23308;101,416;0,234326325597808
23309;101,420;0,199370351379217
23310;101,424;0,27424450435847
23311;101,428;0,267076875575478
23312;101,432;0,243037751349444
23313;101,437;0,190328111991443
23314;101,441;0,153166713531932
23315;101,445;0,325520617959872
23316;101,449;0,240722055896477
23317;101,453;0,261122230124992
23318;101,457;0,210618015007912
23319;101,461;0,145337457476664
23320;101,465;0,150299662018735
23321;101,470;0,329710924017621
23322;101,474;0,26619470587911
23323;101,478;0,224181374089573
23324;101,482;0,213043981672925
23325;101,486;0,277662911931897
23326;101,490;0,245904802862641
23327;101,494;0,307325867972278
23328;101,498;0,250315651344482
23329;101,503;0,203009301376736
23330;101,507;0,187461060478246
23331;101,511;0,375032392168539
23332;101,515;0,216131575610213
23333;101,519;0,218778084699318
23334;101,523;0,211059099856096
23335;101,527;0,306884783124094
23336;101,531;0,157577562013773
23337;101,536;0,311075089181843
23338;101,540;0,374370764896262
23339;101,544;0,262335213457499
23340;101,548;0,222086221060699
23341;101,552;0,175772312001367
23342;101,556;0,198377910470803
23343;101,560;0,29034410131719
23344;101,564;0,325410346747826
23345;101,569;0,375804290652861
23346;101,573;0,276560199811436
23347;101,577;0,200142249863539
23348;101,581;0,206096895314025
23349;101,585;0,238296089231465
23350;101,589;0,236972834686912
23351;101,593;0,276560199811436
23352;101,597;0,149196949898275
23353;101,601;0,310964817969797
23354;101,606;0,26840013012003
23355;101,610;0,295085763435169
23356;101,614;0,256160025582921
23357;101,618;0,202457945316506
23358;101,622;0,306884783124094
23359;101,626;0,218557542275226
23360;101,630;0,238957716503741
23361;101,634;0,232010630144841
23362;101,639;0,236642021050774
23363;101,643;0,295526848283353
23364;101,647;0,32364600735509
23365;101,651;0,20984611652359
23366;101,655;0,232341443780979
23367;101,659;0,229364121055737
23368;101,663;0,309972377061382
23369;101,667;0,262335213457499
23370;101,672;0,300268510401332
23371;101,676;0,182057771087991
23372;101,680;0,200473063499677
23373;101,684;0,398520160334342
23374;101,688;0,211720727128372
23375;101,692;0,24314802256149
23376;101,696;0,221534865000469
23377;101,700;0,212272083188602
23378;101,705;0,25230053316131
23379;101,709;0,27755264071985
23380;101,713;0,201244961984
23381;101,717;0,282404574049876
23382;101,721;0,255829211946783
23383;101,725;0,158680274134233
23384;101,729;0,206758522586301
23385;101,733;0,242265852865122
23386;101,738;0,175110684729091
23387;101,742;0,299055527068826
23388;101,746;0,239178258927833
23389;101,750;0,276670471023482
23390;101,754;0,258365449823842
23391;101,758;0,262555755881591
23392;101,762;0,244912361954226
23393;101,766;0,278545081628265
23394;101,770;0,236972834686912
23395;101,775;0,262004399821361
23396;101,779;0,241163140744661
23397;101,783;0,158349460498095
23398;101,787;0,248661583163791
23399;101,791;0,209515302887452
23400;101,795;0,25979897558044
23401;101,799;0,250977278616758
23402;101,803;0,287697592228085
23403;101,808;0,243589107409674
23404;101,812;0,1942978756251
23405;101,816;0,255498398310645
23406;101,820;0,20455309834538
23407;101,824;0,267187146787524
23408;101,828;0,200362792287631
23409;101,832;0,27755264071985
23410;101,836;0,169817666550882
23411;101,841;0,245684260438549
23412;101,845;0,294644678586985
23413;101,849;0,172684718064079
23414;101,853;0,283176472534198
23415;101,857;0,203670928649012
23416;101,861;0,205545539253795
23417;101,865;0,160665155951062
23418;101,869;0,2817429467776
23419;101,874;0,314052411907085
23420;101,878;0,295306305859261
23421;101,882;0,246456158922871
23422;101,886;0,181506415027761
23423;101,890;0,28449972707875
23424;101,894;0,312618886150487
23425;101,898;0,406239145177564
23426;101,902;0,244140463469904
23427;101,907;0,265974163455018
23428;101,911;0,24204531044103
23429;101,915;0,255829211946783
23430;101,919;0,247228057407193
23431;101,923;0,208853675615176
23432;101,927;0,244471277106042
23433;101,931;0,214587778641569
23434;101,935;0,284609998290796
23435;101,939;0,23564958014236
23436;101,944;0,243478836197628
23437;101,948;0,200142249863539
23438;101,952;0,226938154390724
23439;101,956;0,291557084649696
23440;101,960;0,327064414928517
23441;101,964;0,292659796770156
23442;101,968;0,299055527068826
23443;101,972;0,281963489201692
23444;101,977;0,314714039179362
23445;101,981;0,265753621030926
23446;101,985;0,268620672544122
23447;101,989;0,189997298355305
23448;101,993;0,2678487740598
23449;101,997;0,255718940734737
23450;102,001;0,246345887710825
23451;102,005;0,257924364975658
23452;102,010;0,273362334662101
23453;102,014;0,260791416488854
23454;102,018;0,181726957451853
23455;102,022;0,216903474094536
23456;102,026;0,184152924116865
23457;102,030;0,375583748228769
23458;102,034;0,304899901307265
23459;102,038;0,235539308930314
23460;102,043;0,330372551289898
23461;102,047;0,217124016518628
23462;102,051;0,333019060379002
23463;102,055;0,301371222521792
23464;102,059;0,197275198350343
23465;102,063;0,354301404303885
23466;102,067;0,232231172568933
23467;102,071;0,174338786244769
23468;102,076;0,173236074124309
23469;102,080;0,212933710460879
23470;102,084;0,179962618059116
23471;102,088;0,204222284709242
23472;102,092;0,305230714943403
23473;102,096;0,203781199861058
23474;102,100;0,242817208925352
23475;102,104;0,264981722546603
23476;102,108;0,250536193768574
23477;102,113;0,262555755881591
23478;102,117;0,307325867972278
23479;102,121;0,289682474044913
23480;102,125;0,391131989127258
23481;102,129;0,270495283148905
23482;102,133;0,267628231635708
23483;102,137;0,227599781663
23484;102,141;0,323425464930998
23485;102,146;0,233554427113486
23486;102,150;0,25814490739975
23487;102,154;0,236531749838728
23488;102,158;0,249212939224021
23489;102,162;0,329269839169437
23490;102,166;0,27700128465962
23491;102,170;0,195731401381698
23492;102,174;0,338422349769258
23493;102,179;0,334232043711508
23494;102,183;0,260019518004532
23495;102,187;0,216793202882489
23496;102,191;0,288028405864223
23497;102,195;0,206537980162209
23498;102,199;0,264430366486373
23499;102,203;0,286153795259441
23500;102,207;0,270936367997089
23501;102,212;0,217454830154766
23502;102,216;0,356506828544806
23503;102,220;0,212492625612694
23504;102,224;0,251969719525172
23505;102,228;0,239950157412155
23506;102,232;0,253734058917909
23507;102,236;0,223299204393205
23508;102,240;0,280309421021001
23509;102,245;0,382861648223806
23510;102,249;0,254505957402231
23511;102,253;0,335665569468107
23512;102,257;0,18679943320597
23513;102,261;0,287256507379901
23514;102,265;0,21094882864405
23515;102,269;0,148645593838045
23516;102,273;0,260681145276808
23517;102,277;0,208412590766991
23518;102,282;0,138610913541856
23519;102,286;0,142360134751421
23520;102,290;0,268730943756168
23521;102,294;0,280971048293277
23522;102,298;0,369188017930099
23523;102,302;0,281412133141461
23524;102,306;0,308979936152968
23525;102,310;0,242265852865122
23526;102,315;0,235429037718268
23527;102,319;0,260129789216578
23528;102,323;0,306774511912048
23529;102,327;0,220983508940239
23530;102,331;0,219439711971594
23531;102,335;0,293983051314709
23532;102,339;0,269723384664583
23533;102,343;0,28979274525696
23534;102,348;0,21205154076451
23535;102,352;0,324858990687596
23536;102,356;0,259357890732256
23537;102,360;0,202237402892414
23538;102,364;0,296078204343583
23539;102,368;0,172353904427941
23540;102,372;0,231349002872565
23541;102,376;0,243809649833766
23542;102,381;0,282735387686014
23543;102,385;0,293321424042432
23544;102,389;0,258255178611796
23545;102,393;0,220542424092054
23546;102,397;0,187461060478246
23547;102,401;0,283507286170336
23548;102,405;0,218226728639088
23549;102,409;0,208522861979037
23550;102,414;0,228481951359368
23551;102,418;0,247448599831285
23552;102,422;0,350662454306367
23553;102,426;0,335114213407877
23554;102,430;0,265753621030926
23555;102,434;0,258034636187704
23556;102,438;0,269061757392306
23557;102,442;0,204994183193565
23558;102,446;0,2414939543808
23559;102,451;0,208302319554945
23560;102,455;0,309531292213198
23561;102,459;0,305892342215679
23562;102,463;0,180734516543439
23563;102,467;0,166288987765409
23564;102,471;0,33919424825358
23565;102,475;0,29365223767857
23566;102,479;0,25924761952021
23567;102,484;0,204994183193565
23568;102,488;0,184152924116865
23569;102,492;0,273141792238009
23570;102,496;0,183160483208451
23571;102,500;0,231569545296657
23572;102,504;0,198047096834665
23573;102,508;0,253623787705863
23574;102,512;0,122070231734952
23575;102,517;0,206758522586301
23576;102,521;0,263658468002051
23577;102,525;0,231679816508703
23578;102,529;0,27534721647893
23579;102,533;0,293762508890617
23580;102,537;0,222858119545021
23581;102,541;0,24954375286016
23582;102,545;0,316037293723914
23583;102,550;0,215580219549983
23584;102,554;0,334673128559693
23585;102,558;0,23675229226282
23586;102,562;0,205876352889933
23587;102,566;0,156254307469221
23588;102,570;0,247558871043331
23589;102,574;0,298834984644734
23590;102,578;0,247779413467423
23591;102,583;0,178088007454334
23592;102,587;0,271708266481411
23593;102,591;0,318683802813019
23594;102,595;0,404474805784828
23595;102,599;0,218006186214996
23596;102,603;0,217565101366812
23597;102,607;0,236311207414636
23598;102,611;0,297401458888135
23599;102,615;0,253182702857678
23600;102,620;0,346582419460664
23601;102,624;0,24204531044103
23602;102,628;0,305782071003633
23603;102,632;0,326292516444194
23604;102,636;0,27424450435847
23605;102,640;0,292218711921972
23606;102,644;0,228481951359368
23607;102,648;0,220542424092054
23608;102,653;0,183160483208451
23609;102,657;0,230246290752105
23610;102,661;0,293762508890617
23611;102,665;0,210066658947682
23612;102,669;0,173015531700217
23613;102,673;0,19374651956487
23614;102,677;0,263989281638189
23615;102,681;0,283838099806474
23616;102,686;0,281412133141461
23617;102,690;0,272149351329595
23618;102,694;0,281301861929415
23619;102,698;0,249212939224021
23620;102,702;0,241604225592846
23621;102,706;0,245904802862641
23622;102,710;0,182057771087991
23623;102,714;0,20400174228515
23624;102,719;0,28394837101852
23625;102,723;0,168384140794284
23626;102,727;0,293541966466524
23627;102,731;0,275678030115068
23628;102,735;0,300930137673608
23629;102,739;0,219219169547502
23630;102,743;0,227158696814816
23631;102,747;0,226055984694356
23632;102,752;0,187461060478246
23633;102,756;0,254395686190185
23634;102,760;0,238075546807373
23635;102,764;0,238516631655557
23636;102,768;0,229915477115967
23637;102,772;0,290454372529236
23638;102,776;0,28394837101852
23639;102,780;0,281853217989646
23640;102,784;0,26840013012003
23641;102,789;0,359704693694141
23642;102,793;0,300819866461562
23643;102,797;0,228371680147322
23644;102,801;0,221645136212515
23645;102,805;0,305782071003633
23646;102,809;0,340076417949948
23647;102,813;0,197275198350343
23648;102,817;0,294865221011077
23649;102,822;0,227158696814816
23650;102,826;0,227379239238908
23651;102,830;0,272039080117549
23652;102,834;0,180844787755485
23653;102,838;0,366872322477133
23654;102,842;0,239178258927833
23655;102,846;0,312067530090257
23656;102,850;0,310854546757751
23657;102,855;0,192202722596225
23658;102,859;0,332357433106726
23659;102,863;0,201575775620138
23660;102,867;0,276670471023482
23661;102,871;0,312067530090257
23662;102,875;0,322653566446676
23663;102,879;0,296519289191767
23664;102,883;0,226055984694356
23665;102,888;0,272039080117549
23666;102,892;0,302473934642253
23667;102,896;0,236421478626682
23668;102,900;0,260129789216578
23669;102,904;0,305892342215679
23670;102,908;0,174338786244769
23671;102,912;0,313170242210717
23672;102,916;0,241714496804892
23673;102,921;0,259137348308164
23674;102,925;0,271818537693457
23675;102,929;0,237083105898959
23676;102,933;0,279537522536679
23677;102,937;0,350331640670228
23678;102,941;0,367092864901225
23679;102,945;0,223299204393205
23680;102,949;0,277662911931897
23681;102,953;0,264540637698419
23682;102,958;0,331916348258542
23683;102,962;0,254947042250415
23684;102,966;0,278545081628265
23685;102,970;0,273913690722332
23686;102,974;0,24954375286016
23687;102,978;0,276119114963252
23688;102,982;0,274354775570516
23689;102,986;0,31780163311665
23690;102,991;0,229253849843691
23691;102,995;0,178418821090472
23692;102,999;0,294754949799031
23693;103,003;0,302804748278391
23694;103,007;0,3011506800977
23695;103,011;0,340958587646316
23696;103,015;0,332467704318772
23697;103,019;0,262886569517729
23698;103,024;0,293872780102662
23699;103,028;0,254505957402231
23700;103,032;0,181285872603669
23701;103,036;0,290233830105144
23702;103,040;0,296298746767675
23703;103,044;0,274354775570516
23704;103,048;0,251528634676988
23705;103,052;0,310413461909567
23706;103,057;0,225835442270264
23707;103,061;0,203009301376736
23708;103,065;0,275457487690976
23709;103,069;0,131333013546818
23710;103,073;0,338753163405396
23711;103,077;0,272149351329595
23712;103,081;0,141477965055053
23713;103,085;0,238185818019419
23714;103,090;0,261563314973177
23715;103,094;0,336437467952429
23716;103,098;0,326623330080333
23717;103,102;0,349339199761814
23718;103,106;0,173015531700217
23719;103,110;0,222747848332975
23720;103,114;0,3552938452123
23721;103,118;0,225173814997988
23722;103,122;0,240942598320569
23723;103,127;0,352206251275011
23724;103,131;0,327946584624885
23725;103,135;0,228261408935276
23726;103,139;0,215028863489753
23727;103,143;0,215580219549983
23728;103,147;0,344376995219743
23729;103,151;0,211610455916326
23730;103,155;0,29784254373632
23731;103,160;0,282735387686014
23732;103,164;0,366982593689179
23733;103,168;0,267187146787524
23734;103,172;0,261563314973177
23735;103,176;0,255057313462461
23736;103,180;0,411973248203958
23737;103,184;0,293321424042432
23738;103,188;0,221314322576377
23739;103,193;0,232782528629163
23740;103,197;0,2206526953041
23741;103,201;0,206979065010393
23742;103,205;0,338312078557211
23743;103,209;0,22594571348231
23744;103,213;0,272259622541641
23745;103,217;0,296298746767675
23746;103,221;0,229033307419599
23747;103,226;0,347574860369078
23748;103,230;0,260240060428624
23749;103,234;0,296298746767675
23750;103,238;0,311626445242073
23751;103,242;0,315927022511868
23752;103,246;0,2817429467776
23753;103,250;0,2414939543808
23754;103,254;0,278986166476449
23755;103,259;0,27700128465962
23756;103,263;0,3011506800977
23757;103,267;0,235980393778498
23758;103,271;0,253072431645632
23759;103,275;0,279978607384863
23760;103,279;0,318683802813019
23761;103,283;0,283066201322152
23762;103,287;0,263217383153867
23763;103,291;0,30864912251683
23764;103,296;0,256711381643151
23765;103,300;0,213926151369293
23766;103,304;0,360917677026647
23767;103,308;0,263658468002051
23768;103,312;0,256821652855197
23769;103,316;0,308538851304784
23770;103,320;0,234657139233946
23771;103,324;0,36279228763143
23772;103,329;0,193636248352824
23773;103,333;0,340738045222224
23774;103,337;0,246566430134917
23775;103,341;0,281522404353507
23776;103,345;0,225725171058218
23777;103,349;0,375804290652861
23778;103,353;0,241383683168754
23779;103,357;0,269833655876629
23780;103,362;0,400284499727079
23781;103,366;0,363012830055522
23782;103,370;0,344046181583605
23783;103,374;0,20455309834538
23784;103,378;0,339083977041534
23785;103,382;0,335665569468107
23786;103,386;0,197054655926251
23787;103,390;0,3011506800977
23788;103,395;0,328608211897161
23789;103,399;0,158570002922187
23790;103,403;0,243809649833766
23791;103,407;0,184483737753004
23792;103,411;0,315155124027546
23793;103,415;0,261342772549085
23794;103,419;0,274575317994608
23795;103,423;0,319014616449157
23796;103,428;0,205324996829703
23797;103,432;0,25814490739975
23798;103,436;0,190658925627581
23799;103,440;0,243919921045812
23800;103,444;0,27534721647893
23801;103,448;0,373709137623986
23802;103,452;0,283617557382382
23803;103,456;0,304899901307265
23804;103,460;0,256490839219059
23805;103,465;0,272921249813917
23806;103,469;0,313280513422763
23807;103,473;0,311736716454119
23808;103,477;0,290674914953328
23809;103,481;0,332467704318772
23810;103,485;0,262776298305683
23811;103,489;0,36444635581212
23812;103,493;0,267076875575478
23813;103,498;0,307105325548186
23814;103,502;0,325741160383964
23815;103,506;0,277662911931897
23816;103,510;0,242706937713306
23817;103,514;0,289572202832867
23818;103,518;0,205104454405611
23819;103,522;0,219770525607732
23820;103,526;0,247669142255377
23821;103,531;0,232231172568933
23822;103,535;0,308759393728876
23823;103,539;0,217234287730674
23824;103,543;0,22594571348231
23825;103,547;0,210838557432004
23826;103,551;0,17069983624725
23827;103,555;0,26840013012003
23828;103,559;0,231790087720749
23829;103,564;0,295637119495399
23830;103,568;0,267517960423662
23831;103,572;0,306884783124094
23832;103,576;0,312288072514349
23833;103,580;0,32309465129486
23834;103,584;0,213374795309063
23835;103,588;0,280309421021001
23836;103,592;0,284830540714888
23837;103,597;0,2414939543808
23838;103,601;0,361138219450739
23839;103,605;0,274906131630746
23840;103,609;0,391352531551351
23841;103,613;0,369739373990329
23842;103,617;0,173346345336355
23843;103,621;0,269061757392306
23844;103,625;0,327284957352609
23845;103,629;0,258916805884072
23846;103,634;0,287035964955809
23847;103,638;0,334783399771739
23848;103,642;0,280971048293277
23849;103,646;0,262335213457499
23850;103,650;0,26145304376113
23851;103,654;0,279647793748725
23852;103,658;0,267076875575478
23853;103,662;0,290233830105144
23854;103,667;0,29365223767857
23855;103,671;0,307766952820462
23856;103,675;0,317029734632328
23857;103,679;0,256711381643151
23858;103,683;0,289020846772637
23859;103,687;0,298063086160412
23860;103,691;0,295526848283353
23861;103,695;0,264650908910465
23862;103,700;0,233333884689394
23863;103,704;0,27424450435847
23864;103,708;0,264209824062281
23865;103,712;0,259137348308164
23866;103,716;0,252190261949264
23867;103,720;0,363453914903706
23868;103,724;0,319345430085295
23869;103,728;0,256821652855197
23870;103,733;0,309310749789106
23871;103,737;0,248441040739699
23872;103,741;0,263658468002051
23873;103,745;0,188343230174614
23874;103,749;0,191651366535995
23875;103,753;0,226386798330494
23876;103,757;0,213485066521109
23877;103,761;0,305892342215679
23878;103,766;0,317360548268466
23879;103,770;0,257042195279289
23880;103,774;0,232231172568933
23881;103,778;0,29839389979655
23882;103,782;0,3011506800977
23883;103,786;0,367313407325317
23884;103,790;0,330152008865805
23885;103,794;0,279647793748725
23886;103,798;0,265533078606834
23887;103,803;0,279096437688495
23888;103,807;0,321109769478031
23889;103,811;0,226717611966632
23890;103,815;0,416714910321937
23891;103,819;0,371503713383066
23892;103,823;0,257924364975658
23893;103,827;0,378450799741965
23894;103,831;0,222086221060699
23895;103,836;0,382971919435853
23896;103,840;0,387382767917694
23897;103,844;0,190989739263719
23898;103,848;0,378671342166057
23899;103,852;0,271267181633227
23900;103,856;0,30699505433614
23901;103,860;0,196834113502159
23902;103,864;0,2817429467776
23903;103,869;0,274134233146424
23904;103,873;0,217013745306582
23905;103,877;0,411752705779866
23906;103,881;0,297732272524273
23907;103,885;0,266084434667064
23908;103,889;0,352757607335241
23909;103,893;0,26840013012003
23910;103,897;0,286043524047395
23911;103,902;0,25759355133952
23912;103,906;0,285271625563072
23913;103,910;0,264871451334557
23914;103,914;0,294644678586985
23915;103,918;0,321330311902123
23916;103,922;0,241935039228984
23917;103,926;0,315265395239592
23918;103,930;0,314383225543224
23919;103,935;0,274465046782562
23920;103,939;0,324528177051458
23921;103,943;0,22870249378346
23922;103,947;0,343715367947467
23923;103,951;0,272149351329595
23924;103,955;0,232010630144841
23925;103,959;0,433476134552933
23926;103,963;0,223078661969113
23927;103,967;0,39024981943089
23928;103,972;0,2414939543808
23929;103,976;0,282514845261922
23930;103,980;0,38109730883107
23931;103,984;0,26895148618026
23932;103,988;0,326623330080333
23933;103,992;0,278765624052357
23934;103,996;0,249323210436068
23935;104,000;0,251638905889034
23936;104,005;0,278324539204173
23937;104,009;0,351765166426827
23938;104,013;0,283838099806474
23939;104,017;0,32254329523463
23940;104,021;0,331806077046496
23941;104,025;0,253292974069725
23942;104,029;0,254726499826323
23943;104,033;0,249874566496298
23944;104,038;0,217124016518628
23945;104,042;0,28560243919921
23946;104,046;0,246897243771055
23947;104,050;0,261894128609315
23948;104,054;0,198708724106941
23949;104,058;0,413737587596694
23950;104,062;0,254726499826323
23951;104,066;0,223630018029343
23952;104,071;0,370070187626467
23953;104,075;0,287697592228085
23954;104,079;0,217785643790904
23955;104,083;0,390029277006798
23956;104,087;0,204663369557427
23957;104,091;0,242155581653076
23958;104,095;0,399622872454803
23959;104,099;0,33334987401514
23960;104,104;0,305561528579541
23961;104,108;0,218667813487272
23962;104,112;0,306884783124094
23963;104,116;0,346361877036571
23964;104,120;0,269392571028444
23965;104,124;0,255057313462461
23966;104,128;0,257262737703381
23967;104,132;0,271487724057319
23968;104,137;0,325410346747826
23969;104,141;0,376465917925137
23970;104,145;0,275457487690976
23971;104,149;0,276119114963252
23972;104,153;0,254836771038369
23973;104,157;0,282073760413738
23974;104,161;0,329380110381483
23975;104,165;0,271818537693457
23976;104,169;0,292770067982202
23977;104,174;0,208192048342899
23978;104,178;0,194518418049192
23979;104,182;0,227379239238908
23980;104,186;0,25869626345998
23981;104,190;0,33059309371399
23982;104,194;0,278434810416219
23983;104,198;0,151071560503057
23984;104,202;0,31780163311665
23985;104,207;0,306333427063864
23986;104,211;0,273913690722332
23987;104,215;0,289461931620821
23988;104,219;0,244030192257858
23989;104,223;0,347133775520894
23990;104,227;0,214587778641569
23991;104,231;0,229253849843691
23992;104,235;0,241163140744661
23993;104,240;0,28394837101852
23994;104,244;0,309531292213198
23995;104,248;0,294534407374939
23996;104,252;0,344046181583605
23997;104,256;0,354411675515931
23998;104,260;0,301922578582022
23999;104,264;0,271928808905503
24000;104,268;0,247117786195147
24001;104,273;0,326071974020102
24002;104,277;0,24369937862172
24003;104,281;0,263107111941821
24004;104,285;0,407893213358255
24005;104,289;0,224732730149803
24006;104,293;0,258806534672026
24007;104,297;0,300489052825424
24008;104,301;0,31614756493596
24009;104,306;0,403813178512552
24010;104,310;0,326513058868287
24011;104,314;0,209405031675406
24012;104,318;0,254726499826323
24013;104,322;0,319455701297341
24014;104,326;0,391683345187489
24015;104,330;0,372055069443296
24016;104,334;0,364115542175982
24017;104,338;0,32419736341532
24018;104,343;0,197936825622619
24019;104,347;0,261342772549085
24020;104,351;0,243919921045812
24021;104,355;0,292439254346064
24022;104,359;0,329380110381483
24023;104,363;0,261673586185223
24024;104,367;0,249874566496298
24025;104,371;0,216131575610213
24026;104,376;0,342171570978822
24027;104,380;0,342061299766776
24028;104,384;0,246235616498779
24029;104,388;0,28339701495829
24030;104,392;0,232561986205071
24031;104,396;0,271487724057319
24032;104,400;0,380215139134702
24033;104,404;0,397086634577744
24034;104,409;0,283066201322152
24035;104,413;0,386831411857463
24036;104,417;0,257814093763612
24037;104,421;0,260681145276808
24038;104,425;0,26895148618026
24039;104,429;0,320778955841893
24040;104,433;0,310303190697521
24041;104,437;0,257152466491335
24042;104,442;0,241052869532615
24043;104,446;0,320007057357571
24044;104,450;0,275236945266884
24045;104,454;0,239729614988063
24046;104,458;0,352867878547287
24047;104,462;0,293983051314709
24048;104,466;0,252190261949264
24049;104,470;0,221645136212515
24050;104,475;0,296629560403813
24051;104,479;0,246015074074687
24052;104,483;0,307105325548186
24053;104,487;0,325079533111688
24054;104,491;0,382310292163576
24055;104,495;0,337099095224705
24056;104,499;0,208192048342899
24057;104,503;0,233554427113486
24058;104,507;0,372606425503526
24059;104,512;0,169927937762928
24060;104,516;0,429175557283138
24061;104,520;0,31449349675527
24062;104,524;0,327726042200793
24063;104,528;0,299276069492918
24064;104,532;0,30699505433614
24065;104,536;0,320117328569617
24066;104,540;0,31559620887573
24067;104,545;0,232782528629163
24068;104,549;0,263548196790005
24069;104,553;0,313390784634809
24070;104,557;0,329159567957391
24071;104,561;0,37359886641194
24072;104,565;0,305671799791587
24073;104,569;0,287366778591947
24074;104,573;0,201024419559908
24075;104,578;0,336216925528337
24076;104,582;0,327284957352609
24077;104,586;0,333019060379002
24078;104,590;0,308318308880692
24079;104,594;0,374039951260124
24080;104,598;0,337981264921073
24081;104,602;0,182719398360267
24082;104,606;0,248661583163791
24083;104,611;0,236090664990544
24084;104,615;0,265863892242972
24085;104,619;0,269943927088675
24086;104,623;0,296298746767675
24087;104,627;0,340517502798132
24088;104,631;0,315375666451638
24089;104,635;0,287587321016039
24090;104,639;0,273582877086193
24091;104,644;0,198047096834665
24092;104,648;0,353529505819563
24093;104,652;0,352426793699103
24094;104,656;0,298283628584504
24095;104,660;0,291115999801512
24096;104,664;0,332026619470588
24097;104,668;0,30920047857706
24098;104,672;0,363012830055522
24099;104,676;0,284830540714888
24100;104,681;0,379222698226288
24101;104,685;0,278545081628265
24102;104,689;0,335665569468107
24103;104,693;0,330152008865805
24104;104,697;0,252521075585402
24105;104,701;0,368416119445777
24106;104,705;0,322653566446676
24107;104,709;0,238516631655557
24108;104,714;0,286153795259441
24109;104,718;0,302363663430207
24110;104,722;0,319345430085295
24111;104,726;0,272149351329595
24112;104,730;0,294644678586985
24113;104,734;0,230687375600289
24114;104,738;0,338753163405396
24115;104,742;0,27534721647893
24116;104,747;0,18514536502528
24117;104,751;0,244140463469904
24118;104,755;0,261673586185223
24119;104,759;0,265974163455018
24120;104,763;0,193636248352824
24121;104,767;0,268730943756168
24122;104,771;0,239288530139879
24123;104,775;0,261783857397269
24124;104,780;0,262555755881591
24125;104,784;0,371503713383066
24126;104,788;0,2678487740598
24127;104,792;0,1942978756251
24128;104,796;0,288248948288315
24129;104,800;0,258585992247934
24130;104,804;0,370401001262605
24131;104,808;0,306553969487956
24132;104,813;0,344487266431789
24133;104,817;0,363784728539844
24134;104,821;0,262335213457499
24135;104,825;0,334783399771739
24136;104,829;0,282184031625784
24137;104,833;0,335445027044015
24138;104,837;0,291115999801512
24139;104,841;0,286815422531717
24140;104,845;0,275788301327114
24141;104,850;0,302804748278391
24142;104,854;0,222417034696837
24143;104,858;0,236642021050774
24144;104,862;0,264650908910465
24145;104,866;0,319455701297341
24146;104,870;0,412965689112372
24147;104,874;0,298063086160412
24148;104,878;0,269613113452537
24149;104,883;0,36444635581212
24150;104,887;0,246235616498779
24151;104,891;0,333019060379002
24152;104,895;0,323425464930998
24153;104,899;0,300819866461562
24154;104,903;0,336878552800613
24155;104,907;0,219880796819778
24156;104,911;0,362902558843476
24157;104,916;0,247558871043331
24158;104,920;0,236972834686912
24159;104,924;0,334562857347647
24160;104,928;0,270826096785043
24161;104,932;0,338973705829488
24162;104,936;0,223409475605251
24163;104,940;0,308428580092738
24164;104,944;0,336547739164475
24165;104,949;0,325520617959872
24166;104,953;0,240391242260339
24167;104,957;0,375032392168539
24168;104,961;0,307436139184324
24169;104,965;0,207309878646531
24170;104,969;0,294203593738801
24171;104,973;0,330152008865805
24172;104,977;0,265533078606834
24173;104,982;0,273362334662101
24174;104,986;0,32309465129486
24175;104,990;0,340076417949948
24176;104,994;0,282625116473968
24177;104,998;0,239950157412155
24178;105,002;0,353198692183425
24179;105,006;0,164524648372673
24180;105,010;0,411752705779866
24181;105,014;0,307105325548186
24182;105,019;0,405908331541426
24183;105,023;0,310634004333659
24184;105,027;0,304789630095219
24185;105,031;0,216021304398167
24186;105,035;0,239950157412155
24187;105,039;0,327505499776701
24188;105,043;0,266966604363432
24189;105,047;0,32419736341532
24190;105,052;0,365107983084396
24191;105,056;0,233113342265302
24192;105,060;0,313280513422763
24193;105,064;0,407452128510071
24194;105,068;0,323204922506906
24195;105,072;0,28394837101852
24196;105,076;0,35805062551345
24197;105,080;0,340738045222224
24198;105,085;0,22815113772323
24199;105,089;0,260681145276808
24200;105,093;0,361027948238693
24201;105,097;0,244030192257858
24202;105,101;0,198488181682849
24203;105,105;0,28449972707875
24204;105,109;0,206979065010393
24205;105,113;0,242817208925352
24206;105,118;0,267076875575478
24207;105,122;0,294865221011077
24208;105,126;0,295526848283353
24209;105,130;0,312177801302303
24210;105,134;0,28449972707875
24211;105,138;0,258255178611796
24212;105,142;0,373819408836032
24213;105,146;0,29254952555811
24214;105,151;0,377127545197413
24215;105,155;0,230136019540059
24216;105,159;0,24954375286016
24217;105,163;0,187461060478246
24218;105,167;0,299165798280872
24219;105,171;0,246015074074687
24220;105,175;0,306223155851818
24221;105,179;0,285933252835349
24222;105,183;0,184483737753004
24223;105,188;0,364336084600074
24224;105,192;0,345259164916111
24225;105,196;0,3413996724945
24226;105,200;0,324087092203274
24227;105,204;0,356286286120714
24228;105,208;0,401497483059585
24229;105,212;0,308759393728876
24230;105,216;0,329931466441713
24231;105,221;0,30644369827591
24232;105,225;0,313942140695039
24233;105,229;0,215139134701799
24234;105,233;0,276008843751206
24235;105,237;0,261894128609315
24236;105,241;0,323535736143044
24237;105,245;0,316919463420282
24238;105,249;0,201906589256276
24239;105,254;0,260019518004532
24240;105,258;0,358932795209819
24241;105,262;0,338422349769258
24242;105,266;0,382861648223806
24243;105,270;0,352978149759333
24244;105,274;0,251308092252896
24245;105,278;0,306884783124094
24246;105,282;0,290564643741282
24247;105,287;0,359484151270049
24248;105,291;0,232892799841209
24249;105,295;0,283507286170336
24250;105,299;0,311075089181843
24251;105,303;0,27700128465962
24252;105,307;0,247117786195147
24253;105,311;0,243809649833766
24254;105,315;0,321661125538261
24255;105,320;0,37999459671061
24256;105,324;0,31614756493596
24257;105,328;0,357609540665266
24258;105,332;0,310413461909567
24259;105,336;0,357168455817082
24260;105,340;0,198267639258757
24261;105,344;0,42939609970723
24262;105,348;0,277332098295758
24263;105,352;0,291667355861742
24264;105,357;0,304899901307265
24265;105,361;0,312288072514349
24266;105,365;0,28505108313898
24267;105,369;0,288800304348545
24268;105,373;0,42774203152654
24269;105,377;0,342281842190868
24270;105,381;0,311957258878211
24271;105,385;0,289131117984683
24272;105,390;0,306664240700002
24273;105,394;0,425316064861527
24274;105,398;0,339966146737902
24275;105,402;0,24259666650126
24276;105,406;0,297070645251997
24277;105,410;0,337981264921073
24278;105,414;0,368526390657823
24279;105,418;0,259909246792486
24280;105,423;0,375363205804677
24281;105,427;0,305782071003633
24282;105,431;0,250536193768574
24283;105,435;0,373378323987848
24284;105,439;0,306774511912048
24285;105,443;0,422890098196514
24286;105,447;0,32254329523463
24287;105,451;0,324307634627366
24288;105,456;0,344707808855881
24289;105,460;0,243478836197628
24290;105,464;0,307877224032508
24291;105,468;0,306774511912048
24292;105,472;0,28979274525696
24293;105,476;0,317360548268466
24294;105,480;0,225173814997988
24295;105,484;0,29199816949788
24296;105,489;0,422779826984468
24297;105,493;0,434358304249301
24298;105,497;0,329821195229667
24299;105,501;0,34084831643427
24300;105,505;0,355073302788208
24301;105,509;0,356506828544806
24302;105,513;0,369629102778283
24303;105,517;0,388485480038154
24304;105,521;0,368305848233731
24305;105,526;0,408224026994393
24306;105,530;0,3885957512502
24307;105,534;0,313721598270947
24308;105,538;0,386721140645417
24309;105,542;0,375473477016723
24310;105,546;0,343605096735421
24311;105,550;0,302143121006115
24312;105,554;0,277221827083712
24313;105,559;0,313280513422763
24314;105,563;0,263548196790005
24315;105,567;0,318352989176881
24316;105,571;0,305230714943403
24317;105,575;0,299606883129056
24318;105,579;0,320668684629847
24319;105,583;0,257262737703381
24320;105,587;0,327284957352609
24321;105,592;0,401166669423447
24322;105,596;0,46159529362467
24323;105,600;0,304017731610897
24324;105,604;0,295196034647215
24325;105,608;0,286374337683533
24326;105,612;0,370952357322836
24327;105,616;0,308428580092738
24328;105,620;0,255498398310645
24329;105,625;0,340958587646316
24330;105,629;0,384956801252681
24331;105,633;0,327836313412839
24332;105,637;0,285161354351026
24333;105,641;0,327284957352609
24334;105,645;0,352095980062965
24335;105,649;0,261122230124992
24336;105,653;0,360917677026647
24337;105,658;0,40634941638961
24338;105,662;0,348457030065446
24339;105,666;0,374591307320354
24340;105,670;0,318794074025065
24341;105,674;0,241052869532615
24342;105,678;0,365438796720534
24343;105,682;0,410539722447359
24344;105,686;0,368085305809639
24345;105,690;0,332357433106726
24346;105,695;0,426198234557895
24347;105,699;0,382971919435853
24348;105,703;0,30754641039637
24349;105,707;0,317581090692558
24350;105,711;0,35694791339299
24351;105,715;0,270936367997089
24352;105,719;0,348567301277492
24353;105,723;0,319896786145525
24354;105,728;0,257483280127474
24355;105,732;0,361027948238693
24356;105,736;0,374591307320354
24357;105,740;0,29310088161834
24358;105,744;0,353860319455701
24359;105,748;0,352316522487057
24360;105,752;0,367644220961455
24361;105,756;0,396755820941606
24362;105,761;0,369188017930099
24363;105,765;0,312839428574579
24364;105,769;0,314714039179362
24365;105,773;0,393227142156133
24366;105,777;0,428734472434954
24367;105,781;0,500521031476918
24368;105,785;0,252410804373356
24369;105,789;0,356506828544806
24370;105,794;0,321881667962353
24371;105,798;0,410319180023267
24372;105,802;0,397858533062066
24373;105,806;0,253292974069725
24374;105,810;0,375252934592631
24375;105,814;0,442297831516615
24376;105,818;0,37304751035171
24377;105,822;0,425646878497665
24378;105,827;0,281632675565553
24379;105,831;0,351875437638873
24380;105,835;0,322433024022584
24381;105,839;0,387382767917694
24382;105,843;0,409437010326899
24383;105,847;0,401387211847539
24384;105,851;0,438107525458866
24385;105,855;0,296519289191767
24386;105,859;0,437225355762498
24387;105,864;0,37944324065038
24388;105,868;0,287477049803993
24389;105,872;0,239288530139879
24390;105,876;0,379663783074472
24391;105,880;0,37415022247217
24392;105,884;0,423992810316975
24393;105,888;0,418258707290581
24394;105,892;0,354301404303885
24395;105,897;0,442738916364799
24396;105,901;0,300158239189286
24397;105,905;0,371062628534882
24398;105,909;0,36665178005304
24399;105,913;0,242155581653076
24400;105,917;0,40579806032938
24401;105,921;0,428072845162678
24402;105,925;0,366872322477133
24403;105,930;0,372385883079434
24404;105,934;0,365328525508488
24405;105,938;0,447811392118917
24406;105,942;0,373819408836032
24407;105,946;0,322322752810538
24408;105,950;0,451229799692343
24409;105,954;0,285492167987164
24410;105,958;0,445716239090042
24411;105,963;0,393999040640455
24412;105,967;0,345700249764295
24413;105,971;0,40469534820892
24414;105,975;0,383633546708129
24415;105,979;0,393778498216363
24416;105,983;0,380656223982886
24417;105,987;0,361469033086877
24418;105,991;0,464903429986051
24419;105,996;0,391462802763397
24420;106,000;0,409437010326899
24421;106,004;0,393447684580225
24422;106,008;0,408113755782347
24423;106,012;0,467329396651063
24424;106,016;0,357168455817082
24425;106,020;0,402489923967999
24426;106,024;0,437666440610682
24427;106,028;0,489934995120499
24428;106,033;0,44549569666595
24429;106,037;0,395873651245238
24430;106,041;0,456192004234415
24431;106,045;0,384184902768359
24432;106,049;0,38109730883107
24433;106,053;0,435902101217946
24434;106,057;0,446488137574364
24435;106,061;0,376465917925137
24436;106,066;0,368195577021685
24437;106,070;0,4149505709292
24438;106,074;0,309972377061382
24439;106,078;0,385397886100865
24440;106,082;0,346913233096802
24441;106,086;0,430278269403598
24442;106,090;0,351875437638873
24443;106,094;0,34195102855473
24444;106,099;0,42939609970723
24445;106,103;0,376355646713091
24446;106,107;0,318573531600973
24447;106,111;0,32254329523463
24448;106,115;0,389367649734522
24449;106,119;0,462587734533084
24450;106,123;0,364666898236212
24451;106,127;0,477474348159298
24452;106,132;0,375363205804677
24453;106,136;0,450127087571883
24454;106,140;0,378671342166057
24455;106,144;0,441305390608201
24456;106,148;0,503608625414206
24457;106,152;0,319676243721433
24458;106,156;0,430719354251782
24459;106,160;0,369518831566237
24460;106,165;0,32585143159601
24461;106,169;0,359263608845957
24462;106,173;0,311405902817981
24463;106,177;0,378119986105827
24464;106,181;0,335775840680153
24465;106,185;0,357058184605036
24466;106,189;0,33224716189468
24467;106,193;0,433365863340887
24468;106,197;0,419251148198995
24469;106,202;0,371834527019204
24470;106,206;0,382971919435853
24471;106,210;0,378119986105827
24472;106,214;0,453214681509172
24473;106,218;0,358601981573681
24474;106,222;0,269723384664583
24475;106,226;0,367533949749409
24476;106,230;0,430278269403598
24477;106,235;0,344376995219743
24478;106,239;0,374260493684216
24479;106,243;0,33974560431381
24480;106,247;0,402048839119815
24481;106,251;0,313501055846855
24482;106,255;0,455530376962138
24483;106,259;0,388706022462246
24484;106,263;0,365438796720534
24485;106,268;0,397637990637974
24486;106,272;0,285712710411257
24487;106,276;0,346913233096802
24488;106,280;0,284609998290796
24489;106,284;0,319676243721433
24490;106,288;0,369739373990329
24491;106,292;0,462036378472854
24492;106,296;0,372937239139664
24493;106,301;0,307105325548186
24494;106,305;0,371172899746928
24495;106,309;0,472181329981089
24496;106,313;0,350662454306367
24497;106,317;0,351213810366597
24498;106,321;0,419361419411041
24499;106,325;0,301260951309746
24500;106,329;0,347133775520894
24501;106,334;0,335003942195831
24502;106,338;0,360807405814601
24503;106,342;0,357830083089358
24504;106,346;0,350772725518413
24505;106,350;0,338201807345165
24506;106,354;0,419251148198995
24507;106,358;0,42244901334833
24508;106,362;0,378119986105827
24509;106,366;0,326182245232149
24510;106,371;0,31559620887573
24511;106,375;0,296739831615859
24512;106,379;0,329931466441713
24513;106,383;0,460933666352394
24514;106,387;0,418479249714673
24515;106,391;0,302363663430207
24516;106,395;0,373378323987848
24517;106,399;0,397307177001836
24518;106,404;0,276780742235528
24519;106,408;0,426749590618125
24520;106,412;0,348457030065446
24521;106,416;0,381428122467208
24522;106,420;0,384295173980405
24523;106,424;0,321440583114169
24524;106,428;0,368636661869869
24525;106,432;0,304569087671127
24526;106,437;0,293762508890617
24527;106,441;0,423110640620606
24528;106,445;0,492912317845742
24529;106,449;0,383633546708129
24530;106,453;0,379553511862426
24531;106,457;0,31559620887573
24532;106,461;0,367864763385547
24533;106,465;0,461815836048762
24534;106,470;0,321220040690077
24535;106,474;0,440864305760017
24536;106,478;0,333239602803094
24537;106,482;0,345589978552249
24538;106,486;0,415281384565338
24539;106,490;0,427852302738586
24540;106,494;0,406569958813702
24541;106,498;0,438989695155234
24542;106,503;0,410539722447359
24543;106,507;0,347023504308848
24544;106,511;0,421566843651962
24545;106,515;0,34779540279317
24546;106,519;0,304789630095219
24547;106,523;0,309090207365014
24548;106,527;0,448473019391193
24549;106,531;0,350111098246136
24550;106,535;0,475048381494285
24551;106,540;0,319014616449157
24552;106,544;0,410980807295543
24553;106,548;0,38749303912974
24554;106,552;0,343825639159513
24555;106,556;0,364115542175982
24556;106,560;0,346913233096802
24557;106,564;0,308759393728876
24558;106,568;0,277111555871666
24559;106,573;0,31614756493596
24560;106,577;0,352537064911149
24561;106,581;0,341620214918592
24562;106,585;0,312729157362533
24563;106,589;0,243037751349444
24564;106,593;0,449244917875515
24565;106,597;0,295085763435169
24566;106,601;0,379112427014242
24567;106,606;0,348457030065446
24568;106,610;0,304899901307265
24569;106,614;0,288138677076269
24570;106,618;0,361027948238693
24571;106,622;0,320558413417801
24572;106,626;0,337099095224705
24573;106,630;0,380435681558794
24574;106,634;0,388154666402016
24575;106,639;0,445716239090042
24576;106,643;0,30920047857706
24577;106,647;0,440202678487741
24578;106,651;0,386280055797233
24579;106,655;0,353529505819563
24580;106,659;0,309972377061382
24581;106,663;0,405026161845058
24582;106,667;0,42024358910741
24583;106,672;0,391352531551351
24584;106,676;0,448142205755055
24585;106,680;0,390580633067028
24586;106,684;0,314162683119132
24587;106,688;0,312729157362533
24588;106,692;0,359153337633911
24589;106,696;0,393337413368179
24590;106,700;0,3955428376091
24591;106,704;0,387051954281556
24592;106,709;0,395101752760915
24593;106,713;0,369739373990329
24594;106,717;0,412855417900326
24595;106,721;0,404254263360736
24596;106,725;0,430719354251782
24597;106,729;0,517171984495868
24598;106,733;0,370952357322836
24599;106,737;0,354521946727977
24600;106,742;0,325410346747826
24601;106,746;0,329600652805575
24602;106,750;0,423220911832652
24603;106,754;0,373378323987848
24604;106,758;0,342061299766776
24605;106,762;0,288910575560591
24606;106,766;0,261122230124992
24607;106,770;0,272149351329595
24608;106,775;0,436122643642038
24609;106,779;0,43160152394815
24610;106,783;0,468873193619708
24611;106,787;0,358491710361634
24612;106,791;0,470086176952214
24613;106,795;0,393447684580225
24614;106,799;0,396866092153652
24615;106,803;0,382530834587668
24616;106,808;0,452883867873034
24617;106,812;0,319014616449157
24618;106,816;0,435461016369761
24619;106,820;0,447370307270732
24620;106,824;0,47185051634495
24621;106,828;0,402159110331861
24622;106,832;0,374811849744446
24623;106,836;0,297622001312227
24624;106,841;0,326623330080333
24625;106,845;0,358381439149588
24626;106,849;0,52654503751978
24627;106,853;0,376907002773321
24628;106,857;0,402269381543907
24629;106,861;0,369849645202375
24630;106,865;0,390029277006798
24631;106,869;0,418148436078535
24632;106,873;0,218667813487272
24633;106,878;0,303907460398851
24634;106,882;0,409547281538945
24635;106,886;0,36389499975189
24636;106,890;0,402600195180045
24637;106,894;0,418258707290581
24638;106,898;0,432483693644519
24639;106,902;0,38749303912974
24640;106,906;0,359704693694141
24641;106,911;0,381207580043116
24642;106,915;0,444062170909352
24643;106,919;0,375914561864907
24644;106,923;0,407231586085978
24645;106,927;0,41439921486897
24646;106,931;0,484200892094105
24647;106,935;0,448914104239377
24648;106,939;0,336768281588567
24649;106,944;0,386721140645417
24650;106,948;0,336547739164475
24651;106,952;0,416935452746029
24652;106,956;0,42024358910741
24653;106,960;0,478025704219528
24654;106,964;0,412304061840096
24655;106,968;0,448473019391193
24656;106,972;0,460933666352394
24657;106,977;0,381538393679254
24658;106,981;0,371834527019204
24659;106,985;0,423331183044698
24660;106,989;0,385618428524957
24661;106,993;0,351434352790689
24662;106,997;0,365990152780764
24663;107,001;0,350441911882274
24664;107,005;0,348015945217262
24665;107,010;0,428403658798816
24666;107,014;0,324638448263504
24667;107,018;0,421677114864008
24668;107,022;0,26950284224049
24669;107,026;0,288800304348545
24670;107,030;0,392786057307949
24671;107,034;0,326402787656241
24672;107,038;0,468101295135386
24673;107,042;0,392124430035673
24674;107,047;0,328939025533299
24675;107,051;0,282955930110106
24676;107,055;0,398079075486158
24677;107,059;0,469755363316076
24678;107,063;0,258255178611796
24679;107,067;0,500300489052825
24680;107,071;0,345148893704065
24681;107,075;0,372826967927618
24682;107,080;0,330703364926036
24683;107,084;0,315375666451638
24684;107,088;0,277773183143943
24685;107,092;0,502064828445562
24686;107,096;0,442297831516615
24687;107,100;0,377568630045597
24688;107,104;0,389367649734522
24689;107,108;0,378781613378103
24690;107,113;0,343494825523375
24691;107,117;0,412083519416004
24692;107,121;0,403482364876414
24693;107,125;0,393227142156133
24694;107,129;0,460713123928302
24695;107,133;0,33864289219335
24696;107,137;0,282955930110106
24697;107,141;0,406680230025748
24698;107,146;0,394109311852501
24699;107,150;0,479128416339988
24700;107,154;0,337870993709027
24701;107,158;0,403372093664368
24702;107,162;0,323535736143044
24703;107,166;0,380435681558794
24704;107,170;0,507468117835817
24705;107,174;0,507578389047863
24706;107,179;0,421456572439916
24707;107,183;0,362571745207337
24708;107,187;0,475710008766561
24709;107,191;0,302363663430207
24710;107,195;0,330041737653759
24711;107,199;0,371613984595112
24712;107,203;0,34669269067271
24713;107,207;0,38969846337066
24714;107,211;0,41969223304718
24715;107,216;0,492140419361419
24716;107,220;0,40414399214869
24717;107,224;0,399402330030711
24718;107,228;0,309310749789106
24719;107,232;0,317029734632328
24720;107,236;0,32364600735509
24721;107,240;0,357830083089358
24722;107,244;0,465013701198097
24723;107,249;0,323315193718952
24724;107,253;0,397086634577744
24725;107,257;0,344928351279973
24726;107,261;0,433586405764979
24727;107,265;0,379112427014242
24728;107,269;0,357278727029128
24729;107,273;0,319124887661203
24730;107,277;0,391462802763397
24731;107,282;0,391352531551351
24732;107,286;0,324307634627366
24733;107,290;0,385508157312911
24734;107,294;0,270605554360951
24735;107,298;0,358822523997773
24736;107,302;0,417486808806259
24737;107,306;0,340517502798132
24738;107,310;0,367975034597593
24739;107,315;0,346802961884756
24740;107,319;0,406680230025748
24741;107,323;0,395873651245238
24742;107,327;0,267076875575478
24743;107,331;0,341840757342684
24744;107,335;0,444723798181628
24745;107,339;0,391683345187489
24746;107,343;0,334121772499462
24747;107,348;0,386610869433371
24748;107,352;0,419251148198995
24749;107,356;0,52709639358001
24750;107,360;0,326071974020102
24751;107,364;0,365107983084396
24752;107,368;0,393778498216363
24753;107,372;0,365328525508488
24754;107,376;0,392896328519995
24755;107,380;0,358491710361634
24756;107,385;0,514746017830855
24757;107,389;0,380987037619024
24758;107,393;0,349339199761814
24759;107,397;0,336988824012659
24760;107,401;0,402489923967999
24761;107,405;0,430719354251782
24762;107,409;0,504270252686482
24763;107,413;0,34889811491363
24764;107,418;0,429837184555414
24765;107,422;0,424433895165159
24766;107,426;0,39609419366933
24767;107,430;0,370511272474651
24768;107,434;0,491368520877097
24769;107,438;0,315706480087776
24770;107,442;0,318242717964835
24771;107,446;0,325410346747826
24772;107,451;0,381979478527438
24773;107,455;0,44549569666595
24774;107,459;0,43049881182769
24775;107,463;0,261673586185223
24776;107,467;0,441305390608201
24777;107,471;0,308869664940922
24778;107,475;0,320448142205755
24779;107,479;0,437776711822728
24780;107,484;0,318022175540742
24781;107,488;0,420684673955594
24782;107,492;0,302473934642253
24783;107,496;0,381317851255162
24784;107,500;0,369408560354191
24785;107,504;0,418589520926719
24786;107,508;0,382089749739484
24787;107,512;0,351985708850919
24788;107,517;0,467880752711293
24789;107,521;0,374591307320354
24790;107,525;0,3885957512502
24791;107,529;0,410760264871451
24792;107,533;0,270385011936859
24793;107,537;0,394991481548869
24794;107,541;0,45299413908508
24795;107,545;0,347133775520894
24796;107,549;0,33279851795491
24797;107,554;0,480892755732725
24798;107,558;0,413406773960556
24799;107,562;0,393116870944087
24800;107,566;0,407782942146209
24801;107,570;0,371613984595112
24802;107,574;0,502064828445562
24803;107,578;0,431160439099966
24804;107,582;0,374811849744446
24805;107,587;0,397637990637974
24806;107,591;0,332577975530818
24807;107,595;0,438658881519096
24808;107,599;0,415612198201477
24809;107,603;0,358712252785726
24810;107,607;0,354632217940024
24811;107,611;0,451229799692343
24812;107,615;0,434468575461347
24813;107,620;0,480672213308633
24814;107,624;0,453655766357356
24815;107,628;0,344597537643835
24816;107,632;0,323204922506906
24817;107,636;0,415281384565338
24818;107,640;0,335555298256061
24819;107,644;0,382530834587668
24820;107,648;0,369077746718053
24821;107,653;0,344707808855881
24822;107,657;0,383633546708129
24823;107,661;0,378891884590149
24824;107,665;0,411862976991912
24825;107,669;0,356617099756852
24826;107,673;0,383413004284037
24827;107,677;0,401497483059585
24828;107,681;0,443069730000937
24829;107,686;0,231790087720749
24830;107,690;0,386059513373141
24831;107,694;0,467770481499247
24832;107,698;0,502285370869654
24833;107,702;0,330372551289898
24834;107,706;0,420905216379686
24835;107,710;0,345038622492019
24836;107,714;0,279978607384863
24837;107,718;0,414619757293062
24838;107,723;0,438107525458866
24839;107,727;0,435681558793854
24840;107,731;0,335886111892199
24841;107,735;0,251969719525172
24842;107,739;0,451340070904389
24843;107,743;0,402710466392091
24844;107,747;0,325520617959872
24845;107,751;0,298063086160412
24846;107,756;0,558082604164944
24847;107,760;0,448803833027331
24848;107,764;0,386831411857463
24849;107,768;0,51099679662129
24850;107,772;0,434027490613163
24851;107,776;0,488280926939808
24852;107,780;0,39664554972956
24853;107,784;0,399953686090941
24854;107,789;0,431270710312012
24855;107,793;0,465895870894465
24856;107,797;0,43909996636728
24857;107,801;0,392455243671811
24858;107,805;0,493463673905972
24859;107,809;0,460272039080118
24860;107,813;0,305561528579541
24861;107,817;0,362240931571199
24862;107,822;0,336327196740383
24863;107,826;0,368195577021685
24864;107,830;0,312729157362533
24865;107,834;0,414730028505108
24866;107,838;0,420464131531502
24867;107,842;0,407231586085978
24868;107,846;0,438989695155234
24869;107,850;0,360586863390509
24870;107,855;0,383854089132221
24871;107,859;0,411201349719635
24872;107,863;0,306223155851818
24873;107,867;0,488501469363901
24874;107,871;0,40524670426915
24875;107,875;0,38275137701176
24876;107,879;0,353419234607517
24877;107,883;0,37999459671061
24878;107,887;0,451781155752573
24879;107,892;0,444834069393674
24880;107,896;0,340738045222224
24881;107,900;0,436012372429992
24882;107,904;0,361579304298923
24883;107,908;0,395763380033192
24884;107,912;0,468762922407662
24885;107,916;0,479459229976126
24886;107,920;0,351544624002735
24887;107,925;0,354301404303885
24888;107,929;0,434689117885439
24889;107,933;0,331806077046496
24890;107,937;0,435681558793854
24891;107,941;0,463910989077636
24892;107,945;0,288910575560591
24893;107,949;0,386280055797233
24894;107,953;0,408554840630531
24895;107,958;0,467880752711293
24896;107,962;0,334011501287416
24897;107,966;0,437776711822728
24898;107,970;0,430609083039736
24899;107,974;0,351434352790689
24900;107,978;0,44439298454549
24901;107,982;0,411091078507589
24902;107,986;0,436563728490222
24903;107,991;0,47990031482431
24904;107,995;0,48795011330367
24905;107,999;0,409988366387129
24906;108,003;0,465013701198097
24907;108,007;0,424323623953113
24908;108,011;0,339414790677672
24909;108,015;0,487619299667532
24910;108,019;0,411421892143728
24911;108,024;0,286925693743763
24912;108,028;0,425646878497665
24913;108,032;0,468432108771524
24914;108,036;0,484862519366382
24915;108,040;0,46964509210403
24916;108,044;0,460382310292164
24917;108,048;0,410760264871451
24918;108,052;0,345700249764295
24919;108,056;0,3080977664566
24920;108,061;0,386390327009279
24921;108,065;0,473614855737687
24922;108,069;0,33059309371399
24923;108,073;0,416384096685799
24924;108,077;0,37359886641194
24925;108,081;0,529853173881161
24926;108,085;0,367203136113271
24927;108,089;0,415391655777385
24928;108,094;0,338312078557211
24929;108,098;0,385508157312911
24930;108,102;0,386280055797233
24931;108,106;0,428844743647
24932;108,110;0,443951899697306
24933;108,114;0,447590849694824
24934;108,118;0,473394313313595
24935;108,122;0,405908331541426
24936;108,127;0,448693561815285
24937;108,131;0,425095522437435
24938;108,135;0,355073302788208
24939;108,139;0,342943469463145
24940;108,143;0,356506828544806
24941;108,147;0,412414333052142
24942;108,151;0,408224026994393
24943;108,155;0,47879760270385
24944;108,160;0,474607296646101
24945;108,164;0,426529048194033
24946;108,168;0,447260036058686
24947;108,172;0,385838970949049
24948;108,176;0,375142663380585
24949;108,180;0,483428993609783
24950;108,184;0,276560199811436
24951;108,188;0,348567301277492
24952;108,193;0,445164883029812
24953;108,197;0,431380981524058
24954;108,201;0,485524146638658
24955;108,205;0,33919424825358
24956;108,209;0,367644220961455
24957;108,213;0,415171113353292
24958;108,217;0,38220002095153
24959;108,221;0,512540593589934
24960;108,225;0,406018602753472
24961;108,230;0,479459229976126
24962;108,234;0,418148436078535
24963;108,238;0,330262280077851
24964;108,242;0,37304751035171
24965;108,246;0,404805619420966
24966;108,250;0,476151093614746
24967;108,254;0,475048381494285
24968;108,258;0,412965689112372
24969;108,263;0,351875437638873
24970;108,267;0,446377866362318
24971;108,271;0,509011914804462
24972;108,275;0,310082648273429
24973;108,279;0,274023961934378
24974;108,283;0,425426336073573
24975;108,287;0,438989695155234
24976;108,291;0,383082190647899
24977;108,296;0,364777169448258
24978;108,300;0,399622872454803
24979;108,304;0,360917677026647
24980;108,308;0,42024358910741
24981;108,312;0,408113755782347
24982;108,316;0,37944324065038
24983;108,320;0,451560613328481
24984;108,324;0,400505042151171
24985;108,329;0,352095980062965
24986;108,333;0,326733601292379
24987;108,337;0,404585076996874
24988;108,341;0,31780163311665
24989;108,345;0,451119528480297
24990;108,349;0,540218667813487
24991;108,353;0,435019931521577
24992;108,357;0,460382310292164
24993;108,362;0,527537478428194
24994;108,366;0,413958130020786
24995;108,370;0,358932795209819
24996;108,374;0,402269381543907
24997;108,378;0,373488595199894
24998;108,382;0,405687789117334
24999;108,386;0,330041737653759
25000;108,390;0,418810063350811
25001;108,394;0,427852302738586
25002;108,399;0,424213352741067
25003;108,403;0,364777169448258
25004;108,407;0,446929222422548
25005;108,411;0,481113298156817
25006;108,415;0,390580633067028
25007;108,419;0,40579806032938
25008;108,423;0,483098179973645
25009;108,427;0,513422763286303
25010;108,432;0,30920047857706
25011;108,436;0,531727784485943
25012;108,440;0,461264479988532
25013;108,444;0,450898986056205
25014;108,448;0,463359633017406
25015;108,452;0,382530834587668
25016;108,456;0,38054595277084
25017;108,460;0,492250690573465
25018;108,465;0,480561942096587
25019;108,469;0,451119528480297
25020;108,473;0,470086176952214
25021;108,477;0,456963902718737
25022;108,481;0,42079494516764
25023;108,485;0,393778498216363
25024;108,489;0,427190675466309
25025;108,493;0,391352531551351
25026;108,498;0,393006599732041
25027;108,502;0,44659840878641
25028;108,506;0,46104393756444
25029;108,510;0,414288943656924
25030;108,514;0,452111969388712
25031;108,518;0,390360090642936
25032;108,522;0,543526804174868
25033;108,526;0,418038164866489
25034;108,531;0,426087963345849
25035;108,535;0,491368520877097
25036;108,539;0,355073302788208
25037;108,543;0,303797189186805
25038;108,547;0,37415022247217
25039;108,551;0,409988366387129
25040;108,555;0,466447226954695
25041;108,559;0,369739373990329
25042;108,563;0,505924320867173
25043;108,568;0,369408560354191
25044;108,572;0,44384162848526
25045;108,576;0,371613984595112
25046;108,580;0,375914561864907
25047;108,584;0,395653108821146
25048;108,588;0,32530007553578
25049;108,592;0,402269381543907
25050;108,596;0,360807405814601
25051;108,601;0,368967475506007
25052;108,605;0,396866092153652
25053;108,609;0,466778040590833
25054;108,613;0,397858533062066
25055;108,617;0,328608211897161
25056;108,621;0,320999498265985
25057;108,625;0,428734472434954
25058;108,629;0,41329650274851
25059;108,634;0,339966146737902
25060;108,638;0,400725584575263
25061;108,642;0,352867878547287
25062;108,646;0,469534820891984
25063;108,650;0,320558413417801
25064;108,654;0,486737129971164
25065;108,658;0,428513930010862
25066;108,662;0,387051954281556
25067;108,667;0,413406773960556
25068;108,671;0,339414790677672
25069;108,675;0,409878095175083
25070;108,679;0,400725584575263
25071;108,683;0,425426336073573
25072;108,687;0,386941683069509
25073;108,691;0,432263151220427
25074;108,695;0,406459687601656
25075;108,700;0,451119528480297
25076;108,704;0,51154815268152
25077;108,708;0,348015945217262
25078;108,712;0,403923449724598
25079;108,716;0,38054595277084
25080;108,720;0,459500140595795
25081;108,724;0,421566843651962
25082;108,728;0,438658881519096
25083;108,732;0,416053283049661
25084;108,737;0,535477005695508
25085;108,741;0,361579304298923
25086;108,745;0,263768739214097
25087;108,749;0,400063957302987
25088;108,753;0,50294699814193
25089;108,757;0,360145778542325
25090;108,761;0,425536607285619
25091;108,765;0,377237816409459
25092;108,770;0,339083977041534
25093;108,774;0,476702449674976
25094;108,778;0,349670013397952
25095;108,782;0,423992810316975
25096;108,786;0,405356975481196
25097;108,790;0,513753576922441
25098;108,794;0,392896328519995
25099;108,798;0,412083519416004
25100;108,803;0,464793158774005
25101;108,807;0,365769610356672
25102;108,811;0,43634318606613
25103;108,815;0,442297831516615
25104;108,819;0,408775383054623
25105;108,823;0,39885097397048
25106;108,827;0,410208908811221
25107;108,831;0,44384162848526
25108;108,836;0,346802961884756
25109;108,840;0,377017273985367
25110;108,844;0,431380981524058
25111;108,848;0,378671342166057
25112;108,852;0,370731814898743
25113;108,856;0,42994745576746
25114;108,860;0,375252934592631
25115;108,864;0,373488595199894
25116;108,869;0,371613984595112
25117;108,873;0,391131989127258
25118;108,877;0,412083519416004
25119;108,881;0,393888769428409
25120;108,885;0,435461016369761
25121;108,889;0,462036378472854
25122;108,893;0,442297831516615
25123;108,897;0,384625987616543
25124;108,901;0,518384967828374
25125;108,906;0,407782942146209
25126;108,910;0,330923907350128
25127;108,914;0,543857617811006
25128;108,918;0,345920792188387
25129;108,922;0,318022175540742
25130;108,926;0,467219125439017
25131;108,930;0,383413004284037
25132;108,934;0,43799725424682
25133;108,939;0,298504171008596
25134;108,943;0,375252934592631
25135;108,947;0,433365863340887
25136;108,951;0,485965231486842
25137;108,955;0,468101295135386
25138;108,959;0,432152880008381
25139;108,963;0,274685589206654
25140;108,967;0,349118657337722
25141;108,972;0,431270710312012
25142;108,976;0,535477005695508
25143;108,980;0,327395228564655
25144;108,984;0,47659217846293
25145;108,988;0,494456114814386
25146;108,992;0,385618428524957
25147;108,996;0,356065743696622
25148;109,000;0,467108854226971
25149;109,005;0,523457443582491
25150;109,009;0,405136433057104
25151;109,013;0,395873651245238
25152;109,017;0,45464820726577
25153;109,021;0,282955930110106
25154;109,025;0,485965231486842
25155;109,029;0,301040408885654
25156;109,033;0,315485937663684
25157;109,038;0,443731357273214
25158;109,042;0,413737587596694
25159;109,046;0,3955428376091
25160;109,050;0,523788257218629
25161;109,054;0,428513930010862
25162;109,058;0,506034592079219
25163;109,062;0,460272039080118
25164;109,066;0,4621466496849
25165;109,071;0,30864912251683
25166;109,075;0,470306719376306
25167;109,079;0,463910989077636
25168;109,083;0,461374751200578
25169;109,087;0,431711795160197
25170;109,091;0,365218254296442
25171;109,095;0,477474348159298
25172;109,099;0,456522817870553
25173;109,103;0,496771810267353
25174;109,108;0,389477920946568
25175;109,112;0,397637990637974
25176;109,116;0,511878966317658
25177;109,120;0,372937239139664
25178;109,124;0,429506370919276
25179;109,128;0,392014158823627
25180;109,132;0,40359263608846
25181;109,136;0,422559284560376
25182;109,141;0,439541051215464
25183;109,145;0,415501926989431
25184;109,149;0,417597080018305
25185;109,153;0,496330725419168
25186;109,157;0,364777169448258
25187;109,161;0,498315607235997
25188;109,165;0,3955428376091
25189;109,169;0,426639319406079
25190;109,174;0,442738916364799
25191;109,178;0,49269177542165
25192;109,182;0,490486351180729
25193;109,186;0,429175557283138
25194;109,190;0,496551267843261
25195;109,194;0,482987908761599
25196;109,198;0,281632675565553
25197;109,202;0,417266266382167
25198;109,207;0,421236030015824
25199;109,211;0,429726913343368
25200;109,215;0,438989695155234
25201;109,219;0,384515716404497
25202;109,223;0,353198692183425
25203;109,227;0,494456114814386
25204;109,231;0,366762051265086
25205;109,235;0,467108854226971
25206;109,240;0,434578846673393
25207;109,244;0,426970133042217
25208;109,248;0,395212023972962
25209;109,252;0,340627774010178
25210;109,256;0,347354317944986
25211;109,260;0,434689117885439
25212;109,264;0,43744589818659
25213;109,268;0,48574468906275
25214;109,272;0,376355646713091
25215;109,277;0,448362748179147
25216;109,281;0,496771810267353
25217;109,285;0,36279228763143
25218;109,289;0,409216467902807
25219;109,293;0,458176886051243
25220;109,297;0,417266266382167
25221;109,301;0,453324952721218
25222;109,305;0,352316522487057
25223;109,310;0,418810063350811
25224;109,314;0,347023504308848
25225;109,318;0,489383639060269
25226;109,322;0,447039493634594
25227;109,326;0,431380981524058
25228;109,330;0,51959795116088
25229;109,334;0,429285828495184
25230;109,338;0,438989695155234
25231;109,343;0,380987037619024
25232;109,347;0,49269177542165
25233;109,351;0,381317851255162
25234;109,355;0,365107983084396
25235;109,359;0,459059055747611
25236;109,363;0,377678901257643
25237;109,367;0,506144863291265
25238;109,371;0,533271581454588
25239;109,376;0,439541051215464
25240;109,380;0,380435681558794
25241;109,384;0,364887440660304
25242;109,388;0,443069730000937
25243;109,392;0,371503713383066
25244;109,396;0,443180001212983
25245;109,400;0,476922992099068
25246;109,404;0,502285370869654
25247;109,409;0,399512601242757
25248;109,413;0,410539722447359
25249;109,417;0,454979020901908
25250;109,421;0,370731814898743
25251;109,425;0,348015945217262
25252;109,429;0,438438339095004
25253;109,433;0,394881210336823
25254;109,437;0,43634318606613
25255;109,441;0,42829338758677
25256;109,446;0,434578846673393
25257;109,450;0,624355602604606
25258;109,454;0,369849645202375
25259;109,458;0,533712666302772
25260;109,462;0,410980807295543
25261;109,466;0,426198234557895
25262;109,470;0,458838513323519
25263;109,474;0,394550396700685
25264;109,479;0,364777169448258
25265;109,483;0,3483467588534
25266;109,487;0,42939609970723
25267;109,491;0,525662867823412
25268;109,495;0,534484564787094
25269;109,499;0,394109311852501
25270;109,503;0,455309834538046
25271;109,507;0,411973248203958
25272;109,512;0,345700249764295
25273;109,516;0,428403658798816
25274;109,520;0,421125758803778
25275;109,524;0,369739373990329
25276;109,528;0,405467246693242
25277;109,532;0,442738916364799
25278;109,536;0,289682474044913
25279;109,540;0,418589520926719
25280;109,545;0,362020389147107
25281;109,549;0,376796731561275
25282;109,553;0,455089292113954
25283;109,557;0,388485480038154
25284;109,561;0,437556169398636
25285;109,565;0,488391198151854
25286;109,569;0,489493910272315
25287;109,573;0,376686460349229
25288;109,578;0,524339613278859
25289;109,582;0,43105016788792
25290;109,586;0,47185051634495
25291;109,590;0,575836269304354
25292;109,594;0,42079494516764
25293;109,598;0,409326739114853
25294;109,602;0,407231586085978
25295;109,606;0,382971919435853
25296;109,610;0,465895870894465
25297;109,615;0,444503255757536
25298;109,619;0,333129331591048
25299;109,623;0,342502384614961
25300;109,627;0,53349212387868
25301;109,631;0,489604181484361
25302;109,635;0,476812720887022
25303;109,639;0,549481449625354
25304;109,643;0,361469033086877
25305;109,648;0,541983007206224
25306;109,652;0,513643305710395
25307;109,656;0,487067943607302
25308;109,660;0,51904659510065
25309;109,664;0,409326739114853
25310;109,668;0,415943011837615
25311;109,672;0,436784270914314
25312;109,676;0,422559284560376
25313;109,681;0,449134646663469
25314;109,685;0,504380523898528
25315;109,689;0,522906087522261
25316;109,693;0,403041280028229
25317;109,697;0,459279598171703
25318;109,701;0,461374751200578
25319;109,705;0,459169326959657
25320;109,709;0,496330725419168
25321;109,714;0,440754034547971
25322;109,718;0,462808276957176
25323;109,722;0,477033263311114
25324;109,726;0,430719354251782
25325;109,730;0,439320508791372
25326;109,734;0,533822937514818
25327;109,738;0,443621086061167
25328;109,742;0,529742902669115
25329;109,747;0,422559284560376
25330;109,751;0,45409685120554
25331;109,755;0,51959795116088
25332;109,759;0,488170655727762
25333;109,763;0,515848729951315
25334;109,767;0,452332511812804
25335;109,771;0,487509028455486
25336;109,775;0,410208908811221
25337;109,779;0,40414399214869
25338;109,784;0,433586405764979
25339;109,788;0,615313363216832
25340;109,792;0,503608625414206
25341;109,796;0,556318264772207
25342;109,800;0,517613069344052
25343;109,804;0,52489096933909
25344;109,808;0,48464197694229
25345;109,812;0,370621543686697
25346;109,817;0,611123057159083
25347;109,821;0,526765579943872
25348;109,825;0,513643305710395
25349;109,829;0,530183987517299
25350;109,833;0,423772267892883
25351;109,837;0,543967889023052
25352;109,841;0,384405445192451
25353;109,845;0,530294258729345
25354;109,850;0,562824266282923
25355;109,854;0,522906087522261
25356;109,858;0,533381852666634
25357;109,862;0,402379652755953
25358;109,866;0,462036378472854
25359;109,870;0,561059926890186
25360;109,874;0,494015029966202
25361;109,878;0,600426749590618
25362;109,883;0,504931879958759
25363;109,887;0,499638861780549
25364;109,891;0,4690937360438
25365;109,895;0,435019931521577
25366;109,899;0,476481907250884
25367;109,903;0,347354317944986
25368;109,907;0,503829167838298
25369;109,911;0,454537936053724
25370;109,916;0,48464197694229
25371;109,920;0,535366734483462
25372;109,924;0,529081275396839
25373;109,928;0,46324936180536
25374;109,932;0,462918548169222
25375;109,936;0,506255134503311
25376;109,940;0,300268510401332
25377;109,944;0,453655766357356
25378;109,948;0,551576602654228
25379;109,953;0,519708222372926
25380;109,957;0,427852302738586
25381;109,961;0,594251561716041
25382;109,965;0,534484564787094
25383;109,969;0,381428122467208
25384;109,973;0,438438339095004
25385;109,977;0,479790043612264
25386;109,981;0,564257792039521
25387;109,986;0,428624201222908
25388;109,990;0,482546823913415
25389;109,994;0,50404971026239
25390;109,998;0,427631760314494
25391;110,002;0,522244460249985
25392;110,006;0,5356975481196
25393;110,010;0,505924320867173
25394;110,014;0,414288943656924
25395;110,019;0,583003898087346
25396;110,023;0,500410760264872
25397;110,027;0,35474248915207
25398;110,031;0,460933666352394
25399;110,035;0,410870536083497
25400;110,039;0,438438339095004
25401;110,043;0,500300489052825
25402;110,047;0,561501011738371
25403;110,052;0,444282713333444
25404;110,056;0,431822066372243
25405;110,060;0,50129292996124
25406;110,064;0,463580175441498
25407;110,068;0,383192461859945
25408;110,072;0,498756692084181
25409;110,076;0,408554840630531
25410;110,080;0,502836726929884
25411;110,085;0,404033720936644
25412;110,089;0,433696676977025
25413;110,093;0,560839384466094
25414;110,097;0,511989237529704
25415;110,101;0,565360504159982
25416;110,105;0,43965132242751
25417;110,109;0,473063499677457
25418;110,113;0,5828936268753
25419;110,117;0,432704236068611
25420;110,122;0,498205336023951
25421;110,126;0,424213352741067
25422;110,130;0,466778040590833
25423;110,134;0,367092864901225
25424;110,138;0,482216010277277
25425;110,142;0,513863848134487
25426;110,146;0,37139344217102
25427;110,150;0,470858075436536
25428;110,155;0,556097722348115
25429;110,159;0,512540593589934
25430;110,163;0,383964360344267
25431;110,167;0,452001698176666
25432;110,171;0,580688202634379
25433;110,175;0,436012372429992
25434;110,179;0,468211566347432
25435;110,183;0,3885957512502
25436;110,188;0,448693561815285
25437;110,192;0,393999040640455
25438;110,196;0,412083519416004
25439;110,200;0,441525933032293
25440;110,204;0,385067072464727
25441;110,208;0,49269177542165
25442;110,212;0,457735801203059
25443;110,216;0,469865634528122
25444;110,221;0,471960787556996
25445;110,225;0,40469534820892
25446;110,229;0,399402330030711
25447;110,233;0,370731814898743
25448;110,237;0,501954557233516
25449;110,241;0,490045266332545
25450;110,245;0,504711337534667
25451;110,249;0,530845614789575
25452;110,254;0,380435681558794
25453;110,258;0,453876308781448
25454;110,262;0,410760264871451
25455;110,266;0,430388540615644
25456;110,270;0,422338742136284
25457;110,274;0,476922992099068
25458;110,278;0,45575091938623
25459;110,282;0,40359263608846
25460;110,286;0,472842957253365
25461;110,291;0,420353860319456
25462;110,295;0,466557498166741
25463;110,299;0,506255134503311
25464;110,303;0,43105016788792
25465;110,307;0,369739373990329
25466;110,311;0,408334298206439
25467;110,315;0,422890098196514
25468;110,319;0,46159529362467
25469;110,324;0,432373422432473
25470;110,328;0,55984694355768
25471;110,332;0,567124843552718
25472;110,336;0,405577517905288
25473;110,340;0,461374751200578
25474;110,344;0,588738001113739
25475;110,348;0,521803375401801
25476;110,352;0,426749590618125
25477;110,357;0,525662867823412
25478;110,361;0,47879760270385
25479;110,365;0,377899443681735
25480;110,369;0,516069272375407
25481;110,373;0,518274696616328
25482;110,377;0,490265808756637
25483;110,381;0,442077289092523
25484;110,385;0,545511685991697
25485;110,390;0,435571287581807
25486;110,394;0,4621466496849
25487;110,398;0,55929558749745
25488;110,402;0,407562399722117
25489;110,406;0,492250690573465
25490;110,410;0,329931466441713
25491;110,414;0,425977692133803
25492;110,418;0,368967475506007
25493;110,423;0,50074157390101
25494;110,427;0,468762922407662
25495;110,431;0,40690077244984
25496;110,435;0,385949242161095
25497;110,439;0,464241802713775
25498;110,443;0,501954557233516
25499;110,447;0,522244460249985
25500;110,451;0,465123972410143
25501;110,455;0,455861190598277
25502;110,460;0,438438339095004
25503;110,464;0,416604639109891
25504;110,468;0,543637075386914
25505;110,472;0,46159529362467
25506;110,476;0,489383639060269
25507;110,480;0,482436552701369
25508;110,484;0,544408973871236
25509;110,488;0,480451670884541
25510;110,493;0,491147978453005
25511;110,497;0,301260951309746
25512;110,501;0,455199563326
25513;110,505;0,449575731511653
25514;110,509;0,410649993659405
25515;110,513;0,528419648124562
25516;110,517;0,557531248104714
25517;110,521;0,399071516394572
25518;110,526;0,534264022363002
25519;110,530;0,525001240551136
25520;110,534;0,466447226954695
25521;110,538;0,514966560254947
25522;110,542;0,503277811778068
25523;110,546;0,410429451235313
25524;110,550;0,530294258729345
25525;110,554;0,460382310292164
25526;110,559;0,447039493634594
25527;110,563;0,457846072415105
25528;110,567;0,380104867922656
25529;110,571;0,490265808756637
25530;110,575;0,465454786046281
25531;110,579;0,403923449724598
25532;110,583;0,529191546608885
25533;110,587;0,493132860269834
25534;110,592;0,444723798181628
25535;110,596;0,546614398112157
25536;110,600;0,401828296695723
25537;110,604;0,446929222422548
25538;110,608;0,399181787606618
25539;110,612;0,422118199712192
25540;110,616;0,495779369358938
25541;110,620;0,390470361854982
25542;110,624;0,566022131432258
25543;110,629;0,542754905690546
25544;110,633;0,369959916414421
25545;110,637;0,510335169349014
25546;110,641;0,459169326959657
25547;110,645;0,494456114814386
25548;110,649;0,516069272375407
25549;110,653;0,521913646613847
25550;110,657;0,439320508791372
25551;110,662;0,427080404254263
25552;110,666;0,40524670426915
25553;110,670;0,51849523904042
25554;110,674;0,48629604512298
25555;110,678;0,511327610257428
25556;110,682;0,491699334513235
25557;110,686;0,480892755732725
25558;110,690;0,498866963296227
25559;110,695;0,564257792039521
25560;110,699;0,530294258729345
25561;110,703;0,465565057258327
25562;110,707;0,526765579943872
25563;110,711;0,464241802713775
25564;110,715;0,633728655628518
25565;110,719;0,513533034498349
25566;110,723;0,605830038980874
25567;110,728;0,467991023923339
25568;110,732;0,407231586085978
25569;110,736;0,45464820726577
25570;110,740;0,460051496656026
25571;110,744;0,475820279978607
25572;110,748;0,510665982985152
25573;110,752;0,432373422432473
25574;110,756;0,499859404204641
25575;110,761;0,446157323938226
25576;110,765;0,451670884540527
25577;110,769;0,444282713333444
25578;110,773;0,466447226954695
25579;110,777;0,479128416339988
25580;110,781;0,494125301178248
25581;110,785;0,611343599583175
25582;110,789;0,424544166377205
25583;110,793;0,622039907151639
25584;110,798;0,469975905740168
25585;110,802;0,400946126999355
25586;110,806;0,409437010326899
25587;110,810;0,460382310292164
25588;110,814;0,418699792138765
25589;110,818;0,445164883029812
25590;110,822;0,515959001163361
25591;110,826;0,45354549514531
25592;110,831;0,45244278302485
25593;110,835;0,534705107211186
25594;110,839;0,496110182995076
25595;110,843;0,453324952721218
25596;110,847;0,564919419311797
25597;110,851;0,401828296695723
25598;110,855;0,463359633017406
25599;110,859;0,484090620882059
25600;110,864;0,441084848184109
25601;110,868;0,510776254197198
25602;110,872;0,482877637549553
25603;110,876;0,478466789067712
25604;110,880;0,501403201173286
25605;110,884;0,52599368145955
25606;110,888;0,468211566347432
25607;110,892;0,467329396651063
25608;110,897;0,427631760314494
25609;110,901;0,405026161845058
25610;110,905;0,40524670426915
25611;110,909;0,512650864801981
25612;110,913;0,490376079968683
25613;110,917;0,563155079919061
25614;110,921;0,649166625314962
25615;110,925;0,512871407226073
25616;110,930;0,592928307171488
25617;110,934;0,493904758754156
25618;110,938;0,457515258778967
25619;110,942;0,483649536033875
25620;110,946;0,622260449575732
25621;110,950;0,430057726979506
25622;110,954;0,525773139035458
25623;110,958;0,453655766357356
25624;110,962;0,502064828445562
25625;110,967;0,470637533012444
25626;110,971;0,418920334562857
25627;110,975;0,491589063301189
25628;110,979;0,574954099607986
25629;110,983;0,527316936004102
25630;110,987;0,349559742185906
25631;110,991;0,428513930010862
25632;110,995;0,468211566347432
25633;111,000;0,555325823863793
25634;111,004;0,457956343627151
25635;111,008;0,436563728490222
25636;111,012;0,533051039030496
25637;111,016;0,537241345088245
25638;111,020;0,505042151170805
25639;111,024;0,586973661721003
25640;111,028;0,491037707240959
25641;111,033;0,455309834538046
25642;111,037;0,435681558793854
25643;111,041;0,547165754172387
25644;111,045;0,475158652706331
25645;111,049;0,473173770889503
25646;111,053;0,447480578482778
25647;111,057;0,42939609970723
25648;111,061;0,434578846673393
25649;111,066;0,499749132992595
25650;111,070;0,353088420971379
25651;111,074;0,386059513373141
25652;111,078;0,570874064762283
25653;111,082;0,531727784485943
25654;111,086;0,359043066421865
25655;111,090;0,614872278368648
25656;111,094;0,446818951210502
25657;111,099;0,490706893604821
25658;111,103;0,612446311703635
25659;111,107;0,531396970849805
25660;111,111;0,365328525508488
25661;111,115;0,522244460249985
25662;111,119;0,550914975381952
25663;111,123;0,431932337584289
25664;111,127;0,43049881182769
25665;111,131;0,628325366238263
25666;111,136;0,508570829956277
25667;111,140;0,278545081628265
25668;111,144;0,441856746668431
25669;111,148;0,498977234508273
25670;111,152;0,450678443632113
25671;111,156;0,457515258778967
25672;111,160;0,482326281489323
25673;111,164;0,509452999652646
25674;111,169;0,591053696566706
25675;111,173;0,531396970849805
25676;111,177;0,520810934493387
25677;111,181;0,46104393756444
25678;111,185;0,489714452696407
25679;111,189;0,525111511763182
25680;111,193;0,482987908761599
25681;111,197;0,432593964856565
25682;111,202;0,508901643592416
25683;111,206;0,489273367848223
25684;111,210;0,495889640570984
25685;111,214;0,407562399722117
25686;111,218;0,565911860220212
25687;111,222;0,520039036009064
25688;111,226;0,481444111792955
25689;111,230;0,47934895876408
25690;111,235;0,459720683019887
25691;111,239;0,498205336023951
25692;111,243;0,401276940635493
25693;111,247;0,482105739065231
25694;111,251;0,511107067833336
25695;111,255;0,451670884540527
25696;111,259;0,467880752711293
25697;111,263;0,391242260339305
25698;111,268;0,3885957512502
25699;111,272;0,499859404204641
25700;111,276;0,460713123928302
25701;111,280;0,592928307171488
25702;111,284;0,595244002624455
25703;111,288;0,508460558744231
25704;111,292;0,402379652755953
25705;111,296;0,514415204194717
25706;111,300;0,540549481449625
25707;111,305;0,506144863291265
25708;111,309;0,432593964856565
25709;111,313;0,425095522437435
25710;111,317;0,440864305760017
25711;111,321;0,433586405764979
25712;111,325;0,462256920896946
25713;111,329;0,406569958813702
25714;111,333;0,478356517855666
25715;111,338;0,582231999603024
25716;111,342;0,446157323938226
25717;111,346;0,612336040491589
25718;111,350;0,49324313148188
25719;111,354;0,388485480038154
25720;111,358;0,499087505720319
25721;111,362;0,522134189037939
25722;111,366;0,463469904229452
25723;111,371;0,612777125339773
25724;111,375;0,391683345187489
25725;111,379;0,472732686041319
25726;111,383;0,562824266282923
25727;111,387;0,457846072415105
25728;111,391;0,465895870894465
25729;111,395;0,469755363316076
25730;111,399;0,49434584360234
25731;111,404;0,492140419361419
25732;111,408;0,381979478527438
25733;111,412;0,498977234508273
25734;111,416;0,503939439050344
25735;111,420;0,489383639060269
25736;111,424;0,450237358783929
25737;111,428;0,517723340556098
25738;111,432;0,555656637499931
25739;111,437;0,450127087571883
25740;111,441;0,470968346648582
25741;111,445;0,544519245083282
25742;111,449;0,570322708702053
25743;111,453;0,52654503751978
25744;111,457;0,585429864752358
25745;111,461;0,415281384565338
25746;111,465;0,586753119296911
25747;111,469;0,427521489102447
25748;111,474;0,474276483009963
25749;111,478;0,508681101168324
25750;111,482;0,513202220862211
25751;111,486;0,441636204244339
25752;111,490;0,427300946678355
25753;111,494;0,447811392118917
25754;111,498;0,403151551240275
25755;111,502;0,495889640570984
25756;111,507;0,523016358734307
25757;111,511;0,488942554212085
25758;111,515;0,428624201222908
25759;111,519;0,545070601143512
25760;111,523;0,511107067833336
25761;111,527;0,444723798181628
25762;111,531;0,440092407275695
25763;111,535;0,3885957512502
25764;111,540;0,428624201222908
25765;111,544;0,545732228415789
25766;111,548;0,505262693594897
25767;111,552;0,608035463221794
25768;111,556;0,505042151170805
25769;111,560;0,450347629995975
25770;111,564;0,485854960274796
25771;111,568;0,502285370869654
25772;111,573;0,500079946628733
25773;111,577;0,499308048144411
25774;111,581;0,411973248203958
25775;111,585;0,529963445093207
25776;111,589;0,569661081429777
25777;111,593;0,525662867823412
25778;111,597;0,378450799741965
25779;111,601;0,550804704169906
25780;111,606;0,500079946628733
25781;111,610;0,506916761775587
25782;111,614;0,459830954231933
25783;111,618;0,51154815268152
25784;111,622;0,424544166377205
25785;111,626;0,597339155653329
25786;111,630;0,498095064811905
25787;111,634;0,572748675367065
25788;111,638;0,540328939025533
25789;111,643;0,508901643592416
25790;111,647;0,44439298454549
25791;111,651;0,450788714844159
25792;111,655;0,452001698176666
25793;111,659;0,54209327841827
25794;111,663;0,45299413908508
25795;111,667;0,523016358734307
25796;111,671;0,465123972410143
25797;111,676;0,508570829956277
25798;111,680;0,540659752661671
25799;111,684;0,502505913293746
25800;111,688;0,460161767868072
25801;111,692;0,453766037569402
25802;111,696;0,447370307270732
25803;111,700;0,567235114764764
25804;111,704;0,602962987467677
25805;111,709;0,552238229926504
25806;111,713;0,532168869334127
25807;111,717;0,453655766357356
25808;111,721;0,565470775372028
25809;111,725;0,522134189037939
25810;111,729;0,456192004234415
25811;111,733;0,593479663231718
25812;111,737;0,36444635581212
25813;111,742;0,410649993659405
25814;111,746;0,43854861030705
25815;111,750;0,487839842091624
25816;111,754;0,401497483059585
25817;111,758;0,438328067882958
25818;111,762;0,433586405764979
25819;111,766;0,488832283000039
25820;111,770;0,460051496656026
25821;111,775;0,44494434060572
25822;111,779;0,512430322377888
25823;111,783;0,548158195080801
25824;111,787;0,355624658848438
25825;111,791;0,419912775471272
25826;111,795;0,407893213358255
25827;111,799;0,487178214819348
25828;111,803;0,498756692084181
25829;111,807;0,4218976572881
25830;111,812;0,492250690573465
25831;111,816;0,474607296646101
25832;111,820;0,611233328371129
25833;111,824;0,541652193570086
25834;111,828;0,53514619205937
25835;111,832;0,367533949749409
25836;111,836;0,576608167788676
25837;111,840;0,518274696616328
25838;111,845;0,507137304199679
25839;111,849;0,546945211748295
25840;111,853;0,488722011787993
25841;111,857;0,514415204194717
25842;111,861;0,50989408450083
25843;111,865;0,546614398112157
25844;111,869;0,411311620931681
25845;111,873;0,610020345038623
25846;111,878;0,503388082990114
25847;111,882;0,538674870844843
25848;111,886;0,491919876937327
25849;111,890;0,466226684530603
25850;111,894;0,652254219252251
25851;111,898;0,445826510302088
25852;111,902;0,560067485981772
25853;111,906;0,422779826984468
25854;111,911;0,50460106632262
25855;111,915;0,660414288943657
25856;111,919;0,534374293575048
25857;111,923;0,475820279978607
25858;111,927;0,515297373891085
25859;111,931;0,546834940536249
25860;111,935;0,50404971026239
25861;111,939;0,472622414829273
25862;111,944;0,400394770939125
25863;111,948;0,428955014859046
25864;111,952;0,522575273886123
25865;111,956;0,464793158774005
25866;111,960;0,523236901158399
25867;111,964;0,515738458739269
25868;111,968;0,480451670884541
25869;111,972;0,601419190499032
25870;111,976;0,506255134503311
25871;111,981;0,412414333052142
25872;111,985;0,543637075386914
25873;111,989;0,559516129921542
25874;111,993;0,518054154192236
25875;111,997;0,488722011787993
25876;112,001;0,700222196492273
25877;112,005;0,525001240551136
25878;112,009;0,555436095075839
25879;112,014;0,478356517855666
25880;112,018;0,513863848134487
25881;112,022;0,575284913244124
25882;112,026;0,659201305611151
25883;112,030;0,475599737554515
25884;112,034;0,683130158625139
25885;112,038;0,539667311753257
25886;112,042;0,455530376962138
25887;112,047;0,507247575411725
25888;112,051;0,445054611817766
25889;112,055;0,474827839070193
25890;112,059;0,475489466342469
25891;112,063;0,48464197694229
25892;112,067;0,526765579943872
25893;112,071;0,479569501188172
25894;112,075;0,517171984495868
25895;112,080;0,51684117085973
25896;112,084;0,616967431397522
25897;112,088;0,484090620882059
25898;112,092;0,490155537544591
25899;112,096;0,482326281489323
25900;112,100;0,563816707191337
25901;112,104;0,561501011738371
25902;112,108;0,517833611768144
25903;112,113;0,575064370820032
25904;112,117;0,56844809809727
25905;112,121;0,504380523898528
25906;112,125;0,453214681509172
25907;112,129;0,542424092054408
25908;112,133;0,430278269403598
25909;112,137;0,614100379884326
25910;112,141;0,531396970849805
25911;112,145;0,55984694355768
25912;112,150;0,497543708751675
25913;112,154;0,54209327841827
25914;112,158;0,585429864752358
25915;112,162;0,440092407275695
25916;112,166;0,473945669373825
25917;112,170;0,584106610207806
25918;112,174;0,58399633899576
25919;112,178;0,414619757293062
25920;112,183;0,545732228415789
25921;112,187;0,486185773910934
25922;112,191;0,583886067783714
25923;112,195;0,444834069393674
25924;112,199;0,59789051171356
25925;112,203;0,578041693545275
25926;112,207;0,627332925329849
25927;112,211;0,505483236018989
25928;112,216;0,494566386026432
25929;112,220;0,570432979914099
25930;112,224;0,504931879958759
25931;112,228;0,490486351180729
25932;112,232;0,43634318606613
25933;112,236;0,543416532962822
25934;112,240;0,447370307270732
25935;112,244;0,46380071786559
25936;112,249;0,44549569666595
25937;112,253;0,400615313363217
25938;112,257;0,564147520827475
25939;112,261;0,46964509210403
25940;112,265;0,534925649635278
25941;112,269;0,570984335974329
25942;112,273;0,47074780422449
25943;112,277;0,548599279928985
25944;112,282;0,500851845113056
25945;112,286;0,477474348159298
25946;112,290;0,443180001212983
25947;112,294;0,452553054236896
25948;112,298;0,553010128410826
25949;112,302;0,566573487492488
25950;112,306;0,521031476917479
25951;112,310;0,504490795110574
25952;112,314;0,487839842091624
25953;112,319;0,512540593589934
25954;112,323;0,469755363316076
25955;112,327;0,487288486031394
25956;112,331;0,569219996581593
25957;112,335;0,587635288993279
25958;112,339;0,493132860269834
25959;112,343;0,446157323938226
25960;112,347;0,480672213308633
25961;112,352;0,507247575411725
25962;112,356;0,544629516295328
25963;112,360;0,559736672345634
25964;112,364;0,526214223883642
25965;112,368;0,453104410297126
25966;112,372;0,475710008766561
25967;112,376;0,514194661770625
25968;112,380;0,505593507231035
25969;112,385;0,507357846623771
25970;112,389;0,624355602604606
25971;112,393;0,532168869334127
25972;112,397;0,450788714844159
25973;112,401;0,591053696566706
25974;112,405;0,543085719326684
25975;112,409;0,479238687552034
25976;112,413;0,523347172370445
25977;112,418;0,428624201222908
25978;112,422;0,485413875426612
25979;112,426;0,508901643592416
25980;112,430;0,429065286071092
25981;112,434;0,529081275396839
25982;112,438;0,501954557233516
25983;112,442;0,568337826885224
25984;112,446;0,55984694355768
25985;112,451;0,539998125389395
25986;112,455;0,464462345137867
25987;112,459;0,455640648174184
25988;112,463;0,529853173881161
25989;112,467;0,500300489052825
25990;112,471;0,484531705730244
25991;112,475;0,550804704169906
25992;112,479;0,430167998191552
25993;112,483;0,572528132942973
25994;112,488;0,547165754172387
25995;112,492;0,529632631457069
25996;112,496;0,601529461711078
25997;112,500;0,424433895165159
25998;112,504;0,47769489058339
25999;112,508;0,55014307689763
26000;112,512;0,440312949699787
26001;112,516;0,614431193520464
26002;112,521;0,529742902669115
26003;112,525;0,577269795060952
26004;112,529;0,597669969289467
26005;112,533;0,519377408736788
26006;112,537;0,468321837559478
26007;112,541;0,451450342116435
26008;112,545;0,501954557233516
26009;112,549;0,524560155702951
26010;112,554;0,536469446603922
26011;112,558;0,507027032987633
26012;112,562;0,389367649734522
26013;112,566;0,597559698077421
26014;112,570;0,588517458689647
26015;112,574;0,440754034547971
26016;112,578;0,614320922308418
26017;112,582;0,603845157164045
26018;112,587;0,516730899647683
26019;112,591;0,553010128410826
26020;112,595;0,591163967778752
26021;112,599;0,529632631457069
26022;112,603;0,612777125339773
26023;112,607;0,48739875724344
26024;112,611;0,487619299667532
26025;112,615;0,572858946579111
26026;112,620;0,4954485557228
26027;112,624;0,582452542027116
26028;112,628;0,415171113353292
26029;112,632;0,567014572340672
26030;112,636;0,477915433007482
26031;112,640;0,42134630122787
26032;112,644;0,625237772300974
26033;112,648;0,56734538597681
26034;112,652;0,494456114814386
26035;112,657;0,408113755782347
26036;112,661;0,516730899647683
26037;112,665;0,506144863291265
26038;112,669;0,543637075386914
26039;112,673;0,494235572390294
26040;112,677;0,650930964707699
26041;112,681;0,527537478428194
26042;112,685;0,523788257218629
26043;112,690;0,516289814799499
26044;112,694;0,600426749590618
26045;112,698;0,411201349719635
26046;112,702;0,436453457278176
26047;112,706;0,5495917208374
26048;112,710;0,606160852617012
26049;112,714;0,576056811728446
26050;112,718;0,610792243522945
26051;112,723;0,546504126900111
26052;112,727;0,547606839020571
26053;112,731;0,522575273886123
26054;112,735;0,545621957203743
26055;112,739;0,573851387487526
26056;112,743;0,614982549580694
26057;112,747;0,526875851155918
26058;112,751;0,505703778443081
26059;112,756;0,542203549630316
26060;112,760;0,578041693545275
26061;112,764;0,584878508692128
26062;112,768;0,595685087472639
26063;112,772;0,360917677026647
26064;112,776;0,445054611817766
26065;112,780;0,565360504159982
26066;112,784;0,4690937360438
26067;112,789;0,624576145028698
26068;112,793;0,491478792089143
26069;112,797;0,421125758803778
26070;112,801;0,5093427284406
26071;112,805;0,581570372330747
26072;112,809;0,488501469363901
26073;112,813;0,616416075337292
26074;112,817;0,540439210237579
26075;112,821;0,567014572340672
26076;112,826;0,662509441972531
26077;112,830;0,557420976892668
26078;112,834;0,52544232539932
26079;112,838;0,414288943656924
26080;112,842;0,584768237480082
26081;112,846;0,609579260190438
26082;112,850;0,470416990588352
26083;112,854;0,597559698077421
26084;112,859;0,610681972310899
26085;112,863;0,571535692034559
26086;112,867;0,672874935904858
26087;112,871;0,535587276907554
26088;112,875;0,54319599053873
26089;112,879;0,595574816260593
26090;112,883;0,454868749689862
26091;112,887;0,486626858759118
26092;112,892;0,454317393629632
26093;112,896;0,50184428602147
26094;112,900;0,572307590518881
26095;112,904;0,615423634428878
26096;112,908;0,54154192235804
26097;112,912;0,54374734659896
26098;112,916;0,496771810267353
26099;112,920;0,400946126999355
26100;112,925;0,54429870265919
26101;112,929;0,555766908711977
26102;112,933;0,520369849645202
26103;112,937;0,434358304249301
26104;112,941;0,528419648124562
26105;112,945;0,50184428602147
26106;112,949;0,576608167788676
26107;112,953;0,585319593540312
26108;112,958;0,698127043463398
26109;112,962;0,529742902669115
26110;112,966;0,482767366337507
26111;112,970;0,658208864702736
26112;112,974;0,490155537544591
26113;112,978;0,566132402644304
26114;112,982;0,445936781514134
26115;112,986;0,497102623903491
26116;112,990;0,49434584360234
26117;112,995;0,47769489058339
26118;112,999;0,625678857149158
26119;113,003;0,487729570879578
26120;113,007;0,44549569666595
26121;113,011;0,465344514834235
26122;113,015;0,614762007156602
26123;113,019;0,618621499578213
26124;113,023;0,492140419361419
26125;113,028;0,505483236018989
26126;113,032;0,539226226905073
26127;113,036;0,542313820842362
26128;113,040;0,643322251076523
26129;113,044;0,618842042002305
26130;113,048;0,635382723809209
26131;113,052;0,564478334463613
26132;113,056;0,465785599682419
26133;113,061;0,513974119346533
26134;113,065;0,631964316235782
26135;113,069;0,437886983034774
26136;113,073;0,432924778492703
26137;113,077;0,5356975481196
26138;113,081;0,566683758704534
26139;113,085;0,364005270963936
26140;113,089;0,560839384466094
26141;113,094;0,516400086011545
26142;113,098;0,521362290553617
26143;113,102;0,658319135914782
26144;113,106;0,596346714744915
26145;113,110;0,535587276907554
26146;113,114;0,568007013249086
26147;113,118;0,441967017880477
26148;113,122;0,659752661671381
26149;113,127;0,622260449575732
26150;113,131;0,540770023873717
26151;113,135;0,64089628441151
26152;113,139;0,521693104189755
26153;113,143;0,52544232539932
26154;113,147;0,445275154241858
26155;113,151;0,570984335974329
26156;113,155;0,547386296596479
26157;113,159;0,602411631407447
26158;113,164;0,53404347993891
26159;113,168;0,621488551091409
26160;113,172;0,545401414779651
26161;113,176;0,538564599632797
26162;113,180;0,56569131779612
26163;113,184;0,489714452696407
26164;113,188;0,527427207216148
26165;113,192;0,52819910570047
26166;113,197;0,612115498067497
26167;113,201;0,561059926890186
26168;113,205;0,530735343577529
26169;113,209;0,62589939957325
26170;113,213;0,535256463271416
26171;113,217;0,527206664792056
26172;113,221;0,507909202684001
26173;113,225;0,450898986056205
26174;113,230;0,591715323838982
26175;113,234;0,478687331491804
26176;113,238;0,507578389047863
26177;113,242;0,695701076798386
26178;113,246;0,480010586036356
26179;113,250;0,498536149660089
26180;113,254;0,616305804125246
26181;113,258;0,496551267843261
26182;113,263;0,564368063251567
26183;113,267;0,657106152582276
26184;113,271;0,561059926890186
26185;113,275;0,582011457178932
26186;113,279;0,511658423893566
26187;113,283;0,503167540566022
26188;113,287;0,544739787507374
26189;113,291;0,40690077244984
26190;113,296;0,489493910272315
26191;113,300;0,542865176902592
26192;113,304;0,522906087522261
26193;113,308;0,490927436028913
26194;113,312;0,572638404155019
26195;113,316;0,673316020753042
26196;113,320;0,606271123829058
26197;113,324;0,513863848134487
26198;113,328;0,562824266282923
26199;113,333;0,502505913293746
26200;113,337;0,532609954182311
26201;113,341;0,577269795060952
26202;113,345;0,526655308731826
26203;113,349;0,54099056629781
26204;113,353;0,594472104140133
26205;113,357;0,600757563226756
26206;113,361;0,490045266332545
26207;113,366;0,514525475406763
26208;113,370;0,585540135964404
26209;113,374;0,484421434518198
26210;113,378;0,526103952671596
26211;113,382;0,426749590618125
26212;113,386;0,539226226905073
26213;113,390;0,588076373841463
26214;113,394;0,581019016270517
26215;113,399;0,509011914804462
26216;113,403;0,557090163256529
26217;113,407;0,519377408736788
26218;113,411;0,57484382839594
26219;113,415;0,579916304150057
26220;113,419;0,630751332903276
26221;113,423;0,55289985719878
26222;113,427;0,544078160235098
26223;113,432;0,598772681409928
26224;113,436;0,507909202684001
26225;113,440;0,589950984446246
26226;113,444;0,590061255658292
26227;113,448;0,583665525359622
26228;113,452;0,44659840878641
26229;113,456;0,513863848134487
26230;113,460;0,611012785947037
26231;113,465;0,54209327841827
26232;113,469;0,424213352741067
26233;113,473;0,514635746618809
26234;113,477;0,515187102679039
26235;113,481;0,548489008716939
26236;113,485;0,588407187477601
26237;113,489;0,581239558694609
26238;113,493;0,630420519267138
26239;113,497;0,586312034448727
26240;113,502;0,510335169349014
26241;113,506;0,547717110232617
26242;113,510;0,511658423893566
26243;113,514;0,509452999652646
26244;113,518;0,461485022412624
26245;113,522;0,507027032987633
26246;113,526;0,517502798132006
26247;113,530;0,438217796670912
26248;113,535;0,529853173881161
26249;113,539;0,594251561716041
26250;113,543;0,505483236018989
26251;113,547;0,49324313148188
26252;113,551;0,610461429886807
26253;113,555;0,479018145127942
26254;113,559;0,624355602604606
26255;113,563;0,578813592029597
26256;113,568;0,571866505670697
26257;113,572;0,490155537544591
26258;113,576;0,549922534473538
26259;113,580;0,632625943508058
26260;113,584;0,46964509210403
26261;113,588;0,484311163306151
26262;113,592;0,546283584476019
26263;113,596;0,656775338946138
26264;113,601;0,708823351031863
26265;113,605;0,530955886001621
26266;113,609;0,543526804174868
26267;113,613;0,566573487492488
26268;113,617;0,517171984495868
26269;113,621;0,52544232539932
26270;113,625;0,477584619371344
26271;113,629;0,438328067882958
26272;113,634;0,529632631457069
26273;113,638;0,564147520827475
26274;113,642;0,459169326959657
26275;113,646;0,555436095075839
26276;113,650;0,505483236018989
26277;113,654;0,482767366337507
26278;113,658;0,586753119296911
26279;113,662;0,610240887462715
26280;113,666;0,70639738436685
26281;113,671;0,603293801103815
26282;113,675;0,557420976892668
26283;113,679;0,660083475307519
26284;113,683;0,549260907201262
26285;113,687;0,654018558644987
26286;113,691;0,56734538597681
26287;113,695;0,499197776932365
26288;113,699;0,655231541977494
26289;113,704;0,487839842091624
26290;113,708;0,498315607235997
26291;113,712;0,491258249665051
26292;113,716;0,496220454207122
26293;113,720;0,691290228316545
26294;113,724;0,569771352641823
26295;113,728;0,528640190548654
26296;113,732;0,583886067783714
26297;113,737;0,629428078358723
26298;113,741;0,541872735994178
26299;113,745;0,474827839070193
26300;113,749;0,467880752711293
26301;113,753;0,547937652656709
26302;113,757;0,484311163306151
26303;113,761;0,565801589008166
26304;113,765;0,522795816310215
26305;113,770;0,55014307689763
26306;113,774;0,566683758704534
26307;113,778;0,457735801203059
26308;113,782;0,531286699637759
26309;113,786;0,466998583014925
26310;113,790;0,552679314774688
26311;113,794;0,563485893555199
26312;113,798;0,507798931471955
26313;113,803;0,46964509210403
26314;113,807;0,565360504159982
26315;113,811;0,691841584376775
26316;113,815;0,482436552701369
26317;113,819;0,635272452597163
26318;113,823;0,523236901158399
26319;113,827;0,538123514784613
26320;113,831;0,525662867823412
26321;113,835;0,632956757144196
26322;113,840;0,653356931372711
26323;113,844;0,686107481350381
26324;113,848;0,594251561716041
26325;113,852;0,553120399622873
26326;113,856;0,578372507181413
26327;113,860;0,580908745058471
26328;113,864;0,557972332952898
26329;113,868;0,585870949600543
26330;113,873;0,542203549630316
26331;113,877;0,607263564737472
26332;113,881;0,438438339095004
26333;113,885;0,652695304100435
26334;113,889;0,576718439000722
26335;113,893;0,603845157164045
26336;113,897;0,525662867823412
26337;113,901;0,567676199612948
26338;113,906;0,606160852617012
26339;113,910;0,606822479889288
26340;113,914;0,646630387437904
26341;113,918;0,474276483009963
26342;113,922;0,546393855688065
26343;113,926;0,602962987467677
26344;113,930;0,553782026895149
26345;113,934;0,497984793599859
26346;113,939;0,60869709049407
26347;113,943;0,657436966218414
26348;113,947;0,40524670426915
26349;113,951;0,511217339045382
26350;113,955;0,606932751101334
26351;113,959;0,545180872355559
26352;113,963;0,569771352641823
26353;113,967;0,56039829961791
26354;113,972;0,476481907250884
26355;113,976;0,561501011738371
26356;113,980;0,495558826934846
26357;113,984;0,598221325349698
26358;113,988;0,599875393530388
26359;113,992;0,467660210287201
26360;113,996;0,654239101069079
26361;114,000;0,549701992049446
26362;114,005;0,522685545098169
26363;114,009;0,528971004184792
26364;114,013;0,564147520827475
26365;114,017;0,63064106169123
26366;114,021;0,577490337485045
26367;114,025;0,567565928400902
26368;114,029;0,524449884490905
26369;114,033;0,530845614789575
26370;114,037;0,619172855638443
26371;114,042;0,573189760215249
26372;114,046;0,541431651145994
26373;114,050;0,485413875426612
26374;114,054;0,548158195080801
26375;114,058;0,643322251076523
26376;114,062;0,52654503751978
26377;114,066;0,547386296596479
26378;114,070;0,55014307689763
26379;114,075;0,634941638961025
26380;114,079;0,623032348060054
26381;114,083;0,662178628336393
26382;114,087;0,57539518445617
26383;114,091;0,588517458689647
26384;114,095;0,479679772400218
26385;114,099;0,594361832928087
26386;114,103;0,533602395090726
26387;114,108;0,575064370820032
26388;114,112;0,569991895065915
26389;114,116;0,60119864807494
26390;114,120;0,47879760270385
26391;114,124;0,497653979963721
26392;114,128;0,608476548069978
26393;114,132;0,511658423893566
26394;114,136;0,562052367798601
26395;114,141;0,535256463271416
26396;114,145;0,619393398062535
26397;114,149;0,511327610257428
26398;114,153;0,603624614739953
26399;114,157;0,499638861780549
26400;114,161;0,561059926890186
26401;114,165;0,599103495046066
26402;114,169;0,515848729951315
26403;114,174;0,71279311466552
26404;114,178;0,600867834438802
26405;114,182;0,47990031482431
26406;114,186;0,571535692034559
26407;114,190;0,441305390608201
26408;114,194;0,558964773861312
26409;114,198;0,603514343527907
26410;114,202;0,609358717766346
26411;114,206;0,514966560254947
26412;114,211;0,573851387487526
26413;114,215;0,651923405616113
26414;114,219;0,532720225394357
26415;114,223;0,683902057109461
26416;114,227;0,6494974389511
26417;114,231;0,626119941997342
26418;114,235;0,63394919805261
26419;114,239;0,501513472385332
26420;114,244;0,605940310192919
26421;114,248;0,585760678388497
26422;114,252;0,478025704219528
26423;114,256;0,582673084451208
26424;114,260;0,590833154142614
26425;114,264;0,602411631407447
26426;114,268;0,646630387437904
26427;114,272;0,669456528331431
26428;114,277;0,59844186777379
26429;114,281;0,545842499627835
26430;114,285;0,637036791989899
26431;114,289;0,604617055648367
26432;114,293;0,579806032938011
26433;114,297;0,578813592029597
26434;114,301;0,74664637676365
26435;114,305;0,624355602604606
26436;114,310;0,547386296596479
26437;114,314;0,505042151170805
26438;114,318;0,574071929911618
26439;114,322;0,497874522387813
26440;114,326;0,686328023774473
26441;114,330;0,683681514685369
26442;114,334;0,554443654167425
26443;114,338;0,611564142007267
26444;114,343;0,484752248154336
26445;114,347;0,684343141957645
26446;114,351;0,590833154142614
26447;114,355;0,652805575312481
26448;114,359;0,555436095075839
26449;114,363;0,523457443582491
26450;114,367;0,593038578383534
26451;114,371;0,560729113254048
26452;114,375;0,60009593595448
26453;114,380;0,60649166625315
26454;114,384;0,521252019341571
26455;114,388;0,591715323838982
26456;114,392;0,587304475357141
26457;114,396;0,522023917825893
26458;114,400;0,587194204145095
26459;114,404;0,717645047995545
26460;114,408;0,492250690573465
26461;114,413;0,593920748079903
26462;114,417;0,516179543587453
26463;114,421;0,659311576823197
26464;114,425;0,6897464313479
26465;114,429;0,637257334413991
26466;114,433;0,595795358684685
26467;114,437;0,545732228415789
26468;114,441;0,545291143567605
26469;114,446;0,598331596561744
26470;114,450;0,544739787507374
26471;114,454;0,618180414730028
26472;114,458;0,642219538956062
26473;114,462;0,613328481400003
26474;114,466;0,553120399622873
26475;114,470;0,525662867823412
26476;114,474;0,479238687552034
26477;114,479;0,632956757144196
26478;114,483;0,586201763236681
26479;114,487;0,590722882930568
26480;114,491;0,563485893555199
26481;114,495;0,588517458689647
26482;114,499;0,549040364777169
26483;114,503;0,537682429936429
26484;114,507;0,56844809809727
26485;114,512;0,512209779953796
26486;114,516;0,648174184406548
26487;114,520;0,719519658600328
26488;114,524;0,497323166327583
26489;114,528;0,576938981424814
26490;114,532;0,628766451086447
26491;114,536;0,596126172320823
26492;114,540;0,623363161696192
26493;114,544;0,59094342535466
26494;114,549;0,641668182895832
26495;114,553;0,643101708652431
26496;114,557;0,548930093565123
26497;114,561;0,670338698027799
26498;114,565;0,629538349570769
26499;114,569;0,660634831367749
26500;114,573;0,55179714507832
26501;114,577;0,637036791989899
26502;114,582;0,511989237529704
26503;114,586;0,468652651195616
26504;114,590;0,58509905111622
26505;114,594;0,602852716255631
26506;114,598;0,565029690523843
26507;114,602;0,582673084451208
26508;114,606;0,513863848134487
26509;114,610;0,510776254197198
26510;114,615;0,619724211698673
26511;114,619;0,635051910173071
26512;114,623;0,560288028405864
26513;114,627;0,616857160185476
26514;114,631;0,649607710163146
26515;114,635;0,606932751101334
26516;114,639;0,591274238990798
26517;114,643;0,552238229926504
26518;114,648;0,487729570879578
26519;114,652;0,601860275347217
26520;114,656;0,625017229876882
26521;114,660;0,571204878398421
26522;114,664;0,618290685942075
26523;114,668;0,548268466292847
26524;114,672;0,555656637499931
26525;114,676;0,647733099558364
26526;114,681;0,529853173881161
26527;114,685;0,52764774964024
26528;114,689;0,569440539005684
26529;114,693;0,603624614739953
26530;114,697;0,676183072266239
26531;114,701;0,636154622293531
26532;114,705;0,64199899653197
26533;114,709;0,524780698127044
26534;114,713;0,627222654117803
26535;114,718;0,656775338946138
26536;114,722;0,67089005408803
26537;114,726;0,527978563276378
26538;114,730;0,562713995070877
26539;114,734;0,599434308682204
26540;114,738;0,677616598022837
26541;114,742;0,621488551091409
26542;114,746;0,564809148099751
26543;114,751;0,532720225394357
26544;114,755;0,694267551041787
26545;114,759;0,645968760165627
26546;114,763;0,62424533139256
26547;114,767;0,488170655727762
26548;114,771;0,637588148050129
26549;114,775;0,601419190499032
26550;114,779;0,597559698077421
26551;114,784;0,560288028405864
26552;114,788;0,486626858759118
26553;114,792;0,724261320718307
26554;114,796;0,664384052577314
26555;114,800;0,576938981424814
26556;114,804;0,541983007206224
26557;114,808;0,53349212387868
26558;114,812;0,607373835949518
26559;114,817;0,64839472683064
26560;114,821;0,62369397533233
26561;114,825;0,557090163256529
26562;114,829;0,53459483599914
26563;114,833;0,609689531402484
26564;114,837;0,596567257169007
26565;114,841;0,581019016270517
26566;114,845;0,681476090444448
26567;114,850;0,610351158674761
26568;114,854;0,594251561716041
26569;114,858;0,627222654117803
26570;114,862;0,492140419361419
26571;114,866;0,701765993460917
26572;114,870;0,653356931372711
26573;114,874;0,656554796522046
26574;114,878;0,680373378323988
26575;114,882;0,552569043562642
26576;114,887;0,600316478378572
26577;114,891;0,512650864801981
26578;114,895;0,59789051171356
26579;114,899;0,5689994541575
26580;114,903;0,640565470775372
26581;114,907;0,557090163256529
26582;114,911;0,503388082990114
26583;114,915;0,693716194981557
26584;114,920;0,656223982885908
26585;114,924;0,637588148050129
26586;114,928;0,564037249615429
26587;114,932;0,536469446603922
26588;114,936;0,56569131779612
26589;114,940;0,592266679899212
26590;114,944;0,591825595051028
26591;114,948;0,60175000413517
26592;114,953;0,663612154092992
26593;114,957;0,591605052626936
26594;114,961;0,555987451136069
26595;114,965;0,641557911683786
26596;114,969;0,661737543488209
26597;114,973;0,633067028356242
26598;114,977;0,756019429787563
26599;114,981;0,641668182895832
26600;114,986;0,5426446344785
26601;114,990;0,538895413268935
26602;114,994;0,579364948089827
26603;114,998;0,691179957104499
26604;115,002;0,535366734483462
26605;115,006;0,621268008667317
26606;115,010;0,721063455568972
26607;115,014;0,652585032888389
26608;115,019;0,445716239090042
26609;115,023;0,542534363266454
26610;115,027;0,682468531352862
26611;115,031;0,523788257218629
26612;115,035;0,563485893555199
26613;115,039;0,528971004184792
26614;115,043;0,725694846474905
26615;115,047;0,636816249565807
26616;115,051;0,612556582915681
26617;115,056;0,640234657139234
26618;115,060;0,713013657089612
26619;115,064;0,739037663132474
26620;115,068;0,566132402644304
26621;115,072;0,688533448015394
26622;115,076;0,679711751051712
26623;115,080;0,675300902569871
26624;115,084;0,57649789657663
26625;115,089;0,496771810267353
26626;115,093;0,636926520777853
26627;115,097;0,591163967778752
26628;115,101;0,667361375302557
26629;115,105;0,564698876887705
26630;115,109;0,609027904130208
26631;115,113;0,684784226805829
26632;115,117;0,598882952621974
26633;115,122;0,62369397533233
26634;115,126;0,64199899653197
26635;115,130;0,659752661671381
26636;115,134;0,640786013199464
26637;115,138;0,657106152582276
26638;115,142;0,644094149560845
26639;115,146;0,637036791989899
26640;115,150;0,60175000413517
26641;115,155;0,535807819331646
26642;115,159;0,513533034498349
26643;115,163;0,594802917776271
26644;115,167;0,508019473896047
26645;115,171;0,620826923819133
26646;115,175;0,600316478378572
26647;115,179;0,582452542027116
26648;115,183;0,625678857149158
26649;115,188;0,576608167788676
26650;115,192;0,612556582915681
26651;115,196;0,507137304199679
26652;115,200;0,569219996581593
26653;115,204;0,61674688897343
26654;115,208;0,540549481449625
26655;115,212;0,645196861681305
26656;115,216;0,512650864801981
26657;115,220;0,464572616349913
26658;115,225;0,628986993510539
26659;115,229;0,549922534473538
26660;115,233;0,706287113154804
26661;115,237;0,672213308632582
26662;115,241;0,593479663231718
26663;115,245;0,628104823814171
26664;115,249;0,629648620782815
26665;115,253;0,625568585937112
26666;115,258;0,614320922308418
26667;115,262;0,544519245083282
26668;115,266;0,542754905690546
26669;115,270;0,508681101168324
26670;115,274;0,698788670735674
26671;115,278;0,662399170760485
26672;115,282;0,588186645053509
26673;115,286;0,583224440511438
26674;115,291;0,64894608289087
26675;115,295;0,619944754122765
26676;115,299;0,688423176803348
26677;115,303;0,60649166625315
26678;115,307;0,627774010178033
26679;115,311;0,551907416290366
26680;115,315;0,61729824503366
26681;115,319;0,51794388298019
26682;115,324;0,544188431447144
26683;115,328;0,629979434418953
26684;115,332;0,672323579844628
26685;115,336;0,584327152631898
26686;115,340;0,631412960175552
26687;115,344;0,682689073776954
26688;115,348;0,534484564787094
26689;115,352;0,549371178413308
26690;115,357;0,622701534423916
26691;115,361;0,658539678338875
26692;115,365;0,590502340506476
26693;115,369;0,652033676828159
26694;115,373;0,531507242061851
26695;115,377;0,621709093515501
26696;115,381;0,605278682920643
26697;115,385;0,638470317746498
26698;115,389;0,601419190499032
26699;115,394;0,596456985956961
26700;115,398;0,666920290454373
26701;115,402;0,611674413219313
26702;115,406;0,604617055648367
26703;115,410;0,69084914346836
26704;115,414;0,560508570829956
26705;115,418;0,565911860220212
26706;115,422;0,831665481251137
26707;115,427;0,712903385877566
26708;115,431;0,753152378274366
26709;115,435;0,593589934443765
26710;115,439;0,803987407027584
26711;115,443;0,639352487442866
26712;115,447;0,548599279928985
26713;115,451;0,665486764697774
26714;115,455;0,578482778393459
26715;115,460;0,60649166625315
26716;115,464;0,633838926840564
26717;115,468;0,684563684381737
26718;115,472;0,524560155702951
26719;115,476;0,523016358734307
26720;115,480;0,708051452547541
26721;115,484;0,565801589008166
26722;115,488;0,771126585837868
26723;115,493;0,634941638961025
26724;115,497;0,595464545048547
26725;115,501;0,709926063152323
26726;115,505;0,589509899598061
26727;115,509;0,635823808657393
26728;115,513;0,642440081380155
26729;115,517;0,643211979864477
26730;115,521;0,762635702510324
26731;115,526;0,637367605626037
26732;115,530;0,627774010178033
26733;115,534;0,530514801153437
26734;115,538;0,451450342116435
26735;115,542;0,690738872256314
26736;115,546;0,583555254147576
26737;115,550;0,660855373791841
26738;115,554;0,579254676877781
26739;115,558;0,715770437390763
26740;115,563;0,623583704120284
26741;115,567;0,594251561716041
26742;115,571;0,573300031427295
26743;115,575;0,637367605626037
26744;115,579;0,713013657089612
26745;115,583;0,612887396551819
26746;115,587;0,624355602604606
26747;115,591;0,681365819232402
26748;115,596;0,709374707092093
26749;115,600;0,523236901158399
26750;115,604;0,821189716106765
26751;115,608;0,595354273836501
26752;115,612;0,52764774964024
26753;115,616;0,739368476768612
26754;115,620;0,671110596512122
26755;115,624;0,733854916166311
26756;115,629;0,568227555673178
26757;115,633;0,765171940387383
26758;115,637;0,614100379884326
26759;115,641;0,640455199563326
26760;115,645;0,66449432378936
26761;115,649;0,514304932982671
26762;115,653;0,594913188988317
26763;115,657;0,660193746519565
26764;115,662;0,563375622343153
26765;115,666;0,723599693446031
26766;115,670;0,716652607087131
26767;115,674;0,638029232898313
26768;115,678;0,61509282079274
26769;115,682;0,572858946579111
26770;115,686;0,589509899598061
26771;115,690;0,495669098146892
26772;115,695;0,644204420772891
26773;115,699;0,651261778343837
26774;115,703;0,60979980261453
26775;115,707;0,61784960109389
26776;115,711;0,543526804174868
26777;115,715;0,678278225295113
26778;115,719;0,716762878299177
26779;115,723;0,665266222273682
26780;115,727;0,622811805635962
26781;115,732;0,507468117835817
26782;115,736;0,583886067783714
26783;115,740;0,679160394991482
26784;115,744;0,571976776882743
26785;115,748;0,642109267744016
26786;115,752;0,582562813239162
26787;115,756;0,683902057109461
26788;115,760;0,611453870795221
26789;115,765;0,730215966168792
26790;115,769;0,721173726781018
26791;115,773;0,512871407226073
26792;115,777;0,675411173781917
26793;115,781;0,6092484465543
26794;115,785;0,616967431397522
26795;115,789;0,602521902619493
26796;115,793;0,61674688897343
26797;115,798;0,594472104140133
26798;115,802;0,656885610158184
26799;115,806;0,536028361755738
26800;115,810;0,604396513224275
26801;115,814;0,547717110232617
26802;115,818;0,592376951111258
26803;115,822;0,590612611718522
26804;115,826;0,536689989028014
26805;115,831;0,680483649536034
26806;115,835;0,677726869234883
26807;115,839;0,587635288993279
26808;115,843;0,632956757144196
26809;115,847;0,650159066223376
26810;115,851;0,711910944969152
26811;115,855;0,614982549580694
26812;115,859;0,588848272325785
26813;115,864;0,671661952572352
26814;115,868;0,635603266233301
26815;115,872;0,706287113154804
26816;115,876;0,702096807097055
26817;115,880;0,741022544949303
26818;115,884;0,710918504060737
26819;115,888;0,69614216164657
26820;115,892;0,613549023824095
26821;115,896;0,542534363266454
26822;115,901;0,667251104090511
26823;115,905;0,743779325250454
26824;115,909;0,621378279879363
26825;115,913;0,698457857099536
26826;115,917;0,620606381395041
26827;115,921;0,684894498017875
26828;115,925;0,662399170760485
26829;115,929;0,700553010128411
26830;115,934;0,712021216181198
26831;115,938;0,57704925263686
26832;115,942;0,651151507131791
26833;115,946;0,59039206929443
26834;115,950;0,620165296546857
26835;115,954;0,608807361706116
26836;115,958;0,594251561716041
26837;115,962;0,635382723809209
26838;115,967;0,656554796522046
26839;115,971;0,724702405566491
26840;115,975;0,742235528281809
26841;115,979;0,714888267694394
26842;115,983;0,708713079819817
26843;115,987;0,720401828296696
26844;115,991;0,612336040491589
26845;115,995;0,690187516196084
26846;116,000;0,635162181385117
26847;116,004;0,654459643493172
26848;116,008;0,538344057208705
26849;116,012;0,611012785947037
26850;116,016;0,656334254097954
26851;116,020;0,765061669175337
26852;116,024;0,685004769229921
26853;116,028;0,660083475307519
26854;116,033;0,60869709049407
26855;116,037;0,749623699488893
26856;116,041;0,710587690424599
26857;116,045;0,51154815268152
26858;116,049;0,716983420723269
26859;116,053;0,667140832878465
26860;116,057;0,611233328371129
26861;116,061;0,650489879859515
26862;116,065;0,595023460200363
26863;116,070;0,608366276857932
26864;116,074;0,628656179874401
26865;116,078;0,608586819282024
26866;116,082;0,762084346450094
26867;116,086;0,745653935855236
26868;116,090;0,618952313214351
26869;116,094;0,649166625314962
26870;116,098;0,681365819232402
26871;116,103;0,717534776783499
26872;116,107;0,576718439000722
26873;116,111;0,637036791989899
26874;116,115;0,705735757094574
26875;116,119;0,53514619205937
26876;116,123;0,681586361656494
26877;116,127;0,686879379834703
26878;116,131;0,656003440461816
26879;116,136;0,645748217741535
26880;116,140;0,697355144979076
26881;116,144;0,684122599533553
26882;116,148;0,732311119197667
26883;116,152;0,55764151931676
26884;116,156;0,576938981424814
26885;116,160;0,696472975282708
26886;116,164;0,728561897988102
26887;116,169;0,592156408687166
26888;116,173;0,656003440461816
26889;116,177;0,605058140496551
26890;116,181;0,629428078358723
26891;116,185;0,572969217791157
26892;116,189;0,605609496556781
26893;116,193;0,691951855588821
26894;116,197;0,638029232898313
26895;116,202;0,690408058620176
26896;116,206;0,570984335974329
26897;116,210;0,612777125339773
26898;116,214;0,553340942046964
26899;116,218;0,619834482910719
26900;116,222;0,76109190554168
26901;116,226;0,699781111644089
26902;116,230;0,671331138936214
26903;116,234;0,667912731362787
26904;116,239;0,717645047995545
26905;116,243;0,555877179924023
26906;116,247;0,528971004184792
26907;116,251;0,67309547832895
26908;116,255;0,559185316285404
26909;116,259;0,56844809809727
26910;116,263;0,728451626776056
26911;116,267;0,664714866213452
26912;116,272;0,626891840481665
26913;116,276;0,577490337485045
26914;116,280;0,655231541977494
26915;116,284;0,638360046534452
26916;116,288;0,61509282079274
26917;116,292;0,752711293426182
26918;116,296;0,63284648593215
26919;116,300;0,651041235919745
26920;116,305;0,450568172420067
26921;116,309;0,589179085961923
26922;116,313;0,703861146489792
26923;116,317;0,630089705631
26924;116,321;0,669346257119385
26925;116,325;0,520369849645202
26926;116,329;0,66284025560867
26927;116,333;0,708382266183679
26928;116,338;0,65699588137023
26929;116,342;0,560729113254048
26930;116,346;0,740140375252935
26931;116,350;0,769582788869224
26932;116,354;0,682137717716724
26933;116,358;0,718858031328051
26934;116,362;0,56679402991658
26935;116,366;0,682358260140816
26936;116,371;0,660745102579795
26937;116,375;0,654900728341356
26938;116,379;0,568778911733408
26939;116,383;0,653467202584757
26940;116,387;0,773883366139019
26941;116,391;0,748962072216617
26942;116,395;0,616526346549338
26943;116,399;0,592376951111258
26944;116,403;0,613549023824095
26945;116,408;0,678167954083067
26946;116,412;0,629317807146677
26947;116,416;0,636154622293531
26948;116,420;0,698898941947721
26949;116,424;0,836848228217301
26950;116,428;0,67949120862762
26951;116,432;0,683240429837185
26952;116,436;0,660193746519565
26953;116,441;0,684012328321507
26954;116,445;0,649276896527008
26955;116,449;0,696583246494754
26956;116,453;0,79329109945912
26957;116,457;0,529081275396839
26958;116,461;0,687210193470842
26959;116,465;0,728231084351964
26960;116,469;0,727679728291734
26961;116,474;0,620716652607087
26962;116,478;0,756129700999609
26963;116,482;0,628656179874401
26964;116,486;0,629097264722585
26965;116,490;0,585540135964404
26966;116,494;0,633067028356242
26967;116,498;0,626119941997342
26968;116,502;0,583555254147576
26969;116,507;0,851183485783284
26970;116,511;0,593479663231718
26971;116,515;0,674087919237364
26972;116,519;0,734406272226541
26973;116,523;0,717534776783499
26974;116,527;0,597780240501513
26975;116,531;0,733634373742219
26976;116,535;0,742897155554085
26977;116,540;0,685115040441967
26978;116,544;0,591825595051028
26979;116,548;0,638029232898313
26980;116,552;0,602411631407447
26981;116,556;0,604837598072459
26982;116,560;0,706838469215034
26983;116,564;0,733193288894035
26984;116,568;0,613659295036141
26985;116,572;0,741904714645671
26986;116,577;0,607925192009748
26987;116,581;0,592818035959442
26988;116,585;0,66614839197005
26989;116,589;0,613107938975911
26990;116,593;0,586532576872819
26991;116,597;0,693826466193603
26992;116,601;0,732421390409713
26993;116,605;0,684012328321507
26994;116,610;0,693716194981557
26995;116,614;0,570653522338191
26996;116,618;0,738486307072244
26997;116,622;0,644645505621075
26998;116,626;0,752380479790044
26999;116,630;0,693385381345419
27000;116,634;0,692172398012913
27001;116,638;0,628656179874401
27002;116,643;0,561611282950417
27003;116,647;0,647622828346318
27004;116,651;0,814793985808095
27005;116,655;0,594141290503995
27006;116,659;0,673977648025318
27007;116,663;0,531286699637759
27008;116,667;0,672985207116904
27009;116,671;0,717865590419637
27010;116,676;0,705074129822298
27011;116,680;0,633618384416472
27012;116,684;0,666589476818234
27013;116,688;0,748631258580479
27014;116,692;0,635272452597163
27015;116,696;0,625568585937112
27016;116,700;0,615203092004786
27017;116,704;0,657988322278644
27018;116,709;0,614100379884326
27019;116,713;0,67144141014826
27020;116,717;0,601970546559263
27021;116,721;0,765833567659659
27022;116,725;0,677947411658975
27023;116,729;0,745984749491374
27024;116,733;0,651813134404067
27025;116,737;0,638139504110359
27026;116,741;0,641116826835602
27027;116,746;0,636264893505577
27028;116,750;0,699340026795905
27029;116,754;0,706176841942758
27030;116,758;0,729885152532654
27031;116,762;0,871032303951569
27032;116,766;0,615423634428878
27033;116,770;0,705515214670482
27034;116,774;0,677837140446929
27035;116,779;0,679601479839666
27036;116,783;0,719960743448512
27037;116,787;0,725915388898997
27038;116,791;0,748962072216617
27039;116,795;0,60759437837361
27040;116,799;0,670779782875983
27041;116,803;0,676844699538515
27042;116,807;0,764951397963291
27043;116,812;0,606601937465196
27044;116,816;0,640124385927188
27045;116,820;0,644645505621075
27046;116,824;0,756019429787563
27047;116,828;0,602962987467677
27048;116,832;0,768810890384902
27049;116,836;0,722276438901478
27050;116,840;0,733524102530173
27051;116,845;0,743779325250454
27052;116,849;0,611343599583175
27053;116,853;0,71279311466552
27054;116,857;0,756350243423701
27055;116,861;0,699340026795905
27056;116,865;0,728672169200148
27057;116,869;0,627994552602125
27058;116,873;0,661958085912301
27059;116,878;0,661186187427979
27060;116,882;0,617739329881844
27061;116,886;0,681365819232402
27062;116,890;0,621929635939593
27063;116,894;0,703089248005469
27064;116,898;0,784359131283392
27065;116,902;0,529742902669115
27066;116,906;0,717314234359407
27067;116,910;0,620826923819133
27068;116,915;0,709264435880047
27069;116,919;0,760650820693496
27070;116,923;0,682468531352862
27071;116,927;0,622701534423916
27072;116,931;0,60009593595448
27073;116,935;0,936974488755093
27074;116,939;0,627222654117803
27075;116,943;0,558523689013128
27076;116,948;0,792629472186844
27077;116,952;0,69084914346836
27078;116,956;0,715439623754625
27079;116,960;0,723709964658077
27080;116,964;0,750064784337077
27081;116,968;0,713565013149842
27082;116,972;0,72834135556401
27083;116,976;0,709484978304139
27084;116,981;0,795717066124132
27085;116,985;0,633177299568288
27086;116,989;0,745212851007052
27087;116,993;0,715219081330532
27088;116,997;0,700883823764549
27089;117,001;0,664384052577314
27090;117,005;0,659642390459335
27091;117,009;0,700442738916365
27092;117,014;0,72194562526534
27093;117,018;0,652143948040205
27094;117,022;0,608586819282024
27095;117,026;0,641227098047648
27096;117,030;0,741132816161349
27097;117,034;0,782374249466563
27098;117,038;0,722938066173754
27099;117,042;0,756460514635747
27100;117,047;0,622150178363685
27101;117,051;0,583224440511438
27102;117,055;0,617739329881844
27103;117,059;0,610902514734991
27104;117,063;0,750726411609353
27105;117,067;0,79273974339889
27106;117,071;0,707389825275265
27107;117,075;0,784469402495438
27108;117,079;0,659642390459335
27109;117,084;0,604947869284505
27110;117,088;0,686548566198565
27111;117,092;0,61674688897343
27112;117,096;0,626340484421435
27113;117,100;0,690077244984038
27114;117,104;0,653356931372711
27115;117,108;0,745984749491374
27116;117,112;0,762304888874186
27117;117,117;0,713234199513704
27118;117,121;0,755026988879148
27119;117,125;0,671110596512122
27120;117,129;0,680373378323988
27121;117,133;0,743007426766131
27122;117,137;0,776529875228124
27123;117,141;0,583224440511438
27124;117,145;0,697134602554984
27125;117,150;0,617408516245706
27126;117,154;0,772119026746283
27127;117,158;0,616085261701154
27128;117,162;0,712682843453474
27129;117,166;0,666920290454373
27130;117,170;0,628656179874401
27131;117,174;0,7438895964625
27132;117,178;0,755909158575517
27133;117,183;0,633508113204426
27134;117,187;0,812368019143082
27135;117,191;0,702537891945239
27136;117,195;0,637918961686267
27137;117,199;0,718527217691913
27138;117,203;0,657216423794322
27139;117,207;0,612556582915681
27140;117,211;0,647953641982456
27141;117,216;0,668684629847109
27142;117,220;0,749623699488893
27143;117,224;0,803325779755308
27144;117,228;0,667030561666419
27145;117,232;0,863533861532439
27146;117,236;0,588738001113739
27147;117,240;0,678498767719205
27148;117,244;0,737383594951784
27149;117,248;0,700111925280227
27150;117,253;0,762525431298278
27151;117,257;0,643322251076523
27152;117,261;0,623032348060054
27153;117,265;0,617077702609568
27154;117,269;0,770023873717408
27155;117,273;0,798694388849375
27156;117,277;0,699891382856135
27157;117,281;0,589399628386015
27158;117,286;0,67419819044941
27159;117,290;0,715990979814855
27160;117,294;0,703089248005469
27161;117,298;0,887903799394611
27162;117,302;0,709264435880047
27163;117,306;0,620275567758903
27164;117,310;0,726466744959227
27165;117,314;0,797591676728915
27166;117,319;0,705404943458436
27167;117,323;0,701324908612733
27168;117,327;0,69503944952611
27169;117,331;0,628215095026217
27170;117,335;0,792188387338659
27171;117,339;0,723599693446031
27172;117,343;0,671772223784398
27173;117,347;0,613879837460233
27174;117,352;0,753262649486412
27175;117,356;0,685886938926289
27176;117,360;0,732641932833805
27177;117,364;0,639352487442866
27178;117,368;0,836186600945024
27179;117,372;0,718416946479867
27180;117,376;0,783366690374977
27181;117,380;0,641888725319924
27182;117,385;0,60119864807494
27183;117,389;0,653798016220895
27184;117,393;0,612336040491589
27185;117,397;0,662288899548439
27186;117,401;0,748410716156387
27187;117,405;0,767708178264441
27188;117,409;0,786233741888174
27189;117,413;0,690518329832222
27190;117,417;0,698678399523628
27191;117,422;0,727459185867641
27192;117,426;0,698127043463398
27193;117,430;0,696252432858616
27194;117,434;0,601088376862894
27195;117,438;0,669456528331431
27196;117,442;0,805200390360091
27197;117,446;0,554774467803563
27198;117,450;0,7438895964625
27199;117,455;0,619724211698673
27200;117,459;0,635492995021255
27201;117,463;0,569440539005684
27202;117,467;0,734075458590403
27203;117,471;0,648063913194502
27204;117,475;0,636926520777853
27205;117,479;0,660965645003887
27206;117,483;0,584437423843944
27207;117,488;0,63064106169123
27208;117,492;0,722276438901478
27209;117,496;0,766936279780119
27210;117,500;0,656334254097954
27211;117,504;0,61509282079274
27212;117,508;0,742014985857717
27213;117,512;0,61674688897343
27214;117,516;0,731759763137437
27215;117,521;0,673316020753042
27216;117,525;0,834753075188426
27217;117,529;0,810603679750346
27218;117,533;0,788659708553187
27219;117,537;0,743999867674546
27220;117,541;0,781050994922011
27221;117,545;0,700332467704319
27222;117,549;0,855373791841033
27223;117,554;0,719629929812374
27224;117,558;0,776419604016078
27225;117,562;0,680814463172172
27226;117,566;0,576277354152538
27227;117,570;0,685115040441967
27228;117,574;0,613107938975911
27229;117,578;0,737934951012014
27230;117,582;0,785351572191806
27231;117,586;0,52654503751978
27232;117,591;0,853719723660343
27233;117,595;0,849970502450778
27234;117,599;0,834973617612518
27235;117,603;0,795165710063902
27236;117,607;0,701324908612733
27237;117,611;0,692613482861097
27238;117,615;0,711028775272783
27239;117,619;0,702207078309101
27240;117,624;0,682909616201047
27241;117,628;0,847103450937581
27242;117,632;0,817550766109246
27243;117,636;0,787556996432726
27244;117,640;0,726466744959227
27245;117,644;0,820748631258581
27246;117,648;0,740471188889073
27247;117,652;0,781161266134057
27248;117,657;0,764069228266923
27249;117,661;0,66504567984959
27250;117,665;0,630199976843046
27251;117,669;0,76109190554168
27252;117,673;0,811155035810576
27253;117,677;0,739368476768612
27254;117,681;0,75469617524301
27255;117,685;0,620606381395041
27256;117,690;0,741684172221579
27257;117,694;0,612115498067497
27258;117,698;0,68809236316721
27259;117,702;0,834532532764334
27260;117,706;0,680483649536034
27261;117,710;0,883162137276632
27262;117,714;0,809721510053978
27263;117,718;0,910288855439955
27264;117,723;0,779507197953366
27265;117,727;0,799025202485513
27266;117,731;0,654569914705218
27267;117,735;0,737934951012014
27268;117,739;0,789321335825463
27269;117,743;0,751388038881629
27270;117,747;0,727018101019457
27271;117,751;0,68224798892877
27272;117,755;0,724922947990583
27273;117,760;0,61454146473251
27274;117,764;0,815014528232187
27275;117,768;0,823064326711547
27276;117,772;0,67893985256739
27277;117,776;0,819425376714028
27278;117,780;0,709264435880047
27279;117,784;0,613659295036141
27280;117,788;0,615864719277062
27281;117,793;0,685115040441967
27282;117,797;0,856586775173539
27283;117,801;0,786013199464082
27284;117,805;0,640014114715142
27285;117,809;0,684232870745599
27286;117,813;0,783146147950885
27287;117,817;0,753483191910504
27288;117,821;0,804318220663722
27289;117,826;0,802333338846894
27290;117,830;0,618952313214351
27291;117,834;0,693275110133373
27292;117,838;0,749513428276847
27293;117,842;0,726577016171273
27294;117,846;0,728672169200148
27295;117,850;0,751277767669583
27296;117,854;0,730657051016976
27297;117,859;0,697024331342938
27298;117,863;0,795827337336178
27299;117,867;0,798584117637329
27300;117,871;0,724371591930353
27301;117,875;0,69834758588749
27302;117,879;0,671661952572352
27303;117,883;0,722386710113524
27304;117,887;0,628104823814171
27305;117,892;0,71224175860529
27306;117,896;0,77884557068109
27307;117,900;0,715108810118486
27308;117,904;0,732421390409713
27309;117,908;0,66614839197005
27310;117,912;0,756570785847793
27311;117,916;0,652915846524527
27312;117,920;0,792519200974798
27313;117,924;0,71974020102442
27314;117,929;0,744882037370914
27315;117,933;0,83354009185592
27316;117,937;0,837950940337761
27317;117,941;0,728782440412194
27318;117,945;0,873127456980443
27319;117,949;0,709926063152323
27320;117,953;0,667581917726649
27321;117,957;0,821741072166995
27322;117,962;0,881177255459803
27323;117,966;0,837289313065485
27324;117,970;0,630530790479184
27325;117,974;0,644976319257213
27326;117,978;0,770906043413776
27327;117,982;0,798584117637329
27328;117,986;0,833760634280012
27329;117,990;0,727128372231503
27330;117,995;0,734847357074725
27331;117,999;0,706066570730712
27332;118,003;0,924403570581846
27333;118,007;0,733303560106081
27334;118,011;0,650269337435422
27335;118,015;0,666699748030281
27336;118,019;0,728561897988102
27337;118,023;0,675962529842147
27338;118,028;0,743007426766131
27339;118,032;0,765613025235567
27340;118,036;0,681917175292632
27341;118,040;0,653136388948619
27342;118,044;0,692834025285189
27343;118,048;0,599103495046066
27344;118,052;0,692944296497235
27345;118,056;0,625127501088928
27346;118,061;0,763958957054876
27347;118,065;0,739037663132474
27348;118,069;0,710367148000507
27349;118,073;0,810603679750346
27350;118,077;0,701986535885009
27351;118,081;0,735729526771093
27352;118,085;0,6897464313479
27353;118,089;0,702207078309101
27354;118,093;0,721725082841248
27355;118,098;0,823615682771777
27356;118,102;0,702648163157285
27357;118,106;0,683460972261277
27358;118,110;0,793401370671166
27359;118,114;0,749513428276847
27360;118,118;0,766605466143981
27361;118,122;0,876215050917732
27362;118,126;0,697575687403168
27363;118,131;0,749954513125031
27364;118,135;0,738155493436106
27365;118,139;0,840928263063004
27366;118,143;0,776529875228124
27367;118,147;0,681806904080586
27368;118,151;0,752711293426182
27369;118,155;0,841700161547326
27370;118,159;0,650379608647468
27371;118,164;0,731428949501298
27372;118,168;0,781933164618379
27373;118,172;0,653246660160665
27374;118,176;0,700332467704319
27375;118,180;0,572417861730927
27376;118,184;0,619834482910719
27377;118,188;0,74499230858296
27378;118,192;0,708492537395725
27379;118,197;0,604947869284505
27380;118,201;0,621709093515501
27381;118,205;0,714888267694394
27382;118,209;0,787556996432726
27383;118,213;0,704963858610252
27384;118,217;0,878861560006837
27385;118,221;0,770354687353546
27386;118,225;0,742456070705901
27387;118,230;0,720401828296696
27388;118,234;0,862210606987887
27389;118,238;0,629758891994861
27390;118,242;0,654128829857033
27391;118,246;0,721173726781018
27392;118,250;0,795275981275948
27393;118,254;0,741022544949303
27394;118,258;0,773552552502881
27395;118,262;0,747087461611834
27396;118,267;0,834863346400472
27397;118,271;0,735619255559048
27398;118,275;0,72944406768447
27399;118,279;0,609358717766346
27400;118,283;0,749513428276847
27401;118,287;0,7632973297826
27402;118,291;0,722717523749662
27403;118,295;0,713234199513704
27404;118,300;0,832437379735459
27405;118,304;0,808508526721472
27406;118,308;0,7299954237447
27407;118,312;0,908303973623126
27408;118,316;0,746315563127512
27409;118,320;0,836186600945024
27410;118,324;0,765943838871705
27411;118,328;0,875553423645456
27412;118,333;0,729333796472424
27413;118,337;0,738155493436106
27414;118,341;0,626561026845527
27415;118,345;0,656334254097954
27416;118,349;0,762856244934416
27417;118,353;0,740250646464981
27418;118,357;0,784910487343622
27419;118,361;0,825049208528376
27420;118,366;0,732862475257897
27421;118,370;0,78468994491953
27422;118,374;0,726907829807411
27423;118,378;0,668905172271201
27424;118,382;0,683681514685369
27425;118,386;0,746425834339558
27426;118,390;0,821189716106765
27427;118,394;0,834422261552288
27428;118,399;0,802774423695078
27429;118,403;0,825931378224744
27430;118,407;0,78799808128091
27431;118,411;0,77774285856063
27432;118,415;0,763738414630784
27433;118,419;0,653908287432941
27434;118,423;0,664825137425498
27435;118,427;0,719960743448512
27436;118,431;0,947560525111512
27437;118,436;0,760320007057358
27438;118,440;0,791306217642291
27439;118,444;0,799686829757789
27440;118,448;0,79329109945912
27441;118,452;0,746205291915466
27442;118,456;0,692172398012913
27443;118,460;0,785351572191806
27444;118,464;0,861107894867426
27445;118,469;0,756350243423701
27446;118,473;0,683240429837185
27447;118,477;0,822182157015179
27448;118,481;0,77774285856063
27449;118,485;0,814573443384003
27450;118,489;0,658208864702736
27451;118,493;0,76109190554168
27452;118,497;0,708382266183679
27453;118,502;0,737934951012014
27454;118,506;0,662509441972531
27455;118,510;0,819756190350166
27456;118,514;0,776088790379939
27457;118,518;0,731318678289252
27458;118,522;0,844787755484614
27459;118,526;0,835855787308886
27460;118,530;0,682909616201047
27461;118,535;0,783476961587023
27462;118,539;0,743338240402269
27463;118,543;0,800679270666204
27464;118,547;0,753372920698458
27465;118,551;0,73859657828429
27466;118,555;0,828136802465664
27467;118,559;0,784800216131576
27468;118,563;0,617187973821614
27469;118,568;0,687761549531072
27470;118,572;0,805200390360091
27471;118,576;0,708161723759587
27472;118,580;0,813139917627405
27473;118,584;0,788328894917048
27474;118,588;0,768921161596948
27475;118,592;0,831886023675229
27476;118,596;0,788990522189325
27477;118,600;0,732090576773575
27478;118,605;0,846662366089397
27479;118,609;0,789321335825463
27480;118,613;0,826372463072928
27481;118,617;0,836076329732978
27482;118,621;0,774434722199249
27483;118,625;0,781050994922011
27484;118,629;0,77189848432219
27485;118,633;0,757011870695977
27486;118,638;0,788328894917048
27487;118,642;0,815455613080371
27488;118,646;0,698898941947721
27489;118,650;0,793511641883212
27490;118,654;0,658319135914782
27491;118,658;0,709374707092093
27492;118,662;0,787777538856818
27493;118,666;0,900364446355812
27494;118,671;0,735729526771093
27495;118,675;0,818874020653798
27496;118,679;0,722055896477386
27497;118,683;0,778735299469044
27498;118,687;0,777632587348584
27499;118,691;0,887352443334381
27500;118,695;0,688202634379256
27501;118,699;0,695259991950202
27502;118,704;0,736060340407232
27503;118,708;0,813250188839451
27504;118,712;0,644645505621075
27505;118,716;0,688753990439486
27506;118,720;0,703420061641608
27507;118,724;0,729554338896516
27508;118,728;0,777963400984722
27509;118,732;0,758224854028483
27510;118,737;0,805972288844413
27511;118,741;0,692834025285189
27512;118,745;0,69614216164657
27513;118,749;0,775978519167894
27514;118,753;0,652033676828159
27515;118,757;0,699781111644089
27516;118,761;0,905878006958113
27517;118,765;0,787887810068864
27518;118,769;0,7632973297826
27519;118,774;0,752601022214136
27520;118,778;0,771457399474006
27521;118,782;0,832768193371597
27522;118,786;0,783256419162931
27523;118,790;0,920654349372281
27524;118,794;0,769472517657178
27525;118,798;0,783807775223161
27526;118,802;0,752601022214136
27527;118,807;0,693716194981557
27528;118,811;0,778955841893136
27529;118,815;0,796930049456639
27530;118,819;0,753483191910504
27531;118,823;0,76274597372237
27532;118,827;0,734957628286771
27533;118,831;0,681365819232402
27534;118,835;0,883713493336862
27535;118,840;0,687761549531072
27536;118,844;0,791857573702521
27537;118,848;0,853940266084435
27538;118,852;0,852506740327836
27539;118,856;0,76054054948145
27540;118,860;0,787777538856818
27541;118,864;0,738155493436106
27542;118,868;0,821741072166995
27543;118,873;0,808177713085333
27544;118,877;0,787336454008634
27545;118,881;0,71974020102442
27546;118,885;0,751388038881629
27547;118,889;0,673867376813272
27548;118,893;0,695921619222478
27549;118,897;0,741353358585441
27550;118,901;0,730987864653114
27551;118,906;0,610902514734991
27552;118,910;0,81159612065876
27553;118,914;0,659311576823197
27554;118,918;0,777963400984722
27555;118,922;0,84324395851597
27556;118,926;0,749182614640709
27557;118,930;0,699119484371812
27558;118,934;0,778625028256998
27559;118,939;0,753152378274366
27560;118,943;0,832768193371597
27561;118,947;0,85019104487487
27562;118,951;0,747418275247972
27563;118,955;0,924403570581846
27564;118,959;0,797371134304823
27565;118,963;0,755468073727332
27566;118,967;0,864416031228807
27567;118,971;0,767487635840349
27568;118,976;0,823064326711547
27569;118,980;0,757452955544161
27570;118,984;0,825931378224744
27571;118,988;0,897387123630569
27572;118,992;0,731870034349483
27573;118,996;0,786233741888174
27574;119,000;0,778183943408814
27575;119,004;0,817771308533338
27576;119,009;0,792519200974798
27577;119,013;0,69503944952611
27578;119,017;0,823505411559731
27579;119,021;0,891983834240314
27580;119,025;0,793952726731396
27581;119,029;0,737273323739738
27582;119,033;0,841810432759372
27583;119,037;0,622150178363685
27584;119,042;0,706066570730712
27585;119,046;0,724371591930353
27586;119,050;0,864526302440853
27587;119,054;0,743558782826361
27588;119,058;0,808287984297379
27589;119,062;0,766936279780119
27590;119,066;0,808949611569656
27591;119,070;0,740360917677027
27592;119,075;0,869378235770878
27593;119,079;0,689856702559946
27594;119,083;0,696252432858616
27595;119,087;0,887131900910289
27596;119,091;0,708602808607771
27597;119,095;0,728010541927872
27598;119,099;0,780058554013596
27599;119,103;0,822071885803133
27600;119,108;0,830121684282493
27601;119,112;0,775757976743801
27602;119,116;0,841479619123234
27603;119,120;0,757894040392345
27604;119,124;0,846662366089397
27605;119,128;0,805090119148045
27606;119,132;0,879082102430929
27607;119,136;0,677396055598745
27608;119,140;0,675080360145779
27609;119,145;0,773221738866743
27610;119,149;0,876766406977962
27611;119,153;0,727900270715826
27612;119,157;0,744661494946822
27613;119,161;0,976231040243479
27614;119,165;0,820528088834488
27615;119,169;0,708713079819817
27616;119,173;0,682689073776954
27617;119,178;0,775206620683571
27618;119,182;0,836076329732978
27619;119,186;0,69559080558634
27620;119,190;0,706507655578896
27621;119,194;0,800899813090296
27622;119,198;0,775757976743801
27623;119,202;0,823725953983823
27624;119,206;0,773001196442651
27625;119,211;0,761422719177818
27626;119,215;0,701655722248871
27627;119,219;0,852175926691698
27628;119,223;0,82824707367771
27629;119,227;0,773001196442651
27630;119,231;0,803215508543262
27631;119,235;0,728451626776056
27632;119,239;0,83629687215707
27633;119,244;0,739258205556566
27634;119,248;0,800568999454157
27635;119,252;0,762966516146462
27636;119,256;0,775978519167894
27637;119,260;0,725474304050813
27638;119,264;0,740140375252935
27639;119,268;0,756901599483931
27640;119,272;0,80078954187825
27641;119,277;0,765502754023521
27642;119,281;0,800568999454157
27643;119,285;0,790865132794107
27644;119,289;0,84269260245574
27645;119,293;0,842802873667786
27646;119,297;0,835414702460702
27647;119,301;0,771567670686052
27648;119,305;0,789872691885693
27649;119,309;0,758114582816437
27650;119,314;0,81799185095743
27651;119,318;0,794283540367534
27652;119,322;0,864526302440853
27653;119,326;0,768810890384902
27654;119,330;0,657767779854552
27655;119,334;0,640234657139234
27656;119,338;0,696252432858616
27657;119,342;0,755578344939378
27658;119,347;0,668574358635063
27659;119,351;0,864085217592669
27660;119,355;0,782043435830425
27661;119,359;0,798584117637329
27662;119,363;0,765282211599429
27663;119,367;0,877317763038193
27664;119,371;0,731539220713345
27665;119,375;0,786123470676128
27666;119,380;0,706838469215034
27667;119,384;0,696362704070662
27668;119,388;0,803987407027584
27669;119,392;0,715439623754625
27670;119,396;0,727128372231503
27671;119,400;0,664273781365268
27672;119,404;0,710587690424599
27673;119,408;0,761974075238048
27674;119,413;0,763407600994646
27675;119,417;0,793952726731396
27676;119,421;0,785461843403852
27677;119,425;0,75249075100209
27678;119,429;0,766384923719889
27679;119,433;0,9173462130109
27680;119,437;0,933886894817804
27681;119,441;0,907421803926758
27682;119,446;0,810383137326254
27683;119,450;0,775647705531755
27684;119,454;0,792519200974798
27685;119,458;0,843464500940062
27686;119,462;0,701545451036825
27687;119,466;0,667692188938695
27688;119,470;0,700994094976595
27689;119,474;0,794504082791626
27690;119,478;0,752270208577998
27691;119,483;0,727900270715826
27692;119,487;0,825931378224744
27693;119,491;0,822292428227225
27694;119,495;0,820969173682673
27695;119,499;0,715439623754625
27696;119,503;0,865629014561314
27697;119,507;0,741573901009533
27698;119,511;0,794173269155488
27699;119,516;0,864085217592669
27700;119,520;0,876104779705686
27701;119,524;0,775316891895617
27702;119,528;0,842802873667786
27703;119,532;0,804649034299861
27704;119,536;0,735619255559048
27705;119,540;0,922418688765018
27706;119,544;0,705404943458436
27707;119,549;0,820858902470627
27708;119,553;0,830673040342723
27709;119,557;0,71444718284621
27710;119,561;0,778514757044952
27711;119,565;0,747749088884111
27712;119,569;0,712903385877566
27713;119,573;0,813801544899681
27714;119,577;0,81799185095743
27715;119,582;0,767377364628303
27716;119,586;0,824828666104284
27717;119,590;0,848757519118271
27718;119,594;0,887352443334381
27719;119,598;0,811375578234668
27720;119,602;0,838722838822083
27721;119,606;0,787556996432726
27722;119,610;0,809170153993748
27723;119,615;0,855153249416941
27724;119,619;0,839384466094359
27725;119,623;0,790424047945923
27726;119,627;0,854050537296481
27727;119,631;0,855484063053079
27728;119,635;0,839274194882313
27729;119,639;0,794724625215718
27730;119,643;0,75414481918278
27731;119,647;0,736060340407232
27732;119,652;0,723709964658077
27733;119,656;0,919661908463867
27734;119,660;0,820417817622442
27735;119,664;0,811926934294898
27736;119,668;0,878751288794791
27737;119,672;0,942267506933303
27738;119,676;0,708823351031863
27739;119,680;0,88349295091277
27740;119,685;0,761974075238048
27741;119,689;0,948883779656064
27742;119,693;0,882500510004356
27743;119,697;0,786123470676128
27744;119,701;0,890881122119854
27745;119,705;0,766826008568073
27746;119,709;0,775206620683571
27747;119,713;0,910288855439955
27748;119,718;0,719078573752143
27749;119,722;0,802884694907124
27750;119,726;0,952963814501767
27751;119,730;0,7369425101036
27752;119,734;0,698898941947721
27753;119,738;0,901356887264226
27754;119,742;0,909516956955632
27755;119,746;0,823615682771777
27756;119,751;0,810713950962392
27757;119,755;0,808618797933518
27758;119,759;0,733854916166311
27759;119,763;0,886911358486197
27760;119,767;0,803436050967354
27761;119,771;0,800017643393927
27762;119,775;0,856145690325355
27763;119,779;0,918559196343407
27764;119,784;0,861548979715611
27765;119,788;0,854712164568757
27766;119,792;0,902128785748549
27767;119,796;0,829680599434309
27768;119,800;0,879302644855021
27769;119,804;0,796930049456639
27770;119,808;0,75304210706232
27771;119,812;0,880736170611619
27772;119,816;0,831444938827045
27773;119,821;0,719850472236466
27774;119,825;0,681365819232402
27775;119,829;0,863644132744485
27776;119,833;1,0201189826378
27777;119,837;0,839605008518451
27778;119,841;0,844567213060522
27779;119,845;0,736721967679508
27780;119,849;0,890550308483716
27781;119,854;0,802002525210756
27782;119,858;0,886580544850059
27783;119,862;0,781161266134057
27784;119,866;0,940723709964658
27785;119,870;0,777522316136538
27786;119,874;0,841038534275049
27787;119,878;0,904223938777423
27788;119,882;0,848757519118271
27789;119,887;0,911391567560415
27790;119,891;0,747308004035926
27791;119,895;0,994646332655165
27792;119,899;0,815235070656279
27793;119,903;0,784579673707484
27794;119,907;0,859564097898782
27795;119,911;0,871142575163615
27796;119,915;0,65864994955092
27797;119,920;0,814022087323773
27798;119,924;0,927711706943227
27799;119,928;1,04272458110723
27800;119,932;0,765392482811475
27801;119,936;0,747418275247972
27802;119,940;0,820307546410396
27803;119,944;0,857689487294
27804;119,948;0,826262191860882
27805;119,953;0,781271537346103
27806;119,957;0,972371547821868
27807;119,961;0,771126585837868
27808;119,965;0,933225267545528
27809;119,969;0,786674826736358
27810;119,973;0,843354229728016
27811;119,977;0,809500967629886
27812;119,981;0,798804660061421
27813;119,985;0,844677484272568
27814;119,990;0,838612567610037
27815;119,994;0,857910029718092
27816;119,998;0,824056767619961
27817;120,002;0,942377778145349
27818;120,006;0,937856658451461
27819;120,010;0,735288441922909
27820;120,014;0,731649491925391
27821;120,018;0,837620126701623
27822;120,023;0,810272866114208
27823;120,027;0,814573443384003
27824;120,031;0,843905585788246
27825;120,035;0,927270622095043
27826;120,039;0,828357344889756
27827;120,043;0,813470731263543
27828;120,047;0,749182614640709
27829;120,051;0,918338653919315
27830;120,056;0,789652149461601
27831;120,060;0,957374662983608
27832;120,064;0,790313776733877
27833;120,068;0,748190173732295
27834;120,072;0,921426247856603
27835;120,076;0,863974946380623
27836;120,080;0,985934906903529
27837;120,084;0,848867790330317
27838;120,089;0,908855329683356
27839;120,093;0,778625028256998
27840;120,097;0,93234309784916
27841;120,101;0,791857573702521
27842;120,105;0,789872691885693
27843;120,109;0,80409767823963
27844;120,113;0,80939069641784
27845;120,117;0,83354009185592
27846;120,122;0,721835354053294
27847;120,126;0,861548979715611
27848;120,130;0,934548522090081
27849;120,134;0,952522729653583
27850;120,138;0,80409767823963
27851;120,142;0,797591676728915
27852;120,146;0,855814876689217
27853;120,150;0,855373791841033
27854;120,154;0,705184401034344
27855;120,159;0,992661450838337
27856;120,163;0,807736628237149
27857;120,167;0,904334209989469
27858;120,171;0,861659250927657
27859;120,175;0,803215508543262
27860;120,179;0,87378908425272
27861;120,183;0,914148347861566
27862;120,187;0,891983834240314
27863;120,192;0,883713493336862
27864;120,196;0,837620126701623
27865;120,200;0,858020300930138
27866;120,204;0,819315105501982
27867;120,208;0,858020300930138
27868;120,212;0,91458943270975
27869;120,216;0,907532075138804
27870;120,220;0,887793528182565
27871;120,225;0,783146147950885
27872;120,229;0,912714822104967
27873;120,233;0,880515628187527
27874;120,237;0,857248402445816
27875;120,241;0,797701947940961
27876;120,245;0,790754861582061
27877;120,249;0,835083888824564
27878;120,253;0,721063455568972
27879;120,258;0,839825550942543
27880;120,262;0,816337782776739
27881;120,266;0,906870447866528
27882;120,270;0,876876678190008
27883;120,274;0,922749502401156
27884;120,278;0,913155906953151
27885;120,282;0,928263063003457
27886;120,286;0,776750417652216
27887;120,291;0,70639738436685
27888;120,295;0,824167038832007
27889;120,299;0,764069228266923
27890;120,303;0,781712622194287
27891;120,307;0,977664566000077
27892;120,311;0,790424047945923
27893;120,315;0,891101664543946
27894;120,319;0,921426247856603
27895;120,323;0,837730397913669
27896;120,328;0,935540962998495
27897;120,332;0,899151463023306
27898;120,336;0,994536061443119
27899;120,340;0,856255961537401
27900;120,344;0,852175926691698
27901;120,348;0,943701032689901
27902;120,352;0,92484465543003
27903;120,356;0,841700161547326
27904;120,361;0,820858902470627
27905;120,365;0,802884694907124
27906;120,369;0,804318220663722
27907;120,373;0,98869168720468
27908;120,377;0,865849556985406
27909;120,381;0,819315105501982
27910;120,385;0,727459185867641
27911;120,389;0,912935364529059
27912;120,394;0,898600106963076
27913;120,398;0,904113667565377
27914;120,402;0,75998919342122
27915;120,406;0,805420932784183
27916;120,410;0,770906043413776
27917;120,414;0,911281296348369
27918;120,418;0,847213722149627
27919;120,422;0,840046093366635
27920;120,427;0,927821978155273
27921;120,431;0,712572572241428
27922;120,435;0,806964729752827
27923;120,439;0,81159612065876
27924;120,443;0,83409144791615
27925;120,447;0,881177255459803
27926;120,451;0,88128752667185
27927;120,455;0,804207949451676
27928;120,460;0,89904119181126
27929;120,464;0,918007840283177
27930;120,468;0,899923361507628
27931;120,472;0,838281753973899
27932;120,476;0,76274597372237
27933;120,480;0,899151463023306
27934;120,484;0,829570328222263
27935;120,488;0,858020300930138
27936;120,492;0,877758847886377
27937;120,497;0,944252388750131
27938;120,501;0,818874020653798
27939;120,505;0,845559653968937
27940;120,509;0,929145232699825
27941;120,513;0,799245744909605
27942;120,517;0,831114125190907
27943;120,521;0,79494516763981
27944;120,525;0,740691731313165
27945;120,530;0,880184814551389
27946;120,534;0,89904119181126
27947;120,538;0,807736628237149
27948;120,542;0,741684172221579
27949;120,546;0,788659708553187
27950;120,550;0,853278638812159
27951;120,554;0,822071885803133
27952;120,558;0,779066113105182
27953;120,563;0,918559196343407
27954;120,567;1,03390288414355
27955;120,571;0,839274194882313
27956;120,575;0,876766406977962
27957;120,579;0,853940266084435
27958;120,583;0,774875807047433
27959;120,587;0,903782853929239
27960;120,591;0,931350656940746
27961;120,596;0,851734841843514
27962;120,600;0,836627685793208
27963;120,604;0,85184511305556
27964;120,608;0,854491622144665
27965;120,612;0,782484520678609
27966;120,616;0,764841126751245
27967;120,620;0,854491622144665
27968;120,624;0,785682385827944
27969;120,629;0,847323993361673
27970;120,633;0,871693931223845
27971;120,637;0,852617011539882
27972;120,641;0,874560982737042
27973;120,645;0,810713950962392
27974;120,649;0,884375120609138
27975;120,653;0,82659300549702
27976;120,657;0,94899405086811
27977;120,661;0,888344884242795
27978;120,666;0,823725953983823
27979;120,670;0,76969306008127
27980;120,674;0,802884694907124
27981;120,678;0,804649034299861
27982;120,682;0,887352443334381
27983;120,686;0,877979390310469
27984;120,690;0,825159479740422
27985;120,694;0,772008755534237
27986;120,699;0,839605008518451
27987;120,703;0,913707263013381
27988;120,707;0,859233284262644
27989;120,711;0,823174597923593
27990;120,715;0,951199475109031
27991;120,719;0,874560982737042
27992;120,723;0,763738414630784
27993;120,727;0,877538305462285
27994;120,732;0,847213722149627
27995;120,736;0,808398255509425
27996;120,740;0,935320420574403
27997;120,744;0,851073214571238
27998;120,748;0,855484063053079
27999;120,752;0,813691273687635
28000;120,756;0,737052781315646
28001;120,760;0,761202176753726
28002;120,765;0,924183028157754
28003;120,769;0,977885108424169
28004;120,773;0,929365775123917
28005;120,777;0,915471602406118
28006;120,781;0,798032761577099
28007;120,785;0,829018972162033
28008;120,789;0,839605008518451
28009;120,793;0,715770437390763
28010;120,798;0,883713493336862
28011;120,802;0,96619635994729
28012;120,806;0,945906456930821
28013;120,810;0,77994828280155
28014;120,814;0,998285282652684
28015;120,818;0,845339111544845
28016;120,822;0,918559196343407
28017;120,826;0,90069525999195
28018;120,830;0,90819370241108
28019;120,835;0,768810890384902
28020;120,839;0,860225725171058
28021;120,843;1,00798914931273
28022;120,847;0,833650363067966
28023;120,851;0,806413373692597
28024;120,855;0,887352443334381
28025;120,859;0,855704605477171
28026;120,863;0,827585446405434
28027;120,868;0,812698832779221
28028;120,872;0,892314647876452
28029;120,876;0,910840211500185
28030;120,880;0,812698832779221
28031;120,884;0,727569457079688
28032;120,888;0,955720594802918
28033;120,892;1,01085620082593
28034;120,896;0,832878464583644
28035;120,901;0,903562311505147
28036;120,905;0,847544535785765
28037;120,909;0,901577429688318
28038;120,913;0,82549029337656
28039;120,917;0,912714822104967
28040;120,921;0,853168367600112
28041;120,925;0,945355100870591
28042;120,929;0,812588561567175
28043;120,934;0,811816663082852
28044;120,938;0,861769522139703
28045;120,942;0,902239056960595
28046;120,946;0,825600564588606
28047;120,950;0,719960743448512
28048;120,954;0,933335538757574
28049;120,958;0,829239514586125
28050;120,962;0,988581415992634
28051;120,967;0,915361331194072
28052;120,971;0,900474717567858
28053;120,975;0,820638360046534
28054;120,979;0,862651691836071
28055;120,983;0,762084346450094
28056;120,987;0,853058096388067
28057;120,991;0,899923361507628
28058;120,995;0,868937150922694
28059;120,999;0,797481405516869
28060;121,004;0,82824707367771
28061;121,008;0,918007840283177
28062;121,012;0,887352443334381
28063;121,016;0,933997166029851
28064;121,020;0,85989491153492
28065;121,024;0,867613896378142
28066;121,028;0,824718394892238
28067;121,032;1,12542799014175
28068;121,037;0,836517414581162
28069;121,041;0,887352443334381
28070;121,045;1,0004907068936
28071;121,049;0,842472060031648
28072;121,053;0,89209410545236
28073;121,057;0,898379564538984
28074;121,061;0,879523187279113
28075;121,065;0,826262191860882
28076;121,070;0,951971373593353
28077;121,074;0,861659250927657
28078;121,078;0,858571656990368
28079;121,082;0,86684199789382
28080;121,086;0,817771308533338
28081;121,090;0,914920246345888
28082;121,094;0,885808646365737
28083;121,098;0,895291970601695
28084;121,103;0,878530746370699
28085;121,107;0,918890009979545
28086;121,111;0,967188800855705
28087;121,115;0,841259076699142
28088;121,119;0,852617011539882
28089;121,123;0,848536976694179
28090;121,127;0,929034961487779
28091;121,131;0,891432478180084
28092;121,136;0,853499181236251
28093;121,140;0,797922490365053
28094;121,144;0,796158150972316
28095;121,148;0,806523644904643
28096;121,152;0,81688913883697
28097;121,156;0,873458270616582
28098;121,160;0,85294782517602
28099;121,164;1,01835464324506
28100;121,168;0,883272408488678
28101;121,173;0,832106566099321
28102;121,177;0,867283082742004
28103;121,181;0,877538305462285
28104;121,185;0,951199475109031
28105;121,189;0,875332881221364
28106;121,193;0,906980719078574
28107;121,197;0,997513384168362
28108;121,201;0,989573856901048
28109;121,206;1,05794200836958
28110;121,210;0,902239056960595
28111;121,214;0,90653963423039
28112;121,218;0,952853543289721
28113;121,222;0,865408472137221
28114;121,226;0,878751288794791
28115;121,230;0,852837553963974
28116;121,234;0,831775752463183
28117;121,239;0,828688158525895
28118;121,243;0,956161679651102
28119;121,247;0,841920703971418
28120;121,251;0,915471602406118
28121;121,255;0,972371547821868
28122;121,259;0,96399093570637
28123;121,263;0,803215508543262
28124;121,267;0,819204834289936
28125;121,272;0,959910900860667
28126;121,276;0,946568084203098
28127;121,280;0,841479619123234
28128;121,284;0,976782396303709
28129;121,288;0,94844269480788
28130;121,292;0,858020300930138
28131;121,296;0,898820649387168
28132;121,300;0,970055852368901
28133;121,305;0,898048750902846
28134;121,309;0,891983834240314
28135;121,313;0,822182157015179
28136;121,317;0,863203047896301
28137;121,321;0,77134712826196
28138;121,325;0,926278181186629
28139;121,329;0,812919375203313
28140;121,333;0,79439381157958
28141;121,337;0,884926476669368
28142;121,342;0,850632129723054
28143;121,346;1,06202204321529
28144;121,350;0,983839753874655
28145;121,354;0,95009676298857
28146;121,358;0,878199932734561
28147;121,362;0,945024287234453
28148;121,366;0,977774837212123
28149;121,370;0,886360002425967
28150;121,375;0,776529875228124
28151;121,379;0,816558325200831
28152;121,383;0,880956713035711
28153;121,387;0,802112796422802
28154;121,391;0,811485849446714
28155;121,395;0,855263520628987
28156;121,399;0,858020300930138
28157;121,403;0,952963814501767
28158;121,408;0,900364446355812
28159;121,412;1,00401938567908
28160;121,416;1,04845868413363
28161;121,420;0,841148805487096
28162;121,424;1,0047912841634
28163;121,428;0,792298658550705
28164;121,432;0,970717479641177
28165;121,436;0,976672125091663
28166;121,441;0,869267964558832
28167;121,445;1,07062319775488
28168;121,449;0,900584988779904
28169;121,453;0,868606337286556
28170;121,457;0,907311532714712
28171;121,461;0,770134144929454
28172;121,465;0,75524753130324
28173;121,469;0,972151005397776
28174;121,474;0,958477375104068
28175;121,478;0,996962028108132
28176;121,482;0,962667681161818
28177;121,486;0,75469617524301
28178;121,490;0,909075872107448
28179;121,494;0,819204834289936
28180;121,498;0,935982047846679
28181;121,502;0,879523187279113
28182;121,506;1,11153381742395
28183;121,511;0,98869168720468
28184;121,515;0,990566297809462
28185;121,519;0,936974488755093
28186;121,523;0,870701490315431
28187;121,527;0,964652562978646
28188;121,531;0,991669009929923
28189;121,535;0,904995837261745
28190;121,539;0,872906914556351
28191;121,544;0,881397797883895
28192;121,548;1,1075640537903
28193;121,552;0,883162137276632
28194;121,556;0,917456484222946
28195;121,560;0,936092319058725
28196;121,564;0,831665481251137
28197;121,568;0,838281753973899
28198;121,572;0,94094425238875
28199;121,577;0,823064326711547
28200;121,581;0,938408014511692
28201;121,585;0,792408929762752
28202;121,589;0,988471144780588
28203;121,593;0,898159022114892
28204;121,597;0,850411587298962
28205;121,601;0,854932706992849
28206;121,605;0,955500052378826
28207;121,610;0,85989491153492
28208;121,614;0,943590761477855
28209;121,618;0,776970960076308
28210;121,622;0,952081644805399
28211;121,626;0,953735712986089
28212;121,630;0,887572985758473
28213;121,634;0,806192831268505
28214;121,638;0,963329308434094
28215;121,643;0,878641017582745
28216;121,647;0,982957584178286
28217;121,651;0,831334667614999
28218;121,655;0,936753946331001
28219;121,659;0,804538763087814
28220;121,663;0,87434044031295
28221;121,667;0,896725496358293
28222;121,671;1,04250403868314
28223;121,675;0,93344580996962
28224;121,680;0,939400455420106
28225;121,684;0,976120769031433
28226;121,688;0,793180828247074
28227;121,692;1,10216076440004
28228;121,696;0,901797972112411
28229;121,700;0,792519200974798
28230;121,704;0,773662823714927
28231;121,708;1,06125014473097
28232;121,713;0,849970502450778
28233;121,717;0,850080773662824
28234;121,721;1,0311461038424
28235;121,725;0,901577429688318
28236;121,729;0,929696588760055
28237;121,733;0,864636573652899
28238;121,737;0,794614354003672
28239;121,741;0,921315976644557
28240;121,746;0,773993637351065
28241;121,750;0,911281296348369
28242;121,754;0,953956255410181
28243;121,758;0,971048293277316
28244;121,762;0,846441823665305
28245;121,766;1,01162809931025
28246;121,770;0,964983376614784
28247;121,774;0,983839753874655
28248;121,779;0,913817534225427
28249;121,783;0,902680141808779
28250;121,787;0,899151463023306
28251;121,791;0,850301316086916
28252;121,795;1,0395267159579
28253;121,799;0,90709099029062
28254;121,803;0,840487178214819
28255;121,807;0,902569870596733
28256;121,812;0,852727282751928
28257;121,816;0,799356016121651
28258;121,820;0,954066526622227
28259;121,824;0,911722381196553
28260;121,828;0,90984777059177
28261;121,832;1,05231817655524
28262;121,836;1,11197490227214
28263;121,840;0,922970044825248
28264;121,844;0,835414702460702
28265;121,849;0,973915344790512
28266;121,853;0,855263520628987
28267;121,857;0,857910029718092
28268;121,861;0,877317763038193
28269;121,865;0,979980261453044
28270;121,869;0,837289313065485
28271;121,873;1,00258585992248
28272;121,877;0,894409800905327
28273;121,882;0,852175926691698
28274;121,886;0,950648119048801
28275;121,890;0,915471602406118
28276;121,894;0,897607666054661
28277;121,898;0,862320878199933
28278;121,902;0,986927347811944
28279;121,906;0,956823306923378
28280;121,910;1,03919590232176
28281;121,915;0,858020300930138
28282;121,919;0,888565426666887
28283;121,923;0,890109223635532
28284;121,927;0,92208787512888
28285;121,931;1,05540577049253
28286;121,935;0,82493893731633
28287;121,939;0,986265720539667
28288;121,943;0,831444938827045
28289;121,948;0,981965143269872
28290;121,952;0,970166123580947
28291;121,956;1,03280017202309
28292;121,960;0,954507611470412
28293;121,964;0,88294159485254
28294;121,968;0,940172353904428
28295;121,972;1,00435019931522
28296;121,976;1,00457074173931
28297;121,981;0,860887352443334
28298;121,985;0,990897111445601
28299;121,989;0,856697046385585
28300;121,993;0,876435593341824
28301;121,997;0,994646332655165
28302;122,001;0,92594736755049
28303;122,005;0,923521400885478
28304;122,009;0,881066984247757
28305;122,013;1,02452983111964
28306;122,018;0,948552966019926
28307;122,022;0,836076329732978
28308;122,026;0,960241714496805
28309;122,030;0,996851756896086
28310;122,034;0,909186143319494
28311;122,038;0,902680141808779
28312;122,042;0,855373791841033
28313;122,046;0,949324864504248
28314;122,051;0,852506740327836
28315;122,055;1,09311852501227
28316;122,059;0,821961614591087
28317;122,063;1,07249780835966
28318;122,067;0,995859315987672
28319;122,071;0,956602764499286
28320;122,075;0,871363117587707
28321;122,079;0,861328437291519
28322;122,084;0,898710378175122
28323;122,088;1,05694956746117
28324;122,092;0,81159612065876
28325;122,096;0,887131900910289
28326;122,100;1,02838932354125
28327;122,104;0,978546735696445
28328;122,108;1,0713950962392
28329;122,112;0,941275066024888
28330;122,117;1,01096647203798
28331;122,121;1,06047824624664
28332;122,125;0,924072756945708
28333;122,129;0,955279509954734
28334;122,133;0,896284411510109
28335;122,137;0,95594113722701
28336;122,141;0,926167909974583
28337;122,145;0,96399093570637
28338;122,150;0,933004725121436
28339;122,154;0,925616553914352
28340;122,158;1,04812787049749
28341;122,162;0,805310661572137
28342;122,166;0,923631672097524
28343;122,170;0,814242629747865
28344;122,174;0,961234155405219
28345;122,178;0,907752617562896
28346;122,182;0,957264391771562
28347;122,187;0,944914016022407
28348;122,191;0,985383550843299
28349;122,195;0,84908833275441
28350;122,199;0,893968716057143
28351;122,203;1,00688643719227
28352;122,207;0,879743729703205
28353;122,211;0,908303973623126
28354;122,215;0,808508526721472
28355;122,220;0,950317305412662
28356;122,224;1,02078060991007
28357;122,228;1,0436067508036
28358;122,232;0,902900684232871
28359;122,236;0,839494737306405
28360;122,240;0,968512055400257
28361;122,244;0,856697046385585
28362;122,248;0,891432478180084
28363;122,253;0,891983834240314
28364;122,257;1,15464986133395
28365;122,261;0,967960699340027
28366;122,265;0,954948696318596
28367;122,269;0,841369347911188
28368;122,273;0,950537847836755
28369;122,277;0,995969587199718
28370;122,281;1,03688020686879
28371;122,286;0,833760634280012
28372;122,290;0,982737041754195
28373;122,294;0,904885566049699
28374;122,298;0,986596534175805
28375;122,302;1,11462141136124
28376;122,306;1,00920213264524
28377;122,310;0,930578758456424
28378;122,314;0,926829537246859
28379;122,319;0,960241714496805
28380;122,323;0,89154274939213
28381;122,327;0,909516956955632
28382;122,331;1,05507495685639
28383;122,335;0,991338196293785
28384;122,339;0,989463585689002
28385;122,343;0,977113209939847
28386;122,347;0,811155035810576
28387;122,351;0,904554752413561
28388;122,356;0,862210606987887
28389;122,360;0,855925147901263
28390;122,364;0,944803744810361
28391;122,368;0,856917588809677
28392;122,372;0,872796643344305
28393;122,376;0,908634787259264
28394;122,380;0,989573856901048
28395;122,384;0,93234309784916
28396;122,389;0,871914473647937
28397;122,393;1,04856895534567
28398;122,397;0,951861102381307
28399;122,401;0,896725496358293
28400;122,405;0,949765949352432
28401;122,409;0,905657464534022
28402;122,413;0,972151005397776
28403;122,417;0,92319058724934
28404;122,422;0,938518285723738
28405;122,426;0,925726825126398
28406;122,430;0,929586317548009
28407;122,434;1,00865077658501
28408;122,438;0,982516499330102
28409;122,442;0,973033175094144
28410;122,446;0,985383550843299
28411;122,450;0,937746387239415
28412;122,455;1,04989220989023
28413;122,459;0,984721923571023
28414;122,463;0,981303515997596
28415;122,467;0,901026073628088
28416;122,471;0,957926019043838
28417;122,475;1,04184241141087
28418;122,479;0,762966516146462
28419;122,483;0,879964272127297
28420;122,488;1,06698424775736
28421;122,492;0,983398669026471
28422;122,496;1,0560673977648
28423;122,500;0,871693931223845
28424;122,504;1,11109273257577
28425;122,508;1,02188332203053
28426;122,512;0,863754403956531
28427;122,516;0,970166123580947
28428;122,520;0,970276394792993
28429;122,525;0,818432935805614
28430;122,529;1,06213231442733
28431;122,533;0,853609452448297
28432;122,537;0,892204376664406
28433;122,541;1,05408251594797
28434;122,545;1,01041511597775
28435;122,549;0,990566297809462
28436;122,553;1,0977499159182
28437;122,558;0,90598827817016
28438;122,562;1,1324853477127
28439;122,566;1,0352261386881
28440;122,570;0,921315976644557
28441;122,574;1,02364766142327
28442;122,578;0,911832652408599
28443;122,582;0,903893125141285
28444;122,586;0,968622326612303
28445;122,591;0,97259209024596
28446;122,595;0,992661450838337
28447;122,599;1,02596335687624
28448;122,603;1,01625949021619
28449;122,607;0,991338196293785
28450;122,611;1,06323502654779
28451;122,615;1,00159341901407
28452;122,619;0,973253717518236
28453;122,624;0,955830866014964
28454;122,628;1,03710074929289
28455;122,632;0,969173682672533
28456;122,636;0,937966929663507
28457;122,640;1,04305539474337
28458;122,644;1,0464738023168
28459;122,648;0,948552966019926
28460;122,652;1,00038043568156
28461;122,657;0,848206163058041
28462;122,661;0,937746387239415
28463;122,665;0,868826879710648
28464;122,669;0,995969587199718
28465;122,673;0,914920246345888
28466;122,677;0,969504496308671
28467;122,681;0,949435135716294
28468;122,685;1,0352261386881
28469;122,689;0,929255503911871
28470;122,694;0,98979439932514
28471;122,698;0,972261276609822
28472;122,702;1,07470323260058
28473;122,706;1,0476867856493
28474;122,710;1,0227654917269
28475;122,714;1,00368857204294
28476;122,718;0,796819778244593
28477;122,722;1,05011275231432
28478;122,727;0,902900684232871
28479;122,731;0,939179912996014
28480;122,735;0,886911358486197
28481;122,739;0,95704384934747
28482;122,743;0,922749502401156
28483;122,747;1,09179527046772
28484;122,751;1,03985752959404
28485;122,755;1,00699670840432
28486;122,760;1,00225504628634
28487;122,764;1,00137287658997
28488;122,768;1,00501182658749
28489;122,772;0,943590761477855
28490;122,776;1,05474414322025
28491;122,780;1,07315943563194
28492;122,784;1,07382106290421
28493;122,788;1,00677616598023
28494;122,793;0,920323535736143
28495;122,797;0,926829537246859
28496;122,801;0,862761963048117
28497;122,805;0,885036747881414
28498;122,809;0,971599649337546
28499;122,813;0,916022958466348
28500;122,817;0,888455155454841
28501;122,821;1,14318165528116
28502;122,826;0,963549850858186
28503;122,830;0,958587646316114
28504;122,834;0,905436922109929
28505;122,838;0,800568999454157
28506;122,842;0,987258161448082
28507;122,846;0,858681928202414
28508;122,850;1,00545291143568
28509;122,854;0,958256832679976
28510;122,858;0,971379106913454
28511;122,863;0,919551637251821
28512;122,867;0,89044003727167
28513;122,871;0,859453826686736
28514;122,875;0,911171025136323
28515;122,879;0,865518743349268
28516;122,883;1,05286953261547
28517;122,887;0,978436464484399
28518;122,891;0,911391567560415
28519;122,896;1,04548136140838
28520;122,900;0,974797514486881
28521;122,904;0,990566297809462
28522;122,908;1,04481973413611
28523;122,912;1,07249780835966
28524;122,916;0,879854000915251
28525;122,920;0,910288855439955
28526;122,924;0,980531617513274
28527;122,929;0,82493893731633
28528;122,933;1,01659030385232
28529;122,937;1,02894067960148
28530;122,941;1,18144576586114
28531;122,945;0,985824635691483
28532;122,949;0,912384008468829
28533;122,953;0,867172811529958
28534;122,957;1,1061305280337
28535;122,962;0,875884237281594
28536;122,966;1,03423369777969
28537;122,970;1,10811540985053
28538;122,974;0,993323078110613
28539;122,978;0,987809517508312
28540;122,982;0,94733998268742
28541;122,986;0,962998494797956
28542;122,990;0,99674148568404
28543;122,995;1,03710074929289
28544;122,999;1,04371702201565
28545;123,003;0,992440908414245
28546;123,007;0,973584531154374
28547;123,011;1,07271835078375
28548;123,015;1,01559786294391
28549;123,019;1,10701269773007
28550;123,023;1,20724922947991
28551;123,027;1,06709451896941
28552;123,032;0,890109223635532
28553;123,036;1,0713950962392
28554;123,040;0,91624350089044
28555;123,044;1,03092556141831
28556;123,048;1,06400692503212
28557;123,052;0,997954469016546
28558;123,056;0,960682799344989
28559;123,060;0,927821978155273
28560;123,065;0,903562311505147
28561;123,069;0,962557409949771
28562;123,073;1,0560673977648
28563;123,077;0,871804202435891
28564;123,081;0,875002067585226
28565;123,085;1,02232440687872
28566;123,089;0,899923361507628
28567;123,093;0,927932249367319
28568;123,098;0,991338196293785
28569;123,102;0,99674148568404
28570;123,106;1,02717634020874
28571;123,110;0,92594736755049
28572;123,114;0,89044003727167
28573;123,118;1,00534264022363
28574;123,122;0,871473388799753
28575;123,126;1,0213319659703
28576;123,131;0,848757519118271
28577;123,135;1,03191800232672
28578;123,139;0,950427576624709
28579;123,143;1,11638575075398
28580;123,147;1,06323502654779
28581;123,151;1,075695673509
28582;123,155;1,05220790534319
28583;123,159;1,07360052048012
28584;123,164;1,058934449278
28585;123,168;1,06213231442733
28586;123,172;0,986265720539667
28587;123,176;1,03941644474585
28588;123,180;0,994646332655165
28589;123,184;0,994205247806981
28590;123,188;0,902569870596733
28591;123,192;0,880074543339343
28592;123,196;1,00137287658997
28593;123,201;1,06389665382007
28594;123,205;0,975348870547111
28595;123,209;0,995307959927442
28596;123,213;1,0131718962789
28597;123,217;1,04967166746613
28598;123,221;1,08826659168224
28599;123,225;0,945355100870591
28600;123,229;0,904003396353331
28601;123,234;1,0575009235214
28602;123,238;0,920544078160235
28603;123,242;1,05728038109731
28604;123,246;1,09962452652298
28605;123,250;0,975900226607341
28606;123,254;0,935099878150311
28607;123,258;1,01846491445711
28608;123,262;1,01118701446207
28609;123,267;0,999057181137006
28610;123,271;0,904223938777423
28611;123,275;0,978326193272353
28612;123,279;0,906760176654482
28613;123,283;0,97953917660486
28614;123,287;1,02739688263284
28615;123,291;1,04327593716746
28616;123,295;0,981082973573504
28617;123,300;1,06654316290918
28618;123,304;1,03588776596038
28619;123,308;0,896394682722155
28620;123,312;0,972481819033914
28621;123,316;1,04327593716746
28622;123,320;1,04757651443726
28623;123,324;0,961123884193173
28624;123,328;1,14715141891482
28625;123,333;1,02177305081849
28626;123,337;1,01107674325002
28627;123,341;1,05959607655028
28628;123,345;1,00787887810069
28629;123,349;1,05187709170705
28630;123,353;0,966747716007521
28631;123,357;0,983508940238517
28632;123,361;0,8437953145762
28633;123,365;1,04470946292406
28634;123,370;0,984611652358977
28635;123,374;0,956933578135424
28636;123,378;0,993764162958797
28637;123,382;0,940613438752612
28638;123,386;1,01625949021619
28639;123,390;1,042173225047
28640;123,394;1,09289798258818
28641;123,398;0,933997166029851
28642;123,403;0,912273737256783
28643;123,407;0,966968258431613
28644;123,411;1,07679838562946
28645;123,415;1,11362897045283
28646;123,419;1,03710074929289
28647;123,423;0,994977146291304
28648;123,427;1,10546890076142
28649;123,431;1,08837686289429
28650;123,436;0,984170567510793
28651;123,440;1,06080905988278
28652;123,444;1,03158718869058
28653;123,448;1,0464738023168
28654;123,452;0,993764162958797
28655;123,456;0,974687243274834
28656;123,460;1,00776860688864
28657;123,464;1,04889976898181
28658;123,469;1,06974102805851
28659;123,473;1,20283838099806
28660;123,477;1,01824437203302
28661;123,481;1,0033577584068
28662;123,485;0,940282625116474
28663;123,489;0,961013612981127
28664;123,493;1,0838557432004
28665;123,497;1,13005938104769
28666;123,502;1,11892198863104
28667;123,506;1,00776860688864
28668;123,510;1,15652447193873
28669;123,514;0,977113209939847
28670;123,518;1,05595712655276
28671;123,522;1,02100115233417
28672;123,526;1,13061073710792
28673;123,530;1,04129105535063
28674;123,534;1,1087770371228
28675;123,539;0,902790413020825
28676;123,543;1,03996780080608
28677;123,547;1,01813410082097
28678;123,551;1,07459296138854
28679;123,555;1,05672902503708
28680;123,559;1,01107674325002
28681;123,563;0,990456026597416
28682;123,567;1,19820699009213
28683;123,572;0,979649447816906
28684;123,576;1,00390911446703
28685;123,580;1,02464010233168
28686;123,584;0,986155449327621
28687;123,588;1,19015719161277
28688;123,592;1,04746624322521
28689;123,596;0,972261276609822
28690;123,600;1,09113364319544
28691;123,605;1,11638575075398
28692;123,609;1,00666589476818
28693;123,613;1,11120300378782
28694;123,617;0,971379106913454
28695;123,621;1,06477882351644
28696;123,625;1,09752937349411
28697;123,629;1,0407396992904
28698;123,633;0,988801958416726
28699;123,638;1,22202557189407
28700;123,642;1,23426567643118
28701;123,646;1,07007184169465
28702;123,650;1,0117383705223
28703;123,654;1,15729637042306
28704;123,658;1,15233416588098
28705;123,662;1,18497444464661
28706;123,666;0,900033632719674
28707;123,671;1,13689619619454
28708;123,675;1,03224881596286
28709;123,679;1,03434396899174
28710;123,683;1,18309983404183
28711;123,687;0,996631214471994
28712;123,691;1,08881794774247
28713;123,695;1,07999625077879
28714;123,699;1,14274057043298
28715;123,703;1,02541200081601
28716;123,708;1,16280993102536
28717;123,712;1,10006561137117
28718;123,716;1,06389665382007
28719;123,720;1,02662498414851
28720;123,724;0,992330637202199
28721;123,728;0,875222610009318
28722;123,732;1,02894067960148
28723;123,736;1,01339243870299
28724;123,741;1,19103936130914
28725;123,745;0,95814656146793
28726;123,749;1,01791355839688
28727;123,753;1,15652447193873
28728;123,757;0,959800629648621
28729;123,761;0,975348870547111
28730;123,765;0,954507611470412
28731;123,769;1,21199089159788
28732;123,774;1,10767432500234
28733;123,778;1,10447645985301
28734;123,782;0,984060296298747
28735;123,786;0,991669009929923
28736;123,790;0,998616096288822
28737;123,794;0,936864217543047
28738;123,798;1,20019187190896
28739;123,802;1,09521367804114
28740;123,807;1,14064541740411
28741;123,811;1,13072100831996
28742;123,815;1,02441955990759
28743;123,819;1,01813410082097
28744;123,823;0,963660122070232
28745;123,827;1,15729637042306
28746;123,831;0,868937150922694
28747;123,835;1,03787264777721
28748;123,840;0,945575643294683
28749;123,844;1,05926526291414
28750;123,848;1,01107674325002
28751;123,852;1,18332037646592
28752;123,856;1,02056006748598
28753;123,860;1,07734974168969
28754;123,864;0,903452040293101
28755;123,868;1,02905095081353
28756;123,873;1,08440709926063
28757;123,877;1,10028615379526
28758;123,881;0,979098091756676
28759;123,885;1,00313721598271
28760;123,889;1,08859740531838
28761;123,893;1,21331414614244
28762;123,897;0,809721510053978
28763;123,901;1,02860986596534
28764;123,905;1,15487040375804
28765;123,910;1,14119677346434
28766;123,914;0,928483605427549
28767;123,918;1,15872989617965
28768;123,922;0,910950482712231
28769;123,926;0,988030059932404
28770;123,930;0,961234155405219
28771;123,934;1,07404160532831
28772;123,938;1,07404160532831
28773;123,943;1,10171967955186
28774;123,947;0,984060296298747
28775;123,951;1,08782550683406
28776;123,955;0,976672125091663
28777;123,959;1,06985129927056
28778;123,963;1,21551957038336
28779;123,967;1,04007807201813
28780;123,971;1,11131327499986
28781;123,976;1,00104206295384
28782;123,980;1,09311852501227
28783;123,984;1,08363520077631
28784;123,988;1,07492377502467
28785;123,992;1,01934708415348
28786;123,996;1,21342441735448
28787;124,000;0,973915344790512
28788;124,004;1,14285084164503
28789;124,009;1,02508118717987
28790;124,013;1,08176059017153
28791;124,017;1,07801136896196
28792;124,021;1,03500559626401
28793;124,025;1,10227103561209
28794;124,029;0,966968258431613
28795;124,033;1,04713542958907
28796;124,037;1,08981038865089
28797;124,042;1,03853427504948
28798;124,046;1,10635107045779
28799;124,050;1,00170369022611
28800;124,054;1,05728038109731
28801;124,058;1,0754751310849
28802;124,062;1,07878326744628
28803;124,066;1,01217945537048
28804;124,070;1,10778459621439
28805;124,074;1,0201189826378
28806;124,079;1,11914253105513
28807;124,083;1,00038043568156
28808;124,087;1,08308384471608
28809;124,091;1,16755159314334
28810;124,095;1,05529549928048
28811;124,099;1,01802382960892
28812;124,103;1,03853427504948
28813;124,107;1,16755159314334
28814;124,112;1,1990891597885
28815;124,116;1,08142977653539
28816;124,120;1,05915499170209
28817;124,124;1,04779705686135
28818;124,128;1,0991834416748
28819;124,132;0,976341311455525
28820;124,136;1,01780328718483
28821;124,140;1,00368857204294
28822;124,145;1,16655915223492
28823;124,149;1,1171576492383
28824;124,153;0,935430691786449
28825;124,157;1,06676370533327
28826;124,161;1,17108027192881
28827;124,165;1,23536838855164
28828;124,169;1,06235285685143
28829;124,173;1,0297125780858
28830;124,178;1,18839285222004
28831;124,182;1,10315320530846
28832;124,186;1,0754751310849
28833;124,190;1,0186854568812
28834;124,194;1,04493000534815
28835;124,198;1,06367611139598
28836;124,202;1,10745378257825
28837;124,206;0,953515170561997
28838;124,211;1,02993312050989
28839;124,215;1,08958984622679
28840;124,219;1,16358182950968
28841;124,223;1,03555695232424
28842;124,227;1,00964321749343
28843;124,231;1,15531148860623
28844;124,235;1,02441955990759
28845;124,239;1,14880548709551
28846;124,243;1,08165031895948
28847;124,248;1,01151782809821
28848;124,252;1,04415810686383
28849;124,256;1,02067033869803
28850;124,260;0,998175011440638
28851;124,264;1,0227654917269
28852;124,268;1,05364143109979
28853;124,272;1,0407396992904
28854;124,276;1,02067033869803
28855;124,281;1,06389665382007
28856;124,285;1,08209140380766
28857;124,289;1,04084997050245
28858;124,293;1,06819723108987
28859;124,297;1,11517276742147
28860;124,301;1,14439463861367
28861;124,305;0,961895782677495
28862;124,309;1,01239999779458
28863;124,314;0,986265720539667
28864;124,318;1,01427460839936
28865;124,322;0,907311532714712
28866;124,326;0,954176797834273
28867;124,330;1,19710427797167
28868;124,334;1,11958361590331
28869;124,338;1,00865077658501
28870;124,342;1,0479073280734
28871;124,347;0,971599649337546
28872;124,351;1,02761742505693
28873;124,355;1,08661252350155
28874;124,359;0,951861102381307
28875;124,363;1,04956139625409
28876;124,367;1,10006561137117
28877;124,371;1,13226480528861
28878;124,375;1,11837063257081
28879;124,380;1,09289798258818
28880;124,384;1,03721102050493
28881;124,388;1,12586907498994
28882;124,392;1,14483572346185
28883;124,396;1,02651471293647
28884;124,400;1,13667565377045
28885;124,404;1,07238753714761
28886;124,408;1,04845868413363
28887;124,412;1,19710427797167
28888;124,417;1,11120300378782
28889;124,421;1,1255382613538
28890;124,425;1,08396601441245
28891;124,429;1,27969741579415
28892;124,433;1,04493000534815
28893;124,437;1,12245066741651
28894;124,441;1,12575880377789
28895;124,445;1,17284461132155
28896;124,450;1,17516030677451
28897;124,454;1,24143330521417
28898;124,458;0,919110552403637
28899;124,462;1,12377392196106
28900;124,466;1,04018834323017
28901;124,470;1,23966896582144
28902;124,474;1,14141731588843
28903;124,478;1,15906070981579
28904;124,483;0,926829537246859
28905;124,487;1,02982284929785
28906;124,491;1,04393756443974
28907;124,495;1,12950802498746
28908;124,499;1,18530525828275
28909;124,503;1,15961206587602
28910;124,507;1,12631015983812
28911;124,511;1,04923058261795
28912;124,516;0,934327979665989
28913;124,520;1,1657872537506
28914;124,524;1,14814385982324
28915;124,528;1,04481973413611
28916;124,532;1,18861339464413
28917;124,536;1,14075568861615
28918;124,540;1,07404160532831
28919;124,544;1,08154004774743
28920;124,549;1,20548489008717
28921;124,553;1,11759873408649
28922;124,557;1,03180773111468
28923;124,561;1,03798291898925
28924;124,565;1,11759873408649
28925;124,569;1,22599533552773
28926;124,573;1,07161563866329
28927;124,577;1,11197490227214
28928;124,581;1,15553203103032
28929;124,586;1,12631015983812
28930;124,590;1,20427190675466
28931;124,594;1,08076814926311
28932;124,598;0,945685914506729
28933;124,602;1,16964674617221
28934;124,606;1,19600156585121
28935;124,610;1,09752937349411
28936;124,614;1,03875481747358
28937;124,619;1,1353523992259
28938;124,623;1,08407628562449
28939;124,627;1,09300825380022
28940;124,631;1,0615809583671
28941;124,635;0,929145232699825
28942;124,639;1,11660629317807
28943;124,643;1,05849336442982
28944;124,647;1,05915499170209
28945;124,652;1,16523589769037
28946;124,656;1,09124391440749
28947;124,660;1,12653070226221
28948;124,664;1,21110872190152
28949;124,668;1,10072723864344
28950;124,672;1,11054137651554
28951;124,676;1,10602025682165
28952;124,680;1,14053514619206
28953;124,685;1,00490155537545
28954;124,689;1,07503404623672
28955;124,693;1,07657784320536
28956;124,697;1,06279394169961
28957;124,701;1,19159071736937
28958;124,705;1,23999977945758
28959;124,709;1,0366596644447
28960;124,713;1,1602736931483
28961;124,718;0,959359544800437
28962;124,722;0,993653891746751
28963;124,726;1,11131327499986
28964;124,730;1,15156226739666
28965;124,734;1,18684905525139
28966;124,738;1,12917721135132
28967;124,742;1,09300825380022
28968;124,746;1,01504650688368
28969;124,750;1,04294512353133
28970;124,755;1,13821945073909
28971;124,759;1,10910785075894
28972;124,763;1,06985129927056
28973;124,767;1,13358805983316
28974;124,771;1,17229325526132
28975;124,775;0,974907785698927
28976;124,779;1,14803358861119
28977;124,783;1,16920566132403
28978;124,788;1,20989573856901
28979;124,792;1,0838557432004
28980;124,796;1,25720208853676
28981;124,800;1,14715141891482
28982;124,804;1,11550358105761
28983;124,808;1,14979792800393
28984;124,812;1,21728390977609
28985;124,816;0,959690358436575
28986;124,821;1,10624079924575
28987;124,825;1,07029238411874
28988;124,829;1,03897535989767
28989;124,833;1,20294865221011
28990;124,837;1,01504650688368
28991;124,841;1,22731859007228
28992;124,845;1,17637329010702
28993;124,849;1,11340842802874
28994;124,854;1,07459296138854
28995;124,858;1,11605493711784
28996;124,862;1,13435995831748
28997;124,866;1,15442931890986
28998;124,870;0,98758897508422
28999;124,874;1,07591621593309
29000;124,878;1,207469771904
29001;124,882;1,13788863710295
29002;124,887;1,13027992347178
29003;124,891;1,12101714165991
29004;124,895;1,13579348407408
29005;124,899;1,14814385982324
29006;124,903;1,19732482039576
29007;124,907;1,17604247647088
29008;124,911;1,01339243870299
29009;124,915;1,19291397191392
29010;124,919;0,984942465995115
29011;124,924;1,2019562113017
29012;124,928;1,03754183414107
29013;124,932;1,03765210535312
29014;124,936;1,01019457355366
29015;124,940;1,15718609921101
29016;124,944;1,15542175981827
29017;124,948;1,0797757083547
29018;124,952;1,10491754470119
29019;124,957;1,04162186898677
29020;124,961;1,22378991128681
29021;124,965;1,05871390685391
29022;124,969;1,2795871445821
29023;124,973;1,12873612650313
29024;124,977;1,22334882643863
29025;124,981;1,08947957501475
29026;124,985;1,11660629317807
29027;124,990;1,11296734318055
29028;124,994;1,1698672885963
29029;124,998;1,00876104779706
29030;125,002;1,27286060064729
29031;125,006;1,19875834615236
29032;125,010;1,1255382613538
29033;125,014;1,15101091133643
29034;125,018;0,992771722050383
29035;125,023;1,1672207795072
29036;125,027;1,15233416588098
29037;125,031;1,19390641282234
29038;125,035;1,14792331739914
29039;125,039;1,32303400212823
29040;125,043;1,14472545224981
29041;125,047;1,18475390222252
29042;125,051;1,28113094155074
29043;125,056;1,16622833859878
29044;125,060;1,17163162798904
29045;125,064;1,14505626588595
29046;125,068;1,28785748548555
29047;125,072;1,11506249620943
29048;125,076;1,27230924458706
29049;125,080;1,24507225521169
29050;125,084;1,18177657949727
29051;125,088;1,23327323552277
29052;125,093;1,19975078706078
29053;125,097;1,19401668403438
29054;125,101;1,25400422338742
29055;125,105;1,14296111285707
29056;125,109;1,12862585529109
29057;125,113;1,11473168257329
29058;125,117;1,2225769279543
29059;125,121;1,12178904014423
29060;125,126;1,07966543714265
29061;125,130;1,13766809467886
29062;125,134;1,12465609165743
29063;125,138;1,26348754762338
29064;125,142;1,04481973413611
29065;125,146;1,16799267799152
29066;125,150;1,15762718405919
29067;125,154;1,03699047808084
29068;125,159;1,08198113259562
29069;125,163;1,02221413566667
29070;125,167;0,977333752363939
29071;125,171;1,05320034625161
29072;125,175;1,20680814463172
29073;125,179;1,20824167038832
29074;125,183;1,1490260295196
29075;125,187;1,12884639771518
29076;125,192;1,33450220818102
29077;125,196;1,25124744308627
29078;125,200;1,13160317801633
29079;125,204;1,15663474315078
29080;125,208;1,154760132546
29081;125,212;1,20824167038832
29082;125,216;1,19820699009213
29083;125,220;1,07646757199332
29084;125,225;1,17460895071428
29085;125,229;1,14516653709799
29086;125,233;1,15795799769533
29087;125,237;1,27627900822072
29088;125,241;1,21000600978106
29089;125,245;1,12079659923582
29090;125,249;1,2144168582629
29091;125,253;1,07801136896196
29092;125,257;1,05794200836958
29093;125,262;1,15266497951712
29094;125,266;1,102050493188
29095;125,270;1,21618119765563
29096;125,274;1,19743509160781
29097;125,278;1,01008430234161
29098;125,282;1,3239161718246
29099;125,286;1,2019562113017
29100;125,290;1,16269965981331
29101;125,295;1,09422123713273
29102;125,299;1,23051645522162
29103;125,303;1,21805580826042
29104;125,307;1,19578102342712
29105;125,311;1,26459025974384
29106;125,315;1,13788863710295
29107;125,319;1,16700023708311
29108;125,323;1,16479481284219
29109;125,328;1,23492730370346
29110;125,332;1,18695932646344
29111;125,336;1,22334882643863
29112;125,340;1,18861339464413
29113;125,344;1,24385927187919
29114;125,348;1,21077790826538
29115;125,352;1,08506872653291
29116;125,356;1,23636082946006
29117;125,361;1,10679215530598
29118;125,365;1,1976556340319
29119;125,369;1,0783421825981
29120;125,373;1,13193399165247
29121;125,377;1,06102960230687
29122;125,381;1,28951155366624
29123;125,385;1,14527680831004
29124;125,389;1,06411719624416
29125;125,394;1,23922788097325
29126;125,398;1,26227456429087
29127;125,402;1,18673878403934
29128;125,406;1,04162186898677
29129;125,410;1,08286330229199
29130;125,414;1,23327323552277
29131;125,418;1,14615897800641
29132;125,422;1,16733105071924
29133;125,426;1,10315320530846
29134;125,431;1,26481080216793
29135;125,435;1,07183618108738
29136;125,439;1,12421500680925
29137;125,443;1,2199304188652
29138;125,447;1,20438217796671
29139;125,451;1,12939775377541
29140;125,455;1,09344933864841
29141;125,459;1,27903578852187
29142;125,464;1,1478130461871
29143;125,468;1,25643019005243
29144;125,472;1,20669787341968
29145;125,476;1,13601402649817
29146;125,480;1,25246042641878
29147;125,484;1,25334259611515
29148;125,488;1,15056982648825
29149;125,492;1,2407716779419
29150;125,497;1,33891305666286
29151;125,501;1,20537461887512
29152;125,505;1,25720208853676
29153;125,509;1,15376769163758
29154;125,513;1,3059419642611
29155;125,517;1,07845245381015
29156;125,521;1,3698992672478
29157;125,525;1,06290421291166
29158;125,530;1,13634484013431
29159;125,534;1,154760132546
29160;125,538;1,22202557189407
29161;125,542;1,18387173252615
29162;125,546;1,19677346433553
29163;125,550;1,15090064012439
29164;125,554;1,16115586284467
29165;125,558;1,0464738023168
29166;125,563;1,20824167038832
29167;125,567;1,16799267799152
29168;125,571;1,03081529020626
29169;125,575;1,16258938860126
29170;125,579;1,24363872945509
29171;125,583;1,15288552194121
29172;125,587;1,31399176274046
29173;125,591;1,16832349162766
29174;125,595;1,28521097639645
29175;125,600;1,05672902503708
29176;125,604;1,0713950962392
29177;125,608;1,1950091249428
29178;125,612;1,2086827552365
29179;125,616;1,23371432037095
29180;125,620;1,14285084164503
29181;125,624;1,19258315827778
29182;125,628;1,12046578559968
29183;125,633;1,22434126734704
29184;125,637;1,29237860517944
29185;125,641;1,07260807957171
29186;125,645;1,23746354158052
29187;125,649;1,17328569616973
29188;125,653;1,15663474315078
29189;125,657;1,14505626588595
29190;125,661;1,05099492201069
29191;125,666;1,32369562940051
29192;125,670;1,16777213556743
29193;125,674;1,07514431744877
29194;125,678;1,18640797040321
29195;125,682;1,19368587039824
29196;125,686;1,36262136725276
29197;125,690;1,36449597785754
29198;125,694;1,43992148689702
29199;125,699;1,20085349918124
29200;125,703;1,19456804009461
29201;125,707;1,22842130219274
29202;125,711;1,04294512353133
29203;125,715;1,13027992347178
29204;125,719;1,25301178247901
29205;125,723;1,20294865221011
29206;125,727;1,35324831422885
29207;125,732;1,4032011732857
29208;125,736;1,27109626125456
29209;125,740;1,29083480821079
29210;125,744;1,19137017494528
29211;125,748;1,20272810978602
29212;125,752;1,18552580070684
29213;125,756;1,24782903551284
29214;125,760;1,12608961741403
29215;125,764;1,24352845824305
29216;125,769;1,17383705222996
29217;125,773;1,04062942807836
29218;125,777;1,18508471585865
29219;125,781;1,15652447193873
29220;125,785;1,31597664455729
29221;125,789;1,111644088636
29222;125,793;1,24959337490558
29223;125,797;1,12785395680677
29224;125,802;1,24055113551781
29225;125,806;1,20735950069195
29226;125,810;1,15001847042802
29227;125,814;1,15034928406416
29228;125,818;1,16600779617469
29229;125,822;1,15321633557735
29230;125,826;1,16258938860126
29231;125,830;1,15310606436531
29232;125,835;1,1935755991862
29233;125,839;1,27131680367865
29234;125,843;1,12597934620198
29235;125,847;1,06091933109483
29236;125,851;1,25929724156563
29237;125,855;1,1324853477127
29238;125,859;1,35247641574452
29239;125,863;1,16821322041561
29240;125,868;1,21651201129177
29241;125,872;1,10767432500234
29242;125,876;1,21243197644607
29243;125,880;1,24606469612011
29244;125,884;1,29447375820831
29245;125,888;1,18839285222004
29246;125,892;1,02243467809076
29247;125,896;1,09797045834229
29248;125,901;1,35655645059023
29249;125,905;1,2366916430962
29250;125,909;1,19677346433553
29251;125,913;1,06367611139598
29252;125,917;1,29800243699379
29253;125,921;1,19015719161277
29254;125,925;1,19589129463917
29255;125,929;1,2822336536712
29256;125,933;1,23514784612755
29257;125,938;1,16093532042057
29258;125,942;1,13469077195362
29259;125,946;1,28267473851939
29260;125,950;1,17582193404679
29261;125,954;1,24694686581648
29262;125,958;1,08826659168224
29263;125,962;1,28719585821328
29264;125,966;1,25940751277768
29265;125,971;1,24264628854668
29266;125,975;1,28024877185438
29267;125,979;1,23713272794438
29268;125,983;1,15167253860871
29269;125,987;1,19489885373075
29270;125,991;1,14891575830756
29271;125,995;1,34674231271813
29272;125,999;1,21629146886768
29273;126,004;1,21518875674722
29274;126,008;1,25268096884287
29275;126,012;1,27109626125456
29276;126,016;1,09940398409889
29277;126,020;1,33218651272805
29278;126,024;1,03621857959652
29279;126,028;1,30726521880565
29280;126,032;1,14648979164254
29281;126,037;1,09411096592068
29282;126,041;1,29403267336013
29283;126,045;1,3184026112223
29284;126,049;1,14185840073661
29285;126,053;1,20758004311604
29286;126,057;1,31013227031885
29287;126,061;1,1351318568018
29288;126,065;1,20956492493287
29289;126,070;1,20989573856901
29290;126,074;1,28278500973143
29291;126,078;1,26602378550044
29292;126,082;1,21055736584129
29293;126,086;1,13557294164999
29294;126,090;1,01989844021371
29295;126,094;1,19280370070188
29296;126,098;1,2949148430565
29297;126,102;1,32314427334028
29298;126,107;1,29800243699379
29299;126,111;1,26591351428839
29300;126,115;1,39559245965452
29301;126,119;1,23735327036847
29302;126,123;1,16071477799648
29303;126,127;1,1185911749949
29304;126,131;1,06665343412122
29305;126,135;1,21022655220515
29306;126,140;1,26668541277271
29307;126,144;1,31244796577182
29308;126,148;1,21364495977858
29309;126,152;1,26062049611018
29310;126,156;1,32071830667527
29311;126,160;1,21673255371586
29312;126,164;1,28068985670256
29313;126,168;1,13005938104769
29314;126,173;1,21132926432561
29315;126,177;1,39570273086657
29316;126,181;1,26878056580159
29317;126,185;1,18618742797911
29318;126,189;1,34233146423629
29319;126,193;1,16115586284467
29320;126,197;1,34453688847721
29321;126,201;1,19159071736937
29322;126,206;1,16898511889993
29323;126,210;1,12013497196354
29324;126,214;1,19269342948983
29325;126,218;1,07514431744877
29326;126,222;1,16203803254103
29327;126,226;1,19853780372827
29328;126,230;1,26238483550292
29329;126,234;1,23922788097325
29330;126,239;1,21143953553765
29331;126,243;1,29976677638652
29332;126,247;1,16115586284467
29333;126,251;1,26933192186182
29334;126,255;1,12829504165495
29335;126,259;1,32909891879077
29336;126,263;1,17218298404927
29337;126,267;1,19324478555006
29338;126,271;1,15145199618462
29339;126,276;1,24044086430576
29340;126,280;1,29987704759857
29341;126,284;1,25510693550788
29342;126,288;1,22566452189159
29343;126,292;1,39868005359181
29344;126,296;1,25499666429584
29345;126,300;1,30704467638156
29346;126,304;1,37188414906462
29347;126,309;1,17229325526132
29348;126,313;1,40496551267843
29349;126,317;1,32744485061008
29350;126,321;1,34806556726268
29351;126,325;1,4544772868871
29352;126,329;1,18563607191888
29353;126,333;1,18872366585617
29354;126,337;1,18387173252615
29355;126,342;1,19578102342712
29356;126,346;1,27936660215801
29357;126,350;1,27109626125456
29358;126,354;1,21640174007973
29359;126,358;1,35953377331547
29360;126,362;1,22180502946998
29361;126,366;1,39967249450022
29362;126,370;1,17063918708062
29363;126,375;1,25477612187174
29364;126,379;1,20912384008469
29365;126,383;1,23812516885279
29366;126,387;1,24760849308875
29367;126,391;1,12223012499242
29368;126,395;1,27197843095092
29369;126,399;1,22588506431568
29370;126,403;1,27451466882798
29371;126,408;1,23206025219026
29372;126,412;1,26150266580655
29373;126,416;1,17361650980587
29374;126,420;1,19037773403686
29375;126,424;1,38302154148127
29376;126,428;1,29855379305402
29377;126,432;1,26635459913658
29378;126,436;1,25080635823809
29379;126,440;1,25058581581399
29380;126,445;1,34299309150857
29381;126,449;1,38666049147879
29382;126,453;1,38026476118012
29383;126,457;1,37353821724531
29384;126,461;1,33108380060759
29385;126,465;1,29050399457466
29386;126,469;1,34144929453992
29387;126,473;1,34663204150608
29388;126,478;1,35512292483363
29389;126,482;1,19941997342464
29390;126,486;1,2158503840195
29391;126,490;1,2422052036985
29392;126,494;1,06687397654531
29393;126,498;0,999608537197237
29394;126,502;1,22048177492543
29395;126,506;1,38291127026923
29396;126,511;1,15376769163758
29397;126,515;1,29601755517696
29398;126,519;1,31366094910432
29399;126,523;1,36207001119253
29400;126,527;1,45083833688958
29401;126,531;1,20570543251126
29402;126,535;1,45745460961234
29403;126,539;1,38158801572467
29404;126,544;1,30583169304905
29405;126,548;1,29800243699379
29406;126,552;1,20228702493783
29407;126,556;1,23911760976121
29408;126,560;1,30991172789476
29409;126,564;1,11561385226966
29410;126,568;1,39647462935089
29411;126,572;1,39029944147631
29412;126,577;1,45624162627984
29413;126,581;1,24639550975625
29414;126,585;1,40165737631705
29415;126,589;1,25499666429584
29416;126,593;1,13678592498249
29417;126,597;1,34994017786747
29418;126,601;1,22588506431568
29419;126,605;1,13711673861863
29420;126,609;1,21188062038584
29421;126,614;1,28278500973143
29422;126,618;1,17030837344449
29423;126,622;1,35071207635179
29424;126,626;1,21937906280497
29425;126,630;1,35931323089138
29426;126,634;1,21474767189904
29427;126,638;1,29877433547811
29428;126,642;1,2115498067497
29429;126,647;1,22092285977361
29430;126,651;1,39669517177498
29431;126,655;1,42095483842511
29432;126,659;1,19181125979346
29433;126,663;1,48248617474679
29434;126,667;1,29458402942036
29435;126,671;1,29006290972647
29436;126,675;1,33053244454736
29437;126,680;1,17957115525635
29438;126,684;1,28642395972895
29439;126,688;1,30980145668271
29440;126,692;1,19798644766804
29441;126,696;1,20758004311604
29442;126,700;1,41312558236984
29443;126,704;1,1087770371228
29444;126,708;1,23823544006484
29445;126,713;1,34409580362903
29446;126,717;1,3253496975812
29447;126,721;1,22665696280001
29448;126,725;1,40661958085912
29449;126,729;1,23194998097822
29450;126,733;1,20482326281489
29451;126,737;1,20283838099806
29452;126,741;1,36879655512734
29453;126,746;1,348837465747
29454;126,750;1,24319764460691
29455;126,754;1,35611536574204
29456;126,758;1,31718962788979
29457;126,762;1,35060180513974
29458;126,766;1,3629521808889
29459;126,770;1,35986458695161
29460;126,774;1,19203180221755
29461;126,778;1,24849066278512
29462;126,783;1,26889083701364
29463;126,787;1,2144168582629
29464;126,791;1,27374277034366
29465;126,795;1,207469771904
29466;126,799;1,34641149908199
29467;126,803;1,26293619156315
29468;126,807;1,22224611431817
29469;126,811;1,29800243699379
29470;126,816;1,207469771904
29471;126,820;1,21596065523154
29472;126,824;1,4168748035794
29473;126,828;1,27385304155571
29474;126,832;1,18199712192137
29475;126,836;1,30362626880813
29476;126,840;1,39868005359181
29477;126,844;1,23757381279256
29478;126,849;1,48888190504546
29479;126,853;1,18177657949727
29480;126,857;1,20614651735945
29481;126,861;1,19004692040073
29482;126,865;1,30208247183949
29483;126,869;1,30318518395995
29484;126,873;1,19511939615484
29485;126,877;1,35876187483115
29486;126,882;1,38291127026923
29487;126,886;1,32909891879077
29488;126,890;1,15729637042306
29489;126,894;1,40474497025434
29490;126,898;1,22533370825545
29491;126,902;1,36118784149616
29492;126,906;1,31509447486092
29493;126,910;1,21099845068947
29494;126,915;1,39096106874859
29495;126,919;1,24661605218034
29496;126,923;1,37210469148872
29497;126,927;1,37552309906214
29498;126,931;1,36405489300936
29499;126,935;1,19986105827282
29500;126,939;1,1837614613141
29501;126,943;1,37629499754647
29502;126,947;1,16644888102288
29503;126,952;1,29458402942036
29504;126,956;1,17615274768293
29505;126,960;1,17350623859382
29506;126,964;1,21276279008221
29507;126,968;1,24022032188167
29508;126,972;1,27980768700619
29509;126,976;1,34343417635675
29510;126,980;1,25367340975128
29511;126,985;1,35181478847225
29512;126,989;1,29083480821079
29513;126,993;1,33869251423877
29514;126,997;1,31895396728253
29515;127,001;1,34519851574949
29516;127,005;1,24661605218034
29517;127,009;1,25764317338494
29518;127,013;1,16391264314582
29519;127,018;1,36107757028411
29520;127,022;1,47807532626495
29521;127,026;1,32568051121734
29522;127,030;1,31299932183205
29523;127,034;1,3864399490547
29524;127,038;1,35413048392521
29525;127,042;1,36284190967685
29526;127,046;1,21143953553765
29527;127,051;1,2755071097364
29528;127,055;1,34001576878332
29529;127,059;1,3531380430168
29530;127,063;1,28454934912417
29531;127,067;1,26150266580655
29532;127,071;1,31862315364639
29533;127,075;1,2366916430962
29534;127,079;1,2891807400301
29535;127,084;1,38996862784017
29536;127,088;1,32689349454985
29537;127,092;1,33339949606056
29538;127,096;1,50277607776326
29539;127,100;1,2879677566976
29540;127,104;1,40529632631457
29541;127,108;1,13502158558976
29542;127,112;1,29745108093356
29543;127,116;1,42062402478897
29544;127,121;1,43981121568498
29545;127,125;1,4168748035794
29546;127,129;1,23040618400957
29547;127,133;1,31090416880317
29548;127,137;1,18287929161773
29549;127,141;1,42768138235991
29550;127,145;1,18464363101047
29551;127,149;1,37100197936826
29552;127,154;1,21143953553765
29553;127,158;1,43087924750925
29554;127,162;1,20846221281241
29555;127,166;1,30902955819839
29556;127,170;1,41378720964211
29557;127,174;1,34398553241698
29558;127,178;1,27175788852683
29559;127,182;1,37375875966941
29560;127,187;1,20967519614492
29561;127,191;1,30086948850698
29562;127,195;1,41863914297214
29563;127,199;1,31134525365136
29564;127,203;1,42128565206124
29565;127,207;1,40507578389048
29566;127,211;1,33836170060263
29567;127,215;1,51755242017743
29568;127,220;1,44135501265362
29569;127,224;1,36890682633938
29570;127,228;1,33990549757128
29571;127,232;1,24275655975873
29572;127,236;1,22323855522658
29573;127,240;1,35898241725524
29574;127,244;1,39614381571475
29575;127,248;1,31112471122726
29576;127,253;1,34696285514222
29577;127,257;1,4698049853615
29578;127,261;1,26867029458954
29579;127,265;1,38699130511493
29580;127,269;1,2295240143132
29581;127,273;1,16655915223492
29582;127,277;1,25554802035607
29583;127,281;1,27980768700619
29584;127,285;1,38423452481378
29585;127,290;1,33836170060263
29586;127,294;1,28454934912417
29587;127,298;1,40132656268091
29588;127,302;1,45205132022209
29589;127,306;1,47300285051083
29590;127,310;1,34244173544834
29591;127,314;1,37695662481874
29592;127,318;1,26602378550044
29593;127,323;1,30263382789972
29594;127,327;1,33692817484603
29595;127,331;1,15928125223988
29596;127,335;1,45425674446301
29597;127,339;1,34552932938562
29598;127,343;1,46065247476168
29599;127,347;1,30792684607793
29600;127,351;1,34994017786747
29601;127,356;1,32402644303665
29602;127,360;1,24727767945261
29603;127,364;1,5488694443985
29604;127,368;1,45105887931367
29605;127,372;1,35490238240954
29606;127,376;1,44653775961979
29607;127,380;1,27131680367865
29608;127,384;1,43473873993086
29609;127,389;1,30097975971903
29610;127,393;1,26392863247156
29611;127,397;1,36218028240457
29612;127,401;1,38158801572467
29613;127,405;1,34045685363151
29614;127,409;1,39173296723291
29615;127,413;1,46351952627487
29616;127,417;1,23448621885527
29617;127,422;1,09940398409889
29618;127,426;1,31498420364887
29619;127,430;1,34817583847473
29620;127,434;1,33957468393514
29621;127,438;1,35302777180475
29622;127,442;1,39812869753158
29623;127,446;1,43440792629472
29624;127,450;1,37298686118508
29625;127,454;1,33979522635923
29626;127,459;1,32479834152097
29627;127,463;1,45315403234255
29628;127,467;1,44311935204636
29629;127,471;1,18001224010454
29630;127,475;1,24143330521417
29631;127,479;1,31112471122726
29632;127,483;1,36493706270572
29633;127,487;1,38136747330058
29634;127,492;1,18056359616477
29635;127,496;1,24992418854172
29636;127,500;1,14825413103528
29637;127,504;1,32237237485596
29638;127,508;1,34773475362654
29639;127,512;1,36868628391529
29640;127,516;1,28465962033622
29641;127,520;1,44620694598365
29642;127,525;1,24650578096829
29643;127,529;1,43617226568746
29644;127,533;1,28068985670256
29645;127,537;1,39305622177746
29646;127,541;1,41908022782032
29647;127,545;1,35622563695409
29648;127,549;1,45580054143165
29649;127,553;1,41378720964211
29650;127,558;1,29083480821079
29651;127,562;1,32457779909688
29652;127,566;1,39228432329314
29653;127,570;1,54280452773597
29654;127,574;1,4501767096173
29655;127,578;1,49671116110073
29656;127,582;1,45690325355211
29657;127,586;1,29403267336013
29658;127,591;1,34916827938314
29659;127,595;1,36262136725276
29660;127,599;1,35181478847225
29661;127,603;1,25168852793445
29662;127,607;1,17868898555998
29663;127,611;1,3378103445424
29664;127,615;1,33395085212079
29665;127,619;1,29304023245171
29666;127,623;1,48877163383341
29667;127,628;1,27583792337253
29668;127,632;1,39437947632201
29669;127,636;1,39801842631953
29670;127,640;1,34244173544834
29671;127,644;1,30164138699131
29672;127,648;1,23636082946006
29673;127,652;1,38169828693672
29674;127,656;1,40661958085912
29675;127,661;1,26602378550044
29676;127,665;1,45613135506779
29677;127,669;1,41092015812892
29678;127,673;1,3780593369392
29679;127,677;1,35666672180227
29680;127,681;1,44940481113298
29681;127,685;1,36438570664549
29682;127,689;1,40198818995319
29683;127,694;1,39934168086409
29684;127,698;1,36802465664301
29685;127,702;1,57698860347024
29686;127,706;1,25257069763082
29687;127,710;1,41345639600598
29688;127,714;1,61348837465747
29689;127,718;1,44885345507275
29690;127,722;1,31487393243683
29691;127,727;1,47564935959994
29692;127,731;1,54137100197937
29693;127,735;1,31608691576933
29694;127,739;1,28443907791212
29695;127,743;1,38324208390537
29696;127,747;1,44455287780296
29697;127,751;1,44918426870889
29698;127,755;1,31167606728749
29699;127,760;1,40706066570731
29700;127,764;1,41577209145894
29701;127,768;1,19677346433553
29702;127,772;1,57180585650407
29703;127,776;1,35368939907703
29704;127,780;1,29447375820831
29705;127,784;1,54026828985891
29706;127,788;1,30142084456721
29707;127,792;1,2656929718643
29708;127,797;1,22566452189159
29709;127,801;1,60488722011788
29710;127,805;1,44499396265114
29711;127,809;1,25786371580903
29712;127,813;1,39559245965452
29713;127,817;1,25124744308627
29714;127,821;1,45833677930871
29715;127,825;1,26381836125952
29716;127,830;1,24374900066714
29717;127,834;1,45271294749436
29718;127,838;1,30869874456225
29719;127,842;1,51942703078221
29720;127,846;1,47752397020472
29721;127,850;1,31189660971159
29722;127,854;1,46737901869648
29723;127,858;1,4044141566182
29724;127,863;1,40507578389048
29725;127,867;1,39967249450022
29726;127,871;1,40849419146391
29727;127,875;1,296127826389
29728;127,879;1,43937013083679
29729;127,883;1,5112669610908
29730;127,887;1,37772852330306
29731;127,891;1,39107133996063
29732;127,896;1,39934168086409
29733;127,900;1,42922517932856
29734;127,904;1,53839367925413
29735;127,908;1,39757734147135
29736;127,912;1,49627007625254
29737;127,916;1,43308467175017
29738;127,920;1,4420166399259
29739;127,924;1,51479563987628
29740;127,929;1,34376498999289
29741;127,933;1,38974808541608
29742;127,937;1,43694416417178
29743;127,941;1,28399799306394
29744;127,945;1,50784855351738
29745;127,949;1,38831455965948
29746;127,953;1,42029321115283
29747;127,957;1,4003341217725
29748;127,961;1,29160670669512
29749;127,966;1,44808155658843
29750;127,970;1,36791438543097
29751;127,974;1,39879032480386
29752;127,978;1,54236344288778
29753;127,982;1,34089793847969
29754;127,986;1,36493706270572
29755;127,990;1,42867382326833
29756;127,994;1,2017356688776
29757;127,999;1,40706066570731
29758;128,003;1,39801842631953
29759;128,007;1,43021762023697
29760;128,011;1,34244173544834
29761;128,015;1,50222472170303
29762;128,019;1,35699753543841
29763;128,023;1,3629521808889
29764;128,027;1,39173296723291
29765;128,032;1,33736925969422
29766;128,036;1,36615004603823
29767;128,040;1,28697531578918
29768;128,044;1,4932927535273
29769;128,048;1,42746083993582
29770;128,052;1,3586516036191
29771;128,056;1,42503487327081
29772;128,060;1,34431634605312
29773;128,065;1,42966626417674
29774;128,069;1,47178986717833
29775;128,073;1,30969118547067
29776;128,077;1,42779165357196
29777;128,081;1,45524918537142
29778;128,085;1,43165114599357
29779;128,089;1,47178986717833
29780;128,093;1,44278853841022
29781;128,098;1,33803088696649
29782;128,102;1,19953024463668
29783;128,106;1,44929453992094
29784;128,110;1,37442038694168
29785;128,114;1,44587613234751
29786;128,118;1,38996862784017
29787;128,122;1,29921542032629
29788;128,126;1,39879032480386
29789;128,130;1,35854133240706
29790;128,135;1,4571237959762
29791;128,139;1,42426297478649
29792;128,143;1,5031068913994
29793;128,147;1,5265946595652
29794;128,151;1,28565206124463
29795;128,155;1,41599263388304
29796;128,159;1,4669379338483
29797;128,163;1,4127947687337
29798;128,168;1,57103395801975
29799;128,172;1,59650660800238
29800;128,176;1,39173296723291
29801;128,180;1,36460624906959
29802;128,184;1,49009488837797
29803;128,188;1,3878734748113
29804;128,192;1,35214560210839
29805;128,196;1,29667918244923
29806;128,201;1,30517006577678
29807;128,205;1,31167606728749
29808;128,209;1,36725275815869
29809;128,213;1,40496551267843
29810;128,217;1,45811623688462
29811;128,221;1,31884369607049
29812;128,225;1,40209846116524
29813;128,229;1,33880278545082
29814;128,234;1,49814468685733
29815;128,238;1,40915581873618
29816;128,242;1,4362825368995
29817;128,246;1,49494682170799
29818;128,250;1,3239161718246
29819;128,254;1,37761825209102
29820;128,258;1,29877433547811
29821;128,262;1,33880278545082
29822;128,267;1,4863456671684
29823;128,271;1,3045084385045
29824;128,275;1,50928207927397
29825;128,279;1,32810647788235
29826;128,283;1,36383435058526
29827;128,287;1,56728473681018
29828;128,291;1,33174542787987
29829;128,295;1,40617849601094
29830;128,299;1,31454311880069
29831;128,304;1,5987120322433
29832;128,308;1,55603707318149
29833;128,312;1,50321716261144
29834;128,316;1,42911490811651
29835;128,320;1,43143060356948
29836;128,324;1,43154087478153
29837;128,328;1,38048530360421
29838;128,332;1,33406112333284
29839;128,337;1,37419984451759
29840;128,341;1,37442038694168
29841;128,345;1,43429765508268
29842;128,349;1,33075298697146
29843;128,353;1,53530608531684
29844;128,357;1,39184323844496
29845;128,361;1,40132656268091
29846;128,365;1,53453418683251
29847;128,370;1,40066493540864
29848;128,374;1,39978276571227
29849;128,378;1,38974808541608
29850;128,382;1,37342794603327
29851;128,386;1,48822027777318
29852;128,390;1,41908022782032
29853;128,394;1,43021762023697
29854;128,398;1,37177387785258
29855;128,403;1,49494682170799
29856;128,407;1,39548218844247
29857;128,411;1,36615004603823
29858;128,415;1,48182454747451
29859;128,419;1,54831808833827
29860;128,423;1,45624162627984
29861;128,427;1,3960335445027
29862;128,431;1,63675560039918
29863;128,436;1,35435102634931
29864;128,440;1,49814468685733
29865;128,444;1,49417492322367
29866;128,448;1,45006643840526
29867;128,452;1,39085079753654
29868;128,456;1,46065247476168
29869;128,460;1,49340302473935
29870;128,464;1,42172673690943
29871;128,468;1,53144659289523
29872;128,473;1,4489637262848
29873;128,477;1,4947262792839
29874;128,481;1,51799350502561
29875;128,485;1,51986811563039
29876;128,489;1,44995616719321
29877;128,493;1,50244526412712
29878;128,497;1,45348484597868
29879;128,501;1,24529279763579
29880;128,506;1,44333989447045
29881;128,510;1,45745460961234
29882;128,514;1,50035011109825
29883;128,518;1,3766258111826
29884;128,522;1,41753643085168
29885;128,526;1,35534346725772
29886;128,530;1,39724652783521
29887;128,534;1,52769737168566
29888;128,539;1,35666672180227
29889;128,543;1,47134878233014
29890;128,547;1,54853863076236
29891;128,551;1,4975933307971
29892;128,555;1,37905177784762
29893;128,559;1,43385657023449
29894;128,563;1,56099927772356
29895;128,567;1,5112669610908
29896;128,572;1,49241058383093
29897;128,576;1,5349752716807
29898;128,580;1,67832784734053
29899;128,584;1,38346262632946
29900;128,588;1,51479563987628
29901;128,592;1,46153464445804
29902;128,596;1,42646839902741
29903;128,600;1,40695039449526
29904;128,605;1,56871826256678
29905;128,609;1,5210810989629
29906;128,613;1,48402997171543
29907;128,617;1,43870850356452
29908;128,621;1,64293078827376
29909;128,625;1,61745813829113
29910;128,629;1,42503487327081
29911;128,633;1,39239459450519
29912;128,637;1,49781387322119
29913;128,642;1,49968848382597
29914;128,646;1,62418468222593
29915;128,650;1,53993747622277
29916;128,654;1,27881524609778
29917;128,658;1,52472004896042
29918;128,662;1,46770983233262
29919;128,666;1,27727144912913
29920;128,670;1,35556400968181
29921;128,675;1,50090146715848
29922;128,679;1,50001929746211
29923;128,683;1,5170010641172
29924;128,687;1,296127826389
29925;128,691;1,4032011732857
29926;128,695;1,36681167331051
29927;128,699;1,51633943684492
29928;128,703;1,36736302937074
29929;128,708;1,42227809296966
29930;128,712;1,523727608052
29931;128,716;1,53221849137955
29932;128,720;1,60764400041903
29933;128,724;1,44885345507275
29934;128,728;1,46109355960986
29935;128,732;1,44675830204388
29936;128,736;1,33593573393762
29937;128,741;1,49009488837797
29938;128,745;1,40364225813388
29939;128,749;1,49891658534165
29940;128,753;1,36372407937322
29941;128,757;1,25345286732719
29942;128,761;1,57511399286545
29943;128,765;1,54445859591666
29944;128,769;1,40253954601342
29945;128,774;1,4226089066058
29946;128,778;1,29557647032877
29947;128,782;1,51986811563039
29948;128,786;1,6638823185625
29949;128,790;1,41819805812396
29950;128,794;1,57687833225819
29951;128,798;1,47090769748196
29952;128,802;1,58161999437617
29953;128,807;1,61635542617067
29954;128,811;1,33031190212327
29955;128,815;1,48822027777318
29956;128,819;1,41753643085168
29957;128,823;1,24793930672489
29958;128,827;1,54324561258415
29959;128,831;1,50531231564032
29960;128,835;1,36394462179731
29961;128,839;1,38445506723787
29962;128,844;1,55967602317901
29963;128,848;1,60929806859972
29964;128,852;1,41610290509508
29965;128,856;1,52052974290267
29966;128,860;1,47873695353722
29967;128,864;1,49726251716096
29968;128,868;1,51711133532924
29969;128,872;1,44190636871385
29970;128,877;1,67733540643212
29971;128,881;1,54986188530691
29972;128,885;1,47994993686973
29973;128,889;1,48072183535405
29974;128,893;1,45116915052572
29975;128,897;1,45238213385822
29976;128,901;1,61944302010796
29977;128,905;1,4698049853615
29978;128,910;1,42977653538879
29979;128,914;1,49571872019231
29980;128,918;1,39592327329066
29981;128,922;1,51082587624262
29982;128,926;1,57301883983658
29983;128,930;1,54964134288282
29984;128,934;1,39812869753158
29985;128,938;1,48678675201658
29986;128,943;1,63443990494622
29987;128,947;1,43837768992838
29988;128,951;1,48425051413953
29989;128,955;1,62550793677049
29990;128,959;1,56320470196448
29991;128,963;1,53585744137707
29992;128,967;1,36581923240209
29993;128,971;1,48987434595387
29994;128,976;1,55791168378627
29995;128,980;1,47079742626991
29996;128,984;1,66939587916481
29997;128,988;1,37464092936578
29998;128,992;1,48601485353226
29999;128,996;1,48171427626247
30000;129,000;1,36162892634434
30001;129,004;1,38732211875107
30002;129,008;1,24165384763827
30003;129,013;1,46230654294237
30004;129,017;1,49858577170551
30005;129,021;1,45227186264618
30006;129,025;1,41367693843007
30007;129,029;1,5654101262054
30008;129,033;1,64965733220857
30009;129,037;1,57621670498591
30010;129,041;1,46076274597372
30011;129,046;1,43948040204884
30012;129,050;1,38302154148127
30013;129,054;1,50542258685236
30014;129,058;1,35920295967933
30015;129,062;1,39272540814132
30016;129,066;1,42724029751173
30017;129,070;1,43176141720562
30018;129,074;1,30075921729494
30019;129,079;1,42481433084672
30020;129,083;1,34949909301928
30021;129,087;1,49119760049843
30022;129,091;1,64668000948332
30023;129,095;1,58294324892072
30024;129,099;1,46440169597124
30025;129,103;1,49891658534165
30026;129,107;1,68781117157649
30027;129,112;1,58724382619052
30028;129,116;1,47631098687221
30029;129,120;1,49285166867912
30030;129,124;1,52692547320134
30031;129,128;1,70016154732565
30032;129,132;1,62782363222345
30033;129,136;1,40331144449774
30034;129,140;1,35468183998544
30035;129,145;1,46208600051827
30036;129,149;1,51975784441835
30037;129,153;1,49847550049346
30038;129,157;1,5251611338086
30039;129,161;1,47609044444812
30040;129,165;1,46296817021464
30041;129,169;1,5558165307574
30042;129,173;1,59132386103622
30043;129,177;1,51082587624262
30044;129,182;1,5321082201675
30045;129,186;1,60610020345039
30046;129,190;1,47620071566017
30047;129,194;1,52064001411472
30048;129,198;1,32137993394754
30049;129,202;1,48888190504546
30050;129,206;1,29723053850946
30051;129,210;1,49461600807185
30052;129,215;1,72585473973237
30053;129,219;1,55361110651648
30054;129,223;1,71074758368207
30055;129,227;1,55184676712374
30056;129,231;1,45800596567257
30057;129,235;1,59397037012532
30058;129,239;1,58206107922435
30059;129,243;1,45326430355459
30060;129,248;1,37982367633194
30061;129,252;1,42624785660332
30062;129,256;1,58128918074003
30063;129,260;1,55603707318149
30064;129,264;1,65252438372176
30065;129,268;1,57257775498839
30066;129,272;1,56893880499088
30067;129,276;1,48733810807682
30068;129,281;1,65825848674816
30069;129,285;1,64193834736535
30070;129,289;1,46087301718577
30071;129,293;1,6446951276665
30072;129,297;1,59937365951558
30073;129,301;1,44598640355955
30074;129,305;1,54500995197689
30075;129,309;1,45050752325344
30076;129,314;1,54611266409735
30077;129,318;1,38820428844744
30078;129,322;1,45921894900508
30079;129,326;1,57125450044384
30080;129,330;1,51854486108584
30081;129,334;1,34641149908199
30082;129,338;1,57610643377387
30083;129,342;1,55758087015013
30084;129,346;1,47267203687469
30085;129,351;1,60554884739016
30086;129,355;1,52924116865431
30087;129,359;1,66167689432158
30088;129,363;1,53662933986139
30089;129,367;1,53464445804456
30090;129,371;1,56618202468972
30091;129,375;1,5752242640775
30092;129,379;1,44808155658843
30093;129,384;1,55416246257671
30094;129,388;1,42801219599605
30095;129,392;1,60146881254445
30096;129,396;1,56033765045128
30097;129,400;1,66255906401795
30098;129,404;1,51733187775333
30099;129,408;1,47201040960242
30100;129,412;1,54666402015758
30101;129,417;1,60687210193471
30102;129,421;1,57577562013773
30103;129,425;1,51247994442331
30104;129,429;1,52152218381108
30105;129,433;1,47178986717833
30106;129,437;1,62462576707412
30107;129,441;1,42338080509012
30108;129,445;1,70369022611112
30109;129,450;1,58470758831346
30110;129,454;1,44499396265114
30111;129,458;1,52913089744226
30112;129,462;1,44157555507771
30113;129,466;1,3627316384648
30114;129,470;1,62738254737527
30115;129,474;1,53310066107592
30116;129,478;1,5543830050008
30117;129,483;1,63377827767394
30118;129,487;1,57147504286793
30119;129,491;1,68847279884877
30120;129,495;1,46274762779055
30121;129,499;1,56529985499336
30122;129,503;1,61051105193223
30123;129,507;1,50685611260896
30124;129,511;1,5390553065264
30125;129,515;1,51402374139195
30126;129,520;1,62837498828368
30127;129,524;1,60665155951062
30128;129,528;1,68593656097171
30129;129,532;1,38864537329562
30130;129,536;1,6945377155113
30131;129,540;1,39261513692928
30132;129,544;1,46484278081943
30133;129,548;1,56651283832586
30134;129,553;1,50994370654625
30135;129,557;1,53045415198681
30136;129,561;1,48689702322863
30137;129,565;1,55272893682011
30138;129,569;1,66553638674319
30139;129,573;1,49836522928142
30140;129,577;1,63565288827872
30141;129,581;1,58305352013277
30142;129,586;1,56254307469221
30143;129,590;1,65340655341813
30144;129,594;1,64546702615082
30145;129,598;1,75066576244273
30146;129,602;1,60863644132744
30147;129,606;1,41158178540119
30148;129,610;1,71096812610616
30149;129,614;1,70214642914248
30150;129,619;1,70247724277861
30151;129,623;1,56926961862701
30152;129,627;1,55482408984898
30153;129,631;1,58448704588936
30154;129,635;1,68185652612601
30155;129,639;1,65296546856995
30156;129,643;1,42448351721058
30157;129,647;1,52593303229292
30158;129,652;1,35324831422885
30159;129,656;1,68792144278854
30160;129,660;1,58305352013277
30161;129,664;1,37596418391033
30162;129,668;1,54148127319141
30163;129,672;1,7180254836771
30164;129,676;1,63675560039918
30165;129,680;1,59143413224826
30166;129,684;1,60047637163604
30167;129,689;1,69696368217631
30168;129,693;1,58933897921939
30169;129,697;1,74228515032723
30170;129,701;1,57070314438361
30171;129,705;1,55173649591169
30172;129,709;1,50641502776078
30173;129,713;1,56099927772356
30174;129,717;1,75066576244273
30175;129,722;1,73533806396833
30176;129,726;1,53596771258911
30177;129,730;1,67909974582486
30178;129,734;1,47267203687469
30179;129,738;1,31366094910432
30180;129,742;1,52218381108336
30181;129,746;1,65230384129767
30182;129,750;1,68505439127534
30183;129,755;1,52130164138699
30184;129,759;1,53254930501569
30185;129,763;1,70269778520271
30186;129,767;1,84979958207211
30187;129,771;1,57621670498591
30188;129,775;1,54059910349505
30189;129,779;1,6473416367556
30190;129,783;1,62925715798005
30191;129,788;1,66785208219616
30192;129,792;1,67678405037189
30193;129,796;1,69387608823902
30194;129,800;1,58636165649415
30195;129,804;1,75342254274388
30196;129,808;1,60124827012036
30197;129,812;1,61889166404773
30198;129,816;1,77283027606398
30199;129,821;1,69277337611856
30200;129,825;1,69575069884381
30201;129,829;1,53839367925413
30202;129,833;1,78628336393359
30203;129,837;1,65550170644701
30204;129,841;1,71582005943618
30205;129,845;1,6432616019099
30206;129,849;1,50211445049098
30207;129,853;1,69508907157153
30208;129,858;1,48722783686477
30209;129,862;1,45778542324848
30210;129,866;1,71990009428189
30211;129,870;1,54445859591666
30212;129,874;1,52880008380612
30213;129,878;1,62716200495118
30214;129,882;1,55339056409239
30215;129,886;1,68748035794035
30216;129,891;1,65274492614586
30217;129,895;1,7110783973182
30218;129,899;1,56188144741993
30219;129,903;1,63190366706916
30220;129,907;1,55250839439602
30221;129,911;1,67965110188509
30222;129,915;1,71990009428189
30223;129,919;1,75198901698728
30224;129,924;1,53828340804208
30225;129,928;1,59805040497103
30226;129,932;1,48138346262633
30227;129,936;1,41400775206621
30228;129,940;1,48811000656114
30229;129,944;1,56662310953791
30230;129,948;1,7110783973182
30231;129,952;1,54346615500824
30232;129,957;1,74283650638746
30233;129,961;1,72905260488171
30234;129,965;1,74349813365974
30235;129,969;1,61095213678041
30236;129,973;1,5848178595255
30237;129,977;1,59805040497103
30238;129,981;1,55482408984898
30239;129,985;1,64634919584719
30240;129,990;1,47256176566265
30241;129,994;1,62782363222345
30242;129,998;1,66884452310458
30243;130,002;1,60984942465995
30244;130,006;1,60984942465995
30245;130,010;1,61205484890087
30246;130,014;1,48899217625751
30247;130,018;1,75243010183546
30248;130,022;1,7112989397423
30249;130,027;1,43297440053812
30250;130,031;1,48050129292996
30251;130,035;1,68692900188012
30252;130,039;1,72508284124805
30253;130,043;1,62231007162115
30254;130,047;1,47862668232518
30255;130,051;1,6377480413076
30256;130,055;1,55769114136218
30257;130,060;1,50751773988124
30258;130,064;1,30406735365632
30259;130,068;1,42878409448037
30260;130,072;1,59849148981921
30261;130,076;1,58966979285553
30262;130,080;1,64800326402788
30263;130,084;1,58128918074003
30264;130,088;1,461424373246
30265;130,093;1,63863021100396
30266;130,097;1,52163245502313
30267;130,101;1,55427273378875
30268;130,105;1,61922247768386
30269;130,109;1,75794366243777
30270;130,113;1,56706419438609
30271;130,117;1,45635189749188
30272;130,121;1,51479563987628
30273;130,126;1,53100550804704
30274;130,130;1,67987164430918
30275;130,134;1,64127672009307
30276;130,138;1,61051105193223
30277;130,142;1,75408417001615
30278;130,146;1,62583875040663
30279;130,150;1,61470135798998
30280;130,154;1,31310959304409
30281;130,159;1,61514244283816
30282;130,163;1,70887297307728
30283;130,167;1,7084318882291
30284;130,171;1,66046391098908
30285;130,175;1,44477342022705
30286;130,179;1,44940481113298
30287;130,183;1,60554884739016
30288;130,187;1,63047014131256
30289;130,191;1,61337810344542
30290;130,196;1,4642914247592
30291;130,200;1,50068092473438
30292;130,204;1,60025582921195
30293;130,208;1,72938341851784
30294;130,212;1,68042300036941
30295;130,216;1,68714954430422
30296;130,220;1,82653235633039
30297;130,224;1,71482761852777
30298;130,229;1,61933274889591
30299;130,233;1,6528551973579
30300;130,237;1,65484007917473
30301;130,241;1,60389477920947
30302;130,245;1,6916706639981
30303;130,249;1,50498150200418
30304;130,253;1,66520557310706
30305;130,257;1,76908105485441
30306;130,262;1,69729449581245
30307;130,266;1,5127004868474
30308;130,270;1,60025582921195
30309;130,274;1,49649061867664
30310;130,278;1,7264060957926
30311;130,282;1,66344123371432
30312;130,286;1,65671468977951
30313;130,290;1,63620424433895
30314;130,295;1,52064001411472
30315;130,299;1,47697261414449
30316;130,303;1,55691924287786
30317;130,307;1,70799080338092
30318;130,311;1,77283027606398
30319;130,315;1,56364578681267
30320;130,319;1,69707395338836
30321;130,323;1,53177740653136
30322;130,328;1,52240435350745
30323;130,332;1,57687833225819
30324;130,336;1,57334965347272
30325;130,340;1,67270401552619
30326;130,344;1,6236333261657
30327;130,348;1,7723891912158
30328;130,352;1,54864890197441
30329;130,356;1,57125450044384
30330;130,360;1,63918156706419
30331;130,365;1,47906776717336
30332;130,369;1,79267909423226
30333;130,373;1,64171780494125
30334;130,377;1,65263465493381
30335;130,381;1,69972046247746
30336;130,385;1,58470758831346
30337;130,389;1,71262219428685
30338;130,393;1,69553015641971
30339;130,398;1,67424781249483
30340;130,402;1,67634296552371
30341;130,406;1,60069691406013
30342;130,410;1,68141544127782
30343;130,414;1,56353551560062
30344;130,418;1,57478317922931
30345;130,422;1,57842212922683
30346;130,426;1,74603437153679
30347;130,431;1,63929183827624
30348;130,435;1,6183403079875
30349;130,439;1,55085432621533
30350;130,443;1,64546702615082
30351;130,447;1,57180585650407
30352;130,451;1,57103395801975
30353;130,455;1,71240165186276
30354;130,459;1,52130164138699
30355;130,464;1,83700812147477
30356;130,468;1,4712385111181
30357;130,472;1,67248347310209
30358;130,476;1,75463552607639
30359;130,480;1,76202369728347
30360;130,484;1,7055648367159
30361;130,488;1,61392945950565
30362;130,492;1,60962888223586
30363;130,497;1,72618555336851
30364;130,501;1,70027181853769
30365;130,505;1,71438653367958
30366;130,509;1,7180254836771
30367;130,513;1,74548301547656
30368;130,517;1,62903661555596
30369;130,521;1,79764129877434
30370;130,525;1,6308009549487
30371;130,529;1,52891035501817
30372;130,534;1,66355150492637
30373;130,538;1,57423182316908
30374;130,542;1,66178716553363
30375;130,546;1,70710863368455
30376;130,550;1,78374712605654
30377;130,554;1,75893610334618
30378;130,558;1,60742345799494
30379;130,562;1,60146881254445
30380;130,567;1,69685341096427
30381;130,571;1,75033494880659
30382;130,575;1,65892011402043
30383;130,579;1,69475825793539
30384;130,583;1,79488451847318
30385;130,587;1,69133985036197
30386;130,591;1,81274845482464
30387;130,595;1,60984942465995
30388;130,600;1,62197925798501
30389;130,604;1,61216512011292
30390;130,608;1,58878762315916
30391;130,612;1,65638387614337
30392;130,616;1,52218381108336
30393;130,620;1,57478317922931
30394;130,624;1,65903038523248
30395;130,628;1,593198471641
30396;130,633;1,62561820798253
30397;130,637;1,60202016860468
30398;130,641;1,60632074587448
30399;130,645;1,68781117157649
30400;130,649;1,56607175347768
30401;130,653;1,69905883520519
30402;130,657;1,77536651394104
30403;130,661;1,83535405329408
30404;130,666;1,66487475947092
30405;130,670;1,6444745852424
30406;130,674;1,70357995489907
30407;130,678;1,59694769285057
30408;130,682;1,71096812610616
30409;130,686;1,74195433669109
30410;130,690;1,73004504579012
30411;130,694;1,57985565498343
30412;130,698;1,7347867079081
30413;130,703;1,68880361248491
30414;130,707;1,70357995489907
30415;130,711;1,6140397307177
30416;130,715;1,61856085041159
30417;130,719;1,68560574733557
30418;130,723;1,7917969245359
30419;130,727;1,70225670035452
30420;130,731;1,77999790484697
30421;130,736;1,59386009891328
30422;130,740;1,65539143523496
30423;130,744;1,5239481504761
30424;130,748;1,73169911397081
30425;130,752;1,74812952456567
30426;130,756;1,68020245794532
30427;130,760;1,69927937762928
30428;130,764;1,69916910641723
30429;130,769;1,55736032772604
30430;130,773;1,66752126856002
30431;130,777;1,6904576806656
30432;130,781;1,83689785026272
30433;130,785;1,77602814121331
30434;130,789;1,66663909886366
30435;130,793;1,73588942002856
30436;130,797;1,59242657315668
30437;130,802;1,70964487156161
30438;130,806;1,77459461545672
30439;130,810;1,6015790837565
30440;130,814;1,66233852159386
30441;130,818;1,69145012157401
30442;130,822;1,82410638966538
30443;130,826;1,75871556092209
30444;130,830;1,53971693379868
30445;130,835;1,82388584724129
30446;130,839;1,7069983624725
30447;130,843;1,66575692916729
30448;130,847;1,75518688213662
30449;130,851;1,76919132606646
30450;130,855;1,58669247013029
30451;130,859;1,63069068373665
30452;130,863;1,87064084114881
30453;130,867;1,79003258514316
30454;130,872;1,84891741237574
30455;130,876;1,73269155487923
30456;130,880;1,49649061867664
30457;130,884;1,77668976848559
30458;130,888;1,63885075342806
30459;130,892;1,65682496099156
30460;130,896;1,67634296552371
30461;130,900;1,75066576244273
30462;130,905;1,72353904427941
30463;130,909;1,47873695353722
30464;130,913;1,6777764912803
30465;130,917;1,62087654586455
30466;130,921;1,7486808806259
30467;130,925;1,72971423215398
30468;130,929;1,73610996245265
30469;130,933;1,52758710047362
30470;130,938;1,71868711094938
30471;130,942;1,77613841242536
30472;130,946;1,56375605802471
30473;130,950;1,50266580655121
30474;130,954;1,76610373212917
30475;130,958;1,85773910933942
30476;130,962;1,81550523512579
30477;130,966;1,65274492614586
30478;130,971;1,66057418220112
30479;130,975;1,67535052461529
30480;130,979;1,83149456087247
30481;130,983;1,70799080338092
30482;130,987;1,78165197302766
30483;130,991;1,672262930678
30484;130,995;1,73919755638994
30485;130,999;1,76621400334122
30486;131,004;1,70479293823158
30487;131,008;1,85950344873216
30488;131,012;1,69420690187516
30489;131,016;1,68097435642964
30490;131,020;1,64304105948581
30491;131,024;1,79940563816707
30492;131,028;1,87295653660177
30493;131,032;1,74239542153928
30494;131,036;1,89236426992187
30495;131,041;1,5862513852821
30496;131,045;1,689024154909
30497;131,049;1,81208682755237
30498;131,053;1,71174002459048
30499;131,057;1,84351412298548
30500;131,061;1,69817666550882
30501;131,065;1,60687210193471
30502;131,069;1,80877869119098
30503;131,074;1,6641028609866
30504;131,078;1,65770713068793
30505;131,082;1,60179962618059
30506;131,086;1,63642478676304
30507;131,090;1,82443720330152
30508;131,094;1,87439006235837
30509;131,098;1,51876540350993
30510;131,102;1,65009841705675
30511;131,107;1,69608151247994
30512;131,111;1,75364308516797
30513;131,115;1,57974538377139
30514;131,119;1,72739853670102
30515;131,123;1,57687833225819
30516;131,127;1,61723759586704
30517;131,131;1,61889166404773
30518;131,135;1,68637764581989
30519;131,140;1,57776050195456
30520;131,144;1,59771959133489
30521;131,148;1,69034740945355
30522;131,152;1,82179069421242
30523;131,156;1,6585893003843
30524;131,160;1,62572847919458
30525;131,164;1,64712109433151
30526;131,168;1,7374332169972
30527;131,173;1,65991255492885
30528;131,177;1,81771065936671
30529;131,181;1,81230736997646
30530;131,185;1,77327136091216
30531;131,189;1,90383247597466
30532;131,193;1,68560574733557
30533;131,197;1,80591163967779
30534;131,201;1,77988763363493
30535;131,205;1,6641028609866
30536;131,210;1,71791521246506
30537;131,214;1,89302589719415
30538;131,218;1,82046743966786
30539;131,222;1,74195433669109
30540;131,226;1,76941186849055
30541;131,230;1,63499126100645
30542;131,234;1,68075381400555
30543;131,238;1,71328382155912
30544;131,243;1,71372490640731
30545;131,247;1,67347591401051
30546;131,251;1,69894856399314
30547;131,255;1,66928560795276
30548;131,259;1,84108815632047
30549;131,263;1,76356749425211
30550;131,267;1,93956034867757
30551;131,271;1,60190989739264
30552;131,276;1,78937095787088
30553;131,280;1,76312640940393
30554;131,284;1,67204238825391
30555;131,288;1,69894856399314
30556;131,292;1,54225317167574
30557;131,296;1,70567510792795
30558;131,300;1,81429225179329
30559;131,304;1,70192588671838
30560;131,309;1,57621670498591
30561;131,313;1,65219357008563
30562;131,317;1,69894856399314
30563;131,321;1,69122957914992
30564;131,325;1,59275738679282
30565;131,329;1,90912549415287
30566;131,333;1,94033224716189
30567;131,337;1,81208682755237
30568;131,342;1,83458215480975
30569;131,346;1,89412860931461
30570;131,350;1,90173732294579
30571;131,354;1,62694146252709
30572;131,358;1,80491919876937
30573;131,362;1,64105617766898
30574;131,366;1,71559951701209
30575;131,370;1,77106593667124
30576;131,374;1,81837228663899
30577;131,379;1,69222202005833
30578;131,383;1,85630558358282
30579;131,387;1,85939317752011
30580;131,391;1,68792144278854
30581;131,395;1,71030649883388
30582;131,399;1,61337810344542
30583;131,403;1,87064084114881
30584;131,407;1,82035716845582
30585;131,412;1,83050211996405
30586;131,416;1,73103748669854
30587;131,420;1,75198901698728
30588;131,424;1,74923223668613
30589;131,428;1,51578808078469
30590;131,432;1,77294054727603
30591;131,436;1,66200770795772
30592;131,440;1,78473956696495
30593;131,445;1,71350436398322
30594;131,449;1,61470135798998
30595;131,453;1,76191342607142
30596;131,457;1,86126778812489
30597;131,461;1,76566264728099
30598;131,465;1,72100280640235
30599;131,469;1,80745543664643
30600;131,473;1,86325266994172
30601;131,478;1,74504193062838
30602;131,482;1,99271107288376
30603;131,486;1,74482138820429
30604;131,490;1,58636165649415
30605;131,494;1,95565994563629
30606;131,498;1,70743944732069
30607;131,502;1,78396766848063
30608;131,506;1,82939940784359
30609;131,511;1,91022820627333
30610;131,515;1,87681602902338
30611;131,519;1,65517089281087
30612;131,523;1,81021221694758
30613;131,527;1,78562173666132
30614;131,531;1,69630205490404
30615;131,535;1,80877869119098
30616;131,539;1,70082317459792
30617;131,543;1,71493788973982
30618;131,548;1,62440522465003
30619;131,552;2,02524108043734
30620;131,556;1,79775156998638
30621;131,560;1,8124176411885
30622;131,564;1,82741452602676
30623;131,568;1,78010817605902
30624;131,572;1,59738877769875
30625;131,576;1,78275468514812
30626;131,581;1,85013039570824
30627;131,585;1,79863373968275
30628;131,589;1,68306950945851
30629;131,593;1,77680003969764
30630;131,597;1,56199171863198
30631;131,601;1,73666131851288
30632;131,605;1,70391076853521
30633;131,609;1,6931041897547
30634;131,614;1,72530338367214
30635;131,618;1,87174355326927
30636;131,622;1,86634026387901
30637;131,626;1,76643454576531
30638;131,630;1,60190989739264
30639;131,634;1,70655727762432
30640;131,638;1,698617750357
30641;131,642;1,74162352305495
30642;131,647;1,76169288364733
30643;131,651;1,65550170644701
30644;131,655;1,82984049269178
30645;131,659;1,68869334127286
30646;131,663;1,7472473548693
30647;131,667;2,01774263801821
30648;131,671;1,87549277447883
30649;131,675;1,78264441393608
30650;131,680;1,8402059866241
30651;131,684;1,7652215624328
30652;131,688;1,899862712341
30653;131,692;1,77448434424467
30654;131,696;1,92732024414046
30655;131,700;1,85829046539965
30656;131,704;1,777682209394
30657;131,708;1,95246208048696
30658;131,712;1,84638117449868
30659;131,717;1,90184759415783
30660;131,721;1,87626467296315
30661;131,725;1,66509530189501
30662;131,729;1,72629582458056
30663;131,733;1,82179069421242
30664;131,737;1,65495035038678
30665;131,741;1,85244609116121
30666;131,745;1,72607528215646
30667;131,750;1,95422641987969
30668;131,754;1,92754078656456
30669;131,758;1,76180315485938
30670;131,762;1,83822110480727
30671;131,766;1,8138511669451
30672;131,770;1,91166173202993
30673;131,774;1,92897431232115
30674;131,778;1,87262572296563
30675;131,783;1,75452525486434
30676;131,787;1,70688809126046
30677;131,791;1,81693876088239
30678;131,795;1,71383517761935
30679;131,799;1,77029403818692
30680;131,803;1,78143143060357
30681;131,807;1,98785913955373
30682;131,811;1,85950344873216
30683;131,816;1,8236653048172
30684;131,820;1,90295030627829
30685;131,824;1,92004234414543
30686;131,828;1,73225047003104
30687;131,832;1,75882583213413
30688;131,836;1,75739230637754
30689;131,840;1,79576668816955
30690;131,844;1,73202992760695
30691;131,849;1,77459461545672
30692;131,853;2,01289070468818
30693;131,857;1,91044874869742
30694;131,861;1,8581801941876
30695;131,865;1,96635625320476
30696;131,869;1,77040430939897
30697;131,873;1,80183160483208
30698;131,877;1,78451902454086
30699;131,881;1,84682225934686
30700;131,886;1,98796941076578
30701;131,890;1,97804500168164
30702;131,894;1,83546432450612
30703;131,898;1,79190719574794
30704;131,902;1,74658572759702
30705;131,906;1,74548301547656
30706;131,910;1,80712462301029
30707;131,914;1,72122334882644
30708;131,919;1,98477154561644
30709;131,923;1,88839450628822
30710;131,927;1,97749364562141
30711;131,931;1,86192941539717
30712;131,935;1,93018729565366
30713;131,939;1,90603790021558
30714;131,943;1,8291788654195
30715;131,947;1,87824955477998
30716;131,952;1,79488451847318
30717;131,956;1,97142872895887
30718;131,960;1,80381648664891
30719;131,964;1,68340032309465
30720;131,968;1,90868440930469
30721;131,972;1,90460437445898
30722;131,976;1,75761284880163
30723;131,980;1,80910950482712
30724;131,985;1,80701435179825
30725;131,989;1,81572577754988
30726;131,993;1,76599346091713
30727;131,997;1,73853592911766
30728;132,001;1,94353011231123
30729;132,005;1,7556279669848
30730;132,009;1,74294677759951
30731;132,013;1,88012416538476
30732;132,018;1,81363062452101
30733;132,022;1,90835359566855
30734;132,026;1,64690055190742
30735;132,030;1,83436161238566
30736;132,034;1,78220332908789
30737;132,038;1,90284003506625
30738;132,042;1,78760661847815
30739;132,046;1,97705256077322
30740;132,050;1,80359594422482
30741;132,055;1,82840696693518
30742;132,059;2,06769549707506
30743;132,063;2,16892446973331
30744;132,067;1,94176577291849
30745;132,071;1,80646299573802
30746;132,075;1,88629935325934
30747;132,079;1,79003258514316
30748;132,083;1,69938964884133
30749;132,088;1,92346075171885
30750;132,092;1,74504193062838
30751;132,096;1,88255013204978
30752;132,100;2,00616416075337
30753;132,104;1,91320552899857
30754;132,108;1,80624245331393
30755;132,112;1,80447811392119
30756;132,116;1,78804770332633
30757;132,121;1,81363062452101
30758;132,125;1,77404325939649
30759;132,129;1,79080448362748
30760;132,133;1,86347321236581
30761;132,137;2,07651719403874
30762;132,141;1,90195786536988
30763;132,145;1,82134960936423
30764;132,149;1,8914821002255
30765;132,154;1,69442744429925
30766;132,158;2,01840426529048
30767;132,162;1,88729179416776
30768;132,166;2,02733623346621
30769;132,170;1,72034117913007
30770;132,174;1,78981204271907
30771;132,178;1,70534429429181
30772;132,182;1,74559328668861
30773;132,187;1,91827800475269
30774;132,191;1,88696098053162
30775;132,195;1,87394897751019
30776;132,199;1,90107569567351
30777;132,203;1,96878221986977
30778;132,207;1,74647545638498
30779;132,211;1,78088007454334
30780;132,215;1,91298498657448
30781;132,219;1,81186628512827
30782;132,224;2,03009301376736
30783;132,228;1,85608504115873
30784;132,232;1,99943761681857
30785;132,236;1,7834163124204
30786;132,240;1,87527223205474
30787;132,244;2,01432423044478
30788;132,248;1,97749364562141
30789;132,252;1,92335048050681
30790;132,257;2,04056877891173
30791;132,261;1,65053950190494
30792;132,265;1,9791477138021
30793;132,269;1,82531937299789
30794;132,273;1,68262842461033
30795;132,277;1,94055278958599
30796;132,281;1,90317084870238
30797;132,285;1,85751856691533
30798;132,290;1,82245232148469
30799;132,294;1,85498232903827
30800;132,298;1,95565994563629
30801;132,302;1,86722243357538
30802;132,306;2,05953542738365
30803;132,310;1,8917026426496
30804;132,314;1,81329981088487
30805;132,318;1,97672174713708
30806;132,323;1,93151055019821
30807;132,327;1,86457592448627
30808;132,331;1,9401117047378
30809;132,335;2,06537980162209
30810;132,339;1,91055901990947
30811;132,343;1,79345099271659
30812;132,347;1,86292185630558
30813;132,351;2,06427708950163
30814;132,356;1,97859635774187
30815;132,360;1,89390806689052
30816;132,364;1,8957826774953
30817;132,368;2,00373819408836
30818;132,372;1,65472980796268
30819;132,376;1,93404678807527
30820;132,380;2,00451009257268
30821;132,384;1,8277453396629
30822;132,388;1,73633050487674
30823;132,393;1,9470587910967
30824;132,397;1,78021844727106
30825;132,401;1,94121441685826
30826;132,405;2,02954165770713
30827;132,409;2,01024419559908
30828;132,413;1,97264171229138
30829;132,417;1,97451632289616
30830;132,421;2,00495117742087
30831;132,426;1,78904014423475
30832;132,430;2,08125885615672
30833;132,434;1,99293161530785
30834;132,438;1,74404948971997
30835;132,442;1,97374442441184
30836;132,446;1,95588048806038
30837;132,450;1,86314239872968
30838;132,454;1,69277337611856
30839;132,459;1,96106323502655
30840;132,463;2,0012019562113
30841;132,467;1,91596230929972
30842;132,471;1,88067552144499
30843;132,475;2,12448517127876
30844;132,479;1,86567863660673
30845;132,483;1,89467996537484
30846;132,487;1,76279559576779
30847;132,492;2,10055631826477
30848;132,496;1,99149808955125
30849;132,500;2,05369105314521
30850;132,504;2,06703386980278
30851;132,508;2,0512650864802
30852;132,512;1,91904990323701
30853;132,516;1,9331646183789
30854;132,520;1,94937448654967
30855;132,525;1,96128377745064
30856;132,529;1,92423265020317
30857;132,533;1,89192318507369
30858;132,537;1,93404678807527
30859;132,541;1,98752832591759
30860;132,545;1,80293431695254
30861;132,549;1,82134960936423
30862;132,553;2,03692982891421
30863;132,557;1,99778354863787
30864;132,562;1,899862712341
30865;132,566;1,93360570322709
30866;132,570;1,85928290630806
30867;132,574;1,90570708657944
30868;132,578;2,19197115305093
30869;132,582;2,0567786470825
30870;132,586;1,9012962380976
30871;132,590;2,12514679855104
30872;132,595;1,98212503652734
30873;132,599;2,10882665916822
30874;132,603;1,93812682292097
30875;132,607;2,06196139404866
30876;132,611;1,97947852743823
30877;132,615;1,88795342144003
30878;132,619;2,0735398713135
30879;132,623;1,93790628049688
30880;132,628;1,89302589719415
30881;132,632;2,0721063455569
30882;132,636;1,88221931841364
30883;132,640;2,00307656681608
30884;132,644;1,77161729273147
30885;132,648;2,04773640769473
30886;132,652;2,01112636529544
30887;132,656;2,06295383495708
30888;132,661;2,01035446681112
30889;132,665;1,9568729289688
30890;132,669;1,95036692745808
30891;132,673;2,04817749254291
30892;132,677;1,94121441685826
30893;132,681;1,92456346383931
30894;132,685;2,06041759708002
30895;132,689;1,95157991079059
30896;132,694;1,93911926382939
30897;132,698;1,93129000777412
30898;132,702;2,02854921679872
30899;132,706;2,02568216528552
30900;132,710;1,92324020929476
30901;132,714;1,98047096834665
30902;132,718;1,89611349113144
30903;132,722;2,12492625612694
30904;132,726;1,78043898969516
30905;132,731;1,98146340925506
30906;132,735;1,90692006991195
30907;132,739;2,0692392940437
30908;132,743;1,9638200153277
30909;132,747;1,94772041836898
30910;132,751;1,90372220476261
30911;132,755;1,95014638503399
30912;132,759;1,72166443367462
30913;132,764;2,01024419559908
30914;132,768;1,77051458061101
30915;132,772;1,91530068202745
30916;132,776;1,90901522294082
30917;132,780;2,01741182438207
30918;132,784;1,97672174713708
30919;132,788;1,98444073198031
30920;132,792;1,99679110772946
30921;132,797;1,90030379718919
30922;132,801;2,11246560916574
30923;132,805;1,96260703199519
30924;132,809;2,17708453942472
30925;132,813;2,07949451676398
30926;132,817;1,99348297136808
30927;132,821;1,91893963202497
30928;132,825;1,90802278203241
30929;132,830;2,02336646983255
30930;132,834;1,90019352597714
30931;132,838;1,95962970926995
30932;132,842;1,75000413517045
30933;132,846;1,92842295626092
30934;132,850;1,9722006274432
30935;132,854;1,99601920924514
30936;132,858;2,01697073953388
30937;132,863;2,00825931378225
30938;132,867;2,05501430768976
30939;132,871;2,03527576073352
30940;132,875;1,97308279713956
30941;132,879;2,19814634092551
30942;132,883;2,0122290774159
30943;132,887;1,9928213440958
30944;132,891;2,10430553947434
30945;132,895;1,89390806689052
30946;132,900;1,83987517298796
30947;132,904;1,96073242139041
30948;132,908;2,10717259098753
30949;132,912;2,04674396678631
30950;132,916;1,96315838805542
30951;132,920;2,02568216528552
30952;132,924;1,98069151077074
30953;132,928;1,94066306079803
30954;132,933;2,10584933644298
30955;132,937;2,04354610163698
30956;132,941;2,06957010767984
30957;132,945;2,0860005182747
30958;132,949;1,90714061233604
30959;132,953;2,06857766677142
30960;132,957;1,7791157351506
30961;132,961;1,97969906986233
30962;132,966;2,12316191673421
30963;132,970;1,94606635018829
30964;132,974;2,13021927430515
30965;132,978;2,13694581823996
30966;132,982;1,98940293652238
30967;132,986;1,97925798501414
30968;132,990;1,87031002751267
30969;132,994;2,07155498949667
30970;132,999;1,99337270015603
30971;133,003;1,94319929867509
30972;133,007;2,06107922435229
30973;133,011;1,98014015471051
30974;133,015;1,98686669864532
30975;133,019;1,96966438956614
30976;133,023;1,8500201244962
30977;133,027;1,91916017444906
30978;133,032;2,09438113039019
30979;133,036;2,11003964250073
30980;133,040;1,92853322747297
30981;133,044;1,95940916684586
30982;133,048;2,11434021977053
30983;133,052;1,97087737289864
30984;133,056;2,03582711679375
30985;133,060;1,94772041836898
30986;133,064;2,02932111528304
30987;133,069;2,09250651978541
30988;133,073;1,97760391683345
30989;133,077;1,93095919413798
30990;133,081;1,99800409106197
30991;133,085;2,1303295455172
30992;133,089;2,18083376063428
30993;133,093;2,36421478626682
30994;133,097;1,8126381836126
30995;133,102;1,85321798964553
30996;133,106;2,00991338196294
30997;133,110;2,00340738045222
30998;133,114;2,0318573531601
30999;133,118;1,96889249108182
31000;133,122;2,03560657436966
31001;133,126;2,13948205611702
31002;133,130;1,96128377745064
31003;133,135;2,01708101074593
31004;133,139;2,09360923190587
31005;133,143;1,75143766092705
31006;133,147;2,07585556676646
31007;133,151;1,95907835320972
31008;133,155;1,72905260488171
31009;133,159;1,94231712897872
31010;133,163;2,03229843800828
31011;133,168;2,02976220013122
31012;133,172;2,0608586819282
31013;133,176;1,92202722596225
31014;133,180;2,08952919706017
31015;133,184;2,11919215310055
31016;133,188;1,89059993052914
31017;133,192;1,99392405621626
31018;133,196;2,07177553192076
31019;133,201;1,81881337148717
31020;133,205;1,98433046076826
31021;133,209;2,09107299402881
31022;133,213;1,98807968197782
31023;133,217;1,9901748350067
31024;133,221;2,09427085917815
31025;133,225;1,91783691990451
31026;133,229;2,06251275010889
31027;133,233;2,03428331982511
31028;133,238;1,89247454113392
31029;133,242;2,14212856520612
31030;133,246;2,14543670156751
31031;133,250;1,97010547441432
31032;133,254;2,12117703491738
31033;133,258;2,10750340462367
31034;133,262;1,92732024414046
31035;133,266;2,02557189407347
31036;133,271;1,93327488959095
31037;133,275;1,93647275474028
31038;133,279;1,94022197594985
31039;133,283;1,84946876843597
31040;133,287;2,12955764703288
31041;133,291;2,10606987886707
31042;133,295;1,890269116893
31043;133,299;2,1664985030683
31044;133,304;2,19164033941479
31045;133,308;2,13694581823996
31046;133,312;1,87935226690044
31047;133,316;2,12139757734147
31048;133,320;2,07409122737373
31049;133,324;1,99734246378969
31050;133,328;1,92864349868502
31051;133,332;1,91695475020814
31052;133,337;1,89644430476758
31053;133,341;2,0110160940834
31054;133,345;2,16738067276466
31055;133,349;2,18105430305837
31056;133,353;2,20266746061939
31057;133,357;2,09261679099746
31058;133,361;2,35550336051519
31059;133,365;2,33411074537826
31060;133,370;1,95753455624108
31061;133,374;2,33179504992529
31062;133,378;1,86336294115377
31063;133,382;2,22836065302612
31064;133,386;2,01002365317498
31065;133,390;2,09934333493227
31066;133,394;2,17476884397175
31067;133,398;2,22218546515154
31068;133,402;2,14984755004935
31069;133,407;2,1303295455172
31070;133,411;2,15503029701551
31071;133,415;2,06438736071368
31072;133,419;2,19461766214003
31073;133,423;2,05435268041749
31074;133,427;2,20818102122169
31075;133,431;2,04387691527311
31076;133,435;2,07155498949667
31077;133,440;2,01774263801821
31078;133,444;1,94066306079803
31079;133,448;1,8986497290085
31080;133,452;1,93294407595481
31081;133,456;1,93625221231619
31082;133,460;1,99215971682353
31083;133,464;1,95940916684586
31084;133,468;2,29562609237419
31085;133,473;2,00627443196542
31086;133,477;2,12812412127628
31087;133,481;2,06791603949915
31088;133,485;2,00031978651493
31089;133,489;2,19516901820026
31090;133,493;1,99105700470307
31091;133,497;2,01619884104956
31092;133,501;2,28162164844435
31093;133,506;2,0721063455569
31094;133,510;2,05291915466089
31095;133,514;2,21964922727448
31096;133,518;2,12128730612943
31097;133,522;1,98686669864532
31098;133,526;1,92732024414046
31099;133,530;2,04531044102971
31100;133,534;2,0929476046336
31101;133,539;2,01498585771706
31102;133,543;2,2261552287852
31103;133,547;1,95709347139289
31104;133,551;2,3413886453733
31105;133,555;2,15701517883234
31106;133,559;1,81561550633784
31107;133,563;2,0179631804423
31108;133,567;2,09868170765999
31109;133,572;1,99436514106445
31110;133,576;2,17796670912108
31111;133,580;2,05402186678135
31112;133,584;2,35517254687905
31113;133,588;1,82234205027265
31114;133,592;2,08467726373014
31115;133,596;2,05214725617657
31116;133,600;2,1497372788373
31117;133,604;2,19461766214003
31118;133,609;2,04520016981767
31119;133,613;2,09978441978045
31120;133,617;2,21027617425057
31121;133,621;2,04189203345629
31122;133,625;2,23497692574888
31123;133,629;2,00539226226905
31124;133,633;1,95985025169404
31125;133,637;2,03990715163946
31126;133,642;2,19594091668459
31127;133,646;2,04928020466337
31128;133,650;2,11511211825485
31129;133,654;2,29849314388739
31130;133,658;2,1607644000419
31131;133,662;2,12713168036787
31132;133,666;2,20707830910123
31133;133,670;2,27423347723726
31134;133,675;2,05843271526319
31135;133,679;2,14742158338433
31136;133,683;2,03549630315762
31137;133,687;2,24324726665233
31138;133,691;1,97881690016596
31139;133,695;2,14157720914589
31140;133,699;2,01399341680864
31141;133,703;2,03935579557923
31142;133,708;1,97043628805046
31143;133,712;2,09912279250817
31144;133,716;2,12492625612694
31145;133,720;2,21170970000717
31146;133,724;1,95962970926995
31147;133,728;2,05049318799588
31148;133,732;2,05369105314521
31149;133,736;2,11367859249825
31150;133,741;2,04850830617905
31151;133,745;2,27059452723975
31152;133,749;2,07695827888692
31153;133,753;2,07773017737124
31154;133,757;1,90934603657696
31155;133,761;2,18458298184385
31156;133,765;2,0304238274035
31157;133,769;2,24798892877031
31158;133,773;2,21887732879016
31159;133,778;2,28504005601778
31160;133,782;1,98124286683097
31161;133,786;2,21810543030584
31162;133,790;2,09261679099746
31163;133,794;2,16054385761781
31164;133,798;2,34028593325284
31165;133,802;2,05788135920296
31166;133,806;2,0498315607236
31167;133,811;2,18568569396431
31168;133,815;2,03648874406603
31169;133,819;2,10430553947434
31170;133,823;2,0193967061989
31171;133,827;2,15877951822507
31172;133,831;2,37005916050526
31173;133,835;2,14036422581339
31174;133,839;2,19307386517139
31175;133,844;2,02182267286391
31176;133,848;2,37744733171235
31177;133,852;2,15326595762277
31178;133,856;1,8722949093295
31179;133,860;2,0402379652756
31180;133,864;1,99006456379465
31181;133,868;2,07607610919055
31182;133,872;2,11511211825485
31183;133,877;1,99480622591263
31184;133,881;2,11434021977053
31185;133,885;1,9971219213656
31186;133,889;2,33488264386258
31187;133,893;2,21016590303852
31188;133,897;2,14179775156999
31189;133,901;2,08092804252058
31190;133,905;2,196933357593
31191;133,910;2,07420149858577
31192;133,914;2,09680709705521
31193;133,918;2,10816503189595
31194;133,922;2,09316814705769
31195;133,926;2,17532020003198
31196;133,930;2,2079604787976
31197;133,934;2,10033577584068
31198;133,938;2,21909787121425
31199;133,942;2,02524108043734
31200;133,947;2,08787512887948
31201;133,951;2,05887380011137
31202;133,955;2,31404138478588
31203;133,959;1,97098764411069
31204;133,963;2,31690843629908
31205;133,967;2,12812412127628
31206;133,971;2,04034823648764
31207;133,975;2,10210011523342
31208;133,980;2,17079908033809
31209;133,984;2,24743757271008
31210;133,988;2,14852429550479
31211;133,992;2,0345038622492
31212;133,996;2,28956117571166
31213;134,000;2,16561633337193
31214;134,004;2,23376394241637
31215;134,008;2,249642996951
31216;134,013;2,08622106069879
31217;134,017;2,1664985030683
31218;134,021;2,2817319196564
31219;134,025;2,03494494709739
31220;134,029;2,33841132264805
31221;134,033;2,06736468343892
31222;134,037;2,08699295918311
31223;134,041;2,42210717259099
31224;134,046;2,11676618643554
31225;134,050;2,15844870458894
31226;134,054;2,03516548952148
31227;134,058;1,9623864895711
31228;134,062;2,1732250470031
31229;134,066;2,45981992711073
31230;134,070;2,08335400918559
31231;134,074;2,22670658484543
31232;134,079;2,14356209096272
31233;134,083;2,27588754541796
31234;134,087;2,17046826670195
31235;134,091;2,16374172276715
31236;134,095;2,17068880912605
31237;134,099;2,24015967271504
31238;134,103;2,26607340754586
31239;134,107;2,22505251666474
31240;134,111;2,17179152124651
31241;134,116;2,08908811221199
31242;134,120;2,21413566667218
31243;134,124;2,26375771209289
31244;134,128;2,29772124540307
31245;134,132;2,21435620909627
31246;134,136;2,18204674396679
31247;134,140;2,07706855009897
31248;134,144;2,2565900833099
31249;134,149;2,31315921508951
31250;134,153;2,01873507892662
31251;134,157;2,07828153343148
31252;134,161;2,42927480137398
31253;134,165;2,12272083188602
31254;134,169;2,17697426821267
31255;134,173;2,05666837587045
31256;134,177;2,46423077559257
31257;134,182;2,2010133924387
31258;134,186;2,40380215139135
31259;134,190;2,17212233488264
31260;134,194;2,1830391848752
31261;134,198;2,24324726665233
31262;134,202;2,21270214091558
31263;134,206;2,31415165599793
31264;134,210;2,19715390001709
31265;134,215;2,16903474094536
31266;134,219;2,13187334248584
31267;134,223;2,32286308174956
31268;134,227;2,37711651807621
31269;134,231;2,08919838342403
31270;134,235;2,19153006820274
31271;134,239;2,0845669925181
31272;134,243;2,11312723643802
31273;134,248;2,31723924993522
31274;134,252;2,22582441514906
31275;134,256;2,20862210606988
31276;134,260;2,32065765750864
31277;134,264;2,44559494075679
31278;134,268;2,23111743332727
31279;134,272;2,25184842119192
31280;134,276;2,34315298476603
31281;134,280;2,19682308638095
31282;134,285;2,1526043303505
31283;134,289;2,24512187725711
31284;134,293;2,32165009841706
31285;134,297;2,23927750301867
31286;134,301;2,12944737582083
31287;134,305;2,2053139697085
31288;134,309;2,36928726202094
31289;134,313;2,40688974532864
31290;134,318;2,27136642572407
31291;134,322;2,12823439248833
31292;134,326;2,26982262875542
31293;134,330;2,21645136212515
31294;134,334;2,16010277276963
31295;134,338;2,2024469181953
31296;134,342;2,38847445291695
31297;134,346;2,35351847869836
31298;134,351;2,19031708487024
31299;134,355;2,17399694548743
31300;134,359;2,4523214846916
31301;134,363;2,14058476823748
31302;134,367;2,28735575147074
31303;134,371;2,23618990908139
31304;134,375;2,15977195913349
31305;134,379;2,07078309101234
31306;134,384;2,21623081970105
31307;134,388;2,30169100903673
31308;134,392;2,4537550104482
31309;134,396;2,28669412419847
31310;134,400;2,22053139697085
31311;134,404;2,34293244234194
31312;134,408;2,29650826207056
31313;134,412;2,1954998318364
31314;134,417;2,14080531066157
31315;134,421;2,16991691064172
31316;134,425;2,17090935155014
31317;134,429;2,33653671204327
31318;134,433;2,33267721962166
31319;134,437;2,160984942466
31320;134,441;2,09658655463112
31321;134,445;2,27235886663248
31322;134,449;2,35032061354902
31323;134,454;2,33047179538074
31324;134,458;2,31933440296409
31325;134,462;2,1593308742853
31326;134,466;2,34469678173468
31327;134,470;2,3203268438725
31328;134,474;1,96988493199023
31329;134,478;2,24666567422576
31330;134,482;2,24909164089077
31331;134,487;2,43644243015697
31332;134,491;2,065159259198
31333;134,495;2,39906048927337
31334;134,499;2,29573636358624
31335;134,503;2,42993642864626
31336;134,507;2,04332555921288
31337;134,511;2,5023846149605
31338;134,515;2,25096625149555
31339;134,520;2,27941622420343
31340;134,524;2,28889954843939
31341;134,528;1,98896185167419
31342;134,532;2,19307386517139
31343;134,536;2,28934063328757
31344;134,540;2,09427085917815
31345;134,544;2,31536463933043
31346;134,548;2,06604142889437
31347;134,553;2,34668166355151
31348;134,557;2,2455629621053
31349;134,561;2,04365637284902
31350;134,565;2,23464611211274
31351;134,569;2,35043088476107
31352;134,573;2,40137618472633
31353;134,577;1,95742428502903
31354;134,581;2,34535840900695
31355;134,586;2,34767410445992
31356;134,590;2,36267098929818
31357;134,594;2,24666567422576
31358;134,598;2,24953272573896
31359;134,602;2,32672257417117
31360;134,606;2,4801098301272
31361;134,610;2,40280971048293
31362;134,614;2,18149538790656
31363;134,618;2,32495823477844
31364;134,623;2,39244421655061
31365;134,627;2,30863809539563
31366;134,631;2,36454559990296
31367;134,635;2,08754431524334
31368;134,639;2,24743757271008
31369;134,643;2,32043711508455
31370;134,647;2,26199337270016
31371;134,651;2,38880526655309
31372;134,656;2,03549630315762
31373;134,660;2,11577374552712
31374;134,664;2,20608586819282
31375;134,668;2,33311830446984
31376;134,672;2,30841755297153
31377;134,676;2,17146070761037
31378;134,680;2,34491732415877
31379;134,684;2,25625926967376
31380;134,689;2,23012499241885
31381;134,693;2,38472523170738
31382;134,697;2,28481951359368
31383;134,701;2,23541801059706
31384;134,705;2,35704715748383
31385;134,709;2,31238731660519
31386;134,713;2,17410721669947
31387;134,717;2,24236509695596
31388;134,722;2,33201559234938
31389;134,726;2,1789591500295
31390;134,730;2,34613030749127
31391;134,734;2,33587508477099
31392;134,738;2,18215701517883
31393;134,742;2,11213479552961
31394;134,746;2,41174167865866
31395;134,750;2,33245667719757
31396;134,755;2,12283110309807
31397;134,759;2,31514409690634
31398;134,763;2,22207519393949
31399;134,767;2,33697779689145
31400;134,771;2,32440687871821
31401;134,775;2,14951673641321
31402;134,779;2,17587155609221
31403;134,783;2,17906942124154
31404;134,787;2,34149891658534
31405;134,792;2,2134740393999
31406;134,796;2,414939543808
31407;134,800;2,33642644083122
31408;134,804;2,14984755004935
31409;134,808;2,35296712263813
31410;134,812;2,31315921508951
31411;134,816;2,2872454802587
31412;134,820;2,29893422873558
31413;134,825;2,27952649541547
31414;134,829;2,22593468636111
31415;134,833;2,1190818818885
31416;134,837;2,42828236046557
31417;134,841;2,23398448484047
31418;134,845;2,26618367875791
31419;134,849;2,38814363928081
31420;134,853;2,29022280298394
31421;134,858;2,33929349234442
31422;134,862;2,22648604242134
31423;134,866;2,20134420607484
31424;134,870;2,31734952114726
31425;134,874;2,42001201956211
31426;134,878;2,13143225763766
31427;134,882;2,33267721962166
31428;134,886;2,33598535598304
31429;134,891;2,29242822722486
31430;134,895;2,40600757563227
31431;134,899;2,34480705294672
31432;134,903;2,45993019832278
31433;134,907;2,27467456208545
31434;134,911;2,19219169547502
31435;134,915;2,31271813024133
31436;134,919;2,29441310904169
31437;134,924;2,25780306664241
31438;134,928;2,35803959839225
31439;134,932;2,47977901649106
31440;134,936;2,47139840437556
31441;134,940;2,37347756807869
31442;134,944;2,48242552558016
31443;134,948;2,34679193476355
31444;134,952;2,31911386054
31445;134,956;2,32782528629163
31446;134,961;2,41394710289958
31447;134,965;2,30841755297153
31448;134,969;2,35351847869836
31449;134,973;2,24622458937757
31450;134,977;2,2954055499501
31451;134,981;2,5076776331387
31452;134,985;2,27676971511432
31453;134,989;2,28018812268775
31454;134,994;2,26144201663993
31455;134,998;2,23563855302116
31456;135,002;2,45022633166272
31457;135,006;2,18800138941727
31458;135,010;2,35296712263813
31459;135,014;2,39156204685424
31460;135,018;2,41835795138142
31461;135,022;2,50602356495801
31462;135,027;2,43853758318585
31463;135,031;2,33267721962166
31464;135,035;2,35958339536089
31465;135,039;2,17101962276218
31466;135,043;2,46081236801914
31467;135,047;2,38108628170987
31468;135,051;2,34613030749127
31469;135,055;2,32440687871821
31470;135,060;2,16517524852374
31471;135,064;2,26166255906402
31472;135,068;2,37678570444007
31473;135,072;2,25592845603762
31474;135,076;2,3342210165903
31475;135,080;2,5507936770487
31476;135,084;2,37788841656053
31477;135,088;2,32793555750368
31478;135,093;2,35759851354406
31479;135,097;2,49455535890523
31480;135,101;2,42784127561738
31481;135,105;2,38053492564964
31482;135,109;2,52146153464446
31483;135,113;2,4161525271405
31484;135,117;2,43258293773536
31485;135,121;2,50084081799185
31486;135,125;2,50558248010983
31487;135,130;2,46974433619487
31488;135,134;2,31911386054
31489;135,138;2,40688974532864
31490;135,142;2,48529257709336
31491;135,146;2,31349002872565
31492;135,150;2,24049048635118
31493;135,154;2,49929702102321
31494;135,158;2,54075899675251
31495;135,163;2,58486748157092
31496;135,167;2,25967767724719
31497;135,171;2,31922413175204
31498;135,175;2,41052869532615
31499;135,179;2,40336106654316
31500;135,183;2,44857226348203
31501;135,187;2,21876705757811
31502;135,191;2,38781282564467
31503;135,196;2,28382707268527
31504;135,200;2,34998979991289
31505;135,204;2,35958339536089
31506;135,208;2,63096084820616
31507;135,212;2,53756113160318
31508;135,216;2,45739396044572
31509;135,220;2,53822275887545
31510;135,224;2,30367589085355
31511;135,229;2,34348379840217
31512;135,233;2,56038727249671
31513;135,237;2,41670388320073
31514;135,241;2,32528904841458
31515;135,245;2,65588214212857
31516;135,249;2,19241223789911
31517;135,253;2,19340467880753
31518;135,257;2,29926504237171
31519;135,262;2,57031168158085
31520;135,266;2,40291998169498
31521;135,270;2,58674209217571
31522;135,274;2,31117433327268
31523;135,278;2,55575588159077
31524;135,282;2,40766164381296
31525;135,286;2,45188039984341
31526;135,290;2,37491109383529
31527;135,294;2,43037751349444
31528;135,299;2,38671011352421
31529;135,303;2,57825120884816
31530;135,307;2,24589377574144
31531;135,311;2,34723301961174
31532;135,315;2,10904720159232
31533;135,319;2,56568029067492
31534;135,323;2,34590976506718
31535;135,327;2,53723031796704
31536;135,332;2,49841485132684
31537;135,336;2,24754784392213
31538;135,340;2,50602356495801
31539;135,344;2,46831081043827
31540;135,348;2,27676971511432
31541;135,352;2,38263007867851
31542;135,356;2,33642644083122
31543;135,360;2,45706314680958
31544;135,365;2,33885240749624
31545;135,369;2,49819430890275
31546;135,373;2,33962430598056
31547;135,377;2,50425922556528
31548;135,381;2,44956470439045
31549;135,385;2,1926327803232
31550;135,389;2,56832679976402
31551;135,393;2,54274387856934
31552;135,398;2,48893152709088
31553;135,402;2,55024232098847
31554;135,406;2,62952732244956
31555;135,410;2,35318766506222
31556;135,414;2,33675725446736
31557;135,418;2,34800491809606
31558;135,422;2,59368917853461
31559;135,426;2,33609562719509
31560;135,431;2,28603249692619
31561;135,435;2,35065142718516
31562;135,439;2,41990174835007
31563;135,443;2,31349002872565
31564;135,447;2,5591742891642
31565;135,451;2,4743757271008
31566;135,455;2,37799868777258
31567;135,459;2,50745709071461
31568;135,463;2,41912984986574
31569;135,468;2,53844330129955
31570;135,472;2,48099199982357
31571;135,476;2,46775945437804
31572;135,480;2,51043441343986
31573;135,484;2,3773370605003
31574;135,488;2,47735304982605
31575;135,492;2,52708536645881
31576;135,496;2,441294363487
31577;135,501;2,56380568007013
31578;135,505;2,61574342094381
31579;135,509;2,49146776496794
31580;135,513;2,56865761340016
31581;135,517;2,41813740895733
31582;135,521;2,51804312707103
31583;135,525;2,25195869240397
31584;135,529;2,23618990908139
31585;135,534;2,52929079069973
31586;135,538;2,29264876964895
31587;135,542;2,64529610577215
31588;135,546;2,36278126051022
31589;135,550;2,3996118453336
31590;135,554;2,37568299231961
31591;135,558;2,29121524389235
31592;135,562;2,4106389665382
31593;135,567;2,6494864118299
31594;135,571;2,4274001907692
31595;135,575;2,46665674225758
31596;135,579;2,29772124540307
31597;135,583;2,51363227858919
31598;135,587;2,31657762266294
31599;135,591;2,47669142255377
31600;135,595;2,21126861515898
31601;135,600;2,36950780444503
31602;135,604;2,4106389665382
31603;135,608;2,30323480600537
31604;135,612;2,33697779689145
31605;135,616;2,556307237651
31606;135,620;2,59865138307668
31607;135,624;2,53028323160814
31608;135,628;2,72369893753687
31609;135,632;2,49135749375589
31610;135,637;2,3689564483848
31611;135,641;2,48893152709088
31612;135,645;2,5273059088829
31613;135,649;2,38682038473626
31614;135,653;2,31635708023885
31615;135,657;2,35318766506222
31616;135,661;2,35781905596815
31617;135,665;2,42155581653076
31618;135,670;2,55994618764852
31619;135,674;2,61320718306675
31620;135,678;2,33598535598304
31621;135,682;2,62566783002795
31622;135,686;2,6631600421236
31623;135,690;2,39079014836992
31624;135,694;2,52499021342993
31625;135,698;2,56259269673763
31626;135,703;2,64617827546852
31627;135,707;2,53403245281771
31628;135,711;2,51980746646377
31629;135,715;2,51550688919397
31630;135,719;2,65632322697675
31631;135,723;2,51528634676988
31632;135,727;2,48363850891267
31633;135,731;2,50403868314119
31634;135,736;2,55399154219804
31635;135,740;2,49212939224021
31636;135,744;2,61342772549084
31637;135,748;2,79416224203428
31638;135,752;2,55685859371123
31639;135,756;2,45959938468664
31640;135,760;2,62688081336046
31641;135,764;2,44526412712065
31642;135,769;2,47999955891515
31643;135,773;2,62809379669297
31644;135,777;2,38207872261828
31645;135,781;2,33344911810598
31646;135,785;2,66249841485133
31647;135,789;2,3967447938204
31648;135,793;2,63614359517233
31649;135,797;2,45882748620231
31650;135,801;2,41152113623457
31651;135,806;2,6466193603167
31652;135,810;2,49323210436068
31653;135,814;2,34535840900695
31654;135,818;2,51638905889034
31655;135,822;2,55906401795215
31656;135,826;2,59379944974665
31657;135,830;2,56744463006765
31658;135,834;2,62489593154363
31659;135,839;2,65488970122015
31660;135,843;2,43533971803651
31661;135,847;2,54208225129707
31662;135,851;2,68510401332076
31663;135,855;2,52476967100584
31664;135,859;2,57075276642903
31665;135,863;2,54516984523435
31666;135,867;2,31260785902928
31667;135,872;2,55685859371123
31668;135,876;2,78831786779584
31669;135,880;2,43159049682695
31670;135,884;2,47150867558761
31671;135,888;2,82823604655651
31672;135,892;2,58398531187456
31673;135,896;2,6535664466756
31674;135,900;2,62533701639182
31675;135,905;2,50271542859663
31676;135,909;2,72546327692961
31677;135,913;2,52675455282267
31678;135,917;3,02749612672368
31679;135,921;2,56160025582921
31680;135,925;2,64849397092148
31681;135,929;2,76505064205413
31682;135,933;2,79603685263907
31683;135,938;2,80728451626776
31684;135,942;2,68819160725805
31685;135,946;2,54340550584162
31686;135,950;2,55752022098351
31687;135,954;2,75655975872659
31688;135,958;2,98482116766186
31689;135,962;2,46235616498779
31690;135,966;2,73913690722332
31691;135,970;2,74409911176539
31692;135,975;2,58916805884072
31693;135,979;2,79063356324881
31694;135,983;2,66415248303202
31695;135,987;2,73649039813421
31696;135,991;2,6147509800354
31697;135,995;2,72270649662846
31698;135,999;2,51517607555783
31699;136,003;2,85381896775118
31700;136,008;2,398178319577
31701;136,012;2,61684613306427
31702;136,016;2,59666650125985
31703;136,020;2,78721515567538
31704;136,024;2,68378075877621
31705;136,028;2,67528987544867
31706;136,032;2,39685506503245
31707;136,036;2,68267804665575
31708;136,041;2,5800155482409
31709;136,045;2,67925963908232
31710;136,049;2,69844682997833
31711;136,053;2,40016320139383
31712;136,057;2,75016402842792
31713;136,061;2,68102397847506
31714;136,065;2,62379321942317
31715;136,069;2,83904262533702
31716;136,074;2,42662829228487
31717;136,078;2,82647170716377
31718;136,082;2,67573096029685
31719;136,086;2,66260868606337
31720;136,090;2,774313423866
31721;136,094;2,85580384956801
31722;136,098;2,71972917390322
31723;136,102;2,6701071284825
31724;136,107;2,78633298597902
31725;136,111;2,82084787534942
31726;136,115;2,84510754199955
31727;136,119;2,83860154048883
31728;136,123;2,84885676320911
31729;136,127;2,34171945900943
31730;136,131;2,80728451626776
31731;136,135;2,60218006186215
31732;136,139;2,89064955257456
31733;136,144;2,53943574220796
31734;136,148;2,55818184825579
31735;136,152;2,71597995269365
31736;136,156;2,75225918145679
31737;136,160;2,66613736484885
31738;136,164;3,0311350767212
31739;136,168;3,04293409641012
31740;136,172;2,45320365438797
31741;136,177;2,87190344652673
31742;136,181;2,74112178904014
31743;136,185;2,64364203759146
31744;136,189;2,81136455111346
31745;136,193;2,47261138770807
31746;136,197;2,8325366238263
31747;136,201;2,56160025582921
31748;136,205;2,73395416025715
31749;136,210;2,71366425724068
31750;136,214;2,75556731781817
31751;136,218;2,75115646933633
31752;136,222;2,69855710119038
31753;136,226;2,73075629510782
31754;136,230;2,83496259049131
31755;136,234;2,87697592228085
31756;136,238;2,64364203759146
31757;136,243;2,93178071466773
31758;136,247;2,86396391925942
31759;136,251;2,56634191794719
31760;136,255;2,80298393899797
31761;136,259;2,90432318286826
31762;136,263;2,79945526021249
31763;136,267;2,60317250277056
31764;136,271;2,68344994514007
31765;136,276;2,77883454355989
31766;136,280;2,7604192511482
31767;136,284;2,79747037839566
31768;136,288;2,76174250569275
31769;136,292;2,88535653439635
31770;136,296;2,80750505869185
31771;136,300;2,72358866632483
31772;136,304;2,57196574976154
31773;136,308;2,78798705415971
31774;136,313;2,6729741799957
31775;136,317;2,98074113281616
31776;136,321;3,08858637819718
31777;136,325;2,66007244818631
31778;136,329;2,67970072393051
31779;136,333;2,89605284196481
31780;136,337;2,73207954965237
31781;136,341;2,64695017395284
31782;136,346;2,90101504650688
31783;136,350;2,6645935678802
31784;136,354;2,91932006770652
31785;136,358;2,60592928307172
31786;136,362;2,70175496633971
31787;136,366;2,67076875575478
31788;136,370;2,60361358761875
31789;136,374;2,59810002701645
31790;136,379;2,74398884055334
31791;136,383;2,69844682997833
31792;136,387;2,93464776618092
31793;136,391;2,7824734935574
31794;136,395;2,50172298768822
31795;136,399;2,8464307965441
31796;136,403;2,71807510572252
31797;136,407;2,704842560277
31798;136,412;2,91535030407287
31799;136,416;2,8200759768651
31800;136,420;2,84797459351274
31801;136,424;2,9643107222213
31802;136,428;2,82481763898308
31803;136,432;2,91667355861742
31804;136,436;2,77585722083464
31805;136,440;2,63437925577959
31806;136,445;2,82106841777351
31807;136,449;2,73593904207398
31808;136,453;2,98184384493662
31809;136,457;2,90785186165374
31810;136,461;2,98526225251005
31811;136,465;2,83727828594428
31812;136,469;2,70980476481907
31813;136,473;3,09829024485723
31814;136,477;2,84819513593684
31815;136,482;2,59721785732008
31816;136,486;2,65863892242972
31817;136,490;2,68113424968711
31818;136,494;3,13159215089513
31819;136,498;2,74178341631242
31820;136,502;2,86517690259193
31821;136,506;2,6966824905856
31822;136,510;2,83463177685518
31823;136,515;2,67672340120526
31824;136,519;2,86804395410512
31825;136,523;2,77938589962012
31826;136,527;2,94953437980714
31827;136,531;2,80993102535687
31828;136,535;2,88282029651929
31829;136,539;2,77221827083712
31830;136,543;2,75589813145431
31831;136,548;2,81224672080983
31832;136,552;2,87366778591947
31833;136,556;2,73031521025963
31834;136,560;2,78545081628265
31835;136,564;2,86881585258944
31836;136,568;2,71575941026956
31837;136,572;2,69954954209879
31838;136,576;2,84676161018024
31839;136,581;2,84411510109113
31840;136,585;2,71597995269365
31841;136,589;2,59192483914187
31842;136,593;2,96133339949606
31843;136,597;2,76670471023482
31844;136,601;2,9312293586075
31845;136,605;2,9338758676966
31846;136,609;2,60824497852468
31847;136,614;2,84047615109361
31848;136,618;2,63195328911458
31849;136,622;2,94214620860005
31850;136,626;2,62158779518225
31851;136,630;2,94391054799279
31852;136,634;2,65169183607082
31853;136,638;2,83672692988405
31854;136,642;2,54494930281026
31855;136,646;2,66856333151386
31856;136,651;2,6703276709066
31857;136,655;2,90873403135011
31858;136,659;2,76835877841551
31859;136,663;2,6078038936765
31860;136,667;2,96839075706701
31861;136,671;2,72877141329099
31862;136,675;2,79129519052109
31863;136,679;2,87874026167359
31864;136,684;2,92814176467021
31865;136,688;2,89903016469006
31866;136,692;2,59821029822849
31867;136,696;2,74057043297991
31868;136,700;2,7618527769048
31869;136,704;2,86550771622806
31870;136,708;2,88623870409272
31871;136,712;3,02407771915025
31872;136,717;2,91413732074036
31873;136,721;2,83463177685518
31874;136,725;2,84036587988157
31875;136,729;2,98052059039207
31876;136,733;2,76990257538416
31877;136,737;2,90311019953576
31878;136,741;2,80585099051116
31879;136,745;2,71785456329843
31880;136,750;3,0198874130925
31881;136,754;2,75369270721339
31882;136,758;2,84598971169592
31883;136,762;3,02584205854299
31884;136,766;3,02903992369232
31885;136,770;2,89836853741778
31886;136,774;2,86848503895331
31887;136,778;2,83441123443108
31888;136,783;2,7034090345204
31889;136,787;2,79857309051612
31890;136,791;2,73086656631986
31891;136,795;2,87697592228085
31892;136,799;3,00952191916017
31893;136,803;2,85172381472231
31894;136,807;2,80232231172569
31895;136,811;2,77541613598646
31896;136,815;2,96177448434424
31897;136,820;2,91215243892353
31898;136,824;3,03587673883918
31899;136,828;2,99386340704964
31900;136,832;2,64353176637941
31901;136,836;2,67087902696682
31902;136,840;2,71300262996841
31903;136,844;2,70715825572997
31904;136,848;2,97191943585248
31905;136,853;2,72788924359462
31906;136,857;2,85734764653666
31907;136,861;2,95350414344079
31908;136,865;2,7438785693413
31909;136,869;2,73990880570764
31910;136,873;2,79283898748973
31911;136,877;2,84135832078998
31912;136,881;2,83562421776359
31913;136,886;2,9020074874153
31914;136,890;2,78302484961763
31915;136,894;2,84290211775863
31916;136,898;2,85856062986916
31917;136,902;2,99242988129304
31918;136,906;2,91259352377172
31919;136,910;3,04811684337628
31920;136,914;2,85657574805234
31921;136,919;2,6494864118299
31922;136,923;2,74299639964493
31923;136,927;2,92031250861494
31924;136,931;2,64981722546603
31925;136,935;3,00665486764698
31926;136,939;2,95460685556125
31927;136,943;2,83121336928175
31928;136,947;2,84995947532957
31929;136,952;2,84477672836341
31930;136,956;3,0711635266939
31931;136,960;2,84841567836093
31932;136,964;2,83297770867448
31933;136,968;2,86594880107625
31934;136,972;3,00400835855787
31935;136,976;2,82261221474216
31936;136,980;3,07733871456848
31937;136,984;2,86021469804985
31938;136,989;2,80640234657139
31939;136,993;2,69480787998081
31940;136,997;2,73649039813421
31941;137,001;2,68422184362439
31942;137,005;2,81776028141213
31943;137,009;2,96001014495151
31944;137,013;2,83871181170088
31945;137,017;3,12199855544712
31946;137,022;3,14989717209477
31947;137,026;2,88767222984931
31948;137,030;2,9130346086199
31949;137,034;2,84455618593932
31950;137,038;2,84433564351523
31951;137,042;2,90189721620325
31952;137,046;2,72888168450304
31953;137,050;2,85558330714392
31954;137,055;3,01040408885654
31955;137,059;2,85635520562824
31956;137,063;2,87168290410264
31957;137,067;2,6466193603167
31958;137,071;2,87366778591947
31959;137,075;2,96386963737312
31960;137,079;3,01922578582022
31961;137,083;2,88226894045906
31962;137,088;2,78853841021994
31963;137,092;2,86407419047146
31964;137,096;2,79283898748973
31965;137,100;3,05109416610153
31966;137,104;2,7714463723528
31967;137,108;2,92516444194496
31968;137,112;2,98217465857276
31969;137,116;2,8298901147372
31970;137,121;2,92439254346064
31971;137,125;3,14769174785385
31972;137,129;2,80750505869185
31973;137,133;2,74288612843288
31974;137,137;2,86076605411008
31975;137,141;2,86859531016535
31976;137,145;2,73902663601127
31977;137,149;2,96673668888632
31978;137,153;2,81423160262666
31979;137,158;2,72513246329347
31980;137,162;2,65136102243468
31981;137,166;2,81610621323144
31982;137,170;2,82713333443605
31983;137,174;2,89693501166118
31984;137,178;2,84720269502842
31985;137,182;2,89726582529732
31986;137,186;2,77784210265147
31987;137,191;3,08406525850329
31988;137,195;3,14096520391904
31989;137,199;3,03918487520056
31990;137,203;2,72248595420437
31991;137,207;2,76957176174802
31992;137,211;2,81235699202188
31993;137,215;2,90443345408031
31994;137,219;2,95405549950102
31995;137,224;2,9283623070943
31996;137,228;2,93608129193752
31997;137,232;2,79151573294518
31998;137,236;2,81533431474712
31999;137,240;3,0100732752204
32000;137,244;3,16632758268963
32001;137,248;2,97996923433184
32002;137,252;2,92207684800767
32003;137,257;3,01161707218905
32004;137,261;2,96938319797542
32005;137,265;2,99331205098941
32006;137,269;3,08450634335147
32007;137,273;3,04789630095219
32008;137,277;3,18364016298085
32009;137,281;2,81191590717369
32010;137,285;2,94887275253486
32011;137,290;2,66073407545859
32012;137,294;3,04558060549923
32013;137,298;2,79460332688247
32014;137,302;2,68378075877621
32015;137,306;2,87664510864471
32016;137,310;2,82889767382878
32017;137,314;3,04988118276902
32018;137,318;2,89638365560095
32019;137,322;3,03576646762713
32020;137,327;3,18308880692062
32021;137,331;3,02143121006115
32022;137,335;3,15397720694047
32023;137,339;2,88921602681796
32024;137,343;2,94655705708189
32025;137,347;3,01128625855291
32026;137,351;2,97368377524522
32027;137,355;3,06333427063864
32028;137,360;2,78633298597902
32029;137,364;2,67043794211864
32030;137,368;3,04955036913288
32031;137,372;3,09641563425244
32032;137,376;3,02297500702979
32033;137,380;2,9825054722089
32034;137,384;2,95030627829146
32035;137,388;3,05043253882925
32036;137,393;3,02859883884414
32037;137,397;2,97919733584752
32038;137,401;2,9173351858897
32039;137,405;3,07215596760232
32040;137,409;2,90829294650192
32041;137,413;2,7228167678405
32042;137,417;3,12277045393144
32043;137,421;2,8977069101455
32044;137,426;3,00841920703971
32045;137,430;3,08340363123101
32046;137,434;2,93442722375683
32047;137,438;2,83882208291292
32048;137,442;2,99728181462307
32049;137,446;2,75887545417955
32050;137,450;2,8159959420194
32051;137,454;3,0033467312856
32052;137,459;2,96552370555381
32053;137,463;2,98537252372209
32054;137,467;3,30846717501695
32055;137,471;2,79680875112339
32056;137,475;2,95218088889624
32057;137,479;3,01349168279383
32058;137,483;3,08197010547441
32059;137,487;2,94854193889872
32060;137,491;2,9477700404144
32061;137,496;3,13313594786377
32062;137,500;3,10413461909567
32063;137,504;3,03179670399347
32064;137,508;3,18694829934223
32065;137,512;2,98063086160412
32066;137,516;2,81930407838078
32067;137,520;2,95449658434921
32068;137,524;2,86308174956305
32069;137,529;3,01249924188542
32070;137,533;2,78214267992127
32071;137,537;3,14989717209477
32072;137,541;2,83926316776111
32073;137,545;3,05793098124838
32074;137,549;3,12927645544216
32075;137,553;2,74420938297743
32076;137,557;3,10600922970045
32077;137,562;2,70594527239746
32078;137,566;3,08704258122853
32079;137,570;3,17911904328696
32080;137,574;2,76538145569027
32081;137,578;3,04370599489444
32082;137,582;2,76008843751206
32083;137,586;2,97236052070066
32084;137,590;3,265461402319
32085;137,595;2,77530586477441
32086;137,599;3,08064685092986
32087;137,603;2,92130494952335
32088;137,607;2,7894205799163
32089;137,611;3,04966064034493
32090;137,615;2,9643107222213
32091;137,619;2,8145624162628
32092;137,623;2,92053305103903
32093;137,628;3,0433751812583
32094;137,632;2,92582606921724
32095;137,636;2,87609375258448
32096;137,640;2,9712578085802
32097;137,644;2,95372468586488
32098;137,648;3,01260951309746
32099;137,652;2,97445567372954
32100;137,656;3,04392653731853
32101;137,660;2,92538498436906
32102;137,665;2,83793991321656
32103;137,669;2,82790523292037
32104;137,673;3,0907918024381
32105;137,677;2,69403598149649
32106;137,681;3,08858637819718
32107;137,685;2,97864597978729
32108;137,689;3,04326491004626
32109;137,693;2,87024937834604
32110;137,698;2,91380650710422
32111;137,702;2,94666732829394
32112;137,706;2,97853570857524
32113;137,710;3,01260951309746
32114;137,714;2,86142768138236
32115;137,718;3,24186336294115
32116;137,722;3,12354235241577
32117;137,726;3,06278291457841
32118;137,731;2,89605284196481
32119;137,735;2,8574579177487
32120;137,739;2,79791146324385
32121;137,743;2,84301238897067
32122;137,747;3,04932982670879
32123;137,751;2,80684343141958
32124;137,755;2,98702659190279
32125;137,759;3,05241742064608
32126;137,764;3,03311995853802
32127;137,768;2,94578515859757
32128;137,772;3,13137160847103
32129;137,776;2,82084787534942
32130;137,780;3,20205545539254
32131;137,784;2,80342502384615
32132;137,788;2,93056773133522
32133;137,792;2,98757794796302
32134;137,797;2,92306928891609
32135;137,801;2,96651614646222
32136;137,805;3,06388562669887
32137;137,809;2,56579056188696
32138;137,813;2,87102127683036
32139;137,817;2,9518500752601
32140;137,821;2,53877411493568
32141;137,825;2,8936268752998
32142;137,829;3,03135561914529
32143;137,834;2,94148458132778
32144;137,838;2,98074113281616
32145;137,842;2,97633028433432
32146;137,846;2,84819513593684
32147;137,850;3,07877224032508
32148;137,854;2,93663264799775
32149;137,858;2,90685942074532
32150;137,862;2,83430096321904
32151;137,867;3,06675267821206
32152;137,871;3,01371222521792
32153;137,875;2,96750858737064
32154;137,879;3,12001367363029
32155;137,883;2,90939565862238
32156;137,887;3,02617287217912
32157;137,891;2,94788031162645
32158;137,895;2,85525249350778
32159;137,900;3,07645654487211
32160;137,904;3,17073843117147
32161;137,908;3,14857391755021
32162;137,912;3,01768198885158
32163;137,916;2,90476426771645
32164;137,920;3,01371222521792
32165;137,924;3,10226000849088
32166;137,928;2,88160731318678
32167;137,933;2,96817021464291
32168;137,937;2,98228492978481
32169;137,941;2,85558330714392
32170;137,945;3,07314840851073
32171;137,949;2,97114753736816
32172;137,953;2,75876518296751
32173;137,957;3,02385717672616
32174;137,961;3,21087715235622
32175;137,966;2,94611597223371
32176;137,970;2,89087009499865
32177;137,974;3,24825909323982
32178;137,978;3,00974246158427
32179;137,982;2,9825054722089
32180;137,986;2,89263443439139
32181;137,990;3,07072244184572
32182;137,994;3,05837206609656
32183;137,998;3,04050812974511
32184;138,003;3,18154500995198
32185;138,007;3,15055879936704
32186;138,011;2,99231961008099
32187;138,015;2,80033742990886
32188;138,019;3,06542942366751
32189;138,023;2,85084164502594
32190;138,027;3,03278914490189
32191;138,031;3,11902123272188
32192;138,036;2,82117868898556
32193;138,040;3,00775757976744
32194;138,044;2,8490773056332
32195;138,048;3,10744275545705
32196;138,052;3,02815775399595
32197;138,056;2,97456594494158
32198;138,060;2,96353882373698
32199;138,064;2,9963996449267
32200;138,069;2,97941787827161
32201;138,073;2,97853570857524
32202;138,077;2,96089231464788
32203;138,081;3,12541696302055
32204;138,085;3,06862728881685
32205;138,089;2,95196034647215
32206;138,093;3,13942140695039
32207;138,097;3,07590518881188
32208;138,102;2,97555838585
32209;138,106;3,13280513422763
32210;138,110;2,95438631313716
32211;138,114;2,81654729807963
32212;138,118;2,97633028433432
32213;138,122;2,98415954038959
32214;138,126;3,12078557211462
32215;138,130;3,05274823428222
32216;138,135;2,92814176467021
32217;138,139;2,70451174664086
32218;138,143;2,85613466320415
32219;138,147;2,93244234194
32220;138,151;2,8881133146975
32221;138,155;3,08627068274421
32222;138,159;3,01327114036974
32223;138,163;3,07381003578301
32224;138,167;3,00775757976744
32225;138,172;2,95956906010332
32226;138,176;3,17371575389671
32227;138,180;3,11725689332914
32228;138,184;2,87124181925446
32229;138,188;3,06410616912296
32230;138,192;3,10027512667406
32231;138,196;2,88789277227341
32232;138,200;3,17658280540991
32233;138,205;3,03598701005122
32234;138,209;3,00974246158427
32235;138,213;2,99562774644238
32236;138,217;3,02793721157186
32237;138,221;2,81566512838326
32238;138,225;3,1684227357185
32239;138,229;3,13258459180354
32240;138,233;3,09928268576564
32241;138,238;3,01646900551907
32242;138,242;2,83937343897315
32243;138,246;3,40374150222472
32244;138,250;2,84532808442364
32245;138,254;2,97434540251749
32246;138,258;2,99463530553396
32247;138,262;2,96883184191519
32248;138,266;3,00345700249764
32249;138,271;3,07998522365759
32250;138,275;2,97710218281864
32251;138,279;2,93111908739545
32252;138,283;3,3071439204724
32253;138,287;3,13379757513605
32254;138,291;3,16632758268963
32255;138,295;3,2932497477546
32256;138,299;3,32037646591793
32257;138,304;2,91204216771149
32258;138,308;2,97070645251997
32259;138,312;3,04161084186557
32260;138,316;3,22554322355834
32261;138,320;3,13159215089513
32262;138,324;3,31684778713245
32263;138,328;3,16621731147758
32264;138,332;3,21683179780671
32265;138,336;3,01271978430951
32266;138,341;2,94865221011077
32267;138,345;2,92273847527995
32268;138,349;3,02948100854051
32269;138,353;3,10226000849088
32270;138,357;2,96739831615859
32271;138,361;3,34176908105485
32272;138,365;3,07535383275165
32273;138,369;3,12277045393144
32274;138,374;3,1780163311665
32275;138,378;3,00003859492422
32276;138,382;2,89351660408775
32277;138,386;2,91634274498128
32278;138,390;3,05539474337132
32279;138,394;3,04304436762217
32280;138,398;2,83363933594676
32281;138,402;2,99176825402076
32282;138,407;2,99143744038463
32283;138,411;3,22796919022335
32284;138,415;3,16952544783896
32285;138,419;2,9005739616587
32286;138,423;3,17548009328945
32287;138,427;3,35014969317035
32288;138,431;3,07800034184076
32289;138,435;3,03841297671623
32290;138,440;3,11130224787866
32291;138,444;3,04591141913536
32292;138,448;2,97357350403317
32293;138,452;3,06101857518567
32294;138,456;3,17647253419786
32295;138,460;3,36040491589063
32296;138,464;3,20988471144781
32297;138,468;3,05671799791587
32298;138,473;3,08770420850081
32299;138,477;3,23767305688341
32300;138,481;3,03345077217416
32301;138,485;2,85789900259689
32302;138,489;3,02010795551659
32303;138,493;3,09950322818973
32304;138,497;2,99617910250261
32305;138,501;3,20900254175144
32306;138,506;3,17437738116899
32307;138,510;3,1725027705642
32308;138,514;3,07667708729621
32309;138,518;3,21440583114169
32310;138,522;2,92064332225108
32311;138,526;3,1586085978464
32312;138,530;3,04128002822943
32313;138,534;3,11130224787866
32314;138,538;2,81908353595669
32315;138,543;3,16312971754029
32316;138,547;3,20084247206003
32317;138,551;3,15750588572594
32318;138,555;3,00114130704468
32319;138,559;3,18077311146765
32320;138,563;3,12497587817237
32321;138,567;3,10953790848592
32322;138,571;3,05528447215928
32323;138,576;2,85117245866208
32324;138,580;3,17669307662195
32325;138,584;3,29622707047985
32326;138,588;3,17426710995694
32327;138,592;3,33658633408869
32328;138,596;2,79548549657884
32329;138,600;3,27759123564407
32330;138,604;3,17195141450397
32331;138,609;3,14162683119132
32332;138,613;3,08064685092986
32333;138,617;2,99750235704716
32334;138,621;3,1518820539116
32335;138,625;3,03334050096212
32336;138,629;3,19323375842886
32337;138,633;3,11042007818229
32338;138,637;3,21186959326463
32339;138,642;3,34077664014644
32340;138,646;3,07645654487211
32341;138,650;2,89891989347801
32342;138,654;3,23568817506658
32343;138,658;3,0920047857706
32344;138,662;3,41057831737158
32345;138,666;3,00092076462058
32346;138,670;2,97952814948366
32347;138,675;3,09465129485971
32348;138,679;3,0795441388094
32349;138,683;3,00808839340358
32350;138,687;2,96894211312724
32351;138,691;3,05429203125086
32352;138,695;3,13313594786377
32353;138,699;2,94876248132281
32354;138,703;3,18077311146765
32355;138,707;3,07678735850825
32356;138,712;3,07061217063367
32357;138,716;3,24473041445435
32358;138,720;2,92626715406542
32359;138,724;2,99981805250012
32360;138,728;3,37716614012163
32361;138,732;2,90961620104647
32362;138,736;3,21749342507898
32363;138,740;3,05329959034245
32364;138,745;3,16610704026553
32365;138,749;3,1878304690386
32366;138,753;2,98151303130048
32367;138,757;3,20007057357571
32368;138,761;3,21936803568376
32369;138,765;2,90476426771645
32370;138,769;3,19058724933975
32371;138,773;3,11527201151231
32372;138,778;3,37782776739391
32373;138,782;3,17647253419786
32374;138,786;3,04392653731853
32375;138,790;3,13589272816492
32376;138,794;3,03014263581278
32377;138,798;3,28641293260775
32378;138,802;3,04690386004378
32379;138,806;2,94038186920732
32380;138,811;3,2807891007934
32381;138,815;3,07645654487211
32382;138,819;3,028268025208
32383;138,823;3,33008033257798
32384;138,827;3,16445297208484
32385;138,831;3,12618886150487
32386;138,835;3,08582959789603
32387;138,839;3,00566242673856
32388;138,844;3,16610704026553
32389;138,848;3,28751564472821
32390;138,852;3,06101857518567
32391;138,856;3,28542049169933
32392;138,860;3,0519763357979
32393;138,864;3,28883889927276
32394;138,868;3,23855522657977
32395;138,872;2,98923201614371
32396;138,876;3,25399319626622
32397;138,881;3,13787760998175
32398;138,885;3,35224484619923
32399;138,889;3,21859613719944
32400;138,893;3,05737962518815
32401;138,897;3,08483715698761
32402;138,901;3,44002073098786
32403;138,905;3,09123288728628
32404;138,909;3,24737692354346
32405;138,914;3,39469926283695
32406;138,918;3,28806700078844
32407;138,922;3,01459439491429
32408;138,926;3,07193542517823
32409;138,930;3,14647876452134
32410;138,934;3,26612302959128
32411;138,938;3,24406878718207
32412;138,942;3,27968638867294
32413;138,947;3,31629643107222
32414;138,951;3,36646983255316
32415;138,955;3,2280794614354
32416;138,959;3,08891719183331
32417;138,963;3,26810791140811
32418;138,967;3,28685401745593
32419;138,971;3,25741160383964
32420;138,975;3,02727558429959
32421;138,980;3,27450364170678
32422;138,984;3,1921310463084
32423;138,988;3,17040761753533
32424;138,992;3,12089584332666
32425;138,996;3,2460536689989
32426;139,000;3,40671882494996
32427;139,004;3,07623600244802
32428;139,008;3,12299099635554
32429;139,013;3,19113860539998
32430;139,017;3,27615770988747
32431;139,021;3,2434071599098
32432;139,025;3,35643515225698
32433;139,029;3,45733331127909
32434;139,033;3,08913773425741
32435;139,037;3,19632135236614
32436;139,041;3,25972729929261
32437;139,045;3,20470196448164
32438;139,050;3,15243340997183
32439;139,054;3,06961972972526
32440;139,058;3,26711547049969
32441;139,062;3,18000121298333
32442;139,066;2,98007950554389
32443;139,070;3,17900877207492
32444;139,074;3,31662724470836
32445;139,078;3,32489758561181
32446;139,083;3,21440583114169
32447;139,087;3,20448142205755
32448;139,091;3,13236404937945
32449;139,095;3,13434893119628
32450;139,099;3,32710300985273
32451;139,103;3,20161437054435
32452;139,107;3,25597807808305
32453;139,111;3,24660502505913
32454;139,116;3,08627068274421
32455;139,120;3,05087362367743
32456;139,124;3,22091183265241
32457;139,128;3,29732978260031
32458;139,132;3,18154500995198
32459;139,136;3,32633111136841
32460;139,140;3,17713416147014
32461;139,144;3,11053034939434
32462;139,149;3,09024044637787
32463;139,153;3,31012124319764
32464;139,157;3,29291893411846
32465;139,161;3,26325597807808
32466;139,165;3,07436139184324
32467;139,169;3,30515903865557
32468;139,173;3,20922308417553
32469;139,177;3,25575753565895
32470;139,182;3,34651074317283
32471;139,186;3,15298476603206
32472;139,190;3,1947775553975
32473;139,194;3,30769527653263
32474;139,198;3,02915019490437
32475;139,202;3,30890825986514
32476;139,206;3,36327196740383
32477;139,210;3,05484338731109
32478;139,214;3,18308880692062
32479;139,219;3,26502031747082
32480;139,223;3,01834361612386
32481;139,227;3,03278914490189
32482;139,231;3,28145072806568
32483;139,235;3,11097143424252
32484;139,239;3,20999498265985
32485;139,243;3,26105055383716
32486;139,247;3,25575753565895
32487;139,252;3,37319637648797
32488;139,256;3,29302920533051
32489;139,260;3,24759746596755
32490;139,264;3,09542319334403
32491;139,268;3,17448765238103
32492;139,272;3,10656058576068
32493;139,276;3,30118927502192
32494;139,280;3,18816128267474
32495;139,285;3,26876953868038
32496;139,289;3,39017814314306
32497;139,293;3,46251605824525
32498;139,297;3,40363123101268
32499;139,301;3,34364369165964
32500;139,305;3,23756278567136
32501;139,309;3,46328795672958
32502;139,313;3,35533244013652
32503;139,318;3,32864680682138
32504;139,322;3,2434071599098
32505;139,326;3,12210882665917
32506;139,330;3,46780907642346
32507;139,334;3,13787760998175
32508;139,338;3,18650721449405
32509;139,342;3,20944362659962
32510;139,346;3,28961079775708
32511;139,351;3,37540180072889
32512;139,355;3,33835067348143
32513;139,359;3,30350497047488
32514;139,363;3,37937156436255
32515;139,367;3,37992292042278
32516;139,371;3,72021988079682
32517;139,375;3,42987577947963
32518;139,379;3,26060946898898
32519;139,383;3,02495988884662
32520;139,388;3,20051165842389
32521;139,392;3,3265516537925
32522;139,396;3,39966146737902
32523;139,400;3,38995760071897
32524;139,404;3,1629091751162
32525;139,408;3,39833821283447
32526;139,412;3,29126486593777
32527;139,416;3,39447872041286
32528;139,421;3,27803232049225
32529;139,425;3,4015360779838
32530;139,429;3,35268593104741
32531;139,433;3,12343208120372
32532;139,437;3,39690468707787
32533;139,441;3,22322752810538
32534;139,445;3,44884242795155
32535;139,449;3,272629031102
32536;139,454;3,3251181280359
32537;139,458;3,41884865827503
32538;139,462;3,18672775691814
32539;139,466;3,3905089567792
32540;139,470;3,13942140695039
32541;139,474;3,40076417949948
32542;139,478;3,29192649321005
32543;139,482;2,92494389952087
32544;139,487;3,38709054920577
32545;139,491;3,457112768855
32546;139,495;3,31155476895424
32547;139,499;3,24583312657481
32548;139,503;3,31475263410358
32549;139,507;3,49074548852904
32550;139,511;3,17459792359308
32551;139,515;3,54532973849182
32552;139,520;3,33250629924299
32553;139,524;3,41906920069912
32554;139,528;3,15530046148502
32555;139,532;3,3447464037801
32556;139,536;3,45887710824774
32557;139,540;3,61877036571447
32558;139,544;3,32258189015885
32559;139,548;3,19113860539998
32560;139,552;3,35489135528833
32561;139,557;3,49262009913382
32562;139,561;3,32478731439977
32563;139,565;3,51324081578643
32564;139,569;3,39668414465378
32565;139,573;3,34992915074626
32566;139,577;3,33052141742616
32567;139,581;3,35356810074378
32568;139,585;3,34375396287168
32569;139,590;3,26457923262264
32570;139,594;3,18904345237111
32571;139,598;3,30174063108215
32572;139,602;3,38587756587327
32573;139,606;3,33338846893936
32574;139,610;3,67809627779524
32575;139,614;3,33129331591048
32576;139,618;3,2865232038198
32577;139,623;3,28387669473069
32578;139,627;3,30868771744105
32579;139,631;3,29699896896417
32580;139,635;3,51489488396712
32581;139,639;3,29732978260031
32582;139,643;3,3308522310623
32583;139,647;3,55657740212052
32584;139,651;3,22653566446676
32585;139,656;3,47387399308599
32586;139,660;3,50563210215525
32587;139,664;3,22830000385949
32588;139,668;3,52625281880786
32589;139,672;3,44630619007449
32590;139,676;3,30471795380739
32591;139,680;3,36889579921818
32592;139,684;3,47685131581124
32593;139,689;3,39877929768265
32594;139,693;3,51500515517916
32595;139,697;3,44476239310584
32596;139,701;3,246274211423
32597;139,705;3,3390123007537
32598;139,709;3,3655876628568
32599;139,713;3,33008033257798
32600;139,717;3,18419151904108
32601;139,721;3,41818703100275
32602;139,726;3,3447464037801
32603;139,730;3,31596561743608
32604;139,734;3,07535383275165
32605;139,738;3,18551477358563
32606;139,742;3,31585534622404
32607;139,746;3,25013370384461
32608;139,750;3,47166856884507
32609;139,754;3,44784998704313
32610;139,759;3,46968368702825
32611;139,763;3,63817809903458
32612;139,767;3,69287262020941
32613;139,771;3,53253827789448
32614;139,775;3,48082107944489
32615;139,779;3,58249113695133
32616;139,783;3,60608917632918
32617;139,787;3,36591847649293
32618;139,792;3,4599798203682
32619;139,796;3,56065743696622
32620;139,800;3,4197308279714
32621;139,804;3,35279620225946
32622;139,808;3,29027242502936
32623;139,812;3,22576376598243
32624;139,816;3,27340092958632
32625;139,820;3,33438090984777
32626;139,825;3,28575130533547
32627;139,829;3,43263255978078
32628;139,833;3,51070457790937
32629;139,837;3,49956718549272
32630;139,841;3,47475616278236
32631;139,845;3,38521593860099
32632;139,849;3,70202513080923
32633;139,853;3,4125631991884
32634;139,858;3,7776711822728
32635;139,862;3,25862458717215
32636;139,866;3,500228812765
32637;139,870;3,64523545660552
32638;139,874;3,351693490139
32639;139,878;3,71812472776795
32640;139,882;3,21120796599236
32641;139,886;3,45534842946226
32642;139,890;3,50342667791433
32643;139,895;3,4791670112642
32644;139,899;3,39106031283943
32645;139,903;3,39580197495741
32646;139,907;3,68713851718301
32647;139,911;3,5320971930463
32648;139,915;3,60443510814849
32649;139,919;3,42458276130142
32650;139,923;3,44520347795403
32651;139,928;3,40197716283199
32652;139,932;3,34805454014148
32653;139,936;3,31519371895176
32654;139,940;3,4223773370605
32655;139,944;3,52669390365604
32656;139,948;3,4918482006495
32657;139,952;3,22841027507154
32658;139,956;3,3821283446637
32659;139,961;3,36613901891703
32660;139,965;3,54555028091591
32661;139,969;3,42414167645324
32662;139,973;3,4391385612915
32663;139,977;3,56209096272282
32664;139,981;3,46615500824277
32665;139,985;3,3917219401117
32666;139,989;3,3751812583048
32667;139,994;3,30901853107718
