#"+EI TIC Scan 110C_1ml-min_6C-min_1.d "
#Point;X(Minutes);Y(Counts)
0;5,591;1,34148305918992
1;5,595;1,28578753367789
2;5,599;1,2851558263942
3;5,603;1,21835278114396
4;5,608;1,26588875424165
5;5,612;1,22103753709964
6;5,616;1,22119546392056
7;5,620;1,18939953064149
8;5,624;1,22251152076159
9;5,628;1,1763968890522
10;5,632;1,18408266100376
11;5,636;1,15644546734231
12;5,641;1,06826965899388
13;5,645;1,20161253812617
14;5,649;1,19466375800557
15;5,653;1,22614383764281
16;5,657;1,1726592876237
17;5,661;1,15223408545104
18;5,665;1,10085522637757
19;5,669;1,11385786796686
20;5,674;1,18829404289503
21;5,678;1,11733225802716
22;5,682;1,10859364060278
23;5,686;1,05795177336027
24;5,690;1,14897026448531
25;5,694;1,07258632543243
26;5,698;1,12633408681974
27;5,702;1,05647778969833
28;5,707;1,08695766613638
29;5,711;1,07595543094544
30;5,715;1,07458673183078
31;5,719;1,04431742448729
32;5,723;1,06347921209256
33;5,727;1,05795177336027
34;5,731;1,05100299323968
35;5,735;1,01073165390442
36;5,740;0,960984705313816
37;5,744;1,08816843843012
38;5,748;1,03421010794825
39;5,752;1,07263896770607
40;5,756;1,06911193537213
41;5,760;1,08706295068367
42;5,764;1,00230889012189
43;5,768;0,995307467727654
44;5,772;0,999939987808049
45;5,777;1,02773510829042
46;5,781;0,980567631108215
47;5,785;1,02662962054396
48;5,789;1,02420807595648
49;5,793;1,00609913382403
50;5,797;0,938032674006403
51;5,801;1,006836125655
52;5,805;0,966827997687951
53;5,810;0,931347105254015
54;5,814;0,899340602880375
55;5,818;0,938664381290094
56;5,822;0,953456860183174
57;5,826;0,949719258754673
58;5,830;0,962195477607556
59;5,834;0,925924951069007
60;5,838;0,953088364267688
61;5,843;0,972618647788446
62;5,847;0,950350966038364
63;5,851;0,887127595395696
64;5,855;0,979935923824524
65;5,859;0,919292024590259
66;5,863;0,907236943926503
67;5,867;0,927135723362746
68;5,871;0,931399747527656
69;5,876;0,889338570888612
70;5,880;0,91508064269899
71;5,884;0,864122921814642
72;5,888;0,908184504852038
73;5,892;0,841381459601793
74;5,896;0,942823120907721
75;5,900;0,884442839440013
76;5,904;0,91629141499273
77;5,909;0,894813367347261
78;5,913;0,902183285656981
79;5,917;0,922397918735069
80;5,921;0,818271501473457
81;5,925;0,83322190718746
82;5,929;0,880915807106075
83;5,933;0,902551781572467
84;5,937;0,825588777509536
85;5,941;0,825957273425022
86;5,946;0,855068450748415
87;5,950;0,779210934431943
88;5,954;0,907710724389271
89;5,958;0,86459670227741
90;5,962;0,895076578715465
91;5,966;0,881336945295202
92;5,970;0,865123125013819
93;5,974;0,777263170307231
94;5,979;0,8073745508298
95;5,983;0,850646499762583
96;5,987;0,815060322781365
97;5,991;0,863543856804593
98;5,995;0,806005851715138
99;5,999;0,807637762198004
100;6,003;0,870387352377904
101;6,007;0,873703815617278
102;6,012;0,913343447668842
103;6,016;0,88059995346423
104;6,020;0,934610926219748
105;6,024;0,892865603222549
106;6,028;0,797109307469833
107;6,032;0,934505641672466
108;6,036;0,875704222015631
109;6,040;0,910237553524032
110;6,045;0,801952396644792
111;6,049;0,873651173343637
112;6,053;0,836854224068679
113;6,057;0,789949958254677
114;6,061;0,841697313243638
115;6,065;0,875546295194708
116;6,069;0,929294056582021
117;6,073;1,01594323899487
118;6,078;1,10317148641777
119;6,082;1,37754301663391
120;6,086;1,83047713903983
121;6,090;2,31031146327622
122;6,094;3,01461244231723
123;6,098;3,76055345980815
124;6,102;4,41979265261258
125;6,106;4,95326945368901
126;6,110;5,18721171774897
127;6,115;5,40504544607483
128;6,119;5,43499889977648
129;6,123;5,42852390011866
130;6,127;5,27944098116775
131;6,131;5,12625196487286
132;6,135;4,75923003304882
133;6,139;4,69221641870401
134;6,143;4,34862029865015
135;6,148;4,28281745659908
136;6,152;4,14721095970023
137;6,156;3,85394085324703
138;6,160;3,63947623043418
139;6,164;3,49276221379712
140;6,168;3,30303945959548
141;6,172;3,27945572100437
142;6,176;3,00013581706599
143;6,181;2,91348663465315
144;6,185;2,82583724904112
145;6,189;2,69044132123684
146;6,193;2,47081775560719
147;6,197;2,36984987476403
148;6,201;2,21160720019962
149;6,205;2,36084804597144
150;6,209;2,08837163760638
151;6,214;2,04688952597738
152;6,218;2,04483647730539
153;6,222;1,98745639903686
154;6,226;1,84063709785251
155;6,230;1,7379320219792
156;6,234;1,70497795868003
157;6,238;1,61180113433571
158;6,242;1,56937146178118
159;6,247;1,42986943663292
160;6,251;1,35374870894824
161;6,255;1,24793773893012
162;6,259;1,23261883730063
163;6,263;1,17766030361958
164;6,267;1,12738693229256
165;6,271;1,1066985187517
166;6,275;1,06563754531184
167;6,279;1,05010807458778
168;6,284;0,963774745816782
169;6,288;0,877388774772138
170;6,292;0,921766211451379
171;6,296;0,869123937810524
172;6,300;0,821061541976423
173;6,304;0,814902395960443
174;6,308;0,831747923525516
175;6,312;0,733728010006243
176;6,317;0,741045286042322
177;6,321;0,782527397671316
178;6,325;0,758522520891086
179;6,329;0,730780042682356
180;6,333;0,752100163506902
181;6,337;0,77410463388878
182;6,341;0,715987563789275
183;6,345;0,682033297290923
184;6,350;0,696773133910363
185;6,354;0,715461141052867
186;6,358;0,660765818740018
187;6,362;0,65844955869982
188;6,366;0,67134691574183
189;6,370;0,672031265299161
190;6,374;0,599016431759294
191;6,378;0,642446307513
192;6,383;0,613861552926016
193;6,387;0,637603218338041
194;6,391;0,610334520592078
195;6,395;0,597489805823709
196;6,399;0,654448745903115
197;6,403;0,636655657412506
198;6,407;0,596963383087301
199;6,411;0,651763989947431
200;6,416;0,59385748894249
201;6,420;0,599332285401139
202;6,424;0,575695904536395
203;6,428;0,615440821135241
204;6,432;0,631601999142984
205;6,436;0,622284316708552
206;6,440;0,601016838157647
207;6,444;0,596700171719097
208;6,448;0,594278627131617
209;6,453;0,554796921900976
210;6,457;0,576643465461931
211;6,461;0,666661753387794
212;6,465;0,551480458661602
213;6,469;0,598911147212013
214;6,473;0,562693262947104
215;6,477;0,547163792223052
216;6,481;0,532634524698176
217;6,486;0,551954239124369
218;6,490;0,521737574054518
219;6,494;0,555112775542821
220;6,498;0,547900784054024
221;6,502;0,54337354852091
222;6,506;0,546847938581207
223;6,510;0,58274996920427
224;6,514;0,523264199990103
225;6,519;0,543742044436396
226;6,523;0,466673755826184
227;6,527;0,539162166629642
228;6,531;0,515999566227665
229;6,535;0,525317248662097
230;6,539;0,518579037636067
231;6,543;0,518210541720581
232;6,547;0,561798344295209
233;6,552;0,46214652029307
234;6,556;0,541425784396198
235;6,560;0,516104850774947
236;6,564;0,513051598903777
237;6,568;0,512893672082855
238;6,572;0,507103021982361
239;6,576;0,540794077112508
240;6,580;0,516157493048588
241;6,585;0,484256275222229
242;6,589;0,500943875966381
243;6,593;0,51384123300839
244;6,597;0,477991844658968
245;6,601;0,496890420896035
246;6,605;0,519000175825194
247;6,609;0,524580256831125
248;6,613;0,499364607757155
249;6,617;0,44124753765765
250;6,622;0,523211557716462
251;6,626;0,498417046831619
252;6,630;0,506629241519593
253;6,634;0,528423142806907
254;6,638;0,522316639064568
255;6,642;0,467779243572642
256;6,646;0,491573551258308
257;6,650;0,498996111841669
258;6,655;0,490257494417287
259;6,659;0,476096722807897
260;6,663;0,487783307556167
261;6,667;0,465252414437881
262;6,671;0,468990015866381
263;6,675;0,456724366108062
264;6,679;0,510893265684502
265;6,683;0,543426190794551
266;6,688;0,453355260595047
267;6,692;0,462199162566711
268;6,696;0,516947127153201
269;6,700;0,502996924638374
270;6,704;0,439247131259298
271;6,708;0,476096722807897
272;6,712;0,476517860997024
273;6,716;0,459830260252872
274;6,721;0,476623145544305
275;6,725;0,495837575423218
276;6,729;0,441931887214982
277;6,733;0,46151481300938
278;6,737;0,454250179246942
279;6,741;0,470095503612839
280;6,745;0,422296319146942
281;6,749;0,406293067960122
282;6,754;0,487520096187962
283;6,758;0,422928026430633
284;6,762;0,448564813693729
285;6,766;0,439878838542988
286;6,770;0,454513390615146
287;6,774;0,470306072707403
288;6,778;0,462041235745788
289;6,782;0,415505465847272
290;6,787;0,446669691842659
291;6,791;0,462883512124042
292;6,795;0,513893875282031
293;6,799;0,499680461399
294;6,803;0,468095097214487
295;6,807;0,471832698642987
296;6,811;0,43324591206424
297;6,815;0,429718879730303
298;6,819;0,516262777595869
299;6,824;0,516104850774947
300;6,828;0,466568471278902
301;6,832;0,550374970915144
302;6,836;0,498522331378901
303;6,840;0,509945704758967
304;6,844;0,473411966852213
305;6,848;0,429560952909381
306;6,852;0,452670911037716
307;6,857;0,469095300413663
308;6,861;0,457724569307238
309;6,865;0,490046925322723
310;6,869;0,49846968910526
311;6,873;0,461725382103943
312;6,877;0,460725178904767
313;6,881;0,421401400495048
314;6,885;0,469832292244635
315;6,890;0,462672943029479
316;6,894;0,437562578502791
317;6,898;0,507208306529642
318;6,902;0,411030872587799
319;6,906;0,465305056711521
320;6,910;0,492836965825689
321;6,914;0,439299773532939
322;6,918;0,406187783412841
323;6,923;0,417084734056498
324;6,927;0,465041845343317
325;6,931;0,48862558393442
326;6,935;0,457250788844471
327;6,939;0,439562984901143
328;6,943;0,426349774217288
329;6,947;0,429297741541176
330;6,951;0,418927213633928
331;6,956;0,428297538342
332;6,960;0,397975588724867
333;6,964;0,378340020656828
334;6,968;0,436035952567206
335;6,972;0,427613188784669
336;6,976;0,378340020656828
337;6,980;0,359072948504275
338;6,984;0,428034326973796
339;6,988;0,43998412309027
340;6,993;0,41845343317116
341;6,997;0,393290426370831
342;7,001;0,439141846712016
343;7,005;0,403976807919925
344;7,009;0,451460138743976
345;7,013;0,377339817457652
346;7,017;0,426244489670007
347;7,021;0,478044486932608
348;7,026;0,453723756510533
349;7,030;0,454513390615146
350;7,034;0,498890827294387
351;7,038;0,466515829005261
352;7,042;0,47688635691251
353;7,046;0,478307698300813
354;7,050;0,534898142464732
355;7,054;0,51384123300839
356;7,059;0,4910471285219
357;7,063;0,516262777595869
358;7,067;0,5402676543761
359;7,071;0,462093878019429
360;7,075;0,456724366108062
361;7,079;0,425349571018112
362;7,083;0,465252414437881
363;7,087;0,471832698642987
364;7,092;0,426981481500979
365;7,096;0,426033920575443
366;7,100;0,456092658824372
367;7,104;0,409767458020419
368;7,108;0,419506278643977
369;7,112;0,442616236772313
370;7,116;0,441352822204932
371;7,120;0,418716644539364
372;7,125;0,437352009408227
373;7,129;0,36491624087841
374;7,133;0,441563391299496
375;7,137;0,378919085666878
376;7,141;0,375813191522067
377;7,145;0,416558311320089
378;7,149;0,372128232367207
379;7,153;0,365021525425692
380;7,157;0,425086359649908
381;7,162;0,40366095427808
382;7,166;0,39755445053574
383;7,170;0,395764613231951
384;7,174;0,369180265043319
385;7,178;0,38765770309126
386;7,182;0,383498963473632
387;7,186;0,382551402548097
388;7,190;0,386815426713006
389;7,195;0,330488193917291
390;7,199;0,367548354560453
391;7,203;0,384446524399167
392;7,207;0,374233923312841
393;7,211;0,346912583293237
394;7,215;0,417137376330139
395;7,219;0,386762784439365
396;7,223;0,351334534279069
397;7,228;0,353914005687471
398;7,232;0,318906893716302
399;7,236;0,333909941703946
400;7,240;0,314379658183189
401;7,244;0,3704436796107
402;7,248;0,382288191179892
403;7,252;0,371812378725362
404;7,256;0,35012376198533
405;7,261;0,374865630596532
406;7,265;0,3790770124878
407;7,269;0,384446524399167
408;7,273;0,371285955988954
409;7,277;0,341437786834589
410;7,281;0,355493273896697
411;7,285;0,36860120003327
412;7,289;0,371180671441672
413;7,294;0,354808924339366
414;7,298;0,385657296692907
415;7,302;0,356861973011359
416;7,306;0,334594291261277
417;7,310;0,354914208886647
418;7,314;0,373391646934588
419;7,318;0,347754859671491
420;7,322;0,323012991060289
421;7,326;0,344227827337554
422;7,331;0,360441647618937
423;7,335;0,338068681321574
424;7,339;0,345385957357653
425;7,343;0,294112382831459
426;7,347;0,311431690859301
427;7,351;0,353019087035577
428;7,355;0,403450385183516
429;7,359;0,374602419228327
430;7,364;0,313590024078576
431;7,368;0,341016648645462
432;7,372;0,33354144578846
433;7,376;0,318222544158971
434;7,380;0,36860120003327
435;7,384;0,396501605062923
436;7,388;0,353598152045626
437;7,392;0,289901000940191
438;7,397;0,326697950215149
439;7,401;0,298060553354524
440;7,405;0,340174372267208
441;7,409;0,333225592146615
442;7,413;0,323592056070339
443;7,417;0,346122949188625
444;7,421;0,331277828021903
445;7,425;0,345122745989448
446;7,430;0,304851406654194
447;7,434;0,343069697317455
448;7,438;0,311694902227505
449;7,442;0,323802625164902
450;7,446;0,319275389631788
451;7,450;0,307641447157159
452;7,454;0,305272544843321
453;7,458;0,309431284460948
454;7,463;0,342859128222892
455;7,467;0,347965428766055
456;7,471;0,305746325306089
457;7,475;0,351703030194555
458;7,479;0,349597339248921
459;7,483;0,402871320173467
460;7,487;0,349070916512513
461;7,491;0,367811565928657
462;7,495;0,345754453273139
463;7,500;0,323328844702134
464;7,504;0,3347522180822
465;7,508;0,375339411059299
466;7,512;0,31874896689538
467;7,516;0,338173965868855
468;7,520;0,333278234420256
469;7,524;0,318433113253535
470;7,528;0,385025589409217
471;7,533;0,319696527820915
472;7,537;0,329593275265396
473;7,541;0,356072338906746
474;7,545;0,311800186774787
475;7,549;0,336699982206911
476;7,553;0,325908316110536
477;7,557;0,306220105768856
478;7,561;0,308957503998181
479;7,566;0,313905877720421
480;7,570;0,344964819168526
481;7,574;0,313905877720421
482;7,578;0,331330470295544
483;7,582;0,311484333132942
484;7,586;0,322539210597521
485;7,590;0,297586772891756
486;7,594;0,366548151361277
487;7,599;0,290901204139367
488;7,603;0,299481894742827
489;7,607;0,340174372267208
490;7,611;0,319749170094556
491;7,615;0,480992454256496
492;7,619;0,635602811939689
493;7,623;1,0828515687924
494;7,627;1,79715457982516
495;7,632;2,61774234133882
496;7,636;4,2654455062976
497;7,640;6,37724295567415
498;7,644;9,37832633366568
499;7,648;12,1914767947594
500;7,652;15,1652388327313
501;7,656;18,3693634601556
502;7,660;20,8724509295046
503;7,664;22,411605726216
504;7,669;23,8007300430509
505;7,673;24,1345873424812
506;7,677;24,3244680235037
507;7,681;23,6383812711425
508;7,685;22,3976028814275
509;7,689;21,4049275273819
510;7,693;20,0703932483126
511;7,697;18,6641075502707
512;7,702;17,4527035492474
513;7,706;16,1742859338792
514;7,710;15,0343174981865
515;7,714;13,8920854447272
516;7,718;12,6271968936847
517;7,722;11,6957445038834
518;7,726;10,9105849925301
519;7,730;9,94675760443964
520;7,735;8,93213042228579
521;7,739;8,21656399668564
522;7,743;7,45662013440625
523;7,747;6,53638054889046
524;7,751;5,92230842686988
525;7,755;5,29149606183151
526;7,759;4,65810422538474
527;7,763;4,11436218094834
528;7,768;3,70148882878311
529;7,772;3,29440612671838
530;7,776;2,93501732457226
531;7,780;2,6236382759866
532;7,784;2,24429805213059
533;7,788;2,05494379384443
534;7,792;1,84805965843587
535;7,796;1,60716861425532
536;7,801;1,5062533756858
537;7,805;1,40396943800162
538;7,809;1,18634627877032
539;7,813;1,12449160724231
540;7,817;1,00883653205335
541;7,821;0,994886329538527
542;7,825;0,850699142036224
543;7,829;0,825062354773128
544;7,833;0,718303823829473
545;7,838;0,696562564815799
546;7,842;0,638445494716295
547;7,846;0,634181470551386
548;7,850;0,606438992342655
549;7,854;0,603964805481535
550;7,858;0,588593261578405
551;7,862;0,55016440182058
552;7,866;0,508419078823382
553;7,871;0,450038797355673
554;7,875;0,433087985243318
555;7,879;0,448038390957321
556;7,883;0,461620097556662
557;7,887;0,423243880072478
558;7,891;0,460409325262922
559;7,895;0,469305869508226
560;7,899;0,449986155082032
561;7,904;0,428613391983845
562;7,908;0,470885137717452
563;7,912;0,499101396388951
564;7,916;0,485309120695047
565;7,920;0,438720708522889
566;7,924;0,447459325947271
567;7,928;0,466357902184339
568;7,932;0,440668472647601
569;7,937;0,410504449851391
570;7,941;0,416400384499167
571;7,945;0,350176404258971
572;7,949;0,341964209570997
573;7,953;0,375707906974785
574;7,957;0,370338395063418
575;7,961;0,355019493433929
576;7,965;0,355598558443979
577;7,970;0,342016851844638
578;7,974;0,345596526452216
579;7,978;0,303535349813173
580;7,982;0,333120307599333
581;7,986;0,308746934903617
582;7,990;0,327171730677917
583;7,994;0,320117666010042
584;7,998;0,311010552670174
585;8,002;0,324855470637719
586;8,007;0,25905262858665
587;8,011;0,2720026279023
588;8,015;0,308589008082695
589;8,019;0,315537788203288
590;8,023;0,284110350839697
591;8,027;0,312116040416632
592;8,031;0,242207101021576
593;8,035;0,312379251784836
594;8,040;0,312273967237555
595;8,044;0,30032417112108
596;8,048;0,282531082630471
597;8,052;0,272371123817786
598;8,056;0,304324983917785
599;8,060;0,237206085025695
600;8,064;0,269317871946617
601;8,068;0,270107506051229
602;8,073;0,318801609169021
603;8,077;0,286795106795381
604;8,081;0,306220105768856
605;8,085;0,297323561523552
606;8,089;0,268001815105595
607;8,093;0,264474782771658
608;8,097;0,232257711303454
609;8,101;0,261895311363256
610;8,106;0,302640431161278
611;8,110;0,283426001282366
612;8,114;0,279635757580224
613;8,118;0,238311572772153
614;8,122;0,251208929814162
615;8,126;0,271844701081378
616;8,130;0,254420108506254
617;8,134;0,252156490739698
618;8,139;0,243786369230802
619;8,143;0,252261775286979
620;8,147;0,289111366835578
621;8,151;0,229467670800489
622;8,155;0,243839011504442
623;8,159;0,228204256233108
624;8,163;0,245892060176436
625;8,167;0,264685351866221
626;8,171;0,235416247721906
627;8,176;0,254578035327177
628;8,180;0,234258117701807
629;8,184;0,209990029553372
630;8,188;0,241680678285167
631;8,192;0,257526002651065
632;8,196;0,251735352550571
633;8,200;0,229572955347771
634;8,204;0,223729662973636
635;8,209;0,212727427782697
636;8,213;0,208779257259633
637;8,217;0,243365231041675
638;8,221;0,249471734784014
639;8,225;0,239732914160456
640;8,229;0,21846543560955
641;8,233;0,217517874684015
642;8,237;0,199777428467046
643;8,242;0,234047548607243
644;8,246;0,231573361746123
645;8,250;0,258894701765727
646;8,254;0,277898562550076
647;8,258;0,212832712329979
648;8,262;0,231468077198841
649;8,266;0,205568078567541
650;8,270;0,24431279196721
651;8,275;0,235310963174624
652;8,279;0,194723770197524
653;8,283;0,221623972028001
654;8,287;0,216096533295712
655;8,291;0,2190445006196
656;8,295;0,216307102390275
657;8,299;0,223203240237227
658;8,303;0,237837792309385
659;8,308;0,242786166031625
660;8,312;0,247155474743816
661;8,316;0,23136279265156
662;8,320;0,240522548265069
663;8,324;0,236100597279237
664;8,328;0,268791449210208
665;8,332;0,272529050638709
666;8,336;0,235521532269187
667;8,340;0,221676614301642
668;8,345;0,242680881484344
669;8,349;0,227730475770341
670;8,353;0,206936777682203
671;8,357;0,187774990076931
672;8,361;0,23815364595123
673;8,365;0,20183047713904
674;8,369;0,229678239895052
675;8,373;0,248524173858479
676;8,378;0,235574174542828
677;8,382;0,226677630297524
678;8,386;0,193881493819271
679;8,390;0,213464419613669
680;8,394;0,224519297078249
681;8,398;0,234573971343652
682;8,402;0,216728240579402
683;8,406;0,222834744321741
684;8,411;0,202514826696371
685;8,415;0,26031604315403
686;8,419;0,219781492450572
687;8,423;0,225045719814657
688;8,427;0,219886776997853
689;8,431;0,211148159573471
690;8,435;0,24062783281235
691;8,439;0,22088698019703
692;8,444;0,208516045891428
693;8,448;0,228098971685827
694;8,452;0,199040436636074
695;8,456;0,23136279265156
696;8,460;0,229099174885003
697;8,464;0,20798962315502
698;8,468;0,194829054744806
699;8,472;0,218307508788628
700;8,477;0,194723770197524
701;8,481;0,199724786193406
702;8,485;0,194249989734757
703;8,489;0,223255882510868
704;8,493;0,19509226611301
705;8,497;0,21846543560955
706;8,501;0,232573564945299
707;8,505;0,172824584362928
708;8,509;0,212832712329979
709;8,514;0,207568484965893
710;8,518;0,207936980881379
711;8,522;0,220255272913339
712;8,526;0,182616047260128
713;8,530;0,246944905649253
714;8,534;0,216675598305761
715;8,538;0,190196534664411
716;8,542;0,207094704503125
717;8,547;0,193407713356503
718;8,551;0,205673363114822
719;8,555;0,177509746716965
720;8,559;0,205199582652055
721;8,563;0,182721331807409
722;8,567;0,21967620790329
723;8,571;0,162559341002962
724;8,575;0,207673769513175
725;8,580;0,196829461143159
726;8,584;0,17535141349769
727;8,588;0,186616860056833
728;8,592;0,209042468627837
729;8,596;0,287426814079071
730;8,600;0,3839727439364
731;8,604;0,638656063810858
732;8,608;1,07974567464759
733;8,613;1,68676373200029
734;8,617;2,6164262844978
735;8,621;4,04071564012478
736;8,625;5,64409401067796
737;8,629;7,63881504347725
738;8,633;9,57863018486914
739;8,637;11,6872690978272
740;8,641;13,3313399459048
741;8,646;14,8772329536422
742;8,650;15,7632550612914
743;8,654;16,3878556380402
744;8,658;16,3566914120448
745;8,662;15,7795741661201
746;8,666;15,2034571233945
747;8,670;14,2990628622446
748;8,674;13,2288454391261
749;8,678;12,2241150044167
750;8,683;11,2830290785391
751;8,687;10,2228663296859
752;8,691;9,2671458517362
753;8,695;8,27778696092996
754;8,699;7,56764268951482
755;8,703;6,33755068134895
756;8,707;5,67025722067746
757;8,711;4,99833123992559
758;8,716;4,42437253041934
759;8,720;3,86346910477602
760;8,724;3,18043560428592
761;8,728;2,86668765338642
762;8,732;2,47660840570769
763;8,736;2,25156268589303
764;8,740;1,84337449608184
765;8,744;1,71419035656718
766;8,749;1,41491903091891
767;8,753;1,22951294315582
768;8,757;1,16381538565203
769;8,761;1,00104547555451
770;8,765;0,880757880285153
771;8,769;0,826378411614149
772;8,773;0,686613175097678
773;8,777;0,667925167955174
774;8,782;0,607333910994549
775;8,786;0,541215215301635
776;8,790;0,55811338514035
777;8,794;0,492415827636562
778;8,798;0,50520790013129
779;8,802;0,454934528804273
780;8,806;0,415768677215476
781;8,810;0,410030669388623
782;8,815;0,426612985585493
783;8,819;0,406345710233763
784;8,823;0,385867865787471
785;8,827;0,408451401179397
786;8,831;0,40181847470065
787;8,835;0,400502417859628
788;8,839;0,346333518283188
789;8,843;0,368127419570502
790;8,847;0,382393475727174
791;8,852;0,364495102689283
792;8,856;0,36059957443986
793;8,860;0,351176607458147
794;8,864;0,337700185406088
795;8,868;0,303219496171327
796;8,872;0,312642463153041
797;8,876;0,350860753816302
798;8,880;0,322223356955676
799;8,885;0,306114821221575
800;8,889;0,303008927076764
801;8,893;0,263106083656996
802;8,897;0,297007707881706
803;8,901;0,262263807278742
804;8,905;0,242996735126189
805;8,909;0,282215228988626
806;8,913;0,267949172831954
807;8,918;0,239311775971329
808;8,922;0,274055676574294
809;8,926;0,267738603737391
810;8,930;0,237890434583026
811;8,934;0,243575800136238
812;8,938;0,212885354603619
813;8,942;0,212780070056338
814;8,946;0,211200801847112
815;8,951;0,190354461485333
816;8,955;0,203883525811033
817;8,959;0,169086982934428
818;8,963;0,230573158546947
819;8,967;0,18645893323591
820;8,971;0,21230628959357
821;8,975;0,224835150720094
822;8,979;0,234889824985497
823;8,984;0,210358525468858
824;8,988;0,185669299131297
825;8,992;0,1919863719682
826;8,996;0,202356899875448
827;9,000;0,195776615670341
828;9,004;0,194355274282038
829;9,008;0,171771738890111
830;9,012;0,233626410418117
831;9,016;0,180826209956338
832;9,021;0,181879055429156
833;9,025;0,194355274282038
834;9,029;0,183247754543818
835;9,033;0,216096533295712
836;9,037;0,226414418929319
837;9,041;0,256315230357325
838;9,045;0,255051815789945
839;9,049;0,248208320216633
840;9,054;0,263053441383355
841;9,058;0,240891044180555
842;9,062;0,229362386253207
843;9,066;0,217412590136733
844;9,070;0,197934948889617
845;9,074;0,253788401222564
846;9,078;0,184405884563917
847;9,082;0,192460152430968
848;9,087;0,166507511526026
849;9,091;0,209516249090605
850;9,095;0,163822755570342
851;9,099;0,198198160257821
852;9,103;0,152030886274791
853;9,107;0,186669502330473
854;9,111;0,163770113296701
855;9,115;0,188617266455185
856;9,120;0,10891686416293
857;9,124;0,136711984645302
858;9,128;0,164875601043159
859;9,132;0,164875601043159
860;9,136;0,141449789272979
861;9,140;0,160401007783687
862;9,144;0,159611373679074
863;9,148;0,142081496556669
864;9,153;0,175088202129485
865;9,157;0,172456088447442
866;9,161;0,160243080962764
867;9,165;0,15940080458451
868;9,169;0,18461645365848
869;9,173;0,160980072793736
870;9,177;0,133658732774132
871;9,181;0,197934948889617
872;9,185;0,172034950258316
873;9,190;0,15755832500708
874;9,194;0,139607309695549
875;9,198;0,149293488045466
876;9,202;0,138659748770013
877;9,206;0,181721128608233
878;9,210;0,158505885932616
879;9,214;0,154189219494066
880;9,218;0,157084544544313
881;9,223;0,147345723920754
882;9,227;0,130500196355681
883;9,231;0,17966807993624
884;9,235;0,152399382190277
885;9,239;0,130921334544808
886;9,243;0,123446131687806
887;9,247;0,181194705871824
888;9,251;0,12370934305601
889;9,256;0,156610764081545
890;9,260;0,127604871305434
891;9,264;0,125393895812518
892;9,268;0,124709546255187
893;9,272;0,162085560540194
894;9,276;0,134185155510541
895;9,280;0,114760156537065
896;9,284;0,149767268508234
897;9,289;0,1341325132369
898;9,293;0,117129058850903
899;9,297;0,159295520037229
900;9,301;0,142397350198514
901;9,305;0,132711171848597
902;9,309;0,139344098327344
903;9,313;0,155768487703291
904;9,317;0,150293691244642
905;9,322;0,161664422351067
906;9,326;0,128289220862765
907;9,330;0,137133122834428
908;9,334;0,162243487361117
909;9,338;0,140186374705598
910;9,342;0,128499789957328
911;9,346;0,144660967965071
912;9,350;0,138185968307246
913;9,354;0,153346943115812
914;9,359;0,121498367563094
915;9,363;0,126657310379898
916;9,367;0,157610967280721
917;9,371;0,119076822975615
918;9,375;0,168402633377097
919;9,379;0,149346130319107
920;9,383;0,156189625892418
921;9,387;0,147556293015318
922;9,392;0,146029667079733
923;9,396;0,164401820580392
924;9,400;0,124130481245137
925;9,404;0,127446944484511
926;9,408;0,115760359736241
927;9,412;0,133132310037723
928;9,416;0,136238204182534
929;9,420;0,110917270561282
930;9,425;0,14581909798517
931;9,429;0,135501212351562
932;9,433;0,110917270561282
933;9,437;0,143766049313176
934;9,441;0,13355344822685
935;9,445;0,150925398528333
936;9,449;0,136080277361611
937;9,453;0,170876820238217
938;9,458;0,125867676275285
939;9,462;0,137343691928992
940;9,466;0,162243487361117
941;9,470;0,158663812753538
942;9,474;0,168929056113505
943;9,478;0,144397756596867
944;9,482;0,136817269192583
945;9,486;0,175825193960457
946;9,491;0,150504260339206
947;9,495;0,133290236858646
948;9,499;0,151030683075614
949;9,503;0,127289017663588
950;9,507;0,15076747170741
951;9,511;0,123288204866883
952;9,515;0,12244592848863
953;9,519;0,163191048286652
954;9,523;0,113970522432452
955;9,528;0,138922960138218
956;9,532;0,121129871647608
957;9,536;0,136975196013506
958;9,540;0,142186781103951
959;9,544;0,120866660279404
960;9,548;0,125867676275285
961;9,552;0,143344911124049
962;9,556;0,153294300842171
963;9,561;0,126499383558976
964;9,565;0,131605684102139
965;9,569;0,151188609896537
966;9,573;0,124867473076109
967;9,577;0,13165832637578
968;9,581;0,130552838629322
969;9,585;0,123761985329651
970;9,589;0,134079870963259
971;9,594;0,111812189213177
972;9,598;0,113549384243325
973;9,602;0,138765033317295
974;9,606;0,131868895470343
975;9,610;0,115391863820755
976;9,614;0,13355344822685
977;9,618;0,159348162310869
978;9,622;0,150346333518283
979;9,627;0,131289830460294
980;9,631;0,139449382874626
981;9,635;0,150293691244642
982;9,639;0,149767268508234
983;9,643;0,125183326717954
984;9,647;0,158505885932616
985;9,651;0,134974789615153
986;9,655;0,18029978721993
987;9,660;0,148714423035417
988;9,664;0,215570110559303
989;9,668;0,262895514562432
990;9,672;0,340384941361771
991;9,676;0,628969885460941
992;9,680;1,05079242414512
993;9,684;1,97366412334295
994;9,688;3,337993929293
995;9,692;5,40841455158785
996;9,697;8,50014792478893
997;9,701;12,4751660074099
998;9,705;17,305305183053
999;9,709;22,3788095897377
1000;9,713;27,4711599303859
1001;9,717;32,6482116893221
1002;9,721;36,6851370857448
1003;9,725;39,365260521348
1004;9,730;41,4026217957964
1005;9,734;41,6809941388093
1006;9,738;41,389935007849
1007;9,742;39,0777810649953
1008;9,746;36,5409498982425
1009;9,750;33,2070094240198
1010;9,754;29,5427386827008
1011;9,758;25,8827319655467
1012;9,763;22,8568540766703
1013;9,767;19,4905912464322
1014;9,771;16,5046162009756
1015;9,775;13,9214071911451
1016;9,779;11,9055766066159
1017;9,783;10,0659397119625
1018;9,787;8,23793675978383
1019;9,791;6,86144658862274
1020;9,796;5,79817794562474
1021;9,800;4,85951356433465
1022;9,804;4,0875146213915
1023;9,808;3,34567970124457
1024;9,812;2,99887240249861
1025;9,816;2,52203868785974
1026;9,820;2,22482041088347
1027;9,824;1,9333927840077
1028;9,829;1,76683263020803
1029;9,833;1,55426312924626
1030;9,837;1,36211883045713
1031;9,841;1,20482371681826
1032;9,845;1,10064465728301
1033;9,849;1,02004933633886
1034;9,853;0,906394667548249
1035;9,857;0,903551984771643
1036;9,861;0,766682073305419
1037;9,866;0,760522927289439
1038;9,870;0,695615003890264
1039;9,874;0,650553217653692
1040;9,878;0,585697936528158
1041;9,882;0,595436757151716
1042;9,886;0,585171513791749
1043;9,890;0,52858106962783
1044;9,894;0,586066432443644
1045;9,899;0,482203226550236
1046;9,903;0,472832901842164
1047;9,907;0,407767051622066
1048;9,911;0,401502621058805
1049;9,915;0,400870913775114
1050;9,919;0,386552215344802
1051;9,923;0,346544087377751
1052;9,927;0,348491851502463
1053;9,932;0,391026808604274
1054;9,936;0,27447681476342
1055;9,940;0,286795106795381
1056;9,944;0,285742261322563
1057;9,948;0,347439006029646
1058;9,952;0,253683116675282
1059;9,956;0,253735758948923
1060;9,960;0,214517265086486
1061;9,965;0,276161367519928
1062;9,969;0,232573564945299
1063;9,973;0,277951204823717
1064;9,977;0,228625394422235
1065;9,981;0,232678849492581
1066;9,985;0,198829867541511
1067;9,989;0,23999612552866
1068;9,993;0,215043687822895
1069;9,998;0,187564420982368
1070;10,002;0,226624988023883
1071;10,006;0,177720315811528
1072;10,010;0,179615437662599
1073;10,014;0,173035153457492
1074;10,018;0,166876007441512
1075;10,022;0,190565030579897
1076;10,026;0,174351210298513
1077;10,030;0,160664219151891
1078;10,035;0,180141860399007
1079;10,039;0,190249176938052
1080;10,043;0,183195112270177
1081;10,047;0,186037795046783
1082;10,051;0,179141657199831
1083;10,055;0,165296739232286
1084;10,059;0,128236578589124
1085;10,063;0,152820520379403
1086;10,068;0,154978853598678
1087;10,072;0,152083528548431
1088;10,076;0,17108738933278
1089;10,080;0,172771942089288
1090;10,084;0,163822755570342
1091;10,088;0,145029463880557
1092;10,092;0,16740243017792
1093;10,096;0,142292065651232
1094;10,101;0,142292065651232
1095;10,105;0,163401617381215
1096;10,109;0,14339755339769
1097;10,113;0,141660358367542
1098;10,117;0,14708251255255
1099;10,121;0,108864221889289
1100;10,125;0,149609341687311
1101;10,129;0,150662187160128
1102;10,134;0,141607716093901
1103;10,138;0,157453040459799
1104;10,142;0,157242471365235
1105;10,146;0,132447960480392
1106;10,150;0,112285969675945
1107;10,154;0,12981584679835
1108;10,158;0,120866660279404
1109;10,162;0,100809954022238
1110;10,167;0,106600604122732
1111;10,171;0,148661780761776
1112;10,175;0,113496741969684
1113;10,179;0,110811986014001
1114;10,183;0,12676259492718
1115;10,187;0,119445318891101
1116;10,191;0,130184342713836
1117;10,195;0,127868082673638
1118;10,199;0,10891686416293
1119;10,204;0,126025603096208
1120;10,208;0,132342675933111
1121;10,212;0,117708123860953
1122;10,216;0,103652636798844
1123;10,220;0,124077838971496
1124;10,224;0,125815034001645
1125;10,228;0,116181497925368
1126;10,232;0,105495116376274
1127;10,237;0,131289830460294
1128;10,241;0,121393083015813
1129;10,245;0,136764626918942
1130;10,249;0,106495319575451
1131;10,253;0,112391254223226
1132;10,257;0,142976415208563
1133;10,261;0,121024587100327
1134;10,265;0,120498164363918
1135;10,270;0,127868082673638
1136;10,274;0,118339831144643
1137;10,278;0,128815643599173
1138;10,282;0,151662390359305
1139;10,286;0,157031902270672
1140;10,290;0,194618485650243
1141;10,294;0,195881900217623
1142;10,298;0,216570313758479
1143;10,303;0,202620111243653
1144;10,307;0,128341863136406
1145;10,311;0,185090234121248
1146;10,315;0,123814627603292
1147;10,319;0,154926211325038
1148;10,323;0,127604871305434
1149;10,327;0,113391457422403
1150;10,331;0,0898077188312994
1151;10,336;0,114812798810706
1152;10,340;0,123814627603292
1153;10,344;0,125657107180722
1154;10,348;0,110864628287642
1155;10,352;0,122761782130475
1156;10,356;0,0981778403401954
1157;10,360;0,108337799152881
1158;10,364;0,0845434914672139
1159;10,368;0,0799636136604594
1160;10,373;0,138343895128168
1161;10,377;0,112496538770508
1162;10,381;0,118287188871002
1163;10,385;0,113654668790607
1164;10,389;0,156821333176108
1165;10,393;0,199303648004279
1166;10,397;0,190196534664411
1167;10,401;0,195776615670341
1168;10,406;0,262579660920587
1169;10,410;0,282267871262267
1170;10,414;0,250314011162268
1171;10,418;0,272055270175941
1172;10,422;0,293217464179565
1173;10,426;0,284426204481542
1174;10,430;0,31569571502421
1175;10,434;0,27073921333492
1176;10,439;0,279741042127506
1177;10,443;0,244365434240851
1178;10,447;0,236258524100159
1179;10,451;0,202988607159139
1180;10,455;0,204462590821083
1181;10,459;0,213043281424542
1182;10,463;0,210042671827013
1183;10,467;0,183247754543818
1184;10,472;0,154189219494066
1185;10,476;0,171719096616471
1186;10,480;0,197145314785004
1187;10,484;0,137554261023555
1188;10,488;0,108969506436571
1189;10,492;0,13723840738171
1190;10,496;0,113075603780558
1191;10,500;0,131131903639371
1192;10,505;0,114339018347938
1193;10,509;0,113286172875121
1194;10,513;0,0933873934388776
1195;10,517;0,106390035028169
1196;10,521;0,115549790641678
1197;10,525;0,088860157905764
1198;10,529;0,113338815148762
1199;10,533;0,0773314999784167
1200;10,537;0,117339627945467
1201;10,542;0,0978093444247094
1202;10,546;0,0803321095759454
1203;10,550;0,0968091412255332
1204;10,554;0,068119102091267
1205;10,558;0,0720146303406903
1206;10,562;0,0770682886102124
1207;10,566;0,081964020058812
1208;10,570;0,10460019772438
1209;10,575;0,0911237756723208
1210;10,579;0,063749793379076
1211;10,583;0,0898077188312994
1212;10,587;0,0895445074630951
1213;10,591;0,0907552797568348
1214;10,595;0,093597962533441
1215;10,599;0,100546742654034
1216;10,603;0,0977567021510686
1217;10,608;0,0732780449080708
1218;10,612;0,11997174162751
1219;10,616;0,103810563619767
1220;10,620;0,101652230400492
1221;10,624;0,0900709301995037
1222;10,628;0,0689087361958798
1223;10,632;0,0831221500789108
1224;10,636;0,0818587355115302
1225;10,641;0,0877020278856652
1226;10,645;0,097598775330146
1227;10,649;0,0461146317093894
1228;10,653;0,0849119873826999
1229;10,657;0,0705932889523872
1230;10,661;0,0719619880670494
1231;10,665;0,0736991830971976
1232;10,669;0,069908939395056
1233;10,674;0,080858532312354
1234;10,678;0,0733833294553525
1235;10,682;0,0805953209441497
1236;10,686;0,0995991817284985
1237;10,690;0,0854384101191084
1238;10,694;0,107864018690113
1239;10,698;0,0814375973224034
1240;10,702;0,0959142225736386
1241;10,706;0,063749793379076
1242;10,711;0,0833327191734742
1243;10,715;0,0601701187714978
1244;10,719;0,10770609186919
1245;10,723;0,106232108207246
1246;10,727;0,0689613784695206
1247;10,731;0,0587487773831947
1248;10,735;0,071751418972486
1249;10,739;0,0912290602196025
1250;10,744;0,0959668648472795
1251;10,748;0,0501154445060944
1252;10,752;0,0933873934388776
1253;10,756;0,0807532477650723
1254;10,760;0,0898077188312994
1255;10,764;0,083753857362601
1256;10,768;0,0837012150889602
1257;10,772;0,063749793379076
1258;10,777;0,0540109727555177
1259;10,781;0,0960195071209204
1260;10,785;0,0693298743850066
1261;10,789;0,065908126598351
1262;10,793;0,107337595953704
1263;10,797;0,100809954022238
1264;10,801;0,115549790641678
1265;10,805;0,167928852914329
1266;10,810;0,320749373293732
1267;10,814;0,528370500533266
1268;10,818;1,04352779038268
1269;10,822;1,73830051789469
1270;10,826;2,85484314181723
1271;10,830;4,64904975431851
1272;10,834;6,99715837006887
1273;10,838;9,64432774237292
1274;10,843;12,8385029800791
1275;10,847;16,0612629723723
1276;10,851;19,138098582133
1277;10,855;21,7941644986824
1278;10,859;23,6103229392919
1279;10,863;24,875843197618
1280;10,867;24,5635165881068
1281;10,871;23,8390009759878
1282;10,875;22,1566065526997
1283;10,880;20,2668015712666
1284;10,884;18,0589846147691
1285;10,888;15,3500658554843
1286;10,892;13,124192599128
1287;10,896;10,9678071439777
1288;10,900;9,01040948318974
1289;10,904;7,52047521233261
1290;10,908;5,92241371141716
1291;10,913;4,82197962322872
1292;10,917;4,13847234227585
1293;10,921;3,23386751203139
1294;10,925;2,76514070753321
1295;10,929;2,29641390303504
1296;10,933;1,82226494435185
1297;10,937;1,63091027966734
1298;10,941;1,39417797510442
1299;10,946;1,18697798605401
1300;10,950;1,05337189555352
1301;10,954;0,932663162095036
1302;10,958;0,856437149863078
1303;10,962;0,771946300669504
1304;10,966;0,62091561759389
1305;10,970;0,596700171719097
1306;10,974;0,557218466488455
1307;10,979;0,519158102646117
1308;10,983;0,457040219749907
1309;10,987;0,45414489469966
1310;10,991;0,357598964842331
1311;10,995;0,380182500234258
1312;10,999;0,373286362387306
1313;11,003;0,34154307138187
1314;11,007;0,319012178263584
1315;11,012;0,306062178947934
1316;11,016;0,295428439672481
1317;11,020;0,2584735635766
1318;11,024;0,261263604079566
1319;11,028;0,271844701081378
1320;11,032;0,218623362430473
1321;11,036;0,187459136435086
1322;11,040;0,193934136092912
1323;11,044;0,205252224925695
1324;11,049;0,19814551798418
1325;11,053;0,173824787562105
1326;11,057;0,205094298104773
1327;11,061;0,161453853256504
1328;11,065;0,156084341345136
1329;11,069;0,162927836918448
1330;11,073;0,17540405577133
1331;11,077;0,143923976134099
1332;11,082;0,131763610923061
1333;11,086;0,119550603438383
1334;11,090;0,151925601727509
1335;11,094;0,127341659937229
1336;11,098;0,131816253196702
1337;11,102;0,141028651083852
1338;11,106;0,117444912492749
1339;11,110;0,132447960480392
1340;11,115;0,113496741969684
1341;11,119;0,0934926779861593
1342;11,123;0,118234546597361
1343;11,127;0,107864018690113
1344;11,131;0,139502025148267
1345;11,135;0,119813814806587
1346;11,139;0,129710562251068
1347;11,143;0,103073571788795
1348;11,148;0,093229466617955
1349;11,152;0,117971335229157
1350;11,156;0,0889128001794049
1351;11,160;0,109338002352057
1352;11,164;0,130394911808399
1353;11,168;0,0683823134594712
1354;11,172;0,0839644264571645
1355;11,176;0,105179262734429
1356;11,181;0,0701721507632603
1357;11,185;0,0973355639619417
1358;11,189;0,0844382069199322
1359;11,193;0,103284140883358
1360;11,197;0,101599588126851
1361;11,201;0,0963880030364064
1362;11,205;0,114654871989783
1363;11,209;0,0868071092337706
1364;11,213;0,0799109713868186
1365;11,218;0,0789634104612832
1366;11,222;0,105284547281711
1367;11,226;0,101494303579569
1368;11,230;0,11812926205008
1369;11,234;0,110232921003951
1370;11,238;0,0730674758135074
1371;11,242;0,0609597528761106
1372;11,246;0,100230889012189
1373;11,251;0,102231295410541
1374;11,255;0,0909132065777574
1375;11,259;0,075015239938219
1376;11,263;0,0530107695563415
1377;11,267;0,076857719515649
1378;11,271;0,066645118429323
1379;11,275;0,0742256058336062
1380;11,279;0,0962827184891246
1381;11,284;0,0749099553909373
1382;11,288;0,0755943049482684
1383;11,292;0,084490849193573
1384;11,296;0,059011988751399
1385;11,300;0,0631707283690266
1386;11,304;0,0992833280866534
1387;11,308;0,0532213386509049
1388;11,312;0,052800200461778
1389;11,317;0,050641867242503
1390;11,321;0,0326908519309712
1391;11,325;0,094703450279899
1392;11,329;0,067013614344809
1393;11,333;0,0553796718701799
1394;11,337;0,0885969465375597
1395;11,341;0,0668030452502456
1396;11,345;0,0644341429364071
1397;11,350;0,0656975575037876
1398;11,354;0,0646973543046114
1399;11,358;0,0974934907828643
1400;11,362;0,0765945081474447
1401;11,366;0,0545900377655671
1402;11,370;0,0672768257130133
1403;11,374;0,0810691014069174
1404;11,378;0,0585908505622721
1405;11,382;0,0780684918093886
1406;11,387;0,072119914887972
1407;11,391;0,0587487773831947
1408;11,395;0,0658554843247102
1409;11,399;0,0596436960350892
1410;11,403;0,0580117855522227
1411;11,407;0,0612229642443149
1412;11,411;0,0756995894955502
1413;11,415;0,0804373941232271
1414;11,420;0,121445725289454
1415;11,424;0,12492011534975
1416;11,428;0,13844917967545
1417;11,432;0,179036372652549
1418;11,436;0,155347349514164
1419;11,440;0,152083528548431
1420;11,444;0,135343285530639
1421;11,448;0,160348365510046
1422;11,453;0,149661983960952
1423;11,457;0,165296739232286
1424;11,461;0,103231498609718
1425;11,465;0,119550603438383
1426;11,469;0,11386523788517
1427;11,473;0,0814902395960442
1428;11,477;0,0680664598176261
1429;11,481;0,0549058914074122
1430;11,486;0,0905447106622714
1431;11,490;0,0980725557929137
1432;11,494;0,0682770289121895
1433;11,498;0,0961247916682021
1434;11,502;0,0556428832383842
1435;11,506;0,0724357685298171
1436;11,510;0,0595910537614484
1437;11,514;0,0791213372822058
1438;11,519;0,0607491837815472
1439;11,523;0,0805426786705088
1440;11,527;0,0642235738418437
1441;11,531;0,04369308712191
1442;11,535;0,0583802814677087
1443;11,539;0,049904875411531
1444;11,543;0,0763839390528813
1445;11,547;0,093597962533441
1446;11,551;0,100125604464907
1447;11,556;0,108495725973803
1448;11,560;0,107337595953704
1449;11,564;0,0997044662757802
1450;11,568;0,107495522774627
1451;11,572;0,186669502330473
1452;11,576;0,136290846456175
1453;11,580;0,132447960480392
1454;11,584;0,106653246396373
1455;11,589;0,140186374705598
1456;11,593;0,103231498609718
1457;11,597;0,108653652794726
1458;11,601;0,0739623944654019
1459;11,605;0,105021335913507
1460;11,609;0,0976514176037869
1461;11,613;0,0959142225736386
1462;11,617;0,101757514947774
1463;11,622;0,0827010118897839
1464;11,626;0,0604333301397021
1465;11,630;0,0555375986911025
1466;11,634;0,0604333301397021
1467;11,638;0,0729621912662257
1468;11,642;0,0623284519907729
1469;11,646;0,0625916633589771
1470;11,650;0,0511682899789115
1471;11,655;0,0573800782685325
1472;11,659;0,0503786558742987
1473;11,663;0,0688034516485981
1474;11,667;0,059380484666885
1475;11,671;0,0782790609039521
1476;11,675;0,0526422736408555
1477;11,679;0,0810164591332766
1478;11,683;0,0509050786107072
1479;11,688;0,059011988751399
1480;11,692;0,0395343475042825
1481;11,696;0,0624863788116954
1482;11,700;0,0422191034599661
1483;11,704;0,0543268263973628
1484;11,708;0,0460619894357485
1485;11,712;0,0565904441639196
1486;11,716;0,0366390224540354
1487;11,721;0,0481150381077419
1488;11,725;0,0472201194558474
1489;11,729;0,0501680867797353
1490;11,733;0,0633286551899491
1491;11,737;0,0602227610451386
1492;11,741;0,0382709329369019
1493;11,745;0,0465357698985162
1494;11,749;0,0751731667591416
1495;11,753;0,0425875993754521
1496;11,758;0,0277951204823717
1497;11,762;0,0532213386509049
1498;11,766;0,061907313801646
1499;11,770;0,0606438992342655
1500;11,774;0,0565904441639196
1501;11,778;0,0842802800990096
1502;11,782;0,0543794686710037
1503;11,786;0,0684349557331121
1504;11,791;0,0589593464777581
1505;11,795;0,0305325187116962
1506;11,799;0,0463252008039528
1507;11,803;0,0573800782685325
1508;11,807;0,0570115823530465
1509;11,811;0,035322965613014
1510;11,815;0,0467463389930797
1511;11,819;0,0537477613873134
1512;11,824;0,0675926793548584
1513;11,828;0,0511156477052707
1514;11,832;0,0614861756125192
1515;11,836;0,0468516235403614
1516;11,840;0,0656449152301468
1517;11,844;0,021478047645469
1518;11,848;0,0594857692141667
1519;11,852;0,0471148349085656
1520;11,857;0,0524843468199329
1521;11,861;0,0832800768998333
1522;11,865;0,067750606175781
1523;11,869;0,0427981684700155
1524;11,873;0,0513788590734749
1525;11,877;0,0503786558742987
1526;11,881;0,0398502011461276
1527;11,885;0,0619599560752869
1528;11,890;0,0612756065179558
1529;11,894;0,043324591206424
1530;11,898;0,04369308712191
1531;11,902;0,079753044565896
1532;11,906;0,0572221514476099
1533;11,910;0,0256894295367375
1534;11,914;0,0383235752105428
1535;11,918;0,0131605684102139
1536;11,922;0,0585908505622721
1537;11,927;0,0577485741840184
1538;11,931;0,0649605656728156
1539;11,935;0,0419558920917618
1540;11,939;0,0554849564174617
1541;11,943;0,0463778430775937
1542;11,947;0,0608018260551881
1543;11,951;0,066276622513837
1544;11,955;0,114286376074297
1545;11,960;0,105021335913507
1546;11,964;0,208831899533274
1547;11,968;0,483782494759462
1548;11,972;0,910342838071313
1549;11,976;1,55394727560441
1550;11,980;2,92596285350603
1551;11,984;4,96679851801471
1552;11,988;7,91676624830097
1553;11,993;12,3503511766075
1554;11,997;18,2077516800782
1555;12,001;24,7594511305981
1556;12,005;32,6237856743528
1557;12,009;39,9120031753819
1558;12,013;46,9488011775024
1559;12,017;53,3825292927932
1560;12,021;57,5503760237606
1561;12,026;58,3275865517942
1562;12,030;56,8406528905346
1563;12,034;53,7725558981983
1564;12,038;48,4053076045976
1565;12,042;42,3745560940275
1566;12,046;35,2743767944435
1567;12,050;29,4112909254196
1568;12,054;24,0166686495256
1569;12,059;18,8894164814536
1570;12,063;15,0422138392326
1571;12,067;11,8696219337192
1572;12,071;9,57673506301807
1573;12,075;7,74425751757989
1574;12,079;6,28364499314071
1575;12,083;5,12067188386693
1576;12,087;4,31714021901292
1577;12,091;3,67243029373336
1578;12,096;3,06414882181327
1579;12,100;2,6141100244576
1580;12,104;2,28388504190851
1581;12,108;2,02183180372434
1582;12,112;1,77083344300474
1583;12,116;1,64765052268514
1584;12,120;1,48224849890557
1585;12,124;1,37180500880705
1586;12,129;1,20040176583243
1587;12,133;1,06900665082485
1588;12,137;1,00373023151019
1589;12,141;0,937085113080868
1590;12,145;0,891496904107887
1591;12,149;0,815323534149569
1592;12,153;0,810480444974611
1593;12,157;0,720725368416952
1594;12,162;0,664082281979392
1595;12,166;0,652764193146608
1596;12,170;0,675137159443971
1597;12,174;0,6067548459845
1598;12,178;0,58401338377165
1599;12,182;0,580381066890431
1600;12,186;0,645025778921402
1601;12,190;0,511314403873629
1602;12,195;0,542478629869016
1603;12,199;0,494205664940351
1604;12,203;0,490257494417287
1605;12,207;0,467200178562592
1606;12,211;0,426086562849084
1607;12,215;0,424454652366218
1608;12,219;0,418506075444801
1609;12,223;0,338805673152546
1610;12,228;0,349702623796203
1611;12,232;0,282267871262267
1612;12,236;0,294059740557819
1613;12,240;0,250840433898676
1614;12,244;0,260210758606749
1615;12,248;0,246471125186485
1616;12,252;0,217781086052219
1617;12,256;0,204620517642005
1618;12,260;0,193565640177426
1619;12,265;0,206252428124872
1620;12,269;0,146714016637064
1621;12,273;0,18029978721993
1622;12,277;0,188617266455185
1623;12,281;0,151241252170178
1624;12,285;0,144450398870507
1625;12,289;0,15445243086227
1626;12,293;0,158084747743489
1627;12,298;0,138080683759964
1628;12,302;0,148556496214494
1629;12,306;0,150820113981051
1630;12,310;0,142344707924873
1631;12,314;0,108495725973803
1632;12,318;0,13044755408204
1633;12,322;0,115655075188959
1634;12,326;0,11628678247265
1635;12,331;0,102494506778746
1636;12,335;0,13602763508797
1637;12,339;0,110443490098515
1638;12,343;0,106811173217296
1639;12,347;0,0958615802999978
1640;12,351;0,12186686347858
1641;12,355;0,0958615802999978
1642;12,359;0,104494913177098
1643;12,364;0,0678558907230627
1644;12,368;0,0911237756723208
1645;12,372;0,0824378005215796
1646;12,376;0,0883337351693555
1647;12,380;0,061907313801646
1648;12,384;0,0676979639021401
1649;12,388;0,095071946195385
1650;12,392;0,076489223600163
1651;12,397;0,0834380037207559
1652;12,401;0,0604859724133429
1653;12,405;0,0803847518495863
1654;12,409;0,076489223600163
1655;12,413;0,0912290602196025
1656;12,417;0,0883337351693555
1657;12,421;0,0748046708436556
1658;12,425;0,0872808896965384
1659;12,429;0,0692245898377249
1660;12,434;0,0842276378253687
1661;12,438;0,0998623930967028
1662;12,442;0,0741729635599653
1663;12,446;0,0512209322525524
1664;12,450;0,0669083297975273
1665;12,454;0,0743308903808879
1666;12,458;0,0760154431373953
1667;12,462;0,0665398338820413
1668;12,467;0,0861754019500804
1669;12,471;0,0672241834393724
1670;12,475;0,057169509173969
1671;12,479;0,0844382069199322
1672;12,483;0,0398502011461276
1673;12,487;0,0735412562762751
1674;12,491;0,0625916633589771
1675;12,495;0,0190565030579897
1676;12,500;0,0508524363370664
1677;12,504;0,0432719489327832
1678;12,508;0,0691719475640841
1679;12,512;0,0806479632177906
1680;12,516;0,049167883580559
1681;12,520;0,0632760129163083
1682;12,524;0,081964020058812
1683;12,528;0,0443247944056003
1684;12,533;0,0426402416490929
1685;12,537;0,0765945081474447
1686;12,541;0,0394290629570007
1687;12,545;0,0554849564174617
1688;12,549;0,0497469485906084
1689;12,553;0,0658554843247102
1690;12,557;0,0690666630168024
1691;12,561;0,0720672726143311
1692;12,566;0,0369022338222397
1693;12,570;0,0533792654718274
1694;12,574;0,0997044662757802
1695;12,578;0,0605912569606246
1696;12,582;0,0864912555919255
1697;12,586;0,0862280442237212
1698;12,590;0,0883863774429963
1699;12,594;0,143871333860458
1700;12,598;0,127604871305434
1701;12,603;0,123656700782369
1702;12,607;0,140502228347443
1703;12,611;0,109653855993902
1704;12,615;0,0957562957527161
1705;12,619;0,0987569053502448
1706;12,623;0,0561166637011519
1707;12,627;0,0711723539624366
1708;12,631;0,0716987766988451
1709;12,636;0,0539583304818768
1710;12,640;0,0779105649884661
1711;12,644;0,0551691027756165
1712;12,648;0,0676979639021401
1713;12,652;0,0345333315084012
1714;12,656;0,0917028406823702
1715;12,660;0,0674347525339358
1716;12,664;0,0385341443051062
1717;12,669;0,0734886140026342
1718;12,673;0,0404819084298179
1719;12,677;0,0365863801803945
1720;12,681;0,041534753902635
1721;12,685;0,041166257987149
1722;12,689;0,0541688995764403
1723;12,693;0,061907313801646
1724;12,697;0,0740676790126836
1725;12,702;0,106863815490937
1726;12,706;0,120129668448432
1727;12,710;0,143608122492254
1728;12,714;0,166823365167871
1729;12,718;0,158084747743489
1730;12,722;0,165612592874131
1731;12,726;0,117286985671826
1732;12,730;0,0749099553909373
1733;12,735;0,0618546715280052
1734;12,739;0,0504312981479395
1735;12,743;0,0413768270817124
1736;12,747;0,0416926807235575
1737;12,751;0,0307430878062596
1738;12,755;0,0410083311662264
1739;12,759;0,0377971524741342
1740;12,763;0,0341648355929152
1741;12,767;0,0405345507034587
1742;12,772;0,0272686977459631
1743;12,776;0,049167883580559
1744;12,780;0,0560113791538702
1745;12,784;0,109864425088465
1746;12,788;0,218886573798677
1747;12,792;0,54216277622717
1748;12,796;1,00172982511184
1749;12,800;1,87432815298266
1750;12,805;3,16506406038279
1751;12,809;4,92900136554058
1752;12,813;7,22488884583921
1753;12,817;10,548406149881
1754;12,821;14,1800386815427
1755;12,825;17,8957409242088
1756;12,829;21,2907464358549
1757;12,833;23,9989282033087
1758;12,838;25,6933250649869
1759;12,842;27,231479658499
1760;12,846;26,9664258107173
1761;12,850;25,4705956052124
1762;12,854;23,0841634142515
1763;12,858;20,5711265551844
1764;12,862;17,405114933876
1765;12,866;14,8523858004837
1766;12,871;12,463426780388
1767;12,875;9,75461330565052
1768;12,879;7,86407133238647
1769;12,883;6,31559885324071
1770;12,887;5,08629647917945
1771;12,891;4,20285384293862
1772;12,895;3,39321567434226
1773;12,899;2,77472160133585
1774;12,904;2,33005231589154
1775;12,908;1,94618485650243
1776;12,912;1,60243080962764
1777;12,916;1,4204464696512
1778;12,920;1,22982879679767
1779;12,924;1,07148083768597
1780;12,928;1,04452799358185
1781;12,932;0,868597515074115
1782;12,936;0,7581540249756
1783;12,941;0,740045082843146
1784;12,945;0,630654438217448
1785;12,949;0,573116433127993
1786;12,953;0,502628428722888
1787;12,957;0,441773960394059
1788;12,961;0,428981887899331
1789;12,965;0,387552418543978
1790;12,969;0,352071526110041
1791;12,974;0,344859534621244
1792;12,978;0,233994906333603
1793;12,982;0,259789620417622
1794;12,986;0,283373359008725
1795;12,990;0,225151004361939
1796;12,994;0,234573971343652
1797;12,998;0,172824584362928
1798;13,002;0,180089218125367
1799;13,007;0,143871333860458
1800;13,011;0,147398366194395
1801;13,015;0,109232717804775
1802;13,019;0,159084950942665
1803;13,023;0,0910711333986799
1804;13,027;0,133764017321414
1805;13,031;0,148977634403621
1806;13,035;0,104231701808894
1807;13,040;0,114812798810706
1808;13,044;0,124709546255187
1809;13,048;0,079016052734924
1810;13,052;0,0904920683886305
1811;13,056;0,0917554829560111
1812;13,060;0,0666977607029639
1813;13,064;0,088491661990278
1814;13,068;0,0827536541634248
1815;13,073;0,084122353278087
1816;13,077;0,0704353621314646
1817;13,081;0,0671715411657316
1818;13,085;0,0544321109446445
1819;13,089;0,0553796718701799
1820;13,093;0,0636971511054351
1821;13,097;0,0807006054914314
1822;13,101;0,0703300775841829
1823;13,105;0,049904875411531
1824;13,110;0,059011988751399
1825;13,114;0,053905688208236
1826;13,118;0,096861783499174
1827;13,122;0,122972351225038
1828;13,126;0,23689023138385
1829;13,130;0,408925181642165
1830;13,134;0,937085113080868
1831;13,138;1,5793208514993
1832;13,143;2,7542963991632
1833;13,147;4,44490301713927
1834;13,151;6,86197301135915
1835;13,155;10,1004204011973
1836;13,159;13,8928224365582
1837;13,163;18,044192135876
1838;13,167;22,2642600022952
1839;13,171;26,0511345989238
1840;13,176;28,850861280239
1841;13,180;30,4067036776945
1842;13,184;30,745667277668
1843;13,188;29,2727891034705
1844;13,192;27,0131195074368
1845;13,196;24,0936316535886
1846;13,200;20,4429426188689
1847;13,204;16,9053818302034
1848;13,209;13,8253876840242
1849;13,213;10,807985201204
1850;13,217;8,53689223179025
1851;13,221;6,61618623573
1852;13,225;5,07197778074914
1853;13,229;4,2976625777658
1854;13,233;3,46296668691639
1855;13,237;2,81315046109368
1856;13,242;2,40606775902894
1857;13,246;1,90738750082912
1858;13,250;1,70897877147673
1859;13,254;1,48698630353324
1860;13,258;1,31505663782221
1861;13,262;1,09048469847032
1862;13,266;0,982936533422053
1863;13,270;0,844487353746603
1864;13,274;0,815007680507724
1865;13,279;0,696931060731285
1866;13,283;0,687297524655009
1867;13,287;0,583592245582524
1868;13,291;0,499469892304437
1869;13,295;0,49657456725419
1870;13,299;0,416137173130962
1871;13,303;0,440563188100319
1872;13,307;0,396554247336564
1873;13,312;0,391921727256169
1874;13,316;0,325013397458642
1875;13,320;0,270002221503948
1876;13,324;0,312695105426681
1877;13,328;0,324434332448592
1878;13,332;0,274055676574294
1879;13,336;0,202883322611857
1880;13,340;0,192091656515482
1881;13,345;0,216675598305761
1882;13,349;0,163980682391265
1883;13,353;0,252209133013339
1884;13,357;0,169350194302632
1885;13,361;0,189301616012516
1886;13,365;0,190986168769024
1887;13,369;0,127604871305434
1888;13,373;0,126709952653539
1889;13,378;0,149714626234593
1890;13,382;0,118392473418284
1891;13,386;0,131974180017625
1892;13,390;0,125183326717954
1893;13,394;0,0940717429962087
1894;13,398;0,125183326717954
1895;13,402;0,126446741285335
1896;13,406;0,107969303237395
1897;13,411;0,0936506048070819
1898;13,415;0,104179059535253
1899;13,419;0,103336783156999
1900;13,423;0,0889654424530457
1901;13,427;0,100336173559471
1902;13,431;0,0878073124329469
1903;13,435;0,0809111745859948
1904;13,439;0,0870176783283341
1905;13,443;0,0994938971812168
1906;13,448;0,0533792654718274
1907;13,452;0,0653817038619425
1908;13,456;0,0517999972626018
1909;13,460;0,0934400357125184
1910;13,464;0,0485361762968687
1911;13,468;0,0704353621314646
1912;13,472;0,0652764193146608
1913;13,476;0,0729621912662257
1914;13,481;0,0749625976645782
1915;13,485;0,0613282487915966
1916;13,489;0,0528528427354189
1917;13,493;0,0419032498181209
1918;13,497;0,0644867852100479
1919;13,501;0,032796136478253
1920;13,505;0,0574853628158142
1921;13,509;0,0509050786107072
1922;13,514;0,0535898345663909
1923;13,518;0,0487467453914322
1924;13,522;0,0456934935202625
1925;13,526;0,0722251994352537
1926;13,530;0,0554323141438208
1927;13,534;0,0730674758135074
1928;13,538;0,0414821116289941
1929;13,542;0,0638550779263577
1930;13,547;0,063012801548104
1931;13,551;0,0442721521319594
1932;13,555;0,0380603638423385
1933;13,559;0,0266369904622729
1934;13,563;0,0397449165988459
1935;13,567;0,0541162573027994
1936;13,571;0,0417979652708392
1937;13,575;0,0228467467601313
1938;13,580;0,0260579254522235
1939;13,584;0,0460093471621077
1940;13,588;0,039692274325205
1941;13,592;0,0496943063169676
1942;13,596;0,0705932889523872
1943;13,600;0,0594331269405258
1944;13,604;0,0430613798382198
1945;13,608;0,0588014196568356
1946;13,612;0,0685402402803938
1947;13,617;0,0458514203411851
1948;13,621;0,0642235738418437
1949;13,625;0,088123166074792
1950;13,629;0,0492205258541999
1951;13,633;0,0433772334800649
1952;13,637;0,045167070783854
1953;13,641;0,0693825166586475
1954;13,645;0,0525369890935738
1955;13,650;0,0312695105426681
1956;13,654;0,0676453216284993
1957;13,658;0,0322170714682035
1958;13,662;0,0300587382489285
1959;13,666;0,0491152413069181
1960;13,670;0,0533266231981866
1961;13,674;0,0416400384499167
1962;13,678;0,0445880057738046
1963;13,683;0,0332172746673798
1964;13,687;0,0504839404215804
1965;13,691;0,0500101599588127
1966;13,695;0,0473254040031291
1967;13,699;0,0397449165988459
1968;13,703;0,0411136157135081
1969;13,707;0,0333752014883024
1970;13,711;0,0497995908642493
1971;13,716;0,0401660547879727
1972;13,720;0,0384815020314653
1973;13,724;0,0538530459345951
1974;13,728;0,0365337379067537
1975;13,732;0,0357967460757817
1976;13,736;0,0278477627560125
1977;13,740;0,0341648355929152
1978;13,744;0,0573800782685325
1979;13,749;0,0379550792950568
1980;13,753;0,0410609734398673
1981;13,757;0,0358493883494226
1982;13,761;0,0260052831785826
1983;13,765;0,034954469697528
1984;13,769;0,0210042671827013
1985;13,773;0,0587487773831947
1986;13,777;0,0303745918907736
1987;13,781;0,0420085343654027
1988;13,786;0,0522211354517286
1989;13,790;0,0355335347075774
1990;13,794;0,054642680039208
1991;13,798;0,0517473549889609
1992;13,802;0,0241101613275118
1993;13,806;0,021478047645469
1994;13,810;0,0363758110858311
1995;13,814;0,0456408512466217
1996;13,819;0,036059957443986
1997;13,823;0,0257947140840192
1998;13,827;0,010212601086326
1999;13,831;0,0395343475042825
2000;13,835;0,0252156490739698
2001;13,839;0,0391132093151556
2002;13,843;0,0401660547879727
2003;13,847;0,0241628036011527
2004;13,852;0,0454302821520583
2005;13,856;0,0479571112868193
2006;13,860;0,0251630068003289
2007;13,864;0,0210569094563422
2008;13,868;0,0378497947477751
2009;13,872;0,0247418686112021
2010;13,876;0,022583535391927
2011;13,880;0,0253209336212515
2012;13,885;0,0438510139428326
2013;13,889;0,0285847545869845
2014;13,893;0,0184247957742994
2015;13,897;0,0456934935202625
2016;13,901;0,0291111773233931
2017;13,905;0,0257947140840192
2018;13,909;0,0485888185705096
2019;13,913;0,00457987780675442
2020;13,918;0,0457461357939034
2021;13,922;0,0344806892347603
2022;13,926;0
2023;13,930;0,0456408512466217
2024;13,934;0,0359020306230634
2025;13,938;0,0572221514476099
2026;13,942;0,125288611265236
2027;13,946;0,205620720841181
2028;13,950;0,47936054377363
2029;13,955;0,923819260123372
2030;13,959;1,77741372720984
2031;13,963;3,03788032726649
2032;13,967;5,16541781646166
2033;13,971;7,8768634048812
2034;13,975;10,9990766545203
2035;13,979;14,8045866160178
2036;13,983;18,8839943272686
2037;13,988;22,8532744020627
2038;13,992;26,236224833045
2039;13,996;28,6341330396596
2040;14,000;29,5998555496011
2041;14,004;29,5031516929229
2042;14,008;27,5122735460994
2043;14,012;25,2527618768866
2044;14,016;22,0880136701456
2045;14,021;18,7359642537905
2046;14,025;15,5525280399071
2047;14,029;12,4383164158613
2048;14,033;9,86174033250966
2049;14,037;8,01341746270558
2050;14,041;6,14893341489376
2051;14,045;4,96379790841718
2052;14,049;3,97285974940172
2053;14,054;3,20870450523106
2054;14,058;2,70891875928478
2055;14,062;2,2399287434184
2056;14,066;1,75304035451413
2057;14,070;1,62432999546224
2058;14,074;1,3721208624489
2059;14,078;1,25283347037872
2060;14,082;1,0485814486522
2061;14,087;0,865912759118431
2062;14,091;0,843276581452864
2063;14,095;0,704722117230132
2064;14,099;0,64860545352898
2065;14,103;0,582592042383347
2066;14,107;0,516420704416792
2067;14,111;0,496995705443316
2068;14,115;0,445195708180715
2069;14,119;0,390605670415147
2070;14,124;0,349070916512513
2071;14,128;0,326224169752381
2072;14,132;0,303693276634095
2073;14,136;0,248418889311197
2074;14,140;0,247681897480225
2075;14,144;0,235205678627342
2076;14,148;0,238258930498512
2077;14,152;0,251893279371493
2078;14,157;0,190933526495383
2079;14,161;0,217359947863092
2080;14,165;0,19382885154563
2081;14,169;0,154926211325038
2082;14,173;0,148345927119931
2083;14,177;0,16924490975535
2084;14,181;0,113180888327839
2085;14,185;0,144029260681381
2086;14,190;0,132395318206751
2087;14,194;0,131921537743984
2088;14,198;0,110654059193078
2089;14,202;0,123130278045961
2090;14,206;0,10091523856952
2091;14,210;0,0814902395960442
2092;14,214;0,102863002694232
2093;14,218;0,108548368247444
2094;14,223;0,0884390197166372
2095;14,227;0,0745414594754513
2096;14,231;0,0741203212863245
2097;14,235;0,0973355639619417
2098;14,239;0,0799636136604594
2099;14,243;0,0705932889523872
2100;14,247;0,0918081252296519
2101;14,251;0,0503260136006578
2102;14,256;0,0917554829560111
2103;14,260;0,141344504725697
2104;14,264;0,229888808989616
2105;14,268;0,479255259226348
2106;14,272;0,936453405797178
2107;14,276;1,79941819759172
2108;14,280;3,3587349851075
2109;14,284;5,84223952866214
2110;14,288;9,74576940367885
2111;14,293;15,2195656591286
2112;14,297;22,1296010663219
2113;14,301;30,9025938953914
2114;14,305;41,4831118321933
2115;14,309;54,5392906137773
2116;14,313;66,1343830904594
2117;14,317;78,4552019515544
2118;14,321;90,2059049891188
2119;14,326;96,8324617527561
2120;14,330;100
2121;14,334;98,6176138941911
2122;14,338;93,2970066550362
2123;14,342;82,8549905401834
2124;14,346;70,5412257437564
2125;14,350;57,6874565043214
2126;14,354;45,4320719893621
2127;14,359;35,2577944782466
2128;14,363;27,6817290249493
2129;14,367;21,359760456598
2130;14,371;16,522725143108
2131;14,375;13,0490720746425
2132;14,379;10,5615667182912
2133;14,383;8,6756046228339
2134;14,387;7,22820530907858
2135;14,392;6,0897108570478
2136;14,396;5,17399850706512
2137;14,400;4,46274874790352
2138;14,404;3,95822519732956
2139;14,408;3,52303152114061
2140;14,412;3,07909922752728
2141;14,416;2,75971855334821
2142;14,420;2,46950169876617
2143;14,425;2,2385074020301
2144;14,429;2,08858220670094
2145;14,433;1,91944258149287
2146;14,437;1,76762226431264
2147;14,441;1,4944088641166
2148;14,445;1,48877614083703
2149;14,449;1,39475704011447
2150;14,453;1,26104566506669
2151;14,457;1,12070136354017
2152;14,462;1,14839119947526
2153;14,466;0,975882468754179
2154;14,470;0,92487210559619
2155;14,474;0,874282880627328
2156;14,478;0,835380240406735
2157;14,482;0,821114184250063
2158;14,486;0,71446093785369
2159;14,490;0,685665614172142
2160;14,495;0,614282691115142
2161;14,499;0,660134111456327
2162;14,503;0,623863584917778
2163;14,507;0,59196236709142
2164;14,511;0,512367249346446
2165;14,515;0,470306072707403
2166;14,519;0,46030404071564
2167;14,523;0,442668879045954
2168;14,528;0,406714206149249
2169;14,532;0,403292458362594
2170;14,536;0,349176201059794
2171;14,540;0,312221324963914
2172;14,544;0,343911973695709
2173;14,548;0,322539210597521
2174;14,552;0,274950595226188
2175;14,556;0,258052425387473
2176;14,561;0,25968433587034
2177;14,565;0,257473360377424
2178;14,569;0,233994906333603
2179;14,573;0,228151613959468
2180;14,577;0,210884948205267
2181;14,581;0,228520109874954
2182;14,585;0,201567265770836
2183;14,589;0,156716048628827
2184;14,594;0,245049783798182
2185;14,598;0,163928040117624
2186;14,602;0,159137593216306
2187;14,606;0,165296739232286
2188;14,610;0,164454462854032
2189;14,614;0,149925195329156
2190;14,618;0,193091859714658
2191;14,622;0,131974180017625
2192;14,626;0,119024180701974
2193;14,631;0,120340237542996
2194;14,635;0,172666657542006
2195;14,639;0,0875441010647426
2196;14,643;0,0934926779861593
2197;14,647;0,0917028406823702
2198;14,651;0,115602432915319
2199;14,655;0,118550400239207
2200;14,659;0,109864425088465
2201;14,664;0,123761985329651
2202;14,668;0,0844382069199322
2203;14,672;0,0897024342840177
2204;14,676;0,10091523856952
2205;14,680;0,126552025832617
2206;14,684;0,0973355639619417
2207;14,688;0,0985463362556814
2208;14,692;0,0938085316280044
2209;14,697;0,0569062978057648
2210;14,701;0,0922292634187788
2211;14,705;0,0372180874640848
2212;14,709;0,0854910523927493
2213;14,713;0,0608018260551881
2214;14,717;0,0603806878660612
2215;14,721;0,0859121905818761
2216;14,725;0,0687508093749572
2217;14,730;0,0961774339418429
2218;14,734;0,093966458448927
2219;14,738;0,0669083297975273
2220;14,742;0,072488410803458
2221;14,746;0,0513788590734749
2222;14,750;0,0776473536202618
2223;14,754;0,0850172719299816
2224;14,758;0,0883337351693555
2225;14,763;0,0476938999186151
2226;14,767;0,0797004022922552
2227;14,771;0,0846487760144956
2228;14,775;0,0882810928957146
2229;14,779;0,0643815006627662
2230;14,783;0,083385361447115
2231;14,787;0,0694878012059292
2232;14,791;0,0524843468199329
2233;14,795;0,0616967447070826
2234;14,800;0,0749099553909373
2235;14,804;0,0648552811255339
2236;14,808;0,0566957287112013
2237;14,812;0,0675400370812176
2238;14,816;0,0594331269405258
2239;14,820;0,06153881788616
2240;14,824;0,0521158509044469
2241;14,828;0,0351650387920915
2242;14,833;0,0649605656728156
2243;14,837;0,0398502011461276
2244;14,841;0,0192670721525531
2245;14,845;0,0645920697573296
2246;14,849;0,0789107681876423
2247;14,853;0,0526422736408555
2248;14,857;0,0372180874640848
2249;14,861;0,0676979639021401
2250;14,866;0,0708038580469506
2251;14,870;0,0847540605617773
2252;14,874;0,083385361447115
2253;14,878;0,0909658488513982
2254;14,882;0,0908605643041165
2255;14,886;0,0659607688719919
2256;14,890;0,0630654438217448
2257;14,894;0,0774894267993392
2258;14,899;0,036796949274958
2259;14,903;0,0715408498779226
2260;14,907;0,0624337365380546
2261;14,911;0,0605912569606246
2262;14,915;0,0616967447070826
2263;14,919;0,0604859724133429
2264;14,923;0,107232311406423
2265;14,927;0,172245519352879
2266;14,932;0,314011162267703
2267;14,936;0,62523228403244
2268;14,940;1,25788712864824
2269;14,944;2,11137631118743
2270;14,948;3,63031647482067
2271;14,952;5,7624338418226
2272;14,956;8,64054486858909
2273;14,960;12,5945060417537
2274;14,964;16,4044905965107
2275;14,969;20,8890332457015
2276;14,973;24,8611033609986
2277;14,977;29,0458482618048
2278;14,981;31,1423268095518
2279;14,985;31,7479761677899
2280;14,989;30,5770540751963
2281;14,993;28,0566999400931
2282;14,997;25,4713325970434
2283;15,002;21,616707394239
2284;15,006;18,1629531052098
2285;15,010;14,7873199502636
2286;15,014;11,6621060910269
2287;15,018;9,33594930338479
2288;15,022;7,34707156295963
2289;15,026;5,83297448850135
2290;15,030;4,71453674272773
2291;15,035;3,80040366095428
2292;15,039;3,25881994973716
2293;15,043;2,59968604148001
2294;15,047;2,17538931593471
2295;15,051;1,82816087899963
2296;15,055;1,63564808429502
2297;15,059;1,42855337979189
2298;15,063;1,25346517766241
2299;15,068;1,13128246054198
2300;15,072;1,0511609200606
2301;15,076;1,01246884893457
2302;15,080;0,889443855435894
2303;15,084;0,856595076684
2304;15,088;0,808164184934413
2305;15,092;0,61228228471679
2306;15,096;0,594278627131617
2307;15,101;0,522053427696364
2308;15,105;0,509629851117122
2309;15,109;0,466252617637057
2310;15,113;0,52737029733409
2311;15,117;0,494995299044964
2312;15,121;0,464094284417782
2313;15,125;0,438352212607403
2314;15,129;0,435456887557156
2315;15,133;0,454460748341505
2316;15,138;0,435509529830797
2317;15,142;0,449617659166547
2318;15,146;0,360704858987142
2319;15,150;0,357967460757817
2320;15,154;0,327224372951558
2321;15,158;0,318327828706253
2322;15,162;0,300376813394721
2323;15,166;0,253472547580719
2324;15,171;0,262948156836073
2325;15,175;0,188564624181544
2326;15,179;0,196355680680391
2327;15,183;0,209568891364246
2328;15,187;0,14460832569143
2329;15,191;0,175930478507739
2330;15,195;0,155821129976932
2331;15,199;0,142292065651232
2332;15,204;0,115339221547114
2333;15,208;0,132974383216801
2334;15,212;0,139291456053704
2335;15,216;0,140028447884676
2336;15,220;0,0933873934388776
2337;15,224;0,0575906473630959
2338;15,228;0,0679085329967035
2339;15,232;0,0983884094347589
2340;15,237;0,0776999958939027
2341;15,241;0,0988621898975266
2342;15,245;0,0560113791538702
2343;15,249;0,0708565003205914
2344;15,253;0,0623284519907729
2345;15,257;0,0607491837815472
2346;15,261;0,0791739795558466
2347;15,265;0,0617493869807235
2348;15,270;0,0493784526751224
2349;15,274;0,104284344082535
2350;15,278;0,0665924761556822
2351;15,282;0,0280056895769351
2352;15,286;0,0457461357939034
2353;15,290;0,0381130061159794
2354;15,294;0,0461672739830302
2355;15,298;0,0621705251698503
2356;15,302;0,0616441024334417
2357;15,307;0,0455882089729808
2358;15,311;0,0369022338222397
2359;15,315;0,0809111745859948
2360;15,319;0,0443247944056003
2361;15,323;0,0468516235403614
2362;15,327;0,0611176796970332
2363;15,331;0,0762260122319587
2364;15,335;0,0598016228560118
2365;15,340;0,0421138189126844
2366;15,344;0,044798574868368
2367;15,348;0,0704353621314646
2368;15,352;0,0437457293955509
2369;15,356;0,0725410530770988
2370;15,360;0,0317959332790767
2371;15,364;0,0458514203411851
2372;15,368;0,0642235738418437
2373;15,373;0,0736991830971976
2374;15,377;0,0973882062355826
2375;15,381;0,202725395790934
2376;15,385;0,390447743594225
2377;15,389;0,912237959922384
2378;15,393;1,58811211119733
2379;15,397;2,83494436238099
2380;15,401;4,71295747451851
2381;15,406;7,44266993189143
2382;15,410;10,7992465837797
2383;15,414;15,1713979787473
2384;15,418;20,2229505573238
2385;15,422;25,0403503027457
2386;15,426;29,5538988447127
2387;15,430;33,0385541483691
2388;15,434;34,8136516155387
2389;15,439;35,2030991559338
2390;15,443;33,7040051294631
2391;15,447;30,8441083293764
2392;15,451;26,8054983801972
2393;15,455;22,4663536908024
2394;15,459;18,4502219924679
2395;15,463;14,7260969860193
2396;15,467;11,2194898542546
2397;15,471;8,93476253596783
2398;15,476;7,08528153614366
2399;15,480;5,49364239261239
2400;15,484;4,38178493104389
2401;15,488;3,59583578558591
2402;15,492;2,99334496376632
2403;15,496;2,47639783661312
2404;15,500;2,15417447965745
2405;15,504;1,80257673401017
2406;15,509;1,51393914763736
2407;15,513;1,37796415482303
2408;15,517;1,20019119673786
2409;15,521;1,10890949424462
2410;15,525;0,950561535132927
2411;15,529;0,902604423846108
2412;15,533;0,793108494673128
2413;15,537;0,732148741797018
2414;15,542;0,681454232280874
2415;15,546;0,613387772463248
2416;15,550;0,539214808903282
2417;15,554;0,508945501559791
2418;15,558;0,440510545826678
2419;15,562;0,411978433513335
2420;15,566;0,451565423291258
2421;15,570;0,404187377014488
2422;15,575;0,291532911423058
2423;15,579;0,334541648987636
2424;15,583;0,323486771523057
2425;15,587;0,335225998544968
2426;15,591;0,279319903938379
2427;15,595;0,306535959410701
2428;15,599;0,323223560154853
2429;15,603;0,236574377742004
2430;15,608;0,263843075487968
2431;15,612;0,252788198023388
2432;15,616;0,221202833838875
2433;15,620;0,216780882853043
2434;15,624;0,239469702792251
2435;15,628;0,178194096274296
2436;15,632;0,263421937298841
2437;15,636;0,158558528206257
2438;15,640;0,184405884563917
2439;15,645;0,128920928146455
2440;15,649;0,150872756254692
2441;15,653;0,195776615670341
2442;15,657;0,157031902270672
2443;15,661;0,132395318206751
2444;15,665;0,120182310722073
2445;15,669;0,140554870621084
2446;15,673;0,145977024806092
2447;15,678;0,109811782814824
2448;15,682;0,107442880500986
2449;15,686;0,0972829216883009
2450;15,690;0,094334954364413
2451;15,694;0,0946508080062581
2452;15,698;0,109443286899339
2453;15,702;0,0838064996362419
2454;15,706;0,0955983689317935
2455;15,711;0,0917028406823702
2456;15,715;0,0529581272827006
2457;15,719;0,0635918665581534
2458;15,723;0,0729095489925848
2459;15,727;0,0596963383087301
2460;15,731;0,0773314999784167
2461;15,735;0,0621178828962094
2462;15,739;0,0749625976645782
2463;15,744;0,0544847532182854
2464;15,748;0,0651711347673791
2465;15,752;0,0714882076042817
2466;15,756;0,0704880044051055
2467;15,760;0,0911764179459617
2468;15,764;0,0716987766988451
2469;15,768;0,061170321970674
2470;15,772;0,0764365813265221
2471;15,777;0,0714882076042817
2472;15,781;0,0686981671013164
2473;15,785;0,0835959305416785
2474;15,789;0,0609597528761106
2475;15,793;0,0164770316495878
2476;15,797;0,0578538587313002
2477;15,801;0,0664345493347596
2478;15,805;0,100441458106752
2479;15,809;0,0646973543046114
2480;15,814;0,0785949145457972
2481;15,818;0,0748573131172965
2482;15,822;0,0515367858943975
2483;15,826;0,0544847532182854
2484;15,830;0,0953877998372301
2485;15,834;0,0409030466189447
2486;15,838;0,0340069087719926
2487;15,842;0,0619599560752869
2488;15,847;0,0642235738418437
2489;15,851;0,0281636163978577
2490;15,855;0,0281636163978577
2491;15,859;0,0304272341644145
2492;15,863;0,0413241848080715
2493;15,867;0,0470621926349248
2494;15,871;0,0395869897779233
2495;15,875;0,0537477613873134
2496;15,880;0,0296376000598016
2497;15,884;0,0503260136006578
2498;15,888;0,0426402416490929
2499;15,892;0,058643492835913
2500;15,896;0,074278248107247
2501;15,900;0,0566957287112013
2502;15,904;0,0715934921515634
2503;15,908;0,0244786572429978
2504;15,913;0,0695930857532109
2505;15,917;0,0157926820922566
2506;15,921;0,036796949274958
2507;15,925;0,080858532312354
2508;15,929;0,0465357698985162
2509;15,933;0,0602227610451386
2510;15,937;0,0394817052306416
2511;15,941;0,0468516235403614
2512;15,946;0,0573800782685325
2513;15,950;0,0353756078866549
2514;15,954;0,031322152816309
2515;15,958;0,0389026402205922
2516;15,962;0,0209516249090605
2517;15,966;0,0251103645266881
2518;15,970;0,0625390210853363
2519;15,974;0,0406398352507404
2520;15,978;0,0222676817500819
2521;15,983;0,0394817052306416
2522;15,987;0,0334278437619432
2523;15,991;0,0415873961762758
2524;15,995;0,0332172746673798
2525;15,999;0,0392711361360782
2526;16,003;0,0632233706426674
2527;16,007;0,068119102091267
2528;16,011;0,0658028420510693
2529;16,016;0,0481676803813827
2530;16,020;0,0681717443649078
2531;16,024;0,105389831828993
2532;16,028;0,176720112612352
2533;16,032;0,30153494341482
2534;16,036;0,583592245582524
2535;16,040;1,17902900273424
2536;16,044;2,07826432106733
2537;16,049;3,7646069148785
2538;16,053;6,03285720151568
2539;16,057;9,1773381329049
2540;16,061;12,9701613064549
2541;16,065;17,3594214403558
2542;16,069;22,1305486272474
2543;16,073;26,5528681089948
2544;16,077;30,6533853719756
2545;16,082;32,7745005037866
2546;16,086;33,9538453601626
2547;16,090;33,3129256785852
2548;16,094;31,1071091284861
2549;16,098;28,0904436374969
2550;16,102;24,0456219000281
2551;16,106;20,0289111366836
2552;16,110;16,275885522006
2553;16,115;13,1197706481422
2554;16,119;10,4421740416737
2555;16,123;8,19571765632386
2556;16,127;6,49073969764384
2557;16,131;5,21774423646067
2558;16,135;4,08746197911786
2559;16,139;3,37136913078131
2560;16,143;2,75992912244277
2561;16,147;2,33663260009665
2562;16,152;1,96245131905745
2563;16,156;1,69829238992764
2564;16,160;1,50372654655104
2565;16,164;1,36322431820359
2566;16,168;1,16139384106455
2567;16,172;0,991517224025513
2568;16,176;1,00346702014199
2569;16,180;0,799478209783672
2570;16,185;0,764102601897017
2571;16,189;0,68124366318631
2572;16,193;0,587382489284665
2573;16,197;0,528738996448752
2574;16,201;0,550269686367862
2575;16,205;0,515420501217616
2576;16,209;0,441352822204932
2577;16,213;0,421296115947766
2578;16,218;0,398502011461276
2579;16,222;0,392500792266218
2580;16,226;0,343122339591096
2581;16,230;0,330909332106417
2582;16,234;0,393869491380881
2583;16,238;0,369338191864242
2584;16,242;0,370233110516136
2585;16,246;0,403766238825361
2586;16,251;0,495942859970499
2587;16,255;0,535003427012014
2588;16,259;0,577064603651058
2589;16,263;0,572800579486148
2590;16,267;0,650816429021896
2591;16,271;0,735201993668187
2592;16,275;0,776947316665386
2593;16,279;0,717408905177578
2594;16,284;0,649868868096361
2595;16,288;0,604122732302457
2596;16,292;0,613808910652375
2597;16,296;0,552691230955341
2598;16,300;0,453671114236892
2599;16,304;0,414399978100814
2600;16,308;0,367074574097685
2601;16,312;0,314800796372316
2602;16,316;0,234205475428166
2603;16,321;0,214885761001972
2604;16,325;0,210358525468858
2605;16,329;0,158032105469848
2606;16,333;0,202620111243653
2607;16,337;0,161137999614659
2608;16,341;0,155768487703291
2609;16,345;0,138185968307246
2610;16,349;0,119076822975615
2611;16,354;0,107653449595549
2612;16,358;0,0867018246864889
2613;16,362;0,130658123176603
2614;16,366;0,0672241834393724
2615;16,370;0,103178856336077
2616;16,374;0,0559587368802294
2617;16,378;0,103810563619767
2618;16,382;0,0761733699583178
2619;16,387;0,0850172719299816
2620;16,391;0,0665398338820413
2621;16,395;0,0471148349085656
2622;16,399;0,0607491837815472
2623;16,403;0,0826483696161431
2624;16,407;0,0906499952095531
2625;16,411;0,0512209322525524
2626;16,415;0,0563798750693562
2627;16,420;0,0664345493347596
2628;16,424;0,0805426786705088
2629;16,428;0,0712776385097183
2630;16,432;0,0838591419098828
2631;16,436;0,0566430864375605
2632;16,440;0,0528528427354189
2633;16,444;0,0253735758948923
2634;16,448;0,0680664598176261
2635;16,453;0,0770156463365715
2636;16,457;0,119919099353869
2637;16,461;0,204515233094723
2638;16,465;0,431140221118606
2639;16,469;0,862543653605417
2640;16,473;1,60548406149881
2641;16,477;2,93080594268099
2642;16,481;4,88446600204041
2643;16,485;7,99362396781662
2644;16,490;11,8556190889307
2645;16,494;17,4546513133721
2646;16,498;24,3947454588143
2647;16,502;32,9773311841248
2648;16,506;42,3059105691999
2649;16,510;51,7544090536288
2650;16,514;61,0685118134526
2651;16,518;67,7088608527838
2652;16,523;72,6114357969566
2653;16,527;76,2413837758618
2654;16,531;74,7883517388269
2655;16,535;70,3110210811249
2656;16,539;62,7728054225753
2657;16,543;52,6393256735316
2658;16,547;42,8606022065535
2659;16,551;34,2369555078032
2660;16,556;26,5826636358755
2661;16,560;20,6970468737333
2662;16,564;15,8394810735234
2663;16,568;12,3984662147152
2664;16,572;10,0964722306742
2665;16,576;8,34885403034511
2666;16,580;6,84128459781829
2667;16,584;5,5897671842806
2668;16,589;4,86925238495821
2669;16,593;4,08951502778986
2670;16,597;3,59088741186367
2671;16,601;3,11821243684243
2672;16,605;2,7226057504314
2673;16,609;2,6003177487637
2674;16,613;2,28414825327672
2675;16,617;2,09074053992022
2676;16,622;1,8300560008507
2677;16,626;1,66586474936487
2678;16,630;1,6481243031479
2679;16,634;1,3651720823283
2680;16,638;1,29089383422106
2681;16,642;1,22040582981595
2682;16,646;1,07416559364166
2683;16,650;0,992254215856485
2684;16,655;0,944770885032433
2685;16,659;0,868386945979552
2686;16,663;0,879073327528645
2687;16,667;0,773736137973294
2688;16,671;0,737992034171153
2689;16,675;0,602596106366872
2690;16,679;0,594805049868026
2691;16,683;0,594120700310695
2692;16,687;0,506208103330466
2693;16,692;0,560324360633266
2694;16,696;0,509050786107072
2695;16,700;0,469200584960945
2696;16,704;0,45103900055485
2697;16,708;0,440036765363911
2698;16,712;0,387973556733105
2699;16,716;0,407240628885658
2700;16,720;0,351229249731788
2701;16,725;0,328803641160783
2702;16,729;0,350439615627175
2703;16,733;0,273055473375117
2704;16,737;0,294691447841509
2705;16,741;0,279635757580224
2706;16,745;0,306325390316138
2707;16,749;0,245470921987309
2708;16,753;0,250682507077754
2709;16,758;0,24062783281235
2710;16,762;0,185669299131297
2711;16,766;0,220834337923389
2712;16,770;0,213253850519105
2713;16,774;0,210990232752549
2714;16,778;0,231731288567046
2715;16,782;0,191881087420918
2716;16,786;0,207673769513175
2717;16,791;0,14155507382026
2718;16,795;0,162717267823884
2719;16,799;0,140081090158316
2720;16,803;0,163138406013011
2721;16,807;0,18519551866853
2722;16,811;0,146029667079733
2723;16,815;0,16924490975535
2724;16,819;0,149872553055516
2725;16,824;0,237100800478413
2726;16,828;0,335594494460454
2727;16,832;0,61349305701053
2728;16,836;1,12591294863062
2729;16,840;2,02562204742648
2730;16,844;3,53140164264951
2731;16,848;5,72295213659196
2732;16,852;8,50309589211282
2733;16,856;11,8674636004999
2734;16,861;16,0001979349489
2735;16,865;21,0935484787962
2736;16,869;25,6223106378454
2737;16,873;30,3038933172739
2738;16,877;33,9102049153144
2739;16,881;36,0366895590367
2740;16,885;36,2215165817898
2741;16,889;34,4190451323269
2742;16,894;31,6889115367648
2743;16,898;27,9925816507985
2744;16,902;23,9341782067304
2745;16,906;19,6583095302519
2746;16,910;15,7272477461211
2747;16,914;12,7908090801605
2748;16,918;9,97265760307094
2749;16,922;7,88681279459932
2750;16,927;6,47605250329804
2751;16,931;5,19373935968044
2752;16,935;4,19364144505147
2753;16,939;3,39553193438246
2754;16,943;2,91238114690669
2755;16,947;2,49703360788034
2756;16,951;2,13559175706222
2757;16,955;1,84416413018645
2758;16,960;1,71171616970606
2759;16,964;1,38085947987328
2760;16,968;1,29020948466373
2761;16,972;1,2267755449265
2762;16,976;1,1099096974438
2763;16,980;0,950193039217441
2764;16,984;0,801268047087461
2765;16,988;0,775157479361597
2766;16,993;0,723410124372636
2767;16,997;0,70277435310542
2768;17,001;0,675242443991253
2769;17,005;0,76368146370789
2770;17,009;0,875493652921067
2771;17,013;1,19329505889091
2772;17,017;1,80004990487541
2773;17,021;2,8515793208515
2774;17,025;4,7294345061681
2775;17,030;7,50673557891235
2776;17,034;11,5423975607676
2777;17,038;16,9928732889945
2778;17,042;24,3125182273872
2779;17,046;32,2214934191894
2780;17,050;41,4625813454733
2781;17,054;50,7398871560222
2782;17,058;59,0984273647173
2783;17,063;65,9759824890741
2784;17,067;70,364505631144
2785;17,071;70,9609425914949
2786;17,075;69,5320207157875
2787;17,079;63,8425490652311
2788;17,083;56,4627866503405
2789;17,087;47,6496804087567
2790;17,091;39,4572792156722
2791;17,096;31,1350095335158
2792;17,100;24,8246749076391
2793;17,104;19,4381068996122
2794;17,108;15,1333902571786
2795;17,112;12,2286422399498
2796;17,116;9,76766858951345
2797;17,120;7,92334653250608
2798;17,124;6,69083297975273
2799;17,129;5,63840864512475
2800;17,133;4,78844649491949
2801;17,137;4,23159652434653
2802;17,141;3,82856727735214
2803;17,145;3,12889881839153
2804;17,149;2,88000614861756
2805;17,153;2,61279396761658
2806;17,157;2,33647467327573
2807;17,162;2,13643403344048
2808;17,166;2,04020395722499
2809;17,170;1,79415397022764
2810;17,174;1,68460539878102
2811;17,178;1,56415987669074
2812;17,182;1,34616822154396
2813;17,186;1,25420216949338
2814;17,190;1,12996640370096
2815;17,194;1,2123515619489
2816;17,199;0,957615599800802
2817;17,203;0,946139584147095
2818;17,207;0,926188162437211
2819;17,211;0,796582884733425
2820;17,215;0,775157479361597
2821;17,219;0,725252603950066
2822;17,223;0,610229236044797
2823;17,227;0,649921510370002
2824;17,232;0,568694482142162
2825;17,236;0,627127405883511
2826;17,240;0,513946517555672
2827;17,244;0,454513390615146
2828;17,248;0,489941640775442
2829;17,252;0,512998956630137
2830;17,256;0,404661157477256
2831;17,260;0,438615423975608
2832;17,265;0,350492257900816
2833;17,269;0,362810549932776
2834;17,273;0,368811769127833
2835;17,277;0,3520188838364
2836;17,281;0,321065226935577
2837;17,285;0,363547541763748
2838;17,289;0,299323967921904
2839;17,293;0,259631693596699
2840;17,298;0,303272138444968
2841;17,302;0,32369734061762
2842;17,306;0,259842262691263
2843;17,310;0,360178436250733
2844;17,314;0,325118682005923
2845;17,318;0,324539616995874
2846;17,322;0,408872539368524
2847;17,326;0,428666034257486
2848;17,331;0,42461257918714
2849;17,335;0,396027824600156
2850;17,339;0,34770221739785
2851;17,343;0,297007707881706
2852;17,347;0,258052425387473
2853;17,351;0,21599124874843
2854;17,355;0,229730882168693
2855;17,359;0,142713203840359
2856;17,363;0,160769503699173
2857;17,368;0,17166645434283
2858;17,372;0,0823325159742979
2859;17,376;0,120761375732122
2860;17,380;0,109285360078416
2861;17,384;0,167191861083357
2862;17,388;0,111233124203128
2863;17,392;0,105705685470838
2864;17,396;0,114233733800656
2865;17,401;0,129289424061941
2866;17,405;0,133658732774132
2867;17,409;0,110969912834923
2868;17,413;0,111285766476768
2869;17,417;0,142713203840359
2870;17,421;0,0896497920103768
2871;17,425;0,117655481587312
2872;17,429;0,106653246396373
2873;17,434;0,174982917582204
2874;17,438;0,29537579739884
2875;17,442;0,508419078823382
2876;17,446;0,930031048412993
2877;17,450;1,73398385145614
2878;17,454;2,96186488412909
2879;17,458;5,01622961296348
2880;17,462;7,76341930518516
2881;17,467;11,2243329434296
2882;17,471;15,9647696847886
2883;17,475;20,7865913811964
2884;17,479;26,0760343943559
2885;17,483;29,5053100261422
2886;17,487;32,63357713725
2887;17,491;34,0909258407234
2888;17,495;33,6900022846747
2889;17,500;31,7868788080105
2890;17,504;28,6772997040451
2891;17,508;24,897689741179
2892;17,512;21,2811128997786
2893;17,516;17,1379027528751
2894;17,520;13,8099634978475
2895;17,524;10,9370640561714
2896;17,528;8,86917026301133
2897;17,532;6,92703886157925
2898;17,537;5,55118039770185
2899;17,541;4,57745626216695
2900;17,545;3,67290407419613
2901;17,549;3,261188852051
2902;17,553;2,93117443859647
2903;17,557;2,46081572361543
2904;17,561;2,17412590136733
2905;17,565;1,92202205290127
2906;17,570;1,7992602707708
2907;17,574;1,41865663234741
2908;17,578;1,39612573922913
2909;17,582;1,18234546597361
2910;17,586;1,04784445682123
2911;17,590;1,00509893062485
2912;17,594;0,853331255718267
2913;17,598;0,796740811554347
2914;17,603;0,722251994352537
2915;17,607;0,664556062442159
2916;17,611;0,64181460022931
2917;17,615;0,545321312645622
2918;17,619;0,59569996851992
2919;17,623;0,51015627385353
2920;17,627;0,495942859970499
2921;17,631;0,467989812667205
2922;17,636;0,41045180757775
2923;17,640;0,455882089729808
2924;17,644;0,373444289208229
2925;17,648;0,360073151703451
2926;17,652;0,343017055043814
2927;17,656;0,333909941703946
2928;17,660;0,249366450236732
2929;17,664;0,324118478806747
2930;17,669;0,286795106795381
2931;17,673;0,309062788545462
2932;17,677;0,247734539753866
2933;17,681;0,232257711303454
2934;17,685;0,209516249090605
2935;17,689;0,243154661947111
2936;17,693;0,250103442067704
2937;17,697;0,216307102390275
2938;17,701;0,252156490739698
2939;17,706;0,23878535323492
2940;17,710;0,269739010135743
2941;17,714;0,244470718788133
2942;17,718;0,25657844172553
2943;17,722;0,230204662631461
2944;17,726;0,209621533637886
2945;17,730;0,21104287502619
2946;17,734;0,156610764081545
2947;17,739;0,215254256917458
2948;17,743;0,179562795388958
2949;17,747;0,182458120439205
2950;17,751;0,155873772250573
2951;17,755;0,141344504725697
2952;17,759;0,149082918950903
2953;17,763;0,189670111928002
2954;17,767;0,168034137461611
2955;17,772;0,177509746716965
2956;17,776;0,158242674564412
2957;17,780;0,145713813437888
2958;17,784;0,170087186133604
2959;17,788;0,181931697702796
2960;17,792;0,11139105102405
2961;17,796;0,188985762370671
2962;17,800;0,188143485992417
2963;17,805;0,178878445831627
2964;17,809;0,12986848907199
2965;17,813;0,097598775330146
2966;17,817;0,134553651426027
2967;17,821;0,140344301526521
2968;17,825;0,145555886616965
2969;17,829;0,114812798810706
2970;17,833;0,142028854283028
2971;17,838;0,110917270561282
2972;17,842;0,17782560035881
2973;17,846;0,182247551344642
2974;17,850;0,203725598990111
2975;17,854;0,317222340959795
2976;17,858;0,500101599588127
2977;17,862;0,829852801674446
2978;17,866;1,3698046024087
2979;17,870;2,42691409939072
2980;17,875;4,04282133107042
2981;17,879;6,35876551762621
2982;17,883;9,54441270700258
2983;17,887;13,3213905561867
2984;17,891;17,836939504552
2985;17,895;22,1088073682338
2986;17,899;26,4762736008473
2987;17,903;29,5401592112924
2988;17,908;31,4669190688214
2989;17,912;31,9635462783492
2990;17,916;30,6528063069655
2991;17,920;28,6571903555143
2992;17,924;25,3034037441291
2993;17,928;22,0972787103064
2994;17,932;17,9753360419538
2995;17,936;14,9183465693557
2996;17,941;11,8545136011842
2997;17,945;9,40280499090868
2998;17,949;7,32717278352339
2999;17,953;5,92062387411337
3000;17,957;4,61804345514405
3001;17,961;3,89542296487602
3002;17,965;3,22197035818856
3003;17,969;2,60026510649006
3004;17,974;2,46376369093932
3005;17,978;1,9385517268245
3006;17,982;1,81178913189732
3007;17,986;1,60274666326949
3008;17,990;1,31510928009585
3009;17,994;1,21614180565104
3010;17,998;1,1332302246667
3011;18,002;1,03800035165039
3012;18,007;0,90523653752815
3013;18,011;0,840381256402617
3014;18,015;0,775420690729801
3015;18,019;0,756100976303607
3016;18,023;0,682401793206409
3017;18,027;0,617441227533594
3018;18,031;0,53842517479867
3019;18,035;0,481360950171982
3020;18,039;0,489362575765392
3021;18,044;0,484940624779561
3022;18,048;0,450038797355673
3023;18,052;0,396554247336564
3024;18,056;0,355282704802133
3025;18,060;0,339121526794391
3026;18,064;0,319959739189119
3027;18,068;0,405608718402791
3028;18,072;0,388657906290436
3029;18,077;0,296428642871657
3030;18,081;0,321012584661937
3031;18,085;0,3520188838364
3032;18,089;0,261421530900488
3033;18,093;0,286900391342662
3034;18,097;0,267633319190109
3035;18,101;0,302377219793074
3036;18,105;0,267633319190109
3037;18,110;0,244154865146288
3038;18,114;0,266738400538215
3039;18,118;0,233626410418117
3040;18,122;0,16061157687825
3041;18,126;0,211621940036239
3042;18,130;0,15324165856853
3043;18,134;0,21104287502619
3044;18,138;0,181089421324543
3045;18,143;0,13539592780428
3046;18,147;0,17414064120395
3047;18,151;0,167770926093406
3048;18,155;0,154715642230474
3049;18,159;0,149977837602797
3050;18,163;0,100072962191266
3051;18,167;0,147872146657163
3052;18,171;0,120814018005763
3053;18,176;0,149977837602797
3054;18,180;0,149451414866389
3055;18,184;0,141818285188465
3056;18,188;0,122867066677757
3057;18,192;0,143502837944972
3058;18,196;0,126341456738053
3059;18,200;0,12181422120494
3060;18,204;0,0473254040031291
3061;18,208;0,101599588126851
3062;18,213;0,119076822975615
3063;18,217;0,119182107522897
3064;18,221;0,0797004022922552
3065;18,225;0,0505892249688621
3066;18,229;0,111706904665895
3067;18,233;0,084122353278087
3068;18,237;0,1070743845855
3069;18,241;0,0993359703602942
3070;18,246;0,0954930843845118
3071;18,250;0,0933873934388776
3072;18,254;0,0880705238011512
3073;18,258;0,095440442110871
3074;18,262;0,0832274346261925
3075;18,266;0,100020319917625
3076;18,270;0,129763204524709
3077;18,274;0,101599588126851
3078;18,279;0,0864912555919255
3079;18,283;0,0867018246864889
3080;18,287;0,119076822975615
3081;18,291;0,100652027201316
3082;18,295;0,122393286214989
3083;18,299;0,0665924761556822
3084;18,303;0,112970319233276
3085;18,307;0,10396849044069
3086;18,312;0,0940717429962087
3087;18,316;0,0345333315084012
3088;18,320;0,0891760115476092
3089;18,324;0,0691719475640841
3090;18,328;0,0830695078052699
3091;18,332;0,156347552713341
3092;18,336;0,088123166074792
3093;18,340;0,0984410517083997
3094;18,345;0,0752784513064233
3095;18,349;0,0993886126339351
3096;18,353;0,0865965401392072
3097;18,357;0,0520105663571652
3098;18,361;0,0644341429364071
3099;18,365;0,0565904441639196
3100;18,369;0,115391863820755
3101;18,373;0,0678558907230627
3102;18,377;0,108127230058317
3103;18,382;0,076857719515649
3104;18,386;0,0402186970616136
3105;18,390;0,0991254012657308
3106;18,394;0,0916501984087294
3107;18,398;0,0931768243443142
3108;18,402;0,0543268263973628
3109;18,406;0,0892812960948909
3110;18,410;0,0703827198578238
3111;18,415;0,0651184924937382
3112;18,419;0,0882284506220738
3113;18,423;0,0560113791538702
3114;18,427;0,0643815006627662
3115;18,431;0,0344280469611195
3116;18,435;0,122024790299503
3117;18,439;0,115391863820755
3118;18,443;0,120971944826686
3119;18,448;0,181826413155515
3120;18,452;0,325223966553205
3121;18,456;0,666819680208716
3122;18,460;1,09169547076406
3123;18,464;1,90380782622154
3124;18,468;3,24292198309762
3125;18,472;5,21806009010252
3126;18,476;7,87970608765781
3127;18,481;11,0744077481004
3128;18,485;14,9341918937216
3129;18,489;18,7659703497658
3130;18,493;22,8828067175753
3131;18,497;26,2770752373903
3132;18,501;28,2981174070101
3133;18,505;29,3509628798272
3134;18,509;28,5002637377909
3135;18,514;26,9558973559892
3136;18,518;24,3265210721757
3137;18,522;21,3916616744244
3138;18,526;19,054555293865
3139;18,530;17,4803407429088
3140;18,534;16,7115529786578
3141;18,538;17,5928372816793
3142;18,542;19,9609499614132
3143;18,546;23,9252290202115
3144;18,551;29,200458619488
3145;18,555;36,0393743149924
3146;18,559;45,069156154882
3147;18,563;54,2121715253731
3148;18,567;64,2508951818633
3149;18,571;73,0300997992224
3150;18,575;80,2971024639743
3151;18,579;85,2601107382868
3152;18,584;85,9500930188975
3153;18,588;82,5745125062249
3154;18,592;75,5845661276449
3155;18,596;64,3510207863282
3156;18,600;53,2112839766395
3157;18,604;42,8799219209797
3158;18,608;33,75254130576
3159;18,612;25,9330053368737
3160;18,617;20,4261497335775
3161;18,621;16,1959745506192
3162;18,625;13,2407425929689
3163;18,629;10,9422229989882
3164;18,633;9,4297578350128
3165;18,637;7,98846502499982
3166;18,641;7,01789942588336
3167;18,645;6,26279865277893
3168;18,650;5,66120274961124
3169;18,654;5,08598062553761
3170;18,658;4,46975017029776
3171;18,662;3,94290629570007
3172;18,666;3,61610306093764
3173;18,670;3,25576669786599
3174;18,674;3,00087280889697
3175;18,678;2,70612871878182
3176;18,683;2,48224112898726
3177;18,687;2,35068808715876
3178;18,691;2,05599663931725
3179;18,695;1,96803140006338
3180;18,699;1,81789563563966
3181;18,703;1,73866901381017
3182;18,707;1,60916902065367
3183;18,711;1,4630867113003
3184;18,715;1,33274444176554
3185;18,720;1,22914444724033
3186;18,724;1,19687473349849
3187;18,728;1,14512737850953
3188;18,732;0,951035315595695
3189;18,736;1,0168907999204
3190;18,740;0,977409094689763
3191;18,744;0,861964588595367
3192;18,748;0,851014995678069
3193;18,753;0,762839187329637
3194;18,757;0,783422316323211
3195;18,761;0,774473129804266
3196;18,765;0,729463985841334
3197;18,769;0,654396103629474
3198;18,773;0,651448136305586
3199;18,777;0,574327205421733
3200;18,781;0,577643668661107
3201;18,786;0,58706663564282
3202;18,790;0,541004646207072
3203;18,794;0,517631476710532
3204;18,798;0,435456887557156
3205;18,802;0,450354650997518
3206;18,806;0,498048550916133
3207;18,810;0,486625177536068
3208;18,814;0,410188596209546
3209;18,819;0,460198756168358
3210;18,823;0,475833511439692
3211;18,827;0,468200381761768
3212;18,831;0,664713989263082
3213;18,835;1,0658481144064
3214;18,839;1,60037776095565
3215;18,843;2,43917974914904
3216;18,847;3,84857134133566
3217;18,852;5,80486351437713
3218;18,856;8,3014233417947
3219;18,860;11,4942825226599
3220;18,864;15,0335278640819
3221;18,868;18,9675376155366
3222;18,872;22,5972750253473
3223;18,876;25,9097900941981
3224;18,880;27,4473656227002
3225;18,884;28,4343556111926
3226;18,889;27,6671471151508
3227;18,893;25,6204155159943
3228;18,897;22,6786073381224
3229;18,901;19,4710083206378
3230;18,905;16,4902975025453
3231;18,909;13,674883423685
3232;18,913;10,9259038941595
3233;18,917;8,74267087945235
3234;18,922;6,988051256729
3235;18,926;5,67641636669344
3236;18,930;4,62562394254833
3237;18,934;3,68932846357207
3238;18,938;3,23613112979795
3239;18,942;2,64122079538264
3240;18,946;2,39301247516601
3241;18,950;1,99129928501264
3242;18,955;1,76351616696866
3243;18,959;1,58684869662995
3244;18,963;1,43992411089832
3245;18,967;1,339272083697
3246;18,971;1,2218798134779
3247;18,975;1,14639079307691
3248;18,979;1,04284344082535
3249;18,983;0,982673322053849
3250;18,988;0,922134707366865
3251;18,992;0,814323330950393
3252;18,996;0,747415001152866
3253;19,000;0,738834310549406
3254;19,004;0,692087971556327
3255;19,008;0,649395087633593
3256;19,012;0,6646087047158
3257;19,016;0,609018463751057
3258;19,021;0,55569184055287
3259;19,025;0,591330659807729
3260;19,029;0,770051178818434
3261;19,033;1,03705279072485
3262;19,037;1,38617634951101
3263;19,041;2,2004996804614
3264;19,045;3,29840693951508
3265;19,049;5,19010704279922
3266;19,053;7,82022031844364
3267;19,058;11,5925656475473
3268;19,062;15,5653201124018
3269;19,066;20,6779903706753
3270;19,070;25,8614118447221
3271;19,074;30,6901823212505
3272;19,078;35,0957089177064
3273;19,082;37,9584484005698
3274;19,086;39,1134725265238
3275;19,091;38,4512327241219
3276;19,095;35,2782723226929
3277;19,099;31,1938635954462
3278;19,103;27,207001001256
3279;19,107;22,7212475797715
3280;19,111;18,4070553280824
3281;19,115;14,9423514461359
3282;19,119;11,8130314895552
3283;19,124;9,4878749051123
3284;19,128;7,53074045569258
3285;19,132;6,15298686996411
3286;19,136;5,21548061869411
3287;19,140;4,37699448414257
3288;19,144;3,6845906589444
3289;19,148;3,12447686740569
3290;19,152;2,75877099242267
3291;19,157;2,4134903196123
3292;19,161;2,11190273392384
3293;19,165;1,96603099366503
3294;19,169;1,77815071904082
3295;19,173;1,6210661744965
3296;19,177;1,51846638317048
3297;19,181;1,41070764902764
3298;19,185;1,27078448569025
3299;19,190;1,19771700987674
3300;19,194;1,15981457285533
3301;19,198;1,01673287309948
3302;19,202;0,862701580426339
3303;19,206;0,903288773403439
3304;19,210;0,895287147810029
3305;19,214;0,876546498393884
3306;19,218;0,750362968476754
3307;19,222;0,80490036396868
3308;19,227;0,677874557673296
3309;19,231;0,648868664897184
3310;19,235;0,617493869807235
3311;19,239;0,557481677856659
3312;19,243;0,543320906247269
3313;19,247;0,539320093450564
3314;19,251;0,500048957314486
3315;19,255;0,441616033573136
3316;19,260;0,465094487616958
3317;19,264;0,515367858943975
3318;19,268;0,373865427397355
3319;19,272;0,388973759932281
3320;19,276;0,347228436935083
3321;19,280;0,304324983917785
3322;19,284;0,382288191179892
3323;19,288;0,345333315084012
3324;19,293;0,391026808604274
3325;19,297;0,312379251784836
3326;19,301;0,315906284118774
3327;19,305;0,287426814079071
3328;19,309;0,324750186090437
3329;19,313;0,333330876693897
3330;19,317;0,272792262006913
3331;19,321;0,262842872288791
3332;19,326;0,315169292287802
3333;19,330;0,292691041443156
3334;19,334;0,299376610195545
3335;19,338;0,25415689713805
3336;19,342;0,261632099995052
3337;19,346;0,28674246452174
3338;19,350;0,280793887600323
3339;19,354;0,28921665138286
3340;19,359;0,218623362430473
3341;19,363;0,260105474059467
3342;19,367;0,219360354261445
3343;19,371;0,252735555749747
3344;19,375;0,27263433518599
3345;19,379;0,21967620790329
3346;19,383;0,255262384884508
3347;19,387;0,251735352550571
3348;19,391;0,202672753517294
3349;19,396;0,204094094905597
3350;19,400;0,199461574825201
3351;19,404;0,177772958085169
3352;19,408;0,169402836576273
3353;19,412;0,164349178306751
3354;19,416;0,179299584020754
3355;19,420;0,167876210640688
3356;19,424;0,141923569735746
3357;19,429;0,146240236174296
3358;19,433;0,154926211325038
3359;19,437;0,221623972028001
3360;19,441;0,248208320216633
3361;19,445;0,238680068687639
3362;19,449;0,270686571061279
3363;19,453;0,354387786150239
3364;19,457;0,343490835506582
3365;19,462;0,348649778323386
3366;19,466;0,366495509087636
3367;19,470;0,281530879431295
3368;19,474;0,296639211966221
3369;19,478;0,267843888284673
3370;19,482;0,302903642529482
3371;19,486;0,404134734740847
3372;19,490;0,635234316024203
3373;19,495;1,12786071275533
3374;19,499;1,8349517322993
3375;19,503;3,01445451549631
3376;19,507;5,0077542069073
3377;19,511;7,62681260508714
3378;19,515;11,4247947214539
3379;19,519;15,9254459063789
3380;19,523;21,598387883012
3381;19,528;27,2090014076544
3382;19,532;33,6881071628236
3383;19,536;38,9952906222001
3384;19,540;42,8163300544216
3385;19,544;44,3921765158606
3386;19,548;44,3161084304496
3387;19,552;41,175786238678
3388;19,556;37,1844490512283
3389;19,560;31,7418170217739
3390;19,565;25,931636637759
3391;19,569;20,6448783805552
3392;19,573;16,4850332751812
3393;19,577;12,7077395723552
3394;19,581;10,3609470134459
3395;19,585;8,34522171346389
3396;19,589;6,93809373904383
3397;19,593;5,50496048144518
3398;19,598;4,74196336729462
3399;19,602;4,00665608907915
3400;19,606;3,4482794925706
3401;19,610;3,05777910670273
3402;19,614;2,69159945125694
3403;19,618;2,43328381450126
3404;19,622;2,22729459774459
3405;19,626;2,03357103074625
3406;19,631;1,8386893337278
3407;19,635;1,63133141785647
3408;19,639;1,5123072371545
3409;19,643;1,37059423651331
3410;19,647;1,41365561635153
3411;19,651;1,26967899794379
3412;19,655;1,12949262323819
3413;19,659;1,07753469915467
3414;19,664;1,07490258547263
3415;19,668;1,05310868418531
3416;19,672;0,947192429619912
3417;19,676;0,963511534448578
3418;19,680;0,892023326844296
3419;19,684;0,830326582137213
3420;19,688;0,775262763908878
3421;19,692;0,778895080790097
3422;19,697;0,764471097812503
3423;19,701;0,673610533508387
3424;19,705;0,644078217995867
3425;19,709;0,617967650270002
3426;19,713;0,569115620331288
3427;19,717;0,548058710874946
3428;19,721;0,550532897736066
3429;19,725;0,522263996790927
3430;19,729;0,476044080534256
3431;19,734;0,442879448140517
3432;19,738;0,465778837174289
3433;19,742;0,394027418201803
3434;19,746;0,442721521319594
3435;19,750;0,366390224540354
3436;19,754;0,396133109147437
3437;19,758;0,356756688464077
3438;19,762;0,388078841280386
3439;19,767;0,401871116974291
3440;19,771;0,383025183010864
3441;19,775;0,386025792608393
3442;19,779;0,389447540395049
3443;19,783;0,290532708223881
3444;19,787;0,275266448868033
3445;19,791;0,284373562207901
3446;19,795;0,266422546896369
3447;19,800;0,350966038363583
3448;19,804;0,260684539069516
3449;19,808;0,318538397800816
3450;19,812;0,278056489370999
3451;19,816;0,253472547580719
3452;19,820;0,268212384200159
3453;19,824;0,298113195628164
3454;19,828;0,2990607565537
3455;19,833;0,382077622085329
3456;19,837;0,536477410673958
3457;19,841;0,880494668916948
3458;19,845;1,45155805337295
3459;19,849;2,39511816611164
3460;19,853;3,89558089169694
3461;19,857;6,08449927195736
3462;19,861;9,01951659652961
3463;19,866;12,8872497254705
3464;19,870;17,1796480758723
3465;19,874;22,2913707732202
3466;19,878;26,3047650733254
3467;19,882;30,6426989904265
3468;19,886;33,5722941608137
3469;19,890;34,2778585544221
3470;19,894;34,5849209365692
3471;19,898;32,3024045937754
3472;19,903;29,0068403370369
3473;19,907;25,5818287294156
3474;19,911;21,5940185742998
3475;19,915;17,5652527302915
3476;19,919;14,0893360440595
3477;19,923;11,302243508418
3478;19,927;9,14527898825762
3479;19,931;7,1466624272089
3480;19,936;5,94426025497812
3481;19,940;4,94453083626463
3482;19,944;4,09188393010369
3483;19,948;3,44843741939152
3484;19,952;2,98144780992349
3485;19,956;2,52214397240703
3486;19,960;2,33715902283306
3487;19,964;2,00982936533422
3488;19,969;1,84611189431116
3489;19,973;1,63980682391265
3490;19,977;1,66239035930457
3491;19,981;1,37559525250919
3492;19,985;1,29357859017674
3493;19,989;1,20319180633539
3494;19,993;1,06358449663984
3495;19,997;0,956668038875266
3496;20,002;0,955983689317935
3497;20,006;0,855279019842979
3498;20,010;0,870492636925186
3499;20,014;0,768735121977412
3500;20,018;0,748257277531119
3501;20,022;0,748573131172965
3502;20,026;0,663713786063906
3503;20,030;0,629917446386476
3504;20,035;0,58274996920427
3505;20,039;0,553954645522722
3506;20,043;0,574274563148092
3507;20,047;0,520158305845293
3508;20,051;0,551480458661602
3509;20,055;0,507471517897847
3510;20,059;0,507260948803283
3511;20,063;0,464199568965063
3512;20,067;0,493205461741175
3513;20,072;0,462672943029479
3514;20,076;0,402608108805263
3515;20,080;0,381761768443484
3516;20,084;0,359336159872479
3517;20,088;0,379971931139695
3518;20,092;0,3839727439364
3519;20,096;0,378550589751392
3520;20,100;0,31016827629192
3521;20,105;0,320275592830965
3522;20,109;0,31874896689538
3523;20,113;0,2806359607794
3524;20,117;0,334699575808559
3525;20,121;0,323170917881212
3526;20,125;0,268054457379236
3527;20,129;0,291743480517621
3528;20,133;0,32490811291136
3529;20,138;0,323276202428493
3530;20,142;0,287058318163585
3531;20,146;0,261790026815974
3532;20,150;0,215412183738381
3533;20,154;0,312695105426681
3534;20,158;0,261421530900488
3535;20,162;0,279425188485661
3536;20,166;0,232520922671659
3537;20,171;0,246629052007408
3538;20,175;0,184142673195712
3539;20,179;0,233731694965398
3540;20,183;0,300587382489285
3541;20,187;0,308378438988131
3542;20,191;0,225466858003784
3543;20,195;0,216833525126684
3544;20,199;0,214359338265563
3545;20,204;0,235363605448265
3546;20,208;0,24431279196721
3547;20,212;0,216886167400324
3548;20,216;0,250050799794063
3549;20,220;0,241417466916963
3550;20,224;0,182405478165564
3551;20,228;0,253209336212515
3552;20,232;0,233784337239039
3553;20,236;0,252209133013339
3554;20,241;0,235732101363751
3555;20,245;0,243786369230802
3556;20,249;0,260684539069516
3557;20,253;0,321802218766549
3558;20,257;0,266527831443651
3559;20,261;0,308378438988131
3560;20,265;0,335068071724045
3561;20,269;0,282794293998676
3562;20,274;0,231152223556996
3563;20,278;0,279267261664738
3564;20,282;0,246418482912844
3565;20,286;0,29474409011515
3566;20,290;0,274371530216139
3567;20,294;0,179826006757162
3568;20,298;0,226519703476601
3569;20,302;0,244470718788133
3570;20,307;0,222413606132614
3571;20,311;0,232152426756173
3572;20,315;0,201040843034427
3573;20,319;0,181879055429156
3574;20,323;0,200093282108892
3575;20,327;0,163559544202138
3576;20,331;0,222676817500819
3577;20,335;0,181984339976437
3578;20,340;0,178509949916141
3579;20,344;0,159611373679074
3580;20,348;0,235416247721906
3581;20,352;0,16740243017792
3582;20,356;0,233521125870835
3583;20,360;0,187932916897854
3584;20,364;0,210937590478908
3585;20,368;0,220676411102466
3586;20,373;0,195460762028496
3587;20,377;0,196145111585827
3588;20,381;0,196882103416799
3589;20,385;0,19877722526787
3590;20,389;0,251103645266881
3591;20,393;0,3298564866336
3592;20,397;0,430666440655839
3593;20,401;0,691298337451714
3594;20,405;1,18934688836785
3595;20,410;1,8864885181937
3596;20,414;3,27819230643699
3597;20,418;5,04012920519642
3598;20,422;7,66803150534793
3599;20,426;11,3399353763449
3600;20,430;15,6346499867868
3601;20,434;20,4395208710822
3602;20,438;25,1668496863047
3603;20,443;29,7787866377064
3604;20,447;34,5012197214803
3605;20,451;38,7424497819031
3606;20,455;42,0167465600906
3607;20,459;45,1370120456051
3608;20,463;48,2145320049231
3609;20,467;51,7928379133866
3610;20,471;56,3283382834618
3611;20,476;62,0607660293091
3612;20,480;67,6998590239912
3613;20,484;74,6956486949454
3614;20,488;81,3396826934314
3615;20,492;88,2178168827983
3616;20,496;93,7126700477044
3617;20,500;94,6572830059159
3618;20,504;92,4770506008063
3619;20,509;84,4502620005959
3620;20,513;74,2973572525787
3621;20,517;62,58245096109
3622;20,521;50,7696826829029
3623;20,525;39,7997698479796
3624;20,529;31,532932479967
3625;20,533;25,3826303659586
3626;20,537;20,12529913972
3627;20,542;16,2558288157489
3628;20,546;13,5641767222183
3629;20,550;11,4150032585567
3630;20,554;9,95718077462053
3631;20,558;8,46182434957839
3632;20,562;7,48767907585436
3633;20,566;6,83886305323081
3634;20,570;5,96336940030975
3635;20,574;5,57918608727878
3636;20,579;5,03770766060894
3637;20,583;4,60319833397732
3638;20,587;4,21980465505097
3639;20,591;3,8063522378757
3640;20,595;3,5800957457673
3641;20,599;3,35589230233089
3642;20,603;3,12310816829103
3643;20,607;2,99108134599977
3644;20,612;2,72244782361048
3645;20,616;2,4223868638576
3646;20,620;2,51019417629055
3647;20,624;2,3521620708207
3648;20,628;2,11290293712302
3649;20,632;2,08942448307919
3650;20,636;1,831477342239
3651;20,640;1,8499021380133
3652;20,645;1,78062490590194
3653;20,649;1,61785499580441
3654;20,653;1,59379747675054
3655;20,657;1,52673122013209
3656;20,661;1,41497167319255
3657;20,665;1,37243671609074
3658;20,669;1,3205840765545
3659;20,673;1,28326070454313
3660;20,678;1,16486823112485
3661;20,682;1,1139105102405
3662;20,686;1,09143225939586
3663;20,690;1,06821701672024
3664;20,694;1,10059201500937
3665;20,698;0,956825965696189
3666;20,702;0,989306248532597
3667;20,706;0,908868854409369
3668;20,711;0,88981235135138
3669;20,715;0,827168045718762
3670;20,719;0,772104227490427
3671;20,723;0,858648125355993
3672;20,727;0,830484508958136
3673;20,731;0,809427599501794
3674;20,735;0,756680041313656
3675;20,739;0,794898331976917
3676;20,743;0,882916213504428
3677;20,748;0,892128611391578
3678;20,752;0,966248932677902
3679;20,756;1,35227472528629
3680;20,760;1,87174868157426
3681;20,764;2,8870075710118
3682;20,768;4,34451420130616
3683;20,772;6,49421408770413
3684;20,776;9,56473262462795
3685;20,781;12,9065694398967
3686;20,785;17,1927560020088
3687;20,789;21,3781326100987
3688;20,793;25,4903891001014
3689;20,797;29,4225563719787
3690;20,801;31,369794073954
3691;20,805;32,6149417723811
3692;20,809;31,3103609470134
3693;20,814;30,0143608122492
3694;20,818;27,2454298610139
3695;20,822;24,1781751450558
3696;20,826;21,1034452262407
3697;20,830;18,8610422959612
3698;20,834;18,0630380698395
3699;20,838;18,1189968067197
3700;20,842;19,1823180919913
3701;20,847;20,7700617072732
3702;20,851;23,5097761966378
3703;20,855;26,7833359829944
3704;20,859;28,9895210290091
3705;20,863;30,7119235802642
3706;20,867;31,2329768047614
3707;20,871;30,8941711316088
3708;20,875;28,8799724575624
3709;20,880;26,3128719834661
3710;20,884;22,9600329330064
3711;20,888;19,7889676534285
3712;20,892;16,6126907887602
3713;20,896;13,6411923685549
3714;20,900;11,1325774604735
3715;20,904;9,20271170879979
3716;20,908;7,42750895708286
3717;20,912;6,61213278065965
3718;20,917;5,92315070324813
3719;20,921;5,32655581607632
3720;20,925;5,24411801555474
3721;20,929;5,88845944491881
3722;20,933;7,11560348576079
3723;20,937;8,52983816712237
3724;20,941;11,2767646479759
3725;20,945;14,9038699441044
3726;20,950;19,3364020269381
3727;20,954;24,319151153866
3728;20,958;29,5955388831626
3729;20,962;35,0661766021939
3730;20,966;38,7647174636531
3731;20,970;42,0494374120216
3732;20,974;43,0482719120832
3733;20,978;41,8844038841575
3734;20,983;39,021243263105
3735;20,987;34,9780534361191
3736;20,991;30,4620307072911
3737;20,995;25,1901702135276
3738;20,999;20,7782212596875
3739;21,003;16,8294190293396
3740;21,007;13,7992244740247
3741;21,011;11,2331768454012
3742;21,016;9,2639346730441
3743;21,020;7,83954003286984
3744;21,024;6,59928806589128
3745;21,028;5,93610070256378
3746;21,032;5,06018591145359
3747;21,036;4,40005179999726
3748;21,040;4,03302986817322
3749;21,044;3,58846586727619
3750;21,049;3,35778742418197
3751;21,053;3,07941508116912
3752;21,057;2,76687790256336
3753;21,061;2,64716937230406
3754;21,065;2,4013825966749
3755;21,069;2,27904195273356
3756;21,073;2,20597447692005
3757;21,077;1,94813262062714
3758;21,081;2,02641168153109
3759;21,086;1,8426901465245
3760;21,090;1,59706129771627
3761;21,094;1,51504463538382
3762;21,098;1,42813224160277
3763;21,102;1,36138183862616
3764;21,106;1,16750034480689
3765;21,110;1,24114688563045
3766;21,114;1,17455440947477
3767;21,119;1,25209647854775
3768;21,123;1,16139384106455
3769;21,127;1,0315779942662
3770;21,131;1,07674506505006
3771;21,135;0,933242227105086
3772;21,139;0,932242023905909
3773;21,143;0,927872715193718
3774;21,147;0,920818650525844
3775;21,152;0,90149893609965
3776;21,156;0,876493856120243
3777;21,160;0,845224345577575
3778;21,164;0,785264795900641
3779;21,168;0,774262560709702
3780;21,172;0,76857719515649
3781;21,176;0,767155853768187
3782;21,180;0,784106665880542
3783;21,185;0,83380097219751
3784;21,189;0,748678415720246
3785;21,193;0,812164997731118
3786;21,197;0,693140817029144
3787;21,201;0,752521301696029
3788;21,205;0,71261845827626
3789;21,209;0,723094270730791
3790;21,213;0,69845768666687
3791;21,218;0,708986141395041
3792;21,222;0,642025169323873
3793;21,226;0,604070090028816
3794;21,230;0,605122935501634
3795;21,234;0,578170091397516
3796;21,238;0,564167246609048
3797;21,242;0,594068058037054
3798;21,246;0,504681477394881
3799;21,250;0,540794077112508
3800;21,255;0,569115620331288
3801;21,259;0,571273953550563
3802;21,263;0,517157696247764
3803;21,267;0,529265419185161
3804;21,271;0,465673552627007
3805;21,275;0,445406277275278
3806;21,279;0,469463796329149
3807;21,283;0,583855456950728
3808;21,288;0,467305463109874
3809;21,292;0,48678310435699
3810;21,296;0,457092862023548
3811;21,300;0,449933512808392
3812;21,304;0,44735404139999
3813;21,308;0,389816036310535
3814;21,312;0,447933106410039
3815;21,316;0,438036358965558
3816;21,321;0,56121927928516
3817;21,325;0,435351603009875
3818;21,329;0,612071715622226
3819;21,333;0,826483696161431
3820;21,337;1,11201538838943
3821;21,341;1,67813039912319
3822;21,345;2,86926712479483
3823;21,349;4,62341296705541
3824;21,354;6,74252769246805
3825;21,358;9,76345720762218
3826;21,362;13,9816299521903
3827;21,366;19,2974993867175
3828;21,370;24,6821722728933
3829;21,374;31,1099518112627
3830;21,378;36,6887167603524
3831;21,382;42,1870443153188
3832;21,387;46,016190657681
3833;21,391;47,215329008946
3834;21,395;45,9684967577624
3835;21,399;42,6455585187307
3836;21,403;37,9481305149362
3837;21,407;32,0944149706203
3838;21,411;26,3658301107488
3839;21,415;21,1673003041671
3840;21,419;17,0935253161958
3841;21,424;13,749635452255
3842;21,428;11,1852197341144
3843;21,432;9,28762369618249
3844;21,436;7,64139451488566
3845;21,440;6,74026407470149
3846;21,444;5,82881574888372
3847;21,448;5,0791371299643
3848;21,452;4,48427943782263
3849;21,457;4,08356645086844
3850;21,461;3,61441850818114
3851;21,465;3,43217095683649
3852;21,469;3,31193600384078
3853;21,473;3,150376866037
3854;21,477;2,870267327994
3855;21,481;2,77477424360949
3856;21,485;2,49834966472136
3857;21,490;2,36995515931131
3858;21,494;2,15649073969764
3859;21,498;2,10379582378315
3860;21,502;1,97634887929864
3861;21,506;1,75314563906141
3862;21,510;1,76083141101297
3863;21,514;1,78583649099238
3864;21,518;1,58342694884329
3865;21,523;1,67176068401265
3866;21,527;1,45455866297048
3867;21,531;1,64665031948596
3868;21,535;1,39033508912863
3869;21,539;1,36222411500442
3870;21,543;1,42444728244791
3871;21,547;1,3217422065746
3872;21,551;1,14481152486768
3873;21,556;1,20434993635549
3874;21,560;1,05152941597609
3875;21,564;1,10938327470739
3876;21,568;1,10548774645796
3877;21,572;0,960037144388281
3878;21,576;0,986937346218758
3879;21,580;0,910606049439518
3880;21,584;0,861122312217114
3881;21,589;0,777736950769999
3882;21,593;0,771261951112173
3883;21,597;0,812112355457477
3884;21,601;0,773736137973294
3885;21,605;0,812480851372963
3886;21,609;0,818218859199816
3887;21,613;0,765313374190757
3888;21,617;0,741361139684167
3889;21,621;0,676611143105915
3890;21,626;0,736728619603772
3891;21,630;0,745941017490922
3892;21,634;0,648342242160776
3893;21,638;0,663819070611187
3894;21,642;0,634655251014153
3895;21,646;0,606860130531782
3896;21,650;0,582065619646939
3897;21,654;0,59011988751399
3898;21,659;0,578801798681206
3899;21,663;0,638813990631781
3900;21,667;0,628496104998173
3901;21,671;0,705774962702949
3902;21,675;0,801004835719257
3903;21,679;0,993149134508379
3904;21,683;1,37812208164395
3905;21,687;2,12206269273652
3906;21,692;3,18643682348098
3907;21,696;4,88014933560186
3908;21,700;7,35907400134975
3909;21,704;10,9808624278406
3910;21,708;15,0017319308028
3911;21,712;20,0000631707284
3912;21,716;25,2742925668057
3913;21,720;29,8470636666186
3914;21,725;33,4833287183607
3915;21,729;36,3797592563542
3916;21,733;37,1025903157168
3917;21,737;36,3259062104196
3918;21,741;34,0068034874453
3919;21,745;30,5176209482558
3920;21,749;26,5278103867417
3921;21,753;22,9667711440324
3922;21,758;19,4254201116648
3923;21,762;16,883745855737
3924;21,766;15,4769863772324
3925;21,770;15,1983508228514
3926;21,774;15,8074219288761
3927;21,778;17,7701364593017
3928;21,782;19,9889556509901
3929;21,786;22,8407455409362
3930;21,790;25,48444052318
3931;21,795;27,5684428520742
3932;21,799;28,9628313962731
3933;21,803;28,7576844558947
3934;21,807;27,7700627601186
3935;21,811;26,1893732095047
3936;21,815;23,5381503821303
3937;21,819;20,7572696347784
3938;21,823;17,5912053711965
3939;21,828;14,7532603992179
3940;21,832;12,0847182638157
3941;21,836;10,0879441823444
3942;21,840;8,42397455483061
3943;21,844;7,01347747489753
3944;21,848;5,9849527325025
3945;21,852;5,16768143422822
3946;21,856;4,42968940005706
3947;21,861;3,88426280286416
3948;21,865;3,53424432542611
3949;21,869;3,07820430887538
3950;21,873;2,82488968811559
3951;21,877;2,73534518065249
3952;21,881;2,43860068413899
3953;21,885;2,18270659197079
3954;21,889;2,22060902899221
3955;21,894;2,05341716790885
3956;21,898;1,81810620473423
3957;21,902;1,79999726260177
3958;21,906;1,69655519489749
3959;21,910;1,48709158808053
3960;21,914;1,49361923001199
3961;21,918;1,38701862588926
3962;21,922;1,35574911534659
3963;21,927;1,30773936178613
3964;21,931;1,19713794486669
3965;21,935;1,21766843158663
3966;21,939;1,09948652726291
3967;21,943;1,10811986014001
3968;21,947;1,09369587716241
3969;21,951;0,970828810484656
3970;21,955;0,994201979981196
3971;21,959;0,905289179801791
3972;21,964;0,980988769297341
3973;21,968;0,934242430304262
3974;21,972;0,831221500789108
3975;21,976;0,958931656641823
3976;21,980;0,815797314612337
3977;21,984;0,870703206019749
3978;21,988;0,839696906845285
3979;21,992;0,765734512379884
3980;21,997;0,771261951112173
3981;22,001;0,752152805780543
3982;22,005;0,755995691756325
3983;22,009;0,716777197893888
3984;22,013;0,726673945338369
3985;22,017;0,658502200973461
3986;22,021;0,606228423248091
3987;22,025;0,661766021939194
3988;22,030;0,662660940591088
3989;22,034;0,680190817713493
3990;22,038;0,604754439586147
3991;22,042;0,654554030450397
3992;22,046;0,693298743850066
3993;22,050;0,613598341557811
3994;22,054;0,6338129746359
3995;22,058;0,648868664897184
3996;22,063;0,587277204737384
3997;22,067;0,584223952866214
3998;22,071;0,681770085922719
3999;22,075;0,625337568579722
4000;22,079;0,597489805823709
4001;22,083;0,551901596850729
4002;22,087;0,513262167998341
4003;22,091;0,561640417474287
4004;22,096;0,550322328641503
4005;22,100;0,503154851459297
4006;22,104;0,565325376629147
4007;22,108;0,500259526409049
4008;22,112;0,501733510070993
4009;22,116;0,498048550916133
4010;22,120;0,541741638038044
4011;22,124;0,562377409305259
4012;22,128;0,56058757200147
4013;22,133;0,584645091055341
4014;22,137;0,53905688208236
4015;22,141;0,53042354920526
4016;22,145;0,588382692483841
4017;22,149;0,51073533886358
4018;22,153;0,555849767373793
4019;22,157;0,52489611047297
4020;22,161;0,572168872202458
4021;22,166;0,510261558400812
4022;22,170;0,542320703048093
4023;22,174;0,454881886530632
4024;22,178;0,505471111499494
4025;22,182;0,49231054308928
4026;22,186;0,48246643791844
4027;22,190;0,498996111841669
4028;22,194;0,456566439287139
4029;22,199;0,541794280311684
4030;22,203;0,552480661860778
4031;22,207;0,699405247592406
4032;22,211;0,8122702822784
4033;22,215;1,15634018279503
4034;22,219;1,62059239403374
4035;22,223;2,44339113104031
4036;22,227;3,81182703433434
4037;22,232;5,61056088236873
4038;22,236;8,22240728905978
4039;22,240;11,9604298557496
4040;22,244;16,3961204750018
4041;22,248;22,2292002480504
4042;22,252;28,3242806170096
4043;22,256;35,3774503662323
4044;22,260;42,9377231374374
4045;22,265;51,6576525546769
4046;22,269;60,6651667128164
4047;22,273;69,3360861732963
4048;22,277;77,7643773945654
4049;22,281;84,8018071039696
4050;22,285;89,0456692780744
4051;22,289;90,2141698260805
4052;22,293;85,7949562384779
4053;22,297;77,0042756054651
4054;22,302;65,4691426784599
4055;22,306;53,5331388376797
4056;22,310;42,1697776495646
4057;22,314;33,7024785035276
4058;22,318;26,946684958102
4059;22,322;21,5373228455886
4060;22,326;17,6931208129652
4061;22,330;14,9065020577865
4062;22,335;12,7153200597595
4063;22,339;11,1888520509956
4064;22,343;9,47903100314064
4065;22,347;8,66502352583209
4066;22,351;7,56595813675831
4067;22,355;7,10307462463427
4068;22,359;6,36034478583544
4069;22,363;5,92462468691008
4070;22,368;5,48653568567088
4071;22,372;5,05960684644354
4072;22,376;4,79602698232378
4073;22,380;4,22301583374307
4074;22,384;4,13094449714521
4075;22,388;3,88721077018805
4076;22,392;3,60094208612908
4077;22,396;3,40242807222941
4078;22,401;3,14484942730471
4079;22,405;2,99750370338395
4080;22,409;2,87484720580076
4081;22,413;2,81441387566106
4082;22,417;2,58889437538363
4083;22,421;2,50666714395661
4084;22,425;2,40712060450176
4085;22,429;2,31589154428215
4086;22,434;2,18754968114575
4087;22,438;2,17059886903339
4088;22,442;2,07663241058447
4089;22,446;2,09332001132862
4090;22,450;1,85769319451215
4091;22,454;1,83663628505581
4092;22,458;1,77309706077129
4093;22,462;1,74451230618431
4094;22,466;1,62927836918448
4095;22,471;1,61116942705202
4096;22,475;1,50098914832171
4097;22,479;1,57268792502056
4098;22,483;1,51135967622896
4099;22,487;1,45929646759815
4100;22,491;1,40918102309206
4101;22,495;1,41612980321265
4102;22,499;1,2725216807204
4103;22,504;1,25994017732023
4104;22,508;1,26199322599223
4105;22,512;1,23188184546966
4106;22,516;1,29126233013654
4107;22,520;1,27410094892962
4108;22,524;1,22140603301513
4109;22,528;1,18229282369997
4110;22,532;1,11796396531085
4111;22,537;1,13828388293622
4112;22,541;1,09538042991892
4113;22,545;1,20966680599322
4114;22,549;1,1041190473433
4115;22,553;1,11817453440541
4116;22,557;0,961142632134739
4117;22,561;1,16239404426373
4118;22,565;1,07869282917477
4119;22,570;1,19434790436373
4120;22,574;1,0488446600204
4121;22,578;1,02462921414561
4122;22,582;1,03926376621777
4123;22,586;1,03936905076505
4124;22,590;0,996518240021394
4125;22,594;1,06126823659965
4126;22,598;0,922503203282351
4127;22,603;0,900972513363241
4128;22,607;0,92487210559619
4129;22,611;0,877915197508547
4130;22,615;0,853594467086471
4131;22,619;0,834959102217608
4132;22,623;0,827115403445121
4133;22,627;0,788633901413656
4134;22,631;0,866912962317608
4135;22,635;0,809638168596357
4136;22,640;0,917870683201956
4137;22,644;0,862543653605417
4138;22,648;0,7544164235471
4139;22,652;0,750942033486803
4140;22,656;0,799530852057313
4141;22,660;0,802584103928482
4142;22,664;0,837959711815137
4143;22,668;0,844645280567526
4144;22,673;0,946929218251708
4145;22,677;1,1654472961349
4146;22,681;1,52973182972962
4147;22,685;2,0908458244675
4148;22,689;3,18654210802826
4149;22,693;4,47327720263169
4150;22,697;6,62992586915026
4151;22,701;9,47560925535398
4152;22,706;13,6661974485343
4153;22,710;18,3037711871991
4154;22,714;23,6641233429528
4155;22,718;29,705403308251
4156;22,722;35,1785678564171
4157;22,726;39,3515208879278
4158;22,730;42,7085186780051
4159;22,734;44,6890262969214
4160;22,739;43,6055956631189
4161;22,743;41,6497772705402
4162;22,747;37,4376057451672
4163;22,751;32,5286084436101
4164;22,755;27,2078432776343
4165;22,759;22,6327559177812
4166;22,763;18,6004630414389
4167;22,767;14,9475103889527
4168;22,772;12,3467188597262
4169;22,776;10,4475961958587
4170;22,780;8,9156533906362
4171;22,784;7,39829249521219
4172;22,788;6,50316327422308
4173;22,792;5,81102266039311
4174;22,796;5,2020568389157
4175;22,800;4,62330768250813
4176;22,804;4,42626765227041
4177;22,809;3,98186157819431
4178;22,813;3,62263070286911
4179;22,817;3,48149676723798
4180;22,821;3,13358398074556
4181;22,825;2,98034232217703
4182;22,829;2,67859680966765
4183;22,833;2,68080778516056
4184;22,837;2,58863116401543
4185;22,842;2,29925658581164
4186;22,846;2,11964114814905
4187;22,850;2,12690578191148
4188;22,854;1,95513404302137
4189;22,858;2,01367225131
4190;22,862;1,80231352264197
4191;22,866;1,83389888682648
4192;22,870;1,8384261223596
4193;22,875;1,65112491274543
4194;22,879;1,6875533661049
4195;22,883;1,60548406149881
4196;22,887;1,56231739711331
4197;22,891;1,5370491057657
4198;22,895;1,41228691723687
4199;22,899;1,40812817761924
4200;22,903;1,42571069701529
4201;22,908;1,26715216880903
4202;22,912;1,21477310653638
4203;22,916;1,24577940571084
4204;22,920;1,20592920456472
4205;22,924;1,18655684786488
4206;22,928;1,24319993430244
4207;22,932;1,11343672977773
4208;22,936;1,0560566515092
4209;22,941;1,05226640780706
4210;22,945;1,02984079923606
4211;22,949;1,05874140746489
4212;22,953;1,01420604396472
4213;22,957;1,01799628766686
4214;22,961;0,984779012999483
4215;22,965;0,90828978939932
4216;22,969;0,985410720283173
4217;22,973;0,992938565413816
4218;22,978;0,922397918735069
4219;22,982;0,889601782256816
4220;22,986;0,912659098111511
4221;22,990;0,920713365978562
4222;22,994;0,896024139641001
4223;22,998;0,995570679095859
4224;23,002;0,881494872116125
4225;23,006;0,949666616481032
4226;23,011;0,934452999398825
4227;23,015;0,998044865956979
4228;23,019;0,964459095374113
4229;23,023;0,86338592998367
4230;23,027;1,04084303442699
4231;23,031;0,954614990203273
4232;23,035;0,965617225394212
4233;23,039;1,01283734485006
4234;23,044;0,945297307768841
4235;23,048;0,983620882979384
4236;23,052;0,957457672979879
4237;23,056;0,955088770666041
4238;23,060;0,946981860525349
4239;23,064;0,870071498736059
4240;23,068;0,917818040928315
4241;23,072;0,938927592658298
4242;23,077;0,925767024248084
4243;23,081;0,954772917024196
4244;23,085;0,859437759460606
4245;23,089;0,87812576660311
4246;23,093;0,929925763865712
4247;23,097;0,8344326794812
4248;23,101;0,85412088982288
4249;23,105;0,801741827550229
4250;23,110;0,840855036865384
4251;23,114;0,743835326545288
4252;23,118;0,852488979340013
4253;23,122;0,803900160769504
4254;23,126;0,774315202983343
4255;23,130;0,785106869079718
4256;23,134;0,70582760497659
4257;23,138;0,714671506948254
4258;23,142;0,723410124372636
4259;23,147;0,793529632862255
4260;23,151;0,730569473587792
4261;23,155;0,71135504370888
4262;23,159;0,720778010690593
4263;23,163;0,675979435822225
4264;23,167;0,757259106323706
4265;23,171;0,742835123346111
4266;23,175;0,674716021254844
4267;23,180;0,771788373848582
4268;23,184;0,711723539624366
4269;23,188;0,689508500147925
4270;23,192;0,704774759503773
4271;23,196;0,689666426968847
4272;23,200;0,671083704373625
4273;23,204;0,733833294553525
4274;23,208;0,74215077378878
4275;23,213;0,843908288736554
4276;23,217;0,775473333003442
4277;23,221;0,708670287753196
4278;23,225;0,688192443306903
4279;23,229;0,714092441938204
4280;23,233;0,727463579442982
4281;23,237;0,697983906204103
4282;23,241;0,726831872159291
4283;23,246;0,760101789100312
4284;23,250;0,752889797611515
4285;23,254;0,763312967792404
4286;23,258;0,680190817713493
4287;23,262;0,795372112439685
4288;23,266;0,750310326203113
4289;23,270;0,812480851372963
4290;23,274;0,601648545441337
4291;23,279;0,768840406524694
4292;23,283;0,683823134594712
4293;23,287;0,749310123003937
4294;23,291;0,78768634048812
4295;23,295;0,826957476624198
4296;23,299;0,787738982761761
4297;23,303;0,732201384070659
4298;23,307;0,725884311233756
4299;23,311;0,744414391555337
4300;23,316;0,67197862302552
4301;23,320;0,797477803385319
4302;23,324;0,731201180871482
4303;23,328;0,810269875880047
4304;23,332;0,72430504302453
4305;23,336;0,768893048798335
4306;23,340;0,75625890312453
4307;23,344;0,771209308838532
4308;23,349;0,701089800348913
4309;23,353;0,683770492321072
4310;23,357;0,673031468498337
4311;23,361;0,705248539966541
4312;23,365;0,722831059362586
4313;23,369;0,711723539624366
4314;23,373;0,745888375217281
4315;23,377;0,861069669943473
4316;23,382;0,813270485477576
4317;23,386;0,850383288394379
4318;23,390;0,880231457548744
4319;23,394;0,933926576662417
4320;23,398;0,854963166201134
4321;23,402;0,800636339803771
4322;23,406;0,810901583163738
4323;23,410;0,79073959235929
4324;23,415;0,747572927973788
4325;23,419;0,712776385097183
4326;23,423;0,73904487964397
4327;23,427;0,753626789442487
4328;23,431;0,721515002521565
4329;23,435;0,757627602239192
4330;23,439;0,752416017148747
4331;23,443;0,689508500147925
4332;23,448;0,677979842220577
4333;23,452;0,723778620288122
4334;23,456;0,706406669986639
4335;23,460;0,691824760188122
4336;23,464;0,718356466103114
4337;23,468;0,713934515117282
4338;23,472;0,678822118598831
4339;23,476;0,72920077447313
4340;23,480;0,706406669986639
4341;23,485;0,688718866043312
4342;23,489;0,672662972582851
4343;23,493;0,669609720711681
4344;23,497;0,732201384070659
4345;23,501;0,620073341215637
4346;23,505;0,67508451717033
4347;23,509;0,667819883407892
4348;23,513;0,668083094776097
4349;23,518;0,670030858900808
4350;23,522;0,701932076727167
4351;23,526;0,688508296948749
4352;23,530;0,731569676786968
4353;23,534;0,666293257472308
4354;23,538;0,718672319744959
4355;23,542;0,705459109061104
4356;23,546;0,828378818012502
4357;23,551;0,818639997388943
4358;23,555;0,79137129964298
4359;23,559;0,751731667591416
4360;23,563;0,723304839825354
4361;23,567;0,765366016464398
4362;23,571;0,743887968818928
4363;23,575;0,76057556956308
4364;23,579;0,733570083185321
4365;23,584;0,655554233649573
4366;23,588;0,681664801375437
4367;23,592;0,683138785037381
4368;23,596;0,677400777210528
4369;23,600;0,692509109745454
4370;23,604;0,709249352763246
4371;23,608;0,652027201315636
4372;23,612;0,719040815660445
4373;23,617;0,631128218680216
4374;23,621;0,639761551557316
4375;23,625;0,69103512608351
4376;23,629;0,675874151274943
4377;23,633;0,698194475298666
4378;23,637;0,720093661133262
4379;23,641;0,621705251698503
4380;23,645;0,67197862302552
4381;23,649;0,60059569996852
4382;23,654;0,648973949444466
4383;23,658;0,705143255419259
4384;23,662;0,686613175097678
4385;23,666;0,655185737734087
4386;23,670;0,667188176124202
4387;23,674;0,555902409647434
4388;23,678;0,650763786748255
4389;23,682;0,617599154354516
4390;23,687;0,638392852442654
4391;23,691;0,652132485862917
4392;23,695;0,630022730933758
4393;23,699;0,656080656385982
4394;23,703;0,634076186004104
4395;23,707;0,568325986226676
4396;23,711;0,670083501174449
4397;23,715;0,648868664897184
4398;23,720;0,517368265342327
4399;23,724;0,663082078780215
4400;23,728;0,681928012743642
4401;23,732;0,624337365380546
4402;23,736;0,651237567211023
4403;23,740;0,650500575380051
4404;23,744;0,595805253067202
4405;23,748;0,623442446728651
4406;23,753;0,586224359264566
4407;23,757;0,670188785721731
4408;23,761;0,645288990289606
4409;23,765;0,603017244555999
4410;23,769;0,606965415079063
4411;23,773;0,632391633247597
4412;23,777;0,654343461355833
4413;23,781;0,62581134904249
4414;23,786;0,624442649927827
4415;23,790;0,607491837815472
4416;23,794;0,569010335784007
4417;23,798;0,603122529103281
4418;23,802;0,630233300028322
4419;23,806;0,589593464777581
4420;23,810;0,608176187372803
4421;23,814;0,634971104655999
4422;23,818;0,621126186688454
4423;23,823;0,695299150248419
4424;23,827;0,610860943328487
4425;23,831;0,62523228403244
4426;23,835;0,607860333730958
4427;23,839;0,63260220234216
4428;23,843;0,60370159411333
4429;23,847;0,693719882039193
4430;23,851;0,675716224454021
4431;23,856;0,663134721053856
4432;23,860;0,651026998116459
4433;23,864;0,608439398741007
4434;23,868;0,620231268036559
4435;23,872;0,697036345278567
4436;23,876;0,677611346305091
4437;23,880;0,663713786063906
4438;23,884;0,62154732487758
4439;23,889;0,647236754414318
4440;23,893;0,599911350411189
4441;23,897;0,658870696888947
4442;23,901;0,68366520777379
4443;23,905;0,681717443649078
4444;23,909;0,60364895183969
4445;23,913;0,657554640047926
4446;23,917;0,702616426284498
4447;23,922;0,660239396003609
4448;23,926;0,760207073647594
4449;23,930;0,763260325518763
4450;23,934;0,790897519180212
4451;23,938;0,793582275135896
4452;23,942;0,911132472175926
4453;23,946;1,1349147774232
4454;23,950;1,3623293995517
4455;23,955;2,0309389170642
4456;23,959;2,94017626738906
4457;23,963;4,16616217821094
4458;23,967;5,94236513312705
4459;23,971;8,30537151231777
4460;23,975;10,9194815367754
4461;23,979;13,9294088167386
4462;23,983;16,9286497151527
4463;23,987;20,1036105229799
4464;23,992;22,3443815427766
4465;23,996;23,8237873589055
4466;24,000;23,8382639841568
4467;24,004;23,661017448808
4468;24,008;22,3011622361174
4469;24,012;20,3393426243437
4470;24,016;18,1672697716483
4471;24,020;16,1220121561538
4472;24,025;13,6830429760994
4473;24,029;11,7041146253923
4474;24,033;9,70444521887078
4475;24,037;8,47977536488992
4476;24,041;6,89503235920561
4477;24,045;5,94573423864006
4478;24,049;5,22864118710433
4479;24,053;4,53497394733878
4480;24,058;4,02081686068854
4481;24,062;3,62857927979053
4482;24,066;3,17238133641887
4483;24,070;3,00861122312217
4484;24,074;2,73134436785579
4485;24,078;2,6644886803319
4486;24,082;2,42775637576897
4487;24,086;2,23940232068199
4488;24,091;2,08989826354196
4489;24,095;1,97861249706519
4490;24,099;1,84421677246009
4491;24,103;1,75967328099288
4492;24,107;1,7624106792222
4493;24,111;1,5923234930886
4494;24,115;1,59348162310869
4495;24,119;1,45429545160227
4496;24,124;1,35059017252979
4497;24,128;1,41665622594906
4498;24,132;1,28136558269206
4499;24,136;1,32579566164494
4500;24,140;1,22514363444363
4501;24,144;1,35874972494412
4502;24,148;1,29226253333572
4503;24,152;1,1472857117288
4504;24,156;1,24414749522798
4505;24,161;1,1568139632578
4506;24,165;1,20077026174791
4507;24,169;1,08390441426521
4508;24,173;1,07716620323918
4509;24,177;1,09353795034149
4510;24,181;1,04584405042288
4511;24,185;1,03710543299849
4512;24,189;1,06037331794775
4513;24,194;0,99135929720459
4514;24,198;1,07053327676044
4515;24,202;1,01852271040327
4516;24,206;0,994044053160274
4517;24,210;0,976514176037869
4518;24,214;0,872019262860771
4519;24,218;0,865123125013819
4520;24,222;0,978567224709862
4521;24,227;0,929609910223867
4522;24,231;1,02131275090624
4523;24,235;0,933242227105086
4524;24,239;0,890391416361429
4525;24,243;0,882653002136224
4526;24,247;0,838064996362419
4527;24,251;0,831800565799157
4528;24,255;0,774788983446111
4529;24,260;0,912395886743307
4530;24,264;0,813849550487625
4531;24,268;0,922713772376915
4532;24,272;0,828326175738861
4533;24,276;0,734254432742652
4534;24,280;0,815849956885978
4535;24,284;0,835169671312172
4536;24,288;0,764207886444299
4537;24,293;0,82027190787181
4538;24,297;0,891496904107887
4539;24,301;0,815849956885978
4540;24,305;0,758943659080213
4541;24,309;0,66703024930328
4542;24,313;0,813744265940344
4543;24,317;0,738044676444794
4544;24,321;0,701668865358962
4545;24,325;0,698562971214152
4546;24,330;0,774209918436061
4547;24,334;0,785949145457972
4548;24,338;0,771104024291251
4549;24,342;0,793898128777741
4550;24,346;0,764418455538862
4551;24,350;0,749731261193063
4552;24,354;0,759680650911185
4553;24,358;0,766524146484496
4554;24,363;0,80000463252008
4555;24,367;0,697773337109539
4556;24,371;0,642604234333923
4557;24,375;0,829063167569833
4558;24,379;0,789949958254677
4559;24,383;0,829115809843474
4560;24,387;0,779632072621069
4561;24,391;0,766313577389933
4562;24,396;0,683191427311022
4563;24,400;0,833485118555665
4564;24,404;0,783685527691415
4565;24,408;0,765576585558961
4566;24,412;0,739834513748583
4567;24,416;0,821851176081035
4568;24,420;0,764629024633426
4569;24,424;0,77231479658499
4570;24,429;0,771788373848582
4571;24,433;0,832642842177411
4572;24,437;0,806953412640673
4573;24,441;0,827957679823375
4574;24,445;0,791845080105748
4575;24,449;0,70461683268285
4576;24,453;0,776999958939027
4577;24,457;0,729253416746771
4578;24,462;0,742887765619752
4579;24,466;0,698405044393229
4580;24,470;0,768682479703771
4581;24,474;0,805058290789603
4582;24,478;0,755100773104431
4583;24,482;0,709249352763246
4584;24,486;0,756100976303607
4585;24,490;0,691456264272637
4586;24,494;0,736412765961927
4587;24,499;0,65660707912239
4588;24,503;0,642288380692077
4589;24,507;0,673399964413823
4590;24,511;0,725410530770988
4591;24,515;0,764418455538862
4592;24,519;0,773472926605089
4593;24,523;0,737781465076589
4594;24,527;0,752310732601465
4595;24,532;0,788791828234578
4596;24,536;0,766103008295369
4597;24,540;0,7938454865041
4598;24,544;0,776526178476259
4599;24,548;0,740992643768681
4600;24,552;0,812007070910196
4601;24,556;0,790318454170163
4602;24,560;0,820113981050887
4603;24,565;0,715197929684662
4604;24,569;0,774051991615139
4605;24,573;0,750573537571317
4606;24,577;0,749678618919423
4607;24,581;0,700247523970659
4608;24,585;0,756574756766375
4609;24,589;0,773051788415962
4610;24,593;0,713723946022718
4611;24,598;0,775631259824364
4612;24,602;0,723568051193558
4613;24,606;0,680296102260775
4614;24,610;0,625179641758799
4615;24,614;0,72672658761201
4616;24,618;0,630285942301962
4617;24,622;0,740518863305914
4618;24,626;0,727674148537545
4619;24,631;0,691403621998996
4620;24,635;0,747572927973788
4621;24,639;0,687455451475931
4622;24,643;0,702353214916294
4623;24,647;0,71998837658598
4624;24,651;0,716566628799325
4625;24,655;0,615019682946114
4626;24,659;0,703669271757315
4627;24,663;0,829905443948086
4628;24,668;0,709144068215964
4629;24,672;0,694193662501961
4630;24,676;0,730306262219588
4631;24,680;0,709986344594218
4632;24,684;0,621757893972144
4633;24,688;0,707828011374943
4634;24,692;0,688403012401467
4635;24,696;0,736360123688286
4636;24,701;0,626232487231617
4637;24,705;0,746730651595535
4638;24,709;0,742993050167034
4639;24,713;0,781421909924858
4640;24,717;0,698141833025025
4641;24,721;0,688666223769671
4642;24,725;0,702616426284498
4643;24,729;0,744730245197182
4644;24,734;0,65539630682865
4645;24,738;0,696878418457645
4646;24,742;0,723410124372636
4647;24,746;0,74336154608252
4648;24,750;0,747520285700148
4649;24,754;0,762049553225024
4650;24,758;0,788160120950888
4651;24,762;0,717250978356656
4652;24,767;0,684612768699325
4653;24,771;0,695825572984828
4654;24,775;0,713039596465387
4655;24,779;0,747467643426507
4656;24,783;0,666398542019589
4657;24,787;0,741097928315963
4658;24,791;0,681348947733592
4659;24,795;0,655501591375932
4660;24,800;0,662608298317448
4661;24,804;0,680927809544465
4662;24,808;0,819640200588119
4663;24,812;0,769261544713821
4664;24,816;0,773367642057808
4665;24,820;0,709407279584168
4666;24,824;0,713513376928155
4667;24,828;0,758575163164727
4668;24,832;0,738939595096688
4669;24,837;0,668556875238864
4670;24,841;0,84243430507461
4671;24,845;0,793687559683178
4672;24,849;0,730885327229637
4673;24,853;0,776789389844463
4674;24,857;0,809427599501794
4675;24,861;0,739992440569505
4676;24,865;0,746362155680049
4677;24,870;0,652343054957481
4678;24,874;0,673768460329309
4679;24,878;0,73167496133425
4680;24,882;0,781895690387626
4681;24,886;0,694562158417447
4682;24,890;0,785949145457972
4683;24,894;0,729042847652207
4684;24,898;0,77968471489471
4685;24,903;0,679401183608881
4686;24,907;0,649921510370002
4687;24,911;0,809059103586308
4688;24,915;0,748099350710197
4689;24,919;0,707722726827661
4690;24,923;0,688508296948749
4691;24,927;0,61844143073277
4692;24,931;0,676663785379556
4693;24,936;0,694509516143806
4694;24,940;0,721725571616128
4695;24,944;0,743782684271647
4696;24,948;0,729463985841334
4697;24,952;0,72056744159603
4698;24,956;0,756995894955502
4699;24,960;0,771314593385814
4700;24,964;0,713618661475437
4701;24,969;0,73046418904051
4702;24,973;0,721567644795206
4703;24,977;0,686086752361269
4704;24,981;0,781316625377577
4705;24,985;0,674716021254844
4706;24,989;0,599121716306576
4707;24,993;0,738992237370329
4708;24,997;0,686718459644959
4709;25,001;0,742098131515139
4710;25,006;0,711302401435239
4711;25,010;0,712986954191746
4712;25,014;0,696194068900313
4713;25,018;0,804847721695039
4714;25,022;0,720146303406903
4715;25,026;0,703142849020906
4716;25,030;0,74830991980476
4717;25,034;0,746941220690098
4718;25,039;0,674189598518436
4719;25,043;0,702616426284498
4720;25,047;0,725726384412833
4721;25,051;0,67318939531926
4722;25,055;0,746204228859126
4723;25,059;0,635444885118766
4724;25,063;0,72430504302453
4725;25,067;0,66397699743211
4726;25,072;0,720146303406903
4727;25,076;0,749994472561268
4728;25,080;0,732622522259785
4729;25,084;0,782895893586802
4730;25,088;0,733254229543476
4731;25,092;0,674663378981204
4732;25,096;0,7359916277728
4733;25,100;0,634549966466872
4734;25,105;0,631707283690266
4735;25,109;0,700142239423378
4736;25,113;0,673979029423872
4737;25,117;0,626758909968025
4738;25,121;0,655606875923214
4739;25,125;0,677663988578732
4740;25,129;0,706617239081203
4741;25,133;0,67692699674776
4742;25,138;0,721988782984333
4743;25,142;0,674610736707563
4744;25,146;0,658081062784334
4745;25,150;0,633655047814977
4746;25,154;0,629338381376427
4747;25,158;0,7544164235471
4748;25,162;0,770156463365715
4749;25,166;0,700142239423378
4750;25,170;0,715566425600148
4751;25,175;0,646236551215142
4752;25,179;0,717830043366705
4753;25,183;0,688929435137875
4754;25,187;0,571379238097845
4755;25,191;0,715461141052867
4756;25,195;0,647078827593395
4757;25,199;0,674768663528485
4758;25,203;0,655659518196855
4759;25,208;0,721093864332438
4760;25,212;0,712513173728979
4761;25,216;0,737255042340181
4762;25,220;0,693614597491912
4763;25,224;0,632496917794878
4764;25,228;0,754205854452536
4765;25,232;0,754942846283508
4766;25,236;0,717093051535733
4767;25,241;0,749678618919423
4768;25,245;0,702826995379061
4769;25,249;0,811585932721069
4770;25,253;0,767313780589109
4771;25,257;0,712355246908056
4772;25,261;0,706669881354844
4773;25,265;0,760838780931284
4774;25,269;0,770788170649406
4775;25,274;0,746783293869176
4776;25,278;0,820535119240014
4777;25,282;0,724199758477249
4778;25,286;0,737307684613822
4779;25,290;0,706564596807562
4780;25,294;0,685612971898502
4781;25,298;0,755943049482684
4782;25,302;0,780000568536555
4783;25,307;0,722936343909868
4784;25,311;0,661976591033757
4785;25,315;0,73967658692766
4786;25,319;0,735675774130955
4787;25,323;0,731359107692405
4788;25,327;0,670030858900808
4789;25,331;0,660186753729968
4790;25,335;0,752100163506902
4791;25,339;0,694298947049243
4792;25,344;0,694088377954679
4793;25,348;0,737465611434744
4794;25,352;0,70151093853804
4795;25,356;0,642025169323873
4796;25,360;0,78336967404957
4797;25,364;0,693035532481862
4798;25,368;0,700721304433427
4799;25,372;0,750784106665881
4800;25,377;0,763155040971482
4801;25,381;0,829484305758959
4802;25,385;0,776157682560773
4803;25,389;0,861280239038036
4804;25,393;0,933136942557804
4805;25,397;0,938717023563735
4806;25,401;0,953614787004097
4807;25,405;0,959773933020077
4808;25,410;1,01652230400492
4809;25,414;0,80858532312354
4810;25,418;0,914764789057145
4811;25,422;0,928451780203768
4812;25,426;0,905605033443637
4813;25,430;0,84548755694578
4814;25,434;0,94092799905665
4815;25,438;0,803268453485813
4816;25,443;0,919028813222055
4817;25,447;0,822588167912007
4818;25,451;0,773472926605089
4819;25,455;0,80616377853606
4820;25,459;0,87075584829339
4821;25,463;0,835169671312172
4822;25,467;0,788212763224529
4823;25,471;0,777894877590921
4824;25,476;0,748731057993887
4825;25,480;0,851225564772633
4826;25,484;0,889022717246767
4827;25,488;0,774262560709702
4828;25,492;0,798056868395369
4829;25,496;0,747520285700148
4830;25,500;0,751889594412338
4831;25,504;0,765734512379884
4832;25,508;0,783053820407725
4833;25,513;0,724410327571812
4834;25,517;0,739202806464892
4835;25,521;0,819219062398993
4836;25,525;0,733254229543476
4837;25,529;0,73841317236028
4838;25,533;0,70335341811547
4839;25,537;0,734833497752701
4840;25,541;0,767471707410032
4841;25,546;0,727147725801137
4842;25,550;0,760786138657643
4843;25,554;0,695141223427496
4844;25,558;0,777157885759949
4845;25,562;0,685191833709375
4846;25,566;0,752152805780543
4847;25,570;0,76183898413046
4848;25,574;0,710670694151549
4849;25,579;0,716092848336557
4850;25,583;0,666924964755998
4851;25,587;0,762733902782355
4852;25,591;0,661766021939194
4853;25,595;0,723462766646277
4854;25,599;0,656765005943313
4855;25,603;0,733254229543476
4856;25,607;0,728832278557644
4857;25,612;0,704669474956491
4858;25,616;0,720356872501466
4859;25,620;0,619336349384665
4860;25,624;0,798583291131777
4861;25,628;0,721093864332438
4862;25,632;0,731885530428813
4863;25,636;0,760733496384002
4864;25,640;0,720883295237875
4865;25,645;0,662924151959293
4866;25,649;0,618546715280052
4867;25,653;0,761575772762256
4868;25,657;0,767576991957313
4869;25,661;0,744677602923541
4870;25,665;0,755521911293558
4871;25,669;0,771893658395864
4872;25,673;0,753784716263409
4873;25,677;0,770261747912997
4874;25,682;0,663450574695701
4875;25,686;0,702669068558139
4876;25,690;0,655870087291418
4877;25,694;0,749783903466704
4878;25,698;0,690087565157974
4879;25,702;0,762312764593228
4880;25,706;0,796109104270657
4881;25,710;0,743045692440675
4882;25,715;0,759417439542981
4883;25,719;0,739308091012174
4884;25,723;0,796530242459784
4885;25,727;0,765050162822552
4886;25,731;0,803636949401299
4887;25,735;0,711407685982521
4888;25,739;0,710512767330626
4889;25,743;0,662976794232934
4890;25,748;0,778052804411844
4891;25,752;0,712829027370824
4892;25,756;0,670715208458139
4893;25,760;0,700458093065223
4894;25,764;0,805321502157807
4895;25,768;0,743519472903443
4896;25,772;0,711618255077084
4897;25,776;0,682401793206409
4898;25,781;0,760786138657643
4899;25,785;0,796635527007066
4900;25,789;0,773683495699653
4901;25,793;0,82027190787181
4902;25,797;0,744098537913492
4903;25,801;0,705669678155667
4904;25,805;0,805216217610525
4905;25,809;0,796372315638861
4906;25,814;0,754521708094381
4907;25,818;0,774841625719752
4908;25,822;0,800215201614644
4909;25,826;0,757101179502783
4910;25,830;0,838012354088778
4911;25,834;0,765155447369834
4912;25,838;0,823746297932106
4913;25,842;0,80616377853606
4914;25,846;0,684981264614811
4915;25,851;0,804110729864067
4916;25,855;0,773262357510526
4917;25,859;0,686823744192241
4918;25,863;0,789423535518268
4919;25,867;0,748731057993887
4920;25,871;0,754363781273459
4921;25,875;0,720883295237875
4922;25,879;0,793371706041333
4923;25,884;0,737044473245617
4924;25,888;0,696720491636722
4925;25,892;0,800373128435566
4926;25,896;0,757048537229142
4927;25,900;0,803900160769504
4928;25,904;0,834011541292073
4929;25,908;0,740097725116787
4930;25,912;0,760891423204925
4931;25,917;0,757838171333755
4932;25,921;0,638971917452704
4933;25,925;0,669820289806245
4934;25,929;0,746888578416457
4935;25,933;0,777684308496358
4936;25,937;0,75752231769191
4937;25,941;0,717882685640346
4938;25,945;0,77289386159504
4939;25,950;0,701668865358962
4940;25,954;0,815060322781365
4941;25,958;0,773683495699653
4942;25,962;0,706775165902125
4943;25,966;0,740097725116787
4944;25,970;0,727253010348418
4945;25,974;0,729411343567693
4946;25,978;0,640656470209211
4947;25,983;0,706775165902125
4948;25,987;0,678664191777909
4949;25,991;0,633497120994055
4950;25,995;0,709881060046936
4951;25,999;0,662871509685652
4952;26,003;0,706669881354844
4953;26,007;0,760049146826671
4954;26,011;0,747467643426507
4955;26,015;0,662871509685652
4956;26,020;0,70461683268285
4957;26,024;0,738149960992075
4958;26,028;0,689034719685157
4959;26,032;0,836959508615961
4960;26,036;0,763997317349735
4961;26,040;0,764102601897017
4962;26,044;0,703774556304597
4963;26,048;0,745888375217281
4964;26,053;0,725199961676425
4965;26,057;0,738623741454843
4966;26,061;0,707248946364893
4967;26,065;0,685297118256656
4968;26,069;0,665556265641336
4969;26,073;0,712144677813493
4970;26,077;0,757785529060114
4971;26,081;0,767050569220905
4972;26,086;0,743466830629802
4973;26,090;0,76247069141415
4974;26,094;0,693035532481862
4975;26,098;0,720093661133262
4976;26,102;0,723883904835403
4977;26,106;0,805742640346934
4978;26,110;0,853436540265549
4979;26,114;0,725989595781038
4980;26,119;0,808953819039026
4981;26,123;0,754311138999818
4982;26,127;0,846645686965878
4983;26,131;0,822851379280212
4984;26,135;0,950298323764723
4985;26,139;0,817166013726999
4986;26,143;0,941085925877573
4987;26,147;0,858121702619585
4988;26,152;0,946297510968018
4989;26,156;0,88612739219652
4990;26,160;0,889759709077739
4991;26,164;0,953035721994047
4992;26,168;0,9230822682924
4993;26,172;0,930662755696684
4994;26,176;0,972144867325678
4995;26,180;0,943033690002285
4996;26,184;0,895655643725515
4997;26,189;0,862491011331776
4998;26,193;0,831010931694544
4999;26,197;0,807216624008878
5000;26,201;0,811428005900146
5001;26,205;0,824904427952205
5002;26,209;0,868544872800474
5003;26,213;0,716513986525684
5004;26,217;0,774367845256984
5005;26,222;0,791423941916621
5006;26,226;0,738781668275766
5007;26,230;0,704090409946442
5008;26,234;0,762628618235073
5009;26,238;0,770156463365715
5010;26,242;0,741624351052372
5011;26,246;0,759048943627495
5012;26,250;0,775578617550724
5013;26,255;0,757890813607396
5014;26,259;0,736781261877413
5015;26,263;0,786212356826176
5016;26,267;0,749994472561268
5017;26,271;0,614809113851551
5018;26,275;0,691508906546277
5019;26,279;0,729569270388616
5020;26,283;0,824851785678564
5021;26,288;0,725357888497347
5022;26,292;0,748046708436556
5023;26,296;0,782316828576753
5024;26,300;0,736833904151054
5025;26,304;0,731095896324201
5026;26,308;0,721672929342488
5027;26,312;0,712249962360774
5028;26,316;0,733780652279884
5029;26,321;0,670399354816294
5030;26,325;0,703511344936392
5031;26,329;0,705459109061104
5032;26,333;0,74830991980476
5033;26,337;0,69845768666687
5034;26,341;0,710460125056985
5035;26,345;0,692824963387299
5036;26,349;0,68492862234117
5037;26,353;0,734043863648088
5038;26,358;0,686560532824037
5039;26,362;0,688982077411516
5040;26,366;0,659502404172637
5041;26,370;0,67566358218038
5042;26,374;0,747888781615634
5043;26,378;0,70951256413145
5044;26,382;0,758417236343805
5045;26,386;0,662345086949243
5046;26,391;0,73967658692766
5047;26,395;0,699510532139687
5048;26,399;0,718514392924036
5049;26,403;0,788844470508219
5050;26,407;0,748415204352042
5051;26,411;0,775947113466209
5052;26,415;0,666345899745948
5053;26,419;0,688982077411516
5054;26,424;0,762944471876918
5055;26,428;0,738044676444794
5056;26,432;0,768103414693722
5057;26,436;0,728990205378566
5058;26,440;0,749362765277578
5059;26,444;0,67934854133524
5060;26,448;0,769419471534743
5061;26,452;0,718567035197677
5062;26,457;0,779474145800147
5063;26,461;0,74583573294364
5064;26,465;0,749152196183014
5065;26,469;0,744309107008055
5066;26,473;0,71504000286374
5067;26,477;0,763312967792404
5068;26,481;0,757943455881037
5069;26,485;0,726094880328319
5070;26,490;0,76057556956308
5071;26,494;0,751626383044134
5072;26,498;0,708459718658633
5073;26,502;0,74767821252107
5074;26,506;0,71014427141514
5075;26,510;0,74641479795369
5076;26,514;0,672399761214647
5077;26,518;0,830326582137213
5078;26,523;0,791423941916621
5079;26,527;0,719619880670494
5080;26,531;0,709828417773295
5081;26,535;0,736886546424695
5082;26,539;0,75631154539817
5083;26,543;0,71446093785369
5084;26,547;0,785317438174282
5085;26,551;0,718251181555832
5086;26,555;0,684612768699325
5087;26,560;0,715882279241993
5088;26,564;0,746941220690098
5089;26,568;0,773472926605089
5090;26,572;0,814639184592238
5091;26,576;0,834537964028482
5092;26,580;0,778895080790097
5093;26,584;0,746098944311844
5094;26,588;0,844803207388448
5095;26,593;0,791213372822058
5096;26,597;0,900393448353192
5097;26,601;0,746572724774612
5098;26,605;0,8479617438069
5099;26,609;0,749204838456655
5100;26,613;0,773051788415962
5101;26,617;0,79258207193672
5102;26,621;0,786949348657148
5103;26,626;0,729463985841334
5104;26,630;0,76799813014644
5105;26,634;0,767419065136391
5106;26,638;0,784948942258796
5107;26,642;0,766892642399982
5108;26,646;0,759838577732108
5109;26,650;0,681875370470001
5110;26,654;0,657291428679721
5111;26,659;0,764102601897017
5112;26,663;0,651342851758305
5113;26,667;0,777894877590921
5114;26,671;0,699352605318765
5115;26,675;0,718409108376754
5116;26,679;0,693193459302785
5117;26,683;0,711776181898007
5118;26,687;0,732938375901631
5119;26,692;0,753468862621564
5120;26,696;0,661608095118271
5121;26,700;0,687086955560445
5122;26,704;0,736044270046441
5123;26,708;0,79200300692667
5124;26,712;0,69477272751201
5125;26,716;0,734201790469011
5126;26,720;0,762575975961432
5127;26,724;0,73478085547906
5128;26,729;0,810638371795533
5129;26,733;0,800846908898334
5130;26,737;0,797372518838038
5131;26,741;0,672768257130133
5132;26,745;0,72488410803458
5133;26,749;0,736728619603772
5134;26,753;0,785317438174282
5135;26,757;0,728779636284003
5136;26,762;0,74830991980476
5137;26,766;0,701774149906244
5138;26,770;0,781106056283013
5139;26,774;0,80611113626242
5140;26,778;0,809585526322716
5141;26,782;0,788370690045451
5142;26,786;0,768998333345617
5143;26,790;0,663713786063906
5144;26,795;0,74704650523738
5145;26,799;0,860859100848909
5146;26,803;0,764629024633426
5147;26,807;0,787896909582684
5148;26,811;0,816218452801464
5149;26,815;0,77599975573985
5150;26,819;0,705669678155667
5151;26,823;0,806321705356983
5152;26,828;0,814270688676752
5153;26,832;0,789897315981036
5154;26,836;0,814533900044957
5155;26,840;0,834116825839355
5156;26,844;0,844645280567526
5157;26,848;0,800846908898334
5158;26,852;0,789265608697346
5159;26,856;0,830063370769009
5160;26,861;0,793055852399488
5161;26,865;0,799583494330954
5162;26,869;0,784264592701465
5163;26,873;0,762365406866869
5164;26,877;0,751889594412338
5165;26,881;0,846013979682188
5166;26,885;0,75257394396967
5167;26,889;0,82769446845517
5168;26,893;0,750520895297676
5169;26,898;0,790581665538367
5170;26,902;0,797793657027165
5171;26,906;0,713671303749078
5172;26,910;0,770524959281201
5173;26,914;0,722515205720741
5174;26,918;0,749310123003937
5175;26,922;0,809269672680871
5176;26,926;0,761470488214974
5177;26,931;0,704511548135569
5178;26,935;0,737044473245617
5179;26,939;0,733991221374448
5180;26,943;0,742571911977907
5181;26,947;0,773051788415962
5182;26,951;0,726673945338369
5183;26,955;0,713618661475437
5184;26,959;0,803215811212173
5185;26,964;0,832537557630129
5186;26,968;0,847014182881364
5187;26,972;0,722988986183509
5188;26,976;0,796793453827988
5189;26,980;0,788423332319092
5190;26,984;0,715829636968353
5191;26,988;0,764681666907066
5192;26,992;0,693351386123707
5193;26,997;0,817376582821563
5194;27,001;0,67998024861893
5195;27,005;0,71877760429224
5196;27,009;0,769893251997511
5197;27,013;0,722409921173459
5198;27,017;0,675558297633098
5199;27,021;0,676558500832274
5200;27,025;0,826694265255994
5201;27,030;0,719198742481367
5202;27,034;0,787528413667198
5203;27,038;0,743624757450724
5204;27,042;0,762102195498665
5205;27,046;0,754890204009867
5206;27,050;0,72488410803458
5207;27,054;0,716566628799325
5208;27,058;0,708986141395041
5209;27,062;0,77352556887873
5210;27,067;0,64428878709043
5211;27,071;0,800162559341003
5212;27,075;0,844592638293885
5213;27,079;0,74704650523738
5214;27,083;0,741571708778731
5215;27,087;0,753732073989768
5216;27,091;0,653869680893066
5217;27,095;0,747836139341993
5218;27,100;0,849435727468844
5219;27,104;0,853962963001957
5220;27,108;0,769577398355666
5221;27,112;0,736465408235568
5222;27,116;0,762523333687791
5223;27,120;0,818692639662584
5224;27,124;0,80426865668499
5225;27,128;0,783474958596852
5226;27,133;0,772683292500476
5227;27,137;0,750310326203113
5228;27,141;0,761786341856819
5229;27,145;0,837064793163243
5230;27,149;0,732359310891581
5231;27,153;0,819324346946274
5232;27,157;0,776368251655336
5233;27,161;0,766787357852701
5234;27,166;0,716513986525684
5235;27,170;0,76615565056901
5236;27,174;0,73720240006654
5237;27,178;0,854910523927493
5238;27,182;0,77842130032733
5239;27,186;0,753521504895205
5240;27,190;0,69229854065089
5241;27,194;0,748941627088451
5242;27,199;0,749573334372141
5243;27,203;0,800320486161926
5244;27,207;0,77231479658499
5245;27,211;0,884706050808217
5246;27,215;0,744256464734415
5247;27,219;0,725305246223707
5248;27,223;0,698562971214152
5249;27,227;0,727463579442982
5250;27,231;0,838380850004264
5251;27,236;0,777789593043639
5252;27,240;0,71693512471481
5253;27,244;0,75262658624331
5254;27,248;0,788791828234578
5255;27,252;0,734886140026342
5256;27,256;0,737886749623871
5257;27,260;0,740413578758632
5258;27,264;0,72920077447313
5259;27,269;0,687297524655009
5260;27,273;0,685665614172142
5261;27,277;0,772367438858631
5262;27,281;0,752100163506902
5263;27,285;0,721883498437051
5264;27,289;0,737412969161103
5265;27,293;0,742835123346111
5266;27,297;0,732991018175271
5267;27,302;0,662818867412011
5268;27,306;0,863649141351875
5269;27,310;0,745993659764563
5270;27,314;0,796109104270657
5271;27,318;0,68366520777379
5272;27,322;0,752363374875106
5273;27,326;0,677190208115965
5274;27,330;0,668872728880709
5275;27,335;0,846803613786801
5276;27,339;0,73288573362799
5277;27,343;0,788370690045451
5278;27,347;0,789949958254677
5279;27,351;0,74030829421135
5280;27,355;0,710354840509704
5281;27,359;0,715250571958303
5282;27,363;0,686507890550396
5283;27,368;0,701932076727167
5284;27,372;0,740097725116787
5285;27,376;0,747572927973788
5286;27,380;0,806848128093392
5287;27,384;0,775525975277083
5288;27,388;0,737044473245617
5289;27,392;0,836485728153193
5290;27,396;0,712144677813493
5291;27,400;0,767945487872799
5292;27,405;0,678980045419754
5293;27,409;0,727937359905749
5294;27,413;0,775210121635238
5295;27,417;0,768366626061926
5296;27,421;0,746941220690098
5297;27,425;0,726094880328319
5298;27,429;0,727463579442982
5299;27,433;0,752731870790592
5300;27,438;0,642498949786641
5301;27,442;0,731938172702454
5302;27,446;0,67134691574183
5303;27,450;0,767208496041828
5304;27,454;0,814849753686802
