#"+EI TIC Scan 60C_1ml-min_7C-min_1.d "
#Point;X(Minutes);Y(Counts)
0;6,591;0,577771578596109
1;6,595;0,537127703338554
2;6,599;0,511173534516396
3;6,603;0,558667897871229
4;6,607;0,519154000031781
5;6,612;0,529641602943591
6;6,616;0,544755050910779
7;6,620;0,538222368962345
8;6,624;0,563576237281133
9;6,628;0,531371880865068
10;6,632;0,504358358213435
11;6,636;0,541188559684878
12;6,640;0,527840701433482
13;6,645;0,539352346380453
14;6,649;0,504676164362278
15;6,653;0,560150993232495
16;6,657;0,551040550299003
17;6,661;0,493270454798255
18;6,665;0,518235893379568
19;6,669;0,560610046558601
20;6,673;0,562975936777763
21;6,677;0,518235893379568
22;6,682;0,504005240270276
23;6,686;0,509902309921025
24;6,690;0,504958658716805
25;6,694;0,473848967924532
26;6,698;0,481335068319494
27;6,702;0,480240402695702
28;6,706;0,464526654225144
29;6,710;0,486561213878241
30;6,715;0,474096150484743
31;6,719;0,482005992411495
32;6,723;0,475332063285798
33;6,727;0,483524399567077
34;6,731;0,485960913374872
35;6,735;0,469964670549787
36;6,739;0,508984203268813
37;6,743;0,474519892016533
38;6,748;0,486278719523715
39;6,752;0,443092395075417
40;6,756;0,426848969690121
41;6,760;0,465868502409147
42;6,764;0,45799397227671
43;6,768;0,396092396841007
44;6,772;0,486066848757819
45;6,776;0,466821920855675
46;6,781;0,454815910788283
47;6,785;0,496448516286682
48;6,789;0,48528998928287
49;6,793;0,458135219453974
50;6,797;0,417667903167998
51;6,801;0,493517637358466
52;6,805;0,444540178642367
53;6,809;0,441997729451626
54;6,814;0,448706970371639
55;6,818;0,455274964114389
56;6,822;0,421305017982531
57;6,826;0,424694950236854
58;6,830;0,41141771557409
59;6,834;0,399658888066909
60;6,838;0,437795625928038
61;6,842;0,415796378069257
62;6,846;0,422999984109693
63;6,851;0,424024026144853
64;6,855;0,435076617765717
65;6,859;0,418268203671367
66;6,863;0,409687437652613
67;6,867;0,427661140959386
68;6,871;0,435924100829298
69;6,875;0,410711479687773
70;6,879;0,429497354263811
71;6,884;0,40032981215891
72;6,888;0,418056332905472
73;6,892;0,450649119059011
74;6,896;0,417703214962313
75;6,900;0,461984205034403
76;6,904;0,404531915682498
77;6,908;0,396622073755745
78;6,912;0,39930577012375
79;6,917;0,42677834610149
80;6,921;0,383627333447508
81;6,925;0,411099909425248
82;6,929;0,38924190874373
83;6,933;0,395774590692164
84;6,937;0,424659638442538
85;6,941;0,411453027368406
86;6,945;0,380343336576133
87;6,950;0,38412169856793
88;6,954;0,409299007915139
89;6,958;0,375611556137808
90;6,962;0,393444012267317
91;6,966;0,367631090622423
92;6,970;0,378966176597815
93;6,974;0,345984960706801
94;6,978;0,390583756927733
95;6,983;0,377306522264969
96;6,987;0,361380903028516
97;6,991;0,359332818958196
98;6,995;0,359509377929775
99;6,999;0,333484585518986
100;7,003;0,369008250600742
101;7,007;0,369785110075691
102;7,011;0,323032294401492
103;7,015;0,372115688500538
104;7,020;0,344254682785324
105;7,024;0,357178799504929
106;7,028;0,338957913637945
107;7,032;0,326987215364868
108;7,036;0,339275719786787
109;7,040;0,358626583071879
110;7,044;0,362581504035255
111;7,048;0,352482330860919
112;7,053;0,334332068582567
113;7,057;0,312120949957891
114;7,061;0,350045817053125
115;7,065;0,326916591776236
116;7,069;0,354812909285766
117;7,073;0,328293751754555
118;7,077;0,340229138233316
119;7,081;0,366571736792948
120;7,086;0,345596530969326
121;7,090;0,323067606195807
122;7,094;0,339840708495841
123;7,098;0,35230577188934
124;7,102;0,334226133199619
125;7,106;0,322891047224228
126;7,110;0,339275719786787
127;7,114;0,324939131294548
128;7,119;0,327658139456869
129;7,123;0,352023277534813
130;7,127;0,334932369085937
131;7,131;0,320878274948224
132;7,135;0,302798636258504
133;7,139;0,323667906699177
134;7,143;0,320277974444854
135;7,147;0,304352355208401
136;7,152;0,350822676528074
137;7,156;0,304352355208401
138;7,160;0,325080378471811
139;7,164;0,345102165848904
140;7,168;0,314804646325896
141;7,172;0,31332155096463
142;7,176;0,315722752978108
143;7,180;0,327587515868238
144;7,184;0,358026282568509
145;7,189;0,366430489615684
146;7,193;0,337863248014153
147;7,197;0,324126960025283
148;7,201;0,348315539131648
149;7,205;0,362334321475044
150;7,209;0,399164522946487
151;7,213;0,406579999752817
152;7,217;0,420598782096214
153;7,222;0,477839200682224
154;7,226;0,514775337536614
155;7,230;0,511597276048187
156;7,234;0,53861079869982
157;7,238;0,56693085774114
158;7,242;0,600830180284366
159;7,246;0,560221616821126
160;7,250;0,571132961264727
161;7,255;0,564388408550398
162;7,259;0,57699471912116
163;7,263;0,565553697762821
164;7,267;0,563646860869765
165;7,271;0,516329056486512
166;7,275;0,516752798018302
167;7,279;0,515728755983142
168;7,283;0,486102160552135
169;7,288;0,472930861272319
170;7,292;0,436559713126983
171;7,296;0,461030786587874
172;7,300;0,482429733943286
173;7,304;0,458876767134607
174;7,308;0,38864160824036
175;7,312;0,404920345419972
176;7,316;0,38164987296582
177;7,321;0,401601036754281
178;7,325;0,383627333447508
179;7,329;0,344925606877325
180;7,333;0,346479325827223
181;7,337;0,342771587424058
182;7,341;0,33754544186531
183;7,345;0,33055370659077
184;7,349;0,318512384729061
185;7,353;0,325998485124024
186;7,358;0,291322303105849
187;7,362;0,264803145574638
188;7,366;0,313180303787366
189;7,370;0,297289996345229
190;7,374;0,302410206521029
191;7,378;0,295630342012384
192;7,382;0,301386164485869
193;7,386;0,337262947510783
194;7,391;0,330412459413506
195;7,395;0,291286991311533
196;7,399;0,324126960025283
197;7,403;0,31084972536252
198;7,407;0,303999237265243
199;7,411;0,325115690266127
200;7,415;0,294111934856802
201;7,419;0,309119447441043
202;7,424;0,316499612453057
203;7,428;0,292628839495536
204;7,432;0,28150562428604
205;7,436;0,25198496423798
206;7,440;0,270982709579913
207;7,444;0,266039058375693
208;7,448;0,270912085991282
209;7,452;0,232245671215414
210;7,457;0,262260696383896
211;7,461;0,264555963014427
212;7,465;0,251631846294822
213;7,469;0,261413213320315
214;7,473;0,255163025726408
215;7,477;0,270029291133385
216;7,481;0,29301726923301
217;7,485;0,252655888329982
218;7,490;0,289415466212792
219;7,494;0,254103671896932
220;7,498;0,230797887648464
221;7,502;0,247147248416707
222;7,506;0,228643868195197
223;7,510;0,272924858267286
224;7,514;0,286060845752786
225;7,518;0,238954912135428
226;7,522;0,243722004368069
227;7,527;0,2642734686599
228;7,531;0,250890298614189
229;7,535;0,259930117959049
230;7,539;0,258976699512521
231;7,543;0,250643116053978
232;7,547;0,236483086533318
233;7,551;0,237930870100268
234;7,555;0,252479329358402
235;7,560;0,24252140336133
236;7,564;0,237895558305952
237;7,568;0,238778353163848
238;7,572;0,273454535182023
239;7,576;0,278610057152139
240;7,580;0,266639358879062
241;7,584;0,298949650678075
242;7,588;0,291887291814903
243;7,593;0,257917345683045
244;7,597;0,228855738961092
245;7,601;0,266392176318851
246;7,605;0,274302018245604
247;7,609;0,247606301742814
248;7,613;0,245770088438389
249;7,617;0,27288954647297
250;7,621;0,286272716518681
251;7,626;0,25011343913924
252;7,630;0,29813747940881
253;7,634;0,219851231410547
254;7,638;0,259435752838627
255;7,642;0,259294505661363
256;7,646;0,249972191961976
257;7,650;0,264485339425795
258;7,654;0,23432906708005
259;7,659;0,24192110285796
260;7,663;0,229844469201936
261;7,667;0,238884288546796
262;7,671;0,22613673079877
263;7,675;0,236200592178791
264;7,679;0,224229893905714
265;7,683;0,242238909006803
266;7,687;0,216178804801698
267;7,691;0,205479331123992
268;7,696;0,205373395741044
269;7,700;0,219992478587811
270;7,704;0,209610811058948
271;7,708;0,219533425261705
272;7,712;0,225465806706769
273;7,716;0,211764830512215
274;7,720;0,249760321196081
275;7,724;0,222464304189921
276;7,729;0,232669412747205
277;7,733;0,230586016882569
278;7,737;0,242238909006803
279;7,741;0,247570989948498
280;7,745;0,261836954852105
281;7,749;0,26120134255442
282;7,753;0,250749051436925
283;7,757;0,231998488655203
284;7,762;0,261766331263474
285;7,766;0,272077375203705
286;7,770;0,284154008859729
287;7,774;0,260989471788525
288;7,778;0,228502621017933
289;7,782;0,257069862619464
290;7,786;0,243616068985121
291;7,790;0,238707729575217
292;7,795;0,221334326771813
293;7,799;0,241673920297749
294;7,803;0,257811410300097
295;7,807;0,283341837590464
296;7,811;0,359968431255882
297;7,815;0,500579996221638
298;7,819;0,708425217564793
299;7,823;1,04501724098357
300;7,828;1,53528619326498
301;7,832;2,27676325030942
302;7,836;3,09698560867823
303;7,840;4,40521696449222
304;7,844;5,78707341145479
305;7,848;7,71234306114414
306;7,852;9,39999964688206
307;7,856;11,4144315772189
308;7,860;12,9651137128056
309;7,865;14,9859017661194
310;7,869;16,1090993197183
311;7,873;16,9911526299342
312;7,877;17,6852059472124
313;7,881;18,3115665547871
314;7,885;17,691985811721
315;7,889;17,5338595967746
316;7,893;16,6741233405664
317;7,898;15,8429543259596
318;7,902;15,1797282051192
319;7,906;14,1307207313779
320;7,910;12,7265119186134
321;7,914;11,6336118845375
322;7,918;10,6554398701938
323;7,922;9,99599211134515
324;7,926;8,92110109237036
325;7,931;8,04201397287701
326;7,935;7,27355870497526
327;7,939;6,60369396680338
328;7,943;5,7657097758937
329;7,947;5,1697173114306
330;7,951;4,71624324882632
331;7,955;4,18790818227242
332;7,959;3,78835522958846
333;7,964;3,26111482865835
334;7,968;2,92183910887156
335;7,972;2,671019433846
336;7,976;2,35074145940115
337;7,980;2,08590300203219
338;7,984;1,81749805343734
339;7,988;1,59842368150174
340;7,992;1,47257244656001
341;7,997;1,33686922100416
342;8,001;1,20992332043864
343;8,005;1,08753264133987
344;8,009;0,987035274716932
345;8,013;0,96768441143184
346;8,017;0,79921184075087
347;8,021;0,754542420941307
348;8,025;0,732154743345051
349;8,029;0,651961658453732
350;8,034;0,59669870034941
351;8,038;0,569791113080724
352;8,042;0,568908318222828
353;8,046;0,570567972555673
354;8,050;0,505982700751965
355;8,054;0,482712228297813
356;8,058;0,472083378208739
357;8,062;0,432286986014764
358;8,067;0,456369629738181
359;8,071;0,375399685371913
360;8,075;0,393903065593424
361;8,079;0,379319294540973
362;8,083;0,329459040966978
363;8,087;0,395138978394479
364;8,091;0,346973690947645
365;8,095;0,33874604287205
366;8,100;0,335850475738149
367;8,104;0,303857990087979
368;8,108;0,318830190877904
369;8,112;0,300927111159763
370;8,116;0,282741537087095
371;8,120;0,322149499543595
372;8,124;0,290686690808163
373;8,128;0,267734024502854
374;8,133;0,273701717742235
375;8,137;0,285178050894889
376;8,141;0,278751304329403
377;8,145;0,26162508408621
378;8,149;0,248595031983658
379;8,153;0,251208104763031
380;8,157;0,282988719647306
381;8,161;0,233552207605101
382;8,166;0,257493604151255
383;8,170;0,250643116053978
384;8,174;0,250325309905135
385;8,178;0,26162508408621
386;8,182;0,249972191961976
387;8,186;0,215472568915381
388;8,190;0,223276475459186
389;8,194;0,227266708216878
390;8,198;0,223453034430765
391;8,203;0,222605551367184
392;8,207;0,22920885690425
393;8,211;0,231680682506361
394;8,215;0,254598037017354
395;8,219;0,212753560753059
396;8,223;0,219709984233284
397;8,227;0,220451531913917
398;8,231;0,216461299156225
399;8,236;0,222923357516027
400;8,240;0,222888045721711
401;8,244;0,203007505521882
402;8,248;0,206997738279574
403;8,252;0,207138985456838
404;8,256;0,2066093085421
405;8,260;0,200394432742508
406;8,264;0,232916595307416
407;8,269;0,222605551367184
408;8,273;0,203254688082093
409;8,277;0,215931622241487
410;8,281;0,21624942839033
411;8,285;0,196121705630289
412;8,289;0,203466558847988
413;8,293;0,19287302055323
414;8,297;0,195203598978077
415;8,302;0,189977453419329
416;8,306;0,174404952126035
417;8,310;0,1883531108808
418;8,314;0,181855740726681
419;8,318;0,21052891771116
420;8,322;0,18528098477532
421;8,326;0,189271217533012
422;8,330;0,194285492325864
423;8,335;0,196510135367764
424;8,339;0,193791127205442
425;8,343;0,207421479811364
426;8,347;0,189694959064802
427;8,351;0,175005252629405
428;8,355;0,197251683048397
429;8,359;0,173769339828349
430;8,363;0,161268964640535
431;8,367;0,154206605777363
432;8,372;0,186975950902481
433;8,376;0,184574748889003
434;8,380;0,168225388120759
435;8,384;0,184115695562896
436;8,388;0,167695711206021
437;8,392;0,167554464028758
438;8,396;0,212223883838321
439;8,400;0,170202848602447
440;8,405;0,167695711206021
441;8,409;0,194285492325864
442;8,413;0,163352360505171
443;8,417;0,215472568915381
444;8,421;0,186481585782059
445;8,425;0,167519152234442
446;8,429;0,146190828467662
447;8,433;0,174652134686246
448;8,438;0,190436506745436
449;8,442;0,156501872407894
450;8,446;0,138422233718173
451;8,450;0,172356868055715
452;8,454;0,169637859893394
453;8,458;0,156113442670419
454;8,462;0,166459798404966
455;8,466;0,172427491644347
456;8,471;0,162963930767696
457;8,475;0,172286244467083
458;8,479;0,196157017424605
459;8,483;0,174864005452141
460;8,487;0,172039061906872
461;8,491;0,144319303368922
462;8,495;0,16847257068097
463;8,499;0,145519904375661
464;8,504;0,169178806567288
465;8,508;0,155548453961365
466;8,512;0,169178806567288
467;8,516;0,161551458995062
468;8,520;0,162999242562012
469;8,524;0,190860248277226
470;8,528;0,170414719368343
471;8,532;0,165930121490228
472;8,536;0,184998490420793
473;8,541;0,136586020413748
474;8,545;0,162434253852958
475;8,549;0,171332826020555
476;8,553;0,153994735011468
477;8,557;0,193614568233863
478;8,561;0,18817655190922
479;8,565;0,202725011167355
480;8,569;0,2328812835131
481;8,574;0,240543942879642
482;8,578;0,285637104220995
483;8,582;0,28440119141994
484;8,586;0,290227637482057
485;8,590;0,296795631224807
486;8,594;0,305199838271982
487;8,598;0,29771373787702
488;8,602;0,269146496275488
489;8,607;0,260071365136312
490;8,611;0,250289998110819
491;8,615;0,229985716379199
492;8,619;0,225430494912453
493;8,623;0,179948903833625
494;8,627;0,213671667405272
495;8,631;0,192767085170282
496;8,635;0,171474073197818
497;8,640;0,137645374243224
498;8,644;0,13912846960449
499;8,648;0,139658146519228
500;8,652;0,160562728754218
501;8,656;0,169567236304762
502;8,660;0,17708864849404
503;8,664;0,144566485929133
504;8,668;0,145767086935872
505;8,673;0,154630347309153
506;8,677;0,139234404987438
507;8,681;0,145308033609766
508;8,685;0,15286475759336
509;8,689;0,138951910632911
510;8,693;0,15593688369884
511;8,697;0,154983465252312
512;8,701;0,134573248137744
513;8,705;0,14587302231882
514;8,710;0,150640114551461
515;8,714;0,153712240656941
516;8,718;0,154065358600099
517;8,722;0,145731775141556
518;8,726;0,132984217393531
519;8,730;0,165259197398227
520;8,734;0,166283239433387
521;8,738;0,148733277658404
522;8,743;0,156713743173789
523;8,747;0,150463555579881
524;8,751;0,144531174134817
525;8,755;0,13768068603754
526;8,759;0,158903074421372
527;8,763;0,142377154681549
528;8,767;0,159750557484953
529;8,771;0,158761827244109
530;8,776;0,135809160938799
531;8,780;0,135456042995641
532;8,784;0,139375652164701
533;8,788;0,112397441307384
534;8,792;0,141847477766812
535;8,796;0,113739289491387
536;8,800;0,155301271401154
537;8,804;0,132842970216267
538;8,809;0,150463555579881
539;8,813;0,130794886145947
540;8,817;0,136762579385328
541;8,821;0,128146501572258
542;8,825;0,155795636521576
543;8,829;0,129241167196049
544;8,833;0,139658146519228
545;8,837;0,124332827786145
546;8,842;0,127687448246151
547;8,846;0,111973699775594
548;8,850;0,131359874855001
549;8,854;0,141988724944075
550;8,858;0,141317800852074
551;8,862;0,17359278085677
552;8,866;0,13008865025963
553;8,870;0,1518407155582
554;8,874;0,126839965182571
555;8,879;0,142447778270181
556;8,883;0,146155516673346
557;8,887;0,142942143390603
558;8,891;0,147603300240297
559;8,895;0,140187823433966
560;8,899;0,138775351661332
561;8,903;0,137327568094381
562;8,907;0,152476327855885
563;8,912;0,126734029799623
564;8,916;0,117835457632026
565;8,920;0,13828098654091
566;8,924;0,122037561155614
567;8,928;0,128393684132469
568;8,932;0,133513894308268
569;8,936;0,126945900565518
570;8,940;0,124015021637302
571;8,945;0,137009761945539
572;8,949;0,13503230146385
573;8,953;0,127299018508677
574;8,957;0,123803150871407
575;8,961;0,127687448246151
576;8,965;0,135915096321747
577;8,969;0,13418481840027
578;8,973;0,14732080588577
579;8,978;0,115116449469705
580;8,982;0,134255441988902
581;8,986;0,123026291396458
582;8,990;0,114163031023177
583;8,994;0,13171299279816
584;8,998;0,122849732424879
585;9,002;0,116458297653708
586;9,006;0,136797891179643
587;9,011;0,140505629582809
588;9,015;0,122037561155614
589;9,019;0,121755066801087
590;9,023;0,14262433724176
591;9,027;0,111514646449487
592;9,031;0,125815923147411
593;9,035;0,120801648354559
594;9,039;0,14032907061123
595;9,043;0,148132977155035
596;9,048;0,129806155905103
597;9,052;0,119636359142135
598;9,056;0,143507132099657
599;9,060;0,137892556803435
600;9,064;0,137292256300066
601;9,068;0,142730272624708
602;9,072;0,140682188554388
603;9,076;0,128852737458575
604;9,081;0,165365132781175
605;9,085;0,145555216169977
606;9,089;0,1335845178969
607;9,093;0,148274224332298
608;9,097;0,148486095098193
609;9,101;0,131395186649317
610;9,105;0,132666411244688
611;9,109;0,137715997831856
612;9,114;0,126910588771203
613;9,118;0,12659278262236
614;9,122;0,118365134546764
615;9,126;0,123202850368037
616;9,130;0,130653638968684
617;9,134;0,127722760040467
618;9,138;0,142094660327023
619;9,142;0,112291505924436
620;9,147;0,141070618291863
621;9,151;0,133231399953742
622;9,155;0,134537936343428
623;9,159;0,117270468922973
624;9,163;0,139693458313544
625;9,167;0,110102174676853
626;9,171;0,126451535445096
627;9,175;0,117623586866131
628;9,180;0,128181813366573
629;9,184;0,129594285139208
630;9,188;0,115434255618548
631;9,192;0,119777606319399
632;9,196;0,114975202292442
633;9,200;0,10526445885558
634;9,204;0,127334330302993
635;9,208;0,116599544830971
636;9,212;0,111090904917697
637;9,217;0,128676178486996
638;9,221;0,122814420630563
639;9,225;0,131465810237949
640;9,229;0,118223887369501
641;9,233;0,111267463889276
642;9,237;0,122990979602142
643;9,241;0,118930123255818
644;9,245;0,108795638287166
645;9,250;0,121401948857928
646;9,254;0,110243421854116
647;9,258;0,12864086669268
648;9,262;0,103286998373892
649;9,266;0,125498116998568
650;9,270;0,113138988988017
651;9,274;0,114127719228861
652;9,278;0,11550487920718
653;9,283;0,124368139580461
654;9,287;0,11328023616528
655;9,291;0,140293758816914
656;9,295;0,130865509734579
657;9,299;0,115434255618548
658;9,303;0,129876779493735
659;9,307;0,13768068603754
660;9,311;0,104558222969263
661;9,316;0,116811415596866
662;9,320;0,112785871044858
663;9,324;0,113845224874334
664;9,328;0,102368891721679
665;9,332;0,10773628445769
666;9,336;0,117093909951393
667;9,340;0,111338087477908
668;9,344;0,114410213583388
669;9,349;0,118612317106975
670;9,353;0,104487599380631
671;9,357;0,105335082444212
672;9,361;0,104169793231788
673;9,365;0,109078132641693
674;9,369;0,117623586866131
675;9,373;0,112574000278963
676;9,377;0,106924113188425
677;9,382;0,116458297653708
678;9,386;0,109572497762115
679;9,390;0,120695712971611
680;9,394;0,102157020955784
681;9,398;0,11695266277413
682;9,402;0,127334330302993
683;9,406;0,123450032928248
684;9,410;0,107771596252006
685;9,414;0,107524413691795
686;9,419;0,107630349074743
687;9,423;0,123414721133932
688;9,427;0,104946652706737
689;9,431;0,135597290172904
690;9,435;0,119459800170556
691;9,439;0,118541693518344
692;9,443;0,0890563452646001
693;9,447;0,0973193051345115
694;9,452;0,111302775683592
695;9,456;0,114551460760651
696;9,460;0,104346352203368
697;9,464;0,0990142712616728
698;9,468;0,107842219840638
699;9,472;0,124050333431618
700;9,476;0,108830950081482
701;9,480;0,124332827786145
702;9,485;0,117835457632026
703;9,489;0,104911340912421
704;9,493;0,135667913761536
705;9,497;0,115010514086758
706;9,501;0,110773098768854
707;9,505;0,103957922465893
708;9,509;0,124332827786145
709;9,513;0,108124714195165
710;9,518;0,125745299558779
711;9,522;0,114516148966336
712;9,526;0,116917350979814
713;9,530;0,122673173453299
714;9,534;0,116246426887813
715;9,538;0,114268966406124
716;9,542;0,101203602509256
717;9,546;0,105476329621475
718;9,551;0,107983467017901
719;9,555;0,122990979602142
720;9,559;0,0971427461629322
721;9,563;0,103569492728419
722;9,567;0,106182565507792
723;9,571;0,116670168419603
724;9,575;0,111267463889276
725;9,579;0,11900074684445
726;9,583;0,115540191001495
727;9,588;0,114798643320862
728;9,592;0,114657396143599
729;9,596;0,114339589994756
730;9,600;0,11285649463349
731;9,604;0,117341092511604
732;9,608;0,106535683450951
733;9,612;0,103392933756839
734;9,616;0,111726517215383
735;9,621;0,0933643841711351
736;9,625;0,0925169011075544
737;9,629;0,0949887267096647
738;9,633;0,0974605523117749
739;9,637;0,102827945047786
740;9,641;0,10568820038737
741;9,645;0,113986472051598
742;9,649;0,101062355331993
743;9,654;0,124438763169092
744;9,658;0,103569492728419
745;9,662;0,121331325269297
746;9,666;0,0980255410208287
747;9,670;0,0980961646094604
748;9,674;0,100709237388834
749;9,678;0,111444022860856
750;9,682;0,10586475935895
751;9,687;0,106570995245267
752;9,691;0,0882441739953353
753;9,695;0,107383166514532
754;9,699;0,0842892530319589
755;9,703;0,10134484968652
756;9,707;0,100532678417255
757;9,711;0,0968249400140894
758;9,715;0,0955537154187184
759;9,720;0,105052588089685
760;9,724;0,112750559250542
761;9,728;0,10074454918315
762;9,732;0,0961893277164039
763;9,736;0,107630349074743
764;9,740;0,104063857848841
765;9,744;0,10074454918315
766;9,748;0,103428245551155
767;9,752;0,0977077348719859
768;9,757;0,10116829071494
769;9,761;0,0968955636027211
770;9,765;0,0876438734919657
771;9,769;0,0967190046311418
772;9,773;0,100285495857044
773;9,777;0,0956949625959819
774;9,781;0,114410213583388
775;9,785;0,106006006536213
776;9,790;0,116846727391182
777;9,794;0,0889857216759684
778;9,798;0,0872201319601754
779;9,802;0,10381667528863
780;9,806;0,12087227194319
781;9,810;0,0913163001008152
782;9,814;0,13930502857607
783;9,818;0,14569646334724
784;9,823;0,177406454642883
785;9,827;0,154559723720521
786;9,831;0,143189325950814
787;9,835;0,14587302231882
788;9,839;0,162434253852958
789;9,843;0,174263704948771
790;9,847;0,160633352342849
791;9,851;0,158161526740739
792;9,856;0,12496844008383
793;9,860;0,136021031704695
794;9,864;0,113350859753912
795;9,868;0,109395938790536
796;9,872;0,123767839077091
797;9,876;0,103110439402313
798;9,880;0,089586022179338
799;9,884;0,121013519120454
800;9,889;0,107842219840638
801;9,893;0,106818177805478
802;9,897;0,116740792008235
803;9,901;0,106606307039583
804;9,905;0,0934703195540827
805;9,909;0,0980255410208287
806;9,913;0,102121709161468
807;9,917;0,10176859121831
808;9,921;0,102510138898943
809;9,926;0,0776153239062613
810;9,930;0,0983433471696714
811;9,934;0,0798399669481605
812;9,938;0,0824177279332183
813;9,942;0,0979549174321969
814;9,946;0,0980961646094604
815;9,950;0,0921637831643958
816;9,954;0,0948474795324012
817;9,959;0,100921108154729
818;9,963;0,116564233036655
819;9,967;0,0998264425309375
820;9,971;0,111514646449487
821;9,975;0,10032080765136
822;9,979;0,0982727235810397
823;9,983;0,0942824908233475
824;9,987;0,089338839619127
825;9,992;0,119071370433081
826;9,996;0,0949887267096647
827;10,000;0,0953418446528233
828;10,004;0,08453643559217
829;10,008;0,103357621962524
830;10,012;0,0844658120035382
831;10,016;0,106253189096424
832;10,020;0,100532678417255
833;10,025;0,102722009664838
834;10,029;0,10116829071494
835;10,033;0,0933643841711351
836;10,037;0,104169793231788
837;10,041;0,0870788847829119
838;10,045;0,0937528139086096
839;10,049;0,095906833361877
840;10,053;0,0724598019361457
841;10,058;0,0964011984822991
842;10,062;0,0886326037328098
843;10,066;0,0805815146287936
844;10,070;0,098202099992408
845;10,074;0,10381667528863
846;10,078;0,0818527392241646
847;10,082;0,101450785069467
848;10,086;0,0927993954620813
849;10,090;0,103145751196628
850;10,095;0,0841126940603796
851;10,099;0,0994027009991472
852;10,103;0,0921637831643958
853;10,107;0,100991731743361
854;10,111;0,0811111915435315
855;10,115;0,0910338057462883
856;10,119;0,0726010491134091
857;10,123;0,100391431239991
858;10,128;0,0836183289399576
859;10,132;0,0826295986991135
860;10,136;0,0937175021142937
861;10,140;0,079981214125424
862;10,144;0,102051085572837
863;10,148;0,086796390428385
864;10,152;0,0905041288315504
865;10,156;0,101627344041046
866;10,161;0,0935409431427144
867;10,165;0,0797693433595288
868;10,169;0,101486096863783
869;10,173;0,0750728747155194
870;10,177;0,0786746777357371
871;10,181;0,0911750529235517
872;10,185;0,0967190046311418
873;10,189;0,121013519120454
874;10,194;0,0937528139086096
875;10,198;0,0907513113917614
876;10,202;0,0943531144119792
877;10,206;0,0884560447612305
878;10,210;0,0786746777357371
879;10,214;0,0957302743902977
880;10,218;0,0965777574538784
881;10,222;0,103075127607997
882;10,227;0,0841126940603796
883;10,231;0,09212847137008
884;10,235;0,0811465033378474
885;10,239;0,0797693433595288
886;10,243;0,102757321459154
887;10,247;0,0935409431427144
888;10,251;0,0885266683498622
889;10,255;0,0872201319601754
890;10,259;0,086302025307963
891;10,264;0,091351611895131
892;10,268;0,0689992460931914
893;10,272;0,101733279423994
894;10,276;0,0778978182607882
895;10,280;0,0888444744987049
896;10,284;0,0903628816542869
897;10,288;0,0881029268180719
898;10,292;0,0879969914351243
899;10,297;0,0797693433595288
900;10,301;0,0990495830559886
901;10,305;0,0776506357005772
902;10,309;0,0824177279332183
903;10,313;0,0792396664447909
904;10,317;0,0673749035546618
905;10,321;0,0718948132270919
906;10,325;0,0926581482848179
907;10,330;0,0732366614110946
908;10,334;0,0748963157439401
909;10,338;0,0819586746071121
910;10,342;0,108195337783796
911;10,346;0,0933643841711351
912;10,350;0,098202099992408
913;10,354;0,136021031704695
914;10,358;0,224441764671609
915;10,363;0,312262197135154
916;10,367;0,488927104097404
917;10,371;0,747762556432661
918;10,375;1,0688880139411
919;10,379;1,53348529175487
920;10,383;2,13216145258597
921;10,387;2,89193001908603
922;10,391;3,62846342492624
923;10,396;4,40260389171285
924;10,400;5,14305690672213
925;10,404;5,67856026752215
926;10,408;6,02214402621548
927;10,412;6,26247609832922
928;10,416;6,36975332946081
929;10,420;6,09640472966173
930;10,424;5,76599227024822
931;10,428;5,27565269437819
932;10,433;4,67969554170941
933;10,437;4,08726956847222
934;10,441;3,63662044941321
935;10,445;3,05821325851941
936;10,449;2,47362650362034
937;10,453;2,12471066398532
938;10,457;1,80520954901542
939;10,461;1,48362503818088
940;10,466;1,28891580432322
941;10,470;1,07443196564869
942;10,474;0,983115665547871
943;10,478;0,795786596702232
944;10,482;0,696737013646243
945;10,486;0,570567972555673
946;10,490;0,537021767955606
947;10,494;0,474449268427901
948;10,499;0,460465797878821
949;10,503;0,387264448262042
950;10,507;0,343054081778584
951;10,511;0,311308778688626
952;10,515;0,273842964919498
953;10,519;0,295241912274909
954;10,523;0,28704957599363
955;10,527;0,260812912816945
956;10,532;0,217202846836858
957;10,536;0,236942139859424
958;10,540;0,237577752157109
959;10,544;0,223488346225081
960;10,548;0,206079631627362
961;10,552;0,184539437094687
962;10,556;0,176205853636144
963;10,560;0,17401652238856
964;10,565;0,148203600743666
965;10,569;0,158867762627056
966;10,573;0,144566485929133
967;10,577;0,165223885603911
968;10,581;0,138175051157962
969;10,585;0,132772346627635
970;10,589;0,154418476543258
971;10,593;0,147144246914191
972;10,597;0,14484898028366
973;10,602;0,127263706714361
974;10,606;0,105617576798739
975;10,610;0,143048078773551
976;10,614;0,109749056733694
977;10,618;0,121190078092033
978;10,622;0,0940706200574523
979;10,626;0,10936062699622
980;10,630;0,129558973344892
981;10,635;0,0909984939519724
982;10,639;0,109749056733694
983;10,643;0,110243421854116
984;10,647;0,0876438734919657
985;10,651;0,120095412468241
986;10,655;0,100921108154729
987;10,659;0,107806908046322
988;10,663;0,0988024004957776
989;10,668;0,0968955636027211
990;10,672;0,115081137675389
991;10,676;0,0925522129018703
992;10,680;0,101874526601257
993;10,684;0,104028546054525
994;10,688;0,111797140804014
995;10,692;0,0800165259197398
996;10,696;0,0847129945637493
997;10,701;0,0907866231860773
998;10,705;0,0903981934486028
999;10,709;0,0901156990940759
1000;10,713;0,0897978929452332
1001;10,717;0,112150258747173
1002;10,721;0,0876791852862815
1003;10,725;0,0950240385039805
1004;10,729;0,0812171269264791
1005;10,734;0,0811111915435315
1006;10,738;0,0811111915435315
1007;10,742;0,0957655861846136
1008;10,746;0,0682930102068741
1009;10,750;0,0794162254163702
1010;10,754;0,0945649851778743
1011;10,758;0,0937528139086096
1012;10,762;0,0918106652212372
1013;10,766;0,090610064214498
1014;10,771;0,101274226097888
1015;10,775;0,0927287718734496
1016;10,779;0,0730247906451995
1017;10,783;0,0776153239062613
1018;10,787;0,0836889525285893
1019;10,791;0,0805108910401619
1020;10,795;0,0831239638195355
1021;10,799;0,0637024769458123
1022;10,804;0,071117953752143
1023;10,808;0,0812877505151108
1024;10,812;0,0827002222877452
1025;10,816;0,0708001476033002
1026;10,820;0,0836536407342734
1027;10,824;0,0802637084799508
1028;10,828;0,0788159249130006
1029;10,832;0,0612659631380179
1030;10,837;0,0736250911485691
1031;10,841;0,0949181031210329
1032;10,845;0,0795574725936336
1033;10,849;0,080722761806057
1034;10,853;0,0808286971890046
1035;10,857;0,0812877505151108
1036;10,861;0,0712238891350906
1037;10,865;0,0890563452646001
1038;10,870;0,0584763313870649
1039;10,874;0,0811818151321632
1040;10,878;0,0777918828778406
1041;10,882;0,0712945127237223
1042;10,886;0,0674455271432935
1043;10,890;0,0682223866182424
1044;10,894;0,0921637831643958
1045;10,898;0,0673042799660301
1046;10,903;0,0813936858980584
1047;10,907;0,0631374882367585
1048;10,911;0,0769797116085758
1049;10,915;0,0702704706885623
1050;10,919;0,0908219349803931
1051;10,923;0,0651149487184467
1052;10,927;0,0717888778441443
1053;10,931;0,0805108910401619
1054;10,935;0,0673395917603459
1055;10,940;0,0687167517386645
1056;10,944;0,0639143477117075
1057;10,948;0,0753553690700462
1058;10,952;0,0782862479982627
1059;10,956;0,0918812888098689
1060;10,960;0,0589000729188553
1061;10,964;0,0930818898166082
1062;10,968;0,0979902292265128
1063;10,973;0,0863726488965947
1064;10,977;0,0777565710835248
1065;10,981;0,118012016603606
1066;10,985;0,0879616796408084
1067;10,989;0,104699470146526
1068;10,993;0,0971427461629322
1069;10,997;0,106924113188425
1070;11,001;0,12412095702025
1071;11,006;0,104558222969263
1072;11,010;0,0776153239062613
1073;11,014;0,0993673892048314
1074;11,018;0,106323812685056
1075;11,022;0,0762734757222586
1076;11,026;0,0823117925502708
1077;11,030;0,115293008441284
1078;11,034;0,0759556695734159
1079;11,039;0,0858076601875409
1080;11,043;0,0853132950671189
1081;11,047;0,0843598766205907
1082;11,051;0,0875379381090181
1083;11,055;0,06176032825844
1084;11,059;0,0646558953923405
1085;11,063;0,082241168961639
1086;11,067;0,0679398922637155
1087;11,072;0,0729188552622519
1088;11,076;0,0719654368157236
1089;11,080;0,077438764934682
1090;11,084;0,0611600277550703
1091;11,088;0,0821705453730073
1092;11,092;0,0690345578875072
1093;11,096;0,078462806969842
1094;11,100;0,0707648358089844
1095;11,104;0,0729541670565677
1096;11,109;0,0864432724852264
1097;11,113;0,074401950623518
1098;11,117;0,0533561212112652
1099;11,121;0,0937528139086096
1100;11,125;0,0683636337955059
1101;11,129;0,0756378634245731
1102;11,133;0,068575504561401
1103;11,137;0,0849601771239603
1104;11,142;0,0869729493999643
1105;11,146;0,0659977435763432
1106;11,150;0,0784274951755261
1107;11,154;0,089091657058916
1108;11,158;0,047317804383253
1109;11,162;0,0807580736003729
1110;11,166;0,0581585252382222
1111;11,170;0,065291507690026
1112;11,175;0,0705882768374051
1113;11,179;0,0702704706885623
1114;11,183;0,0750728747155194
1115;11,187;0,059465061627909
1116;11,191;0,0721419957873029
1117;11,195;0,0783921833812102
1118;11,199;0,0815349330753218
1119;11,203;0,0662449261365542
1120;11,208;0,0642674656548661
1121;11,212;0,0760262931620476
1122;11,216;0,067833956880768
1123;11,220;0,0637024769458123
1124;11,224;0,0706942122203527
1125;11,228;0,0704470296601416
1126;11,232;0,0536033037714762
1127;11,236;0,0521202084102101
1128;11,241;0,0629256174708634
1129;11,245;0,075673175218889
1130;11,249;0,0495071356308364
1131;11,253;0,0795574725936336
1132;11,257;0,0723538665531981
1133;11,261;0,0856664130102775
1134;11,265;0,0810405679548998
1135;11,269;0,0758497341904683
1136;11,273;0,0880323032294402
1137;11,278;0,0817114920469011
1138;11,282;0,0718948132270919
1139;11,286;0,0728482316736201
1140;11,290;0,0842539412376431
1141;11,294;0,0880323032294402
1142;11,298;0,094141243646084
1143;11,302;0,0774740767289979
1144;11,306;0,0775800121119455
1145;11,311;0,0862314017193313
1146;11,315;0,0836889525285893
1147;11,319;0,0790277956788957
1148;11,323;0,0775800121119455
1149;11,327;0,0790277956788957
1150;11,331;0,0799459023311081
1151;11,335;0,0670217856115032
1152;11,339;0,0817821156355329
1153;11,344;0,0833005227911148
1154;11,348;0,109148756230325
1155;11,352;0,146332075644926
1156;11,356;0,133725765074164
1157;11,360;0,184998490420793
1158;11,364;0,197181059459765
1159;11,368;0,214907580206327
1160;11,372;0,206962426485258
1161;11,377;0,189942141625013
1162;11,381;0,159997740045164
1163;11,385;0,153570993479677
1164;11,389;0,136621332208064
1165;11,393;0,102510138898943
1166;11,397;0,0737663383258325
1167;11,401;0,0763440993108903
1168;11,405;0,0931878251995558
1169;11,410;0,0912456765121835
1170;11,414;0,0646205835980247
1171;11,418;0,096930875397037
1172;11,422;0,0931878251995558
1173;11,426;0,0816055566639535
1174;11,430;0,0734485321769898
1175;11,434;0,0803696438628984
1176;11,438;0,0623606287618096
1177;11,442;0,0787453013243688
1178;11,447;0,0795574725936336
1179;11,451;0,0673395917603459
1180;11,455;0,0825942869047976
1181;11,459;0,0849954889182762
1182;11,463;0,0757084870132048
1183;11,467;0,0762381639279427
1184;11,471;0,0648677661582357
1185;11,475;0,0759909813677317
1186;11,480;0,0699173527454037
1187;11,484;0,0824883515218501
1188;11,488;0,074649133183729
1189;11,492;0,072883543467936
1190;11,496;0,0611247159607545
1191;11,500;0,0610894041664386
1192;11,504;0,0620428226129668
1193;11,508;0,0745431978007814
1194;11,513;0,0581938370325381
1195;11,517;0,0645146482150771
1196;11,521;0,0758850459847842
1197;11,525;0,0716476306668809
1198;11,529;0,0696701701851927
1199;11,533;0,0512727253466294
1200;11,537;0,0697054819795086
1201;11,541;0,0577347837064319
1202;11,546;0,069846729156772
1203;11,550;0,0794162254163702
1204;11,554;0,0519083376443149
1205;11,558;0,063773100534444
1206;11,562;0,0600300503369628
1207;11,566;0,0744725742121497
1208;11,570;0,0826295986991135
1209;11,574;0,0594297498335932
1210;11,579;0,0694229876249817
1211;11,583;0,0809699443662681
1212;11,587;0,0661389907536067
1213;11,591;0,0760969167506793
1214;11,595;0,0618309518470717
1215;11,599;0,081993986401428
1216;11,603;0,0500368125455743
1217;11,607;0,0669511620228714
1218;11,611;0,0635965415628647
1219;11,616;0,0812171269264791
1220;11,620;0,0682576984125583
1221;11,624;0,0845011237978541
1222;11,628;0,0525792617363162
1223;11,632;0,0616190810811765
1224;11,636;0,0603831682801214
1225;11,640;0,0718595014327761
1226;11,644;0,0740488326803594
1227;11,649;0,0877144970805974
1228;11,653;0,0746844449780449
1229;11,657;0,0736250911485691
1230;11,661;0,0855251658330141
1231;11,665;0,103286998373892
1232;11,669;0,0595709970108566
1233;11,673;0,072883543467936
1234;11,677;0,0737663383258325
1235;11,682;0,0909631821576566
1236;11,686;0,0783568715868944
1237;11,690;0,0585822667700125
1238;11,694;0,0713298245180382
1239;11,698;0,0791337310618433
1240;11,702;0,0722126193759347
1241;11,706;0,0720713721986712
1242;11,710;0,0620428226129668
1243;11,715;0,0651502605127626
1244;11,719;0,0738016501201484
1245;11,723;0,0638084123287599
1246;11,727;0,0632081118253902
1247;11,731;0,095906833361877
1248;11,735;0,0537798627430555
1249;11,739;0,0664567969024494
1250;11,743;0,0808640089833205
1251;11,748;0,0890563452646001
1252;11,752;0,0691758050647707
1253;11,756;0,077191582374471
1254;11,760;0,0677280214978204
1255;11,764;0,0953771564471391
1256;11,768;0,0983786589639873
1257;11,772;0,0998970661195693
1258;11,776;0,0961540159220881
1259;11,780;0,132595787656056
1260;11,785;0,118117951986553
1261;11,789;0,160986470286008
1262;11,793;0,183444771470895
1263;11,797;0,180125462805204
1264;11,801;0,186587521165007
1265;11,805;0,205020277797886
1266;11,809;0,235564979881105
1267;11,813;0,225077376969295
1268;11,818;0,204914342414938
1269;11,822;0,252867759095877
1270;11,826;0,193084891319125
1271;11,830;0,191778354929438
1272;11,834;0,169920354247921
1273;11,838;0,148309536126614
1274;11,842;0,154453788337574
1275;11,846;0,124262204197513
1276;11,851;0,139481587547649
1277;11,855;0,112679935661911
1278;11,859;0,0678692686750838
1279;11,863;0,101733279423994
1280;11,867;0,107277231131584
1281;11,871;0,0813230623094267
1282;11,875;0,0810052561605839
1283;11,879;0,0670924092001349
1284;11,884;0,0738016501201484
1285;11,888;0,0663508615195018
1286;11,892;0,0760616049563635
1287;11,896;0,0661036789592908
1288;11,900;0,0612659631380179
1289;11,904;0,0553335816929534
1290;11,908;0,0794162254163702
1291;11,912;0,0645499600093929
1292;11,917;0,0466468802912517
1293;11,921;0,0650796369241309
1294;11,925;0,0617250164641241
1295;11,929;0,0571344832030622
1296;11,933;0,0717182542555126
1297;11,937;0,0576641601178001
1298;11,941;0,0791337310618433
1299;11,945;0,0573110421746415
1300;11,949;0,0720360604043554
1301;11,954;0,0708354593976161
1302;11,958;0,0619015754357034
1303;11,962;0,0555454524588485
1304;11,966;0,0611600277550703
1305;11,970;0,0591472554790663
1306;11,974;0,0636318533571806
1307;11,978;0,0641968420662343
1308;11,982;0,0679045804693997
1309;11,987;0,0556513878417961
1310;11,991;0,0532854976226334
1311;11,995;0,0624665641447572
1312;11,999;0,0730601024395153
1313;12,003;0,0778978182607882
1314;12,007;0,068575504561401
1315;12,011;0,0744725742121497
1316;12,015;0,0877144970805974
1317;12,020;0,0730954142338312
1318;12,024;0,054909840161163
1319;12,028;0,0537445509487396
1320;12,032;0,06176032825844
1321;12,036;0,0571697949973781
1322;12,040;0,0661743025479225
1323;12,044;0,0456228382560917
1324;12,048;0,06176032825844
1325;12,053;0,0554042052815851
1326;12,057;0,059465061627909
1327;12,061;0,0578760308836953
1328;12,065;0,0714004481066699
1329;12,069;0,050107436134206
1330;12,073;0,0652561958957101
1331;12,077;0,0699526645397196
1332;12,081;0,0572757303803257
1333;12,086;0,0618662636413875
1334;12,090;0,0647265189809722
1335;12,094;0,0567460534655878
1336;12,098;0,0687520635329803
1337;12,102;0,0581938370325381
1338;12,106;0,0603125446914897
1339;12,110;0,0633140472083378
1340;12,114;0,0549804637497948
1341;12,118;0,0668452266399239
1342;12,123;0,0686814399443486
1343;12,127;0,0640909066832867
1344;12,131;0,0447047316038794
1345;12,135;0,077191582374471
1346;12,139;0,0712945127237223
1347;12,143;0,0533561212112652
1348;12,147;0,0507430484318915
1349;12,151;0,0642674656548661
1350;12,156;0,0644087128321295
1351;12,160;0,0602066093085421
1352;12,164;0,0788159249130006
1353;12,168;0,0742253916519387
1354;12,172;0,0651502605127626
1355;12,176;0,093646878525662
1356;12,180;0,0839361350888003
1357;12,184;0,0810405679548998
1358;12,189;0,0867610786340692
1359;12,193;0,0834417699683783
1360;12,197;0,0825942869047976
1361;12,201;0,0891622806475477
1362;12,205;0,0970721225743004
1363;12,209;0,101839214806942
1364;12,213;0,0675161507319252
1365;12,217;0,0798399669481605
1366;12,222;0,0585116431813808
1367;12,226;0,0701292235112989
1368;12,230;0,0862667135136471
1369;12,234;0,048341846418413
1370;12,238;0,0768737762256282
1371;12,242;0,0535679919771603
1372;12,246;0,0656799374275005
1373;12,250;0,0573110421746415
1374;12,255;0,080722761806057
1375;12,259;0,0558279468133754
1376;12,263;0,0526851971192638
1377;12,267;0,0873966909317547
1378;12,271;0,054415475040741
1379;12,275;0,0429038300937705
1380;12,279;0,057452289351905
1381;12,283;0,045799397227671
1382;12,287;0,0571697949973781
1383;12,292;0,0618309518470717
1384;12,296;0,048341846418413
1385;12,300;0,050107436134206
1386;12,304;0,0563929355224292
1387;12,308;0,0539211099203189
1388;12,312;0,0644087128321295
1389;12,316;0,0546273458066361
1390;12,320;0,064797142569604
1391;12,325;0,0557220114304278
1392;12,329;0,0502133715171536
1393;12,333;0,0674808389376094
1394;12,337;0,0609481569891752
1395;12,341;0,070093911716983
1396;12,345;0,0548392165725313
1397;12,349;0,0680458276466631
1398;12,353;0,0598888031596994
1399;12,358;0,0737663383258325
1400;12,362;0,0599947385426469
1401;12,366;0,0654680666616053
1402;12,370;0,0749316275382559
1403;12,374;0,0637024769458123
1404;12,378;0,0590060083018028
1405;12,382;0,072883543467936
1406;12,386;0,0783921833812102
1407;12,391;0,0597475559824359
1408;12,395;0,0525792617363162
1409;12,399;0,0422329060017691
1410;12,403;0,0554395170759009
1411;12,407;0,0489421469217826
1412;12,411;0,0573816657632733
1413;12,415;0,0588647611245394
1414;12,419;0,0555807642531644
1415;12,424;0,0553335816929534
1416;12,428;0,0507783602262074
1417;12,432;0,0578407190893794
1418;12,436;0,0626078113220206
1419;12,440;0,06073628622328
1420;12,444;0,0661036789592908
1421;12,448;0,0753906808643621
1422;12,452;0,0625371877333889
1423;12,456;0,070870771191932
1424;12,461;0,0626784349106523
1425;12,465;0,0612306513437021
1426;12,469;0,0854545422443823
1427;12,473;0,0673395917603459
1428;12,477;0,0631728000310744
1429;12,481;0,0790631074732116
1430;12,485;0,0783568715868944
1431;12,489;0,0694936112136134
1432;12,494;0,0732719732054105
1433;12,498;0,103286998373892
1434;12,502;0,0900097637111283
1435;12,506;0,0786746777357371
1436;12,510;0,0902216344770235
1437;12,514;0,104346352203368
1438;12,518;0,10978436852801
1439;12,522;0,086302025307963
1440;12,527;0,114163031023177
1441;12,531;0,0956949625959819
1442;12,535;0,102722009664838
1443;12,539;0,0696701701851927
1444;12,543;0,0815349330753218
1445;12,547;0,118365134546764
1446;12,551;0,0883854211725988
1447;12,555;0,0557220114304278
1448;12,560;0,0714004481066699
1449;12,564;0,0554042052815851
1450;12,568;0,0623253169674937
1451;12,572;0,0667746030512922
1452;12,576;0,0336168281886992
1453;12,580;0,0811111915435315
1454;12,584;0,0847129945637493
1455;12,588;0,0849954889182762
1456;12,593;0,0554748288702168
1457;12,597;0,0769090880199441
1458;12,601;0,0639849713003392
1459;12,605;0,0817114920469011
1460;12,609;0,057946654472327
1461;12,613;0,0671983445830825
1462;12,617;0,0594297498335932
1463;12,621;0,0494718238365205
1464;12,625;0,065044325129815
1465;12,630;0,06176032825844
1466;12,634;0,0663508615195018
1467;12,638;0,0656799374275005
1468;12,642;0,0640555948889709
1469;12,646;0,0692111168590865
1470;12,650;0,0585469549756967
1471;12,654;0,0681517630296107
1472;12,658;0,0504252422830488
1473;12,663;0,0629256174708634
1474;12,667;0,0571697949973781
1475;12,671;0,0483771582127288
1476;12,675;0,0768031526369965
1477;12,679;0,0397610803996589
1478;12,683;0,0516611550841039
1479;12,687;0,0534267447998969
1480;12,691;0,0587941375359077
1481;12,696;0,0634199825912854
1482;12,700;0,0583703960041174
1483;12,704;0,0658564963990798
1484;12,708;0,0539917335089507
1485;12,712;0,057699471912116
1486;12,716;0,0653268194843419
1487;12,720;0,0518024022613673
1488;12,724;0,0750375629212035
1489;12,729;0,064020283094655
1490;12,733;0,0760616049563635
1491;12,737;0,0525439499420004
1492;12,741;0,0703057824828782
1493;12,745;0,0686814399443486
1494;12,749;0,0896919575622856
1495;12,753;0,0723538665531981
1496;12,757;0,0593591262449615
1497;12,762;0,0739782090917277
1498;12,766;0,0695289230079293
1499;12,770;0,0593238144506456
1500;12,774;0,0820292981957439
1501;12,778;0,0607009744289641
1502;12,782;0,0991202066446203
1503;12,786;0,0909278703633407
1504;12,790;0,0840420704717479
1505;12,794;0,081746803841217
1506;12,799;0,0798399669481605
1507;12,803;0,0841833176490114
1508;12,807;0,1021923327501
1509;12,811;0,06832832200119
1510;12,815;0,0723538665531981
1511;12,819;0,0735897793542532
1512;12,823;0,0645852718037088
1513;12,827;0,0925522129018703
1514;12,832;0,066562732285397
1515;12,836;0,0758850459847842
1516;12,840;0,0944590497949268
1517;12,844;0,094141243646084
1518;12,848;0,077685947494893
1519;12,852;0,0752847454814145
1520;12,856;0,0592885026563297
1521;12,860;0,0532148740340017
1522;12,865;0,0581232134439063
1523;12,869;0,0724951137304615
1524;12,873;0,0621487579959144
1525;12,877;0,0414207347325043
1526;12,881;0,05416829248053
1527;12,885;0,0623606287618096
1528;12,889;0,0701998470999306
1529;12,893;0,0708354593976161
1530;12,898;0,0562516883451657
1531;12,902;0,0643734010378136
1532;12,906;0,0681517630296107
1533;12,910;0,0633140472083378
1534;12,914;0,0607715980175959
1535;12,918;0,0624665641447572
1536;12,922;0,0553688934872692
1537;12,926;0,0497896299853633
1538;12,931;0,0575582247348526
1539;12,935;0,0637024769458123
1540;12,939;0,063278735414022
1541;12,943;0,0571697949973781
1542;12,947;0,0681870748239266
1543;12,951;0,0610187805778069
1544;12,955;0,0626431231163365
1545;12,959;0,0535679919771603
1546;12,963;0,0680105158523473
1547;12,968;0,0536386155657921
1548;12,972;0,0662449261365542
1549;12,976;0,0637377887401281
1550;12,980;0,0584057077984332
1551;12,984;0,0558632586076913
1552;12,988;0,0652208841013943
1553;12,992;0,0476356105320958
1554;12,996;0,0543448514521093
1555;13,001;0,0497896299853633
1556;13,005;0,0784274951755261
1557;13,009;0,0483065346240971
1558;13,013;0,0606303508403324
1559;13,017;0,0768384644313124
1560;13,021;0,0532854976226334
1561;13,025;0,0537092391544238
1562;13,029;0,052897067885159
1563;13,034;0,0452344085186173
1564;13,038;0,0545567222180044
1565;13,042;0,0566048062883243
1566;13,046;0,0491187058933619
1567;13,050;0,0489421469217826
1568;13,054;0,0538504863316872
1569;13,058;0,0736604029428849
1570;13,062;0,057699471912116
1571;13,067;0,0492246412763095
1572;13,071;0,0568166770542195
1573;13,075;0,0737310265315167
1574;13,079;0,100214872268412
1575;13,083;0,132101422535634
1576;13,087;0,193967686177022
1577;13,091;0,351317041648496
1578;13,095;0,70605932734563
1579;13,100;1,30727793736747
1580;13,104;2,20871742266276
1581;13,108;3,80406897805902
1582;13,112;6,00364064599397
1583;13,116;8,86852183063404
1584;13,120;12,2940836854213
1585;13,124;16,6075959200753
1586;13,128;20,5414004304508
1587;13,132;24,7590411435371
1588;13,137;28,2257412387024
1589;13,141;30,4452640704258
1590;13,145;30,9834158157996
1591;13,149;30,7701325781318
1592;13,153;29,0306382783382
1593;13,157;26,5197578317146
1594;13,161;23,4172988949174
1595;13,165;20,2540683601026
1596;13,170;16,7360955395907
1597;13,174;13,6925719875067
1598;13,178;11,1997711795728
1599;13,182;9,1338193413291
1600;13,186;7,37380888903798
1601;13,190;6,00229879780996
1602;13,194;4,9181207769301
1603;13,198;4,08483305466442
1604;13,203;3,42693901476563
1605;13,207;2,80135526666584
1606;13,211;2,40964153232
1607;13,215;2,09787370030527
1608;13,219;1,81693306472828
1609;13,223;1,56957394554568
1610;13,227;1,44110963782458
1611;13,231;1,31617650953507
1612;13,236;1,1877828254026
1613;13,240;1,02157020955784
1614;13,244;0,935903796547566
1615;13,248;0,831875250493041
1616;13,252;0,774422961141136
1617;13,256;0,683565714366427
1618;13,260;0,659624317820274
1619;13,264;0,647477060575618
1620;13,269;0,577065342709792
1621;13,273;0,591013501464557
1622;13,277;0,493199831209623
1623;13,281;0,429285483497916
1624;13,285;0,425613056889066
1625;13,289;0,4007535536907
1626;13,293;0,359050324603669
1627;13,297;0,346444014032907
1628;13,301;0,333661144490566
1629;13,306;0,345102165848904
1630;13,310;0,298667156323548
1631;13,314;0,268969937303909
1632;13,318;0,31494589350316
1633;13,322;0,286555210873208
1634;13,326;0,272006751615073
1635;13,330;0,293970687679538
1636;13,334;0,250148750933556
1637;13,339;0,236694957299213
1638;13,343;0,215437257121065
1639;13,347;0,243439510013542
1640;13,351;0,211906077689479
1641;13,355;0,218403447843597
1642;13,359;0,195027040006497
1643;13,363;0,191990225695333
1644;13,367;0,21215326024969
1645;13,372;0,18220885866984
1646;13,376;0,175358370572563
1647;13,380;0,144601797723449
1648;13,384;0,168825688624129
1649;13,388;0,190154012390909
1650;13,392;0,154383164748942
1651;13,396;0,15021637301967
1652;13,400;0,130971445117526
1653;13,405;0,151628844792305
1654;13,409;0,180796386897206
1655;13,413;0,145202098226818
1656;13,417;0,146614569999453
1657;13,421;0,132277981507213
1658;13,425;0,140858747525967
1659;13,429;0,115045825881073
1660;13,433;0,131677681003844
1661;13,438;0,112220882335805
1662;13,442;0,101062355331993
1663;13,446;0,13563260196722
1664;13,450;0,125639364175832
1665;13,454;0,125533428792884
1666;13,458;0,103781363494314
1667;13,462;0,0899038283281808
1668;13,466;0,106323812685056
1669;13,470;0,103463557345471
1670;13,475;0,134043571223006
1671;13,479;0,106606307039583
1672;13,483;0,0942118672347157
1673;13,487;0,10424041682042
1674;13,491;0,10134484968652
1675;13,495;0,105652888593055
1676;13,499;0,0833358345854307
1677;13,503;0,0825589751104818
1678;13,508;0,0875379381090181
1679;13,512;0,0930818898166082
1680;13,516;0,0802990202742667
1681;13,520;0,0823471043445866
1682;13,524;0,057946654472327
1683;13,528;0,0880323032294402
1684;13,532;0,0993673892048314
1685;13,536;0,102616074281891
1686;13,541;0,0700585999226672
1687;13,545;0,0994027009991472
1688;13,549;0,0863373371022789
1689;13,553;0,0681517630296107
1690;13,557;0,0988377122900935
1691;13,561;0,0723185547588822
1692;13,565;0,0750022511268876
1693;13,569;0,0760262931620476
1694;13,574;0,0603478564858055
1695;13,578;0,0545567222180044
1696;13,582;0,0872201319601754
1697;13,586;0,0677986450864521
1698;13,590;0,077191582374471
1699;13,594;0,06935236403635
1700;13,598;0,0779684418494199
1701;13,602;0,0712592009294064
1702;13,607;0,0917400416326055
1703;13,611;0,0657505610161322
1704;13,615;0,0855957894216458
1705;13,619;0,0706235886317209
1706;13,623;0,0687520635329803
1707;13,627;0,0940353082631364
1708;13,631;0,0827708458763769
1709;13,635;0,0964365102766149
1710;13,639;0,0903981934486028
1711;13,644;0,0732366614110946
1712;13,648;0,084783618152381
1713;13,652;0,079981214125424
1714;13,656;0,0719654368157236
1715;13,660;0,0846423709751176
1716;13,664;0,0975664876947225
1717;13,668;0,073907585503096
1718;13,672;0,0667392912569763
1719;13,677;0,0883854211725988
1720;13,681;0,0891975924418636
1721;13,685;0,101662655835362
1722;13,689;0,0909631821576566
1723;13,693;0,0910691175406041
1724;13,697;0,097178057957248
1725;13,701;0,0966130692481942
1726;13,705;0,097425240517459
1727;13,710;0,0854898540386982
1728;13,714;0,0950240385039805
1729;13,718;0,0732013496167788
1730;13,722;0,0659271199877115
1731;13,726;0,0692817404477182
1732;13,730;0,0543801632464251
1733;13,734;0,0710473301635113
1734;13,738;0,0646912071866564
1735;13,743;0,0706589004260368
1736;13,747;0,0747550685666766
1737;13,751;0,0630315528538109
1738;13,755;0,0879263678464926
1739;13,759;0,0835477053513259
1740;13,763;0,0436453777744035
1741;13,767;0,0710473301635113
1742;13,771;0,0514492843182087
1743;13,776;0,0581585252382222
1744;13,780;0,0512021017579977
1745;13,784;0,0571697949973781
1746;13,788;0,0682223866182424
1747;13,792;0,0667039794626604
1748;13,796;0,0537092391544238
1749;13,800;0,0690698696818231
1750;13,804;0,060241921102858
1751;13,808;0,050107436134206
1752;13,813;0,0502839951057853
1753;13,817;0,0775447003176296
1754;13,821;0,0636318533571806
1755;13,825;0,0828767812593245
1756;13,829;0,0944590497949268
1757;13,833;0,0806874500117412
1758;13,837;0,0991908302332521
1759;13,841;0,0499661889569426
1760;13,846;0,115963932533286
1761;13,850;0,0766972172540489
1762;13,854;0,0690698696818231
1763;13,858;0,0708354593976161
1764;13,862;0,0474943633548323
1765;13,866;0,0733425967940422
1766;13,870;0,0750375629212035
1767;13,874;0,0725657373190933
1768;13,879;0,0652561958957101
1769;13,883;0,0944590497949268
1770;13,887;0,0610894041664386
1771;13,891;0,0395492096337637
1772;13,895;0,0670217856115032
1773;13,899;0,0716829424611967
1774;13,903;0,0577700955007477
1775;13,907;0,0547332811895837
1776;13,912;0,0549804637497948
1777;13,916;0,0709060829862478
1778;13,920;0,0506371130489439
1779;13,924;0,0550157755441106
1780;13,928;0,0649030779525515
1781;13,932;0,0786040541471054
1782;13,936;0,0527205089135797
1783;13,940;0,0534267447998969
1784;13,945;0,0395845214280796
1785;13,949;0,0513080371409453
1786;13,953;0,0612306513437021
1787;13,957;0,0479534166809385
1788;13,961;0,0431863244482974
1789;13,965;0,0520848966158942
1790;13,969;0,0597828677767518
1791;13,973;0,0481652874468337
1792;13,977;0,039725768605343
1793;13,982;0,0417738526756629
1794;13,986;0,0645499600093929
1795;13,990;0,0680105158523473
1796;13,994;0,0578760308836953
1797;13,998;0,0521555202045259
1798;14,002;0,0561104411679023
1799;14,006;0,0736250911485691
1800;14,010;0,0486243407729399
1801;14,015;0,0553688934872692
1802;14,019;0,0659271199877115
1803;14,023;0,0681164512352948
1804;14,027;0,0607715980175959
1805;14,031;0,0698820409510879
1806;14,035;0,0495424474251522
1807;14,039;0,0521555202045259
1808;14,043;0,0718595014327761
1809;14,048;0,107171295748637
1810;14,052;0,0987317769071459
1811;14,056;0,133690453279848
1812;14,060;0,183091653527737
1813;14,064;0,185422231952583
1814;14,068;0,234187819902787
1815;14,072;0,192378655432808
1816;14,076;0,16310517794496
1817;14,081;0,138951910632911
1818;14,085;0,0962952630993515
1819;14,089;0,0748610039496242
1820;14,093;0,0590060083018028
1821;14,097;0,0638437241230757
1822;14,101;0,0690345578875072
1823;14,105;0,0575935365291684
1824;14,109;0,0756025516302573
1825;14,114;0,0586882021529601
1826;14,118;0,0469293746457786
1827;14,122;0,0624312523504413
1828;14,126;0,0556513878417961
1829;14,130;0,0567813652599036
1830;14,134;0,0527205089135797
1831;14,138;0,0915987944553421
1832;14,142;0,0917047298382896
1833;14,146;0,0411382403779774
1834;14,151;0,0575935365291684
1835;14,155;0,0626431231163365
1836;14,159;0,0586175785643284
1837;14,163;0,054662657600952
1838;14,167;0,0672689681717142
1839;14,171;0,0740135208860435
1840;14,175;0,0670924092001349
1841;14,179;0,0705882768374051
1842;14,184;0,0728482316736201
1843;14,188;0,0554748288702168
1844;14,192;0,0588647611245394
1845;14,196;0,0352058589329129
1846;14,200;0,079204354650475
1847;14,204;0,0550157755441106
1848;14,208;0,0434335070085084
1849;14,212;0,0637024769458123
1850;14,217;0,0467528156741993
1851;14,221;0,0681870748239266
1852;14,225;0,0509196074034708
1853;14,229;0,0676220861148728
1854;14,233;0,0598888031596994
1855;14,237;0,0560751293735864
1856;14,241;0,0718241896384602
1857;14,245;0,0415972937040836
1858;14,250;0,0527205089135797
1859;14,254;0,0645499600093929
1860;14,258;0,0598888031596994
1861;14,262;0,0498955653683108
1862;14,266;0,0929759544336606
1863;14,270;0,0572404185860098
1864;14,274;0,0492599530706254
1865;14,278;0,049613071013784
1866;14,283;0,0415266701154519
1867;14,287;0,0708354593976161
1868;14,291;0,0418797880586105
1869;14,295;0,078709989530053
1870;14,299;0,103075127607997
1871;14,303;0,0998617543252534
1872;14,307;0,106429748068003
1873;14,311;0,136515396825117
1874;14,316;0,16967317168771
1875;14,320;0,182350105847103
1876;14,324;0,195521405126919
1877;14,328;0,237118698831003
1878;14,332;0,208975198761262
1879;14,336;0,213636355610956
1880;14,340;0,21420134432001
1881;14,344;0,217767835545912
1882;14,348;0,206891802896626
1883;14,353;0,17871299103257
1884;14,357;0,178077378734884
1885;14,361;0,157031549322631
1886;14,365;0,133478582513953
1887;14,369;0,0986258415241983
1888;14,373;0,110949657740434
1889;14,377;0,112750559250542
1890;14,381;0,0873260673431229
1891;14,386;0,0823471043445866
1892;14,390;0,0663508615195018
1893;14,394;0,0840067586774321
1894;14,398;0,0924462775189227
1895;14,402;0,148697965864088
1896;14,406;0,186481585782059
1897;14,410;0,407321547433451
1898;14,414;0,699420710014248
1899;14,419;1,21500821882013
1900;14,423;2,13325611820976
1901;14,427;3,48538003435838
1902;14,431;5,30700956773067
1903;14,435;7,80348280227337
1904;14,439;10,5072009576559
1905;14,443;13,2896291025684
1906;14,447;15,8779483141267
1907;14,452;17,8906146547478
1908;14,456;19,4028775581188
1909;14,460;19,9559308806938
1910;14,464;19,3577490849831
1911;14,468;18,5111135044661
1912;14,472;16,2688145654089
1913;14,476;14,1013060067128
1914;14,480;11,9070311079252
1915;14,485;10,0631904559282
1916;14,489;7,93632577248964
1917;14,493;6,63589832321945
1918;14,497;5,35016058038465
1919;14,501;4,10358361744615
1920;14,505;3,38018619909143
1921;14,509;2,76565504261251
1922;14,513;2,32627038594026
1923;14,517;1,88275424933305
1924;14,522;1,68207732223601
1925;14,526;1,43493007381931
1926;14,530;1,20233128466073
1927;14,534;1,06698117704804
1928;14,538;0,921002219346273
1929;14,542;0,819586746071121
1930;14,546;0,718948132270919
1931;14,550;0,685966916379905
1932;14,555;0,594050315775721
1933;14,559;0,573428227895258
1934;14,563;0,500332813661427
1935;14,567;0,443163018664049
1936;14,571;0,432428233192027
1937;14,575;0,423070607698324
1938;14,579;0,378048069945602
1939;14,583;0,358132217951457
1940;14,588;0,327622827662553
1941;14,592;0,31844176114043
1942;14,596;0,296336577898701
1943;14,600;0,273419223387708
1944;14,604;0,293758816913643
1945;14,608;0,271583010083283
1946;14,612;0,221828691892235
1947;14,616;0,194779857446286
1948;14,621;0,239237406489955
1949;14,625;0,174934629040773
1950;14,629;0,179383915124571
1951;14,633;0,192767085170282
1952;14,637;0,144072120808711
1953;14,641;0,180302021776784
1954;14,645;0,179666409479098
1955;14,649;0,157737785208949
1956;14,654;0,135526666584272
1957;14,658;0,127581512863204
1958;14,662;0,142412466475865
1959;14,666;0,127546201068888
1960;14,670;0,127687448246151
1961;14,674;0,142977455184919
1962;14,678;0,104946652706737
1963;14,682;0,117411716100236
1964;14,686;0,160138987222427
1965;14,691;0,0982374117867238
1966;14,695;0,125815923147411
1967;14,699;0,0980608528151445
1968;14,703;0,105723512181686
1969;14,707;0,103604804522735
1970;14,711;0,107948155223585
1971;14,715;0,103357621962524
1972;14,719;0,0903275698599711
1973;14,724;0,113421483342544
1974;14,728;0,0925522129018703
1975;14,732;0,0923050303416593
1976;14,736;0,106253189096424
1977;14,740;0,0805108910401619
1978;14,744;0,0762028521336269
1979;14,748;0,0735544675599374
1980;14,752;0,094141243646084
1981;14,757;0,072883543467936
1982;14,761;0,105511641415791
1983;14,765;0,0653974430729736
1984;14,769;0,0937175021142937
1985;14,773;0,0864079606909106
1986;14,777;0,0757791106018366
1987;14,781;0,06935236403635
1988;14,785;0,0714357599009857
1989;14,790;0,0848189299466968
1990;14,794;0,058970696507487
1991;14,798;0,063278735414022
1992;14,802;0,0790984192675274
1993;14,806;0,0586882021529601
1994;14,810;0,0764147228995221
1995;14,814;0,0860195309534361
1996;14,818;0,0891622806475477
1997;14,823;0,0786040541471054
1998;14,827;0,0564988709053768
1999;14,831;0,0683989455898217
2000;14,835;0,0673749035546618
2001;14,839;0,0661036789592908
2002;14,843;0,066562732285397
2003;14,847;0,0619721990243351
2004;14,851;0,0858782837761727
2005;14,855;0,0599594267483311
2006;14,860;0,0589000729188553
2007;14,864;0,0849248653296444
2008;14,868;0,0484830935956764
2009;14,872;0,0610540923721228
2010;14,876;0,0718948132270919
2011;14,880;0,0705176532487734
2012;14,884;0,0521555202045259
2013;14,888;0,063278735414022
2014;14,893;0,0780390654380516
2015;14,897;0,0484477818013606
2016;14,901;0,0524027027647369
2017;14,905;0,0380661142724976
2018;14,909;0,0523673909704211
2019;14,913;0,0653268194843419
2020;14,917;0,066315549725186
2021;14,921;0,0669864738171873
2022;14,926;0,0672689681717142
2023;14,930;0,0845011237978541
2024;14,934;0,0891269688532318
2025;14,938;0,0972486815458797
2026;14,942;0,0718948132270919
2027;14,946;0,0929759544336606
2028;14,950;0,102333579927364
2029;14,954;0,110984969534749
2030;14,959;0,130159273848262
2031;14,963;0,127510889274572
2032;14,967;0,115716749973075
2033;14,971;0,133937635840059
2034;14,975;0,135456042995641
2035;14,979;0,113174300782333
2036;14,983;0,0924815893132386
2037;14,987;0,074154768063307
2038;14,992;0,0871495083715436
2039;14,996;0,10134484968652
2040;15,000;0,0534267447998969
2041;15,004;0,0689992460931914
2042;15,008;0,0674102153489776
2043;15,012;0,0652561958957101
2044;15,016;0,0453756556958807
2045;15,020;0,0519083376443149
2046;15,024;0,0370420722373376
2047;15,029;0,0299444015798497
2048;15,033;0,0486243407729399
2049;15,037;0,0548745283668472
2050;15,041;0,0430803890653498
2051;15,045;0,0598888031596994
2052;15,049;0,0450225377527221
2053;15,053;0,0469999982344103
2054;15,057;0,0566048062883243
2055;15,062;0,0435747541857718
2056;15,066;0,0463643859367248
2057;15,070;0,033404957422804
2058;15,074;0,0595003734222249
2059;15,078;0,0445281726323001
2060;15,082;0,0506724248432598
2061;15,086;0,0491893294819936
2062;15,090;0,0622900051731779
2063;15,095;0,0486243407729399
2064;15,099;0,0674102153489776
2065;15,103;0,039972951165554
2066;15,107;0,047317804383253
2067;15,111;0,0462231387594614
2068;15,115;0,0354530414931239
2069;15,119;0,0331224630682771
2070;15,123;0,0421622824131374
2071;15,128;0,056428247316745
2072;15,132;0,0357708476419667
2073;15,136;0,045799397227671
2074;15,140;0,0575229129405367
2075;15,144;0,05314425044537
2076;15,148;0,0611600277550703
2077;15,152;0,0445634844266159
2078;15,156;0,0575582247348526
2079;15,161;0,0521202084102101
2080;15,165;0,0373245665918645
2081;15,169;0,0549451519554789
2082;15,173;0,0775093885233137
2083;15,177;0,0471059336173579
2084;15,181;0,0456934618447234
2085;15,185;0,0446341080152476
2086;15,189;0,0622193815845461
2087;15,193;0,0549451519554789
2088;15,198;0,055686699636112
2089;15,202;0,0336168281886992
2090;15,206;0,0363711481453363
2091;15,210;0,0375011255634438
2092;15,214;0,0382779850383927
2093;15,218;0,0342524404863847
2094;15,222;0,0445281726323001
2095;15,226;0,0289203595446897
2096;15,231;0,0404673162859761
2097;15,235;0,052897067885159
2098;15,239;0,0396551450167113
2099;15,243;0,0319571738558537
2100;15,247;0,0372892547975487
2101;15,251;0,0526145735306321
2102;15,255;0,0497190063967315
2103;15,259;0,0525086381476845
2104;15,264;0,0378189317122866
2105;15,268;0,0525792617363162
2106;15,272;0,0539211099203189
2107;15,276;0,0526851971192638
2108;15,280;0,0446694198095635
2109;15,284;0,0341818168977529
2110;15,288;0,0385957911872355
2111;15,292;0,0462584505537772
2112;15,297;0,0375364373577597
2113;15,301;0,0460818915821979
2114;15,305;0,038207361449761
2115;15,309;0,0327340333308027
2116;15,313;0,0468587510571468
2117;15,317;0,0407144988461871
2118;15,321;0,0555807642531644
2119;15,325;0,0459053326106186
2120;15,330;0,0334402692171199
2121;15,334;0,0410676167893457
2122;15,338;0,0391960916906051
2123;15,342;0,0587588257415918
2124;15,346;0,0657858728104481
2125;15,350;0,0500368125455743
2126;15,354;0,0439984957175621
2127;15,358;0,0426213357392436
2128;15,362;0,050601801254628
2129;15,367;0,0608775334005435
2130;15,371;0,0445634844266159
2131;15,375;0,0411735521722933
2132;15,379;0,0553688934872692
2133;15,383;0,0531795622396859
2134;15,387;0,0383132968327086
2135;15,391;0,068081139440979
2136;15,395;0,0438572485402987
2137;15,400;0,0679045804693997
2138;15,404;0,0628903056765475
2139;15,408;0,0631728000310744
2140;15,412;0,084783618152381
2141;15,416;0,0783921833812102
2142;15,420;0,0733779085883581
2143;15,424;0,0777565710835248
2144;15,428;0,0607009744289641
2145;15,433;0,0613012749323338
2146;15,437;0,0948827913267171
2147;15,441;0,0630315528538109
2148;15,445;0,0576288483234843
2149;15,449;0,0968955636027211
2150;15,453;0,0959774569505088
2151;15,457;0,0854192304500665
2152;15,461;0,0758144223961524
2153;15,466;0,06935236403635
2154;15,470;0,0792396664447909
2155;15,474;0,0483771582127288
2156;15,478;0,0487655879502033
2157;15,482;0,0603478564858055
2158;15,486;0,0568873006428512
2159;15,490;0,0652561958957101
2160;15,494;0,0537798627430555
2161;15,499;0,050354618694417
2162;15,503;0,0719654368157236
2163;15,507;0,0461525151708296
2164;15,511;0,0514492843182087
2165;15,515;0,0342524404863847
2166;15,519;0,0416326054983995
2167;15,523;0,0476002987377799
2168;15,527;0,043539442391456
2169;15,531;0,0371126958259694
2170;15,536;0,0486949643615716
2171;15,540;0,0439984957175621
2172;15,544;0,0396551450167113
2173;15,548;0,0540623570975824
2174;15,552;0,0367595778828107
2175;15,556;0,0437160013630353
2176;15,560;0,0499308771626267
2177;15,564;0,0344643112522798
2178;15,569;0,0516964668784197
2179;15,573;0,0597475559824359
2180;15,577;0,0316040559126951
2181;15,581;0,0337227635716467
2182;15,585;0,0457287736390393
2183;15,589;0,0504605540773646
2184;15,593;0,0411382403779774
2185;15,597;0,0403613809030285
2186;15,602;0,0354883532874398
2187;15,606;0,0328046569194344
2188;15,610;0,0257422980562623
2189;15,614;0,0309331318206938
2190;15,618;0,0324162271819599
2191;15,622;0,0518024022613673
2192;15,626;0,0433981952141925
2193;15,630;0,0372892547975487
2194;15,635;0,0320631092388013
2195;15,639;0,0430097654767181
2196;15,643;0,0509902309921025
2197;15,647;0,0391254681019734
2198;15,651;0,0495777592194681
2199;15,655;0,0532148740340017
2200;15,659;0,107453790103163
2201;15,663;0,21854469502086
2202;15,668;0,42352966102443
2203;15,672;0,881382386123877
2204;15,676;1,67755741256358
2205;15,680;3,17315314901754
2206;15,684;5,54677665113536
2207;15,688;8,73928066343799
2208;15,692;13,3246584025297
2209;15,696;19,168689738216
2210;15,700;25,6353033194852
2211;15,705;32,5455036609503
2212;15,709;39,2007881592491
2213;15,713;44,1098691168344
2214;15,717;46,9127074788615
2215;15,721;48,4982423554379
2216;15,725;46,8823746475442
2217;15,729;42,9344807312366
2218;15,733;37,6701278110395
2219;15,738;31,9786787385921
2220;15,742;26,115331851415
2221;15,746;21,0135191204538
2222;15,750;16,7194283726736
2223;15,754;13,1000047670922
2224;15,758;10,5758823976002
2225;15,762;8,18407332140972
2226;15,766;6,67749561692353
2227;15,771;5,47082098156195
2228;15,775;4,48431538375975
2229;15,779;3,77694952002444
2230;15,783;3,1049307623993
2231;15,787;2,58902544744457
2232;15,791;2,26684063610666
2233;15,795;1,99098489891116
2234;15,799;1,80429144236321
2235;15,804;1,57564757416801
2236;15,808;1,40593909068598
2237;15,812;1,21165359836012
2238;15,816;1,09484218276325
2239;15,820;0,972875245196272
2240;15,824;0,940918071340418
2241;15,828;0,843810636971802
2242;15,832;0,781061578472518
2243;15,837;0,703975931480994
2244;15,841;0,635117932565066
2245;15,845;0,614213350330077
2246;15,849;0,544048815024462
2247;15,853;0,555313277411222
2248;15,857;0,494047314273204
2249;15,861;0,46251388194914
2250;15,865;0,397187062464799
2251;15,869;0,371197581848325
2252;15,874;0,413607046821674
2253;15,878;0,338710731077734
2254;15,882;0,322573241075385
2255;15,886;0,348103668365753
2256;15,890;0,280764076605407
2257;15,894;0,300538681422288
2258;15,898;0,290827937985427
2259;15,902;0,247818172508709
2260;15,907;0,244181057694175
2261;15,911;0,253750553953773
2262;15,915;0,221016520622971
2263;15,919;0,242203597212487
2264;15,923;0,176135230047512
2265;15,927;0,204490600883148
2266;15,931;0,181114193046048
2267;15,935;0,177477078231515
2268;15,940;0,239908330581956
2269;15,944;0,180090151010888
2270;15,948;0,16907287118434
2271;15,952;0,161763329760957
2272;15,956;0,145519904375661
2273;15,960;0,158867762627056
2274;15,964;0,154135982188731
2275;15,968;0,13213673432995
2276;15,973;0,134396689166165
2277;15,977;0,15141697402641
2278;15,981;0,120836960148875
2279;15,985;0,124721257523619
2280;15,989;0,152900069387676
2281;15,993;0,093646878525662
2282;15,997;0,113527418725491
2283;16,001;0,110102174676853
2284;16,006;0,125921858530358
2285;16,010;0,107595037280427
2286;16,014;0,119918853496662
2287;16,018;0,105582265004423
2288;16,022;0,111620581832435
2289;16,026;0,120201347851189
2290;16,030;0,114233654611809
2291;16,034;0,104946652706737
2292;16,038;0,0902922580656552
2293;16,043;0,0984845943469349
2294;16,047;0,100885796360413
2295;16,051;0,0808640089833205
2296;16,055;0,0995086363820948
2297;16,059;0,0970721225743004
2298;16,063;0,0906806878031297
2299;16,067;0,0988730240844093
2300;16,071;0,0821705453730073
2301;16,076;0,0846070591808017
2302;16,080;0,0651149487184467
2303;16,084;0,08351239355701
2304;16,088;0,0592531908620139
2305;16,092;0,0775093885233137
2306;16,096;0,0860901545420678
2307;16,100;0,0837948879115369
2308;16,104;0,0766265936654172
2309;16,109;0,0733779085883581
2310;16,113;0,0937175021142937
2311;16,117;0,0504958658716805
2312;16,121;0,0771562705801551
2313;16,125;0,0715063834896175
2314;16,129;0,0808286971890046
2315;16,133;0,0638437241230757
2316;16,137;0,0774034531403661
2317;16,142;0,0646912071866564
2318;16,146;0,0686461281500328
2319;16,150;0,0657152492218163
2320;16,154;0,0879969914351243
2321;16,158;0,0892682160304953
2322;16,162;0,0863373371022789
2323;16,166;0,0787453013243688
2324;16,170;0,101909838395573
2325;16,175;0,0850661125069079
2326;16,179;0,103286998373892
2327;16,183;0,164764832277805
2328;16,187;0,18118481663468
2329;16,191;0,203890300379778
2330;16,195;0,231892553272256
2331;16,199;0,278751304329403
2332;16,203;0,330589018385086
2333;16,207;0,363075869155677
2334;16,212;0,413501111438726
2335;16,216;0,420951900039373
2336;16,220;0,464491342430829
2337;16,224;0,435712230063402
2338;16,228;0,459265196872081
2339;16,232;0,442280223806152
2340;16,236;0,335779852149517
2341;16,240;0,379813659661395
2342;16,245;0,302904571641451
2343;16,249;0,262084137412316
2344;16,253;0,238495858809322
2345;16,257;0,202619075784407
2346;16,261;0,168790376829813
2347;16,265;0,130618327174368
2348;16,269;0,141529671617969
2349;16,273;0,135773849144484
2350;16,278;0,128782113869943
2351;16,282;0,104452287586315
2352;16,286;0,110667163385907
2353;16,290;0,109643121350747
2354;16,294;0,0919166006041848
2355;16,298;0,0931525134052399
2356;16,302;0,0686108163557169
2357;16,306;0,0507077366375756
2358;16,311;0,0611953395493862
2359;16,315;0,0679752040580314
2360;16,319;0,0778271946721565
2361;16,323;0,0384192322156562
2362;16,327;0,0586882021529601
2363;16,331;0,0489774587160985
2364;16,335;0,0557926350190595
2365;16,339;0,0483771582127288
2366;16,344;0,056428247316745
2367;16,348;0,0613718985209655
2368;16,352;0,0661743025479225
2369;16,356;0,0619721990243351
2370;16,360;0,019244927902144
2371;16,364;0,0476002987377799
2372;16,368;0,0466468802912517
2373;16,372;0,0550863991327423
2374;16,376;0,0520848966158942
2375;16,381;0,0538151745373714
2376;16,385;0,0551217109270582
2377;16,389;0,0281788118640567
2378;16,393;0,0289909831333214
2379;16,397;0,0391607798962893
2380;16,401;0,0431510126539815
2381;16,405;0,036194589173757
2382;16,409;0,0587941375359077
2383;16,414;0,0552982698986375
2384;16,418;0,0454109674901966
2385;16,422;0,0504605540773646
2386;16,426;0,0326280979478551
2387;16,430;0,0469293746457786
2388;16,434;0,0287791123674263
2389;16,438;0,0400082629598699
2390;16,442;0,0283906826299518
2391;16,447;0,0449519141640904
2392;16,451;0,0373245665918645
2393;16,455;0,0446341080152476
2394;16,459;0,0474943633548323
2395;16,463;0,032133732827433
2396;16,467;0,0379248670952341
2397;16,471;0,036441771733968
2398;16,475;0,0256010508789988
2399;16,480;0,0379954906838659
2400;16,484;0,060241921102858
2401;16,488;0,039725768605343
2402;16,492;0,0345349348409115
2403;16,496;0,0486596525672557
2404;16,500;0,0432569480369291
2405;16,504;0,0686461281500328
2406;16,508;0,0816761802525853
2407;16,513;0,0906453760088138
2408;16,517;0,151452285820726
2409;16,521;0,147497364857349
2410;16,525;0,137504127065961
2411;16,529;0,127828695423415
2412;16,533;0,0917047298382896
2413;16,537;0,0988377122900935
2414;16,541;0,0597475559824359
2415;16,545;0,0478121695036751
2416;16,550;0,0428685182994546
2417;16,554;0,0565341826996926
2418;16,558;0,040502628080292
2419;16,562;0,0261660395880526
2420;16,566;0,0293794128707959
2421;16,570;0,0481299756525178
2422;16,574;0,0412794875552409
2423;16,578;0,0328752805080661
2424;16,583;0,0351352353442812
2425;16,587;0,034676182018175
2426;16,591;0,0355236650817556
2427;16,595;0,0366183307055473
2428;16,599;0,0317453030899586
2429;16,603;0,0458347090219869
2430;16,607;0,0538857981260031
2431;16,611;0,0154665659103469
2432;16,616;0,0411735521722933
2433;16,620;0,0408204342291347
2434;16,624;0,0326634097421709
2435;16,628;0,0391960916906051
2436;16,632;0,0247535678154182
2437;16,636;0,0498955653683108
2438;16,640;0,0449166023697745
2439;16,644;0,0419150998529264
2440;16,649;0,0434688188028242
2441;16,653;0,0193155514907757
2442;16,657;0,0509549191977867
2443;16,661;0,0447400433981952
2444;16,665;0,0382779850383927
2445;16,669;0,0485537171843081
2446;16,673;0,0403966926973444
2447;16,677;0,0516611550841039
2448;16,682;0,0282494354526884
2449;16,686;0,0554748288702168
2450;16,690;0,034428999457964
2451;16,694;0,0298384661969021
2452;16,698;0,027084146240265
2453;16,702;0,0322396682103806
2454;16,706;0,0338993225432261
2455;16,710;0,0353471061101763
2456;16,714;0,0306506374661669
2457;16,719;0,0311096907922731
2458;16,723;0,0263779103539478
2459;16,727;0,0603478564858055
2460;16,731;0,0482005992411495
2461;16,735;0,0413501111438726
2462;16,739;0,0600653621312787
2463;16,743;0,0265897811198429
2464;16,747;0,0358767830249142
2465;16,752;0,0512727253466294
2466;16,756;0,0260954159994209
2467;16,760;0,0627490584992841
2468;16,764;0,0481652874468337
2469;16,768;0,0565694944940085
2470;16,772;0,0649737015411833
2471;16,776;0,0451990967243014
2472;16,780;0,0502839951057853
2473;16,785;0,0607715980175959
2474;16,789;0,0384898558042879
2475;16,793;0,0596769323938042
2476;16,797;0,0268016518857381
2477;16,801;0,0530030032681066
2478;16,805;0,0419504116472422
2479;16,809;0,0382426732440769
2480;16,813;0,024047331929101
2481;16,818;0,0353117943158605
2482;16,822;0,0221051832417287
2483;16,826;0,0300856487571131
2484;16,830;0,02934410107648
2485;16,834;0,0265897811198429
2486;16,838;0,0274725759777394
2487;16,842;0,0384192322156562
2488;16,846;0,0314981205297475
2489;16,851;0,0287438005731104
2490;16,855;0,0492952648649412
2491;16,859;0,0751788100984669
2492;16,863;0,118753564284239
2493;16,867;0,191072119043121
2494;16,871;0,482041304205811
2495;16,875;0,880181785117138
2496;16,879;1,78504651446106
2497;16,883;3,06937178552322
2498;16,888;4,97175939249589
2499;16,892;7,73801473561177
2500;16,896;11,1498049906159
2501;16,900;14,8840978631068
2502;16,904;19,0961593126912
2503;16,908;22,4279683535699
2504;16,912;25,423538488973
2505;16,916;26,640877286218
2506;16,921;26,5601545244119
2507;16,925;25,2809494635256
2508;16,929;23,2135498417149
2509;16,933;19,8892975248198
2510;16,937;16,9987093539178
2511;16,941;13,8284517720341
2512;16,945;10,9559785516161
2513;16,949;8,63853611425484
2514;16,954;6,68145053788691
2515;16,958;5,32996223403598
2516;16,962;4,19578271240486
2517;16,966;3,36418995626634
2518;16,970;2,77042213484515
2519;16,974;2,18421103740755
2520;16,978;1,84790150834329
2521;16,982;1,57409385521811
2522;16,987;1,36985043689518
2523;16,991;1,18527568800617
2524;16,995;0,920190048077008
2525;16,999;0,888444744987049
2526;17,003;0,717217854349442
2527;17,007;0,704576231984364
2528;17,011;0,60181891052521
2529;17,015;0,528405690142536
2530;17,020;0,510078868892604
2531;17,024;0,444893296585526
2532;17,028;0,416431990366943
2533;17,032;0,399870758832804
2534;17,036;0,347150249919224
2535;17,040;0,345596530969326
2536;17,044;0,301068358337026
2537;17,048;0,273560470564971
2538;17,052;0,253821177542405
2539;17,057;0,210846723860003
2540;17,061;0,252373393975455
2541;17,065;0,214695709440432
2542;17,069;0,206362125981889
2543;17,073;0,233481584016469
2544;17,077;0,197746048168819
2545;17,081;0,169037559390024
2546;17,085;0,183197588910684
2547;17,090;0,148945148424299
2548;17,094;0,152652886827465
2549;17,098;0,138669416278384
2550;17,102;0,170308783985395
2551;17,106;0,120695712971611
2552;17,110;0,123732527282775
2553;17,114;0,112397441307384
2554;17,118;0,108265961372428
2555;17,123;0,107700972663374
2556;17,127;0,110066862882537
2557;17,131;0,0793102900334226
2558;17,135;0,0827002222877452
2559;17,139;0,0792396664447909
2560;17,143;0,075425992658678
2561;17,147;0,0977430466663018
2562;17,151;0,103251686579576
2563;17,156;0,0919519123985007
2564;17,160;0,0898685165338649
2565;17,164;0,0826649104934294
2566;17,168;0,0666686676683446
2567;17,172;0,0694582994192975
2568;17,176;0,0806521382174253
2569;17,180;0,0828061576706928
2570;17,184;0,0660683671649749
2571;17,189;0,0523673909704211
2572;17,193;0,0449872259584062
2573;17,197;0,0463290741424089
2574;17,201;0,0470353100287261
2575;17,205;0,0474590515605165
2576;17,209;0,0745078860064656
2577;17,213;0,0567107416712719
2578;17,217;0,0462231387594614
2579;17,221;0,0574169775575891
2580;17,226;0,0492952648649412
2581;17,230;0,0598534913653835
2582;17,234;0,0513433489352611
2583;17,238;0,0349586763727019
2584;17,242;0,0408910578177664
2585;17,246;0,0371480076202852
2586;17,250;0,02934410107648
2587;17,254;0,0416679172927154
2588;17,259;0,0506724248432598
2589;17,263;0,0545214104236886
2590;17,267;0,0533208094169493
2591;17,271;0,0244004498722596
2592;17,275;0,0474590515605165
2593;17,279;0,0348174291954384
2594;17,283;0,0376070609463914
2595;17,287;0,0456581500504076
2596;17,292;0,0362299009680728
2597;17,296;0,0367242660884949
2598;17,300;0,0295206600480594
2599;17,304;0,0472824925889372
2600;17,308;0,0492599530706254
2601;17,312;0,0393726506621844
2602;17,316;0,0335462046000674
2603;17,320;0,0341818168977529
2604;17,325;0,0298384661969021
2605;17,329;0,0335462046000674
2606;17,333;0,0325221625649075
2607;17,337;0,0415972937040836
2608;17,341;0,0301562723457448
2609;17,345;0,0298031544025862
2610;17,349;0,0284259944242677
2611;17,353;0,0376776845350231
2612;17,358;0,0382779850383927
2613;17,362;0,0217873770928859
2614;17,366;0,0367242660884949
2615;17,370;0,0272607052118443
2616;17,374;0,0280728764811091
2617;17,378;0,0371833194146011
2618;17,382;0,0287084887787946
2619;17,386;0,0413501111438726
2620;17,390;0,0323102917990123
2621;17,395;0,0247888796097341
2622;17,399;0,0150781361728724
2623;17,403;0,0403613809030285
2624;17,407;0,0461525151708296
2625;17,411;0,0166318551227703
2626;17,415;0,0328752805080661
2627;17,419;0,0274019523891077
2628;17,423;0,0307918846434303
2629;17,428;0,0286731769844787
2630;17,432;0,0406438752575554
2631;17,436;0,0284259944242677
2632;17,440;0,0299797133741655
2633;17,444;0,0261660395880526
2634;17,448;0,0281435000697408
2635;17,452;0,0292028538992166
2636;17,456;0,0461878269651455
2637;17,461;0,0236589021916265
2638;17,465;0,0447753551925111
2639;17,469;0,0393373388678686
2640;17,473;0,0643734010378136
2641;17,477;0,0688579989159279
2642;17,481;0,0930465780222923
2643;17,485;0,0893741514134428
2644;17,489;0,145802398730188
2645;17,494;0,151699468380937
2646;17,498;0,203678429613883
2647;17,502;0,194462051297444
2648;17,506;0,216390675567593
2649;17,510;0,221440262154761
2650;17,514;0,180407957159731
2651;17,518;0,191283989809016
2652;17,522;0,141035306497547
2653;17,527;0,147673923828928
2654;17,531;0,113244924370965
2655;17,535;0,117270468922973
2656;17,539;0,122037561155614
2657;17,543;0,0954830918300867
2658;17,547;0,0834770817626942
2659;17,551;0,0738722737087801
2660;17,555;0,0659977435763432
2661;17,559;0,0798046551538447
2662;17,564;0,0762734757222586
2663;17,568;0,0447753551925111
2664;17,572;0,0207986468520418
2665;17,576;0,062254693378862
2666;17,580;0,0586882021529601
2667;17,584;0,0400435747541858
2668;17,588;0,0304387667002717
2669;17,592;0,080475579245846
2670;17,597;0,034676182018175
2671;17,601;0,033652139983015
2672;17,605;0,0331224630682771
2673;17,609;0,0387017265701831
2674;17,613;0,0491540176876778
2675;17,617;0,0353824179044922
2676;17,621;0,0395138978394479
2677;17,625;0,0369714486487059
2678;17,630;0,0327340333308027
2679;17,634;0,0334755810114357
2680;17,638;0,0191036807248805
2681;17,642;0,0363005245567046
2682;17,646;0,0267310282971064
2683;17,650;0,0267310282971064
2684;17,654;0,0322396682103806
2685;17,658;0,0174440263920351
2686;17,663;0,0228467309223617
2687;17,667;0,0248241914040499
2688;17,671;0,0346055584295433
2689;17,675;0,0233764078370996
2690;17,679;0,0214342591497273
2691;17,683;0,0385251675986038
2692;17,687;0,018715250987406
2693;17,691;0,0192096161078281
2694;17,696;0,0389489091303941
2695;17,700;0,0265544693255271
2696;17,704;0,00628549938822316
2697;17,708;0,0428685182994546
2698;17,712;0,0415266701154519
2699;17,716;0,0291675421049007
2700;17,720;0,017973703306773
2701;17,724;0,0203395935259356
2702;17,728;0,0331930866569088
2703;17,733;0,0183974448385633
2704;17,737;0,0363358363510204
2705;17,741;0,0287791123674263
2706;17,745;0,0272960170061601
2707;17,749;0,0123591280105512
2708;17,753;0,022281742213308
2709;17,757;0,0331930866569088
2710;17,761;0,0295912836366911
2711;17,766;0,0342524404863847
2712;17,770;0,0352411707272288
2713;17,774;0,0140187823433966
2714;17,778;0,0262013513823685
2715;17,782;0,0241532673120486
2716;17,786;0,0185033802215109
2717;17,790;0,0439278721289304
2718;17,794;0,0436453777744035
2719;17,799;0,0515905314954721
2720;17,803;0,0354883532874398
2721;17,807;0,024294514489312
2722;17,811;0,00374305019748121
2723;17,815;0,0229526663053093
2724;17,819;0,0239060847518375
2725;17,823;0,0301915841400607
2726;17,827;0,0316746795013268
2727;17,832;0,0183621330442474
2728;17,836;0,0271194580345808
2729;17,840;0,0241179555177327
2730;17,844;0,0591119436847504
2731;17,848;0,0388076619531307
2732;17,852;0,0278963175095298
2733;17,856;0,0245770088438389
2734;17,860;0,0402907573143968
2735;17,865;0,0216108181213066
2736;17,869;0,0287791123674263
2737;17,873;0,0302975195230083
2738;17,877;0,034923364578386
2739;17,881;0,0348527409897543
2740;17,885;0,0276138231550029
2741;17,889;0,045057849547038
2742;17,893;0,0319218620615379
2743;17,897;0,0476002987377799
2744;17,902;0,0451637849299855
2745;17,906;0,0897978929452332
2746;17,910;0,103286998373892
2747;17,914;0,125533428792884
2748;17,918;0,143895561837131
2749;17,922;0,214483838674536
2750;17,926;0,242132973623855
2751;17,930;0,219039060141282
2752;17,935;0,235529668086789
2753;17,939;0,245522905878178
2754;17,943;0,252691200124298
2755;17,947;0,243227639247647
2756;17,951;0,178995485387097
2757;17,955;0,146579258205137
2758;17,959;0,153994735011468
2759;17,963;0,120801648354559
2760;17,968;0,0797340315652129
2761;17,972;0,0913163001008152
2762;17,976;0,0676573979091887
2763;17,980;0,0657152492218163
2764;17,984;0,0588294493302235
2765;17,988;0,0532501858283176
2766;17,992;0,0265544693255271
2767;17,996;0,0644087128321295
2768;18,001;0,072389178347514
2769;18,005;0,111938387981278
2770;18,009;0,269570237807279
2771;18,013;0,583386153892331
2772;18,017;1,15211791314358
2773;18,021;2,29929217508294
2774;18,025;4,24401862344032
2775;18,029;7,13736111429898
2776;18,034;11,6468184956116
2777;18,038;17,5716785284869
2778;18,042;24,9333754720746
2779;18,046;33,1049131065021
2780;18,050;41,6799939263714
2781;18,054;49,619674319321
2782;18,058;56,1729783556357
2783;18,062;60,4341585111135
2784;18,066;60,6415799909249
2785;18,071;57,5514448703439
2786;18,075;52,3628357489543
2787;18,079;45,0076008637265
2788;18,083;37,1550699791484
2789;18,087;29,545554863052
2790;18,091;23,6091478734355
2791;18,095;18,2005109616638
2792;18,099;13,9567395207836
2793;18,104;11,0001889180996
2794;18,108;8,5680890845947
2795;18,112;7,03004857137308
2796;18,116;5,61764742232729
2797;18,120;4,70889839560863
2798;18,124;3,88772261879329
2799;18,128;3,21326734736036
2800;18,132;2,76777375027146
2801;18,137;2,33693454782365
2802;18,141;2,06132599318835
2803;18,145;1,77635981305936
2804;18,149;1,58560550016508
2805;18,153;1,44630047158901
2806;18,157;1,23036884934753
2807;18,161;1,13806381900587
2808;18,165;0,988765552638409
2809;18,170;0,973193051345115
2810;18,174;0,866904550454375
2811;18,178;0,805320781167514
2812;18,182;0,727528898289673
2813;18,186;0,672265940185352
2814;18,190;0,629468045474529
2815;18,194;0,56488277367082
2816;18,198;0,527311024518744
2817;18,203;0,474590515605165
2818;18,207;0,487302761558874
2819;18,211;0,480275714490018
2820;18,215;0,402166025463335
2821;18,219;0,357814411802614
2822;18,223;0,355872263115242
2823;18,227;0,33916978440384
2824;18,231;0,3584500241003
2825;18,235;0,288214865206053
2826;18,240;0,301174293719974
2827;18,244;0,2905454436309
2828;18,248;0,299338080415549
2829;18,252;0,234187819902787
2830;18,256;0,21317730228485
2831;18,260;0,213742290993903
2832;18,264;0,209963929002106
2833;18,268;0,183868513002685
2834;18,273;0,195415469743972
2835;18,277;0,185845973484374
2836;18,281;0,173769339828349
2837;18,285;0,162716748207485
2838;18,289;0,157455290854422
2839;18,293;0,181749805343734
2840;18,297;0,177794884380357
2841;18,301;0,133761076868479
2842;18,306;0,114586772554967
2843;18,310;0,147108935119875
2844;18,314;0,139234404987438
2845;18,318;0,11225619413012
2846;18,322;0,0982374117867238
2847;18,326;0,122214120127193
2848;18,330;0,105900071153266
2849;18,334;0,110879034151802
2850;18,339;0,104911340912421
2851;18,343;0,100885796360413
2852;18,347;0,108795638287166
2853;18,351;0,0821705453730073
2854;18,355;0,0872201319601754
2855;18,359;0,0981667881980921
2856;18,363;0,0845011237978541
2857;18,367;0,0710473301635113
2858;18,372;0,0806521382174253
2859;18,376;0,08351239355701
2860;18,380;0,0734132203826739
2861;18,384;0,0618309518470717
2862;18,388;0,0875379381090181
2863;18,392;0,0489774587160985
2864;18,396;0,0463996977310407
2865;18,400;0,0815349330753218
2866;18,404;0,0441750546891415
2867;18,409;0,0463643859367248
2868;18,413;0,0591119436847504
2869;18,417;0,0586882021529601
2870;18,421;0,026307286765316
2871;18,425;0,0502486833114694
2872;18,429;0,0506371130489439
2873;18,433;0,0493658884535729
2874;18,437;0,035947406613546
2875;18,442;0,0522614555874735
2876;18,446;0,0448812905754587
2877;18,450;0,0200570991714087
2878;18,454;0,0300150251684814
2879;18,458;0,0257069862619464
2880;18,462;0,0366183307055473
2881;18,466;0,0399376393712382
2882;18,470;0,0426566475335594
2883;18,475;0,0448106669868269
2884;18,479;0,0453756556958807
2885;18,483;0,0235529668086789
2886;18,487;0,0303328313173241
2887;18,491;0,0263425985596319
2888;18,495;0,0379248670952341
2889;18,499;0,0443163018664049
2890;18,503;0,0325221625649075
2891;18,508;0,0290262949276373
2892;18,512;0,0408557460234506
2893;18,516;0,0467881274685151
2894;18,520;0,0401495101371334
2895;18,524;0,0353824179044922
2896;18,528;0,0448812905754587
2897;18,532;0,0328399687137502
2898;18,536;0,0133831700457111
2899;18,541;0,0404673162859761
2900;18,545;0,0264485339425795
2901;18,549;0,0262719749710002
2902;18,553;0,0250007503756292
2903;18,557;0,0430803890653498
2904;18,561;0,0519083376443149
2905;18,565;0,0248948149926816
2906;18,569;0,0408204342291347
2907;18,573;0,035417729698808
2908;18,578;0,0312156261752207
2909;18,582;0,0356649122590191
2910;18,586;0,0486949643615716
2911;18,590;0,0494718238365205
2912;18,594;0,0773328295517344
2913;18,598;0,0651149487184467
2914;18,602;0,0894094632077587
2915;18,606;0,101238914303572
2916;18,611;0,0979549174321969
2917;18,615;0,130971445117526
2918;18,619;0,10893688546443
2919;18,623;0,0840420704717479
2920;18,627;0,100426743034307
2921;18,631;0,0826295986991135
2922;18,635;0,0553688934872692
2923;18,639;0,060489103663069
2924;18,644;0,0410676167893457
2925;18,648;0,06073628622328
2926;18,652;0,0328752805080661
2927;18,656;0,0560751293735864
2928;18,660;0,0562516883451657
2929;18,664;0,0372892547975487
2930;18,668;0,0330871512739613
2931;18,672;0,0110879034151802
2932;18,677;0,0133831700457111
2933;18,681;0,0276138231550029
2934;18,685;0,0327693451251185
2935;18,689;0,0419504116472422
2936;18,693;0,026836963680054
2937;18,697;0,0218933124758335
2938;18,701;0,0271547698288967
2939;18,705;0,0111938387981278
2940;18,710;0,0241885791063644
2941;18,714;0,0574876011462208
2942;18,718;0,107806908046322
2943;18,722;0,136162278881958
2944;18,726;0,116281738682129
2945;18,730;0,132101422535634
2946;18,734;0,149722007899248
2947;18,738;0,0850661125069079
2948;18,742;0,0673395917603459
2949;18,747;0,0401495101371334
2950;18,751;0,0356649122590191
2951;18,755;0,0165612315341386
2952;18,759;0,0298031544025862
2953;18,763;0,0338286989545943
2954;18,767;0,0767678408426807
2955;18,771;0,16642448661065
2956;18,775;0,382850473972559
2957;18,780;0,8271081582604
2958;18,784;1,63698416089466
2959;18,788;2,86954234148977
2960;18,792;4,61228532636043
2961;18,796;7,5163272908968
2962;18,800;10,8276554910723
2963;18,804;14,7966658603807
2964;18,808;18,8296258891951
2965;18,813;22,7460569967672
2966;18,817;25,569764629235
2967;18,821;27,842572958581
2968;18,825;27,4503648591148
2969;18,829;26,5030906647975
2970;18,833;24,3481177930835
2971;18,837;20,8428572185253
2972;18,841;17,8210504199455
2973;18,846;14,674840169991
2974;18,850;11,6389439654792
2975;18,854;9,31051956008567
2976;18,858;7,27306433985483
2977;18,862;5,67951368596868
2978;18,866;4,44787361202579
2979;18,870;3,58319370461331
2980;18,874;2,83440710614549
2981;18,879;2,37655438104604
2982;18,883;1,9761539452985
2983;18,887;1,64482337923278
2984;18,891;1,48027041772087
2985;18,895;1,21910438696077
2986;18,899;1,05917727050423
2987;18,903;0,903275698599711
2988;18,907;0,879369613847873
2989;18,911;0,777848205189774
2990;18,916;0,657576233749954
2991;18,920;0,627879014730315
2992;18,924;0,518871505677254
2993;18,928;0,502945886440801
2994;18,932;0,414842959622729
2995;18,936;0,39641020298985
2996;18,940;0,354071361605133
2997;18,944;0,354141985193765
2998;18,949;0,334120197816672
2999;18,953;0,274019523891077
3000;18,957;0,269146496275488
3001;18,961;0,188459046263747
3002;18,965;0,253220877039035
3003;18,969;0,233658142988049
3004;18,973;0,212117948455374
3005;18,977;0,166353863022019
3006;18,982;0,187117198079745
3007;18,986;0,184362878123108
3008;18,990;0,145166786432502
3009;18,994;0,146791128971032
3010;18,998;0,0987317769071459
3011;19,002;0,146226140261978
3012;19,006;0,109431250584852
3013;19,010;0,0980961646094604
3014;19,015;0,0653621312786577
3015;19,019;0,098943647673041
3016;19,023;0,0919872241928165
3017;19,027;0,0740841444746753
3018;19,031;0,0744725742121497
3019;19,035;0,0817114920469011
3020;19,039;0,0745078860064656
3021;19,043;0,0604184800744373
3022;19,048;0,0793456018277385
3023;19,052;0,062254693378862
3024;19,056;0,0484124700070447
3025;19,060;0,0603831682801214
3026;19,064;0,051625843289788
3027;19,068;0,0764147228995221
3028;19,072;0,0455169028731441
3029;19,076;0,0399376393712382
3030;19,080;0,0414560465268202
3031;19,085;0,0434688188028242
3032;19,089;0,0687167517386645
3033;19,093;0,14979263148788
3034;19,097;0,164906079455068
3035;19,101;0,369891045458638
3036;19,105;0,783109662542838
3037;19,109;1,51427567564704
3038;19,113;2,6968323554909
3039;19,118;4,60469329058252
3040;19,122;7,38687425293485
3041;19,126;11,1417892133062
3042;19,130;15,6173472720756
3043;19,134;20,352376395478
3044;19,138;25,2038991283284
3045;19,142;29,0649613424132
3046;19,146;31,9059364423014
3047;19,151;32,1500115646126
3048;19,155;30,7956983172164
3049;19,159;28,0782791856394
3050;19,163;24,6029277008667
3051;19,167;20,0815349330753
3052;19,171;16,401975341774
3053;19,175;12,7801505341792
3054;19,179;9,84284485939726
3055;19,184;7,74362931090799
3056;19,188;5,9349238942553
3057;19,192;4,62196075800298
3058;19,196;3,66868355865201
3059;19,200;3,0535167898754
3060;19,204;2,46762349858665
3061;19,208;2,03261750440956
3062;19,212;1,70284065729374
3063;19,217;1,46649881793769
3064;19,221;1,19466862529419
3065;19,225;1,08456645061734
3066;19,229;0,970615290360057
3067;19,233;0,806168264231095
3068;19,237;0,749916575885929
3069;19,241;0,702775330474255
3070;19,245;0,626325295780417
3071;19,250;0,560150993232495
3072;19,254;0,526604788632427
3073;19,258;0,463431988601353
3074;19,262;0,439702462821095
3075;19,266;0,368302014714425
3076;19,270;0,377730263796759
3077;19,274;0,362616815829571
3078;19,278;0,277586015116979
3079;19,282;0,273948900302446
3080;19,287;0,25608113237862
3081;19,291;0,253821177542405
3082;19,295;0,217555964780016
3083;19,299;0,197181059459765
3084;19,303;0,210846723860003
3085;19,307;0,177971443351937
3086;19,311;0,184009760179949
3087;19,315;0,163634854859697
3088;19,320;0,18160855816647
3089;19,324;0,156996237528316
3090;19,328;0,129912091288051
3091;19,332;0,149545448927669
3092;19,336;0,15533658319547
3093;19,340;0,125533428792884
3094;19,344;0,110349357237064
3095;19,348;0,106570995245267
3096;19,353;0,100497366622939
3097;19,357;0,113421483342544
3098;19,361;0,115893308944654
3099;19,365;0,0978489820492494
3100;19,369;0,0795221607993178
3101;19,373;0,0890210334702842
3102;19,377;0,0879969914351243
3103;19,381;0,0857017248045934
3104;19,386;0,0772622059631027
3105;19,390;0,0499308771626267
3106;19,394;0,0646558953923405
3107;19,398;0,0762734757222586
3108;19,402;0,0664921086967653
3109;19,406;0,0817114920469011
3110;19,410;0,0685401927670852
3111;19,414;0,067057097405819
3112;19,419;0,0806874500117412
3113;19,423;0,0809699443662681
3114;19,427;0,0552982698986375
3115;19,431;0,0615837692868607
3116;19,435;0,0714004481066699
3117;19,439;0,0809346325719522
3118;19,443;0,0774034531403661
3119;19,447;0,0760616049563635
3120;19,451;0,0726716727020408
3121;19,456;0,0931172016109241
3122;19,460;0,0667392912569763
3123;19,464;0,088314797583967
3124;19,468;0,102333579927364
3125;19,472;0,0977077348719859
3126;19,476;0,0742960152405704
3127;19,480;0,112044323364225
3128;19,484;0,0911397411292359
3129;19,489;0,0631374882367585
3130;19,493;0,0861960899250154
3131;19,497;0,050107436134206
3132;19,501;0,0489068351274667
3133;19,505;0,0452344085186173
3134;19,509;0,0667392912569763
3135;19,513;0,0734132203826739
3136;19,517;0,0677280214978204
3137;19,522;0,0525439499420004
3138;19,526;0,0580172780609588
3139;19,530;0,041244175760925
3140;19,534;0,0369361368543901
3141;19,538;0,0550157755441106
3142;19,542;0,0522614555874735
3143;19,546;0,0529676914737907
3144;19,550;0,0421269706188215
3145;19,555;0,0462937623480931
3146;19,559;0,0554748288702168
3147;19,563;0,0576288483234843
3148;19,567;0,0360180302021777
3149;19,571;0,0724951137304615
3150;19,575;0,0664214851081335
3151;19,579;0,0873613791374388
3152;19,583;0,0705176532487734
3153;19,588;0,066315549725186
3154;19,592;0,0638084123287599
3155;19,596;0,0492246412763095
3156;19,600;0,0567460534655878
3157;19,604;0,053391433005581
3158;19,608;0,0450225377527221
3159;19,612;0,0487655879502033
3160;19,616;0,0365477071169156
3161;19,620;0,0399376393712382
3162;19,625;0,0552982698986375
3163;19,629;0,062254693378862
3164;19,633;0,0662096143422384
3165;19,637;0,0585116431813808
3166;19,641;0,0651149487184467
3167;19,645;0,0343936876636481
3168;19,649;0,0437160013630353
3169;19,653;0,0449872259584062
3170;19,658;0,0537445509487396
3171;19,662;0,0427272711221912
3172;19,666;0,0203395935259356
3173;19,670;0,0202336581429881
3174;19,674;0,0305093902889034
3175;19,678;0,0338640107489102
3176;19,682;0,0334402692171199
3177;19,686;0,0366536424998632
3178;19,691;0,0443163018664049
3179;19,695;0,0324162271819599
3180;19,699;0,0353117943158605
3181;19,703;0,0438925603346146
3182;19,707;0,0339346343375419
3183;19,711;0,0187858745760378
3184;19,715;0,0385251675986038
3185;19,719;0,0659271199877115
3186;19,724;0,0275431995663712
3187;19,728;0,0348527409897543
3188;19,732;0,0289909831333214
3189;19,736;0,0427272711221912
3190;19,740;0,0348527409897543
3191;19,744;0,0355236650817556
3192;19,748;0,0426919593278753
3193;19,752;0,0102404203515995
3194;19,757;0,0385251675986038
3195;19,761;0,0186446273987743
3196;19,765;0,0358061594362825
3197;19,769;0,016702478711402
3198;19,773;0,0308271964377462
3199;19,777;0,0249301267869975
3200;19,781;0,0198452284055136
3201;19,785;0,0135950408116063
3202;19,789;0,0159962428250848
3203;19,794;0,0308625082320621
3204;19,798;0,027331328800476
3205;19,802;0,0266957165027905
3206;19,806;0,0252479329358402
3207;19,810;0
3208;19,814;0,0233057842484679
3209;19,818;0,0157490602648738
3210;19,822;0,0190330571362488
3211;19,827;0,0347468056068067
3212;19,831;0,0395492096337637
3213;19,835;0,119565735553504
3214;19,839;0,224583011848873
3215;19,843;0,482676916503497
3216;19,847;0,896001468970644
3217;19,851;1,76431849119765
3218;19,855;3,15277824369729
3219;19,860;5,37946936966682
3220;19,864;8,29534078529899
3221;19,868;11,9241220163741
3222;19,872;16,4193840563717
3223;19,876;20,7530946373744
3224;19,880;25,1813348917605
3225;19,884;28,5519515945924
3226;19,888;29,6916750679311
3227;19,893;30,3669425106333
3228;19,897;28,4976420549346
3229;19,901;26,0110561228003
3230;19,905;22,2847790276191
3231;19,909;18,361073690418
3232;19,913;14,9613600690699
3233;19,917;11,8669522213767
3234;19,921;9,38008379488791
3235;19,926;7,10406209225913
3236;19,930;5,61252721215149
3237;19,934;4,47608773568416
3238;19,938;3,56857462176654
3239;19,942;2,95058290944467
3240;19,946;2,39639960945155
3241;19,950;1,95302472002161
3242;19,954;1,68327792324275
3243;19,958;1,45735306320988
3244;19,963;1,22256494280372
3245;19,967;1,10649507488749
3246;19,971;0,916199815319316
3247;19,975;0,823506355240182
3248;19,979;0,729612294154309
3249;19,983;0,637095393046755
3250;19,987;0,564953397259452
3251;19,991;0,570638596144305
3252;19,996;0,467951898273783
3253;20,000;0,44895415293185
3254;20,004;0,428720494788862
3255;20,008;0,345914337118169
3256;20,012;0,360215613816093
3257;20,016;0,341994727949109
3258;20,020;0,295277224069225
3259;20,024;0,278327562797612
3260;20,029;0,277515391528347
3261;20,033;0,198911337381242
3262;20,037;0,230056339967831
3263;20,041;0,210705476682739
3264;20,045;0,183903824797001
3265;20,049;0,154983465252312
3266;20,053;0,147673923828928
3267;20,057;0,148733277658404
3268;20,062;0,095412468241455
3269;20,066;0,130830197940263
3270;20,070;0,143259949539446
3271;20,074;0,104134481437473
3272;20,078;0,105405706032844
3273;20,082;0,135456042995641
3274;20,086;0,0903981934486028
3275;20,090;0,089833204739549
3276;20,095;0,0775447003176296
3277;20,099;0,0860901545420678
3278;20,103;0,070093911716983
3279;20,107;0,0881029268180719
3280;20,111;0,0983786589639873
3281;20,115;0,0361592773794411
3282;20,119;0,0763794111052062
3283;20,123;0,0985905297298824
3284;20,127;0,124332827786145
3285;20,132;0,148909836629984
3286;20,136;0,312474067901049
3287;20,140;0,609022516565646
3288;20,144;1,26380911856465
3289;20,148;2,4383500210988
3290;20,152;4,30535521016697
3291;20,156;7,6891079004843
3292;20,160;12,1581332773053
3293;20,165;18,8765552638409
3294;20,169;27,3281860507819
3295;20,173;37,6605230029856
3296;20,177;49,3495390928047
3297;20,181;62,0987918069575
3298;20,185;75,5347882969651
3299;20,189;87,7715256284175
3300;20,193;95,6409708624729
3301;20,198;100
3302;20,202;98,1899880469576
3303;20,206;91,0523091265098
3304;20,210;79,8814583064817
3305;20,214;66,144393458137
3306;20,218;52,5342391985635
3307;20,222;40,8648211545897
3308;20,226;30,859259546985
3309;20,231;23,5114401385635
3310;20,235;18,0437619066956
3311;20,239;13,6846621455799
3312;20,243;10,7435427970119
3313;20,247;8,67091702964249
3314;20,251;7,11966990534674
3315;20,255;5,98718534984277
3316;20,259;5,02214932298462
3317;20,264;4,32142207658069
3318;20,268;3,8674889606503
3319;20,272;3,33583458543071
3320;20,276;2,85531168838048
3321;20,280;2,56038758225441
3322;20,284;2,24215769187988
3323;20,288;2,03777302637968
3324;20,292;1,89370090557097
3325;20,296;1,71505853812703
3326;20,301;1,57402323162948
3327;20,305;1,41356643825821
3328;20,309;1,363459002124
3329;20,313;1,28743270896196
3330;20,317;1,06592182321856
3331;20,321;0,986364350624931
3332;20,325;1,00998794102224
3333;20,329;0,907159995974456
3334;20,334;0,884842941966832
3335;20,338;0,836501095548419
3336;20,342;0,716158500519966
3337;20,346;0,681906060033582
3338;20,350;0,603725747418266
3339;20,354;0,639567218648865
3340;20,358;0,593909068598457
3341;20,362;0,559021015814387
3342;20,367;0,529253173206117
3343;20,371;0,444787361202579
3344;20,375;0,418727256997473
3345;20,379;0,403507873647338
3346;20,383;0,367595778828108
3347;20,387;0,380802389902239
3348;20,391;0,370703216727903
3349;20,395;0,363534922481784
3350;20,400;0,308942888469463
3351;20,404;0,305482332626509
3352;20,408;0,290262949276373
3353;20,412;0,245311035112283
3354;20,416;0,269075872686857
3355;20,420;0,258870764129573
3356;20,424;0,227690449748668
3357;20,428;0,243792627956701
3358;20,433;0,23637715115037
3359;20,437;0,226489848741929
3360;20,441;0,242874521304488
3361;20,445;0,173486845473822
3362;20,449;0,152723510416097
3363;20,453;0,191460548780595
3364;20,457;0,152511639650201
3365;20,461;0,158373397506634
3366;20,465;0,134573248137744
3367;20,470;0,13111269229479
3368;20,474;0,135879784527431
3369;20,478;0,137857245009119
3370;20,482;0,139199093193122
3371;20,486;0,106959424982741
3372;20,490;0,10364011631705
3373;20,494;0,12412095702025
3374;20,498;0,112644623867595
3375;20,503;0,125427493409936
3376;20,507;0,108054090606533
3377;20,511;0,102404203515995
3378;20,515;0,0939999964688206
3379;20,519;0,0881735504067036
3380;20,523;0,0908219349803931
3381;20,527;0,101874526601257
3382;20,531;0,0702704706885623
3383;20,536;0,0772622059631027
3384;20,540;0,0844658120035382
3385;20,544;0,079204354650475
3386;20,548;0,0844305002092224
3387;20,552;0,107771596252006
3388;20,556;0,101132978920624
3389;20,560;0,083018028436588
3390;20,564;0,130053338465314
3391;20,569;0,100391431239991
3392;20,573;0,127299018508677
3393;20,577;0,102969192225049
3394;20,581;0,0953771564471391
3395;20,585;0,122708485247615
3396;20,589;0,10876032649285
3397;20,593;0,0697407937738244
3398;20,597;0,0745431978007814
3399;20,602;0,0854545422443823
3400;20,606;0,0785334305584737
3401;20,610;0,0660330553706591
3402;20,614;0,088314797583967
3403;20,618;0,0695289230079293
3404;20,622;0,0730601024395153
3405;20,626;0,056428247316745
3406;20,630;0,0520142730272625
3407;20,634;0,057452289351905
3408;20,639;0,0580172780609588
3409;20,643;0,0555101406645327
3410;20,647;0,0610894041664386
3411;20,651;0,0462937623480931
3412;20,655;0,0597828677767518
3413;20,659;0,0774034531403661
3414;20,663;0,102333579927364
3415;20,667;0,126486847239412
3416;20,672;0,0879969914351243
3417;20,676;0,106853489599794
3418;20,680;0,115222384852653
3419;20,684;0,111867764392646
3420;20,688;0,0915281708667103
3421;20,692;0,111691205421067
3422;20,696;0,112962430016438
3423;20,700;0,0664214851081335
3424;20,705;0,0554395170759009
3425;20,709;0,0917400416326055
3426;20,713;0,0876085616976498
3427;20,717;0,101486096863783
3428;20,721;0,136126967087642
3429;20,725;0,272818922884338
3430;20,729;0,605208842779533
3431;20,733;1,08566111624113
3432;20,738;1,99225612350653
3433;20,742;3,4747511842693
3434;20,746;5,75596372066252
3435;20,750;8,65414392734245
3436;20,754;12,839156542481
3437;20,758;16,874305902543
3438;20,762;21,5948218784815
3439;20,766;26,1633205798903
3440;20,771;29,5869402859902
3441;20,775;31,0136073999396
3442;20,779;31,5680025706986
3443;20,783;30,0488891792303
3444;20,787;27,1051920696772
3445;20,791;23,4766580211624
3446;20,795;19,4548918311461
3447;20,799;15,4956628288632
3448;20,803;12,2242722680589
3449;20,808;9,68146995937378
3450;20,812;7,36713495991229
3451;20,816;5,82129054014686
3452;20,820;4,65850846511989
3453;20,824;3,68273765278972
3454;20,828;3,02318395855808
3455;20,832;2,45332222188872
3456;20,836;2,03445371771399
3457;20,841;1,75948077537638
3458;20,845;1,50378807273523
3459;20,849;1,33354991233847
3460;20,853;1,1739759138251
3461;20,857;0,964329790971834
3462;20,861;0,893564955162849
3463;20,865;0,743913570852233
3464;20,869;0,689392160428544
3465;20,874;0,692040545002233
3466;20,878;0,623959405561255
3467;20,882;0,59260253220877
3468;20,886;0,635117932565066
3469;20,890;0,615519886719764
3470;20,894;0,56428247316745
3471;20,898;0,543448514521093
3472;20,902;0,520107418478309
3473;20,907;0,54048232379856
3474;20,911;0,537304262310133
3475;20,915;0,467881274685151
3476;20,919;0,457464295361972
3477;20,923;0,422364371812007
3478;20,927;0,414560465268202
3479;20,931;0,360957161496726
3480;20,935;0,344254682785324
3481;20,940;0,285601792426679
3482;20,944;0,288356112383317
3483;20,948;0,256822680059253
3484;20,952;0,234858743994788
3485;20,956;0,248842214543869
3486;20,960;0,215119450972222
3487;20,964;0,210740788477055
3488;20,968;0,191919602106702
3489;20,972;0,187682186788798
3490;20,977;0,186552209370691
3491;20,981;0,16540044457549
3492;20,985;0,133831700457111
3493;20,989;0,127263706714361
3494;20,993;0,163352360505171
3495;20,997;0,106959424982741
3496;21,001;0,114763331526547
3497;21,005;0,117305780717288
3498;21,010;0,116246426887813
3499;21,014;0,0856311012159616
3500;21,018;0,117729522249079
3501;21,022;0,0897625811509173
3502;21,026;0,0979549174321969
3503;21,030;0,0993673892048314
3504;21,034;0,0771562705801551
3505;21,038;0,110914345946118
3506;21,043;0,110278733648432
3507;21,047;0,100250184062728
3508;21,051;0,104028546054525
3509;21,055;0,0794868490050019
3510;21,059;0,0849601771239603
3511;21,063;0,078709989530053
3512;21,067;0,092622836490502
3513;21,071;0,0708354593976161
3514;21,076;0,0733779085883581
3515;21,080;0,0734132203826739
3516;21,084;0,0555454524588485
3517;21,088;0,075425992658678
3518;21,092;0,0555454524588485
3519;21,096;0,0520142730272625
3520;21,100;0,0520848966158942
3521;21,104;0,0564988709053768
3522;21,109;0,0833358345854307
3523;21,113;0,0745431978007814
3524;21,117;0,0944943615892426
3525;21,121;0,114516148966336
3526;21,125;0,177335831054251
3527;21,129;0,357920347185562
3528;21,133;0,681199824147264
3529;21,137;1,31720055157023
3530;21,141;2,62105324488906
3531;21,146;4,50875114542633
3532;21,150;7,17083669531042
3533;21,154;11,0695059703416
3534;21,158;15,543157192218
3535;21,162;20,5511111738876
3536;21,166;25,7862259283912
3537;21,170;30,6508493369328
3538;21,174;33,956774832578
3539;21,179;35,152997176822
3540;21,183;34,1965419159826
3541;21,187;31,4016133958823
3542;21,191;28,3599260571027
3543;21,195;23,8960208904575
3544;21,199;19,1286461634618
3545;21,203;14,9502015420661
3546;21,207;11,6653924994218
3547;21,212;9,00076450034694
3548;21,216;6,97612746145276
3549;21,220;5,40997875995572
3550;21,224;4,25567151556456
3551;21,228;3,42245441688751
3552;21,232;2,71272266293303
3553;21,236;2,36437181200707
3554;21,240;1,99370390707348
3555;21,245;1,64122157621256
3556;21,249;1,46734630100127
3557;21,253;1,26670468569855
3558;21,257;1,12524563766921
3559;21,261;0,963588243291201
3560;21,265;0,809593508279733
3561;21,269;0,799953388431503
3562;21,273;0,755389904004887
3563;21,278;0,641968420662343
3564;21,282;0,586952645118233
3565;21,286;0,486349343112346
3566;21,290;0,505664894603122
3567;21,294;0,520707718981678
3568;21,298;0,434017263936241
3569;21,302;0,420492846713266
3570;21,306;0,403684432618917
3571;21,310;0,37900148839213
3572;21,315;0,41816226828842
3573;21,319;0,370102916224534
3574;21,323;0,385463546751933
3575;21,327;0,340546944382158
3576;21,331;0,312191573546522
3577;21,335;0,314486840177053
3578;21,339;0,336274217269939
3579;21,343;0,316287741687162
3580;21,348;0,263214114830424
3581;21,352;0,217838459134543
3582;21,356;0,238072117277531
3583;21,360;0,241426737737538
3584;21,364;0,247076624828076
3585;21,368;0,222782110338764
3586;21,372;0,212188572044006
3587;21,376;0,195309534361024
3588;21,381;0,163458295888118
3589;21,385;0,178042066940568
3590;21,389;0,164482337923278
3591;21,393;0,18570472630711
3592;21,397;0,154524411926205
3593;21,401;0,144283991574606
3594;21,405;0,164764832277805
3595;21,409;0,164623585100542
3596;21,414;0,158726515449793
3597;21,418;0,13912846960449
3598;21,422;0,129347102578997
3599;21,426;0,139693458313544
3600;21,430;0,123238162162353
3601;21,434;0,159220880570215
3602;21,438;0,0949534149153488
3603;21,442;0,116140491504865
3604;21,447;0,0996498835593582
3605;21,451;0,111514646449487
3606;21,455;0,0849954889182762
3607;21,459;0,107418478308848
3608;21,463;0,127546201068888
3609;21,467;0,121931625772666
3610;21,471;0,106570995245267
3611;21,475;0,146685193588084
3612;21,479;0,0902216344770235
3613;21,484;0,0861960899250154
3614;21,488;0,0964365102766149
3615;21,492;0,100815172771782
3616;21,496;0,0710473301635113
3617;21,500;0,101556720452415
3618;21,504;0,0724244901418298
3619;21,508;0,0797340315652129
3620;21,512;0,0755672398359414
3621;21,517;0,0530030032681066
3622;21,521;0,0877498088749133
3623;21,525;0,0585822667700125
3624;21,529;0,0685401927670852
3625;21,533;0,0516611550841039
3626;21,537;0,0720713721986712
3627;21,541;0,070870771191932
3628;21,545;0,0477062341207275
3629;21,550;0,0477768577093592
3630;21,554;0,0615484574925448
3631;21,558;0,0795927843879495
3632;21,562;0,0332637102455406
3633;21,566;0,0421622824131374
3634;21,570;0,0649737015411833
3635;21,574;0,0605244154573848
3636;21,578;0,0744725742121497
3637;21,583;0,06935236403635
3638;21,587;0,0797340315652129
3639;21,591;0,0482712228297813
3640;21,595;0,0868670140170168
3641;21,599;0,0728129198793043
3642;21,603;0,0763794111052062
3643;21,607;0,0766265936654172
3644;21,611;0,0657152492218163
3645;21,616;0,0772975177574186
3646;21,620;0,0679045804693997
3647;21,624;0,0641262184776026
3648;21,628;0,0661389907536067
3649;21,632;0,0451284731356697
3650;21,636;0,06935236403635
3651;21,640;0,0772268941687868
3652;21,644;0,0506371130489439
3653;21,648;0,0658564963990798
3654;21,653;0,0588294493302235
3655;21,657;0,0348527409897543
3656;21,661;0,0451284731356697
3657;21,665;0,0395138978394479
3658;21,669;0,0550863991327423
3659;21,673;0,0633140472083378
3660;21,677;0,0520142730272625
3661;21,681;0,0505311776659963
3662;21,686;0,0714004481066699
3663;21,690;0,0956243390073502
3664;21,694;0,180443268954047
3665;21,698;0,27928098124414
3666;21,702;0,545849716534571
3667;21,706;1,07683316766216
3668;21,710;2,03678429613883
3669;21,714;3,61515087846916
3670;21,719;5,82333862421718
3671;21,723;9,09702445165197
3672;21,727;13,0256028164687
3673;21,731;17,4641541147951
3674;21,735;22,5165656455084
3675;21,739;27,0998246769412
3676;21,743;30,6734135735006
3677;21,747;32,5362166590452
3678;21,752;33,1902617133636
3679;21,756;32,0191107430837
3680;21,760;28,9999170172834
3681;21,764;24,7765911053121
3682;21,768;20,6343057612958
3683;21,772;16,4894779680887
3684;21,776;13,0274743415675
3685;21,780;10,1848042755521
3686;21,785;7,78702750612218
3687;21,789;6,36943552331196
3688;21,793;4,88754076305256
3689;21,797;3,79495853512552
3690;21,801;3,14303218846611
3691;21,805;2,63832071230952
3692;21,809;2,28025911794669
3693;21,813;1,85408107234857
3694;21,817;1,66163179332713
3695;21,822;1,42514870679381
3696;21,826;1,28760926793354
3697;21,830;1,09689026683357
3698;21,834;0,949145719416014
3699;21,838;0,906842189825613
3700;21,842;0,80186022532456
3701;21,846;0,721066839929871
3702;21,850;0,635576985891173
3703;21,855;0,611070600635965
3704;21,859;0,576111924263264
3705;21,863;0,5862110974376
3706;21,867;0,509655127360814
3707;21,871;0,44997819496701
3708;21,875;0,459865497375451
3709;21,879;0,428190817874124
3710;21,883;0,371833194146011
3711;21,888;0,387335071850674
3712;21,892;0,433063845489713
3713;21,896;0,445528908883212
3714;21,900;0,505876765369017
3715;21,904;0,569332059754618
3716;21,908;0,65641094453753
3717;21,912;0,762169768513532
3718;21,916;0,886467284505361
3719;21,921;0,965671639155836
3720;21,925;1,09219379818956
3721;21,929;1,19551610835777
3722;21,933;1,15307133159011
3723;21,937;1,11705330138793
3724;21,941;1,03442370268882
3725;21,945;1,02217051006121
3726;21,949;0,843704701588854
3727;21,954;0,799882764842871
3728;21,958;0,662237390599647
3729;21,962;0,566895545946824
3730;21,966;0,469434993635049
3731;21,970;0,46021861531861
3732;21,974;0,382779850383927
3733;21,978;0,339911332084473
3734;21,982;0,310743789979572
3735;21,986;0,284718997568783
3736;21,991;0,230056339967831
3737;21,995;0,208586769023788
3738;21,999;0,205797137272835
3739;22,003;0,209999240796422
3740;22,007;0,143436508511025
3741;22,011;0,143154014156498
3742;22,015;0,113421483342544
3743;22,019;0,155654389344313
3744;22,024;0,121543196035192
3745;22,028;0,142659649036076
3746;22,032;0,146049581290399
3747;22,036;0,125851234941727
3748;22,040;0,0709060829862478
3749;22,044;0,128817425664259
3750;22,048;0,097425240517459
3751;22,052;0,081499621281006
3752;22,057;0,0768031526369965
3753;22,061;0,117058598157077
3754;22,065;0,117411716100236
3755;22,069;0,101062355331993
3756;22,073;0,142730272624708
3757;22,077;0,242380156184066
3758;22,081;0,422117189251796
3759;22,085;0,814643094866901
3760;22,090;1,54729220333237
3761;22,094;2,86809455792282
3762;22,098;4,97122971558115
3763;22,102;7,89525815570029
3764;22,106;12,3474044948383
3765;22,110;18,1274155474299
3766;22,114;25,5671162446613
3767;22,118;33,5969476484993
3768;22,123;43,0786940992226
3769;22,127;52,8932188995786
3770;22,131;61,5337324743151
3771;22,135;69,4624662110268
3772;22,139;74,9728010904282
3773;22,143;75,138342782181
3774;22,147;70,1300709943625
3775;22,151;62,287674594753
3776;22,155;52,0435818165446
3777;22,160;41,4721840168225
3778;22,164;32,2523098327457
3779;22,168;24,8823852410824
3780;22,172;18,7495740514811
3781;22,176;14,6625163537747
3782;22,180;11,1823977767694
3783;22,184;8,79645045843537
3784;22,188;7,22073226067873
3785;22,193;5,90074207735755
3786;22,197;4,88302085338013
3787;22,201;4,33558210610135
3788;22,205;3,6245791275515
3789;22,209;3,20818244897887
3790;22,213;2,79655286263889
3791;22,217;2,49989847859134
3792;22,221;2,16182335981129
3793;22,226;1,91502922933774
3794;22,230;1,76121105329786
3795;22,234;1,57801346438717
3796;22,238;1,4447114408448
3797;22,242;1,31208034139443
3798;22,246;1,24180987070587
3799;22,250;1,18259199163817
3800;22,254;1,07429071847142
3801;22,259;1,03050409351976
3802;22,263;0,928558943329867
3803;22,267;0,832899292528201
3804;22,271;0,80228396685635
3805;22,275;0,794338813135281
3806;22,279;0,681623565679055
3807;22,283;0,653409442020682
3808;22,287;0,638295994053494
3809;22,292;0,572545433037362
3810;22,296;0,54005858226677
3811;22,300;0,516117185720617
3812;22,304;0,497825676265001
3813;22,308;0,437477819779195
3814;22,312;0,449625077023851
3815;22,316;0,451320043151013
3816;22,320;0,367172037296317
3817;22,324;0,387546942616569
3818;22,329;0,347362120685119
3819;22,333;0,357284734887876
3820;22,337;0,335144239851832
3821;22,341;0,335144239851832
3822;22,345;0,339876020290157
3823;22,349;0,28704957599363
3824;22,353;0,278504121769192
3825;22,357;0,258976699512521
3826;22,362;0,26180164305779
3827;22,366;0,269323055247068
3828;22,370;0,25318556524472
3829;22,374;0,236235903973107
3830;22,378;0,242380156184066
3831;22,382;0,235847474235632
3832;22,386;0,246723506884917
3833;22,390;0,305093902889034
3834;22,395;0,441644611508467
3835;22,399;0,648183296461935
3836;22,403;1,14498493069178
3837;22,407;1,98702997794778
3838;22,411;3,35292549387958
3839;22,415;5,30934014615552
3840;22,419;8,23951283848562
3841;22,423;11,6729845351997
3842;22,428;16,2487574662375
3843;22,432;21,0338234021854
3844;22,436;25,6737225517009
3845;22,440;30,0936292226285
3846;22,444;32,741448807609
3847;22,448;34,4428063695415
3848;22,452;34,1197034515513
3849;22,456;32,0014548459258
3850;22,461;28,4678742123263
3851;22,465;24,3483649756437
3852;22,469;20,3729631715641
3853;22,473;16,3299039695754
3854;22,477;12,7211092140831
3855;22,481;10,078480462867
3856;22,485;7,7527750656358
3857;22,489;6,24821013342561
3858;22,493;4,90713880889787
3859;22,498;3,9298142776178
3860;22,502;3,2607970225095
3861;22,506;2,73175572006928
3862;22,510;2,33891200830533
3863;22,514;2,01220728729499
3864;22,518;1,74468513355803
3865;22,522;1,45604652682019
3866;22,526;1,36377680827285
3867;22,531;1,22655517556141
3868;22,535;1,14138312767156
3869;22,539;1,04166262052357
3870;22,543;0,921531896261011
3871;22,547;0,895365856672958
3872;22,551;0,974111157997327
3873;22,555;1,03551836831261
3874;22,559;1,44891354436839
3875;22,564;2,09307129627831
3876;22,568;3,3407076130463
3877;22,572;5,37886906916345
3878;22,576;8,67921530130671
3879;22,580;13,0435765197755
3880;22,584;19,1806957482834
3881;22,588;27,106286735301
3882;22,592;35,9218761862556
3883;22,597;45,5216699653768
3884;22,601;54,4106373249197
3885;22,605;61,81891052521
3886;22,609;66,7831838173109
3887;22,613;68,0639072853528
3888;22,617;67,0831575100241
3889;22,621;61,6304867907405
3890;22,625;53,2950318070987
3891;22,630;44,7833356580265
3892;22,634;35,5009242862162
3893;22,638;27,5662228562651
3894;22,642;21,4252193303824
3895;22,646;16,486935518898
3896;22,650;12,8787763757034
3897;22,654;10,0690169019904
3898;22,658;8,06609661660043
3899;22,662;6,70736939491475
3900;22,667;5,55408619255875
3901;22,671;4,73767750797605
3902;22,675;4,0487090890793
3903;22,679;3,57673164625351
3904;22,683;3,14656336789769
3905;22,687;2,73998336814488
3906;22,691;2,44198713591333
3907;22,695;2,22047625016994
3908;22,700;2,03438309412535
3909;22,704;1,75100594474057
3910;22,708;1,65979558002271
3911;22,712;1,58910136780235
3912;22,716;1,48895711912257
3913;22,720;1,32535757605719
3914;22,724;1,29061077045038
3915;22,728;1,17422309638531
3916;22,733;1,17881362964637
3917;22,737;1,18255667984385
3918;22,741;1,05529297312949
3919;22,745;1,01182415432667
3920;22,749;0,941871489786946
3921;22,753;0,814360600512374
3922;22,757;0,783356845103049
3923;22,761;0,731095389515575
3924;22,766;0,718277208178918
3925;22,770;0,597934613150465
3926;22,774;0,60241921102858
3927;22,778;0,505523647425859
3928;22,782;0,50559427101449
3929;22,786;0,486208095935083
3930;22,790;0,475614557640325
3931;22,794;0,470564971053157
3932;22,799;0,455027781554178
3933;22,803;0,435111929560033
3934;22,807;0,398705469620381
3935;22,811;0,40195415469744
3936;22,815;0,382497356029401
3937;22,819;0,400012006010067
3938;22,823;0,318371137551798
3939;22,827;0,357708476419667
3940;22,831;0,339628837729946
3941;22,836;0,326845968187605
3942;22,840;0,324338830791178
3943;22,844;0,304140484442506
3944;22,848;0,308236652583146
3945;22,852;0,236306527561738
3946;22,856;0,255374896492303
3947;22,860;0,238778353163848
3948;22,864;0,257211109796728
3949;22,869;0,233834701959628
3950;22,873;0,229915092790568
3951;22,877;0,219709984233284
3952;22,881;0,205267460358097
3953;22,885;0,196404199984816
3954;22,889;0,224653635437504
3955;22,893;0,214942892000643
3956;22,897;0,205691201889887
3957;22,902;0,226772343096456
3958;22,906;0,186799391930902
3959;22,910;0,229420727670145
3960;22,914;0,203078129110514
3961;22,918;0,249901568373345
3962;22,922;0,307918846434303
3963;22,926;0,403649120824601
3964;22,930;0,680422964672315
3965;22,935;1,32638161809235
3966;22,939;2,30444769705305
3967;22,943;3,79845440276279
3968;22,947;6,32190584816282
3969;22,951;9,70982533020942
3970;22,955;13,6975862622995
3971;22,959;18,4133351460054
3972;22,963;23,583723381528
3973;22,968;27,827812628557
3974;22,972;30,8333406899572
3975;22,976;31,8899755112706
3976;22,980;31,8169154088311
3977;22,984;29,6187562126688
3978;22,988;26,3542161399618
3979;22,992;22,3040239555213
3980;22,996;18,1510038260329
3981;23,000;14,4978574568799
3982;23,005;11,6497493745398
3983;23,009;9,11746998056086
3984;23,013;7,09699973339595
3985;23,017;5,81645282432559
3986;23,021;4,76617412598895
3987;23,025;3,85018618143553
3988;23,029;3,22273090823701
3989;23,033;2,72423430788
3990;23,038;2,34957617018872
3991;23,042;2,06708181566184
3992;23,046;1,80549204336995
3993;23,050;1,54079483317826
3994;23,054;1,46349731542084
3995;23,058;1,20854616046032
3996;23,062;1,11179184403487
3997;23,066;1,01669718194225
3998;23,071;0,935303496044196
3999;23,075;0,860866233626362
4000;23,079;0,798011239744131
4001;23,083;0,712521385705433
4002;23,087;0,648112672873303
4003;23,091;0,63568292127412
4004;23,095;0,546944382158363
4005;23,099;0,523603286115579
4006;23,104;0,529500355766328
4007;23,108;0,467563468536308
4008;23,112;0,449236647286377
4009;23,116;0,41593762524652
4010;23,120;0,396869256315956
4011;23,124;0,392879023558264
4012;23,128;0,339734773112894
4013;23,132;0,365088641431681
4014;23,137;0,341535674623002
4015;23,141;0,321867005189068
4016;23,145;0,315087140680423
4017;23,149;0,37652966279002
4018;23,153;0,349551451932703
4019;23,157;0,330730265562349
4020;23,161;0,329176546612451
4021;23,165;0,328364375343187
4022;23,169;0,300220875273446
4023;23,174;0,311626584837469
4024;23,178;0,314451528382737
4025;23,182;0,289344842624161
4026;23,186;0,264061597894005
4027;23,190;0,267451530148327
4028;23,194;0,212223883838321
4029;23,198;0,218862501169703
4030;23,202;0,270311785487912
4031;23,207;0,26120134255442
4032;23,211;0,217167535042542
4033;23,215;0,238743041369533
4034;23,219;0,241850479269328
4035;23,223;0,254068360102616
4036;23,227;0,212647625370112
4037;23,231;0,242274220801119
4038;23,235;0,245770088438389
4039;23,240;0,256010508789988
4040;23,244;0,248347849423447
4041;23,248;0,245770088438389
4042;23,252;0,205444019329676
4043;23,256;0,214695709440432
4044;23,260;0,187223133462692
4045;23,264;0,163069866150644
4046;23,268;0,172427491644347
4047;23,273;0,16148083540643
4048;23,277;0,187929369349009
4049;23,281;0,183868513002685
4050;23,285;0,205090901386518
4051;23,289;0,233128466073311
4052;23,293;0,403543185441653
4053;23,297;0,650761057446993
4054;23,301;1,06747554216846
4055;23,306;1,97675424580187
4056;23,310;3,25924330355961
4057;23,314;5,41880670853468
4058;23,318;8,49301620987918
4059;23,322;12,1373346304532
4060;23,326;16,3466770718754
4061;23,330;20,6031607587092
4062;23,334;25,1784393246266
4063;23,338;28,2612295919899
4064;23,343;30,178200970015
4065;23,347;29,9872700981491
4066;23,351;28,640231080382
4067;23,355;26,0400117941393
4068;23,359;22,3950577612676
4069;23,363;18,2063020959316
4070;23,367;15,0121384292961
4071;23,371;11,7635592876199
4072;23,376;9,30935427087324
4073;23,380;7,29802977843615
4074;23,384;5,74039121936923
4075;23,388;4,70056481215008
4076;23,392;3,76377822074462
4077;23,396;3,11354684021237
4078;23,400;2,50706677283746
4079;23,404;2,10800818527392
4080;23,409;1,79747626606025
4081;23,413;1,68949279904234
4082;23,417;1,41716824127843
4083;23,421;1,22097591205951
4084;23,425;1,11299244504161
4085;23,429;1,01712092347405
4086;23,433;0,965530391978573
4087;23,437;0,946673893813903
4088;23,442;0,819622057865437
4089;23,446;0,836607030931366
4090;23,450;0,710861731372587
4091;23,454;0,675126195524936
4092;23,458;0,561280970650602
4093;23,462;0,575229129405367
4094;23,466;0,562870001394816
4095;23,470;0,546485328832257
4096;23,475;0,480169779107071
4097;23,479;0,545567222180044
4098;23,483;0,468834693131679
4099;23,487;0,455380899497337
4100;23,491;0,400400435747542
4101;23,495;0,400965424456596
4102;23,499;0,405273463363131
4103;23,503;0,375434997166229
4104;23,507;0,35742598206514
4105;23,512;0,339946643878789
4106;23,516;0,359226883575249
4107;23,520;0,341323803857107
4108;23,524;0,369855733664323
4109;23,528;0,29156948566606
4110;23,532;0,31844176114043
4111;23,536;0,258588269775046
4112;23,540;0,239908330581956
4113;23,545;0,257140486208096
4114;23,549;0,229314792287198
4115;23,553;0,230515393293937
4116;23,557;0,184751307860582
4117;23,561;0,231539435329097
4118;23,565;0,182102923286892
4119;23,569;0,206468061364836
4120;23,573;0,161304276434851
4121;23,578;0,166283239433387
4122;23,582;0,158514644683898
4123;23,586;0,168013517354864
4124;23,590;0,140435005994177
4125;23,594;0,151876027352516
4126;23,598;0,180655139719942
4127;23,602;0,175111188012352
4128;23,606;0,154806906280732
4129;23,611;0,137045073739854
4130;23,615;0,138210362952278
4131;23,619;0,154806906280732
4132;23,623;0,150110437636723
4133;23,627;0,170803149105817
4134;23,631;0,12906460822447
4135;23,635;0,146261452056294
4136;23,639;0,156395937024946
4137;23,644;0,14774454741756
4138;23,648;0,122637861658983
4139;23,652;0,132525164067424
4140;23,656;0,146190828467662
4141;23,660;0,135561978378588
4142;23,664;0,108477832138323
4143;23,668;0,137857245009119
4144;23,672;0,126345600062149
4145;23,676;0,135809160938799
4146;23,681;0,14732080588577
4147;23,685;0,174652134686246
4148;23,689;0,137009761945539
4149;23,693;0,154559723720521
4150;23,697;0,143930873631447
4151;23,701;0,146014269496083
4152;23,705;0,119565735553504
4153;23,709;0,129876779493735
4154;23,714;0,170414719368343
4155;23,718;0,150181061225355
4156;23,722;0,139446275753333
4157;23,726;0,146190828467662
4158;23,730;0,131289251266369
4159;23,734;0,130300521025525
4160;23,738;0,13153643382658
4161;23,742;0,121790378595403
4162;23,747;0,150922608905988
4163;23,751;0,15798496776916
4164;23,755;0,132419228684477
4165;23,759;0,125462805204252
4166;23,763;0,10381667528863
4167;23,767;0,131783616386791
4168;23,771;0,126698718005307
4169;23,775;0,140223135228282
4170;23,780;0,0957655861846136
4171;23,784;0,134467312754797
4172;23,788;0,139234404987438
4173;23,792;0,145908334113135
4174;23,796;0,0959774569505088
4175;23,800;0,122425990893088
4176;23,804;0,201277227600405
4177;23,808;0,280128464307721
4178;23,813;0,395598031720585
4179;23,817;0,723114924000191
4180;23,821;1,22115247103109
4181;23,825;2,27803447490479
4182;23,829;3,824302636202
4183;23,833;5,95215604988144
4184;23,837;8,84613415303779
4185;23,841;12,4717373226244
4186;23,845;16,8493051521674
4187;23,850;20,2391667829013
4188;23,854;23,7705227734589
4189;23,858;26,2811913493166
4190;23,862;27,3276563738672
4191;23,866;27,8965293802957
4192;23,870;27,6386120346126
4193;23,874;26,7857262665016
4194;23,878;27,0000688579989
4195;23,883;28,2005286175609
4196;23,887;31,3758004742374
4197;23,891;35,995148159461
4198;23,895;41,9035528961851
4199;23,899;49,7717269056451
4200;23,903;58,6094215398414
4201;23,907;67,8343453105054
4202;23,911;75,2477034091772
4203;23,916;80,5451081688539
4204;23,920;82,1929683623979
4205;23,924;79,2211277527751
4206;23,928;72,0096118704128
4207;23,932;61,0558579618385
4208;23,936;49,1580079204355
4209;23,940;38,96924872392
4210;23,944;30,0832122433053
4211;23,949;23,2848796662329
4212;23,953;18,069963258078
4213;23,957;13,9818108947479
4214;23,961;11,2508320341536
4215;23,965;9,29844292642964
4216;23,969;7,76771195463141
4217;23,973;6,65800350646118
4218;23,977;5,87397573726613
4219;23,982;5,05209372456447
4220;23,986;4,53191568249753
4221;23,990;4,03723275592664
4222;23,994;3,83842735392835
4223;23,998;3,61755208048264
4224;24,002;3,40402166025463
4225;24,006;3,33360994238881
4226;24,010;3,0764341443864
4227;24,014;3,03981581368085
4228;24,019;2,8974386589993
4229;24,023;2,78645368946455
4230;24,027;2,66070838990577
4231;24,031;2,4835491178231
4232;24,035;2,22277151680047
4233;24,039;2,04080984069084
4234;24,043;1,84514718838666
4235;24,047;1,75700894977427
4236;24,052;1,51325163361188
4237;24,056;1,42497214782223
4238;24,060;1,34315472039238
4239;24,064;1,21394886499065
4240;24,068;1,15031701163347
4241;24,072;1,03558899190124
4242;24,076;0,985481555767034
4243;24,080;0,956384637250765
4244;24,085;0,917506351709003
4245;24,089;0,854051057323401
4246;24,093;0,80577983449362
4247;24,097;0,791337310618433
4248;24,101;0,776506357005772
4249;24,105;0,693382393186236
4250;24,109;0,674702453993146
4251;24,113;0,629891787006319
4252;24,118;0,600018009015101
4253;24,122;0,561316282444918
4254;24,126;0,591260684024768
4255;24,130;0,599735514660574
4256;24,134;0,650513874886782
4257;24,138;0,763511616697535
4258;24,142;0,966130692481942
4259;24,146;1,38517575562826
4260;24,151;2,08350180001872
4261;24,155;3,40070235158894
4262;24,159;5,1051320396269
4263;24,163;7,62872473220418
4264;24,167;10,996657738668
4265;24,171;14,530732737388
4266;24,175;18,5387273276211
4267;24,179;22,0405979699249
4268;24,184;24,2204303448373
4269;24,188;25,8813912140725
4270;24,192;25,6428600434688
4271;24,196;24,444766174126
4272;24,200;21,5641712410154
4273;24,204;18,7779294223167
4274;24,208;15,4583735740656
4275;24,212;12,693495390928
4276;24,216;10,206485717262
4277;24,221;7,907970401654
4278;24,225;6,31904559282323
4279;24,229;5,07469327292662
4280;24,233;4,12745439040367
4281;24,237;3,3338218131547
4282;24,241;2,85086240229668
4283;24,245;2,37718999334373
4284;24,249;2,11849578818573
4285;24,254;1,88681510567937
4286;24,258;1,61487897765293
4287;24,262;1,42980986364351
4288;24,266;1,25646426534695
4289;24,270;1,14053564460798
4290;24,274;1,06193159046087
4291;24,278;1,04766562555726
4292;24,282;1,05038463371959
4293;24,287;0,962211083312882
4294;24,291;0,861042792597942
4295;24,295;0,882936105073775
4296;24,299;0,879758043585348
4297;24,303;1,01976930804773
4298;24,307;1,32528695246856
4299;24,311;1,8617084199208
4300;24,315;2,982257588946
4301;24,320;4,45327631655611
4302;24,324;7,00829650607451
4303;24,328;10,1634759517853
4304;24,332;14,5131474638187
4305;24,336;19,2155131774788
4306;24,340;24,8882823107332
4307;24,344;29,9677073640981
4308;24,348;34,4163225238046
4309;24,353;36,6110917877126
4310;24,357;36,9855380546379
4311;24,361;35,6959513262227
4312;24,365;32,3981122314759
4313;24,369;28,1509861701358
4314;24,373;23,4388744012444
4315;24,377;18,6452276992777
4316;24,381;14,9159137897854
4317;24,385;11,790855304626
4318;24,390;9,44565779693246
4319;24,394;7,56336260092552
4320;24,398;6,21194492066323
4321;24,402;5,02327930040273
4322;24,406;4,24034619683147
4323;24,410;3,60551075862093
4324;24,414;3,02431393597619
4325;24,418;2,60678727998545
4326;24,423;2,34586843178556
4327;24,427;2,18000893388396
4328;24,431;1,88893381333832
4329;24,435;1,71731849296324
4330;24,439;1,55827417136461
4331;24,443;1,45046726331828
4332;24,447;1,33701046818142
4333;24,451;1,29703751701587
4334;24,456;1,16472422371434
4335;24,460;1,12704653917932
4336;24,464;0,994486063317578
4337;24,468;0,943672391297055
4338;24,472;0,937881257029254
4339;24,476;0,88784444448368
4340;24,480;0,817220855851959
4341;24,484;0,867469539163428
4342;24,489;0,864609283823844
4343;24,493;0,768314020724492
4344;24,497;0,791902299327487
4345;24,501;0,683141972834637
4346;24,505;0,672689681717142
4347;24,509;0,695607036228135
4348;24,513;0,648924844142568
4349;24,517;0,587447010238655
4350;24,522;0,56982642487504
4351;24,526;0,571627326385149
4352;24,530;0,512056329374293
4353;24,534;0,521661137428207
4354;24,538;0,491045811756356
4355;24,542;0,506971430992809
4356;24,546;0,47437864483927
4357;24,550;0,590024771223713
4358;24,554;0,575476311965578
4359;24,559;0,664744527996073
4360;24,563;0,669864738171873
4361;24,567;0,565200579819663
4362;24,571;0,568873006428512
4363;24,575;0,499520642392162
4364;24,579;0,448848217548902
4365;24,583;0,437760314133722
4366;24,587;0,434546940850979
4367;24,592;0,348492098103227
4368;24,596;0,353294502130184
4369;24,600;0,345172789437536
4370;24,604;0,360250925610409
4371;24,608;0,363428987098836
4372;24,612;0,313533421730525
4373;24,616;0,270064602927701
4374;24,620;0,350893300116705
4375;24,625;0,330200588647611
4376;24,629;0,349374892961124
4377;24,633;0,314169034028211
4378;24,637;0,296407201487333
4379;24,641;0,315051828886107
4380;24,645;0,327693451251185
4381;24,649;0,294253182034065
4382;24,653;0,286484587284576
4383;24,658;0,260565730256734
4384;24,662;0,283094655030253
4385;24,666;0,295736277395331
4386;24,670;0,32380915387644
4387;24,674;0,257599539534202
4388;24,678;0,316746795013268
4389;24,682;0,348244915543016
4390;24,686;0,4161141842181
4391;24,691;0,647759554930144
4392;24,695;0,997487565834427
4393;24,699;1,62826214769864
4394;24,703;2,72285714790168
4395;24,707;4,51994498422446
4396;24,711;7,28210415919969
4397;24,715;10,8326697658651
4398;24,719;15,6619813800909
4399;24,723;20,8070863708833
4400;24,728;26,8723107861641
4401;24,732;32,6461775865448
4402;24,736;37,5425462981763
4403;24,740;40,8847723183782
4404;24,744;41,8572238220427
4405;24,748;40,3564725636186
4406;24,752;36,8308723955345
4407;24,756;31,5641182733239
4408;24,761;26,4802086220808
4409;24,765;21,0517617936979
4410;24,769;16,6477807420067
4411;24,773;13,0228838083064
4412;24,777;10,2134421407422
4413;24,781;8,02449932289634
4414;24,785;6,70083671296631
4415;24,789;5,29729882429381
4416;24,794;4,59664220147851
4417;24,798;3,89760992120173
4418;24,802;3,40356260692853
4419;24,806;2,92484061138841
4420;24,810;2,57458292356939
4421;24,814;2,4054041170021
4422;24,818;2,17058068480163
4423;24,822;2,01174823396889
4424;24,827;1,81439061553754
4425;24,831;1,76167010662396
4426;24,835;1,58288649200276
4427;24,839;1,47391429474402
4428;24,843;1,35805629759368
4429;24,847;1,25522835254589
4430;24,851;1,25604052381516
4431;24,855;1,16977381030151
4432;24,860;1,12150258747173
4433;24,864;1,13015397707911
4434;24,868;1,03121032940607
4435;24,872;0,964011984822991
4436;24,876;0,936610032433883
4437;24,880;0,954018747031602
4438;24,884;0,859383138265096
4439;24,888;0,814501847689638
4440;24,892;0,789854215257167
4441;24,897;0,709590506777216
4442;24,901;0,72576330857388
4443;24,905;0,619298248711561
4444;24,909;0,573569475072522
4445;24,913;0,561245658856286
4446;24,917;0,624559706064624
4447;24,921;0,61640268157766
4448;24,925;0,495989462960576
4449;24,930;0,528864743468642
4450;24,934;0,537268950515817
4451;24,938;0,507924849439337
4452;24,942;0,406368128986922
4453;24,946;0,480169779107071
4454;24,950;0,5102907396585
4455;24,954;0,455769329234811
4456;24,958;0,437089390041721
4457;24,963;0,482853475475076
4458;24,967;0,428861741966125
4459;24,971;0,401848219314492
4460;24,975;0,396975191698903
4461;24,979;0,42370621999601
4462;24,983;0,409051825354928
4463;24,987;0,434476317262347
4464;24,991;0,451885031860066
4465;24,996;0,438078120282565
4466;25,000;0,520248665655572
4467;25,004;0,707648358089844
4468;25,008;1,14124188049429
4469;25,012;1,77731323150589
4470;25,016;2,9793620218121
4471;25,020;4,78884429793973
4472;25,024;7,37974127048305
4473;25,029;10,847747902038
4474;25,033;15,0418356483157
4475;25,037;20,0019421486874
4476;25,041;25,0691846330134
4477;25,045;29,0401018392148
4478;25,049;31,5736524577892
4479;25,053;32,1539311737817
4480;25,057;30,9106382077146
4481;25,061;28,6226104950184
4482;25,066;24,6971395681014
4483;25,070;21,2860555489836
4484;25,074;17,3817716986562
4485;25,078;13,7464577856327
4486;25,082;11,0093346728274
4487;25,086;8,72586218159796
4488;25,090;7,05988703756998
4489;25,094;5,70451443634431
4490;25,099;4,71175865094821
4491;25,103;3,75201939323744
4492;25,107;3,28134848680133
4493;25,111;2,8551351294089
4494;25,115;2,57557165381023
4495;25,119;2,20861148727981
4496;25,123;2,02107054766827
4497;25,127;1,7704274316143
4498;25,132;1,66978881781409
4499;25,136;1,4856731222512
4500;25,140;1,40124262204198
4501;25,144;1,26483316059981
4502;25,148;1,18880686743776
4503;25,152;1,11126216712013
4504;25,156;1,04311040409052
4505;25,160;0,95165285681244
4506;25,165;0,959315516178981
4507;25,169;0,858147225464041
4508;25,173;0,797375627446445
4509;25,177;0,852073596841713
4510;25,181;0,8008361832894
4511;25,185;0,76884369763923
4512;25,189;0,73045977721789
4513;25,193;0,680105158523473
4514;25,198;0,681305759530212
4515;25,202;0,603902306389846
4516;25,206;0,572721992008941
4517;25,210;0,590413200961187
4518;25,214;0,567990211570616
4519;25,218;0,541153247890562
4520;25,222;0,612589007791547
4521;25,226;0,592637844003086
4522;25,230;0,500015007512584
4523;25,235;0,506088636134912
4524;25,239;0,498496600357002
4525;25,243;0,455734017440495
4526;25,247;0,478051071448119
4527;25,251;0,443127706869733
4528;25,255;0,458664896368712
4529;25,259;0,434688188028242
4530;25,263;0,429532666058127
4531;25,268;0,406721246930081
4532;25,272;0,374340331542437
4533;25,276;0,40936963150377
4534;25,280;0,392137475877631
4535;25,284;0,435429735708875
4536;25,288;0,397752051173852
4537;25,292;0,354601038519871
4538;25,296;0,339275719786787
4539;25,301;0,394750548657004
4540;25,305;0,395880526075112
4541;25,309;0,344395929962587
4542;25,313;0,385004493425827
4543;25,317;0,375823426903703
4544;25,321;0,335991722915412
4545;25,325;0,34428999457964
4546;25,329;0,271229892140124
4547;25,334;0,317311783722322
4548;25,338;0,305870762363983
4549;25,342;0,31434559299979
4550;25,346;0,347573991451015
4551;25,350;0,335709228560885
4552;25,354;0,296583760458912
4553;25,358;0,305658891598088
4554;25,362;0,320383909827802
4555;25,367;0,358555959483247
4556;25,371;0,373845966422015
4557;25,375;0,391643110757208
4558;25,379;0,381261443228345
4559;25,383;0,446447015535424
4560;25,387;0,442703965337943
4561;25,391;0,43828999104846
4562;25,395;0,413253928878515
4563;25,399;0,424694950236854
4564;25,404;0,400788865485016
4565;25,408;0,364382405545364
4566;25,412;0,339487590552683
4567;25,416;0,363676169659047
4568;25,420;0,303151754201662
4569;25,424;0,33814574236868
4570;25,428;0,305199838271982
4571;25,432;0,281858742229198
4572;25,437;0,280128464307721
4573;25,441;0,279951905336142
4574;25,445;0,314310281205474
4575;25,449;0,294394429211329
4576;25,453;0,321090145714119
4577;25,457;0,291534173871744
4578;25,461;0,300468057833657
4579;25,465;0,308872264880832
4580;25,470;0,279386916627088
4581;25,474;0,301244917308606
4582;25,478;0,288144241617421
4583;25,482;0,2803050232793
4584;25,486;0,426283980981068
4585;25,490;0,606162261226061
4586;25,494;0,949357590181909
4587;25,498;1,64966109505405
4588;25,503;2,85661822477016
4589;25,507;5,02264368810505
4590;25,511;7,91718677997044
4591;25,515;12,7378116927945
4592;25,519;18,9604913989297
4593;25,523;26,6536601557603
4594;25,527;34,8821557144194
4595;25,531;45,1888563039498
4596;25,536;53,7624187166635
4597;25,540;62,834124611791
4598;25,544;70,4950537004112
4599;25,548;77,5707251100404
4600;25,552;84,1659089344136
4601;25,556;90,0102933880431
4602;25,560;94,0040926369612
4603;25,564;96,0249513138636
4604;25,568;93,5060550899303
4605;25,573;87,2305489394985
4606;25,577;76,7458062830276
4607;25,581;64,1601531119402
4608;25,585;51,8156441842358
4609;25,589;40,9743230287632
4610;25,593;31,7302249537857
4611;25,597;25,1269194167198
4612;25,601;19,7306416329586
4613;25,606;16,0855463529096
4614;25,610;13,147711001213
4615;25,614;11,1700386487589
4616;25,618;9,57097935495945
4617;25,622;8,33513717749297
4618;25,626;7,23690506247539
4619;25,630;6,45224168098266
4620;25,634;5,92482472108096
4621;25,639;5,29422669818833
4622;25,643;4,81250320013136
4623;25,647;4,46538826200645
4624;25,651;3,99132742331602
4625;25,655;3,76158888949704
4626;25,659;3,43636726384796
4627;25,663;3,20782933103571
4628;25,667;3,0259029667204
4629;25,672;2,78207502696938
4630;25,676;2,6169217649541
4631;25,680;2,46320952429716
4632;25,684;2,28213064304543
4633;25,688;2,21157767800234
4634;25,692;2,12061449584468
4635;25,696;2,13166708746555
4636;25,700;1,89338309942212
4637;25,705;1,77530045922989
4638;25,709;1,79535755840129
4639;25,713;1,70954989821375
4640;25,717;1,7599751404968
4641;25,721;1,58062653716655
4642;25,725;1,56551308919936
4643;25,729;1,42680836112666
4644;25,733;1,33471520155089
4645;25,737;1,29103451198217
4646;25,742;1,25318026847557
4647;25,746;1,16620731907561
4648;25,750;1,08876855414093
4649;25,754;1,10532978567506
4650;25,758;1,12058448081952
4651;25,762;1,02379485259974
4652;25,766;1,07351385899647
4653;25,770;1,04815999067769
4654;25,775;0,97178057957248
4655;25,779;0,929688920747974
4656;25,783;0,982409429661554
4657;25,787;0,986046544476088
4658;25,791;1,14060626819661
4659;25,795;1,36412992621601
4660;25,799;1,77745447868315
4661;25,803;2,65873092942408
4662;25,808;4,06053854017511
4663;25,812;6,08503433189202
4664;25,816;8,89479380560504
4665;25,820;12,4657696293851
4666;25,824;16,6218265731846
4667;25,828;20,8998857663454
4668;25,832;24,4500982550677
4669;25,836;26,9045504543745
4670;25,841;28,4925924683474
4671;25,845;28,3601732396629
4672;25,849;27,1397976281068
4673;25,853;24,2520697125443
4674;25,857;21,5925619236453
4675;25,861;18,6157776628183
4676;25,865;16,6501113204316
4677;25,869;15,4413532892054
4678;25,874;15,0357973314877
4679;25,878;16,3450880411312
4680;25,882;18,4853005828212
4681;25,886;20,8536273157916
4682;25,890;23,393110315811
4683;25,894;25,7399674778374
4684;25,898;27,1388795214546
4685;25,902;27,3981034035273
4686;25,906;26,3914347711707
4687;25,911;24,6702319808328
4688;25,915;22,3305078012582
4689;25,919;19,185568775899
4690;25,923;16,1373134433767
4691;25,927;13,7041895678366
4692;25,931;11,7993654470561
4693;25,935;11,0486720116953
4694;25,939;11,0658688555271
4695;25,944;12,3233571629092
4696;25,948;14,7167199580496
4697;25,952;18,2628715904256
4698;25,956;22,4261321402655
4699;25,960;27,6916856614694
4700;25,964;32,3165772984006
4701;25,968;37,1148851572169
4702;25,972;39,6259068510178
4703;25,977;40,744337312384
4704;25,981;39,5031630539758
4705;25,985;36,1323344803781
4706;25,989;31,9209439548857
4707;25,993;27,251841951471
4708;25,997;22,5439322861032
4709;26,001;18,1525928567771
4710;26,005;14,7035839705641
4711;26,010;12,0539281722792
4712;26,014;9,90471112303865
4713;26,018;8,378853178856
4714;26,022;6,95162107619756
4715;26,026;6,03125446914897
4716;26,030;5,19132812955191
4717;26,034;4,63509674548848
4718;26,038;4,29751599182885
4719;26,043;3,84333569333825
4720;26,047;3,47545742015562
4721;26,051;3,16217118098531
4722;26,055;2,98352881354137
4723;26,059;2,78475872333739
4724;26,063;2,51176324148147
4725;26,067;2,27859946361384
4726;26,071;2,12269789170932
4727;26,075;2,03611337204683
4728;26,080;1,94991728212182
4729;26,084;1,80623359105058
4730;26,088;1,6942952030693
4731;26,092;1,65877153798755
4732;26,096;1,54580910797111
4733;26,100;1,46130798417325
4734;26,104;1,39947703232618
4735;26,108;1,2744026568594
4736;26,113;1,27263706714361
4737;26,117;1,18460476391417
4738;26,121;1,22796764733405
4739;26,125;1,11828921418899
4740;26,129;1,07326667643626
4741;26,133;1,0944890648201
4742;26,137;0,986788092156721
4743;26,141;0,982268182484291
4744;26,146;0,992437979247259
4745;26,150;0,917647598886266
4746;26,154;0,927287718734496
4747;26,158;0,929406426393448
4748;26,162;0,91044399284583
4749;26,166;0,839926339597057
4750;26,170;0,811465033378474
4751;26,174;0,872730996516492
4752;26,179;0,826719728522925
4753;26,183;0,78649959479716
4754;26,187;0,832157744847568
4755;26,191;0,87368441496302
4756;26,195;0,825024762395764
4757;26,199;0,827178781849031
4758;26,203;0,795327543376125
4759;26,207;0,821246400403967
4760;26,212;0,861113416186573
4761;26,216;0,765877506916698
4762;26,220;0,72925917621115
4763;26,224;0,692393662945392
4764;26,228;0,772198318099237
4765;26,232;0,728552940324833
4766;26,236;0,696560454674664
4767;26,240;0,625371877333889
4768;26,244;0,660860230621329
4769;26,249;0,638613800202337
4770;26,253;0,60983468783491
4771;26,257;0,588930105599921
4772;26,261;0,626854972695155
4773;26,265;0,71220357955659
4774;26,269;0,853627315791611
4775;26,273;1,10169267086053
4776;26,277;1,65033201914605
4777;26,282;2,45113289064114
4778;26,286;3,68612758504404
4779;26,290;5,68050241620953
4780;26,294;8,35999668069134
4781;26,298;11,919531483113
4782;26,302;16,5973201879294
4783;26,306;21,985264388232
4784;26,310;27,9238607090961
4785;26,315;33,3495885293167
4786;26,319;38,5610443816287
4787;26,323;42,4739089979749
4788;26,327;43,7681568832398
4789;26,331;42,2240427413958
4790;26,335;38,1774876717698
4791;26,339;33,045977721789
4792;26,343;27,4932686892085
4793;26,348;21,9609698737427
4794;26,352;17,5271150440603
4795;26,356;14,0296230642516
4796;26,360;11,3880183550707
4797;26,364;9,25772842758346
4798;26,368;7,89017325731881
4799;26,372;6,68378111631175
4800;26,376;5,91504335405547
4801;26,381;4,85939726298282
4802;26,385;4,36813958046057
4803;26,389;3,95622749976606
4804;26,393;3,66525831460337
4805;26,397;3,31305847809698
4806;26,401;3,05941385952615
4807;26,405;2,85054459614784
4808;26,409;2,58115091731214
4809;26,413;2,45812462591568
4810;26,418;2,35494356292473
4811;26,422;2,25999014800939
4812;26,426;2,12527565269438
4813;26,430;1,95471968614877
4814;26,434;1,87427941869724
4815;26,438;1,78027942222842
4816;26,442;1,80030120960551
4817;26,446;1,77914944481031
4818;26,451;1,6945070738352
4819;26,455;1,58705328373203
4820;26,459;1,54280760545426
4821;26,463;1,54146575727026
4822;26,467;1,45456343145892
4823;26,471;1,42197064530539
4824;26,475;1,34544998702292
4825;26,479;1,38725915149289
4826;26,484;1,31271595369211
4827;26,488;1,24145675276271
4828;26,492;1,16426517038824
4829;26,496;1,18202700292911
4830;26,500;1,15052888239937
4831;26,504;1,09014571411924
4832;26,508;1,07799845687459
4833;26,512;1,07015923853647
4834;26,517;1,05441017827159
4835;26,521;1,01980461984205
4836;26,525;0,973722728259852
4837;26,529;1,04025014875093
4838;26,533;0,996110405856108
4839;26,537;1,04600597122442
4840;26,541;1,03689552829093
4841;26,545;1,06436810426867
4842;26,550;0,975770812330172
4843;26,554;0,956667131605292
4844;26,558;0,90857246774709
4845;26,562;0,94141243646084
4846;26,566;0,917541663503318
4847;26,570;0,894024008488955
4848;26,574;0,858747525967411
4849;26,578;0,958326785938137
4850;26,582;1,16701949034487
4851;26,587;1,51311038643462
4852;26,591;2,35625009931442
4853;26,595;3,57242360734697
4854;26,599;5,61997800075214
4855;26,603;8,49810110826066
4856;26,607;12,0048800899745
4857;26,611;16,4458679021086
4858;26,615;21,3235213627528
4859;26,620;26,0037112695826
4860;26,624;30,131695336901
4861;26,628;32,5673616616318
4862;26,632;33,3514600544155
4863;26,636;32,7385179286808
4864;26,640;30,3214962313488
4865;26,644;26,4052416827482
4866;26,648;22,4063575354486
4867;26,653;18,7131322797471
4868;26,657;15,2349205396348
4869;26,661;12,6903173294396
4870;26,665;10,9254691613272
4871;26,669;9,61773217063365
4872;26,673;9,39710407974816
4873;26,677;9,73630917594631
4874;26,681;11,0393850097902
4875;26,686;13,1174841052786
4876;26,690;15,3207281998224
4877;26,694;18,1848325249875
4878;26,698;21,0160968814389
4879;26,702;23,0970915440612
4880;26,706;24,1190501833565
4881;26,710;24,0842327541611
4882;26,714;23,2137970242751
4883;26,719;20,9313132632865
4884;26,723;18,2419670081906
4885;26,727;15,8978641661208
4886;26,731;13,3010701239267
4887;26,735;10,8772332502918
4888;26,739;8,95810785281338
4889;26,743;7,4936218071517
4890;26,747;6,25961584298964
4891;26,751;5,28677590958768
4892;26,756;4,57457233003109
4893;26,760;3,99418767865561
4894;26,764;3,42835148653826
4895;26,768;3,22213060773364
4896;26,772;2,92745368416778
4897;26,776;2,5995483621507
4898;26,780;2,34992928813188
4899;26,784;2,16666107563257
4900;26,789;2,01683313235037
4901;26,793;1,93667535925337
4902;26,797;1,85171518212941
4903;26,801;1,70220504499605
4904;26,805;1,61374900023482
4905;26,809;1,46226140261978
4906;26,813;1,50364682555797
4907;26,817;1,38807132276216
4908;26,822;1,30487673535399
4909;26,826;1,30357019896431
4910;26,830;1,24926065930651
4911;26,834;1,15554315719222
4912;26,838;1,10995563073044
4913;26,842;1,15692031717054
4914;26,846;1,09862054475505
4915;26,850;1,02835007406649
4916;26,855;1,01076480049719
4917;26,859;1,01270694918456
4918;26,863;0,878557442578608
4919;26,867;0,948086365586538
4920;26,871;0,931737004818294
4921;26,875;0,93629222628504
4922;26,879;0,844658120035382
4923;26,883;0,876191552359446
4924;26,888;0,779295988756725
4925;26,892;0,795610037730652
4926;26,896;0,789536409108324
4927;26,900;0,801118677643927
4928;26,904;0,777636334423879
4929;26,908;0,774882014467242
4930;26,912;0,822870742942497
4931;26,916;0,78155594359294
4932;26,920;0,739464284768434
4933;26,925;0,746244149277079
4934;26,929;0,779719730288515
4935;26,933;0,737522136081062
4936;26,937;0,747727244638346
4937;26,941;0,740700197569489
4938;26,945;0,716193812314282
4939;26,949;0,670924092001349
4940;26,953;0,637060081252439
4941;26,958;0,665768570031233
4942;26,962;0,656693438892057
4943;26,966;0,654080366112683
4944;26,970;0,633140472083378
4945;26,974;0,59320283271214
4946;26,978;0,620957903044406
4947;26,982;0,647900802107408
4948;26,986;0,563293742926606
4949;26,991;0,581761811353801
4950;26,995;0,608775334005434
4951;26,999;0,660436489089538
4952;27,003;0,634270449501486
4953;27,007;0,670465038675243
4954;27,011;0,682223866182424
4955;27,015;0,735120934067583
4956;27,019;0,854969163975614
4957;27,024;0,915987944553421
4958;27,028;1,18983090947292
4959;27,032;1,61226590487356
4960;27,036;2,39837706993324
4961;27,040;3,45038604619136
4962;27,044;5,4232913064128
4963;27,048;7,98668039118406
4964;27,052;11,35708522325
4965;27,057;15,8278408779925
4966;27,061;21,0006303155285
4967;27,065;27,0296601416356
4968;27,069;34,0687838441479
4969;27,073;41,9042591320714
4970;27,077;50,7023692448396
4971;27,081;59,486743069619
4972;27,085;68,4949230467722
4973;27,089;74,9231527076201
4974;27,094;79,6714237538909
4975;27,098;81,2970728288102
4976;27,102;78,1327829401659
4977;27,106;70,1651002943238
4978;27,110;58,5850210899692
4979;27,114;47,8945166080197
4980;27,118;37,9270564264817
4981;27,122;29,6363767980324
4982;27,127;23,4806835657144
4983;27,131;18,8759549633375
4984;27,135;15,7738138326892
4985;27,139;13,084891319125
4986;27,143;11,3586036304056
4987;27,147;10,0063031552854
4988;27,151;8,6725060603867
4989;27,155;7,69899520289274
4990;27,160;6,87683069583656
4991;27,164;6,26448887060523
4992;27,168;5,7619314139019
4993;27,172;5,31145885381447
4994;27,176;4,83715083256383
4995;27,180;4,58428307346795
4996;27,184;4,26615911847637
4997;27,188;3,92165725313083
4998;27,193;3,77483081236548
4999;27,197;3,50882706578411
5000;27,201;3,28290220575123
5001;27,205;3,08250777300872
5002;27,209;2,89998110819004
5003;27,213;2,86816518151145
5004;27,217;2,68076548907718
5005;27,221;2,54972342037102
5006;27,226;2,47405024515213
5007;27,230;2,34675122664345
5008;27,234;2,31528841790802
5009;27,238;2,21419075078171
5010;27,242;2,0373845966422
5011;27,246;2,07078955406501
5012;27,250;1,9438789652938
5013;27,254;1,88324861445347
5014;27,258;1,87120729259176
5015;27,263;1,81287220838196
5016;27,267;1,74892254887594
5017;27,271;1,77194583876988
5018;27,275;1,69959197221668
5019;27,279;1,69772044711794
5020;27,283;1,58924261497962
5021;27,287;1,59461000771563
5022;27,291;1,55474299193302
5023;27,296;1,50650708089756
5024;27,300;1,5658308953482
5025;27,304;1,45445749607598
5026;27,308;1,35862128630273
5027;27,312;1,40943495832325
5028;27,316;1,30897290349463
5029;27,320;1,27224863740614
5030;27,324;1,25053188390188
5031;27,329;1,22973323704984
5032;27,333;1,20706306509906
5033;27,337;1,20480311026284
5034;27,341;1,12114946952857
5035;27,345;1,19124338124555
5036;27,349;1,14406682403956
5037;27,353;1,15211791314358
5038;27,357;1,14240716970672
5039;27,362;1,15021107625052
5040;27,366;1,07651536151332
5041;27,370;1,02450108848606
5042;27,374;1,07164233389773
5043;27,378;0,972839933401956
5044;27,382;1,08103527118575
5045;27,386;1,06171971969498
5046;27,390;1,05207959984675
5047;27,395;1,03234030682418
5048;27,399;1,02538388334396
5049;27,403;1,0715717103091
5050;27,407;1,02609011923027
5051;27,411;1,00200747550686
5052;27,415;1,03043346993112
5053;27,419;1,01726217065131
5054;27,423;1,07277231131584
5055;27,427;1,14862204550631
5056;27,432;1,28849206279143
5057;27,436;1,48814494785331
5058;27,440;1,91185116784932
5059;27,444;2,58683611619699
5060;27,448;3,75692773264734
5061;27,452;5,47029130464721
5062;27,456;7,84289076472987
5063;27,460;11,1661896631785
5064;27,465;15,3676575744682
5065;27,469;20,2300210281735
5066;27,473;25,3340584021766
5067;27,477;29,8208102997442
5068;27,481;34,3115524300694
5069;27,485;37,4148588499302
5070;27,489;39,1250443604416
5071;27,493;38,4911976524719
5072;27,498;35,8878356165351
5073;27,502;32,0275855737195
5074;27,506;27,5295692137652
5075;27,510;23,3265475835256
5076;27,514;19,2298144541768
5077;27,518;15,9092345638905
5078;27,522;12,9037065024904
5079;27,526;10,8696059027195
5080;27,531;9,22986742186824
5081;27,535;7,96835356993413
5082;27,539;6,98816878331447
5083;27,543;5,9598540210423
5084;27,547;5,4794017475807
5085;27,551;4,86317562497462
5086;27,555;4,28854679607262
5087;27,559;4,09690968832045
5088;27,564;3,68704569169626
5089;27,568;3,43343638491975
5090;27,572;3,06414563996448
5091;27,576;2,97653707826683
5092;27,580;2,7732117665961
5093;27,584;2,67317345329927
5094;27,588;2,46087894587232
5095;27,592;2,33852357856786
5096;27,596;2,23198789511691
5097;27,601;2,09519000393727
5098;27,605;2,12686468343859
5099;27,609;1,94091277457127
5100;27,613;1,87653937353346
5101;27,617;1,82215921028703
5102;27,621;1,75711488515722
5103;27,625;1,69090527081498
5104;27,629;1,63857319163887
5105;27,634;1,55188273659344
5106;27,638;1,47673923828928
5107;27,642;1,47349055321223
5108;27,646;1,50947327162009
5109;27,650;1,41942819611464
5110;27,654;1,40237259946008
5111;27,658;1,31935457102349
5112;27,662;1,32228544995171
5113;27,667;1,29590753959776
5114;27,671;1,30565359482894
5115;27,675;1,25985419760127
5116;27,679;1,16666637240171
5117;27,683;1,21144172759423
5118;27,687;1,2263079930012
5119;27,691;1,20868740763759
5120;27,695;1,19152587560008
5121;27,700;1,14908109883242
5122;27,704;1,18863030846618
5123;27,708;1,1225619413012
5124;27,712;1,11888951469235
5125;27,716;1,08484894497187
5126;27,720;1,03308185450481
5127;27,724;1,00289027036475
5128;27,728;1,05049056910253
5129;27,733;1,06369718017667
5130;27,737;1,02072272649426
5131;27,741;0,917894781446477
5132;27,745;0,943248649765265
5133;27,749;0,927323030528812
5134;27,753;0,988518370078198
5135;27,757;0,936398161667988
5136;27,761;0,940176523659785
5137;27,765;1,03841393544651
5138;27,770;1,02075803828858
5139;27,774;1,13756945388545
5140;27,778;1,21744473262792
5141;27,782;1,18153263780869
5142;27,786;1,27344923841288
5143;27,790;1,30145149130535
5144;27,794;1,30554765944599
5145;27,798;1,30953789220369
5146;27,803;1,31186847062853
5147;27,807;1,26105479860801
5148;27,811;1,20653338818432
5149;27,815;1,15547253360359
5150;27,819;1,01998117881363
5151;27,823;1,03922610671577
5152;27,827;0,937210332937253
5153;27,831;1,0183568362751
5154;27,836;0,947203570728641
5155;27,840;0,862066834633102
5156;27,844;0,914398913809207
5157;27,848;0,848577729204443
5158;27,852;0,805285469373198
5159;27,856;0,801542419175717
5160;27,860;0,809311013925206
5161;27,864;0,839891027802741
5162;27,869;0,794197565958018
5163;27,873;0,859700944413939
5164;27,877;0,81746803841217
5165;27,881;0,817573973795117
5166;27,885;0,793491330071701
5167;27,889;0,809628820074049
5168;27,893;0,836501095548419
5169;27,897;0,786252412236949
5170;27,902;0,770609287355023
5171;27,906;0,700585999226672
5172;27,910;0,663261432634807
5173;27,914;0,750093134857508
5174;27,918;0,721773075816188
5175;27,922;0,655669396856897
5176;27,926;0,735438740216426
5177;27,930;0,746032278511184
5178;27,934;0,730318530040626
5179;27,939;0,747656621049714
5180;27,943;0,881876751244299
5181;27,947;0,851367360955396
5182;27,951;0,974676146706381
5183;27,955;0,978030767166387
5184;27,959;0,971109655480479
5185;27,963;0,898261423806859
5186;27,967;0,924392151600595
5187;27,972;0,887703197306416
5188;27,976;0,878839936933135
5189;27,980;0,860301244917309
5190;27,984;0,842786594936642
5191;27,988;0,859383138265096
5192;27,992;0,856346323953932
5193;27,996;0,814148729746479
5194;28,000;0,822694183970917
5195;28,005;0,87513219852997
5196;28,009;0,821493582964178
5197;28,013;0,883642340960092
5198;28,017;0,795186296198862
5199;28,021;0,839149480122108
5200;28,025;0,906912813414244
5201;28,029;0,857052559840249
5202;28,033;0,968355335523842
5203;28,038;0,94653264663664
5204;28,042;0,911291475909411
5205;28,046;0,922450002913223
5206;28,050;0,922803120856382
5207;28,054;0,905465029847294
5208;28,058;0,998193801720744
5209;28,062;0,985975920887456
5210;28,066;0,90387599910308
5211;28,071;0,884948877349779
5212;28,075;0,875450004678813
5213;28,079;0,881347074329561
5214;28,083;0,810582238520577
5215;28,087;0,681906060033582
5216;28,091;0,700903805375514
5217;28,095;0,725727996779564
5218;28,099;0,708743023713636
5219;28,103;0,667004482832288
5220;28,108;0,66954693202303
5221;28,112;0,696454519291716
5222;28,116;0,679575481608735
5223;28,120;0,706518380671736
5224;28,124;0,635965415628647
5225;28,128;0,657858728104481
5226;28,132;0,626325295780417
5227;28,136;0,620357602541037
5228;28,141;0,664567969024494
5229;28,145;0,692005233207918
5230;28,149;0,711779838024799
5231;28,153;0,686249410734432
5232;28,157;0,745749784156657
5233;28,161;0,637377887401281
5234;28,165;0,709837689337427
5235;28,169;0,687096893798013
5236;28,174;0,653691936375209
5237;28,178;0,659271199877115
5238;28,182;0,652350088191206
5239;28,186;0,684483821018639
5240;28,190;0,675479313468095
5241;28,194;0,642109667839607
5242;28,198;0,623641599412412
5243;28,202;0,62357097582378
5244;28,207;0,661848960862173
5245;28,211;0,6467708246893
5246;28,215;0,631798623899376
5247;28,219;0,590307265578239
5248;28,223;0,612730254968811
5249;28,227;0,602207340262684
5250;28,231;0,62297067532041
5251;28,235;0,584268948750227
5252;28,240;0,635965415628647
5253;28,244;0,629185551120002
5254;28,248;0,610894041664386
5255;28,252;0,660189306529327
5256;28,256;0,581055575467484
5257;28,260;0,614142726741445
5258;28,264;0,651608540510573
5259;28,268;0,587129204089812
5260;28,272;0,659800876791853
5261;28,277;0,657752792721533
5262;28,281;0,638649111996652
5263;28,285;0,653550689197946
5264;28,289;0,622193815845462
5265;28,293;0,613789608798287
5266;28,297;0,667781342307237
5267;28,301;0,620392914335353
5268;28,305;0,640308766329498
5269;28,310;0,660789607032697
5270;28,314;0,674349336049987
5271;28,318;0,695501100845188
5272;28,322;0,631480817750533
5273;28,326;0,714181040038278
5274;28,330;0,670323791497979
5275;28,334;0,720996216341239
5276;28,338;0,682117930799477
5277;28,343;0,626007489631574
5278;28,347;0,682824166685794
5279;28,351;0,657117180423847
5280;28,355;0,618309518470717
5281;28,359;0,619192313328613
5282;28,363;0,639743777620444
5283;28,367;0,596098399846041
5284;28,371;0,595639346519934
5285;28,376;0,534973683885286
5286;28,380;0,535220866445497
5287;28,384;0,56982642487504
5288;28,388;0,525827929157478
5289;28,392;0,585504861551282
5290;28,396;0,511561964253871
5291;28,400;0,605773831488586
5292;28,404;0,553335816929534
5293;28,409;0,572404185860098
5294;28,413;0,586246409231916
5295;28,417;0,546767823186784
5296;28,421;0,544790362705095
5297;28,425;0,577806890390425
5298;28,429;0,554006741021535
5299;28,433;0,542424472485933
5300;28,437;0,600547685929839
5301;28,441;0,571556702796518
5302;28,446;0,558244156339438
5303;28,450;0,578689685248321
5304;28,454;0,57741846065295
5305;28,458;0,489280222040563
5306;28,462;0,517918087230726
5307;28,466;0,570108919229567
5308;28,470;0,570144231023883
5309;28,474;0,548427477519629
5310;28,479;0,567389911067246
5311;28,483;0,640026271974971
5312;28,487;0,54253040786888
5313;28,491;0,470247164904314
5314;28,495;0,587835439976129
5315;28,499;0,538716734082767
5316;28,503;0,556196072269118
5317;28,507;0,516329056486512
5318;28,512;0,567743029010405
5319;28,516;0,604573230481847
5320;28,520;0,650372627709518
5321;28,524;0,656622815303425
5322;28,528;0,584939872842229
5323;28,532;0,619969172803562
5324;28,536;0,625477812716836
5325;28,540;0,607680668381643
5326;28,545;0,614813650833447
5327;28,549;0,599241149540152
5328;28,553;0,630103657772214
5329;28,557;0,623606287618096
5330;28,561;0,538822669465715
5331;28,565;0,610717482692807
5332;28,569;0,558879768637124
5333;28,573;0,579395921134639
5334;28,578;0,571556702796518
5335;28,582;0,547085629335626
5336;28,586;0,653586000992261
5337;28,590;0,607221615055537
5338;28,594;0,645570223682561
5339;28,598;0,655634085062581
5340;28,602;0,650196068737939
5341;28,606;0,651749787687837
5342;28,610;0,708283970387529
5343;28,615;0,698396667979088
5344;28,619;0,80270770838814
5345;28,623;0,904299740634871
5346;28,627;1,02817351509491
5347;28,631;1,43662503994647
5348;28,635;1,74803975401804
5349;28,639;2,60615166768777
5350;28,643;3,61031316264789
5351;28,648;5,07645886264242
5352;28,652;6,80362934621978
5353;28,656;8,86813340089657
5354;28,660;11,0421746415411
5355;28,664;13,0568537544383
5356;28,668;15,007653831418
5357;28,672;16,4885245496422
5358;28,676;17,491979808716
5359;28,681;17,5826251847248
5360;28,685;17,0241338458252
5361;28,689;16,3433224514154
5362;28,693;14,8239971891812
5363;28,697;13,2515276765016
5364;28,701;11,5472039238466
5365;28,705;10,1770003690083
5366;28,709;8,63489899944031
5367;28,714;7,40258800140541
5368;28,718;6,27660081605557
5369;28,722;5,50765118303339
5370;28,726;4,64148818025965
5371;28,730;4,24302989319948
5372;28,734;3,63157086282604
5373;28,738;3,27047245415205
5374;28,742;2,98063324640747
5375;28,747;2,71462949982609
5376;28,751;2,40063702476946
5377;28,755;2,32976625357753
5378;28,759;2,11595333899499
5379;28,763;1,94935229341276
5380;28,767;1,78359873089411
5381;28,771;1,7702155608484
5382;28,775;1,70397063471185
5383;28,779;1,68370166477454
5384;28,784;1,52716448057233
5385;28,788;1,47839889262213
5386;28,792;1,4380375117191
5387;28,796;1,40099543948176
5388;28,800;1,35392481765872
5389;28,804;1,23160476214858
5390;28,808;1,25063781928483
5391;28,812;1,15720281152506
5392;28,817;1,10458823799443
5393;28,821;1,14692707937915
5394;28,825;1,10596539797275
5395;28,829;1,08057621785965
5396;28,833;1,05663482131349
5397;28,837;1,04385195177115
5398;28,841;1,0395086010703
5399;28,845;1,02079335008289
5400;28,850;1,0335055960366
5401;28,854;1,0023252816557
5402;28,858;0,971250902657742
5403;28,862;0,95702024954845
5404;28,866;0,914222354837628
5405;28,870;0,872166007807438
5406;28,874;0,942613037467579
5407;28,878;0,926051805933441
5408;28,883;0,887279455774626
5409;28,887;0,933361347356824
5410;28,891;0,888162250632523
5411;28,895;0,897872994069384
5412;28,899;0,832899292528201
5413;28,903;0,810405679548998
5414;28,907;0,865986443802162
5415;28,911;0,801930848913191
5416;28,916;0,810370367754682
5417;28,920;0,842998465702537
5418;28,924;0,806274199614042
5419;28,928;0,775941368296718
5420;28,932;0,806627317557201
5421;28,936;0,791690428561592
5422;28,940;0,832722733556622
5423;28,944;0,82693159928882
5424;28,948;0,80228396685635
5425;28,953;0,759168265996684
5426;28,957;0,762134456719217
5427;28,961;0,810935356463736
5428;28,965;0,743984194440864
5429;28,969;0,728235134175991
5430;28,973;0,694653617781607
5431;28,977;0,761569468010163
5432;28,981;0,721879011199136
5433;28,986;0,706518380671736
5434;28,990;0,659200576288483
5435;28,994;0,703764060715099
5436;28,998;0,761710715187426
5437;29,002;0,615484574925448
5438;29,006;0,656552191714794
5439;29,010;0,662908314691649
5440;29,014;0,640944378627183
5441;29,019;0,693417704980552
5442;29,023;0,662272702393963
5443;29,027;0,675126195524936
5444;29,031;0,639637842237497
5445;29,035;0,697549184915508
5446;29,039;0,660542424472486
5447;29,043;0,624559706064624
5448;29,047;0,643522139612241
5449;29,052;0,607574732998695
5450;29,056;0,638013499698967
5451;29,060;0,64429899908719
5452;29,064;0,636424468954753
5453;29,068;0,682294489771056
