#"+EI TIC Scan 100C_1ml-min_7C-min_1.d "
#Point;X(Minutes);Y(Counts)
0;5,841;0,822223736473402
1;5,845;0,795670609337117
2;5,849;0,831235973332571
3;5,853;0,813739045186476
4;5,857;0,8453478173901
5;5,862;0,777206514308575
6;5,866;0,813299423876273
7;5,870;0,706955028938073
8;5,874;0,742344544409446
9;5,878;0,773293884647764
10;5,882;0,786702334608968
11;5,886;0,7805036741351
12;5,890;0,757907138790646
13;5,895;0,747180378821683
14;5,899;0,721418570043764
15;5,903;0,794000048358344
16;5,907;0,727177609207429
17;5,911;0,73377192886048
18;5,915;0,707042953200113
19;5,919;0,671829286252822
20;5,923;0,744015105388219
21;5,927;0,781426878886527
22;5,932;0,727089684945388
23;5,936;0,716362924976425
24;5,940;0,740234362120469
25;5,944;0,729551564282527
26;5,948;0,751444705530656
27;5,952;0,750257727993107
28;5,956;0,769073520069812
29;5,960;0,735442489839252
30;5,965;0,717374053989893
31;5,969;0,760105245341663
32;5,973;0,751620554054737
33;5,977;0,753203190771469
34;5,981;0,727221571338449
35;5,985;0,688051312599327
36;5,989;0,704976733042157
37;5,993;0,748719053407395
38;5,998;0,722385736926212
39;6,002;0,70137183829849
40;6,006;0,761380147141252
41;6,010;0,709460870406232
42;6,014;0,701767497477673
43;6,018;0,703482020587466
44;6,022;0,726825912159266
45;6,026;0,706779180413991
46;6,031;0,678599454429954
47;6,035;0,658288949898557
48;6,039;0,70273466436012
49;6,043;0,662245541690388
50;6,047;0,662641200869571
51;6,051;0,743575484078015
52;6,055;0,687655653420144
53;6,059;0,712977840887859
54;6,064;0,64954048582551
55;6,068;0,698074678471964
56;6,072;0,687875464075246
57;6,076;0,698646186175229
58;6,080;0,666905527578544
59;6,084;0,688886593088713
60;6,088;0,687435842765042
61;6,092;0,756588274860036
62;6,096;0,748850939800456
63;6,101;0,721154797257642
64;6,105;0,736585505245781
65;6,109;0,682336235566683
66;6,113;0,710867658598883
67;6,117;0,671697399859761
68;6,121;0,658816495470801
69;6,125;0,647782000584696
70;6,129;0,717418016120913
71;6,134;0,643561636006744
72;6,138;0,658508760553659
73;6,142;0,660355170056513
74;6,146;0,597533284828449
75;6,150;0,637231089139815
76;6,154;0,640264476180218
77;6,158;0,658508760553659
78;6,162;0,641978999290012
79;6,167;0,591774245664784
80;6,171;0,633802042920228
81;6,175;0,687963388337286
82;6,179;0,651035198280201
83;6,183;0,614766440188422
84;6,187;0,645847666819801
85;6,191;0,612524371506384
86;6,195;0,619910009517801
87;6,200;0,616832660346378
88;6,204;0,663036860048754
89;6,208;0,594060276477842
90;6,212;0,624613957536978
91;6,216;0,592169904843967
92;6,220;0,620217744434944
93;6,224;0,633274497347984
94;6,228;0,618327372801069
95;6,233;0,68849093390953
96;6,237;0,659783662353249
97;6,241;0,61331568986475
98;6,245;0,678423605905873
99;6,249;0,627207723267178
100;6,253;0,668488164295276
101;6,257;0,61850322132515
102;6,261;0,622547737379022
103;6,265;0,609710795121083
104;6,270;0,569925066547676
105;6,274;0,639692968476954
106;6,278;0,578629568489703
107;6,282;0,638198256022262
108;6,286;0,638945612249608
109;6,290;0,63270298964472
110;6,294;0,679039075740157
111;6,298;0,640176551918178
112;6,303;0,636395808650429
113;6,307;0,579157114061947
114;6,311;0,5626273527983
115;6,315;0,63534071750594
116;6,319;0,602501005633747
117;6,323;0,618898880504334
118;6,327;0,59120273796152
119;6,331;0,598544413841917
120;6,336;0,547636266120364
121;6,340;0,575068635877055
122;6,344;0,532645179442428
123;6,348;0,56399017885993
124;6,352;0,621844343282696
125;6,356;0,562055845095035
126;6,360;0,59515932975335
127;6,364;0,579113151930927
128;6,369;0,583773137819083
129;6,373;0,589312366327645
130;6,377;0,63397789144431
131;6,381;0,568430354092984
132;6,385;0,56917771032033
133;6,389;0,551944554960357
134;6,393;0,561704148046872
135;6,397;0,578585606358683
136;6,402;0,532557255180388
137;6,406;0,578321833572561
138;6,410;0,518753146040001
139;6,414;0,52772142076815
140;6,418;0,533480459931815
141;6,422;0,582805970936635
142;6,426;0,595511026801513
143;6,430;0,535238945172628
144;6,434;0,51475259211715
145;6,439;0,548955130050974
146;6,443;0,522577851438771
147;6,447;0,509169401477567
148;6,451;0,505872241651042
149;6,455;0,506443749354306
150;6,459;0,522182192259588
151;6,463;0,498354717246564
152;6,467;0,53545875582773
153;6,472;0,556824351503615
154;6,476;0,460151625389889
155;6,480;0,493386996441265
156;6,484;0,499981316094316
157;6,488;0,539019688440377
158;6,492;0,516686925882045
159;6,496;0,485210040071482
160;6,500;0,501871687728191
161;6,505;0,530622921415493
162;6,509;0,517214471454289
163;6,513;0,528688587650598
164;6,517;0,588477085838259
165;6,521;0,653233304831218
166;6,525;0,746520946856378
167;6,529;0,981850234208253
168;6,533;1,30549944277999
169;6,538;1,81352582885103
170;6,542;2,39721104240807
171;6,546;3,06671033571681
172;6,550;3,52593875635528
173;6,554;4,06605749807116
174;6,558;4,46220026069544
175;6,562;4,67884564236367
176;6,566;4,74852562003091
177;6,571;4,76426406293619
178;6,575;4,55469658436223
179;6,579;4,34754702299439
180;6,583;4,07696010656421
181;6,587;3,89051670890695
182;6,591;3,62555694524736
183;6,595;3,48672453548513
184;6,599;3,36640018288246
185;6,603;3,09242818236371
186;6,608;2,8468557184841
187;6,612;2,7772636650789
188;6,616;2,58818253956042
189;6,620;2,50518203619402
190;6,624;2,40173914190316
191;6,628;2,28994344271844
192;6,632;1,99623244537156
193;6,636;1,92905830917248
194;6,641;1,74327434348053
195;6,645;1,77800442698659
196;6,649;1,63033562888927
197;6,653;1,56645865251672
198;6,657;1,36089172786562
199;6,661;1,3040047303253
200;6,665;1,29481664494205
201;6,669;1,16064422106797
202;6,674;1,21207991436177
203;6,678;1,05619019776365
204;6,682;0,989543607136812
205;6,686;0,87897884762066
206;6,690;0,819190349432998
207;6,694;0,781602727410608
208;6,698;0,75065338717229
209;6,702;0,695041291431561
210;6,707;0,68976583570912
211;6,711;0,676049650830774
212;6,715;0,611820977410059
213;6,719;0,60544646841211
214;6,723;0,592653488285191
215;6,727;0,519192767350204
216;6,731;0,50173980133513
217;6,735;0,516730888013066
218;6,740;0,496947929053913
219;6,744;0,453689192129899
220;6,748;0,487056449574337
221;6,752;0,48749607088454
222;6,756;0,473516113220072
223;6,760;0,460986905879276
224;6,764;0,455271828846631
225;6,768;0,463492747347435
226;6,772;0,42528965549076
227;6,777;0,437599052176455
228;6,781;0,440148855775635
229;6,785;0,407880651606706
230;6,789;0,427487762041777
231;6,793;0,403132741456509
232;6,797;0,362379846000655
233;6,801;0,39798917212713
234;6,805;0,440456590692777
235;6,810;0,408144424392828
236;6,814;0,429378133675652
237;6,818;0,403000855063448
238;6,822;0,406825560462218
239;6,826;0,388053730516533
240;6,830;0,406385939152014
241;6,834;0,376447727927164
242;6,838;0,372710946790435
243;6,843;0,389328632316123
244;6,847;0,394735974431625
245;6,851;0,379217342181445
246;6,855;0,40058293785733
247;6,859;0,384536760034906
248;6,863;0,391834473784282
249;6,867;0,341541795897014
250;6,871;0,399439922450801
251;6,876;0,356357034050869
252;6,880;0,362160035345553
253;6,884;0,388669200350818
254;6,888;0,379129417919404
255;6,892;0,355697602085564
256;6,896;0,346641403095374
257;6,900;0,353807230451689
258;6,904;0,358511178470865
259;6,909;0,377414894809611
260;6,913;0,391219003949997
261;6,917;0,388493351826736
262;6,921;0,359214572567191
263;6,925;0,40581443144875
264;6,929;0,382382615614909
265;6,933;0,334683703457841
266;6,937;0,362555694524736
267;6,941;0,366600210578608
268;6,946;0,349718752266797
269;6,950;0,365940778613302
270;6,954;0,377942440381855
271;6,958;0,345410463426804
272;6,962;0,37723904628553
273;6,966;0,33195805133458
274;6,970;0,369677559750031
275;6,974;0,347916304894963
276;6,979;0,358115519291682
277;6,983;0,36427021763453
278;6,987;0,350290259970062
279;6,991;0,388229579040614
280;6,995;0,377942440381855
281;6,999;0,369193976308808
282;7,003;0,374249621376147
283;7,007;0,297799475531777
284;7,012;0,35266421504516
285;7,016;0,346905175881496
286;7,020;0,39280164066673
287;7,024;0,389680329364286
288;7,028;0,33446389280274
289;7,032;0,33973934852518
290;7,036;0,346597440964353
291;7,040;0,344267448020275
292;7,045;0,319296957600723
293;7,049;0,358423254208825
294;7,053;0,359434383222292
295;7,057;0,371216234335743
296;7,061;0,359654193877394
297;7,065;0,331210695107235
298;7,069;0,372710946790435
299;7,073;0,296348725208106
300;7,078;0,371172272204723
301;7,082;0,381327524470421
302;7,086;0,362819467310858
303;7,090;0,354950245858218
304;7,094;0,370117181060235
305;7,098;0,338640295249672
306;7,102;0,328309194459892
307;7,106;0,356884579623113
308;7,110;0,383877328069601
309;7,115;0,345938008999048
310;7,119;0,409331401930377
311;7,123;0,366995869757791
312;7,127;0,365369270910038
313;7,131;0,356796655361072
314;7,135;0,330507301010909
315;7,139;0,345102728509662
316;7,143;0,372623022528394
317;7,148;0,329056550687238
318;7,152;0,377590743333692
319;7,156;0,359742118139435
320;7,160;0,305404924198296
321;7,164;0,327385989708465
322;7,168;0,330507301010909
323;7,172;0,322682041689289
324;7,176;0,337497279843143
325;7,181;0,303294741909319
326;7,185;0,347916304894963
327;7,189;0,330507301010909
328;7,193;0,348355926205167
329;7,197;0,349147244563533
330;7,201;0,367699263854116
331;7,205;0,315164517284811
332;7,209;0,316879040394604
333;7,214;0,323781094964797
334;7,218;0,289886291948116
335;7,222;0,301975877978709
336;7,226;0,29428250505015
337;7,230;0,284566874094655
338;7,234;0,298107210448919
339;7,238;0,328133345935811
340;7,242;0,324484489061123
341;7,247;0,301536256668506
342;7,251;0,28918289785179
343;7,255;0,299733809296672
344;7,259;0,30597643190156
345;7,263;0,294678164229333
346;7,267;0,300613051917079
347;7,271;0,30074493831014
348;7,275;0,270630878561207
349;7,279;0,342992546220685
350;7,284;0,302943044861157
351;7,288;0,318329790718275
352;7,292;0,311867357458285
353;7,296;0,312658675816652
354;7,300;0,27999481246854
355;7,304;0,317582434490929
356;7,308;0,276477841986912
357;7,312;0,295073823408516
358;7,317;0,318329790718275
359;7,321;0,29432646718117
360;7,325;0,302635309944014
361;7,329;0,321231291365618
362;7,333;0,314724895974607
363;7,337;0,31503263089175
364;7,341;0,335167286899065
365;7,345;0,35266421504516
366;7,350;0,311867357458285
367;7,354;0,298854566676265
368;7,358;0,292831754726479
369;7,362;0,353279684879445
370;7,366;0,329056550687238
371;7,370;0,34352009179293
372;7,374;0,312219054506448
373;7,378;0,32804542167377
374;7,383;0,318681487766438
375;7,387;0,295953066028923
376;7,391;0,337189544926001
377;7,395;0,271070499871411
378;7,399;0,282412729674658
379;7,403;0,295953066028923
380;7,407;0,296480611601167
381;7,411;0,272037666753858
382;7,416;0,304877378626052
383;7,420;0,258892989578777
384;7,424;0,33055126314193
385;7,428;0,269048241844475
386;7,432;0,318725449897458
387;7,436;0,278104440834665
388;7,440;0,331606354286418
389;7,444;0,26183845235714
390;7,448;0,298283058973001
391;7,453;0,27621406920079
392;7,457;0,314461123188485
393;7,461;0,296436649470146
394;7,465;0,279643115420377
395;7,469;0,292084398499133
396;7,473;0,279555191158336
397;7,477;0,258673178923675
398;7,481;0,286896867038733
399;7,486;0,265882968411011
400;7,490;0,288127806707302
401;7,494;0,274279735435896
402;7,498;0,284830646880777
403;7,502;0,291556852926889
404;7,506;0,314285274664404
405;7,510;0,296568535863207
406;7,514;0,269268052499577
407;7,519;0,306196242556662
408;7,523;0,296084952421984
409;7,527;0,311691508934204
410;7,531;0,301843991585648
411;7,535;0,276653690510994
412;7,539;0,339255765083957
413;7,543;0,279818963944458
414;7,547;0,301580218799526
415;7,552;0,351169502590469
416;7,556;0,377458856940631
417;7,560;0,326374860694997
418;7,564;0,349630828004757
419;7,568;0,35780778437454
420;7,572;0,328397118721933
421;7,576;0,33055126314193
422;7,580;0,346245743916191
423;7,585;0,342465000648441
424;7,589;0,331694278548458
425;7,593;0,346465554571292
426;7,597;0,308174538452577
427;7,601;0,299733809296672
428;7,605;0,34356405392395
429;7,609;0,276477841986912
430;7,613;0,307822841404414
431;7,617;0,308877932548902
432;7,622;0,241615872087784
433;7,626;0,267949188568967
434;7,630;0,286061586549346
435;7,634;0,302283612895851
436;7,638;0,292128360630153
437;7,642;0,237439469640851
438;7,646;0,283423858688126
439;7,650;0,284830646880777
440;7,655;0,254760549262865
441;7,659;0,257530163517146
442;7,663;0,245220766831451
443;7,667;0,254496776476743
444;7,671;0,255024322048987
445;7,675;0,326990330529282
446;7,679;0,276521804117933
447;7,683;0,263069392025709
448;7,688;0,220250276411899
449;7,692;0,249792828457567
450;7,696;0,274763318877119
451;7,700;0,236384378496363
452;7,704;0,276258031331811
453;7,708;0,228515157043723
454;7,712;0,265399384969787
455;7,716;0,269531825285699
456;7,721;0,237791166689014
457;7,725;0,272125591015899
458;7,729;0,22693252032699
459;7,733;0,260255815640407
460;7,737;0,235768908662078
461;7,741;0,232955332276777
462;7,745;0,20613843235437
463;7,749;0,219986503625777
464;7,754;0,227240255244133
465;7,758;0,230009869498414
466;7,762;0,21132596381477
467;7,766;0,228954778353926
468;7,770;0,202885234658865
469;7,774;0,213216335448645
470;7,778;0,247243024858387
471;7,782;0,241967569135946
472;7,786;0,23598871931718
473;7,791;0,230229680153516
474;7,795;0,215414441999661
475;7,799;0,217700472812719
476;7,803;0,206973712843756
477;7,807;0,244429448473085
478;7,811;0,221305367556387
479;7,815;0,232295900311472
480;7,819;0,229965907367394
481;7,824;0,247374911251448
482;7,828;0,236164567841262
483;7,832;0,199763923356421
484;7,836;0,214095578069051
485;7,840;0,186487359788278
486;7,844;0,21132596381477
487;7,848;0,218843488219248
488;7,852;0,205918621699268
489;7,857;0,23075722572576
490;7,861;0,229042702615967
491;7,865;0,21778839707476
492;7,869;0,203368818100089
493;7,873;0,217304813633536
494;7,877;0,192686020262146
495;7,881;0,222931966404139
496;7,885;0,196422801398875
497;7,890;0,237615318164933
498;7,894;0,219810655101695
499;7,898;0,244649259128187
500;7,902;0,191235269938475
501;7,906;0,204731644161719
502;7,910;0,18930093617358
503;7,914;0,242583038970231
504;7,918;0,220821784115163
505;7,923;0,227811762947397
506;7,927;0,191718853379699
507;7,931;0,233922499159224
508;7,935;0,201654294990295
509;7,939;0,18798207224297
510;7,943;0,209655402835997
511;7,947;0,224162906072709
512;7,951;0,214403312986194
513;7,955;0,19312564157235
514;7,960;0,201654294990295
515;7,964;0,227899687209438
516;7,968;0,217216889371495
517;7,972;0,194708278289082
518;7,976;0,226404974754746
519;7,980;0,189960368138885
520;7,984;0,208028803988245
521;7,988;0,214667085772316
522;7,993;0,174881357198909
523;7,997;0,194268656978878
524;8,001;0,204072212196414
525;8,005;0,22165706460455
526;8,009;0,207940879726204
527;8,013;0,221349329687407
528;8,017;0,248605850920017
529;8,021;0,261750528095099
530;8,026;0,214974820689458
531;8,030;0,219458958053533
532;8,034;0,197697703198465
533;8,038;0,212996524793543
534;8,042;0,219327071660472
535;8,046;0,225701580658421
536;8,050;0,216161798227007
537;8,054;0,227987611471478
538;8,059;0,209831251360078
539;8,063;0,223987057548628
540;8,067;0,22425083033475
541;8,071;0,249660942064506
542;8,075;0,223327625583323
543;8,079;0,192993755179289
544;8,083;0,226009315575563
545;8,087;0,194664316158061
546;8,092;0,218403866909045
547;8,096;0,22693252032699
548;8,100;0,217568586419658
549;8,104;0,21005106201518
550;8,108;0,20613843235437
551;8,112;0,193872997799695
552;8,116;0,209391630049875
553;8,120;0,217568586419658
554;8,124;0,172331553599729
555;8,129;0,194752240420102
556;8,133;0,183717745533997
557;8,137;0,190268103056028
558;8,141;0,226273088361685
559;8,145;0,188641504208275
560;8,149;0,176244183260539
561;8,153;0,165649309684638
562;8,157;0,190048292400926
563;8,162;0,158615368721383
564;8,166;0,186047738478075
565;8,170;0,16336327887158
566;8,174;0,232207976049431
567;8,178;0,220821784115163
568;8,182;0,205610886782126
569;8,186;0,204072212196414
570;8,190;0,188201882898072
571;8,195;0,208292576774367
572;8,199;0,195279785992346
573;8,203;0,199236377784177
574;8,207;0,187410564539706
575;8,211;0,199368264177238
576;8,215;0,188113958636031
577;8,219;0,222536307224956
578;8,223;0,220601973460061
579;8,228;0,350905729804347
580;8,232;0,503542248706964
581;8,236;0,886320523501056
582;8,240;1,50583487383967
583;8,244;2,5306361100548
584;8,248;4,19016259394158
585;8,252;6,1819988262111
586;8,256;8,82763987101511
587;8,261;11,8571582438887
588;8,265;14,9778980386295
589;8,269;17,7892323552492
590;8,273;20,4553597531087
591;8,277;22,2573675036324
592;8,281;23,421616619444
593;8,285;23,6655185223449
594;8,289;22,9932935769128
595;8,293;21,623301687926
596;8,298;20,3151645172848
597;8,302;18,7686207101203
598;8,306;17,0417002793793
599;8,310;15,4762087937451
600;8,314;14,0513521652449
601;8,318;12,4282263258429
602;8,322;10,6737856010832
603;8,326;9,53186924782992
604;8,331;8,41342867254147
605;8,335;7,38330801847289
606;8,339;6,45610271312292
607;8,343;5,60583113705854
608;8,347;4,81411711951325
609;8,351;4,13186880820861
610;8,355;3,49173621842145
611;8,359;2,98384171874347
612;8,364;2,520261047134
613;8,368;2,1988539072443
614;8,372;1,89450407419049
615;8,376;1,66801117517371
616;8,380;1,42476870423817
617;8,384;1,29635531952776
618;8,388;1,17642662610427
619;8,392;1,04238608862326
620;8,397;0,919995515862636
621;8,401;0,859020040137426
622;8,405;0,73904738458292
623;8,409;0,678995113609137
624;8,413;0,658860457601822
625;8,417;0,598192716793754
626;8,421;0,535282907303649
627;8,425;0,511939015731849
628;8,430;0,531194429118757
629;8,434;0,484506645975157
630;8,438;0,42401475369117
631;8,442;0,457294086873567
632;8,446;0,392362019356526
633;8,450;0,390515609853672
634;8,454;0,391614663129181
635;8,458;0,359654193877394
636;8,463;0,325495618074591
637;8,467;0,356093261264747
638;8,471;0,306196242556662
639;8,475;0,31243886516155
640;8,479;0,322110533986024
641;8,483;0,294985899146475
642;8,487;0,285402154584041
643;8,491;0,277313122476299
644;8,495;0,28399536639139
645;8,500;0,264915801528563
646;8,504;0,283555745081187
647;8,508;0,238714371440441
648;8,512;0,224118943941689
649;8,516;0,2049074926858
650;8,520;0,204292022851516
651;8,524;0,242890773887373
652;8,528;0,232383824573512
653;8,533;0,227635914423316
654;8,537;0,194708278289082
655;8,541;0,18279454078257
656;8,545;0,235021552434733
657;8,549;0,231988165394329
658;8,553;0,226404974754746
659;8,557;0,21260086561436
660;8,561;0,221788950997611
661;8,566;0,221041594770265
662;8,570;0,161516869368726
663;8,574;0,214271426593133
664;8,578;0,22561365639638
665;8,582;0,219458958053533
666;8,586;0,232691559490655
667;8,590;0,213831805282929
668;8,594;0,181651525376041
669;8,599;0,188377731422153
670;8,603;0,188421693553173
671;8,607;0,183673783402977
672;8,611;0,182179070948285
673;8,615;0,20481956842376
674;8,619;0,207896917595184
675;8,623;0,190443951580109
676;8,627;0,169166280166265
677;8,632;0,219371033791492
678;8,636;0,229218551140048
679;8,640;0,22688855819597
680;8,644;0,286149510811387
681;8,648;0,298107210448919
682;8,652;0,314417161057465
683;8,656;0,283291972295065
684;8,660;0,283204048033024
685;8,664;0,314724895974607
686;8,669;0,264783915135502
687;8,673;0,244869069783289
688;8,677;0,189037163387458
689;8,681;0,213568032496807
690;8,685;0,205918621699268
691;8,689;0,161384982975665
692;8,693;0,197302044019282
693;8,697;0,186091700609095
694;8,702;0,196290915005814
695;8,706;0,194180732716838
696;8,710;0,207105599236817
697;8,714;0,131622620274895
698;8,718;0,174925319329929
699;8,722;0,20877616021559
700;8,726;0,187762261587868
701;8,730;0,166176855256882
702;8,735;0,193081679441329
703;8,739;0,158571406590363
704;8,743;0,180772282755634
705;8,747;0,171496273110343
706;8,751;0,144415600401814
707;8,755;0,209479554311916
708;8,759;0,157076694135672
709;8,763;0,168858545249122
710;8,768;0,17237551573075
711;8,772;0,182882465044611
712;8,776;0,164814029195251
713;8,780;0,115972101631654
714;8,784;0,157340466921794
715;8,788;0,150878033661804
716;8,792;0,169737787869529
717;8,796;0,169034393773204
718;8,801;0,136678265342234
719;8,805;0,118741715885936
720;8,809;0,181563601114
721;8,813;0,153251988736902
722;8,817;0,152372746116495
723;8,821;0,133732802563871
724;8,825;0,160110081176075
725;8,829;0,138524674845088
726;8,833;0,146613706952831
727;8,838;0,140107311561821
728;8,842;0,164110635098926
729;8,846;0,126962634386739
730;8,850;0,137689394355702
731;8,854;0,128193574055309
732;8,858;0,170660992620956
733;8,862;0,160110081176075
734;8,866;0,125995467504292
735;8,871;0,161472907237705
736;8,875;0,16076951314138
737;8,879;0,148152381538543
738;8,883;0,1452508808912
739;8,887;0,155933678729143
740;8,891;0,136502416818153
741;8,895;0,17765097145319
742;8,899;0,145426729415282
743;8,904;0,153691610047105
744;8,908;0,146833517607933
745;8,912;0,156812921349549
746;8,916;0,186399435526238
747;8,920;0,155889716598122
748;8,924;0,129072816675716
749;8,928;0,15558198168098
750;8,932;0,125379997670007
751;8,937;0,146965404000994
752;8,941;0,143844092698549
753;8,945;0,156021602991183
754;8,949;0,129160740937756
755;8,953;0,108630425751258
756;8,957;0,143800130567529
757;8,961;0,13219412797816
758;8,965;0,115796253107573
759;8,970;0,156285375777305
760;8,974;0,12841338471041
761;8,978;0,169430052952387
762;8,982;0,144283714008753
763;8,986;0,148152381538543
764;8,990;0,139096182548353
765;8,994;0,099178567581885
766;8,998;0,148987662027929
767;9,002;0,126962634386739
768;9,007;0,149339359076092
769;9,011;0,129160740937756
770;9,015;0,117774549003488
771;9,019;0,136282606163051
772;9,023;0,111927585577783
773;9,027;0,138436750583048
774;9,031;0,168814583118102
775;9,035;0,128765081758573
776;9,040;0,177519085060129
777;9,044;0,155098398239756
778;9,048;0,119005488672058
779;9,052;0,146262009904668
780;9,056;0,140502970741004
781;9,060;0,148723889241807
782;9,064;0,139228068941414
783;9,068;0,153471799392004
784;9,073;0,16208837707199
785;9,077;0,147668798097319
786;9,081;0,159846308389953
787;9,085;0,133952613218973
788;9,089;0,119576996375322
789;9,093;0,140195235823861
790;9,097;0,130743377654488
791;9,101;0,134963742232441
792;9,106;0,121467368009197
793;9,110;0,128853006020614
794;9,114;0,106696091986363
795;9,118;0,104893644614529
796;9,122;0,109421744109624
797;9,126;0,133644878301831
798;9,130;0,12181906505736
799;9,134;0,138348826321007
800;9,139;0,140678819265085
801;9,143;0,127314331434902
802;9,147;0,129864135034082
803;9,151;0,141997683195695
804;9,155;0,143008812209163
805;9,159;0,119445109982261
806;9,163;0,116411722941858
807;9,167;0,108278728703095
808;9,171;0,0899465200676137
809;9,176;0,136414492556112
810;9,180;0,117378889824305
811;9,184;0,115752290976553
812;9,188;0,102080068229227
813;9,192;0,104673833959427
814;9,196;0,109114009192482
815;9,200;0,140151273692841
816;9,204;0,122170762105522
817;9,209;0,143404471388346
818;9,213;0,122698307677766
819;9,217;0,14780068449038
820;9,221;0,1141256921288
821;9,225;0,144899183843038
822;9,229;0,160066119045055
823;9,233;0,202137878431519
824;9,237;0,279027645586092
825;9,242;0,469999142738445
826;9,246;0,914148552436931
827;9,250;1,53436629687187
828;9,254;2,39716708027705
829;9,258;3,77524800137162
830;9,262;5,35854415006913
831;9,266;7,56544312729015
832;9,270;9,68586859279417
833;9,275;12,0165209688374
834;9,279;13,9535803858556
835;9,283;15,2619373671519
836;9,287;16,1836034439933
837;9,291;16,2697692207932
838;9,295;15,9220287644223
839;9,299;15,0319714597845
840;9,303;13,6124342491378
841;9,308;12,3869458848148
842;9,312;10,9678043333473
843;9,316;9,56431330052293
844;9,320;8,25441764464091
845;9,324;6,97160266146741
846;9,328;5,92380923072865
847;9,332;4,84185722418708
848;9,336;4,00015826367167
849;9,340;3,31536014876785
850;9,345;2,81731316643843
851;9,349;2,3341693465249
852;9,353;1,89591086238314
853;9,357;1,56562337202734
854;9,361;1,41500911115165
855;9,365;1,11923189364681
856;9,369;1,02743896407634
857;9,373;0,917313825870395
858;9,378;0,766787489256754
859;9,382;0,696404117493191
860;9,386;0,618195486408008
861;9,390;0,610150416431286
862;9,394;0,545218348914245
863;9,398;0,493343034310245
864;9,402;0,470790461096811
865;9,406;0,476505538129455
866;9,411;0,449424865420926
867;9,415;0,471581779455177
868;9,419;0,43566471841156
869;9,423;0,403396514242631
870;9,427;0,434653589398092
871;9,431;0,354290813892913
872;9,435;0,323825057095818
873;9,439;0,323121662999492
874;9,444;0,397373702292845
875;9,448;0,301536256668506
876;9,452;0,291205155878726
877;9,456;0,276082182807729
878;9,460;0,247111138465326
879;9,464;0,281841221971394
880;9,468;0,218315942647004
881;9,472;0,2049074926858
882;9,477;0,206050508092329
883;9,481;0,175101167854011
884;9,485;0,237351545378811
885;9,489;0,21915122313639
886;9,493;0,20099486302499
887;9,497;0,244649259128187
888;9,501;0,179233608169922
889;9,505;0,1634072410026
890;9,509;0,187586413063787
891;9,514;0,179541343087065
892;9,518;0,182091146686244
893;9,522;0,175320978509112
894;9,526;0,176639842439722
895;9,530;0,131666582405916
896;9,534;0,166308741649943
897;9,538;0,140371084347943
898;9,542;0,145866350725485
899;9,547;0,143756168436509
900;9,551;0,149866904648336
901;9,555;0,156065565122204
902;9,559;0,139359955334475
903;9,563;0,11922529932716
904;9,567;0,149691056124255
905;9,571;0,152504632509556
906;9,575;0,137645432224682
907;9,580;0,120500201126749
908;9,584;0,115972101631654
909;9,588;0,154614814798533
910;9,592;0,137601470093661
911;9,596;0,133425067646729
912;9,600;0,133161294860607
913;9,604;0,120148504078587
914;9,608;0,151977086937312
915;9,613;0,118609829492875
916;9,617;0,114521351307983
917;9,621;0,115004934749207
918;9,625;0,11926926145818
919;9,629;0,144327676139773
920;9,633;0,139140144679373
921;9,637;0,114697199832065
922;9,641;0,107443448213709
923;9,646;0,123006042594909
924;9,650;0,139315993203455
925;9,654;0,13878844763121
926;9,658;0,151581427758129
927;9,662;0,113949843604719
928;9,666;0,123797360953275
929;9,670;0,149427283338133
930;9,674;0,180684358493594
931;9,678;0,146701631214872
932;9,683;0,185827927822973
933;9,687;0,167144022139329
934;9,691;0,140810705658146
935;9,695;0,198049400246628
936;9,699;0,150790109399763
937;9,703;0,155142360370777
938;9,707;0,144107865484671
939;9,711;0,134656007315299
940;9,716;0,124808489966743
941;9,720;0,115180783273288
942;9,724;0,122478497022665
943;9,728;0,118126246051651
944;9,732;0,134480158791217
945;9,736;0,114213616390841
946;9,740;0,115004934749207
947;9,744;0,11540059392839
948;9,749;0,152284821854455
949;9,753;0,137997129272844
950;9,757;0,117906435396549
951;9,761;0,102519689539431
952;9,765;0,109245895585543
953;9,769;0,0879682241716985
954;9,773;0,109773441157787
955;9,777;0,118785678016956
956;9,782;0,109861365419827
957;9,786;0,0877923756476171
958;9,790;0,0811101317325256
959;9,794;0,0932876420251595
960;9,798;0,104541947566366
961;9,802;0,0863416253239459
962;9,806;0,0980355521753561
963;9,810;0,0913093461292443
964;9,815;0,105553076579834
965;9,819;0,0822091850080341
966;9,823;0,0901663307227154
967;9,827;0,11144400213656
968;9,831;0,0820333364839527
969;9,835;0,109114009192482
970;9,839;0,10498156887657
971;9,843;0,104761758221468
972;9,847;0,120236428340627
973;9,852;0,0759665624031459
974;9,856;0,0982993249614782
975;9,860;0,127973763400207
976;9,864;0,107531372475749
977;9,868;0,109993251812888
978;9,872;0,0972002716859697
979;9,876;0,112938714591251
980;9,880;0,0788680630504883
981;9,885;0,0841874809039493
982;9,889;0,0864295495859866
983;9,893;0,0857261554896612
984;9,897;0,0990027190578036
985;9,901;0,0947383923488307
986;9,905;0,0903421792467968
987;9,909;0,0979476279133155
988;9,913;0,104454023304326
989;9,918;0,0905619899018985
990;9,922;0,0776810855129391
991;9,926;0,106696091986363
992;9,930;0,120192466209607
993;9,934;0,109465706240644
994;9,938;0,116191912286756
995;9,942;0,0888914289231256
996;9,946;0,0831763518904815
997;9,951;0,0929799071080172
998;9,955;0,0850667235243561
999;9,959;0,0843193672970104
1000;9,963;0,0865614359790476
1001;9,967;0,0783844796092646
1002;9,971;0,0897267094125121
1003;9,975;0,0974200823410714
1004;9,979;0,0846710643451731
1005;9,984;0,0915731189153663
1006;9,988;0,0785163660023256
1007;9,992;0,0934195284182205
1008;9,996;0,087001057289251
1009;10,000;0,0888914289231256
1010;10,004;0,0869131330272104
1011;10,008;0,103618742814939
1012;10,012;0,108234766572075
1013;10,016;0,104102326256163
1014;10,021;0,0717461978251934
1015;10,025;0,08686917089619
1016;10,029;0,0964529154586239
1017;10,033;0,0980795143063765
1018;10,037;0,09205670235659
1019;10,041;0,0648881053860205
1020;10,045;0,096980461030868
1021;10,049;0,0882759590888409
1022;10,054;0,0622064153937798
1023;10,058;0,0908257626880205
1024;10,062;0,100145734464332
1025;10,066;0,0648881053860205
1026;10,070;0,0914851946533256
1027;10,074;0,07908787370559
1028;10,078;0,0952659379210748
1029;10,082;0,0955297107071968
1030;10,087;0,111268153612478
1031;10,091;0,0783844796092646
1032;10,095;0,0959253698863799
1033;10,099;0,0885836940059832
1034;10,103;0,0765380701064103
1035;10,107;0,0752192061758002
1036;10,111;0,0784284417402849
1037;10,115;0,101508560525963
1038;10,120;0,105113455269631
1039;10,124;0,0955297107071968
1040;10,128;0,0783844796092646
1041;10,132;0,103794591339021
1042;10,136;0,10238780314637
1043;10,140;0,0772414642027358
1044;10,144;0,111004380826356
1045;10,148;0,0981234764373968
1046;10,153;0,089594823019451
1047;10,157;0,096848574637807
1048;10,161;0,0753950546998815
1049;10,165;0,0745597742104951
1050;10,169;0,0877044513855765
1051;10,173;0,0752192061758002
1052;10,177;0,0935074526802612
1053;10,181;0,0876165271235358
1054;10,185;0,0963210290655629
1055;10,190;0,0769337292855934
1056;10,194;0,0724495919215188
1057;10,198;0,102080068229227
1058;10,202;0,12441283078756
1059;10,206;0,0828686169733392
1060;10,210;0,112147396232885
1061;10,214;0,0964968775896443
1062;10,218;0,123093966856949
1063;10,223;0,0933755662872002
1064;10,227;0,101948181836166
1065;10,231;0,0929799071080172
1066;10,235;0,0742080771623324
1067;10,239;0,112718903936149
1068;10,243;0,0758346760100849
1069;10,247;0,0815937151737493
1070;10,251;0,110872494433295
1071;10,256;0,0799231541949764
1072;10,260;0,0724495919215188
1073;10,264;0,0849348371312951
1074;10,268;0,0768018428925324
1075;10,272;0,0673939468541798
1076;10,276;0,10366270494596
1077;10,280;0,0860338904068036
1078;10,284;0,18802603437399
1079;10,289;0,284962533273838
1080;10,293;0,595730837456615
1081;10,297;1,23071985791439
1082;10,301;2,23995849974832
1083;10,305;3,70956857762723
1084;10,309;6,24763428782447
1085;10,313;9,87059746734163
1086;10,317;14,3777270259399
1087;10,322;20,1929058309172
1088;10,326;25,7703374313366
1089;10,330;31,254833086779
1090;10,334;36,1681727360052
1091;10,338;39,1080962858594
1092;10,342;41,4137342093521
1093;10,346;41,1527749996153
1094;10,350;39,4567159848506
1095;10,354;36,2113435486672
1096;10,359;32,0528776511913
1097;10,363;27,8293477998052
1098;10,367;23,1258833640702
1099;10,371;19,152761810976
1100;10,375;15,2259763439773
1101;10,379;12,3016153885043
1102;10,383;9,65008341814361
1103;10,387;7,87282634738436
1104;10,392;6,14467497697483
1105;10,396;5,01498009614518
1106;10,400;3,9416446672836
1107;10,404;3,29421436374707
1108;10,408;2,70283577726147
1109;10,412;2,33408142226286
1110;10,416;2,00849787992623
1111;10,420;1,72969004499524
1112;10,425;1,55032455043226
1113;10,429;1,31442375537712
1114;10,433;1,14741161963085
1115;10,437;1,08779896996727
1116;10,441;0,968002162936846
1117;10,445;0,897530866911243
1118;10,449;0,80771623323669
1119;10,453;0,723704600856822
1120;10,458;0,68066567458791
1121;10,462;0,637275051270835
1122;10,466;0,564957345742378
1123;10,470;0,53422781615916
1124;10,474;0,492331905296777
1125;10,478;0,439137726762167
1126;10,482;0,406473863414055
1127;10,486;0,404803302435282
1128;10,491;0,375040939734513
1129;10,495;0,369193976308808
1130;10,499;0,341585758028035
1131;10,503;0,324264678406021
1132;10,507;0,267333718734682
1133;10,511;0,281797259840374
1134;10,515;0,268081074962028
1135;10,519;0,242846811756353
1136;10,523;0,263025429894689
1137;10,528;0,298502869628102
1138;10,532;0,213436146103746
1139;10,536;0,225481770003319
1140;10,540;0,248517926657977
1141;10,544;0,239637576191868
1142;10,548;0,232603635228614
1143;10,552;0,220821784115163
1144;10,556;0,197302044019282
1145;10,561;0,199236377784177
1146;10,565;0,149339359076092
1147;10,569;0,155713868074041
1148;10,573;0,167671567711573
1149;10,577;0,175848524081356
1150;10,581;0,16727590853239
1151;10,585;0,16072555101036
1152;10,589;0,177694933584211
1153;10,594;0,148899737765888
1154;10,598;0,123753398822255
1155;10,602;0,158967065769546
1156;10,606;0,119840769161444
1157;10,610;0,122566421284705
1158;10,614;0,133425067646729
1159;10,618;0,143008812209163
1160;10,622;0,146305972035688
1161;10,627;0,118565867361854
1162;10,631;0,109817403288807
1163;10,635;0,121775102926339
1164;10,639;0,0993544161059663
1165;10,643;0,130875264047549
1166;10,647;0,125116224883885
1167;10,651;0,139140144679373
1168;10,655;0,117862473265529
1169;10,660;0,100893090691678
1170;10,664;0,11280682819819
1171;10,668;0,0847150264761934
1172;10,672;0,113905881473699
1173;10,676;0,0928480207149561
1174;10,680;0,0751752440447798
1175;10,684;0,119796807030424
1176;10,688;0,0956615971002578
1177;10,692;0,099310453974946
1178;10,697;0,107223637558607
1179;10,701;0,130479604868366
1180;10,705;0,0823410714010951
1181;10,709;0,109905327550848
1182;10,713;0,0940789603835256
1183;10,717;0,103223083635756
1184;10,721;0,0781207068231425
1185;10,725;0,0684930001296883
1186;10,730;0,0963210290655629
1187;10,734;0,0842314430349697
1188;10,738;0,0732409102798849
1189;10,742;0,0686688486537696
1190;10,746;0,0746037363415154
1191;10,750;0,0974200823410714
1192;10,754;0,0898146336745527
1193;10,758;0,084407291559051
1194;10,763;0,0811540938635459
1195;10,767;0,0921885887496511
1196;10,771;0,0667784770198951
1197;10,775;0,0517873903419594
1198;10,779;0,07130657651499
1199;10,783;0,102959310849634
1200;10,787;0,0830884276284409
1201;10,791;0,0727573268386612
1202;10,796;0,0670422498060171
1203;10,800;0,0923204751427121
1204;10,804;0,0759665624031459
1205;10,808;0,0780767446921222
1206;10,812;0,0830884276284409
1207;10,816;0,0570188839333798
1208;10,820;0,076757880761512
1209;10,824;0,0856821933586409
1210;10,829;0,0669543255439764
1211;10,833;0,0794835328847731
1212;10,837;0,0681852652125459
1213;10,841;0,0949582030039324
1214;10,845;0,087001057289251
1215;10,849;0,10502553100759
1216;10,853;0,101332712001882
1217;10,857;0,102959310849634
1218;10,861;0,0785163660023256
1219;10,866;0,0898585958055731
1220;10,870;0,101244787739841
1221;10,874;0,0876165271235358
1222;10,878;0,132765635681424
1223;10,882;0,201566370728255
1224;10,886;0,171232500324221
1225;10,890;0,209479554311916
1226;10,894;0,222228572307814
1227;10,899;0,160681588879339
1228;10,903;0,167935340497695
1229;10,907;0,115708328845532
1230;10,911;0,081285980256607
1231;10,915;0,100453469381475
1232;10,919;0,106959864772485
1233;10,923;0,0659431965305086
1234;10,927;0,11016910033697
1235;10,932;0,091529156784346
1236;10,936;0,119708882768383
1237;10,940;0,115268707535329
1238;10,944;0,162615922644234
1239;10,948;0,167100060008309
1240;10,952;0,229570248188211
1241;10,956;0,27489520527018
1242;10,960;0,233790612766163
1243;10,965;0,278280289358746
1244;10,969;0,247111138465326
1245;10,973;0,266190703328153
1246;10,977;0,288391579493424
1247;10,981;0,268740506927333
1248;10,985;0,203368818100089
1249;10,989;0,227635914423316
1250;10,993;0,210270872670282
1251;10,998;0,182530767996448
1252;11,002;0,182354919472367
1253;11,006;0,153295950867922
1254;11,010;0,112718903936149
1255;11,014;0,157384429052814
1256;11,018;0,151361617103027
1257;11,022;0,109597592633705
1258;11,026;0,0890233153161866
1259;11,030;0,0832642761525222
1260;11,035;0,0600083088427628
1261;11,039;0,0797912678019154
1262;11,043;0,0714824250390713
1263;11,047;0,0863416253239459
1264;11,051;0,0709988415978476
1265;11,055;0,0723177055284578
1266;11,059;0,0656794237443866
1267;11,063;0,0672620604611188
1268;11,068;0,058865293436234
1269;11,072;0,0712626143839696
1270;11,076;0,0656354616133662
1271;11,080;0,0481824955982916
1272;11,084;0,0550405880374645
1273;11,088;0,0584256721260306
1274;11,092;0,0632615065382679
1275;11,096;0,0599203845807222
1276;11,101;0,0612392485113323
1277;11,105;0,0777690097749798
1278;11,109;0,0480066470742103
1279;11,113;0,0638769763725527
1280;11,117;0,0771535399406951
1281;11,121;0,0556120957407289
1282;11,125;0,0830005033664002
1283;11,129;0,0807144725533425
1284;11,134;0,0538975726309357
1285;11,138;0,0496772080529832
1286;11,142;0,0487100411705357
1287;11,146;0,0615030212974544
1288;11,150;0,0563594519680747
1289;11,154;0,0508641855905323
1290;11,158;0,0595686875325595
1291;11,162;0,0764061837133493
1292;11,167;0,0426872292207492
1293;11,171;0,0509081477215527
1294;11,175;0,0494573973978815
1295;11,179;0,0495892837909425
1296;11,183;0,0539854968929764
1297;11,187;0,068580924391729
1298;11,191;0,0459404269162543
1299;11,195;0,0561836034439933
1300;11,199;0,0481824955982916
1301;11,204;0,053809648368895
1302;11,208;0,0477428742880882
1303;11,212;0,0438302446272781
1304;11,216;0,0619426426076578
1305;11,220;0,0764501458443697
1306;11,224;0,0567111490162374
1307;11,228;0,0462481618333967
1308;11,232;0,0567990732782781
1309;11,237;0,0598764224497018
1310;11,241;0,0631296201452069
1311;11,245;0,0606677408080679
1312;11,249;0,0662948935786713
1313;11,253;0,0519632388660408
1314;11,257;0,0424674185656475
1315;11,261;0,0568430354092984
1316;11,265;0,0415442138142204
1317;11,270;0,0550405880374645
1318;11,274;0,048358344122373
1319;11,278;0,0648881053860205
1320;11,282;0,0577222780297052
1321;11,286;0,0392142208701425
1322;11,290;0,0589532176982747
1323;11,294;0,0556120957407289
1324;11,298;0,0449732600338069
1325;11,303;0,0409287439799357
1326;11,307;0,033323295313417
1327;11,311;0,0349938562921899
1328;11,315;0,0613711349043934
1329;11,319;0,0516555039488984
1330;11,323;0,0288391579493424
1331;11,327;0,0514796554248171
1332;11,331;0,0470394801917628
1333;11,336;0,0608435893321493
1334;11,340;0,0690645078329527
1335;11,344;0,0490177760876781
1336;11,348;0,0756588274860036
1337;11,352;0,0877484135165968
1338;11,356;0,13223809010918
1339;11,360;0,29177666358199
1340;11,364;0,604391377267622
1341;11,368;1,05359643203345
1342;11,373;2,00436543961032
1343;11,377;3,3059522527295
1344;11,381;5,30658091120309
1345;11,385;7,99130429048418
1346;11,389;11,3029716202463
1347;11,393;15,0125841600046
1348;11,397;18,6605617920723
1349;11,401;21,8351991594441
1350;11,406;23,9066068488604
1351;11,410;24,7177521283167
1352;11,414;24,2565454117823
1353;11,418;23,0134721950512
1354;11,422;20,5220942679975
1355;11,426;17,5010166242798
1356;11,430;14,4486819054067
1357;11,434;11,9202439019029
1358;11,439;9,48439014632795
1359;11,443;7,47422170542295
1360;11,447;5,74523505452403
1361;11,451;4,54432152144143
1362;11,455;3,4535770886958
1363;11,459;2,8036409436911
1364;11,463;2,38740748719053
1365;11,467;1,77927932878618
1366;11,472;1,60110081176075
1367;11,476;1,30255398000163
1368;11,480;1,10995588400152
1369;11,484;0,931117935010782
1370;11,488;0,813343386007293
1371;11,492;0,72867232166212
1372;11,496;0,662685163000591
1373;11,500;0,569441483106452
1374;11,505;0,510532227539198
1375;11,509;0,480418167790265
1376;11,513;0,461250678665398
1377;11,517;0,408759894227113
1378;11,521;0,404715378173242
1379;11,525;0,313186221388896
1380;11,529;0,34743272145374
1381;11,533;0,301536256668506
1382;11,537;0,233043256538817
1383;11,542;0,282852350984862
1384;11,546;0,229174589009028
1385;11,550;0,219502920184553
1386;11,554;0,205171265471922
1387;11,558;0,157472353314855
1388;11,562;0,175848524081356
1389;11,566;0,134216386005095
1390;11,570;0,156812921349549
1391;11,575;0,135711098459787
1392;11,579;0,147580873835278
1393;11,583;0,117422851955326
1394;11,587;0,128589233234492
1395;11,591;0,130831301916529
1396;11,595;0,0993544161059663
1397;11,599;0,12441283078756
1398;11,603;0,121643216533278
1399;11,608;0,148328230062624
1400;11,612;0,087001057289251
1401;11,616;0,112191358363905
1402;11,620;0,109905327550848
1403;11,624;0,0876165271235358
1404;11,628;0,0975959308651528
1405;11,632;0,108630425751258
1406;11,636;0,109641554764726
1407;11,641;0,0862537010619053
1408;11,645;0,0671741361990781
1409;11,649;0,0606237786770476
1410;11,653;0,0690645078329527
1411;11,657;0,071438462908051
1412;11,661;0,0709548794668273
1413;11,665;0,094386695300668
1414;11,669;0,0526666329623662
1415;11,674;0,0574145431125628
1416;11,678;0,0935953769423019
1417;11,682;0,0728892132317222
1418;11,686;0,076362221582329
1419;11,690;0,0647562189929595
1420;11,694;0,076757880761512
1421;11,698;0,0678775302954035
1422;11,702;0,0517434282109391
1423;11,706;0,0694601670121357
1424;11,711;0,0749554333896781
1425;11,715;0,0607996272011289
1426;11,719;0,0662069693166307
1427;11,723;0,0502047536252272
1428;11,727;0,0599203845807222
1429;11,731;0,0474351393709459
1430;11,735;0,0748235469966171
1431;11,739;0,0569309596713391
1432;11,744;0,0484023062533933
1433;11,748;0,0429510020068713
1434;11,752;0,0497211701840035
1435;11,756;0,0650639539101018
1436;11,760;0,0446655251166645
1437;11,764;0,0760544866651866
1438;11,768;0,0643605598137764
1439;11,772;0,0531502164035899
1440;11,777;0,0523588980452238
1441;11,781;0,0380712054636136
1442;11,785;0,0473911772399255
1443;11,789;0,0383349782497357
1444;11,793;0,0451491085578882
1445;11,797;0,0512598447697154
1446;11,801;0,0479187228121696
1447;11,805;0,0361808338297391
1448;11,810;0,0612832106423527
1449;11,814;0,0600522709737832
1450;11,818;0,037983281201573
1451;11,822;0,0503366400182882
1452;11,826;0,0581618993399086
1453;11,830;0,0453689192129899
1454;11,834;0,0351257426852509
1455;11,838;0,0425553428276882
1456;11,843;0,0511719205076747
1457;11,847;0,0343344243268848
1458;11,851;0,0445776008546238
1459;11,855;0,0429070398758509
1460;11,859;0,0414562895521798
1461;11,863;0,0423355321725865
1462;11,867;0,0528864436174679
1463;11,871;0,0426872292207492
1464;11,875;0,0163099506085458
1465;11,880;0,0494134352668611
1466;11,884;0,061327172773373
1467;11,888;0,0526666329623662
1468;11,892;0,0326199012170916
1469;11,896;0,0282236881150577
1470;11,900;0,041104592504017
1471;11,904;0,0452370328199289
1472;11,908;0,0380712054636136
1473;11,913;0,0745597742104951
1474;11,917;0,0843193672970104
1475;11,921;0,0802748512431392
1476;11,925;0,0705592202876442
1477;11,929;0,0722737433974374
1478;11,933;0,114917010487166
1479;11,937;0,113158525246353
1480;11,941;0,1374695837006
1481;11,946;0,158967065769546
1482;11,950;0,133161294860607
1483;11,954;0,101904219705146
1484;11,958;0,107883069523912
1485;11,962;0,120676049650831
1486;11,966;0,0835720110696646
1487;11,970;0,0781207068231425
1488;11,974;0,0441379795444204
1489;11,979;0,0653277266962239
1490;11,983;0,0602720816288849
1491;11,987;0,0572826567195018
1492;11,991;0,0425113806966679
1493;11,995;0,050820223459512
1494;11,999;0,0219810655101695
1495;12,003;0,0476109878950272
1496;12,007;0,0464679724884984
1497;12,012;0,0510400341146137
1498;12,016;0,0267289756603662
1499;12,020;0,0467317452746204
1500;12,024;0,0479626849431899
1501;12,028;0,086605398110068
1502;12,032;0,0732409102798849
1503;12,036;0,100673280036576
1504;12,040;0,0779888204300815
1505;12,044;0,0974640444720917
1506;12,049;0,0929359449769968
1507;12,053;0,118697753754916
1508;12,057;0,131358847488773
1509;12,061;0,120016617685526
1510;12,065;0,0935953769423019
1511;12,069;0,123445663905112
1512;12,073;0,103442894290858
1513;12,077;0,0826048441872171
1514;12,082;0,103047235111675
1515;12,086;0,0688007350468307
1516;12,090;0,071042803728868
1517;12,094;0,0508641855905323
1518;12,098;0,048622116908495
1519;12,102;0,0526666329623662
1520;12,106;0,0501607914942069
1521;12,110;0,030861415976278
1522;12,115;0,0287072715562814
1523;12,119;0,0425993049587086
1524;12,123;0,0186399435526238
1525;12,127;0,0404891226697323
1526;12,131;0,027740104673834
1527;12,135;0,00953978243141358
1528;12,139;0,0270806727085289
1529;12,143;0,0086605398110068
1530;12,148;0,0342904621958645
1531;12,152;0,0312131130244407
1532;12,156;0,033323295313417
1533;12,160;0,0284874609011797
1534;12,164;0,0210578607587424
1535;12,168;0,00580300129468476
1536;12,172;0,0242231341922068
1537;12,176;0,0284434987701594
1538;12,181;0,0523588980452238
1539;12,185;0,0110784570171254
1540;12,189;0,0328836740032136
1541;12,193;0,0287072715562814
1542;12,197;0,0214095578069051
1543;12,201;0,0214974820689458
1544;12,205;0,0271685969705696
1545;12,209;0,0597445360566408
1546;12,213;0,0297623627007696
1547;12,218;0,033059522527295
1548;12,222;0,0268608620534272
1549;12,226;0,0315648100726035
1550;12,230;0,0429949641378916
1551;12,234;0,0319604692517865
1552;12,238;0,0377195084154509
1553;12,242;0,0418519487313628
1554;12,246;0,0248386040264916
1555;12,251;0,0296744384387289
1556;12,255;0,0191674891248678
1557;12,259;0,0480066470742103
1558;12,263;0,00813299423876273
1559;12,267;0,0133205256991627
1560;12,271;0,0138041091403865
1561;12,275;0,0379393190705526
1562;12,279;0,0218491791171085
1563;12,284;0,0357412125195357
1564;12,288;0,0326638633481119
1565;12,292;0,0493694731358408
1566;12,296;0,0453249570819696
1567;12,300;0,0175848524081356
1568;12,304;0,0421157215174848
1569;12,308;0,0209699364967017
1570;12,312;0,0103311007897797
1571;12,317;0,0296744384387289
1572;12,321;0,0200027696142543
1573;12,325;0,0338948030166814
1574;12,329;0,0281797259840374
1575;12,333;0,027740104673834
1576;12,337;0,0314329236795424
1577;12,341;0,0122654345546746
1578;12,345;0,0178046630632373
1579;12,350;0,00830884276284409
1580;12,354;0,0206622015795594
1581;12,358;0,0389944102150408
1582;12,362;0,0342904621958645
1583;12,366;0,0313889615485221
1584;12,370;0,0203984287934373
1585;12,374;0,0187718299456848
1586;12,378;0,0312131130244407
1587;12,382;0,0178486251942577
1588;12,387;0,0266410513983255
1589;12,391;0,0352576290783119
1590;12,395;0,0313889615485221
1591;12,399;0,0276961425428136
1592;12,403;0,0450611842958476
1593;12,407;0,0505124885423696
1594;12,411;0,100101772333312
1595;12,415;0,190180178793987
1596;12,420;0,35912664830515
1597;12,424;0,777118590046534
1598;12,428;1,569228266771
1599;12,432;2,84065705801023
1600;12,436;5,27576345735783
1601;12,440;8,637195919435
1602;12,444;13,6490986664088
1603;12,448;19,8219094072366
1604;12,453;27,562981247953
1605;12,457;36,111461586989
1606;12,461;44,5860855459107
1607;12,465;51,5911433890846
1608;12,469;56,4618837333521
1609;12,473;58,4458947063
1610;12,477;56,0485517774989
1611;12,481;51,0206907769647
1612;12,486;44,7774966643733
1613;12,490;37,3210356598826
1614;12,494;29,8950404121889
1615;12,498;22,9233498264595
1616;12,502;17,8113013450214
1617;12,506;13,6447024533067
1618;12,510;10,331716259614
1619;12,514;8,15049116690883
1620;12,519;6,37723465007243
1621;12,523;5,16774850144086
1622;12,527;4,13951821900615
1623;12,531;3,35057381571514
1624;12,535;2,89732424489545
1625;12,539;2,40653101418438
1626;12,543;2,12658016384686
1627;12,547;1,81110791164491
1628;12,551;1,58707689196526
1629;12,556;1,44257336730141
1630;12,560;1,25072262752865
1631;12,564;1,13831145850964
1632;12,568;1,02528481965635
1633;12,572;0,891727865616558
1634;12,576;0,805693975209754
1635;12,580;0,774744634971436
1636;12,584;0,718077448086219
1637;12,589;0,660794791366717
1638;12,593;0,599863277772527
1639;12,597;0,569573369499513
1640;12,601;0,572958453588079
1641;12,605;0,531458201904879
1642;12,609;0,527193875195906
1643;12,613;0,503849983624106
1644;12,617;0,507718651153896
1645;12,622;0,523193321273055
1646;12,626;0,550581728898727
1647;12,630;0,462437656202947
1648;12,634;0,47716497009476
1649;12,638;0,423531170249947
1650;12,642;0,393900693942238
1651;12,646;0,385328078393272
1652;12,650;0,322638079558269
1653;12,655;0,308833970417882
1654;12,659;0,294546277836272
1655;12,663;0,222228572307814
1656;12,667;0,244693221259207
1657;12,671;0,215590290523743
1658;12,675;0,197741665329485
1659;12,679;0,172111742944627
1660;12,683;0,148899737765888
1661;12,688;0,138832409762231
1662;12,692;0,172287591468709
1663;12,696;0,117159079169204
1664;12,700;0,150790109399763
1665;12,704;0,131754506667956
1666;12,708;0,0907378384259799
1667;12,712;0,101948181836166
1668;12,716;0,102915348718614
1669;12,720;0,113905881473699
1670;12,725;0,102871386587593
1671;12,729;0,0983432870924985
1672;12,733;0,076230335189268
1673;12,737;0,103223083635756
1674;12,741;0,0757027896170239
1675;12,745;0,0923644372737324
1676;12,749;0,0954417864451561
1677;12,753;0,0912214218672036
1678;12,758;0,0946065059557697
1679;12,762;0,071042803728868
1680;12,766;0,0462041997023764
1681;12,770;0,0460723133093154
1682;12,774;0,0581179372088883
1683;12,778;0,0713945007770307
1684;12,782;0,0523149359142035
1685;12,786;0,0441819416754408
1686;12,791;0,0644924462068374
1687;12,795;0,0643605598137764
1688;12,799;0,0465558967505391
1689;12,803;0,0475670257640069
1690;12,807;0,0551724744305255
1691;12,811;0,0455008056060509
1692;12,815;0,058601520650112
1693;12,819;0,0530622921415493
1694;12,824;0,0455008056060509
1695;12,828;0,0719220463492747
1696;12,832;0,0374557356293289
1697;12,836;0,0579860508158272
1698;12,840;0,0510400341146137
1699;12,844;0,0501168293631866
1700;12,848;0,0708229930737663
1701;12,852;0,0738563801141697
1702;12,857;0,0495453216599221
1703;12,861;0,0354334776023933
1704;12,865;0,0508641855905323
1705;12,869;0,0665586663647934
1706;12,873;0,0641847112896951
1707;12,877;0,0385987510358577
1708;12,881;0,0416761002072814
1709;12,885;0,036048947436678
1710;12,889;0,033191408920356
1711;12,894;0,0425113806966679
1712;12,898;0,0283555745081187
1713;12,902;0,0458525026542137
1714;12,906;0,0466877831436001
1715;12,910;0,0235637022269017
1716;12,914;0,0479187228121696
1717;12,918;0,0166176855256882
1718;12,922;0,0283555745081187
1719;12,927;0,0398736528354475
1720;12,931;0,0568430354092984
1721;12,935;0,0471713665848238
1722;12,939;0,0356972503885153
1723;12,943;0,0506004128044103
1724;12,947;0,0213655956758848
1725;12,951;0,0352136669472916
1726;12,955;0,0378953569395323
1727;12,960;0,0603600058909256
1728;12,964;0,0340266894097424
1729;12,968;0,0719660084802951
1730;12,972;0,0931997177631188
1731;12,976;0,0560517170509323
1732;12,980;0,0601841573668442
1733;12,984;0,0865174738480273
1734;12,988;0,091397270391285
1735;12,993;0,0810222074704849
1736;12,997;0,0996181888920884
1737;13,001;0,0794835328847731
1738;13,005;0,0769337292855934
1739;13,009;0,0642726355517357
1740;13,013;0,0686688486537696
1741;13,017;0,0658552722684679
1742;13,021;0,0862976631929256
1743;13,026;0,119137375065119
1744;13,030;0,118565867361854
1745;13,034;0,135579212066726
1746;13,038;0,159274800686688
1747;13,042;0,150218601696499
1748;13,046;0,104805720352488
1749;13,050;0,0685369622607086
1750;13,054;0,0503366400182882
1751;13,058;0,0334991438374984
1752;13,063;0,0249265282885323
1753;13,067;0,0440060931513594
1754;13,071;0,0354774397334136
1755;13,075;0,0261135058260814
1756;13,079;0,0181123979803797
1757;13,083;0,0206622015795594
1758;13,087;0,0112982676722271
1759;13,091;0,0362247959607594
1760;13,096;0,0328397118721933
1761;13,100;0,0253221874677153
1762;13,104;0,0156944807742611
1763;13,108;0,012441283078756
1764;13,112;0,00975959308651528
1765;13,116;0,0197389968281322
1766;13,120;0,00725375161835595
1767;13,124;0,00914412325223053
1768;13,129;0,00668224391509154
1769;13,133;0,0271246348395492
1770;13,137;0,0548647395133832
1771;13,141;0,0462481618333967
1772;13,145;0,0314768858105628
1773;13,149;0,0569749218023594
1774;13,153;0,08946293662639
1775;13,157;0,196202990743773
1776;13,162;0,468152733235591
1777;13,166;0,95551691772707
1778;13,170;1,92343115640188
1779;13,174;3,39989932671996
1780;13,178;5,42976280232208
1781;13,182;8,25257123513805
1782;13,186;11,9700090342179
1783;13,190;16,1646997276546
1784;13,195;20,2083805010364
1785;13,199;23,4271558479526
1786;13,203;25,9841692366196
1787;13,207;26,5853074161917
1788;13,211;25,6733130081748
1789;13,215;24,340161384983
1790;13,219;21,2263676069434
1791;13,223;18,0958682191161
1792;13,227;14,8969637554211
1793;13,232;12,168937677085
1794;13,236;9,35333903375632
1795;13,240;7,3128806845783
1796;13,244;5,70624064430899
1797;13,248;4,4707728762444
1798;13,252;3,42847471188318
1799;13,256;2,74776507516425
1800;13,260;2,16671758946843
1801;13,265;1,87428149392114
1802;13,269;1,67799057891532
1803;13,273;1,29974040361632
1804;13,277;1,05153021187549
1805;13,281;1,0731595803375
1806;13,285;0,883287136460653
1807;13,289;0,82204788794932
1808;13,293;0,686688486537696
1809;13,298;0,574585052435832
1810;13,302;0,507982423940018
1811;13,306;0,480901751231489
1812;13,310;0,446523364773584
1813;13,314;0,379217342181445
1814;13,318;0,293491186691784
1815;13,322;0,344311410151296
1816;13,326;0,234450044731468
1817;13,331;0,279159531979153
1818;13,335;0,232471748835553
1819;13,339;0,22561365639638
1820;13,343;0,209699364967017
1821;13,347;0,160681588879339
1822;13,351;0,131930355192038
1823;13,355;0,158307633804241
1824;13,359;0,15298821595078
1825;13,364;0,10247572740841
1826;13,368;0,139184106810394
1827;13,372;0,142701077292021
1828;13,376;0,113817957211658
1829;13,380;0,0626899988350035
1830;13,384;0,0765380701064103
1831;13,388;0,0631296201452069
1832;13,392;0,114257578521861
1833;13,397;0,0667784770198951
1834;13,401;0,0597884981876611
1835;13,405;0,058469634257051
1836;13,409;0,0777690097749798
1837;13,413;0,038510826773817
1838;13,417;0,0621184911317391
1839;13,421;0,0400934634905492
1840;13,425;0,0651079160411222
1841;13,429;0,0577662401607255
1842;13,434;0,038115167594634
1843;13,438;0,0496772080529832
1844;13,442;0,0323121662999492
1845;13,446;0,0690205457019323
1846;13,450;0,045632691999112
1847;13,454;0,119664920637363
1848;13,458;0,22174498886659
1849;13,462;0,515412024082455
1850;13,467;0,978772885036829
1851;13,471;1,82856087765998
1852;13,475;3,322174279076
1853;13,479;5,47038381138487
1854;13,483;8,65029663447906
1855;13,487;12,8707930988247
1856;13,491;17,328377335763
1857;13,495;22,1440331298619
1858;13,500;26,4058539973667
1859;13,504;29,0276236050266
1860;13,508;30,6198001041903
1861;13,512;30,020596258383
1862;13,516;28,3802812257521
1863;13,520;24,7956530244847
1864;13,524;20,9928847290944
1865;13,528;17,066934542585
1866;13,533;13,2298757849988
1867;13,537;10,1407008003306
1868;13,541;7,77984644027635
1869;13,545;5,97906962942122
1870;13,549;4,70649782277546
1871;13,553;3,56959315245847
1872;13,557;2,89015841753913
1873;13,561;2,32023335099146
1874;13,566;1,90443951580109
1875;13,570;1,56557940989632
1876;13,574;1,38278486911375
1877;13,578;1,09338216060685
1878;13,582;0,961627653938897
1879;13,586;0,850887045898663
1880;13,590;0,769469179248995
1881;13,594;0,657717442195293
1882;13,598;0,618239448539028
1883;13,603;0,572958453588079
1884;13,607;0,500596785928601
1885;13,611;0,520819366197957
1886;13,615;0,401374256215696
1887;13,619;0,389548442971225
1888;13,623;0,349279130956594
1889;13,627;0,341234060979872
1890;13,631;0,343388205399869
1891;13,636;0,241044364384519
1892;13,640;0,229658172450251
1893;13,644;0,219458958053533
1894;13,648;0,202973158920906
1895;13,652;0,183234162092773
1896;13,656;0,159934232651994
1897;13,660;0,154570852667512
1898;13,664;0,172639288516872
1899;13,669;0,135491287804685
1900;13,673;0,144019941222631
1901;13,677;0,16982571213157
1902;13,681;0,119752844899404
1903;13,685;0,131710544536936
1904;13,689;0,111004380826356
1905;13,693;0,0730650617558035
1906;13,697;0,118477943099814
1907;13,702;0,115312669666349
1908;13,706;0,109245895585543
1909;13,710;0,0721858191353968
1910;13,714;0,104454023304326
1911;13,718;0,0947383923488307
1912;13,722;0,08686917089619
1913;13,726;0,0851986099174171
1914;13,730;0,0961012184104612
1915;13,735;0,0535019134517527
1916;13,739;0,0853744584414985
1917;13,743;0,0658992343994883
1918;13,747;0,0758786381411053
1919;13,751;0,0355653639954543
1920;13,755;0,0744278878174341
1921;13,759;0,0534579513207323
1922;13,763;0,0732409102798849
1923;13,767;0,0493694731358408
1924;13,772;0,0772414642027358
1925;13,776;0,0486660790395154
1926;13,780;0,0596566117946001
1927;13,784;0,0542053075480781
1928;13,788;0,0556120957407289
1929;13,792;0,0507762613284916
1930;13,796;0,0346861213750475
1931;13,800;0,0335431059685187
1932;13,805;0,0526226708313459
1933;13,809;0,0618547183456171
1934;13,813;0,0440940174134001
1935;13,817;0,0251023768126136
1936;13,821;0,0608875514631696
1937;13,825;0,0367523415330035
1938;13,829;0,0412364788970781
1939;13,833;0,0532381406656306
1940;13,838;0,0292348171285255
1941;13,842;0,017760700932217
1942;13,846;0,0352576290783119
1943;13,850;0,0613711349043934
1944;13,854;0,0282236881150577
1945;13,858;0,0427311913517696
1946;13,862;0,0499409808391052
1947;13,866;0,0537656862378747
1948;13,871;0,0477868364191086
1949;13,875;0,0343783864579052
1950;13,879;0,0582058614709289
1951;13,883;0,0408847818489153
1952;13,887;0,0655475373513256
1953;13,891;0,0364006444848408
1954;13,895;0,0220689897722102
1955;13,899;0,0421596836485052
1956;13,904;0,0375436598913696
1957;13,908;0,0574145431125628
1958;13,912;0,0404011984076916
1959;13,916;0,0444017523305425
1960;13,920;0,0385547889048374
1961;13,924;0,0368402657950441
1962;13,928;0,0677896060333629
1963;13,932;0,0443138280685018
1964;13,936;0,0265091650052645
1965;13,941;0,0242231341922068
1966;13,945;0,0150790109399763
1967;13,949;0,0321363177758679
1968;13,953;0,0518313524729798
1969;13,957;0,037983281201573
1970;13,961;0,0476989121570679
1971;13,965;0,0297623627007696
1972;13,969;0,0390383723460611
1973;13,974;0,0425553428276882
1974;13,978;0,0525787087003255
1975;13,982;0,025541998122817
1976;13,986;0,0299382112248509
1977;13,990;0,0184201328975221
1978;13,994;0,032927636134234
1979;13,998;0,0539854968929764
1980;14,002;0,043038926268912
1981;14,007;0,0332793331823967
1982;14,011;0,0285753851632204
1983;14,015;0,00835280489386443
1984;14,019;0,0316527343346441
1985;14,023;0,0038247053987695
1986;14,027;0,0219810655101695
1987;14,031;0,0402693120146306
1988;14,035;0,0198269210901729
1989;14,040;0,0105509114448814
1990;14,044;0,0481385334672713
1991;14,048;0,0213216335448645
1992;14,052;0,0291468928664848
1993;14,056;0,0379393190705526
1994;14,060;0,0169254204428305
1995;14,064;0,0268608620534272
1996;14,068;0
1997;14,073;0,0290589686044441
1998;14,077;0,0210138986277221
1999;14,081;0,00953978243141358
2000;14,085;0,0253221874677153
2001;14,089;0,0370161143191255
2002;14,093;0,0437862824962577
2003;14,097;0,0209699364967017
2004;14,101;0,0214095578069051
2005;14,105;0,0481385334672713
2006;14,110;0,0208820122346611
2007;14,114;0,0366644172709628
2008;14,118;0,0630856580141866
2009;14,122;0,0192993755179289
2010;14,126;0,015298821595078
2011;14,130;0,0266410513983255
2012;14,134;0,0189037163387458
2013;14,138;0,0278280289358746
2014;14,143;0,023080118785678
2015;14,147;0,0213655956758848
2016;14,151;0,00720978948733561
2017;14,155;0,0155186322501797
2018;14,159;0,00276961425428136
2019;14,163;0,032927636134234
2020;14,167;0,0264652028742441
2021;14,171;0,0323121662999492
2022;14,176;0,0432147747929933
2023;14,180;0,0765380701064103
2024;14,184;0,205610886782126
2025;14,188;0,309625288776248
2026;14,192;0,782086310851832
2027;14,196;1,63015978036519
2028;14,200;2,95021068851291
2029;14,204;4,86770695722704
2030;14,209;7,74159938628865
2031;14,213;11,4998340429554
2032;14,217;15,4627563816528
2033;14,221;20,0897267094125
2034;14,225;23,9336435594379
2035;14,229;27,1539575809398
2036;14,233;28,9573721196561
2037;14,237;28,8024495699405
2038;14,242;27,5574859815755
2039;14,246;25,1478336560886
2040;14,250;21,3644086983472
2041;14,254;17,7706803359586
2042;14,258;14,1128112244113
2043;14,262;11,0042049778321
2044;14,266;8,49141749297155
2045;14,270;6,6771882700242
2046;14,274;5,03485097936637
2047;14,279;3,95109652545297
2048;14,283;3,15384327939913
2049;14,287;2,51410634879115
2050;14,291;2,09475158098814
2051;14,295;1,66119704486555
2052;14,299;1,46473028133566
2053;14,303;1,21634424107074
2054;14,307;1,06731261691179
2055;14,312;0,877132438117805
2056;14,316;0,740234362120469
2057;14,320;0,710603885812761
2058;14,324;0,620569441483106
2059;14,328;0,564693572956255
2060;14,332;0,459668041948665
2061;14,336;0,449249016896845
2062;14,340;0,350861767673326
2063;14,345;0,382646388401031
2064;14,349;0,363434937145143
2065;14,353;0,270279181513045
2066;14,357;0,243813978638801
2067;14,361;0,20745729628498
2068;14,365;0,222712155749038
2069;14,369;0,179717191611146
2070;14,373;0,194972051075204
2071;14,378;0,187674337325828
2072;14,382;0,178178517025434
2073;14,386;0,163846862312804
2074;14,390;0,153823496440166
2075;14,394;0,176771728832783
2076;14,398;0,132809597812444
2077;14,402;0,0954857485761765
2078;14,406;0,111839661315743
2079;14,411;0,0905619899018985
2080;14,415;0,115708328845532
2081;14,419;0,0923204751427121
2082;14,423;0,128677157496532
2083;14,427;0,0801869269810985
2084;14,431;0,0961451805414816
2085;14,435;0,0427311913517696
2086;14,439;0,0415442138142204
2087;14,443;0,053545875582773
2088;14,448;0,0801429648500781
2089;14,452;0,0604918922839866
2090;14,456;0,0950461272659731
2091;14,460;0,155318208894858
2092;14,464;0,302547385681974
2093;14,468;0,692667336356462
2094;14,472;1,41021723887044
2095;14,476;2,67531548324273
2096;14,481;5,09222156034792
2097;14,485;8,99412446118913
2098;14,489;14,9513449114932
2099;14,493;22,5605743212796
2100;14,497;32,5530348158097
2101;14,501;44,4014006334943
2102;14,505;58,5390064998011
2103;14,509;71,7396914298024
2104;14,514;84,2764602571345
2105;14,518;94,7103445092397
2106;14,522;99,7000024179172
2107;14,526;99,0713439443264
2108;14,530;92,6223191342977
2109;14,534;80,7139889699013
2110;14,538;66,0840951604288
2111;14,542;52,0876516968284
2112;14,547;39,6766145642144
2113;14,551;29,7398101275561
2114;14,555;21,8881735273236
2115;14,559;16,6226972086245
2116;14,563;12,5325045006232
2117;14,567;9,92748446488195
2118;14,571;7,8549777221901
2119;14,575;6,53752057977258
2120;14,580;5,18638844499348
2121;14,584;4,51539443923005
2122;14,588;3,96591176360683
2123;14,592;3,29135682523075
2124;14,596;2,98942490938306
2125;14,600;2,66771003457622
2126;14,604;2,35483154810446
2127;14,608;2,06516506681145
2128;14,612;1,84900326858444
2129;14,617;1,62611526431132
2130;14,621;1,4886017184797
2131;14,625;1,45708087053812
2132;14,629;1,32862352369669
2133;14,633;1,17822907347611
2134;14,637;1,1068785348301
2135;14,641;0,990159076971097
2136;14,645;0,896036154456551
2137;14,650;0,839896513143578
2138;14,654;0,710911620729903
2139;14,658;0,685457546869127
2140;14,662;0,686864335061778
2141;14,666;0,634681285540635
2142;14,670;0,606061938246395
2143;14,674;0,531238391249777
2144;14,678;0,485473812857604
2145;14,683;0,492024170379635
2146;14,687;0,47197743863436
2147;14,691;0,44335809134012
2148;14,695;0,376887349237367
2149;14,699;0,35393911684475
2150;14,703;0,37605206874798
2151;14,707;0,318593563504397
2152;14,711;0,382778274794092
2153;14,716;0,308658121893801
2154;14,720;0,292875716857499
2155;14,724;0,238714371440441
2156;14,728;0,260915247605712
2157;14,732;0,260123929247346
2158;14,736;0,241659834218804
2159;14,740;0,196818460578058
2160;14,744;0,232955332276777
2161;14,749;0,207193523498858
2162;14,753;0,179673229480126
2163;14,757;0,202489575479682
2164;14,761;0,134084499612034
2165;14,765;0,174617584412787
2166;14,769;0,163846862312804
2167;14,773;0,164374407885048
2168;14,777;0,150306525958539
2169;14,781;0,127226407172861
2170;14,786;0,129952059296122
2171;14,790;0,1245007550496
2172;14,794;0,0882759590888409
2173;14,798;0,113070600984312
2174;14,802;0,0902102928537358
2175;14,806;0,116455685072878
2176;14,810;0,110520797385132
2177;14,814;0,0838357838557866
2178;14,819;0,112499093281048
2179;14,823;0,101464598394943
2180;14,827;0,0890233153161866
2181;14,831;0,0940349982525053
2182;14,835;0,081549753042729
2183;14,839;0,0860778525378239
2184;14,843;0,0527545572244069
2185;14,847;0,0864295495859866
2186;14,852;0,0838357838557866
2187;14,856;0,0618986804766374
2188;14,860;0,0673939468541798
2189;14,864;0,0553043608235866
2190;14,868;0,0564473762301154
2191;14,872;0,0802308891121188
2192;14,876;0,0886716182680239
2193;14,880;0,0624262260488815
2194;14,885;0,0730650617558035
2195;14,889;0,0667784770198951
2196;14,893;0,0958814077553595
2197;14,897;0,0817695636978307
2198;14,901;0,110608721647173
2199;14,905;0,0754390168309019
2200;14,909;0,0980355521753561
2201;14,913;0,0712626143839696
2202;14,918;0,101420636263922
2203;14,922;0,0781207068231425
2204;14,926;0,0443577901995221
2205;14,930;0,0654156509582645
2206;14,934;0,0627339609660239
2207;14,938;0,0789120251815087
2208;14,942;0,0524907844382849
2209;14,946;0,0200027696142543
2210;14,950;0,0541613454170577
2211;14,955;0,0481385334672713
2212;14,959;0,048358344122373
2213;14,963;0,0590411419603154
2214;14,967;0,0293227413905662
2215;14,971;0,0569309596713391
2216;14,975;0,0586894449121527
2217;14,979;0,0443577901995221
2218;14,983;0,061459059166434
2219;14,988;0,10366270494596
2220;14,992;0,0655475373513256
2221;14,996;0,0791757979676307
2222;15,000;0,07908787370559
2223;15,004;0,0871769058133324
2224;15,008;0,0778569340370205
2225;15,012;0,0731090238868239
2226;15,016;0,0776810855129391
2227;15,021;0,0638769763725527
2228;15,025;0,0804067376362002
2229;15,029;0,022948232392617
2230;15,033;0,0419398729934035
2231;15,037;0,0632175444072476
2232;15,041;0,0772414642027358
2233;15,045;0,129952059296122
2234;15,049;0,191455080593577
2235;15,054;0,515368061951435
2236;15,058;1,13391524540761
2237;15,062;2,036106098207
2238;15,066;3,6773003734583
2239;15,070;6,23488526982857
2240;15,074;9,5716110142723
2241;15,078;13,8516761661505
2242;15,082;18,5050237725223
2243;15,087;23,5712197513062
2244;15,091;27,2741060850184
2245;15,095;30,0408628007834
2246;15,099;30,6445947460857
2247;15,103;29,6938697006399
2248;15,107;27,4328093780018
2249;15,111;24,2811202430227
2250;15,115;20,2539252687735
2251;15,119;16,3723768345947
2252;15,124;12,9126890096871
2253;15,128;10,1468994608045
2254;15,132;7,72331113978419
2255;15,136;6,13658594486709
2256;15,140;4,77538648208433
2257;15,144;3,82175993599114
2258;15,148;3,08781215860658
2259;15,152;2,57503786238534
2260;15,157;2,01214673680092
2261;15,161;1,74925319329929
2262;15,165;1,45576200660751
2263;15,169;1,23643493494704
2264;15,173;1,09201933454522
2265;15,177;0,92439172896467
2266;15,181;0,823982221714215
2267;15,185;0,743619446209036
2268;15,190;0,620041895910862
2269;15,194;0,565484891314622
2270;15,198;0,598016868269672
2271;15,202;0,550801539553828
2272;15,206;0,497167739709015
2273;15,210;0,511851091469808
2274;15,214;0,511367508028584
2275;15,218;0,526314632575499
2276;15,223;0,49527736807514
2277;15,227;0,473296302564971
2278;15,231;0,451051464268679
2279;15,235;0,393109375583872
2280;15,239;0,46810877110457
2281;15,243;0,426828330076472
2282;15,247;0,377370932678591
2283;15,251;0,284039328522411
2284;15,256;0,293535148822804
2285;15,260;0,21651349527517
2286;15,264;0,259068838102858
2287;15,268;0,180068888659309
2288;15,272;0,16855081033198
2289;15,276;0,159274800686688
2290;15,280;0,139140144679373
2291;15,284;0,129952059296122
2292;15,288;0,118917564410017
2293;15,293;0,157516315445875
2294;15,297;0,12836942257939
2295;15,301;0,08427540516599
2296;15,305;0,124984338490824
2297;15,309;0,0765820322374307
2298;15,313;0,0826927684492578
2299;15,317;0,0982553628304578
2300;15,321;0,0835720110696646
2301;15,326;0,0733727966729459
2302;15,330;0,0874846407304748
2303;15,334;0,0797033435398748
2304;15,338;0,0513038069007357
2305;15,342;0,111268153612478
2306;15,346;0,0607117029390883
2307;15,350;0,101948181836166
2308;15,354;0,0191235269938475
2309;15,359;0,0411925167660577
2310;15,363;0,0489298518256374
2311;15,367;0,0837478595937459
2312;15,371;0,0720099706113154
2313;15,375;0,0320923556448475
2314;15,379;0,0759665624031459
2315;15,383;0,0652837645652035
2316;15,387;0,0619866047386781
2317;15,392;0,0373238492362679
2318;15,396;0,0422915700415662
2319;15,400;0,0167056097877289
2320;15,404;0,0600083088427628
2321;15,408;0,0473911772399255
2322;15,412;0,0473032529778848
2323;15,416;0,0526666329623662
2324;15,420;0,0640088627656137
2325;15,425;0,0593488768774578
2326;15,429;0,0685369622607086
2327;15,433;0,0642286734207154
2328;15,437;0,185608117167872
2329;15,441;0,414782706176899
2330;15,445;0,862405124225992
2331;15,449;1,5560396274649
2332;15,453;2,98916113659694
2333;15,457;4,89491951632863
2334;15,462;8,05452183489142
2335;15,466;12,3299709630125
2336;15,470;17,5062041557402
2337;15,474;22,9484522032721
2338;15,478;27,7860890628812
2339;15,482;31,7233814791938
2340;15,486;34,6117374493611
2341;15,490;34,734743491956
2342;15,495;33,1272681711973
2343;15,499;28,9195646869786
2344;15,503;24,7525701360848
2345;15,507;20,1940928084548
2346;15,511;15,6891173942766
2347;15,515;12,1159633092054
2348;15,519;9,23433354508426
2349;15,523;7,05346014942728
2350;15,528;5,3595552790826
2351;15,532;4,05783657957036
2352;15,536;3,3003250999589
2353;15,540;2,64269558202564
2354;15,544;2,22290119291243
2355;15,548;1,82003222424204
2356;15,552;1,4942288712503
2357;15,556;1,36616718358806
2358;15,561;1,16029252401981
2359;15,565;1,01381070346004
2360;15,569;0,866185867493741
2361;15,573;0,770744081048585
2362;15,577;0,743135862767812
2363;15,581;0,67811587098873
2364;15,585;0,610809848396591
2365;15,589;0,503146589527781
2366;15,594;0,455711450156835
2367;15,598;0,485122115809442
2368;15,602;0,427136064993615
2369;15,606;0,371040385811662
2370;15,610;0,376931311368387
2371;15,614;0,321275253496638
2372;15,618;0,267289756603662
2373;15,622;0,299997582082794
2374;15,626;0,20358862875519
2375;15,631;0,239285879143706
2376;15,635;0,254364890083682
2377;15,639;0,290589686044441
2378;15,643;0,24240719044615
2379;15,647;0,218271980515984
2380;15,651;0,21655745740619
2381;15,655;0,21915122313639
2382;15,659;0,184728874547465
2383;15,664;0,208380501036407
2384;15,668;0,2100950241462
2385;15,672;0,168418923938919
2386;15,676;0,152284821854455
2387;15,680;0,182970389306651
2388;15,684;0,14916351055201
2389;15,688;0,146877479738953
2390;15,692;0,117774549003488
2391;15,697;0,113686070818597
2392;15,701;0,144151827615692
2393;15,705;0,0918368917014883
2394;15,709;0,113598146556556
2395;15,713;0,106652129855343
2396;15,717;0,0979476279133155
2397;15,721;0,0975519687341324
2398;15,725;0,0986949841406612
2399;15,730;0,0826927684492578
2400;15,734;0,109905327550848
2401;15,738;0,0746916606035561
2402;15,742;0,07649410797539
2403;15,746;0,103574780683919
2404;15,750;0,107311561820648
2405;15,754;0,101464598394943
2406;15,758;0,0818574879598714
2407;15,763;0,112103434101865
2408;15,767;0,0981674385684172
2409;15,771;0,103091197242695
2410;15,775;0,100673280036576
2411;15,779;0,078955987312529
2412;15,783;0,0846271022141527
2413;15,787;0,0885836940059832
2414;15,791;0,0601401952358239
2415;15,795;0,0725814783145798
2416;15,800;0,0437862824962577
2417;15,804;0,0388185616909594
2418;15,808;0,0787801387884476
2419;15,812;0,0873087922063934
2420;15,816;0,030993302369339
2421;15,820;0,0631296201452069
2422;15,824;0,0633494308003086
2423;15,828;0,0771975020717154
2424;15,833;0,0384229025117764
2425;15,837;0,0254980359917967
2426;15,841;0,0572386945884815
2427;15,845;0,0690205457019323
2428;15,849;0,025805770908939
2429;15,853;0,0515236175558374
2430;15,857;0,0625581124419425
2431;15,861;0,0723177055284578
2432;15,866;0,0441819416754408
2433;15,870;0,0678335681643832
2434;15,874;0,0375876220223899
2435;15,878;0,0327517876101526
2436;15,882;0,0207061637105797
2437;15,886;0,053545875582773
2438;15,890;0,033191408920356
2439;15,894;0,0228603081305763
2440;15,899;0,0440940174134001
2441;15,903;0,0393461072632035
2442;15,907;0,0531941785346103
2443;15,911;0,0391702587391221
2444;15,915;0,0295425520456679
2445;15,919;0,0219371033791492
2446;15,923;0,0587773691741934
2447;15,927;0,0273004833636306
2448;15,932;0,0505124885423696
2449;15,936;0,0449732600338069
2450;15,940;0,0362687580917797
2451;15,944;0,0652837645652035
2452;15,948;0,0452370328199289
2453;15,952;0,0673060225921391
2454;15,956;0,0388185616909594
2455;15,960;0,0214535199379255
2456;15,964;0,0744718499484544
2457;15,969;0,0559637927888916
2458;15,973;0,0321802799068882
2459;15,977;0,0462921239644171
2460;15,981;0,0463800482264577
2461;15,985;0,0370161143191255
2462;15,989;0,0501607914942069
2463;15,993;0,0414123274211594
2464;15,997;0,0447094872476848
2465;16,002;0,106915902641465
2466;16,006;0,15558198168098
2467;16,010;0,375128863996553
2468;16,014;0,813783007317497
2469;16,018;1,58826386950281
2470;16,022;2,95957462242025
2471;16,026;5,18467392188369
2472;16,030;8,33856116341384
2473;16,035;12,5941833704447
2474;16,039;17,5170188399713
2475;16,043;22,8326119880335
2476;16,047;27,5603874822228
2477;16,051;31,161853179671
2478;16,055;33,3237788968582
2479;16,059;33,098385051117
2480;16,063;31,2357095597852
2481;16,068;28,2292273435663
2482;16,072;23,6564183612236
2483;16,076;19,1966799798653
2484;16,080;15,4098259759044
2485;16,084;12,035029025997
2486;16,088;9,13308875734442
2487;16,092;7,04800884518076
2488;16,096;5,39459309750581
2489;16,101;4,15661948797306
2490;16,105;3,38745804364121
2491;16,109;2,65509290297338
2492;16,113;2,23899133286587
2493;16,117;1,8309787948661
2494;16,121;1,67328663089615
2495;16,125;1,38876371893251
2496;16,129;1,19357185720221
2497;16,133;1,01926200770656
2498;16,138;0,901883117882256
2499;16,142;0,796769662612625
2500;16,146;0,697415246506659
2501;16,150;0,647694076322656
2502;16,154;0,687479804896063
2503;16,158;0,541877226956699
2504;16,162;0,505960165913082
2505;16,166;0,463844444395598
2506;16,171;0,446215629856442
2507;16,175;0,443006394291957
2508;16,179;0,379173380050425
2509;16,183;0,372491136135333
2510;16,187;0,341893492945177
2511;16,191;0,309449440252167
2512;16,195;0,262190149405302
2513;16,199;0,238054939475136
2514;16,204;0,274543508222018
2515;16,208;0,237835128820034
2516;16,212;0,242011531266967
2517;16,216;0,207896917595184
2518;16,220;0,212732752007421
2519;16,224;0,226229126230665
2520;16,228;0,144195789746712
2521;16,232;0,211589736600892
2522;16,237;0,243638130114719
2523;16,241;0,273928038387733
2524;16,245;0,302195688633811
2525;16,249;0,382778274794092
2526;16,253;0,46023954965193
2527;16,257;0,573354112767262
2528;16,261;0,642374658469195
2529;16,265;0,707218801724195
2530;16,270;0,621624532627595
2531;16,274;0,656618388919785
2532;16,278;0,637582786187978
2533;16,282;0,56658394459013
2534;16,286;0,508641855905323
2535;16,290;0,464855573409065
2536;16,294;0,366424362054526
2537;16,298;0,324396564799082
2538;16,302;0,272433325933041
2539;16,307;0,204028250065394
2540;16,311;0,227943649340458
2541;16,315;0,197521854674383
2542;16,319;0,189213011911539
2543;16,323;0,159582535603831
2544;16,327;0,193521300751533
2545;16,331;0,113378335901454
2546;16,335;0,140151273692841
2547;16,340;0,076362221582329
2548;16,344;0,118873602278997
2549;16,348;0,076889767154573
2550;16,352;0,110344948861051
2551;16,356;0,094386695300668
2552;16,360;0,115840215238593
2553;16,364;0,111224191481458
2554;16,368;0,0947383923488307
2555;16,373;0,165561385422597
2556;16,377;0,26966371167876
2557;16,381;0,567243376555435
2558;16,385;1,17466814086346
2559;16,389;2,24901469873851
2560;16,393;4,12712089805841
2561;16,397;7,09909284142639
2562;16,401;11,4807544780926
2563;16,406;17,4518229996681
2564;16,410;24,8603213192156
2565;16,414;33,9048263825541
2566;16,418;44,009434273317
2567;16,422;54,622288360806
2568;16,426;63,6408118047114
2569;16,430;70,5497244673438
2570;16,434;73,8209466365673
2571;16,439;72,6134387838316
2572;16,443;67,3752629484962
2573;16,447;58,2507468067007
2574;16,451;48,3688510716868
2575;16,455;37,9607725904905
2576;16,459;29,0882034215727
2577;16,463;21,943082228968
2578;16,467;16,412030676775
2579;16,471;12,46730866032
2580;16,476;9,86228862457879
2581;16,480;7,75461217707067
2582;16,484;6,11570393263243
2583;16,488;5,03076250118148
2584;16,492;4,18594222936363
2585;16,496;3,65536327007915
2586;16,500;3,02956233500463
2587;16,504;2,80786130826906
2588;16,509;2,42020323693171
2589;16,513;2,06643996861104
2590;16,517;1,85419080004484
2591;16,521;1,70269729654875
2592;16,525;1,53353101638249
2593;16,529;1,37693790568804
2594;16,533;1,30857679195141
2595;16,537;1,16209497139164
2596;16,542;1,04968380237264
2597;16,546;0,963693874096853
2598;16,550;0,850931008029683
2599;16,554;0,852733455401517
2600;16,558;0,769337292855934
2601;16,562;0,743707370471076
2602;16,566;0,658332912029578
2603;16,570;0,59507140549131
2604;16,575;0,586322941418262
2605;16,579;0,538316294344052
2606;16,583;0,49268360234494
2607;16,587;0,496860004791872
2608;16,591;0,434697551529113
2609;16,595;0,415266289618123
2610;16,599;0,374909053341452
2611;16,603;0,349191206694553
2612;16,608;0,38383336593858
2613;16,612;0,320923556448475
2614;16,616;0,300525127655038
2615;16,620;0,33710162066396
2616;16,624;0,304921340757072
2617;16,628;0,246539630762062
2618;16,632;0,220645935591082
2619;16,636;0,263552975466933
2620;16,640;0,217964245598841
2621;16,645;0,282456691805679
2622;16,649;0,199148453522136
2623;16,653;0,241747758480845
2624;16,657;0,188509617815214
2625;16,661;0,208424463167428
2626;16,665;0,199807885487441
2627;16,669;0,171276462455241
2628;16,673;0,149866904648336
2629;16,678;0,158263671673221
2630;16,682;0,179189646038902
2631;16,686;0,187674337325828
2632;16,690;0,215370479868641
2633;16,694;0,354598548810055
2634;16,698;0,574277317518689
2635;16,702;1,02717519129022
2636;16,706;2,03632590886211
2637;16,711;3,66890360643342
2638;16,715;5,95154933540248
2639;16,719;9,10315054611957
2640;16,723;13,0695458931676
2641;16,727;18,525861822626
2642;16,731;23,6897416565371
2643;16,735;28,4019105942141
2644;16,739;31,8918883273948
2645;16,744;34,8312843316767
2646;16,748;35,1874655172035
2647;16,752;32,9041163941381
2648;16,756;29,4635960583553
2649;16,760;25,3154172995382
2650;16,764;21,128244130506
2651;16,768;16,7394166664835
2652;16,772;12,9524307761294
2653;16,777;10,1227642508743
2654;16,781;7,85774733644439
2655;16,785;6,08114969765044
2656;16,789;4,72790738058237
2657;16,793;3,88409823777798
2658;16,797;3,02793573615687
2659;16,801;2,56919089895964
2660;16,805;2,19028129169533
2661;16,809;1,8126026240996
2662;16,814;1,60681588879339
2663;16,818;1,34185612513381
2664;16,822;1,26162523602169
2665;16,826;1,0962836612542
2666;16,830;1,01781125738289
2667;16,834;0,868823595354961
2668;16,838;0,789911570173453
2669;16,842;0,709988415978476
2670;16,847;0,726474215111103
2671;16,851;0,70796615795154
2672;16,855;0,924699463881812
2673;16,859;1,19893523718669
2674;16,863;1,94176336503736
2675;16,867;3,4535770886958
2676;16,871;5,7492795705779
2677;16,875;9,17014883379457
2678;16,880;14,5322539164763
2679;16,884;21,0689392157595
2680;16,888;29,2766251151258
2681;16,892;39,0279093588783
2682;16,896;48,9978612423259
2683;16,900;58,3979759834878
2684;16,904;66,0854579864904
2685;16,908;69,4166005402946
2686;16,913;69,1161633369016
2687;16,917;64,4097974005192
2688;16,921;56,7731356209761
2689;16,925;47,4994120064976
2690;16,929;38,3074139935859
2691;16,933;29,7638134510932
2692;16,937;22,8469436427461
2693;16,941;17,4453166042771
2694;16,946;13,1802865012079
2695;16,950;10,1318644119955
2696;16,954;8,10191301213135
2697;16,958;6,59128626601046
2698;16,962;5,47631869907262
2699;16,966;4,52058197069045
2700;16,970;3,87891070631758
2701;16,974;3,36815866812328
2702;16,978;3,06481996408294
2703;16,983;2,63240844336688
2704;16,987;2,33412538439388
2705;16,991;2,06855015090001
2706;16,995;1,85845512675381
2707;16,999;1,72072177026709
2708;17,003;1,59784761406524
2709;17,007;1,56544752350325
2710;17,011;1,4230981432594
2711;17,016;1,38098242174191
2712;17,020;1,39342370482067
2713;17,024;1,11334096809009
2714;17,028;1,10951626269132
2715;17,032;0,946240908081778
2716;17,036;0,865394549135375
2717;17,040;0,768106353187364
2718;17,044;0,731529860178442
2719;17,049;0,618151524276988
2720;17,053;0,577838250131337
2721;17,057;0,554362472166476
2722;17,061;0,560780943295445
2723;17,065;0,514269008675927
2724;17,069;0,519984085708571
2725;17,073;0,477692515667004
2726;17,077;0,469207824380079
2727;17,082;0,461030868010296
2728;17,086;0,441599606099306
2729;17,090;0,439973007251554
2730;17,094;0,338464446725591
2731;17,098;0,319780541041946
2732;17,102;0,414035349949553
2733;17,106;0,26961974954774
2734;17,110;0,329759944783563
2735;17,115;0,286896867038733
2736;17,119;0,262497884322445
2737;17,123;0,336134453781513
2738;17,127;0,268828431189373
2739;17,131;0,213743881020889
2740;17,135;0,210314834801302
2741;17,139;0,198664870080912
2742;17,143;0,231328733429024
2743;17,147;0,22165706460455
2744;17,152;0,201390522204173
2745;17,156;0,214051615938031
2746;17,160;0,18793811011195
2747;17,164;0,209391630049875
2748;17,168;0,163011581823417
2749;17,172;0,159318762817709
2750;17,176;0,152328783985475
2751;17,180;0,161033285927502
2752;17,185;0,156417262170366
2753;17,189;0,134656007315299
2754;17,193;0,130083945689183
2755;17,197;0,126171316028373
2756;17,201;0,145866350725485
2757;17,205;0,152548594640577
2758;17,209;0,143360509257326
2759;17,213;0,16978175000055
2760;17,218;0,191015459283373
2761;17,222;0,321187329234597
2762;17,226;0,54578985661751
2763;17,230;1,12718903936149
2764;17,234;2,13480108234767
2765;17,238;3,59236553632701
2766;17,242;6,12146297179609
2767;17,246;9,59482301945105
2768;17,251;14,1234500601182
2769;17,255;19,0860272960871
2770;17,259;24,2685031114198
2771;17,263;28,7787539813205
2772;17,267;32,1058080569398
2773;17,271;33,0580717769713
2774;17,275;32,1437034138793
2775;17,279;29,3175978212368
2776;17,284;25,3805691777103
2777;17,288;21,3965010539921
2778;17,292;17,3329054352581
2779;17,296;13,4804599318147
2780;17,300;10,3667540780372
2781;17,304;8,1729118537292
2782;17,308;6,35894640356797
2783;17,312;5,08298951283365
2784;17,316;4,14756328898287
2785;17,321;3,33013142479069
2786;17,325;2,76381125298668
2787;17,329;2,43550205852678
2788;17,333;2,15062744951499
2789;17,337;1,79708399184942
2790;17,341;1,50671411646008
2791;17,345;1,33587727531504
2792;17,349;1,22452119744052
2793;17,354;1,07346731525464
2794;17,358;0,944042801530761
2795;17,362;0,90104783739287
2796;17,366;0,826048441872171
2797;17,370;0,747620000131886
2798;17,374;0,659827624484269
2799;17,378;0,590411419603154
2800;17,382;0,527369723719988
2801;17,387;0,494442087585754
2802;17,391;0,449732600338069
2803;17,395;0,467405377008245
2804;17,399;0,471493855193137
2805;17,403;0,394735974431625
2806;17,407;0,364402104027591
2807;17,411;0,321275253496638
2808;17,415;0,299645885034631
2809;17,420;0,294150618657089
2810;17,424;0,336222378043553
2811;17,428;0,261222982522855
2812;17,432;0,284874609011797
2813;17,436;0,22948232392617
2814;17,440;0,273136720029367
2815;17,444;0,240209083895133
2816;17,448;0,251287540912258
2817;17,453;0,283204048033024
2818;17,457;0,263069392025709
2819;17,461;0,252958101891031
2820;17,465;0,327122216922343
2821;17,469;0,248298116002875
2822;17,473;0,263421089073872
2823;17,477;0,23849456078534
2824;17,481;0,166088930994841
2825;17,485;0,164154597229946
2826;17,490;0,184509063892363
2827;17,494;0,168023264759736
2828;17,498;0,212205206435177
2829;17,502;0,230581377201678
2830;17,506;0,160417816093217
2831;17,510;0,243550205852679
2832;17,514;0,178046630632373
2833;17,518;0,155362171025878
2834;17,523;0,261310906784895
2835;17,527;0,196290915005814
2836;17,531;0,152372746116495
2837;17,535;0,16591308247076
2838;17,539;0,19708223336418
2839;17,543;0,130347718475305
2840;17,547;0,164154597229946
2841;17,551;0,171804008027485
2842;17,556;0,206797864319675
2843;17,560;0,168243075414838
2844;17,564;0,162132339203011
2845;17,568;0,157560277576895
2846;17,572;0,148592002848746
2847;17,576;0,123489626036132
2848;17,580;0,141074478444268
2849;17,584;0,222316496569855
2850;17,589;0,308482273369719
2851;17,593;0,477560629273943
2852;17,597;0,851986099174171
2853;17,601;1,5893189606473
2854;17,605;3,09493402383187
2855;17,609;5,0122104818909
2856;17,613;8,04093753640614
2857;17,617;12,2973510617954
2858;17,622;16,5583366488107
2859;17,626;21,7605074988405
2860;17,630;25,8755388108683
2861;17,634;29,6442804168489
2862;17,638;31,6345340124017
2863;17,642;30,9079718730286
2864;17,646;29,0182596711193
2865;17,650;26,080182530768
2866;17,654;21,7814774353372
2867;17,659;18,0014375616844
2868;17,663;14,2370482066748
2869;17,667;10,9856529585415
2870;17,671;8,68573011208145
2871;17,675;6,7184687110523
2872;17,679;5,24907844382849
2873;17,683;4,20594499897788
2874;17,687;3,32599898447477
2875;17,692;2,68700941009415
2876;17,696;2,23833190090056
2877;17,700;1,89388860435621
2878;17,704;1,69192657444877
2879;17,708;1,48741474094215
2880;17,712;1,25182168080416
2881;17,716;1,18851621213487
2882;17,720;1,04977172663468
2883;17,725;0,856338350145185
2884;17,729;0,875373952876992
2885;17,733;0,751049046351473
2886;17,737;0,682643970483825
2887;17,741;0,631296201452069
2888;17,745;0,591994056319886
2889;17,749;0,645232196985517
2890;17,753;0,551548895781174
2891;17,758;0,49914603560493
2892;17,762;0,491540586938411
2893;17,766;0,509916757704913
2894;17,770;0,444852803794811
2895;17,774;0,481429296803733
2896;17,778;0,442478848719713
2897;17,782;0,355170056513319
2898;17,786;0,415398176011184
2899;17,791;0,38378940380756
2900;17,795;0,374469432031248
2901;17,799;0,32149506415174
2902;17,803;0,234098347683306
2903;17,807;0,267685415782845
2904;17,811;0,250891881733075
2905;17,815;0,298107210448919
2906;17,819;0,260387702033468
2907;17,823;0,248473964526956
2908;17,828;0,245968123058797
2909;17,832;0,174397773757685
2910;17,836;0,227591952292295
2911;17,840;0,178222479156455
2912;17,844;0,208820122346611
2913;17,848;0,173210796220136
2914;17,852;0,168770620987082
2915;17,856;0,154219155619349
2916;17,861;0,174661546543807
2917;17,865;0,167715529842594
2918;17,869;0,17246343999279
2919;17,873;0,134963742232441
2920;17,877;0,164462332147088
2921;17,881;0,10106893921576
2922;17,885;0,134260348136116
2923;17,889;0,0774612748578375
2924;17,894;0,0915731189153663
2925;17,898;0,181431714720939
2926;17,902;0,154438966274451
2927;17,906;0,116060025893695
2928;17,910;0,0904301035088375
2929;17,914;0,144327676139773
2930;17,918;0,162703846906275
2931;17,922;0,12063208751981
2932;17,927;0,136546378949173
2933;17,931;0,149471245469153
2934;17,935;0,106564205593302
2935;17,939;0,0836159732006849
2936;17,943;0,091924815963529
2937;17,947;0,128105649793268
2938;17,951;0,129336589461838
2939;17,955;0,131710544536936
2940;17,960;0,108322690834115
2941;17,964;0,0930238692390375
2942;17,968;0,140415046478963
2943;17,972;0,107531372475749
2944;17,976;0,107751183130851
2945;17,980;0,0957055592312782
2946;17,984;0,112499093281048
2947;17,988;0,0939031118594443
2948;17,992;0,0872208679443527
2949;17,997;0,0983872492235189
2950;18,001;0,0843633294280307
2951;18,005;0,105684962972895
2952;18,009;0,107707220999831
2953;18,013;0,0709109173358069
2954;18,017;0,132809597812444
2955;18,021;0,110564759516153
2956;18,025;0,100629317905556
2957;18,030;0,0980355521753561
2958;18,034;0,115972101631654
2959;18,038;0,0967606503757663
2960;18,042;0,117159079169204
2961;18,046;0,0648441432550001
2962;18,050;0,0778569340370205
2963;18,054;0,0753950546998815
2964;18,058;0,0956615971002578
2965;18,063;0,0876604892545561
2966;18,067;0,107839107392892
2967;18,071;0,0899465200676137
2968;18,075;0,103794591339021
2969;18,079;0,0990466811888239
2970;18,083;0,0865174738480273
2971;18,087;0,0686248865227493
2972;18,091;0,110037213943909
2973;18,096;0,0938151875974036
2974;18,100;0,107355523951668
2975;18,104;0,22556969426536
2976;18,108;0,350334222101082
2977;18,112;0,714208780556429
2978;18,116;1,25265696129354
2979;18,120;2,20777821984143
2980;18,124;3,96925288556437
2981;18,129;6,30289468651703
2982;18,133;9,56550027806048
2983;18,137;13,604257292768
2984;18,141;18,2160606853257
2985;18,145;22,4677702626957
2986;18,149;26,2371713006416
2987;18,153;28,9450187608394
2988;18,157;30,6209431195968
2989;18,161;31,7286129727852
2990;18,166;32,4368868656539
2991;18,170;33,574055308757
2992;18,174;36,2386879941618
2993;18,178;40,008572615549
2994;18,182;46,1329810501234
2995;18,186;52,7951782334697
2996;18,190;62,0111795699185
2997;18,194;71,2130251001787
2998;18,199;78,9562950474461
2999;18,203;83,8007460373634
3000;18,207;82,3902210635758
3001;18,211;77,4706827538758
3002;18,215;67,9329665426202
3003;18,219;56,9708333241746
3004;18,223;45,2683338572154
3005;18,227;34,6172766778697
3006;18,232;26,4478817946221
3007;18,236;19,7497235881012
3008;18,240;15,3752277787913
3009;18,244;11,9883412428534
3010;18,248;9,92106599375298
3011;18,252;8,18970538777897
3012;18,256;6,66892338939238
3013;18,260;5,82801574723533
3014;18,265;4,93685938932204
3015;18,269;4,35954868476295
3016;18,273;3,83697083332417
3017;18,277;3,49665997709573
3018;18,281;3,17226341229665
3019;18,285;2,75950296414668
3020;18,289;2,61086699916692
3021;18,293;2,40494837746765
3022;18,298;2,29952718728088
3023;18,302;2,12068923829014
3024;18,306;2,10890738717669
3025;18,310;2,00533260649277
3026;18,314;1,99552905127523
3027;18,318;2,01306994155235
3028;18,322;1,91173722955047
3029;18,326;1,71993045190873
3030;18,331;1,76934388717559
3031;18,335;1,651349527517
3032;18,339;1,49928451631764
3033;18,343;1,34519724709136
3034;18,347;1,34185612513381
3035;18,351;1,20104541947566
3036;18,355;1,08067710474198
3037;18,359;1,01007392232331
3038;18,363;0,922149660282633
3039;18,368;0,904520845743477
3040;18,372;0,746652833249439
3041;18,376;0,719660084802951
3042;18,380;0,701899383870734
3043;18,384;0,666553830530381
3044;18,388;0,647254455012452
3045;18,392;0,551724744305255
3046;18,396;0,523457094059177
3047;18,401;0,541173832860374
3048;18,405;0,466174437339676
3049;18,409;0,488683048422089
3050;18,413;0,505564506733899
3051;18,417;0,499717543308194
3052;18,421;0,444325258222567
3053;18,425;0,473823848137215
3054;18,429;0,578014098655418
3055;18,434;0,655607259906317
3056;18,438;0,961891426725019
3057;18,442;1,51141806447926
3058;18,446;2,61420812112446
3059;18,450;4,16290607270897
3060;18,454;6,49667976005469
3061;18,458;9,78948733560911
3062;18,462;13,7311320028927
3063;18,467;18,0131754506668
3064;18,471;22,2874815633813
3065;18,475;25,4012753414209
3066;18,479;27,7143868271871
3067;18,483;27,5422311221114
3068;18,487;25,9628036409437
3069;18,491;23,73941886459
3070;18,495;20,1630555439544
3071;18,500;16,831385444578
3072;18,504;13,5087275820608
3073;18,508;10,7601272264072
3074;18,512;8,40296568535863
3075;18,516;6,65876813712668
3076;18,520;5,07621934465651
3077;18,524;4,04271360649936
3078;18,528;3,37739071563755
3079;18,532;2,80531150466988
3080;18,537;2,28277761536213
3081;18,541;1,93411395423982
3082;18,545;1,75158318624337
3083;18,549;1,56711808448203
3084;18,553;1,37205810914478
3085;18,557;1,19431921342955
3086;18,561;1,07285184542035
3087;18,565;1,01636050705922
3088;18,570;0,935382261719755
3089;18,574;0,89972897346226
3090;18,578;0,850667235243561
3091;18,582;0,7779099084049
3092;18,586;0,778349529715103
3093;18,590;0,795890419992219
3094;18,594;0,991390016639667
3095;18,598;1,23973209477356
3096;18,603;1,85014628399097
3097;18,607;2,83920630768656
3098;18,611;4,76435198719823
3099;18,615;7,52653664133715
3100;18,619;11,0075021376586
3101;18,623;15,5630340025102
3102;18,627;20,9366571635193
3103;18,631;26,4222958343683
3104;18,636;31,3194134572479
3105;18,640;35,050215744158
3106;18,644;36,4462771768399
3107;18,648;36,6353583023583
3108;18,652;34,53801295564
3109;18,656;29,8771478248637
3110;18,660;25,0804397092345
3111;18,664;20,4562829578601
3112;18,669;16,1770530864713
3113;18,673;12,6413107748985
3114;18,677;9,68024144002356
3115;18,681;7,62356106449904
3116;18,685;6,18986804766374
3117;18,689;5,09244137100302
3118;18,693;4,10043588452907
3119;18,697;3,46324875752027
3120;18,701;2,94128637591579
3121;18,706;2,51445804583931
3122;18,710;2,14900085066724
3123;18,714;1,89472388484559
3124;18,718;1,74850583707195
3125;18,722;1,55375359665184
3126;18,726;1,44604637565201
3127;18,730;1,31543488439059
3128;18,734;1,21212387649279
3129;18,739;1,13826749637862
3130;18,743;1,04168269452693
3131;18,747;0,972618186693982
3132;18,751;0,885221470225548
3133;18,755;0,843413483625205
3134;18,759;0,767183148435937
3135;18,763;0,707174839593174
3136;18,767;0,702558815836039
3137;18,772;0,589795949768869
3138;18,776;0,644968424199395
3139;18,780;0,661630071856103
3140;18,784;0,565484891314622
3141;18,788;0,621624532627595
3142;18,792;0,521610684556323
3143;18,796;0,545745894486489
3144;18,800;0,468548392414774
3145;18,805;0,437291317259313
3146;18,809;0,450172221648272
3147;18,813;0,432763217764218
3148;18,817;0,427443799910757
3149;18,821;0,369193976308808
3150;18,825;0,448941281979703
3151;18,829;0,377678667595733
3152;18,833;0,457821632445811
3153;18,838;0,548559470871791
3154;18,842;0,556384730193411
3155;18,846;0,56403414099095
3156;18,850;0,546932872024039
3157;18,854;0,467757074056408
3158;18,858;0,436016415459723
3159;18,862;0,383042047580214
3160;18,866;0,322945814475411
3161;18,870;0,31371376696114
3162;18,875;0,30465756797095
3163;18,879;0,32540769381255
3164;18,883;0,324572413323163
3165;18,887;0,239373803405746
3166;18,891;0,264959763659584
3167;18,895;0,248781699444099
3168;18,899;0,283160085902004
3169;18,903;0,250012639112668
3170;18,908;0,259200724495919
3171;18,912;0,266146741197133
3172;18,916;0,205698811044167
3173;18,920;0,245836236665736
3174;18,924;0,207721069071102
3175;18,928;0,215502366261702
3176;18,932;0,240780591598397
3177;18,936;0,197609778936424
3178;18,941;0,265179574314685
3179;18,945;0,223503474107404
3180;18,949;0,180288699314411
3181;18,953;0,187410564539706
3182;18,957;0,257749974172248
3183;18,961;0,190883572890312
3184;18,965;0,211150115290689
3185;18,969;0,232515710966573
3186;18,974;0,285358192453021
3187;18,978;0,463448785216415
3188;18,982;0,672576642480168
3189;18,986;1,20341937455076
3190;18,990;2,14324181150357
3191;18,994;3,65549515647221
3192;18,998;6,27748457478728
3193;19,002;9,58840454832207
3194;19,007;14,41047881355
3195;19,011;20,365193422386
3196;19,015;26,4396169139903
3197;19,019;32,5993269397741
3198;19,023;37,9630146591726
3199;19,027;41,4191855135986
3200;19,031;41,5125171177548
3201;19,035;39,7424698364829
3202;19,039;35,5008715492475
3203;19,044;29,9328478448664
3204;19,048;24,1571030714143
3205;19,052;18,7611031857158
3206;19,056;14,5238131873204
3207;19,060;11,3017406805777
3208;19,064;8,73980353323647
3209;19,068;7,04000773733506
3210;19,072;5,75873142874728
3211;19,077;4,40060931513594
3212;19,081;3,9161466312918
3213;19,085;3,22427061329371
3214;19,089;2,9119196723942
3215;19,093;2,4582304802643
3216;19,097;2,31350714494534
3217;19,101;2,03228139280824
3218;19,105;1,80614019083961
3219;19,110;1,67271512319288
3220;19,114;1,49361340141602
3221;19,118;1,36818944161499
3222;19,122;1,28826628742002
3223;19,126;1,26311994847638
3224;19,130;1,1565997050141
3225;19,134;1,12318848543864
3226;19,138;1,02031709885105
3227;19,143;0,941097338752399
3228;19,147;0,984268151414372
3229;19,151;0,871900944526385
3230;19,155;0,849480257706012
3231;19,159;0,831587670380734
3232;19,163;0,79479136671671
3233;19,167;0,854843637690493
3234;19,171;0,662729125131612
3235;19,176;0,622943396558205
3236;19,180;0,608128158404351
3237;19,184;0,62496565458514
3238;19,188;0,596082534504778
3239;19,192;0,555769260359127
3240;19,196;0,47575818190211
3241;19,200;0,461074830141316
3242;19,204;0,425641352538923
3243;19,208;0,468284619628652
3244;19,213;0,483055895651486
3245;19,217;0,436412074638906
3246;19,221;0,382338653483889
3247;19,225;0,42133306369893
3248;19,229;0,418343638789547
3249;19,233;0,43948942381033
3250;19,237;0,392010322308364
3251;19,241;0,37596414448594
3252;19,246;0,375172826127574
3253;19,250;0,385459964786333
3254;19,254;0,354246851761892
3255;19,258;0,426476633028309
3256;19,262;0,35657684470597
3257;19,266;0,329496171997441
3258;19,270;0,30984509943135
3259;19,274;0,361412679118208
3260;19,279;0,384009214462662
3261;19,283;0,365237384516977
3262;19,287;0,405550658662628
3263;19,291;0,558890571661571
3264;19,295;0,828818056126453
3265;19,299;1,32981050123424
3266;19,303;2,32797068605104
3267;19,307;3,89834196822857
3268;19,312;6,36936542861979
3269;19,316;9,81032538571275
3270;19,320;14,0623426979999
3271;19,324;18,8413340748279
3272;19,328;23,5000010990533
3273;19,332;28,0408935742751
3274;19,336;31,3490878956867
3275;19,340;33,0609293154876
3276;19,345;32,0841347263467
3277;19,349;30,3112299065585
3278;19,353;26,3425045665664
3279;19,357;21,4166357099994
3280;19,361;17,7228934995395
3281;19,365;14,0277005387559
3282;19,369;11,0253068007219
3283;19,373;8,63381083534643
3284;19,377;6,84503568625986
3285;19,382;5,44088522147023
3286;19,386;4,36473621622334
3287;19,390;3,67839942673381
3288;19,394;3,03233194925891
3289;19,398;2,62563827518975
3290;19,402;2,28005196323887
3291;19,406;2,00511279583767
3292;19,410;1,81963656506285
3293;19,415;1,5893189606473
3294;19,419;1,50820882891477
3295;19,423;1,34014160202402
3296;19,427;1,24127076935927
3297;19,431;1,22016894646951
3298;19,435;1,10063591222521
3299;19,439;1,02062483376819
3300;19,443;0,949933727087487
3301;19,448;0,80252870177629
3302;19,452;0,84266612739786
3303;19,456;0,806309445044039
3304;19,460;0,721154797257642
3305;19,464;0,717461978251934
3306;19,468;0,701239951905429
3307;19,472;0,702866550753181
3308;19,476;0,618679069849232
3309;19,481;0,618854918373313
3310;19,485;0,625537162288405
3311;19,489;0,50046489953554
3312;19,493;0,514576743593069
3313;19,497;0,481868918113937
3314;19,501;0,504905074768594
3315;19,505;0,503674135100025
3316;19,509;0,485210040071482
3317;19,514;0,464591800622943
3318;19,518;0,41227686470874
3319;19,522;0,38629524527572
3320;19,526;0,365325308779018
3321;19,530;0,379744887753689
3322;19,534;0,430784921868303
3323;19,538;0,358730989125967
3324;19,542;0,329056550687238
3325;19,546;0,287204601955875
3326;19,551;0,346553478833333
3327;19,555;0,366380399923506
3328;19,559;0,382998085449194
3329;19,563;0,299118339462387
3330;19,567;0,313977539747262
3331;19,571;0,293139489643621
3332;19,575;0,294941937015455
3333;19,579;0,26447618021836
3334;19,584;0,295997028159943
3335;19,588;0,274235773304875
3336;19,592;0,306196242556662
3337;19,596;0,31894526055256
3338;19,600;0,231812316870248
3339;19,604;0,249397169278384
3340;19,608;0,300700976179119
3341;19,612;0,358379292077804
3342;19,617;0,274235773304875
3343;19,621;0,262234111536323
3344;19,625;0,255200170573068
3345;19,629;0,276301993462831
3346;19,633;0,225042148693116
3347;19,637;0,32795749741173
3348;19,641;0,196598649922956
3349;19,645;0,274059924780794
3350;19,650;0,288083844576282
3351;19,654;0,29823909684198
3352;19,658;0,235065514565753
3353;19,662;0,317230737442767
3354;19,666;0,32276996595133
3355;19,670;0,360665322890862
3356;19,674;0,358774951256987
3357;19,678;0,323033738737452
3358;19,683;0,291073269485665
3359;19,687;0,295249671932597
3360;19,691;0,278324251489767
3361;19,695;0,287468374741997
3362;19,699;0,300305316999936
3363;19,703;0,269927484464882
3364;19,707;0,225921391313523
3365;19,711;0,289446670637913
3366;19,715;0,241527947825743
3367;19,720;0,231328733429024
3368;19,724;0,234933628172692
3369;19,728;0,220689897722102
3370;19,732;0,221393291818428
3371;19,736;0,261794490226119
3372;19,740;0,240253046026153
3373;19,744;0,239022106357584
3374;19,748;0,279379342634255
3375;19,753;0,237703242426973
3376;19,757;0,239681538322889
3377;19,761;0,262409960060404
3378;19,765;0,290194026865258
3379;19,769;0,301184559620343
3380;19,773;0,319428843993784
3381;19,777;0,497739247412279
3382;19,781;0,755401297322486
3383;19,786;1,40568913937534
3384;19,790;2,38696786588033
3385;19,794;4,35238285740663
3386;19,798;7,52587720937185
3387;19,802;12,2561145828983
3388;19,806;19,1495525754115
3389;19,810;27,5070174551641
3390;19,814;38,123872096576
3391;19,819;49,5218019198263
3392;19,823;60,7406739834307
3393;19,827;71,7738060434742
3394;19,831;81,0892497202909
3395;19,835;88,7982731674935
3396;19,839;95,0648551337878
3397;19,843;98,2856967008619
3398;19,847;100
3399;19,852;96,2982127195634
3400;19,856;88,3876668637636
3401;19,860;76,0454744283274
3402;19,864;62,5745103168131
3403;19,868;49,2277392254312
3404;19,872;37,3916388423012
3405;19,876;28,935522940539
3406;19,880;22,5434290901817
3407;19,884;17,7087376933509
3408;19,889;14,3644065002407
3409;19,893;11,9737458153547
3410;19,897;9,96797358755168
3411;19,901;8,48064677087157
3412;19,905;7,57089443153667
3413;19,909;6,53558624600769
3414;19,913;5,90288325636297
3415;19,917;5,21659042900446
3416;19,922;4,71019064178117
3417;19,926;4,38210125797638
3418;19,930;4,07300351477237
3419;19,934;3,56752693230052
3420;19,938;3,27117820709241
3421;19,942;3,06086337229111
3422;19,946;2,88417956772037
3423;19,950;2,62788034387179
3424;19,955;2,4638576330349
3425;19,959;2,29420776942742
3426;19,963;2,28211818339682
3427;19,967;2,07246278056082
3428;19,971;1,99245170210381
3429;19,975;1,91573778347332
3430;19,979;1,81836166326327
3431;19,983;1,77167388011966
3432;19,988;1,68150754939695
3433;19,992;1,51682540659476
3434;19,996;1,45708087053812
3435;20,000;1,47207195721605
3436;20,004;1,31714940750038
3437;20,008;1,35944097754195
3438;20,012;1,21397028599564
3439;20,016;1,20526578405362
3440;20,021;1,18517509017732
3441;20,025;1,17959189953774
3442;20,029;1,04682626385631
3443;20,033;0,980267597491521
3444;20,037;1,02400991785676
3445;20,041;0,950944856100955
3446;20,045;0,916126848332846
3447;20,049;0,958330494112372
3448;20,053;0,845084044603978
3449;20,058;0,834049549717873
3450;20,062;0,797473056708951
3451;20,066;0,854931561952534
3452;20,070;0,799715125390988
3453;20,074;0,74550981784291
3454;20,078;0,93863545941526
3455;20,082;1,11378058940029
3456;20,086;1,45031070236099
3457;20,091;2,24888281234545
3458;20,095;3,43651978185991
3459;20,099;5,37199656216135
3460;20,103;8,24764747646377
3461;20,107;11,8887670160923
3462;20,111;16,1687882058395
3463;20,115;20,9070266872116
3464;20,119;25,060041280441
3465;20,124;28,4494776199782
3466;20,128;29,8059731347417
3467;20,132;29,9116580977146
3468;20,136;28,150798901826
3469;20,140;25,6036330305075
3470;20,144;22,3790107201656
3471;20,148;19,0851040913357
3472;20,152;16,4522999887897
3473;20,157;15,0846820548779
3474;20,161;14,5153284960335
3475;20,165;15,8031112000123
3476;20,169;17,8269518636646
3477;20,173;20,4954532165992
3478;20,177;23,4489171028076
3479;20,181;26,3970176090316
3480;20,185;28,3185144316686
3481;20,190;28,9984767121601
3482;20,194;28,6196110670269
3483;20,198;26,3790370974443
3484;20,202;23,3856555962694
3485;20,206;20,2157221769168
3486;20,210;17,0087726432451
3487;20,214;14,1865357181324
3488;20,218;12,0487891730064
3489;20,222;10,8726702818192
3490;20,227;10,9897414367264
3491;20,231;12,1173700973981
3492;20,235;14,8661902637068
3493;20,239;18,1336756517935
3494;20,243;22,9675757302659
3495;20,247;28,085998720702
3496;20,251;33,226007117469
3497;20,255;37,427907600393
3498;20,260;40,3347716277199
3499;20,264;40,5180057898127
3500;20,268;38,4485763962922
3501;20,272;34,6469071541774
3502;20,276;29,6874072673799
3503;20,280;24,874125428356
3504;20,284;20,2407366294674
3505;20,288;16,3139951245997
3506;20,293;12,9013907420148
3507;20,297;10,3427067923691
3508;20,301;8,4150113092582
3509;20,305;6,95116027054295
3510;20,309;5,97361832517469
3511;20,313;5,14765780756456
3512;20,317;4,51543840136107
3513;20,321;4,01941367705858
3514;20,326;3,69224749800522
3515;20,330;3,29509360636747
3516;20,334;2,98832585610755
3517;20,338;2,74543508222018
3518;20,342;2,59970061788775
3519;20,346;2,39285879143706
3520;20,350;2,17142153748761
3521;20,354;2,05136095767106
3522;20,359;2,03017121051926
3523;20,363;1,86689585590972
3524;20,367;1,77963102583435
3525;20,371;1,51502295922293
3526;20,375;1,52579368132291
3527;20,379;1,42371361309368
3528;20,383;1,36146323556888
3529;20,387;1,26188900880781
3530;20,391;1,14749954389289
3531;20,396;1,05904773627997
3532;20,400;1,17827303560713
3533;20,404;1,10797758810561
3534;20,408;1,06507054822975
3535;20,412;1,03315404110899
3536;20,416;1,09667932043338
3537;20,420;0,974288747672755
3538;20,424;0,978948733560911
3539;20,429;0,961407843283795
3540;20,433;0,823366751879931
3541;20,437;0,885968826452893
3542;20,441;0,794395707537527
3543;20,445;0,756456388466974
3544;20,449;0,794219859013446
3545;20,453;0,807452460450568
3546;20,457;0,772370679896337
3547;20,462;0,754829789619222
3548;20,466;0,747092454559642
3549;20,470;0,703525982718486
3550;20,474;0,733244383288235
3551;20,478;0,751840364709839
3552;20,482;0,761512033534314
3553;20,486;0,747927735049029
3554;20,490;0,700360709285022
3555;20,495;0,6897218735781
3556;20,499;0,71693443267969
3557;20,503;0,677544363285466
3558;20,507;0,628702435721869
3559;20,511;0,640967870276544
3560;20,515;0,642726355517357
3561;20,519;0,601357990227218
3562;20,523;0,580212205206435
3563;20,528;0,61977812312474
3564;20,532;0,59511536762233
3565;20,536;0,546669099237916
3566;20,540;0,498618490032686
3567;20,544;0,55620888166933
3568;20,548;0,593664617298659
3569;20,552;0,655519335644276
3570;20,556;0,804638884065266
3571;20,560;1,10138326845255
3572;20,565;1,53273969802412
3573;20,569;2,51177635584707
3574;20,573;3,88423012417104
3575;20,577;5,8471832363602
3576;20,581;9,22795903608631
3577;20,585;13,3549920098827
3578;20,589;18,4202647839151
3579;20,593;24,2311353000525
3580;20,598;30,4920461514451
3581;20,602;35,6810283621688
3582;20,606;40,2189314124813
3583;20,610;42,4634180117247
3584;20,614;42,4580546317402
3585;20,618;39,1961524342931
3586;20,622;34,215946383785
3587;20,626;28,5688787678294
3588;20,631;23,0661388280135
3589;20,635;18,4985173771313
3590;20,639;14,652490344817
3591;20,643;11,6216091458817
3592;20,647;9,25899630058668
3593;20,651;7,61476863829497
3594;20,655;6,27853966593177
3595;20,659;5,49539826393545
3596;20,664;4,84972644563973
3597;20,668;4,22287041942071
3598;20,672;3,77907270677039
3599;20,676;3,31615146712622
3600;20,680;3,00643825408793
3601;20,684;2,83485405671555
3602;20,688;2,66208288180561
3603;20,692;2,38837465407298
3604;20,697;2,09444384607099
3605;20,701;2,10499475751588
3606;20,705;2,05522962520085
3607;20,709;1,84267272171751
3608;20,713;1,85449853496198
3609;20,717;1,64040295689293
3610;20,721;1,6174107623693
3611;20,725;1,50003187254499
3612;20,729;1,52034237707639
3613;20,734;1,47893004965523
3614;20,738;1,4285054853749
3615;20,742;1,45439918054588
3616;20,746;1,25687732587149
3617;20,750;1,24043548886989
3618;20,754;1,19576996375322
3619;20,758;1,24127076935927
3620;20,762;1,16609552531449
3621;20,767;1,16389741876348
3622;20,771;1,050475120731
3623;20,775;1,06361979790608
3624;20,779;0,995038873514355
3625;20,783;0,990950395329463
3626;20,787;0,940262058263012
3627;20,791;0,884957697439426
3628;20,795;0,944702233496067
3629;20,800;0,872340565836588
3630;20,804;0,865394549135375
3631;20,808;0,822839206307687
3632;20,812;0,874538672387605
3633;20,816;0,911598748837751
3634;20,820;0,944702233496067
3635;20,824;0,875945460580256
3636;20,828;0,871065664036998
3637;20,833;0,841654998384392
3638;20,837;0,81809129615749
3639;20,841;0,860646638985178
3640;20,845;0,761643919927375
3641;20,849;0,764633344836758
3642;20,853;0,746125287677195
3643;20,857;0,793868161965283
3644;20,861;0,781294992493466
3645;20,866;0,861130222426402
3646;20,870;1,11518737759294
3647;20,874;1,4857881420944
3648;20,878;2,20883331098592
3649;20,882;3,53253307600833
3650;20,886;5,78321833572561
3651;20,890;8,64370231482601
3652;20,894;12,7500730870428
3653;20,898;17,7778022011839
3654;20,903;22,8599124713971
3655;20,907;27,8436794545179
3656;20,911;32,0545921743011
3657;20,915;34,3080910104036
3658;20,919;34,0555725298228
3659;20,923;32,7510842160563
3660;20,927;29,3669672943726
3661;20,931;25,3894934903074
3662;20,936;21,1527310374843
3663;20,940;17,2494653105815
3664;20,944;13,749068552349
3665;20,948;11,1589516790237
3666;20,952;9,36507692273875
3667;20,956;8,41232961926596
3668;20,960;8,05140052358898
3669;20,964;8,50504575358786
3670;20,969;9,96867698164801
3671;20,973;12,3047806619378
3672;20,977;14,9434317279096
3673;20,981;18,4298924906086
3674;20,985;21,5033290323715
3675;20,989;24,2788342122096
3676;20,993;25,8821770926524
3677;20,997;26,3402185357533
3678;21,002;25,3185825729716
3679;21,006;22,984940772019
3680;21,010;20,2253059214792
3681;21,014;17,0737486728932
3682;21,018;14,2131328073997
3683;21,022;11,5685028916092
3684;21,026;9,26180987697198
3685;21,030;7,70313252164585
3686;21,035;6,31766596253987
3687;21,039;5,22744907536648
3688;21,043;4,61782620450744
3689;21,047;3,89645159659469
3690;21,051;3,4512031336207
3691;21,055;3,01747274897403
3692;21,059;2,70331936070269
3693;21,063;2,4655721561447
3694;21,067;2,17590567485168
3695;21,072;2,10160967342731
3696;21,076;2,02177444349437
3697;21,080;1,84873949579832
3698;21,084;1,72107346731525
3699;21,088;1,65271235357863
3700;21,092;1,54280702602778
3701;21,096;1,32893125861383
3702;21,100;1,41426175492431
3703;21,105;1,26804370715066
3704;21,109;1,29952059296122
3705;21,113;1,25898750816047
3706;21,117;1,19357185720221
3707;21,121;1,14200427751535
3708;21,125;1,11004380826356
3709;21,129;1,03460479143266
3710;21,133;1,04133099747877
3711;21,138;1,03908892879673
3712;21,142;0,929447374032009
3713;21,146;0,903070095419805
3714;21,150;0,968178011460928
3715;21,154;0,869834724368429
3716;21,158;0,843105748708063
3717;21,162;0,88807900874187
3718;21,166;0,831675594642775
3719;21,171;0,822663357783605
3720;21,175;0,816156962392595
3721;21,179;0,788021198539578
3722;21,183;0,738739649665778
3723;21,187;0,75852260862493
3724;21,191;0,76489711762288
3725;21,195;0,773030111861642
3726;21,199;0,7830974398653
3727;21,204;0,7701286112143
3728;21,208;0,727133647076408
3729;21,212;0,741289453264958
3730;21,216;0,713681234984185
3731;21,220;0,702207118787876
3732;21,224;0,755665070108608
3733;21,228;0,696667890279313
3734;21,232;0,68198453851852
3735;21,236;0,718209334479279
3736;21,241;0,665191004468751
3737;21,245;0,595554988932534
3738;21,249;0,667037413971605
3739;21,253;0,651870478769588
3740;21,257;0,511807129338788
3741;21,261;0,630504883093703
3742;21,265;0,591026889437439
3743;21,269;0,616788698215357
3744;21,274;0,592961223202333
3745;21,278;0,609447022334961
3746;21,282;0,590367457472133
3747;21,286;0,594324049263964
3748;21,290;0,664927231682629
3749;21,294;0,710955582860924
3750;21,298;0,648441432550001
3751;21,302;0,720363478899276
3752;21,307;0,793604389179161
3753;21,311;0,936833012043426
3754;21,315;1,20192466209607
3755;21,319;1,71012689669119
3756;21,323;2,64502557496972
3757;21,327;4,15024497897511
3758;21,331;6,49764692693714
3759;21,335;9,88664364516405
3760;21,340;14,4553201871908
3761;21,344;19,7955760907554
3762;21,348;26,5424443384469
3763;21,352;34,181392148803
3764;21,356;43,1279056220971
3765;21,360;52,7365767128196
3766;21,364;62,5207446305752
3767;21,368;71,6953336396029
3768;21,373;78,5794956224708
3769;21,377;81,9036481974427
3770;21,381;80,3465974409643
3771;21,385;74,1006337141187
3772;21,389;64,279581568437
3773;21,393;51,9812193776281
3774;21,397;41,065598093802
3775;21,401;31,7062802102269
3776;21,405;24,8658165855932
3777;21,410;19,8995025684875
3778;21,414;15,6430890430983
3779;21,418;13,2811795918995
3780;21,422;11,1558303677212
3781;21,426;9,53754036273154
3782;21,430;8,36630126808767
3783;21,434;7,50182992370372
3784;21,438;6,61902637068429
3785;21,443;6,02228440421421
3786;21,447;5,30763600234758
3787;21,451;4,93844202603877
3788;21,455;4,59988965505114
3789;21,459;4,20321934685462
3790;21,463;4,0110169100337
3791;21,467;3,80430696997606
3792;21,471;3,42917810597951
3793;21,476;3,36719150124083
3794;21,480;2,98731472709408
3795;21,484;3,04261908791767
3796;21,488;2,80394867860825
3797;21,492;2,71637611361573
3798;21,496;2,62440733552118
3799;21,500;2,3233546622939
3800;21,504;2,34239026502571
3801;21,509;2,14794575952275
3802;21,513;2,11827132108402
3803;21,517;2,07870540316571
3804;21,521;2,07105599236817
3805;21,525;1,98664870080912
3806;21,529;1,72692043074096
3807;21,533;1,76485974981151
3808;21,537;1,68823375544306
3809;21,542;1,60787097993788
3810;21,546;1,4760725111389
3811;21,550;1,54460947339961
3812;21,554;1,61679529253501
3813;21,558;1,50192224417886
3814;21,562;1,47180818442993
3815;21,566;1,48926115044501
3816;21,570;1,35407759755746
3817;21,574;1,38665353664354
3818;21,579;1,34743931577339
3819;21,583;1,39188503023496
3820;21,587;1,27437425401759
3821;21,591;1,29828965329265
3822;21,595;1,18869206065895
3823;21,599;1,2573169471817
3824;21,603;1,24628245229559
3825;21,607;1,24430415639968
3826;21,612;1,11624246873743
3827;21,616;1,1408172999778
3828;21,620;1,04541947566366
3829;21,624;1,05381624268855
3830;21,628;1,09610781273011
3831;21,632;1,05175002253059
3832;21,636;1,00321582988414
3833;21,640;1,0398802471551
3834;21,645;1,02954914636532
3835;21,649;1,00339167840822
3836;21,653;0,99697320727925
3837;21,657;0,941405073669541
3838;21,661;0,944702233496067
3839;21,665;1,00009451858169
3840;21,669;0,980047786836419
3841;21,673;0,975695535865405
3842;21,678;1,03812176191429
3843;21,682;0,924611539619771
3844;21,686;0,888782402838195
3845;21,690;0,89717916986308
3846;21,694;0,926106252074463
3847;21,698;0,908389513273266
3848;21,702;0,880121863027188
3849;21,706;0,878846961227599
3850;21,711;1,06361979790608
3851;21,715;1,07803937688075
3852;21,719;1,18548282509446
3853;21,723;1,42287833260429
3854;21,727;1,96268933940304
3855;21,731;2,83652461769432
3856;21,735;4,19926275506279
3857;21,739;6,14480686336789
3858;21,743;9,0009825536283
3859;21,748;12,7254103315404
3860;21,752;17,4857178026848
3861;21,756;22,4666272472892
3862;21,760;28,0310900190576
3863;21,764;32,4963236667934
3864;21,768;36,6917177543264
3865;21,772;38,4088346298498
3866;21,776;38,3712470078275
3867;21,781;36,0613007954948
3868;21,785;32,8344364164709
3869;21,789;28,4741843376116
3870;21,793;23,8531488975397
3871;21,797;19,4332841690168
3872;21,801;16,0081945412222
3873;21,805;12,687778747387
3874;21,809;10,6828857622044
3875;21,814;8,80715351795963
3876;21,818;7,51673308611962
3877;21,822;6,37283843697039
3878;21,826;5,67498356915353
3879;21,830;5,07569179908427
3880;21,834;4,58999817557156
3881;21,838;4,16083985255101
3882;21,842;3,81538542699319
3883;21,847;3,41045023816484
3884;21,851;3,28533401328096
3885;21,855;3,13085108487549
3886;21,859;2,79150739552949
3887;21,863;2,54848473524906
3888;21,867;2,45937349567083
3889;21,871;2,34775364501019
3890;21,875;2,31034187151188
3891;21,880;2,0691656207343
3892;21,884;1,96739328742221
3893;21,888;1,91978229952719
3894;21,892;1,74296660856338
3895;21,896;1,66110912060351
3896;21,900;1,64018314623783
3897;21,904;1,530321780818
3898;21,908;1,5763501319963
3899;21,912;1,5352895016233
3900;21,917;1,47176422229891
3901;21,921;1,34317498906442
3902;21,925;1,44085884419161
3903;21,929;1,39663294038515
3904;21,933;1,35363797624726
3905;21,937;1,30519170786285
3906;21,941;1,26861521485392
3907;21,945;1,1643810022047
3908;21,950;1,10393307205173
3909;21,954;1,15633593222798
3910;21,958;1,12125415167375
3911;21,962;1,17049173841653
3912;21,966;1,08762312144319
3913;21,970;1,14327917931494
3914;21,974;1,06137772922405
3915;21,978;1,0766325886881
3916;21,983;1,08177615801748
3917;21,987;1,09122801618686
3918;21,991;1,00431488315965
3919;21,995;1,00532601217311
3920;21,999;0,984883621248656
3921;22,003;0,963122366393589
3922;22,007;0,975475725210304
3923;22,011;0,967826314412765
3924;22,016;0,918632689801005
3925;22,020;0,89849803379369
3926;22,024;0,860250979805995
3927;22,028;0,898937655103893
3928;22,032;0,921138531269165
3929;22,036;0,869878686499449
3930;22,040;0,840775755763985
3931;22,044;0,865350587004354
3932;22,049;0,829477488091758
3933;22,053;0,875505839270053
3934;22,057;0,88816693300391
3935;22,061;0,882451855971266
3936;22,065;0,996709434493128
3937;22,069;0,935777920898938
3938;22,073;1,07518183836443
3939;22,077;1,01627258279718
3940;22,081;0,987037765668653
3941;22,086;1,07461033066117
3942;22,090;1,11193417989744
3943;22,094;1,02225143261594
3944;22,098;1,03126366947511
3945;22,102;0,927688888791195
3946;22,106;0,907642157045921
3947;22,110;0,925007198798955
3948;22,114;0,845875362962344
3949;22,119;0,788900441159985
3950;22,123;0,754741865357181
3951;22,127;0,819146387301978
3952;22,131;0,844732347555815
3953;22,135;0,764237685657575
3954;22,139;0,833917663324812
3955;22,143;0,718648955789483
3956;22,147;0,733508156074357
3957;22,152;0,679962280491585
3958;22,156;0,783361212651422
3959;22,160;0,719923857589073
3960;22,164;0,719484236278869
3961;22,168;0,789823645911412
3962;22,172;0,761160336486151
3963;22,176;0,777250476439595
3964;22,180;0,751049046351473
3965;22,185;0,749993955206985
3966;22,189;0,726122518062941
3967;22,193;0,694645632252378
3968;22,197;0,773733505957968
3969;22,201;0,759929396817581
3970;22,205;0,712450295315615
3971;22,209;0,673236074445473
3972;22,213;0,701635611084612
3973;22,218;0,723836487249883
3974;22,222;0,684754152772801
3975;22,226;0,747751886524947
3976;22,230;0,827762964981965
3977;22,234;0,883067325805551
3978;22,238;0,866361716017822
3979;22,242;0,953406735438094
3980;22,246;0,92702945682589
3981;22,250;0,840468020846842
3982;22,255;0,802748512431392
3983;22,259;0,748411318490252
3984;22,263;0,807056801271385
3985;22,267;0,700756368464205
3986;22,271;0,800770216535476
3987;22,275;0,710120302371537
3988;22,279;0,644792575675313
3989;22,283;0,7519722511029
3990;22,288;0,728408548875998
3991;22,292;0,726386290849063
3992;22,296;0,714868212521734
3993;22,300;0,753423001426571
3994;22,304;0,682248311304642
3995;22,308;0,778964999549388
3996;22,312;0,779580469383673
3997;22,316;0,691524320949934
3998;22,321;0,773513695302866
3999;22,325;0,798572109984459
4000;22,329;0,738695687534758
4001;22,333;0,781866500196731
4002;22,337;0,739750778679246
4003;22,341;0,705064657304198
4004;22,345;0,697898829947883
4005;22,349;0,805606050947714
4006;22,354;0,741860960968222
4007;22,358;0,778833113156327
4008;22,362;0,689282252267896
4009;22,366;0,774392937923273
4010;22,370;0,615337947891686
4011;22,374;0,67679700705812
4012;22,378;0,63789052110512
4013;22,382;0,661630071856103
4014;22,387;0,682995667531988
4015;22,391;0,589488214851727
4016;22,395;0,656750275312845
4017;22,399;0,603556096778235
4018;22,403;0,584960115356632
4019;22,407;0,583685213557042
4020;22,411;0,613931159699035
4021;22,415;0,665322890861812
4022;22,419;0,597533284828449
4023;22,424;0,615557758546788
4024;22,428;0,568913937534208
4025;22,432;0,661410261201001
4026;22,436;0,715263871700917
4027;22,440;0,680401901801788
4028;22,444;0,643737484530825
4029;22,448;0,634725247671656
4030;22,452;0,638286180284303
4031;22,457;0,594148200739883
4032;22,461;0,622503775248001
4033;22,465;0,545482121700367
4034;22,469;0,64694672009531
4035;22,473;0,660179321532432
4036;22,477;0,646551060916127
4037;22,481;0,6404403247043
4038;22,485;0,581618993399086
4039;22,490;0,606985142997822
4040;22,494;0,652617834996934
4041;22,498;0,667520997412829
4042;22,502;0,595994610242737
4043;22,506;0,656662351050805
4044;22,510;0,608919476762717
4045;22,514;0,605182695625988
4046;22,518;0,602061384323544
4047;22,523;0,655343487120195
4048;22,527;0,574716938828893
4049;22,531;0,651694630245507
4050;22,535;0,636307884388388
4051;22,539;0,610458151348428
4052;22,543;0,560693019033405
4053;22,547;0,656750275312845
4054;22,551;0,596302345159879
4055;22,556;0,680357939670768
4056;22,560;0,585795395846018
4057;22,564;0,591906132057845
4058;22,568;0,642506544862256
4059;22,572;0,6352527932439
4060;22,576;0,682951705400968
4061;22,580;0,62232792672392
4062;22,584;0,672708528873229
4063;22,588;0,627911117363503
4064;22,593;0,597884981876611
4065;22,597;0,640879946014503
4066;22,601;0,629889413259418
4067;22,605;0,648573318943062
4068;22,609;0,702954475015222
4069;22,613;0,699437504533595
4070;22,617;0,654156509582645
4071;22,621;0,620569441483106
4072;22,626;0,644924462068374
4073;22,630;0,61590945559495
4074;22,634;0,612920030685567
4075;22,638;0,681544917208317
4076;22,642;0,592257829106008
4077;22,646;0,619866047386781
4078;22,650;0,634857134064717
4079;22,654;0,592389715499069
4080;22,659;0,636219960126347
4081;22,663;0,624482071143917
4082;22,667;0,602193270716605
4083;22,671;0,560736981164425
4084;22,675;0,583948986343164
4085;22,679;0,559286230840754
4086;22,683;0,559462079364835
4087;22,687;0,519412578005306
4088;22,692;0,528248966340394
4089;22,696;0,581750879792147
4090;22,700;0,57959673537215
4091;22,704;0,590323495341113
4092;22,708;0,530842732070594
4093;22,712;0,571551665395428
4094;22,716;0,567639035734618
4095;22,720;0,611249469706795
4096;22,725;0,544119295638737
4097;22,729;0,593049147464374
4098;22,733;0,656618388919785
4099;22,737;0,595554988932534
4100;22,741;0,579772583896232
4101;22,745;0,523237283404076
4102;22,749;0,589576139113767
4103;22,753;0,607029105128842
4104;22,757;0,516159380309801
4105;22,762;0,521346911770201
4106;22,766;0,567990732782781
4107;22,770;0,572738642932977
4108;22,774;0,510927886718381
4109;22,778;0,545965705141591
4110;22,782;0,545701932355469
4111;22,786;0,552911721842805
4112;22,790;0,502443195431455
4113;22,795;0,488551162029028
4114;22,799;0,596785928601103
4115;22,803;0,560780943295445
4116;22,807;0,571199968347266
4117;22,811;0,606413635294557
4118;22,815;0,574760900959913
4119;22,819;0,591290662223561
4120;22,823;0,578849379144805
4121;22,828;0,650111993528774
4122;22,832;0,623383017868408
4123;22,836;0,608391931190473
4124;22,840;0,59120273796152
4125;22,844;0,56144037526075
4126;22,848;0,555241714786883
4127;22,852;0,649804258611632
4128;22,856;0,632527141120639
4129;22,861;0,589795949768869
4130;22,865;0,578321833572561
4131;22,869;0,624833768192079
4132;22,873;0,578321833572561
4133;22,877;0,643209938958581
4134;22,881;0,598544413841917
4135;22,885;0,618591145587191
4136;22,889;0,659695738091208
4137;22,894;0,656398578264683
4138;22,898;0,650771425494079
4139;22,902;0,65736574514713
4140;22,906;0,712054636136432
4141;22,910;0,78314140199632
4142;22,914;0,989851342053955
4143;22,918;1,34000971563096
4144;22,922;1,90439555367007
4145;22,926;2,62739676043057
4146;22,931;3,83358574923561
4147;22,935;5,42659752888861
4148;22,939;7,35794186887415
4149;22,943;9,73303995937899
4150;22,947;12,1358781545577
4151;22,951;14,6651074764198
4152;22,955;16,7768284399818
4153;22,959;18,4836142147154
4154;22,964;19,2314540255024
4155;22,968;19,6811866258405
4156;22,972;18,752750380822
4157;22,976;17,4601318424309
4158;22,980;16,0365501157303
4159;22,984;14,401906198001
4160;22,988;12,4955763105661
4161;22,992;10,5747389198944
4162;22,997;8,98726636874996
4163;23,001;7,56377256631138
4164;23,005;6,37508050565243
4165;23,009;5,51122463110277
4166;23,013;4,76870423816924
4167;23,017;4,03915267388671
4168;23,021;3,80668092505116
4169;23,025;3,32327333235151
4170;23,030;3,03413439663074
4171;23,034;2,55077076606211
4172;23,038;2,347357985831
4173;23,042;2,37905468229667
4174;23,046;1,96787687086344
4175;23,050;2,00840995566419
4176;23,054;1,91749626871413
4177;23,058;1,72503005910709
4178;23,063;1,63811692607987
4179;23,067;1,60954154091665
4180;23,071;1,48455720242583
4181;23,075;1,45730068119322
4182;23,079;1,39188503023496
4183;23,083;1,38331241468599
4184;23,087;1,31908374126527
4185;23,091;1,36792566882887
4186;23,095;1,21955347663523
4187;23,100;1,14002598161943
4188;23,104;1,19431921342955
4189;23,108;1,14248786095657
4190;23,112;1,08313898407911
4191;23,116;1,02066879589921
4192;23,120;1,07526976262647
4193;23,124;0,98277343895968
4194;23,128;1,04651852893917
4195;23,133;1,02585632735961
4196;23,137;1,0481011656559
4197;23,141;0,96457311671726
4198;23,145;0,948746749549938
4199;23,149;0,978509112250707
4200;23,153;0,92175400110345
4201;23,157;0,886584296287178
4202;23,161;0,834049549717873
4203;23,166;0,912917612768361
4204;23,170;0,763490329430229
4205;23,174;0,782130272982853
4206;23,178;0,848469128692544
4207;23,182;0,822355622866463
4208;23,186;0,883287136460653
4209;23,190;0,847853658858259
4210;23,194;0,821036758935853
4211;23,199;0,829697298746859
4212;23,203;0,824070145976256
4213;23,207;0,861569843736605
4214;23,211;0,841611036253371
4215;23,215;0,811365090111378
4216;23,219;0,810793582408114
4217;23,223;0,807584346843629
4218;23,227;0,766479754339612
4219;23,232;0,728892132317222
4220;23,236;0,703130323539303
4221;23,240;0,79351646491712
4222;23,244;0,72994722346171
4223;23,248;0,757291668956361
4224;23,252;0,747620000131886
4225;23,256;0,709328984013171
4226;23,260;0,748367356359232
4227;23,265;0,793560427048141
4228;23,269;0,747927735049029
4229;23,273;0,706427483365829
4230;23,277;0,680577750325869
4231;23,281;0,750169803731066
4232;23,285;0,733947777384561
4233;23,289;0,762830897464924
4234;23,293;0,651167084673262
4235;23,297;0,703218247801344
4236;23,302;0,692755260618503
4237;23,306;0,681456992946276
4238;23,310;0,590631230258255
4239;23,314;0,6923156393083
4240;23,318;0,68844697177851
4241;23,322;0,705855975662564
4242;23,326;0,640616173228381
4243;23,330;0,678555492298934
4244;23,335;0,669587217570785
4245;23,339;0,648001811239798
4246;23,343;0,725155351180493
4247;23,347;0,682775856876886
4248;23,351;0,629098094901052
4249;23,355;0,699349580271554
4250;23,359;0,67802794672669
