#"+EI TIC Scan 120C_1ml-min_3C-min_3.d "
#Point;X(Minutes);Y(Counts)
0;5,291;10,1631549097467
1;5,295;9,76681024340075
2;5,299;9,38135885280238
3;5,303;9,40496741127311
4;5,308;9,01436012859493
5;5,312;8,79110612492843
6;5,316;8,65158690992657
7;5,320;8,38921790544404
8;5,324;8,14212274667164
9;5,328;8,0209398997431
10;5,332;7,73252007212046
11;5,336;7,80144620834534
12;5,341;7,75438415582734
13;5,345;7,36939795849933
14;5,349;7,34582816613447
15;5,353;7,17300886619607
16;5,357;6,91959483216796
17;5,361;6,83741068773785
18;5,365;6,68657176982392
19;5,369;6,63726128316586
20;5,374;6,56802501809408
21;5,378;6,37950544528106
22;5,382;6,35128372021261
23;5,386;6,17237814165368
24;5,390;6,16346193730513
25;5,394;6,14776166443051
26;5,398;5,97738462916149
27;5,402;5,8534106226108
28;5,407;5,8537207514577
29;5,411;5,77545198371979
30;5,415;5,66272014786943
31;5,419;5,63457595501271
32;5,423;5,52932597759397
33;5,427;5,43683004900423
34;5,431;5,51288914870794
35;5,435;5,44822728412803
36;5,440;5,36356210892268
37;5,444;5,22578736868466
38;5,448;5,21148267562112
39;5,452;5,08956327268118
40;5,456;5,149146777393
41;5,460;5,21935219511136
42;5,464;4,96911698176404
43;5,468;5,03560085331952
44;5,472;4,96241044544969
45;5,477;5,03199560547424
46;5,481;4,96175142165002
47;5,485;4,9945863133162
48;5,489;4,8118428902768
49;5,493;4,94841588123306
50;5,497;4,76559492598194
51;5,501;4,86941055748374
52;5,505;4,80967198834846
53;5,510;4,63192939296543
54;5,514;4,57657139379269
55;5,518;4,63208445738888
56;5,522;4,65464633100129
57;5,526;4,5056681861688
58;5,530;4,489735316659
59;5,534;4,46666948367036
60;5,538;4,45953652019152
61;5,543;4,40650448737058
62;5,547;4,52788116482844
63;5,551;4,28454631832478
64;5,555;4,36029528918158
65;5,559;4,27563011397623
66;5,563;4,38952493300248
67;5,567;4,363861770921
68;5,571;4,16758897693533
69;5,576;4,17305499786205
70;5,580;4,21658933474649
71;5,584;4,16549560721871
72;5,588;4,16088244062099
73;5,592;4,03291552516637
74;5,596;4,14076283167796
75;5,600;3,97290559329005
76;5,604;4,04318854322014
77;5,609;4,11761946647759
78;5,613;4,02768210087484
79;5,617;4,01690512344485
80;5,621;4,09408844021859
81;5,625;3,9322399482395
82;5,629;4,05749323628368
83;5,633;3,99748330440736
84;5,637;3,92700652394796
85;5,641;3,88847301471988
86;5,646;3,99957667412397
87;5,650;3,83536344968722
88;5,654;3,90045174143162
89;5,658;3,9249519203372
90;5,662;3,83784448046246
91;5,666;3,8851778957215
92;5,670;3,96305900240079
93;5,674;3,94538165812714
94;5,679;3,89037255390718
95;5,683;3,90940671188604
96;5,687;3,99035034092852
97;5,691;3,97577428512393
98;5,695;3,94340458672811
99;5,699;3,90905781693327
100;5,703;4,10265574961437
101;5,707;3,99283137170377
102;5,712;3,98356627240245
103;5,716;4,06590548125601
104;5,720;3,99159085631614
105;5,724;4,07160409881791
106;5,728;3,86529088341365
107;5,732;3,8616468694625
108;5,736;3,92871223260594
109;5,740;3,9777125904171
110;5,745;4,01589720469241
111;5,749;3,9025838772541
112;5,753;4,10424515995477
113;5,757;4,04698762159474
114;5,761;3,97554168848875
115;5,765;3,92999151409943
116;5,769;4,01167169915331
117;5,773;4,0663319084205
118;5,778;4,11226974386846
119;5,782;3,908282494816
120;5,786;4,12192250422841
121;5,790;4,02520107009959
122;5,794;4,02310770038297
123;5,798;3,98100770941547
124;5,802;3,98081387888616
125;5,806;3,94925826871347
126;5,810;4,04078504465662
127;5,815;3,86591114110746
128;5,819;3,91130625107334
129;5,823;3,92840210375903
130;5,827;3,91200404097888
131;5,831;3,90626665731111
132;5,835;3,82602081817417
133;5,839;3,85377734997226
134;5,843;3,86199576441527
135;5,848;3,85800285551136
136;5,852;3,72511264461211
137;5,856;3,90991067126226
138;5,860;3,74100674801605
139;5,864;3,61094646284482
140;5,868;3,68340031470325
141;5,872;3,63463255352727
142;5,876;3,61362132414938
143;5,881;3,6168776770419
144;5,885;3,53919040089193
145;5,889;3,47801748583971
146;5,893;3,61086893063309
147;5,897;3,54550927614764
148;5,901;3,56419453917373
149;5,905;3,4478574554781
150;5,909;3,49910624742932
151;5,914;3,38195507551056
152;5,918;3,53279399342449
153;5,922;3,53248386457759
154;5,926;3,43568489823703
155;5,930;3,47836638079248
156;5,934;3,61664508040672
157;5,938;3,94177641028186
158;5,942;4,77381334042495
159;5,947;5,96350636326245
160;5,951;8,02190905238968
161;5,955;10,9006025415834
162;5,959;14,3155475731836
163;5,963;18,2276291463742
164;5,967;22,6510744220071
165;5,971;26,7457055877077
166;5,975;30,4077845441862
167;5,979;32,4293981988492
168;5,984;34,5107116565416
169;5,988;35,1821018439874
170;5,992;35,2649062461113
171;5,996;34,8619713417686
172;6,000;34,5456011518185
173;6,004;33,7148047370631
174;6,008;32,7208417827292
175;6,012;31,6459739654586
176;6,017;30,7939337246901
177;6,021;29,7190659074196
178;6,025;28,9860376116512
179;6,029;27,5528159117807
180;6,033;26,5833919024583
181;6,037;25,8307479571231
182;6,041;24,6474125756472
183;6,045;23,8173139507973
184;6,050;22,6829013949208
185;6,054;21,9739856169994
186;6,058;21,1302413228856
187;6,062;20,205088206459
188;6,066;19,5386988466696
189;6,070;18,9638362628233
190;6,074;18,0555076363414
191;6,078;17,5545332502705
192;6,083;16,7851811133083
193;6,087;16,3478606730649
194;6,091;15,5993259349513
195;6,095;14,8241976482154
196;6,099;14,3816050175746
197;6,103;13,8571771374565
198;6,107;13,2323450431525
199;6,111;12,7235399036972
200;6,116;12,2000424101198
201;6,120;11,9640731237302
202;6,124;11,318035969519
203;6,128;10,7943446454122
204;6,132;10,2335153918885
205;6,136;9,7249816151743
206;6,140;9,12313782164723
207;6,144;8,8459989308308
208;6,148;8,393482177089
209;6,153;8,01431089564048
210;6,157;7,45786221207929
211;6,161;6,9688277866143
212;6,165;6,83303011777531
213;6,169;6,55581369474715
214;6,173;6,1993593513345
215;6,177;5,79871164723774
216;6,181;5,54882532884318
217;6,186;5,35406441298618
218;6,190;5,2181504458296
219;6,194;4,82378285088268
220;6,198;4,79947650250642
221;6,202;4,61774099821947
222;6,206;4,39685172701063
223;6,210;4,25803030191431
224;6,214;4,14157691990108
225;6,219;4,18394827360962
226;6,223;3,95937622234378
227;6,227;3,68681173201921
228;6,231;3,74228602950954
229;6,235;3,48755394788207
230;6,239;3,51670605949124
231;6,243;3,32194514363424
232;6,247;3,24359884368459
233;6,252;3,19560640462588
234;6,256;3,19103200413402
235;6,260;3,06473203123153
236;6,264;3,0506211686973
237;6,268;2,98173379857829
238;6,272;2,83527545062691
239;6,276;2,76456607353232
240;6,280;2,74816801075217
241;6,285;2,67912557620971
242;6,289;2,68912723152243
243;6,293;2,65206683431715
244;6,297;2,55681851221113
245;6,301;2,58907191228936
246;6,305;2,44156687947967
247;6,309;2,48835756925662
248;6,313;2,50018123154491
249;6,317;2,46587322785593
250;6,322;2,50180940799117
251;6,326;2,34546570304465
252;6,330;2,36647693242254
253;6,334;2,34806303213749
254;6,338;2,30638946833449
255;6,342;2,25029491315035
256;6,346;2,25529574080671
257;6,350;2,26735199973019
258;6,355;2,22044501163565
259;6,359;2,3191435171635
260;6,363;2,24843414006892
261;6,367;2,19664262263561
262;6,371;2,30883173300387
263;6,375;2,16485441582774
264;6,379;2,21319574983922
265;6,383;2,23544749460473
266;6,388;2,27867170264226
267;6,392;2,19710781590597
268;6,396;2,22032871331806
269;6,400;2,13205829026742
270;6,404;2,2020311113506
271;6,408;2,11690074287489
272;6,412;2,17528249830495
273;6,416;2,0996885918716
274;6,421;2,0898807670882
275;6,425;2,1065501926094
276;6,429;2,15508535715019
277;6,433;2,13027504939771
278;6,437;1,99304303464178
279;6,441;2,09042349257028
280;6,445;2,02285417005062
281;6,449;1,9735049172867
282;6,454;2,0061072123177
283;6,458;2,00203677120206
284;6,462;1,95388926771989
285;6,466;2,01389919959621
286;6,470;1,95520731531924
287;6,474;1,96462747904401
288;6,478;1,87007694684353
289;6,482;1,8654637802458
290;6,486;1,90791266616607
291;6,491;1,8445688491855
292;6,495;1,85274849752265
293;6,499;1,88837454881099
294;6,503;1,85530706050963
295;6,507;1,87271304204223
296;6,511;1,94431403957167
297;6,515;1,82231710442
298;6,519;1,82030126691511
299;6,524;1,88992519304552
300;6,528;1,82933376958124
301;6,532;1,84445255086792
302;6,536;1,82813202029948
303;6,540;1,76036886725051
304;6,544;1,79661517623266
305;6,548;1,76703663745899
306;6,552;1,80293405148837
307;6,557;1,82623248111218
308;6,561;1,83925789268224
309;6,565;1,83324914627343
310;6,569;1,89186349833868
311;6,573;1,73862108186122
312;6,577;1,74652936745733
313;6,581;1,77928672691178
314;6,585;1,71264779093284
315;6,590;1,82208450778482
316;6,594;1,83406323449656
317;6,598;1,8176651717164
318;6,602;1,72338600225696
319;6,606;1,74885533380912
320;6,610;1,72916215203059
321;6,614;1,75327466987753
322;6,618;1,75467024968861
323;6,623;1,67116805765916
324;6,627;1,66934605068358
325;6,631;1,75517420906483
326;6,635;1,68807007981554
327;6,639;1,73625634940356
328;6,643;1,63492174867701
329;6,647;1,71280285535629
330;6,651;1,69555193824714
331;6,655;1,6881088459214
332;6,660;1,65194006915098
333;6,664;1,72001335104686
334;6,668;1,63232441958417
335;6,672;1,69058987669665
336;6,676;1,64635774990667
337;6,680;1,58568879423067
338;6,684;1,67946400431389
339;6,688;1,66616723000279
340;6,693;1,61957037075516
341;6,697;1,66566327062657
342;6,701;1,64845111962329
343;6,705;1,59770628704828
344;6,709;1,63348740276007
345;6,713;1,61379422098153
346;6,717;1,59507019184958
347;6,721;1,63441778930079
348;6,726;1,68334061490022
349;6,730;1,59576798175512
350;6,734;1,65225019799789
351;6,738;1,57010481967364
352;6,742;1,65469246266727
353;6,746;1,62050075729588
354;6,750;1,65155240809235
355;6,754;1,60472295220953
356;6,759;1,55362922468176
357;6,763;1,66767910813146
358;6,767;1,58033907162154
359;6,771;1,68640313726342
360;6,775;1,66593463336762
361;6,779;1,64612515327149
362;6,783;1,68353444542953
363;6,787;1,5633982833593
364;6,792;1,63519311141805
365;6,796;1,58235490912643
366;6,800;1,55785473022085
367;6,804;1,5834403600906
368;6,808;1,65221143189202
369;6,812;1,60670002360856
370;6,816;1,61798096041477
371;6,820;1,64538859726009
372;6,824;1,60321107408087
373;6,829;1,50443503634129
374;6,833;1,57394266415411
375;6,837;1,55940537445538
376;6,841;1,48896736010185
377;6,845;1,58712314014761
378;6,849;1,53114488328107
379;6,853;1,5012562156605
380;6,857;1,57824570190493
381;6,862;1,49505363872238
382;6,866;1,5789047257046
383;6,870;1,48067141344711
384;6,874;1,54265841672246
385;6,878;1,47745382666046
386;6,882;1,49966680532011
387;6,886;1,50323328705953
388;6,890;1,55308649919967
389;6,895;1,43027547582488
390;6,899;1,44116875157245
391;6,903;1,42039011882974
392;6,907;1,52730703880061
393;6,911;1,41511792843234
394;6,915;1,40941931087044
395;6,919;1,38960983077432
396;6,923;1,45237215616693
397;6,928;1,40895411760008
398;6,932;1,38980366130363
399;6,936;1,48346257306926
400;6,940;1,45717915329398
401;6,944;1,42290991571086
402;6,948;1,45601617011808
403;6,952;1,44229296864248
404;6,956;1,42081654599424
405;6,961;1,39263358703165
406;6,965;1,4027127745561
407;6,969;1,44450263667669
408;6,973;1,40922548034113
409;6,977;1,4041858865789
410;6,981;1,48272601705786
411;6,985;1,45349637323697
412;6,989;1,38394997931828
413;6,993;1,54688392226155
414;6,998;1,48811450577285
415;7,002;1,4572566855057
416;7,006;1,54998521073061
417;7,010;1,53835537897164
418;7,014;1,45260475280211
419;7,018;1,37251397808862
420;7,022;1,46446718119627
421;7,026;1,48699028870282
422;7,031;1,4272904856734
423;7,035;1,39623883487694
424;7,039;1,39821590627596
425;7,043;1,45252722059038
426;7,047;1,37235891366517
427;7,051;1,46144342493893
428;7,055;1,39461065843068
429;7,059;1,41732759646655
430;7,064;1,3610392107531
431;7,068;1,42039011882974
432;7,072;1,38228303676616
433;7,076;1,38127511801372
434;7,080;1,34875035519445
435;7,084;1,32855321403969
436;7,088;1,30928645942565
437;7,092;1,2984707158898
438;7,097;1,27633526944188
439;7,101;1,38976489519777
440;7,105;1,34762613812441
441;7,109;1,33491085540126
442;7,113;1,30882126615529
443;7,117;1,35320845736872
444;7,121;1,3193656469501
445;7,125;1,33564741141266
446;7,130;1,24629153739786
447;7,134;1,33688792680029
448;7,138;1,29234567116341
449;7,142;1,28839152836535
450;7,146;1,32436647460646
451;7,150;1,27629650333602
452;7,154;1,25396722635878
453;7,158;1,24008896045973
454;7,162;1,25470378237018
455;7,167;1,28715101297773
456;7,171;1,25346326698256
457;7,175;1,23574715660305
458;7,179;1,25885175569755
459;7,183;1,23070756284083
460;7,187;1,29149281683441
461;7,191;1,22628822677242
462;7,195;1,27276878770246
463;7,200;1,2560605960754
464;7,204;1,22074467363397
465;7,208;1,20423031253622
466;7,212;1,16069597565178
467;7,216;1,20620738393525
468;7,220;1,18143584228863
469;7,224;1,20880471302809
470;7,228;1,18287018820557
471;7,233;1,23830571959003
472;7,237;1,16472765066156
473;7,241;1,29668747502009
474;7,245;1,23745286526103
475;7,249;1,22524154191411
476;7,253;1,23334365803953
477;7,257;1,23927487223661
478;7,261;1,16402986075602
479;7,266;1,14592608931788
480;7,270;1,18434330022837
481;7,274;1,12832627725596
482;7,278;1,17546586198569
483;7,282;1,1763962485264
484;7,286;1,23423527847438
485;7,290;1,16608446436678
486;7,294;1,24032155709491
487;7,299;1,17883851319579
488;7,303;1,23729780083758
489;7,307;1,21555001544829
490;7,311;1,11390528587483
491;7,315;1,19605066419907
492;7,319;1,14798069292864
493;7,323;1,18383934085215
494;7,327;1,10964101422987
495;7,331;1,0809153297852
496;7,336;1,15774975160618
497;7,340;1,1604633790166
498;7,344;1,1135176248162
499;7,348;1,12317038517615
500;7,352;1,13437378977063
501;7,356;1,11661891328526
502;7,360;1,14693400807033
503;7,364;1,12809368062078
504;7,369;1,09351431419076
505;7,373;1,17147295308177
506;7,377;1,08944387307512
507;7,381;1,10425252551488
508;7,385;1,12421707003446
509;7,389;1,17965260141892
510;7,393;1,14402655013058
511;7,397;1,064245904264
512;7,402;1,07475151895294
513;7,406;1,07843429900995
514;7,410;1,0369157996304
515;7,414;1,11367268923965
516;7,418;1,0991741656468
517;7,422;1,12096071714195
518;7,426;1,0926226937559
519;7,430;1,10103493872823
520;7,435;1,09522002284874
521;7,439;1,0953750872722
522;7,443;1,08118669252624
523;7,447;1,0331167212558
524;7,451;1,07451892231776
525;7,455;1,05521340159786
526;7,459;1,03730346068904
527;7,463;1,06110584968908
528;7,468;1,06940179634381
529;7,472;1,02757316811736
530;7,476;1,05215087923466
531;7,480;1,0589737138666
532;7,484;1,07696118698715
533;7,488;1,07339470524773
534;7,492;1,09227379880314
535;7,496;1,08994783245134
536;7,500;1,08405538436012
537;7,505;1,10417499330316
538;7,509;1,11572729285041
539;7,513;1,07033218288453
540;7,517;1,07161146437802
541;7,521;1,10169396252791
542;7,525;1,05567859486822
543;7,529;1,12883023663219
544;7,533;1,09944552838784
545;7,538;1,00636810821016
546;7,542;1,10281817959794
547;7,546;1,10111247093996
548;7,550;1,04172279675745
549;7,554;1,05525216770372
550;7,558;0,995940025732941
551;7,562;1,12406200561101
552;7,566;1,02241727603755
553;7,571;1,09785611804744
554;7,575;1,04583200397895
555;7,579;1,00024306348376
556;7,583;1,03614047751314
557;7,587;1,03424093832584
558;7,591;1,10301201012726
559;7,595;1,09998825386992
560;7,599;0,982526953104254
561;7,604;0,987062587490255
562;7,608;1,03362068063203
563;7,612;1,03323301957339
564;7,616;0,961942150890865
565;7,620;0,983728702386015
566;7,624;0,993110100004923
567;7,628;1,11200574668753
568;7,632;0,930309008506447
569;7,637;1,01865696376881
570;7,641;0,967524470135174
571;7,645;0,94891673932081
572;7,649;1,01384996664177
573;7,653;1,00125098223621
574;7,657;1,10231422022172
575;7,661;1,19039081274304
576;7,665;1,28742237571877
577;7,669;1,69024098174388
578;7,674;2,20110072480988
579;7,678;2,93761797010591
580;7,682;4,12200003644014
581;7,686;5,85244146996421
582;7,690;8,35944553614106
583;7,694;11,173438394649
584;7,698;14,6147056121304
585;7,702;18,4428973322329
586;7,707;22,493761564414
587;7,711;26,7939306234016
588;7,715;30,0287295610553
589;7,719;33,6478169061314
590;7,723;35,7269594618954
591;7,727;37,8445579946759
592;7,731;39,6229918672587
593;7,735;40,0723685664255
594;7,740;40,8511796332184
595;7,744;40,322836376408
596;7,748;39,9834391195752
597;7,752;39,3480626444764
598;7,756;38,5027289400222
599;7,760;36,8050060998468
600;7,764;35,5740271742649
601;7,768;34,5307537332729
602;7,773;32,9005614495112
603;7,777;31,6840810475222
604;7,781;30,0867624215326
605;7,785;28,7679007339587
606;7,789;27,7732012236134
607;7,793;26,3741712291143
608;7,797;25,3814100240621
609;7,801;23,9172142056069
610;7,806;23,0449380575777
611;7,810;22,0102319259816
612;7,814;20,6132953011991
613;7,818;19,7555564428686
614;7,822;18,7264713966226
615;7,826;17,8001552970201
616;7,830;16,4370614826562
617;7,834;15,6315793350295
618;7,838;14,6915012678455
619;7,843;13,7394832400556
620;7,847;12,8900015622741
621;7,851;12,1610437076214
622;7,855;11,1600640881262
623;7,859;10,425872809182
624;7,863;9,80057552160765
625;7,867;9,13678349091109
626;7,871;8,38402324725836
627;7,876;7,78624989484694
628;7,880;7,17238860850226
629;7,884;6,72444625525232
630;7,888;6,33759928484288
631;7,892;5,85957443344305
632;7,896;5,50405047657112
633;7,900;5,08572542820071
634;7,904;4,63983767856153
635;7,909;4,45031018699606
636;7,913;4,21061935444355
637;7,917;3,86614373774264
638;7,921;3,6766937783889
639;7,925;3,48379363561334
640;7,929;3,21134544360636
641;7,933;3,15358394587011
642;7,937;2,96560709853918
643;7,942;2,7837940620405
644;7,946;2,65136904441161
645;7,950;2,54309531073554
646;7,954;2,38384414784928
647;7,958;2,32464830419608
648;7,962;2,22412779169266
649;7,966;2,13733048066482
650;7,970;2,13833839941727
651;7,975;2,06037976052626
652;7,979;1,98366163702287
653;7,983;1,9071373440488
654;7,987;1,84220411672785
655;7,991;1,76040763335637
656;7,995;1,7726189567033
657;7,999;1,65612680858421
658;8,003;1,60530444379748
659;8,007;1,5888288488056
660;8,012;1,54824073596677
661;8,016;1,48051634902366
662;8,020;1,45361267155456
663;8,024;1,4250808176392
664;8,028;1,4095743752939
665;8,032;1,4717164429927
666;8,036;1,33432936381331
667;8,040;1,39263358703165
668;8,045;1,32994879385077
669;8,049;1,31979207411459
670;8,053;1,29653241059664
671;8,057;1,30444069619274
672;8,061;1,20345499041896
673;8,065;1,29959493295983
674;8,069;1,23345995635712
675;8,073;1,26520939705913
676;8,078;1,19446125385868
677;8,082;1,1237518767641
678;8,086;1,16984477663551
679;8,090;1,15364054438467
680;8,094;1,18480849349873
681;8,098;1,10778024114844
682;8,102;1,11130795678199
683;8,106;1,10231422022172
684;8,111;1,09626670770705
685;8,115;1,14437544508335
686;8,119;1,1127810688048
687;8,123;1,1135176248162
688;8,127;1,02567362893006
689;8,131;1,05374028957506
690;8,135;1,01943228588607
691;8,139;1,02582869335351
692;8,144;1,05377905568092
693;8,148;0,994893340874633
694;8,152;1,0471500515783
695;8,156;1,00702713200983
696;8,160;0,939147680643269
697;8,164;0,967640768452763
698;8,168;1,01384996664177
699;8,172;0,98473662113846
700;8,176;1,03590788087796
701;8,181;0,984969217773639
702;8,185;0,949963424179118
703;8,189;0,9880705062427
704;8,193;0,949924658073255
705;8,197;0,955778340058607
706;8,201;0,941279816465748
707;8,205;0,935775029433166
708;8,209;0,993807889910462
709;8,214;0,938527422949457
710;8,218;0,950118488602571
711;8,222;0,969927968698695
712;8,226;0,937093077032517
713;8,230;0,982798315845297
714;8,234;0,934999707315901
715;8,238;0,950893810719836
716;8,242;0,92368000440383
717;8,247;0,938992616219816
718;8,251;0,922051827957573
719;8,255;0,976246843954406
720;8,259;0,934960941210037
721;8,263;0,92333110945106
722;8,267;0,963957988395754
723;8,271;0,924765455368001
724;8,275;0,888751743021035
725;8,280;0,857700092224566
726;8,284;0,920384885405453
727;8,288;0,878207362226229
728;8,292;0,888868041338625
729;8,296;0,887007268257188
730;8,300;0,888402848068266
731;8,304;0,829672197685431
732;8,308;0,858242817706651
733;8,313;0,829323302732662
734;8,317;0,801024045452484
735;8,321;0,878401192755545
736;8,325;0,86572467613826
737;8,329;0,837774313810852
738;8,333;0,840681771750596
739;8,337;0,836029839047005
740;8,341;0,773034917019212
741;8,345;0,831145309708235
742;8,350;0,852776796779932
743;8,354;0,843085270314118
744;8,358;0,900769235838645
745;8,362;0,878595023284861
746;8,366;0,86727532037279
747;8,370;0,793580953126738
748;8,374;0,806490066379203
749;8,378;0,838665934245707
750;8,383;0,79776769255997
751;8,387;0,752915308076182
752;8,391;0,784819813201642
753;8,395;0,807730581766827
754;8,399;0,786137860800993
755;8,403;0,726321759453987
756;8,407;0,800675150499714
757;8,411;0,752721477546865
758;8,416;0,72981070898168
759;8,420;0,740510154199939
760;8,424;0,800985279346621
761;8,428;0,759893207131568
762;8,432;0,726864484936073
763;8,436;0,750085382348164
764;8,440;0,778500937945931
765;8,444;0,809281226001358
766;8,449;0,736090818131528
767;8,453;0,778733534581111
768;8,457;0,723453067620106
769;8,461;0,715273419282959
770;8,465;0,746286303973565
771;8,469;0,727019549359526
772;8,473;0,753496799664131
773;8,477;0,734501407791134
774;8,482;0,74039385588235
775;8,486;0,789859406963866
776;8,490;0,742681056128282
777;8,494;0,734850302743904
778;8,498;0,731089990475168
779;8,502;0,712986219037027
780;8,506;0,702015411077725
781;8,510;0,742370927281376
782;8,514;0,769545967491519
783;8,519;0,78931668148178
784;8,523;0,742913652763461
785;8,527;0,736168350343254
786;8,531;0,751015768888882
787;8,535;0,720157948621729
788;8,539;0,770786482879143
789;8,543;0,783773128343334
790;8,547;0,735664390967032
791;8,552;0,746053707338385
792;8,556;0,779237493957333
793;8,560;0,760939891989876
794;8,564;0,700348468525605
795;8,568;0,744929490268351
796;8,572;0,716746531305763
797;8,576;0,712831154613574
798;8,580;0,731632715957253
799;8,585;0,75217875206478
800;8,589;0,711047913743864
801;8,593;0,706473513251999
802;8,597;0,736052052025665
803;8,601;0,676817442266608
804;8,605;0,717715683952344
805;8,609;0,689183830036987
806;8,613;0,703837418053298
807;8,618;0,705426828393692
808;8,622;0,710350123838325
809;8,626;0,692052521870868
810;8,630;0,693448101681945
811;8,634;0,620296459917979
812;8,638;0,676856208372471
813;8,642;0,612271876004284
814;8,646;0,655573616253543
815;8,651;0,709264672874154
816;8,655;0,645455662623233
817;8,659;0,701472685595639
818;8,663;0,648363120562977
819;8,667;0,728453895276466
820;8,671;0,676546079525565
821;8,675;0,707714028639624
822;8,679;0,717831982269934
823;8,683;0,662357684779613
824;8,688;0,667513576859426
825;8,692;0,694378488222663
826;8,696;0,65696919606462
827;8,700;0,62448319935121
828;8,704;0,654178036442466
829;8,708;0,657589453758432
830;8,712;0,697751139432767
831;8,716;0,644757872717694
832;8,721;0,659217630204689
833;8,725;0,673638621585821
834;8,729;0,678639449242181
835;8,733;0,755047443898661
836;8,737;0,689804087730799
837;8,741;0,645494428729096
838;8,745;0,648479418880567
839;8,749;0,665575271566263
840;8,754;0,691626094706372
841;8,758;0,726089162818808
842;8,762;0,672863299468555
843;8,766;0,676042120149343
844;8,770;0,647587798445712
845;8,774;0,648983378256789
846;8,778;0,626964230126459
847;8,782;0,615411930579208
848;8,787;0,649681168162328
849;8,791;0,662590281414792
850;8,795;0,669219285517409
851;8,799;0,647393967916395
852;8,803;0,613977584662268
853;8,807;0,645029235458737
854;8,811;0,626150141903331
855;8,815;0,64851818498643
856;8,820;0,625840013056424
857;8,824;0,670963760281256
858;8,828;0,656930429958757
859;8,832;0,648091757821934
860;8,836;0,624560731562937
861;8,840;0,615295632261619
862;8,844;0,621730805834919
863;8,848;0,662318918673749
864;8,852;0,586143520652449
865;8,857;0,638322699144393
866;8,861;0,598393610105238
867;8,865;0,557417836207776
868;8,869;0,64150151982518
869;8,873;0,64828558835125
870;8,877;0,603820864926094
871;8,881;0,58079379804332
872;8,885;0,632391484947315
873;8,890;0,628514874360989
874;8,894;0,578467831691524
875;8,898;0,57055954609542
876;8,902;0,601960091844658
877;8,906;0,607426112771377
878;8,910;0,704767804594016
879;8,914;0,786758118494805
880;8,918;0,985395644938135
881;8,923;1,17205444466972
882;8,927;1,52370179095532
883;8,931;2,05910047903277
884;8,935;2,70866534887751
885;8,939;3,65975299012666
886;8,943;4,8644872620391
887;8,947;6,35818408705627
888;8,951;8,10300774585561
889;8,956;9,6957519713534
890;8,960;11,9358901647676
891;8,964;13,8080992474336
892;8,968;15,506132216456
893;8,972;17,5608908916321
894;8,976;18,9723648061133
895;8,980;19,7684655561211
896;8,984;21,085892897778
897;8,989;21,4897581886615
898;8,993;21,8818385833624
899;8,997;22,2424796662083
900;9,001;21,9596033917241
901;9,005;21,5627159998961
902;9,009;21,1803271316609
903;9,013;20,6851676614696
904;9,017;19,9643506890481
905;9,022;19,1318097995288
906;9,026;18,2527883490795
907;9,030;17,703511395103
908;9,034;16,8176671100217
909;9,038;16,0342041105253
910;9,042;15,2437244458676
911;9,046;14,4434757225324
912;9,050;13,4461788830942
913;9,054;12,9341561568523
914;9,059;12,2759464454001
915;9,063;11,5383437491399
916;9,067;10,9456099904907
917;9,071;10,177537135022
918;9,075;9,42179190121776
919;9,079;8,83855583850506
920;9,083;8,33099121443743
921;9,087;7,61912921247044
922;9,092;7,14405058511622
923;9,096;6,57570070705501
924;9,100;6,05115652861927
925;9,104;5,77816561113021
926;9,108;5,17535266495656
927;9,112;4,86840263873129
928;9,116;4,53218420257926
929;9,120;4,1277374201079
930;9,125;3,8920394964593
931;9,129;3,71204846693619
932;9,133;3,37412432212618
933;9,137;3,08876701686675
934;9,141;2,97146078052453
935;9,145;2,67381461970644
936;9,149;2,58864548512486
937;9,153;2,43993870303341
938;9,158;2,32364038544364
939;9,162;2,16706408386194
940;9,166;2,18629207237012
941;9,170;2,01498465056038
942;9,174;1,87658965262856
943;9,178;1,78680735144925
944;9,182;1,81739380897536
945;9,186;1,63833316599298
946;9,191;1,63403012824215
947;9,195;1,58545619759549
948;9,199;1,5588626489733
949;9,203;1,50416367360024
950;9,207;1,36824970644366
951;9,211;1,36712548937363
952;9,215;1,35766655954299
953;9,219;1,33072411596803
954;9,223;1,23842201790762
955;9,228;1,2067888755232
956;9,232;1,15786604992377
957;9,236;1,14235960757846
958;9,240;1,16158759608664
959;9,244;1,0706810778373
960;9,248;1,0999107216582
961;9,252;1,04338973930957
962;9,256;1,03943559651152
963;9,261;1,01148523418411
964;9,265;1,01974241473298
965;9,269;0,917477427465708
966;9,273;0,94736609508628
967;9,277;0,921160207522718
968;9,281;0,924028899356599
969;9,285;0,899102293286525
970;9,289;0,870337842735988
971;9,294;0,831377906343414
972;9,298;0,822539234206592
973;9,302;0,835991072941142
974;9,306;0,849210315040513
975;9,310;0,795868153372671
976;9,314;0,858746777082874
977;9,318;0,792921929327063
978;9,322;0,824671370029071
979;9,327;0,786370457436173
980;9,331;0,806141171426434
981;9,335;0,756055362651106
982;9,339;0,76919707253875
983;9,343;0,734695238320451
984;9,347;0,721786125067986
985;9,351;0,779818985545282
986;9,355;0,677515232172146
987;9,360;0,6431684623773
988;9,364;0,683330148051635
989;9,368;0,639098021261658
990;9,372;0,683368914157498
991;9,376;0,654178036442466
992;9,380;0,733648553462143
993;9,384;0,66863779392946
994;9,388;0,645106767670463
995;9,392;0,688679870660764
996;9,397;0,699766976937656
997;9,401;0,631228501771417
998;9,405;0,614404011826764
999;9,409;0,601572430786025
1000;9,413;0,538538742652369
1001;9,417;0,568815071331573
1002;9,421;0,603239373338145
1003;9,425;0,630530711865879
1004;9,430;0,614210181297447
1005;9,434;0,673871218221
1006;9,438;0,616303551014063
1007;9,442;0,581879249007491
1008;9,446;0,589671236286005
1009;9,450;0,548152736906457
1010;9,454;0,611108892828387
1011;9,458;0,59924646443423
1012;9,463;0,617776663036867
1013;9,467;0,592035968743664
1014;9,471;0,628321043831673
1015;9,475;0,580483669196413
1016;9,479;0,57567667206937
1017;9,483;0,533692979419462
1018;9,487;0,578196468950481
1019;9,491;0,634407322452204
1020;9,496;0,519543350779373
1021;9,500;0,554742974903211
1022;9,504;0,585484496852774
1023;9,508;0,562457429969999
1024;9,512;0,554355313844578
1025;9,516;0,69790620385622
1026;9,520;0,61769913082514
1027;9,524;0,569784223978155
1028;9,529;0,642044245307266
1029;9,533;0,637896271979898
1030;9,537;0,638477763567846
1031;9,541;0,583352361030295
1032;9,545;0,620451524341432
1033;9,549;0,60269664785606
1034;9,553;0,611612852204609
1035;9,557;0,588663317533561
1036;9,561;0,586686246134535
1037;9,566;0,611070126722523
1038;9,570;0,630453179654152
1039;9,574;0,566799233826684
1040;9,578;0,593547846872331
1041;9,582;0,546059367189841
1042;9,586;0,521869317131169
1043;9,590;0,540205685204489
1044;9,594;0,505316189927558
1045;9,599;0,493492527639264
1046;9,603;0,556564981878784
1047;9,607;0,537414525582335
1048;9,611;0,506866834162088
1049;9,615;0,487328716807006
1050;9,619;0,483258275691364
1051;9,623;0,524776775070913
1052;9,627;0,48725118459528
1053;9,632;0,509774292101832
1054;9,636;0,477986085293961
1055;9,640;0,504967294974788
1056;9,644;0,505742617092054
1057;9,648;0,387467228103256
1058;9,652;0,450849811189681
1059;9,656;0,503494182951985
1060;9,660;0,536677969570933
1061;9,665;0,479226600681586
1062;9,669;0,533886809948778
1063;9,673;0,465076972041497
1064;9,677;0,477288295388423
1065;9,681;0,499966467318428
1066;9,685;0,510510848113234
1067;9,689;0,479032770152269
1068;9,693;0,455889404951905
1069;9,698;0,493376229321675
1070;9,702;0,497911863707676
1071;9,706;0,442476332323218
1072;9,710;0,471938572779293
1073;9,714;0,458758096785786
1074;9,718;0,493453761533401
1075;9,722;0,47368304754314
1076;9,726;0,429838581811796
1077;9,730;0,463875222759736
1078;9,735;0,480816011021979
1079;9,739;0,466395019640848
1080;9,743;0,447826054932347
1081;9,747;0,462789771795565
1082;9,751;0,471046952344438
1083;9,755;0,431893185422549
1084;9,759;0,489422086523622
1085;9,763;0,417162065194511
1086;9,768;0,466007358582215
1087;9,772;0,49760173486077
1088;9,776;0,455501743893272
1089;9,780;0,441623477994226
1090;9,784;0,433133700810173
1091;9,788;0,44142964746491
1092;9,792;0,445345024157099
1093;9,796;0,400686470202627
1094;9,801;0,449260400849288
1095;9,805;0,435653497691285
1096;9,809;0,450578448448639
1097;9,813;0,445383790262962
1098;9,817;0,427086188295505
1099;9,821;0,442049905158722
1100;9,825;0,460114910491
1101;9,829;0,39060728267818
1102;9,834;0,43642881980855
1103;9,838;0,434219151774344
1104;9,842;0,398631866591874
1105;9,846;0,391576435324761
1106;9,850;0,455850638846042
1107;9,854;0,470891887920985
1108;9,858;0,429605985176616
1109;9,862;0,409253779598406
1110;9,867;0,380683159577186
1111;9,871;0,39704245625148
1112;9,875;0,43976270491279
1113;9,879;0,42417873035576
1114;9,883;0,404214185836183
1115;9,887;0,423209577709179
1116;9,891;0,420612248616341
1117;9,895;0,395957005287309
1118;9,899;0,401578090637482
1119;9,904;0,427706445989317
1120;9,908;0,442476332323218
1121;9,912;0,448485078732023
1122;9,916;0,38359061751693
1123;9,920;0,397779012262882
1124;9,924;0,438754786160345
1125;9,928;0,442360034005628
1126;9,932;0,439607640489337
1127;9,937;0,473760579754866
1128;9,941;0,387002034832897
1129;9,945;0,403167500977875
1130;9,949;0,456974855916076
1131;9,953;0,435808562114738
1132;9,957;0,453951099658742
1133;9,961;0,421465102945332
1134;9,965;0,465309568676676
1135;9,970;0,408129562528372
1136;9,974;0,388009953585341
1137;9,978;0,436583884232003
1138;9,982;0,40049263967331
1139;9,986;0,420457184192888
1140;9,990;0,425419245743385
1141;9,994;0,380101667989237
1142;9,998;0,36502165280843
1143;10,003;0,375100840332877
1144;10,007;0,385955349974589
1145;10,011;0,39905829375637
1146;10,015;0,431660588787369
1147;10,019;0,429373388541437
1148;10,023;0,37669025067327
1149;10,027;0,386343011033221
1150;10,031;0,387389695891529
1151;10,036;0,399523487026729
1152;10,040;0,404601846894816
1153;10,044;0,399717317556045
1154;10,048;0,355640255189522
1155;10,052;0,387505994209119
1156;10,056;0,420185821451845
1157;10,060;0,420495950298751
1158;10,064;0,382233803811716
1159;10,068;0,366378466513644
1160;10,073;0,358935374187899
1161;10,077;0,369944948253064
1162;10,081;0,417549726253143
1163;10,085;0,365448079972926
1164;10,089;0,388513912961564
1165;10,093;0,38347431919934
1166;10,097;0,418208750052819
1167;10,101;0,392623120183069
1168;10,106;0,397895310580472
1169;10,110;0,434955707785746
1170;10,114;0,391615201430624
1171;10,118;0,406191257235209
1172;10,122;0,399678551450182
1173;10,126;0,471550911720661
1174;10,130;0,402663541601653
1175;10,134;0,423907367614718
1176;10,139;0,385567688915956
1177;10,143;0,406074958917619
1178;10,147;0,390413452148863
1179;10,151;0,409486376233586
1180;10,155;0,403632694248234
1181;10,159;0,385994116080452
1182;10,163;0,41417707504304
1183;10,167;0,378783620389886
1184;10,172;0,452516753741801
1185;10,176;0,435498433267832
1186;10,180;0,412587664702647
1187;10,184;0,424876520261299
1188;10,188;0,379132515342656
1189;10,192;0,360447252316566
1190;10,196;0,413673115666818
1191;10,200;0,354283441484308
1192;10,205;0,362656920350771
1193;10,209;0,357927455435454
1194;10,213;0,418247516158682
1195;10,217;0,400570171885037
1196;10,221;0,355601489083658
1197;10,225;0,387195865362213
1198;10,229;0,399135825968096
1199;10,233;0,360175889575523
1200;10,237;0,41440967167822
1201;10,242;0,370875334793782
1202;10,246;0,389638130031598
1203;10,250;0,395801940863856
1204;10,254;0,394445127158642
1205;10,258;0,34466944723022
1206;10,262;0,405919894494166
1207;10,266;0,383125424246571
1208;10,270;0,400453873567447
1209;10,275;0,3922742252303
1210;10,279;0,395569344228677
1211;10,283;0,382698997082075
1212;10,287;0,43786316572549
1213;10,291;0,442243735688038
1214;10,295;0,396267134134215
1215;10,299;0,419332967122853
1216;10,303;0,436157457067507
1217;10,308;0,400802768520216
1218;10,312;0,392855716818249
1219;10,316;0,384133342999016
1220;10,320;0,37680654899086
1221;10,324;0,409486376233586
1222;10,328;0,360679848951745
1223;10,332;0,365603144396379
1224;10,336;0,373550196098346
1225;10,341;0,359710696305164
1226;10,345;0,39049098436059
1227;10,349;0,35467110254294
1228;10,353;0,375062074227014
1229;10,357;0,384249641316605
1230;10,361;0,409486376233586
1231;10,365;0,370914100899645
1232;10,369;0,339901216209039
1233;10,374;0,323270556793702
1234;10,378;0,379054983130929
1235;10,382;0,341568158761159
1236;10,386;0,362773218668361
1237;10,390;0,337575249857244
1238;10,394;0,377465572790535
1239;10,398;0,395336747593497
1240;10,402;0,362618154244908
1241;10,406;0,445034895310193
1242;10,411;0,45166389941281
1243;10,415;0,559433673712665
1244;10,419;0,738765679436093
1245;10,423;0,910266931775143
1246;10,427;1,34216011719769
1247;10,431;1,85922243720182
1248;10,435;2,72521847608112
1249;10,439;3,70731900202088
1250;10,444;5,36468632599271
1251;10,448;7,31904078698296
1252;10,452;9,7491328991271
1253;10,456;12,7814952319628
1254;10,460;16,4202757588174
1255;10,464;20,3983372441873
1256;10,468;24,3679864845849
1257;10,472;28,1396572223387
1258;10,477;32,4171481093964
1259;10,481;36,3748186230822
1260;10,485;40,0199955574043
1261;10,489;42,7556033498567
1262;10,493;44,7758989569204
1263;10,497;46,9881643202189
1264;10,501;48,1226544083071
1265;10,505;48,1987135080108
1266;10,510;48,7236453475052
1267;10,514;47,9221948748882
1268;10,518;47,1303583965253
1269;10,522;45,9025582916242
1270;10,526;44,326948684918
1271;10,530;42,451056822195
1272;10,534;40,4993384564034
1273;10,538;38,6063895071006
1274;10,543;36,3674530629682
1275;10,547;34,5003223401703
1276;10,551;32,7146004396852
1277;10,555;30,1392904949773
1278;10,559;28,2563044348813
1279;10,563;26,2050734753388
1280;10,567;24,3446105227493
1281;10,571;22,6387080342367
1282;10,575;20,5942999093261
1283;10,580;19,1559223173758
1284;10,584;17,7257243737626
1285;10,588;16,0587818216426
1286;10,592;15,0138414380985
1287;10,596;13,5133605445552
1288;10,600;12,3539438503969
1289;10,604;11,3438541960239
1290;10,608;10,3182580993056
1291;10,613;9,46094566813965
1292;10,617;8,77187813642025
1293;10,621;7,96205418493681
1294;10,625;7,3360978735628
1295;10,629;6,71285518959921
1296;10,633;6,16574913755106
1297;10,637;5,61709244126838
1298;10,641;5,38166588036082
1299;10,646;5,0131552780247
1300;10,650;4,6647642846316
1301;10,654;4,21934172826278
1302;10,658;3,96123699542521
1303;10,662;3,76736770000306
1304;10,666;3,5448114862421
1305;10,670;3,29903437506905
1306;10,674;3,13420089293848
1307;10,679;2,8899356598941
1308;10,683;2,75871239154697
1309;10,687;2,70098965991658
1310;10,691;2,51491235177295
1311;10,695;2,40706504526137
1312;10,699;2,27832280768949
1313;10,703;2,17373185407042
1314;10,707;1,98951531900822
1315;10,712;1,99304303464178
1316;10,716;1,8768610153696
1317;10,720;1,82282106379622
1318;10,724;1,71532265223741
1319;10,728;1,73633388161529
1320;10,732;1,59049579135772
1321;10,736;1,61662414670955
1322;10,740;1,47256929732169
1323;10,744;1,47295695838032
1324;10,749;1,38398874542415
1325;10,753;1,35778285786058
1326;10,757;1,37356066294693
1327;10,761;1,26970626533926
1328;10,765;1,22628822677242
1329;10,769;1,15790481602963
1330;10,773;1,16651089153127
1331;10,777;1,20706023826424
1332;10,782;1,10495031542042
1333;10,786;1,05153062154085
1334;10,790;1,03265152798545
1335;10,794;1,03300042293822
1336;10,798;0,975587820154731
1337;10,802;1,0214093572851
1338;10,806;0,966710381912045
1339;10,810;0,968726219416934
1340;10,815;0,872857639617099
1341;10,819;0,895419513229515
1342;10,823;0,871810954758791
1343;10,827;0,894838021641566
1344;10,831;0,883479552623632
1345;10,835;0,905653765177415
1346;10,839;0,80288481853392
1347;10,843;0,739734832082674
1348;10,848;0,749348826336762
1349;10,852;0,776097439382409
1350;10,856;0,778307107416615
1351;10,860;0,72837636306474
1352;10,864;0,710621486579368
1353;10,868;0,681663205499515
1354;10,872;0,691664860812235
1355;10,876;0,68755565359073
1356;10,881;0,713451412307386
1357;10,885;0,68255482593437
1358;10,889;0,682167164875737
1359;10,893;0,665769102095579
1360;10,897;0,639369384002701
1361;10,901;0,633321871488033
1362;10,905;0,648828313833336
1363;10,909;0,581181459101952
1364;10,913;0,564356969157298
1365;10,918;0,557689198948818
1366;10,922;0,551137727057928
1367;10,926;0,581646652372311
1368;10,930;0,515860570722364
1369;10,934;0,547067285942286
1370;10,938;0,556254853031878
1371;10,942;0,588547019215971
1372;10,946;0,544625021272901
1373;10,951;0,497020243272821
1374;10,955;0,607387346665514
1375;10,959;0,51438745869956
1376;10,963;0,473876878072456
1377;10,967;0,467519236710882
1378;10,971;0,465038205935634
1379;10,975;0,531211948644214
1380;10,979;0,503998142328207
1381;10,984;0,535747583030215
1382;10,988;0,479730560057808
1383;10,992;0,504889762763062
1384;10,996;0,446159112380227
1385;11,000;0,494345381968256
1386;11,004;0,467868131663651
1387;11,008;0,464495480453548
1388;11,012;0,446042814062638
1389;11,017;0,445461322474689
1390;11,021;0,42976104960007
1391;11,025;0,43452928062125
1392;11,029;0,444569702039834
1393;11,033;0,443329186652209
1394;11,037;0,431583056575643
1395;11,041;0,404485548577226
1396;11,045;0,442902759487714
1397;11,050;0,402314646648883
1398;11,054;0,404989507953448
1399;11,058;0,484847686031758
1400;11,062;0,423325876026769
1401;11,066;0,401035365155396
1402;11,070;0,37847349154298
1403;11,074;0,366494764831234
1404;11,078;0,441003220300414
1405;11,082;0,413324220714048
1406;11,087;0,354438505907761
1407;11,091;0,372929938404534
1408;11,095;0,384637302375238
1409;11,099;0,428985727482804
1410;11,103;0,390413452148863
1411;11,107;0,418131217841092
1412;11,111;0,403438863718918
1413;11,115;0,383241722564161
1414;11,120;0,392584354077206
1415;11,124;0,362346791503865
1416;11,128;0,409331311810133
1417;11,132;0,402934904342695
1418;11,136;0,392855716818249
1419;11,140;0,359439333564121
1420;11,144;0,380954522318229
1421;11,148;0,414254607254767
1422;11,153;0,340250111161809
1423;11,157;0,395569344228677
1424;11,161;0,35990452683448
1425;11,165;0,409951569503945
1426;11,169;0,333466042635739
1427;11,173;0,331915398401208
1428;11,177;0,379442644189562
1429;11,181;0,362191727080412
1430;11,186;0,392700652394796
1431;11,190;0,368278005700944
1432;11,194;0,337575249857244
1433;11,198;0,328542747191105
1434;11,202;0,338466870292099
1435;11,206;0,350406830897982
1436;11,210;0,373782792733526
1437;11,214;0,313927925280657
1438;11,219;0,352228837873555
1439;11,223;0,333078381577106
1440;11,227;0,344204253959861
1441;11,231;0,390025791090231
1442;11,235;0,33098501186049
1443;11,239;0,353159224414273
1444;11,243;0,345909962617844
1445;11,247;0,34443685059504
1446;11,251;0,353701949896359
1447;11,256;0,374209219898022
1448;11,260;0,327728658967976
1449;11,264;0,346724050840973
1450;11,268;0,329860794790456
1451;11,272;0,325674055357224
1452;11,276;0,36180406602178
1453;11,280;0,353469353261179
1454;11,284;0,32908547267319
1455;11,289;0,363044581409404
1456;11,293;0,316874149326264
1457;11,297;0,353430587155316
1458;11,301;0,377116677837766
1459;11,305;0,377775701637442
1460;11,309;0,391770265854077
1461;11,313;0,323154258476112
1462;11,317;0,362036662656959
1463;11,322;0,377232976155356
1464;11,326;0,381613546117904
1465;11,330;0,430730202246651
1466;11,334;0,452904414800434
1467;11,338;0,459106991738555
1468;11,342;0,530087731574179
1469;11,346;0,530359094315222
1470;11,350;0,517798876015527
1471;11,355;0,45488148619946
1472;11,359;0,558697117701263
1473;11,363;0,61114765893425
1474;11,367;0,547803841953688
1475;11,371;0,570055586719197
1476;11,375;0,59591257932999
1477;11,379;0,542299054921105
1478;11,383;0,49581849399106
1479;11,388;0,556487449667057
1480;11,392;0,509619227678379
1481;11,396;0,54307437703837
1482;11,400;0,51283681446503
1483;11,404;0,559705036453708
1484;11,408;0,561371979005828
1485;11,412;0,50093561996501
1486;11,416;0,51415486206438
1487;11,420;0,488724296618084
1488;11,425;0,469845203062677
1489;11,429;0,454959018411187
1490;11,433;0,461161595349308
1491;11,437;0,466395019640848
1492;11,441;0,448911505896519
1493;11,445;0,403748992565824
1494;11,449;0,450888577295545
1495;11,453;0,417355895723827
1496;11,458;0,436932779184772
1497;11,462;0,347538139064101
1498;11,466;0,372968704510398
1499;11,470;0,375294670862193
1500;11,474;0,369324690559251
1501;11,478;0,331992930612935
1502;11,482;0,337575249857244
1503;11,486;0,326139248627583
1504;11,491;0,339978748420766
1505;11,495;0,316719084902811
1506;11,499;0,334784090235089
1507;11,503;0,318734922407701
1508;11,507;0,353430587155316
1509;11,511;0,27337857854769
1510;11,515;0,293032994220361
1511;11,519;0,344979576077126
1512;11,524;0,316719084902811
1513;11,528;0,2853960713653
1514;11,532;0,303771205544484
1515;11,536;0,284000491554222
1516;11,540;0,280472775920666
1517;11,544;0,301173876451645
1518;11,548;0,307221388966313
1519;11,552;0,272874619171468
1520;11,557;0,260508231401088
1521;11,561;0,265005099681226
1522;11,565;0,272758320853878
1523;11,569;0,279542389379948
1524;11,573;0,259151417695874
1525;11,577;0,248800867430385
1526;11,581;0,216159806293522
1527;11,585;0,273301046335963
1528;11,589;0,269501967961364
1529;11,594;0,293653251914173
1530;11,598;0,2732622802301
1531;11,602;0,238837978223528
1532;11,606;0,270316056184493
1533;11,610;0,24957618954765
1534;11,614;0,232751699602996
1535;11,618;0,28872995646954
1536;11,622;0,258104732837567
1537;11,627;0,282333549002102
1538;11,631;0,270626185031399
1539;11,635;0,276169738169844
1540;11,639;0,236473245765869
1541;11,643;0,242714588809853
1542;11,647;0,252599945804984
1543;11,651;0,266439445598167
1544;11,655;0,259539078754507
1545;11,660;0,263570753764286
1546;11,664;0,248296908054162
1547;11,668;0,248839633536248
1548;11,672;0,243528677032982
1549;11,676;0,26124478741249
1550;11,680;0,24089258183428
1551;11,684;0,288807488681266
1552;11,688;0,255701234274045
1553;11,693;0,230813394309833
1554;11,697;0,233371957296808
1555;11,701;0,257058047979259
1556;11,705;0,260198102554182
1557;11,709;0,254344420568831
1558;11,713;0,251088067676317
1559;11,717;0,189760088200644
1560;11,721;0,238411551059032
1561;11,726;0,237403632306587
1562;11,730;0,236512011871732
1563;11,734;0,252444881381531
1564;11,738;0,238489083270758
1565;11,742;0,232053909697458
1566;11,746;0,284969644200804
1567;11,750;0,221238166161609
1568;11,754;0,264035947034645
1569;11,758;0,251785857581856
1570;11,763;0,264656204728457
1571;11,767;0,234418642155116
1572;11,771;0,212554558448239
1573;11,775;0,227867170264226
1574;11,779;0,255236041003686
1575;11,783;0,246203538337547
1576;11,787;0,239264405388024
1577;11,791;0,247095158772401
1578;11,796;0,240853815728417
1579;11,800;0,255158508791959
1580;11,804;0,249149762383154
1581;11,808;0,217012660622514
1582;11,812;0,204529974534545
1583;11,816;0,230464499357064
1584;11,820;0,218059345480822
1585;11,824;0,237326100094861
1586;11,829;0,257290644614438
1587;11,833;0,238566615482485
1588;11,837;0,250118915029736
1589;11,841;0,215151887541078
1590;11,845;0,227091848146961
1591;11,849;0,263919648717055
1592;11,853;0,234922601531339
1593;11,857;0,234922601531339
1594;11,862;0,218950965915677
1595;11,866;0,242598290492264
1596;11,870;0,240582452987374
1597;11,874;0,239652066446656
1598;11,878;0,243800039774025
1599;11,882;0,196389092303261
1600;11,886;0,226820485405918
1601;11,890;0,236899672930365
1602;11,895;0,20220400818275
1603;11,899;0,245079321267512
1604;11,903;0,242288161645358
1605;11,907;0,221548295008515
1606;11,911;0,203173160829331
1607;11,915;0,250622874405958
1608;11,919;0,223021407031319
1609;11,923;0,220617908467797
1610;11,927;0,265935486221945
1611;11,932;0,23410851330821
1612;11,936;0,246629965502042
1613;11,940;0,242985951550896
1614;11,944;0,234379876049253
1615;11,948;0,223370301984088
1616;11,952;0,280007582650307
1617;11,956;0,216353636822839
1618;11,960;0,222091020490601
1619;11,965;0,262756665541157
1620;11,969;0,232208974120911
1621;11,973;0,221083101738156
1622;11,977;0,241357775104639
1623;11,981;0,208445351226734
1624;11,985;0,193365336045927
1625;11,989;0,236977205142091
1626;11,993;0,246164772231683
1627;11,998;0,238760446011801
1628;12,002;0,227595807523183
1629;12,006;0,240815049622554
1630;12,010;0,215345718070394
1631;12,014;0,237636228941767
1632;12,018;0,230309434933611
1633;12,022;0,221044335632293
1634;12,026;0,245893409490641
1635;12,031;0,258996353272421
1636;12,035;0,24790924699553
1637;12,039;0,194140658163192
1638;12,043;0,196466624514988
1639;12,047;0,244265233044384
1640;12,051;0,193830529316286
1641;12,055;0,270199757866903
1642;12,059;0,235387794801698
1643;12,064;0,207902625744648
1644;12,068;0,206894706992204
1645;12,072;0,225153542853798
1646;12,076;0,225735034441747
1647;12,080;0,270664951137262
1648;12,084;0,21875713538636
1649;12,088;0,265121397998816
1650;12,092;0,228952621228397
1651;12,096;0,231394885897782
1652;12,101;0,222129786596464
1653;12,105;0,221935956067148
1654;12,109;0,227479509205593
1655;12,113;0,197939736537791
1656;12,117;0,200730896159946
1657;12,121;0,185418284343959
1658;12,125;0,225114776747935
1659;12,129;0,223292769772362
1660;12,134;0,276208504275708
1661;12,138;0,284039257660086
1662;12,142;0,292994228114498
1663;12,146;0,351027088591794
1664;12,150;0,416347976971382
1665;12,154;0,562612494393452
1666;12,158;0,815677633468795
1667;12,162;1,08231090959628
1668;12,167;1,41961479671248
1669;12,171;2,04898252540246
1670;12,175;2,7818945228532
1671;12,179;3,685454918314
1672;12,183;4,91263476552127
1673;12,187;6,64164185312841
1674;12,191;7,9383293281485
1675;12,195;10,101826930271
1676;12,200;12,2677667970629
1677;12,204;14,5134873097214
1678;12,208;16,7062533217707
1679;12,212;19,0606739952698
1680;12,216;20,9939009285645
1681;12,220;22,8551004371654
1682;12,224;23,8050250952386
1683;12,228;24,9035014709799
1684;12,233;26,1310689792458
1685;12,237;26,3391654355198
1686;12,241;26,4458109927496
1687;12,245;26,2659362615441
1688;12,249;25,6490124528362
1689;12,253;25,2391771816498
1690;12,257;24,0605712650892
1691;12,261;23,1264631782082
1692;12,265;22,1411450654818
1693;12,270;20,7761517119306
1694;12,274;19,265281502016
1695;12,278;18,1221465723203
1696;12,282;16,7290865581242
1697;12,286;15,3381586797505
1698;12,290;14,1725781747599
1699;12,294;13,238431321773
1700;12,298;11,9712836194207
1701;12,303;10,9787162448979
1702;12,307;9,94889464264047
1703;12,311;9,01025092137342
1704;12,315;8,27699002896991
1705;12,319;7,57009008855342
1706;12,323;6,87144732868579
1707;12,327;6,22688328649742
1708;12,331;5,70807649172944
1709;12,336;5,21621214053644
1710;12,340;4,88646764406357
1711;12,344;4,40127106307904
1712;12,348;4,03020189775595
1713;12,352;3,71891006767399
1714;12,356;3,41420847558879
1715;12,360;3,1798673656454
1716;12,364;2,97076299061899
1717;12,369;2,76413964636783
1718;12,373;2,59271592624051
1719;12,377;2,38628641251866
1720;12,381;2,20001527384571
1721;12,385;2,07011005309794
1722;12,389;2,02572286188451
1723;12,393;1,81402115776526
1724;12,397;1,73268986766414
1725;12,402;1,68531768629924
1726;12,406;1,55983180161988
1727;12,410;1,5285863202941
1728;12,414;1,47237546679237
1729;12,418;1,30812347624975
1730;12,422;1,30909262889633
1731;12,426;1,23094015947601
1732;12,430;1,17992396415996
1733;12,434;1,12665933470384
1734;12,439;1,10281817959794
1735;12,443;1,10293447791553
1736;12,447;0,978727874729655
1737;12,451;0,968687453311071
1738;12,455;0,949730827543938
1739;12,459;0,90821232816439
1740;12,463;0,852079006874394
1741;12,467;0,868205706913509
1742;12,472;0,834014001542116
1743;12,476;0,808777266625135
1744;12,480;0,775399649476871
1745;12,484;0,771445506678819
1746;12,488;0,685578582191704
1747;12,492;0,680732818958797
1748;12,496;0,659566525157458
1749;12,500;0,641346455401727
1750;12,505;0,619676202224167
1751;12,509;0,646114686422908
1752;12,513;0,57032694946024
1753;12,517;0,59079545335604
1754;12,521;0,551602920328287
1755;12,525;0,58912851080392
1756;12,529;0,549897211670304
1757;12,533;0,554820507114937
1758;12,538;0,548928059023722
1759;12,542;0,511751363500858
1760;12,546;0,543345739779413
1761;12,550;0,486320798054562
1762;12,554;0,500043999530155
1763;12,558;0,497950629813539
1764;12,562;0,4415459457825
1765;12,566;0,451237472248314
1766;12,571;0,475892715577346
1767;12,575;0,445771451321595
1768;12,579;0,416231678653793
1769;12,583;0,446624305650586
1770;12,587;0,45988231385582
1771;12,591;0,380334264624417
1772;12,595;0,440499260924192
1773;12,599;0,401655622849208
1774;12,603;0,404911975741722
1775;12,608;0,376573952355681
1776;12,612;0,358935374187899
1777;12,616;0,361377638857284
1778;12,620;0,353857014319812
1779;12,624;0,365293015549473
1780;12,628;0,338350571974509
1781;12,632;0,337226354904475
1782;12,636;0,367231320842636
1783;12,641;0,346375155888203
1784;12,645;0,331411439024986
1785;12,649;0,285124708624257
1786;12,653;0,301445239192688
1787;12,657;0,303422310591714
1788;12,661;0,338583168609689
1789;12,665;0,31253234546958
1790;12,669;0,395530578122813
1791;12,674;0,289040085316446
1792;12,678;0,31753317312594
1793;12,682;0,292025075467917
1794;12,686;0,316525254373495
1795;12,690;0,305128019249698
1796;12,694;0,29384708244349
1797;12,698;0,268300218679603
1798;12,702;0,30241439183927
1799;12,707;0,251747091475992
1800;12,711;0,304003802179663
1801;12,715;0,289815407433711
1802;12,719;0,236512011871732
1803;12,723;0,257058047979259
1804;12,727;0,259228949907601
1805;12,731;0,255313573215412
1806;12,735;0,304624059873475
1807;12,740;0,26136108573008
1808;12,744;0,28027894539135
1809;12,748;0,264191011458098
1810;12,752;0,277604084086785
1811;12,756;0,256670386920626
1812;12,760;0,236279415236553
1813;12,764;0,228022234687679
1814;12,768;0,221005569526429
1815;12,772;0,256980515767532
1816;12,777;0,307570283919083
1817;12,781;0,242055565010178
1818;12,785;0,232053909697458
1819;12,789;0,242520758280537
1820;12,793;0,223409068089951
1821;12,797;0,240776283516691
1822;12,801;0,230968458733286
1823;12,805;0,19185345791726
1824;12,810;0,202979330300015
1825;12,814;0,284853345883214
1826;12,818;0,257678305673071
1827;12,822;0,22054037625607
1828;12,826;0,216469935140428
1829;12,830;0,230270668827748
1830;12,834;0,242985951550896
1831;12,838;0,189876386518234
1832;12,843;0,214647928164855
1833;12,847;0,174641306913974
1834;12,851;0,202514137029656
1835;12,855;0,215074355329351
1836;12,859;0,226432824347285
1837;12,863;0,186077308143635
1838;12,867;0,251398196523223
1839;12,871;0,182239463663172
1840;12,876;0,206700876462887
1841;12,880;0,188790935554063
1842;12,884;0,215306951964531
1843;12,888;0,183092317992164
1844;12,892;0,212554558448239
1845;12,896;0,183557511262523
1846;12,900;0,170687164115922
1847;12,904;0,191039369694132
1848;12,909;0,202824265876562
1849;12,913;0,161770959767372
1850;12,917;0,183751341791839
1851;12,921;0,213329880565504
1852;12,925;0,198327397596424
1853;12,929;0,198792590866783
1854;12,933;0,195032278598047
1855;12,937;0,181580439863497
1856;12,941;0,172082743926999
1857;12,946;0,190147749259277
1858;12,950;0,20007187236027
1859;12,954;0,22077297289125
1860;12,958;0,185030623285327
1861;12,962;0,188248210071977
1862;12,966;0,186930162472626
1863;12,970;0,191465796858627
1864;12,974;0,204762571169725
1865;12,979;0,201777581018254
1866;12,983;0,177587530959581
1867;12,987;0,185457050449823
1868;12,991;0,210151059884717
1869;12,995;0,162507515778774
1870;12,999;0,229534112816346
1871;13,003;0,172509171091495
1872;13,007;0,173633388161529
1873;13,012;0,153164884265729
1874;13,016;0,176347015571957
1875;13,020;0,189139830506832
1876;13,024;0,185844711508455
1877;13,028;0,176850974948179
1878;13,032;0,204646272852135
1879;13,036;0,160259081638705
1880;13,040;0,177858893700624
1881;13,045;0,197241946632253
1882;13,049;0,196893051679483
1883;13,053;0,150838917913934
1884;13,057;0,197280712738116
1885;13,061;0,202436604817929
1886;13,065;0,180533755005189
1887;13,069;0,151730538348789
1888;13,073;0,158359542451406
1889;13,078;0,165337441506792
1890;13,082;0,148164056609369
1891;13,086;0,175687991772282
1892;13,090;0,146613412374839
1893;13,094;0,160336613850432
1894;13,098;0,16115070207356
1895;13,102;0,186387436990541
1896;13,106;0,177858893700624
1897;13,110;0,147349968386241
1898;13,115;0,173090662679443
1899;13,119;0,192938908881431
1900;13,123;0,196117729562218
1901;13,127;0,175377862925376
1902;13,131;0,190108983153413
1903;13,135;0,213291114459641
1904;13,139;0,199335316348869
1905;13,143;0,252018454217035
1906;13,148;0,251940922005309
1907;13,152;0,250351511664915
1908;13,156;0,268416516997193
1909;13,160;0,298188886300174
1910;13,164;0,28683041728224
1911;13,168;0,297995055770858
1912;13,172;0,304275164920706
1913;13,176;0,344049189536408
1914;13,181;0,337614015963107
1915;13,185;0,331876632295345
1916;13,189;0,329046706567327
1917;13,193;0,330132157531498
1918;13,197;0,31385039306893
1919;13,201;0,348197162863776
1920;13,205;0,315827464467957
1921;13,209;0,334280130858867
1922;13,214;0,323774516169924
1923;13,218;0,330287221954951
1924;13,222;0,349941637627623
1925;13,226;0,262058875635619
1926;13,230;0,34311880299569
1927;13,234;0,290629495656839
1928;13,238;0,280201413179623
1929;13,242;0,279736219909264
1930;13,247;0,224455752948259
1931;13,251;0,277100124710563
1932;13,255;0,281286864143794
1933;13,259;0,21208936517788
1934;13,263;0,216392402928702
1935;13,267;0,202746733664835
1936;13,271;0,228836322910807
1937;13,275;0,207476198580153
1938;13,279;0,217981813269095
1939;13,284;0,196893051679483
1940;13,288;0,21197306686029
1941;13,292;0,171966445609409
1942;13,296;0,219183562550856
1943;13,300;0,247754182572077
1944;13,304;0,19887012307851
1945;13,308;0,200343235101313
1946;13,312;0,179564602358607
1947;13,317;0,176191951148504
1948;13,321;0,228099766899405
1949;13,325;0,182510826404215
1950;13,329;0,206507045933571
1951;13,333;0,146962307327608
1952;13,337;0,168671326611032
1953;13,341;0,161926024190825
1954;13,345;0,185805945402592
1955;13,350;0,153901440277131
1956;13,354;0,187085226896079
1957;13,358;0,164678417707117
1958;13,362;0,166810553529596
1959;13,366;0,153630077536088
1960;13,370;0,135603838309674
1961;13,374;0,169369116516571
1962;13,378;0,170958526856964
1963;13,383;0,153552545324362
1964;13,387;0,138588828461145
1965;13,391;0,169485414834161
1966;13,395;0,152234497725011
1967;13,399;0,136534224850392
1968;13,403;0,142659269576787
1969;13,407;0,171229889598007
1970;13,411;0,142426672941607
1971;13,416;0,152428328254327
1972;13,420;0,138860191202187
1973;13,424;0,154637996288533
1974;13,428;0,127695552713569
1975;13,432;0,118314155094661
1976;13,436;0,121337911351995
1977;13,440;0,132502549840613
1978;13,444;0,150024829690805
1979;13,448;0,114166181767292
1980;13,453;0,135332475568631
1981;13,457;0,172547937197358
1982;13,461;0,1190119450002
1983;13,465;0,157196559275508
1984;13,469;0,130603010653314
1985;13,473;0,15638247105238
1986;13,477;0,137852272449743
1987;13,481;0,103699333184213
1988;13,486;0,14114739144812
1989;13,490;0,131068203923673
1990;13,494;0,0997451903861608
1991;13,498;0,123857708233107
1992;13,502;0,162197386931868
1993;13,506;0,0913717115196973
1994;13,510;0,162391217461184
1995;13,514;0,161926024190825
1996;13,519;0,16983430978693
1997;13,523;0,157739284757594
1998;13,527;0,159910186685936
1999;13,531;0,144636340975813
2000;13,535;0,14413238159959
2001;13,539;0,123353748856884
2002;13,543;0,11021203896924
2003;13,547;0,132425017628887
2004;13,552;0,167547109540998
2005;13,556;0,103815631501803
2006;13,560;0,133471702487195
2007;13,564;0,0749736487395394
2008;13,568;0,170570865798332
2009;13,572;0,0945117660946211
2010;13,576;0,126416271220082
2011;13,580;0,127734318819433
2012;13,585;0,150063595796669
2013;13,589;0,134828516192409
2014;13,593;0,136921885909024
2015;13,597;0,174486242490521
2016;13,601;0,158320776345542
2017;13,605;0,141651350824342
2018;13,609;0,16126700039115
2019;13,613;0,140061940483948
2020;13,617;0,158863501827628
2021;13,622;0,12044629091714
2022;13,626;0,131843526040938
2023;13,630;0,157971881392773
2024;13,634;0,157119027063782
2025;13,638;0,151226578972566
2026;13,642;0,136495458744529
2027;13,646;0,137735974132153
2028;13,650;0,15948375952144
2029;13,655;0,149714700843899
2030;13,659;0,156421237158243
2031;13,663;0,150606321278754
2032;13,667;0,162546281884637
2033;13,671;0,144675107081676
2034;13,675;0,146574646268976
2035;13,679;0,0962174747526044
2036;13,683;0,133471702487195
2037;13,688;0,136844353697298
2038;13,692;0,115833124319413
2039;13,696;0,129905220747775
2040;13,700;0,139906876060495
2041;13,704;0,144868937610992
2042;13,708;0,157545454228277
2043;13,712;0,108506330311257
2044;13,716;0,137232014755931
2045;13,721;0,113856052920386
2046;13,725;0,106025299536008
2047;13,729;0,122539660633756
2048;13,733;0,144403744340633
2049;13,737;0,163205305684313
2050;13,741;0,0941241050359885
2051;13,745;0,0965663697053737
2052;13,749;0,138860191202187
2053;13,754;0,146846009010018
2054;13,758;0,130447946229861
2055;13,762;0,148047758291779
2056;13,766;0,151963134983968
2057;13,770;0,146884775115882
2058;13,774;0,127734318819433
2059;13,778;0,148319121032822
2060;13,782;0,140449601542581
2061;13,786;0,136611757062118
2062;13,791;0,149171975361814
2063;13,795;0,147737629444873
2064;13,799;0,150296192431848
2065;13,803;0,187666718484028
2066;13,807;0,163321604001903
2067;13,811;0,191388264646901
2068;13,815;0,211430341378205
2069;13,819;0,210887615896119
2070;13,824;0,217710450528053
2071;13,828;0,240117259717015
2072;13,832;0,207127303627383
2073;13,836;0,25457701720401
2074;13,840;0,254150590039514
2075;13,844;0,24802554531312
2076;13,848;0,286636586752924
2077;13,852;0,307841646660126
2078;13,857;0,275627012687759
2079;13,861;0,320595695489137
2080;13,865;0,279542389379948
2081;13,869;0,252987606863617
2082;13,873;0,265935486221945
2083;13,877;0,269579500173091
2084;13,881;0,258492393896199
2085;13,885;0,244963022949922
2086;13,890;0,222478681549233
2087;13,894;0,212399494024786
2088;13,898;0,241939266692588
2089;13,902;0,221276932267472
2090;13,906;0,215694613023163
2091;13,910;0,216276104611112
2092;13,914;0,205072700016631
2093;13,918;0,20363835409969
2094;13,923;0,182588358615941
2095;13,927;0,22255621376096
2096;13,931;0,173865984796709
2097;13,935;0,1849530910736
2098;13,939;0,179254473511701
2099;13,943;0,187434121848849
2100;13,947;0,159793888368346
2101;13,951;0,174176113643615
2102;13,956;0,163360370107766
2103;13,960;0,161615895343919
2104;13,964;0,133665533016511
2105;13,968;0,111142425509958
2106;13,972;0,123741409915517
2107;13,976;0,128742237571877
2108;13,980;0,120058629858508
2109;13,984;0,125873545737996
2110;13,988;0,153436247006772
2111;13,993;0,123586345492064
2112;13,997;0,154056504700584
2113;14,001;0,132269953205434
2114;14,005;0,117383768553943
2115;14,009;0,141806415247795
2116;14,013;0,133200339746152
2117;14,017;0,12401277265656
2118;14,021;0,124594264244509
2119;14,026;0,139945642166359
2120;14,030;0,141186157553983
2121;14,034;0,146497114057249
2122;14,038;0,208096456273965
2123;14,042;0,255313573215412
2124;14,046;0,3327682527302
2125;14,050;0,473140322061054
2126;14,054;0,693758230528851
2127;14,059;1,01543937698216
2128;14,063;1,38964859688018
2129;14,067;2,1270186965052
2130;14,071;3,10966194792704
2131;14,075;4,35769796008874
2132;14,079;5,78619019504391
2133;14,083;7,9924468119336
2134;14,087;10,7030116999984
2135;14,092;13,7097496368585
2136;14,096;17,3155402076235
2137;14,100;21,5755863470427
2138;14,104;26,0215159640762
2139;14,108;30,6513907534309
2140;14,112;35,2342810224793
2141;14,116;40,7040622614673
2142;14,120;45,1413082707875
2143;14,125;48,7042235284677
2144;14,129;52,5729258291973
2145;14,133;54,8531094099682
2146;14,137;57,4592771749433
2147;14,141;58,9937559433286
2148;14,145;59,4393723302267
2149;14,149;59,1582792966123
2150;14,153;57,5039744950036
2151;14,157;56,0702876018628
2152;14,162;53,5979016682218
2153;14,166;50,7526245622822
2154;14,170;47,8746676290999
2155;14,174;44,8701005941681
2156;14,178;41,5531950442961
2157;14,182;38,1554233975933
2158;14,186;35,154694207142
2159;14,190;31,8294151784036
2160;14,195;28,9470776752587
2161;14,199;26,3065631404888
2162;14,203;23,8711600718413
2163;14,207;21,3311660495749
2164;14,211;19,6682939385705
2165;14,215;17,7987209511031
2166;14,219;16,0077268602207
2167;14,223;14,7592644208945
2168;14,228;13,3960930743189
2169;14,232;12,117780733478
2170;14,236;11,0790816929779
2171;14,240;10,0563542880934
2172;14,244;9,26901467801066
2173;14,248;8,60281914875059
2174;14,252;7,81466545044471
2175;14,256;7,33353931057582
2176;14,261;6,7057997583321
2177;14,265;6,16768744284422
2178;14,269;5,82181624633224
2179;14,273;5,38054166329078
2180;14,277;5,02866172037
2181;14,281;4,68949706017236
2182;14,285;4,4028992395253
2183;14,289;4,14475574058187
2184;14,294;3,9098719051564
2185;14,298;3,7063498493743
2186;14,302;3,43060653836895
2187;14,306;3,33252829053491
2188;14,310;3,03274999389434
2189;14,314;2,88640794426054
2190;14,318;2,78464691636949
2191;14,322;2,66966664637907
2192;14,326;2,53340378426972
2193;14,331;2,39927305798285
2194;14,335;2,28254831322858
2195;14,339;2,19071140843853
2196;14,343;2,0580150280686
2197;14,347;1,97300095791048
2198;14,351;1,87406985574744
2199;14,355;1,85053882948845
2200;14,359;1,79258350122288
2201;14,364;1,65674706627802
2202;14,368;1,59344201540332
2203;14,372;1,54920988861335
2204;14,376;1,43054683856592
2205;14,380;1,43139969289491
2206;14,384;1,39298248198442
2207;14,388;1,28191758868619
2208;14,392;1,30478959114551
2209;14,397;1,27385423866663
2210;14,401;1,17430287880979
2211;14,405;1,18007902858341
2212;14,409;1,18314155094661
2213;14,413;1,10029838271683
2214;14,417;1,09591781275428
2215;14,421;0,994815808662907
2216;14,425;1,04804167201316
2217;14,430;0,940426962136757
2218;14,434;0,904839676954287
2219;14,438;0,84882265398188
2220;14,442;0,854249908802736
2221;14,446;0,872857639617099
2222;14,450;0,814320819763581
2223;14,454;0,829245770520935
2224;14,458;0,809126161577905
2225;14,463;0,762955729494765
2226;14,467;0,739463469341631
2227;14,471;0,695696535822014
2228;14,475;0,750124148454027
2229;14,479;0,65185207009067
2230;14,483;0,673677387691684
2231;14,487;0,641423987613454
2232;14,491;0,666195529260075
2233;14,495;0,583584957665474
2234;14,500;0,627623253926134
2235;14,504;0,600564512033581
2236;14,508;0,589283575227373
2237;14,512;0,554549144373894
2238;14,516;0,591764606002621
2239;14,520;0,493376229321675
2240;14,524;0,55020734051721
2241;14,528;0,533848043842915
2242;14,533;0,518690496450382
2243;14,537;0,455501743893272
2244;14,541;0,531948504655615
2245;14,545;0,503222820210942
2246;14,549;0,483180743479638
2247;14,553;0,462634707372112
2248;14,557;0,460580103761359
2249;14,561;0,482405421362373
2250;14,566;0,44643047512127
2251;14,570;0,357035835000599
2252;14,574;0,407470538728697
2253;14,578;0,374519348744928
2254;14,582;0,40929254570427
2255;14,586;0,433288765233626
2256;14,590;0,366145869878464
2257;14,594;0,40905994906909
2258;14,599;0,356531875624377
2259;14,603;0,323076726264386
2260;14,607;0,34800333233446
2261;14,611;0,328620279402831
2262;14,615;0,347072945793742
2263;14,619;0,329744496472866
2264;14,623;0,343583996266049
2265;14,627;0,290551963445113
2266;14,632;0,301794134145457
2267;14,636;0,305476914202467
2268;14,640;0,326604441897942
2269;14,644;0,230619563780517
2270;14,648;0,287877102140548
2271;14,652;0,267757493197518
2272;14,656;0,263958414822918
2273;14,660;0,260120570342456
2274;14,664;0,284465684824581
2275;14,669;0,265082631892953
2276;14,673;0,255933830909224
2277;14,677;0,284737047565624
2278;14,681;0,290939624503745
2279;14,685;0,250118915029736
2280;14,689;0,256205193650267
2281;14,693;0,228177299111132
2282;14,697;0,243761273668161
2283;14,702;0,253917993404335
2284;14,706;0,246552433290316
2285;14,710;0,179564602358607
2286;14,714;0,256709153026489
2287;14,718;0,214182734894496
2288;14,722;0,228254831322858
2289;14,726;0,252483647487394
2290;14,730;0,212942219506872
2291;14,735;0,184216535062198
2292;14,739;0,19375299710456
2293;14,743;0,209647100508495
2294;14,747;0,210151059884717
2295;14,751;0,195691302397722
2296;14,755;0,184410365591515
2297;14,759;0,158282010239679
2298;14,763;0,200498299524766
2299;14,768;0,196350326197398
2300;14,772;0,222982640925455
2301;14,776;0,193132739410747
2302;14,780;0,178479151394436
2303;14,784;0,230813394309833
2304;14,788;0,18316985020389
2305;14,792;0,210810083684393
2306;14,796;0,16805106891722
2307;14,801;0,14258173736506
2308;14,805;0,163127773472586
2309;14,809;0,151304111184293
2310;14,813;0,152273263830874
2311;14,817;0,166073997518194
2312;14,821;0,164949780448159
2313;14,825;0,117887727930165
2314;14,829;0,14746626670383
2315;14,833;0,187860549013344
2316;14,838;0,164794716024706
2317;14,842;0,198559994231603
2318;14,846;0,150838917913934
2319;14,850;0,200963492795125
2320;14,854;0,176967273265769
2321;14,858;0,138007336873196
2322;14,862;0,156576301581696
2323;14,866;0,159677590050756
2324;14,871;0,109126588005069
2325;14,875;0,160879339332517
2326;14,879;0,13556507220381
2327;14,883;0,155490850617525
2328;14,887;0,143628422223368
2329;14,891;0,107808540405718
2330;14,895;0,129711390218459
2331;14,899;0,0953258543177495
2332;14,904;0,182665890827668
2333;14,908;0,114863971672831
2334;14,912;0,137968570767332
2335;14,916;0,141496286400889
2336;14,920;0,121803104622354
2337;14,924;0,151653006137062
2338;14,928;0,130176583488818
2339;14,932;0,133975661863417
2340;14,937;0,124322901503466
2341;14,941;0,104707251936658
2342;14,945;0,169214052093118
2343;14,949;0,127773084925296
2344;14,953;0,146846009010018
2345;14,957;0,156615067687559
2346;14,961;0,114282480084882
2347;14,965;0,137968570767332
2348;14,970;0,120485057023003
2349;14,974;0,116259551483908
2350;14,978;0,149171975361814
2351;14,982;0,137387079179384
2352;14,986;0,110522167816146
2353;14,990;0,136650523167982
2354;14,994;0,119981097646781
2355;14,998;0,124943159197278
2356;15,002;0,162740112413954
2357;15,007;0,128742237571877
2358;15,011;0,114902737778694
2359;15,015;0,104474655301478
2360;15,019;0,0986209733161263
2361;15,023;0,0937364439773559
2362;15,027;0,134169492392733
2363;15,031;0,0782687677379163
2364;15,035;0,12412907097415
2365;15,040;0,116220785378045
2366;15,044;0,11889564668261
2367;15,048;0,149210741467677
2368;15,052;0,108002370935035
2369;15,056;0,14448127655236
2370;15,060;0,125485884679364
2371;15,064;0,137503377496973
2372;15,068;0,163670498954672
2373;15,073;0,131804759935075
2374;15,077;0,116182019272182
2375;15,081;0,151924368878105
2376;15,085;0,126377505114219
2377;15,089;0,12199693515167
2378;15,093;0,103893163713529
2379;15,097;0,119322073847106
2380;15,101;0,119050711106063
2381;15,106;0,118391687306388
2382;15,110;0,174059815326025
2383;15,114;0,161770959767372
2384;15,118;0,164949780448159
2385;15,122;0,125640949102817
2386;15,126;0,129633858006732
2387;15,130;0,147156137856924
2388;15,134;0,179332005723428
2389;15,139;0,162236153037731
2390;15,143;0,171462486233187
2391;15,147;0,178711748029616
2392;15,151;0,151420409501883
2393;15,155;0,161305766497013
2394;15,159;0,14579932415171
2395;15,163;0,156460003264106
2396;15,167;0,143628422223368
2397;15,171;0,145062768140308
2398;15,176;0,143977317176137
2399;15,180;0,136883119803161
2400;15,184;0,159289928992124
2401;15,188;0,168128601128947
2402;15,192;0,121415443563722
2403;15,196;0,114863971672831
2404;15,200;0,133161573640289
2405;15,204;0,128160745983928
2406;15,209;0,152234497725011
2407;15,213;0,102962777172811
2408;15,217;0,103350438231444
2409;15,221;0,124981925303141
2410;15,225;0,112925666379668
2411;15,229;0,111801449309634
2412;15,233;0,0926122269073215
2413;15,237;0,118120324565345
2414;15,242;0,133510468593058
2415;15,246;0,114863971672831
2416;15,250;0,0713684008942565
2417;15,254;0,0763304624447535
2418;15,258;0,106606791123957
2419;15,262;0,104862316360111
2420;15,266;0,105133679101154
2421;15,270;0,108855225264026
2422;15,275;0,0907902199317484
2423;15,279;0,101954858420366
2424;15,283;0,120523823128867
2425;15,287;0,0796255814431303
2426;15,291;0,100598044715152
2427;15,295;0,118042792353618
2428;15,299;0,0998227225978873
2429;15,303;0,0665226376613494
2430;15,308;0,142659269576787
2431;15,312;0,0650495256385456
2432;15,316;0,114360012296609
2433;15,320;0,0771445506678819
2434;15,324;0,147039839539335
2435;15,328;0,10889399136989
2436;15,332;0,12757925439598
2437;15,336;0,116414615907361
2438;15,340;0,133006509216836
2439;15,345;0,104474655301478
2440;15,349;0,0861770533340208
2441;15,353;0,0822229105359686
2442;15,357;0,0816026528421564
2443;15,361;0,0916043081548768
2444;15,365;0,127385423866663
2445;15,369;0,0960236442232881
2446;15,373;0,0964888374936472
2447;15,378;0,105792702900829
2448;15,382;0,148784314303181
2449;15,386;0,0747798182102232
2450;15,390;0,107033218288453
2451;15,394;0,0867585449219696
2452;15,398;0,121221613034405
2453;15,402;0,0970315629757328
2454;15,406;0,112072812050677
2455;15,411;0,145489195304804
2456;15,415;0,216857596199061
2457;15,419;0,274192666770818
2458;15,423;0,337032524375158
2459;15,427;0,486514628583878
2460;15,431;0,640532367178599
2461;15,435;0,878168596120366
2462;15,439;1,31831896209179
2463;15,444;1,84767013765457
2464;15,448;2,46215168169306
2465;15,452;3,2984528834811
2466;15,456;4,47163154522086
2467;15,460;5,74048495623113
2468;15,464;7,36683939551236
2469;15,468;9,19489388360012
2470;15,472;11,1433171303933
2471;15,477;13,2972782704734
2472;15,481;15,2375994011412
2473;15,485;17,6366786285947
2474;15,489;19,7216361002383
2475;15,493;21,6638567700933
2476;15,497;23,255515544627
2477;15,501;25,0091391094573
2478;15,505;25,6225352025316
2479;15,509;26,1944127962264
2480;15,514;26,5364849143637
2481;15,518;26,8281998609847
2482;15,522;25,9632117408579
2483;15,526;25,3999789887706
2484;15,530;24,583681097608
2485;15,534;23,6277864592318
2486;15,538;22,1399820823059
2487;15,542;20,4731945946093
2488;15,547;19,2547371212212
2489;15,551;17,6662571673684
2490;15,555;16,362863156034
2491;15,559;14,9330528734794
2492;15,563;13,6129119044121
2493;15,567;12,569677229526
2494;15,571;11,2465512703071
2495;15,575;10,2773986237257
2496;15,580;9,27405427177289
2497;15,584;8,38231753860038
2498;15,588;7,77124741187786
2499;15,592;7,25658859043725
2500;15,596;6,50580541818355
2501;15,600;5,97377938131621
2502;15,604;5,447103067058
2503;15,608;5,01869883116314
2504;15,613;4,48186579716876
2505;15,617;4,25830166465535
2506;15,621;3,91146131549679
2507;15,625;3,71918143041503
2508;15,629;3,30783428110001
2509;15,633;3,17060226634408
2510;15,637;2,97696556755711
2511;15,641;2,77274572186947
2512;15,646;2,5693011982991
2513;15,650;2,36353070837693
2514;15,654;2,23889767802656
2515;15,658;2,14872771578862
2516;15,662;2,04650149462721
2517;15,666;1,88007860215625
2518;15,670;1,84139002850472
2519;15,674;1,63127773472586
2520;15,678;1,62468749672911
2521;15,683;1,55894018118503
2522;15,687;1,48737794976145
2523;15,691;1,38519049470591
2524;15,695;1,31924934863251
2525;15,699;1,23035866788806
2526;15,703;1,19256171467138
2527;15,707;1,1260778431159
2528;15,711;1,06463356532263
2529;15,716;1,08711790672332
2530;15,720;0,957910475881086
2531;15,724;0,9099955690341
2532;15,728;0,865065652338585
2533;15,732;0,845643833301093
2534;15,736;0,824787668346661
2535;15,740;0,811258297400384
2536;15,744;0,80288481853392
2537;15,749;0,769584733597382
2538;15,753;0,676778676160744
2539;15,757;0,718413473857883
2540;15,761;0,648052991716071
2541;15,765;0,586453649499355
2542;15,769;0,581142692996089
2543;15,773;0,569900522295744
2544;15,777;0,594284402883733
2545;15,782;0,481358736504065
2546;15,786;0,482521719679963
2547;15,790;0,51462005533474
2548;15,794;0,493725124274444
2549;15,798;0,483297041797228
2550;15,802;0,449066570319972
2551;15,806;0,488530466088767
2552;15,810;0,486863523536647
2553;15,815;0,423868601508854
2554;15,819;0,392816950712385
2555;15,823;0,457091154233666
2556;15,827;0,430613903929061
2557;15,831;0,418014919523503
2558;15,835;0,416735638030015
2559;15,839;0,38048932904787
2560;15,843;0,409370077915996
2561;15,847;0,423519706556085
2562;15,852;0,467247873969839
2563;15,856;0,420340885875298
2564;15,860;0,475001095142491
2565;15,864;0,439568874383474
2566;15,868;0,453253309753203
2567;15,872;0,498648419719078
2568;15,876;0,489577150947075
2569;15,880;0,500315362271198
2570;15,885;0,504734698339609
2571;15,889;0,522373276507391
2572;15,893;0,492562141098546
2573;15,897;0,477714722552919
2574;15,901;0,494888107450342
2575;15,905;0,428675598635898
2576;15,909;0,432009483740138
2577;15,913;0,408711054116321
2578;15,918;0,469496308109908
2579;15,922;0,386265478821495
2580;15,926;0,363936201844259
2581;15,930;0,376884081202587
2582;15,934;0,362889516985951
2583;15,938;0,339397256832817
2584;15,942;0,308074243295305
2585;15,946;0,318618624090111
2586;15,951;0,301367706980962
2587;15,955;0,324859967134095
2588;15,959;0,242326927751221
2589;15,963;0,235232730378245
2590;15,967;0,27481292446463
2591;15,971;0,224455752948259
2592;15,975;0,200226936783724
2593;15,979;0,190961837482405
2594;15,984;0,240582452987374
2595;15,988;0,246281070549273
2596;15,992;0,197203180526389
2597;15,996;0,193830529316286
2598;16,000;0,177083571583359
2599;16,004;0,15459923018267
2600;16,008;0,175881822301598
2601;16,012;0,175106500184333
2602;16,016;0,162003556402552
2603;16,021;0,175184032396059
2604;16,025;0,146342049633796
2605;16,029;0,162662580202227
2606;16,033;0,185728413190865
2607;16,037;0,149016910938361
2608;16,041;0,158165711922089
2609;16,045;0,166035231412331
2610;16,049;0,206041852663212
2611;16,054;0,193055207199021
2612;16,058;0,265857954010218
2613;16,062;0,286481522329471
2614;16,066;0,403904056989277
2615;16,070;0,523807622424331
2616;16,074;0,757761071309089
2617;16,078;1,05757813405552
2618;16,082;1,40430218489649
2619;16,087;2,01405426401967
2620;16,091;2,68424270218366
2621;16,095;3,75907175334833
2622;16,099;4,89914416068086
2623;16,103;6,35895940917353
2624;16,107;8,01655932978055
2625;16,111;9,98793211124477
2626;16,115;12,234854373185
2627;16,120;14,7631797975867
2628;16,124;17,2110267862162
2629;16,128;19,7445081026976
2630;16,132;22,2959768922996
2631;16,136;24,5849603791015
2632;16,140;26,235621166759
2633;16,144;28,2887516654888
2634;16,148;29,3155882775948
2635;16,153;30,0570288183354
2636;16,157;30,6648425921654
2637;16,161;30,6909321814114
2638;16,165;29,8245484814735
2639;16,169;29,2603465767396
2640;16,173;27,910510770581
2641;16,177;26,5686220161244
2642;16,181;24,7254875128558
2643;16,185;23,3048647973909
2644;16,190;21,8717206297321
2645;16,194;19,981679138369
2646;16,198;18,1098964828675
2647;16,202;16,3998847871334
2648;16,206;15,2162392768105
2649;16,210;13,6852494579529
2650;16,214;12,3606891528172
2651;16,218;11,4077019723807
2652;16,223;10,2551081128543
2653;16,227;9,22664332430212
2654;16,231;8,46686641548814
2655;16,235;7,621804073775
2656;16,239;7,02089066678865
2657;16,243;6,31589026555945
2658;16,247;5,8348416579023
2659;16,251;5,1712046916292
2660;16,256;4,87952851111405
2661;16,260;4,4889987606476
2662;16,264;4,25958094614884
2663;16,268;3,84253517927192
2664;16,272;3,5016648104163
2665;16,276;3,27178180264718
2666;16,280;3,05794796270546
2667;16,284;2,89613823683222
2668;16,289;2,61240910801904
2669;16,293;2,50812828324688
2670;16,297;2,42462609121742
2671;16,301;2,31697261523516
2672;16,305;2,17198737930658
2673;16,309;1,9761410124854
2674;16,313;1,88631994520023
2675;16,317;1,80351554307632
2676;16,322;1,68737228991
2677;16,326;1,63794550493434
2678;16,330;1,48761054639663
2679;16,334;1,46818872735914
2680;16,338;1,35216177251041
2681;16,342;1,3139771582351
2682;16,346;1,2571072809337
2683;16,350;1,17279100068112
2684;16,354;1,17046503432933
2685;16,359;1,07296827808323
2686;16,363;1,01582703804079
2687;16,367;1,00962446110267
2688;16,371;0,982255590363211
2689;16,375;0,947327328980417
2690;16,379;0,873749260051954
2691;16,383;0,874136921110587
2692;16,387;0,825059031087703
2693;16,392;0,793542187020875
2694;16,396;0,759776908813978
2695;16,400;0,723608132043559
2696;16,404;0,707365133686854
2697;16,408;0,696355559621689
2698;16,412;0,673638621585821
2699;16,416;0,636345627745367
2700;16,420;0,606495726230659
2701;16,425;0,566605403297367
2702;16,429;0,59222979927298
2703;16,433;0,567341959308769
2704;16,437;0,534778430383633
2705;16,441;0,513146943311936
2706;16,445;0,523768856318468
2707;16,449;0,538810105393412
2708;16,453;0,442670162852534
2709;16,458;0,500974386070873
2710;16,462;0,467558002816745
2711;16,466;0,439801471018653
2712;16,470;0,461743086937257
2713;16,474;0,407586837046286
2714;16,478;0,399097059862233
2715;16,482;0,369479754982705
2716;16,486;0,424372560885077
2717;16,491;0,358315116494086
2718;16,495;0,406811514929021
2719;16,499;0,371728189122773
2720;16,503;0,399329656497413
2721;16,507;0,367347619160225
2722;16,511;0,407935731999056
2723;16,515;0,342576077513604
2724;16,519;0,368161707383354
2725;16,523;0,350096702051076
2726;16,528;0,363393476362173
2727;16,532;0,335288049611312
2728;16,536;0,247948013101393
2729;16,540;0,301794134145457
2730;16,544;0,281868355731743
2731;16,548;0,278456938415777
2732;16,552;0,297646160818089
2733;16,556;0,271556571572117
2734;16,561;0,24124147678705
2735;16,565;0,242288161645358
2736;16,569;0,228448661852175
2737;16,573;0,275355649946716
2738;16,577;0,254034291721925
2739;16,581;0,258104732837567
2740;16,585;0,239303171493887
2741;16,589;0,15936746120385
2742;16,594;0,257174346296848
2743;16,598;0,211856768542701
2744;16,602;0,175959354513325
2745;16,606;0,180572521111052
2746;16,610;0,233061828449902
2747;16,614;0,187938081225071
2748;16,618;0,195226109127363
2749;16,622;0,2054215949694
2750;16,627;0,158437074663132
2751;16,631;0,162972709049133
2752;16,635;0,193249037728337
2753;16,639;0,187162759107806
2754;16,643;0,168128601128947
2755;16,647;0,134091960181007
2756;16,651;0,205809256028033
2757;16,655;0,147427500597967
2758;16,660;0,151769304454652
2759;16,664;0,126920230596304
2760;16,668;0,114980269990421
2761;16,672;0,138705126778734
2762;16,676;0,142271608518154
2763;16,680;0,173555855949803
2764;16,684;0,145954388575163
2765;16,688;0,130060285171228
2766;16,692;0,149869765267352
2767;16,697;0,131223268347126
2768;16,701;0,0970703290815961
2769;16,705;0,131727227723348
2770;16,709;0,135177411145178
2771;16,713;0,115019036096284
2772;16,717;0,0958298136939718
2773;16,721;0,119515904376422
2774;16,725;0,131262034452989
2775;16,730;0,150722619596344
2776;16,734;0,119128243317789
2777;16,738;0,15948375952144
2778;16,742;0,0931549523894071
2779;16,746;0,128819769783604
2780;16,750;0,0894334062265344
2781;16,754;0,0851303684757128
2782;16,758;0,140410835436718
2783;16,763;0,118081558459481
2784;16,767;0,0800132425017629
2785;16,771;0,0744696893633171
2786;16,775;0,0717172958470259
2787;16,779;0,098272078363357
2788;16,783;0,133626766910648
2789;16,787;0,110871062768916
2790;16,791;0,0974579901402286
2791;16,796;0,0852079006874394
2792;16,800;0,113817286814523
2793;16,804;0,0900536639203465
2794;16,808;0,108700160840573
2795;16,812;0,0840061514056784
2796;16,816;0,0766405912916595
2797;16,820;0,110677232239599
2798;16,824;0,162972709049133
2799;16,829;0,0824167410652848
2800;16,833;0,0573350705717574
2801;16,837;0,0919919692135094
2802;16,841;0,0954809187412025
2803;16,845;0,10544380794806
2804;16,849;0,108351265887804
2805;16,853;0,0960624103291514
2806;16,857;0,113972351237976
2807;16,861;0,101102004091375
2808;16,866;0,0909065182493382
2809;16,870;0,0620645354870748
2810;16,874;0,0713296347883933
2811;16,878;0,0707481432004444
2812;16,882;0,0664063393437596
2813;16,886;0,0631887525571093
2814;16,890;0,0917593725783298
2815;16,894;0,0735780689284622
2816;16,899;0,0756326725392148
2817;16,903;0,0784238321613693
2818;16,907;0,0771057845620186
2819;16,911;0,0604751251466813
2820;16,915;0,061638108322579
2821;16,919;0,0797031136548568
2822;16,923;0,0828819343356439
2823;16,927;0,0904413249789791
2824;16,932;0,0439995301547969
2825;16,936;0,0693913294952304
2826;16,940;0,076718123503386
2827;16,944;0,0770282523502921
2828;16,948;0,08319206318255
2829;16,952;0,0709419737297607
2830;16,956;0,0935426134480397
2831;16,960;0,0545439109496029
2832;16,965;0,0578002638421165
2833;16,969;0,0860995211222943
2834;16,973;0,0376418887932228
2835;16,977;0,0515201546922688
2836;16,981;0,0587694164886979
2837;16,985;0,0617544066401687
2838;16,989;0,0527219039740298
2839;16,993;0,097961949516451
2840;16,998;0,0674917903079308
2841;17,002;0,0746247537867701
2842;17,006;0,0805559679838485
2843;17,010;0,0688098379072816
2844;17,014;0,0610953828404934
2845;17,018;0,0555130635961843
2846;17,022;0,0533421616678419
2847;17,026;0,0607077217818608
2848;17,030;0,0831532970766867
2849;17,035;0,0749736487395394
2850;17,039;0,0979231834105877
2851;17,043;0,0726089162818808
2852;17,047;0,0903637927672526
2853;17,051;0,087262504298192
2854;17,055;0,0428365469788992
2855;17,059;0,0662125088144433
2856;17,063;0,0857118600636617
2857;17,068;0,0906739216141586
2858;17,072;0,0607852539935873
2859;17,076;0,10532750963047
2860;17,080;0,0852854328991659
2861;17,084;0,0477210763176696
2862;17,088;0,0782300016320531
2863;17,092;0,0301600303616141
2864;17,096;0,0344243020065724
2865;17,101;0,0686547734838285
2866;17,105;0,0476047780000799
2867;17,109;0,0488065272818408
2868;17,113;0,0590407792297407
2869;17,117;0,0602037624056385
2870;17,121;0,0365564378290516
2871;17,125;0,0480699712704389
2872;17,129;0,0780361711027368
2873;17,134;0,0659411460734005
2874;17,138;0,049736913822559
2875;17,142;0,060281294617365
2876;17,146;0,0854792634284822
2877;17,150;0,0469069880945412
2878;17,154;0,0633825830864255
2879;17,158;0,053807354938201
2880;17,162;0,0514038563746791
2881;17,167;0,106606791123957
2882;17,171;0,0828431682297807
2883;17,175;0,0716009975294361
2884;17,179;0,0763692285506167
2885;17,183;0,0823392088535583
2886;17,187;0,0881153586271836
2887;17,191;0,105560106265649
2888;17,195;0,0578002638421165
2889;17,199;0,0754776081157618
2890;17,204;0,074004496092958
2891;17,208;0,0753225436923088
2892;17,212;0,0802846052428057
2893;17,216;0,0677243869431104
2894;17,220;0,0671428953551615
2895;17,224;0,104009462031119
2896;17,228;0,0708256754121709
2897;17,232;0,0865259482867901
2898;17,237;0,0836960225587723
2899;17,241;0,0715234653177096
2900;17,245;0,0688486040131448
2901;17,249;0,0370991633111372
2902;17,253;0,0614055116873994
2903;17,257;0,0625684948632971
2904;17,261;0,0702054177183588
2905;17,265;0,0772996150913349
2906;17,270;0,0508611308925935
2907;17,274;0,0277952979039554
2908;17,278;0,0613279794756729
2909;17,282;0,0460928998714128
2910;17,286;0,0473334152590371
2911;17,290;0,0704380143535384
2912;17,294;0,0621808338046646
2913;17,298;0,0468294558828147
2914;17,303;0,0454338760717375
2915;17,307;0,0525668395505768
2916;17,311;0,0564046840310392
2917;17,315;0,0475660118942166
2918;17,319;0,088619318003406
2919;17,323;0,0627623253926134
2920;17,327;0,0333388510424012
2921;17,331;0,0522179445978075
2922;17,336;0,0379132515342656
2923;17,340;0,0517527513274484
2924;17,344;0,0410920722150526
2925;17,348;0,0599323996645957
2926;17,352;0,0437281674137541
2927;17,356;0,0547377414789192
2928;17,360;0,0236860906824502
2929;17,364;0,0476435441059431
2930;17,368;0,0467906897769515
2931;17,373;0,0368665666759576
2932;17,377;0,0390762347101633
2933;17,381;0,0515976869039954
2934;17,385;0,0356648173941966
2935;17,389;0,05772273163039
2936;17,393;0,0343855359007091
2937;17,397;0,0182200697557309
2938;17,401;0,0389211702867102
2939;17,406;0,0148861846514908
2940;17,410;0,0540787176792438
2941;17,414;0,0629173898160665
2942;17,418;0,031051650796469
2943;17,422;0,053652290514748
2944;17,426;0,0397740246157019
2945;17,430;0,0150024829690805
2946;17,434;0,0625297287574339
2947;17,439;0,0491166561287469
2948;17,443;0,0269424435749638
2949;17,447;0,0413634349560955
2950;17,451;0,0532258633502522
2951;17,455;0,0371766955228637
2952;17,459;0,0438444657313439
2953;17,463;0,0282604911743145
2954;17,467;0,0553967652785946
2955;17,472;0,0307027558436997
2956;17,476;0,07640799465648
2957;17,480;0,0883091891564999
2958;17,484;0,0961787086467411
2959;17,488;0,143046930635419
2960;17,492;0,29528142836043
2961;17,496;0,389483065608145
2962;17,500;0,621304378670423
2963;17,505;0,841030666703365
2964;17,509;1,2401277265656
2965;17,513;1,73458940685144
2966;17,517;2,38826348391769
2967;17,521;3,28054294257228
2968;17,525;4,48946395391796
2969;17,529;5,71330991602099
2970;17,533;7,40979224080885
2971;17,537;9,31658068990488
2972;17,542;11,2883411324277
2973;17,546;13,7117654743634
2974;17,550;15,5873084421336
2975;17,554;18,3216369530926
2976;17,558;20,4184956192362
2977;17,562;22,6780556316879
2978;17,566;24,4094274517527
2979;17,570;26,1032736813418
2980;17,575;27,2064407558925
2981;17,579;27,715749854724
2982;17,583;28,0757706798761
2983;17,587;28,2789438407054
2984;17,591;27,4001162207854
2985;17,595;26,6475110415561
2986;17,599;25,6350178886196
2987;17,603;24,3111166072835
2988;17,608;22,7898183148917
2989;17,612;21,6794407446504
2990;17,616;20,3543377140325
2991;17,620;18,61835272737
2992;17,624;17,1036834390808
2993;17,628;15,5702901216597
2994;17,632;14,1033031435823
2995;17,636;12,7799445877283
2996;17,641;11,7648541056989
2997;17,645;10,6674631809218
2998;17,649;9,7100954305228
2999;17,653;8,72140466658629
3000;17,657;7,90595962975268
3001;17,661;7,36269142218499
3002;17,665;6,55635642022924
3003;17,669;6,06949289669259
3004;17,674;5,61313829847033
3005;17,678;5,14073453242068
3006;17,682;4,84882575527035
3007;17,686;4,33974925307406
3008;17,690;4,02787593140415
3009;17,694;3,73375748621962
3010;17,698;3,41478996717674
3011;17,702;3,27003732788334
3012;17,706;2,99805432914672
3013;17,711;2,81810206572948
3014;17,715;2,67323312811849
3015;17,719;2,44544349006599
3016;17,723;2,33023062344039
3017;17,727;2,28929361564879
3018;17,731;2,02983206910601
3019;17,735;1,92504728495763
3020;17,739;1,86747961775069
3021;17,744;1,77692199445412
3022;17,748;1,63755784387571
3023;17,752;1,42767814673204
3024;17,756;1,49121579424192
3025;17,760;1,4841603629748
3026;17,764;1,35212300640455
3027;17,768;1,22380719599717
3028;17,772;1,24353914388156
3029;17,777;1,16600693215505
3030;17,781;1,1423208414726
3031;17,785;1,04590953619068
3032;17,789;1,01702878732255
3033;17,793;0,917477427465708
3034;17,797;0,94236526742992
3035;17,801;0,863088580939559
3036;17,805;0,803427544016006
3037;17,810;0,782144951897078
3038;17,814;0,741789435693427
3039;17,818;0,705271763970238
3040;17,822;0,722522681079388
3041;17,826;0,654914592453867
3042;17,830;0,656930429958757
3043;17,834;0,610411102922848
3044;17,838;0,562651260499315
3045;17,843;0,636035498898461
3046;17,847;0,532374931820111
3047;17,851;0,532762592878744
3048;17,855;0,502563796411267
3049;17,859;0,551990581386919
3050;17,863;0,48023451943403
3051;17,867;0,405028274059311
3052;17,871;0,443755613816705
3053;17,875;0,38382321415211
3054;17,880;0,392855716818249
3055;17,884;0,372387212922449
3056;17,888;0,396073303604899
3057;17,892;0,365448079972926
3058;17,896;0,349941637627623
3059;17,900;0,364633991749797
3060;17,904;0,361106276116241
3061;17,908;0,321215953182949
3062;17,913;0,316215125526589
3063;17,917;0,336063371728577
3064;17,921;0,290086770174754
3065;17,925;0,315672400044503
3066;17,929;0,285822498529795
3067;17,933;0,239380703705613
3068;17,937;0,230580797674654
3069;17,941;0,246978860454812
3070;17,946;0,253724162875018
3071;17,950;0,237752527259356
3072;17,954;0,253297735710523
3073;17,958;0,192590013928662
3074;17,962;0,240194791928742
3075;17,966;0,279852518226854
3076;17,970;0,219299860868446
3077;17,974;0,168089835023083
3078;17,979;0,196660455044304
3079;17,983;0,188364508389567
3080;17,987;0,222168552702327
3081;17,991;0,186232372567088
3082;17,995;0,176967273265769
3083;17,999;0,196156495668081
3084;18,003;0,175804290089871
3085;18,007;0,141069859236393
3086;18,012;0,177703829277171
3087;18,016;0,161770959767372
3088;18,020;0,136146563791759
3089;18,024;0,181115246593138
3090;18,028;0,141069859236393
3091;18,032;0,126726400066988
3092;18,036;0,092689759119048
3093;18,040;0,149404571996993
3094;18,044;0,107808540405718
3095;18,049;0,150412490749438
3096;18,053;0,101916092314503
3097;18,057;0,170919760751101
3098;18,061;0,146070686892753
3099;18,065;0,12889730199533
3100;18,069;0,150257426325985
3101;18,073;0,124516732032782
3102;18,077;0,127269125549073
3103;18,082;0,0931161862835438
3104;18,086;0,108351265887804
3105;18,090;0,14258173736506
3106;18,094;0,160065251109389
3107;18,098;0,127773084925296
3108;18,102;0,143589656117505
3109;18,106;0,129943986853638
3110;18,110;0,132928977005109
3111;18,115;0,136456692638665
3112;18,119;0,188170677860251
3113;18,123;0,175687991772282
3114;18,127;0,253685396769155
3115;18,131;0,401306727896439
3116;18,135;0,550595001575842
3117;18,139;0,748689802537087
3118;18,143;1,13103990466639
3119;18,148;1,60092387383493
3120;18,152;2,3729508721017
3121;18,156;3,39711262290309
3122;18,160;4,80447733016278
3123;18,164;6,69467388594934
3124;18,168;9,04800910848423
3125;18,172;12,169378420382
3126;18,176;15,597697758505
3127;18,181;20,3705031801775
3128;18,185;25,2448370331059
3129;18,189;31,1442242572705
3130;18,193;37,1766955228637
3131;18,197;44,2800029307176
3132;18,201;51,6837864251176
3133;18,205;59,2629865485489
3134;18,209;66,7227870659214
3135;18,213;74,2788438241523
3136;18,218;81,1992139784375
3137;18,222;87,0266900762258
3138;18,226;92,6033882351847
3139;18,230;95,3944703251275
3140;18,234;98,8712860616854
3141;18,238;100
3142;18,242;99,2004103004645
3143;18,246;97,5721563219959
3144;18,251;93,8611933060239
3145;18,255;89,3644800903095
3146;18,259;83,6597374836843
3147;18,263;77,8771137703798
3148;18,267;72,0513821473554
3149;18,271;65,8139544800632
3150;18,275;60,8560409028936
3151;18,279;54,6203577103652
3152;18,284;49,5755692899561
3153;18,288;44,8347846717267
3154;18,292;40,3476079180547
3155;18,296;36,2049843132953
3156;18,300;32,9285118118386
3157;18,304;29,7504276870629
3158;18,308;27,0473834235356
3159;18,312;24,3576747004252
3160;18,317;22,1131947031544
3161;18,321;20,6080618769075
3162;18,325;18,5054270609903
3163;18,329;16,9533484805431
3164;18,333;15,7371394412951
3165;18,337;14,3183774989116
3166;18,341;13,2476188888626
3167;18,345;12,133093345294
3168;18,350;11,468293395845
3169;18,354;10,7719766023291
3170;18,358;9,93086840341405
3171;18,362;9,32859818272249
3172;18,366;8,63220385699494
3173;18,370;8,12293352426933
3174;18,374;7,57881246237265
3175;18,378;7,19936981818309
3176;18,382;6,88443397414999
3177;18,387;6,39563214532018
3178;18,391;6,00564512033581
3179;18,395;5,68950752702094
3180;18,399;5,44861494518667
3181;18,403;5,21218046552666
3182;18,407;4,86092078029969
3183;18,411;4,57606743441647
3184;18,415;4,38056996254807
3185;18,420;4,23236713983283
3186;18,424;4,12475242995643
3187;18,428;3,90661555226388
3188;18,432;3,6861914743254
3189;18,436;3,48278571686089
3190;18,440;3,30682636234757
3191;18,444;3,23917950761618
3192;18,448;3,09434933611105
3193;18,453;2,89776641327848
3194;18,457;2,78522840795744
3195;18,461;2,68835190940516
3196;18,465;2,62477549578942
3197;18,469;2,43210794964903
3198;18,473;2,39434976253822
3199;18,477;2,23928533908519
3200;18,481;2,13841593162899
3201;18,486;2,19613866325938
3202;18,490;2,00781292097568
3203;18,494;1,87279057425396
3204;18,498;1,86492105476371
3205;18,502;1,90391975726215
3206;18,506;1,7142759673791
3207;18,510;1,77195993290362
3208;18,514;1,59875297190659
3209;18,519;1,59332571708573
3210;18,523;1,47450760261485
3211;18,527;1,42294868181672
3212;18,531;1,42337510898122
3213;18,535;1,3936415057841
3214;18,539;1,2784286391585
3215;18,543;1,29005847091747
3216;18,547;1,21260379140269
3217;18,551;1,19322073847106
3218;18,556;1,09076192067447
3219;18,560;1,1382116342511
3220;18,564;1,11173438394649
3221;18,568;1,07335593914187
3222;18,572;1,08979276802789
3223;18,576;1,00613551157498
3224;18,580;0,978650342517928
3225;18,584;0,965237269889241
3226;18,589;0,839324958045382
3227;18,593;0,963298964596079
3228;18,597;0,750046616242301
3229;18,601;0,83168803519032
3230;18,605;0,825640522675652
3231;18,609;0,810986934659341
3232;18,613;0,777764381934529
3233;18,617;0,744929490268351
3234;18,622;0,69934054977316
3235;18,626;0,731128756581031
3236;18,630;0,687245524743824
3237;18,634;0,664683651131408
3238;18,638;0,631654928935913
3239;18,642;0,639679512849607
3240;18,646;0,623746643339809
3241;18,650;0,614907971202986
3242;18,655;0,586104754546586
3243;18,659;0,579398218232242
3244;18,663;0,613318560862592
3245;18,667;0,517643811592074
3246;18,671;0,47011656580372
3247;18,675;0,558193158325041
3248;18,679;0,489189489888443
3249;18,683;0,536988098417839
3250;18,688;0,468255792722284
3251;18,692;0,485390411513844
3252;18,696;0,501943538717454
3253;18,700;0,462169514101752
3254;18,704;0,390529750466453
3255;18,708;0,432358378692908
3256;18,712;0,358819075870309
3257;18,716;0,40762560315215
3258;18,720;0,425535544060974
3259;18,725;0,390684814889906
3260;18,729;0,364013734055985
3261;18,733;0,400337575249857
3262;18,737;0,371418060275867
3263;18,741;0,344708213336083
3264;18,745;0,382350102129306
3265;18,749;0,37858978986057
3266;18,753;0,333155913788833
3267;18,758;0,327108401274164
3268;18,762;0,30408133439139
3269;18,766;0,286016329059112
3270;18,770;0,244769192420606
3271;18,774;0,275006754993947
3272;18,778;0,271091378301758
3273;18,782;0,276983826392973
3274;18,786;0,273533642971143
3275;18,791;0,285241006941847
3276;18,795;0,241319008998776
3277;18,799;0,232170208015047
3278;18,803;0,257523241249618
3279;18,807;0,241396541210503
3280;18,811;0,231045990945013
3281;18,815;0,279813752120991
3282;18,819;0,270471120607946
3283;18,824;0,230231902721885
3284;18,828;0,199916807936817
3285;18,832;0,204181079581776
3286;18,836;0,211662938013384
3287;18,840;0,230503265462927
3288;18,844;0,194877214174594
3289;18,848;0,23779129336522
3290;18,852;0,236356947448279
3291;18,857;0,248529504689342
3292;18,861;0,248103077524846
3293;18,865;0,238217720529716
3294;18,869;0,248296908054162
3295;18,873;0,280821670873435
3296;18,877;0,268726645844099
3297;18,881;0,298382716829491
3298;18,885;0,336993758269295
3299;18,890;0,325712821463087
3300;18,894;0,336567331104799
3301;18,898;0,379287579766109
3302;18,902;0,350872024168341
3303;18,906;0,357384729953368
3304;18,910;0,413324220714048
3305;18,914;0,392816950712385
3306;18,918;0,397507649521839
3307;18,922;0,416115380336203
3308;18,927;0,451702665518673
3309;18,931;0,390297153831274
3310;18,935;0,387738590844299
3311;18,939;0,418402580582135
3312;18,943;0,436855246973046
3313;18,947;0,360175889575523
3314;18,951;0,387002034832897
3315;18,955;0,377349274472946
3316;18,960;0,369402222770978
3317;18,964;0,365874507137422
3318;18,968;0,381225885059271
3319;18,972;0,331372672919123
3320;18,976;0,333970002011961
3321;18,980;0,323813282275788
3322;18,984;0,294234743502122
3323;18,988;0,305825809155236
3324;18,993;0,242210629433631
3325;18,997;0,282411081213829
3326;19,001;0,275200585523263
3327;19,005;0,265935486221945
3328;19,009;0,2361243508131
3329;19,013;0,210771317578529
3330;19,017;0,200692130054083
3331;19,021;0,196078963456355
3332;19,026;0,234961367637202
3333;19,030;0,177006039371632
3334;19,034;0,210693785366803
3335;19,038;0,196350326197398
3336;19,042;0,159212396780397
3337;19,046;0,178324086970983
3338;19,050;0,196311560091535
3339;19,054;0,149869765267352
3340;19,059;0,129440027477416
3341;19,063;0,176850974948179
3342;19,067;0,106723089441547
3343;19,071;0,137852272449743
3344;19,075;0,135526306097947
3345;19,079;0,113700988496933
3346;19,083;0,109475482957838
3347;19,087;0,110715998345463
3348;19,091;0,133665533016511
3349;19,096;0,112189110368266
3350;19,100;0,108971523581616
3351;19,104;0,141961479671248
3352;19,108;0,100598044715152
3353;19,112;0,126726400066988
3354;19,116;0,0966826680229635
3355;19,120;0,0995513598568445
3356;19,124;0,108041137040898
3357;19,129;0,112305408685856
3358;19,133;0,115019036096284
3359;19,137;0,1190119450002
3360;19,141;0,121919402939944
3361;19,145;0,126958996702167
3362;19,149;0,12757925439598
3363;19,153;0,136069031580033
3364;19,157;0,129750156324322
3365;19,162;0,126028610161449
3366;19,166;0,146186985210343
3367;19,170;0,146342049633796
3368;19,174;0,139092787837367
3369;19,178;0,139441682790136
3370;19,182;0,153940206382994
3371;19,186;0,124633030350372
3372;19,190;0,151226578972566
3373;19,195;0,180843883852095
3374;19,199;0,153242416477456
3375;19,203;0,14924950757354
3376;19,207;0,182588358615941
3377;19,211;0,183712575685976
3378;19,215;0,172509171091495
3379;19,219;0,154172803018174
3380;19,223;0,140449601542581
3381;19,228;0,117267470236353
3382;19,232;0,157467922016551
3383;19,236;0,137813506343879
3384;19,240;0,14269803568265
3385;19,244;0,109126588005069
3386;19,248;0,088464253579953
3387;19,252;0,140449601542581
3388;19,256;0,0995513598568445
3389;19,260;0,116918575283584
3390;19,265;0,0885805518975427
3391;19,269;0,124555498138645
3392;19,273;0,118585517835704
3393;19,277;0,115871890425276
3394;19,281;0,184177768956335
3395;19,285;0,0903250266613893
3396;19,289;0,118391687306388
3397;19,293;0,126842698384578
3398;19,298;0,167702173964451
3399;19,302;0,229999306086705
3400;19,306;0,256864217449942
3401;19,310;0,429218324117984
3402;19,314;0,596726667553118
3403;19,318;0,866344933832072
3404;19,322;1,20737036711115
3405;19,326;1,83061305107473
3406;19,331;2,38826348391769
3407;19,335;3,26546292739147
3408;19,339;4,45620263508728
3409;19,343;5,73087096197704
3410;19,347;7,32241343819307
3411;19,351;9,06146094721878
3412;19,355;11,3172218812959
3413;19,359;13,4967686512458
3414;19,364;15,7100419332967
3415;19,368;18,0767902284603
3416;19,372;20,3086712413256
3417;19,376;22,7397325061163
3418;19,380;24,4288105046843
3419;19,384;26,4736062906535
3420;19,388;27,8143320619343
3421;19,392;28,3557007303147
3422;19,397;28,8333766867617
3423;19,401;29,0215861307278
3424;19,405;28,5322028103101
3425;19,409;27,7232704792615
3426;19,413;27,1800022716938
3427;19,417;25,8352060592974
3428;19,421;24,2139687459901
3429;19,425;22,8750262155791
3430;19,429;20,8496910147532
3431;19,434;19,4630661741304
3432;19,438;18,1266434406004
3433;19,442;16,4231444506513
3434;19,446;15,066718406496
3435;19,450;13,8203493368864
3436;19,454;12,4724130699151
3437;19,458;11,4006077750077
3438;19,462;10,3213981538805
3439;19,467;9,43512744163472
3440;19,471;8,6898490564136
3441;19,475;7,85839361785846
3442;19,479;7,36649050055959
3443;19,483;6,56290789212013
3444;19,487;6,17966616955597
3445;19,491;5,50536852417047
3446;19,495;5,06351244954107
3447;19,500;4,64561382833516
3448;19,504;4,43185752060515
3449;19,508;4,17526466589625
3450;19,512;3,73011347226847
3451;19,516;3,49395035534951
3452;19,520;3,26166384901687
3453;19,524;3,03817724871519
3454;19,528;2,80802287820504
3455;19,533;2,66761204276832
3456;19,537;2,50886483925828
3457;19,541;2,40419635342749
3458;19,545;2,25591599850053
3459;19,549;2,15004576338797
3460;19,553;1,9901743428079
3461;19,557;1,92376800346414
3462;19,561;1,73683784099151
3463;19,566;1,6876824187569
3464;19,570;1,53475013112635
3465;19,574;1,54564340687393
3466;19,578;1,50664470437549
3467;19,582;1,37646812088667
3468;19,586;1,26551952590603
3469;19,590;1,28846906057708
3470;19,594;1,27994051728716
3471;19,598;1,04063734579328
3472;19,603;1,02501460513038
3473;19,607;1,05839222227865
3474;19,611;0,981945461516305
3475;19,615;0,956553662175872
3476;19,619;0,966632849700319
3477;19,623;0,932557442646516
3478;19,627;0,956321065540692
3479;19,631;0,838510869822254
3480;19,636;0,867120255949337
3481;19,640;0,853474586685471
3482;19,644;0,811762256776606
3483;19,648;0,81001778201276
3484;19,652;0,738688147224366
3485;19,656;0,790324600234225
3486;19,660;0,714110436107061
3487;19,664;0,750007850136437
3488;19,669;0,732911997450741
3489;19,673;0,74004496092958
3490;19,677;0,657628219864295
3491;19,681;0,688718636766628
3492;19,685;0,722251318338345
3493;19,689;0,611845448839789
3494;19,693;0,636655756592273
3495;19,697;0,606573258442386
3496;19,702;0,58544573074691
3497;19,706;0,524234049588827
3498;19,710;0,511945194030175
3499;19,714;0,50260256251713
3500;19,718;0,541484966697977
3501;19,722;0,461239127561034
3502;19,726;0,433521361868805
3503;19,730;0,415184993795485
3504;19,735;0,415184993795485
3505;19,739;0,390374686043
3506;19,743;0,388630211279154
3507;19,747;0,345328471029895
3508;19,751;0,353934546531538
3509;19,755;0,320789526018453
3510;19,759;0,295669089419063
3511;19,763;0,274347731194271
3512;19,767;0,289311448057489
3513;19,772;0,255313573215412
3514;19,776;0,283767894919043
3515;19,780;0,242133097221905
3516;19,784;0,274735392252904
3517;19,788;0,296560709853918
3518;19,792;0,256941749661669
3519;19,796;0,261671214576986
3520;19,800;0,218136877692548
3521;19,805;0,245505748432008
3522;19,809;0,217981813269095
3523;19,813;0,192434949505209
3524;19,817;0,197707139902612
3525;19,821;0,198366163702287
3526;19,825;0,150024829690805
3527;19,829;0,185534582661549
3528;19,833;0,178789280241342
3529;19,838;0,150296192431848
3530;19,842;0,158010647498636
3531;19,846;0,183673809580113
3532;19,850;0,177316168218538
3533;19,854;0,153397480900909
3534;19,858;0,199335316348869
3535;19,862;0,166345360259237
3536;19,866;0,170919760751101
3537;19,871;0,177122337689222
3538;19,875;0,148435419350412
3539;19,879;0,123508813280337
3540;19,883;0,138743892884598
3541;19,887;0,213795073835864
3542;19,891;0,140294537119128
3543;19,895;0,145954388575163
3544;19,899;0,15091645012566
3545;19,904;0,153630077536088
3546;19,908;0,149210741467677
3547;19,912;0,140720964283624
3548;19,916;0,118314155094661
3549;19,920;0,123586345492064
3550;19,924;0,156692599899286
3551;19,928;0,163437902319492
3552;19,932;0,123159918327568
3553;19,936;0,103893163713529
3554;19,941;0,121725572410628
3555;19,945;0,132928977005109
3556;19,949;0,131378332770579
3557;19,953;0,137154482544204
3558;19,957;0,128005681560475
3559;19,961;0,123431281068611
3560;19,965;0,0807110324073015
3561;19,969;0,0992799971158017
3562;19,974;0,112460473109309
3563;19,978;0,144985235928582
3564;19,982;0,0893558740148079
3565;19,986;0,107304581029496
3566;19,990;0,123508813280337
3567;19,994;0,129362495265689
3568;19,998;0,0833083615001398
3569;20,002;0,120097395964371
3570;20,007;0,0861382872281575
3571;20,011;0,100636810821016
3572;20,015;0,0893171079089446
3573;20,019;0,0573350705717574
3574;20,023;0,104203292560435
3575;20,027;0,104164526454572
3576;20,031;0,0752837775864455
3577;20,035;0,0632662847688358
3578;20,040;0,0630724542395195
3579;20,044;0,0693137972835039
3580;20,048;0,0817189511597462
3581;20,052;0,0991249326923487
3582;20,056;0,0741207944105478
3583;20,060;0,0784625982672326
3584;20,064;0,0788114932200019
3585;20,068;0,0956359831646555
3586;20,073;0,0965663697053737
3587;20,077;0,088619318003406
3588;20,081;0,0823392088535583
3589;20,085;0,0649719934268191
3590;20,089;0,0403167500977875
3591;20,093;0,0585755859593816
3592;20,097;0,0795092831255406
3593;20,101;0,0396964924039754
3594;20,105;0,0655534850147679
3595;20,110;0,0595835047118263
3596;20,114;0,0501633409870548
3597;20,118;0,0909840504610647
3598;20,122;0,0385722753339409
3599;20,126;0,0659023799675373
3600;20,130;0,0628010914984767
3601;20,134;0,0569086434072616
3602;20,138;0,0640028407802377
3603;20,143;0,0572963044658942
3604;20,147;0,0607464878877241
3605;20,151;0,0739657299870948
3606;20,155;0,0496206155049692
3607;20,159;0,0659411460734005
3608;20,163;0,0591570775473305
3609;20,167;0,0525280734447135
3610;20,171;0,0100016553127204
3611;20,176;0,0659023799675373
3612;20,180;0,0760978658095739
3613;20,184;0,0445422556368825
3614;20,188;0,0543888465261499
3615;20,192;0,0667552342965289
3616;20,196;0,0694300956010937
3617;20,200;0,0585368198535184
3618;20,204;0,0980782478340407
3619;20,209;0,0690036684365978
3620;20,213;0,0810986934659341
3621;20,217;0,137929804661469
3622;20,221;0,207980157956375
3623;20,225;0,326992102956575
3624;20,229;0,520163608473185
3625;20,233;0,763575987188577
3626;20,237;1,04835180086006
3627;20,242;1,53835537897164
3628;20,246;2,26975549829371
3629;20,250;3,01786380924285
3630;20,254;4,08598632409317
3631;20,258;5,46462534690819
3632;20,262;6,9824346897723
3633;20,266;8,93930894764366
3634;20,270;10,9527817200754
3635;20,274;13,2425792951004
3636;20,279;15,8316899734956
3637;20,283;18,6580104536681
3638;20,287;21,4407965969562
3639;20,291;23,8684076783251
3640;20,295;26,5733514810397
3641;20,299;29,0930320638338
3642;20,303;31,016800067298
3643;20,307;32,6526522025157
3644;20,312;33,2453859611649
3645;20,316;33,6766588888936
3646;20,320;33,5921487781117
3647;20,324;32,7496837654914
3648;20,328;31,759830018379
3649;20,332;30,3515736906845
3650;20,336;28,9362619317228
3651;20,340;26,9416294867406
3652;20,345;24,7918550860937
3653;20,349;22,8537048573543
3654;20,353;21,1748998768401
3655;20,357;19,0850191097519
3656;20,361;17,3421337562457
3657;20,365;15,8184319652904
3658;20,369;14,6259090167249
3659;20,373;13,2836713673154
3660;20,378;12,0021414396879
3661;20,382;10,8914925067056
3662;20,386;9,79708657207995
3663;20,390;8,92636106828533
3664;20,394;8,13421446107554
3665;20,398;7,39471222562804
3666;20,402;6,89447439556857
3667;20,406;6,38687100539508
3668;20,411;5,89547184747243
3669;20,415;5,29952050203658
3670;20,419;4,91918623741216
3671;20,423;4,51237472248314
3672;20,427;4,21120084603149
3673;20,431;3,89642006642185
3674;20,435;3,60986101188065
3675;20,439;3,32031696718798
3676;20,443;3,21956385804938
3677;20,448;2,92598813834693
3678;20,452;2,71075871859412
3679;20,456;2,66633276127483
3680;20,460;2,53844337803195
3681;20,464;2,36550777977596
3682;20,468;2,19513074450694
3683;20,472;1,99912931326231
3684;20,476;1,95784341051794
3685;20,481;1,8302253900161
3686;20,485;1,75498037853552
3687;20,489;1,71757108637747
3688;20,493;1,57591973555313
3689;20,497;1,51579350535922
3690;20,501;1,41182280943396
3691;20,505;1,37235891366517
3692;20,509;1,32785542413415
3693;20,514;1,25264917875943
3694;20,518;1,19984974257367
3695;20,522;1,17178308192868
3696;20,526;1,10840049884225
3697;20,530;1,04052104747569
3698;20,534;0,968726219416934
3699;20,538;0,93379795803414
3700;20,542;0,92879713037778
3701;20,547;0,959732482856659
3702;20,551;0,83335497774244
3703;20,555;0,843317866949297
3704;20,559;0,796023217796124
3705;20,563;0,709225906768291
3706;20,567;0,709652333932787
3707;20,571;0,710156293309009
3708;20,575;0,722173786126619
3709;20,580;0,717521853423028
3710;20,584;0,650650320808909
3711;20,588;0,581569120160585
3712;20,592;0,559743802559571
3713;20,596;0,501323281023642
3714;20,600;0,535359921971582
3715;20,604;0,473295386484507
3716;20,608;0,467751833346062
3717;20,612;0,482444187468236
3718;20,617;0,449337933061014
3719;20,621;0,489305788206033
3720;20,625;0,427435083248274
3721;20,629;0,439026148901388
3722;20,633;0,42596197122547
3723;20,637;0,358586479235129
3724;20,641;0,377465572790535
3725;20,645;0,353236756626
3726;20,650;0,356803238365419
3727;20,654;0,333853703694371
3728;20,658;0,327147167380028
3729;20,662;0,305709510837646
3730;20,666;0,33966861957386
3731;20,670;0,269773330702407
3732;20,674;0,296444411536328
3733;20,678;0,308461904353938
3734;20,683;0,299972127169884
3735;20,687;0,223060173137182
3736;20,691;0,237171035671408
3737;20,695;0,252134752534625
3738;20,699;0,25612766143854
3739;20,703;0,286055095164975
3740;20,707;0,228642492381491
3741;20,711;0,292335204314823
3742;20,716;0,201506218277211
3743;20,720;0,221160633949882
3744;20,724;0,198443695914014
3745;20,728;0,236395713554142
3746;20,732;0,200653363948219
3747;20,736;0,210344890414034
3748;20,740;0,195691302397722
3749;20,744;0,210383656519897
3750;20,749;0,183131084098027
3751;20,753;0,194218190374919
3752;20,757;0,141728883036068
3753;20,761;0,153126118159866
3754;20,765;0,205499127181127
3755;20,769;0,194063125951466
3756;20,773;0,162778878519817
3757;20,777;0,179215707405838
3758;20,781;0,202979330300015
3759;20,786;0,169756777575203
3760;20,790;0,166888085741322
3761;20,794;0,142116544094701
3762;20,798;0,145527961410668
3763;20,802;0,185650880979139
3764;20,806;0,17293559825599
3765;20,810;0,120485057023003
3766;20,814;0,126610101749398
3767;20,819;0,122772257268936
3768;20,823;0,140333303224991
3769;20,827;0,164678417707117
3770;20,831;0,131417098876442
3771;20,835;0,133161573640289
3772;20,839;0,137076950332478
3773;20,843;0,0931161862835438
3774;20,847;0,0973029257167756
3775;20,852;0,116530914224951
3776;20,856;0,102768946643495
3777;20,860;0,160297847744569
3778;20,864;0,121725572410628
3779;20,868;0,125020691409005
3780;20,872;0,0730353434463766
3781;20,876;0,0893946401206711
3782;20,880;0,0858281583812515
3783;20,885;0,11366222239107
3784;20,889;0,119670968799875
3785;20,893;0,0879990603095939
3786;20,897;0,084703941311217
3787;20,901;0,0971090951874593
3788;20,905;0,0705543126711281
3789;20,909;0,108157435358488
3790;20,913;0,109087821899206
3791;20,918;0,0755939064333516
3792;20,922;0,105909001218419
3793;20,926;0,0331837866189482
3794;20,930;0,0376418887932228
3795;20,934;0,0519465818567647
3796;20,938;0,08485900573467
3797;20,942;0,0630336881336562
3798;20,946;0,0766405912916595
3799;20,950;0,0749736487395394
3800;20,955;0,0457440049186435
3801;20,959;0,0604751251466813
3802;20,963;0,0683446446369225
3803;20,967;0,0846651752053538
3804;20,971;0,0471008186238575
3805;20,975;0,0372542277345902
3806;20,979;0,0755939064333516
3807;20,983;0,0419061604381811
3808;20,988;0,0869136093454227
3809;20,992;0,0931937184952703
3810;20,996;0,050783598680867
3811;21,000;0,0559782568665434
3812;21,004;0,0703217160359486
3813;21,008;0,0679182174724266
3814;21,012;0,0540011854675173
3815;21,016;0,0534196938795684
3816;21,021;0,0793929848079508
3817;21,025;0,0441158284723867
3818;21,029;0,0546989753730559
3819;21,033;0,0650107595326823
3820;21,037;0,0745859876809069
3821;21,041;0,0703604821418118
3822;21,045;0,0574901349952104
3823;21,049;0,0451625133306947
3824;21,054;0,06962392613041
3825;21,058;0,0308190541612895
3826;21,062;0,0857893922753882
3827;21,066;0,0375643565814962
3828;21,070;0,0648944612150926
3829;21,074;0,0297723693029815
3830;21,078;0,0808660968307545
3831;21,082;0,0489615917052939
3832;21,087;0,0636927119333316
3833;21,091;0,0503959376222344
3834;21,095;0,0438056996254806
3835;21,099;0,0248878399642111
3836;21,103;0,0453951099658742
3837;21,107;0,0246940094348948
3838;21,111;0,029384708244349
3839;21,115;0,0341917053713929
3840;21,119;0,0313617796433751
3841;21,124;0,0380683159577186
3842;21,128;0,0125214521938321
3843;21,132;0,0412471366385057
3844;21,136;0,0511712597394995
3845;21,140;0,0313230135375118
3846;21,144;0,0523730090212605
3847;21,148;0,00205460361075263
3848;21,152;0,0524117751271238
3849;21,157;0,0106606791123957
3850;21,161;0,0445034895310193
3851;21,165;0,0362463089821455
3852;21,169;0,0219416159186036
3853;21,173;0,0698952888714528
3854;21,177;0,0512875580570893
3855;21,181;0,00976905867754082
3856;21,185;0,0351996241238376
3857;21,190;0,0634988814040153
3858;21,194;0,0544276126320131
3859;21,198;0,0850916023698496
3860;21,202;0,0481862695880287
3861;21,206;0,013413072628687
3862;21,210;0,0010854509641712
3863;21,214;0,0349282613827947
3864;21,218;0,0630724542395195
3865;21,223;0,0434180385668481
3866;21,227;0,0219803820244668
3867;21,231;0,0571024739365779
3868;21,235;0,0502021070929181
3869;21,239;0,0177936425912351
3870;21,243;0,054854039796509
3871;21,247;0,0291521116091694
3872;21,251;0,0533809277737052
3873;21,256;0,0533421616678419
3874;21,260;0,0732291739756929
3875;21,264;0,125292054150047
3876;21,268;0,14924950757354
3877;21,272;0,188829701659926
3878;21,276;0,18150290765177
3879;21,280;0,196815519467757
3880;21,284;0,260469465295225
3881;21,288;0,30706632454286
3882;21,293;0,298886676205713
3883;21,297;0,365254249443609
3884;21,301;0,405881128388303
3885;21,305;0,471473379508934
3886;21,309;0,437436738560994
3887;21,313;0,460308741020316
3888;21,317;0,513146943311936
3889;21,321;0,549548316717534
3890;21,326;0,569241498496069
3891;21,330;0,503106521893352
3892;21,334;0,522101913766348
3893;21,338;0,459649717220641
3894;21,342;0,452516753741801
3895;21,346;0,520706333955271
3896;21,350;0,438871084477935
3897;21,354;0,482638017997552
3898;21,359;0,472675128790695
3899;21,363;0,39917459207396
3900;21,367;0,401345494002302
3901;21,371;0,405338402906217
3902;21,375;0,364556459538071
3903;21,379;0,384521004057648
3904;21,383;0,415029929372032
3905;21,387;0,474652200189721
3906;21,392;0,555130635961843
3907;21,396;0,665846634307306
3908;21,400;0,825330393828746
3909;21,404;1,10913705485365
3910;21,408;1,50904820293901
3911;21,412;2,0325844626223
3912;21,416;2,70273413468043
3913;21,420;3,66487011610061
3914;21,425;4,88309499285347
3915;21,429;6,36888353227453
3916;21,433;8,02462267980011
3917;21,437;9,90357706488632
3918;21,441;12,1394122205497
3919;21,445;14,5401196244495
3920;21,449;17,098798909742
3921;21,453;19,2911384946268
3922;21,457;22,4786815492331
3923;21,462;24,6676484829078
3924;21,466;26,7905967382974
3925;21,470;28,4101283429467
3926;21,474;30,0238062656106
3927;21,478;30,9737309236839
3928;21,482;31,4051201497302
3929;21,486;31,4226036634745
3930;21,490;31,1305398219008
3931;21,495;30,1139374617427
3932;21,499;29,0719820683501
3933;21,503;27,4209723857398
3934;21,507;25,7494941992338
3935;21,511;24,3827563709188
3936;21,515;22,0923773043058
3937;21,519;20,8431007767565
3938;21,523;19,2561714671382
3939;21,528;17,537941356961
3940;21,532;15,8274257018507
3941;21,536;14,5957877524691
3942;21,540;13,2615359208675
3943;21,544;12,1835668151279
3944;21,548;11,038222217398
3945;21,552;10,070077489569
3946;21,556;9,12170347573029
3947;21,561;8,29772989560675
3948;21,565;7,56160031136936
3949;21,569;6,93746600697092
3950;21,573;6,42385387038863
3951;21,577;5,98242422292372
3952;21,581;5,56285865916568
3953;21,585;5,10832606791899
3954;21,589;4,7242702571317
3955;21,594;4,36448202861481
3956;21,598;4,00283302701649
3957;21,602;3,70875334793782
3958;21,606;3,43580119655462
3959;21,610;3,24549838287189
3960;21,614;3,02829189172006
3961;21,618;2,81942011332883
3962;21,622;2,6314432659979
3963;21,626;2,55298066773067
3964;21,631;2,38000630336881
3965;21,635;2,31359996402505
3966;21,639;2,12197910274297
3967;21,643;1,98044405023622
3968;21,647;1,90504397433219
3969;21,651;1,8161920596936
3970;21,655;1,72920091813645
3971;21,659;1,53083475443416
3972;21,664;1,55533493333974
3973;21,668;1,49016910938361
3974;21,672;1,40585282913102
3975;21,676;1,30645653369763
3976;21,680;1,33514345203644
3977;21,684;1,19810526780983
3978;21,688;1,16670472206059
3979;21,692;1,07855059732754
3980;21,697;0,977875020400663
3981;21,701;0,988264336772016
3982;21,705;1,01594333635838
3983;21,709;0,915616654384272
3984;21,713;0,909956802928237
3985;21,717;0,834052767647979
3986;21,721;0,868050642490056
3987;21,725;0,837425418858082
3988;21,730;0,7352767299084
3989;21,734;0,756326725392148
3990;21,738;0,663055474685151
3991;21,742;0,658597372510877
3992;21,746;0,69457231875198
3993;21,750;0,590834219461903
3994;21,754;0,599672891598726
3995;21,758;0,569629159554702
3996;21,763;0,565287355698017
3997;21,767;0,602231454585701
3998;21,771;0,548113970800594
3999;21,775;0,534274471007411
4000;21,779;0,496748880531778
4001;21,783;0,446895668391629
4002;21,787;0,451198706142451
4003;21,791;0,438522189525166
4004;21,795;0,463061134536607
4005;21,800;0,422085360639145
4006;21,804;0,360757381163472
4007;21,808;0,41572771927757
4008;21,812;0,374829477591834
4009;21,816;0,361920364339369
4010;21,820;0,329666964261139
4011;21,824;0,327806191179703
4012;21,828;0,31920011567806
4013;21,833;0,340560240008715
4014;21,837;0,336993758269295
4015;21,841;0,291753712726874
4016;21,845;0,311446894505408
4017;21,849;0,345289704924032
4018;21,853;0,257988434519977
4019;21,857;0,296483177642191
4020;21,861;0,226122695500379
4021;21,866;0,266206848962987
4022;21,870;0,248374440265889
4023;21,874;0,227169380358687
4024;21,878;0,237985123894536
4025;21,882;0,223719196936857
4026;21,886;0,189992684835824
4027;21,890;0,177471232641992
4028;21,894;0,203056862511741
4029;21,899;0,217904281057369
4030;21,903;0,212360727918923
4031;21,907;0,204181079581776
4032;21,911;0,16995060810452
4033;21,915;0,185961009826045
4034;21,919;0,159173630674534
4035;21,923;0,208445351226734
4036;21,927;0,217284023363557
4037;21,932;0,172625469409084
4038;21,936;0,166190295835784
4039;21,940;0,130603010653314
4040;21,944;0,151497941713609
4041;21,948;0,126842698384578
4042;21,952;0,14258173736506
4043;21,956;0,174873903549153
4044;21,960;0,129517559689142
4045;21,964;0,132967743110972
4046;21,969;0,134479621239639
4047;21,973;0,131804759935075
4048;21,977;0,119322073847106
4049;21,981;0,215965975764206
4050;21,985;0,165725102565425
4051;21,989;0,125602182996953
4052;21,993;0,168942689352075
4053;21,997;0,125408352467637
4054;22,002;0,149637168632173
4055;22,006;0,11556176157837
4056;22,010;0,100791875244469
4057;22,014;0,106955686076727
4058;22,018;0,0942791694594416
4059;22,022;0,0774159134089247
4060;22,026;0,0947831288356639
4061;22,030;0,0868360771336962
4062;22,035;0,0958298136939718
4063;22,039;0,0683446446369225
4064;22,043;0,131921058252664
4065;22,047;0,0431466758258053
4066;22,051;0,0532258633502522
4067;22,055;0,0479924390587124
4068;22,059;0,14913320925595
4069;22,063;0,100714343032742
4070;22,068;0,0630336881336562
4071;22,072;0,0744309232574538
4072;22,076;0,0711745703649403
4073;22,080;0,0493104866580632
4074;22,084;0,0347344308534785
4075;22,088;0,0493104866580632
4076;22,092;0,0584980537476551
4077;22,096;0,0571412400424411
4078;22,101;0,0768731879268391
4079;22,105;0,0622583660163911
4080;22,109;0,079276686490361
4081;22,113;0,0841999819349947
4082;22,117;0,0795092831255406
4083;22,121;0,0834634259235928
4084;22,125;0,0414797332736852
4085;22,129;0,0959461120115616
4086;22,133;0,0507060664691404
4087;22,138;0,0328348916661789
4088;22,142;0,0691974989659141
4089;22,146;0,0257019281873395
4090;22,150;0,0598161013470059
4091;22,154;0,0281441928567247
4092;22,158;0,048535164540798
4093;22,162;0,0418673943323178
4094;22,166;0,0174447476384657
4095;22,171;0,0204685038957998
4096;22,175;0,0426814825554462
4097;22,179;0,0138007336873196
4098;22,183;0,0378744854284023
4099;22,187;0,0330674883013584
4100;22,191;0,0463254965065924
4101;22,195;0,0716397636352993
4102;22,199;0,023065832988638
4103;22,204;0,0620257693812115
4104;22,208;0,0148474185456275
4105;22,212;0,0582654571124756
4106;22,216;0,0343855359007091
4107;22,220;0,038727339757394
4108;22,224;0,0441933606841132
4109;22,228;0
4110;22,232;0,0248878399642111
4111;22,237;0,0422938214968136
4112;22,241;0,0197707139902612
4113;22,245;0,0671041292492982
4114;22,249;0,0493880188697897
4115;22,253;0,0358586479235129
4116;22,257;0,0061638108322579
4117;22,261;0,0396964924039754
4118;22,265;0,0347344308534785
4119;22,270;0,0624521965457074
4120;22,274;0,0617156405343055
4121;22,278;0,0881153586271836
4122;22,282;0,115019036096284
4123;22,286;0,155800979464431
4124;22,290;0,32920177099078
4125;22,294;0,44487983088674
4126;22,298;0,662900410261698
4127;22,302;0,922749617863111
4128;22,307;1,41480779958544
4129;22,311;1,97602471416781
4130;22,315;2,99933361064021
4131;22,319;4,06540152187978
4132;22,323;5,58332716306148
4133;22,327;7,46073090391317
4134;22,331;9,97292962827569
4135;22,335;12,8303792914564
4136;22,340;16,2923476094687
4137;22,344;19,7513697034354
4138;22,348;24,4584278095638
4139;22,352;28,7696452087225
4140;22,356;33,6641374366998
4141;22,360;39,4205164963349
4142;22,364;45,0339649236521
4143;22,368;50,5551887851206
4144;22,373;55,7822942014047
4145;22,377;61,1352343973208
4146;22,381;65,7671637902862
4147;22,385;69,2531670939338
4148;22,389;71,9614447817526
4149;22,393;73,5905516145502
4150;22,397;74,3864973001346
4151;22,401;73,318723680237
4152;22,406;71,8261510722899
4153;22,410;68,3006063406618
4154;22,414;65,2542494436095
4155;22,418;61,4323765987627
4156;22,422;57,3611213948975
4157;22,426;52,8766970347418
4158;22,430;49,0493194028624
4159;22,434;44,3484638736721
4160;22,439;40,7138700862507
4161;22,443;37,0298107477478
4162;22,447;33,6456847703089
4163;22,451;30,1898802631288
4164;22,455;27,3568920127478
4165;22,459;24,5721675641666
4166;22,463;22,6728222073963
4167;22,467;20,41911587693
4168;22,471;18,6804172628571
4169;22,476;17,0658089536524
4170;22,480;15,7748976284059
4171;22,484;14,3798993089166
4172;22,488;13,1108133012712
4173;22,492;12,114097953421
4174;22,496;11,1897589252175
4175;22,500;10,284958014369
4176;22,504;9,68102085112536
4177;22,509;9,12670430338665
4178;22,513;8,51447119348822
4179;22,517;7,8750242772738
4180;22,521;7,38370265156288
4181;22,525;6,88648857776074
4182;22,529;6,34794983510837
4183;22,533;5,97664807315009
4184;22,537;5,7810343029641
4185;22,542;5,44791715528113
4186;22,546;5,03850831125927
4187;22,550;4,86603790627364
4188;22,554;4,62661843646216
4189;22,558;4,29757172989483
4190;22,562;4,09994212220395
4191;22,566;3,80772321620671
4192;22,570;3,86238342547391
4193;22,575;3,59354048131222
4194;22,579;3,28911025196806
4195;22,583;3,14831175547271
4196;22,587;3,06225100045628
4197;22,591;2,94917026965316
4198;22,595;2,79821505342163
4199;22,599;2,65501305836276
4200;22,603;2,50432920487228
4201;22,608;2,45742221677774
4202;22,612;2,25242704897283
4203;22,616;2,12364604529509
4204;22,620;2,06762902232269
4205;22,624;2,07290121272009
4206;22,628;2,01506218277211
4207;22,632;1,88996395915138
4208;22,636;1,81448635103562
4209;22,640;1,79793322383201
4210;22,645;1,67318389516404
4211;22,649;1,56037452710197
4212;22,653;1,64546612947182
4213;22,657;1,55665298093909
4214;22,661;1,48947131947807
4215;22,665;1,42058394935906
4216;22,669;1,41504039622061
4217;22,673;1,3239012813361
4218;22,678;1,25962707781482
4219;22,682;1,15201236793841
4220;22,686;1,14069266502634
4221;22,690;1,19682598631634
4222;22,694;1,15197360183255
4223;22,698;1,11344009260447
4224;22,702;0,986597394219896
4225;22,706;0,947947586674229
4226;22,711;0,946513240757288
4227;22,715;0,918950539488512
4228;22,719;0,84870635566429
4229;22,723;0,895031852170883
4230;22,727;0,771833167737451
4231;22,731;0,844907277289691
4232;22,735;0,805133252673989
4233;22,739;0,777221656452444
4234;22,744;0,720506843574499
4235;22,748;0,731051224369305
4236;22,752;0,721127101268311
4237;22,756;0,669529414364315
4238;22,760;0,642858333530394
4239;22,764;0,618241856307226
4240;22,768;0,639601980637881
4241;22,772;0,603859631031958
4242;22,777;0,569667925660565
4243;22,781;0,573854665093797
4244;22,785;0,532529996243564
4245;22,789;0,477598424235329
4246;22,793;0,543694634732182
4247;22,797;0,444375871510517
4248;22,801;0,540438281839669
4249;22,805;0,510472082007371
4250;22,809;0,505897681515507
4251;22,814;0,435537199373695
4252;22,818;0,481126139868885
4253;22,822;0,448717675367202
4254;22,826;0,388630211279154
4255;22,830;0,384559770163512
4256;22,834;0,412548898596783
4257;22,838;0,340172578950082
4258;22,842;0,372387212922449
4259;22,847;0,394949086534864
4260;22,851;0,368045409065764
4261;22,855;0,358547713129266
4262;22,859;0,323076726264386
4263;22,863;0,252638711910847
4264;22,867;0,295862919948379
4265;22,871;0,354089610954991
4266;22,875;0,335559412352354
4267;22,880;0,306523599060775
4268;22,884;0,249808786182829
4269;22,888;0,270316056184493
4270;22,892;0,238915510435254
4271;22,896;0,237597462835903
4272;22,900;0,257058047979259
4273;22,904;0,263687052081876
4274;22,908;0,243257314291939
4275;22,913;0,265664123480902
4276;22,917;0,22577380054761
4277;22,921;0,246629965502042
4278;22,925;0,254073057827788
4279;22,929;0,218330708221865
4280;22,933;0,233527021720261
4281;22,937;0,232906764026449
4282;22,941;0,204917635593178
4283;22,946;0,291133455033062
4284;22,950;0,294157211290396
4285;22,954;0,389638130031598
4286;22,958;0,463526327806967
4287;22,962;0,664877481660724
4288;22,966;0,880029369201802
4289;22,970;1,24256999123498
4290;22,974;1,682836655524
4291;22,978;2,33674332922542
4292;22,983;3,01852283304252
4293;22,987;4,02865125352142
4294;22,991;5,33355714298452
4295;22,995;7,04868596469261
4296;22,999;8,89623980402958
4297;23,003;10,5408143130665
4298;23,007;13,1812513156247
4299;23,011;15,6504584285849
4300;23,016;17,9001330840414
4301;23,020;20,44179404886
4302;23,024;23,4376387099725
4303;23,028;26,251205141316
4304;23,032;28,2710743212152
4305;23,036;29,9741081178939
4306;23,040;31,6003074927517
4307;23,044;32,602954054799
4308;23,049;33,2709328249288
4309;23,053;33,7524078597504
4310;23,057;33,2198003312951
4311;23,061;32,4414544577727
4312;23,065;31,1309274829594
4313;23,069;29,570669254175
4314;23,073;28,0109149847669
4315;23,077;26,5072552705428
4316;23,082;24,7139739794144
4317;23,086;22,7998199702044
4318;23,090;20,9197413680481
4319;23,094;19,3549475048777
4320;23,098;17,5920200746403
4321;23,102;15,842932144196
4322;23,106;14,6682803704334
4323;23,110;13,2827022146689
4324;23,115;12,2668751766281
4325;23,119;11,1047060889535
4326;23,123;10,2165358375204
4327;23,127;9,28990960907096
4328;23,131;8,48299311552726
4329;23,135;7,92898669663545
4330;23,139;7,2344919100952
4331;23,143;6,74382930818395
4332;23,147;6,01719741988306
4333;23,152;5,82735979947069
4334;23,156;5,32064802973205
4335;23,160;4,95764221442851
4336;23,164;4,60487065107287
4337;23,168;4,33998184970924
4338;23,172;4,07005345458338
4339;23,176;3,75573786824409
4340;23,180;3,61757546694744
4341;23,185;3,2651140324387
4342;23,189;3,0218179520409
4343;23,193;2,81550473663664
4344;23,197;2,74991248551601
4345;23,201;2,59647623850924
4346;23,205;2,49250554258399
4347;23,209;2,36027435548442
4348;23,213;2,1796630682675
4349;23,218;2,06158150980802
4350;23,222;2,05712340763374
4351;23,226;1,87887685287449
4352;23,230;1,85038376506499
4353;23,234;1,78851306010723
4354;23,238;1,6884189747683
4355;23,242;1,57630739661176
4356;23,246;1,46028044176304
4357;23,251;1,49563513031033
4358;23,255;1,39534721444208
4359;23,259;1,39492078727758
4360;23,263;1,42368523782812
4361;23,267;1,44574315206431
4362;23,271;1,46803366293569
4363;23,275;1,63371999939525
4364;23,279;1,93892555085667
4365;23,284;2,19563470388316
4366;23,288;2,65706766197351
4367;23,292;3,3981593077614
4368;23,296;4,28380976231337
4369;23,300;5,58836675682371
4370;23,304;7,00503532949058
4371;23,308;9,16861046382483
4372;23,312;11,5006630942408
4373;23,316;14,3161290647716
4374;23,321;17,9231213848183
4375;23,325;21,6987462653703
4376;23,329;25,9465810814425
4377;23,333;30,913023201902
4378;23,337;35,824611282565
4379;23,341;41,1531288317873
4380;23,345;45,9802843338801
4381;23,349;50,8033693948572
4382;23,354;55,7564759748997
4383;23,358;60,5445940083882
4384;23,362;63,3074543732626
4385;23,366;65,9772373179592
4386;23,370;68,2837043185054
4387;23,374;69,0603057172641
4388;23,378;68,6576421756624
4389;23,382;67,6770922939572
4390;23,387;65,5780239597794
4391;23,391;63,378202516463
4392;23,395;59,8459512485206
4393;23,399;55,7875663918021
4394;23,403;52,1264178218643
4395;23,407;48,3499013208775
4396;23,411;44,3634663566412
4397;23,415;40,9286343127332
4398;23,420;36,8385000153126
4399;23,424;33,9459282602198
4400;23,428;30,9991614891302
4401;23,432;28,2984044258488
4402;23,436;25,4428155357495
4403;23,440;23,111770824086
4404;23,444;21,1375293507879
4405;23,448;19,2714840789542
4406;23,453;17,9120342785414
4407;23,457;16,3912787116317
4408;23,461;14,9070408164452
4409;23,465;14,1070246897452
4410;23,469;12,7886281954416
4411;23,473;11,8395563916974
4412;23,477;11,0307403589664
4413;23,481;10,3783843294995
4414;23,485;9,53584178466746
4415;23,490;8,93023767887166
4416;23,494;8,39607950618184
4417;23,498;7,72232458627843
4418;23,502;7,5032185559393
4419;23,506;7,06054839308676
4420;23,510;6,51898589417706
4421;23,514;6,20370115519119
4422;23,518;5,91815001940244
4423;23,523;5,58239677652077
4424;23,527;5,19663525707549
4425;23,531;4,90740134122973
4426;23,535;4,70763959771637
4427;23,539;4,47698126782999
4428;23,543;4,32897227564407
4429;23,547;4,12727222683754
4430;23,551;3,81059190804059
4431;23,556;3,69002931880586
4432;23,560;3,47793995362798
4433;23,564;3,30717525730034
4434;23,568;3,27596854208041
4435;23,572;3,0051485265197
4436;23,576;2,97921400169718
4437;23,580;2,81868355731743
4438;23,584;2,68870080435793
4439;23,589;2,61454124384152
4440;23,593;2,52274310515733
4441;23,597;2,43416255325978
4442;23,601;2,19703028369424
4443;23,605;2,13632256191238
4444;23,609;2,14752596650686
4445;23,613;2,14601408837819
4446;23,617;1,96722480813685
4447;23,622;1,96237904490394
4448;23,626;1,82991526116919
4449;23,630;1,75385616146548
4450;23,634;1,71520635391982
4451;23,638;1,65442109992623
4452;23,642;1,62170250657764
4453;23,646;1,57483428458896
4454;23,650;1,48939378726634
4455;23,654;1,50354341590643
4456;23,659;1,43516000516365
4457;23,663;1,37852272449743
4458;23,667;1,29281086443376
4459;23,671;1,18318031705247
4460;23,675;1,26544199369431
4461;23,679;1,19073970769581
4462;23,683;1,10200409137481
4463;23,687;1,06451726700504
4464;23,692;1,08599368965329
4465;23,696;1,05350769293988
4466;23,700;1,03218633471509
4467;23,704;1,00536018945771
4468;23,708;0,939070148431543
4469;23,712;0,909491609657878
4470;23,716;0,880455796366298
4471;23,720;0,895419513229515
4472;23,725;0,85750626169525
4473;23,729;0,799822296170723
4474;23,733;0,759156651120166
4475;23,737;0,713063751248753
4476;23,741;0,758420095108764
4477;23,745;0,754117057357943
4478;23,749;0,731283821004484
4479;23,753;0,715661080341591
4480;23,758;0,685307219450661
4481;23,762;0,618978412318628
4482;23,766;0,58567832738209
4483;23,770;0,692905376199859
4484;23,774;0,575095180481421
4485;23,778;0,575017648269694
4486;23,782;0,519582116885236
4487;23,786;0,602968010597103
4488;23,791;0,521132761119767
4489;23,795;0,536716735676796
4490;23,799;0,555246934279433
4491;23,803;0,520241140684912
4492;23,807;0,523575025789152
4493;23,811;0,484498791078989
4494;23,815;0,45689732370435
4495;23,819;0,47000026748613
4496;23,824;0,439801471018653
4497;23,828;0,52628865319958
4498;23,832;0,46689897901707
4499;23,836;0,427706445989317
4500;23,840;0,45643213043399
4501;23,844;0,473062789849328
4502;23,848;0,441119518618004
4503;23,852;0,396460964663532
4504;23,856;0,44821371599098
4505;23,861;0,362152960974549
4506;23,865;0,391964096383394
4507;23,869;0,364633991749797
4508;23,873;0,367580215795405
4509;23,877;0,377581871108125
4510;23,881;0,360796147269335
4511;23,885;0,393049547347565
4512;23,889;0,306717429590091
4513;23,894;0,304624059873475
4514;23,898;0,294428574031439
4515;23,902;0,2937307841259
4516;23,906;0,300786215393013
4517;23,910;0,322146339723667
4518;23,914;0,33110131017808
4519;23,918;0,339823683997313
4520;23,922;0,260895892459721
4521;23,927;0,242947185445033
4522;23,931;0,24422646693852
4523;23,935;0,283147637225231
4524;23,939;0,232829231814723
4525;23,943;0,19852122812574
4526;23,947;0,200808428371672
4527;23,951;0,252406115275668
4528;23,955;0,266749574445073
4529;23,960;0,225231075065524
4530;23,964;0,22600639718279
4531;23,968;0,223447834195815
4532;23,972;0,188480806707157
4533;23,976;0,206313215404255
4534;23,980;0,210267358202307
4535;23,984;0,186658799731583
4536;23,988;0,148745548197318
4537;23,993;0,218447006539454
4538;23,997;0,161887258084962
4539;24,001;0,193481634363517
4540;24,005;0,159328695097987
4541;24,009;0,183092317992164
4542;24,013;0,130409180123997
4543;24,017;0,191194434117585
4544;24,021;0,180146093946556
4545;24,025;0,162274919143595
4546;24,030;0,206584578145298
4547;24,034;0,193481634363517
4548;24,038;0,176579612207137
4549;24,042;0,176657144418863
4550;24,046;0,144287446023043
4551;24,050;0,126455037325945
4552;24,054;0,148745548197318
4553;24,058;0,127695552713569
4554;24,063;0,174757605231564
4555;24,067;0,178750514135479
4556;24,071;0,159871420580073
4557;24,075;0,118740582259157
4558;24,079;0,136611757062118
4559;24,083;0,170725930221785
4560;24,087;0,154521697970943
4561;24,091;0,152893521524686
4562;24,096;0,156498769369969
4563;24,100;0,126144908479039
4564;24,104;0,126377505114219
4565;24,108;0,138666360672871
4566;24,112;0,139945642166359
4567;24,116;0,13413072628687
4568;24,120;0,192745078352115
4569;24,124;0,169485414834161
4570;24,129;0,183053551886301
4571;24,133;0,269153073008595
4572;24,137;0,375643565814962
4573;24,141;0,448717675367202
4574;24,145;0,710078761097282
4575;24,149;0,899606252662747
4576;24,153;1,24303518450534
4577;24,157;1,7392801056609
4578;24,162;2,40749147242586
4579;24,166;3,18634130532456
4580;24,170;4,39088174670769
4581;24,174;5,70792142730599
4582;24,178;7,09753125808031
4583;24,182;9,03393701205587
4584;24,186;11,0053873257318
4585;24,190;13,3640722708758
4586;24,194;15,6972491183618
4587;24,199;18,2458879822358
4588;24,203;20,2436992478988
4589;24,207;22,7118984421065
4590;24,211;24,6564450783134
4591;24,215;26,4072774835215
4592;24,219;27,6920637640416
4593;24,223;28,9116454544996
4594;24,227;29,2675183063243
4595;24,232;29,7769824695793
4596;24,236;28,7567748615759
4597;24,240;27,7580436762208
4598;24,244;27,208301528974
4599;24,248;25,9627853136934
4600;24,252;24,4609088403391
4601;24,256;23,0947912697179
4602;24,260;21,2845304242214
4603;24,265;19,8347168310414
4604;24,269;18,0832641681395
4605;24,273;16,8092936311552
4606;24,277;15,3835150236105
4607;24,281;14,0213903618932
4608;24,285;12,8787981576796
4609;24,289;11,8332375164417
4610;24,293;10,5536846602131
4611;24,298;9,80918159710929
4612;24,302;8,97249273426261
4613;24,306;8,3006373535465
4614;24,310;7,66979651283371
4615;24,314;7,21600047759842
4616;24,318;6,80573877924757
4617;24,322;6,5033243874083
4618;24,326;6,20455400952018
4619;24,331;6,15357658031
4620;24,335;6,19024931645664
4621;24,339;6,4233499110124
4622;24,343;6,93924924784063
4623;24,347;7,79473967203099
4624;24,351;9,05952264192562
4625;24,355;10,6056312420699
4626;24,359;12,494819879104
4627;24,363;14,5622550708974
4628;24,368;17,7513875358441
4629;24,372;20,9514908087501
4630;24,376;24,7152532609079
4631;24,380;28,96936818613
4632;24,384;33,8182327075062
4633;24,388;39,0245982571534
4634;24,392;44,2784522864831
4635;24,396;50,3165446374264
4636;24,401;55,5331444390215
4637;24,405;60,0041944926544
4638;24,409;64,6349996685498
4639;24,413;68,8380983984559
4640;24,417;71,9872242421517
4641;24,421;74,939185671427
4642;24,425;75,3889500316525
4643;24,429;75,3188609122518
4644;24,434;74,0142651516356
4645;24,438;72,351431806737
4646;24,442;68,7673114891496
4647;24,446;64,8681777953173
4648;24,450;59,9750811471511
4649;24,454;55,7839611439568
4650;24,458;51,263251708713
4651;24,462;46,9947545582156
4652;24,467;42,7634341032411
4653;24,471;39,2120711451081
4654;24,475;35,0135468156939
4655;24,479;32,291662224717
4656;24,483;29,0054594306887
4657;24,487;26,7588472975954
4658;24,491;24,3209631981727
4659;24,495;22,2969460449462
4660;24,500;20,1766726508612
4661;24,504;18,6708420347088
4662;24,508;17,0215380607566
4663;24,512;15,6725163428211
4664;24,516;14,6492074463487
4665;24,520;13,4813009750063
4666;24,524;12,4984251269493
4667;24,528;11,7193814635213
4668;24,532;10,8395459248488
4669;24,537;10,0254964678263
4670;24,541;9,44664097507611
4671;24,545;9,07665726071718
4672;24,549;8,30870070356606
4673;24,553;7,86959702245294
4674;24,557;7,33477982596344
4675;24,561;7,02166598890592
4676;24,565;6,6265618379476
4677;24,570;6,24308751874826
4678;24,574;6,09151204482292
4679;24,578;5,53990912449464
4680;24,582;5,29362805394536
4681;24,586;5,13022891773173
4682;24,590;4,83440476388922
4683;24,594;4,54222462399785
4684;24,598;4,37002558175326
4685;24,603;4,22717248164716
4686;24,607;4,1664647598653
4687;24,611;3,86784944640063
4688;24,615;3,81915921743637
4689;24,619;3,53946176363297
4690;24,623;3,3667199959063
4691;24,627;3,3026783890202
4692;24,631;3,02538443378032
4693;24,636;2,99576712890079
4694;24,640;2,91749836116287
4695;24,644;2,77216423028152
4696;24,648;2,51541631114917
4697;24,652;2,54553757540492
4698;24,656;2,47389781176962
4699;24,660;2,393845803162
4700;24,664;2,26021903625135
4701;24,669;2,23858754917965
4702;24,673;2,10748057915012
4703;24,677;2,05952690619727
4704;24,681;2,07728178268264
4705;24,685;1,90612942529636
4706;24,689;1,86953422136144
4707;24,693;1,76552475933032
4708;24,697;1,65112598092785
4709;24,701;1,70202587792631
4710;24,706;1,65880166988878
4711;24,710;1,59014689640495
4712;24,714;1,57029865020296
4713;24,718;1,50517159235269
4714;24,722;1,44054849387864
4715;24,726;1,40364316109682
4716;24,730;1,26695387182297
4717;24,734;1,29688130554941
4718;24,739;1,32386251523023
4719;24,743;1,29133775241096
4720;24,747;1,20058629858508
4721;24,751;1,16926328504756
4722;24,755;1,17426411270392
4723;24,759;1,09343678197903
4724;24,763;1,12328668349374
4725;24,767;1,05544599823304
4726;24,772;1,07862812953927
4727;24,776;1,04738264821348
4728;24,780;0,957445282610727
4729;24,784;0,996792880061933
4730;24,788;0,971711209568405
4731;24,792;0,885650454551974
4732;24,796;0,945776684745886
4733;24,800;0,8709581004298
4734;24,805;0,815367504621889
4735;24,809;0,85715736674248
4736;24,813;0,792340437739114
4737;24,817;0,750938236677156
4738;24,821;0,762141641271637
4739;24,825;0,747139158302556
4740;24,829;0,697285946162407
4741;24,833;0,687710718014183
4742;24,838;0,61769913082514
4743;24,842;0,688641104554901
4744;24,846;0,66018678285127
4745;24,850;0,640803729919642
4746;24,854;0,695386406975108
4747;24,858;0,693099206729176
4748;24,862;0,748069544843274
4749;24,866;0,761947810742321
4750;24,870;0,876269056933066
4751;24,875;1,10526044426733
4752;24,879;1,0953750872722
4753;24,883;1,51753798012307
4754;24,887;1,9253961799104
4755;24,891;2,37930851346327
4756;24,895;3,10702585272834
4757;24,899;3,94445127158642
4758;24,903;4,98326661040412
4759;24,908;6,38830535131202
4760;24,912;8,03652387430013
4761;24,916;9,74037175920201
4762;24,920;11,7932696612967
4763;24,924;14,010690916675
4764;24,928;16,0758776743283
4765;24,932;18,150872256765
4766;24,936;20,3228208699657
4767;24,941;22,5686189148359
4768;24,945;24,4498217340622
4769;24,949;25,7873686846622
4770;24,953;27,288818730852
4771;24,957;27,9936640676577
4772;24,961;28,1836179863877
4773;24,965;28,6145420191636
4774;24,969;28,3216640893667
4775;24,974;27,7897931169228
4776;24,978;26,2944681154594
4777;24,982;25,3311303847575
4778;24,986;24,0704953881902
4779;24,990;22,4490254782478
4780;24,994;21,0616640816135
4781;24,998;19,7838557001488
4782;25,002;18,086791883773
4783;25,007;16,8840346832596
4784;25,011;15,4950451101791
4785;25,015;14,0920609728819
4786;25,019;12,7360225897852
4787;25,023;11,820948660883
4788;25,027;10,8869568723196
4789;25,031;10,0396460964664
4790;25,035;9,06975689387352
4791;25,039;8,4086784905874
4792;25,044;7,5141893638986
4793;25,048;7,18056825683941
4794;25,052;6,56457483467225
4795;25,056;6,29208787655941
4796;25,060;5,72649039201449
4797;25,064;5,38554249094715
4798;25,068;4,96516283896598
4799;25,072;4,59002323252724
4800;25,077;4,34416858914247
4801;25,081;3,96623782308157
4802;25,085;3,76632101514475
4803;25,089;3,55008367663951
4804;25,093;3,27406900289311
4805;25,097;3,17161018509653
4806;25,101;2,88943170051788
4807;25,105;2,76049563241668
4808;25,110;2,60229115438873
4809;25,114;2,49909578058074
4810;25,118;2,33829397345995
4811;25,122;2,2903403005071
4812;25,126;2,13232965300846
4813;25,130;2,01769827797081
4814;25,134;1,93078466862539
4815;25,138;1,8044846957229
4816;25,143;1,83716452296562
4817;25,147;1,7069879394768
4818;25,151;1,63748031166398
4819;25,155;1,55459837732834
4820;25,159;1,41019463298771
4821;25,163;1,36921885909024
4822;25,167;1,3818178434958
4823;25,171;1,329599898898
4824;25,176;1,24431446599883
4825;25,180;1,19046834495477
4826;25,184;1,15007406264525
4827;25,188;1,15274892394982
4828;25,192;1,1389481902625
4829;25,196;1,10351596950348
4830;25,200;1,03625677583073
4831;25,204;0,99795586323783
4832;25,208;0,950971342931563
4833;25,213;0,878284894437955
4834;25,217;0,874602114380946
4835;25,221;0,805094486568126
4836;25,225;0,844829745077964
4837;25,229;0,823934814017669
4838;25,233;0,7352767299084
4839;25,237;0,805598445944348
4840;25,241;0,674685306444129
4841;25,246;0,674724072549992
4842;25,250;0,673677387691684
4843;25,254;0,584941771370688
4844;25,258;0,676856208372471
4845;25,262;0,646424815269814
4846;25,266;0,590756687250177
4847;25,270;0,556371151349468
4848;25,274;0,526598782046486
4849;25,279;0,573544536246891
4850;25,283;0,4908176663347
4851;25,287;0,492678439416136
4852;25,291;0,514348692593697
4853;25,295;0,502214901458497
4854;25,299;0,523264896942246
4855;25,303;0,461936917466573
4856;25,307;0,476241610530115
4857;25,312;0,492639673310273
4858;25,316;0,467674301134335
4859;25,320;0,447787288826484
4860;25,324;0,423829835402991
4861;25,328;0,439491342171747
4862;25,332;0,386691905985991
4863;25,336;0,45333084196493
4864;25,340;0,409331311810133
4865;25,345;0,405803596176577
4866;25,349;0,387932421373615
4867;25,353;0,439801471018653
4868;25,357;0,387428461997393
4869;25,361;0,399368422603276
4870;25,365;0,388281316326384
4871;25,369;0,34478574554781
4872;25,373;0,347305542428921
4873;25,377;0,342576077513604
4874;25,382;0,286403990117744
4875;25,386;0,34788703401687
4876;25,390;0,312881240422349
4877;25,394;0,29528142836043
4878;25,398;0,312222216622674
4879;25,402;0,302957117321355
4880;25,406;0,268106388150287
4881;25,410;0,297568628606362
4882;25,415;0,230193136616021
4883;25,419;0,304585293767612
4884;25,423;0,24790924699553
4885;25,427;0,290862092292019
4886;25,431;0,263764584293602
4887;25,435;0,249770020076966
4888;25,439;0,248180609736573
4889;25,443;0,253840461192608
4890;25,448;0,214958057011761
4891;25,452;0,209259439449862
4892;25,456;0,170687164115922
4893;25,460;0,170299503057289
4894;25,464;0,188674637236473
4895;25,468;0,202242774288613
4896;25,472;0,206778408674614
4897;25,476;0,169097753775528
4898;25,481;0,186930162472626
4899;25,485;0,163282837896039
4900;25,489;0,152777223207097
4901;25,493;0,151730538348789
4902;25,497;0,186193606461224
4903;25,501;0,143046930635419
4904;25,505;0,197203180526389
4905;25,509;0,197823438220202
4906;25,514;0,199451614666458
4907;25,518;0,135758902733127
4908;25,522;0,145993154681027
4909;25,526;0,131998590464391
4910;25,530;0,156421237158243
4911;25,534;0,132269953205434
4912;25,538;0,138821425096324
4913;25,542;0,17673467663059
4914;25,546;0,201041025006852
4915;25,551;0,117810195718439
4916;25,555;0,135061112827588
4917;25,559;0,123392514962748
4918;25,563;0,148784314303181
4919;25,567;0,140527133754307
4920;25,571;0,167469577329271
4921;25,575;0,120485057023003
4922;25,579;0,137076950332478
4923;25,584;0,136262862109349
4924;25,588;0,10366056707835
4925;25,592;0,133626766910648
4926;25,596;0,181774270392813
4927;25,600;0,138317465720102
4928;25,604;0,109514249063702
4929;25,608;0,090286260555526
4930;25,612;0,0692750311776406
4931;25,617;0,109475482957838
4932;25,621;0,126067376267312
4933;25,625;0,106335428382915
4934;25,629;0,0946668305180741
4935;25,633;0,0803621374545322
4936;25,637;0,0824942732770114
4937;25,641;0,118352921200524
4938;25,645;0,0951320237884332
4939;25,650;0,14413238159959
4940;25,654;0,0875338670392348
4941;25,658;0,0942791694594416
4942;25,662;0,0537685888323378
4943;25,666;0,0855180295343454
4944;25,670;0,105909001218419
4945;25,674;0,0554355313844578
4946;25,678;0,0813312901011136
4947;25,683;0,100171617550657
4948;25,687;0,0780361711027368
4949;25,691;0,0836184903470458
4950;25,695;0,0865259482867901
4951;25,699;0,0919144370017829
4952;25,703;0,0569086434072616
4953;25,707;0,090286260555526
4954;25,711;0,0373317599463167
4955;25,715;0,0892008095913548
4956;25,720;0,0684997090603755
4957;25,724;0,0810599273600708
4958;25,728;0,0850528362639863
4959;25,732;0,0858669244871147
4960;25,736;0,0656697833323577
4961;25,740;0,0622971321222543
4962;25,744;0,0890457451679018
4963;25,748;0,0716785297411626
4964;25,753;0,0474884796824901
4965;25,757;0,0723763196467012
4966;25,761;0,0967989663405533
4967;25,765;0,0588469487004245
4968;25,769;0,104862316360111
4969;25,773;0,0594672063942366
4970;25,777;0,0786951949024121
4971;25,781;0,0546989753730559
4972;25,786;0,0979231834105877
4973;25,790;0,0774934456206512
4974;25,794;0,0679957496841532
4975;25,798;0,0642742035212805
4976;25,802;0,0810986934659341
4977;25,806;0,123586345492064
4978;25,810;0,125292054150047
4979;25,814;0,0613667455815362
4980;25,819;0,125408352467637
4981;25,823;0,152622158783644
4982;25,827;0,0962950069643309
4983;25,831;0,171888913397683
4984;25,835;0,212399494024786
4985;25,839;0,256515322497173
4986;25,843;0,255507403744728
4987;25,847;0,309663653635699
4988;25,852;0,338544402503825
4989;25,856;0,418867773852494
4990;25,860;0,38692450262117
4991;25,864;0,438987382795525
4992;25,868;0,422434255591914
4993;25,872;0,45499778451705
4994;25,876;0,518768028662108
4995;25,880;0,496051090626239
4996;25,884;0,509657993784243
4997;25,889;0,532297399608385
4998;25,893;0,537298227264745
4999;25,897;0,530436626526948
5000;25,901;0,487522547336323
5001;25,905;0,496167388943829
5002;25,909;0,485119048772801
5003;25,913;0,464262883818368
5004;25,917;0,477365827600149
5005;25,922;0,462906070113154
5006;25,926;0,397662713945293
5007;25,930;0,42952845296489
5008;25,934;0,347034179687879
5009;25,938;0,388630211279154
5010;25,942;0,332458123883294
5011;25,946;0,284620749248034
5012;25,950;0,270742483348988
5013;25,955;0,254034291721925
5014;25,959;0,273805005712186
5015;25,963;0,320208034430505
5016;25,967;0,277565317980922
5017;25,971;0,311330596187819
5018;25,975;0,29194754325619
5019;25,979;0,376884081202587
5020;25,983;0,430613903929061
5021;25,988;0,52438911401228
5022;25,992;0,685849944932747
5023;25,996;0,835758476305962
5024;26,000;1,16953464778861
5025;26,004;1,59689219882515
5026;26,008;2,24688349583439
5027;26,012;2,92242165660751
5028;26,016;3,8522654718436
5029;26,021;4,99311320129339
5030;26,025;6,45478922286751
5031;26,029;7,83377714063529
5032;26,033;9,49920781462668
5033;26,037;11,2857438033349
5034;26,041;13,0256441666896
5035;26,045;15,0127559871343
5036;26,049;17,119500010273
5037;26,053;18,6907678131226
5038;26,058;20,0794084912503
5039;26,062;21,5034813901371
5040;26,066;22,7542310297092
5041;26,070;23,3332415868828
5042;26,074;23,8767036249798
5043;26,078;23,7285008022646
5044;26,082;23,7703681965969
5045;26,086;23,6427114099892
5046;26,091;22,7289942947922
5047;26,095;21,7603843736929
5048;26,099;20,3840713172296
5049;26,103;19,5276892726044
5050;26,107;18,3859111566139
5051;26,111;17,1710589310712
5052;26,115;16,0043542090106
5053;26,119;14,4611143007002
5054;26,124;13,185127926211
5055;26,128;12,3245203760467
5056;26,132;11,0458591402531
5057;26,136;10,2082398908657
5058;26,140;9,39973398698157
5059;26,144;8,54804264116581
5060;26,148;7,9914001270753
5061;26,152;7,32171564828753
5062;26,157;6,6394321850942
5063;26,161;6,13357326968456
5064;26,165;5,69012778471476
5065;26,169;5,28986774167663
5066;26,173;4,94174811102458
5067;26,177;4,50248936548801
5068;26,181;4,22108620302663
5069;26,185;3,87257891131594
5070;26,190;3,71061412101925
5071;26,194;3,54527667951246
5072;26,198;3,22033918016664
5073;26,202;3,01410349697411
5074;26,206;2,74801294632871
5075;26,210;2,69408929307292
5076;26,214;2,41594248350405
5077;26,218;2,38089792380367
5078;26,222;2,14892154631794
5079;26,227;2,0853451327022
5080;26,231;1,99358576012387
5081;26,235;1,89911276013511
5082;26,239;1,79052889761212
5083;26,243;1,75164649343128
5084;26,247;1,67345525790509
5085;26,251;1,54203815902865
5086;26,255;1,46524250331353
5087;26,260;1,40356562888509
5088;26,264;1,35514676266188
5089;26,268;1,3443697852319
5090;26,272;1,19446125385868
5091;26,276;1,21523988660139
5092;26,280;1,14759303187
5093;26,284;1,04532804460273
5094;26,288;1,05893494776073
5095;26,293;1,09351431419076
5096;26,297;1,0490495907656
5097;26,301;1,11894487963706
5098;26,305;1,22884678975939
5099;26,309;1,31064327313086
5100;26,313;1,52300400104979
5101;26,317;1,90721487626053
5102;26,321;2,46494284131521
5103;26,326;3,08520053512733
5104;26,330;3,80369154119693
5105;26,334;5,02497894031299
5106;26,338;6,49937024461025
5107;26,342;8,38138715205966
5108;26,346;10,4855338461055
5109;26,350;13,3512406898351
5110;26,354;16,3892628741268
5111;26,359;20,2447071666512
5112;26,363;24,1658600086138
5113;26,367;29,2830247486696
5114;26,371;34,637593121032
5115;26,375;39,8241104244772
5116;26,379;45,3422329974767
5117;26,383;50,5484822488063
5118;26,387;56,3889062259529
5119;26,391;62,1728867529626
5120;26,396;67,6858534338823
5121;26,400;72,008972027541
5122;26,404;76,4642830421934
5123;26,408;79,3542962342992
5124;26,412;81,0823729353657
5125;26,416;81,102686374838
5126;26,420;80,1316341890693
5127;26,424;78,1809237420302
5128;26,429;74,8468060411549
5129;26,433;71,6322817768677
5130;26,437;67,0412118594822
5131;26,441;62,5632614390056
5132;26,445;57,2210982205194
5133;26,449;53,1325533334393
5134;26,453;47,8101608289434
5135;26,457;43,7506905212607
5136;26,462;39,7904614445879
5137;26,466;36,4154455020269
5138;26,470;33,0064316846238
5139;26,474;30,0620296459918
5140;26,478;27,2069059491629
5141;26,482;25,0437572419932
5142;26,486;23,1385194371316
5143;26,490;20,9870780939326
5144;26,495;19,2885023994281
5145;26,499;17,6270646343406
5146;26,503;16,5081972869153
5147;26,507;15,3071457950599
5148;26,511;14,2306498013431
5149;26,515;13,4595919557229
5150;26,519;12,341461164309
5151;26,523;11,5792807569315
5152;26,528;10,5842711177393
5153;26,532;10,0381729844436
5154;26,536;9,57925982323431
5155;26,540;9,03684446999562
5156;26,544;8,43759800556139
5157;26,548;7,93860069088954
5158;26,552;7,47131405081384
5159;26,556;7,07562840826757
5160;26,560;6,77255499262863
5161;26,565;6,29530546334607
5162;26,569;6,01021952082767
5163;26,573;5,70470384051934
5164;26,577;5,43923354756776
5165;26,581;5,15116261489789
5166;26,585;4,96376725915491
5167;26,589;4,78897088781748
5168;26,593;4,55253640815747
5169;26,598;4,35649621080698
5170;26,602;4,25810783412604
5171;26,606;3,95282475045289
5172;26,610;3,76383998436951
5173;26,614;3,64750290067387
5174;26,618;3,4792967673332
5175;26,622;3,20196404598746
5176;26,626;3,2260765638344
5177;26,631;3,03007513258977
5178;26,635;2,90540333613354
5179;26,639;2,86082231439079
5180;26,643;2,68420393607779
5181;26,647;2,56278849251407
5182;26,651;2,47126171657092
5183;26,655;2,50545342194231
5184;26,659;2,4181133854324
5185;26,664;2,26432824347285
5186;26,668;2,23478847080505
5187;26,672;2,05820885859792
5188;26,676;2,01719431859459
5189;26,680;1,89484848849015
5190;26,684;1,87515530671161
5191;26,688;1,83720328907149
5192;26,692;1,76250100307299
5193;26,697;1,77610790623099
5194;26,701;1,69252818198981
5195;26,705;1,64352782417865
5196;26,709;1,57522194564759
5197;26,713;1,66512054514449
5198;26,717;1,51901109214587
5199;26,721;1,58588262475999
5200;26,725;1,5884024216411
5201;26,729;1,66651612495556
5202;26,734;1,82324749096071
5203;26,738;1,88852961323444
5204;26,742;2,20501610150207
5205;26,746;2,54076934438374
5206;26,750;3,00336528564999
5207;26,754;3,60024701762656
5208;26,758;4,266907740157
5209;26,762;5,26618165099418
5210;26,767;6,4397092076867
5211;26,771;7,74670846686642
5212;26,775;9,21497472643728
5213;26,779;10,9714669831015
5214;26,783;12,7531184424709
5215;26,787;14,6846396671077
5216;26,791;16,533511554044
5217;26,795;18,174674645765
5218;26,800;19,9772985684065
5219;26,804;21,673587062665
5220;26,808;22,7001523120299
5221;26,812;23,6839973127335
5222;26,816;24,2517269331009
5223;26,820;24,6169036503328
5224;26,824;24,7757671521605
5225;26,828;24,3179782080213
5226;26,833;24,0855366372652
5227;26,837;22,8290108479194
5228;26,841;21,8333421849275
5229;26,845;21,051313531348
5230;26,849;19,7730787227188
5231;26,853;18,4215372079022
5232;26,857;17,2035836938904
5233;26,861;15,6751912041256
5234;26,866;14,6610698747428
5235;26,870;13,55511164057
5236;26,874;12,5850286074478
5237;26,878;11,5582695275536
5238;26,882;10,4607623044589
5239;26,886;9,68009046458464
5240;26,890;8,88212894149536
5241;26,894;8,38999322756131
5242;26,898;7,79439077707822
5243;26,903;7,0476392798343
5244;26,907;6,59508375998663
5245;26,911;6,04165883268277
5246;26,915;5,66640292792644
5247;26,919;5,15635727308357
5248;26,923;4,83932805933385
5249;26,927;4,46829766011662
5250;26,931;4,24310535115695
5251;26,936;3,92615366961896
5252;26,940;3,7730275514591
5253;26,944;3,5198073479603
5254;26,948;3,43142062659208
5255;26,952;3,11125135826743
5256;26,956;2,97060792619554
5257;26,960;2,87729790938268
5258;26,964;2,66392926271131
5259;26,969;2,50812828324688
5260;26,973;2,38496836491931
5261;26,977;2,31325106907228
5262;26,981;2,28254831322858
5263;26,985;2,06348104899532
5264;26,989;2,03153777776399
5265;26,993;1,99812139450987
5266;26,997;1,78134133052253
5267;27,002;1,72063360874067
5268;27,006;1,67283500021128
5269;27,010;1,67299006463473
5270;27,014;1,67531603098652
5271;27,018;1,47997362354157
5272;27,022;1,42453809215711
5273;27,026;1,40833385990627
5274;27,030;1,33293378400224
5275;27,035;1,31742734165693
5276;27,039;1,26958996702167
5277;27,043;1,19732994569256
5278;27,047;1,24830737490275
5279;27,051;1,17434164491565
5280;27,055;1,05885741554901
5281;27,059;1,07285197976564
5282;27,063;1,01652482794633
5283;27,067;0,994001720439778
5284;27,072;1,01718385174601
5285;27,076;0,981519034351809
5286;27,080;1,00028182958963
5287;27,084;0,90131196132073
5288;27,088;0,868128174701782
5289;27,092;0,826648441428097
5290;27,096;0,839557554680561
5291;27,100;0,75217875206478
5292;27,105;0,762878197283039
5293;27,109;0,74872856864295
5294;27,113;0,709846164462103
5295;27,117;0,70945850340347
5296;27,121;0,68778825022591
5297;27,125;0,644176381129745
5298;27,129;0,650727853020636
5299;27,133;0,600719576457034
5300;27,138;0,612620770957054
5301;27,142;0,618009259672047
5302;27,146;0,576296929763182
5303;27,150;0,560674189100289
5304;27,154;0,595447386059631
5305;27,158;0,519775947414553
5306;27,162;0,507448325750037
5307;27,166;0,547648777530235
5308;27,171;0,523652558000879
5309;27,175;0,465813528052899
5310;27,179;0,471822274461704
5311;27,183;0,436351287596823
5312;27,187;0,449570529696194
5313;27,191;0,472248701626199
5314;27,195;0,516713425051355
5315;27,199;0,440576793135918
5316;27,204;0,529932667150726
5317;27,208;0,435459667161968
5318;27,212;0,446004047956774
5319;27,216;0,47178350835584
5320;27,220;0,453137011435614
5321;27,224;0,515976869039954
5322;27,228;0,529196111139324
5323;27,232;0,602735413961923
5324;27,236;0,655728680676996
5325;27,241;0,721514762326943
5326;27,245;0,902785073343534
5327;27,249;1,10440758993833
5328;27,253;1,49621662189828
5329;27,257;1,95664166123618
5330;27,261;2,47823961562631
5331;27,265;3,41521639434123
5332;27,269;4,34494391125973
5333;27,274;5,58483904119015
5334;27,278;7,19084127489317
5335;27,282;8,87018898088947
5336;27,286;10,8938184730574
5337;27,290;13,2910756935353
5338;27,294;15,9110441921977
5339;27,298;18,9187900478102
5340;27,302;21,3802827057036
5341;27,307;24,0109894156901
5342;27,311;26,6239024830854
5343;27,315;29,2136721852803
5344;27,319;31,4323339560462
5345;27,323;33,4208801224079
5346;27,327;34,8126996212164
5347;27,331;35,541386113128
5348;27,335;35,3924467344014
5349;27,340;35,347206688859
5350;27,344;34,3729369163036
5351;27,348;33,6133538380189
5352;27,352;32,0672064717688
5353;27,356;30,3625444986438
5354;27,360;28,3978782534939
5355;27,364;26,9093373205565
5356;27,368;24,7695645752223
5357;27,373;23,2925759418322
5358;27,377;21,5272450130312
5359;27,381;19,6199138384531
5360;27,385;18,2017333876576
5361;27,389;16,5324261030798
5362;27,393;14,9585609711375
5363;27,397;13,8920666327334
5364;27,401;12,7214077678748
5365;27,405;11,7070150757509
5366;27,410;10,8104713454514
5367;27,414;10,0790324600234
5368;27,418;9,31565030336416
5369;27,422;8,56758075852089
5370;27,426;8,13576510531007
5371;27,430;7,37451508447328
5372;27,434;6,8255482593437
5373;27,438;6,33922746128914
5374;27,443;6,01781767757687
5375;27,447;5,58092366449796
5376;27,451;5,1260421782985
5377;27,455;4,912712297733
5378;27,459;4,73791592639557
5379;27,463;4,33552374753496
5380;27,467;4,21682193138167
5381;27,471;4,0027167286989
5382;27,476;3,76027350263009
5383;27,480;3,57997234426008
5384;27,484;3,3250464321033
5385;27,488;3,16416709277078
5386;27,492;3,06411177353771
5387;27,496;2,85791485645105
5388;27,500;2,67152741946051
5389;27,504;2,61349455898321
5390;27,509;2,46253934275169
5391;27,513;2,35589378552187
5392;27,517;2,24083598331972
5393;27,521;2,12120378062571
5394;27,525;2,12550681837653
5395;27,529;2,01944275273466
5396;27,533;1,85181811098193
5397;27,537;1,81510660872943
5398;27,542;1,76447807447202
5399;27,546;1,62910683279752
5400;27,550;1,58499100432513
5401;27,554;1,4853233461507
5402;27,558;1,53800648401887
5403;27,562;1,38460900311796
5404;27,566;1,41302455871573
5405;27,570;1,34235394772701
5406;27,574;1,23532072943855
5407;27,579;1,20744789932287
5408;27,583;1,14418161455404
5409;27,587;1,13987857680322
5410;27,591;1,11801449309634
5411;27,595;1,03935806429979
5412;27,599;0,991365625241077
5413;27,603;1,0396681931467
5414;27,607;0,945737918640023
5415;27,612;0,95081627850811
5416;27,616;0,934418215727952
5417;27,620;0,876230290827203
5418;27,624;0,834595493130065
5419;27,628;0,834285364283158
5420;27,632;0,832502123413449
5421;27,636;0,811801022882469
5422;27,640;0,751519728265104
5423;27,645;0,692401416823637
5424;27,649;0,682399761510917
5425;27,653;0,677864127124916
5426;27,657;0,683679043004404
5427;27,661;0,671390187445752
5428;27,665;0,677941659336642
5429;27,669;0,607232282242061
5430;27,673;0,660884572756809
5431;27,678;0,587771697098706
5432;27,682;0,592539928119887
5433;27,686;0,546834689307106
5434;27,690;0,514309926487833
5435;27,694;0,49213571393405
5436;27,698;0,537492057794061
5437;27,702;0,576917187456994
5438;27,706;0,493376229321675
5439;27,711;0,447322095556125
5440;27,715;0,420185821451845
5441;27,719;0,458796862891649
5442;27,723;0,431117863305284
5443;27,727;0,410222932244988
5444;27,731;0,410998254362253
5445;27,735;0,46534833478254
5446;27,739;0,438328358995849
5447;27,743;0,419488031546306
5448;27,748;0,379171281448519
5449;27,752;0,409370077915996
5450;27,756;0,395414279805224
5451;27,760;0,391615201430624
5452;27,764;0,330946245754627
5453;27,768;0,344243020065724
5454;27,772;0,338195507551056
5455;27,776;0,353314288837726
5456;27,781;0,359012906399625
5457;27,785;0,2732622802301
5458;27,789;0,292025075467917
5459;27,793;0,218447006539454
5460;27,797;0,312687409893033
5461;27,801;0,27694506028711
5462;27,805;0,276363568699161
5463;27,809;0,303228480062398
5464;27,814;0,287411908870189
5465;27,818;0,302143029098227
5466;27,822;0,241163944575323
5467;27,826;0,234767537107886
5468;27,830;0,262175173953209
5469;27,834;0,311408128399545
5470;27,838;0,250002616712146
5471;27,842;0,28027894539135
5472;27,847;0,230115604404295
5473;27,851;0,238799212117664
5474;27,855;0,281790823520017
5475;27,859;0,25112683378218
5476;27,863;0,225308607277251
5477;27,867;0,194489553115961
5478;27,871;0,209802164931948
5479;27,875;0,247521585936897
5480;27,880;0,184061470638745
5481;27,884;0,226122695500379
5482;27,888;0,238178954423852
5483;27,892;0,190264047576866
5484;27,896;0,224145624101353
5485;27,900;0,192745078352115
5486;27,904;0,1932878038342
5487;27,908;0,2527937763343
5488;27,912;0,218447006539454
5489;27,917;0,1970868822088
5490;27,921;0,257406942932028
5491;27,925;0,214570395953129
5492;27,929;0,21197306686029
5493;27,933;0,236434479660006
5494;27,937;0,231705014744688
5495;27,941;0,226045163288653
5496;27,945;0,16281764462568
5497;27,950;0,216082274081796
5498;27,954;0,199025187501963
5499;27,958;0,187938081225071
5500;27,962;0,184371599485651
5501;27,966;0,16661672300028
5502;27,970;0,188984766083379
5503;27,974;0,217981813269095
5504;27,978;0,144520042658223
5505;27,983;0,189411193247875
5506;27,987;0,195458705762543
5507;27,991;0,189566257671328
5508;27,995;0,183208616309754
5509;27,999;0,173594622055666
5510;28,003;0,16103440375597
5511;28,007;0,171036059068691
5512;28,011;0,177199869900949
5513;28,016;0,168710092716895
5514;28,020;0,152040667195695
5515;28,024;0,180998948275548
5516;28,028;0,161809725873236
5517;28,032;0,13223118709957
5518;28,036;0,168671326611032
5519;28,040;0,197590841585022
5520;28,044;0,155956043887884
5521;28,049;0,159522525627303
5522;28,053;0,188442040601293
5523;28,057;0,14948210420872
5524;28,061;0,173865984796709
5525;28,065;0,137852272449743
5526;28,069;0,136224096003486
5527;28,073;0,165066078765749
5528;28,077;0,19162086128208
5529;28,081;0,188790935554063
5530;28,086;0,141224923659846
5531;28,090;0,166926851847186
5532;28,094;0,149559636420446
5533;28,098;0,13936415057841
5534;28,102;0,189527491565465
5535;28,106;0,165066078765749
5536;28,110;0,202126475971023
5537;28,114;0,153475013112635
5538;28,119;0,109940676228197
5539;28,123;0,164096926119168
5540;28,127;0,155064423453029
5541;28,131;0,139713045531179
5542;28,135;0,190729240847226
5543;28,139;0,153746375853678
5544;28,143;0,117771429612575
5545;28,147;0,179642134570334
5546;28,152;0,185418284343959
5547;28,156;0,171578784550776
5548;28,160;0,18662003362572
5549;28,164;0,165104844871612
5550;28,168;0,186426203096404
5551;28,172;0,16281764462568
5552;28,176;0,186891396366763
5553;28,180;0,134053194075143
5554;28,185;0,156072342205474
5555;28,189;0,144636340975813
5556;28,193;0,165376207612655
5557;28,197;0,194101892057329
5558;28,201;0,199645445195775
5559;28,205;0,183363680733207
5560;28,209;0,193597932681107
5561;28,213;0,17316819489117
5562;28,218;0,223370301984088
5563;28,222;0,246164772231683
5564;28,226;0,273301046335963
5565;28,230;0,384521004057648
5566;28,234;0,492445842780956
5567;28,238;0,667901237918059
5568;28,242;0,844442084019332
5569;28,246;1,22791640321867
5570;28,250;1,67752569902073
5571;28,255;2,30243532553644
5572;28,259;3,11446894505408
5573;28,263;4,14646144923985
5574;28,267;5,54824383725524
5575;28,271;7,04907362575124
5576;28,275;9,03498369691418
5577;28,279;11,2530252099863
5578;28,283;13,8398099220297
5579;28,288;17,0241741559553
5580;28,292;19,8295221728557
5581;28,296;23,0885886927798
5582;28,300;26,6692200608395
5583;28,304;29,7179029242437
5584;28,308;32,4571547306473
5585;28,312;35,2768462067172
5586;28,316;38,0487778403635
5587;28,321;38,501953617905
5588;28,325;39,9156372004204
5589;28,329;40,1335802475836
5590;28,333;39,6271786066919
5591;28,337;39,0191710023326
5592;28,341;37,3787832327288
5593;28,345;35,1016234082152
5594;28,349;33,9962078995245
5595;28,354;31,0518058608925
5596;28,358;29,2905066071013
5597;28,362;27,1703882774397
5598;28,366;24,9681245694539
5599;28,370;22,8788640600596
5600;28,374;21,1787764874264
5601;28,378;19,3922017326123
5602;28,382;17,7836797020282
5603;28,387;16,4307813735064
5604;28,391;14,8308654184239
5605;28,395;13,7357229277869
5606;28,399;12,5249799094656
5607;28,403;11,4522442280176
5608;28,407;10,7701158292477
5609;28,411;9,82050130002136
5610;28,415;9,06917540228557
5611;28,419;8,65185827266761
5612;28,424;7,93569323294979
5613;28,428;7,52740860599797
5614;28,432;6,88172034673956
5615;28,436;6,60555060856971
5616;28,440;6,116438650893
5617;28,444;5,78235235056345
5618;28,448;5,37868089020935
5619;28,452;5,08588049262417
5620;28,457;4,81851066048528
5621;28,461;4,41662244100089
5622;28,465;4,25791400359672
5623;28,469;3,97340955266627
5624;28,473;3,99589389406696
5625;28,477;3,74542608408446
5626;28,481;3,6009448075321
5627;28,485;3,26732370047291
5628;28,490;3,17261810384897
5629;28,494;2,99890718347572
5630;28,498;2,95269798528671
5631;28,502;2,73719720279287
5632;28,506;2,53580728283324
5633;28,510;2,50421290655469
5634;28,514;2,34383752659839
5635;28,518;2,35314139200558
5636;28,523;2,146634346072
5637;28,527;2,13465561936026
5638;28,531;1,99366329233559
5639;28,535;2,05968197062072
5640;28,539;1,81169519141346
5641;28,543;1,87399232353572
5642;28,547;1,79037383318867
5643;28,551;1,65066078765749
5644;28,556;1,66814430140182
5645;28,560;1,5781681696932
5646;28,564;1,4822608237875
5647;28,568;1,44465770110014
5648;28,572;1,42531341427438
5649;28,576;1,3708470355365
5650;28,580;1,23446787510956
5651;28,584;1,21272008972028
5652;28,588;1,23241327149881
5653;28,593;1,1760861196795
5654;28,597;1,12665933470384
5655;28,601;1,05416671673955
5656;28,605;1,10471771878524
5657;28,609;1,08374525551322
5658;28,613;0,967020510758951
5659;28,617;0,914298606784921
5660;28,621;0,872314914135014
5661;28,626;0,86250708935161
5662;28,630;0,874524582169219
5663;28,634;0,87107439874739
5664;28,638;0,885844285081291
5665;28,642;0,788114932200019
5666;28,646;0,742758588340008
5667;28,650;0,794743936302636
5668;28,654;0,753884460722763
5669;28,659;0,754349653993122
5670;28,663;0,717483087317164
5671;28,667;0,658713670828467
5672;28,671;0,694145891587484
5673;28,675;0,618900880106901
5674;28,679;0,611070126722523
5675;28,683;0,593702911295784
5676;28,687;0,640687431602052
5677;28,692;0,596106409859306
5678;28,696;0,606069299066163
5679;28,700;0,59734692524693
5680;28,704;0,588624551427698
5681;28,708;0,612582004851191
5682;28,712;0,579785879290875
5683;28,716;0,585755859593816
5684;28,720;0,507835986808669
5685;28,725;0,518961859191424
5686;28,729;0,500237830059471
5687;28,733;0,518961859191424
5688;28,737;0,479420431210902
5689;28,741;0,469341243686455
5690;28,745;0,398011608898062
5691;28,749;0,503610481269575
5692;28,753;0,499074846883573
5693;28,758;0,406423853870389
5694;28,762;0,44464723425156
5695;28,766;0,518457899815202
5696;28,770;0,446004047956774
5697;28,774;0,611845448839789
5698;28,778;0,682167164875737
5699;28,782;0,828005255133311
5700;28,786;1,01524554645284
5701;28,790;1,31672955175139
5702;28,795;1,56742995836908
5703;28,799;2,06320968625428
5704;28,803;2,71327851547524
5705;28,807;3,64606855475693
5706;28,811;4,62549421939212
5707;28,815;5,90601622826724
5708;28,819;7,51977168314291
5709;28,823;9,07681232514063
5710;28,828;11,2678338624261
5711;28,832;13,6017860320293
5712;28,836;15,9091058869045
5713;28,840;18,3260175230552
5714;28,844;20,6584578145298
5715;28,848;22,7774906932271
5716;28,852;24,7823961562631
5717;28,856;26,8472340189636
5718;28,861;28,0184743754102
5719;28,865;29,4007186460705
5720;28,869;29,9147572098173
5721;28,873;30,0145799324152
5722;28,877;29,6926274232208
5723;28,881;29,4401825418393
5724;28,885;28,0667381772099
5725;28,889;27,283430242137
5726;28,894;26,0609410937392
5727;28,898;24,4523415309433
5728;28,902;22,9985737949653
5729;28,906;21,2584796010813
5730;28,910;19,9251969221263
5731;28,914;18,1665725296396
5732;28,918;16,8229393004191
5733;28,922;15,5507907704105
5734;28,927;14,1978149096769
5735;28,931;13,1784213898967
5736;28,935;12,2953682644376
5737;28,939;11,1141650187841
5738;28,943;10,3363618707437
5739;28,947;9,57356120567241
5740;28,951;8,69492741628169
5741;28,955;7,97019506716809
5742;28,959;7,61645435116587
5743;28,964;6,9915059585443
5744;28,968;6,31174229223209
5745;28,972;5,92892699683242
5746;28,976;5,72145079825227
5747;28,980;5,3209193924731
5748;28,984;4,95799110938128
5749;28,988;4,62545545328626
5750;28,992;4,38553202409856
5751;28,997;4,1069587873652
5752;29,001;3,96127576153108
5753;29,005;3,65859000695076
5754;29,009;3,43642145424844
5755;29,013;3,24569221340121
5756;29,017;3,11753146741728
5757;29,021;2,88714450027194
5758;29,025;2,7826310788646
5759;29,030;2,64888801363637
5760;29,034;2,54708821963945
5761;29,038;2,41702793446822
5762;29,042;2,39407839979718
5763;29,046;2,23928533908519
5764;29,050;2,08402708510284
5765;29,054;1,93698724556351
5766;29,058;1,94315105639577
5767;29,063;1,83448966166106
5768;29,067;1,71547771666086
5769;29,071;1,75897328743943
5770;29,075;1,63019228376169
5771;29,079;1,60894845774863
5772;29,083;1,57487305069482
5773;29,087;1,4458594503819
5774;29,091;1,4625288759031
5775;29,096;1,35394501338012
5776;29,100;1,31866785704456
5777;29,104;1,23884844507211
5778;29,108;1,15193483572669
5779;29,112;1,20496686854762
5780;29,116;1,15185730351496
5781;29,120;1,14643004869411
5782;29,124;1,12220123252957
5783;29,128;1,07951974997412
5784;29,133;1,02284370320204
5785;29,137;1,02268863877859
5786;29,141;1,00404214185836
5787;29,145;0,941706243630244
5788;29,149;0,946552006863151
5789;29,153;0,907204409411945
5790;29,157;0,858204051600788
5791;29,161;0,807691815660964
5792;29,166;0,875067307651305
5793;29,170;0,773771473030614
5794;29,174;0,758381329002901
5795;29,178;0,753186670817224
5796;29,182;0,775089520629965
5797;29,186;0,688059612966952
5798;29,190;0,68232222929919
5799;29,194;0,68065528674707
5800;29,199;0,625762480844698
5801;29,203;0,61614848659061
5802;29,207;0,619133476742081
5803;29,211;0,589554937968416
5804;29,215;0,599401528857683
5805;29,219;0,5688926035433
5806;29,223;0,576684590821814
5807;29,227;0,576103099233865
5808;29,232;0,496399985579009
5809;29,236;0,493027334368905
5810;29,240;0,506828068056225
5811;29,244;0,493221164898222
5812;29,248;0,477792254764645
5813;29,252;0,437514270772721
5814;29,256;0,470387928544763
5815;29,260;0,463758924442146
5816;29,265;0,425031584684752
5817;29,269;0,449919424648963
5818;29,273;0,456509662645717
5819;29,277;0,451625133306947
5820;29,281;0,419255434911127
5821;29,285;0,46534833478254
5822;29,289;0,414099542831314
5823;29,293;0,370914100899645
5824;29,297;0,373085002827987
5825;29,302;0,423364642132632
5826;29,306;0,410106633927398
5827;29,310;0,381187118953408
5828;29,314;0,410184166139125
5829;29,318;0,371418060275867
5830;29,322;0,415417590430664
5831;29,326;0,354709868648803
5832;29,330;0,387312163679803
5833;29,335;0,35145351575629
5834;29,339;0,325286394298591
5835;29,343;0,34466944723022
5836;29,347;0,314160521915836
5837;29,351;0,314897077927238
5838;29,355;0,294234743502122
5839;29,359;0,315556101726914
5840;29,363;0,352422668402871
5841;29,368;0,319587776736692
5842;29,372;0,271207676619347
5843;29,376;0,248839633536248
5844;29,380;0,317843301972846
5845;29,384;0,286907949493967
5846;29,388;0,306950026225271
5847;29,392;0,259228949907601
5848;29,396;0,266633276127483
5849;29,401;0,306523599060775
5850;29,405;0,274541561723588
5851;29,409;0,25457701720401
5852;29,413;0,235465327013424
5853;29,417;0,211895534648564
5854;29,421;0,262213940059072
5855;29,425;0,231860079168141
5856;29,429;0,191388264646901
5857;29,434;0,249304826806607
5858;29,438;0,223757963042721
5859;29,442;0,204452442322819
5860;29,446;0,211081446425436
5861;29,450;0,205382828863537
5862;29,454;0,225502437806567
5863;29,458;0,260585763612815
5864;29,462;0,236667076295185
5865;29,466;0,214919290905898
5866;29,471;0,1747188391257
5867;29,475;0,224494519054123
5868;29,479;0,187162759107806
5869;29,483;0,182704656933531
5870;29,487;0,188868467765789
5871;29,491;0,1663841263651
5872;29,495;0,182278229769035
5873;29,499;0,188325742283704
5874;29,504;0,186077308143635
5875;29,508;0,155878511676157
5876;29,512;0,175339096819512
5877;29,516;0,157661752545867
5878;29,520;0,182859721356984
5879;29,524;0,177703829277171
5880;29,528;0,126687633961125
5881;29,532;0,172005211715272
5882;29,537;0,156653833793422
5883;29,541;0,201932645441707
5884;29,545;0,167663407858587
5885;29,549;0,175959354513325
5886;29,553;0,160724274909064
5887;29,557;0,185263219920506
5888;29,561;0,17305189657358
5889;29,565;0,184604196120831
5890;29,570;0,182937253568711
5891;29,574;0,120368758705414
5892;29,578;0,174796371337427
5893;29,582;0,146613412374839
5894;29,586;0,139209086154957
5895;29,590;0,108234967570214
5896;29,594;0,180456222793462
5897;29,598;0,1682836655524
5898;29,603;0,187240291319532
5899;29,607;0,151846836666379
5900;29,611;0,124322901503466
5901;29,615;0,157429155910688
5902;29,619;0,147970226080053
5903;29,623;0,128664705360151
5904;29,627;0,133820597439964
5905;29,631;0,140837262601213
5906;29,635;0,177044805477496
5907;29,640;0,155297020088208
5908;29,644;0,10866139473471
5909;29,648;0,12901360031292
5910;29,652;0,17305189657358
5911;29,656;0,167779706176177
5912;29,660;0,180998948275548
5913;29,664;0,165918933094741
5914;29,668;0,153164884265729
5915;29,673;0,131843526040938
5916;29,677;0,176347015571957
5917;29,681;0,116530914224951
5918;29,685;0,123857708233107
5919;29,689;0,129323729159826
5920;29,693;0,135410007780357
5921;29,697;0,16471718381298
5922;29,701;0,136689289273845
5923;29,706;0,160414146062158
5924;29,710;0,128083213772202
5925;29,714;0,111413788251001
5926;29,718;0,161770959767372
5927;29,722;0,121066548610952
5928;29,726;0,0944729999887578
5929;29,730;0,145101534246172
5930;29,734;0,144597574869949
5931;29,739;0,141612584718479
5932;29,743;0,133122807534425
5933;29,747;0,0902474944496628
5934;29,751;0,120213694281961
5935;29,755;0,11877934836502
5936;29,759;0,0864096499692003
5937;29,763;0,13223118709957
5938;29,767;0,169175285987254
5939;29,772;0,144752639293402
5940;29,776;0,133355404169605
5941;29,780;0,14246543904747
5942;29,784;0,091488009837287
5943;29,788;0,120950250293363
5944;29,792;0,109204120216796
5945;29,796;0,139286618366683
5946;29,800;0,13234748541716
5947;29,804;0,0950157254708434
5948;29,809;0,0974579901402286
5949;29,813;0,145450429198941
5950;29,817;0,192202352870029
5951;29,821;0,174990201866743
5952;29,825;0,301290174769235
5953;29,829;0,305825809155236
5954;29,833;0,445577620792278
5955;29,837;0,510433315901508
5956;29,842;0,79455010577332
5957;29,846;1,0665718706158
5958;29,850;1,44349471792425
5959;29,854;1,9151619279625
5960;29,858;2,62934989628128
5961;29,862;3,36648739927112
5962;29,866;4,61607405566735
5963;29,870;5,78541487292664
5964;29,875;7,27256022605292
5965;29,879;8,79304443022159
5966;29,883;10,6657962383697
5967;29,887;12,5423083587865
5968;29,891;14,6796000733455
5969;29,895;16,5894122786988
5970;29,899;18,7319374175493
5971;29,903;20,262927236407
5972;29,908;21,9645654532746
5973;29,912;23,3425066861841
5974;29,916;24,5721287980608
5975;29,920;25,3664463071989
5976;29,924;25,6199766395446
5977;29,928;25,6443217540267
5978;29,932;25,1590864069363
5979;29,936;24,3172416520098
5980;29,941;23,5327319676551
5981;29,945;22,6093233259923
5982;29,949;21,5866346872137
5983;29,953;20,1032496463562
5984;29,957;19,0219078894065
5985;29,961;17,4847154936108
5986;29,965;16,1633340091558
5987;29,969;15,2883829998221
5988;29,973;13,8115106647496
5989;29,978;12,8349924580541
5990;29,982;11,9393015820835
5991;29,986;11,1275780914128
5992;29,990;10,1324133877971
5993;29,994;9,23086882984122
5994;29,998;8,44825868467378
5995;30,002;7,90592086364681
5996;30,006;7,41758422808736
5997;30,011;6,77232239599345
5998;30,015;6,32969099924677
5999;30,019;5,87434431977696
6000;30,023;5,44190840887232
6001;30,027;5,13286501293044
6002;30,031;4,83339684513677
6003;30,035;4,39704555753995
6004;30,039;4,21123961213736
6005;30,044;4,06218393509313
6006;30,048;3,68138447719836
6007;30,052;3,38040443127603
6008;30,056;3,31810729915377
6009;30,060;3,10512631354104
6010;30,064;3,0199184128536
6011;30,068;2,86601697257647
6012;30,072;2,56507569276
6013;30,077;2,50080148923872
6014;30,081;2,44288492707902
6015;30,085;2,31340613349574
6016;30,089;2,25122529969107
6017;30,093;2,1137219221941
6018;30,097;2,23556379292232
6019;30,101;2,21319574983922
6020;30,105;2,34976874079547
6021;30,110;2,4010175327467
6022;30,114;2,57790727380074
6023;30,118;2,88098068943969
6024;30,122;3,28372176325307
6025;30,126;3,90467724697072
6026;30,130;4,7527633449412
6027;30,134;5,95718748800674
6028;30,138;6,98999408041564
6029;30,142;8,89193676627876
6030;30,147;10,8482295325622
6031;30,151;13,1680320735253
6032;30,155;15,9657044014649
6033;30,159;19,1347560235744
6034;30,163;22,5175251873081
6035;30,167;26,7869914904521
6036;30,171;30,8960824136398
6037;30,175;36,1999059534272
6038;30,180;42,0351352723881
6039;30,184;46,892024377678
6040;30,188;52,4568601082427
6041;30,192;57,9828909668383
6042;30,196;63,4687213736537
6043;30,200;69,1573760463457
6044;30,204;73,7207669641448
6045;30,208;78,4014253521804
6046;30,213;81,4754612488191
6047;30,217;84,0335978086296
6048;30,221;84,7083606472854
6049;30,225;84,0609279132632
6050;30,229;82,544824279057
6051;30,233;79,7323820647836
6052;30,237;75,7102822831531
6053;30,241;70,7512444889135
6054;30,246;66,4725518525741
6055;30,250;61,012694736687
6056;30,254;56,8745292341019
6057;30,258;51,9648406926263
6058;30,262;47,509762274609
6059;30,266;43,645983269324
6060;30,270;39,9693670231469
6061;30,274;36,3944730387549
6062;30,279;33,3531169693589
6063;30,283;30,2907884366909
6064;30,287;27,9911830368825
6065;30,291;25,7598447494992
6066;30,295;24,1439571588011
6067;30,299;22,0951684639279
6068;30,303;20,3082060480552
6069;30,307;19,2932318643434
6070;30,311;17,7130090910395
6071;30,316;16,1886870423903
6072;30,320;15,5042714433745
6073;30,324;14,3619506019019
6074;30,328;13,5364651436497
6075;30,332;12,834449732572
6076;30,336;11,9533736785119
6077;30,340;11,4704642977733
6078;30,344;10,8264042149612
6079;30,349;10,1592782991604
6080;30,353;9,49738580765111
6081;30,357;9,16845539940137
6082;30,361;8,62824971419689
6083;30,365;8,31800456897324
6084;30,369;7,75911362074266
6085;30,373;7,30508498887219
6086;30,377;6,93967567500513
6087;30,382;6,67761679936951
6088;30,386;6,50018433283338
6089;30,390;6,21525345473844
6090;30,394;5,84096670262869
6091;30,398;5,59007246548169
6092;30,402;5,44365288363617
6093;30,406;5,11022560710629
6094;30,410;4,96671348320051
6095;30,415;4,79637521403736
6096;30,419;4,60502571549632
6097;30,423;4,4135599186377
6098;30,427;4,2088748796797
6099;30,431;4,10443899048408
6100;30,435;4,01605226911586
6101;30,439;3,79996999503406
6102;30,443;3,70437277797527
6103;30,448;3,59637040704024
6104;30,452;3,36443279566037
6105;30,456;3,32527902873848
6106;30,460;3,19599406568451
6107;30,464;3,08930974234883
6108;30,468;2,99743407145291
6109;30,472;2,90974513999022
6110;30,476;2,78933761517895
6111;30,480;2,7390579758743
6112;30,485;2,67652824711687
6113;30,489;2,59682513346201
6114;30,493;2,49808786182829
6115;30,497;2,45920545764745
6116;30,501;2,37737020817011
6117;30,505;2,32135318519771
6118;30,509;2,24692226194025
6119;30,513;2,18036085817304
6120;30,518;2,10988407771364
6121;30,522;1,9776141245082
6122;30,526;2,0151784810897
6123;30,530;2,02432728207343
6124;30,534;1,99804386229814
6125;30,538;2,0318479066109
6126;30,542;2,04623013188617
6127;30,546;2,09775028657844
6128;30,551;2,35849111461471
6129;30,555;2,47746429350904
6130;30,559;2,70095089381072
6131;30,563;3,13404582851503
6132;30,567;3,59047795894902
6133;30,571;4,22403242707223
6134;30,575;5,14220764444348
6135;30,579;6,12632400788813
6136;30,584;7,4228176523789
6137;30,588;8,91035066656381
6138;30,592;10,6112910935259
6139;30,596;12,6681043723128
6140;30,600;14,7421685682088
6141;30,604;16,8579450940136
6142;30,608;19,2611335286887
6143;30,612;21,9784824852795
6144;30,617;24,3771740516744
6145;30,621;26,5115970743995
6146;30,625;28,7127753314211
6147;30,629;30,6850397333202
6148;30,633;32,3601231676716
6149;30,637;33,6775505093285
6150;30,641;35,5230109789488
6151;30,645;36,3194993900153
6152;30,649;36,8654812249934
6153;30,654;38,3324682030708
6154;30,658;39,1700874524582
6155;30,662;39,1910211496244
6156;30,666;39,7806148536987
6157;30,670;39,7186278504233
6158;30,674;40,2728668659503
6159;30,678;39,9403312098553
6160;30,682;40,0880300731943
6161;30,687;39,2502945254893
6162;30,691;38,4338415699032
6163;30,695;37,5701327312699
6164;30,699;36,4221908044471
6165;30,703;34,7956425346365
6166;30,707;33,7500818933986
6167;30,711;32,1643543330621
6168;30,715;30,385455267209
6169;30,720;28,7886018344897
6170;30,724;27,1202249364527
6171;30,728;25,0789956322229
6172;30,732;23,5282738654808
6173;30,736;21,8579586621507
6174;30,740;20,4193097074593
6175;30,744;19,0631162599391
6176;30,748;17,5905857287233
6177;30,753;16,2447428314686
6178;30,757;15,1527791615124
6179;30,761;14,3541586146234
6180;30,765;13,0402202224942
6181;30,769;12,2976554646835
6182;30,773;11,3240447159278
6183;30,777;10,7421267008144
6184;30,781;9,80022662665488
6185;30,786;9,19590180235256
6186;30,790;8,59049152708607
6187;30,794;8,35735216642444
6188;30,798;7,72810073605205
6189;30,802;7,27054438854803
6190;30,806;6,83054908700006
6191;30,810;6,69180519411546
6192;30,814;6,18749692294035
6193;30,818;5,84809966610753
6194;30,823;5,57693075559405
6195;30,827;5,41473336866218
6196;30,831;4,90302077126718
6197;30,835;4,79168451522791
6198;30,839;4,58610785583506
6199;30,843;4,18363814476272
6200;30,847;4,11440187969094
6201;30,851;3,96255504302456
6202;30,856;3,93778350137794
6203;30,860;3,58974140293762
6204;30,864;3,41114595322559
6205;30,868;3,25437582111458
6206;30,872;3,05500173865985
6207;30,876;3,06093295285693
6208;30,880;2,91908777150327
6209;30,884;2,79875777890372
6210;30,889;2,71734895659088
6211;30,893;2,63783967346534
6212;30,897;2,56158674323231
6213;30,901;2,48041051755465
6214;30,905;2,30441239693546
6215;30,909;2,36934562425642
6216;30,913;2,16683148722676
6217;30,917;2,16667642280331
6218;30,922;2,07790204037645
6219;30,926;2,02680831284868
6220;30,930;1,88996395915138
6221;30,934;1,84445255086792
6222;30,938;1,84499527635
6223;30,942;1,73571362392148
6224;30,946;1,69562947045887
6225;30,950;1,60763041014928
6226;30,955;1,58661918077139
6227;30,959;1,55192351602378
6228;30,963;1,54983014630716
6229;30,967;1,52009654311004
6230;30,971;1,43907538185583
6231;30,975;1,47446883650899
6232;30,979;1,40282907287369
6233;30,983;1,49435584881684
6234;30,987;1,54393769821595
6235;30,992;1,53199773761006
6236;30,996;1,69973867768038
6237;31,000;1,84883312083046
6238;31,004;1,88759922669372
6239;31,008;2,33228522705114
6240;31,012;2,64299556554515
6241;31,016;3,22433208907056
6242;31,020;3,94150504754081
6243;31,025;4,97497066374939
6244;31,029;5,99075893568432
6245;31,033;7,52678834830416
6246;31,037;9,25695841908719
6247;31,041;11,4721312403254
6248;31,045;13,571548469456
6249;31,049;15,9754734601424
6250;31,053;18,6193606461224
6251;31,058;21,5153438185312
6252;31,062;24,2845230586613
6253;31,066;27,43737044852
6254;31,070;30,0603239373338
6255;31,074;32,2153317622723
6256;31,078;34,0619552150685
6257;31,082;35,5639867528463
6258;31,086;37,1602974600835
6259;31,091;37,5138443455564
6260;31,095;37,5786225084539
6261;31,099;37,130098663616
6262;31,103;36,1359031126469
6263;31,107;34,8773227196904
6264;31,111;33,7143783098986
6265;31,115;32,0273161488355
6266;31,119;30,2328331084253
6267;31,124;28,2347117139154
6268;31,128;26,7149640657582
6269;31,132;24,5725552252253
6270;31,136;22,8972004281329
6271;31,140;21,1179137012211
6272;31,144;19,4071266833697
6273;31,148;17,8090327352628
6274;31,152;16,6688052635068
6275;31,156;15,643054102365
6276;31,161;14,2741453721217
6277;31,165;13,3999309187994
6278;31,169;12,4245756952798
6279;31,173;11,6166125168778
6280;31,177;10,7336756897362
6281;31,181;9,85829825323804
6282;31,185;9,434197055094
6283;31,189;8,88868041338625
6284;31,194;8,30540558456768
6285;31,198;7,9640700224417
6286;31,202;7,2924084722549
6287;31,206;6,88288332991546
6288;31,210;6,58957897295405
6289;31,214;6,32372101894383
6290;31,218;5,81297757419542
6291;31,222;5,54363067065751
6292;31,227;5,29564389145025
6293;31,231;5,03342995139118
6294;31,235;4,89286405153101
6295;31,239;4,70430571261213
6296;31,243;4,45573744181692
6297;31,247;4,19976484480183
6298;31,251;3,94821158385516
6299;31,255;3,95487935406364
6300;31,260;3,774190534635
6301;31,264;3,64223071027647
6302;31,268;3,4319245859683
6303;31,272;3,38877791014249
6304;31,276;3,23526413092399
6305;31,280;3,05957613915171
6306;31,284;2,91974679530294
6307;31,288;2,88679560531918
6308;31,293;2,85097572350153
6309;31,297;2,66284381174714
6310;31,301;2,61089722989037
6311;31,305;2,42920049170929
6312;31,309;2,5241386849684
6313;31,313;2,37647858773526
6314;31,317;2,25665255451193
6315;31,321;2,17361555575283
6316;31,325;2,11786989552147
6317;31,330;2,09933969691883
6318;31,334;1,98769331203265
6319;31,338;1,97408640887465
6320;31,342;1,78141886273426
6321;31,346;1,86193606461224
6322;31,350;1,7419162008596
6323;31,354;1,71477992675532
6324;31,358;1,63705388449949
6325;31,363;1,57367130141306
6326;31,367;1,56944579587397
6327;31,371;1,52408945201396
6328;31,375;1,45376773597801
6329;31,379;1,46477731004317
6330;31,383;1,36879243192575
6331;31,387;1,36456692638665
6332;31,391;1,33944648978726
6333;31,396;1,20372635316
6334;31,400;1,25082717178386
6335;31,404;1,22264421282127
6336;31,408;1,20043123416162
6337;31,412;1,17317866173975
6338;31,416;1,10173272863377
6339;31,420;1,11320749596929
6340;31,424;1,08277610286664
6341;31,429;1,04571570566136
6342;31,433;1,03951312872324
6343;31,437;1,00322805363523
6344;31,441;0,996792880061933
6345;31,445;0,995436066356719
6346;31,449;0,865453313397217
6347;31,453;0,946978434027647
6348;31,457;0,942481565747509
6349;31,462;0,903521629354936
6350;31,466;0,829013173885756
6351;31,470;0,789781874752139
6352;31,474;0,76062976314297
6353;31,478;0,801954431993202
6354;31,482;0,880300731942845
6355;31,486;0,789122850952464
6356;31,490;0,743262547716231
6357;31,494;0,769158306432886
6358;31,499;0,752411348699959
6359;31,503;0,753535565769994
6360;31,507;0,720700674103815
6361;31,511;0,635647837839829
6362;31,515;0,715428483706412
6363;31,519;0,707442665898581
6364;31,523;0,706395981040273
6365;31,527;0,686586500944149
6366;31,532;0,629755389748613
6367;31,536;0,631809993359366
6368;31,540;0,571761295377181
6369;31,544;0,62816597940822
6370;31,548;0,572071424224087
6371;31,552;0,577421146833216
6372;31,556;0,600293149292538
6373;31,560;0,599207698328367
6374;31,565;0,547726309741961
6375;31,569;0,481746397562697
6376;31,573;0,550246106623073
6377;31,577;0,505316189927558
6378;31,581;0,573738366776207
6379;31,585;0,480118221116441
6380;31,589;0,522489574824981
6381;31,593;0,552339476339689
6382;31,598;0,557379070101912
6383;31,602;0,508882671666977
6384;31,606;0,459494652797188
6385;31,610;0,495663429567607
6386;31,614;0,530242795997632
6387;31,618;0,506324108680002
6388;31,622;0,43631252149096
6389;31,626;0,43821206067826
6390;31,631;0,437901931831354
6391;31,635;0,501439579341232
6392;31,639;0,469457542004045
6393;31,643;0,448368780414433
6394;31,647;0,463913988865599
6395;31,651;0,406191257235209
6396;31,655;0,377581871108125
6397;31,659;0,468217026616421
6398;31,663;0,434180385668481
6399;31,668;0,410029101715672
6400;31,672;0,367270086948499
6401;31,676;0,405687297858987
6402;31,680;0,401461792319892
6403;31,684;0,40049263967331
6404;31,688;0,355717787401248
6405;31,692;0,420728546933931
6406;31,696;0,407780667575603
6407;31,701;0,413440519031638
6408;31,705;0,39882569712119
6409;31,709;0,428675598635898
6410;31,713;0,387777356950162
6411;31,717;0,349864105415896
6412;31,721;0,444957363098466
6413;31,725;0,390219621619547
6414;31,729;0,406501386082115
6415;31,734;0,331372672919123
6416;31,738;0,394290062735189
6417;31,742;0,450966109507271
6418;31,746;0,315284738985871
6419;31,750;0,326449377474489
6420;31,754;0,396460964663532
6421;31,758;0,369867416041337
6422;31,762;0,357074601106462
6423;31,767;0,407005345458337
6424;31,771;0,337807846492423
6425;31,775;0,338854531350731
6426;31,779;0,386769438197717
6427;31,783;0,392312991336163
6428;31,787;0,355911617930564
6429;31,791;0,28849735983436
6430;31,795;0,341606924867023
6431;31,800;0,341141731596663
6432;31,804;0,307143856754587
6433;31,808;0,332031696718798
6434;31,812;0,344165487853998
6435;31,816;0,369053327818209
6436;31,820;0,289078851422309
6437;31,824;0,367967876854037
6438;31,828;0,298266418511901
6439;31,832;0,311950853881631
6440;31,837;0,332845784941926
6441;31,841;0,320363098853958
6442;31,845;0,327922489497293
6443;31,849;0,3513372174387
6444;31,853;0,340560240008715
6445;31,857;0,287140546129146
6446;31,861;0,277797914616101
6447;31,865;0,302918351215492
6448;31,870;0,283341467754547
6449;31,874;0,332729486624337
6450;31,878;0,327922489497293
6451;31,882;0,294738702878345
6452;31,886;0,365564378290516
6453;31,890;0,285744966318069
6454;31,894;0,430420073399745
6455;31,898;0,392235459124436
6456;31,903;0,39739135120425
6457;31,907;0,579708347079148
6458;31,911;0,661233467709578
6459;31,915;0,816530487797787
6460;31,919;0,951940495578144
6461;31,923;1,34991333837034
6462;31,927;1,5857663264424
6463;31,931;2,18408240433591
6464;31,936;2,77712629183202
6465;31,940;3,66293181080745
6466;31,944;4,6318518607537
6467;31,948;5,89651853233074
6468;31,952;7,36691692772408
6469;31,956;9,44144631689043
6470;31,960;11,512796885376
6471;31,964;14,0448438559405
6472;31,969;16,7804904144988
6473;31,973;19,7674964034745
6474;31,977;23,1482884958092
6475;31,981;26,4161549217642
6476;31,985;29,1898697962802
6477;31,989;32,6459844323072
6478;31,993;35,6396969575972
6479;31,997;37,684066316402
6480;32,001;39,192533027753
6481;32,006;39,9038910703438
6482;32,010;40,596137422744
6483;32,014;40,247707663245
6484;32,018;39,2102491381326
6485;32,022;37,83261803407
6486;32,026;36,0378636309188
6487;32,030;34,3930952913525
6488;32,034;32,6514892193398
6489;32,039;30,2067822852852
6490;32,043;27,7059420299406
6491;32,047;25,849510752361
6492;32,051;23,5953004625184
6493;32,055;21,8963758730612
6494;32,059;20,0539003935923
6495;32,063;18,5865257544563
6496;32,067;17,0823233147502
6497;32,072;15,8767749546146
6498;32,076;14,6816934430621
6499;32,080;13,6814891456842
6500;32,084;12,5504104749119
6501;32,088;11,8208711286713
6502;32,092;10,9271185579939
6503;32,096;10,3405098440711
6504;32,100;9,70265233819706
6505;32,105;9,01056105022033
6506;32,109;8,66127843639238
6507;32,113;8,10866759731165
6508;32,117;7,50690133599631
6509;32,121;7,30884530114093
6510;32,125;6,82236943866291
6511;32,129;6,4177675917681
6512;32,133;6,13776000911779
6513;32,138;5,57208499236114
6514;32,142;5,40911228331201
6515;32,146;5,21028092633936
6516;32,150;5,03796558577718
6517;32,154;4,89336801090723
6518;32,158;4,53838677951739
6519;32,162;4,33955542254474
6520;32,166;4,24027542542894
6521;32,170;4,01768044556211
6522;32,175;3,92739418500659
6523;32,179;3,77473326011708
6524;32,183;3,55477437544896
6525;32,187;3,39757781617345
6526;32,191;3,30306605007883
6527;32,195;3,14431884656879
6528;32,199;3,05496297255398
6529;32,203;2,8891991038827
6530;32,208;2,84969644200804
6531;32,212;2,69843109692961
6532;32,216;2,58116362669326
6533;32,220;2,60194225943596
6534;32,224;2,49866935341624
6535;32,228;2,39826513923041
6536;32,232;2,32573375516025
6537;32,236;2,22874095829038
6538;32,241;2,14601408837819
6539;32,245;2,06464403217122
6540;32,249;2,03890333787801
6541;32,253;2,00823934814018
6542;32,257;1,90868798828333
6543;32,261;1,84987980568877
6544;32,265;1,88147418196733
6545;32,269;1,81479647988252
6546;32,274;1,74238139412996
6547;32,278;1,66399632807445
6548;32,282;1,60255205028119
6549;32,286;1,53444000227945
6550;32,290;1,53835537897164
6551;32,294;1,54184432849933
6552;32,298;1,45628753285912
6553;32,302;1,4167461048786
6554;32,307;1,48291984758718
6555;32,311;1,32715763422861
6556;32,315;1,36735808600881
6557;32,319;1,33056905154458
6558;32,323;1,32180791161948
6559;32,327;1,199190718774
6560;32,331;1,28152992762756
6561;32,335;1,2287304914418
6562;32,339;1,21911649718771
6563;32,344;1,16550297277883
6564;32,348;1,16061844344006
6565;32,352;1,11033880413541
6566;32,356;1,12762848735043
6567;32,360;1,11150178731131
6568;32,364;1,15321411722018
6569;32,368;1,06854894201482
6570;32,372;1,04842933307179
6571;32,377;1,12282149022338
6572;32,381;1,10235298632758
6573;32,385;1,03602417919555
6574;32,389;1,09898033511748
6575;32,393;0,966012592006507
6576;32,397;1,05583365929167
6577;32,401;1,15057802202147
6578;32,405;1,20205941060788
6579;32,410;1,32289336258365
6580;32,414;1,36456692638665
6581;32,418;1,54560464076807
6582;32,422;1,71094208227486
6583;32,426;2,0363835409969
6584;32,430;2,5643391367486
6585;32,434;2,99751160366464
6586;32,438;3,6657229704296
6587;32,443;4,52121339461996
6588;32,447;5,64729123773586
6589;32,451;6,81376336316127
6590;32,455;8,03776438968775
6591;32,459;9,91543949328048
6592;32,463;11,8489377893163
6593;32,467;13,6726117074415
6594;32,471;15,8841017486227
6595;32,476;18,084233320786
6596;32,480;20,2483511806024
6597;32,484;22,3245862784267
6598;32,488;24,2266840287133
6599;32,492;26,8974748921624
6600;32,496;28,7001375809097
6601;32,500;31,4012435391439
6602;32,504;32,9426226743728
6603;32,508;35,0490565686647
6604;32,513;37,206080231108
6605;32,517;39,3992339042159
6606;32,521;41,2474467673526
6607;32,525;42,6484538332507
6608;32,529;43,778679649694
6609;32,533;45,3185081406884
6610;32,537;45,234424457071
6611;32,541;45,7660628328797
6612;32,546;45,3269203856607
6613;32,550;45,0352442051456
6614;32,554;44,0861336352955
6615;32,558;42,8175515870262
6616;32,562;41,3458739101394
6617;32,566;39,2918130248688
6618;32,570;36,7777535274249
6619;32,574;35,0777047208976
6620;32,579;33,0198059911466
6621;32,583;31,1387970024496
6622;32,587;28,4876217885673
6623;32,591;26,6909678462288
6624;32,595;24,6312471095022
6625;32,599;22,9550782241867
6626;32,603;21,1687748321137
6627;32,607;19,542846819997
6628;32,612;18,2829096133352
6629;32,616;16,9062476619192
6630;32,620;15,8357991807171
6631;32,624;14,5685739461531
6632;32,628;13,7236279027575
6633;32,632;12,6123199459756
6634;32,636;12,0445127933964
6635;32,640;11,2893490511802
6636;32,645;10,6293173327524
6637;32,649;9,84360589911586
6638;32,653;9,34720591353685
6639;32,657;8,73640714955537
6640;32,661;8,30730512375498
6641;32,665;7,77783764987461
6642;32,669;7,49205391745068
6643;32,673;7,19638482803162
6644;32,677;6,74793851540546
6645;32,682;6,44036823148637
6646;32,686;6,03689060166159
6647;32,690;5,77304848515626
6648;32,694;5,48590793902712
6649;32,698;5,30812657753822
6650;32,702;4,96136376059138
6651;32,706;4,6284792095436
6652;32,710;4,63154173190679
6653;32,715;4,38421397649921
6654;32,719;4,31075220588834
6655;32,723;3,96522990432913
6656;32,727;3,87300533848044
6657;32,731;3,68444699956156
6658;32,735;3,61811819242952
6659;32,739;3,45844060237877
6660;32,743;3,38912680509526
6661;32,748;3,19281524500373
6662;32,752;3,17195908004929
6663;32,756;3,03464953308164
6664;32,760;2,96052873867109
6665;32,764;2,77359857619846
6666;32,768;2,56895230334633
6667;32,772;2,48234882284781
6668;32,776;2,44788575473538
6669;32,781;2,51107450729249
6670;32,785;2,47703786634455
6671;32,789;2,32910640637036
6672;32,793;2,26584012160152
6673;32,797;2,20075182985711
6674;32,801;2,12186280442538
6675;32,805;1,95129193862705
6676;32,809;1,9177980231612
6677;32,814;1,89938412287615
6678;32,818;1,75672485329936
6679;32,822;1,78083737114631
6680;32,826;1,71489622507291
6681;32,830;1,70725930221785
6682;32,834;1,7264097585143
6683;32,838;1,66891962351909
6684;32,842;1,55455961122248
6685;32,846;1,55165215328273
6686;32,851;1,45481442083632
6687;32,855;1,46946800885263
6688;32,859;1,50245796494226
6689;32,863;1,41682363709032
6690;32,867;1,34894418572376
6691;32,871;1,37336683241761
6692;32,875;1,31583793131654
6693;32,879;1,22516400970238
6694;32,884;1,2518350905363
6695;32,888;1,19504274544663
6696;32,892;1,231793013805
6697;32,896;1,19721364737497
6698;32,900;1,13840546478041
6699;32,904;1,11793696088461
6700;32,908;1,06835511148551
6701;32,912;1,0509491299529
6702;32,917;1,13317204048887
6703;32,921;1,02117676064992
6704;32,925;1,00985705773785
6705;32,929;0,97806885092998
6706;32,933;0,964190585030933
6707;32,937;1,0054764877753
6708;32,941;0,966981744653088
6709;32,945;0,906467853400543
6710;32,950;0,872857639617099
6711;32,954;0,947055966239374
6712;32,958;0,922827150074838
6713;32,962;0,852582966250616
6714;32,966;0,851575047498171
6715;32,970;0,875532500921664
6716;32,974;0,83370387269521
6717;32,978;0,881463715118743
6718;32,983;0,845294938348324
6719;32,987;0,805482147626758
6720;32,991;0,781951121367761
6721;32,995;0,773538876395435
6722;32,999;0,799124506265184
6723;33,003;0,760319634296064
6724;33,007;0,713839073366018
6725;33,011;0,739424703235768
6726;33,015;0,739424703235768
6727;33,020;0,679298473041856
6728;33,024;0,732756933027288
6729;33,028;0,679763666312215
6730;33,032;0,715854910870908
6731;33,036;0,683717809110267
6732;33,040;0,725817800077765
6733;33,044;0,683407680263361
6734;33,048;0,640299770543419
6735;33,053;0,677515232172146
6736;33,057;0,662977942473425
6737;33,061;0,657473155440842
6738;33,065;0,639253085685112
6739;33,069;0,645571960940822
6740;33,073;0,646153452528771
6741;33,077;0,66197002372098
6742;33,081;0,653480246536927
6743;33,086;0,687361823061414
6744;33,090;0,597889650729016
6745;33,094;0,553618757833176
6746;33,098;0,616768744284422
6747;33,102;0,576762123033541
6748;33,106;0,617078873131328
6749;33,110;0,606069299066163
6750;33,114;0,559782568665434
6751;33,119;0,610023441864216
6752;33,123;0,610217272393532
6753;33,127;0,5400893868869
6754;33,131;0,527335338057888
6755;33,135;0,556216086926015
6756;33,139;0,547997672483004
6757;33,143;0,479381665105039
6758;33,147;0,498338290872172
6759;33,152;0,497136541590411
6760;33,156;0,494655510815162
6761;33,160;0,5196208829911
6762;33,164;0,460928998714128
6763;33,168;0,439103681113114
6764;33,172;0,485235347090391
6765;33,176;0,439568874383474
6766;33,180;0,481475034821655
6767;33,184;0,406036192811756
6768;33,189;0,403477629824781
6769;33,193;0,481436268715791
6770;33,197;0,386498075456674
6771;33,201;0,404718145212405
6772;33,205;0,437204141925815
6773;33,209;0,457246218657119
6774;33,213;0,389715662243325
6775;33,217;0,394173764417599
6776;33,222;0,425923205119607
6777;33,226;0,405648531753123
6778;33,230;0,371999551863816
6779;33,234;0,437242908031678
6780;33,238;0,398205439427378
6781;33,242;0,36513795112602
6782;33,246;0,364517693432208
6783;33,250;0,386885736515307
6784;33,255;0,39382486946483
6785;33,259;0,39572440865213
6786;33,263;0,369053327818209
6787;33,267;0,404485548577226
6788;33,271;0,336140903940303
6789;33,275;0,357888689329591
6790;33,279;0,390646048784043
6791;33,283;0,357384729953368
6792;33,288;0,36645599872537
6793;33,292;0,309973782482605
6794;33,296;0,293808316337626
6795;33,300;0,327379764015207
6796;33,304;0,311989619987494
6797;33,308;0,313152603163392
6798;33,312;0,357345963847505
6799;33,316;0,32765112675625
6800;33,321;0,334590259705773
6801;33,325;0,387699824738435
6802;33,329;0,410455528880167
6803;33,333;0,396460964663532
6804;33,337;0,35145351575629
6805;33,341;0,376225057402911
6806;33,345;0,307686582236673
6807;33,349;0,370061246570653
6808;33,353;0,339280958515227
6809;33,358;0,441041986406277
6810;33,362;0,35156981407388
6811;33,366;0,429218324117984
6812;33,370;0,456587194857443
6813;33,374;0,433211233021899
6814;33,378;0,383900746363836
6815;33,382;0,400182510826404
6816;33,386;0,409021182963227
6817;33,391;0,385218793963187
6818;33,395;0,398476802168421
6819;33,399;0,371456826381731
6820;33,403;0,406113725023483
6821;33,407;0,405997426705893
6822;33,411;0,402624775495789
6823;33,415;0,382311336023443
6824;33,419;0,370448907629286
6825;33,424;0,407664369258013
6826;33,428;0,420767313039794
6827;33,432;0,428636832530035
6828;33,436;0,428055340942086
6829;33,440;0,3987093988036
6830;33,444;0,391460137007171
6831;33,448;0,389366767290555
6832;33,452;0,398282971639105
6833;33,457;0,377620637213989
6834;33,461;0,293536953596584
6835;33,465;0,373085002827987
6836;33,469;0,356066682354018
6837;33,473;0,380799457894776
6838;33,477;0,407005345458337
6839;33,481;0,371999551863816
6840;33,485;0,388242550220521
6841;33,490;0,345328471029895
6842;33,494;0,288962553104719
6843;33,498;0,304275164920706
6844;33,502;0,336489798893073
6845;33,506;0,292722865373455
6846;33,510;0,354864933072257
6847;33,514;0,398399269956694
6848;33,518;0,320285566642231
6849;33,522;0,340947901067347
6850;33,527;0,309120928153613
6851;33,531;0,264307309775688
6852;33,535;0,376961613414313
6853;33,539;0,353508119367043
6854;33,543;0,356919536683009
6855;33,547;0,322882895735069
6856;33,551;0,346685284735109
6857;33,555;0,253762928980882
6858;33,560;0,273960070135639
6859;33,564;0,334939154658542
6860;33,568;0,284116789871812
6861;33,572;0,322689065205753
6862;33,576;0,256670386920626
6863;33,580;0,307376453389766
6864;33,584;0,289311448057489
6865;33,588;0,286907949493967
6866;33,593;0,306368534637322
6867;33,597;0,325596523145497
6868;33,601;0,298925442311576
6869;33,605;0,268842944161689
6870;33,609;0,281480694673111
6871;33,613;0,296366879324601
6872;33,617;0,286171393482565
6873;33,621;0,277061358604699
6874;33,626;0,269850862914133
6875;33,630;0,294777468984208
6876;33,634;0,269385669643774
6877;33,638;0,285202240835983
6878;33,642;0,29694837091255
6879;33,646;0,330403520272541
6880;33,650;0,29516513004284
6881;33,654;0,352732797249777
6882;33,659;0,404679379106542
6883;33,663;0,444569702039834
6884;33,667;0,523536259683289
6885;33,671;0,680151327370848
6886;33,675;0,742177096752059
6887;33,679;0,979464430741057
6888;33,683;1,17709403843194
6889;33,687;1,51342877290156
6890;33,692;2,04681162347412
6891;33,696;2,71738772269674
6892;33,700;3,46607752523383
6893;33,704;4,43236147998138
6894;33,708;5,7529676423191
6895;33,712;7,24460986372551
6896;33,716;8,88391218236507
6897;33,720;11,0275227721797
6898;33,724;13,7812731021762
6899;33,729;16,6232163230116
6900;33,733;20,0572730448024
6901;33,737;23,4792735076697
6902;33,741;26,953995874511
6903;33,745;31,3234787307822
6904;33,749;36,3981558188119
6905;33,753;41,3361436175677
6906;33,757;47,354697851156
6907;33,762;52,31078942135
6908;33,766;57,2906446144381
6909;33,770;62,1584657615815
6910;33,774;67,2590386083278
6911;33,778;71,6967498109183
6912;33,782;74,9265479209156
6913;33,786;77,7859358893894
6914;33,790;79,8928737430575
6915;33,795;79,6376764681597
6916;33,799;78,9517102249093
6917;33,803;76,5261537471512
6918;33,807;73,3188787446605
6919;33,811;69,167493999976
6920;33,815;65,0258395478632
6921;33,819;60,4006554573179
6922;33,823;56,0885852038302
6923;33,828;51,687081544116
6924;33,832;47,5549247879397
6925;33,836;43,9466919525053
6926;33,840;40,5260483033432
6927;33,844;37,2458542557237
6928;33,848;33,7412432212618
6929;33,852;31,0501001522345
6930;33,856;28,8166297290288
6931;33,861;26,7141887436409
6932;33,865;24,784411993768
6933;33,869;23,027570842151
6934;33,873;21,323180231767
6935;33,877;20,0750279212877
6936;33,881;18,7517468976455
6937;33,885;17,518093110759
6938;33,889;16,4431477612768
6939;33,893;15,5181497092736
6940;33,898;14,7610476617642
6941;33,902;13,8216673844857
6942;33,906;12,9360169299338
6943;33,910;12,5059845175926
6944;33,914;11,7053481331988
6945;33,918;11,1299428238705
6946;33,922;10,5821777480226
6947;33,926;9,95575624337826
6948;33,931;9,60232565622295
6949;33,935;9,13817907072217
6950;33,939;8,67531176671488
6951;33,943;8,33176653655469
6952;33,947;7,94949396663711
6953;33,951;7,64905664619687
6954;33,955;7,23212717763754
6955;33,959;7,14846992118463
6956;33,964;6,86210469717275
6957;33,968;6,46339529836915
6958;33,972;6,37985434023383
6959;33,976;6,12713809611126
6960;33,980;5,83941605839416
6961;33,984;5,49738270636264
6962;33,988;5,35212610769302
6963;33,992;5,13906758986856
6964;33,997;5,09394384264372
6965;34,001;4,7743948320129
6966;34,005;4,75842319639723
6967;34,009;4,48927012338864
6968;34,013;4,34513774178905
6969;34,017;4,10730768231797
6970;34,021;4,02810852803933
6971;34,025;3,95693395767439
6972;34,030;3,75713344805516
6973;34,034;3,6468438768742
6974;34,038;3,6490535449084
6975;34,042;3,55613118915417
6976;34,046;3,45219925933478
6977;34,050;3,24045878910967
6978;34,054;3,21506698976924
6979;34,058;3,21398153880507
6980;34,062;3,09783828563875
6981;34,067;3,02189548425263
6982;34,071;2,81151182773273
6983;34,075;2,830429687394
6984;34,079;2,79918420606821
6985;34,083;2,58306316588055
6986;34,087;2,49688611254653
6987;34,091;2,59946122866071
6988;34,095;2,46358602761
6989;34,100;2,36244525741276
6990;34,104;2,32007390370422
6991;34,108;2,25610982902984
6992;34,112;2,20838875271217
6993;34,116;2,2111023801226
6994;34,120;2,12174650610779
6995;34,124;2,0644502016419
6996;34,128;2,08042183725756
6997;34,133;1,96462747904401
6998;34,137;1,90671091688431
6999;34,141;1,88616488077678
7000;34,145;1,89217362718558
7001;34,149;1,74133470927165
7002;34,153;1,79475440315122
7003;34,157;1,85476433502754
7004;34,161;1,77517751969027
7005;34,166;1,73935763787262
7006;34,170;1,64058160013305
7007;34,174;1,70644521399472
7008;34,178;1,59196890338052
7009;34,182;1,46407952013764
7010;34,186;1,60937488491312
7011;34,190;1,54719405110846
7012;34,194;1,52676431331852
7013;34,199;1,46516497110181
7014;34,203;1,46636672038357
7015;34,207;1,4731895550155
7016;34,211;1,37259151030035
7017;34,215;1,34871158908858
7018;34,219;1,33964032031658
7019;34,223;1,28129733099238
7020;34,227;1,27823480862918
7021;34,231;1,24664043235063
7022;34,236;1,23249080371054
7023;34,240;1,18601024278049
7024;34,244;1,23287846476917
7025;34,248;1,22349706715026
7026;34,252;1,19054587716649
7027;34,256;1,23830571959003
7028;34,260;1,21706189357696
7029;34,264;1,11092029572336
7030;34,269;1,16023078238143
7031;34,273;1,11514580126246
7032;34,277;1,12243382916475
7033;34,281;1,02567362893006
7034;34,285;1,03575281645451
7035;34,289;1,03869904050011
7036;34,293;1,03664443688936
7037;34,297;1,02210714719064
7038;34,302;1,08308623171354
7039;34,306;0,935503666692123
7040;34,310;1,01008965437303
7041;34,314;1,02369655753103
7042;34,318;0,945660386428297
7043;34,322;0,928719598166053
7044;34,326;0,957522814822453
7045;34,330;0,950118488602571
7046;34,335;0,900148978144833
7047;34,339;0,917322363042255
7048;34,343;0,89654373029955
7049;34,347;0,887394929315821
7050;34,351;0,838433337610527
7051;34,355;0,859948526364635
7052;34,359;0,894101465630164
7053;34,363;0,850760959275043
7054;34,368;0,771445506678819
7055;34,372;0,791293752880806
7056;34,376;0,818042365926454
7057;34,380;0,807265388496468
7058;34,384;0,797418797607201
7059;34,388;0,810909402447614
7060;34,392;0,756908216980097
7061;34,396;0,788114932200019
7062;34,400;0,729384281817185
7063;34,405;0,720429311362772
7064;34,409;0,769274604750476
7065;34,413;0,707752794745487
7066;34,417;0,739114574388862
7067;34,421;0,730237136146176
7068;34,425;0,698138800491399
7069;34,429;0,74682902945565
7070;34,433;0,699883275255246
7071;34,438;0,711396808696633
7072;34,442;0,681275544440882
7073;34,446;0,697479776691724
7074;34,450;0,632352718841452
7075;34,454;0,657705752076022
7076;34,458;0,705698191134734
7077;34,462;0,624366901033621
7078;34,466;0,672979597786145
7079;34,471;0,60591423464271
7080;34,475;0,69077324037738
7081;34,479;0,64328476069489
7082;34,483;0,608627862053138
7083;34,487;0,570249417248514
7084;34,491;0,599983020445632
7085;34,495;0,639059255155795
7086;34,499;0,616226018802337
7087;34,504;0,631926291676956
7088;34,508;0,634407322452204
7089;34,512;0,719382626504464
7090;34,516;0,836417500105638
7091;34,520;0,943567016711681
7092;34,524;0,95380126865958
7093;34,528;1,16887562398893
7094;34,532;1,33308884842569
7095;34,537;1,75978737566256
7096;34,541;2,06642727304093
7097;34,545;2,70129978876349
7098;34,549;3,49317503323224
7099;34,553;4,28458508443064
7100;34,557;5,60119833786444
7101;34,561;6,92033138817936
7102;34,565;8,46186558783178
7103;34,569;10,5395737976789
7104;34,574;12,5346326698256
7105;34,578;15,2094552082845
7106;34,582;17,6543172067625
7107;34,586;20,6063949343554
7108;34,590;23,4387629270426
7109;34,594;26,4335609032968
7110;34,598;29,4959669681765
7111;34,602;31,9397047495845
7112;34,607;34,1591806085736
7113;34,611;35,4633887081312
7114;34,615;37,0017440871028
7115;34,619;37,7150016688809
7116;34,623;37,8084667501172
7117;34,627;37,2874890534209
7118;34,631;36,6492826525941
7119;34,635;35,2996406769648
7120;34,640;33,9458119619022
7121;34,644;32,1175248771793
7122;34,648;30,1545643406874
7123;34,652;28,7375081069619
7124;34,656;26,4746917416177
7125;34,660;25,0458893778156
7126;34,664;23,0569943165012
7127;34,668;21,3695832604854
7128;34,673;20,2473044957441
7129;34,677;18,7754717544338
7130;34,681;17,5575957726337
7131;34,685;16,1743435832209
7132;34,689;15,0624153687451
7133;34,693;14,4079659695616
7134;34,697;13,3695770579084
7135;34,701;12,371776259094
7136;34,706;11,6095570856107
7137;34,710;10,8488110241501
7138;34,714;10,3823772384034
7139;34,718;9,52397935627331
7140;34,722;8,96555360131309
7141;34,726;8,72667685698369
7142;34,730;8,16127320296809
7143;34,734;7,54702425556478
7144;34,738;7,34931711566217
7145;34,743;6,99491737586027
7146;34,747;6,56158984452078
7147;34,751;6,40071050518826
7148;34,755;5,99564346502309
7149;34,759;5,65298985529776
7150;34,763;5,54025801944741
7151;34,767;5,24028589227752
7152;34,771;5,07688675606389
7153;34,776;4,85405917956189
7154;34,780;4,68461253083359
7155;34,784;4,41150531502694
7156;34,788;4,3695603884829
7157;34,792;4,11044773689289
7158;34,796;4,03031819607354
7159;34,800;3,80291621907967
7160;34,804;3,80578491091355
7161;34,809;3,54872686293429
7162;34,813;3,41994585925655
7163;34,817;3,32376715060981
7164;34,821;3,19215622120405
7165;34,825;3,26596688676769
7166;34,829;3,02836942393179
7167;34,833;2,87698778053577
7168;34,837;2,8876096935423
7169;34,842;2,71862823808437
7170;34,846;2,58996353272421
7171;34,850;2,69800466976511
7172;34,854;2,58077596563462
7173;34,858;2,49851428899279
7174;34,862;2,38543355818967
7175;34,866;2,37035354300886
7176;34,870;2,39031808752844
7177;34,875;2,25052750978553
7178;34,879;2,18036085817304
7179;34,883;2,1644667547691
7180;34,887;2,12197910274297
7181;34,891;2,08503500385529
7182;34,895;1,94985759271011
7183;34,899;1,92764461405047
7184;34,903;1,90783513395434
7185;34,907;1,79739049834992
7186;34,912;1,85344628742819
7187;34,916;1,72125386643448
7188;34,920;1,67562615983343
7189;34,924;1,63596843353532
7190;34,928;1,63057994482032
7191;34,932;1,51641376305303
7192;34,936;1,49528623535756
7193;34,940;1,47396487713277
7194;34,945;1,4989302493087
7195;34,949;1,42604997028578
7196;34,953;1,34328433426773
7197;34,957;1,36666029610327
7198;34,961;1,34305173763255
7199;34,965;1,3049058894631
7200;34,969;1,23156041716982
7201;34,973;1,23849955011934
7202;34,978;1,19380223005901
7203;34,982;1,20768049595805
7204;34,986;1,20760296374633
7205;34,990;1,20163298344338
7206;34,994;1,15208990015014
7207;34,998;1,11855721857842
7208;35,002;1,12348051402306
7209;35,006;1,09095575120378
7210;35,011;1,06897536917932
7211;35,015;1,05071653331772
7212;35,019;1,06172610738289
7213;35,023;1,02148688949683
7214;35,027;0,906118958447774
7215;35,031;0,984891685561913
7216;35,035;0,934108086881046
7217;35,039;0,885805518975427
7218;35,044;0,936085158280072
7219;35,048;0,881812610071512
7220;35,052;0,916120613760494
7221;35,056;0,924687923156274
7222;35,060;0,842775141467212
7223;35,064;0,906467853400543
7224;35,068;0,859638397517729
7225;35,072;0,88607688171647
7226;35,076;0,905576232965689
7227;35,081;0,832657187836902
7228;35,085;0,837231588328766
7229;35,089;0,816491721691923
7230;35,093;0,782144951897078
7231;35,097;0,814126989234265
7232;35,101;0,742913652763461
7233;35,105;0,792340437739114
7234;35,109;0,704108780794341
7235;35,114;0,676429781207975
7236;35,118;0,76229670569509
7237;35,122;0,730663563310672
7238;35,126;0,694068359375757
7239;35,130;0,735741923178759
7240;35,134;0,728841556335099
7241;35,138;0,701162556748733
7242;35,142;0,676468547313838
7243;35,147;0,701627750019092
7244;35,151;0,68565611440343
7245;35,155;0,69445602043439
7246;35,159;0,708683181286205
7247;35,163;0,672940831680282
7248;35,167;0,654216802548329
7249;35,171;0,600099318763222
7250;35,175;0,620645354870748
7251;35,180;0,635298942887059
7252;35,184;0,640299770543419
7253;35,188;0,601068471409803
7254;35,192;0,593315250237152
7255;35,196;0,573970963411386
7256;35,200;0,584592876417919
7257;35,204;0,666389359789392
7258;35,208;0,59234609759057
7259;35,213;0,609015523111771
7260;35,217;0,57199389201236
7261;35,221;0,528614619551375
7262;35,225;0,613628689709498
7263;35,229;0,574862583846241
7264;35,233;0,580018475926054
7265;35,237;0,585639561276227
7266;35,241;0,623824175551535
7267;35,245;0,606301895701343
7268;35,250;0,568504942484667
7269;35,254;0,561333212899965
7270;35,258;0,58711267329903
7271;35,262;0,579979709820191
7272;35,266;0,522140679872211
7273;35,270;0,57889425885602
7274;35,274;0,533227786149103
7275;35,278;0,528382022916196
7276;35,283;0,51950458467351
7277;35,287;0,527335338057888
7278;35,291;0,546912221518833
7279;35,295;0,575056414375558
7280;35,299;0,516868489474808
7281;35,303;0,586957608875577
7282;35,307;0,597850884623153
7283;35,311;0,51272051614744
7284;35,316;0,55319233066868
7285;35,320;0,530824287585581
7286;35,324;0,556371151349468
7287;35,328;0,533964342160505
7288;35,332;0,550129808305483
7289;35,336;0,531599609702846
7290;35,340;0,55877464991299
7291;35,344;0,51927198803833
7292;35,349;0,561565809535144
7293;35,353;0,485235347090391
7294;35,357;0,5465245604602
7295;35,361;0,523148598624656
7296;35,365;0,594943426683408
7297;35,369;0,533964342160505
7298;35,373;0,596067643753443
7299;35,377;0,575754204281096
7300;35,382;0,596998030294161
7301;35,386;0,549315720082355
7302;35,390;0,583740022088927
7303;35,394;0,602192688479838
7304;35,398;0,550982662634475
7305;35,402;0,561449511217554
7306;35,406;0,610798763981481
7307;35,410;0,585872157911406
7308;35,414;0,560751721312016
7309;35,419;0,527374104163751
7310;35,423;0,538383678228916
7311;35,427;0,540554580157259
7312;35,431;0,504618400022019
7313;35,435;0,583662489877201
7314;35,439;0,502563796411267
7315;35,443;0,523962686847784
7316;35,447;0,459959846067547
7317;35,452;0,451818963836263
7318;35,456;0,491476690134375
7319;35,460;0,499191145201163
7320;35,464;0,526560015940623
7321;35,468;0,494771809132752
7322;35,472;0,478645109093637
7323;35,476;0,454959018411187
7324;35,480;0,520551269531818
7325;35,485;0,500121531741881
7326;35,489;0,450578448448639
7327;35,493;0,458176605197837
7328;35,497;0,520822632272861
7329;35,501;0,492329544463367
7330;35,505;0,462440876842795
7331;35,509;0,379520176401288
7332;35,513;0,492755971627862
7333;35,518;0,464456714347685
7334;35,522;0,495004405767931
7335;35,526;0,400221276932268
7336;35,530;0,462557175160385
7337;35,534;0,426582228919282
7338;35,538;0,464844375406317
7339;35,542;0,434025321245028
7340;35,546;0,378395959331254
7341;35,551;0,40750930483456
7342;35,555;0,392196693018573
7343;35,559;0,397081222357344
7344;35,563;0,437010311396499
7345;35,567;0,449803126331373
7346;35,571;0,435498433267832
7347;35,575;0,390801113207496
7348;35,579;0,399135825968096
7349;35,583;0,433986555139165
7350;35,588;0,463371263383513
7351;35,592;0,437087843608225
7352;35,596;0,446081580168501
7353;35,600;0,372658575663492
7354;35,604;0,3718057213345
7355;35,608;0,429334622435574
7356;35,612;0,422162892850871
7357;35,616;0,349243847722084
7358;35,621;0,356066682354018
7359;35,625;0,365603144396379
7360;35,629;0,392778184606522
7361;35,633;0,354399739801897
7362;35,637;0,391150008160265
7363;35,641;0,335792008987534
7364;35,645;0,340831602749757
7365;35,649;0,382272569917579
7366;35,654;0,36502165280843
7367;35,658;0,383629383622793
7368;35,662;0,369130860029935
7369;35,666;0,347654437381691
7370;35,670;0,377232976155356
7371;35,674;0,409253779598406
7372;35,678;0,398864463227053
7373;35,682;0,378124596590211
7374;35,687;0,34311880299569
7375;35,691;0,415611420959981
7376;35,695;0,341839521502202
7377;35,699;0,378512257648843
7378;35,703;0,353779482108085
7379;35,707;0,321642380347445
7380;35,711;0,406191257235209
7381;35,715;0,327030869062438
7382;35,720;0,333543574847465
7383;35,724;0,295746621630789
7384;35,728;0,341684457078749
7385;35,732;0,354322207590171
7386;35,736;0,387350929785666
7387;35,740;0,374984542015287
7388;35,744;0,324627370498916
7389;35,748;0,358625245340992
7390;35,752;0,30896586373016
7391;35,757;0,307453985601493
7392;35,761;0,365099185020156
7393;35,765;0,361300106645557
7394;35,769;0,293032994220361
7395;35,773;0,362114194868686
7396;35,777;0,375294670862193
7397;35,781;0,294971299513524
7398;35,785;0,376961613414313
7399;35,790;0,352810329461504
7400;35,794;0,377232976155356
7401;35,798;0,36502165280843
7402;35,802;0,378861152601613
7403;35,806;0,419216668805264
7404;35,810;0,307105090648724
7405;35,814;0,334280130858867
7406;35,818;0,351957475132512
7407;35,823;0,335249283505448
7408;35,827;0,356919536683009
7409;35,831;0,350678193639025
7410;35,835;0,323231790687839
7411;35,839;0,417782322888323
7412;35,843;0,329279303202507
7413;35,847;0,336295968363756
7414;35,851;0,372697341769355
7415;35,856;0,340327643373535
7416;35,860;0,381613546117904
7417;35,864;0,353314288837726
7418;35,868;0,369789883829611
7419;35,872;0,344979576077126
7420;35,876;0,36513795112602
7421;35,880;0,368200473489217
7422;35,884;0,357384729953368
7423;35,889;0,340715304432168
7424;35,893;0,33931972462109
7425;35,897;0,353857014319812
7426;35,901;0,312997538739939
7427;35,905;0,365913273243285
7428;35,909;0,348080864546187
7429;35,913;0,368975795606482
7430;35,917;0,400647704096763
7431;35,921;0,307764114448399
7432;35,926;0,334900388552679
7433;35,930;0,410649359409484
7434;35,934;0,331876632295345
7435;35,938;0,315401037303461
7436;35,942;0,320014203901188
7437;35,946;0,38192367496481
7438;35,950;0,345289704924032
7439;35,954;0,272486958112835
7440;35,959;0,292955462008635
7441;35,963;0,404679379106542
7442;35,967;0,330674883013584
7443;35,971;0,279387324956495
7444;35,975;0,306523599060775
7445;35,979;0,340521473902851
7446;35,983;0,342808674148784
7447;35,987;0,339784917891449
7448;35,992;0,383086658140708
7449;35,996;0,349515210463127
7450;36,000;0,330170923637362
7451;36,004;0,347189244111332
7452;36,008;0,349437678251401
7453;36,012;0,300437320440243
7454;36,016;0,348662356134135
7455;36,020;0,334241364753004
7456;36,025;0,315284738985871
7457;36,029;0,327573594544523
7458;36,033;0,251165599888043
7459;36,037;0,303616141121031
7460;36,041;0,297568628606362
7461;36,045;0,28683041728224
7462;36,049;0,315207206774144
7463;36,053;0,361997896551096
7464;36,058;0,333543574847465
7465;36,062;0,337265121010338
7466;36,066;0,355562722977795
7467;36,070;0,33098501186049
7468;36,074;0,340017514526629
7469;36,078;0,325557757039634
7470;36,082;0,331605269554302
7471;36,086;0,325945418098267
7472;36,090;0,292722865373455
7473;36,095;0,31931641399565
7474;36,099;0,265353994633996
7475;36,103;0,277759148510238
7476;36,107;0,31051650796469
7477;36,111;0,331527737342576
7478;36,115;0,286248925694291
7479;36,119;0,301871666357184
7480;36,123;0,298382716829491
7481;36,128;0,333039615471243
7482;36,132;0,227208146464551
7483;36,136;0,243722507562298
7484;36,140;0,410416762774304
7485;36,144;0,297413564182909
7486;36,148;0,350872024168341
7487;36,152;0,337691548174834
7488;36,156;0,313075070951665
7489;36,161;0,296560709853918
7490;36,165;0,312144684410947
7491;36,169;0,306058405790416
7492;36,173;0,272525724218698
7493;36,177;0,330093391425635
7494;36,181;0,346065027041297
7495;36,185;0,371185463640688
7496;36,189;0,32741853012107
7497;36,194;0,282759976166598
7498;36,198;0,319277647889786
7499;36,202;0,336140903940303
7500;36,206;0,30896586373016
7501;36,210;0,268183920362013
7502;36,214;0,281868355731743
7503;36,218;0,27349487686528
7504;36,222;0,275549480476032
7505;36,227;0,346956647476152
7506;36,231;0,249925084500419
7507;36,235;0,324937499345822
7508;36,239;0,32610048252172
7509;36,243;0,237597462835903
7510;36,247;0,277293955239879
7511;36,251;0,307880412765989
7512;36,255;0,293304356961404
7513;36,259;0,276169738169844
7514;36,264;0,330287221954951
7515;36,268;0,283147637225231
7516;36,272;0,302104262992363
7517;36,276;0,319393946207376
7518;36,280;0,308035477189442
7519;36,284;0,282837508378325
7520;36,288;0,266555743915757
7521;36,292;0,275627012687759
7522;36,297;0,282178484578649
7523;36,301;0,299158038946756
7524;36,305;0,342072118137382
7525;36,309;0,204529974534545
7526;36,313;0,298343950723628
7527;36,317;0,285357305259436
7528;36,321;0,286752885070514
7529;36,325;0,268842944161689
7530;36,330;0,348274695075503
7531;36,334;0,309624887529835
7532;36,338;0,312571111575443
7533;36,342;0,3020654968865
7534;36,346;0,252561179699121
7535;36,350;0,31074910459987
7536;36,354;0,283147637225231
7537;36,358;0,284465684824581
7538;36,363;0,279115962215452
7539;36,367;0,308810799306707
7540;36,371;0,314586949080332
7541;36,375;0,337187588798611
7542;36,379;0,295824153842516
7543;36,383;0,326798272427258
7544;36,387;0,299778296640568
7545;36,391;0,287024247811556
7546;36,396;0,254034291721925
7547;36,400;0,267873791515107
7548;36,404;0,286636586752924
7549;36,408;0,261826279000439
7550;36,412;0,304042568285526
7551;36,416;0,287528207187779
7552;36,420;0,313501498116161
7553;36,424;0,367502683583678
7554;36,428;0,330054625319772
7555;36,433;0,310904169023323
7556;36,437;0,396267134134215
7557;36,441;0,286403990117744
7558;36,445;0,315284738985871
7559;36,449;0,307996711083579
7560;36,453;0,264268543669824
7561;36,457;0,318192196925615
7562;36,461;0,304546527661749
7563;36,466;0,377853233849168
7564;36,470;0,306988792331134
7565;36,474;0,324782434922369
7566;36,478;0,331372672919123
7567;36,482;0,338079209233466
7568;36,486;0,343390165736732
7569;36,490;0,327573594544523
7570;36,494;0,359826994622753
7571;36,499;0,311214297870229
7572;36,503;0,309818718059152
7573;36,507;0,272564490324561
7574;36,511;0,300204723805064
7575;36,515;0,304275164920706
7576;36,519;0,284310620401128
7577;36,523;0,295010065619387
7578;36,527;0,271440273254527
7579;36,532;0,237054737353818
7580;36,536;0,273223514124237
7581;36,540;0,300165957699201
7582;36,544;0,336063371728577
7583;36,548;0,281635759096564
7584;36,552;0,365758208819832
7585;36,556;0,25981044149555
7586;36,560;0,259112651590011
7587;36,565;0,270122225655176
7588;36,569;0,273184748018374
7589;36,573;0,245001789055786
7590;36,577;0,316874149326264
7591;36,581;0,238295252741442
7592;36,585;0,29516513004284
7593;36,589;0,275549480476032
7594;36,593;0,225114776747935
7595;36,597;0,248258141948299
7596;36,602;0,306523599060775
7597;36,606;0,261283553518354
7598;36,610;0,328271384450062
7599;36,614;0,287954634352275
7600;36,618;0,280317711497213
7601;36,622;0,269540734067227
7602;36,626;0,227053082041098
7603;36,630;0,260430699189362
7604;36,635;0,262562835011841
7605;36,639;0,275355649946716
7606;36,643;0,266904638868526
7607;36,647;0,289505278586805
7608;36,651;0,307376453389766
7609;36,655;0,265392760739859
7610;36,659;0,289040085316446
7611;36,663;0,251630793158403
7612;36,668;0,29896420841744
7613;36,672;0,254615783309873
7614;36,676;0,293110526432088
7615;36,680;0,260740828036268
7616;36,684;0,258337329472746
7617;36,688;0,278301873992324
7618;36,692;0,321371017606402
7619;36,696;0,228564960169765
7620;36,701;0,293575719702447
7621;36,705;0,285473603577026
7622;36,709;0,279658687697538
7623;36,713;0,267679960985791
7624;36,717;0,219028498127403
7625;36,721;0,265082631892953
7626;36,725;0,298072587982585
7627;36,729;0,368781965077166
7628;36,734;0,386498075456674
7629;36,738;0,338466870292099
7630;36,742;0,419332967122853
7631;36,746;0,468061962192968
7632;36,750;0,588973446380467
7633;36,754;0,74027755756476
7634;36,758;0,852427901827163
7635;36,762;1,13867682752145
7636;36,766;1,36429556364561
7637;36,771;1,81549426978806
7638;36,775;2,38419304280205
7639;36,779;2,87710407885336
7640;36,783;3,54682732374699
7641;36,787;4,49682951403197
7642;36,791;5,38015400223215
7643;36,795;6,62171607471469
7644;36,799;7,850020138992
7645;36,804;9,21795971658875
7646;36,808;10,436921149353
7647;36,812;11,8183513317902
7648;36,816;12,7796732249872
7649;36,820;14,166608194457
7650;36,824;14,9569715607971
7651;36,828;15,9347302828802
7652;36,832;16,6380637415572
7653;36,837;17,3591133106138
7654;36,841;17,3811324587441
7655;36,845;17,5029743294724
7656;36,849;17,318525197775
7657;36,853;16,9892458945725
7658;36,857;16,3443717235372
7659;36,861;15,9724497038851
7660;36,865;14,9425505694159
7661;36,870;14,2326268727421
7662;36,874;13,7019188834741
7663;36,878;12,9009336041275
7664;36,882;11,87851632809
7665;36,886;11,2570181188902
7666;36,890;10,6147025108419
7667;36,894;9,89939032545309
7668;36,898;9,09809491725956
7669;36,903;8,58715764198183
7670;36,907;8,04524624811936
7671;36,911;7,36540504959542
7672;36,915;6,90536767131614
7673;36,919;6,49576499676497
7674;36,923;6,02874971943031
7675;36,927;5,60457098907455
7676;36,931;5,32010530424997
7677;36,935;4,9884612685898
7678;36,940;4,81432392105205
7679;36,944;4,3126905111815
7680;36,948;4,25954218004298
7681;36,952;4,03291552516637
7682;36,956;3,74593004346068
7683;36,960;3,56783855312488
7684;36,964;3,39416639885749
7685;36,968;3,22611532994027
7686;36,973;2,96750663772648
7687;36,977;2,89617700293808
7688;36,981;2,80077361640861
7689;36,985;2,74262445761372
7690;36,989;2,51650176211334
7691;36,993;2,45691825740152
7692;36,997;2,2182741097073
7693;37,001;2,09670360172013
7694;37,006;2,12236676380161
7695;37,010;2,06933473098067
7696;37,014;1,94051496119707
7697;37,018;1,88174554470837
7698;37,022;1,78293074086293
7699;37,026;1,76056269777983
7700;37,030;1,62968832438547
7701;37,034;1,56696476509872
7702;37,039;1,57041494852055
7703;37,043;1,54490685086253
7704;37,047;1,38515172860004
7705;37,051;1,43302786934117
7706;37,055;1,32614971547617
7707;37,059;1,32804925466347
7708;37,063;1,32169161330189
7709;37,067;1,2491989953376
7710;37,072;1,27265248938487
7711;37,076;1,19263924688311
7712;37,080;1,20469550580658
7713;37,084;1,10626836301977
7714;37,088;1,08897867980476
7715;37,092;1,01070991206684
7716;37,096;1,11568852674454
7717;37,100;1,03389204337307
7718;37,104;0,995397300250855
7719;37,109;0,950428617449477
7720;37,113;0,991985882934889
7721;37,117;0,967757066770353
7722;37,121;0,873904324475407
7723;37,125;0,924339028203505
7724;37,129;0,880029369201802
7725;37,133;0,867818045854876
7726;37,137;0,845333704454187
7727;37,142;0,849210315040513
7728;37,146;0,820368332278249
7729;37,150;0,785517603107181
7730;37,154;0,784819813201642
7731;37,158;0,742409693387239
7732;37,162;0,793232058173969
7733;37,166;0,707132537051675
7734;37,170;0,794976532937816
7735;37,175;0,7212433995859
7736;37,179;0,707597730322034
7737;37,183;0,715157120965369
7738;37,187;0,733764851779733
7739;37,191;0,738300486165734
7740;37,195;0,678251788183548
7741;37,199;0,67898834419495
7742;37,203;0,681314310546746
7743;37,208;0,648789547727473
7744;37,212;0,715234653177096
7745;37,216;0,62638273853851
7746;37,220;0,597191860823477
7747;37,224;0,635531539522239
7748;37,228;0,602076390162248
7749;37,232;0,558929714336443
7750;37,236;0,56164334174687
7751;37,241;0,583313594924431
7752;37,245;0,545400343390166
7753;37,249;0,581530354054721
7754;37,253;0,502525030305403
7755;37,257;0,536716735676796
7756;37,261;0,596959264188298
7757;37,265;0,505199891609968
7758;37,269;0,529273643351051
7759;37,273;0,554742974903211
7760;37,278;0,521326591649083
7761;37,282;0,523730090212605
7762;37,286;0,54497391622567
7763;37,290;0,537569590005788
7764;37,294;0,517527513274484
7765;37,298;0,507099430797268
7766;37,302;0,525707161611631
7767;37,306;0,499927701212565
7768;37,311;0,500237830059471
7769;37,315;0,507680922385216
7770;37,319;0,545943068872251
7771;37,323;0,510472082007371
7772;37,327;0,464611778771138
7773;37,331;0,521597954390126
7774;37,335;0,476512973271158
7775;37,339;0,492833503839589
7776;37,344;0,483335807903091
7777;37,348;0,506091512044823
7778;37,352;0,502757626940583
7779;37,356;0,472907725425875
7780;37,360;0,491205327393332
7781;37,364;0,473256620378644
7782;37,368;0,525164436129545
7783;37,372;0,448950272002382
7784;37,377;0,468410857145737
7785;37,381;0,439568874383474
7786;37,385;0,428714364741762
7787;37,389;0,483413340114817
7788;37,393;0,420999909674973
7789;37,397;0,40382652477755
7790;37,401;0,373899091051116
7791;37,405;0,493414995427538
7792;37,410;0,458060306880247
7793;37,414;0,456044469375358
7794;37,418;0,464650544877001
7795;37,422;0,46023120880859
7796;37,426;0,434064087350891
7797;37,430;0,458525500150606
7798;37,434;0,4415459457825
7799;37,438;0,440925688088688
7800;37,442;0,407199175987654
7801;37,447;0,423558472661948
7802;37,451;0,398205439427378
7803;37,455;0,418984072170084
7804;37,459;0,367037490313319
7805;37,463;0,412975325761279
7806;37,467;0,43441298230366
7807;37,471;0,472520064367242
7808;37,475;0,395918239181446
7809;37,480;0,410494294986031
7810;37,484;0,329511899837686
7811;37,488;0,39905829375637
7812;37,492;0,41239383417333
7813;37,496;0,409990335609808
7814;37,500;0,423519706556085
7815;37,504;0,374054155474569
7816;37,508;0,380915756212365
7817;37,513;0,374596880956654
7818;37,517;0,43274603975154
7819;37,521;0,372813640086945
7820;37,525;0,424798988049573
7821;37,529;0,389328001184692
7822;37,533;0,384443471845922
7823;37,537;0,384676068481101
7824;37,541;0,378628555966433
7825;37,546;0,368937029500619
7826;37,550;0,395685642546266
7827;37,554;0,362850750880088
7828;37,558;0,34288620636051
7829;37,562;0,397585181733566
7830;37,566;0,406074958917619
7831;37,570;0,387002034832897
7832;37,574;0,314431884656879
7833;37,579;0,421426336839469
7834;37,583;0,353391821049453
7835;37,587;0,410067867821535
7836;37,591;0,439375043854157
7837;37,595;0,409990335609808
7838;37,599;0,379403878083698
7839;37,603;0,358160052070633
7840;37,607;0,396848625722164
7841;37,611;0,364091266267712
7842;37,616;0,43786316572549
7843;37,620;0,396383432451805
7844;37,624;0,4127427291261
7845;37,628;0,358625245340992
7846;37,632;0,389909492772641
7847;37,636;0,378434725437117
7848;37,640;0,322146339723667
7849;37,644;0,424876520261299
7850;37,649;0,357345963847505
7851;37,653;0,368084175171627
7852;37,657;0,349360146039674
7853;37,661;0,407044111564201
7854;37,665;0,339242192409364
7855;37,669;0,378783620389886
7856;37,673;0,415417590430664
7857;37,677;0,422085360639145
7858;37,682;0,424798988049573
7859;37,686;0,39917459207396
7860;37,690;0,434025321245028
7861;37,694;0,416503041394836
7862;37,698;0,453912333552879
7863;37,702;0,38525756006905
7864;37,706;0,378085830484348
7865;37,710;0,377698169425715
7866;37,715;0,452167858789032
7867;37,719;0,395065384852454
7868;37,723;0,441933606841132
7869;37,727;0,375410969179783
7870;37,731;0,408400925269415
7871;37,735;0,369479754982705
7872;37,739;0,370216310994106
7873;37,743;0,416658105818289
7874;37,748;0,475505054518713
7875;37,752;0,380295498518553
7876;37,756;0,402779839919242
7877;37,760;0,388552679067427
7878;37,764;0,402663541601653
7879;37,768;0,376767782884997
7880;37,772;0,396150835816625
7881;37,776;0,364401395114618
7882;37,780;0,425884439013744
7883;37,785;0,356958302788872
7884;37,789;0,431234161622873
7885;37,793;0,409370077915996
7886;37,797;0,398399269956694
7887;37,801;0,35478740086053
7888;37,805;0,315207206774144
7889;37,809;0,362385557609728
7890;37,813;0,374829477591834
7891;37,818;0,395259215381771
7892;37,822;0,339009595774184
7893;37,826;0,37513960643874
7894;37,830;0,338389338080372
7895;37,834;0,361222574433831
7896;37,838;0,336528564998936
7897;37,842;0,424566391414393
7898;37,846;0,378512257648843
7899;37,851;0,32575158756895
7900;37,855;0,38215627159999
7901;37,859;0,360602316740019
7902;37,863;0,323619451746471
7903;37,867;0,376186291297048
7904;37,871;0,384714834586965
7905;37,875;0,334939154658542
7906;37,879;0,380411796836143
7907;37,884;0,315943762785546
7908;37,888;0,378240894907801
7909;37,892;0,376263823508775
7910;37,896;0,394096232205873
7911;37,900;0,360214655681386
7912;37,904;0,345522301559212
7913;37,908;0,320014203901188
7914;37,912;0,443871912134295
7915;37,917;0,393010781241702
7916;37,921;0,358276350388223
7917;37,925;0,397856544474609
7918;37,929;0,448950272002382
7919;37,933;0,394716489899685
7920;37,937;0,41406077672545
7921;37,941;0,411269617103296
7922;37,945;0,454377526823238
7923;37,949;0,410455528880167
7924;37,954;0,4313116938346
7925;37,958;0,409486376233586
7926;37,962;0,39192533027753
7927;37,966;0,346685284735109
7928;37,970;0,401151663472986
7929;37,974;0,430497605611471
7930;37,978;0,460114910491
7931;37,982;0,446701837862313
7932;37,987;0,432242080375318
7933;37,991;0,396267134134215
7934;37,995;0,411192084891569
7935;37,999;0,494461680285846
7936;38,003;0,511790129606722
7937;38,007;0,40049263967331
7938;38,011;0,404524314683089
7939;38,015;0,387312163679803
7940;38,020;0,410300464456714
7941;38,024;0,393437208406197
7942;38,028;0,400686470202627
7943;38,032;0,416386743077246
7944;38,036;0,365913273243285
7945;38,040;0,355330126342616
7946;38,044;0,37669025067327
7947;38,048;0,35835388259995
7948;38,053;0,385180027857324
7949;38,057;0,442437566217355
7950;38,061;0,424721455837846
7951;38,065;0,330325988060815
7952;38,069;0,398127907215652
7953;38,073;0,33288455104779
7954;38,077;0,375798630238415
7955;38,081;0,394987852640728
7956;38,086;0,364246330691165
7957;38,090;0,358315116494086
7958;38,094;0,398127907215652
7959;38,098;0,305205551461424
7960;38,102;0,392080394700983
7961;38,106;0,343583996266049
7962;38,110;0,377194210049493
7963;38,114;0,339164660197637
7964;38,118;0,390025791090231
7965;38,123;0,342537311407741
7966;38,127;0,386963268727034
7967;38,131;0,321603614241582
7968;38,135;0,408517223587005
7969;38,139;0,43631252149096
7970;38,143;0,390103323301957
7971;38,147;0,348623590028272
7972;38,151;0,376496420143954
7973;38,156;0,395259215381771
7974;38,160;0,38048932904787
7975;38,164;0,351298451332837
7976;38,168;0,365990805455011
7977;38,172;0,329977093108045
7978;38,176;0,354438505907761
7979;38,180;0,341723223184612
7980;38,184;0,406074958917619
7981;38,189;0,373860324945253
7982;38,193;0,388630211279154
7983;38,197;0,375682331920826
7984;38,201;0,365060418914293
7985;38,205;0,414099542831314
7986;38,209;0,359012906399625
7987;38,213;0,388203784114658
7988;38,217;0,40929254570427
7989;38,222;0,372891172298671
7990;38,226;0,34098666717321
7991;38,230;0,339397256832817
7992;38,234;0,366494764831234
7993;38,238;0,36013712346966
7994;38,242;0,370177544888243
7995;38,246;0,384869899010418
7996;38,250;0,371999551863816
7997;38,255;0,430226242870429
7998;38,259;0,316370189950042
7999;38,263;0,321215953182949
8000;38,267;0,35668694004783
8001;38,271;0,353585651578769
8002;38,275;0,374441816533201
8003;38,279;0,357152133318189
8004;38,283;0,361726533810053
8005;38,287;0,440848155876961
8006;38,292;0,354205909272581
8007;38,296;0,381729844435494
8008;38,300;0,337187588798611
8009;38,304;0,400298809143994
8010;38,308;0,34811963065205
8011;38,312;0,369518521088568
8012;38,316;0,346917881370289
8013;38,320;0,381846142753084
8014;38,325;0,406307555552799
8015;38,329;0,35812128596477
8016;38,333;0,41107578657398
8017;38,337;0,339784917891449
8018;38,341;0,380799457894776
8019;38,345;0,384559770163512
8020;38,349;0,393631038935514
8021;38,353;0,430071178446976
8022;38,358;0,414215841148903
8023;38,362;0,360641082845882
8024;38,366;0,349127549404494
8025;38,370;0,345173406606442
8026;38,374;0,388048719691205
8027;38,378;0,378938684813339
8028;38,382;0,37513960643874
8029;38,386;0,415611420959981
8030;38,391;0,33765278206897
8031;38,395;0,361881598233506
8032;38,399;0,356027916248154
8033;38,403;0,355562722977795
8034;38,407;0,332962083259516
8035;38,411;0,351763644603196
8036;38,415;0,408245860845962
8037;38,419;0,324472306075463
8038;38,424;0,288962553104719
8039;38,428;0,324472306075463
8040;38,432;0,327379764015207
8041;38,436;0,301290174769235
8042;38,440;0,345871196511981
8043;38,444;0,355446424660205
8044;38,448;0,409447610127723
8045;38,452;0,356880770577146
8046;38,456;0,321681146453308
8047;38,461;0,343467697948459
8048;38,465;0,373860324945253
8049;38,469;0,371379294170004
8050;38,473;0,444065742663611
8051;38,477;0,376380121826364
8052;38,481;0,328814109932148
8053;38,485;0,337110056586885
8054;38,489;0,404834443529995
8055;38,494;0,345444769347485
8056;38,498;0,388785275702607
8057;38,502;0,365409313867062
8058;38,506;0,311175531764366
8059;38,510;0,3430025046781
8060;38,514;0,35823758428236
8061;38,518;0,398011608898062
8062;38,522;0,366649829254687
8063;38,527;0,370293843205833
8064;38,531;0,370100012676517
8065;38,535;0,38048932904787
8066;38,539;0,357733624906138
8067;38,543;0,414332139466493
8068;38,547;0,367231320842636
8069;38,551;0,36692119199573
8070;38,555;0,363393476362173
8071;38,560;0,403477629824781
8072;38,564;0,346685284735109
8073;38,568;0,352771563355641
8074;38,572;0,338311805868646
8075;38,576;0,404563080788952
8076;38,580;0,350213000368666
8077;38,584;0,387971187479478
8078;38,588;0,39359227282965
8079;38,593;0,338583168609689
8080;38,597;0,352461434508735
8081;38,601;0,389134170655376
8082;38,605;0,372774873981081
8083;38,609;0,411812342585381
8084;38,613;0,352849095567367
8085;38,617;0,371728189122773
8086;38,621;0,32265029909989
8087;38,626;0,328581513296968
8088;38,630;0,331450205130849
8089;38,634;0,417084532982784
8090;38,638;0,384017044681426
8091;38,642;0,386691905985991
8092;38,646;0,445810217427458
8093;38,650;0,31218345051681
8094;38,654;0,345095874394716
8095;38,658;0,435808562114738
8096;38,663;0,345793664300254
8097;38,667;0,395530578122813
8098;38,671;0,373046236722124
8099;38,675;0,363083347515267
8100;38,679;0,374247986003885
8101;38,683;0,32408464501683
8102;38,687;0,400570171885037
8103;38,691;0,324239709440283
8104;38,696;0,365758208819832
8105;38,700;0,378202128801937
8106;38,704;0,433870256821575
8107;38,708;0,381187118953408
8108;38,712;0,363587306891489
8109;38,716;0,465542165311856
8110;38,720;0,323037960158522
8111;38,724;0,357384729953368
8112;38,729;0,401578090637482
8113;38,733;0,376496420143954
8114;38,737;0,410765657727073
8115;38,741;0,422162892850871
8116;38,745;0,342653609725331
8117;38,749;0,462324578525206
8118;38,753;0,38002413577751
8119;38,757;0,45654842875158
8120;38,762;0,425923205119607
8121;38,766;0,387002034832897
8122;38,770;0,431970717634275
8123;38,774;0,379869071354057
8124;38,778;0,41596031591275
8125;38,782;0,416929468559331
8126;38,786;0,352655265038051
8127;38,790;0,412200003644014
8128;38,795;0,389328001184692
8129;38,799;0,398670632697737
8130;38,803;0,442398800111491
8131;38,807;0,428946961376941
8132;38,811;0,453059479223887
8133;38,815;0,426543462813419
8134;38,819;0,439956535442106
8135;38,823;0,411734810373655
8136;38,827;0,408284626951825
8137;38,832;0,380528095153733
8138;38,836;0,422240425062598
8139;38,840;0,375449735285646
8140;38,844;0,348080864546187
8141;38,848;0,366068337666738
8142;38,852;0,351724878497333
8143;38,856;0,424450093096803
8144;38,860;0,410416762774304
8145;38,865;0,412316301961604
8146;38,869;0,359478099669984
8147;38,873;0,316292657738316
8148;38,877;0,350678193639025
8149;38,881;0,29884791009985
8150;38,885;0,426155801754787
8151;38,889;0,38370691583452
8152;38,893;0,388785275702607
8153;38,898;0,316564020479358
8154;38,902;0,313075070951665
8155;38,906;0,410765657727073
8156;38,910;0,358586479235129
8157;38,914;0,41440967167822
8158;38,918;0,356299278989197
8159;38,922;0,400066212508814
8160;38,926;0,360253421787249
8161;38,931;0,414681034419262
8162;38,935;0,379210047554382
8163;38,939;0,390180855513684
8164;38,943;0,401965751696114
8165;38,947;0,323696983958198
8166;38,951;0,398205439427378
8167;38,955;0,390878645419223
8168;38,959;0,425845672907881
8169;38,964;0,490972730758153
8170;38,968;0,366843659784003
8171;38,972;0,402004517801977
8172;38,976;0,342343480878424
8173;38,980;0,411424681526749
8174;38,984;0,406733982717295
8175;38,988;0,437514270772721
8176;38,992;0,379248813660245
8177;38,996;0,431931951528412
8178;39,001;0,39894199543878
8179;39,005;0,393165845665155
8180;39,009;0,372193382393133
8181;39,013;0,426543462813419
8182;39,017;0,416541807500699
8183;39,021;0,456936089810213
8184;39,025;0,408090796422509
8185;39,029;0,347344308534785
8186;39,034;0,449725594119647
8187;39,038;0,368743198971303
8188;39,042;0,372968704510398
8189;39,046;0,425845672907881
8190;39,050;0,385335092280777
8191;39,054;0,383241722564161
8192;39,058;0,359361801352394
8193;39,062;0,384133342999016
8194;39,067;0,400453873567447
8195;39,071;0,38048932904787
8196;39,075;0,40905994906909
8197;39,079;0,419449265440443
8198;39,083;0,392584354077206
8199;39,087;0,475853949471482
8200;39,091;0,361997896551096
8201;39,095;0,416813170241742
8202;39,100;0,367657748007131
8203;39,104;0,433947789033301
8204;39,108;0,384133342999016
8205;39,112;0,367890344642311
8206;39,116;0,339862450103176
8207;39,120;0,388126251902931
8208;39,124;0,379830305248194
8209;39,128;0,387350929785666
8210;39,133;0,402896138236832
8211;39,137;0,349747807098307
8212;39,141;0,381613546117904
8213;39,145;0,411269617103296
8214;39,149;0,347693203487554
8215;39,153;0,44321288833462
8216;39,157;0,454222462399785
8217;39,161;0,401190429578849
8218;39,165;0,412820261337826
8219;39,170;0,392196693018573
8220;39,174;0,406268789446936
8221;39,178;0,394987852640728
8222;39,182;0,346956647476152
8223;39,186;0,37870608817816
8224;39,190;0,370448907629286
8225;39,194;0,43107909719942
8226;39,198;0,479691793951945
8227;39,203;0,414642268313399
8228;39,207;0,423248343815042
8229;39,211;0,453369608070793
8230;39,215;0,416231678653793
8231;39,219;0,359594397987574
8232;39,223;0,376884081202587
8233;39,227;0,441894840735269
8234;39,231;0,458099072986111
8235;39,236;0,335830775093397
8236;39,240;0,467751833346062
8237;39,244;0,376729016779134
8238;39,248;0,423442174344359
8239;39,252;0,403283799295465
8240;39,256;0,406268789446936
8241;39,260;0,473024023743465
8242;39,264;0,481785163668561
8243;39,269;0,415223759901348
8244;39,273;0,473527983119687
8245;39,277;0,484498791078989
8246;39,281;0,469728904745088
8247;39,285;0,447748522720621
8248;39,289;0,419565563758033
8249;39,293;0,463758924442146
8250;39,297;0,440731857559371
8251;39,302;0,443678081604979
8252;39,306;0,412548898596783
8253;39,310;0,420534716404614
8254;39,314;0,386846970409444
8255;39,318;0,452012794365579
8256;39,322;0,456625960963307
8257;39,326;0,410688125515347
8258;39,330;0,403748992565824
8259;39,334;0,456742259280897
8260;39,339;0,415068695477895
8261;39,343;0,457440049186435
8262;39,347;0,451353770565904
8263;39,351;0,409951569503945
8264;39,355;0,443794379922569
8265;39,359;0,431583056575643
8266;39,363;0,402430944966473
8267;39,367;0,391033709842676
8268;39,372;0,482482953574099
8269;39,376;0,381497247800314
8270;39,380;0,435575965479558
8271;39,384;0,480312051645757
8272;39,388;0,506556705315182
8273;39,392;0,422046594533281
8274;39,396;0,432125782057728
8275;39,400;0,397430117310113
8276;39,405;0,303112181744808
8277;39,409;0,440111599865559
8278;39,413;0,405415935117944
8279;39,417;0,466433785746711
8280;39,421;0,419022838275947
8281;39,425;0,423442174344359
8282;39,429;0,370448907629286
8283;39,433;0,40905994906909
8284;39,438;0,386381777139085
8285;39,442;0,380411796836143
8286;39,446;0,383319254775887
8287;39,450;0,436351287596823
8288;39,454;0,441390881359047
8289;39,458;0,415378824324801
8290;39,462;0,410998254362253
8291;39,466;0,432668507539814
8292;39,471;0,392002862489257
8293;39,475;0,429373388541437
8294;39,479;0,391809031959941
8295;39,483;0,39894199543878
8296;39,487;0,420922377463247
8297;39,491;0,426039503437197
8298;39,495;0,33586954119926
8299;39,499;0,431040331093557
8300;39,503;0,452400455424212
8301;39,508;0,384288407422469
8302;39,512;0,40762560315215
8303;39,516;0,39917459207396
8304;39,520;0,441390881359047
8305;39,524;0,48213405862133
8306;39,528;0,419100370487674
8307;39,532;0,434064087350891
8308;39,536;0,445073661416056
8309;39,541;0,377891999955031
8310;39,545;0,399872381979498
8311;39,549;0,437553036878584
8312;39,553;0,418402580582135
8313;39,557;0,427473849354137
8314;39,561;0,417937387311776
8315;39,565;0,46701527733466
8316;39,569;0,417821088994186
8317;39,574;0,353159224414273
8318;39,578;0,415572654854117
8319;39,582;0,401423026214028
8320;39,586;0,416851936347605
8321;39,590;0,400647704096763
8322;39,594;0,40595866060003
8323;39,598;0,432242080375318
8324;39,602;0,424992818578889
8325;39,607;0,425070350790615
8326;39,611;0,401267961790575
8327;39,615;0,408245860845962
8328;39,619;0,391460137007171
8329;39,623;0,386885736515307
8330;39,627;0,469690138639224
8331;39,631;0,410261698350851
8332;39,635;0,428404235894855
8333;39,640;0,393669805041377
8334;39,644;0,51927198803833
8335;39,648;0,428210405365539
8336;39,652;0,526482483728896
8337;39,656;0,419836926499076
8338;39,660;0,424721455837846
8339;39,664;0,414758566630989
8340;39,668;0,532685060667017
8341;39,672;0,390529750466453
8342;39,677;0,410920722150526
8343;39,681;0,431350459940463
8344;39,685;0,48915072378258
8345;39,689;0,392778184606522
8346;39,693;0,454532591246691
8347;39,697;0,427900276518633
8348;39,701;0,489499618735349
8349;39,705;0,429489686859027
8350;39,710;0,440111599865559
8351;39,714;0,416774404135878
8352;39,718;0,394600191582095
8353;39,722;0,426659761131009
8354;39,726;0,447283329450262
8355;39,730;0,412548898596783
8356;39,734;0,455695574422589
8357;39,738;0,433172466916036
8358;39,743;0,473605515331413
8359;39,747;0,455075316728776
8360;39,751;0,438599721736892
8361;39,755;0,44298029169944
8362;39,759;0,396616029086985
8363;39,763;0,441894840735269
8364;39,767;0,436622650337866
8365;39,771;0,42452762530853
8366;39,776;0,43441298230366
8367;39,780;0,495663429567607
8368;39,784;0,501013152176736
8369;39,788;0,447787288826484
8370;39,792;0,478334980246731
8371;39,796;0,465503399205993
8372;39,800;0,421465102945332
8373;39,804;0,493686358168581
8374;39,809;0,497020243272821
8375;39,813;0,463720158336283
8376;39,817;0,4684496232516
8377;39,821;0,566799233826684
8378;39,825;0,546059367189841
8379;39,829;0,470620525179943
8380;39,833;0,546214431613294
8381;39,837;0,537608356111651
8382;39,841;0,528343256810333
8383;39,846;0,594710830048229
8384;39,850;0,543462038097003
8385;39,854;0,476435441059431
8386;39,858;0,588198124263202
8387;39,862;0,551370323693107
8388;39,866;0,505277423821694
8389;39,870;0,58912851080392
8390;39,874;0,511363702442226
8391;39,879;0,468527155463327
8392;39,883;0,556177320820151
8393;39,887;0,518574198132792
8394;39,891;0,531909738549752
8395;39,895;0,571179803789232
8396;39,899;0,594865894471682
8397;39,903;0,533227786149103
8398;39,907;0,549897211670304
8399;39,912;0,588430720898381
8400;39,916;0,535398688077445
8401;39,920;0,559239843183349
8402;39,924;0,566566637191504
8403;39,928;0,520745100061134
8404;39,932;0,49760173486077
8405;39,936;0,518109004862433
8406;39,940;0,511867661818448
8407;39,945;0,581762950689901
8408;39,949;0,516480828416176
8409;39,953;0,536018945771258
8410;39,957;0,529002280610008
8411;39,961;0,521636720495989
8412;39,965;0,5177213438038
8413;39,969;0,497097775484547
8414;39,973;0,522024381554622
8415;39,978;0,553231096774544
8416;39,982;0,48868553051222
8417;39,986;0,442902759487714
8418;39,990;0,497097775484547
8419;39,994;0,439258745536568
8420;39,998;0,504657166127882
8421;40,002;0,455269147258093
8422;40,006;0,45844796793888
8423;40,010;0,476241610530115
8424;40,015;0,497989395919402
8425;40,019;0,592191033167117
8426;40,023;0,509929356525285
8427;40,027;0,543578336414593
8428;40,031;0,451082407824861
8429;40,035;0,504889762763062
8430;40,039;0,456315832116401
8431;40,043;0,550246106623073
8432;40,048;0,511635065183269
8433;40,052;0,479342898999175
8434;40,056;0,471046952344438
8435;40,060;0,549897211670304
8436;40,064;0,528033127963426
8437;40,068;0,518768028662108
8438;40,072;0,50582014930378
8439;40,076;0,511945194030175
8440;40,081;0,513999797640927
8441;40,085;0,481668865350971
8442;40,089;0,45499778451705
8443;40,093;0,422162892850871
8444;40,097;0,509890590419422
8445;40,101;0,473217854272781
8446;40,105;0,523846388530195
8447;40,109;0,459921079961684
8448;40,114;0,464650544877001
8449;40,118;0,515162780816825
8450;40,122;0,472558830473105
8451;40,126;0,456044469375358
8452;40,130;0,449376699166878
8453;40,134;0,45856426625647
8454;40,138;0,490895198546426
8455;40,142;0,433676426292258
8456;40,147;0,459533418903051
8457;40,151;0,519659649096963
8458;40,155;0,441894840735269
8459;40,159;0,438716020054482
8460;40,163;0,430109944552839
8461;40,167;0,470271630227173
8462;40,171;0,432203314269455
8463;40,175;0,476435441059431
8464;40,179;0,454648889564281
8465;40,184;0,492174480039914
8466;40,188;0,47701693264738
8467;40,192;0,483025679056185
8468;40,196;0,491166561287469
8469;40,200;0,447593458297168
8470;40,204;0,423093279391589
8471;40,208;0,470581759074079
8472;40,212;0,530746755373855
8473;40,217;0,513922265429201
8474;40,221;0,548501631859226
8475;40,225;0,465580931417719
8476;40,229;0,446508007332997
8477;40,233;0,417666024570733
8478;40,237;0,477792254764645
8479;40,241;0,483025679056185
8480;40,245;0,517992706544843
8481;40,250;0,545245278966713
8482;40,254;0,510898509171867
8483;40,258;0,47891647183468
8484;40,262;0,438754786160345
8485;40,266;0,436545118126139
8486;40,270;0,464883141512181
8487;40,274;0,469224945368865
8488;40,278;0,50415320675166
8489;40,283;0,515124014710962
8490;40,287;0,462208280207616
8491;40,291;0,482638017997552
8492;40,295;0,487057354065964
8493;40,299;0,545865536660525
8494;40,303;0,478955237940543
8495;40,307;0,447438393873715
8496;40,311;0,486398330266288
8497;40,316;0,483762235067587
8498;40,320;0,458641798468196
8499;40,324;0,479536729528492
8500;40,328;0,465852294158762
8501;40,332;0,444569702039834
8502;40,336;0,493531293745128
8503;40,340;0,490740134122973
8504;40,344;0,43464557893884
8505;40,348;0,57389343119966
8506;40,353;0,414138308937177
8507;40,357;0,462479642948659
8508;40,361;0,470620525179943
8509;40,365;0,466162423005668
8510;40,369;0,44643047512127
8511;40,373;0,512681750041577
8512;40,377;0,459843547749957
8513;40,381;0,580096008137781
8514;40,386;0,474264539131089
8515;40,390;0,515976869039954
8516;40,394;0,440886921982824
8517;40,398;0,470504226862353
8518;40,402;0,464844375406317
8519;40,406;0,430226242870429
8520;40,410;0,433715192398122
8521;40,414;0,479381665105039
8522;40,419;0,479149068469859
8523;40,423;0,43809576236067
8524;40,427;0,519775947414553
8525;40,431;0,536561671253343
8526;40,435;0,493066100474769
8527;40,439;0,445771451321595
8528;40,443;0,484382492761399
8529;40,447;0,459145757844418
8530;40,452;0,513883499323338
