#"+EI TIC Scan 130C_1ml-min_2C-min_1.d "
#Point;X(Minutes);Y(Counts)
0;5,591;9,50282511011256
1;5,596;10,8940250033367
2;5,600;11,5376829648085
3;5,604;11,9310851092228
4;5,609;12,0676691729323
5;5,613;12,5825288072252
6;5,618;12,279886105797
7;5,622;11,8607910308315
8;5,627;11,7189794011656
9;5,631;11,3494905903813
10;5,636;11,2342616897273
11;5,640;10,8877964141122
12;5,644;10,5452240067625
13;5,649;10,5240912933221
14;5,653;9,77132179561329
15;5,658;9,75007785736531
16;5,662;9,56099568447747
17;5,667;9,35511856564488
18;5,671;8,96538683988077
19;5,676;8,64138897539707
20;5,680;8,73537393780309
21;5,684;8,51437024513948
22;5,689;8,23575210214886
23;5,693;8,0156382079459
24;5,698;7,86036837656271
25;5,702;7,70309649864306
26;5,707;7,43704675890911
27;5,711;7,59131556702407
28;5,716;7,23784312853139
29;5,720;7,21748898874405
30;5,724;7,06355385505183
31;5,729;6,55470036036838
32;5,733;6,67159763313609
33;5,738;6,37307024958847
34;5,742;6,57727899630734
35;5,747;6,22191573608578
36;5,751;6,21869021666593
37;5,756;6,04150909818926
38;5,760;5,95063843039552
39;5,764;5,67824887662944
40;5,769;5,78624816479067
41;5,773;5,6126262401566
42;5,778;5,32143969390933
43;5,782;5,23557414245673
44;5,787;5,27372425145705
45;5,791;5,13102282333052
46;5,796;5,01290207767941
47;5,800;4,93849268140766
48;5,804;4,91424567335499
49;5,809;4,89433643279797
50;5,813;4,71459714374694
51;5,818;4,88677314588246
52;5,822;4,69902567068559
53;5,827;4,6137162432709
54;5,831;4,41406771366286
55;5,835;4,33187258086044
56;5,840;4,36101348044668
57;5,844;4,30161943319838
58;5,849;4,23822129287716
59;5,853;4,05970547670953
60;5,858;4,20830181963785
61;5,862;4,03334519731281
62;5,867;3,90221114917471
63;5,871;3,84025893135205
64;5,875;3,7699648529608
65;5,880;3,96727766160965
66;5,884;3,75850869777995
67;5,889;3,9687235841082
68;5,893;3,85071406326467
69;5,898;3,64973083596565
70;5,902;3,5765449125773
71;5,907;3,60635316100903
72;5,911;3,58599902122169
73;5,915;3,58266227699426
74;5,920;3,62959914579348
75;5,924;3,51270187302576
76;5,929;3,6729768207501
77;5,933;3,44051697290564
78;5,938;3,45642212038973
79;5,942;3,37600658450861
80;5,947;3,34486363838591
81;5,951;3,42861591849446
82;5,955;3,50046714419184
83;5,960;3,5183743382124
84;5,964;3,46988032210704
85;5,969;3,3790096543133
86;5,973;3,49368243092939
87;5,978;3,49713039996441
88;5,982;3,55585709836722
89;5,987;3,31805845975886
90;5,991;3,41816078658184
91;5,995;3,52838457089469
92;6,000;3,36410553009743
93;6,004;3,4589802909641
94;6,009;3,14999777550385
95;6,013;3,3602126618321
96;6,018;3,42616897272768
97;6,022;3,22107042754816
98;6,026;3,24809805579036
99;6,031;3,39647194910353
100;6,035;3,2314143346532
101;6,040;3,33830137473862
102;6,044;3,11696400765227
103;6,049;3,31650131245273
104;6,053;3,15978555857098
105;6,058;3,2707879165369
106;6,062;3,32306357610001
107;6,066;3,2331939315745
108;6,071;3,29926146727766
109;6,075;3,25499399386039
110;6,080;3,3519820260711
111;6,084;3,13186813186813
112;6,089;3,34041464608266
113;6,093;3,12686301552698
114;6,098;3,08059349557325
115;6,102;3,17446723317169
116;6,106;3,36499532855808
117;6,111;3,20783467544601
118;6,115;3,21194999332651
119;6,120;3,15400186857677
120;6,124;3,10528540285625
121;6,129;3,25833073808782
122;6,133;3,22852248965609
123;6,138;3,08537616229924
124;6,142;3,14454775993238
125;6,146;3,16834986875473
126;6,151;3,13253548071362
127;6,155;2,99695244027228
128;6,160;3,28980735863327
129;6,164;3,13898651955332
130;6,169;3,20961427236731
131;6,173;3,13309160475152
132;6,178;3,20750100102327
133;6,182;3,12919873648619
134;6,186;3,06591182097255
135;6,191;3,0791475730747
136;6,195;2,95769008319616
137;6,200;3,06357610001335
138;6,204;3,20383058237309
139;6,209;3,06924856519998
140;6,213;3,13231303109846
141;6,217;2,89017662499444
142;6,222;3,06969346443031
143;6,226;3,05690261155848
144;6,231;2,90163278017529
145;6,235;3,01352493660186
146;6,240;2,87204698135872
147;6,244;2,81676825199092
148;6,249;2,95479823819905
149;6,253;2,72489656092895
150;6,257;2,83178360101437
151;6,262;2,98582995951417
152;6,266;2,7875161275971
153;6,271;2,77450282511011
154;6,275;2,66216576945322
155;6,280;2,70598834364017
156;6,284;2,64893001735107
157;6,289;2,71877919651199
158;6,293;2,56284201628331
159;6,297;2,74714152244517
160;6,302;2,57985941184322
161;6,306;2,82199581794724
162;6,311;2,86492859367353
163;6,315;2,68863727365752
164;6,320;2,43738043333185
165;6,324;2,54415624860969
166;6,329;2,50311429461227
167;6,333;2,59721048182587
168;6,337;2,57919206299773
169;6,342;2,78406815856209
170;6,346;2,6769586688615
171;6,351;2,60577479200961
172;6,355;2,74981091782711
173;6,360;2,55672465186635
174;6,364;2,54126440361258
175;6,369;2,52947457400899
176;6,373;2,52925212439383
177;6,377;2,36708635494061
178;6,382;2,60010232682297
179;6,386;2,42481203007519
180;6,391;2,48598567424478
181;6,395;2,33527605997242
182;6,400;2,53503581438804
183;6,404;2,45206210793255
184;6,408;2,31080660230458
185;6,413;2,28989633847933
186;6,417;2,36019041687058
187;6,422;2,35807714552654
188;6,426;2,30391066423455
189;6,431;2,37464964185612
190;6,435;2,40223339413623
191;6,440;2,47452951906393
192;6,444;2,31080660230458
193;6,448;2,40657116163189
194;6,453;2,36564043244205
195;6,457;2,25196867909419
196;6,462;2,40167727009832
197;6,466;2,47008052676069
198;6,471;2,18723584108199
199;6,475;2,37464964185612
200;6,480;2,30268719135116
201;6,484;2,2636472838902
202;6,488;2,23762067891623
203;6,493;2,26765137696312
204;6,497;2,27565956310896
205;6,502;2,39389153356765
206;6,506;2,24551764025448
207;6,511;2,37331494416515
208;6,515;2,23606353161009
209;6,520;2,3482893624594
210;6,524;2,12472749922143
211;6,528;2,30335454019665
212;6,533;2,1031498865507
213;6,537;2,37665168839258
214;6,542;2,25263602793967
215;6,546;2,30357698981181
216;6,551;2,22004715931841
217;6,555;2,12761934421853
218;6,560;2,29879432308582
219;6,564;2,23261556257508
220;6,568;2,14118877074343
221;6,573;2,28211060194866
222;6,577;2,24473906660142
223;6,582;2,23027984161587
224;6,586;2,17856030609067
225;6,591;2,12761934421853
226;6,595;2,11304889442541
227;6,600;1,97034746629888
228;6,604;2,20814610490724
229;6,608;2,06700182408684
230;6,613;1,99426079992882
231;6,617;2,1225030030698
232;6,622;2,08835698714241
233;6,626;2,20325221337367
234;6,631;2,15842861591849
235;6,635;2,04064154469013
236;6,639;2,09925701828536
237;6,644;2,03741602527028
238;6,648;2,16777149975531
239;6,653;2,19902567068559
240;6,657;2,0931396538684
241;6,662;2,14196734439649
242;6,666;2,07556613427059
243;6,671;2,03085376162299
244;6,675;2,08980290964097
245;6,679;2,07423143657961
246;6,684;2,03407928104284
247;6,688;2,10114784001424
248;6,693;2,08935801041064
249;6,697;2,04242114161143
250;6,702;2,04186501757352
251;6,706;1,98213729590248
252;6,711;1,91340036481737
253;6,715;2,05421097121502
254;6,719;1,98603016416782
255;6,724;2,0378609245006
256;6,728;2,08379677003159
257;6,733;1,99292610223784
258;6,737;2,02829559104863
259;6,742;1,83354095297415
260;6,746;2,09391822752147
261;6,751;2,06188548293811
262;6,755;2,1054856075099
263;6,759;1,96389642745918
264;6,764;1,93097388441518
265;6,768;2,01161186991147
266;6,773;1,9696801174534
267;6,777;2,09391822752147
268;6,782;1,92897183787872
269;6,786;1,93241980691373
270;6,791;1,93775859767763
271;6,795;1,92385549672999
272;6,799;1,87591760466254
273;6,804;1,90939627174445
274;6,808;1,85522979045246
275;6,813;2,00182408684433
276;6,817;1,8426613871958
277;6,822;1,84177158873515
278;6,826;1,97323931129599
279;6,830;1,71842327712773
280;6,835;1,82275214663879
281;6,839;1,9596698847711
282;6,844;1,83765627085465
283;6,848;1,88503803888419
284;6,853;1,93464430306536
285;6,857;1,86924411620768
286;6,862;1,88503803888419
287;6,866;1,86546247274992
288;6,870;1,95444231881479
289;6,875;1,83009298393914
290;6,879;1,73165902922988
291;6,884;1,90372380655781
292;6,888;1,88425946523113
293;6,893;1,76791831650131
294;6,897;1,95288517150865
295;6,902;1,77904079725942
296;6,906;1,94699025670686
297;6,910;1,93664634960182
298;6,915;1,80684699915469
299;6,919;1,89326867464519
300;6,924;1,93253103172132
301;6,928;1,87302575966544
302;6,933;1,80195310762112
303;6,937;1,87847577523691
304;6,942;1,81641233260666
305;6,946;1,7773724251457
306;6,950;1,72620901365841
307;6,955;1,69729056368732
308;6,959;1,84221648796548
309;6,964;1,85144814699471
310;6,968;1,66536904391155
311;6,973;1,80095208435289
312;6,977;1,7809316189883
313;6,982;1,7938336966677
314;6,986;1,84555323219291
315;6,990;1,91251056635672
316;6,995;2,02028740490279
317;6,999;2,16165413533835
318;7,004;2,81888152333496
319;7,008;3,48934466343373
320;7,013;4,85273835476265
321;7,017;6,94187391555813
322;7,021;9,0533656626774
323;7,026;12,3576322462962
324;7,030;15,4610268274236
325;7,035;19,5044934822263
326;7,039;23,3288472660942
327;7,044;26,6266628108733
328;7,048;29,3977176669484
329;7,053;31,4608266227699
330;7,057;33,0732526582729
331;7,061;33,2562174667438
332;7,066;34,0979668105174
333;7,070;34,0964096632113
334;7,075;33,644058370779
335;7,079;32,5270276282422
336;7,084;31,1758686657472
337;7,088;30,6472171553143
338;7,093;29,3657961471727
339;7,097;28,553521377408
340;7,101;27,4196956889265
341;7,106;25,997241624772
342;7,110;25,1301330248699
343;7,115;24,5208435289407
344;7,119;23,4398496240602
345;7,124;22,4993326511545
346;7,128;21,2385994572229
347;7,133;19,9958846821195
348;7,137;19,3602349067936
349;7,141;18,6946656582284
350;7,146;17,5324776438137
351;7,150;17,0338568314277
352;7,155;16,4848511812075
353;7,159;15,2787293677982
354;7,164;14,3452195577702
355;7,168;13,6194776883036
356;7,173;13,6823197045869
357;7,177;12,6215687146861
358;7,181;11,7200916492414
359;7,186;11,458157227388
360;7,190;10,7180673577435
361;7,195;10,276393646839
362;7,199;9,76031053966277
363;7,204;9,35311651910842
364;7,208;8,94202963028874
365;7,212;8,41704853850603
366;7,217;8,10673132535481
367;7,221;7,55650220225119
368;7,226;7,11994483249544
369;7,230;6,55180851537127
370;7,235;6,56838101170085
371;7,239;6,10145926947546
372;7,244;5,79503492458958
373;7,248;5,3186590737198
374;7,252;4,98198158117186
375;7,257;4,81002802865151
376;7,261;4,5401966454598
377;7,266;4,11554033011523
378;7,270;3,83503136539574
379;7,275;3,80600169061708
380;7,279;3,63716243270899
381;7,284;3,28235529652534
382;7,288;3,09193842594652
383;7,292;3,05022912310362
384;7,297;3,12541709302843
385;7,301;2,70098322729902
386;7,306;2,73157004938381
387;7,310;2,62201361391645
388;7,315;2,43738043333185
389;7,319;2,44349779774881
390;7,324;2,37175779685901
391;7,328;2,23984517506785
392;7,332;2,10771010366152
393;7,337;2,18000622858922
394;7,341;1,89048805445567
395;7,346;2,00760777683855
396;7,350;1,70162833118299
397;7,355;2,03941807180674
398;7,359;2,1113805223117
399;7,364;1,8796992481203
400;7,368;1,87480535658673
401;7,372;1,70185078079815
402;7,377;1,71141611425012
403;7,381;1,67226498198158
404;7,386;1,77125506072874
405;7,390;1,73822129287716
406;7,395;1,631000578369
407;7,399;1,73688659518619
408;7,403;1,70162833118299
409;7,408;1,74433865729412
410;7,412;1,76402544823597
411;7,417;1,63300262490546
412;7,421;1,59496374071273
413;7,426;1,50242470080527
414;7,430;1,56871468612359
415;7,435;1,47016950660675
416;7,439;1,53545846865685
417;7,443;1,51866352271211
418;7,448;1,55292076344708
419;7,452;1,56148507363082
420;7,457;1,31033945811274
421;7,461;1,60519642301019
422;7,466;1,50976553810562
423;7,470;1,49475018908217
424;7,475;1,59963518263113
425;7,479;1,66581394314188
426;7,483;1,56170752324598
427;7,488;1,49886550696267
428;7,492;1,40721626551586
429;7,497;1,51933087155759
430;7,501;1,46293989411398
431;7,506;1,42412243626819
432;7,510;1,43924901009921
433;7,515;1,38752947457401
434;7,519;1,56793611247053
435;7,523;1,42078569204075
436;7,528;1,43335409529742
437;7,532;1,45248476220136
438;7,537;1,45482048316056
439;7,541;1,50253592561285
440;7,546;1,49797570850202
441;7,550;1,45126128931797
442;7,555;1,38764069938159
443;7,559;1,53835031365396
444;7,563;1,4998665302309
445;7,568;1,41600302531477
446;7,572;1,30210882235174
447;7,577;1,46705521199448
448;7,581;1,34548649730836
449;7,586;1,4157805756996
450;7,590;1,35149263691774
451;7,595;1,45103883970281
452;7,599;1,30900476042176
453;7,603;1,34281710192641
454;7,608;1,42301018819237
455;7,612;1,4769542198692
456;7,617;1,30166392312141
457;7,621;1,36750900920941
458;7,626;1,25917604662544
459;7,630;1,29243226409218
460;7,634;1,26473728700449
461;7,639;1,28186590737198
462;7,643;1,39687235841082
463;7,648;1,31690172176002
464;7,652;1,25205765894025
465;7,657;1,3635049161365
466;7,661;1,2864261244828
467;7,666;1,12337055656894
468;7,670;1,41800507185123
469;7,674;1,27152200026694
470;7,679;1,3887529474574
471;7,683;1,33681096231704
472;7,688;1,26918627930774
473;7,692;1,27608221737776
474;7,697;1,19777995284068
475;7,701;1,29688125639543
476;7,706;1,29688125639543
477;7,710;1,34214975308093
478;7,714;1,22858922454064
479;7,719;1,26874138007741
480;7,723;1,24282599991102
481;7,728;1,28420162833118
482;7,732;1,20111669706811
483;7,737;1,27574854295502
484;7,741;1,38786314899675
485;7,746;1,28542510121457
486;7,750;1,12581750233572
487;7,754;1,22291675935401
488;7,759;1,2223606353161
489;7,763;1,17086354940606
490;7,768;1,28942919428749
491;7,772;1,21435244917026
492;7,777;1,16407883614361
493;7,781;1,28286693064021
494;7,786;1,2711883258442
495;7,790;1,16029719268586
496;7,794;1,17353294478801
497;7,799;1,17030742536815
498;7,803;1,20478711571829
499;7,808;1,20979223205944
500;7,812;1,21691061974463
501;7,817;1,22614227877386
502;7,821;1,22892289896338
503;7,825;1,28475775236909
504;7,830;1,24916581394314
505;7,834;1,11836544022779
506;7,839;1,38441517996174
507;7,843;1,2123504026338
508;7,848;1,29599145793478
509;7,852;1,21501979801575
510;7,857;1,27496996930195
511;7,861;1,18065133247319
512;7,865;1,17230947190461
513;7,870;1,10846643235307
514;7,874;1,17864928593674
515;7,879;1,18142990612626
516;7,883;1,19310851092228
517;7,888;1,21390754993994
518;7,892;1,09022556390977
519;7,897;1,08911331583396
520;7,901;1,20678916225475
521;7,905;1,27052097699871
522;7,910;1,06920407527695
523;7,914;1,13527161098011
524;7,919;1,1794278595898
525;7,923;1,22091471281755
526;7,928;1,15039818481114
527;7,932;1,15362370423099
528;7,937;1,13760733193932
529;7,941;1,18276460381724
530;7,945;1,33625483827913
531;7,950;1,30933843484451
532;7,954;1,16719313075588
533;7,959;1,25361480624639
534;7,963;1,20011567379988
535;7,968;1,39398051341371
536;7,972;1,15251145615518
537;7,977;1,08966943987187
538;7,981;1,17375539440317
539;7,985;1,20345241802732
540;7,990;1,22369533300707
541;7,994;1,18799216977355
542;7,999;1,09456333140544
543;8,003;1,17164212305913
544;8,008;1,09434088179027
545;8,012;1,12025626195667
546;8,016;1,05463362548383
547;8,021;1,20022689860747
548;8,025;1,12192463407038
549;8,030;1,18476665035369
550;8,034;1,09600925390399
551;8,039;1,1976687280331
552;8,043;1,23993415491391
553;8,048;1,23103617030743
554;8,052;1,11758686657472
555;8,056;1,21112692975041
556;8,061;1,08855719179606
557;8,065;1,06041731547804
558;8,070;1,17564621613205
559;8,074;1,04150909818926
560;8,079;1,0436223695333
561;8,083;1,16485740979668
562;8,088;1,16140944076167
563;8,092;1,16674823152556
564;8,096;1,16930640209992
565;8,101;1,23837700760778
566;8,105;1,26685055834853
567;8,110;1,55258708902434
568;8,114;1,79872758820127
569;8,119;2,33327401343596
570;8,123;2,83434177158874
571;8,128;4,18728033100503
572;8,132;4,91391199893224
573;8,136;6,45737865373493
574;8,141;8,49813142323264
575;8,145;10,1899719713485
576;8,150;12,2692085242693
577;8,154;14,0538105619077
578;8,159;15,9824487253637
579;8,163;17,4728611469502
580;8,168;18,8521599857632
581;8,172;19,7559727721671
582;8,176;20,0560573030209
583;8,181;20,5426658361881
584;8,185;20,3358989188949
585;8,190;19,6491969568893
586;8,194;19,8953374560662
587;8,199;19,2163100057837
588;8,203;18,7614005427771
589;8,207;18,0491168750278
590;8,212;18,0467811540686
591;8,216;16,9967077456956
592;8,221;16,1837656270855
593;8,225;15,7799083507586
594;8,230;14,9502825110113
595;8,234;14,1360056947101
596;8,239;13,6186991146505
597;8,243;13,0673577434711
598;8,247;12,2464074387151
599;8,252;11,764804021889
600;8,256;10,7885838857499
601;8,261;10,7246296213908
602;8,265;10,2573742047426
603;8,270;9,5290741647017
604;8,274;8,88586110246029
605;8,279;8,77029852738355
606;8,283;8,18825910931174
607;8,287;7,86014592694755
608;8,292;7,43738043333185
609;8,296;6,78415713840815
610;8,301;6,45559905681363
611;8,305;6,14227877385772
612;8,310;5,83229523512924
613;8,314;5,3803888419273
614;8,319;5,22778840592606
615;8,323;4,90912933220626
616;8,327;4,5743426613872
617;8,332;4,54041909507497
618;8,336;4,19795791253281
619;8,341;3,88864172264982
620;8,345;3,54251012145749
621;8,350;3,34553098723139
622;8,354;3,31494416514659
623;8,359;2,96669929261022
624;8,363;2,58853494683454
625;8,367;2,66327801752903
626;8,372;2,46029274369355
627;8,376;2,53459091515772
628;8,381;2,32871379632513
629;8,385;2,14986430573475
630;8,390;2,03296703296703
631;8,394;1,94254126440361
632;8,398;1,83776749566223
633;8,403;1,76569382034969
634;8,407;1,7032967032967
635;8,412;1,69083952484762
636;8,416;1,71252836232593
637;8,421;1,53935133692219
638;8,425;1,51299105752547
639;8,430;1,54135338345865
640;8,434;1,42089691684833
641;8,438;1,30110779908351
642;8,443;1,40187747475197
643;8,447;1,39253459091516
644;8,452;1,38174578457979
645;8,456;1,21991368954932
646;8,461;1,24627396894603
647;8,465;1,22781065088757
648;8,470;1,25083418605686
649;8,474;1,36795390843974
650;8,478;1,26896382969257
651;8,483;1,34570894692352
652;8,487;1,23604128664857
653;8,492;1,21279530186413
654;8,496;1,14172264981982
655;8,501;1,23392801530453
656;8,505;1,21991368954932
657;8,510;1,15050940961872
658;8,514;1,2364861858789
659;8,518;1,10423988966499
660;8,523;1,19010544111759
661;8,527;1,05307647817769
662;8,532;1,07076122258308
663;8,536;1,0224896560929
664;8,541;1,12370423099168
665;8,545;1,10802153312275
666;8,550;1,17408906882591
667;8,554;1,10779908350759
668;8,558;1,05785914490368
669;8,563;1,10056947101482
670;8,567;0,991791609200516
671;8,572;1,14683899096855
672;8,576;0,993682430929395
673;8,581;1,07254081950438
674;8,585;1,06709080393291
675;8,590;1,01703964052142
676;8,594;1,04462339280153
677;8,598;1,07365306758019
678;8,603;1,04173154780442
679;8,607;1,02315700493838
680;8,612;1,02738354762646
681;8,616;0,989789562664057
682;8,621;0,975886461716421
683;8,625;0,913266895048272
684;8,629;1,02527027628242
685;8,634;0,899475018908217
686;8,638;1,10134804466788
687;8,643;1,04017440049829
688;8,647;1,01058860168172
689;8,652;0,990345686701962
690;8,656;1,03060906704631
691;8,661;0,928615918494461
692;8,665;1,01781821417449
693;8,669;1,05674689682787
694;8,674;1,08255105218668
695;8,678;1,00880900476042
696;8,683;0,983783423054678
697;8,687;0,92338835253815
698;8,692;1,08121635449571
699;8,696;0,968879298838813
700;8,701;0,959870089424745
701;8,705;1,0024691907283
702;8,709;0,982782399786448
703;8,714;0,849312630689149
704;8,718;0,901254615829515
705;8,723;1,00625083418606
706;8,727;0,895470925835298
707;8,732;0,959647639809583
708;8,736;1,06030609067046
709;8,741;0,908261778707123
710;8,745;0,89869644525515
711;8,749;0,867219824709703
712;8,754;0,938070027138853
713;8,758;0,921719980424434
714;8,763;0,961093562308137
715;8,767;0,939182275214664
716;8,772;0,87411576277973
717;8,776;0,934177158873515
718;8,781;0,834074832050541
719;8,785;0,970881345375273
720;8,789;0,916826088890866
721;8,794;0,859545312986609
722;8,798;0,897250522756596
723;8,803;0,834074832050541
724;8,807;0,896583173911109
725;8,812;0,778462428259999
726;8,816;0,900920941406771
727;8,820;0,786136939983094
728;8,825;0,825732971481959
729;8,829;0,805045157271878
730;8,834;0,815166614761756
731;8,838;0,83296258397473
732;8,843;0,928059794456556
733;8,847;0,813720692263202
734;8,852;0,816834986875473
735;8,856;0,808270676691729
736;8,860;0,81861458379677
737;8,865;0,853984072607554
738;8,869;0,791030831516662
739;8,874;0,774235885571918
740;8,878;0,881011700849758
741;8,883;0,810940072073675
742;8,887;0,825065622636473
743;8,892;0,751323575210215
744;8,896;0,854651421453041
745;8,900;0,785803265560351
746;8,905;0,870667793744717
747;8,909;0,947746585398407
748;8,914;0,888797437380433
749;8,918;0,872336165858433
750;8,923;0,868109623170352
751;8,927;0,863215731636784
752;8,932;0,907371980246474
753;8,936;0,881790274502825
754;8,940;0,888130088534947
755;8,945;0,968768074031232
756;8,949;0,773679761534013
757;8,954;0,823508475330338
758;8,958;0,762779730391067
759;8,963;0,922498554077501
760;8,967;0,880789251234595
761;8,972;0,811829870534324
762;8,976;0,873448413934244
763;8,980;0,934510833296258
764;8,985;0,940739422520799
765;8,989;0,85554121991369
766;8,994;0,779352226720648
767;8,998;0,764893001735107
768;9,003;0,787137963251324
769;9,007;0,813053343417716
770;9,011;0,83507585531877
771;9,016;0,764893001735107
772;9,020;0,847421808960271
773;9,025;0,888352538150109
774;9,029;0,847421808960271
775;9,034;0,786359389598256
776;9,038;0,85042487876496
777;9,043;0,784468567869378
778;9,047;0,820282955910486
779;9,051;0,863549406059528
780;9,056;0,832517684744405
781;9,060;0,805378831694621
782;9,065;0,758441962895404
783;9,069;0,78980735863327
784;9,074;0,799928816123148
785;9,078;0,849646305111892
786;9,083;0,879788227966366
787;9,087;0,789584909018107
788;9,091;0,839079948391689
789;9,096;0,907038305823731
790;9,100;0,789473684210526
791;9,105;0,713173466209904
792;9,109;0,820282955910486
793;9,114;0,822841126484851
794;9,118;0,810495172843351
795;9,123;0,785580815945188
796;9,127;0,796592071895716
797;9,131;0,822618676869689
798;9,136;0,811607420919162
799;9,140;0,831294211861013
800;9,145;0,850313653957379
801;9,149;0,770899141344486
802;9,154;0,819393157449838
803;9,158;0,943408817902745
804;9,163;0,852871824531744
805;9,167;0,785247141522445
806;9,171;0,805045157271878
807;9,176;0,827846242826
808;9,180;0,668127419139565
809;9,185;0,760777683854607
810;9,189;0,845419762423811
811;9,194;0,756884815589269
812;9,198;0,872336165858433
813;9,202;0,827512568403257
814;9,207;0,880344352004271
815;9,211;0,77345731191885
816;9,216;0,829180940516973
817;9,220;0,774013435956756
818;9,225;0,832628909551987
819;9,229;0,743871513102282
820;9,234;0,704720380833741
821;9,238;0,815277839569338
822;9,242;0,828179917248743
823;9,247;0,786470614405837
824;9,251;0,804822707656716
825;9,256;0,828958490901811
826;9,260;0,794923699781999
827;9,265;0,762668505583485
828;9,269;0,635649775325889
829;9,274;0,73953374560662
830;9,278;0,730524536192552
831;9,282;0,779797125950972
832;9,287;0,747541931752458
833;9,291;0,6984917916092
834;9,296;0,684366241046403
835;9,300;0,779352226720648
836;9,305;0,767784846732215
837;9,309;0,846198336076879
838;9,314;0,80015126573831
839;9,318;0,879454553543622
840;9,322;0,742981714641634
841;9,327;0,74565111002358
842;9,331;0,78980735863327
843;9,336;0,760777683854607
844;9,340;0,805712506117364
845;9,345;0,757440939627175
846;9,349;0,743871513102282
847;9,354;0,740757218490012
848;9,358;0,744316412332607
849;9,362;0,636317124171375
850;9,367;0,79603594785781
851;9,371;0,648218178582551
852;9,376;0,785135916714864
853;9,380;0,745094985985674
854;9,385;0,709058148329403
855;9,389;0,734639854073052
856;9,394;0,717288784090404
857;9,398;0,588601681719091
858;9,402;0,738977621568715
859;9,407;0,768340970770121
860;9,411;0,795146149397162
861;9,416;0,868220847977933
862;9,420;0,696934644303065
863;9,425;0,716621435244917
864;9,429;0,866330026249055
865;9,433;0,729857187347066
866;9,438;0,820171731102905
867;9,442;0,747986830982782
868;9,447;0,65222227165547
869;9,451;0,691484628731592
870;9,456;0,632980379943943
871;9,460;0,758219513280242
872;9,465;0,744983761178093
873;9,469;0,627085465142145
874;9,473;0,722850024469458
875;9,478;0,726965342349958
876;9,482;0,827846242826
877;9,487;0,725630644658985
878;9,491;0,651888597232727
879;9,496;0,758441962895404
880;9,500;0,699270365262268
881;9,505;0,717733683320728
882;9,509;0,768563420385283
883;9,513;0,724963295813498
884;9,518;0,837634025893135
885;9,522;0,804600258041554
886;9,527;1,0600836410553
887;9,531;1,24816479067491
888;9,536;1,70129465676024
889;9,540;2,11749788672866
890;9,545;2,92955020687814
891;9,549;4,07149530631312
892;9,553;5,41464608266228
893;9,558;7,64870756773591
894;9,562;10,4298838813009
895;9,567;13,454753748276
896;9,571;17,1777817324376
897;9,576;20,7839124438315
898;9,580;24,5002669395382
899;9,585;28,7649597366197
900;9,589;32,5024469457668
901;9,593;36,1566267740357
902;9,598;39,0225563909774
903;9,602;41,3452640476932
904;9,607;44,0739422520799
905;9,611;44,9763091159852
906;9,616;45,05149708591
907;9,620;45,4611380522312
908;9,624;45,1452595987009
909;9,629;44,6133825688482
910;9,633;43,8048894425413
911;9,638;43,0168616808293
912;9,642;41,8740267829337
913;9,647;40,1677270098323
914;9,651;38,2448725363705
915;9,656;36,8956043956044
916;9,660;34,9113538283579
917;9,664;32,9450104551319
918;9,669;31,0193753614806
919;9,673;29,6510877786181
920;9,678;28,2686746451929
921;9,682;26,0309427414691
922;9,687;24,9698580771455
923;9,691;23,9208969168483
924;9,696;22,2059216087556
925;9,700;21,1673043555635
926;9,704;20,0291408995862
927;9,709;18,3152778395693
928;9,713;17,4751968679094
929;9,718;16,1530675801931
930;9,722;14,6652133291809
931;9,727;13,668750278062
932;9,731;12,9819370912488
933;9,736;11,7807091693731
934;9,740;10,990345686702
935;9,744;10,2745028251101
936;9,749;9,5072741024158
937;9,753;8,73036882146194
938;9,758;8,16668149664101
939;9,762;7,43304266583619
940;9,767;6,77081016149842
941;9,771;6,42567958357432
942;9,776;5,6820305200872
943;9,780;5,14292387774169
944;9,784;4,72204920585487
945;9,789;4,58335187080126
946;9,793;4,24600702940784
947;9,798;3,72213818570094
948;9,802;3,6565155492281
949;9,807;3,30827067669173
950;9,811;3,13687324820928
951;9,815;3,00040040930729
952;9,820;2,71544245228456
953;9,824;2,54182052765049
954;9,829;2,40000889798461
955;9,833;2,42247630911599
956;9,838;2,22204920585487
957;9,842;1,96233928015305
958;9,847;1,82130622414023
959;9,851;1,80095208435289
960;9,855;1,95177292343284
961;9,860;1,63233527605997
962;9,864;1,72087022289451
963;9,869;1,58728922898963
964;9,873;1,43101837433821
965;9,878;1,30600169061708
966;9,882;1,37707434266139
967;9,887;1,28442407794635
968;9,891;1,29532410908929
969;9,895;1,37963251323575
970;9,900;1,14272367308805
971;9,904;1,05663567202029
972;9,909;1,14483694443209
973;9,913;1,11013480446679
974;9,918;1,09667660274948
975;9,922;1,06675712951017
976;9,927;1,08666637006718
977;9,931;1,17308804555768
978;9,935;1,06864795123904
979;9,940;0,876340258931352
980;9,944;0,973995639987543
981;9,949;0,907149530631312
982;9,953;0,96142723673088
983;9,958;0,941184321751123
984;9,962;0,909707701205677
985;9,967;0,867664723940028
986;9,971;0,821395203986297
987;9,975;0,858989188948703
988;9,980;0,877230057392001
989;9,984;0,740089869644525
990;9,989;0,875339235663122
991;9,993;0,869555545668906
992;9,998;0,806935979000756
993;10,002;0,866663700671798
994;10,006;0,811273746496419
995;10,011;0,775570583262891
996;10,015;0,734083730035147
997;10,020;0,800818614583797
998;10,024;0,697157093918228
999;10,029;0,787137963251324
1000;10,033;0,750211327134404
1001;10,038;0,754993993860391
1002;10,042;0,713507140632647
1003;10,046;0,766895048271567
1004;10,051;0,698158117186457
1005;10,055;0,687258086043511
1006;10,060;0,644214085509632
1007;10,064;0,650331449926592
1008;10,069;0,673466209903457
1009;10,073;0,683142768163011
1010;10,078;0,758219513280242
1011;10,082;0,737976598300485
1012;10,086;0,752991947323931
1013;10,091;0,714285714285714
1014;10,095;0,691818303154336
1015;10,100;0,764893001735107
1016;10,104;0,692819326422565
1017;10,109;0,631979356675713
1018;10,113;0,670463140098768
1019;10,118;0,748431730213107
1020;10,122;0,638652845130578
1021;10,126;0,516194331983806
1022;10,131;0,604284379588023
1023;10,135;0,6449926591627
1024;10,140;0,6943764737287
1025;10,144;0,768563420385283
1026;10,149;0,677359078168795
1027;10,153;0,636205899363794
1028;10,158;0,742091916180985
1029;10,162;0,732081683498688
1030;10,166;0,628086488410375
1031;10,171;0,662899853183254
1032;10,175;0,591382301908618
1033;10,180;0,652667170885794
1034;10,184;0,640654891667037
1035;10,189;0,607287449392713
1036;10,193;0,622302798416159
1037;10,197;0,684143791431241
1038;10,202;0,615518085153713
1039;10,206;0,643324287048983
1040;10,211;0,61006806958224
1041;10,215;0,674467233171687
1042;10,220;0,650665124349335
1043;10,224;0,584597588646172
1044;10,229;0,705276504871647
1045;10,233;0,548671975797482
1046;10,237;0,516528006406549
1047;10,242;0,548894425412644
1048;10,246;0,548227076567158
1049;10,251;0,607287449392713
1050;10,255;0,608510922276104
1051;10,260;0,651999822040308
1052;10,264;0,672131512212484
1053;10,269;0,65945188414824
1054;10,273;0,682475419317525
1055;10,277;0,621190550340348
1056;10,282;0,623081372069226
1057;10,286;0,565578146549807
1058;10,291;0,55567913867509
1059;10,295;0,623971170529875
1060;10,300;0,567357743471104
1061;10,304;0,556791386750901
1062;10,309;0,665124349334876
1063;10,313;0,602727232281888
1064;10,317;0,636428348978956
1065;10,322;0,574364906348712
1066;10,326;0,576478177692753
1067;10,331;0,58337411576278
1068;10,335;0,544000533879076
1069;10,340;0,53198825466032
1070;10,344;0,638764069938159
1071;10,349;0,706944876985363
1072;10,353;0,660119232993727
1073;10,357;0,600391511322685
1074;10,362;0,567024069048361
1075;10,366;0,633202829559105
1076;10,371;0,573808782310807
1077;10,375;0,655447791075321
1078;10,380;0,666903946256173
1079;10,384;0,535213774080171
1080;10,389;0,615406860346132
1081;10,393;0,483827912977711
1082;10,397;0,603617030742537
1083;10,402;0,580148596342928
1084;10,406;0,626306891489078
1085;10,411;0,565466921742225
1086;10,415;0,592383325176847
1087;10,420;0,578368999421631
1088;10,424;0,58137206922632
1089;10,428;0,530319882546603
1090;10,433;0,614405837077902
1091;10,437;0,593161898829915
1092;10,442;0,564799572896739
1093;10,446;0,516194331983806
1094;10,451;0,4950616185434
1095;10,455;0,613404813809672
1096;10,460;0,561907727899631
1097;10,464;0,611402767273213
1098;10,468;0,596943542287672
1099;10,473;0,541219913689549
1100;10,477;0,574031231925969
1101;10,482;0,525537215820617
1102;10,486;0,516083107176225
1103;10,491;0,560573030208658
1104;10,495;0,543110735418428
1105;10,500;0,541776037727455
1106;10,504;0,542999510610847
1107;10,508;0,575588379232104
1108;10,513;0,581928193264226
1109;10,517;0,514192285447346
1110;10,522;0,511077990835076
1111;10,526;0,619188503803888
1112;10,531;0,610957868042888
1113;10,535;0,541887262535036
1114;10,540;0,518863727365752
1115;10,544;0,626084441873916
1116;10,548;0,611069092850469
1117;10,553;0,688481558926903
1118;10,557;0,636094674556213
1119;10,562;0,569248565199982
1120;10,566;0,604395604395604
1121;10,571;0,700605062953241
1122;10,575;0,748654179828269
1123;10,580;0,814165591493527
1124;10,584;0,908929127552609
1125;10,588;0,710170396405214
1126;10,593;0,797370645548783
1127;10,597;0,828068692441162
1128;10,602;0,749877652711661
1129;10,606;0,905703608132758
1130;10,611;0,789696133825688
1131;10,615;0,814610490723851
1132;10,619;0,685812163544957
1133;10,624;0,722738799661877
1134;10,628;0,732415357921431
1135;10,633;0,736753125417093
1136;10,637;0,716621435244917
1137;10,642;0,692485651999822
1138;10,646;0,736530675801931
1139;10,651;0,697490768340971
1140;10,655;0,715954086399431
1141;10,659;0,702718334297282
1142;10,664;0,72718779196512
1143;10,668;0,657561062419362
1144;10,673;0,61529563553855
1145;10,677;0,702607109489701
1146;10,682;0,628086488410375
1147;10,686;0,742425590603728
1148;10,691;0,608399697468523
1149;10,695;0,547670952529252
1150;10,699;0,673911109133781
1151;10,704;0,689371357387552
1152;10,708;0,618409930150821
1153;10,713;0,56079547982382
1154;10,717;0,591493526716199
1155;10,722;0,61629665880678
1156;10,726;0,669350892022957
1157;10,731;0,613849713039996
1158;10,735;0,584486363838591
1159;10,739;0,612292565733861
1160;10,744;0,636650798594118
1161;10,748;0,536548471771144
1162;10,753;0,573920007118388
1163;10,757;0,552119944832495
1164;10,762;0,522979045246252
1165;10,766;0,534880099657428
1166;10,771;0,591159852293456
1167;10,775;0,560016906170752
1168;10,779;0,492169773546292
1169;10,784;0,472927881834764
1170;10,788;0,492503447969035
1171;10,793;0,579592472305023
1172;10,797;0,593050674022334
1173;10,802;0,549895448680874
1174;10,806;0,524424967744806
1175;10,810;0,636317124171375
1176;10,815;0,604840503625929
1177;10,819;0,649886550696267
1178;10,824;0,555456689059928
1179;10,828;0,477265649330427
1180;10,833;0,569915914045469
1181;10,837;0,526427014281265
1182;10,842;0,504182052765049
1183;10,846;0,540663789651644
1184;10,850;0,529096409663211
1185;10,855;0,518085153712684
1186;10,859;0,513747386217022
1187;10,864;0,524313742937225
1188;10,868;0,509632068336522
1189;10,873;0,528429060817725
1190;10,877;0,411198113627263
1191;10,882;0,422431819192953
1192;10,886;0,552787293677982
1193;10,890;0,473706455487832
1194;10,895;0,465920718957156
1195;10,899;0,508853494683454
1196;10,904;0,542554611380522
1197;10,908;0,551786270409752
1198;10,913;0,491279975085643
1199;10,917;0,538884192730347
1200;10,922;0,528651510432887
1201;10,926;0,503625928727143
1202;10,930;0,532321929083063
1203;10,935;0,509965742759265
1204;10,939;0,503848378342305
1205;10,944;0,534991324465009
1206;10,948;0,561574053476887
1207;10,953;0,437335943408818
1208;10,957;0,486608533167238
1209;10,962;0,4827156649019
1210;10,966;0,561907727899631
1211;10,970;0,522311696400765
1212;10,975;0,477376874138008
1213;10,979;0,44679005205321
1214;10,984;0,566245495395293
1215;10,988;0,455465587044534
1216;10,993;0,518085153712684
1217;10,997;0,506628998531833
1218;11,001;0,540886239266806
1219;11,006;0,533211727543711
1220;11,010;0,514414735062508
1221;11,015;0,55056279752636
1222;11,019;0,546669929261022
1223;11,024;0,521310673132536
1224;11,028;0,494950393735819
1225;11,033;0,578925123459536
1226;11,037;0,516305556791387
1227;11,041;0,421764470347466
1228;11,046;0,495172843350981
1229;11,050;0,486386083552075
1230;11,055;0,510410641989589
1231;11,059;0,423766516883926
1232;11,064;0,521310673132536
1233;11,068;0,460470703385683
1234;11,073;0,38617253192152
1235;11,077;0,593829247675402
1236;11,081;0,368821461938871
1237;11,086;0,491724874315967
1238;11,090;0,389064376918628
1239;11,095;0,58237309249455
1240;11,099;0,582261867686969
1241;11,104;0,508742269875873
1242;11,108;0,449348222627575
1243;11,113;0,468701339146683
1244;11,117;0,512190238910887
1245;11,121;0,54544645637763
1246;11,126;0,438781865907372
1247;11,130;0,483939137785292
1248;11,135;0,57214041019709
1249;11,139;0,532210704275482
1250;11,144;0,475708502024291
1251;11,148;0,533434177158874
1252;11,153;0,408306268630155
1253;11,157;0,544779107532144
1254;11,161;0,523646394091738
1255;11,166;0,441117586866575
1256;11,170;0,456132935890021
1257;11,175;0,521978021978022
1258;11,179;0,48783200605063
1259;11,184;0,517306580059616
1260;11,188;0,537994394269698
1261;11,192;0,549784223873293
1262;11,197;0,537549495039374
1263;11,201;0,456132935890021
1264;11,206;0,468478889531521
1265;11,210;0,443119633403034
1266;11,215;0,471704408951373
1267;11,219;0,481492192018508
1268;11,224;0,39128887307025
1269;11,228;0,53310050273613
1270;11,232;0,491502424700805
1271;11,237;0,426547137073453
1272;11,241;0,498843262001157
1273;11,246;0,428994082840237
1274;11,250;0,432775726297994
1275;11,255;0,505405525648441
1276;11,259;0,499733060461805
1277;11,264;0,521533122747698
1278;11,268;0,487720781243048
1279;11,272;0,497842238732927
1280;11,277;0,486386083552075
1281;11,281;0,497619789117765
1282;11,286;0,51052186679717
1283;11,290;0,591382301908618
1284;11,295;0,573252658272901
1285;11,299;0,827735018018419
1286;11,304;1,25628420162833
1287;11,308;1,39898562975486
1288;11,312;1,91929527961917
1289;11,317;2,53514703919562
1290;11,321;3,41293322062553
1291;11,326;4,58401921964675
1292;11,330;5,59927926324688
1293;11,335;7,15053165458024
1294;11,339;8,69344218534502
1295;11,344;10,5426658361881
1296;11,348;12,9159807803532
1297;11,352;14,980090759443
1298;11,357;16,8112959914579
1299;11,361;18,6794278595898
1300;11,366;20,584375139031
1301;11,370;22,3277127730569
1302;11,375;23,4669884771099
1303;11,379;23,9680562352627
1304;11,384;24,9324865417983
1305;11,388;25,4642523468434
1306;11,392;25,3142100814166
1307;11,397;25,1738443742492
1308;11,401;25,0391511322685
1309;11,406;24,0938514926369
1310;11,410;23,3290697157094
1311;11,415;22,6857454286604
1312;11,419;21,6513547181563
1313;11,423;20,7617787071228
1314;11,428;19,9491702629354
1315;11,432;18,868954931708
1316;11,437;17,9238777416915
1317;11,441;16,7987275882013
1318;11,446;15,8922454064154
1319;11,450;15,0058949148018
1320;11,455;13,8211282644481
1321;11,459;13,077479200961
1322;11,463;11,8789206744672
1323;11,468;11,2180228678204
1324;11,472;10,4997330604618
1325;11,477;9,50327000934288
1326;11,481;8,75461582951461
1327;11,486;8,18503358989189
1328;11,490;7,35563019975976
1329;11,495;6,96000355919384
1330;11,499;6,49241446812297
1331;11,503;5,81594518841482
1332;11,508;5,39440316768252
1333;11,512;4,82348623036882
1334;11,517;4,52840681585621
1335;11,521;4,11976687280331
1336;11,526;3,78675979890555
1337;11,530;3,42038528273346
1338;11,535;3,06958223962273
1339;11,539;2,93021755572363
1340;11,543;2,7939671664368
1341;11,548;2,54482359745518
1342;11,552;2,35229345553232
1343;11,557;2,14218979401166
1344;11,561;2,04086399430529
1345;11,566;1,72776616096454
1346;11,570;1,57316367842684
1347;11,575;1,74889887440495
1348;11,579;1,53167682519909
1349;11,583;1,35338345864662
1350;11,588;1,25806379854963
1351;11,592;1,19955954976198
1352;11,597;1,18521154958402
1353;11,601;1,25817502335721
1354;11,606;1,03049784223873
1355;11,610;0,939515949637407
1356;11,614;1,06964897450727
1357;11,619;0,972216043066246
1358;11,623;1,02082128397918
1359;11,628;0,882346398540731
1360;11,632;0,910486274858745
1361;11,637;0,85865551452596
1362;11,641;0,798594118432175
1363;11,646;0,698269341994038
1364;11,650;0,768563420385283
1365;11,654;0,736085776571607
1366;11,659;0,734528629265471
1367;11,663;0,714396939093295
1368;11,668;0,743871513102282
1369;11,672;0,658673310495173
1370;11,677;0,656671263958713
1371;11,681;0,592494549984429
1372;11,686;0,661009031454376
1373;11,690;0,653890643769186
1374;11,694;0,577701650576145
1375;11,699;0,723517373314944
1376;11,703;0,63576100013347
1377;11,708;0,623637496107132
1378;11,712;0,615740534768875
1379;11,717;0,572918983850158
1380;11,721;0,460470703385683
1381;11,726;0,569693464430307
1382;11,730;0,600725185745429
1383;11,734;0,519864750633981
1384;11,739;0,579703697112604
1385;11,743;0,619188503803888
1386;11,748;0,532433153890644
1387;11,752;0,515860657561062
1388;11,757;0,52486986697513
1389;11,761;0,629198736486186
1390;11,766;0,490835075855319
1391;11,770;0,598278239978645
1392;11,774;0,476820750100102
1393;11,779;0,453018641277751
1394;11,783;0,510966766027495
1395;11,788;0,451683943586778
1396;11,792;0,427993059572007
1397;11,797;0,579703697112604
1398;11,801;0,490278951817413
1399;11,805;0,527205587934333
1400;11,810;0,486163633936913
1401;11,814;0,337233616585843
1402;11,819;0,465475819726832
1403;11,823;0,502736130266495
1404;11,828;0,461471726653913
1405;11,832;0,55879343328736
1406;11,837;0,463584997997953
1407;11,841;0,531098456199671
1408;11,845;0,481158517595765
1409;11,850;0,434888997642034
1410;11,854;0,412421586510655
1411;11,859;0,44990434666548
1412;11,863;0,53410152600436
1413;11,868;0,442785958980291
1414;11,872;0,428994082840237
1415;11,877;0,497842238732927
1416;11,881;0,569693464430307
1417;11,885;0,425546113805223
1418;11,890;0,400298082484317
1419;11,894;0,46736664145571
1420;11,899;0,52898518485563
1421;11,903;0,472038083374116
1422;11,908;0,434777772834453
1423;11,912;0,515304533523157
1424;11,917;0,461916625884237
1425;11,921;0,352026515994127
1426;11,925;0,455688036659697
1427;11,930;0,344463229078614
1428;11,934;0,429995106108466
1429;11,939;0,500734083730035
1430;11,943;0,352360190416871
1431;11,948;0,404413400364817
1432;11,952;0,388953152111047
1433;11,957;0,450238021088224
1434;11,961;0,396405214218979
1435;11,965;0,405636873248209
1436;11,970;0,385838857498777
1437;11,974;0,435333896872358
1438;11,979;0,408639943052899
1439;11,983;0,391733772300574
1440;11,988;0,460248253770521
1441;11,992;0,409529741513547
1442;11,996;0,296080437780843
1443;12,001;0,374605151933087
1444;12,005;0,42109712150198
1445;12,010;0,440450238021088
1446;12,014;0,395960314988655
1447;12,019;0,427214485918939
1448;12,023;0,436001245717845
1449;12,028;0,448013524936602
1450;12,032;0,429661431685723
1451;12,036;0,405636873248209
1452;12,041;0,447457400898696
1453;12,045;0,368821461938871
1454;12,050;0,310428437958802
1455;12,054;0,411086888819682
1456;12,059;0,376162299239222
1457;12,063;0,352471415224452
1458;12,068;0,373270454242114
1459;12,072;0,379165369043912
1460;12,076;0,369600035591938
1461;12,081;0,354918360991236
1462;12,085;0,451683943586778
1463;12,090;0,395960314988655
1464;12,094;0,428437958802331
1465;12,099;0,361480624638519
1466;12,103;0,401855229790452
1467;12,108;0,420874671886818
1468;12,112;0,392067446723317
1469;12,116;0,409196067090804
1470;12,121;0,379165369043912
1471;12,125;0,446567602438048
1472;12,130;0,42421141611425
1473;12,134;0,451795168394359
1474;12,139;0,379832717889398
1475;12,143;0,432775726297994
1476;12,148;0,35024691907283
1477;12,152;0,410308315166615
1478;12,156;0,356030609067046
1479;12,161;0,451795168394359
1480;12,165;0,431441028607021
1481;12,170;0,402300129020777
1482;12,174;0,345353027539262
1483;12,179;0,340681585620857
1484;12,183;0,306313120078302
1485;12,188;0,42009609823375
1486;12,192;0,387062330382168
1487;12,196;0,422320594385372
1488;12,201;0,405859322863371
1489;12,205;0,477932998175913
1490;12,210;0,461026827423589
1491;12,214;0,43855941629221
1492;12,219;0,363816345597722
1493;12,223;0,344796903501357
1494;12,227;0,370378609245006
1495;12,232;0,425991013035547
1496;12,236;0,358255105218668
1497;12,241;0,449570672242737
1498;12,245;0,418761400542777
1499;12,250;0,390843973839925
1500;12,254;0,358143880411087
1501;12,259;0,425546113805223
1502;12,263;0,367375539440317
1503;12,267;0,417426702851804
1504;12,272;0,368487787516128
1505;12,276;0,463362548382791
1506;12,281;0,370378609245006
1507;12,285;0,392957245183966
1508;12,290;0,413867509009209
1509;12,294;0,403189927481425
1510;12,299;0,415090981892601
1511;12,303;0,339013213507141
1512;12,307;0,356586733104952
1513;12,312;0,373381679049695
1514;12,316;0,360702050985452
1515;12,321;0,420429772656493
1516;12,325;0,428437958802331
1517;12,330;0,427548160341683
1518;12,334;0,398296035947858
1519;12,339;0,389509276148952
1520;12,343;0,470036036837656
1521;12,347;0,455576811852116
1522;12,352;0,403857276326912
1523;12,356;0,415424656315345
1524;12,361;0,467144191840548
1525;12,365;0,367375539440317
1526;12,370;0,405303198825466
1527;12,374;0,466699292610224
1528;12,379;0,482159540863994
1529;12,383;0,490612626240157
1530;12,387;0,451683943586778
1531;12,392;0,527428037549495
1532;12,396;0,485051385861102
1533;12,401;0,433999199181385
1534;12,405;0,492725897584197
1535;12,410;0,485496285091427
1536;12,414;0,50640654891667
1537;12,418;0,494394269697913
1538;12,423;0,431218578991858
1539;12,427;0,469146238377008
1540;12,432;0,313876406993816
1541;12,436;0,446456377630467
1542;12,441;0,415424656315345
1543;12,445;0,533879076389198
1544;12,450;0,479045246251724
1545;12,454;0,523535169284157
1546;12,458;0,511411665257819
1547;12,463;0,453574765315656
1548;12,467;0,5156382079459
1549;12,472;0,478934021444143
1550;12,476;0,377163322507452
1551;12,481;0,436001245717845
1552;12,485;0,497397339502603
1553;12,490;0,482604440094319
1554;12,494;0,476264626062197
1555;12,498;0,464586021266183
1556;12,503;0,492837122391778
1557;12,507;0,46936868799217
1558;12,512;0,420763447079237
1559;12,516;0,439337989945277
1560;12,521;0,444899230324332
1561;12,525;0,405525648440628
1562;12,530;0,407527694977088
1563;12,534;0,453463540508075
1564;12,538;0,37493882635583
1565;12,543;0,30297637585087
1566;12,547;0,327112159095965
1567;12,552;0,479267695866886
1568;12,556;0,311318236419451
1569;12,561;0,441228811674156
1570;12,565;0,363371446367398
1571;12,570;0,461026827423589
1572;12,574;0,352360190416871
1573;12,578;0,433554299951061
1574;12,583;0,356920407527695
1575;12,587;0,388063353650398
1576;12,592;0,368821461938871
1577;12,596;0,304422298349424
1578;12,601;0,38617253192152
1579;12,605;0,356253058682208
1580;12,609;0,373381679049695
1581;12,614;0,300306980468924
1582;12,618;0,42109712150198
1583;12,623;0,353583663300263
1584;12,627;0,334341771588735
1585;12,632;0,412087912087912
1586;12,636;0,345797926769587
1587;12,641;0,436223695333007
1588;12,645;0,399853183253993
1589;12,649;0,39440316768252
1590;12,654;0,364150020020465
1591;12,658;0,359923477332384
1592;12,663;0,365595942519019
1593;12,667;0,313542732571073
1594;12,672;0,393290919606709
1595;12,676;0,385393958268452
1596;12,681;0,422209369577791
1597;12,685;0,437892067446723
1598;12,689;0,354918360991236
1599;12,694;0,346798950037816
1600;12,698;0,358700004448992
1601;12,703;0,376162299239222
1602;12,707;0,308871290652667
1603;12,712;0,38517150865329
1604;12,716;0,340125461582951
1605;12,721;0,358588779641411
1606;12,725;0,351581616763803
1607;12,729;0,438225741869467
1608;12,734;0,319660096988032
1609;12,738;0,385950082306358
1610;12,743;0,361258175023357
1611;12,747;0,368821461938871
1612;12,752;0,39651643902656
1613;12,756;0,436891044178494
1614;12,761;0,347466298883303
1615;12,765;0,321662143524492
1616;12,769;0,349134670997019
1617;12,774;0,298416158740045
1618;12,778;0,383391911731993
1619;12,783;0,303087600658451
1620;12,787;0,357810205988344
1621;12,792;0,391622547492993
1622;12,796;0,35536326022156
1623;12,800;0,330893802553722
1624;12,805;0,38005516750456
1625;12,809;0,412087912087912
1626;12,814;0,429995106108466
1627;12,818;0,420540997464074
1628;12,823;0,364817368865952
1629;12,827;0,332006050629532
1630;12,832;0,286626329136451
1631;12,836;0,333229523512924
1632;12,840;0,377052097699871
1633;12,845;0,307425368154113
1634;12,849;0,288183476442586
1635;12,854;0,341126484851181
1636;12,858;0,346910174845398
1637;12,863;0,330004004093073
1638;12,867;0,303754949503937
1639;12,872;0,331338701784046
1640;12,876;0,385060283845709
1641;12,880;0,341571384081506
1642;12,885;0,445121679939494
1643;12,889;0,352582640032033
1644;12,894;0,35847755483383
1645;12,898;0,370489834052587
1646;12,903;0,390843973839925
1647;12,907;0,395849090181074
1648;12,912;0,312319259687681
1649;12,916;0,324776438136762
1650;12,920;0,307202918538951
1651;12,925;0,532655603505806
1652;12,929;0,334786670819059
1653;12,934;0,345797926769587
1654;12,938;0,301752902967478
1655;12,943;0,412421586510655
1656;12,947;0,377719446545357
1657;12,952;0,373381679049695
1658;12,956;0,372158206166303
1659;12,960;0,316100903145438
1660;12,965;0,345909151577168
1661;12,969;0,449681897050318
1662;12,974;0,35224896560929
1663;12,978;0,340236686390533
1664;12,983;0,320216221025938
1665;12,987;0,390510299417182
1666;12,991;0,352805089647195
1667;12,996;0,373381679049695
1668;13,000;0,389620500956533
1669;13,005;0,363037771944655
1670;13,009;0,387062330382168
1671;13,014;0,394848066912844
1672;13,018;0,367375539440317
1673;13,023;0,418427726120034
1674;13,027;0,456800284735507
1675;13,031;0,366263291364506
1676;13,036;0,420985896694399
1677;13,040;0,454909463006629
1678;13,045;0,426547137073453
1679;13,049;0,352805089647195
1680;13,054;0,335342794856965
1681;13,058;0,37282555501179
1682;13,063;0,286070205098545
1683;13,067;0,388730702495885
1684;13,071;0,336121368510032
1685;13,076;0,374827601548249
1686;13,080;0,35947857810206
1687;13,085;0,281843662410464
1688;13,089;0,339013213507141
1689;13,094;0,335454019664546
1690;13,098;0,294300840859545
1691;13,103;0,459803354540197
1692;13,107;0,31532232949237
1693;13,111;0,317213151221248
1694;13,116;0,332117275437114
1695;13,120;0,28139876318014
1696;13,125;0,329892779285492
1697;13,129;0,366040841749344
1698;13,134;0,387729679227655
1699;13,138;0,301641678159897
1700;13,143;0,40463584997998
1701;13,147;0,406860346131601
1702;13,151;0,457467633580994
1703;13,156;0,418761400542777
1704;13,160;0,388508252880723
1705;13,165;0,32355296525337
1706;13,169;0,43544512167994
1707;13,174;0,423099168038439
1708;13,178;0,442563509365129
1709;13,183;0,360368376562709
1710;13,187;0,466143168572318
1711;13,191;0,367597989055479
1712;13,196;0,465030920496508
1713;13,200;0,38828580326556
1714;13,205;0,460248253770521
1715;13,209;0,485941184321751
1716;13,214;0,486942207589981
1717;13,218;0,468478889531521
1718;13,222;0,377608221737776
1719;13,227;0,458357432041643
1720;13,231;0,405859322863371
1721;13,236;0,520643324287049
1722;13,240;0,370489834052587
1723;13,245;0,359367353294479
1724;13,249;0,417093028429061
1725;13,254;0,511856564488143
1726;13,258;0,469591137607332
1727;13,262;0,405080749210304
1728;13,267;0,402411353828358
1729;13,271;0,458468656849224
1730;13,276;0,349134670997019
1731;13,280;0,358032655603506
1732;13,285;0,371935756551141
1733;13,289;0,415202206700182
1734;13,294;0,372936779819371
1735;13,298;0,355585709836722
1736;13,302;0,344796903501357
1737;13,307;0,359144903679317
1738;13,311;0,352916314454776
1739;13,316;0,255038483783423
1740;13,320;0,39440316768252
1741;13,325;0,420985896694399
1742;13,329;0,327890732749032
1743;13,334;0,366485740979668
1744;13,338;0,350135694265249
1745;13,342;0,405191974017885
1746;13,347;0,261711972238288
1747;13,351;0,341905058504249
1748;13,356;0,306313120078302
1749;13,360;0,346465275615073
1750;13,365;0,392512345953642
1751;13,369;0,406637896516439
1752;13,374;0,451127819548872
1753;13,378;0,520420874671887
1754;13,382;0,697045869110646
1755;13,387;0,790029808248432
1756;13,391;1,13493793655737
1757;13,396;1,62199136895493
1758;13,400;2,53347866708191
1759;13,405;3,39569337545046
1760;13,409;4,50682920318548
1761;13,413;6,03750500511634
1762;13,418;8,03677092138631
1763;13,422;9,98676424789785
1764;13,427;13,3160564132224
1765;13,431;16,6645904702585
1766;13,436;20,4757085020243
1767;13,440;24,2220936957779
1768;13,445;27,9039685011345
1769;13,449;32,9235440672688
1770;13,453;36,4733950260266
1771;13,458;40,7707879165369
1772;13,462;44,9139119989322
1773;13,467;48,8263558304044
1774;13,471;51,3864172264982
1775;13,476;54,0858433064911
1776;13,480;56,1717533478667
1777;13,485;57,20158384126
1778;13,489;57,9950616185434
1779;13,493;57,7919651199003
1780;13,498;57,3321617653601
1781;13,502;55,7926992036304
1782;13,507;54,2394447657606
1783;13,511;52,651599412733
1784;13,516;50,4952840681586
1785;13,520;47,9790452462517
1786;13,525;45,7014948614139
1787;13,529;42,5147928994083
1788;13,533;39,7114828491347
1789;13,538;36,6827201138942
1790;13,542;34,0003114294612
1791;13,547;31,6083107176225
1792;13,551;29,3365440227788
1793;13,556;27,3845486497308
1794;13,560;25,0030030698047
1795;13,565;22,5368154113093
1796;13,569;20,9144903679317
1797;13,573;18,9966410108111
1798;13,578;17,160430662455
1799;13,582;15,6494416514659
1800;13,587;14,0317880500067
1801;13,591;12,8004182052765
1802;13,596;11,4812919873649
1803;13,600;10,4998442852694
1804;13,604;9,58513146772256
1805;13,609;8,74560662010055
1806;13,613;7,80753659296169
1807;13,618;7,10159273924456
1808;13,622;6,52066556924857
1809;13,627;6,14194509943498
1810;13,631;5,47359523068025
1811;13,636;5,08953597010277
1812;13,640;4,48591893936023
1813;13,644;4,17282110601949
1814;13,649;3,85738755171954
1815;13,653;3,63326956444365
1816;13,658;3,48445077190016
1817;13,662;3,06635672020287
1818;13,667;2,83233972505228
1819;13,671;2,75570583262891
1820;13,676;2,68218623481781
1821;13,680;2,48086933309605
1822;13,684;2,55060728744939
1823;13,689;2,14508163900876
1824;13,693;2,0373048004627
1825;13,698;1,80595720069404
1826;13,702;1,91239934154914
1827;13,707;1,83431952662722
1828;13,711;1,62176891933977
1829;13,716;1,51821862348178
1830;13,720;1,42022956800285
1831;13,724;1,48551853005294
1832;13,729;1,26751790719402
1833;13,733;1,32746807848022
1834;13,738;1,27519241891712
1835;13,742;1,32424255906037
1836;13,747;1,1753125417093
1837;13,751;1,12692975041153
1838;13,756;1,11836544022779
1839;13,760;0,980113004404502
1840;13,764;0,950193531165191
1841;13,769;1,03917337723006
1842;13,773;0,923277127730569
1843;13,778;0,823063576100013
1844;13,782;0,789584909018107
1845;13,787;0,834408506473284
1846;13,791;0,80015126573831
1847;13,795;0,720403078702674
1848;13,800;0,818948258219513
1849;13,804;0,691484628731592
1850;13,809;0,737754148685323
1851;13,813;0,7990390176625
1852;13,818;0,672465186635227
1853;13,822;0,769453218845931
1854;13,827;0,625194643413267
1855;13,831;0,635538550518308
1856;13,835;0,656003915113227
1857;13,840;0,571917960581928
1858;13,844;0,640209992436713
1859;13,849;0,656003915113227
1860;13,853;0,568136317124171
1861;13,858;0,608733371891267
1862;13,862;0,534546425234684
1863;13,867;0,547559727721671
1864;13,871;0,582150642879388
1865;13,875;0,464919695688926
1866;13,880;0,437002268986075
1867;13,884;0,60595275170174
1868;13,889;0,464029897228278
1869;13,893;0,515193308715576
1870;13,898;0,478934021444143
1871;13,902;0,439004315522534
1872;13,907;0,527205587934333
1873;13,911;0,606731325354807
1874;13,915;0,511967789295725
1875;13,920;0,42421141611425
1876;13,924;0,422987943230858
1877;13,929;0,428215509187169
1878;13,933;0,48783200605063
1879;13,938;0,435222672064777
1880;13,942;0,414534857854696
1881;13,947;0,480824843173021
1882;13,951;0,431552253414602
1883;13,955;0,535769898118076
1884;13,960;0,459247230502291
1885;13,964;0,479156471059305
1886;13,969;0,385727632691195
1887;13,973;0,347799973306046
1888;13,978;0,394180718067358
1889;13,982;0,415869555545669
1890;13,986;0,368821461938871
1891;13,991;0,379610268274236
1892;13,995;0,406192997286115
1893;14,000;0,359701027717222
1894;14,004;0,403746051519331
1895;14,009;0,331227476976465
1896;14,013;0,404302175557236
1897;14,018;0,33790096543133
1898;14,022;0,36770921386306
1899;14,026;0,300751879699248
1900;14,031;0,34713262446056
1901;14,035;0,364038795212884
1902;14,040;0,381834764425858
1903;14,044;0,378609245006006
1904;14,049;0,391177648262669
1905;14,053;0,38005516750456
1906;14,058;0,391066423455087
1907;14,062;0,3122080348801
1908;14,066;0,274502825110113
1909;14,071;0,395849090181074
1910;14,075;0,28351203452418
1911;14,080;0,370601058860168
1912;14,084;0,322663166792721
1913;14,089;0,378164345775682
1914;14,093;0,317213151221248
1915;14,098;0,264826266850558
1916;14,102;0,336677492547938
1917;14,106;0,310984561996708
1918;14,111;0,383503136539574
1919;14,115;0,33378564755083
1920;14,120;0,422876718423277
1921;14,124;0,313765182186235
1922;14,129;0,326556035058059
1923;14,133;0,247141522445166
1924;14,138;0,29886105797037
1925;14,142;0,271499755305423
1926;14,146;0,351692841571384
1927;14,151;0,291520220670018
1928;14,155;0,271944654535748
1929;14,160;0,316768251990924
1930;14,164;0,28451305779241
1931;14,169;0,278173243760288
1932;14,173;0,318214174489478
1933;14,178;0,34713262446056
1934;14,182;0,362259198291587
1935;14,186;0,353583663300263
1936;14,191;0,335120345241803
1937;14,195;0,312652934110424
1938;14,200;0,292632468745829
1939;14,204;0,262379321083775
1940;14,209;0,354918360991236
1941;14,213;0,362370423099168
1942;14,217;0,297971259509721
1943;14,222;0,287961026827424
1944;14,226;0,310539662766383
1945;14,231;0,317324376028829
1946;14,235;0,269942607999288
1947;14,240;0,307981492192019
1948;14,244;0,245695599946612
1949;14,249;0,34301730658006
1950;14,253;0,348022422921208
1951;14,257;0,24647417359968
1952;14,262;0,31120701161187
1953;14,266;0,275726297993505
1954;14,271;0,349690795034925
1955;14,275;0,294968189705032
1956;14,280;0,250811941095342
1957;14,284;0,311540686034613
1958;14,289;0,299528406815856
1959;14,293;0,341682608889087
1960;14,297;0,225230235351693
1961;14,302;0,308982515460248
1962;14,306;0,337789740623749
1963;14,311;0,307759042576856
1964;14,315;0,217110824398274
1965;14,320;0,261600747430707
1966;14,324;0,354807136183654
1967;14,329;0,272389553766072
1968;14,333;0,201761800952084
1969;14,337;0,284179383369667
1970;14,342;0,205988343640166
1971;14,346;0,226676157850247
1972;14,351;0,297748809894559
1973;14,355;0,304311073541843
1974;14,360;0,257040530319883
1975;14,364;0,255817057436491
1976;14,369;0,280953863949815
1977;14,373;0,262379321083775
1978;14,377;0,238465987453842
1979;14,382;0,227899630733639
1980;14,386;0,293077367976153
1981;14,391;0,333118298705343
1982;14,395;0,183298482893625
1983;14,400;0,370378609245006
1984;14,404;0,386728655959425
1985;14,408;0,338345864661654
1986;14,413;0,241802731681274
1987;14,417;0,359923477332384
1988;14,422;0,27839569337545
1989;14,426;0,317658050451573
1990;14,431;0,252035413978734
1991;14,435;0,243916003025315
1992;14,440;0,29474574008987
1993;14,444;0,253481336477288
1994;14,448;0,256261956666815
1995;14,453;0,286292654713707
1996;14,457;0,30920496507541
1997;14,462;0,304422298349424
1998;14,466;0,275837522801086
1999;14,471;0,281954887218045
2000;14,475;0,265271166080883
2001;14,480;0,306980468923789
2002;14,484;0,244027227832896
2003;14,488;0,297415135471816
2004;14,493;0,251812964363572
2005;14,497;0,213885304978422
2006;14,502;0,185300529430084
2007;14,506;0,275058949148018
2008;14,511;0,246029274369355
2009;14,515;0,277728344529964
2010;14,520;0,195088312497219
2011;14,524;0,264715042042977
2012;14,528;0,259709925701829
2013;14,533;0,245361925523869
2014;14,537;0,253592561284869
2015;14,542;0,297303910664235
2016;14,546;0,27528139876318
2017;14,551;0,278062018952707
2018;14,555;0,301419228544735
2019;14,560;0,334786670819059
2020;14,564;0,297526360279397
2021;14,568;0,212328157672287
2022;14,573;0,258264003203274
2023;14,577;0,266272189349112
2024;14,582;0,251368065133247
2025;14,586;0,305423321617654
2026;14,591;0,29174267028518
2027;14,595;0,293522267206478
2028;14,599;0,359367353294479
2029;14,604;0,293855941629221
2030;14,608;0,294856964897451
2031;14,613;0,291631445477599
2032;14,617;0,336232593317614
2033;14,622;0,342461182542154
2034;14,626;0,313209058148329
2035;14,631;0,328001957556613
2036;14,635;0,390843973839925
2037;14,639;0,359589802909641
2038;14,644;0,396293989411398
2039;14,648;0,272389553766072
2040;14,653;0,312096810072519
2041;14,657;0,336343818125195
2042;14,662;0,302865151043289
2043;14,666;0,369488810784357
2044;14,671;0,325110112559505
2045;14,675;0,371268407705655
2046;14,679;0,348912221381857
2047;14,684;0,258152778395693
2048;14,688;0,309872313920897
2049;14,693;0,322996841215465
2050;14,697;0,317546825643992
2051;14,702;0,357698981180763
2052;14,706;0,365595942519019
2053;14,711;0,329892779285492
2054;14,715;0,275058949148018
2055;14,719;0,270832406459937
2056;14,724;0,309427414690573
2057;14,728;0,32255194198514
2058;14,733;0,330337678515816
2059;14,737;0,262045646661031
2060;14,742;0,261267073007964
2061;14,746;0,320216221025938
2062;14,751;0,279285491836099
2063;14,755;0,315433554299951
2064;14,759;0,306646794501046
2065;14,764;0,273835476264626
2066;14,768;0,251368065133247
2067;14,773;0,267718111847667
2068;14,777;0,282288561640788
2069;14,782;0,273946701072207
2070;14,786;0,288739600480491
2071;14,790;0,307647817769275
2072;14,795;0,334008097165992
2073;14,799;0,271054856075099
2074;14,804;0,264492592427815
2075;14,808;0,288850825288072
2076;14,813;0,298082484317302
2077;14,817;0,285847755483383
2078;14,822;0,24958846821195
2079;14,826;0,28351203452418
2080;14,830;0,292410019130667
2081;14,835;0,213996529786003
2082;14,839;0,233460871112693
2083;14,844;0,332339725052276
2084;14,848;0,256595631089558
2085;14,853;0,403968501134493
2086;14,857;0,265716065311207
2087;14,862;0,28451305779241
2088;14,866;0,371379632513236
2089;14,870;0,268496685500734
2090;14,875;0,322329492369978
2091;14,879;0,252146638786315
2092;14,884;0,339124438314722
2093;14,888;0,281954887218045
2094;14,893;0,218223072474085
2095;14,897;0,317546825643992
2096;14,902;0,309316189882992
2097;14,906;0,243248654179828
2098;14,910;0,212439382479868
2099;14,915;0,323664190060951
2100;14,919;0,241469057258531
2101;14,924;0,31432130622414
2102;14,928;0,282733460871113
2103;14,933;0,365818392134182
2104;14,937;0,270832406459937
2105;14,942;0,320327445833519
2106;14,946;0,260266049739734
2107;14,950;0,316212127953019
2108;14,955;0,224229212083463
2109;14,959;0,221671041509098
2110;14,964;0,315656003915113
2111;14,968;0,274836499532856
2112;14,973;0,278284468567869
2113;14,977;0,313987631801397
2114;14,982;0,37694087289229
2115;14,986;0,420985896694399
2116;14,990;0,641322240512524
2117;14,995;0,771566490189972
2118;14,999;1,20311874360457
2119;15,004;1,43146327356854
2120;15,008;2,11949993326512
2121;15,013;2,72078124304845
2122;15,017;3,62448280464475
2123;15,021;4,77944120656671
2124;15,026;5,98934466343373
2125;15,030;7,43971615429105
2126;15,035;9,131000578369
2127;15,039;11,1750900920941
2128;15,044;12,7476976464831
2129;15,048;14,6042621346265
2130;15,053;16,4440316768252
2131;15,057;18,2369755750323
2132;15,061;20,1371401877475
2133;15,066;21,4601592739245
2134;15,070;22,9642523468434
2135;15,075;24,3844819148463
2136;15,079;24,7120389731726
2137;15,084;25,2721671041509
2138;15,088;26,0989010989011
2139;15,093;25,4491257730124
2140;15,097;25,6000578368999
2141;15,101;25,5031810294968
2142;15,106;24,9865417982827
2143;15,110;23,8987631801397
2144;15,115;22,4472794412066
2145;15,119;21,9042799305957
2146;15,124;21,1198113627263
2147;15,128;19,4592249855408
2148;15,133;18,5032477643814
2149;15,137;16,997931218579
2150;15,141;15,6923744271922
2151;15,146;14,6012590648218
2152;15,150;13,2414245673355
2153;15,155;12,3083596565378
2154;15,159;11,4893001735107
2155;15,164;10,3613693998309
2156;15,168;9,39393602349068
2157;15,173;8,59011433910219
2158;15,177;7,91842772612003
2159;15,181;7,00026693953819
2160;15,186;6,69929261022378
2161;15,190;6,00380388841927
2162;15,195;5,68247541931752
2163;15,199;4,75697379543533
2164;15,204;4,36101348044668
2165;15,208;4,02344618943809
2166;15,212;3,73504026338034
2167;15,217;3,43540063175691
2168;15,221;2,96024825377052
2169;15,226;2,73568536726431
2170;15,230;2,48453975174623
2171;15,235;2,0525425991013
2172;15,239;2,22026960893358
2173;15,244;1,95878008631045
2174;15,248;1,85100324776438
2175;15,252;1,79961738666192
2176;15,257;1,55992792632469
2177;15,261;1,39576011033501
2178;15,266;1,37907638919785
2179;15,270;1,43847043644614
2180;15,275;1,25595052720559
2181;15,279;1,03005294300841
2182;15,284;1,32168438848601
2183;15,288;1,06264181162967
2184;15,292;0,920718957156204
2185;15,297;0,89569337545046
2186;15,301;0,876785158161676
2187;15,306;0,673911109133781
2188;15,310;0,743204164256796
2189;15,315;0,680028473550741
2190;15,319;0,734194954842728
2191;15,324;0,632313031098456
2192;15,328;0,663122302798416
2193;15,332;0,604729278818348
2194;15,337;0,803488009965743
2195;15,341;0,580037371535347
2196;15,346;0,522422921208346
2197;15,350;0,527428037549495
2198;15,355;0,594830270943631
2199;15,359;0,52587089024336
2200;15,364;0,348800996574276
2201;15,368;0,404413400364817
2202;15,372;0,462695199537305
2203;15,377;0,44990434666548
2204;15,381;0,492614672776616
2205;15,386;0,342127508119411
2206;15,390;0,433554299951061
2207;15,395;0,462472749922143
2208;15,399;0,394180718067358
2209;15,403;0,344463229078614
2210;15,408;0,297637585086978
2211;15,412;0,328001957556613
2212;15,417;0,350358143880411
2213;15,421;0,313209058148329
2214;15,426;0,312541709302843
2215;15,430;0,354028562530587
2216;15,435;0,340904035236019
2217;15,439;0,318102949681897
2218;15,443;0,373492903857276
2219;15,448;0,253370111669707
2220;15,452;0,345464252346843
2221;15,457;0,385838857498777
2222;15,461;0,265382390888464
2223;15,466;0,270943631267518
2224;15,470;0,270053832806869
2225;15,475;0,288405926057748
2226;15,479;0,334564221203897
2227;15,483;0,284068158562086
2228;15,488;0,262268096276193
2229;15,492;0,237798638608355
2230;15,497;0,372380655781466
2231;15,501;0,31120701161187
2232;15,506;0,301530453352316
2233;15,510;0,329447880055168
2234;15,515;0,283178360101437
2235;15,519;0,292632468745829
2236;15,523;0,275058949148018
2237;15,528;0,239467010722071
2238;15,532;0,298193709124883
2239;15,537;0,228678204386706
2240;15,541;0,312875383725586
2241;15,546;0,202762824220314
2242;15,550;0,291297771054856
2243;15,555;0,403078702673844
2244;15,559;0,262490545891356
2245;15,563;0,269497708768964
2246;15,568;0,227232281888152
2247;15,572;0,349023446189438
2248;15,577;0,21566490189972
2249;15,581;0,1499310406193
2250;15,586;0,226453708235085
2251;15,590;0,216999599590693
2252;15,594;0,259042576856342
2253;15,599;0,244249677448058
2254;15,603;0,197312808648841
2255;15,608;0,249699693019531
2256;15,612;0,299528406815856
2257;15,617;0,313876406993816
2258;15,621;0,323330515638208
2259;15,626;0,26093339858522
2260;15,630;0,25058949148018
2261;15,634;0,182297459625395
2262;15,639;0,268274235885572
2263;15,643;0,257151755127464
2264;15,648;0,246807848022423
2265;15,652;0,181296436357165
2266;15,657;0,293855941629221
2267;15,661;0,311651910842194
2268;15,666;0,280953863949815
2269;15,670;0,238577212261423
2270;15,674;0,174845397517462
2271;15,679;0,257596654357788
2272;15,683;0,128464652756151
2273;15,688;0,225007785736531
2274;15,692;0,317880500066735
2275;15,697;0,284179383369667
2276;15,701;0,292298794323086
2277;15,706;0,221671041509098
2278;15,710;0,217555723628598
2279;15,714;0,285625305868221
2280;15,719;0,291297771054856
2281;15,723;0,171063754059705
2282;15,728;0,225007785736531
2283;15,732;0,250144592249855
2284;15,737;0,242692530141923
2285;15,741;0,127241179872759
2286;15,746;0,30197535258264
2287;15,750;0,315767228722694
2288;15,754;0,353472438492681
2289;15,759;0,503959603149887
2290;15,763;0,502402455843751
2291;15,768;0,824620723406149
2292;15,772;1,08577657160653
2293;15,777;1,38063353650398
2294;15,781;1,82764603817235
2295;15,785;2,48009075944299
2296;15,790;3,34808915780576
2297;15,794;4,14679450104551
2298;15,799;5,51352493660186
2299;15,803;6,92652489211194
2300;15,808;8,48589669439872
2301;15,812;10,096654357788
2302;15,817;12,1609867864929
2303;15,821;14,2179783778974
2304;15,825;16,8194154024114
2305;15,830;18,9842950571696
2306;15,834;20,7571072652044
2307;15,839;22,8867286559594
2308;15,843;25,301085554122
2309;15,848;26,7059660986787
2310;15,852;27,8699337100147
2311;15,857;29,1064198958936
2312;15,861;29,4307514348
2313;15,865;30,0236908840148
2314;15,870;29,611825421542
2315;15,874;29,8718690216666
2316;15,879;29,295613293589
2317;15,883;28,5985674244784
2318;15,888;27,4981091782711
2319;15,892;26,0355029585799
2320;15,897;24,7831116252169
2321;15,901;23,346420785692
2322;15,905;22,1744449882102
2323;15,910;20,1970903590337
2324;15,914;18,9532633358544
2325;15,919;17,3253770520977
2326;15,923;15,8805668016194
2327;15,928;14,532188459314
2328;15,932;13,1218578991858
2329;15,937;11,7264314632736
2330;15,941;11,0759887885394
2331;15,945;10,0875339235663
2332;15,950;8,88118966054189
2333;15,954;8,06057303020866
2334;15,959;7,12127953018641
2335;15,963;6,6122035858878
2336;15,968;6,03450193531165
2337;15,972;5,25715175512746
2338;15,977;4,79968412154647
2339;15,981;4,29283267339948
2340;15,985;3,97962361525115
2341;15,990;3,71012590648218
2342;15,994;3,47521911287093
2343;15,999;3,10995684477466
2344;16,003;2,93244205187525
2345;16,008;2,63714018774748
2346;16,012;2,46107131734662
2347;16,016;2,25419317524581
2348;16,021;2,16410108110513
2349;16,025;1,91684833385238
2350;16,030;1,8655736975575
2351;16,034;1,59763313609467
2352;16,039;1,73899986653023
2353;16,043;1,45748987854251
2354;16,048;1,38574987765271
2355;16,052;1,25139031009476
2356;16,056;1,2329269920363
2357;16,061;1,10690928504694
2358;16,065;1,12859812252525
2359;16,070;1,02360190416871
2360;16,074;0,968323174800908
2361;16,079;0,939627174444988
2362;16,083;0,872224941050852
2363;16,088;0,890577034301731
2364;16,092;0,819726831872581
2365;16,096;0,761667482315256
2366;16,101;0,796925746318459
2367;16,105;0,685478489122214
2368;16,110;0,713395915825066
2369;16,114;0,641878364550429
2370;16,119;0,737198024647417
2371;16,123;0,661898829915024
2372;16,128;0,432219602260088
2373;16,132;0,622858922454064
2374;16,136;0,648218178582551
2375;16,141;0,507852471415224
2376;16,145;0,416870578813899
2377;16,150;0,583707790185523
2378;16,154;0,44367575744094
2379;16,159;0,567468968278685
2380;16,163;0,463028873960048
2381;16,168;0,35124794234106
2382;16,172;0,423988966499088
2383;16,176;0,458579881656805
2384;16,181;0,415647105930507
2385;16,185;0,530208657739022
2386;16,190;0,515860657561062
2387;16,194;0,362481647906749
2388;16,199;0,421764470347466
2389;16,203;0,465698269341994
2390;16,207;0,335009120434222
2391;16,212;0,317880500066735
2392;16,216;0,359367353294479
2393;16,221;0,388174578457979
2394;16,225;0,295190639320194
2395;16,230;0,408083819014993
2396;16,234;0,361258175023357
2397;16,239;0,38617253192152
2398;16,243;0,443008408595453
2399;16,247;0,416759354006318
2400;16,252;0,33589891889487
2401;16,256;0,358588779641411
2402;16,261;0,277839569337545
2403;16,265;0,346798950037816
2404;16,270;0,324220314098857
2405;16,274;0,388619477688304
2406;16,279;0,361146950215776
2407;16,283;0,343128531387641
2408;16,287;0,314766205454465
2409;16,292;0,250478266672599
2410;16,296;0,264715042042977
2411;16,301;0,34713262446056
2412;16,305;0,24858744494372
2413;16,310;0,370601058860168
2414;16,314;0,293967166436802
2415;16,319;0,236575165724963
2416;16,323;0,378386795390844
2417;16,327;0,324998887751924
2418;16,332;0,153267784846732
2419;16,336;0,265493615696045
2420;16,341;0,311651910842194
2421;16,345;0,254816034168261
2422;16,350;0,278506918183032
2423;16,354;0,34613160119233
2424;16,359;0,182519909240557
2425;16,363;0,258375228010856
2426;16,367;0,272389553766072
2427;16,372;0,210993459981314
2428;16,376;0,238910886684166
2429;16,381;0,248031320905815
2430;16,385;0,296970236241491
2431;16,390;0,224785336121369
2432;16,394;0,238910886684166
2433;16,398;0,231347599768652
2434;16,403;0,223450638430396
2435;16,407;0,215442452284558
2436;16,412;0,272834452996396
2437;16,416;0,20643324287049
2438;16,421;0,217110824398274
2439;16,425;0,182742358855719
2440;16,430;0,193531165191084
2441;16,434;0,247030297637585
2442;16,438;0,192530141922854
2443;16,443;0,196534234995773
2444;16,447;0,213217956132936
2445;16,452;0,179183165013125
2446;16,456;0,198313831917071
2447;16,461;0,215998576322463
2448;16,465;0,232348623036882
2449;16,470;0,221671041509098
2450;16,474;0,217222049205855
2451;16,478;0,257262979935045
2452;16,483;0,291075321439694
2453;16,487;0,211772033634382
2454;16,492;0,292966143168572
2455;16,496;0,169840281176314
2456;16,501;0,259153801663923
2457;16,505;0,294523290474707
2458;16,510;0,121791164301286
2459;16,514;0,223339413622814
2460;16,518;0,172954575788584
2461;16,523;0,180517862704098
2462;16,527;0,320549895448681
2463;16,532;0,121346265070961
2464;16,536;0,163500467144192
2465;16,541;0,306758019308627
2466;16,545;0,274614049917694
2467;16,550;0,214886328246652
2468;16,554;0,223450638430396
2469;16,558;0,233572095920274
2470;16,563;0,197646483071584
2471;16,567;0,268496685500734
2472;16,572;0,139031009476354
2473;16,576;0,270943631267518
2474;16,581;0,245250700716288
2475;16,585;0,183298482893625
2476;16,589;0,160497397339503
2477;16,594;0,246807848022423
2478;16,598;0,204319971526449
2479;16,603;0,17773724251457
2480;16,607;0,207100591715976
2481;16,612;0,235685367264315
2482;16,616;0,23012412688526
2483;16,621;0,247586421675491
2484;16,625;0,186412777505895
2485;16,629;0,226120033812342
2486;16,634;0,141144280820394
2487;16,638;0,213774080170841
2488;16,643;0,233905770343017
2489;16,647;0,15204431196334
2490;16,652;0,196645459803355
2491;16,656;0,218445522089247
2492;16,661;0,234795568803666
2493;16,665;0,210993459981314
2494;16,669;0,170952529252124
2495;16,674;0,24447212706322
2496;16,678;0,215442452284558
2497;16,683;0,215442452284558
2498;16,687;0,212328157672287
2499;16,692;0,253815010900031
2500;16,696;0,213885304978422
2501;16,701;0,182408684432976
2502;16,705;0,169395381945989
2503;16,709;0,224117987275882
2504;16,714;0,156270854651421
2505;16,718;0,284735507407572
2506;16,723;0,249366018596788
2507;16,727;0,224562886506206
2508;16,732;0,154936156960448
2509;16,736;0,237131289762869
2510;16,741;0,261711972238288
2511;16,745;0,183409707701206
2512;16,749;0,211104684788895
2513;16,754;0,168505583485341
2514;16,758;0,244249677448058
2515;16,763;0,190305645771233
2516;16,767;0,120901365840637
2517;16,772;0,161498420607732
2518;16,776;0,249810917827112
2519;16,780;0,178182141744895
2520;16,785;0,191640343462206
2521;16,789;0,248809894558882
2522;16,794;0,191751568269787
2523;16,798;0,216332250745206
2524;16,803;0,198313831917071
2525;16,807;0,26604973973395
2526;16,812;0,238354762646261
2527;16,816;0,204542421141611
2528;16,820;0,236908840147707
2529;16,825;0,194198514036571
2530;16,829;0,215331227476976
2531;16,834;0,213329180940517
2532;16,838;0,279285491836099
2533;16,843;0,215553677092139
2534;16,847;0,204097521911287
2535;16,852;0,190639320193976
2536;16,856;0,177514792899408
2537;16,860;0,180962761934422
2538;16,865;0,187747475196868
2539;16,869;0,236019041687058
2540;16,874;0,163389242336611
2541;16,878;0,151265738310273
2542;16,883;0,215998576322463
2543;16,887;0,153712684077057
2544;16,892;0,232237398229301
2545;16,896;0,204987320371936
2546;16,900;0,206322018062909
2547;16,905;0,245250700716288
2548;16,909;0,196311785380611
2549;16,914;0,142923877741692
2550;16,918;0,226231258619923
2551;16,923;0,231347599768652
2552;16,927;0,234795568803666
2553;16,932;0,136806513324732
2554;16,936;0,161053521377408
2555;16,940;0,200760777683855
2556;16,945;0,191195444231881
2557;16,949;0,191640343462206
2558;16,954;0,137696311785381
2559;16,958;0,123904435645326
2560;16,963;0,174178048671976
2561;16,967;0,248031320905815
2562;16,972;0,203763847488544
2563;16,976;0,218556746896828
2564;16,980;0,302309027005383
2565;16,985;0,212884281710193
2566;16,989;0,186079103083152
2567;16,994;0,208101614984206
2568;16,998;0,22189349112426
2569;17,003;0,22289451439249
2570;17,007;0,20443119633403
2571;17,011;0,192752591538017
2572;17,016;0,18585665346799
2573;17,020;0,223116964007652
2574;17,025;0,211215909596476
2575;17,029;0,180406637896516
2576;17,034;0,225452684966855
2577;17,038;0,235462917649152
2578;17,043;0,230235351692842
2579;17,047;0,23935578591449
2580;17,051;0,191417893847044
2581;17,056;0,228122080348801
2582;17,060;0,194643413266895
2583;17,065;0,170618854829381
2584;17,069;0,230346576500423
2585;17,074;0,219335320549895
2586;17,078;0,269275259153802
2587;17,083;0,266383414156694
2588;17,087;0,20231792498999
2589;17,091;0,258375228010856
2590;17,096;0,228678204386706
2591;17,100;0,264826266850558
2592;17,105;0,169729056368732
2593;17,109;0,258597677626018
2594;17,114;0,195866886150287
2595;17,118;0,25781910397295
2596;17,123;0,197312808648841
2597;17,127;0,195088312497219
2598;17,131;0,181518885972327
2599;17,136;0,268607910308315
2600;17,140;0,21877919651199
2601;17,145;0,203875072296125
2602;17,149;0,159496374071273
2603;17,154;0,280286515104329
2604;17,158;0,208101614984206
2605;17,163;0,292854918360991
2606;17,167;0,218890421319571
2607;17,171;0,243359878987409
2608;17,176;0,214997553054233
2609;17,180;0,192641366730436
2610;17,185;0,276616096454153
2611;17,189;0,25470480936068
2612;17,194;0,191417893847044
2613;17,198;0,203763847488544
2614;17,202;0,218334297281666
2615;17,207;0,142701428126529
2616;17,211;0,190972994616719
2617;17,216;0,198313831917071
2618;17,220;0,181407661164746
2619;17,225;0,173177025403746
2620;17,229;0,205765894025003
2621;17,234;0,227677181118477
2622;17,238;0,190305645771233
2623;17,242;0,24135783245095
2624;17,247;0,230235351692842
2625;17,251;0,183965831739111
2626;17,256;0,179961738666192
2627;17,260;0,213440405748098
2628;17,265;0,202429149797571
2629;17,269;0,226564933042666
2630;17,274;0,17662499443876
2631;17,278;0,202206700182409
2632;17,282;0,175067847132624
2633;17,287;0,279507941451261
2634;17,291;0,200983227299017
2635;17,296;0,234016995150598
2636;17,300;0,215220002669395
2637;17,305;0,280064065489167
2638;17,309;0,250367041865018
2639;17,314;0,250033367442274
2640;17,318;0,197868932686746
2641;17,322;0,224562886506206
2642;17,327;0,273056902611559
2643;17,331;0,266717088579437
2644;17,336;0,143368776972016
2645;17,340;0,27216710415091
2646;17,345;0,329447880055168
2647;17,349;0,260377274547315
2648;17,354;0,223673088045558
2649;17,358;0,227343506695733
2650;17,362;0,236908840147707
2651;17,367;0,172732126173422
2652;17,371;0,140921831205232
2653;17,376;0,196089335765449
2654;17,380;0,173399475018908
2655;17,385;0,212105708057125
2656;17,389;0,155158606575611
2657;17,393;0,244138452640477
2658;17,398;0,220336343818125
2659;17,402;0,146705521199448
2660;17,407;0,20954753748276
2661;17,411;0,181407661164746
2662;17,416;0,210326111135828
2663;17,420;0,192418917115273
2664;17,425;0,182297459625395
2665;17,429;0,187191351158963
2666;17,433;0,238799661876585
2667;17,438;0,140588156782489
2668;17,442;0,187858700004449
2669;17,447;0,186857676736219
2670;17,451;0,208324064599368
2671;17,456;0,234239444765761
2672;17,460;0,186746451928638
2673;17,465;0,19820260710949
2674;17,469;0,201205676914179
2675;17,473;0,176068870400854
2676;17,478;0,169951505983895
2677;17,482;0,206322018062909
2678;17,487;0,277060995684477
2679;17,491;0,205209769987098
2680;17,496;0,243026204564666
2681;17,500;0,120678916225475
2682;17,505;0,268496685500734
2683;17,509;0,294968189705032
2684;17,513;0,315989678337857
2685;17,518;0,42421141611425
2686;17,522;0,453018641277751
2687;17,527;0,709836721982471
2688;17,531;0,960426213462651
2689;17,536;1,32357521021489
2690;17,540;1,96767807091694
2691;17,545;2,36074654090848
2692;17,549;3,07859144903679
2693;17,553;3,85783245094986
2694;17,558;5,20821283979179
2695;17,562;6,5939627174445
2696;17,567;8,01864127775059
2697;17,571;9,73139208969168
2698;17,576;11,4432531031721
2699;17,580;13,2813542732571
2700;17,584;15,1253503581439
2701;17,589;17,8909551986475
2702;17,593;19,1902834008097
2703;17,598;21,447813320283
2704;17,602;22,8930684699915
2705;17,607;24,5708946923522
2706;17,611;26,0545224006762
2707;17,616;27,1876807403123
2708;17,620;27,5241357832451
2709;17,624;28,458201717311
2710;17,629;28,373782088357
2711;17,633;28,4406281977132
2712;17,638;27,755149708591
2713;17,642;26,7801530453352
2714;17,647;26,2231392089692
2715;17,651;24,9764203407928
2716;17,656;23,6776482626685
2717;17,660;22,2417359967967
2718;17,664;20,765449125773
2719;17,669;18,8582773501802
2720;17,673;17,6157850246919
2721;17,678;16,0132579970637
2722;17,682;14,9333763402589
2723;17,687;13,780531209681
2724;17,691;12,3362770832406
2725;17,696;11,2473862170218
2726;17,700;10,2747252747253
2727;17,704;9,4737954353339
2728;17,709;8,434844507719
2729;17,713;7,63880855986119
2730;17,718;6,902611558482
2731;17,722;6,28709347332829
2732;17,727;5,89947501890822
2733;17,731;4,93304266583619
2734;17,736;4,39226765137696
2735;17,740;4,05303198825466
2736;17,744;3,68320950304756
2737;17,749;3,45742314365796
2738;17,753;3,30437780842639
2739;17,758;2,77706099568448
2740;17,762;2,67306580059617
2741;17,767;2,51946434132669
2742;17,771;2,343617920541
2743;17,776;2,10281621212795
2744;17,780;1,75067847132624
2745;17,784;1,88537171330694
2746;17,789;1,69751301330249
2747;17,793;1,5916269964853
2748;17,798;1,52099924367131
2749;17,802;1,39487031187436
2750;17,807;1,10290519197402
2751;17,811;1,22347288339191
2752;17,815;1,0224896560929
2753;17,820;0,947746585398407
2754;17,824;0,87000044489923
2755;17,829;1,06642345508742
2756;17,833;0,862993282021622
2757;17,838;0,871780041820528
2758;17,842;0,756884815589269
2759;17,847;0,763669528851715
2760;17,851;0,696823419495484
2761;17,855;0,631756907060551
2762;17,860;0,625305868220848
2763;17,864;0,591382301908618
2764;17,869;0,524202518129644
2765;17,873;0,519642301018819
2766;17,878;0,471148284913467
2767;17,882;0,613071139386929
2768;17,887;0,445232904747075
2769;17,891;0,373381679049695
2770;17,895;0,501178982960359
2771;17,900;0,352471415224452
2772;17,904;0,381389865195533
2773;17,909;0,376384748854384
2774;17,913;0,335676469279708
2775;17,918;0,364372469635628
2776;17,922;0,315989678337857
2777;17,927;0,466810517417805
2778;17,931;0,36047960137029
2779;17,935;0,398740935178182
2780;17,940;0,346354050807492
2781;17,944;0,367820438670641
2782;17,949;0,348800996574276
2783;17,953;0,375828624816479
2784;17,958;0,314432531031721
2785;17,962;0,25781910397295
2786;17,967;0,165724963295814
2787;17,971;0,329559104862749
2788;17,975;0,284068158562086
2789;17,980;0,252369088401477
2790;17,984;0,305868220847978
2791;17,989;0,229901677270098
2792;17,993;0,296302887396005
2793;17,998;0,317101926413667
2794;18,002;0,259042576856342
2795;18,006;0,230902700538328
2796;18,011;0,248031320905815
2797;18,015;0,279063042220937
2798;18,020;0,125684032566624
2799;18,024;0,241469057258531
2800;18,029;0,25470480936068
2801;18,033;0,186301552698314
2802;18,038;0,195088312497219
2803;18,042;0,191862793077368
2804;18,046;0,217555723628598
2805;18,051;0,204987320371936
2806;18,055;0,227121057080571
2807;18,060;0,239689460337234
2808;18,064;0,182186234817814
2809;18,069;0,283845708946924
2810;18,073;0,226231258619923
2811;18,078;0,243248654179828
2812;18,082;0,225786359389598
2813;18,086;0,181518885972327
2814;18,091;0,244583351870801
2815;18,095;0,188859723272679
2816;18,100;0,223450638430396
2817;18,104;0,285069181830315
2818;18,109;0,183520932508787
2819;18,113;0,252369088401477
2820;18,118;0,228678204386706
2821;18,122;0,164279040797259
2822;18,126;0,223116964007652
2823;18,131;0,300195755661343
2824;18,135;0,243026204564666
2825;18,140;0,248364995328558
2826;18,144;0,237131289762869
2827;18,149;0,254037460515193
2828;18,153;0,166058637718557
2829;18,158;0,137696311785381
2830;18,162;0,263269119544423
2831;18,166;0,259709925701829
2832;18,171;0,22801085554122
2833;18,175;0,233015971882369
2834;18,180;0,249032344174045
2835;18,184;0,224229212083463
2836;18,189;0,278062018952707
2837;18,193;0,193197490768341
2838;18,197;0,399853183253993
2839;18,202;0,225452684966855
2840;18,206;0,271833429728167
2841;18,211;0,250367041865018
2842;18,215;0,228455754771544
2843;18,220;0,266828313387018
2844;18,224;0,191417893847044
2845;18,229;0,240690483605463
2846;18,233;0,25270276282422
2847;18,237;0,188748498465098
2848;18,242;0,170618854829381
2849;18,246;0,165724963295814
2850;18,251;0,168394358677759
2851;18,255;0,199092405570138
2852;18,260;0,293299817591316
2853;18,264;0,175179071940206
2854;18,269;0,171063754059705
2855;18,273;0,175846420785692
2856;18,277;0,25882012724118
2857;18,282;0,222115940739423
2858;18,286;0,24035680918272
2859;18,291;0,198981180762557
2860;18,295;0,214107754593585
2861;18,300;0,20543221960226
2862;18,304;0,254259910130355
2863;18,309;0,112337055656894
2864;18,313;0,137140187747475
2865;18,317;0,253258886862126
2866;18,322;0,227899630733639
2867;18,326;0,24035680918272
2868;18,331;0,250478266672599
2869;18,335;0,26393646838991
2870;18,340;0,281065088757396
2871;18,344;0,456244160697602
2872;18,349;0,614294612270321
2873;18,353;0,927392445611069
2874;18,357;1,16752680517863
2875;18,362;1,6662588423722
2876;18,366;2,44093962717445
2877;18,371;3,5847755483383
2878;18,375;4,63306935979001
2879;18,380;6,24449437202474
2880;18,384;7,81343150776349
2881;18,388;10,3068692441162
2882;18,393;13,2355296525337
2883;18,397;16,5033144992659
2884;18,402;20,1151176758464
2885;18,406;24,7149308181697
2886;18,411;29,4843617920541
2887;18,415;34,412955465587
2888;18,420;40,643324287049
2889;18,424;46,1764247897851
2890;18,428;52,8959603149887
2891;18,433;59,2185345019353
2892;18,437;64,5453129866085
2893;18,442;71,4963073363883
2894;18,446;77,396449704142
2895;18,451;83,6594073942252
2896;18,455;88,1857009387374
2897;18,460;92,7664946389643
2898;18,464;96,5706055078525
2899;18,468;98,5930061840993
2900;18,473;100
2901;18,477;98,6778707122837
2902;18,482;97,5135694265249
2903;18,486;96,1837656270855
2904;18,491;92,2587533923566
2905;18,495;86,4376918627931
2906;18,500;82,4873203719358
2907;18,504;77,0016016372292
2908;18,508;72,4596253948481
2909;18,513;65,170730079637
2910;18,517;59,4465453574765
2911;18,522;53,9022111491747
2912;18,526;48,299706366508
2913;18,531;43,5429550206878
2914;18,535;38,7733015971882
2915;18,540;34,8699781999377
2916;18,544;31,4525959870089
2917;18,548;28,0247586421676
2918;18,553;25,7474307069449
2919;18,557;22,5582817991725
2920;18,562;20,7038305823731
2921;18,566;18,102171108244
2922;18,571;16,5585932286337
2923;18,575;15,258597677626
2924;18,579;13,9826266850558
2925;18,584;12,7385772122614
2926;18,588;11,4093295368599
2927;18,593;10,4557992614673
2928;18,597;9,74407171775593
2929;18,602;9,16759354006318
2930;18,606;7,99672999065712
2931;18,611;7,68396583173911
2932;18,615;7,1096009253904
2933;18,619;6,6045290741647
2934;18,624;6,0330560128131
2935;18,628;5,50262490545891
2936;18,633;5,28873960048049
2937;18,637;5,01801841882814
2938;18,642;4,64085509632068
2939;18,646;4,22520799039018
2940;18,651;3,98207056101793
2941;18,655;3,85071406326467
2942;18,659;3,72302798416159
2943;18,664;3,37823108066023
2944;18,668;3,36354940605953
2945;18,673;3,12063442630244
2946;18,677;2,90063175690706
2947;18,682;2,87883169462117
2948;18,686;2,66572496329581
2949;18,691;2,5882012724118
2950;18,695;2,38799661876585
2951;18,699;2,36108021533123
2952;18,704;2,14530408862393
2953;18,708;2,09747742136406
2954;18,713;1,73221515326778
2955;18,717;1,91073096943542
2956;18,722;1,77370200649553
2957;18,726;1,66436802064332
2958;18,731;1,55647995728967
2959;18,735;1,5798371668817
2960;18,739;1,499310406193
2961;18,744;1,43847043644614
2962;18,748;1,28008631045068
2963;18,753;1,25005561240379
2964;18,757;1,4545980335454
2965;18,762;1,16930640209992
2966;18,766;1,3887529474574
2967;18,771;0,990790585932286
2968;18,775;1,16997375094541
2969;18,779;1,11558482003826
2970;18,784;1,05163055567914
2971;18,788;0,976887484984651
2972;18,793;0,968323174800908
2973;18,797;0,955754771544245
2974;18,802;0,92127508119411
2975;18,806;0,864884103750501
2976;18,810;0,745539885215999
2977;18,815;0,735195978110958
2978;18,819;0,696156070649998
2979;18,824;0,747541931752458
2980;18,828;0,664123326066646
2981;18,833;0,669462116830538
2982;18,837;0,629977310139254
2983;18,842;0,673354985095876
2984;18,846;0,68503358989189
2985;18,850;0,62964363571651
2986;18,855;0,613960937847578
2987;18,859;0,607732348623037
2988;18,864;0,552231169640077
2989;18,868;0,549116875027806
2990;18,873;0,483605463362548
2991;18,877;0,583151666147618
2992;18,882;0,511745339680562
2993;18,886;0,52898518485563
2994;18,890;0,351915291186546
2995;18,895;0,46836766472394
2996;18,899;0,477376874138008
2997;18,904;0,39340214441429
2998;18,908;0,412199136895493
2999;18,913;0,346465275615073
3000;18,917;0,297748809894559
3001;18,922;0,417093028429061
3002;18,926;0,359256128486898
3003;18,930;0,417426702851804
3004;18,935;0,408306268630155
3005;18,939;0,423321617653601
3006;18,944;0,339569337545046
3007;18,948;0,413645059394047
3008;18,953;0,340347911198114
3009;18,957;0,326556035058059
3010;18,962;0,416314454775993
3011;18,966;0,399853183253993
3012;18,970;0,359033678871736
3013;18,975;0,396738888641723
3014;18,979;0,315544779107532
3015;18,984;0,3245539885216
3016;18,988;0,308426391422343
3017;18,993;0,291186546247275
3018;18,997;0,327779507941451
3019;19,001;0,366596965787249
3020;19,006;0,213551630555679
3021;19,010;0,279952840681586
3022;19,015;0,34201628331183
3023;19,019;0,247808871290653
3024;19,024;0,300084530853762
3025;19,028;0,310984561996708
3026;19,033;0,294412065667126
3027;19,037;0,290964096632113
3028;19,041;0,309093740267829
3029;19,046;0,325110112559505
3030;19,050;0,238577212261423
3031;19,055;0,267718111847667
3032;19,059;0,224229212083463
3033;19,064;0,246362948792099
3034;19,068;0,247141522445166
3035;19,073;0,219112870934733
3036;19,077;0,268163011077991
3037;19,081;0,26604973973395
3038;19,086;0,210882235173733
3039;19,090;0,220336343818125
3040;19,095;0,284957957022734
3041;19,099;0,241691506873693
3042;19,104;0,223228188815233
3043;19,108;0,249143568981626
3044;19,113;0,244583351870801
3045;19,117;0,150820839079948
3046;19,121;0,241024158028207
3047;19,126;0,271722204920586
3048;19,130;0,204764870756774
3049;19,135;0,226342483427504
3050;19,139;0,286960003559194
3051;19,144;0,252925212439382
3052;19,148;0,252480313209058
3053;19,153;0,269720158384126
3054;19,157;0,236019041687058
3055;19,161;0,331116252168884
3056;19,166;0,297303910664235
3057;19,170;0,329447880055168
3058;19,175;0,415202206700182
3059;19,179;0,332450949859857
3060;19,184;0,334897895626641
3061;19,188;0,41798282688971
3062;19,192;0,337678515816168
3063;19,197;0,473817680295413
3064;19,201;0,374716376740668
3065;19,206;0,41186546247275
3066;19,210;0,446456377630467
3067;19,215;0,490612626240157
3068;19,219;0,376495973661966
3069;19,224;0,36971126039952
3070;19,228;0,418094051697291
3071;19,232;0,422987943230858
3072;19,237;0,44267473417271
3073;19,241;0,3615918494461
3074;19,246;0,405525648440628
3075;19,250;0,401521555367709
3076;19,255;0,327000934288384
3077;19,259;0,322107042754816
3078;19,264;0,344685678693776
3079;19,268;0,244249677448058
3080;19,272;0,237353739378031
3081;19,277;0,27528139876318
3082;19,281;0,283623259331761
3083;19,286;0,31432130622414
3084;19,290;0,3163233527606
3085;19,295;0,280842639142234
3086;19,299;0,3327846242826
3087;19,304;0,211438359211639
3088;19,308;0,291408995862437
3089;19,312;0,194643413266895
3090;19,317;0,240023134759977
3091;19,321;0,241691506873693
3092;19,326;0,187858700004449
3093;19,330;0,146816746007029
3094;19,335;0,177626017706989
3095;19,339;0,167282110601949
3096;19,344;0,186524002313476
3097;19,348;0,220558793433287
3098;19,352;0,23212617342172
3099;19,357;0,161720870222895
3100;19,361;0,220447568625706
3101;19,366;0,123793210837745
3102;19,370;0,232904747074788
3103;19,375;0,173955599056814
3104;19,379;0,154380032922543
3105;19,383;0,182408684432976
3106;19,388;0,135694265248921
3107;19,392;0,136917738132313
3108;19,397;0,242803754949504
3109;19,401;0,222672064777328
3110;19,406;0,191195444231881
3111;19,410;0,233683320727855
3112;19,415;0,19620056057303
3113;19,419;0,0908706677937447
3114;19,423;0,166169862526138
3115;19,428;0,105886016817191
3116;19,432;0,231903723806558
3117;19,437;0,191417893847044
3118;19,441;0,140476931974908
3119;19,446;0,193753614806246
3120;19,450;0,218111847666504
3121;19,455;0,214441429016328
3122;19,459;0,17773724251457
3123;19,463;0,142145304088624
3124;19,468;0,173510699826489
3125;19,472;0,191974017884949
3126;19,477;0,125239133336299
3127;19,481;0,164056591182097
3128;19,486;0,176068870400854
3129;19,490;0,12946567602438
3130;19,495;0,173288250211327
3131;19,499;0,139920807937002
3132;19,503;0,18796992481203
3133;19,508;0,155714730613516
3134;19,512;0,204653645949193
3135;19,517;0,23935578591449
3136;19,521;0,12012279218757
3137;19,526;0,207545490946301
3138;19,530;0,193864839613827
3139;19,535;0,175512746362949
3140;19,539;0,168950482715665
3141;19,543;0,139253459091516
3142;19,548;0,18585665346799
3143;19,552;0,187413800774125
3144;19,557;0,187525025581706
3145;19,561;0,193976064421409
3146;19,566;0,151710637540597
3147;19,570;0,137362637362637
3148;19,574;0,213551630555679
3149;19,579;0,212884281710193
3150;19,583;0,16027494772434
3151;19,588;0,178627040975219
3152;19,592;0,182075010010233
3153;19,597;0,21154958401922
3154;19,601;0,180517862704098
3155;19,606;0,183187258086044
3156;19,610;0,210659785558571
3157;19,614;0,151821862348178
3158;19,619;0,116007474307069
3159;19,623;0,164390265604841
3160;19,628;0,158940250033367
3161;19,632;0,296636561818748
3162;19,637;0,163722916759354
3163;19,641;0,177403568091827
3164;19,646;0,204876095564355
3165;19,650;0,184077056546692
3166;19,654;0,167504560217111
3167;19,659;0,167949459447435
3168;19,663;0,239022111491747
3169;19,668;0,234128219958179
3170;19,672;0,192641366730436
3171;19,677;0,167059660986787
3172;19,681;0,1787382657828
3173;19,686;0,221782266316679
3174;19,690;0,126685055834853
3175;19,694;0,209102638252436
3176;19,699;0,243248654179828
3177;19,703;0,136695288517151
3178;19,708;0,163722916759354
3179;19,712;0,217222049205855
3180;19,717;0,155492280998354
3181;19,721;0,143257552164435
3182;19,726;0,145370823508475
3183;19,730;0,129576900831962
3184;19,734;0,217333274013436
3185;19,739;0,153267784846732
3186;19,743;0,181296436357165
3187;19,748;0,209769987097922
3188;19,752;0,173510699826489
3189;19,757;0,313542732571073
3190;19,761;0,189749521733327
3191;19,766;0,184188281354273
3192;19,770;0,246696623214842
3193;19,774;0,187302575966544
3194;19,779;0,175067847132624
3195;19,783;0,208324064599368
3196;19,788;0,253815010900031
3197;19,792;0,241691506873693
3198;19,797;0,240134359567558
3199;19,801;0,197868932686746
3200;19,805;0,183965831739111
3201;19,810;0,158606575610624
3202;19,814;0,164167815989678
3203;19,819;0,0645103883970281
3204;19,823;0,240134359567558
3205;19,828;0,21154958401922
3206;19,832;0,139142234283935
3207;19,837;0,172176002135516
3208;19,841;0,203875072296125
3209;19,845;0,249810917827112
3210;19,850;0,308426391422343
3211;19,854;0,372936779819371
3212;19,859;0,555345464252347
3213;19,863;0,75799706366508
3214;19,868;1,03694888107844
3215;19,872;1,30266494638964
3216;19,877;2,02651599412733
3217;19,881;2,35284957957023
3218;19,885;3,10083641055301
3219;19,890;4,32875828624817
3220;19,894;5,19219646750011
3221;19,899;6,43413266895048
3222;19,903;8,22251635004671
3223;19,908;9,57000489389153
3224;19,912;11,8999421631001
3225;19,917;13,9017662499444
3226;19,921;15,8080482270766
3227;19,925;18,0168616808293
3228;19,930;19,4402055434444
3229;19,934;22,1672153757174
3230;19,939;23,8306935979001
3231;19,943;25,3451305779241
3232;19,948;26,5399074609601
3233;19,952;27,9440094318637
3234;19,957;29,0000889798461
3235;19,961;28,807892512346
3236;19,965;29,7848912221382
3237;19,970;29,0540330115229
3238;19,974;28,7844240779463
3239;19,979;27,8186590737198
3240;19,983;26,421786715309
3241;19,988;25,4708146104907
3242;19,992;23,8774080170841
3243;19,996;22,6857454286604
3244;20,001;20,9189393602349
3245;20,005;19,5017128620368
3246;20,010;17,8444632290786
3247;20,014;16,2429372247186
3248;20,019;15,0447123726476
3249;20,023;13,2755705832629
3250;20,028;12,4429416737109
3251;20,032;11,325132357521
3252;20,036;9,82059438537171
3253;20,041;9,33609912354852
3254;20,045;8,40436891044179
3255;20,050;7,42114161142501
3256;20,054;6,78882858032656
3257;20,059;6,13605018463318
3258;20,063;5,61829870534324
3259;20,068;5,02413578324509
3260;20,072;4,55354362236953
3261;20,076;4,00642879387819
3262;20,081;3,89776215687147
3263;20,085;3,54417849357121
3264;20,090;3,02753926235708
3265;20,094;3,03710459580905
3266;20,099;2,60154824932153
3267;20,103;2,28633714463674
3268;20,108;2,20892467856031
3269;20,112;2,14185611958891
3270;20,116;2,02228945143925
3271;20,121;1,75868665747208
3272;20,125;1,70296302887396
3273;20,130;1,65724963295813
3274;20,134;1,49619611158073
3275;20,139;1,41722649819816
3276;20,143;1,34971303999644
3277;20,148;1,20512079014103
3278;20,152;1,30500066734885
3279;20,156;0,987787516127597
3280;20,161;0,903034212750812
3281;20,165;0,947412910975664
3282;20,170;0,909151577167772
3283;20,174;0,785803265560351
3284;20,179;0,843417715887352
3285;20,183;0,660008008186146
3286;20,187;0,732637807536593
3287;20,192;0,764670552119945
3288;20,196;0,647217155314321
3289;20,201;0,663344752413578
3290;20,205;0,636205899363794
3291;20,210;0,512079014103306
3292;20,214;0,525648440628198
3293;20,219;0,560684255016239
3294;20,223;0,380611291542466
3295;20,227;0,462806424344886
3296;20,232;0,500400409307292
3297;20,236;0,291297771054856
3298;20,241;0,377163322507452
3299;20,245;0,360257151755127
3300;20,250;0,443453307825777
3301;20,254;0,322107042754816
3302;20,259;0,336343818125195
3303;20,263;0,43544512167994
3304;20,267;0,316434577568181
3305;20,272;0,374382702317925
3306;20,276;0,212773056902612
3307;20,281;0,269720158384126
3308;20,285;0,29274369355341
3309;20,290;0,299528406815856
3310;20,294;0,294634515282289
3311;20,299;0,368042888285803
3312;20,303;0,291631445477599
3313;20,307;0,333007073897762
3314;20,312;0,360813275793033
3315;20,316;0,306201895270721
3316;20,321;0,365373492903857
3317;20,325;0,364372469635628
3318;20,330;0,288294701250167
3319;20,334;0,433554299951061
3320;20,339;0,36871023713129
3321;20,343;0,3533612136851
3322;20,347;0,360145926947546
3323;20,352;0,304644747964586
3324;20,356;0,389509276148952
3325;20,361;0,362036748676425
3326;20,365;0,245584375139031
3327;20,370;0,297081461049072
3328;20,374;0,276171197223829
3329;20,378;0,206766917293233
3330;20,383;0,25270276282422
3331;20,387;0,322885616407884
3332;20,392;0,213440405748098
3333;20,396;0,218000622858922
3334;20,401;0,20443119633403
3335;20,405;0,217444498821017
3336;20,410;0,216999599590693
3337;20,414;0,163389242336611
3338;20,418;0,252146638786315
3339;20,423;0,144925924278151
3340;20,427;0,173733149441651
3341;20,432;0,0949859856742448
3342;20,436;0,163055567913868
3343;20,441;0,188192374427192
3344;20,445;0,107776838546069
3345;20,450;0,17973928905103
3346;20,454;0,166614761756462
3347;20,458;0,193531165191084
3348;20,463;0,127018730257597
3349;20,467;0,235018018418828
3350;20,472;0,108444187391556
3351;20,476;0,119566668149664
3352;20,481;0,0896471949103528
3353;20,485;0,111892156426569
3354;20,490;0,106108466432353
3355;20,494;0,155492280998354
3356;20,498;0,150709614272367
3357;20,503;0,172176002135516
3358;20,507;0,204653645949193
3359;20,512;0,177069893669084
3360;20,516;0,166281087333719
3361;20,521;0,249366018596788
3362;20,525;0,0963206833652178
3363;20,530;0,165724963295814
3364;20,534;0,233349646305112
3365;20,538;0,195088312497219
3366;20,543;0,212216932864706
3367;20,547;0,164167815989678
3368;20,552;0,16950660675357
3369;20,556;0,060395070516528
3370;20,561;0,178627040975219
3371;20,565;0,233683320727855
3372;20,570;0,147817769275259
3373;20,574;0,209213863060017
3374;20,578;0,0677359078168795
3375;20,583;0,158829025225786
3376;20,587;0,184521955777017
3377;20,592;0,18796992481203
3378;20,596;0,138919784668773
3379;20,601;0,138141211015705
3380;20,605;0,235907816879477
3381;20,609;0,17973928905103
3382;20,614;0,133469769097299
3383;20,618;0,100769675668461
3384;20,623;0,17362192463407
3385;20,627;0,145593273123638
3386;20,632;0,210882235173733
3387;20,636;0,242803754949504
3388;20,641;0,210214886328247
3389;20,645;0,176736219246341
3390;20,649;0,0517195355252035
3391;20,654;0,132691195444232
3392;20,658;0,140032032744583
3393;20,663;0,0865329002980825
3394;20,667;0,175512746362949
3395;20,672;0,148373893313165
3396;20,676;0,100547226053299
3397;20,681;0,211438359211639
3398;20,685;0,208324064599368
3399;20,689;0,154157583307381
3400;20,694;0,176180095208435
3401;20,698;0,166948436179205
3402;20,703;0,179628064243449
3403;20,707;0,159496374071273
3404;20,712;0,14381367620234
3405;20,716;0,132691195444232
3406;20,721;0,120011567379988
3407;20,725;0,182297459625395
3408;20,729;0,133247319482137
3409;20,734;0,203875072296125
3410;20,738;0,128798327178894
3411;20,743;0,179516839435868
3412;20,747;0,176958668861503
3413;20,752;0,1746229479023
3414;20,756;0,116674823152556
3415;20,761;0,176736219246341
3416;20,765;0,169395381945989
3417;20,769;0,183743382123949
3418;20,774;0,193976064421409
3419;20,778;0,122792187569516
3420;20,783;0,111669706811407
3421;20,787;0,147706544467678
3422;20,792;0,158272901187881
3423;20,796;0,201205676914179
3424;20,800;0,162833118298705
3425;20,805;0,110001334697691
3426;20,809;0,0997686524002313
3427;20,814;0,21366285536326
3428;20,818;0,163166792721449
3429;20,823;0,122124838724029
3430;20,827;0,147817769275259
3431;20,832;0,137362637362637
3432;20,836;0,109445210659786
3433;20,840;0,0866441251056636
3434;20,845;0,220447568625706
3435;20,849;0,134915691595854
3436;20,854;0,231903723806558
3437;20,858;0,141811629665881
3438;20,863;0,158717800418205
3439;20,867;0,188081149619611
3440;20,872;0,185078079814922
3441;20,876;0,110001334697691
3442;20,880;0,110779908350759
3443;20,885;0,236575165724963
3444;20,889;0,130355474485029
3445;20,894;0,185189304622503
3446;20,898;0,194754638074476
3447;20,903;0,169284157138408
3448;20,907;0,112670730079637
3449;20,912;0,0968768074031232
3450;20,916;0,0840859545312987
3451;20,920;0,0984339547092584
3452;20,925;0,144592249855408
3453;20,929;0,163500467144192
3454;20,934;0,172064777327935
3455;20,938;0,193864839613827
3456;20,943;0,173955599056814
3457;20,947;0,164056591182097
3458;20,952;0,172398451750678
3459;20,956;0,165502513680651
3460;20,960;0,199426079992882
3461;20,965;0,109556435467367
3462;20,969;0,0721849001201228
3463;20,974;0,119566668149664
3464;20,978;0,172732126173422
3465;20,983;0,194977087689638
3466;20,987;0,171063754059705
3467;20,991;0,174066823864395
3468;20,996;0,228455754771544
3469;21,000;0,189415847310584
3470;21,005;0,20954753748276
3471;21,009;0,174178048671976
3472;21,014;0,169951505983895
3473;21,018;0,141589180050719
3474;21,023;0,164835164835165
3475;21,027;0,128687102371313
3476;21,031;0,118788094496597
3477;21,036;0,142701428126529
3478;21,040;0,178293366552476
3479;21,045;0,120790141033056
3480;21,049;0,206989366908395
3481;21,054;0,14381367620234
3482;21,058;0,167059660986787
3483;21,063;0,0899808693330961
3484;21,067;0,189527072118165
3485;21,071;0,109333985852204
3486;21,076;0,166725986564043
3487;21,080;0,204987320371936
3488;21,085;0,223673088045558
3489;21,089;0,314543755839302
3490;21,094;0,347799973306046
3491;21,098;0,461582951461494
3492;21,103;0,632313031098456
3493;21,107;0,960871112692975
3494;21,111;1,35293855941629
3495;21,116;1,79628064243449
3496;21,120;2,41980691373404
3497;21,125;3,27657160653112
3498;21,129;4,30273168127419
3499;21,134;5,49483916892824
3500;21,138;6,8738043333185
3501;21,143;8,41460159273925
3502;21,147;10,3827245628865
3503;21,151;11,9752413578325
3504;21,156;14,3148551853005
3505;21,160;16,7467856030609
3506;21,165;19,0000889798461
3507;21,169;21,238043333185
3508;21,174;23,6998932241847
3509;21,178;25,7135071406326
3510;21,182;27,1666592516795
3511;21,187;29,2947234951284
3512;21,191;30,8136094674556
3513;21,196;31,5509187169106
3514;21,200;32,2534146015927
3515;21,205;32,4785336121369
3516;21,209;32,5981002802865
3517;21,214;31,3877519241892
3518;21,218;31,540463584998
3519;21,222;30,0617297682075
3520;21,227;28,9281265293411
3521;21,231;27,5605062953241
3522;21,236;25,0684032566624
3523;21,240;24,3161898829915
3524;21,245;22,1297326155626
3525;21,249;20,5423321617654
3526;21,254;18,6659696578725
3527;21,258;17,2704319971526
3528;21,262;15,3405703608133
3529;21,267;14,0929616941763
3530;21,271;12,3809894558882
3531;21,276;11,4630511189216
3532;21,280;10,3442407794635
3533;21,285;9,25835298304934
3534;21,289;8,253770520977
3535;21,294;7,54248787649597
3536;21,298;6,59996885705388
3537;21,302;6,29543533389687
3538;21,307;5,54755972772167
3539;21,311;5,17184232771277
3540;21,316;4,71537571740001
3541;21,320;4,22531921519776
3542;21,325;3,78420162833118
3543;21,329;3,46576500422654
3544;21,334;3,19126217911643
3545;21,338;2,83945811273747
3546;21,342;2,75559460782133
3547;21,347;2,56695733416381
3548;21,351;2,30947190461361
3549;21,356;2,1813409262802
3550;21,360;2,03674867642479
3551;21,365;1,88114517061885
3552;21,369;1,9149575121235
3553;21,373;1,5821728878409
3554;21,378;1,54035236019042
3555;21,382;1,33603238866397
3556;21,387;1,22458513146772
3557;21,391;1,40843973839925
3558;21,396;1,28286693064021
3559;21,400;1,11035725408195
3560;21,405;1,19855852649375
3561;21,409;1,01158962494995
3562;21,413;1,13471548694221
3563;21,418;0,97266094229657
3564;21,422;0,853316723762068
3565;21,427;0,776571606531121
3566;21,431;0,903256662365974
3567;21,436;0,731080660230458
3568;21,440;0,662010054722605
3569;21,445;0,701606086221471
3570;21,449;0,580482270765672
3571;21,453;0,613071139386929
3572;21,458;0,504404502380211
3573;21,462;0,494283044890332
3574;21,467;0,461582951461494
3575;21,471;0,495840192196468
3576;21,476;0,510076967566846
3577;21,480;0,436779819370912
3578;21,485;0,41286648574098
3579;21,489;0,529763758508698
3580;21,493;0,474929928371224
3581;21,498;0,378942919428749
3582;21,502;0,385616407883614
3583;21,507;0,397406237487209
3584;21,511;0,426992036303777
3585;21,516;0,26604973973395
3586;21,520;0,412421586510655
3587;21,525;0,41798282688971
3588;21,529;0,37082350847533
3589;21,533;0,344463229078614
3590;21,538;0,310317213151221
3591;21,542;0,342461182542154
3592;21,547;0,238354762646261
3593;21,551;0,242247630911599
3594;21,556;0,311429461227032
3595;21,560;0,335676469279708
3596;21,565;0,259709925701829
3597;21,569;0,280842639142234
3598;21,573;0,254148685322774
3599;21,578;0,276949770876896
3600;21,582;0,283623259331761
3601;21,587;0,270498732037194
3602;21,591;0,200427103261111
3603;21,596;0,29474574008987
3604;21,600;0,28762735240468
3605;21,604;0,3204386706411
3606;21,609;0,169951505983895
3607;21,613;0,3163233527606
3608;21,618;0,213329180940517
3609;21,622;0,212995506517774
3610;21,627;0,13458201717311
3611;21,631;0,283956933754505
3612;21,636;0,249254793789207
3613;21,640;0,31432130622414
3614;21,644;0,203875072296125
3615;21,649;0,215220002669395
3616;21,653;0,211327134404057
3617;21,658;0,193419940383503
3618;21,662;0,27116608088268
3619;21,667;0,218111847666504
3620;21,671;0,171174978867287
3621;21,676;0,153601459269475
3622;21,680;0,143146327356854
3623;21,684;0,202762824220314
3624;21,689;0,117898296035948
3625;21,693;0,170841304444543
3626;21,698;0,228678204386706
3627;21,702;0,17250967655826
3628;21,707;0,170062730791476
3629;21,711;0,222338390354585
3630;21,716;0,165168839257908
3631;21,720;0,163834141566935
3632;21,724;0,133247319482137
3633;21,729;0,250811941095342
3634;21,733;0,178182141744895
3635;21,738;0,221671041509098
3636;21,742;0,104551319126218
3637;21,747;0,164835164835165
3638;21,751;0,10477376874138
3639;21,756;0,233683320727855
3640;21,760;0,167170885794368
3641;21,764;0,18485563019976
3642;21,769;0,164946389642746
3643;21,773;0,179183165013125
3644;21,778;0,16739333540953
3645;21,782;0,150598389464786
3646;21,787;0,107109489700583
3647;21,791;0,0626195666681497
3648;21,795;0,142256528896205
3649;21,800;0,137362637362637
3650;21,804;0,235685367264315
3651;21,809;0,180406637896516
3652;21,813;0,142701428126529
3653;21,818;0,185522979045246
3654;21,822;0,182075010010233
3655;21,827;0,148151443698002
3656;21,831;0,0984339547092584
3657;21,835;0,157049428304489
3658;21,840;0,0350358143880411
3659;21,844;0,107665613738488
3660;21,849;0,153935133692219
3661;21,853;0,0874226987587312
3662;21,858;0,167949459447435
3663;21,862;0,126796280642435
3664;21,867;0,233905770343017
3665;21,871;0,196311785380611
3666;21,875;0,174178048671976
3667;21,880;0,111113582773502
3668;21,884;0,128575877563732
3669;21,889;0,119455443342083
3670;21,893;0,177403568091827
3671;21,898;0,149374916581394
3672;21,902;0,111558482003826
3673;21,907;0,0904257685634204
3674;21,911;0,1499310406193
3675;21,915;0,172287226943097
3676;21,920;0,210437335943409
3677;21,924;0,16027494772434
3678;21,929;0,18074031231926
3679;21,933;0,0873114739511501
3680;21,938;0,0879788227966366
3681;21,942;0,168839257908084
3682;21,947;0,160497397339503
3683;21,951;0,100102326822975
3684;21,955;0,186524002313476
3685;21,960;0,192863816345598
3686;21,964;0,156938203496908
3687;21,969;0,13869733505361
3688;21,973;0,167504560217111
3689;21,978;0,150153490234462
3690;21,982;0,0547226053298928
3691;21,986;0,108332962583975
3692;21,991;0,105997241624772
3693;21,995;0,117230947190461
3694;22,000;0,135805490056502
3695;22,004;0,0473817680295413
3696;22,009;0,146149397161543
3697;22,013;0,110779908350759
3698;22,018;0,203430173065801
3699;22,022;0,185078079814922
3700;22,026;0,320994794679005
3701;22,031;0,230235351692842
3702;22,035;0,228900654001869
3703;22,040;0,291297771054856
3704;22,044;0,1581616763803
3705;22,049;0,151821862348178
3706;22,053;0,182408684432976
3707;22,058;0,158606575610624
3708;22,062;0,131245272945678
3709;22,066;0,112559505272056
3710;22,071;0,13969835832184
3711;22,075;0,200093428838368
3712;22,080;0,168839257908084
3713;22,084;0,128464652756151
3714;22,089;0,183187258086044
3715;22,093;0,166169862526138
3716;22,098;0,163166792721449
3717;22,102;0,138919784668773
3718;22,106;0,170618854829381
3719;22,111;0,183076033278462
3720;22,115;0,132802420251813
3721;22,120;0,187413800774125
3722;22,124;0,164167815989678
3723;22,129;0,212328157672287
3724;22,133;0,231681274191396
3725;22,138;0,190528095386395
3726;22,142;0,192307692307692
3727;22,146;0,264270142812653
3728;22,151;0,1540463584998
3729;22,155;0,136695288517151
3730;22,160;0,134359567557948
3731;22,164;0,171397428482449
3732;22,169;0,270387507229613
3733;22,173;0,198981180762557
3734;22,177;0,124015660452907
3735;22,182;0,237576188993193
3736;22,186;0,225230235351693
3737;22,191;0,134359567557948
3738;22,195;0,129799350447124
3739;22,200;0,199537304800463
3740;22,204;0,0968768074031232
3741;22,209;0,181407661164746
3742;22,213;0,0995462027850692
3743;22,217;0,218667971704409
3744;22,222;0,163500467144192
3745;22,226;0,187858700004449
3746;22,231;0,170618854829381
3747;22,235;0,121791164301286
3748;22,240;0,148707567735908
3749;22,244;0,20954753748276
3750;22,249;0,118899319304178
3751;22,253;0,214107754593585
3752;22,257;0,262824220314099
3753;22,262;0,253926235707612
3754;22,266;0,185967878275571
3755;22,271;0,206766917293233
3756;22,275;0,254482359745518
3757;22,280;0,300195755661343
3758;22,284;0,29374471682164
3759;22,289;0,400186857676736
3760;22,293;0,383614361347155
3761;22,297;0,302531476620545
3762;22,302;0,429883881300885
3763;22,306;0,490056502202251
3764;22,311;0,404413400364817
3765;22,315;0,494950393735819
3766;22,320;0,571917960581928
3767;22,324;0,53821684388486
3768;22,329;0,438670641099791
3769;22,333;0,507073897762157
3770;22,337;0,404413400364817
3771;22,342;0,276949770876896
3772;22,346;0,46113805223117
3773;22,351;0,57825777461405
3774;22,355;0,429772656493304
3775;22,360;0,41598078035325
3776;22,364;0,322107042754816
3777;22,369;0,378164345775682
3778;22,373;0,411976687280331
3779;22,377;0,392289896338479
3780;22,382;0,311651910842194
3781;22,386;0,273613026649464
3782;22,391;0,308871290652667
3783;22,395;0,192307692307692
3784;22,400;0,360924500600614
3785;22,404;0,264603817235396
3786;22,408;0,266717088579437
3787;22,413;0,287182453174356
3788;22,417;0,203763847488544
3789;22,422;0,230346576500423
3790;22,426;0,246585398407261
3791;22,431;0,233905770343017
3792;22,435;0,168839257908084
3793;22,440;0,267829336655248
3794;22,444;0,178515816167638
3795;22,448;0,236908840147707
3796;22,453;0,166058637718557
3797;22,457;0,204764870756774
3798;22,462;0,14069938159007
3799;22,466;0,171286203674868
3800;22,471;0,262379321083775
3801;22,475;0,207767940561463
3802;22,480;0,251812964363572
3803;22,484;0,219112870934733
3804;22,488;0,129243226409218
3805;22,493;0,131912621791164
3806;22,497;0,101437024513948
3807;22,502;0,236686390532544
3808;22,506;0,213551630555679
3809;22,511;0,164501490412422
3810;22,515;0,196756684610936
3811;22,520;0,192752591538017
3812;22,524;0,156382079459003
3813;22,528;0,198536281532233
3814;22,533;0,155492280998354
3815;22,537;0,135916714864083
3816;22,542;0,0841971793388797
3817;22,546;0,0618409930150821
3818;22,551;0,174400498287138
3819;22,555;0,20231792498999
3820;22,560;0,10065845086088
3821;22,564;0,18585665346799
3822;22,568;0,123014637184678
3823;22,573;0,16327801752903
3824;22,577;0,221114917471193
3825;22,582;0,0916492414468123
3826;22,586;0,178404591360057
3827;22,591;0,158606575610624
3828;22,595;0,223450638430396
3829;22,599;0,144036125817502
3830;22,604;0,174511723094719
3831;22,608;0,149486141388975
3832;22,613;0,185078079814922
3833;22,617;0,240579258797882
3834;22,622;0,151933087155759
3835;22,626;0,179183165013125
3836;22,631;0,242470080526761
3837;22,635;0,148262668505583
3838;22,639;0,299083507585532
3839;22,644;0,377163322507452
3840;22,648;0,487387106820305
3841;22,653;0,715175512746363
3842;22,657;1,12559505272056
3843;22,662;1,4152244516617
3844;22,666;1,89716154291053
3845;22,671;2,7422476309116
3846;22,675;3,3872402900743
3847;22,679;4,32319704586911
3848;22,684;5,38906437691863
3849;22,688;6,80384392935
3850;22,693;8,42238732926992
3851;22,697;10,0656226364728
3852;22,702;12,1141611425012
3853;22,706;13,987631801397
3854;22,711;15,7951461493972
3855;22,715;18,0240912933221
3856;22,719;20,2960804377808
3857;22,724;22,3193709124883
3858;22,728;24,4512167993949
3859;22,733;26,4192285447346
3860;22,737;27,2771054856075
3861;22,742;28,8980958312942
3862;22,746;29,6873470658896
3863;22,751;30,6540018685768
3864;22,755;30,9991324465009
3865;22,759;31,0043600124572
3866;22,764;30,242136406104
3867;22,768;29,5882457623348
3868;22,773;28,6656359834498
3869;22,777;26,928638163456
3870;22,782;25,5283178360101
3871;22,786;24,0387952128843
3872;22,790;22,1992481203008
3873;22,795;21,0248253770521
3874;22,799;18,8221292877163
3875;22,804;17,2035858877964
3876;22,808;16,2846465275615
3877;22,813;14,6823419495484
3878;22,817;13,314832940339
3879;22,822;11,9468790318993
3880;22,826;11,2027850691818
3881;22,830;9,96107131734662
3882;22,835;8,74260355029586
3883;22,839;8,11218134092628
3884;22,844;7,11616318903768
3885;22,848;6,75401521555368
3886;22,853;6,05863771855675
3887;22,857;5,50206878142101
3888;22,862;5,16172087022289
3889;22,866;4,42919428749388
3890;22,870;4,08550963206834
3891;22,875;3,79354451216799
3892;22,879;3,24465008675535
3893;22,884;3,00651777372425
3894;22,888;2,82533256217467
3895;22,893;2,68941584731058
3896;22,897;2,3400587266984
3897;22,902;2,0008230635761
3898;22,906;2,13696222805535
3899;22,910;1,86067980602394
3900;22,915;1,89293500022245
3901;22,919;1,68327623793211
3902;22,924;1,51087778618143
3903;22,928;1,46738888641723
3904;22,933;1,43357654491258
3905;22,937;1,2041197668728
3906;22,942;1,27430262045647
3907;22,946;1,03450193531165
3908;22,950;1,02115495840192
3909;22,955;0,891689282377542
3910;22,959;0,895026026604974
3911;22,964;0,954420073853272
3912;22,968;0,8566534679895
3913;22,973;0,703719357565511
3914;22,977;0,752102148863283
3915;22,981;0,705943853717133
3916;22,986;0,676358054900565
3917;22,990;0,647662054544646
3918;22,995;0,533879076389198
3919;22,999;0,544000533879076
3920;23,004;0,515860657561062
3921;23,008;0,499844285269387
3922;23,013;0,538884192730347
3923;23,017;0,448347199359345
3924;23,021;0,456689059927926
3925;23,026;0,448458424166926
3926;23,030;0,45602171108244
3927;23,035;0,407194020554344
3928;23,039;0,404079725942074
3929;23,044;0,387507229612493
3930;23,048;0,313653957378654
3931;23,053;0,28351203452418
3932;23,057;0,315767228722694
3933;23,061;0,457578858388575
3934;23,066;0,244805801485963
3935;23,070;0,316100903145438
3936;23,075;0,291520220670018
3937;23,079;0,359701027717222
3938;23,084;0,29685901143391
3939;23,088;0,307425368154113
3940;23,093;0,267718111847667
3941;23,097;0,270498732037194
3942;23,101;0,180295413088935
3943;23,106;0,264715042042977
3944;23,110;0,220336343818125
3945;23,115;0,283289584909018
3946;23,119;0,101881923744272
3947;23,124;0,190972994616719
3948;23,128;0,254482359745518
3949;23,133;0,239800685144815
3950;23,137;0,168060684255016
3951;23,141;0,179071940205543
3952;23,146;0,302086577390221
3953;23,150;0,228789429194287
3954;23,155;0,1622769942608
3955;23,159;0,220670018240868
3956;23,164;0,166281087333719
3957;23,168;0,169284157138408
3958;23,172;0,143702451394759
3959;23,177;0,238799661876585
3960;23,181;0,155492280998354
3961;23,186;0,143480001779597
3962;23,190;0,170285180406638
3963;23,195;0,114672776616096
3964;23,199;0,186412777505895
3965;23,204;0,196867909418517
3966;23,208;0,176958668861503
3967;23,212;0,18074031231926
3968;23,217;0,124015660452907
3969;23,221;0,185522979045246
3970;23,226;0,131134048138097
3971;23,230;0,225119010544112
3972;23,235;0,235351692841571
3973;23,239;0,139920807937002
3974;23,244;0,0413756284201628
3975;23,248;0,183187258086044
3976;23,252;0,124126885260488
3977;23,257;0,131245272945678
3978;23,261;0,156493304266584
3979;23,266;0,124571784490813
3980;23,270;0,102882947012502
3981;23,275;0,157716777149976
3982;23,279;0,128130978333407
3983;23,284;0,156826978689327
3984;23,288;0,0843084041464608
3985;23,292;0,164056591182097
3986;23,297;0,155603505805935
3987;23,301;0,133692218712462
3988;23,306;0,156382079459003
3989;23,310;0,0987676291320016
3990;23,315;0,10677581527784
3991;23,319;0,159941273301597
3992;23,324;0,114672776616096
3993;23,328;0,0774124660764337
3994;23,332;0,121346265070961
3995;23,337;0,168283133870178
3996;23,341;0,185189304622503
3997;23,346;0,0864216754905014
3998;23,350;0,143480001779597
3999;23,355;0,18074031231926
4000;23,359;0,0841971793388797
4001;23,364;0,109333985852204
4002;23,368;0,0717400008897985
4003;23,372;0,156826978689327
4004;23,377;0,118565644881434
4005;23,381;0,168505583485341
4006;23,386;0,158940250033367
4007;23,390;0,147595319660097
4008;23,395;0,143702451394759
4009;23,399;0,130244249677448
4010;23,403;0,138363660630867
4011;23,408;0,0519419851403657
4012;23,412;0,21266183209503
4013;23,417;0,0955421097121502
4014;23,421;0,133247319482137
4015;23,426;0,123014637184678
4016;23,430;0,123348311607421
4017;23,435;0,154713707345286
4018;23,439;0,158050451572719
4019;23,443;0,0628420162833118
4020;23,448;0,143035102549273
4021;23,452;0,159607598878854
4022;23,457;0,14893001735107
4023;23,461;0,170285180406638
4024;23,466;0,0758553187702985
4025;23,470;0,172732126173422
4026;23,475;0,178627040975219
4027;23,479;0,157383102727232
4028;23,483;0,081861458379677
4029;23,488;0,169395381945989
4030;23,492;0,109556435467367
4031;23,497;0,172064777327935
4032;23,501;0,158384125995462
4033;23,506;0,10788806335365
4034;23,510;0,174289273479557
4035;23,515;0,108221737776394
4036;23,519;0,0439337989945277
4037;23,523;0,137696311785381
4038;23,528;0,143368776972016
4039;23,532;0,178182141744895
4040;23,537;0,222783289584909
4041;23,541;0,188637273657517
4042;23,546;0,101993148551853
4043;23,550;0,0904257685634204
4044;23,555;0,12423811006807
4045;23,559;0,125795257374205
4046;23,563;0,136027939671664
4047;23,568;0,118565644881434
4048;23,572;0,184299506161854
4049;23,577;0,135805490056502
4050;23,581;0,162165769453219
4051;23,586;0,123793210837745
4052;23,590;0,154491257730124
4053;23,594;0,125795257374205
4054;23,599;0,1499310406193
4055;23,603;0,0994349779774881
4056;23,608;0,202874049027895
4057;23,612;0,0828624816479068
4058;23,617;0,157383102727232
4059;23,621;0,121791164301286
4060;23,626;0,111892156426569
4061;23,630;0,126907505450016
4062;23,634;0,139253459091516
4063;23,639;0,147817769275259
4064;23,643;0,124460559683232
4065;23,648;0,151265738310273
4066;23,652;0,133024869866975
4067;23,657;0,164612715220003
4068;23,661;0,159607598878854
4069;23,666;0,170173955599057
4070;23,670;0,059060372825555
4071;23,674;0,140810606397651
4072;23,679;0,155714730613516
4073;23,683;0,139253459091516
4074;23,688;0,161609645415313
4075;23,692;0,0810828847266094
4076;23,697;0,124349334875651
4077;23,701;0,113894202963029
4078;23,706;0,164390265604841
4079;23,710;0,20854651421453
4080;23,714;0,167838234639854
4081;23,719;0,0987676291320016
4082;23,723;0,203541397873382
4083;23,728;0,139475908706678
4084;23,732;0,148596342928327
4085;23,737;0,158940250033367
4086;23,741;0,0325888686212573
4087;23,746;0,151710637540597
4088;23,750;0,157716777149976
4089;23,754;0,171174978867287
4090;23,759;0,127797303910664
4091;23,763;0,105441117586867
4092;23,768;0,14481469947057
4093;23,772;0,0730746985807715
4094;23,777;0,131245272945678
4095;23,781;0,13658406370957
4096;23,785;0,147261645237354
4097;23,790;0,104328869511056
4098;23,794;0,121012590648218
4099;23,799;0,139587133514259
4100;23,803;0,138919784668773
4101;23,808;0,13558304044134
4102;23,812;0,126017706989367
4103;23,817;0,192307692307692
4104;23,821;0,0776349156915959
4105;23,825;0,199426079992882
4106;23,830;0,136139164479245
4107;23,834;0,0974329314410286
4108;23,839;0,0916492414468123
4109;23,843;0,133358544289718
4110;23,848;0,117675846420786
4111;23,852;0,154602482537705
4112;23,857;0,103327846242826
4113;23,861;0,157383102727232
4114;23,865;0,151265738310273
4115;23,870;0,132135071406326
4116;23,874;0,205765894025003
4117;23,879;0,10065845086088
4118;23,883;0,137473862170218
4119;23,888;0,117564621613205
4120;23,892;0,211994483249544
4121;23,897;0,169617831561151
4122;23,901;0,241802731681274
4123;23,905;0,291297771054856
4124;23,910;0,319882546603194
4125;23,914;0,504515727187792
4126;23,919;0,772901187880945
4127;23,923;0,896138274680785
4128;23,928;1,15295635538551
4129;23,932;1,72120389731726
4130;23,937;2,19980424433866
4131;23,941;3,10450682920319
4132;23,945;4,10797704319972
4133;23,950;5,21488632824665
4134;23,954;7,11238154557993
4135;23,959;8,69433198380567
4136;23,963;10,3150998798772
4137;23,968;12,9402277884059
4138;23,972;15,7432041642568
4139;23,976;18,9820705610179
4140;23,981;22,550718512257
4141;23,985;25,838190149931
4142;23,990;30,5692485652
4143;23,994;34,3544512167994
4144;23,999;38,5893357654491
4145;24,003;43,0368821461939
4146;24,008;47,7241179872759
4147;24,012;52,2624238110068
4148;24,016;55,7496552030965
4149;24,021;60,4079725942074
4150;24,025;63,1864795123904
4151;24,030;65,9445210659786
4152;24,034;69,3492236508431
4153;24,039;69,944498821017
4154;24,043;71,4366908395249
4155;24,048;70,4404502380211
4156;24,052;68,8402589313521
4157;24,056;67,32849134671
4158;24,061;63,7557280775904
4159;24,065;61,119366463496
4160;24,070;57,5202429149798
4161;24,074;53,7847577523691
4162;24,079;49,7993504471237
4163;24,083;45,3829470125017
4164;24,088;40,5379943942697
4165;24,092;37,2232726787383
4166;24,096;34,0255594607821
4167;24,101;30,4459002535926
4168;24,105;27,465742759265
4169;24,110;24,8787649597366
4170;24,114;22,4329314410286
4171;24,119;20,229123103617
4172;24,123;18,3178360101437
4173;24,128;16,344263024425
4174;24,132;14,7378431285314
4175;24,136;13,6897717666948
4176;24,141;12,0334119321974
4177;24,145;10,9667660274948
4178;24,150;10,0173510699826
4179;24,154;9,0134359567558
4180;24,159;8,46164968634604
4181;24,163;7,57730124126885
4182;24,167;7,07645593273124
4183;24,172;6,74022333941362
4184;24,176;5,992458958046
4185;24,181;5,60773234862304
4186;24,185;5,19542198691996
4187;24,190;5,10966766027495
4188;24,194;4,65642656938204
4189;24,199;4,06003915113227
4190;24,203;3,9622725452685
4191;24,207;3,85482938114517
4192;24,212;3,64895226231259
4193;24,216;3,22874493927126
4194;24,221;3,02598211505094
4195;24,225;3,14688348089158
4196;24,230;2,78429060817725
4197;24,234;2,54727054322196
4198;24,239;2,50222449615162
4199;24,243;2,07923655292076
4200;24,247;2,23495128353428
4201;24,252;2,12261422787739
4202;24,256;2,05643546736664
4203;24,261;1,88815233349646
4204;24,265;1,82130622414023
4205;24,270;1,59374026782934
4206;24,274;1,62065667126396
4207;24,279;1,4728389019887
4208;24,283;1,49630733638831
4209;24,287;1,34570894692352
4210;24,292;1,16174311518441
4211;24,296;1,27830671352939
4212;24,301;1,14961961115807
4213;24,305;1,2735240468034
4214;24,310;1,15584820038261
4215;24,314;1,10090314543756
4216;24,319;0,996463051118922
4217;24,323;0,814721715531432
4218;24,327;0,956755794812475
4219;24,332;0,829403390132135
4220;24,336;0,823619700137919
4221;24,341;0,725296970236242
4222;24,345;0,852093250878676
4223;24,350;0,824954397828892
4224;24,354;0,59883436401655
4225;24,359;0,688481558926903
4226;24,363;0,693931574498376
4227;24,367;0,581260844418739
4228;24,372;0,618632379765983
4229;24,376;0,553454642523468
4230;24,381;0,514970859100414
4231;24,385;0,541998487342617
4232;24,390;0,620856875917605
4233;24,394;0,532878053120968
4234;24,398;0,477265649330427
4235;24,403;0,643769186279308
4236;24,407;0,45502068781421
4237;24,412;0,47248298260444
4238;24,416;0,41598078035325
4239;24,421;0,442341059749967
4240;24,425;0,453908439738399
4241;24,430;0,438893090714953
4242;24,434;0,460359478578102
4243;24,438;0,302420251812964
4244;24,443;0,377052097699871
4245;24,447;0,436334920140588
4246;24,452;0,35224896560929
4247;24,456;0,326556035058059
4248;24,461;0,338012190238911
4249;24,465;0,345686701962006
4250;24,470;0,321106019486586
4251;24,474;0,395070516528006
4252;24,478;0,317435600836411
4253;24,483;0,370156159629844
4254;24,487;0,348467322151533
4255;24,492;0,294634515282289
4256;24,496;0,233905770343017
4257;24,501;0,236352716109801
4258;24,505;0,237464964185612
4259;24,510;0,200427103261111
4260;24,514;0,28451305779241
4261;24,518;0,166058637718557
4262;24,523;0,252369088401477
4263;24,527;0,273501801841883
4264;24,532;0,253036437246964
4265;24,536;0,210659785558571
4266;24,541;0,218667971704409
4267;24,545;0,257262979935045
4268;24,550;0,23524046803399
4269;24,554;0,315989678337857
4270;24,558;0,269164034346221
4271;24,563;0,202095475374828
4272;24,567;0,291075321439694
4273;24,572;0,274502825110113
4274;24,576;0,239800685144815
4275;24,581;0,250033367442274
4276;24,585;0,314877430262046
4277;24,589;0,290519197401788
4278;24,594;0,176291320016016
4279;24,598;0,216665925167949
4280;24,603;0,210659785558571
4281;24,607;0,190416870578814
4282;24,612;0,153712684077057
4283;24,616;0,157716777149976
4284;24,621;0,178849490590381
4285;24,625;0,110335009120434
4286;24,629;0,133580993904881
4287;24,634;0,221226142278774
4288;24,638;0,244249677448058
4289;24,643;0,183409707701206
4290;24,647;0,214330204208747
4291;24,652;0,186635227121057
4292;24,656;0,175512746362949
4293;24,661;0,132357521021489
4294;24,665;0,0672910085865552
4295;24,669;0,202874049027895
4296;24,674;0,115785024691907
4297;24,678;0,139587133514259
4298;24,683;0,13558304044134
4299;24,687;0,15504738176803
4300;24,692;0,144592249855408
4301;24,696;0,177848467322152
4302;24,701;0,118676869689015
4303;24,705;0,0450460470703386
4304;24,709;0,137918761400543
4305;24,714;0
4306;24,718;0,110223784312853
4307;24,723;0,126685055834853
4308;24,727;0,0940961872135961
4309;24,732;0,10477376874138
4310;24,736;0,206655692485652
4311;24,741;0,19408728922899
4312;24,745;0,185634203852827
4313;24,749;0,17150865329003
4314;24,754;0,142256528896205
4315;24,758;0,196534234995773
4316;24,763;0,105218667971704
4317;24,767;0,201539351336922
4318;24,772;0,128242203140989
4319;24,776;0,126240156604529
4320;24,780;0,120456466610313
4321;24,785;0,19720158384126
4322;24,789;0,143924901009921
4323;24,794;0,157383102727232
4324;24,798;0,0359256128486898
4325;24,803;0,153712684077057
4326;24,807;0,294412065667126
4327;24,812;0,240023134759977
4328;24,816;0,3492458958046
4329;24,820;0,605730302086577
4330;24,825;0,530319882546603
4331;24,829;0,860212661832095
4332;24,834;1,23982293010633
4333;24,838;1,6122035858878
4334;24,843;2,26943097388442
4335;24,847;2,68207501001023
4336;24,852;3,90821728878409
4337;24,856;4,88499354896116
4338;24,860;6,28297815544779
4339;24,865;7,64425857543266
4340;24,869;9,14868532277439
4341;24,874;11,1481736886595
4342;24,878;13,2687858700004
4343;24,883;14,8627485874449
4344;24,887;17,4537304800463
4345;24,892;19,5587711883258
4346;24,896;21,4628286693064
4347;24,900;23,375116786048
4348;24,905;25,6342038528273
4349;24,909;27,2082573297148
4350;24,914;28,7037860924501
4351;24,918;29,2625795257374
4352;24,923;30,4309961293767
4353;24,927;31,4898562975486
4354;24,932;31,3493793655737
4355;24,936;31,2695199537305
4356;24,940;30,0928727143302
4357;24,945;30,1567157538817
4358;24,949;28,4518619032789
4359;24,954;27,962250300307
4360;24,958;25,9474129109757
4361;24,963;24,8641945099435
4362;24,967;23,2643368776972
4363;24,971;21,3468211949993
4364;24,976;19,7088134537527
4365;24,980;17,7871824531744
4366;24,985;16,6837211371624
4367;24,989;14,8288250211327
4368;24,994;13,4726609422966
4369;24,998;12,0843528940695
4370;25,003;10,8645504293278
4371;25,007;9,92937224718601
4372;25,011;9,08317391110913
4373;25,016;8,46298438403702
4374;25,020;7,29679227654936
4375;25,025;7,08969168483339
4376;25,029;6,34315077634916
4377;25,034;5,53043110735418
4378;25,038;5,38339191173199
4379;25,043;4,68556746896828
4380;25,047;4,23888864172265
4381;25,051;4,00620634426302
4382;25,056;3,55474485029141
4383;25,060;3,16456822529697
4384;25,065;2,87371535347244
4385;25,069;2,91965119900343
4386;25,074;2,5023357209592
4387;25,078;2,44605596832317
4388;25,083;2,10670908039329
4389;25,087;1,98714241224363
4390;25,091;2,00694042799306
4391;25,096;1,74233661075766
4392;25,100;1,74311518441073
4393;25,105;1,65357921430796
4394;25,109;1,42022956800285
4395;25,114;1,34715486942208
4396;25,118;1,24104640298972
4397;25,123;1,11903278907327
4398;25,127;1,22925657338613
4399;25,131;1,10279396716644
4400;25,136;0,93984962406015
4401;25,140;0,898251546024825
4402;25,145;0,949303732704542
4403;25,149;0,838968723584108
4404;25,154;0,722738799661877
4405;25,158;0,857209592027406
4406;25,163;0,74776438136762
4407;25,167;0,755216443475553
4408;25,171;0,742536815411309
4409;25,176;0,695488721804511
4410;25,180;0,543778084263914
4411;25,185;0,629421186101348
4412;25,189;0,510188192374427
4413;25,194;0,488721804511278
4414;25,198;0,504626951995373
4415;25,202;0,499288161231481
4416;25,207;0,613071139386929
4417;25,211;0,358922454064154
4418;25,216;0,43855941629221
4419;25,220;0,586154735952307
4420;25,225;0,525648440628198
4421;25,229;0,62141299995551
4422;25,234;0,624972193798105
4423;25,238;0,646994705699159
4424;25,242;0,944187391555813
4425;25,247;1,08588779641411
4426;25,251;1,47895626640566
4427;25,256;1,89538194598923
4428;25,260;2,37698536281532
4429;25,265;3,39380255372158
4430;25,269;4,33632157316368
4431;25,274;5,25937625127909
4432;25,278;6,75090092094141
4433;25,282;8,30426658361881
4434;25,287;10,3406815856209
4435;25,291;12,4598478444632
4436;25,296;14,9908795657784
4437;25,300;17,7067669172932
4438;25,305;21,3128976286871
4439;25,309;24,3138541620323
4440;25,314;28,6374961071317
4441;25,318;32,5433776749566
4442;25,322;36,5717177559283
4443;25,327;40,327890732749
4444;25,331;44,9239222316145
4445;25,336;49,0017573519598
4446;25,340;52,8691551363616
4447;25,345;55,3890643769186
4448;25,349;58,6010143702451
4449;25,354;61,0415090981893
4450;25,358;62,7587089024336
4451;25,362;63,6233705565689
4452;25,367;64,7543044000534
4453;25,371;64,1563598344975
4454;25,376;63,5109222761045
4455;25,380;60,6799172487432
4456;25,385;57,7271210570806
4457;25,389;54,7655381056191
4458;25,393;51,2023401699515
4459;25,398;47,646816746007
4460;25,402;43,7828669306402
4461;25,407;40,9079281042844
4462;25,411;37,868265337901
4463;25,416;34,2881612314811
4464;25,420;31,6764915246697
4465;25,425;28,2444276371402
4466;25,429;25,6861458379677
4467;25,433;23,1706855897139
4468;25,438;20,6798060239356
4469;25,442;18,683876851893
4470;25,447;17,1009253903991
4471;25,451;15,4321083774525
4472;25,456;13,9129999555101
4473;25,460;12,38688437069
4474;25,465;11,7415580371046
4475;25,469;10,4907238510477
4476;25,473;9,68111847666504
4477;25,478;9,05714730613516
4478;25,482;8,37967700315878
4479;25,487;7,58163900876452
4480;25,491;6,8997197134849
4481;25,496;6,30500066734885
4482;25,500;6,02326822974596
4483;25,505;5,4685901143391
4484;25,509;5,34490812830894
4485;25,513;4,62728566979579
4486;25,518;4,28627040975219
4487;25,522;4,13656181874805
4488;25,527;3,92045201761801
4489;25,531;3,67097477421364
4490;25,536;3,38868621257285
4491;25,540;3,13987631801397
4492;25,545;3,00140143257552
4493;25,549;3,03154335543
4494;25,553;2,70431997152645
4495;25,558;2,60755438893091
4496;25,562;2,36030164167816
4497;25,567;2,46552030964986
4498;25,571;2,24818703563643
4499;25,576;1,94610045824621
4500;25,580;1,95032700093429
4501;25,584;1,69740178849491
4502;25,589;1,94687903189927
4503;25,593;1,59474129109757
4504;25,598;1,59685456244161
4505;25,602;1,6192107487654
4506;25,607;1,56671263958713
4507;25,611;1,47817769275259
4508;25,616;1,24505049606264
4509;25,620;1,22703207723451
4510;25,624;1,27474751968679
4511;25,629;1,1459491925079
4512;25,633;1,08755616852783
4513;25,638;1,05518974952173
4514;25,642;0,948970058281799
4515;25,647;0,992903857276327
4516;25,651;0,791030831516662
4517;25,656;0,817947234951284
4518;25,660;0,980557903634827
4519;25,664;0,736085776571607
4520;25,669;0,844307514348
4521;25,673;0,604618054010767
4522;25,678;0,697601993148552
4523;25,682;0,622302798416159
4524;25,687;0,652555946078213
4525;25,691;0,583819014993104
4526;25,696;0,505850424878765
4527;25,700;0,480491168750278
4528;25,704;0,409084842283223
4529;25,709;0,610735418427726
4530;25,713;0,501178982960359
4531;25,718;0,44167371090448
4532;25,722;0,430440005338791
4533;25,727;0,482159540863994
4534;25,731;0,354473461760911
4535;25,736;0,453908439738399
4536;25,740;0,433776749566223
4537;25,744;0,430884904569115
4538;25,749;0,485385060283846
4539;25,753;0,374382702317925
4540;25,758;0,324776438136762
4541;25,762;0,365595942519019
4542;25,767;0,282177336833207
4543;25,771;0,27116608088268
4544;25,775;0,342794856964897
4545;25,780;0,353249988877519
4546;25,784;0,240245584375139
4547;25,789;0,212773056902612
4548;25,793;0,30097432931441
4549;25,798;0,300418205276505
4550;25,802;0,241913956488855
4551;25,807;0,399964408061574
4552;25,811;0,21777817324376
4553;25,815;0,150598389464786
4554;25,820;0,238688437069004
4555;25,824;0,290741647016951
4556;25,829;0,204764870756774
4557;25,833;0,112670730079637
4558;25,838;0,190083196156071
4559;25,842;0,186412777505895
4560;25,847;0,12635138141211
4561;25,851;0,142034079281043
4562;25,855;0,243359878987409
4563;25,860;0,161498420607732
4564;25,864;0,184188281354273
4565;25,869;0,1622769942608
4566;25,873;0,239911909952396
4567;25,878;0,161832095030476
4568;25,882;0,168505583485341
4569;25,887;0,258264003203274
4570;25,891;0,177403568091827
4571;25,895;0,12123504026338
4572;25,900;0,150375939849624
4573;25,904;0,150709614272367
4574;25,909;0,149708591004138
4575;25,913;0,156048405036259
4576;25,918;0,150598389464786
4577;25,922;0,108221737776394
4578;25,927;0,100102326822975
4579;25,931;0,130911598522935
4580;25,935;0,160163722916759
4581;25,940;0,0877563731814744
4582;25,944;0,109333985852204
4583;25,949;0,127129955065178
4584;25,953;0,1499310406193
4585;25,958;0,110446233928015
4586;25,962;0,21054856075099
4587;25,966;0,113115629309961
4588;25,971;0,0958757841348934
4589;25,975;0,173733149441651
4590;25,980;0,14381367620234
4591;25,984;0,120790141033056
4592;25,989;0,129132001601637
4593;25,993;0,0761889931930418
4594;25,998;0,119344218534502
4595;26,002;0,113115629309961
4596;26,006;0,121457489878543
4597;26,011;0,112337055656894
4598;26,015;0,147595319660097
4599;26,020;0,130021800062286
4600;26,024;0,0655114116652578
4601;26,029;0,123014637184678
4602;26,033;0,0137918761400543
4603;26,038;0,179183165013125
4604;26,042;0,100324776438137
4605;26,046;0,0559460782132847
4606;26,051;0,127463629487921
4607;26,055;0,112781954887218
4608;26,060;0,135471815633759
4609;26,064;0,107554388930907
4610;26,069;0,0249143568981626
4611;26,073;0,100102326822975
4612;26,078;0,137140187747475
4613;26,082;0,0609511945544334
4614;26,086;0,137028962939894
4615;26,091;0,0568358766739334
4616;26,095;0,123459536415002
4617;26,100;0,153267784846732
4618;26,104;0,108777861814299
4619;26,109;0,180295413088935
4620;26,113;0,131912621791164
4621;26,118;0,073853272233839
4622;26,122;0,0387062330382168
4623;26,126;0,111224807581083
4624;26,131;0,0245806824754193
4625;26,135;0,148707567735908
4626;26,140;0,0895359701027717
4627;26,144;0,0808604351114473
4628;26,149;0,144147350625083
4629;26,153;0,0727410241580282
4630;26,158;0,0760777683854607
4631;26,162;0,0219112870934733
4632;26,166;0,118231970458691
4633;26,171;0,125795257374205
4634;26,175;0,0742981714641634
4635;26,180;0,080526760688704
4636;26,184;0,0674022333941362
4637;26,189;0,11711972238288
4638;26,193;0,0854206522222717
4639;26,197;0,140810606397651
4640;26,202;0,17150865329003
4641;26,206;0,142701428126529
4642;26,211;0,084530853761623
4643;26,215;0,122569737954353
4644;26,220;0,211772033634382
4645;26,224;0,0369266361169195
4646;26,229;0,0619522178226632
4647;26,233;0,132802420251813
4648;26,237;0,175290296747787
4649;26,242;0,131356497753259
4650;26,246;0,138141211015705
4651;26,251;0,0836410553009743
4652;26,255;0,133358544289718
4653;26,260;0,0489389153356765
4654;26,264;0,0700716287760822
4655;26,269;0,162944343106286
4656;26,273;0,116786047960137
4657;26,277;0,0679583574320416
4658;26,282;0,114116652578191
4659;26,286;0,172398451750678
4660;26,291;0,194532188459314
4661;26,295;0,105218667971704
4662;26,300;0,126907505450016
4663;26,304;0,0552787293677982
4664;26,309;0,0716287760822174
4665;26,313;0,0998798772078124
4666;26,317;0,124683009298394
4667;26,322;0,104996218356542
4668;26,326;0,185967878275571
4669;26,331;0,0709614272367309
4670;26,335;0,151043288695111
4671;26,340;0,203875072296125
4672;26,344;0,170618854829381
4673;26,349;0,176180095208435
4674;26,353;0,114339102193353
4675;26,357;0,129243226409218
4676;26,362;0,151710637540597
4677;26,366;0,13558304044134
4678;26,371;0,0928727143302042
4679;26,375;0,0687369310851092
4680;26,380;0,112670730079637
4681;26,384;0,0477154424522846
4682;26,388;0,109333985852204
4683;26,393;0,130021800062286
4684;26,397;0,114116652578191
4685;26,402;0,149374916581394
4686;26,406;0,095319660096988
4687;26,411;0,0814165591493527
4688;26,415;0,114895226231259
4689;26,420;0,17562397117053
4690;26,424;0,115896249499488
4691;26,428;0,158606575610624
4692;26,433;0,053610357254082
4693;26,437;0,0998798772078124
4694;26,442;0,21978021978022
4695;26,446;0,1417004048583
4696;26,451;0,108110512968813
4697;26,455;0,228122080348801
4698;26,460;0,28039773991191
4699;26,464;0,296080437780843
4700;26,468;0,400965431329804
4701;26,473;0,415313431507764
4702;26,477;0,663678426836322
4703;26,482;0,842083018196379
4704;26,486;1,40621524224763
4705;26,491;1,75846420785692
4706;26,495;2,24507274102416
4707;26,500;2,92788183476443
4708;26,504;3,81901499310406
4709;26,508;4,61282644481025
4710;26,513;6,07665613738488
4711;26,517;7,90419095074966
4712;26,522;9,22109267250968
4713;26,526;10,7110601948659
4714;26,531;12,6603861725319
4715;26,535;14,8410597499666
4716;26,540;16,4588245762335
4717;26,544;18,469101748454
4718;26,548;20,3112070116119
4719;26,553;22,4708591004138
4720;26,557;24,3862615117676
4721;26,562;25,4107532143969
4722;26,566;26,8423277127731
4723;26,571;27,3282688970948
4724;26,575;27,8039773991191
4725;26,579;28,2859144903679
4726;26,584;28,2140632646706
4727;26,588;27,4691907283
4728;26,593;27,3286025715176
4729;26,597;26,6258842372203
4730;26,602;24,9183609912355
4731;26,606;23,505472260533
4732;26,611;22,356631223028
4733;26,615;21,0892245406415
4734;26,619;19,3972727677181
4735;26,624;17,7033189482582
4736;26,628;16,3850825288072
4737;26,633;15,2124393824799
4738;26,637;13,7836455042933
4739;26,642;12,1974685233795
4740;26,646;11,4636072429595
4741;26,651;10,3426836321573
4742;26,655;9,25779685901143
4743;26,659;8,44596698847711
4744;26,664;7,62768607910308
4745;26,668;6,61131378742715
4746;26,673;6,26384748854384
4747;26,677;5,57013836366063
4748;26,682;5,17751479289941
4749;26,686;4,78211060194866
4750;26,691;4,196845664457
4751;26,695;3,74149130222005
4752;26,699;3,63382568848156
4753;26,704;3,3213952039863
4754;26,708;2,99984428526939
4755;26,713;2,92654713707345
4756;26,717;2,64792899408284
4757;26,722;2,63925345909152
4758;26,726;2,27132179561329
4759;26,731;2,08012635138141
4760;26,735;1,92541264403613
4761;26,739;1,85478489122214
4762;26,744;1,62299239222316
4763;26,748;1,63589446990257
4764;26,753;1,68672420696712
4765;26,757;1,3746273968946
4766;26,762;1,33747831116252
4767;26,766;1,14083285135917
4768;26,770;1,12959914579348
4769;26,775;1,15618187480536
4770;26,779;1,10157049428304
4771;26,784;0,999243671308449
4772;26,788;0,93161898829915
4773;26,793;0,92750367041865
4774;26,797;0,899141344485474
4775;26,802;0,824509498598567
4776;26,806;0,889242336610758
4777;26,810;0,812942118610135
4778;26,815;0,76822974596254
4779;26,819;0,733750055612404
4780;26,824;0,655892690305646
4781;26,828;0,600725185745429
4782;26,833;0,64810695377497
4783;26,837;0,579703697112604
4784;26,842;0,584486363838591
4785;26,846;0,567802642701428
4786;26,850;0,652778395693375
4787;26,855;0,584263914223428
4788;26,859;0,607509899007875
4789;26,864;0,482493215286738
4790;26,868;0,485051385861102
4791;26,873;0,470480936067981
4792;26,877;0,435222672064777
4793;26,882;0,294523290474707
4794;26,886;0,464363571651021
4795;26,890;0,46013702896294
4796;26,895;0,37794189616052
4797;26,899;0,370267384437425
4798;26,904;0,365595942519019
4799;26,908;0,354584686568492
4800;26,913;0,347355074075722
4801;26,917;0,321106019486586
4802;26,922;0,317101926413667
4803;26,926;0,302531476620545
4804;26,930;0,193531165191084
4805;26,935;0,233460871112693
4806;26,939;0,263046669929261
4807;26,944;0,327557058326289
4808;26,948;0,193642389998665
4809;26,953;0,208435289406949
4810;26,957;0,233460871112693
4811;26,961;0,213774080170841
4812;26,966;0,164279040797259
4813;26,970;0,290852871824532
4814;26,975;0,292966143168572
4815;26,979;0,19408728922899
4816;26,984;0,208991413444855
4817;26,988;0,261155848200383
4818;26,993;0,228789429194287
4819;26,997;0,243916003025315
4820;27,001;0,0514970859100414
4821;27,006;0,3039773991191
4822;27,010;0,162165769453219
4823;27,015;0,1705076300218
4824;27,019;0,106219691239934
4825;27,024;0,172064777327935
4826;27,028;0,180851537126841
4827;27,033;0,133136094674556
4828;27,037;0,212550607287449
4829;27,041;0,218334297281666
4830;27,046;0,213996529786003
4831;27,050;0,107109489700583
4832;27,055;0,0833073808782311
4833;27,059;0,165613738488232
4834;27,064;0,184744405392179
4835;27,068;0,131245272945678
4836;27,073;0,202540374605152
4837;27,077;0,0726297993504471
4838;27,081;0,0981002802865151
4839;27,086;0,115228900654002
4840;27,090;0,140921831205232
4841;27,095;0,130911598522935
4842;27,099;0,172176002135516
4843;27,104;0,159051474840949
4844;27,108;0,186857676736219
4845;27,113;0,0580593495573253
4846;27,117;0,0927614895226231
4847;27,121;0,165057614450327
4848;27,126;0,178070916937314
4849;27,130;0,0794145126128932
4850;27,135;0,119344218534502
4851;27,139;0,151599412733016
4852;27,144;0,0439337989945277
4853;27,148;0,106108466432353
4854;27,153;0,154936156960448
4855;27,157;0,113449303732705
4856;27,161;0,0531654580237576
4857;27,166;0,131134048138097
4858;27,170;0,0992125283623259
4859;27,175;0,133024869866975
4860;27,179;0,113115629309961
4861;27,184;0,112448280464475
4862;27,188;0,153823908884638
4863;27,192;0,121346265070961
4864;27,197;0,0314766205454465
4865;27,201;0,0866441251056636
4866;27,206;0,178515816167638
4867;27,210;0,153379009654313
4868;27,215;0,101548249321529
4869;27,219;0,0698491791609201
4870;27,224;0,156715753881746
4871;27,228;0,111002357965921
4872;27,232;0,0716287760822174
4873;27,237;0,135694265248921
4874;27,241;0,0702940783912444
4875;27,246;0,129020776794056
4876;27,250;0,155269831383192
4877;27,255;0,14281265293411
4878;27,259;0,167504560217111
4879;27,264;0,0803043110735418
4880;27,268;0,0795257374204743
4881;27,272;0,0461582951461494
4882;27,277;0,141811629665881
4883;27,281;0,165057614450327
4884;27,286;0,14481469947057
4885;27,290;0,0704053031988255
4886;27,295;0,0884237220269609
4887;27,299;0,0687369310851092
4888;27,304;0,174734172709881
4889;27,308;0,0959870089424745
4890;27,312;0,138919784668773
4891;27,317;0,0861992258753392
4892;27,321;0,179405614628287
4893;27,326;0,077857365306758
4894;27,330;0,0633981403212173
4895;27,335;0,16739333540953
4896;27,339;0,111558482003826
4897;27,344;0,103439071050407
4898;27,348;0,141811629665881
4899;27,352;0,0758553187702985
4900;27,357;0,057725675134582
4901;27,361;0,0628420162833118
4902;27,366;0,117898296035948
4903;27,370;0,0877563731814744
4904;27,375;0,05238688437069
4905;27,379;0,171397428482449
4906;27,383;0,122124838724029
4907;27,388;0,115117675846421
4908;27,392;0,159941273301597
4909;27,397;0,0811941095341905
4910;27,401;0,092539039907461
4911;27,406;0,0844196289540419
4912;27,410;0,189860746540908
4913;27,415;0,132802420251813
4914;27,419;0,0950972104818259
4915;27,423;0,214330204208747
4916;27,428;0,113449303732705
4917;27,432;0,0197980157494328
4918;27,437;0,140588156782489
4919;27,441;0,1951995373048
4920;27,446;0,163055567913868
4921;27,450;0,213551630555679
4922;27,455;0,430884904569115
4923;27,459;0,344018329848289
4924;27,463;0,697268318725809
4925;27,468;0,781243048449526
4926;27,472;1,18243092939449
4927;27,477;1,64279040797259
4928;27,481;2,11171419673444
4929;27,486;2,86214797348401
4930;27,490;3,54707033856831
4931;27,495;4,40917382212929
4932;27,499;5,48638608355208
4933;27,503;7,06967121946879
4934;27,508;8,4695466476843
4935;27,512;10,0548338301375
4936;27,517;11,6580282066112
4937;27,521;13,4658762290341
4938;27,526;15,2878498020198
4939;27,530;17,7478088712907
4940;27,535;18,7971037060106
4941;27,539;20,6558926903056
4942;27,543;22,3231525559461
4943;27,548;24,2437825332562
4944;27,552;24,730502291231
4945;27,557;26,1364950838635
4946;27,561;26,8561195889131
4947;27,566;26,8902656048405
4948;27,570;26,7485651999822
4949;27,574;26,6780486719758
4950;27,579;26,1445032700093
4951;27,583;25,8483116074209
4952;27,588;24,5553232192908
4953;27,592;23,7971037060106
4954;27,597;22,189349112426
4955;27,601;20,7347510788806
4956;27,606;19,6807848022423
4957;27,610;18,1409885660898
4958;27,614;16,805957200694
4959;27,619;15,1616096454153
4960;27,623;13,7577301241269
4961;27,628;12,6315789473684
4962;27,632;11,2763046669929
4963;27,637;10,307981492192
4964;27,641;9,48169239667215
4965;27,646;8,56964897450727
4966;27,650;7,73746496418561
4967;27,654;7,04041909507497
4968;27,659;6,25795257374205
4969;27,663;5,75354807136184
4970;27,668;5,32922543044001
4971;27,672;5,01368065133247
4972;27,677;4,38492681407661
4973;27,681;3,97005828179917
4974;27,686;3,62570627752814
4975;27,690;3,39213418160787
4976;27,694;3,29103083151666
4977;27,699;2,88094496596521
4978;27,703;2,88061129154247
4979;27,708;2,68607910308315
4980;27,712;2,40812830893803
4981;27,717;2,12494994883659
4982;27,721;1,9208524269253
4983;27,726;1,92352182230725
4984;27,730;1,86802064332429
4985;27,734;1,66225474929928
4986;27,739;1,59852293455532
4987;27,743;1,43391021933532
4988;27,748;1,26284646527562
4989;27,752;1,25450460470703
4990;27,757;1,08978066467945
4991;27,761;1,11269297504115
4992;27,765;1,06764692797081
4993;27,770;1,02159985763225
4994;27,774;0,773346087111269
4995;27,779;0,825065622636473
4996;27,783;0,748098055790363
4997;27,788;0,763224629621391
4998;27,792;0,703052008720025
4999;27,797;0,64198958935801
5000;27,801;0,703496907950349
5001;27,805;0,574253681541131
5002;27,810;0,42209814477021
5003;27,814;0,686701962005606
5004;27,819;0,438336966677048
5005;27,823;0,512857587756373
5006;27,828;0,429105307647818
5007;27,832;0,526427014281265
5008;27,837;0,47559727721671
5009;27,841;0,360813275793033
5010;27,845;0,352805089647195
5011;27,850;0,333896872358411
5012;27,854;0,250255817057436
5013;27,859;0,334897895626641
5014;27,863;0,322218267562397
5015;27,868;0,280620189527072
5016;27,872;0,426547137073453
5017;27,877;0,323330515638208
5018;27,881;0,367597989055479
5019;27,885;0,335565244472127
5020;27,890;0,23012412688526
5021;27,894;0,26805178627041
5022;27,899;0,215331227476976
5023;27,903;0,341905058504249
5024;27,908;0,237020064955288
5025;27,912;0,265938514926369
5026;27,917;0,315433554299951
5027;27,921;0,187302575966544
5028;27,925;0,18796992481203
5029;27,930;0,193419940383503
5030;27,934;0,136027939671664
5031;27,939;0,179961738666192
5032;27,943;0,230012902077679
5033;27,948;0,153601459269475
5034;27,952;0,158829025225786
5035;27,957;0,171063754059705
5036;27,961;0,227121057080571
5037;27,965;0,268830359923477
5038;27,970;0,228789429194287
5039;27,974;0,242247630911599
5040;27,979;0,198647506339814
5041;27,983;0,150153490234462
5042;27,988;0,101214574898785
5043;27,992;0,183187258086044
5044;27,996;0,125127908528718
5045;28,001;0,169395381945989
5046;28,005;0,0847533033767852
5047;28,010;0,138141211015705
5048;28,014;0,163055567913868
5049;28,019;0,163500467144192
5050;28,023;0,18385460693153
5051;28,028;0,142590203318948
5052;28,032;0,112670730079637
5053;28,036;0,161053521377408
5054;28,041;0,128019753525826
5055;28,045;0,0592828224407172
5056;28,050;0,132691195444232
5057;28,054;0,0803043110735418
5058;28,059;0,0785247141522445
5059;28,063;0,154824932152867
5060;28,068;0,165724963295814
5061;28,072;0,141589180050719
5062;28,076;0,141811629665881
5063;28,081;0,147817769275259
5064;28,085;0,104996218356542
5065;28,090;0,0899808693330961
5066;28,094;0,173065800596165
5067;28,099;0,121457489878543
5068;28,103;0,0810828847266094
5069;28,108;0,0771900164612715
5070;28,112;0,0580593495573253
5071;28,116;0,156604529074165
5072;28,121;0,152155536770921
5073;28,125;0,112337055656894
5074;28,130;0,155381056190773
5075;28,134;0,159941273301597
5076;28,139;0,145593273123638
5077;28,143;0,214218979401166
5078;28,148;0,120456466610313
5079;28,152;0,129799350447124
5080;28,156;0,172176002135516
5081;28,161;0,201761800952084
5082;28,165;0,0695155047381768
5083;28,170;0,160386172531922
5084;28,174;0,0973217066334475
5085;28,179;0,0900920941406771
5086;28,183;0,138252435823286
5087;28,187;0,00878675979890555
5088;28,192;0,198981180762557
5089;28,196;0,134025893135205
5090;28,201;0,132913645059394
5091;28,205;0,0541664812919874
5092;28,210;0,136472838901989
5093;28,214;0,160608622147084
5094;28,219;0,0680695822396227
5095;28,223;0,101770698936691
5096;28,227;0,164946389642746
5097;28,232;0,171731102905192
5098;28,236;0,180962761934422
5099;28,241;0,0804155358811229
5100;28,245;0,115451350269164
5101;28,250;0,092539039907461
5102;28,254;0,180406637896516
5103;28,259;0,157716777149976
5104;28,263;0,194754638074476
5105;28,267;0,0253592561284869
5106;28,272;0,212439382479868
5107;28,276;0,189415847310584
5108;28,281;0,0763002180006229
5109;28,285;0,114561551808515
5110;28,290;0,118788094496597
5111;28,294;0,165057614450327
5112;28,299;0,102549272589758
5113;28,303;0,145037149085732
5114;28,307;0,0972104818258664
5115;28,312;0,077857365306758
5116;28,316;0,137696311785381
5117;28,321;0,0910931174089069
5118;28,325;0,167838234639854
5119;28,330;0,205209769987098
5120;28,334;0,114339102193353
5121;28,339;0,150598389464786
5122;28,343;0,19408728922899
5123;28,347;0,133580993904881
5124;28,352;0,149597366196556
5125;28,356;0,213440405748098
5126;28,361;0,110223784312853
5127;28,365;0,130021800062286
5128;28,370;0,0810828847266094
5129;28,374;0,197535258264003
5130;28,378;0,127908528718245
5131;28,383;0,102771722204921
5132;28,387;0,203875072296125
5133;28,392;0,104884993548961
5134;28,396;0,135471815633759
5135;28,401;0,100547226053299
5136;28,405;0,152377986386084
5137;28,410;0,152600436001246
5138;28,414;0,150932063887529
5139;28,418;0,185745428660408
5140;28,423;0,192196467500111
5141;28,427;0,234239444765761
5142;28,432;0,112225830849313
5143;28,436;0,0905369933710015
5144;28,441;0,124571784490813
5145;28,445;0,246696623214842
5146;28,450;0,164612715220003
5147;28,454;0,128798327178894
5148;28,458;0,141811629665881
5149;28,463;0,212105708057125
5150;28,467;0,0927614895226231
5151;28,472;0,157271877919651
5152;28,476;0,150042265426881
5153;28,481;0,141811629665881
5154;28,485;0,0989900787471638
5155;28,490;0,0671797837789741
5156;28,494;0,22389553766072
5157;28,498;0,154491257730124
5158;28,503;0,140810606397651
5159;28,507;0,210882235173733
5160;28,512;0,177069893669084
5161;28,516;0,268274235885572
5162;28,521;0,217889398051341
5163;28,525;0,270721181652356
5164;28,530;0,193864839613827
5165;28,534;0,298527383547626
5166;28,538;0,194977087689638
5167;28,543;0,218223072474085
5168;28,547;0,367041865017574
5169;28,552;0,247475196867909
5170;28,556;0,337678515816168
5171;28,561;0,541219913689549
5172;28,565;0,375494950393736
5173;28,569;0,393958268452196
5174;28,574;0,432553276682831
5175;28,578;0,369600035591938
5176;28,583;0,280175290296748
5177;28,587;0,359033678871736
5178;28,592;0,434666548026872
5179;28,596;0,408083819014993
5180;28,601;0,322218267562397
5181;28,605;0,479045246251724
5182;28,609;0,374049027895182
5183;28,614;0,283067135293856
5184;28,618;0,302086577390221
5185;28,623;0,367931663478222
5186;28,627;0,299750856431018
5187;28,632;0,196423010188192
5188;28,636;0,289518174133559
5189;28,641;0,250033367442274
5190;28,645;0,287961026827424
5191;28,649;0,120901365840637
5192;28,654;0,099323753169907
5193;28,658;0,17150865329003
5194;28,663;0,193308715575922
5195;28,667;0,175735195978111
5196;28,672;0,130911598522935
5197;28,676;0,163055567913868
5198;28,681;0,113226854117542
5199;28,685;0,186746451928638
5200;28,689;0,101548249321529
5201;28,694;0,183187258086044
5202;28,698;0,20854651421453
5203;28,703;0,127574854295502
5204;28,707;0,0600613960937848
5205;28,712;0,11200338123415
5206;28,716;0,106553365662677
5207;28,721;0,109445210659786
5208;28,725;0,134025893135205
5209;28,729;0,133692218712462
5210;28,734;0,13246874582907
5211;28,738;0,134359567557948
5212;28,743;0,178627040975219
5213;28,747;0,197090359033679
5214;28,752;0,175290296747787
5215;28,756;0,150042265426881
5216;28,760;0,049606264181163
5217;28,765;0,128909551986475
5218;28,769;0,198869955954976
5219;28,774;0,144258575432665
5220;28,778;0,0561685278284469
5221;28,783;0,225230235351693
5222;28,787;0,120678916225475
5223;28,792;0,0718512256973795
5224;28,796;0,147595319660097
5225;28,800;0,125795257374205
5226;28,805;0,153823908884638
5227;28,809;0,151710637540597
5228;28,814;0,15615962984384
5229;28,818;0,0718512256973795
5230;28,823;0,0760777683854607
5231;28,827;0,0758553187702985
5232;28,832;0,249477243404369
5233;28,836;0,153935133692219
5234;28,840;0,0985451795168394
5235;28,845;0,0746318458869066
5236;28,849;0,174178048671976
5237;28,854;0,060395070516528
5238;28,858;0,144369800240246
5239;28,863;0,072518574542866
5240;28,867;0,151154513502692
5241;28,872;0,109445210659786
5242;28,876;0,106553365662677
5243;28,880;0,209992436713084
5244;28,885;0,115562575076745
5245;28,889;0,199092405570138
5246;28,894;0,126128931796948
5247;28,898;0,191751568269787
5248;28,903;0,0610624193620145
5249;28,907;0,131690172176002
5250;28,912;0,0720736753125417
5251;28,916;0,114227877385772
5252;28,920;0,152266761578502
5253;28,925;0,129910575254705
5254;28,929;0,0917604662543934
5255;28,934;0,13869733505361
5256;28,938;0,00622858922454064
5257;28,943;0,116674823152556
5258;28,947;0,173288250211327
5259;28,952;0,0857543266450149
5260;28,956;0,190972994616719
5261;28,960;0,141255505627975
5262;28,965;0,0839747297237176
5263;28,969;0,130577924100191
5264;28,974;0,181296436357165
5265;28,978;0,0869777995284068
5266;28,983;0,106330916047515
5267;28,987;0,186079103083152
5268;28,991;0,195644436535125
5269;28,996;0,194643413266895
5270;29,000;0,24135783245095
5271;29,005;0,258597677626018
5272;29,009;0,362370423099168
5273;29,014;0,392846020376385
5274;29,018;0,610957868042888
5275;29,023;0,726520443119633
5276;29,027;1,05452240067625
5277;29,031;1,67093028429061
5278;29,036;2,02006495528763
5279;29,040;2,60532989277929
5280;29,045;3,53372336165858
5281;29,049;4,62973261556257
5282;29,054;5,37949904346666
5283;29,058;6,56326467055212
5284;29,063;8,05189749521733
5285;29,067;9,74551764025448
5286;29,071;11,3088935356142
5287;29,076;13,3249543978289
5288;29,080;14,2913867509009
5289;29,085;16,115918494461
5290;29,089;17,3430617965031
5291;29,094;19,50616185434
5292;29,098;20,338790763892
5293;29,103;21,8537838679539
5294;29,107;22,475308092717
5295;29,111;22,9788227966366
5296;29,116;24,3259776660586
5297;29,120;24,0947412910976
5298;29,125;23,8869733505361
5299;29,129;24,0449125773012
5300;29,134;23,4256128486898
5301;29,138;22,5407082795747
5302;29,143;21,6798282688971
5303;29,147;20,5566801619433
5304;29,151;19,3905992792632
5305;29,156;18,1476620545446
5306;29,160;16,4824042354407
5307;29,165;16,0376162299239
5308;29,169;14,2625795257374
5309;29,174;12,9927258975842
5310;29,178;12,3650843084041
5311;29,182;10,7948124749744
5312;29,187;10,0239133336299
5313;29,191;9,1045290741647
5314;29,196;8,42472305022912
5315;29,200;7,80742536815411
5316;29,205;7,1425234684344
5317;29,209;6,18309827823998
5318;29,214;5,81383191707078
5319;29,218;5,41720425323664
5320;29,222;4,71103794990435
5321;29,227;4,42007385327223
5322;29,231;4,13556079547982
5323;29,236;3,57120612181341
5324;29,240;3,15867331049517
5325;29,245;3,11162521688837
5326;29,249;2,98905547893402
5327;29,254;2,60154824932153
5328;29,258;2,40823953374561
5329;29,262;2,22738799661877
5330;29,267;2,08057125061174
5331;29,271;1,83976954219869
5332;29,276;1,64523735373938
5333;29,280;1,81229701472616
5334;29,285;1,4528184366241
5335;29,289;1,48718690216666
5336;29,294;1,33013747386217
5337;29,298;1,2470525425991
5338;29,302;1,05930506740223
5339;29,307;1,19689015438003
5340;29,311;0,984673221515327
5341;29,316;0,944521065978556
5342;29,320;0,798705343239756
5343;29,325;0,845419762423811
5344;29,329;0,809049250344797
5345;29,334;0,801374738621702
5346;29,338;0,742536815411309
5347;29,342;0,624972193798105
5348;29,347;0,792254304400053
5349;29,351;0,527094363126752
5350;29,356;0,522867820438671
5351;29,360;0,543110735418428
5352;29,365;0,475041153178805
5353;29,369;0,589713929794901
5354;29,373;0,571473061351604
5355;29,378;0,368599012323709
5356;29,382;0,345575477154425
5357;29,387;0,503625928727143
5358;29,391;0,470592160875562
5359;29,396;0,446456377630467
5360;29,400;0,337233616585843
5361;29,405;0,317324376028829
5362;29,409;0,404079725942074
5363;29,413;0,303310050273613
5364;29,418;0,338790763891978
5365;29,422;0,307314143346532
5366;29,427;0,266272189349112
5367;29,431;0,257262979935045
5368;29,436;0,292521243938248
5369;29,440;0,367931663478222
5370;29,445;0,259709925701829
5371;29,449;0,331894825821951
5372;29,453;0,20543221960226
5373;29,458;0,270832406459937
5374;29,462;0,249477243404369
5375;29,467;0,269497708768964
5376;29,471;0,290185522979045
5377;29,476;0,169951505983895
5378;29,480;0,194198514036571
5379;29,485;0,194198514036571
5380;29,489;0,237798638608355
5381;29,493;0,279841615874005
5382;29,498;0,264047693197491
5383;29,502;0,234128219958179
5384;29,507;0,176291320016016
5385;29,511;0,18997197134849
5386;29,516;0,234573119188504
5387;29,520;0,135471815633759
5388;29,525;0,192196467500111
5389;29,529;0,160052498109178
5390;29,533;0,182742358855719
5391;29,538;0,0720736753125417
5392;29,542;0,1951995373048
5393;29,547;0,112225830849313
5394;29,551;0,118009520843529
5395;29,556;0,160163722916759
5396;29,560;0,0679583574320416
5397;29,564;0,139920807937002
5398;29,569;0,171953552520354
5399;29,573;0,148040218890421
5400;29,578;0,145926947546381
5401;29,582;0,164167815989678
5402;29,587;0,273724251457045
5403;29,591;0,188859723272679
5404;29,596;0,237798638608355
5405;29,600;0,351470391956222
5406;29,604;0,489722827779508
5407;29,609;0,63787427147751
5408;29,613;0,895470925835298
5409;29,618;1,26039951950883
5410;29,622;1,51766249944388
5411;29,627;2,12083463095609
5412;29,631;2,80597944565556
5413;29,636;3,48878853939583
5414;29,640;4,42874938826356
5415;29,644;5,73530720291854
5416;29,649;7,36319348667527
5417;29,653;8,75072296124928
5418;29,658;10,7613338078925
5419;29,662;12,9050807492103
5420;29,667;15,1936423899987
5421;29,671;18,4397383992526
5422;29,676;21,3166792721449
5423;29,680;24,5262935445122
5424;29,684;27,982159540864
5425;29,689;31,4909685456244
5426;29,693;35,8578769408729
5427;29,698;39,7034746629888
5428;29,702;44,3613471548694
5429;29,707;48,7089024335988
5430;29,711;52,2650932063888
5431;29,716;55,9973528495796
5432;29,720;60,2412466076434
5433;29,724;62,7970814610491
5434;29,729;65,6565600391511
5435;29,733;68,9205632424256
5436;29,738;71,7426702851804
5437;29,742;71,8733594340882
5438;29,747;72,4741958446412
5439;29,751;71,6432353072029
5440;29,755;69,6863460426214
5441;29,760;66,010254927259
5442;29,764;63,658406370957
5443;29,769;60,32922543044
5444;29,773;55,674912132402
5445;29,778;52,0066067535703
5446;29,782;47,776393646839
5447;29,787;43,1716866129822
5448;29,791;39,6936868799217
5449;29,795;36,1112470525426
5450;29,800;32,3473995639988
5451;29,804;29,4880322107043
5452;29,809;26,3926458157227
5453;29,813;23,7708546514215
5454;29,818;21,7502335720959
5455;29,822;18,9457000489389
5456;29,827;17,648151443698
5457;29,831;16,0399519508831
5458;29,835;14,5333007073898
5459;29,840;13,3080482270766
5460;29,844;11,9820260710949
5461;29,849;10,8207278551408
5462;29,853;10,1049962183565
5463;29,858;9,59213863060017
5464;29,862;8,74783111625217
5465;29,867;7,68774747519687
5466;29,871;7,54048582995951
5467;29,875;6,88581661253726
5468;29,880;6,2282555501179
5469;29,884;6,19633403034213
5470;29,889;5,60517417804867
5471;29,893;5,34268363215732
5472;29,898;5,02424700805268
5473;29,902;4,7060328335632
5474;29,907;4,24267028518041
5475;29,911;4,04658094941496
5476;29,915;3,87307024958847
5477;29,920;3,50035591938426
5478;29,924;3,42160875561685
5479;29,929;3,39435867775949
5480;29,933;3,03732704542421
5481;29,938;2,92899408284024
5482;29,942;2,82377541486853
5483;29,947;2,46818970503181
5484;29,951;2,42614672776616
5485;29,955;2,30869333096054
5486;29,960;2,24529519063932
5487;29,964;2,01472616452374
5488;29,969;1,92185345019353
5489;29,973;1,70229568002847
5490;29,978;1,90038706233038
5491;29,982;1,62655158606576
5492;29,986;1,68171909062597
5493;29,991;1,64245673354985
5494;29,995;1,50253592561285
5495;30,000;1,56237487209147
5496;30,004;1,40855096320683
5497;30,009;1,20923610802153
5498;30,013;1,3517150865329
5499;30,018;1,17731458824576
5500;30,022;1,10412866485741
5501;30,026;1,11469502157761
5502;30,031;1,03605908261779
5503;30,035;1,1035725408195
5504;30,040;1,09178271121591
5505;30,044;0,922164879654758
5506;30,049;1,0454019664546
5507;30,053;0,847977932998176
5508;30,058;0,884459669884771
5509;30,062;0,831850335898919
5510;30,066;0,942630244249677
5511;30,071;1,01570494283045
5512;30,075;1,1835431774703
5513;30,080;1,14728389019887
5514;30,084;1,29009654313298
5515;30,089;1,50742981714642
5516;30,093;1,82219602260088
5517;30,098;2,05865996351826
5518;30,102;2,68763625038929
5519;30,106;3,30671352938559
5520;30,111;3,92979490145482
5521;30,115;4,61671931307559
5522;30,120;5,65478044222984
5523;30,124;6,42912755260933
5524;30,129;7,63925345909152
5525;30,133;9,21108243982738
5526;30,138;10,4289940828402
5527;30,142;11,9316412332607
5528;30,146;13,0732526582729
5529;30,151;14,8617475641767
5530;30,155;16,3837478311163
5531;30,160;18,1498865506963
5532;30,164;19,0643769186279
5533;30,169;20,1686168082929
5534;30,173;21,2244739066601
5535;30,177;22,3486230368821
5536;30,182;23,1972683187258
5537;30,186;22,8489122213819
5538;30,191;23,4179383369667
5539;30,195;23,0470036036838
5540;30,200;22,6781821417449
5541;30,204;22,2307247408462
5542;30,209;21,456822529697
5543;30,213;20,3576989811808
5544;30,217;19,3456644570005
5545;30,222;18,3314054366686
5546;30,226;17,3842149753081
5547;30,231;16,1390532544379
5548;30,235;14,8193709124883
5549;30,240;13,4704364461449
5550;30,244;12,5922053654847
5551;30,249;11,7618009520844
5552;30,253;10,4631400987676
5553;30,257;9,73395026026605
5554;30,262;8,45464252346843
5555;30,266;8,02653823908885
5556;30,271;7,35885571917961
5557;30,275;6,59718823686435
5558;30,280;5,95697824442764
5559;30,284;5,43422164879655
5560;30,289;4,9482804644748
5561;30,293;4,75786359389598
5562;30,297;4,29817146416337
5563;30,302;3,9869644525515
5564;30,306;3,83847933443075
5565;30,311;3,34642078569204
5566;30,315;3,10072518574543
5567;30,320;2,88650620634426
5568;30,324;2,66350046714419
5569;30,329;2,48476220136139
5570;30,333;2,30335454019665
5571;30,337;2,26698402811763
5572;30,342;2,07133959158251
5573;30,346;2,0954753748276
5574;30,351;1,65079859411843
5575;30,355;1,56737998843262
5576;30,360;1,47128175468256
5577;30,364;1,49797570850202
5578;30,368;1,30622414023224
5579;30,373;1,28331182987053
5580;30,377;1,2205810383948
5581;30,382;1,17030742536815
5582;30,386;1,11914401388086
5583;30,391;1,10635316100903
5584;30,395;0,983116074209192
5585;30,400;0,871335142590203
5586;30,404;0,907260755438893
5587;30,408;0,911820972549718
5588;30,413;0,673466209903457
5589;30,417;0,717066334475241
5590;30,422;0,765782800195756
5591;30,426;0,713395915825066
5592;30,431;0,639431418783646
5593;30,435;0,534657650042265
5594;30,440;0,576033278462428
5595;30,444;0,659340659340659
5596;30,448;0,569693464430307
5597;30,453;0,510299417182008
5598;30,457;0,435333896872358
5599;30,462;0,395292966143169
5600;30,466;0,457133959158251
5601;30,471;0,385282733460871
5602;30,475;0,461805401076656
5603;30,480;0,372380655781466
5604;30,484;0,412087912087912
5605;30,488;0,43032878053121
5606;30,493;0,464808470881345
5607;30,497;0,347577523690884
5608;30,502;0,294856964897451
5609;30,506;0,407194020554344
5610;30,511;0,232904747074788
5611;30,515;0,317435600836411
5612;30,520;0,294078391244383
5613;30,524;0,274725274725275
5614;30,528;0,301308003737154
5615;30,533;0,24547315033145
5616;30,537;0,196756684610936
5617;30,542;0,347577523690884
5618;30,546;0,272834452996396
5619;30,551;0,343128531387641
5620;30,555;0,275170173955599
5621;30,559;0,240579258797882
5622;30,564;0,181963785202652
5623;30,568;0,248698669751301
5624;30,573;0,205320994794679
5625;30,577;0,214886328246652
5626;30,582;0,111447257196245
5627;30,586;0,36770921386306
5628;30,591;0,216665925167949
5629;30,595;0,210103661520666
5630;30,599;0,243026204564666
5631;30,604;0,169061707523246
5632;30,608;0,207545490946301
5633;30,613;0,238577212261423
5634;30,617;0,263602793967166
5635;30,622;0,224674111313787
5636;30,626;0,25681808070472
5637;30,631;0,225786359389598
5638;30,635;0,22600880900476
5639;30,639;0,231013925345909
5640;30,644;0,165502513680651
5641;30,648;0,120234016995151
5642;30,653;0,190639320193976
5643;30,657;0,216665925167949
5644;30,662;0,147817769275259
5645;30,666;0,102104373359434
5646;30,671;0,259153801663923
5647;30,675;0,0857543266450149
5648;30,679;0,16027494772434
5649;30,684;0,117564621613205
5650;30,688;0,191751568269787
5651;30,693;0,0790808381901499
5652;30,697;0,182297459625395
5653;30,702;0,133136094674556
5654;30,706;0,0613960937847578
5655;30,711;0,191529118654625
5656;30,715;0,180406637896516
5657;30,719;0,0460470703385683
5658;30,724;0,236352716109801
5659;30,728;0,151821862348178
5660;30,733;0,0825288072251635
5661;30,737;0,165057614450327
5662;30,742;0,0655114116652578
5663;30,746;0,12012279218757
5664;30,751;0,0687369310851092
5665;30,755;0,091204342216488
5666;30,759;0,118899319304178
5667;30,764;0,112781954887218
5668;30,768;0,182408684432976
5669;30,773;0,214775103439071
5670;30,777;0,0526093339858522
5671;30,782;0,0578368999421631
5672;30,786;0,127908528718245
5673;30,790;0,0131245272945678
5674;30,795;0,0675134582017173
5675;30,799;0,157494327534813
5676;30,804;0,0374827601548249
5677;30,808;0,147595319660097
5678;30,813;0,0333674422743249
5679;30,817;0,157605552342394
5680;30,822;0,0883124972193798
5681;30,826;0,162721893491124
5682;30,830;0,0798594118432175
5683;30,835;0,100880900476042
5684;30,839;0,146260621969124
5685;30,844;0,137028962939894
5686;30,848;0,129910575254705
5687;30,853;0,0977666058637719
5688;30,857;0,235018018418828
5689;30,862;0,114784001423678
5690;30,866;0,136250389286827
5691;30,870;0,189304622503003
5692;30,875;0,293188592783734
5693;30,879;0,186746451928638
5694;30,884;0,120345241802732
5695;30,888;0,20031587845353
5696;30,893;0,338345864661654
5697;30,897;0,317546825643992
5698;30,902;0,503181029496819
5699;30,906;0,645215108777862
5700;30,910;0,682809093740268
5701;30,915;1,01225697379544
5702;30,919;1,12882057214041
5703;30,924;1,80629087511679
5704;30,928;2,41969568892646
5705;30,933;3,20249588468212
5706;30,937;4,21108243982738
5707;30,942;5,32644481025048
5708;30,946;6,55792587978823
5709;30,950;7,75815277839569
5710;30,955;9,90512523913334
5711;30,959;11,2056769141789
5712;30,964;13,0671352938559
5713;30,968;15,0598389464786
5714;30,973;17,412910975664
5715;30,977;19,1201005472261
5716;30,981;21,2724117987276
5717;30,986;23,5430662454954
5718;30,990;25,2181118476665
5719;30,995;27,0661120256262
5720;30,999;28,6773145882458
5721;31,004;29,7321706633448
5722;31,008;31,3387017840459
5723;31,013;31,7034079281043
5724;31,017;32,3386128041998
5725;31,021;31,8138541620323
5726;31,026;31,5563687324821
5727;31,030;30,1136717533479
5728;31,035;29,3960492948347
5729;31,039;28,0884904569115
5730;31,044;26,6977354629176
5731;31,048;25,3321172754371
5732;31,053;23,6313787427148
5733;31,057;21,9410953419051
5734;31,061;20,2831783601014
5735;31,066;18,4489700582818
5736;31,070;16,9921475285848
5737;31,075;15,6967121946879
5738;31,079;14,1430128575878
5739;31,084;12,9683676647239
5740;31,088;11,3431507763492
5741;31,093;10,8884637629577
5742;31,097;9,73706455487832
5743;31,101;8,56508875739645
5744;31,106;7,80197535258264
5745;31,110;7,21092672509677
5746;31,115;6,65702718334297
5747;31,119;6,00747430706945
5748;31,124;5,40129910575255
5749;31,128;4,93760288294701
5750;31,133;4,76609422965698
5751;31,137;4,23321617653601
5752;31,141;3,8311384971304
5753;31,146;3,53316723762068
5754;31,150;3,42394447657606
5755;31,155;3,14399163589447
5756;31,159;2,71255060728745
5757;31,164;2,75937625127909
5758;31,168;2,54827156649019
5759;31,172;2,26309115985229
5760;31,177;2,11149174711928
5761;31,181;2,03029763758509
5762;31,186;1,93164123326067
5763;31,190;1,68705788138987
5764;31,195;1,60208212839792
5765;31,199;1,66425679583574
5766;31,204;1,41867242069671
5767;31,208;1,28331182987053
5768;31,212;1,22280553454643
5769;31,217;1,22447390666014
5770;31,221;1,1400542777061
5771;31,226;1,01603861725319
5772;31,230;1,0353917337723
5773;31,235;1,04551319126218
5774;31,239;0,944076166748232
5775;31,244;0,849201405881568
5776;31,248;0,804155358811229
5777;31,252;0,745984784446323
5778;31,257;0,781354273257107
5779;31,261;0,878564755082974
5780;31,266;0,695155047381768
5781;31,270;0,694598923343863
5782;31,275;0,716732660052498
5783;31,279;0,627085465142145
5784;31,284;0,555790363482671
5785;31,288;0,603505805934956
5786;31,292;0,471037060105886
5787;31,297;0,597610891133158
5788;31,301;0,478266672598656
5789;31,306;0,510966766027495
5790;31,310;0,423877741691507
5791;31,315;0,380611291542466
5792;31,319;0,473372781065089
5793;31,324;0,46113805223117
5794;31,328;0,344018329848289
5795;31,332;0,476931974907683
5796;31,337;0,294300840859545
5797;31,341;0,421208346309561
5798;31,346;0,411976687280331
5799;31,350;0,385393958268452
5800;31,355;0,245806824754193
5801;31,359;0,373492903857276
5802;31,363;0,292076344707924
5803;31,368;0,175401521555368
5804;31,372;0,294078391244383
5805;31,377;0,240579258797882
5806;31,381;0,22489656092895
5807;31,386;0,223339413622814
5808;31,390;0,171953552520354
5809;31,395;0,223784312853139
5810;31,399;0,170396405214219
5811;31,403;0,216332250745206
5812;31,408;0,187525025581706
5813;31,412;0,120345241802732
5814;31,417;0,292298794323086
5815;31,421;0,201094452106598
5816;31,426;0,205765894025003
5817;31,430;0,239467010722071
5818;31,435;0,232904747074788
5819;31,439;0,224117987275882
5820;31,443;0,208324064599368
5821;31,448;0,133136094674556
5822;31,452;0,134359567557948
5823;31,457;0,219557770165058
5824;31,461;0,199314855185301
5825;31,466;0,153601459269475
5826;31,470;0,0745206210793255
5827;31,475;0,160052498109178
5828;31,479;0,191529118654625
5829;31,483;0,228789429194287
5830;31,488;0,165836188103395
5831;31,492;0,273835476264626
5832;31,497;0,141366730435556
5833;31,501;0,121346265070961
5834;31,506;0,142590203318948
5835;31,510;0,254259910130355
5836;31,515;0,125572807759043
5837;31,519;0,1828535836633
5838;31,523;0,158384125995462
5839;31,528;0,148485118120746
5840;31,532;0,177069893669084
5841;31,537;0,184521955777017
5842;31,541;0,117564621613205
5843;31,546;0,11089113315834
5844;31,550;0,186190327890733
5845;31,554;0,0967655825955421
5846;31,559;0,0964319081727989
5847;31,563;0,120567691417894
5848;31,568;0,236352716109801
5849;31,572;0,189527072118165
5850;31,577;0,135138141211016
5851;31,581;0,241802731681274
5852;31,586;0,149708591004138
5853;31,590;0,114450327000934
5854;31,594;0,102438047782177
5855;31,599;0,129688125639543
5856;31,603;0,170841304444543
5857;31,608;0,174066823864395
5858;31,612;0,133358544289718
5859;31,617;0,25058949148018
5860;31,621;0,126573831027272
5861;31,626;0,0787471637674067
5862;31,630;0,219557770165058
5863;31,634;0,175179071940206
5864;31,639;0,178849490590381
5865;31,643;0,257930328780531
5866;31,648;0,151821862348178
5867;31,652;0,0834186056858122
5868;31,657;0,139142234283935
5869;31,661;0,123681986030164
5870;31,666;0,193976064421409
5871;31,670;0,192530141922854
5872;31,674;0,191417893847044
5873;31,679;0,103995195088312
5874;31,683;0,149152466966232
5875;31,688;0,109222761044623
5876;31,692;0,152600436001246
5877;31,697;0,143257552164435
5878;31,701;0,198536281532233
5879;31,706;0,1499310406193
5880;31,710;0,114672776616096
5881;31,714;0,182742358855719
5882;31,719;0,0785247141522445
5883;31,723;0,0705165280064066
5884;31,728;0,174289273479557
5885;31,732;0,0587266984028118
5886;31,737;0,108555412199137
5887;31,741;0,180517862704098
5888;31,746;0,164167815989678
5889;31,750;0,117342171998042
5890;31,754;0,106553365662677
5891;31,759;0,0949859856742448
5892;31,763;0,102771722204921
5893;31,768;0,228566979579125
5894;31,772;0,124683009298394
5895;31,777;0,077857365306758
5896;31,781;0,168950482715665
5897;31,785;0,120790141033056
5898;31,790;0,126907505450016
5899;31,794;0,0833073808782311
5900;31,799;0,100992125283623
5901;31,803;0,104440094318637
5902;31,808;0,0880900476042177
5903;31,812;0,0408195043822574
5904;31,817;0,137362637362637
5905;31,821;0,165502513680651
5906;31,825;0,155269831383192
5907;31,830;0,109111536237042
5908;31,834;0,162388219068381
5909;31,839;0,140254482359746
5910;31,843;0,118565644881434
5911;31,848;0,21466387863149
5912;31,852;0,18074031231926
5913;31,857;0,087200249143569
5914;31,861;0,20954753748276
5915;31,865;0,111336032388664
5916;31,870;0,0679583574320416
5917;31,874;0,08319615607065
5918;31,879;0,112225830849313
5919;31,883;0,0428215509187169
5920;31,888;0,118454420073853
5921;31,892;0,127463629487921
5922;31,897;0,193976064421409
5923;31,901;0,153156560039151
5924;31,905;0,053721582061663
5925;31,910;0,106664590470258
5926;31,914;0,0170173955599057
5927;31,919;0,153823908884638
5928;31,923;0,126017706989367
5929;31,928;0,15504738176803
5930;31,932;0,150375939849624
5931;31,937;0,144147350625083
5932;31,941;0,0745206210793255
5933;31,945;0,18074031231926
5934;31,950;0,114450327000934
5935;31,954;0,0795257374204743
5936;31,959;0,128464652756151
5937;31,963;0,142590203318948
5938;31,968;0,132579970636651
5939;31,972;0,122569737954353
5940;31,976;0,11200338123415
5941;31,981;0,118899319304178
5942;31,985;0,118343195266272
5943;31,990;0,154491257730124
5944;31,994;0,0461582951461494
5945;31,999;0,144369800240246
5946;32,003;0,124460559683232
5947;32,008;0,128242203140989
5948;32,012;0,0984339547092584
5949;32,016;0,0920941406771366
5950;32,021;0,11711972238288
5951;32,025;0,14792899408284
5952;32,030;0,138363660630867
5953;32,034;0,168839257908084
5954;32,039;0,12423811006807
5955;32,043;0,130133024869867
5956;32,048;0,132246296213908
5957;32,052;0,189749521733327
5958;32,056;0,0900920941406771
5959;32,061;0,0499399386039062
5960;32,065;0,150487164657205
5961;32,070;0,150264715042043
5962;32,074;0,121346265070961
5963;32,079;0,10266049739734
5964;32,083;0,0985451795168394
5965;32,088;0,103327846242826
5966;32,092;0,0672910085865552
5967;32,096;0,140476931974908
5968;32,101;0,140365707167327
5969;32,105;0,162721893491124
5970;32,110;0,16739333540953
5971;32,114;0,0929839391377853
5972;32,119;0,0457133959158251
5973;32,123;0,0621746674378253
5974;32,128;0,114116652578191
5975;32,132;0,0592828224407172
5976;32,136;0,0579481247497442
5977;32,141;0,114450327000934
5978;32,145;0,164946389642746
5979;32,150;0,149819815811719
5980;32,154;0,0914267918316501
5981;32,159;0,13458201717311
5982;32,163;0,185522979045246
5983;32,167;0,0623971170529875
5984;32,172;0,136250389286827
5985;32,176;0,202429149797571
5986;32,181;0,145148373893313
5987;32,185;0,115673799884326
5988;32,190;0,108221737776394
5989;32,194;0,187413800774125
5990;32,199;0,130911598522935
5991;32,203;0,146149397161543
5992;32,207;0,187525025581706
5993;32,212;0,126573831027272
5994;32,216;0,0816390087645148
5995;32,221;0,132135071406326
5996;32,225;0,0856431018374338
5997;32,230;0,157049428304489
5998;32,234;0,141811629665881
5999;32,239;0,16127597099257
6000;32,243;0,114116652578191
6001;32,247;0,120678916225475
6002;32,252;0,132357521021489
6003;32,256;0,1787382657828
6004;32,261;0,161498420607732
6005;32,265;0,151265738310273
6006;32,270;0,127241179872759
6007;32,274;0,167170885794368
6008;32,279;0,192641366730436
6009;32,283;0,187413800774125
6010;32,287;0,108555412199137
6011;32,292;0,192863816345598
6012;32,296;0,167615785024692
6013;32,301;0,1375850869778
6014;32,305;0,125906482181786
6015;32,310;0,192530141922854
6016;32,314;0,151488187925435
6017;32,319;0,224785336121369
6018;32,323;0,0857543266450149
6019;32,327;0,123459536415002
6020;32,332;0,0817502335720959
6021;32,336;0,164167815989678
6022;32,341;0,100213551630556
6023;32,345;0,156826978689327
6024;32,350;0,142590203318948
6025;32,354;0,0413756284201628
6026;32,358;0,0501623882190684
6027;32,363;0,129688125639543
6028;32,367;0,0918716910619745
6029;32,372;0,197535258264003
6030;32,376;0,161609645415313
6031;32,381;0,176958668861503
6032;32,385;0,116786047960137
6033;32,390;0,216332250745206
6034;32,394;0,248698669751301
6035;32,398;0,169172932330827
6036;32,403;0,197312808648841
6037;32,407;0,407638919784669
6038;32,412;0,498287137963251
6039;32,416;0,554233216176536
6040;32,421;0,733750055612404
6041;32,425;1,08978066467945
6042;32,430;1,35605285402856
6043;32,434;1,7503447969035
6044;32,438;2,51223472883392
6045;32,443;3,05145259598701
6046;32,447;3,7588423722027
6047;32,452;4,94271922409574
6048;32,456;5,967767050763
6049;32,461;7,44983761178093
6050;32,465;9,3938247986831
6051;32,470;10,5674689682787
6052;32,474;12,8925123459536
6053;32,478;14,915580371046
6054;32,483;16,9040574809806
6055;32,487;19,4354228767184
6056;32,492;21,5540330115229
6057;32,496;24,8822129287716
6058;32,501;27,0089424745295
6059;32,505;29,2127508119411
6060;32,510;31,242825999911
6061;32,514;32,6135605285403
6062;32,518;34,9254793789207
6063;32,523;35,8669973750945
6064;32,527;35,7945900253593
6065;32,532;36,1463940917382
6066;32,536;35,8388574987765
6067;32,541;35,40463584998
6068;32,545;34,7329492369978
6069;32,549;33,4013658406371
6070;32,554;31,3669528851715
6071;32,558;29,3597900075633
6072;32,563;27,2468523379455
6073;32,567;25,439671664368
6074;32,572;23,7657383102727
6075;32,576;21,8005071851226
6076;32,581;19,7688748498465
6077;32,585;17,7450282511011
6078;32,589;16,1495083863505
6079;32,594;15,0949859856742
6080;32,598;13,68999421631
6081;32,603;12,1708857943676
6082;32,607;11,0371713306936
6083;32,612;10,1389197846688
6084;32,616;9,45333007073898
6085;32,621;8,71946879031899
6086;32,625;7,51490412421587
6087;32,629;7,01339146683276
6088;32,634;6,24638519375362
6089;32,638;6,1788717355519
6090;32,643;5,33011522890065
6091;32,647;4,79367798193709
6092;32,652;4,47112603995195
6093;32,656;4,18249766427904
6094;32,661;3,82757930328781
6095;32,665;3,6794278595898
6096;32,669;3,46743337634026
6097;32,674;3,09227210036927
6098;32,678;3,04967299906571
6099;32,683;2,94356453263336
6100;32,687;2,52747252747253
6101;32,692;2,51546024825377
6102;32,696;2,32860257151755
6103;32,701;2,20125016683721
6104;32,705;2,02306802509232
6105;32,709;2,03419050585042
6106;32,714;1,92240957423144
6107;32,718;1,77058771188326
6108;32,723;1,66203229968412
6109;32,727;1,65013124527295
6110;32,732;1,5716065311207
6111;32,736;1,33714463673978
6112;32,741;1,3458201717311
6113;32,745;1,37751924189171
6114;32,749;1,11002357965921
6115;32,754;1,08399697468523
6116;32,758;1,03917337723006
6117;32,763;1,04251012145749
6118;32,767;0,881901499310406
6119;32,772;0,923277127730569
6120;32,776;0,789251234595364
6121;32,780;0,919829158695555
6122;32,785;0,786359389598256
6123;32,789;0,746652133291809
6124;32,794;0,728967388886417
6125;32,798;0,676580504515727
6126;32,803;0,786025715175513
6127;32,807;0,655670240690484
6128;32,812;0,723739822930106
6129;32,816;0,6737998843262
6130;32,820;0,533656626774036
6131;32,825;0,547003603683766
6132;32,829;0,569693464430307
6133;32,834;0,544000533879076
6134;32,838;0,570805712506117
6135;32,843;0,518974952173333
6136;32,847;0,588379232103929
6137;32,852;0,438670641099791
6138;32,856;0,493949370467589
6139;32,860;0,348578546959114
6140;32,865;0,37493882635583
6141;32,869;0,390621524224763
6142;32,874;0,362481647906749
6143;32,878;0,318547848912221
6144;32,883;0,258708902433599
6145;32,887;0,367486764247898
6146;32,892;0,260266049739734
6147;32,896;0,44478800551675
6148;32,900;0,396071539796236
6149;32,905;0,265604840503626
6150;32,909;0,310762112381546
6151;32,914;0,295746763358099
6152;32,918;0,37794189616052
6153;32,923;0,242692530141923
6154;32,927;0,340681585620857
6155;32,932;0,158384125995462
6156;32,936;0,23012412688526
6157;32,940;0,265159941273302
6158;32,945;0,257596654357788
6159;32,949;0,284957957022734
6160;32,954;0,238577212261423
6161;32,958;0,304978422387329
6162;32,963;0,279841615874005
6163;32,967;0,305979445655559
6164;32,971;0,20854651421453
6165;32,976;0,161609645415313
6166;32,980;0,188526048849935
6167;32,985;0,157605552342394
6168;32,989;0,196311785380611
6169;32,994;0,271499755305423
6170;32,998;0,158050451572719
6171;33,003;0,220336343818125
6172;33,007;0,223005739200071
6173;33,011;0,21154958401922
6174;33,016;0,164946389642746
6175;33,020;0,225341460159274
6176;33,025;0,194420963651733
6177;33,029;0,220670018240868
6178;33,034;0,300529430084086
6179;33,038;0,169617831561151
6180;33,043;0,222449615162166
6181;33,047;0,310428437958802
6182;33,051;0,24135783245095
6183;33,056;0,246251723984518
6184;33,060;0,293522267206478
6185;33,065;0,254593584553099
6186;33,069;0,348800996574276
6187;33,074;0,144703474662989
6188;33,078;0,281176313564978
6189;33,083;0,358255105218668
6190;33,087;0,306758019308627
6191;33,091;0,416870578813899
6192;33,096;0,530431107354184
6193;33,100;0,725296970236242
6194;33,105;0,715064287938782
6195;33,109;0,988454864973084
6196;33,114;1,25450460470703
6197;33,118;1,77470302976376
6198;33,123;2,29857187347066
6199;33,127;3,0691373403924
6200;33,131;3,55886016817191
6201;33,136;4,6301775147929
6202;33,140;5,77101036615207
6203;33,145;6,91529118654625
6204;33,149;8,17224273702007
6205;33,154;10,0181296436357
6206;33,158;11,6621435244917
6207;33,162;13,2534368465543
6208;33,167;14,8816568047337
6209;33,171;17,2954575788584
6210;33,176;18,5058059349557
6211;33,180;20,3593673532945
6212;33,185;22,4292610223784
6213;33,189;24,1843884860079
6214;33,194;24,996552030965
6215;33,198;25,9812252524803
6216;33,202;26,1083552075455
6217;33,207;27,2816657027183
6218;33,211;27,2221604306625
6219;33,216;26,8186368287583
6220;33,220;26,3682875828625
6221;33,225;26,2223606353161
6222;33,229;25,1510432886951
6223;33,234;24,0330115228901
6224;33,238;23,15845086088
6225;33,242;21,0679806023936
6226;33,247;20,006117364417
6227;33,251;18,6897717666948
6228;33,256;17,3469546647684
6229;33,260;15,8008186145838
6230;33,265;14,5254037460515
6231;33,269;13,362882057214
6232;33,274;12,1301775147929
6233;33,278;10,8220625528318
6234;33,282;10,0230235351693
6235;33,287;9,38336966677048
6236;33,291;8,35876673933354
6237;33,296;7,80130800373715
6238;33,300;6,8262001156738
6239;33,305;6,07932553276683
6240;33,309;5,86988922009165
6241;33,314;5,20821283979179
6242;33,318;4,77877385772123
6243;33,322;4,50149041242159
6244;33,327;3,92467856030609
6245;33,331;3,75661787605107
6246;33,336;3,52805089647195
6247;33,340;3,12753036437247
6248;33,345;3,00807492103039
6249;33,349;2,88005516750456
6250;33,353;2,64259020331895
6251;33,358;2,46207234061485
6252;33,362;2,3053565867331
6253;33,367;2,0849090181074
6254;33,371;2,02418027316813
6255;33,376;1,96689949726387
6256;33,380;1,64267918316501
6257;33,385;1,6821639898563
6258;33,389;1,61409440761667
6259;33,393;1,41099790897362
6260;33,398;1,45826845219558
6261;33,402;1,28553632602216
6262;33,407;1,17753703786092
6263;33,411;1,07810205988344
6264;33,416;1,08499799795346
6265;33,420;1,06486630778129
6266;33,425;1,00736308226187
6267;33,429;0,969880322107043
6268;33,433;0,963206833652178
6269;33,438;0,957645593273124
6270;33,442;0,92850469368688
6271;33,447;0,724295946968012
6272;33,451;0,711949993326512
6273;33,456;0,679138675090092
6274;33,460;0,854985095875784
6275;33,465;0,646661031276416
6276;33,469;0,687702985273836
6277;33,473;0,572029185389509
6278;33,478;0,562241402322374
6279;33,482;0,566467945010455
6280;33,487;0,510188192374427
6281;33,491;0,456244160697602
6282;33,496;0,43344307514348
6283;33,500;0,351692841571384
6284;33,505;0,435890020910264
6285;33,509;0,440561462828669
6286;33,513;0,470703385683143
6287;33,518;0,447568625706278
6288;33,522;0,484606486630778
6289;33,527;0,296636561818748
6290;33,531;0,395181741335588
6291;33,536;0,292298794323086
6292;33,540;0,361480624638519
6293;33,545;0,37694087289229
6294;33,549;0,327000934288384
6295;33,553;0,369377585976776
6296;33,558;0,427548160341683
6297;33,562;0,237353739378031
6298;33,567;0,26604973973395
6299;33,571;0,267161987809761
6300;33,576;0,339903011967789
6301;33,580;0,295524313742937
6302;33,584;0,182631134048138
6303;33,589;0,307647817769275
6304;33,593;0,274391600302532
6305;33,598;0,168060684255016
6306;33,602;0,273390577034302
6307;33,607;0,149263691773813
6308;33,611;0,256595631089558
6309;33,616;0,144592249855408
6310;33,620;0,282288561640788
6311;33,624;0,200093428838368
6312;33,629;0,268607910308315
6313;33,633;0,240134359567558
6314;33,638;0,270387507229613
6315;33,642;0,201205676914179
6316;33,647;0,224229212083463
6317;33,651;0,228900654001869
6318;33,656;0,109667660274948
6319;33,660;0,223561863237977
6320;33,664;0,217666948436179
6321;33,669;0,208435289406949
6322;33,673;0,22289451439249
6323;33,678;0,143257552164435
6324;33,682;0,230235351692842
6325;33,687;0,216443475552787
6326;33,691;0,183298482893625
6327;33,696;0,17562397117053
6328;33,700;0,204542421141611
6329;33,704;0,191306669039463
6330;33,709;0,122458513146772
6331;33,713;0,210993459981314
6332;33,718;0,0561685278284469
6333;33,722;0,192530141922854
6334;33,727;0,16539128887307
6335;33,731;0,208991413444855
6336;33,736;0,134248342750367
6337;33,740;0,151154513502692
6338;33,744;0,157828001957557
6339;33,749;0,154824932152867
6340;33,753;0,220113894202963
6341;33,758;0,18074031231926
6342;33,762;0,0875339235663122
6343;33,767;0,146705521199448
6344;33,771;0,104996218356542
6345;33,775;0,127129955065178
6346;33,780;0,23212617342172
6347;33,784;0,0981002802865151
6348;33,789;0,139475908706678
6349;33,793;0,117675846420786
6350;33,798;0,144369800240246
6351;33,802;0,179183165013125
6352;33,807;0,213996529786003
6353;33,811;0,133247319482137
6354;33,815;0,201205676914179
6355;33,820;0,116674823152556
6356;33,824;0,201650576144503
6357;33,829;0,161498420607732
6358;33,833;0,160163722916759
6359;33,838;0,217666948436179
6360;33,842;0,144703474662989
6361;33,847;0,12635138141211
6362;33,851;0,236575165724963
6363;33,855;0,1375850869778
6364;33,860;0,214997553054233
6365;33,864;0,0943186368287583
6366;33,869;0,103550295857988
6367;33,873;0,0662899853183254
6368;33,878;0,148151443698002
6369;33,882;0,0581705743649064
6370;33,887;0,124349334875651
6371;33,891;0,142590203318948
6372;33,895;0,16950660675357
6373;33,900;0,153601459269475
6374;33,904;0,211883258441963
6375;33,909;0,129354451216799
6376;33,913;0,179850513858611
6377;33,918;0,171842327712773
6378;33,922;0,12635138141211
6379;33,927;0,174178048671976
6380;33,931;0,135249366018597
6381;33,935;0,0678471326244606
6382;33,940;0,178960715397962
6383;33,944;0,131578947368421
6384;33,949;0,132357521021489
6385;33,953;0,089869644525515
6386;33,958;0,176402544823597
6387;33,962;0,185634203852827
6388;33,966;0,133914668327624
6389;33,971;0,149819815811719
6390;33,975;0,0274725274725275
6391;33,980;0,128909551986475
6392;33,984;0,109222761044623
6393;33,989;0,0833073808782311
6394;33,993;0,0560573030208658
6395;33,998;0,141366730435556
6396;34,002;0,0873114739511501
6397;34,006;0,192418917115273
6398;34,011;0,121123815455799
6399;34,015;0,185411754237665
6400;34,020;0,134248342750367
6401;34,024;0,136472838901989
6402;34,029;0,160052498109178
6403;34,033;0,0903145437558393
6404;34,038;0,110112559505272
6405;34,042;0,161053521377408
6406;34,046;0,15504738176803
6407;34,051;0,16327801752903
6408;34,055;0,181407661164746
6409;34,060;0,0960982337500556
6410;34,064;0,149486141388975
6411;34,069;0,160497397339503
6412;34,073;0,0622858922454064
6413;34,078;0,0913155670240691
6414;34,082;0,146483071584286
6415;34,086;0,138474885438448
6416;34,091;0,0758553187702985
6417;34,095;0,0780798149219202
6418;34,100;0,193419940383503
6419;34,104;0,199426079992882
6420;34,109;0,121568714686124
6421;34,113;0,132579970636651
6422;34,118;0,0866441251056636
6423;34,122;0,181741335587489
6424;34,126;0,0916492414468123
6425;34,131;0,124683009298394
6426;34,135;0,0823063576100013
6427;34,140;0,081861458379677
6428;34,144;0,210437335943409
6429;34,149;0,114895226231259
6430;34,153;0,0877563731814744
6431;34,157;0,139142234283935
6432;34,162;0,112114606041732
6433;34,166;0,0745206210793255
6434;34,171;0,173065800596165
6435;34,175;0,102771722204921
6436;34,180;0,166281087333719
6437;34,184;0,108444187391556
6438;34,189;0,184744405392179
6439;34,193;0,237687413800774
6440;34,197;0,181185211549584
6441;34,202;0,0218000622858922
6442;34,206;0,187413800774125
6443;34,211;0,12323708679984
6444;34,215;0,160497397339503
6445;34,220;0,166725986564043
6446;34,224;0,101325799706367
6447;34,229;0,184744405392179
6448;34,233;0,133692218712462
6449;34,237;0,155603505805935
6450;34,242;0,166281087333719
6451;34,246;0,193419940383503
6452;34,251;0,190305645771233
6453;34,255;0,0947635360590826
6454;34,260;0,170618854829381
6455;34,264;0,0814165591493527
6456;34,269;0,0956533345197313
6457;34,273;0,206544467678071
6458;34,277;0,182519909240557
6459;34,282;0,128464652756151
6460;34,286;0,0958757841348934
6461;34,291;0,117898296035948
6462;34,295;0,102215598167015
6463;34,300;0,118231970458691
6464;34,304;0,174178048671976
6465;34,309;0,138919784668773
6466;34,313;0,0927614895226231
6467;34,317;0,135805490056502
6468;34,322;0,167838234639854
6469;34,326;0,139475908706678
6470;34,331;0,192196467500111
6471;34,335;0,126017706989367
6472;34,340;0,1705076300218
6473;34,344;0,138363660630867
6474;34,348;0,149486141388975
6475;34,353;0,109778885082529
6476;34,357;0,142034079281043
6477;34,362;0,068403256662366
6478;34,366;0,0769675668461094
6479;34,371;0,169395381945989
6480;34,375;0,216777149975531
6481;34,380;0,118788094496597
6482;34,384;0,244805801485963
6483;34,388;0,137362637362637
6484;34,393;0,0909818926013258
6485;34,397;0,183298482893625
6486;34,402;0,152822885616408
6487;34,406;0,093984962406015
6488;34,411;0,123459536415002
6489;34,415;0,126907505450016
6490;34,420;0,0890910708724474
6491;34,424;0,146927970814611
6492;34,428;0,216554700360368
6493;34,433;0,118009520843529
6494;34,437;0,201428126529341
6495;34,442;0,152155536770921
6496;34,446;0,071072652044312
6497;34,451;0,177403568091827
6498;34,455;0,112781954887218
6499;34,460;0,167838234639854
6500;34,464;0,168505583485341
6501;34,468;0,174289273479557
6502;34,473;0,125684032566624
6503;34,477;0,111336032388664
6504;34,482;0,101437024513948
6505;34,486;0,151933087155759
6506;34,491;0,152266761578502
6507;34,495;0,161498420607732
6508;34,500;0,15716065311207
6509;34,504;0,157049428304489
6510;34,508;0,104328869511056
6511;34,513;0,143035102549273
6512;34,517;0,142034079281043
6513;34,522;0,126685055834853
6514;34,526;0,152377986386084
6515;34,531;0,147706544467678
6516;34,535;0,161832095030476
6517;34,540;0,20543221960226
6518;34,544;0,095208435289407
6519;34,548;0,122347288339191
6520;34,553;0,159607598878854
6521;34,557;0,174845397517462
6522;34,562;0,207656715753882
6523;34,566;0,135805490056502
6524;34,571;0,181630110779908
6525;34,575;0,220892467856031
6526;34,579;0,220558793433287
6527;34,584;0,283956933754505
6528;34,588;0,409640966321128
6529;34,593;0,507963696222806
6530;34,597;0,710948970058282
6531;34,602;0,91415669350892
6532;34,606;1,23859945722294
6533;34,611;1,52678293366552
6534;34,615;1,95066067535703
6535;34,619;2,6393646838991
6536;34,624;3,33140543666859
6537;34,628;4,03957378653735
6538;34,633;5,29852738354763
6539;34,637;6,31679049695244
6540;34,642;7,80431107354184
6541;34,646;9,32475419317525
6542;34,651;10,7839124438315
6543;34,655;12,3231525559461
6544;34,659;14,3998309382925
6545;34,664;15,8423054678115
6546;34,668;17,4087956577835
6547;34,673;18,6718645726743
6548;34,677;20,6456600080082
6549;34,682;21,3569426524892
6550;34,686;22,8836143613472
6551;34,691;23,3536503981848
6552;34,695;23,4521955777017
6553;34,699;24,9010099212528
6554;34,704;24,4358677759487
6555;34,708;24,6138274680785
6556;34,713;23,7631801396984
6557;34,717;23,332628909552
6558;34,722;22,3357209592027
6559;34,726;21,8625706277528
6560;34,731;20,2419139564889
6561;34,735;19,5551007696757
6562;34,739;18,0512301463718
6563;34,744;16,6582506562264
6564;34,748;15,1739555990568
6565;34,753;14,1801619433198
6566;34,757;13,2378653734929
6567;34,762;11,8173021310673
6568;34,766;11,2614005427771
6569;34,770;9,70091649241447
6570;34,775;9,4679005205321
6571;34,779;8,30460025804155
6572;34,784;7,74269253014192
6573;34,788;7,00048938915336
6574;34,793;6,46205009565333
6575;34,797;5,94374249232549
6576;34,802;5,26349156915959
6577;34,806;5,00222449615162
6578;34,810;4,58301819637852
6579;34,815;4,20073853272234
6580;34,819;3,88686212572852
6581;34,824;3,70222894514393
6582;34,828;3,36188103394581
6583;34,833;2,97025848645282
6584;34,837;2,75481603416826
6585;34,842;2,43615696044846
6586;34,846;2,43582328602572
6587;34,850;2,3253770520977
6588;34,855;2,01361391644792
6589;34,859;2,0414201183432
6590;34,864;1,85945633314054
6591;34,868;1,91473506250834
6592;34,873;1,58083819014993
6593;34,877;1,48885527428038
6594;34,882;1,44747964586021
6595;34,886;1,30978333407483
6596;34,890;1,29910575254705
6597;34,895;1,34971303999644
6598;34,899;1,10613071139387
6599;34,904;1,25161275970993
6600;34,908;1,00747430706945
6601;34,913;0,843306491079771
6602;34,917;0,946300662899853
6603;34,922;0,925167949459447
6604;34,926;0,988566089780665
6605;34,930;0,730746985807715
6606;34,935;0,835187080126351
6607;34,939;0,734306179650309
6608;34,944;0,651110023579659
6609;34,948;0,649886550696267
6610;34,953;0,639542643591227
6611;34,957;0,522867820438671
6612;34,961;0,664234550874227
6613;34,966;0,553454642523468
6614;34,970;0,51352493660186
6615;34,975;0,475374827601548
6616;34,979;0,484606486630778
6617;34,984;0,539551541575833
6618;34,988;0,410641989589358
6619;34,993;0,501401432575522
6620;34,997;0,368599012323709
6621;35,001;0,330004004093073
6622;35,006;0,499955510076968
6623;35,010;0,376718423277128
6624;35,015;0,400742981714642
6625;35,019;0,385950082306358
6626;35,024;0,384837834230547
6627;35,028;0,355474485029141
6628;35,033;0,310650887573965
6629;35,037;0,392178671530898
6630;35,041;0,354695911376073
6631;35,046;0,347911198113627
6632;35,050;0,309983538728478
6633;35,055;0,218890421319571
6634;35,059;0,175179071940206
6635;35,064;0,214218979401166
6636;35,068;0,251701739555991
6637;35,073;0,255038483783423
6638;35,077;0,198758731147395
6639;35,081;0,221782266316679
6640;35,086;0,331116252168884
6641;35,090;0,286070205098545
6642;35,095;0,228900654001869
6643;35,099;0,174511723094719
6644;35,104;0,160942296569827
6645;35,108;0,215331227476976
6646;35,113;0,155714730613516
6647;35,117;0,200427103261111
6648;35,121;0,200204653645949
6649;35,126;0,210771010366152
6650;35,130;0,140254482359746
6651;35,135;0,218445522089247
6652;35,139;0,21054856075099
6653;35,144;0,285736530675802
6654;35,148;0,323664190060951
6655;35,152;0,398852159985763
6656;35,157;0,491724874315967
6657;35,161;0,562686301552698
6658;35,166;0,640766116474619
6659;35,170;0,89358010410642
6660;35,175;1,13048894425413
6661;35,179;1,44670107220715
6662;35,184;1,77047648707568
6663;35,188;2,37164657205143
6664;35,192;3,36944432086133
6665;35,197;3,84593139653868
6666;35,201;4,86975575032255
6667;35,206;6,05619077278996
6668;35,210;7,76705076300218
6669;35,215;9,10564132224051
6670;35,219;10,9097077012057
6671;35,224;12,4728611469502
6672;35,228;15,0811941095342
6673;35,232;16,9343106286426
6674;35,237;20,0536103572541
6675;35,241;22,9550206878142
6676;35,246;25,9461894380923
6677;35,250;29,2151977577079
6678;35,255;32,362192463407
6679;35,259;35,4636962228055
6680;35,264;38,8385905592383
6681;35,268;44,2866040841749
6682;35,272;47,3134759976865
6683;35,277;50,2164434755528
6684;35,281;54,9310406192997
6685;35,286;59,2289896338479
6686;35,290;62,2999065711616
6687;35,295;64,34154913912
6688;35,299;67,6360279396717
6689;35,304;70,095319660097
6690;35,308;70,1443698002403
6691;35,312;71,8740267829337
6692;35,317;70,7051652800641
6693;35,321;69,2299906571162
6694;35,326;68,4705476709525
6695;35,330;65,764114428082
6696;35,335;61,9293055123015
6697;35,339;58,8939805134137
6698;35,343;54,1503536948881
6699;35,348;50,0710726520443
6700;35,352;45,5276504871647
6701;35,357;41,5165502513681
6702;35,361;37,6774035680918
6703;35,366;34,3674645192864
6704;35,370;31,2507229612493
6705;35,375;28,1809182720114
6706;35,379;25,5751434800018
6707;35,383;22,7626017706989
6708;35,388;21,1576277973039
6709;35,392;19,4436535124794
6710;35,397;17,6633892423366
6711;35,401;16,14539306847
6712;35,406;14,7809983538728
6713;35,410;13,5118120745651
6714;35,415;12,7402455843751
6715;35,419;11,3240201094452
6716;35,423;10,776349156916
6717;35,428;9,8148106953775
6718;35,432;9,31107354184277
6719;35,437;8,56631223027984
6720;35,441;7,75526093339859
6721;35,446;7,43137429372247
6722;35,450;7,05187525025582
6723;35,455;6,49241446812297
6724;35,459;5,97154869422076
6725;35,463;5,65188859723273
6726;35,468;5,26404769319749
6727;35,472;5,11656359834497
6728;35,477;4,78222182675624
6729;35,481;4,33431952662722
6730;35,486;4,31518885972327
6731;35,490;3,93613471548694
6732;35,495;3,90554789340214
6733;35,499;3,72725452684967
6734;35,503;3,5706499977755
6735;35,508;3,41449036793166
6736;35,512;3,00362592872714
6737;35,517;2,98115851759576
6738;35,521;2,83022645370824
6739;35,526;2,8080927169996
6740;35,530;2,63802998620812
6741;35,535;2,50088979846065
6742;35,539;2,35218223072474
6743;35,543;2,38343640165503
6744;35,548;2,0731191885038
6745;35,552;2,02351292432264
6746;35,557;1,96033723361659
6747;35,561;1,89527072118165
6748;35,566;1,86368287582862
6749;35,570;1,7650264715042
6750;35,574;1,97357298571873
6751;35,579;1,74912132402011
6752;35,583;1,58539840726076
6753;35,588;1,58061574053477
6754;35,592;1,44202963028874
6755;35,597;1,29632513235752
6756;35,601;1,36884370690039
6757;35,606;1,19388708457534
6758;35,610;1,21146060417315
6759;35,614;1,29777105485608
6760;35,619;1,12092361080215
6761;35,623;1,15974106864795
6762;35,628;1,33414156693509
6763;35,632;1,07131734662099
6764;35,637;1,12870934733283
6765;35,641;1,37518352093251
6766;35,646;1,26162299239222
6767;35,650;1,49419406504427
6768;35,654;1,76024380477822
6769;35,659;1,83076033278462
6770;35,663;2,2207145081639
6771;35,668;2,86503981848111
6772;35,672;3,5207100591716
6773;35,677;4,28994082840237
6774;35,681;5,1216799394937
6775;35,686;6,02337945455354
6776;35,690;7,68429950616185
6777;35,694;9,08651065533657
6778;35,699;10,799706366508
6779;35,703;12,9481247497442
6780;35,708;14,9452773946701
6781;35,712;17,4412733015972
6782;35,717;20,0659563108956
6783;35,721;22,9909463006629
6784;35,726;25,155047381768
6785;35,730;28,4044801352494
6786;35,734;30,5237576188993
6787;35,739;33,6809850068959
6788;35,743;36,0269386483961
6789;35,748;37,6511545135027
6790;35,752;39,9828713796325
6791;35,757;41,7235396182765
6792;35,761;42,8791653690439
6793;35,765;43,6566267740357
6794;35,770;44,3847043644614
6795;35,774;44,3326511545135
6796;35,779;43,9181162966588
6797;35,783;44,4884771099346
6798;35,788;43,848489567113
6799;35,792;41,8865951861903
6800;35,797;40,430662454954
6801;35,801;38,6902166659252
6802;35,805;36,6455710281621
6803;35,810;34,8026871913512
6804;35,814;33,1235262712996
6805;35,819;31,1644125105664
6806;35,823;29,4305289851849
6807;35,828;26,8075143480002
6808;35,832;24,8814343551186
6809;35,837;22,6987587311474
6810;35,841;21,3224629621391
6811;35,845;19,7177114383592
6812;35,850;18,3683320727855
6813;35,854;16,4295724518397
6814;35,859;15,3574765315656
6815;35,863;13,7676291320016
6816;35,868;12,8990746096009
6817;35,872;11,5905147484095
6818;35,877;10,9757752369088
6819;35,881;10,0735195978111
6820;35,885;9,26235707612226
6821;35,890;8,43362103483561
6822;35,894;7,74591804956177
6823;35,899;7,08379677003159
6824;35,903;6,49052364639409
6825;35,908;6,2694087289229
6826;35,912;5,73742047426258
6827;35,917;5,1869689015438
6828;35,921;4,91113137874271
6829;35,925;4,55154157583307
6830;35,930;4,25134582017173
6831;35,934;4,19395381945989
6832;35,939;4,14824042354407
6833;35,943;3,61814299061263
6834;35,948;3,24031231925969
6835;35,952;3,09483027094363
6836;35,956;2,97237175779686
6837;35,961;2,79018552297905
6838;35,965;2,49543978288918
6839;35,970;2,60321662143525
6840;35,974;2,49899897673177
6841;35,979;2,18089602704987
6842;35,983;2,17800418205277
6843;35,988;2,13462650709614
6844;35,992;2,01939760644214
6845;35,996;1,79172042532366
6846;36,001;1,85789918583441
6847;36,005;1,67126395871335
6848;36,010;1,60008008186146
6849;36,014;1,52967477866263
6850;36,019;1,51354718156338
6851;36,023;1,35193753614806
6852;36,028;1,30589046580949
6853;36,032;1,27619344218535
6854;36,036;1,2282555501179
6855;36,041;1,13393691328914
6856;36,045;1,23770965876229
6857;36,050;1,1500645103884
6858;36,054;1,14761756462161
6859;36,059;0,968990523646394
6860;36,063;0,907038305823731
6861;36,068;1,11247052542599
6862;36,072;0,87000044489923
6863;36,076;0,839413622814433
6864;36,081;0,917938336966677
6865;36,085;0,957756818080705
6866;36,090;0,819393157449838
6867;36,094;0,828958490901811
6868;36,099;0,762001156737999
6869;36,103;0,840748320505406
6870;36,108;0,683810117008498
6871;36,112;0,701939760644214
6872;36,116;0,740757218490012
6873;36,121;0,781687947679851
6874;36,125;0,727855140810606
6875;36,130;0,688259109311741
6876;36,134;0,643657961471727
6877;36,139;0,514525959870089
6878;36,143;0,546002580415536
6879;36,147;0,629198736486186
6880;36,152;0,507852471415224
6881;36,156;0,398852159985763
6882;36,161;0,58748943364328
6883;36,165;0,591715976331361
6884;36,170;0,614850736308226
6885;36,174;0,508964719491035
6886;36,179;0,492614672776616
6887;36,183;0,390843973839925
6888;36,187;0,413311384971304
6889;36,192;0,410197090359034
6890;36,196;0,416759354006318
6891;36,201;0,387396004804912
6892;36,205;0,655002891844997
6893;36,210;0,428994082840237
6894;36,214;0,367153089825155
6895;36,219;0,460693153000845
6896;36,223;0,406860346131601
6897;36,227;0,30508964719491
6898;36,232;0,365929616941763
6899;36,236;0,371713306935979
6900;36,241;0,366930640209992
6901;36,245;0,47659830048494
6902;36,250;0,369600035591938
6903;36,254;0,330560128130978
6904;36,259;0,271054856075099
6905;36,263;0,277950794145126
6906;36,267;0,366596965787249
6907;36,272;0,40463584997998
6908;36,276;0,329781554477911
6909;36,281;0,381389865195533
6910;36,285;0,273835476264626
6911;36,290;0,392512345953642
6912;36,294;0,22189349112426
6913;36,299;0,250478266672599
6914;36,303;0,342794856964897
6915;36,307;0,249032344174045
6916;36,312;0,291075321439694
6917;36,316;0,221226142278774
6918;36,321;0,36259287271433
6919;36,325;0,238354762646261
6920;36,330;0,181296436357165
6921;36,334;0,380388841927303
6922;36,339;0,298972282777951
6923;36,343;0,220670018240868
6924;36,347;0,262490545891356
6925;36,352;0,207323041331139
6926;36,356;0,252257863593896
6927;36,361;0,242025181296436
6928;36,365;0,200427103261111
6929;36,370;0,302531476620545
6930;36,374;0,28651510432887
6931;36,378;0,29174267028518
6932;36,383;0,247586421675491
6933;36,387;0,357031632335276
6934;36,392;0,370044934822263
6935;36,396;0,368042888285803
6936;36,401;0,45913600569471
6937;36,405;0,590158829025226
6938;36,410;0,659785558570984
6939;36,414;0,765671575388175
6940;36,418;0,955421097121502
6941;36,423;1,30388841927303
6942;36,427;1,54391155403301
6943;36,432;1,8326511545135
6944;36,436;2,40579258797882
6945;36,441;3,26856342038528
6946;36,445;3,81578947368421
6947;36,450;4,83060461805401
6948;36,454;5,99468345419762
6949;36,458;7,35963429283267
6950;36,463;8,84615384615385
6951;36,467;10,4217644703475
6952;36,472;12,4420518752503
6953;36,476;13,8891978466877
6954;36,481;15,5189749521733
6955;36,485;18,1901499310406
6956;36,490;19,9785336121369
6957;36,494;21,9928148774303
6958;36,498;24,0117675846421
6959;36,503;25,7871379632513
6960;36,507;27,8980735863327
6961;36,512;29,0677136628554
6962;36,516;30,9719935934511
6963;36,521;31,4749521733327
6964;36,525;31,8535614183387
6965;36,530;32,0796814521511
6966;36,534;31,6340036481737
6967;36,538;31,2557280775904
6968;36,543;31,4379143124082
6969;36,547;29,6633225074521
6970;36,552;28,5030253147662
6971;36,556;27,3152555946078
6972;36,561;25,331338701784
6973;36,565;24,2296569826934
6974;36,569;22,3351648351648
6975;36,574;20,7730124126885
6976;36,578;19,3257552164435
6977;36,583;17,3824353783868
6978;36,587;16,1287093473328
6979;36,592;14,6345152822886
6980;36,596;12,830560128131
6981;36,601;12,3763180139698
6982;36,605;11,2040085420652
6983;36,609;9,98843262001157
6984;36,614;9,34154913911999
6985;36,618;8,57610001334698
6986;36,623;7,70910263825244
6987;36,627;7,08023757618899
6988;36,632;6,38586110246029
6989;36,636;5,95141700404858
6990;36,641;5,75098990078747
6991;36,645;5,23512924322641
6992;36,649;4,72816657027183
6993;36,654;4,66232148418383
6994;36,658;4,22209369577791
6995;36,663;3,75773012412689
6996;36,667;3,56553365662677
6997;36,672;3,01463718467767
6998;36,676;2,91776037727455
6999;36,681;2,99372692085243
7000;36,685;2,61622992392223
7001;36,689;2,56061752013169
7002;36,694;2,49399386039062
7003;36,698;2,19179605819282
7004;36,703;2,11382746807848
7005;36,707;2,09035903367887
7006;36,712;1,92051875250256
7007;36,716;1,76002135516306
7008;36,721;1,72709881211906
7009;36,725;1,67727009832273
7010;36,729;1,51921964675001
7011;36,734;1,42123059127108
7012;36,738;1,36483961382747
7013;36,743;1,13805223116964
7014;36,747;1,22258308493126
7015;36,752;1,35127018730258
7016;36,756;1,18721359612048
7017;36,760;1,11436134715487
7018;36,765;1,03372336165858
7019;36,769;0,977554833830138
7020;36,774;1,03516928415714
7021;36,778;0,955754771544245
7022;36,783;1,02137740801708
7023;36,787;0,90080971659919
7024;36,792;1,02527027628242
7025;36,796;0,786025715175513
7026;36,800;0,803932909196067
7027;36,805;0,627196689949726
7028;36,809;0,703941807180674
7029;36,814;0,852871824531744
7030;36,818;0,795924723050229
7031;36,823;0,800262490545891
7032;36,827;0,787360412866486
7033;36,832;0,632980379943943
7034;36,836;0,597054767095253
7035;36,840;0,57625572807759
7036;36,845;0,581816968456645
7037;36,849;0,543444409841171
7038;36,854;0,606397650932064
7039;36,858;0,544779107532144
7040;36,863;0,559127107710104
7041;36,867;0,534323975619522
7042;36,872;0,536659696578725
7043;36,876;0,361814299061263
7044;36,880;0,409084842283223
7045;36,885;0,507518796992481
7046;36,889;0,407972594207412
7047;36,894;0,255260933398585
7048;36,898;0,415090981892601
7049;36,903;0,297415135471816
7050;36,907;0,350803043110735
7051;36,912;0,460470703385683
7052;36,916;0,357921430795925
7053;36,920;0,318992748142546
7054;36,925;0,357254081950438
7055;36,929;0,289073274903234
7056;36,934;0,35947857810206
7057;36,938;0,221559816701517
7058;36,943;0,218890421319571
7059;36,947;0,330004004093073
7060;36,951;0,215108777861814
7061;36,956;0,257151755127464
7062;36,960;0,26193442185345
7063;36,965;0,364817368865952
7064;36,969;0,309316189882992
7065;36,974;0,272278328958491
7066;36,978;0,311985585264938
7067;36,983;0,151821862348178
7068;36,987;0,194420963651733
7069;36,991;0,250255817057436
7070;36,996;0,181073986742003
7071;37,000;0,240468033990301
7072;37,005;0,314877430262046
7073;37,009;0,254593584553099
7074;37,014;0,273056902611559
7075;37,018;0,272834452996396
7076;37,023;0,176847444053922
7077;37,027;0,176180095208435
7078;37,031;0,246029274369355
7079;37,036;0,265159941273302
7080;37,040;0,191640343462206
7081;37,045;0,229901677270098
7082;37,049;0,188081149619611
7083;37,054;0,176958668861503
7084;37,058;0,241246607643369
7085;37,063;0,169729056368732
7086;37,067;0,21154958401922
7087;37,071;0,189082172887841
7088;37,076;0,167727009832273
7089;37,080;0,314654980646884
7090;37,085;0,122013613916448
7091;37,089;0,153267784846732
7092;37,094;0,180517862704098
7093;37,098;0,231792498998977
7094;37,103;0,0633981403212173
7095;37,107;0,273279352226721
7096;37,111;0,160163722916759
7097;37,116;0,228566979579125
7098;37,120;0,0780798149219202
7099;37,125;0,287182453174356
7100;37,129;0,236019041687058
7101;37,134;0,144481025047827
7102;37,138;0,152489211193665
7103;37,142;0,240468033990301
7104;37,147;0,164723940027584
7105;37,151;0,150598389464786
7106;37,156;0,222227165547004
7107;37,160;0,255594607821328
7108;37,165;0,192863816345598
7109;37,169;0,264715042042977
7110;37,174;0,218111847666504
7111;37,178;0,195310762112382
7112;37,182;0,224451661698625
7113;37,187;0,255149708591004
7114;37,191;0,24135783245095
7115;37,196;0,199092405570138
7116;37,200;0,119566668149664
7117;37,205;0,151265738310273
7118;37,209;0,208101614984206
7119;37,214;0,221448591893936
7120;37,218;0,206655692485652
7121;37,222;0,211660808826801
7122;37,227;0,179850513858611
7123;37,231;0,199759754415625
7124;37,236;0,164612715220003
7125;37,240;0,187080126351381
7126;37,245;0,21154958401922
7127;37,249;0,216999599590693
7128;37,254;0,197312808648841
7129;37,258;0,141922854473462
7130;37,262;0,214997553054233
7131;37,267;0,150598389464786
7132;37,271;0,165613738488232
7133;37,276;0,18485563019976
7134;37,280;0,206766917293233
7135;37,285;0,0998798772078124
7136;37,289;0,242914979757085
7137;37,294;0,218111847666504
7138;37,298;0,191195444231881
7139;37,302;0,165057614450327
7140;37,307;0,204876095564355
7141;37,311;0,140254482359746
7142;37,316;0,157383102727232
7143;37,320;0,0905369933710015
7144;37,325;0,21978021978022
7145;37,329;0,125795257374205
7146;37,334;0,140588156782489
7147;37,338;0,121457489878543
7148;37,342;0,212995506517774
7149;37,347;0,199759754415625
7150;37,351;0,16950660675357
7151;37,356;0,215887351514882
7152;37,360;0,224117987275882
7153;37,365;0,140254482359746
7154;37,369;0,175735195978111
7155;37,373;0,150042265426881
7156;37,378;0,152489211193665
7157;37,382;0,10989010989011
7158;37,387;0,118788094496597
7159;37,391;0,146927970814611
7160;37,396;0,108555412199137
7161;37,400;0,053721582061663
7162;37,405;0,167170885794368
7163;37,409;0,229123103617031
7164;37,413;0,198425056724652
7165;37,418;0,161498420607732
7166;37,422;0,139809583129421
7167;37,427;0,176180095208435
7168;37,431;0,0843084041464608
7169;37,436;0,109667660274948
7170;37,440;0,172398451750678
7171;37,445;0,135026916403435
7172;37,449;0,158384125995462
7173;37,453;0,136250389286827
7174;37,458;0,260043600124572
7175;37,462;0,211883258441963
7176;37,467;0,183298482893625
7177;37,471;0,184188281354273
7178;37,476;0,198647506339814
7179;37,480;0,233349646305112
7180;37,485;0,220225119010544
7181;37,489;0,146149397161543
7182;37,493;0,24447212706322
7183;37,498;0,28551408106064
7184;37,502;0,15204431196334
7185;37,507;0,168394358677759
7186;37,511;0,243916003025315
7187;37,516;0,179183165013125
7188;37,520;0,176402544823597
7189;37,525;0,200538328068692
7190;37,529;0,283623259331761
7191;37,533;0,170841304444543
7192;37,538;0,093873737598434
7193;37,542;0,184188281354273
7194;37,547;0,189082172887841
7195;37,551;0,221559816701517
7196;37,556;0,141589180050719
7197;37,560;0,145593273123638
7198;37,564;0,176736219246341
7199;37,569;0,249699693019531
7200;37,573;0,160163722916759
7201;37,578;0,132023846598745
7202;37,582;0,190083196156071
7203;37,587;0,191640343462206
7204;37,591;0,151933087155759
7205;37,596;0,176180095208435
7206;37,600;0,21777817324376
7207;37,604;0,116674823152556
7208;37,609;0,143702451394759
7209;37,613;0,236575165724963
7210;37,618;0,160163722916759
7211;37,622;0,0785247141522445
7212;37,627;0,147150420429773
7213;37,631;0,125461582951462
7214;37,636;0,139364683899097
7215;37,640;0,172843350981003
7216;37,644;0,204542421141611
7217;37,649;0,22600880900476
7218;37,653;0,189304622503003
7219;37,658;0,184521955777017
7220;37,662;0,136806513324732
7221;37,667;0,148262668505583
7222;37,671;0,180184188281354
7223;37,676;0,205988343640166
7224;37,680;0,113449303732705
7225;37,684;0,179628064243449
7226;37,689;0,186524002313476
7227;37,693;0,228122080348801
7228;37,698;0,126907505450016
7229;37,702;0,257485429550207
7230;37,707;0,170618854829381
7231;37,711;0,119789117764826
7232;37,716;0,191974017884949
7233;37,720;0,134137117942786
7234;37,724;0,170618854829381
7235;37,729;0,177626017706989
7236;37,733;0,159273924456111
7237;37,738;0,194532188459314
7238;37,742;0,0994349779774881
7239;37,747;0,0928727143302042
7240;37,751;0,171842327712773
7241;37,755;0,139253459091516
7242;37,760;0,204764870756774
7243;37,764;0,142034079281043
7244;37,769;0,172398451750678
7245;37,773;0,123125861992259
7246;37,778;0,179516839435868
7247;37,782;0,117564621613205
7248;37,787;0,135694265248921
7249;37,791;0,0807492103038662
7250;37,795;0,217222049205855
7251;37,800;0,190194420963652
7252;37,804;0,192418917115273
7253;37,809;0,161387195800151
7254;37,813;0,215998576322463
7255;37,818;0,238688437069004
7256;37,822;0,22289451439249
7257;37,827;0,26905280953864
7258;37,831;0,409196067090804
7259;37,835;0,37282555501179
7260;37,840;0,491724874315967
7261;37,844;0,664345775681808
7262;37,849;0,876896382969258
7263;37,853;1,09033678871736
7264;37,858;1,18165235574142
7265;37,862;1,64957512123504
7266;37,867;2,03463540508075
7267;37,871;2,59420741202118
7268;37,875;3,4860079192063
7269;37,880;4,18405481158518
7270;37,884;5,14114428082039
7271;37,889;6,2241402322374
7272;37,893;7,73968946033723
7273;37,898;9,44543310940072
7274;37,902;11,2126840770565
7275;37,907;12,9268808114962
7276;37,911;14,9503937358188
7277;37,915;17,2082573297148
7278;37,920;19,3458869066157
7279;37,924;21,2642923877742
7280;37,929;23,9431418783645
7281;37,933;25,7864706144058
7282;37,938;27,8955154157583
7283;37,942;29,8352760599724
7284;37,946;31,7322151532678
7285;37,951;33,0688036659697
7286;37,955;34,3198603016417
7287;37,960;34,8233750055612
7288;37,964;35,2752813987632
7289;37,969;35,422431819193
7290;37,973;34,8299372692085
7291;37,978;34,1279975085643
7292;37,982;32,6867464519286
7293;37,986;31,6641455710282
7294;37,991;29,5115006451039
7295;37,995;27,7762824220314
7296;38,000;25,5874894336433
7297;38,004;23,2284112648485
7298;38,009;21,5810606397651
7299;38,013;19,9076834097077
7300;38,018;18,7602882947013
7301;38,022;17,3311607420919
7302;38,026;15,1933087155759
7303;38,031;14,0739422520799
7304;38,035;12,8906215242248
7305;38,040;11,5326778484673
7306;38,044;10,6363171241714
7307;38,049;9,9159140454687
7308;38,053;8,76395871335143
7309;38,058;8,42683632157316
7310;38,062;7,28678204386706
7311;38,066;6,85489611602972
7312;38,071;6,47228277795079
7313;38,075;6,11580726965342
7314;38,080;5,5503403479112
7315;38,084;5,46714419184055
7316;38,089;4,97819993771411
7317;38,093;4,58046002580416
7318;38,098;4,27414690572585
7319;38,102;4,0410197090359
7320;38,106;3,89142234283935
7321;38,111;3,5847755483383
7322;38,115;3,42227610446234
7323;38,120;2,95457578858389
7324;38,124;2,91008586555145
7325;38,129;2,68952707211817
7326;38,133;2,7428037549495
7327;38,137;2,49532855808159
7328;38,142;2,56250834186057
7329;38,146;2,36897717666948
7330;38,151;2,32482092805979
7331;38,155;2,20736753125417
7332;38,160;1,97368421052632
7333;38,164;1,88726253503581
7334;38,169;1,81763580549006
7335;38,173;1,72353961827646
7336;38,177;1,59474129109757
7337;38,182;1,37151310228233
7338;38,186;1,68728033100503
7339;38,191;1,55525648440628
7340;38,195;1,57182898073586
7341;38,200;1,29988432620012
7342;38,204;1,32435378386795
7343;38,209;1,28909551986475
7344;38,213;1,17308804555768
7345;38,217;1,02159985763225
7346;38,222;1,09511945544334
7347;38,226;1,03505805934956
7348;38,231;1,02415802820661
7349;38,235;1,06575610624194
7350;38,240;0,947857810205988
7351;38,244;0,888130088534947
7352;38,249;1,08410819949282
7353;38,253;0,88946478622592
7354;38,257;0,731970458691106
7355;38,262;0,724407171775593
7356;38,266;0,912488321395204
7357;38,271;0,873114739511501
7358;38,275;0,766561373848823
7359;38,280;0,898251546024825
7360;38,284;0,893913778529163
7361;38,289;0,820505405525648
7362;38,293;0,874449437202474
7363;38,297;1,10045824620723
7364;38,302;1,1259287271433
7365;38,306;1,42323263780754
7366;38,311;1,51755127463629
7367;38,315;1,79527961916626
7368;38,320;2,25196867909419
7369;38,324;2,49021221693286
7370;38,329;3,12897628687102
7371;38,333;3,81122925657339
7372;38,337;4,54175379276594
7373;38,342;5,17362192463407
7374;38,346;6,52433598789874
7375;38,351;7,36041286648574
7376;38,355;8,43228633714464
7377;38,360;9,60326111135828
7378;38,364;10,768118521155
7379;38,368;11,9061707523246
7380;38,373;13,4133781198559
7381;38,377;14,9008986964453
7382;38,382;16,2798638608355
7383;38,386;17,2431819192953
7384;38,391;17,9677003158785
7385;38,395;18,8183476442586
7386;38,400;19,6488632824665
7387;38,404;20,1915291186546
7388;38,408;20,52464741736
7389;38,413;19,9987765271166
7390;38,417;19,9291497975709
7391;38,422;19,580237576189
7392;38,426;19,0111002357966
7393;38,431;18,7025626195667
7394;38,435;17,5066734884549
7395;38,440;16,7559060372826
7396;38,444;15,8981403212172
7397;38,448;15,4063042220937
7398;38,453;14,0601503759399
7399;38,457;13,3405258708902
7400;38,462;12,2696534234996
7401;38,466;11,4935267161988
7402;38,471;10,6885927837345
7403;38,475;9,3820349690795
7404;38,480;8,92145304088624
7405;38,484;8,25666236597411
7406;38,488;7,41235485162611
7407;38,493;7,04876095564355
7408;38,497;6,31523334964631
7409;38,502;6,02438047782177
7410;38,506;5,38639498153668
7411;38,511;5,05405525648441
7412;38,515;4,75196867909419
7413;38,520;4,41395648885527
7414;38,524;4,2068558971393
7415;38,528;4,2526805178627
7416;38,533;4,2827112159096
7417;38,537;4,31218578991858
7418;38,542;4,57011611869912
7419;38,546;4,80213106731325
7420;38,551;5,31587845353028
7421;38,555;5,69893669083952
7422;38,559;6,37774169150687
7423;38,564;7,26275748542955
7424;38,568;8,24075721849001
7425;38,573;9,03556969346443
7426;38,577;10,4928371223918
7427;38,582;11,96845664457
7428;38,586;12,9710370601059
7429;38,591;14,6533122747698
7430;38,595;16,5080971659919
7431;38,599;18,0872669840281
7432;38,604;19,9763091159852
7433;38,608;21,5420207323041
7434;38,613;22,9801574943275
7435;38,617;24,2020732304133
7436;38,622;25,7003826133381
7437;38,626;26,6873915558126
7438;38,631;27,3242648040219
7439;38,635;28,2978155447791
7440;38,639;28,2323041331138
7441;38,644;27,5837522801086
7442;38,648;27,6090003114295
7443;38,653;26,9258575432665
7444;38,657;26,1274858744494
7445;38,662;25,0745206210793
7446;38,666;23,6673043555635
7447;38,671;22,4049027895182
7448;38,675;21,1214797348401
7449;38,679;19,6791164301286
7450;38,684;18,320950304756
7451;38,688;17,1012590648218
7452;38,693;15,7859144903679
7453;38,697;14,5867998398363
7454;38,702;12,9732615562575
7455;38,706;12,1320683365218
7456;38,711;11,1396093784758
7457;38,715;10,2735018018419
7458;38,719;9,37013391466833
7459;38,724;8,53605908261779
7460;38,728;7,96202785069182
7461;38,733;7,30201984250567
7462;38,737;6,83409707701206
7463;38,742;6,23136984473017
7464;38,746;5,80882680072964
7465;38,750;5,71150509409619
7466;38,755;4,98887751924189
7467;38,759;4,50460470703386
7468;38,764;4,1245495395293
7469;38,768;4,00854206522223
7470;38,773;3,82146193887085
7471;38,777;3,46687725230235
7472;38,782;3,26344707923655
7473;38,786;3,07058326289096
7474;38,790;2,81710192641367
7475;38,795;2,92343284246118
7476;38,799;2,62835342794857
7477;38,804;2,39322418472216
7478;38,808;2,30124126885261
7479;38,813;2,05565689371357
7480;38,817;2,12105708057125
7481;38,822;2,07801308003737
7482;38,826;1,88336966677048
7483;38,830;1,70496507541042
7484;38,835;1,71820082751257
7485;38,839;1,51554922809984
7486;38,844;1,42212038973173
7487;38,848;1,60174845397517
7488;38,853;1,46394091738221
7489;38,857;1,24516172087022
7490;38,862;1,32724562886506
7491;38,866;1,26929750411532
7492;38,870;1,19077278996307
7493;38,875;1,19611158072697
7494;38,879;1,05930506740223
7495;38,884;0,963095608844597
7496;38,888;0,978778306713529
7497;38,893;1,00402633803444
7498;38,897;0,949526182319705
7499;38,902;0,902255639097744
7500;38,906;0,719068381011701
7501;38,910;0,803376785158162
7502;38,915;0,743204164256796
7503;38,919;0,727299016772701
7504;38,924;0,849312630689149
7505;38,928;0,647773279352227
7506;38,933;0,625861992258753
7507;38,937;0,887017840459136
7508;38,941;0,697268318725809
7509;38,946;0,603728255550118
7510;38,950;0,652889620500957
7511;38,955;0,665902922987943
7512;38,959;0,580815945188415
7513;38,964;0,573252658272901
7514;38,968;0,588712906526672
7515;38,973;0,605285402856253
7516;38,977;0,543110735418428
7517;38,981;0,480268719135116
7518;38,986;0,513080037371535
7519;38,990;0,528429060817725
7520;38,995;0,488054455665792
7521;38,999;0,563464875205766
7522;39,004;0,498843262001157
7523;39,008;0,528651510432887
7524;39,013;0,380944965965209
7525;39,017;0,461471726653913
7526;39,021;0,448347199359345
7527;39,026;0,415424656315345
7528;39,030;0,358032655603506
7529;39,035;0,582706766917293
7530;39,039;0,447457400898696
7531;39,044;0,354918360991236
7532;39,048;0,337011166970681
7533;39,053;0,321662143524492
7534;39,057;0,42832673399475
7535;39,061;0,334008097165992
7536;39,066;0,431663478222183
7537;39,070;0,221337367086355
7538;39,075;0,233794545535436
7539;39,079;0,275392623570761
7540;39,084;0,383280686924412
7541;39,088;0,265827290118788
7542;39,093;0,278840592605775
7543;39,097;0,314766205454465
7544;39,101;0,261155848200383
7545;39,106;0,209658762290341
7546;39,110;0,313209058148329
7547;39,115;0,267829336655248
7548;39,119;0,297303910664235
7549;39,124;0,317435600836411
7550;39,128;0,256039507051653
7551;39,133;0,268607910308315
7552;39,137;0,388397028073141
7553;39,141;0,25982115050941
7554;39,146;0,303087600658451
7555;39,150;0,233572095920274
7556;39,155;0,42321039284602
7557;39,159;0,164501490412422
7558;39,164;0,325332562174667
7559;39,168;0,34613160119233
7560;39,172;0,230012902077679
7561;39,177;0,290852871824532
7562;39,181;0,317101926413667
7563;39,186;0,298527383547626
7564;39,190;0,288962050095653
7565;39,195;0,273613026649464
7566;39,199;0,256261956666815
7567;39,204;0,265159941273302
7568;39,208;0,300863104506829
7569;39,212;0,162610668683543
7570;39,217;0,285402856253059
7571;39,221;0,212884281710193
7572;39,226;0,203875072296125
7573;39,230;0,195644436535125
7574;39,235;0,362036748676425
7575;39,239;0,181630110779908
7576;39,244;0,1787382657828
7577;39,248;0,210993459981314
7578;39,252;0,328335631979357
7579;39,257;0,301530453352316
7580;39,261;0,35847755483383
7581;39,266;0,270053832806869
7582;39,270;0,23212617342172
7583;39,275;0,217444498821017
7584;39,279;0,346576500422654
7585;39,284;0,404969524402723
7586;39,288;0,427770609956845
7587;39,292;0,254593584553099
7588;39,297;0,256261956666815
7589;39,301;0,266494638964275
7590;39,306;0,240023134759977
7591;39,310;0,204542421141611
7592;39,315;0,233460871112693
7593;39,319;0,168728033100503
7594;39,324;0,247475196867909
7595;39,328;0,261823197045869
7596;39,332;0,23824353783868
7597;39,337;0,198313831917071
7598;39,341;0,333674422743249
7599;39,346;0,271388530497842
7600;39,350;0,179183165013125
7601;39,355;0,239467010722071
7602;39,359;0,155492280998354
7603;39,363;0,197312808648841
7604;39,368;0,283956933754505
7605;39,372;0,232904747074788
7606;39,377;0,118231970458691
7607;39,381;0,143702451394759
7608;39,386;0,262490545891356
7609;39,390;0,267495662232504
7610;39,395;0,134137117942786
7611;39,399;0,240134359567558
7612;39,403;0,269608933576545
7613;39,408;0,229123103617031
7614;39,412;0,0461582951461494
7615;39,417;0,200538328068692
7616;39,421;0,208101614984206
7617;39,426;0,207323041331139
7618;39,430;0,277394670107221
7619;39,435;0,266494638964275
7620;39,439;0,146260621969124
7621;39,443;0,253258886862126
7622;39,448;0,166725986564043
7623;39,452;0,146816746007029
7624;39,457;0,171842327712773
7625;39,461;0,228233305156382
7626;39,466;0,130244249677448
7627;39,470;0,157716777149976
7628;39,475;0,283734484139342
7629;39,479;0,180517862704098
7630;39,483;0,247808871290653
7631;39,488;0,247697646483072
7632;39,492;0,237131289762869
7633;39,497;0,136139164479245
7634;39,501;0,16950660675357
7635;39,506;0,108666637006718
7636;39,510;0,143146327356854
7637;39,515;0,179183165013125
7638;39,519;0,219668994972639
7639;39,523;0,169840281176314
7640;39,528;0,263825243582329
7641;39,532;0,251812964363572
7642;39,537;0,163722916759354
7643;39,541;0,246585398407261
7644;39,546;0,167615785024692
7645;39,550;0,183298482893625
7646;39,554;0,303754949503937
7647;39,559;0,12323708679984
7648;39,563;0,0957645593273124
7649;39,568;0,144369800240246
7650;39,572;0,146705521199448
7651;39,577;0,188414824042354
7652;39,581;0,171063754059705
7653;39,586;0,141255505627975
7654;39,590;0,151933087155759
7655;39,594;0,183965831739111
7656;39,599;0,194532188459314
7657;39,603;0,200093428838368
7658;39,608;0,145259598700894
7659;39,612;0,131578947368421
7660;39,617;0,126017706989367
7661;39,621;0,184410730969435
7662;39,626;0,179294389820706
7663;39,630;0,259932375316991
7664;39,634;0,188526048849935
7665;39,639;0,197312808648841
7666;39,643;0,20131690172176
7667;39,648;0,181963785202652
7668;39,652;0,116674823152556
7669;39,657;0,224674111313787
7670;39,661;0,10577479200961
7671;39,666;0,168394358677759
7672;39,670;0,155269831383192
7673;39,674;0,124015660452907
7674;39,679;0,218223072474085
7675;39,683;0,167170885794368
7676;39,688;0,254482359745518
7677;39,692;0,168283133870178
7678;39,697;0,16739333540953
7679;39,701;0,1910842194243
7680;39,706;0,195644436535125
7681;39,710;0,261711972238288
7682;39,714;0,134915691595854
7683;39,719;0,169729056368732
7684;39,723;0,218445522089247
7685;39,728;0,235129243226409
7686;39,732;0,22489656092895
7687;39,737;0,268719135115896
7688;39,741;0,140588156782489
7689;39,745;0,117453396805624
7690;39,750;0,174956622325043
7691;39,754;0,252591538016639
7692;39,759;0,19408728922899
7693;39,763;0,0882012724117987
7694;39,768;0,192418917115273
7695;39,772;0,197980157494328
7696;39,777;0,179961738666192
7697;39,781;0,166503536948881
7698;39,785;0,1828535836633
7699;39,790;0,128130978333407
7700;39,794;0,294412065667126
7701;39,799;0,202206700182409
7702;39,803;0,282288561640788
7703;39,808;0,234128219958179
7704;39,812;0,277839569337545
7705;39,817;0,270053832806869
7706;39,821;0,19408728922899
7707;39,825;0,235796592071896
7708;39,830;0,214218979401166
7709;39,834;0,271054856075099
7710;39,839;0,181073986742003
7711;39,843;0,213996529786003
7712;39,848;0,190194420963652
7713;39,852;0,23012412688526
7714;39,857;0,187302575966544
7715;39,861;0,186857676736219
7716;39,865;0,183632157316368
7717;39,870;0,213440405748098
7718;39,874;0,123793210837745
7719;39,879;0,186301552698314
7720;39,883;0,152155536770921
7721;39,888;0,170173955599057
7722;39,892;0,181963785202652
7723;39,897;0,215887351514882
7724;39,901;0,215442452284558
7725;39,905;0,227343506695733
7726;39,910;0,168171909062597
7727;39,914;0,293188592783734
7728;39,919;0,235018018418828
7729;39,923;0,277839569337545
7730;39,928;0,226453708235085
7731;39,932;0,193864839613827
7732;39,936;0,144592249855408
7733;39,941;0,234239444765761
7734;39,945;0,223561863237977
7735;39,950;0,254259910130355
7736;39,954;0,1869689015438
7737;39,959;0,16027494772434
7738;39,963;0,197757707879165
7739;39,968;0,24958846821195
7740;39,972;0,212884281710193
7741;39,976;0,197757707879165
7742;39,981;0,225230235351693
7743;39,985;0,217333274013436
7744;39,990;0,250033367442274
7745;39,994;0,204097521911287
7746;39,999;0,284401832984829
7747;40,003;0,247697646483072
7748;40,008;0,206989366908395
7749;40,012;0,194865862882057
7750;40,016;0,183520932508787
7751;40,021;0,195310762112382
7752;40,025;0,240690483605463
7753;40,030;0,170841304444543
7754;40,034;0,129243226409218
7755;40,039;0,178515816167638
7756;40,043;0,184410730969435
7757;40,048;0,179628064243449
7758;40,052;0,212439382479868
7759;40,056;0,28551408106064
7760;40,061;0,213106731325355
7761;40,065;0,279619166258842
7762;40,070;0,240245584375139
7763;40,074;0,144147350625083
7764;40,079;0,177069893669084
7765;40,083;0,313653957378654
7766;40,088;0,223784312853139
7767;40,092;0,20131690172176
7768;40,096;0,172620901365841
7769;40,101;0,167504560217111
7770;40,105;0,257707879165369
7771;40,110;0,184744405392179
7772;40,114;0,244694576678382
7773;40,119;0,245250700716288
7774;40,123;0,157383102727232
7775;40,128;0,264047693197491
7776;40,132;0,238799661876585
7777;40,136;0,168950482715665
7778;40,141;0,185411754237665
7779;40,145;0,193976064421409
7780;40,150;0,119232993726921
7781;40,154;0,248698669751301
7782;40,159;0,1622769942608
7783;40,163;0,158272901187881
7784;40,167;0,170618854829381
7785;40,172;0,17662499443876
7786;40,176;0,220225119010544
7787;40,181;0,263491569159585
7788;40,185;0,214107754593585
7789;40,190;0,248698669751301
7790;40,194;0,112893179694799
7791;40,199;0,162721893491124
7792;40,203;0,161498420607732
7793;40,207;0,1705076300218
7794;40,212;0,27116608088268
7795;40,216;0,143702451394759
7796;40,221;0,258931352048761
7797;40,225;0,15716065311207
7798;40,230;0,197868932686746
7799;40,234;0,150932063887529
7800;40,239;0,146149397161543
7801;40,243;0,236463940917382
7802;40,247;0,278284468567869
7803;40,252;0,168728033100503
7804;40,256;0,189082172887841
7805;40,261;0,165836188103395
7806;40,265;0,198536281532233
7807;40,270;0,246807848022423
7808;40,274;0,288072251635005
7809;40,279;0,187191351158963
7810;40,283;0,187636250389287
7811;40,287;0,182631134048138
7812;40,292;0,148262668505583
7813;40,296;0,192418917115273
7814;40,301;0,228900654001869
7815;40,305;0,305423321617654
7816;40,310;0,198758731147395
7817;40,314;0,112225830849313
7818;40,319;0,226676157850247
7819;40,323;0,209436312675179
7820;40,327;0,209881211905503
7821;40,332;0,183187258086044
7822;40,336;0,231903723806558
7823;40,341;0,250923165902923
7824;40,345;0,244027227832896
7825;40,350;0,262045646661031
7826;40,354;0,276504871646572
7827;40,358;0,18074031231926
7828;40,363;0,203875072296125
7829;40,367;0,170730079636962
7830;40,372;0,258708902433599
7831;40,376;0,275170173955599
7832;40,381;0,155714730613516
7833;40,385;0,249922142634693
7834;40,390;0,296636561818748
7835;40,394;0,186079103083152
7836;40,398;0,160831071762246
7837;40,403;0,237020064955288
7838;40,407;0,163166792721449
7839;40,412;0,229568002847355
7840;40,416;0,201205676914179
7841;40,421;0,209992436713084
7842;40,425;0,164723940027584
7843;40,430;0,214552653823909
7844;40,434;0,276949770876896
7845;40,438;0,278729367798194
7846;40,443;0,26905280953864
7847;40,447;0,334008097165992
7848;40,452;0,359701027717222
7849;40,456;0,525203541397873
7850;40,461;0,472594207412021
7851;40,465;0,613849713039996
7852;40,470;0,850091204342217
7853;40,474;1,07865818392134
7854;40,478;1,23659741068648
7855;40,483;1,42412243626819
7856;40,487;2,04753748276016
7857;40,492;2,79241001913067
7858;40,496;3,27601548249322
7859;40,501;3,99130222004716
7860;40,505;5,0123459536415
7861;40,510;5,95286292654714
7862;40,514;7,37943230858211
7863;40,518;8,6459491925079
7864;40,523;10,561017929439
7865;40,527;12,1161631890377
7866;40,532;14,6915736085777
7867;40,536;16,5270053832807
7868;40,541;18,8391466832762
7869;40,545;21,5448013524937
7870;40,549;24,2509009209414
7871;40,554;27,2107042754816
7872;40,558;30,6947101481514
7873;40,563;33,5060283845709
7874;40,567;36,6871691061974
7875;40,572;40,0551675045602
7876;40,576;43,293589002091
7877;40,581;46,2025626195667
7878;40,585;49,607042754816
7879;40,589;53,5233794545535
7880;40,594;55,7511011255951
7881;40,598;58,5098100280287
7882;40,603;62,1406326467055
7883;40,607;64,445878008631
7884;40,612;66,3686212572852
7885;40,616;67,2586421675491
7886;40,621;67,6832984828936
7887;40,625;66,4716154291053
7888;40,629;66,2361525114562
7889;40,634;63,3008186145838
7890;40,638;61,4577123281577
7891;40,643;58,4140454687013
7892;40,647;55,519864750634
7893;40,652;51,2165769453219
7894;40,656;47,0708946923522
7895;40,661;43,1049517284335
7896;40,665;39,9518396583174
7897;40,669;35,9459669884771
7898;40,674;33,2280775904258
7899;40,678;30,7943675757441
7900;40,683;27,4247008052676
7901;40,687;25,3261111358277
7902;40,692;22,9208746718868
7903;40,696;21,0772122614228
7904;40,701;19,1337811985585
7905;40,705;17,9063042220937
7906;40,709;16,6284424077946
7907;40,714;15,3978511367175
7908;40,718;14,0574809805579
7909;40,723;13,1971570939182
7910;40,727;12,4624060150376
7911;40,732;11,1580726965342
7912;40,736;10,3406815856209
7913;40,740;9,67978377897406
7914;40,745;9,09485251590515
7915;40,749;8,44496596520888
7916;40,754;8,00129020776794
7917;40,758;8,15522534146016
7918;40,763;6,89048805445567
7919;40,767;6,64868532277439
7920;40,772;6,48774302620456
7921;40,776;6,08989188948703
7922;40,780;5,58181696845664
7923;40,785;5,54522400676247
7924;40,789;4,99699693019531
7925;40,794;4,88788539395827
7926;40,798;4,62539484806691
7927;40,803;4,40339013213507
7928;40,807;4,2868265337901
7929;40,812;3,97817769275259
7930;40,816;3,79977310139253
7931;40,820;3,54228767184233
7932;40,825;3,58321840103217
7933;40,829;3,43929350002225
7934;40,834;3,07136183654402
7935;40,838;3,05078524714152
7936;40,843;2,71610980113004
7937;40,847;2,73924456110691
7938;40,852;2,55983894647862
7939;40,856;2,55538995417538
7940;40,860;2,57396449704142
7941;40,865;2,27476976464831
7942;40,869;2,34228322285002
7943;40,874;2,13996529786003
7944;40,878;2,19123993415491
7945;40,883;1,99059038127864
7946;40,887;2,00682920318548
7947;40,892;1,89171152733906
7948;40,896;2,09169373136984
7949;40,900;1,73010188192374
7950;40,905;1,7274324865418
7951;40,909;1,6351158962495
7952;40,914;1,67871602082128
7953;40,918;1,53734929038573
7954;40,923;1,60942296569827
7955;40,927;1,5798371668817
7956;40,931;1,63467099701918
7957;40,936;1,34682119499933
7958;40,940;1,29921697735463
7959;40,945;1,36728655959425
7960;40,949;1,40365707167327
7961;40,954;1,33147217155314
7962;40,958;1,25917604662544
7963;40,963;1,14250122347288
7964;40,967;1,14995328558082
7965;40,971;1,1747564176714
7966;40,976;1,25417093028429
7967;40,980;1,05674689682787
7968;40,985;1,05396627663834
7969;40,989;0,977999733060462
7970;40,994;0,984561996707746
7971;40,998;1,02371312897629
7972;41,003;0,861324909907906
7973;41,007;0,951861903278907
7974;41,011;0,907149530631312
7975;41,016;0,839079948391689
7976;41,020;0,884014770654447
7977;41,025;0,900698491791609
7978;41,029;0,958869066156516
7979;41,034;0,888241313342528
7980;41,038;0,879788227966366
7981;41,043;0,786248164790675
7982;41,047;0,790141033056013
7983;41,051;0,743537838679539
7984;41,056;0,692930551230146
7985;41,060;0,700716287760822
7986;41,065;0,690817279886106
7987;41,069;0,675245806824754
7988;41,074;0,744538861947769
7989;41,078;0,632869155136362
7990;41,083;0,660564132224051
7991;41,087;0,54744850291409
7992;41,091;0,532655603505806
7993;41,096;0,608844596698848
7994;41,100;0,649330426658362
7995;41,105;0,700382613338079
7996;41,109;0,566023045780131
7997;41,114;0,551675045602171
7998;41,118;0,633425279174267
7999;41,123;0,631979356675713
8000;41,127;0,548227076567158
8001;41,131;0,490723851047738
8002;41,136;0,466365618187481
8003;41,140;0,40263380344352
8004;41,145;0,533545401966455
8005;41,149;0,501290207767941
8006;41,154;0,565466921742225
8007;41,158;0,520532099479468
8008;41,162;0,606842550162388
8009;41,167;0,612292565733861
8010;41,171;0,463473773190372
8011;41,176;0,587711883258442
8012;41,180;0,503848378342305
8013;41,185;0,577034301730658
8014;41,189;0,536326022155982
8015;41,194;0,625750767451172
8016;41,198;0,55056279752636
8017;41,202;0,553899541753793
8018;41,207;0,439671664368021
8019;41,211;0,445232904747075
8020;41,216;0,416203229968412
8021;41,220;0,527761711972238
8022;41,225;0,48994527739467
8023;41,229;0,566579169818036
8024;41,234;0,434221648796548
8025;41,238;0,413311384971304
8026;41,242;0,526315789473684
8027;41,247;0,451239044356453
8028;41,251;0,459914579347778
8029;41,256;0,453129866085332
8030;41,260;0,498954486808738
8031;41,265;0,39651643902656
8032;41,269;0,538439293500022
8033;41,274;0,371935756551141
8034;41,278;0,442229834942386
8035;41,282;0,44167371090448
8036;41,287;0,394848066912844
8037;41,291;0,352805089647195
8038;41,296;0,355252035413979
8039;41,300;0,393958268452196
8040;41,305;0,301752902967478
8041;41,309;0,282733460871113
8042;41,314;0,340236686390533
8043;41,318;0,307425368154113
8044;41,322;0,445677803977399
8045;41,327;0,292076344707924
8046;41,331;0,295079414512613
8047;41,336;0,334897895626641
8048;41,340;0,374049027895182
8049;41,345;0,35847755483383
8050;41,349;0,391177648262669
8051;41,353;0,331449926591627
8052;41,358;0,430106330916048
8053;41,362;0,283623259331761
8054;41,367;0,338457089469235
8055;41,371;0,377496996930195
8056;41,376;0,294856964897451
8057;41,380;0,35224896560929
8058;41,385;0,238688437069004
8059;41,389;0,382279663656182
8060;41,393;0,362704097521911
8061;41,398;0,399185834408506
8062;41,402;0,456244160697602
8063;41,407;0,342238732926992
8064;41,411;0,345353027539262
8065;41,416;0,405859322863371
8066;41,420;0,248253770520977
8067;41,425;0,301752902967478
8068;41,429;0,383169462116831
8069;41,433;0,276059972416248
8070;41,438;0,285402856253059
8071;41,442;0,314988655069627
8072;41,447;0,324220314098857
8073;41,451;0,298527383547626
8074;41,456;0,318214174489478
8075;41,460;0,332895849090181
8076;41,465;0,366930640209992
8077;41,469;0,308648841037505
8078;41,473;0,340236686390533
8079;41,478;0,422320594385372
8080;41,482;0,258708902433599
8081;41,487;0,354584686568492
8082;41,491;0,26093339858522
8083;41,496;0,276504871646572
8084;41,500;0,197090359033679
8085;41,505;0,256039507051653
8086;41,509;0,312319259687681
8087;41,513;0,19720158384126
8088;41,518;0,306980468923789
8089;41,522;0,242692530141923
8090;41,527;0,131912621791164
8091;41,531;0,202095475374828
8092;41,536;0,282288561640788
8093;41,540;0,196311785380611
8094;41,544;0,285958980290964
8095;41,549;0,18796992481203
8096;41,553;0,202874049027895
8097;41,558;0,239911909952396
8098;41,562;0,316545802375762
8099;41,567;0,231792498998977
8100;41,571;0,23724251457045
8101;41,576;0,329336655247586
8102;41,580;0,282177336833207
8103;41,584;0,290296747786626
8104;41,589;0,257596654357788
8105;41,593;0,3492458958046
8106;41,598;0,317546825643992
8107;41,602;0,269831383191707
8108;41,607;0,292187569515505
8109;41,611;0,319993771410775
8110;41,616;0,283289584909018
8111;41,620;0,359144903679317
8112;41,624;0,314543755839302
8113;41,629;0,283178360101437
8114;41,633;0,342461182542154
8115;41,638;0,337456066201005
8116;41,642;0,369933710014682
8117;41,647;0,397072563064466
8118;41,651;0,437002268986075
8119;41,656;0,595386394981537
8120;41,660;0,666014147795524
8121;41,664;0,951639453663745
8122;41,669;1,17987275882013
8123;41,673;1,37662944343106
8124;41,678;1,65502513680651
8125;41,682;2,19090625973217
8126;41,687;2,80175290296748
8127;41,691;3,44363126751791
8128;41,696;3,94069493259777
8129;41,700;5,02547048093607
8130;41,704;6,12225830849313
8131;41,709;7,458846821195
8132;41,713;8,86973350536104
8133;41,718;10,4001868576767
8134;41,722;11,7731458824576
8135;41,727;13,886194776883
8136;41,731;15,7189571562041
8137;41,735;17,7998620812386
8138;41,740;20,0582817991725
8139;41,744;21,4470347466299
8140;41,749;23,3648841037505
8141;41,753;25,0519419851404
8142;41,758;27,1890154380033
8143;41,762;28,5597499666326
8144;41,767;29,1901721760021
8145;41,771;30,5524536192552
8146;41,775;31,1574053476888
8147;41,780;30,7881389865196
8148;41,784;31,561707523246
8149;41,789;31,1009031454376
8150;41,793;30,3649285936735
8151;41,798;29,5202874049028
8152;41,802;28,6988922009165
8153;41,807;27,020509854518
8154;41,811;25,4591360056947
8155;41,815;23,8343640165503
8156;41,820;22,5036704186502
8157;41,824;20,9132668950483
8158;41,829;19,3297593095164
8159;41,833;17,609111536237
8160;41,838;16,3266895048272
8161;41,842;14,8447301686168
8162;41,847;13,9838501579392
8163;41,851;12,7857365306758
8164;41,855;11,854562441607
8165;41,860;10,7752369088401
8166;41,864;9,77988610579704
8167;41,869;8,97539707256306
8168;41,873;8,35887796414112
8169;41,878;8,01174533968056
8170;41,882;7,18534501935312
8171;41,887;6,70385282733461
8172;41,891;6,33336299328202
8173;41,895;5,88123415046492
8174;41,900;5,19230769230769
8175;41,904;5,27116608088268
8176;41,909;4,74051252391333
8177;41,913;4,28426836321573
8178;41,918;4,09551986475063
8179;41,922;4,10953419050585
8180;41,927;3,64661654135338
8181;41,931;3,47799973306046
8182;41,935;3,24042354406727
8183;41,940;2,99216977354629
8184;41,944;2,76571606531121
8185;41,949;2,75815277839569
8186;41,953;2,51345820171731
8187;41,958;2,53103172131512
8188;41,962;2,41869466565823
8189;41,966;2,33716688170129
8190;41,971;2,08435289406949
8191;41,975;1,88804110868888
8192;41,980;2,06778039773991
8193;41,984;1,89182275214664
8194;41,989;1,63444854740401
8195;41,993;1,6615874004538
8196;41,998;1,65380166392312
8197;42,002;1,43724696356275
8198;42,006;1,56971570939182
8199;42,011;1,43046225030031
8200;42,015;1,48985629754861
8201;42,020;1,41856119588913
8202;42,024;1,27663834141567
8203;42,029;1,23926680606843
8204;42,033;1,18832584419629
8205;42,038;1,26596075988789
8206;42,042;1,03383458646617
8207;42,046;1,06264181162967
8208;42,051;1,1382746807848
8209;42,055;1,02693864839614
8210;42,060;0,92127508119411
8211;42,064;1,02994171820083
8212;42,069;0,965208880188637
8213;42,073;0,826622769942608
8214;42,078;0,844974863193487
8215;42,082;0,926280197535258
8216;42,086;0,77134404057481
8217;42,091;0,780353249988878
8218;42,095;0,67891622547493
8219;42,100;0,72818881523335
8220;42,104;0,77034301730658
8221;42,109;0,78569204075277
8222;42,113;0,680695822396227
8223;42,118;0,717288784090404
8224;42,122;0,683810117008498
8225;42,126;0,724184722160431
8226;42,131;0,610401744004983
8227;42,135;0,610401744004983
8228;42,140;0,536993371001468
8229;42,144;0,664901899719713
8230;42,149;0,549450549450549
8231;42,153;0,518196378520265
8232;42,157;0,572362859812253
8233;42,162;0,580482270765672
8234;42,166;0,519864750633981
8235;42,171;0,494616719313076
8236;42,175;0,603394581127375
8237;42,180;0,50640654891667
8238;42,184;0,38828580326556
8239;42,189;0,510633091604752
8240;42,193;0,572585309427415
8241;42,197;0,505850424878765
8242;42,202;0,502624905458914
8243;42,206;0,402188904213196
8244;42,211;0,485941184321751
8245;42,215;0,411643012857588
8246;42,220;0,452684966855007
8247;42,224;0,451572718779197
8248;42,229;0,370934733282911
8249;42,233;0,426769586688615
8250;42,237;0,461360501846332
8251;42,242;0,417204253236642
8252;42,246;0,431885927837345
8253;42,251;0,468145215108778
8254;42,255;0,375717400008898
8255;42,260;0,381278640387952
8256;42,264;0,442452284557548
8257;42,269;0,497953463540508
8258;42,273;0,335342794856965
8259;42,277;0,487498331627886
8260;42,282;0,400742981714642
8261;42,286;0,39851848556302
8262;42,291;0,315656003915113
8263;42,295;0,344574453886195
8264;42,300;0,402967477866263
8265;42,304;0,496618765849535
8266;42,309;0,479823819904792
8267;42,313;0,361146950215776
8268;42,317;0,392178671530898
8269;42,322;0,525425991013036
8270;42,326;0,445344129554656
8271;42,331;0,367041865017574
8272;42,335;0,489389153356765
8273;42,340;0,401744004982871
8274;42,344;0,318325399297059
8275;42,348;0,302865151043289
8276;42,353;0,294189616051964
8277;42,357;0,309983538728478
8278;42,362;0,261823197045869
8279;42,366;0,283734484139342
8280;42,371;0,484606486630778
8281;42,375;0,283067135293856
8282;42,380;0,228566979579125
8283;42,384;0,419762423811007
8284;42,388;0,413867509009209
8285;42,393;0,364483694443209
8286;42,397;0,357698981180763
8287;42,402;0,223005739200071
8288;42,406;0,301864127775059
8289;42,411;0,365818392134182
8290;42,415;0,24858744494372
8291;42,420;0,316657027183343
8292;42,424;0,294078391244383
8293;42,428;0,351804066378965
8294;42,433;0,40263380344352
8295;42,437;0,378831694621168
8296;42,442;0,288183476442586
8297;42,446;0,223784312853139
8298;42,451;0,327890732749032
8299;42,455;0,27839569337545
8300;42,460;0,249254793789207
8301;42,464;0,281621212795302
8302;42,468;0,332006050629532
8303;42,473;0,296636561818748
8304;42,477;0,269831383191707
8305;42,482;0,313209058148329
8306;42,486;0,231792498998977
8307;42,491;0,270721181652356
8308;42,495;0,373381679049695
8309;42,500;0,304199848734262
8310;42,504;0,328335631979357
8311;42,508;0,377608221737776
8312;42,513;0,270832406459937
8313;42,517;0,233349646305112
8314;42,522;0,27939671664368
8315;42,526;0,313320282955911
8316;42,531;0,306313120078302
8317;42,535;0,383836810962317
8318;42,539;0,318881523334965
8319;42,544;0,306424344885883
8320;42,548;0,326444810250478
8321;42,553;0,363260221559817
8322;42,557;0,353249988877519
8323;42,562;0,3204386706411
8324;42,566;0,317101926413667
8325;42,571;0,347355074075722
8326;42,575;0,440227788405926
8327;42,579;0,264492592427815
8328;42,584;0,395626640565912
8329;42,588;0,298082484317302
8330;42,593;0,360702050985452
8331;42,597;0,342349957734573
8332;42,602;0,213329180940517
8333;42,606;0,373381679049695
8334;42,611;0,285847755483383
8335;42,615;0,31943764737287
8336;42,619;0,375494950393736
8337;42,624;0,321328469101748
8338;42,628;0,290519197401788
8339;42,633;0,389731725764114
8340;42,637;0,358700004448992
8341;42,642;0,396293989411398
8342;42,646;0,438781865907372
8343;42,651;0,312096810072519
8344;42,655;0,44167371090448
8345;42,659;0,374605151933087
8346;42,664;0,413200160163723
8347;42,668;0,293411042398897
8348;42,673;0,316100903145438
8349;42,677;0,345019353116519
8350;42,682;0,345241802731681
8351;42,686;0,267384437424923
8352;42,691;0,35636428348979
8353;42,695;0,380944965965209
8354;42,699;0,226120033812342
8355;42,704;0,345464252346843
8356;42,708;0,28762735240468
8357;42,713;0,316657027183343
8358;42,717;0,269608933576545
8359;42,722;0,298416158740045
8360;42,726;0,287071228366775
8361;42,730;0,314654980646884
8362;42,735;0,335454019664546
8363;42,739;0,209436312675179
8364;42,744;0,220336343818125
8365;42,748;0,283400809716599
8366;42,753;0,309983538728478
8367;42,757;0,265271166080883
8368;42,762;0,250811941095342
8369;42,766;0,306535569693464
8370;42,770;0,312096810072519
8371;42,775;0,291075321439694
8372;42,779;0,222338390354585
8373;42,784;0,273835476264626
8374;42,788;0,180295413088935
8375;42,793;0,328113182364195
8376;42,797;0,364483694443209
8377;42,802;0,313431507763492
8378;42,806;0,152155536770921
8379;42,810;0,295746763358099
8380;42,815;0,228789429194287
8381;42,819;0,356253058682208
8382;42,824;0,304755972772167
8383;42,828;0,299417182008275
8384;42,833;0,284290608177248
8385;42,837;0,384281710192641
8386;42,842;0,306424344885883
8387;42,846;0,254927258975842
8388;42,850;0,289184499710816
8389;42,855;0,256373181474396
8390;42,859;0,207656715753882
8391;42,864;0,244249677448058
8392;42,868;0,314988655069627
8393;42,873;0,16950660675357
8394;42,877;0,293967166436802
8395;42,882;0,22901187880945
8396;42,886;0,316100903145438
8397;42,890;0,318102949681897
8398;42,895;0,257485429550207
8399;42,899;0,221671041509098
8400;42,904;0,344685678693776
8401;42,908;0,290519197401788
8402;42,913;0,307314143346532
8403;42,917;0,285958980290964
8404;42,922;0,220892467856031
8405;42,926;0,25058949148018
8406;42,930;0,215331227476976
8407;42,935;0,232571072652044
8408;42,939;0,301308003737154
8409;42,944;0,248364995328558
8410;42,948;0,258152778395693
8411;42,953;0,158717800418205
8412;42,957;0,276171197223829
8413;42,961;0,285402856253059
8414;42,966;0,29274369355341
8415;42,970;0,194754638074476
8416;42,975;0,256484406281977
8417;42,979;0,235907816879477
8418;42,984;0,284846732215153
8419;42,988;0,210659785558571
8420;42,993;0,157605552342394
8421;42,997;0,199203630377719
8422;43,001;0,209213863060017
8423;43,006;0,207100591715976
8424;43,010;0,276504871646572
8425;43,015;0,158384125995462
8426;43,019;0,275615073185923
8427;43,024;0,267718111847667
8428;43,028;0,291853895092761
8429;43,033;0,287404902789518
8430;43,037;0,269831383191707
8431;43,041;0,294634515282289
8432;43,046;0,36459491925079
8433;43,050;0,26905280953864
8434;43,055;0,326444810250478
8435;43,059;0,285402856253059
8436;43,064;0,300306980468924
8437;43,068;0,346687725230235
8438;43,073;0,342349957734573
8439;43,077;0,254593584553099
8440;43,081;0,372158206166303
8441;43,086;0,270721181652356
8442;43,090;0,302531476620545
8443;43,095;0,271388530497842
8444;43,099;0,336343818125195
8445;43,104;0,339569337545046
8446;43,108;0,228678204386706
8447;43,113;0,275948747608667
8448;43,117;0,310873337189127
8449;43,121;0,232348623036882
8450;43,126;0,336343818125195
8451;43,130;0,190861769809138
8452;43,135;0,182297459625395
8453;43,139;0,270721181652356
8454;43,144;0,328113182364195
8455;43,148;0,332117275437114
8456;43,152;0,288739600480491
8457;43,157;0,189638296925746
8458;43,161;0,205988343640166
8459;43,166;0,238354762646261
8460;43,170;0,257040530319883
8461;43,175;0,231681274191396
8462;43,179;0,292966143168572
8463;43,184;0,207990390176625
8464;43,188;0,199203630377719
8465;43,192;0,370378609245006
8466;43,197;0,283067135293856
8467;43,201;0,288850825288072
8468;43,206;0,287293677981937
8469;43,210;0,297971259509721
8470;43,215;0,362036748676425
8471;43,219;0,304533523157005
8472;43,224;0,331005027361303
8473;43,228;0,309983538728478
8474;43,232;0,292076344707924
8475;43,237;0,342238732926992
8476;43,241;0,277728344529964
8477;43,246;0,279063042220937
8478;43,250;0,271499755305423
8479;43,255;0,332673399475019
8480;43,259;0,217222049205855
8481;43,264;0,305200872002491
8482;43,268;0,334897895626641
8483;43,272;0,339569337545046
8484;43,277;0,308871290652667
8485;43,281;0,27216710415091
8486;43,286;0,255483383013747
8487;43,290;0,307981492192019
8488;43,295;0,284179383369667
8489;43,299;0,281954887218045
8490;43,304;0,266272189349112
8491;43,308;0,242803754949504
8492;43,312;0,351581616763803
8493;43,317;0,277728344529964
8494;43,321;0,226787382657828
8495;43,326;0,300529430084086
8496;43,330;0,346687725230235
8497;43,335;0,294189616051964
8498;43,339;0,418316501312453
8499;43,343;0,294412065667126
8500;43,348;0,314654980646884
8501;43,352;0,392957245183966
8502;43,357;0,318325399297059
8503;43,361;0,289073274903234
8504;43,366;0,331005027361303
8505;43,370;0,247030297637585
8506;43,375;0,20954753748276
8507;43,379;0,318547848912221
8508;43,383;0,318547848912221
8509;43,388;0,249922142634693
8510;43,392;0,308315166614762
8511;43,397;0,343462205810384
8512;43,401;0,218667971704409
8513;43,406;0,267829336655248
8514;43,410;0,250923165902923
8515;43,415;0,181630110779908
8516;43,419;0,233238421497531
8517;43,423;0,256929305512301
8518;43,428;0,460915602616008
8519;43,432;0,28139876318014
8520;43,437;0,298082484317302
8521;43,441;0,270276282422031
8522;43,446;0,242247630911599
8523;43,450;0,313653957378654
8524;43,455;0,257040530319883
8525;43,459;0,345353027539262
8526;43,463;0,30609067046314
8527;43,468;0,420207323041331
8528;43,472;0,258152778395693
8529;43,477;0,303310050273613
8530;43,481;0,303643724696356
8531;43,486;0,321995817947235
8532;43,490;0,314877430262046
8533;43,495;0,203096498643057
8534;43,499;0,264603817235396
8535;43,503;0,270053832806869
8536;43,508;0,251924189171153
8537;43,512;0,254037460515193
8538;43,517;0,346576500422654
8539;43,521;0,387284779997331
8540;43,526;0,242025181296436
8541;43,530;0,310317213151221
8542;43,534;0,200872002491436
8543;43,539;0,355696934644303
8544;43,543;0,253926235707612
8545;43,548;0,302531476620545
8546;43,552;0,336232593317614
8547;43,557;0,228566979579125
8548;43,561;0,247141522445166
8549;43,566;0,297637585086978
8550;43,570;0,282066112025626
8551;43,574;0,263157894736842
8552;43,579;0,316100903145438
8553;43,583;0,278284468567869
8554;43,588;0,302642701428127
8555;43,592;0,140921831205232
8556;43,597;0,224785336121369
8557;43,601;0,188081149619611
8558;43,606;0,238910886684166
8559;43,610;0,289518174133559
8560;43,614;0,356141833874627
8561;43,619;0,254259910130355
8562;43,623;0,247475196867909
8563;43,628;0,245028251101126
8564;43,632;0,294412065667126
8565;43,637;0,355029585798817
8566;43,641;0,244027227832896
8567;43,646;0,292076344707924
8568;43,650;0,346242825999911
8569;43,654;0,264492592427815
8570;43,659;0,248809894558882
8571;43,663;0,312652934110424
8572;43,668;0,251812964363572
8573;43,672;0,239133336299328
8574;43,677;0,204653645949193
8575;43,681;0,295635538550518
8576;43,686;0,28351203452418
8577;43,690;0,226564933042666
8578;43,694;0,350691818303154
8579;43,699;0,326889709480803
8580;43,703;0,286403879521288
8581;43,708;0,276171197223829
8582;43,712;0,306535569693464
8583;43,717;0,27016505761445
8584;43,721;0,304533523157005
8585;43,725;0,237353739378031
8586;43,730;0,368487787516128
8587;43,734;0,295746763358099
8588;43,739;0,272834452996396
8589;43,743;0,298972282777951
8590;43,748;0,364928593673533
8591;43,752;0,370489834052587
8592;43,757;0,163945366374516
8593;43,761;0,317658050451573
8594;43,765;0,213774080170841
8595;43,770;0,275058949148018
8596;43,774;0,250700716287761
8597;43,779;0,266605863771856
8598;43,783;0,267273212617342
8599;43,788;0,299417182008275
8600;43,792;0,299305957200694
8601;43,797;0,189082172887841
8602;43,801;0,359701027717222
8603;43,805;0,317769275259154
8604;43,810;0,256039507051653
8605;43,814;0,265382390888464
8606;43,819;0,228678204386706
8607;43,823;0,287182453174356
8608;43,828;0,302642701428127
8609;43,832;0,281843662410464
8610;43,837;0,353138764069938
8611;43,841;0,267718111847667
8612;43,845;0,221671041509098
8613;43,850;0,321884593139654
8614;43,854;0,368042888285803
8615;43,859;0,205209769987098
8616;43,863;0,276171197223829
8617;43,868;0,314877430262046
8618;43,872;0,30609067046314
8619;43,877;0,289406949325978
8620;43,881;0,22600880900476
8621;43,885;0,282733460871113
8622;43,890;0,307647817769275
8623;43,894;0,330115228900654
8624;43,899;0,236908840147707
8625;43,903;0,330671352938559
8626;43,908;0,302531476620545
8627;43,912;0,352693864839614
8628;43,917;0,342906081772479
8629;43,921;0,292632468745829
8630;43,925;0,325110112559505
8631;43,930;0,322218267562397
8632;43,934;0,280064065489167
8633;43,939;0,330226453708235
8634;43,943;0,357587756373181
8635;43,948;0,258931352048761
8636;43,952;0,224117987275882
8637;43,956;0,256929305512301
8638;43,961;0,281621212795302
8639;43,965;0,402300129020777
8640;43,970;0,321217244294167
8641;43,974;0,268941584731058
8642;43,979;0,293633492014059
8643;43,983;0,328335631979357
8644;43,988;0,328224407171776
8645;43,992;0,301530453352316
8646;43,996;0,269720158384126
8647;44,001;0,307647817769275
8648;44,005;0,15916269964853
8649;44,010;0,271722204920586
8650;44,014;0,265271166080883
8651;44,019;0,267940561462829
8652;44,023;0,240801708413044
8653;44,028;0,251145615518085
8654;44,032;0,364372469635628
8655;44,036;0,25882012724118
8656;44,041;0,314766205454465
8657;44,045;0,267940561462829
8658;44,050;0,339569337545046
8659;44,054;0,338457089469235
8660;44,059;0,258375228010856
8661;44,063;0,291520220670018
8662;44,068;0,297971259509721
8663;44,072;0,293299817591316
8664;44,076;0,255372158206166
8665;44,081;0,306758019308627
8666;44,085;0,353027539262357
8667;44,090;0,211994483249544
8668;44,094;0,253481336477288
8669;44,099;0,292410019130667
8670;44,103;0,349913244650087
8671;44,108;0,246807848022423
8672;44,112;0,433109400720737
8673;44,116;0,203430173065801
8674;44,121;0,252480313209058
8675;44,125;0,23935578591449
8676;44,130;0,358811229256573
8677;44,134;0,240912933220626
8678;44,139;0,271277305690261
8679;44,143;0,363260221559817
8680;44,147;0,269275259153802
8681;44,152;0,387284779997331
8682;44,156;0,223784312853139
8683;44,161;0,301864127775059
8684;44,165;0,30297637585087
8685;44,170;0,283067135293856
8686;44,174;0,278173243760288
8687;44,179;0,257930328780531
8688;44,183;0,306313120078302
8689;44,187;0,394291942874939
8690;44,192;0,355029585798817
8691;44,196;0,208435289406949
8692;44,201;0,34713262446056
8693;44,205;0,389398051341371
8694;44,210;0,309427414690573
8695;44,214;0,343239756195222
8696;44,219;0,269497708768964
8697;44,223;0,383503136539574
8698;44,227;0,269831383191707
8699;44,232;0,324109089291276
8700;44,236;0,271722204920586
8701;44,241;0,260710948970058
8702;44,245;0,27116608088268
8703;44,250;0,350803043110735
8704;44,254;0,336788717355519
8705;44,259;0,319548872180451
8706;44,263;0,322329492369978
8707;44,267;0,306313120078302
8708;44,272;0,256261956666815
8709;44,276;0,319548872180451
8710;44,281;0,255038483783423
8711;44,285;0,292076344707924
8712;44,290;0,365373492903857
8713;44,294;0,295524313742937
8714;44,299;0,321106019486586
8715;44,303;0,320104996218357
8716;44,307;0,319103972950127
8717;44,312;0,407194020554344
8718;44,316;0,234239444765761
8719;44,321;0,259709925701829
8720;44,325;0,362704097521911
8721;44,330;0,435000222449615
8722;44,334;0,343795880233127
8723;44,338;0,364483694443209
8724;44,343;0,280064065489167
8725;44,347;0,35947857810206
8726;44,352;0,255372158206166
8727;44,356;0,230791475730747
8728;44,361;0,345464252346843
8729;44,365;0,290964096632113
8730;44,370;0,32143969390933
8731;44,374;0,399297059216088
8732;44,378;0,302309027005383
8733;44,383;0,318214174489478
8734;44,387;0,328446856786938
8735;44,392;0,34201628331183
8736;44,396;0,323664190060951
8737;44,401;0,298638608355208
8738;44,405;0,348800996574276
8739;44,410;0,312541709302843
8740;44,414;0,364372469635628
8741;44,418;0,325332562174667
8742;44,423;0,404524625172398
8743;44,427;0,32355296525337
8744;44,432;0,340125461582951
8745;44,436;0,265048716465721
8746;44,441;0,333340748320505
8747;44,445;0,252257863593896
8748;44,450;0,290185522979045
8749;44,454;0,36359389598256
8750;44,458;0,371713306935979
8751;44,463;0,339235663122303
8752;44,467;0,33890198869956
8753;44,472;0,298416158740045
8754;44,476;0,220113894202963
8755;44,481;0,246029274369355
8756;44,485;0,299528406815856
8757;44,490;0,373048004626952
8758;44,494;0,356253058682208
8759;44,498;0,245806824754193
8760;44,503;0,354695911376073
8761;44,507;0,331338701784046
8762;44,512;0,384392935000222
8763;44,516;0,285402856253059
8764;44,521;0,30709169373137
8765;44,525;0,378275570583263
8766;44,529;0,195310762112382
8767;44,534;0,298416158740045
8768;44,538;0,3039773991191
8769;44,543;0,344018329848289
8770;44,547;0,28351203452418
8771;44,552;0,298304933932464
8772;44,556;0,294412065667126
8773;44,561;0,268941584731058
8774;44,565;0,267161987809761
8775;44,569;0,312430484495262
8776;44,574;0,224674111313787
8777;44,578;0,365707167326601
8778;44,583;0,357254081950438
8779;44,587;0,27528139876318
8780;44,592;0,284957957022734
8781;44,596;0,343795880233127
8782;44,601;0,339569337545046
8783;44,605;0,289406949325978
8784;44,609;0,394180718067358
8785;44,614;0,380500066734885
8786;44,618;0,35947857810206
8787;44,623;0,267606887040085
8788;44,627;0,245918049561774
8789;44,632;0,351470391956222
8790;44,636;0,343907105040708
8791;44,641;0,240912933220626
8792;44,645;0,34001423677537
8793;44,649;0,20543221960226
8794;44,654;0,39240112114606
8795;44,658;0,320883569871424
8796;44,663;0,324776438136762
8797;44,667;0,477821773368332
8798;44,672;0,434666548026872
8799;44,676;0,32143969390933
8800;44,681;0,348467322151533
8801;44,685;0,367597989055479
8802;44,689;0,253036437246964
8803;44,694;0,35947857810206
8804;44,698;0,401855229790452
8805;44,703;0,315989678337857
8806;44,707;0,353917337723006
8807;44,712;0,421653245539885
8808;44,716;0,422431819192953
8809;44,721;0,488721804511278
8810;44,725;0,556012813097833
8811;44,729;0,757218490012012
8812;44,734;0,896249499488366
8813;44,738;1,12559505272056
8814;44,743;1,37629576900832
8815;44,747;1,6827201138942
8816;44,752;2,05932731236375
8817;44,756;2,46896827868488
8818;44,760;3,1244160697602
8819;44,765;3,77141077545936
8820;44,769;4,30161943319838
8821;44,774;5,10455131912622
8822;44,778;6,23581883703341
8823;44,783;7,16799394937047
8824;44,787;7,98071361836544
8825;44,792;9,67700315878453
8826;44,796;10,8101614984206
8827;44,800;11,5912933220626
8828;44,805;12,8367887173555
8829;44,809;13,8260221559817
8830;44,814;15,1090003114295
8831;44,818;16,01848556302
8832;44,823;16,7260977888508
8833;44,827;17,532922543044
8834;44,832;17,9095297415135
8835;44,836;17,9849401610535
8836;44,840;17,7253414601593
8837;44,845;18,0669128442408
8838;44,849;17,6616096454153
8839;44,854;17,0960314988655
8840;44,858;16,7229834942386
8841;44,863;15,8168349868755
8842;44,867;15,0345909151577
8843;44,872;14,4795791253281
8844;44,876;13,0220892467856
8845;44,880;12,5219112870935
8846;44,885;12,0379721493082
8847;44,889;11,2156871468612
8848;44,894;10,3402366863905
8849;44,898;9,36546247274992
8850;44,903;8,88908662188014
8851;44,907;8,10239355785914
8852;44,912;7,17700315878454
8853;44,916;6,83810117008498
8854;44,920;6,15907371980246
8855;44,925;5,85298304933932
8856;44,929;5,53343417715887
8857;44,934;4,92536815411309
8858;44,938;4,55009565333452
8859;44,943;4,34043689104418
8860;44,947;3,88675090092094
8861;44,951;3,61191440138809
8862;44,956;3,4495261823197
8863;44,960;3,3460871112693
8864;44,965;2,87838679539084
8865;44,969;2,79074164701695
8866;44,974;2,79541308893536
8867;44,978;2,28778306713529
8868;44,983;2,12850914267918
8869;44,987;2,12406015037594
8870;44,991;2,04342216487965
8871;44,996;1,96723317168661
8872;45,000;1,73966721537572
8873;45,005;1,6086443920452
8874;45,009;1,68105174178049
8875;45,014;1,5839524847622
8876;45,018;1,43980513413712
8877;45,023;1,32813542732571
8878;45,027;1,33514259020332
8879;45,031;1,38141211015705
8880;45,036;1,36005694710148
8881;45,040;1,1135827735018
8882;45,045;1,16051964230102
8883;45,049;0,980113004404502
8884;45,054;1,04139787338168
8885;45,058;0,973773190372381
8886;45,063;0,959981314232326
8887;45,067;0,941073096943542
8888;45,071;0,965876229034124
8889;45,076;0,896138274680785
8890;45,080;0,818503358989189
8891;45,085;0,9777772834453
8892;45,089;0,820394180718067
8893;45,094;0,708835698714241
8894;45,098;0,754771544245229
8895;45,103;0,58237309249455
8896;45,107;0,753436846554255
8897;45,111;0,641099790897362
8898;45,116;0,671019264136673
8899;45,120;0,769119544423188
8900;45,125;0,684699915469146
8901;45,129;0,625083418605686
8902;45,134;0,695488721804511
8903;45,138;0,589825154602483
8904;45,142;0,594162922098145
8905;45,147;0,690706055078525
8906;45,151;0,570916937313699
8907;45,156;0,499510610846643
8908;45,160;0,59371802286782
8909;45,165;0,579926146727766
8910;45,169;0,524313742937225
8911;45,174;0,522089246785603
8912;45,178;0,568469991546915
8913;45,182;0,542665836188103
8914;45,187;0,442452284557548
8915;45,191;0,507296347377319
8916;45,196;0,451127819548872
8917;45,200;0,546558704453441
8918;45,205;0,456466610312764
8919;45,209;0,340570360813276
8920;45,214;0,430440005338791
8921;45,218;0,478934021444143
8922;45,222;0,318992748142546
8923;45,227;0,419539974195845
8924;45,231;0,372269430973884
8925;45,236;0,460581928193264
8926;45,240;0,381945989233439
8927;45,245;0,352026515994127
8928;45,249;0,384615384615385
8929;45,254;0,4991769364239
8930;45,258;0,421208346309561
8931;45,262;0,434888997642034
8932;45,267;0,410530764781777
8933;45,271;0,490723851047738
8934;45,276;0,344574453886195
8935;45,280;0,303198825466032
8936;45,285;0,369933710014682
8937;45,289;0,324776438136762
8938;45,294;0,27528139876318
8939;45,298;0,353027539262357
8940;45,302;0,341237709658762
8941;45,307;0,367153089825155
8942;45,311;0,383836810962317
8943;45,316;0,439004315522534
8944;45,320;0,372046981358722
8945;45,325;0,409640966321128
8946;45,329;0,312652934110424
8947;45,333;0,434221648796548
8948;45,338;0,416203229968412
8949;45,342;0,419984873426169
8950;45,347;0,446345152822886
8951;45,351;0,403078702673844
8952;45,356;0,34001423677537
8953;45,360;0,316434577568181
