#"+EI TIC Scan 140C_1ml-min_1C-min_1.d "
#Point;X(Minutes);Y(Counts)
0;5,041;49,4728763676816
1;5,046;47,4972188713077
2;5,050;44,4978243828711
3;5,055;43,0032904155499
4;5,059;40,1499931938623
5;5,064;38,2212745783715
6;5,068;37,129358861826
7;5,072;35,4251254441592
8;5,077;33,7478818830001
9;5,081;32,9367780213384
10;5,086;31,3793459536338
11;5,090;29,9079293851476
12;5,095;28,5339109944941
13;5,099;27,4297911689189
14;5,104;25,8139201945147
15;5,108;25,0057500129082
16;5,112;24,3241974624841
17;5,117;23,2519960759096
18;5,121;22,4129635801223
19;5,126;22,0329933393728
20;5,130;21,3487418032979
21;5,135;20,1180043465404
22;5,139;19,3532526297508
23;5,144;18,6000009387776
24;5,148;18,1233366034087
25;5,152;17,5353097731444
26;5,157;17,183033472116
27;5,161;16,5307003750417
28;5,166;16,3485775172148
29;5,170;15,5014480644752
30;5,175;15,3745957388884
31;5,179;14,2169655891064
32;5,183;14,0383631473458
33;5,188;14,2769300094347
34;5,192;13,7427655449839
35;5,197;13,7239899926306
36;5,201;12,7293551067155
37;5,206;12,7633857953559
38;5,210;12,2119712921805
39;5,215;11,9830269006726
40;5,219;11,8507766037842
41;5,223;11,5330003802049
42;5,228;11,3127396816605
43;5,232;11,331045845205
44;5,237;11,8648582680492
45;5,241;12,4683749290049
46;5,246;13,8249085865295
47;5,250;15,2507944405589
48;5,255;17,1109822899602
49;5,259;18,9975732598583
50;5,263;20,5029031697826
51;5,268;21,6268546725309
52;5,272;22,4909994695906
53;5,277;22,2471519834024
54;5,281;22,4365503677661
55;5,286;22,0313504785419
56;5,290;21,6928038001718
57;5,295;21,0533788953404
58;5,299;20,6028829860638
59;5,303;19,9424529320372
60;5,308;19,8924630238966
61;5,312;19,1325225423975
62;5,317;18,5639753476998
63;5,321;18,2819900207939
64;5,326;17,5520904230601
65;5,330;17,24170707322
66;5,335;16,6853639875518
67;5,339;16,4512563191468
68;5,343;15,8433978117094
69;5,348;15,3236670531301
70;5,352;15,3567589641528
71;5,357;14,8020587393155
72;5,361;14,9167069558728
73;5,366;14,0849499866224
74;5,370;13,9833273095103
75;5,374;13,632811216515
76;5,379;13,4137239899926
77;5,383;12,6442783851147
78;5,388;12,7495388254953
79;5,392;12,3342470768812
80;5,397;12,1263078345686
81;5,401;11,8280112465559
82;5,406;11,4039184577761
83;5,410;11,2717855080899
84;5,414;11,5626892223636
85;5,419;10,8630652027994
86;5,423;10,7427843205362
87;5,428;10,2001708575264
88;5,432;10,4670183953474
89;5,437;10,0862267241824
90;5,441;9,96758870275015
91;5,446;9,65966964415634
92;5,450;9,50981726693672
93;5,454;9,23639828579207
94;5,459;9,10332655848819
95;5,463;8,61950404378459
96;5,468;8,80972385856376
97;5,472;8,51635585304375
98;5,477;8,18273775716639
99;5,481;8,05318644592876
100;5,486;7,86108907591425
101;5,490;7,43124627422633
102;5,494;7,43922588397647
103;5,499;7,28620513229724
104;5,503;7,28104185540008
105;5,508;7,25886323418277
106;5,512;7,06242401768657
107;5,517;7,07087301624555
108;5,521;6,96350032622522
109;5,526;6,72528550574297
110;5,530;6,85777049703581
111;5,534;6,72634163056284
112;5,539;6,56358106110034
113;5,543;6,40786132377032
114;5,548;6,51511666658844
115;5,552;6,39401435390977
116;5,557;6,47216759058031
117;5,561;6,1979271790202
118;5,566;5,97086034274771
119;5,570;6,03610538717536
120;5,574;5,97895729970006
121;5,579;5,93460005726543
122;5,583;5,96276338579536
123;5,588;5,88789587078665
124;5,592;5,71762508038283
125;5,597;5,87616115056585
126;5,601;5,72713020376168
127;5,605;5,90526325671343
128;5,610;5,56589514792788
129;5,614;5,62362997141422
130;5,619;5,30585374783494
131;5,623;5,79847730270415
132;5,628;5,75071699140549
133;5,632;5,59969114216379
134;5,637;5,76597212769253
135;5,641;5,47858882948513
136;5,645;5,60415033584769
137;5,650;5,42965504616439
138;5,654;5,43399689264609
139;5,659;5,40254784245434
140;5,663;5,43986425275649
141;5,668;5,33120074351187
142;5,672;5,2759302112719
143;5,677;5,40243049525213
144;5,681;5,38858352539159
145;5,685;5,34985894866295
146;5,690;5,4297723933666
147;5,694;5,26982815675709
148;5,699;5,25926690855837
149;5,703;5,33425177076928
150;5,708;5,3315527851185
151;5,712;5,36194571049037
152;5,717;5,17841468623705
153;5,721;5,23380256567923
154;5,725;5,20974638922659
155;5,730;5,315476218416
156;5,734;5,18404735194303
157;5,739;5,39844069037706
158;5,743;5,18381265753862
159;5,748;5,07315424585647
160;5,752;5,05121031904357
161;5,757;4,99992959167867
162;5,761;5,23591481531897
163;5,765;5,03384293311679
164;5,770;5,04264397328239
165;5,774;5,40125702323005
166;5,779;4,82156184432251
167;5,783;5,21326680529283
168;5,788;5,21021577803542
169;5,792;5,07620527311388
170;5,796;5,21303211088841
171;5,801;4,84538332637073
172;5,805;4,93738353290181
173;5,810;4,98174077533643
174;5,814;4,98526119140267
175;5,819;4,88762831916561
176;5,823;4,85688335218712
177;5,828;5,08418488286402
178;5,832;5,01013879827077
179;5,836;4,79844444548753
180;5,841;4,69177583868045
181;5,845;4,85406701933413
182;5,850;4,9181385917397
183;5,854;4,82825063484836
184;5,859;4,88880179118769
185;5,863;4,71125547424698
186;5,868;4,99183263472632
187;5,872;4,81311284576353
188;5,876;4,70761771097853
189;5,881;4,74411269086522
190;5,885;4,72979633219585
191;5,890;4,36871899100182
192;5,894;4,70257178128359
193;5,899;4,63685734804711
194;5,903;4,52115300667001
195;5,908;4,61655628206512
196;5,912;4,4124894974254
197;5,916;4,51739789619936
198;5,921;4,70785240538295
199;5,925;4,43314260501401
200;5,930;4,35545875715231
201;5,934;4,43126504977868
202;5,939;4,5048417455631
203;5,943;4,5136427857287
204;5,948;4,51469891054857
205;5,952;4,33586177438357
206;5,956;4,35733631238764
207;5,961;4,22438193228597
208;5,965;4,35886182601634
209;5,970;4,30828518186469
210;5,974;4,47679576423539
211;5,979;4,40544866529292
212;5,983;4,58933173115287
213;5,987;4,22520336270143
214;5,992;4,34876996662646
215;5,996;4,38690780734406
216;6,001;4,31450458358172
217;6,005;4,37153532385481
218;6,010;4,13531540581009
219;6,014;4,41131602540332
220;6,019;4,44276507559507
221;6,023;4,24221870702159
222;6,027;4,31673418042367
223;6,032;4,39218843144342
224;6,036;4,27519327084204
225;6,041;4,11431025661486
226;6,045;4,27976981172815
227;6,050;4,3068770154382
228;6,054;4,53241833808198
229;6,059;4,41342827504307
230;6,063;4,25442281605122
231;6,067;4,27249428519125
232;6,072;4,29455555920636
233;6,076;4,16699915040626
234;6,081;4,24773402552536
235;6,085;3,97466708598734
236;6,090;4,23189215322728
237;6,094;4,26674427228306
238;6,099;4,23177480602507
239;6,103;4,20584107433711
240;6,107;4,1295653929019
241;6,112;4,00423858094375
242;6,116;4,00118755368634
243;6,121;4,00834573302103
244;6,125;4,05117746182696
245;6,130;4,07441220786414
246;6,134;4,07499894387518
247;6,139;4,02712128537431
248;6,143;4,02759067418315
249;6,147;3,94204456377351
250;6,152;3,94896804870378
251;6,156;3,81519223818666
252;6,161;3,85438620372413
253;6,165;3,86072295264336
254;6,170;3,81953408466835
255;6,174;3,77388602300944
256;6,178;4,01034063545857
257;6,183;3,69655421675436
258;6,187;3,83514126256202
259;6,192;3,69279910628371
260;6,196;3,91740165130983
261;6,201;3,79547790821571
262;6,205;3,97760076604254
263;6,210;3,87691686654807
264;6,214;3,68963073182409
265;6,218;3,67860009481654
266;6,223;3,74138084799782
267;6,227;3,64492144778284
268;6,232;3,59610501166431
269;6,236;3,57862027853532
270;6,241;3,31928296165563
271;6,245;3,69385523110358
272;6,250;3,5915284707782
273;6,254;3,50680379078402
274;6,258;3,34685955417451
275;6,263;3,55655900452021
276;6,267;3,43862506630117
277;6,272;3,48967109926165
278;6,276;3,36469632891013
279;6,281;3,31423703196068
280;6,285;3,47852311505189
281;6,290;3,49377825133893
282;6,294;3,48485986397112
283;6,298;3,54670183953474
284;6,303;3,53660998014485
285;6,307;3,32069112808212
286;6,312;3,40271682242552
287;6,316;3,37772186835521
288;6,321;3,24476748825355
289;6,325;3,47664555981656
290;6,330;3,27938491290491
291;6,334;3,34286974929944
292;6,338;3,38124228442145
293;6,343;3,22833887994442
294;6,347;3,37725247954638
295;6,352;3,2367878785034
296;6,356;3,30637476941275
297;6,361;3,26788488708852
298;6,365;3,3555432471379
299;6,370;3,35120140065621
300;6,374;3,45716592425003
301;6,378;3,78597278483686
302;6,383;4,39066291781471
303;6,387;5,5031143947466
304;6,392;7,27517449528968
305;6,396;10,1323441746502
306;6,401;14,7883291166572
307;6,405;19,4595691949513
308;6,409;25,4554244917693
309;6,414;31,1547434086077
310;6,418;37,0770220096412
311;6,423;41,4330675028046
312;6,427;45,93697047075
313;6,432;48,6490990081814
314;6,436;50,1238012983294
315;6,441;50,9667062517895
316;6,445;51,9365808780387
317;6,449;52,0631985092211
318;6,454;51,1586862746018
319;6,458;50,0288674117432
320;6,463;48,6326703998723
321;6,467;47,5405199889224
322;6,472;47,0595138070718
323;6,476;45,5795308928245
324;6,481;43,6504602357271
325;6,485;42,6797641790624
326;6,489;41,4577104152683
327;6,494;40,6157442394258
328;6,498;39,2881953408467
329;6,503;37,6425181770816
330;6,507;36,6731129396413
331;6,512;35,4934215158442
332;6,516;34,5011335739733
333;6,521;33,0081251202809
334;6,525;31,5971423609318
335;6,529;30,965931760255
336;6,534;29,6393216392935
337;6,538;28,7055899513244
338;6,543;27,3675971517487
339;6,547;26,4148552170219
340;6,552;25,5456644902672
341;6,556;24,6330552986956
342;6,561;23,8354463652878
343;6,565;22,8381124937219
344;6,569;22,3728308369672
345;6,574;20,7435822815112
346;6,578;20,1584891313021
347;6,583;19,0100120632924
348;6,587;18,1423468501664
349;6,592;17,4187840013518
350;6,596;16,4032613134438
351;6,600;15,4715245279122
352;6,605;14,3715118544144
353;6,609;13,979220157433
354;6,614;13,2036724980403
355;6,618;12,7331102171862
356;6,623;11,6355618349347
357;6,627;10,8171824467361
358;6,632;10,2988598545833
359;6,636;9,43389362710814
360;6,640;8,93000474082697
361;6,645;8,68357561619016
362;6,649;8,0479058218294
363;6,654;7,80781344611182
364;6,658;7,02745455142858
365;6,663;6,81001018573715
366;6,667;6,33252441995278
367;6,672;6,0850391704961
368;6,676;5,77594663988021
369;6,680;5,50487460277972
370;6,685;5,37344573630675
371;6,689;4,99194998192853
372;6,694;4,92388860464789
373;6,698;4,76194946560084
374;6,703;4,41072928939228
375;6,707;4,37669860075196
376;6,712;4,2540707744446
377;6,716;3,89745262693447
378;6,720;3,82645756959863
379;6,725;3,86741174316922
380;6,729;3,64902859986012
381;6,734;3,5754519040757
382;6,738;3,54212529864863
383;6,743;3,4581047018677
384;6,747;3,2440634050403
385;6,752;3,34603812375905
386;6,756;3,21249700764634
387;6,760;3,26248691578695
388;6,765;3,25837976370967
389;6,769;3,05466502067658
390;6,774;2,92793004229193
391;6,778;2,90047079697526
392;6,783;2,80107771670508
393;6,787;2,91678205808217
394;6,791;2,86362377548194
395;6,796;2,83745534938956
396;6,800;2,77878174828556
397;6,805;2,77185826335529
398;6,809;2,81246039531925
399;6,814;2,90270039381721
400;6,818;2,63679163361387
401;6,823;2,58762315588872
402;6,827;2,79966955027858
403;6,831;2,66964885023211
404;6,836;2,6724651830851
405;6,840;2,73196021460456
406;6,845;2,71001628779167
407;6,849;2,59877114009848
408;6,854;2,54009753899448
409;6,858;2,51181686326235
410;6,863;2,55723023051684
411;6,867;2,55417920325944
412;6,871;2,57037311716414
413;6,876;2,62353139976437
414;6,880;2,4451636524082
415;6,885;2,35668386194336
416;6,889;2,40045436836695
417;6,894;2,50594950315195
418;6,898;2,50489337833207
419;6,903;2,34225015607178
420;6,907;2,43213811296311
421;6,911;2,47250555052266
422;6,916;2,39270945302122
423;6,920;2,33955117042099
424;6,925;2,42803096088583
425;6,929;2,36360734687364
426;6,934;2,30387762094976
427;6,938;2,30986232826237
428;6,943;2,32840318621123
429;6,947;2,40690846448839
430;6,951;2,57002107555752
431;6,956;2,45807184465108
432;6,960;2,28287247175453
433;6,965;2,54220978863422
434;6,969;2,33990321202762
435;6,974;2,35680120914557
436;6,978;2,29941842726586
437;6,982;2,33743892078125
438;6,987;2,41242378299217
439;6,991;2,07904038151922
440;6,996;2,34389301690269
441;7,000;2,32711236698695
442;7,005;2,22912745314326
443;7,009;2,33098482465981
444;7,014;2,22689785630131
445;7,018;2,27454082039776
446;7,022;2,06214238440127
447;7,027;2,20659679031933
448;7,031;2,32300521490967
449;7,036;2,33368381031059
450;7,040;2,23440807724262
451;7,045;2,26585712743437
452;7,049;2,20694883192595
453;7,054;2,23628563247795
454;7,058;2,36278591645818
455;7,062;2,25083668555174
456;7,067;2,15871913181846
457;7,071;2,1798416282159
458;7,076;2,12198945752735
459;7,080;2,34518383612698
460;7,085;2,24051013175744
461;7,089;2,17702529536291
462;7,094;2,05768319071737
463;7,098;2,13384152495036
464;7,102;2,18899470998812
465;7,107;2,22408152344832
466;7,111;2,25435710161798
467;7,116;2,1197598606854
468;7,120;2,10145369714095
469;7,125;2,0538107330445
470;7,129;2,07493322944194
471;7,134;2,13266805292828
472;7,138;2,15027013325948
473;7,142;2,18371408588876
474;7,147;2,05850462113282
475;7,151;2,03421375027577
476;7,156;2,05791788512178
477;7,160;2,0933567401886
478;7,165;1,95969827687368
479;7,169;2,24320911740822
480;7,173;2,20683148472374
481;7,178;2,23968870134198
482;7,182;2,16728547757964
483;7,187;2,07153016057791
484;7,191;2,14111705148726
485;7,196;2,11506597259708
486;7,200;2,15719361818975
487;7,205;2,20061208300672
488;7,209;2,08690264406716
489;7,213;2,0712954661735
490;7,218;2,05310664983125
491;7,222;1,99736672878245
492;7,227;2,03456579188239
493;7,231;2,02435658529029
494;7,236;2,09945879470342
495;7,240;2,00734124097013
496;7,245;2,13384152495036
497;7,249;1,95934623526706
498;7,253;2,02553005731237
499;7,258;2,03163211182719
500;7,262;2,09546898982834
501;7,267;2,06014748196373
502;7,271;1,81430509333796
503;7,276;2,03526987509564
504;7,280;1,95523908318978
505;7,285;1,9101777575419
506;7,289;1,93482067000559
507;7,293;1,96697380341058
508;7,298;2,01602493393352
509;7,302;2,17092324084809
510;7,307;2,5023117398835
511;7,311;3,17553263895082
512;7,316;3,76226864999085
513;7,320;4,67124007829405
514;7,325;6,63058631356111
515;7,329;8,33622789765446
516;7,333;10,9242030951498
517;7,338;13,2188102871251
518;7,342;15,8864642349197
519;7,347;19,280027975573
520;7,351;21,6065536065489
521;7,356;23,8122116192506
522;7,360;26,0331247682393
523;7,365;27,4982045878062
524;7,369;28,1873847063738
525;7,373;28,1425580751304
526;7,378;29,2041982135062
527;7,382;29,1797899954469
528;7,387;29,095182662655
529;7,391;29,0893153025446
530;7,396;28,5357885497294
531;7,400;27,532469970851
532;7,404;26,6044882957901
533;7,409;26,4988758138028
534;7,413;26,0223288256361
535;7,418;25,5502410311533
536;7,422;24,5896368338786
537;7,427;24,3504832357787
538;7,431;23,2773430715865
539;7,436;22,4590810305901
540;7,440;22,1055139103373
541;7,444;21,2234149913398
542;7,449;20,6995770806832
543;7,453;19,729115718423
544;7,458;19,2348493027229
545;7,462;18,5691386245969
546;7,467;18,1215763953756
547;7,471;17,3098857977028
548;7,476;16,8207826588998
549;7,480;16,6508639101027
550;7,484;15,4765704576071
551;7,489;14,429950761114
552;7,493;14,5140887050971
553;7,498;13,4340250559746
554;7,502;12,4432626277324
555;7,507;12,3901043451322
556;7,511;11,9144961345832
557;7,516;11,1837751064339
558;7,520;10,5956309289674
559;7,524;9,81409856226208
560;7,529;9,49068967297682
561;7,533;8,87262195894725
562;7,538;8,48678435808733
563;7,542;7,88608402998456
564;7,547;7,57511394413334
565;7,551;7,44943509056857
566;7,556;6,84016841670461
567;7,560;6,24169768544378
568;7,564;6,05652380035955
569;7,569;5,74813535295691
570;7,573;5,26982815675709
571;7,578;4,92482738226555
572;7,582;4,81604652581873
573;7,587;4,3845608632999
574;7,591;4,07218261102219
575;7,595;4,06866219495595
576;7,600;3,83842698422384
577;7,604;3,51982933022911
578;7,609;3,63776326844815
579;7,613;3,3892218941716
580;7,618;3,14279276953479
581;7,622;3,06510892167309
582;7,627;2,74956229493576
583;7,631;2,87054726041222
584;7,635;2,61203137394798
585;7,640;2,58339865660923
586;7,644;2,5551179808771
587;7,649;2,5111127800491
588;7,653;2,41817379590036
589;7,658;2,35515834831466
590;7,662;2,24367850621705
591;7,667;2,18394878029318
592;7,671;2,30469905136522
593;7,675;2,28111226372141
594;7,680;2,21528048328272
595;7,684;2,14017827386959
596;7,689;2,04278009603695
597;7,693;1,96767788662383
598;7,698;1,75481006181851
599;7,702;1,99560652074933
600;7,707;1,98739221659477
601;7,711;1,98739221659477
602;7,715;2,04618316490098
603;7,720;1,99102997986322
604;7,724;1,93622883643208
605;7,729;1,87391747205963
606;7,733;1,83249390968021
607;7,738;1,87919809615899
608;7,742;2,00358613049948
609;7,747;1,95934623526706
610;7,751;1,78179991832635
611;7,755;1,99279018789634
612;7,760;1,81266223250705
613;7,764;1,95124927831471
614;7,769;1,92379003299803
615;7,773;1,86370826546753
616;7,778;2,11905577747215
617;7,782;1,92942269870402
618;7,786;1,82697859117643
619;7,791;1,6961364607145
620;7,795;1,8309683960515
621;7,800;1,87673380491262
622;7,804;1,81935102303291
623;7,809;1,87380012485742
624;7,813;1,93986659970053
625;7,818;1,88213177621419
626;7,822;1,84458067150763
627;7,826;1,84375924109217
628;7,831;1,59087602033392
629;7,835;1,75903456109799
630;7,840;1,88389198424731
631;7,844;1,74424881361979
632;7,849;1,6756007003281
633;7,853;1,84763169876504
634;7,858;1,74894270170811
635;7,862;1,56106983097309
636;7,866;1,77194275334087
637;7,871;1,67090681223978
638;7,875;1,66421802171393
639;7,880;1,66104964725431
640;7,884;1,82427960552564
641;7,889;1,59404439479354
642;7,893;1,68111601883188
643;7,898;1,65717718958145
644;7,902;1,63535060997076
645;7,906;1,66609557694925
646;7,911;1,48772782959309
647;7,915;1,7151467074722
648;7,920;1,54123815379994
649;7,924;1,73615185666743
650;7,929;1,53220241922992
651;7,933;1,65236595429092
652;7,938;1,55109531878541
653;7,942;1,55074327717879
654;7,946;1,61082504470928
655;7,951;1,66926395140887
656;7,955;1,54687081950592
657;7,960;1,57386067601376
658;7,964;1,56494228864595
659;7,969;1,55426369324503
660;7,973;1,45663082100797
661;7,977;1,60648319822759
662;7,982;1,61117708631591
663;7,986;1,48784517679529
664;7,991;1,44043690710326
665;7,995;1,61141178072032
666;8,000;1,53865651535136
667;8,004;1,57538618964247
668;8,009;1,45756959862563
669;8,013;1,53842182094694
670;8,017;1,47200330449721
671;8,022;1,47974821984294
672;8,026;1,49007477363725
673;8,031;1,44794712804457
674;8,035;1,49582478654544
675;8,040;1,48479414953789
676;8,044;1,41262562017996
677;8,049;1,38176330599926
678;8,053;1,48338598311139
679;8,057;1,4308144365222
680;8,062;1,42119196594115
681;8,066;1,57163107917181
682;8,071;1,38164595879705
683;8,075;1,38246738921251
684;8,080;1,48455945513347
685;8,084;1,40464601042982
686;8,089;1,43527363020611
687;8,093;1,36721225292547
688;8,097;1,50392174349779
689;8,102;1,34069178522646
690;8,106;1,42295217397427
691;8,111;1,4130950089888
692;8,115;1,31252845669654
693;8,120;1,46989105485747
694;8,124;1,48819721840192
695;8,129;1,32578869054604
696;8,133;1,41849298029036
697;8,137;1,51014114521482
698;8,142;1,34350811807945
699;8,146;1,37366634904691
700;8,151;1,35618161591791
701;8,155;1,41520725862854
702;8,160;1,40898785691152
703;8,164;1,3940847622311
704;8,168;1,2987988340382
705;8,173;1,59392704759133
706;8,177;1,36463061447689
707;8,182;1,45299305773952
708;8,186;1,39455415103993
709;8,191;1,32191623287318
710;8,195;1,41450317541529
711;8,200;1,37824288993302
712;8,204;1,34339077087724
713;8,208;1,29551311237637
714;8,213;1,281196753707
715;8,217;1,40194702477904
716;8,222;1,38657454128979
717;8,226;1,48092169186502
718;8,231;1,53865651535136
719;8,235;1,43503893580169
720;8,240;1,36146224001727
721;8,244;1,40124294156579
722;8,248;1,49476866172557
723;8,253;1,30490088855302
724;8,257;1,16091587144379
725;8,262;1,46097266748966
726;8,266;1,31921724722239
727;8,271;1,39783987270175
728;8,275;1,25737527165877
729;8,280;1,37906432034847
730;8,284;1,43750322704806
731;8,288;1,4527583633351
732;8,293;1,33329891148735
733;8,297;1,34386015968607
734;8,302;1,19342104645541
735;8,306;1,49535539773661
736;8,311;1,35782447674883
737;8,315;1,41673277225724
738;8,320;1,26746713104866
739;8,324;1,27990593448271
740;8,328;1,3193345944246
741;8,333;1,22487009664716
742;8,337;1,10646676961928
743;8,342;1,41227357857334
744;8,346;1,33388564749839
745;8,351;1,39232455419798
746;8,355;1,29715597320729
747;8,360;1,30384476373314
748;8,364;1,3281356345902
749;8,368;1,35582957431129
750;8,373;1,19295165764658
751;8,377;1,34949282539206
752;8,382;1,36850307214975
753;8,386;1,2827222673357
754;8,391;1,37014593298067
755;8,395;1,29832944522937
756;8,399;1,24552320423576
757;8,404;1,34808465896556
758;8,408;1,34174791004633
759;8,413;1,3472632285501
760;8,417;1,35758978234441
761;8,422;1,35465610228921
762;8,426;1,46496247236473
763;8,431;1,32637542655708
764;8,435;1,31886520561577
765;8,439;1,34350811807945
766;8,444;1,14214031909051
767;8,448;1,16349750989237
768;8,453;1,12888008524101
769;8,457;1,36967654417183
770;8,462;1,31569683115615
771;8,466;1,25913547969189
772;8,471;1,25009974512188
773;8,475;1,23813033049666
774;8,479;1,26230385415151
775;8,484;1,10318104795745
776;8,488;1,22099763897429
777;8,493;1,21747722290805
778;8,497;1,20621189149608
779;8,502;1,22651295747807
780;8,506;1,12066578108645
781;8,511;1,25866609088306
782;8,515;1,14319644391038
783;8,519;1,16631384274536
784;8,524;1,22921194312885
785;8,528;1,30208455570002
786;8,533;1,25139056434616
787;8,537;1,23942114972095
788;8,542;1,2563191468389
789;8,546;1,40675826006956
790;8,551;1,53384528006083
791;8,555;1,80961120524964
792;8,559;2,24039278455523
793;8,564;2,84203189027567
794;8,568;3,86682500715818
795;8,573;5,67936989246302
796;8,577;7,31378172481612
797;8,582;9,85892519350554
798;8,586;13,4840149641152
799;8,590;16,7324202156372
800;8,595;21,5001196941462
801;8,599;26,4864370103688
802;8,604;31,3901418962369
803;8,608;36,2484334148505
804;8,613;41,7858131926419
805;8,617;45,9400214980074
806;8,622;49,3486056805434
807;8,626;52,8016644527161
808;8,630;55,4019611064433
809;8,635;57,4111799026488
810;8,639;58,7514022990664
811;8,644;59,4617049140314
812;8,648;59,4770773975207
813;8,653;59,7753739855334
814;8,657;59,1936839041884
815;8,662;58,8370657566782
816;8,666;58,2107837384941
817;8,670;57,1201588411729
818;8,675;55,6794872396652
819;8,679;54,0271212853743
820;8,684;53,1605121970682
821;8,688;51,8110193716761
822;8,693;49,8705660359646
823;8,697;49,0714315889281
824;8,702;47,6123364766737
825;8,706;46,1178025093526
826;8,710;44,6501410513371
827;8,715;43,1108977999747
828;8,719;42,1176710804861
829;8,724;40,0210286186357
830;8,728;39,3722159376276
831;8,733;36,8544143670527
832;8,737;35,9010856963148
833;8,742;34,3991588552546
834;8,746;32,9109616368527
835;8,750;31,1626056711556
836;8,755;30,1259604868501
837;8,759;28,1303539661007
838;8,764;26,4087531625071
839;8,768;24,7087442441197
840;8,773;23,9633548156945
841;8,777;22,5091882859329
842;8,781;20,9346235267059
843;8,786;19,6902737944922
844;8,790;18,2168623235685
845;8,795;16,9190022671479
846;8,799;15,7863670714363
847;8,804;14,7369310420901
848;8,808;13,7343165464249
849;8,813;12,8975136474796
850;8,817;11,9256441187929
851;8,821;10,9348816905507
852;8,826;10,1731810010186
853;8,830;9,61683791535042
854;8,835;8,7471777997869
855;8,839;8,16642649605948
856;8,844;7,40460845932511
857;8,848;6,66860680707651
858;8,853;6,83066329332576
859;8,857;6,02401862534793
860;8,861;5,36523143215219
861;8,866;5,51790014222481
862;8,870;5,12443497322137
863;8,875;4,57266842843933
864;8,879;4,5737245532592
865;8,884;4,36590265814882
866;8,888;4,03240190947367
867;8,893;3,78186563275958
868;8,897;3,46526288120239
869;8,901;3,27621653844529
870;8,906;3,33770647240228
871;8,910;3,00256286289622
872;8,915;2,80600629919781
873;8,919;2,80365935515365
874;8,924;2,77279704097295
875;8,928;2,66272536530184
876;8,933;2,73465920025535
877;8,937;2,43917894509559
878;8,941;2,17373957370108
879;8,946;2,21821416333792
880;8,950;2,25130607436058
881;8,955;2,04090254080162
882;8,959;1,81277957970926
883;8,964;2,05592298268425
884;8,968;1,94010129410495
885;8,972;1,91663185366334
886;8,977;1,76243762996203
887;8,981;1,80174894270171
888;8,986;1,72969776054599
889;8,990;1,61763118243735
890;8,995;1,62842712504048
891;8,999;1,63863633163258
892;9,004;1,518707490976
893;9,008;1,52469219828861
894;9,012;1,48890130161517
895;9,017;1,49429927291674
896;9,021;1,46871758283539
897;9,026;1,45580939059251
898;9,030;1,45522265458147
899;9,035;1,47317677651929
900;9,039;1,40887050970931
901;9,044;1,43867669907014
902;9,048;1,33799279957567
903;9,052;1,35641631032233
904;9,057;1,46930431884643
905;9,061;1,18943124158034
906;9,066;1,39138577658031
907;9,070;1,33447238350943
908;9,075;1,2402425801364
909;9,079;1,26617631182437
910;9,084;1,30454884694639
911;9,088;1,19377308806203
912;9,092;1,17640570213525
913;9,097;1,16807405077848
914;9,101;1,21888538933455
915;9,106;1,20762005792258
916;9,110;1,35500814389583
917;9,115;1,09308918856757
918;9,119;1,23648746966575
919;9,124;1,20386494745192
920;9,128;1,1389719446309
921;9,132;1,17182916124914
922;9,137;1,11163004651643
923;9,141;1,22275784700741
924;9,146;1,17922203498824
925;9,150;1,05647686147867
926;9,155;1,05565543106321
927;9,159;1,07055852574363
928;9,164;1,12711987720789
929;9,168;1,18802307515384
930;9,172;1,15457912252456
931;9,177;1,1508240120539
932;9,181;1,08804325887262
933;9,186;1,14413522152805
934;9,190;1,15199748407598
935;9,195;1,14061480546181
936;9,199;1,03371150425032
937;9,203;1,09567082701614
938;9,208;0,927042897443239
939;9,212;1,11198208812305
940;9,217;1,14401787432584
941;9,221;1,22592622146703
942;9,226;1,06856362330609
943;9,230;1,09660960463381
944;9,235;1,11256882413409
945;9,239;1,04040029477617
946;9,243;1,12324741953502
947;9,248;1,13697704219336
948;9,252;0,991466511455434
949;9,257;0,968583807024873
950;9,261;1,09132898053445
951;9,266;1,17534957731538
952;9,270;1,02115535361406
953;9,275;0,944879672178856
954;9,279;0,98700731777153
955;9,283;1,03453293466577
956;9,288;0,941828644921448
957;9,292;0,958491947634984
958;9,297;0,922818398163751
959;9,301;1,02197678402952
960;9,306;1,00484409250715
961;9,310;1,00578287012481
962;9,315;1,07947691311144
963;9,319;1,0833493707843
964;9,323;1,02843088015096
965;9,328;1,09273714696094
966;9,332;1,13685969499115
967;9,337;1,03770130912539
968;9,341;1,07642588585403
969;9,346;0,963303182925513
970;9,350;1,06480851283544
971;9,355;1,04427275244904
972;9,359;0,947226616223016
973;9,363;1,02584924170238
974;9,368;0,930680660711687
975;9,372;1,01024206380871
976;9,377;0,95813990602836
977;9,381;1,09578817421835
978;9,386;0,99287467788193
979;9,390;1,07759935787611
980;9,394;0,870364198776773
981;9,399;0,955675614781992
982;9,403;1,04767582131307
983;9,408;0,975741986359561
984;9,412;1,05072684857048
985;9,417;0,873297878831973
986;9,421;1,02455842247809
987;9,426;1,03981355876513
988;9,430;0,991466511455434
989;9,434;1,03183394901499
990;9,439;0,914134705200359
991;9,443;0,968701154227081
992;9,448;0,950981726693672
993;9,452;1,01094614702196
994;9,457;0,921879620546087
995;9,461;1,03124721300395
996;9,466;0,995925705139338
997;9,470;0,973747083922025
998;9,474;1,04403805804462
999;9,479;0,899231610519942
1000;9,483;0,89406833362279
1001;9,488;1,02878292175758
1002;9,492;0,980553221650089
1003;9,497;0,981961388076585
1004;9,501;0,90169590176631
1005;9,506;1,0320686434194
1006;9,510;0,896063236060326
1007;9,514;0,94757865782964
1008;9,519;0,981374652065545
1009;9,523;1,01669615993015
1010;9,528;0,967175640598377
1011;9,532;0,965884821374089
1012;9,537;1,04462479405566
1013;9,541;0,99170120585985
1014;9,546;1,01552268790807
1015;9,550;1,02408903366926
1016;9,554;0,923170439770375
1017;9,559;0,964594002149801
1018;9,563;0,879282586144581
1019;9,568;0,969170543035913
1020;9,572;0,995573663532714
1021;9,577;0,927160244645447
1022;9,581;0,902047943372934
1023;9,585;0,912139802762822
1024;9,590;1,00237980126078
1025;9,594;0,90932346990983
1026;9,599;0,887027501490309
1027;9,603;0,884915251850565
1028;9,608;0,829410025206179
1029;9,612;0,863323366644292
1030;9,617;0,930563313509479
1031;9,621;0,905333665034758
1032;9,625;0,975155250348521
1033;9,630;0,827063081162019
1034;9,634;1,08792591167041
1035;9,639;0,954854184366536
1036;9,643;1,00050224602545
1037;9,648;1,00883389738222
1038;9,652;1,12301272513061
1039;9,657;1,03617579549668
1040;9,661;1,00719103655131
1041;9,665;1,10306370075525
1042;9,670;1,03523701787902
1043;9,674;1,20386494745192
1044;9,679;1,15317095609806
1045;9,683;1,11820148984008
1046;9,688;1,20069657299231
1047;9,692;1,0642217768244
1048;9,697;1,2093802659557
1049;9,701;1,19377308806203
1050;9,705;1,13134437648738
1051;9,710;1,12348211393944
1052;9,714;1,24153339936069
1053;9,719;1,0348849762724
1054;9,723;1,10787493604577
1055;9,728;1,21724252850364
1056;9,732;1,1126861713363
1057;9,737;1,10130349272213
1058;9,741;1,13040559886971
1059;9,745;1,16150260745483
1060;9,750;1,15141074806494
1061;9,754;1,11233412972968
1062;9,759;1,06750749848622
1063;9,763;1,08006364912248
1064;9,768;1,06293095760011
1065;9,772;1,07783405228053
1066;9,776;1,17452814689992
1067;9,781;1,00437470369831
1068;9,785;0,971634834282281
1069;9,790;1,09238510535432
1070;9,794;0,993226719488554
1071;9,799;0,858042742544932
1072;9,803;1,06246156879128
1073;9,808;0,90462958182151
1074;9,812;1,01387982707716
1075;9,816;0,99580835793713
1076;9,821;1,08534427322184
1077;9,825;1,12371680834386
1078;9,830;1,06257891599348
1079;9,834;0,978088930403721
1080;9,839;0,965063390958633
1081;9,843;0,902047943372934
1082;9,848;0,890899959163174
1083;9,852;0,95227254591796
1084;9,856;0,858512131353764
1085;9,861;0,930445966307271
1086;9,865;0,904746929023718
1087;9,870;0,943002116943528
1088;9,874;0,938308228855208
1089;9,879;0,923287786972583
1090;9,883;0,927629633454279
1091;9,888;0,875644822876133
1092;9,892;0,8458386335153
1093;9,896;0,987711400984778
1094;9,901;0,854287632074276
1095;9,905;0,900287735339814
1096;9,910;0,733420013800031
1097;9,914;0,8634407138465
1098;9,919;0,825068178724483
1099;9,923;0,882333613401989
1100;9,928;0,857808048140516
1101;9,932;0,935843937608839
1102;9,936;0,839736579000483
1103;9,941;0,866726435508325
1104;9,945;0,93995108968612
1105;9,950;0,921762273343879
1106;9,954;0,837037593349699
1107;9,959;0,820726332242787
1108;9,963;0,767685396844768
1109;9,967;0,837037593349699
1110;9,972;0,856517228916228
1111;9,976;0,836333510136451
1112;9,981;0,777190520223617
1113;9,985;0,748440455682656
1114;9,990;0,917068385255559
1115;9,994;0,795614030970274
1116;9,999;0,927042897443239
1117;10,003;0,813333458503682
1118;10,007;0,868251949137029
1119;10,012;0,857925395342724
1120;10,016;0,863206019442084
1121;10,021;0,840792703820355
1122;10,025;0,80347629351821
1123;10,030;0,782588491525185
1124;10,034;0,915425524424647
1125;10,039;0,75524659341072
1126;10,043;0,76991499368672
1127;10,047;0,817792652187586
1128;10,052;0,81110386166173
1129;10,056;0,790685448477537
1130;10,061;0,808874264819778
1131;10,065;0,79878240542989
1132;10,070;0,776721131414785
1133;10,074;0,895711194453702
1134;10,079;0,779889505874401
1135;10,083;0,704904643663486
1136;10,087;0,774843576179457
1137;10,092;0,808639570415362
1138;10,096;0,80171608548509
1139;10,101;0,781180325098689
1140;10,105;0,926573508634407
1141;10,110;0,806644667977826
1142;10,114;0,722037335185854
1143;10,119;0,869073379552485
1144;10,123;0,757945579061504
1145;10,127;0,846542716728548
1146;10,132;0,754777204601888
1147;10,136;0,791154837286369
1148;10,141;0,856047840107396
1149;10,145;0,771675201719841
1150;10,150;0,766863966429312
1151;10,154;0,75172617734448
1152;10,159;0,807231403988866
1153;10,163;0,738817985101599
1154;10,167;0,882333613401989
1155;10,172;0,795144642161442
1156;10,176;0,800777307867426
1157;10,181;0,739170026708223
1158;10,185;0,755715982219552
1159;10,190;0,890430570354342
1160;10,194;0,837272287754115
1161;10,198;0,90814999788775
1162;10,203;0,874119309247429
1163;10,207;0,93701740963092
1164;10,212;0,802654863102754
1165;10,216;0,952976629131208
1166;10,221;0,973160347910985
1167;10,225;1,25150791154837
1168;10,230;1,48620231596438
1169;10,234;1,66339659129847
1170;10,238;2,19427533408748
1171;10,243;2,75824598789916
1172;10,247;3,47465065737903
1173;10,252;4,5839337598513
1174;10,256;5,72994653661467
1175;10,261;7,02123514971156
1176;10,265;9,03972437489145
1177;10,270;10,6002074698535
1178;10,274;13,1753918223082
1179;10,278;14,8355026919448
1180;10,283;17,2718653041874
1181;10,287;19,5590796224236
1182;10,292;21,6230995620602
1183;10,296;23,8704158315457
1184;10,301;25,3511028290064
1185;10,305;26,7961162769957
1186;10,310;28,0316649690438
1187;10,314;28,5600794205865
1188;10,318;29,5247907699385
1189;10,323;30,2739353088344
1190;10,327;30,4673234980732
1191;10,332;30,5281093488169
1192;10,336;31,1762179466117
1193;10,341;30,492083757739
1194;10,345;30,6289105955136
1195;10,350;30,0425266260802
1196;10,354;29,8681486835991
1197;10,358;29,2612289537793
1198;10,363;28,3523748726783
1199;10,367;28,1014865543576
1200;10,372;26,8531470172688
1201;10,376;26,7521110761677
1202;10,381;25,8855019878616
1203;10,385;25,1218063958919
1204;10,389;23,9113700051163
1205;10,394;23,0009904103866
1206;10,398;22,149871152772
1207;10,403;21,5814413052764
1208;10,407;20,740061865445
1209;10,412;19,6445083856311
1210;10,416;19,0476805152012
1211;10,421;18,3296329848904
1212;10,425;17,2468703501171
1213;10,429;16,1469750238215
1214;10,434;15,0666766802946
1215;10,438;14,1661542505504
1216;10,443;13,4685251334238
1217;10,447;12,9388198626568
1218;10,452;11,9976953009486
1219;10,456;11,1457546129185
1220;10,461;10,3012067986275
1221;10,465;9,60850626399365
1222;10,469;9,26878611360148
1223;10,474;8,38915148585027
1224;10,478;8,30137577859869
1225;10,483;7,21697028299451
1226;10,487;6,87032664767207
1227;10,492;6,0777636439592
1228;10,496;5,82652328403186
1229;10,501;5,41381317386631
1230;10,505;4,88363851429054
1231;10,509;4,61280117159447
1232;10,514;4,13578479461893
1233;10,518;3,84405964992983
1234;10,523;3,61746220246617
1235;10,527;3,2661246790554
1236;10,532;3,23455828166145
1237;10,536;3,18081326305018
1238;10,541;2,93555761043545
1239;10,545;2,67950601521758
1240;10,549;2,61590383162085
1241;10,554;2,45185244293406
1242;10,558;2,30211741291664
1243;10,563;2,19720901414268
1244;10,567;1,96063705449135
1245;10,572;1,87473890247509
1246;10,576;1,90407570302709
1247;10,580;1,86218275183883
1248;10,585;1,64884553822468
1249;10,589;1,70176912642049
1250;10,594;1,44841651685341
1251;10,598;1,58137089695507
1252;10,603;1,48702374637984
1253;10,607;1,41954910511024
1254;10,612;1,25432424440136
1255;10,616;1,16431894030783
1256;10,620;1,28929371065935
1257;10,625;1,24247217697836
1258;10,629;1,17300263327122
1259;10,634;1,14436991593246
1260;10,638;1,1537576921091
1261;10,643;1,18098224302136
1262;10,647;1,00895124458443
1263;10,652;1,09121163333224
1264;10,656;1,00026755162103
1265;10,660;1,04063498918059
1266;10,665;0,989471609017898
1267;10,669;1,07689527466286
1268;10,674;0,996864482757002
1269;10,678;0,988884873006858
1270;10,683;1,00237980126078
1271;10,687;0,924930647803495
1272;10,692;0,931384743924935
1273;10,696;1,05389522303009
1274;10,700;0,976563416775017
1275;10,705;0,921292884535047
1276;10,709;0,997333871565834
1277;10,714;0,847246799941796
1278;10,718;0,892777514398502
1279;10,723;0,902399984979558
1280;10,727;0,925986772623367
1281;10,732;0,824364095511235
1282;10,736;0,848654966368292
1283;10,740;0,856047840107396
1284;10,745;0,813685500110306
1285;10,749;0,837506982158531
1286;10,754;0,90991020592087
1287;10,758;0,796552808587938
1288;10,763;0,969405237440329
1289;10,767;0,79702219739677
1290;10,771;0,81462427772797
1291;10,776;0,791976267701825
1292;10,780;0,659843318015612
1293;10,785;0,805471195955746
1294;10,789;0,71699140549091
1295;10,794;0,70643015729219
1296;10,798;0,91049694193191
1297;10,803;0,813568152908098
1298;10,807;0,814741624930178
1299;10,811;0,701970963608286
1300;10,816;0,745037386818623
1301;10,820;0,744920039616415
1302;10,825;0,819552860220707
1303;10,829;0,753369038175392
1304;10,834;0,70877710133635
1305;10,838;0,885384640659397
1306;10,843;0,802537515900546
1307;10,847;0,740226151528095
1308;10,851;0,838093718169571
1309;10,856;0,777425214628033
1310;10,860;0,760292523105664
1311;10,865;0,736001652248607
1312;10,869;0,746797594851743
1313;10,874;0,688241340949949
1314;10,878;0,71053730936947
1315;10,883;0,620649352478138
1316;10,887;0,746562900447328
1317;10,891;0,745389428425247
1318;10,896;0,698333200339837
1319;10,900;0,750670052524608
1320;10,905;0,639072863224795
1321;10,909;0,698333200339837
1322;10,914;0,70936383734739
1323;10,918;0,706664851696606
1324;10,923;0,700328102777374
1325;10,927;0,786108907591425
1326;10,931;0,716639363884286
1327;10,936;0,61290443713241
1328;10,940;0,696455645104509
1329;10,945;0,734241444215487
1330;10,949;0,718986307928446
1331;10,954;0,724149584825599
1332;10,958;0,669700483001084
1333;10,962;0,675685190313693
1334;10,967;0,684368883277085
1335;10,971;0,694226048262557
1336;10,976;0,67052191341654
1337;10,980;0,567491069877912
1338;10,985;0,65996066521782
1339;10,989;0,626164670981914
1340;10,994;0,742338401167839
1341;10,998;0,792445656510657
1342;11,002;0,794323211745986
1343;11,007;0,702205658012702
1344;11,011;0,817088568974338
1345;11,016;0,672516815854076
1346;11,020;0,688358688152157
1347;11,025;0,65761372117366
1348;11,029;0,661368831644316
1349;11,034;0,678853564773309
1350;11,038;0,683547452861629
1351;11,042;0,623935074139962
1352;11,047;0,687067868927869
1353;11,051;0,616894242007482
1354;11,056;0,681552550424093
1355;11,060;0,643649404110907
1356;11,065;0,630271823059195
1357;11,069;0,65468004111846
1358;11,074;0,594480926385753
1359;11,078;0,835629426923203
1360;11,082;0,665123942114972
1361;11,087;0,703965866045822
1362;11,091;0,614781992367738
1363;11,096;0,689884201780861
1364;11,100;0,652098402669884
1365;11,105;0,62874630943049
1366;11,109;0,639542252033627
1367;11,114;0,646465736963899
1368;11,118;0,653741263500796
1369;11,122;0,707134240505438
1370;11,127;0,654210652309628
1371;11,131;0,670639260618748
1372;11,136;0,699858713968541
1373;11,140;0,643414709706491
1374;11,145;0,560332890543224
1375;11,149;0,687537257736701
1376;11,154;0,590960510319513
1377;11,158;0,595419704003417
1378;11,162;0,690001548983069
1379;11,167;0,547307351098135
1380;11,171;0,650338194636763
1381;11,176;0,563031876194008
1382;11,180;0,657965762780284
1383;11,185;0,593776843172505
1384;11,189;0,642123890482203
1385;11,193;0,630506517463611
1386;11,198;0,615720769985402
1387;11,202;0,636608571978427
1388;11,207;0,601639105720441
1389;11,211;0,669231094192252
1390;11,216;0,625929976577498
1391;11,220;0,61935853325385
1392;11,225;0,70173626920387
1393;11,229;0,719103655130654
1394;11,233;0,580281914918584
1395;11,238;0,573358429988312
1396;11,242;0,623230990926714
1397;11,247;0,635200405551931
1398;11,251;0,561858404171928
1399;11,256;0,506353177527541
1400;11,260;0,552001239186455
1401;11,265;0,746328206042912
1402;11,269;0,544491018245143
1403;11,273;0,638368780011547
1404;11,278;0,665593330923804
1405;11,282;0,643766751313115
1406;11,287;0,615486075580986
1407;11,291;0,669700483001084
1408;11,296;0,57054209713532
1409;11,300;0,673338246269532
1410;11,305;0,797374239003394
1411;11,309;0,67404232948278
1412;11,313;0,635669794360763
1413;11,318;0,591429899128345
1414;11,322;0,594363579183545
1415;11,327;0,643297362504283
1416;11,331;0,783879310749473
1417;11,336;0,593307454363673
1418;11,340;0,754542510197472
1419;11,345;0,723328154410143
1420;11,349;0,664889247710556
1421;11,353;0,670991302225372
1422;11,358;0,701266880395038
1423;11,362;0,568312500293368
1424;11,367;0,653271874691964
1425;11,371;0,585562539017945
1426;11,376;0,749848622109152
1427;11,380;0,690353590589693
1428;11,384;0,65350656909638
1429;11,389;0,704317907652446
1430;11,393;0,676271926324733
1431;11,398;0,714996503053374
1432;11,402;0,689180118567613
1433;11,407;0,693874006655933
1434;11,411;0,570424749933112
1435;11,416;0,695516867486845
1436;11,420;0,594363579183545
1437;11,424;0,590491121510681
1438;11,429;0,764517022385152
1439;11,433;0,770853771304384
1440;11,438;0,631093253474651
1441;11,442;0,666649455743676
1442;11,447;0,652215749872092
1443;11,451;0,684016841670461
1444;11,456;0,61173096511033
1445;11,460;0,583098247771577
1446;11,464;0,596710523227705
1447;11,469;0,732129194575743
1448;11,473;0,546837962289303
1449;11,478;0,677914787155645
1450;11,482;0,787399726815713
1451;11,487;0,636608571978427
1452;11,491;0,571011485944152
1453;11,496;0,646935125772731
1454;11,500;0,669113746990044
1455;11,504;0,638251432809339
1456;11,509;0,556929821679191
1457;11,513;0,613725867547866
1458;11,518;0,717226099895326
1459;11,522;0,688241340949949
1460;11,527;0,765455800002816
1461;11,531;0,630623864665819
1462;11,536;0,711358739784926
1463;11,540;0,675333148707069
1464;11,544;0,627572837408411
1465;11,549;0,600700328102777
1466;11,553;0,832813094070211
1467;11,558;0,717812835906366
1468;11,562;0,746680247649536
1469;11,567;0,681317856019677
1470;11,571;0,659021887600156
1471;11,575;0,627572837408411
1472;11,580;0,653741263500796
1473;11,584;0,61231770112137
1474;11,589;0,645879000952859
1475;11,593;0,57582272123468
1476;11,598;0,644353487324155
1477;11,602;0,747736372469408
1478;11,607;0,772731326539713
1479;11,611;0,644470834526363
1480;11,615;0,606567688213178
1481;11,620;0,641185112864539
1482;11,624;0,728726125711711
1483;11,629;0,578873748492088
1484;11,633;0,633792239125435
1485;11,638;0,639190210427003
1486;11,642;0,638251432809339
1487;11,647;0,642827973695451
1488;11,651;0,683078064052797
1489;11,655;0,492388860464789
1490;11,660;0,65702698516262
1491;11,664;0,526536896307318
1492;11,669;0,65291983308534
1493;11,673;0,564322695418296
1494;11,678;0,578404359683256
1495;11,682;0,580985998131832
1496;11,687;0,524189952263158
1497;11,691;0,615368728378778
1498;11,695;0,53111343719343
1499;11,700;0,572654346775064
1500;11,704;0,498021526170773
1501;11,709;0,557868599296856
1502;11,713;0,581455386940665
1503;11,718;0,578404359683256
1504;11,722;0,617950366827354
1505;11,727;0,56350126500284
1506;11,731;0,565613514642584
1507;11,735;0,620297310871514
1508;11,740;0,639307557629211
1509;11,744;0,493210290880245
1510;11,749;0,688593382556573
1511;11,753;0,496026623733237
1512;11,758;0,539327741347991
1513;11,762;0,534399158855255
1514;11,766;0,489337833207381
1515;11,771;0,481827612266068
1516;11,775;0,552822669601911
1517;11,780;0,454955102960435
1518;11,784;0,636373877574011
1519;11,789;0,617246283614106
1520;11,793;0,550710419962167
1521;11,798;0,568312500293368
1522;11,802;0,520434841792502
1523;11,806;0,572419652370648
1524;11,811;0,540853254976695
1525;11,815;0,62581262937529
1526;11,820;0,604220744169017
1527;11,824;0,517383814535094
1528;11,829;0,627690184610619
1529;11,833;0,579460484503128
1530;11,838;0,594128884779129
1531;11,842;0,527710368329398
1532;11,846;0,486052111545556
1533;11,851;0,594715620790169
1534;11,855;0,533460381237591
1535;11,860;0,632736114305563
1536;11,864;0,540501213370071
1537;11,869;0,607741160235258
1538;11,873;0,590843163117305
1539;11,878;0,598236036856409
1540;11,882;0,511985843233526
1541;11,886;0,578404359683256
1542;11,891;0,627103448599578
1543;11,895;0,586618663837817
1544;11,900;0,568429847495576
1545;11,904;0,497786831766357
1546;11,909;0,544960407053975
1547;11,913;0,503888886281173
1548;11,918;0,522547091432246
1549;11,922;0,602343188933689
1550;11,926;0,47877658500866
1551;11,931;0,473613308111508
1552;11,935;0,572067610764024
1553;11,940;0,583567636580409
1554;11,944;0,57816966527884
1555;11,949;0,635552447158555
1556;11,953;0,550358378355543
1557;11,958;0,586031927826777
1558;11,962;0,555286960848279
1559;11,966;0,499899081406101
1560;11,971;0,55880737691452
1561;11,975;0,565613514642584
1562;11,980;0,507174607942997
1563;11,984;0,482414348277108
1564;11,989;0,616072811592026
1565;11,993;0,57523598522364
1566;11,997;0,544725712649559
1567;12,002;0,514802176086518
1568;12,006;0,566552292260248
1569;12,011;0,701970963608286
1570;12,015;0,538271616528119
1571;12,020;0,504123580685589
1572;12,024;0,60645034101097
1573;12,029;0,569485972315448
1574;12,033;0,577113540458968
1575;12,037;0,682960716850589
1576;12,042;0,594832967992377
1577;12,046;0,464460226339284
1578;12,051;0,534985894866295
1579;12,055;0,489455180409589
1580;12,060;0,444980590772755
1581;12,064;0,558924724116728
1582;12,069;0,52172566101679
1583;12,073;0,481475570659444
1584;12,077;0,512220537637942
1585;12,082;0,504710316696629
1586;12,086;0,587205399848857
1587;12,091;0,537098144506039
1588;12,095;0,583919678187033
1589;12,100;0,4764296409645
1590;12,104;0,529001187553686
1591;12,109;0,560215543341016
1592;12,113;0,535924672483959
1593;12,117;0,535572630877335
1594;12,122;0,553996141623991
1595;12,126;0,544373671042935
1596;12,131;0,586853358242233
1597;12,135;0,490511305229461
1598;12,140;0,607858507437466
1599;12,144;0,552705322399703
1600;12,149;0,53228690921551
1601;12,153;0,577817623672216
1602;12,157;0,530644048384598
1603;12,162;0,577230887661176
1604;12,166;0,586853358242233
1605;12,171;0,518557286557174
1606;12,175;0,56232779298076
1607;12,180;0,524189952263158
1608;12,184;0,497317442957525
1609;12,188;0,57347577719052
1610;12,193;0,517735856141718
1611;12,197;0,621940171702426
1612;12,202;0,490393958027253
1613;12,206;0,521608313814582
1614;12,211;0,490745999633877
1615;12,215;0,643649404110907
1616;12,220;0,637195307989467
1617;12,224;0,52700628511615
1618;12,228;0,449557131658867
1619;12,233;0,562445140182968
1620;12,237;0,579695178907544
1621;12,242;0,461995935092915
1622;12,246;0,53170017320447
1623;12,251;0,623817726937754
1624;12,255;0,552118586388663
1625;12,260;0,606098299404346
1626;12,264;0,623583032533338
1627;12,268;0,568312500293368
1628;12,273;0,686246438512413
1629;12,277;0,627220795801786
1630;12,282;0,633440197518811
1631;12,286;0,623113643724506
1632;12,291;0,717695488704158
1633;12,295;0,61407790915449
1634;12,300;0,634496322338683
1635;12,304;0,654445346714044
1636;12,308;0,615603422783194
1637;12,313;0,594128884779129
1638;12,317;0,597649300845369
1639;12,322;0,730368986542623
1640;12,326;0,639894293640251
1641;12,331;0,657731068375868
1642;12,335;0,580399262120793
1643;12,340;0,763343550363072
1644;12,344;0,610322798683834
1645;12,348;0,590139079904057
1646;12,353;0,653037180287548
1647;12,357;0,605628910595514
1648;12,362;0,673220899067324
1649;12,366;0,697629117126589
1650;12,371;0,864496838666373
1651;12,375;0,90345610979943
1652;12,379;1,30443149974418
1653;12,384;1,54698816670813
1654;12,388;1,89011138596434
1655;12,393;2,53704651173707
1656;12,397;3,0080781814
1657;12,402;4,35557610435452
1658;12,406;5,30561905343053
1659;12,411;6,83453575099862
1660;12,415;8,60859075397924
1661;12,419;10,6849321498477
1662;12,424;13,7133113972297
1663;12,428;15,940209253531
1664;12,433;19,0869918279408
1665;12,437;22,5205709645471
1666;12,442;26,5702229127453
1667;12,446;29,781781142774
1668;12,451;33,5688100524307
1669;12,455;37,5661251484442
1670;12,459;41,3777969705646
1671;12,464;44,7711260168135
1672;12,468;48,55123144154
1673;12,473;51,4650798195669
1674;12,477;54,5556530841192
1675;12,482;57,0822556948597
1676;12,486;59,2879137075614
1677;12,491;60,6061921771661
1678;12,495;62,0068483827209
1679;12,499;62,2549203681886
1680;12,504;63,1934632914482
1681;12,508;63,3409687246237
1682;12,513;63,9964701961576
1683;12,517;63,6891378735748
1684;12,522;64,0523274644086
1685;12,526;62,8932891482001
1686;12,531;61,1987955483165
1687;12,535;61,3052294607192
1688;12,539;59,5141591134184
1689;12,544;57,7413949296621
1690;12,548;56,0648554517163
1691;12,553;55,1859249071784
1692;12,557;52,5897354055285
1693;12,562;50,8687213379459
1694;12,566;48,9023342705463
1695;12,570;47,1353200996982
1696;12,575;45,3634946935595
1697;12,579;42,9464943696812
1698;12,584;41,2455466736762
1699;12,588;39,3314964584614
1700;12,593;36,6002403270701
1701;12,597;34,6604910745718
1702;12,602;32,561971057486
1703;12,606;30,1203278211441
1704;12,610;28,5742784320536
1705;12,615;26,427880756467
1706;12,619;24,8478006787362
1707;12,624;22,6190252671996
1708;12,628;21,2182517144426
1709;12,633;19,9206263524265
1710;12,637;18,3177809174674
1711;12,642;16,8793389128016
1712;12,646;15,3098200832696
1713;12,650;14,2191951859484
1714;12,655;13,140305008848
1715;12,659;12,1832212276395
1716;12,664;10,9927338612393
1717;12,668;10,6421004210418
1718;12,673;9,52131729275311
1719;12,677;8,86569847401698
1720;12,682;8,32766155189328
1721;12,686;7,87188501851739
1722;12,690;7,04857704782603
1723;12,695;6,57425965650127
1724;12,699;6,32149378294523
1725;12,704;5,82394164558329
1726;12,708;5,36523143215219
1727;12,713;5,00837859023765
1728;12,717;4,71360241829114
1729;12,722;4,7378932891482
1730;12,726;4,03897335279732
1731;12,730;3,89580976610356
1732;12,735;3,71251343625465
1733;12,739;3,36809939777416
1734;12,744;3,34486465173697
1735;12,748;2,98941997624893
1736;12,753;2,98496078256502
1737;12,757;2,69006726341631
1738;12,761;2,4788422994419
1739;12,766;2,46851574564759
1740;12,770;2,43765343146689
1741;12,775;2,33720422637683
1742;12,779;2,21011720638557
1743;12,784;2,12210680472956
1744;12,788;2,01144839304741
1745;12,793;1,98175955088879
1746;12,797;1,76408049079294
1747;12,801;1,83577963134203
1748;12,806;1,71244772182142
1749;12,810;1,82334082790798
1750;12,815;1,66187107766977
1751;12,819;1,5993250188929
1752;12,824;1,50896767319274
1753;12,828;1,37096736339612
1754;12,833;1,37636533469769
1755;12,837;1,37202348821599
1756;12,841;1,36204897602831
1757;12,846;1,23519665044146
1758;12,850;1,14331379111259
1759;12,855;1,23930380251874
1760;12,859;1,08123712114456
1761;12,864;1,15610463615326
1762;12,868;0,99639509394817
1763;12,873;1,06222687438686
1764;12,877;1,07349220579883
1765;12,881;1,06950240092376
1766;12,886;0,952037851513544
1767;12,890;0,858512131353764
1768;12,895;0,957083781208488
1769;12,899;1,01376247987495
1770;12,904;0,957787864421736
1771;12,908;0,981022610458921
1772;12,913;0,899114263317734
1773;12,917;0,954854184366536
1774;12,921;0,864262144261956
1775;12,926;0,796552808587938
1776;12,930;0,94288476974132
1777;12,935;0,80288955750717
1778;12,939;0,774843576179457
1779;12,944;0,826358997948771
1780;12,948;0,716756711086494
1781;12,953;0,728608778509503
1782;12,957;0,759588439892416
1783;12,961;0,813920194514722
1784;12,966;0,685659702501373
1785;12,970;0,67521580150486
1786;12,975;0,737175124270687
1787;12,979;0,688828076960989
1788;12,984;0,638134085607131
1789;12,988;0,650572889041179
1790;12,992;0,65585351314054
1791;12,997;0,597649300845369
1792;13,001;0,67521580150486
1793;13,006;0,639424904831419
1794;13,010;0,585445191815737
1795;13,015;0,700093408372958
1796;13,019;0,66230760926198
1797;13,024;0,619827922062682
1798;13,028;0,615720769985402
1799;13,032;0,583098247771577
1800;13,037;0,598940120069657
1801;13,041;0,693169923442685
1802;13,046;0,592486023948217
1803;13,050;0,651629013861052
1804;13,055;0,450730603680947
1805;13,059;0,420807067117906
1806;13,064;0,555991044061527
1807;13,068;0,575470679628056
1808;13,072;0,585093150209113
1809;13,077;0,564557389822712
1810;13,081;0,664419858901724
1811;13,086;0,546485920682679
1812;13,090;0,61466464516553
1813;13,095;0,522781785836662
1814;13,099;0,602108494529273
1815;13,104;0,521608313814582
1816;13,108;0,571363527550776
1817;13,112;0,485817417141141
1818;13,117;0,550475725557751
1819;13,121;0,507409302347413
1820;13,126;0,620297310871514
1821;13,130;0,488868444398549
1822;13,135;0,507878691156245
1823;13,139;0,557868599296856
1824;13,144;0,615134033974362
1825;13,148;0,596241134418873
1826;13,152;0,574179860403768
1827;13,157;0,583098247771577
1828;13,161;0,445802021188211
1829;13,166;0,600348286496153
1830;13,170;0,471031669662932
1831;13,175;0,567725764282328
1832;13,179;0,52876649314927
1833;13,183;0,445802021188211
1834;13,188;0,456597963791347
1835;13,192;0,439817313875603
1836;13,197;0,534047117248631
1837;13,201;0,487929666780885
1838;13,206;0,467511253596692
1839;13,210;0,581807428547289
1840;13,215;0,525011382678614
1841;13,219;0,439934661077811
1842;13,223;0,585445191815737
1843;13,228;0,590608468712889
1844;13,232;0,477720460188788
1845;13,237;0,426909121632722
1846;13,241;0,476899029773332
1847;13,246;0,560684932149848
1848;13,250;0,470092892045268
1849;13,255;0,450026520467699
1850;13,259;0,499664387001685
1851;13,263;0,418694817478162
1852;13,268;0,457888783015635
1853;13,272;0,394169252216689
1854;13,277;0,445567326783795
1855;13,281;0,4734959609093
1856;13,286;0,521373619410166
1857;13,290;0,543904282234103
1858;13,295;0,46997554484306
1859;13,299;0,515388912097558
1860;13,303;0,450378562074323
1861;13,308;0,363189590833775
1862;13,312;0,445215285177171
1863;13,317;0,500603164619349
1864;13,321;0,418577470275954
1865;13,326;0,463873490328244
1866;13,330;0,436648939415986
1867;13,335;0,499194998192853
1868;13,339;0,3694089925508
1869;13,343;0,499899081406101
1870;13,348;0,423858094375314
1871;13,352;0,444159160357299
1872;13,357;0,478659237806452
1873;13,361;0,503419497472341
1874;13,366;0,460470421464211
1875;13,370;0,451552034096403
1876;13,374;0,385133517646672
1877;13,379;0,445567326783795
1878;13,383;0,387715156095248
1879;13,388;0,490276610825045
1880;13,392;0,449674478861075
1881;13,397;0,429842801687922
1882;13,401;0,500016428608309
1883;13,406;0,424210135981938
1884;13,410;0,417756039860498
1885;13,414;0,442164257919763
1886;13,419;0,553292058410743
1887;13,423;0,421393803128946
1888;13,428;0,432424440136498
1889;13,432;0,450730603680947
1890;13,437;0,397924362687345
1891;13,441;0,406490708448529
1892;13,446;0,443924465952883
1893;13,450;0,466572475979028
1894;13,454;0,476781682571124
1895;13,459;0,491684777251541
1896;13,463;0,311908863468877
1897;13,468;0,411419290941265
1898;13,472;0,365419187675727
1899;13,477;0,492154166060373
1900;13,481;0,340776275212046
1901;13,486;0,482179653872692
1902;13,490;0,499664387001685
1903;13,494;0,380322282356144
1904;13,499;0,42643973282389
1905;13,503;0,427495857643762
1906;13,508;0,384429434433424
1907;13,512;0,386541684073168
1908;13,517;0,444628549166131
1909;13,521;0,419046859084786
1910;13,526;0,409424388503729
1911;13,530;0,392291696981361
1912;13,534;0,52465934107199
1913;13,539;0,433832606562994
1914;13,543;0,397454973878513
1915;13,548;0,402618250775665
1916;13,552;0,367766131719888
1917;13,557;0,404965194819825
1918;13,561;0,362837549227151
1919;13,565;0,439934661077811
1920;13,570;0,387011072882
1921;13,574;0,483705167501396
1922;13,579;0,511047065615862
1923;13,583;0,357908966734415
1924;13,588;0,391470266565905
1925;13,592;0,23586787643809
1926;13,597;0,37175593659496
1927;13,601;0,489220486005173
1928;13,605;0,43113362091221
1929;13,610;0,483822514703604
1930;13,614;0,412240721356721
1931;13,619;0,414000929389841
1932;13,623;0,396750890665265
1933;13,628;0,399449876316049
1934;13,632;0,485582722736724
1935;13,637;0,413179498974385
1936;13,641;0,421041761522322
1937;13,645;0,429608107283506
1938;13,650;0,411419290941265
1939;13,654;0,424562177588562
1940;13,659;0,365888576484559
1941;13,663;0,38173044878264
1942;13,668;0,415174401411922
1943;13,672;0,469740850438644
1944;13,677;0,33702116474139
1945;13,681;0,440169355482227
1946;13,685;0,431485662518834
1947;13,690;0,441342827504307
1948;13,694;0,439347925066771
1949;13,699;0,485113333927892
1950;13,703;0,4676286007989
1951;13,708;0,458944907835507
1952;13,712;0,417756039860498
1953;13,717;0,395929460249809
1954;13,721;0,376215130278864
1955;13,725;0,421628497533362
1956;13,730;0,439230577864563
1957;13,734;0,522077702623414
1958;13,739;0,472205141685012
1959;13,743;0,477368418582164
1960;13,748;0,484761292321268
1961;13,752;0,448618354041203
1962;13,756;0,487225583567637
1963;13,761;0,546368573480471
1964;13,765;0,430194843294546
1965;13,770;0,383373309613552
1966;13,774;0,412240721356721
1967;13,779;0,431250968114418
1968;13,783;0,447210187614707
1969;13,788;0,466924517585652
1970;13,792;0,508465427167285
1971;13,796;0,449087742850035
1972;13,801;0,37762329670536
1973;13,805;0,442046910717555
1974;13,810;0,557047168881399
1975;13,814;0,472674530493844
1976;13,819;0,392174349779153
1977;13,823;0,42937341287909
1978;13,828;0,529001187553686
1979;13,832;0,460235727059795
1980;13,836;0,371990630999376
1981;13,841;0,471853100078388
1982;13,845;0,507174607942997
1983;13,850;0,52524607708303
1984;13,854;0,425618302408434
1985;13,859;0,387011072882
1986;13,863;0,507996038358453
1987;13,868;0,433715259360786
1988;13,872;0,33408748468619
1989;13,876;0,485700069938932
1990;13,881;0,364597757260271
1991;13,885;0,445684673986003
1992;13,890;0,373750839032496
1993;13,894;0,408954999694897
1994;13,899;0,490980694038293
1995;13,903;0,445449979581587
1996;13,908;0,384429434433424
1997;13,912;0,442398952324179
1998;13,916;0,443103035537427
1999;13,921;0,506235830325333
2000;13,925;0,487225583567637
2001;13,930;0,359317133160911
2002;13,934;0,453781630938355
2003;13,939;0,490628652431669
2004;13,943;0,452725506118483
2005;13,948;0,338664025572302
2006;13,952;0,43641424501157
2007;13,956;0,407194791661777
2008;13,961;0,47995005703074
2009;13,965;0,492858249273621
2010;13,970;0,396750890665265
2011;13,974;0,37762329670536
2012;13,979;0,412240721356721
2013;13,983;0,38935801692616
2014;13,987;0,398041709889553
2015;13,992;0,348286496153359
2016;13,996;0,38290392080472
2017;14,001;0,399449876316049
2018;14,005;0,393230474599025
2019;14,010;0,465751045563572
2020;14,014;0,391704960970321
2021;14,019;0,486286805949973
2022;14,023;0,409424388503729
2023;14,027;0,3840773928268
2024;14,032;0,425735649610642
2025;14,036;0,284332270949996
2026;14,041;0,321296639645518
2027;14,045;0,393347821801233
2028;14,050;0,363893674047023
2029;14,054;0,398980487507217
2030;14,059;0,468332684012148
2031;14,063;0,392761085790193
2032;14,067;0,409893777312561
2033;14,072;0,446271409997043
2034;14,076;0,436766286618194
2035;14,081;0,46293471271058
2036;14,085;0,373868186234704
2037;14,090;0,420102983904658
2038;14,094;0,422567275151026
2039;14,099;0,413531540581009
2040;14,103;0,463990837530452
2041;14,107;0,380791671164976
2042;14,112;0,439699966673395
2043;14,116;0,42878667686805
2044;14,121;0,421980539139986
2045;14,125;0,46410818473266
2046;14,130;0,389005975319536
2047;14,134;0,387715156095248
2048;14,139;0,390648836150448
2049;14,143;0,448735701243411
2050;14,147;0,419516247893618
2051;14,152;0,408250916481649
2052;14,156;0,404143764404369
2053;14,161;0,403204986786705
2054;14,165;0,347465065737903
2055;14,170;0,500133775810517
2056;14,174;0,382786573602512
2057;14,178;0,555639002454903
2058;14,183;0,60586360499993
2059;14,187;0,649047375412475
2060;14,192;0,789629323657665
2061;14,196;1,14800767920091
2062;14,201;1,38774801331187
2063;14,205;1,85408579488648
2064;14,210;2,26468365541229
2065;14,214;2,96031787010134
2066;14,218;3,77106969015645
2067;14,223;4,47421412578681
2068;14,227;5,37790492999066
2069;14,232;6,42264707124853
2070;14,236;7,98254343019954
2071;14,241;9,03479579239872
2072;14,245;10,5214674971719
2073;14,250;11,8791746267185
2074;14,254;13,4729843271077
2075;14,258;15,3053608895857
2076;14,263;16,6772670305995
2077;14,267;17,8823054500735
2078;14,272;19,9399886407908
2079;14,276;21,6273240613397
2080;14,281;22,6307599874204
2081;14,285;23,4904455907962
2082;14,290;25,1775463169407
2083;14,294;26,0122369662462
2084;14,298;26,8955093572659
2085;14,303;27,1360711217923
2086;14,307;27,9895373234511
2087;14,312;28,3080176302437
2088;14,316;28,7453706528729
2089;14,321;28,7842125768037
2090;14,325;28,8330290129223
2091;14,330;28,5986866501129
2092;14,334;28,3774871739508
2093;14,338;28,5259313847439
2094;14,343;27,0221269884483
2095;14,347;26,6663302713537
2096;14,352;26,4694216660486
2097;14,356;25,2958322967664
2098;14,361;24,345554653286
2099;14,365;24,464075327516
2100;14,369;23,1582356613454
2101;14,374;22,3600399919265
2102;14,378;21,5460024502096
2103;14,383;20,6596790319325
2104;14,387;19,4133343972813
2105;14,392;18,4564853104772
2106;14,396;17,5348403843356
2107;14,401;16,4372920020841
2108;14,405;15,7266373455124
2109;14,409;14,6425838915149
2110;14,414;13,3265350187521
2111;14,418;12,7401510493187
2112;14,423;12,2246447900189
2113;14,427;11,522908520815
2114;14,432;10,7372690020325
2115;14,436;10,0457419394207
2116;14,441;9,3789751364748
2117;14,445;8,43409546429594
2118;14,449;7,98066587496421
2119;14,454;7,39698089118159
2120;14,458;6,91280633487136
2121;14,463;6,57660660054543
2122;14,467;5,75775782353797
2123;14,472;5,30104251254442
2124;14,476;5,09932267194886
2125;14,481;4,54110203104538
2126;14,485;4,21323394807621
2127;14,489;3,94544763263754
2128;14,494;3,84863619081594
2129;14,498;3,44214548236741
2130;14,503;2,99716489159465
2131;14,507;2,94447599780326
2132;14,512;2,88181259182419
2133;14,516;2,54619959350929
2134;14,521;2,50278112869233
2135;14,525;2,248724435912
2136;14,529;2,15484667414559
2137;14,534;1,93892782208287
2138;14,538;2,13665785780335
2139;14,543;1,8104326356651
2140;14,547;1,87614706890158
2141;14,552;1,70939669456401
2142;14,556;1,41203888416892
2143;14,560;1,55062592997658
2144;14,565;1,4337481165774
2145;14,569;1,51976361579587
2146;14,574;1,354538755087
2147;14,578;1,28835493304169
2148;14,583;1,21149251559544
2149;14,587;1,10505860319278
2150;14,592;1,0217420896251
2151;14,596;1,0657472904531
2152;14,600;0,910848983538534
2153;14,605;1,00953798059547
2154;14,609;0,758649662274752
2155;14,614;1,02185943682731
2156;14,618;0,870950934787813
2157;14,623;0,893598944813958
2158;14,627;0,894303028027206
2159;14,632;0,703965866045822
2160;14,636;0,640715724055707
2161;14,640;0,711945475795966
2162;14,645;0,784700741164929
2163;14,649;0,671930079843036
2164;14,654;0,646113695357275
2165;14,658;0,692465840229437
2166;14,663;0,475960252155668
2167;14,667;0,499899081406101
2168;14,672;0,498960303788437
2169;14,676;0,581807428547289
2170;14,680;0,499077650990645
2171;14,685;0,48405720910802
2172;14,689;0,609853409875002
2173;14,694;0,554817572039447
2174;14,698;0,557985946499064
2175;14,703;0,484409250714644
2176;14,707;0,607741160235258
2177;14,712;0,408954999694897
2178;14,716;0,467511253596692
2179;14,720;0,52465934107199
2180;14,725;0,559511460127768
2181;14,729;0,470444933651892
2182;14,734;0,368704909337552
2183;14,738;0,394286599418897
2184;14,743;0,492740902071413
2185;14,747;0,459883685453171
2186;14,752;0,431485662518834
2187;14,756;0,394638641025521
2188;14,760;0,496378665339861
2189;14,765;0,393934557812273
2190;14,769;0,426322385621682
2191;14,774;0,408133569279441
2192;14,778;0,494149068497909
2193;14,783;0,498725609384021
2194;14,787;0,442868341133011
2195;14,791;0,485348028332309
2196;14,796;0,456245922184723
2197;14,800;0,438995883460147
2198;14,805;0,412240721356721
2199;14,809;0,264031204968011
2200;14,814;0,504358275090005
2201;14,818;0,499547039799477
2202;14,823;0,445215285177171
2203;14,827;0,365771229282351
2204;14,831;0,319184390005773
2205;14,836;0,331271151833198
2206;14,840;0,344414038480495
2207;14,845;0,360725299587407
2208;14,849;0,264969982585675
2209;14,854;0,363189590833775
2210;14,858;0,407312138863985
2211;14,863;0,419164206286994
2212;14,867;0,372107978201584
2213;14,871;0,38583760085992
2214;14,876;0,431485662518834
2215;14,880;0,350046704186479
2216;14,885;0,361429382800655
2217;14,889;0,459648991048755
2218;14,894;0,268725093056331
2219;14,898;0,322822153274222
2220;14,903;0,328924207789038
2221;14,907;0,382669226400304
2222;14,911;0,390062100139408
2223;14,916;0,325169097318382
2224;14,920;0,447679576423539
2225;14,925;0,32528644452059
2226;14,929;0,305924156156269
2227;14,934;0,395812113047601
2228;14,938;0,397337626676305
2229;14,943;0,296184338373005
2230;14,947;0,402031514764625
2231;14,951;0,351337523410767
2232;14,956;0,378562074323024
2233;14,960;0,300174143248077
2234;14,965;0,321413986847726
2235;14,969;0,369174298146384
2236;14,974;0,333970137483982
2237;14,978;0,33291401266411
2238;14,982;0,321883375656558
2239;14,987;0,342067094436334
2240;14,991;0,349459968175439
2241;14,996;0,339485455987758
2242;15,000;0,294776171946508
2243;15,005;0,308857836211469
2244;15,009;0,32880686058683
2245;15,014;0,254878123195787
2246;15,018;0,495087846115573
2247;15,022;0,275648577986604
2248;15,027;0,350164051388687
2249;15,031;0,308153752998221
2250;15,036;0,399567223518257
2251;15,040;0,430312190496754
2252;15,045;0,355914064296879
2253;15,049;0,412944804569969
2254;15,054;0,276704702806476
2255;15,058;0,345587510502575
2256;15,062;0,414939707007505
2257;15,067;0,37351614462808
2258;15,071;0,504240927887797
2259;15,076;0,499547039799477
2260;15,080;0,466220434372404
2261;15,085;0,620179963669306
2262;15,089;0,785404824378177
2263;15,094;1,08487488441301
2264;15,098;1,22768642950015
2265;15,102;1,5729218983961
2266;15,107;1,99912693681557
2267;15,111;2,53645977572603
2268;15,116;2,94576681702755
2269;15,120;3,65923780645222
2270;15,125;4,79551076543233
2271;15,129;5,76937519655656
2272;15,134;7,04259234051342
2273;15,138;8,20796740564111
2274;15,142;9,19650023704135
2275;15,147;10,522640969194
2276;15,151;12,3936247611984
2277;15,156;13,4041015194116
2278;15,160;15,3465497575607
2279;15,165;16,8920124106401
2280;15,169;18,5422661152913
2281;15,173;20,1128410696432
2282;15,178;22,1141976033007
2283;15,182;23,4133484789456
2284;15,187;25,1411686842562
2285;15,191;26,3205080664467
2286;15,196;27,6563886163826
2287;15,200;28,1871500119694
2288;15,205;29,2516064831982
2289;15,209;29,9683631942847
2290;15,213;30,8981050773787
2291;15,218;31,3150396868238
2292;15,222;31,6062954427041
2293;15,227;30,8044620100168
2294;15,231;31,7872448285088
2295;15,236;31,2803049149702
2296;15,240;30,9967940744357
2297;15,245;30,6394718437123
2298;15,249;30,2200729430209
2299;15,253;29,4665865576433
2300;15,258;28,256854250081
2301;15,262;28,0648742272687
2302;15,267;27,2313570499852
2303;15,271;26,2165384452904
2304;15,276;25,4080162220772
2305;15,280;24,038104983501
2306;15,285;23,2809808348549
2307;15,289;22,2053763794164
2308;15,293;20,9937665166187
2309;15,298;19,7406157442394
2310;15,302;18,7368277765522
2311;15,307;17,7847899250386
2312;15,311;16,5730627150387
2313;15,316;15,7325047056228
2314;15,320;14,3744455344696
2315;15,325;13,6856174575086
2316;15,329;12,5326811958149
2317;15,333;11,6440108334937
2318;15,338;10,7551057767681
2319;15,342;10,2149566050046
2320;15,347;9,3760414564196
2321;15,351;8,79212177823256
2322;15,356;8,25138587045808
2323;15,360;7,38618494857846
2324;15,364;6,96080134057444
2325;15,369;6,43508587468258
2326;15,373;5,69286482071694
2327;15,378;5,47424698300343
2328;15,382;4,94090394896805
2329;15,387;4,55389287608605
2330;15,391;4,20584107433711
2331;15,396;4,13801439146088
2332;15,400;3,81519223818666
2333;15,404;3,56254371183282
2334;15,409;3,35225752547608
2335;15,413;3,02392005369808
2336;15,418;2,80553691038898
2337;15,422;2,68243969527279
2338;15,427;2,46534737118798
2339;15,431;2,4232197255953
2340;15,436;2,27207652915139
2341;15,440;1,9731932051276
2342;15,444;2,12363231835827
2343;15,449;1,85432048929089
2344;15,453;1,96521359537746
2345;15,458;1,74530493843966
2346;15,462;1,58489131302131
2347;15,467;1,63429448515088
2348;15,471;1,44606957280924
2349;15,476;1,38798270771628
2350;15,480;1,22885990152223
2351;15,484;1,36228367043273
2352;15,489;1,24282421858498
2353;15,493;1,16361485709458
2354;15,498;1,22968133193768
2355;15,502;1,0334768098459
2356;15,507;1,13052294607192
2357;15,511;1,05800237510737
2358;15,516;0,967527682205001
2359;15,520;0,920940842928423
2360;15,524;0,951216421098088
2361;15,529;1,01341043826833
2362;15,533;0,906507137056838
2363;15,538;0,974451167135273
2364;15,542;0,758649662274752
2365;15,547;0,76346089756528
2366;15,551;0,681435203221885
2367;15,555;0,845134550302052
2368;15,560;0,589200302286393
2369;15,564;0,714175072637918
2370;15,569;0,675450495909277
2371;15,573;0,778246645043489
2372;15,578;0,661368831644316
2373;15,582;0,736118999450815
2374;15,587;0,690470937791901
2375;15,591;0,629919781452571
2376;15,595;0,590373774308473
2377;15,600;0,631327947879067
2378;15,604;0,567373722675704
2379;15,609;0,606685035415386
2380;15,613;0,655032082725084
2381;15,618;0,596241134418873
2382;15,622;0,520434841792502
2383;15,627;0,538975699741367
2384;15,631;0,52993996517135
2385;15,635;0,462230629497332
2386;15,640;0,537332838910455
2387;15,644;0,556812474476983
2388;15,649;0,388653933712912
2389;15,653;0,508700121571701
2390;15,658;0,493797026891285
2391;15,662;0,399919265124881
2392;15,667;0,490159263622837
2393;15,671;0,457302047004595
2394;15,675;0,500133775810517
2395;15,680;0,469506156034228
2396;15,684;0,489220486005173
2397;15,689;0,405786625235281
2398;15,693;0,490276610825045
2399;15,698;0,406490708448529
2400;15,702;0,470092892045268
2401;15,707;0,483001084288148
2402;15,711;0,363776326844815
2403;15,715;0,43700098102261
2404;15,720;0,406608055650737
2405;15,724;0,458240824622259
2406;15,729;0,483235778692564
2407;15,733;0,413648887783217
2408;15,738;0,3694089925508
2409;15,742;0,349929356984271
2410;15,747;0,467511253596692
2411;15,751;0,455659186173683
2412;15,755;0,454603061353811
2413;15,760;0,310148655435757
2414;15,764;0,413296846176593
2415;15,769;0,356383453105711
2416;15,773;0,282689410119084
2417;15,778;0,317776223579277
2418;15,782;0,348873232164399
2419;15,786;0,398745793102801
2420;15,791;0,42702646883493
2421;15,795;0,355796717094671
2422;15,800;0,408250916481649
2423;15,804;0,323408889285262
2424;15,809;0,274827147571148
2425;15,813;0,412827457367761
2426;15,818;0,406960097257361
2427;15,822;0,442046910717555
2428;15,826;0,325403791722798
2429;15,831;0,453546936533939
2430;15,835;0,372225325403792
2431;15,840;0,351454870612975
2432;15,844;0,338546678370094
2433;15,849;0,379735546345104
2434;15,853;0,248893415883179
2435;15,858;0,313434377097581
2436;15,862;0,362016118811695
2437;15,866;0,33056706861995
2438;15,871;0,28175063250142
2439;15,875;0,330332374215534
2440;15,880;0,243964833390442
2441;15,884;0,352158953826223
2442;15,889;0,394990682632145
2443;15,893;0,309444572222509
2444;15,898;0,240679111728618
2445;15,902;0,321296639645518
2446;15,906;0,248541374276554
2447;15,911;0,314373154715245
2448;15,915;0,370113075764048
2449;15,920;0,348286496153359
2450;15,924;0,315194585130701
2451;15,929;0,271424078707115
2452;15,933;0,296653727181837
2453;15,938;0,297357810395085
2454;15,942;0,332209929450862
2455;15,946;0,313317029895373
2456;15,951;0,268607745854123
2457;15,955;0,389827405734992
2458;15,960;0,311204780255629
2459;15,964;0,29641903277742
2460;15,969;0,27823021643518
2461;15,973;0,319653778814605
2462;15,977;0,306862933773933
2463;15,982;0,335495651112686
2464;15,986;0,331975235046446
2465;15,991;0,397454973878513
2466;15,995;0,316250709950573
2467;16,000;0,368939603741968
2468;16,004;0,299470060034829
2469;16,009;0,250301582309675
2470;16,013;0,274240411560108
2471;16,017;0,405903972437489
2472;16,022;0,295597602361964
2473;16,026;0,337842595156846
2474;16,031;0,290434325464812
2475;16,035;0,340658928009838
2476;16,040;0,23469440441601
2477;16,044;0,285036354163244
2478;16,049;0,310852738649005
2479;16,053;0,313082335490957
2480;16,057;0,270719995493867
2481;16,062;0,319184390005773
2482;16,066;0,363072243631567
2483;16,071;0,360842646789615
2484;16,075;0,203832090235305
2485;16,080;0,361664077205071
2486;16,084;0,299000671225997
2487;16,089;0,261097524912811
2488;16,093;0,331388499035406
2489;16,097;0,200663715775688
2490;16,102;0,313786418704205
2491;16,106;0,297240463192877
2492;16,111;0,234459710011594
2493;16,115;0,288087381420652
2494;16,120;0,289612895049356
2495;16,124;0,197964730124904
2496;16,129;0,308505794604845
2497;16,133;0,372342672606
2498;16,137;0,282689410119084
2499;16,142;0,254174039982539
2500;16,146;0,292194533497932
2501;16,151;0,361312035598447
2502;16,155;0,333970137483982
2503;16,160;0,296536379979629
2504;16,164;0,283158798927916
2505;16,168;0,299000671225997
2506;16,173;0,221316823364297
2507;16,177;0,411301943739057
2508;16,182;0,338429331167886
2509;16,186;0,323056847678638
2510;16,191;0,32176602845435
2511;16,195;0,347817107344527
2512;16,200;0,276939397210892
2513;16,204;0,356852841914543
2514;16,208;0,252061790342795
2515;16,213;0,345352816098159
2516;16,217;0,32763338856475
2517;16,222;0,312847641086541
2518;16,226;0,380791671164976
2519;16,231;0,216857629680393
2520;16,235;0,337373206348014
2521;16,240;0,258633233666443
2522;16,244;0,308036405796013
2523;16,248;0,294893519148716
2524;16,253;0,368587562135344
2525;16,257;0,214980074445065
2526;16,262;0,236806654055754
2527;16,266;0,279521035659468
2528;16,271;0,17942387217604
2529;16,275;0,327163999755918
2530;16,280;0,236102570842506
2531;16,284;0,329862985406702
2532;16,288;0,305454767347437
2533;16,293;0,299352712832621
2534;16,297;0,343357913660623
2535;16,302;0,309561919424717
2536;16,306;0,259102622475275
2537;16,311;0,248424027074346
2538;16,315;0,2887914646339
2539;16,320;0,348051801748943
2540;16,324;0,207939242312585
2541;16,328;0,387949850499664
2542;16,333;0,356970189116751
2543;16,337;0,278464910839596
2544;16,342;0,348521190557775
2545;16,346;0,333383401472942
2546;16,351;0,267434273832043
2547;16,355;0,358847744352079
2548;16,359;0,354271203465967
2549;16,364;0,359786521969743
2550;16,368;0,2799904244683
2551;16,373;0,240327070121994
2552;16,377;0,330449721417742
2553;16,382;0,435475467393906
2554;16,386;0,410245818919185
2555;16,391;0,313082335490957
2556;16,395;0,268725093056331
2557;16,399;0,274240411560108
2558;16,404;0,322587458869806
2559;16,408;0,28937820064494
2560;16,413;0,350281398590895
2561;16,417;0,303342517707693
2562;16,422;0,263913857765803
2563;16,426;0,311204780255629
2564;16,431;0,362954896429359
2565;16,435;0,228122961092362
2566;16,439;0,291021061475852
2567;16,444;0,367531437315471
2568;16,448;0,262270996934891
2569;16,453;0,274475105964524
2570;16,457;0,232582154776266
2571;16,462;0,318010917983693
2572;16,466;0,255934248015659
2573;16,471;0,283980229343372
2574;16,475;0,346760982524655
2575;16,479;0,27529653637998
2576;16,484;0,250536276714091
2577;16,488;0,313786418704205
2578;16,493;0,297827199203917
2579;16,497;0,322470111667598
2580;16,502;0,280811854883756
2581;16,506;0,280459813277132
2582;16,511;0,224837239430537
2583;16,515;0,260628136103979
2584;16,519;0,32645991654267
2585;16,524;0,270250606685035
2586;16,528;0,246781166243434
2587;16,533;0,293954741531052
2588;16,537;0,261332219317227
2589;16,542;0,247133207850058
2590;16,546;0,27588327239102
2591;16,550;0,286913909398572
2592;16,555;0,313551724299789
2593;16,559;0,247954638265514
2594;16,564;0,293133311115596
2595;16,568;0,350046704186479
2596;16,573;0,345000774491535
2597;16,577;0,289260853442732
2598;16,582;0,281867979703628
2599;16,586;0,293133311115596
2600;16,590;0,324817055711758
2601;16,595;0,272362856324779
2602;16,599;0,381261059973808
2603;16,604;0,290082283858188
2604;16,608;0,242674014166154
2605;16,613;0,275413883582188
2606;16,617;0,342536483245166
2607;16,622;0,369056950944176
2608;16,626;0,24232197255953
2609;16,630;0,305102725740813
2610;16,635;0,295714949564172
2611;16,639;0,355444675488047
2612;16,644;0,295949643968588
2613;16,648;0,294776171946508
2614;16,653;0,338077289561262
2615;16,657;0,291490450284684
2616;16,662;0,403674375595537
2617;16,666;0,237158695662378
2618;16,670;0,368704909337552
2619;16,675;0,258867928070859
2620;16,679;0,271424078707115
2621;16,684;0,230821946743146
2622;16,688;0,224250503419497
2623;16,693;0,258633233666443
2624;16,697;0,212515783198697
2625;16,702;0,271658773111531
2626;16,706;0,303694559314317
2627;16,710;0,353215078646095
2628;16,715;0,386659031275376
2629;16,719;0,331505846237614
2630;16,724;0,296771074384045
2631;16,728;0,269546523471787
2632;16,733;0,233286237989514
2633;16,737;0,23704134846017
2634;16,742;0,321648681252142
2635;16,746;0,256403636824491
2636;16,750;0,349459968175439
2637;16,755;0,193622883643208
2638;16,759;0,343240566458414
2639;16,764;0,308153752998221
2640;16,768;0,327281346958126
2641;16,773;0,204184131841929
2642;16,777;0,287970034218444
2643;16,781;0,331388499035406
2644;16,786;0,327985430171374
2645;16,790;0,301817004078989
2646;16,795;0,291373103082476
2647;16,799;0,395342724238769
2648;16,804;0,230352557934314
2649;16,808;0,351337523410767
2650;16,813;0,257577108846571
2651;16,817;0,23586787643809
2652;16,821;0,28116389649038
2653;16,826;0,305572114549645
2654;16,830;0,259454664081899
2655;16,835;0,314842543524077
2656;16,839;0,249362804692011
2657;16,844;0,23528114042705
2658;16,848;0,292077186295724
2659;16,853;0,268725093056331
2660;16,857;0,306862933773933
2661;16,861;0,284214923747788
2662;16,866;0,297123115990669
2663;16,870;0,308153752998221
2664;16,875;0,325638486127214
2665;16,879;0,271893467515947
2666;16,884;0,253000567960459
2667;16,888;0,272832245133612
2668;16,893;0,361077341194031
2669;16,897;0,28351084053454
2670;16,901;0,241617889346282
2671;16,906;0,247954638265514
2672;16,910;0,317424181972653
2673;16,915;0,306862933773933
2674;16,919;0,28468431255662
2675;16,924;0,350750787399727
2676;16,928;0,317776223579277
2677;16,933;0,27647000840206
2678;16,937;0,230352557934314
2679;16,941;0,260041400092939
2680;16,946;0,293602699924428
2681;16,950;0,239036250897706
2682;16,955;0,285623090174284
2683;16,959;0,269077134662955
2684;16,964;0,330097679811118
2685;16,968;0,302403740090029
2686;16,972;0,331857887844238
2687;16,977;0,394403946621105
2688;16,981;0,301934351281197
2689;16,986;0,308505794604845
2690;16,990;0,229883169125482
2691;16,995;0,253352609567083
2692;16,999;0,355327328285839
2693;17,004;0,180714691400328
2694;17,008;0,240092375717578
2695;17,012;0,22882704430561
2696;17,017;0,302051698483405
2697;17,021;0,300408837652493
2698;17,026;0,278582258041804
2699;17,030;0,235398487629258
2700;17,035;0,314725196321869
2701;17,039;0,230117863529898
2702;17,044;0,382082490389264
2703;17,048;0,293720047126636
2704;17,052;0,279755730063884
2705;17,057;0,2946588247443
2706;17,061;0,243847486188234
2707;17,066;0,219321920926761
2708;17,070;0,280107771670508
2709;17,075;0,300174143248077
2710;17,079;0,276704702806476
2711;17,084;0,282806757321292
2712;17,088;0,326342569340462
2713;17,092;0,276587355604268
2714;17,097;0,247485249456682
2715;17,101;0,271306731504907
2716;17,106;0,233990321202762
2717;17,110;0,267668968236459
2718;17,115;0,319067042803565
2719;17,119;0,272362856324779
2720;17,124;0,248541374276554
2721;17,128;0,192097370014504
2722;17,132;0,220378045746633
2723;17,137;0,341949747234126
2724;17,141;0,221551517768713
2725;17,146;0,248893415883179
2726;17,150;0,347113024131279
2727;17,155;0,320005820421229
2728;17,159;0,320005820421229
2729;17,163;0,293954741531052
2730;17,168;0,317072140366029
2731;17,172;0,286209826185324
2732;17,177;0,257694456048779
2733;17,181;0,376919213492112
2734;17,186;0,330449721417742
2735;17,190;0,215214768849481
2736;17,195;0,326694610947086
2737;17,199;0,270602648291659
2738;17,203;0,257107720037739
2739;17,208;0,343357913660623
2740;17,212;0,265204676990091
2741;17,217;0,407077444459569
2742;17,221;0,318245612388109
2743;17,226;0,15290340447703
2744;17,230;0,24584238862577
2745;17,235;0,338546678370094
2746;17,239;0,262975080148139
2747;17,243;0,317776223579277
2748;17,248;0,346995676929071
2749;17,252;0,434301995371826
2750;17,257;0,431955051327666
2751;17,261;0,414235623794257
2752;17,266;0,529001187553686
2753;17,270;0,674277023887196
2754;17,275;0,897940791295654
2755;17,279;1,12559436357918
2756;17,283;1,40664091286736
2757;17,288;1,85314701726881
2758;17,292;2,34142872565632
2759;17,297;2,99364447552841
2760;17,301;3,55996207338425
2761;17,306;4,26427998103669
2762;17,310;4,93527128326206
2763;17,315;5,89587548053679
2764;17,319;7,34699098304098
2765;17,323;8,65177452439179
2766;17,328;9,75061372586755
2767;17,332;10,7609731368785
2768;17,337;12,1190323080317
2769;17,341;14,0120773740512
2770;17,346;15,7068056683393
2771;17,350;16,7130579272729
2772;17,354;18,2088827138183
2773;17,359;19,1476603314824
2774;17,363;21,0114859441521
2775;17,368;22,3331674826209
2776;17,372;23,6140121947213
2777;17,377;24,9552907159587
2778;17,381;25,6715780382364
2779;17,386;26,6561210647616
2780;17,390;27,5660312706824
2781;17,394;28,0999610407289
2782;17,399;29,4155405246828
2783;17,403;29,0989377731256
2784;17,408;29,133555197777
2785;17,412;29,6311073351389
2786;17,417;28,9219781921959
2787;17,421;28,781513591153
2788;17,426;28,5671202527189
2789;17,430;28,5531559356562
2790;17,434;27,6285773294593
2791;17,439;27,3537501818882
2792;17,443;26,3580591711532
2793;17,448;25,6353177527541
2794;17,452;24,7000605511563
2795;17,457;23,2794553212262
2796;17,461;23,3592514187277
2797;17,466;21,7776458273682
2798;17,470;20,4566683721127
2799;17,474;19,8343761588036
2800;17,479;19,0291396572523
2801;17,483;17,6550039193966
2802;17,488;16,7645733490422
2803;17,492;16,1739648803293
2804;17,497;15,3280088996118
2805;17,501;14,0933989851814
2806;17,506;13,2726726529386
2807;17,510;11,9451237543594
2808;17,514;11,6976385049028
2809;17,519;10,7202536577123
2810;17,523;9,99586937848228
2811;17,528;9,58456743474322
2812;17,532;8,7062236262163
2813;17,537;7,85897682627451
2814;17,541;7,43629220392127
2815;17,546;7,00551062461569
2816;17,550;6,268335500345
2817;17,554;5,91981430978723
2818;17,559;5,26079242218707
2819;17,563;5,32509868899706
2820;17,568;4,74024023319236
2821;17,572;4,49205090052243
2822;17,577;4,12088169993851
2823;17,581;3,91200368000826
2824;17,585;3,68728378777993
2825;17,590;3,35730345517102
2826;17,594;3,00103734926752
2827;17,599;3,04598132771318
2828;17,603;2,799904244683
2829;17,608;2,56333228503166
2830;17,612;2,44621977722807
2831;17,617;2,15707627098755
2832;17,621;2,13724459381439
2833;17,625;1,91909614490971
2834;17,630;1,85924907178363
2835;17,634;1,82615716076097
2836;17,639;1,7650192684106
2837;17,643;1,7312232741747
2838;17,648;1,55989635895101
2839;17,652;1,4102786761358
2840;17,657;1,23355378961055
2841;17,661;1,25995691010735
2842;17,665;1,24082931614744
2843;17,670;1,1332219317227
2844;17,674;1,17159446684472
2845;17,679;0,983604248907498
2846;17,683;1,13498213975582
2847;17,688;1,03687987870993
2848;17,692;1,03007374098187
2849;17,697;0,873297878831973
2850;17,701;0,830114108419427
2851;17,705;0,917068385255559
2852;17,710;0,821899804264867
2853;17,714;0,747971066873824
2854;17,719;0,783644616345057
2855;17,723;0,705021990865694
2856;17,728;0,676037231920317
2857;17,732;0,677445398346813
2858;17,737;0,767333355238144
2859;17,741;0,698685241946462
2860;17,745;0,599526856080697
2861;17,750;0,562679834587384
2862;17,754;0,568077805888952
2863;17,759;0,673924982280572
2864;17,763;0,583098247771577
2865;17,768;0,583919678187033
2866;17,772;0,51820524495055
2867;17,776;0,452373464511859
2868;17,781;0,520904230601334
2869;17,785;0,477837807390996
2870;17,790;0,476899029773332
2871;17,794;0,560802279352056
2872;17,799;0,503302150270133
2873;17,803;0,478893932210868
2874;17,808;0,439582619471187
2875;17,812;0,48288373708594
2876;17,816;0,479128626615284
2877;17,821;0,41646522063621
2878;17,825;0,337373206348014
2879;17,830;0,428082593654802
2880;17,834;0,420807067117906
2881;17,839;0,460470421464211
2882;17,843;0,42526626080181
2883;17,848;0,374220227841328
2884;17,852;0,344296691278287
2885;17,856;0,34347526086283
2886;17,861;0,319184390005773
2887;17,865;0,387245767286416
2888;17,870;0,433949953765202
2889;17,874;0,405317236426449
2890;17,879;0,302051698483405
2891;17,883;0,331857887844238
2892;17,888;0,272832245133612
2893;17,892;0,293250658317804
2894;17,896;0,296888421586253
2895;17,901;0,343944649671662
2896;17,905;0,304163948123149
2897;17,910;0,334908915101646
2898;17,914;0,330332374215534
2899;17,919;0,33115380463099
2900;17,923;0,32352623648747
2901;17,928;0,218265796106889
2902;17,932;0,32117929244331
2903;17,936;0,287265951005196
2904;17,941;0,268842440258539
2905;17,945;0,309327225020301
2906;17,950;0,304163948123149
2907;17,954;0,348403843355567
2908;17,959;0,309913961031341
2909;17,963;0,320357862027853
2910;17,967;0,291607797486892
2911;17,972;0,243143402974986
2912;17,976;0,320827250836686
2913;17,981;0,335378303910478
2914;17,985;0,290669019869228
2915;17,990;0,366592659697807
2916;17,994;0,336317081528142
2917;17,999;0,333852790281774
2918;18,003;0,278347563637388
2919;18,007;0,298648629619373
2920;18,012;0,353215078646095
2921;18,016;0,220260698544425
2922;18,021;0,240913806133034
2923;18,025;0,236337265246922
2924;18,030;0,24173523654849
2925;18,034;0,241969930952906
2926;18,039;0,297005768788461
2927;18,043;0,318597653994733
2928;18,047;0,314607849119661
2929;18,052;0,176842233727463
2930;18,056;0,249949540703051
2931;18,061;0,246781166243434
2932;18,065;0,284566965354412
2933;18,070;0,275061841975564
2934;18,074;0,271072037100491
2935;18,079;0,226832141868074
2936;18,083;0,278934299648428
2937;18,087;0,32939359659787
2938;18,092;0,290669019869228
2939;18,096;0,264852635383467
2940;18,101;0,283628187736748
2941;18,105;0,256755678431115
2942;18,110;0,363072243631567
2943;18,114;0,266378149012171
2944;18,119;0,293720047126636
2945;18,123;0,27823021643518
2946;18,127;0,298648629619373
2947;18,132;0,260980177710603
2948;18,136;0,208291283919209
2949;18,141;0,245372999816938
2950;18,145;0,236571959651338
2951;18,150;0,264969982585675
2952;18,154;0,336786470336974
2953;18,158;0,347465065737903
2954;18,163;0,198903507742568
2955;18,167;0,259102622475275
2956;18,172;0,228122961092362
2957;18,176;0,156775862149895
2958;18,181;0,143985017109222
2959;18,185;0,257811803250987
2960;18,190;0,163699347080167
2961;18,194;0,270015912280619
2962;18,198;0,355092633881423
2963;18,203;0,19995963256244
2964;18,207;0,251709748736171
2965;18,212;0,287970034218444
2966;18,216;0,207587200705961
2967;18,221;0,202071882202185
2968;18,225;0,341010969616462
2969;18,230;0,268138357045291
2970;18,234;0,236337265246922
2971;18,238;0,24056176452641
2972;18,243;0,23880155649329
2973;18,247;0,27529653637998
2974;18,252;0,200429021371272
2975;18,256;0,268373051449707
2976;18,261;0,271189384302699
2977;18,265;0,347347718535695
2978;18,270;0,305337420145229
2979;18,274;0,331623193439822
2980;18,278;0,322235417263182
2981;18,283;0,274475105964524
2982;18,287;0,296301685575213
2983;18,292;0,244786263805898
2984;18,296;0,24818933266993
2985;18,301;0,233872974000554
2986;18,305;0,325990527733838
2987;18,310;0,255464859206827
2988;18,314;0,334439526292814
2989;18,318;0,307449669784973
2990;18,323;0,428551982463634
2991;18,327;0,358495702745455
2992;18,332;0,520669536196918
2993;18,336;0,593659495970297
2994;18,341;0,632736114305563
2995;18,345;0,941007214505992
2996;18,349;1,16420159310562
2997;18,354;1,57890660570871
2998;18,358;1,88870321953784
2999;18,363;2,6269344686284
3000;18,367;3,24723177949991
3001;18,372;4,12381537999371
3002;18,376;5,00626634059791
3003;18,381;6,29708556488596
3004;18,385;7,53897100585328
3005;18,389;9,35961284811047
3006;18,394;11,0366217148651
3007;18,398;12,9570086789991
3008;18,403;15,2989067934642
3009;18,407;17,2637683472351
3010;18,412;20,4968011152678
3011;18,416;23,3324962566242
3012;18,421;26,1742934524955
3013;18,425;30,4014917176345
3014;18,429;33,4251770769281
3015;18,434;37,5000586736011
3016;18,438;41,1143525016077
3017;18,443;45,9468276357355
3018;18,447;49,1529878944626
3019;18,452;53,6719113042907
3020;18,456;57,6219354778143
3021;18,461;62,4856249677295
3022;18,465;66,6019301267819
3023;18,469;70,956684800721
3024;18,474;74,1117990264876
3025;18,478;78,911299596795
3026;18,483;82,0914087766319
3027;18,487;85,3301915575729
3028;18,492;89,1389296996381
3029;18,496;91,8687776646029
3030;18,501;94,8713405274991
3031;18,505;96,1490168651399
3032;18,509;98,9667578845585
3033;18,514;100
3034;18,518;99,5213407621935
3035;18,523;99,9388621076496
3036;18,527;98,6320836638613
3037;18,532;99,8609435653835
3038;18,536;98,4741343296893
3039;18,541;94,9317743366363
3040;18,545;93,0798007913895
3041;18,549;90,4318611735659
3042;18,554;87,7314673563553
3043;18,558;84,0803265068554
3044;18,563;80,3973845655572
3045;18,567;76,7760499054181
3046;18,572;72,4538004064907
3047;18,576;69,0333641565318
3048;18,580;65,0117581896612
3049;18,585;60,8942795585868
3050;18,589;56,3987082419981
3051;18,594;52,649817173059
3052;18,598;48,8435433222401
3053;18,603;45,9413123172317
3054;18,607;42,4038809066714
3055;18,612;39,617823631849
3056;18,616;36,2260200992288
3057;18,620;34,2017808611407
3058;18,625;31,5683922963909
3059;18,629;29,1249888520158
3060;18,634;26,6561210647616
3061;18,638;24,4299272916735
3062;18,643;22,756908229794
3063;18,647;20,986021601273
3064;18,652;19,934473322287
3065;18,656;18,0966987885075
3066;18,660;16,3753326793183
3067;18,665;15,5517900142225
3068;18,669;14,441802828537
3069;18,674;13,5232089296527
3070;18,678;12,7857991109776
3071;18,683;11,6969344216895
3072;18,687;10,9367592457861
3073;18,692;10,3049619090982
3074;18,696;9,5783480330262
3075;18,700;9,00358143661139
3076;18,705;8,46143736241041
3077;18,709;7,83550738583291
3078;18,714;7,69246114634135
3079;18,718;6,94930131475805
3080;18,723;6,954347244453
3081;18,727;6,49598907262853
3082;18,732;5,99902367127763
3083;18,736;5,70495158254437
3084;18,740;5,32451195298602
3085;18,745;5,16773609083612
3086;18,749;4,88786301357003
3087;18,754;4,6733523279338
3088;18,758;4,65809719164676
3089;18,763;4,36895368540623
3090;18,767;4,22074416901752
3091;18,771;3,79043197852077
3092;18,776;3,73891655675145
3093;18,780;3,62931426988918
3094;18,785;3,31494111517393
3095;18,789;3,16332852992119
3096;18,794;3,14197133911933
3097;18,798;3,15675708659754
3098;18,803;2,90223100500838
3099;18,807;2,7324296034134
3100;18,811;2,66871007261445
3101;18,816;2,65310289472078
3102;18,820;2,47931168825073
3103;18,825;2,41512276864295
3104;18,829;2,24403054782368
3105;18,834;2,42181155916881
3106;18,838;2,02623414052562
3107;18,843;1,93036147632168
3108;18,847;2,09499960101951
3109;18,851;2,02822904296316
3110;18,856;1,8294428824228
3111;18,860;1,64825880221364
3112;18,865;1,8646470430852
3113;18,869;1,75234577057214
3114;18,874;1,66609557694925
3115;18,878;1,6932027806593
3116;18,883;1,71291711063025
3117;18,887;1,4659012499824
3118;18,891;1,52035035180691
3119;18,896;1,31804377520031
3120;18,900;1,41544195303296
3121;18,905;1,23249766479068
3122;18,909;1,29093657149026
3123;18,914;1,18638021432293
3124;18,918;1,29973761165586
3125;18,923;1,26030895171397
3126;18,927;1,10799228324798
3127;18,931;1,12183925310853
3128;18,936;1,06551259604868
3129;18,940;1,18755368634501
3130;18,945;1,09977797909342
3131;18,949;0,943236811347944
3132;18,954;1,04884929333515
3133;18,958;0,964828696554217
3134;18,962;0,908502039494374
3135;18,967;0,981374652065545
3136;18,971;0,977150152786057
3137;18,976;0,936665368024296
3138;18,980;0,934553118384551
3139;18,985;0,771675201719841
3140;18,989;0,785639518782593
3141;18,994;0,726965917678591
3142;18,998;0,656088207544956
3143;19,002;0,725909792858719
3144;19,007;0,803241599113794
3145;19,011;0,624287115746586
3146;19,016;0,705139338067902
3147;19,020;0,793032392521697
3148;19,025;0,591899287937177
3149;19,029;0,655032082725084
3150;19,034;0,611496270705914
3151;19,038;0,599292161676281
3152;19,042;0,641067765662331
3153;19,047;0,527358326722774
3154;19,051;0,66934844139446
3155;19,056;0,572654346775064
3156;19,060;0,537802227719287
3157;19,065;0,552705322399703
3158;19,069;0,520082800185878
3159;19,074;0,457888783015635
3160;19,078;0,580751303727416
3161;19,082;0,600230939293945
3162;19,087;0,483587820299188
3163;19,091;0,526302201902902
3164;19,096;0,513746051266646
3165;19,100;0,556343085668151
3166;19,105;0,504475622292213
3167;19,109;0,484409250714644
3168;19,114;0,493797026891285
3169;19,118;0,442046910717555
3170;19,122;0,521960355421206
3171;19,127;0,455424491769267
3172;19,131;0,52231239702783
3173;19,136;0,355209981083631
3174;19,140;0,538154269325911
3175;19,145;0,51644503691743
3176;19,149;0,355796717094671
3177;19,153;0,404730500415409
3178;19,158;0,438291800246899
3179;19,162;0,431837704125458
3180;19,167;0,421511150331154
3181;19,171;0,424210135981938
3182;19,176;0,372694714212624
3183;19,180;0,551531850377623
3184;19,185;0,42643973282389
3185;19,189;0,342536483245166
3186;19,193;0,404847847617617
3187;19,198;0,280929202085964
3188;19,202;0,394051905014481
3189;19,207;0,338664025572302
3190;19,211;0,207352506301545
3191;19,216;0,391587613768113
3192;19,220;0,272480203526987
3193;19,225;0,394755988227729
3194;19,229;0,317424181972653
3195;19,233;0,254526081589163
3196;19,238;0,314373154715245
3197;19,242;0,384546781635632
3198;19,247;0,36823552052872
3199;19,251;0,416113179029586
3200;19,256;0,361312035598447
3201;19,260;0,362837549227151
3202;19,265;0,4734959609093
3203;19,269;0,213689255220777
3204;19,273;0,313434377097581
3205;19,278;0,245372999816938
3206;19,282;0,324230319700718
3207;19,287;0,360842646789615
3208;19,291;0,496026623733237
3209;19,296;0,326225222138254
3210;19,300;0,299000671225997
3211;19,305;0,361194688396239
3212;19,309;0,299939448843661
3213;19,313;0,286327173387532
3214;19,318;0,364597757260271
3215;19,322;0,289730242251564
3216;19,327;0,320709903634478
3217;19,331;0,337373206348014
3218;19,336;0,394755988227729
3219;19,340;0,383842698422384
3220;19,344;0,47114901686514
3221;19,349;0,400388653933713
3222;19,353;0,310148655435757
3223;19,358;0,479011279413076
3224;19,362;0,496026623733237
3225;19,367;0,41939890069141
3226;19,371;0,512455232042358
3227;19,376;0,433715259360786
3228;19,380;0,345118121693743
3229;19,384;0,398980487507217
3230;19,389;0,299235365630413
3231;19,393;0,364363062855855
3232;19,398;0,453664283736147
3233;19,402;0,434888731382866
3234;19,407;0,429842801687922
3235;19,411;0,400740695540337
3236;19,416;0,570072708326488
3237;19,420;0,43700098102261
3238;19,424;0,338311983965678
3239;19,429;0,478893932210868
3240;19,433;0,394169252216689
3241;19,438;0,403087639584497
3242;19,442;0,451669381298611
3243;19,447;0,397924362687345
3244;19,451;0,400623348338129
3245;19,456;0,51585830090639
3246;19,460;0,376332477481072
3247;19,464;0,364480410058063
3248;19,469;0,312378252277709
3249;19,473;0,369056950944176
3250;19,478;0,328337471777998
3251;19,482;0,332679318259694
3252;19,487;0,386776378477584
3253;19,491;0,258633233666443
3254;19,496;0,32645991654267
3255;19,500;0,428434635261426
3256;19,504;0,330097679811118
3257;19,509;0,286913909398572
3258;19,513;0,307919058593805
3259;19,518;0,300408837652493
3260;19,522;0,337842595156846
3261;19,527;0,326342569340462
3262;19,531;0,315077237928493
3263;19,536;0,214393338434025
3264;19,540;0,301347615270157
3265;19,544;0,398863140305009
3266;19,549;0,29348535272222
3267;19,553;0,201602493393353
3268;19,558;0,33174054064203
3269;19,562;0,1817708162202
3270;19,567;0,240796458930826
3271;19,571;0,252413831949419
3272;19,575;0,271658773111531
3273;19,580;0,214862727242857
3274;19,584;0,269781217876203
3275;19,589;0,256286289622283
3276;19,593;0,287970034218444
3277;19,598;0,241617889346282
3278;19,602;0,24701586064785
3279;19,607;0,298765976821581
3280;19,611;0,355679369892463
3281;19,615;0,253235262364875
3282;19,620;0,320944598038894
3283;19,624;0,177428969738504
3284;19,629;0,292194533497932
3285;19,633;0,284566965354412
3286;19,638;0,352158953826223
3287;19,642;0,357439577925583
3288;19,647;0,231291335551978
3289;19,651;0,217444365691433
3290;19,655;0,224485197823913
3291;19,660;0,372460019808208
3292;19,664;0,224250503419497
3293;19,669;0,221786212173129
3294;19,673;0,209230061536873
3295;19,678;0,351924259421807
3296;19,682;0,174143248076679
3297;19,687;0,137530920987782
3298;19,691;0,225423975441578
3299;19,695;0,262623038541515
3300;19,700;0,197377994113864
3301;19,704;0,241265847739658
3302;19,709;0,293954741531052
3303;19,713;0,2946588247443
3304;19,718;0,224250503419497
3305;19,722;0,203480048628681
3306;19,727;0,249245457489803
3307;19,731;0,203010659819849
3308;19,735;0,206179034279465
3309;19,740;0,293133311115596
3310;19,744;0,267903662640875
3311;19,749;0,290669019869228
3312;19,753;0,235046446022634
3313;19,758;0,253939345578123
3314;19,762;0,199020854944776
3315;19,766;0,24818933266993
3316;19,771;0,219673962533385
3317;19,775;0,200194326966856
3318;19,780;0,208056589514793
3319;19,784;0,272480203526987
3320;19,789;0,137765615392198
3321;19,793;0,258633233666443
3322;19,798;0,22648010026145
3323;19,802;0,226949489070282
3324;19,806;0,270485301089451
3325;19,811;0,151260543646118
3326;19,815;0,264265899372427
3327;19,820;0,204770867852969
3328;19,824;0,304750684134189
3329;19,829;0,279168994052844
3330;19,833;0,270367953887243
3331;19,838;0,344414038480495
3332;19,842;0,183648371455528
3333;19,846;0,305337420145229
3334;19,851;0,136709490572326
3335;19,855;0,208878019930249
3336;19,860;0,14938298841079
3337;19,864;0,193974925249832
3338;19,869;0,195969827687368
3339;19,873;0,220612740151049
3340;19,878;0,213102519209737
3341;19,882;0,203128007022057
3342;19,886;0,27470980036894
3343;19,891;0,179189177771624
3344;19,895;0,218735184915721
3345;19,900;0,248893415883179
3346;19,904;0,222255600981961
3347;19,909;0,214041296827401
3348;19,913;0,283393493332332
3349;19,918;0,23469440441601
3350;19,922;0,363189590833775
3351;19,926;0,184352454668776
3352;19,931;0,210872922367785
3353;19,935;0,23117398834977
3354;19,940;0,207469853503753
3355;19,944;0,245138305412522
3356;19,949;0,185525926690856
3357;19,953;0,266026107405547
3358;19,957;0,174025900874471
3359;19,962;0,204888215055177
3360;19,966;0,264265899372427
3361;19,971;0,294189435935468
3362;19,975;0,140816642649606
3363;19,980;0,198668813338152
3364;19,984;0,163816694282375
3365;19,989;0,243143402974986
3366;19,993;0,258046497655403
3367;19,997;0,196204522091784
3368;20,002;0,257342414442155
3369;20,006;0,293720047126636
3370;20,011;0,332209929450862
3371;20,015;0,219673962533385
3372;20,020;0,259337316879691
3373;20,024;0,262623038541515
3374;20,029;0,190219814779176
3375;20,033;0,218969879320137
3376;20,037;0,265204676990091
3377;20,042;0,214628032838441
3378;20,046;0,219673962533385
3379;20,051;0,286561867791948
3380;20,055;0,279051646850636
3381;20,060;0,346174246513615
3382;20,064;0,215449463253897
3383;20,069;0,213219866411945
3384;20,073;0,220964781757673
3385;20,077;0,272714897931404
3386;20,082;0,245490347019146
3387;20,086;0,28527104856766
3388;20,091;0,213689255220777
3389;20,095;0,227888266687946
3390;20,100;0,240092375717578
3391;20,104;0,268842440258539
3392;20,109;0,2858577845787
3393;20,113;0,172735081650183
3394;20,117;0,319888473219021
3395;20,122;0,213689255220777
3396;20,126;0,135653365752454
3397;20,131;0,288439423027276
3398;20,135;0,301112920865741
3399;20,140;0,226128058654826
3400;20,144;0,246781166243434
3401;20,148;0,226128058654826
3402;20,153;0,24584238862577
3403;20,157;0,275061841975564
3404;20,162;0,221551517768713
3405;20,166;0,296184338373005
3406;20,171;0,210286186356745
3407;20,175;0,268255704247499
3408;20,180;0,154663612510151
3409;20,184;0,250888318320715
3410;20,188;0,210403533558953
3411;20,193;0,271541425909323
3412;20,197;0,227536225081322
3413;20,202;0,268725093056331
3414;20,206;0,156189126138855
3415;20,211;0,187403481926184
3416;20,215;0,18646470430852
3417;20,220;0,176724886525255
3418;20,224;0,214275991231817
3419;20,228;0,249010763085386
3420;20,233;0,185643273893064
3421;20,237;0,321531334049934
3422;20,242;0,207235159099337
3423;20,246;0,352510995432847
3424;20,251;0,287500645409612
3425;20,255;0,244786263805898
3426;20,260;0,143632975502598
3427;20,264;0,255816900813451
3428;20,268;0,182474899433448
3429;20,273;0,252179137545003
3430;20,277;0,27881695244622
3431;20,282;0,202423923808809
3432;20,286;0,213806602422985
3433;20,291;0,305806808954061
3434;20,295;0,215566810456105
3435;20,300;0,200076979764648
3436;20,304;0,223546420206249
3437;20,308;0,244903611008106
3438;20,313;0,24760259665889
3439;20,317;0,266964885023211
3440;20,322;0,20113310458452
3441;20,326;0,194913702867496
3442;20,331;0,243730138986026
3443;20,335;0,254291387184747
3444;20,340;0,222724989790793
3445;20,344;0,251709748736171
3446;20,348;0,267434273832043
3447;20,353;0,268490398651915
3448;20,357;0,289026159038316
3449;20,362;0,359317133160911
3450;20,366;0,454016325342771
3451;20,371;0,685542355299165
3452;20,375;0,698919936350877
3453;20,379;0,862149894622212
3454;20,384;1,20022718418347
3455;20,388;1,47305942931709
3456;20,393;1,92156043615608
3457;20,397;2,11330576456396
3458;20,402;2,64958247865454
3459;20,406;3,47969658707397
3460;20,411;3,92115676178049
3461;20,415;4,52913261642016
3462;20,419;5,54277774909291
3463;20,424;6,36831531662622
3464;20,428;7,08119957003985
3465;20,433;8,60624380993508
3466;20,437;9,59911848781701
3467;20,442;10,8401824983689
3468;20,446;12,0421698905855
3469;20,451;13,62776528682
3470;20,455;14,8210689860732
3471;20,459;16,2951845402102
3472;20,464;17,3667991907737
3473;20,468;19,1144510732575
3474;20,473;20,1889994038762
3475;20,477;21,7926662692508
3476;20,482;23,0994447130392
3477;20,486;24,0040742948607
3478;20,491;25,2434954445816
3479;20,495;26,5737433288116
3480;20,499;27,6462967569927
3481;20,504;27,7380622691194
3482;20,508;28,1104049417254
3483;20,513;29,2715555075736
3484;20,517;28,7112226170304
3485;20,522;28,9659833930239
3486;20,526;29,6044695202377
3487;20,531;28,6033805382012
3488;20,535;28,9251465666556
3489;20,539;28,8792638105922
3490;20,544;28,4569312298456
3491;20,548;27,8197359218562
3492;20,553;26,9323563787592
3493;20,557;25,4658683927658
3494;20,562;25,3410109696165
3495;20,566;23,7507216852936
3496;20,570;23,2294654130856
3497;20,575;22,0466056148289
3498;20,579;21,7165079350178
3499;20,584;20,218805593237
3500;20,588;19,0411090718775
3501;20,593;18,0934130668457
3502;20,597;16,9930483517412
3503;20,602;16,4642818585919
3504;20,606;15,4310397431504
3505;20,610;14,401787432584
3506;20,615;13,3861473974737
3507;20,619;12,5993344066691
3508;20,624;11,6930619640167
3509;20,628;10,7509986246908
3510;20,633;10,2939312720906
3511;20,637;9,60299094548988
3512;20,642;8,73931553723896
3513;20,646;8,55883554024305
3514;20,650;7,65314983360167
3515;20,655;7,28467961866853
3516;20,659;6,65264758757622
3517;20,664;6,14594236844205
3518;20,668;5,78486502724802
3519;20,673;5,22746581676
3520;20,677;5,07245016264322
3521;20,682;4,67405641114705
3522;20,686;4,37399961510118
3523;20,690;4,17826448181822
3524;20,695;3,72952878057481
3525;20,699;3,58613049947663
3526;20,704;3,27328285839009
3527;20,708;3,14631318560103
3528;20,713;2,91126673957839
3529;20,717;2,75496026623733
3530;20,722;2,60675074984862
3531;20,726;2,37322981745469
3532;20,730;2,31572968837277
3533;20,735;2,13888745464531
3534;20,739;1,91921349211192
3535;20,744;1,75199372896551
3536;20,748;1,79048361128974
3537;20,753;1,75457536741409
3538;20,757;1,66574353534263
3539;20,761;1,5670545382857
3540;20,766;1,54910041634787
3541;20,770;1,40241641358787
3542;20,775;1,48444210793126
3543;20,779;1,34174791004633
3544;20,784;1,30642640218172
3545;20,788;1,17840060457279
3546;20,793;1,05800237510737
3547;20,797;1,00601756452923
3548;20,801;1,15704341377093
3549;20,806;0,967762376609417
3550;20,810;0,992405289073098
3551;20,815;0,926690855836615
3552;20,819;0,916481649244519
3553;20,824;0,790685448477537
3554;20,828;0,763930286374112
3555;20,833;0,847129452739588
3556;20,837;0,556343085668151
3557;20,841;0,727317959285215
3558;20,846;0,726379181667551
3559;20,850;0,628276920621659
3560;20,855;0,762522119947616
3561;20,859;0,65644024915158
3562;20,864;0,55939411292556
3563;20,868;0,604220744169017
3564;20,873;0,539445088550199
3565;20,877;0,509052163178325
3566;20,881;0,643649404110907
3567;20,886;0,491919471655957
3568;20,890;0,53170017320447
3569;20,895;0,565378820238168
3570;20,899;0,405317236426449
3571;20,904;0,464225531934868
3572;20,908;0,529705270766934
3573;20,913;0,43406730096741
3574;20,917;0,486521500354389
3575;20,921;0,354036509061551
3576;20,926;0,459648991048755
3577;20,930;0,380791671164976
3578;20,935;0,466924517585652
3579;20,939;0,323291542083054
3580;20,944;0,405786625235281
3581;20,948;0,437353022629234
3582;20,952;0,382082490389264
3583;20,957;0,410480513323601
3584;20,961;0,365771229282351
3585;20,966;0,320709903634478
3586;20,970;0,46997554484306
3587;20,975;0,442633646728595
3588;20,979;0,319536431612397
3589;20,984;0,315898668343949
3590;20,988;0,383842698422384
3591;20,992;0,330801763024366
3592;20,997;0,414587665400881
3593;21,001;0,388653933712912
3594;21,006;0,358261008341039
3595;21,010;0,374924311054576
3596;21,015;0,387363114488624
3597;21,019;0,392526391385777
3598;21,024;0,507526649549621
3599;21,028;0,359669174767535
3600;21,032;0,42526626080181
3601;21,037;0,327398694160334
3602;21,041;0,382199837591472
3603;21,046;0,482179653872692
3604;21,050;0,368470214933136
3605;21,055;0,402031514764625
3606;21,059;0,289143506240524
3607;21,064;0,312143557873293
3608;21,068;0,37058246457288
3609;21,072;0,318949695601357
3610;21,077;0,376332477481072
3611;21,081;0,316016015546157
3612;21,086;0,239857681313162
3613;21,090;0,362720202024943
3614;21,095;0,240796458930826
3615;21,099;0,393934557812273
3616;21,104;0,27823021643518
3617;21,108;0,285740437376492
3618;21,112;0,19585248048516
3619;21,117;0,283276146130124
3620;21,121;0,32469970850955
3621;21,126;0,275765925188812
3622;21,130;0,228592349901194
3623;21,135;0,194209619654248
3624;21,139;0,260041400092939
3625;21,143;0,196321869293992
3626;21,148;0,283393493332332
3627;21,152;0,23352093239393
3628;21,157;0,246781166243434
3629;21,161;0,261918955328267
3630;21,166;0,205122909459593
3631;21,170;0,213102519209737
3632;21,175;0,192214717216712
3633;21,179;0,233168890787306
3634;21,183;0,198082077327112
3635;21,188;0,171209568021479
3636;21,192;0,299939448843661
3637;21,197;0,251123012725131
3638;21,201;0,216270893669353
3639;21,206;0,254643428791371
3640;21,210;0,23997502851537
3641;21,215;0,202658618213225
3642;21,219;0,259572011284107
3643;21,223;0,176959580929671
3644;21,228;0,300408837652493
3645;21,232;0,250184235107467
3646;21,237;0,208525978323625
3647;21,241;0,156658514947687
3648;21,246;0,181888163422408
3649;21,250;0,205592298268425
3650;21,255;0,160648319822759
3651;21,259;0,174964678492135
3652;21,263;0,245138305412522
3653;21,268;0,231643377158602
3654;21,272;0,272362856324779
3655;21,277;0,163934041484583
3656;21,281;0,228475002698986
3657;21,286;0,181888163422408
3658;21,290;0,198903507742568
3659;21,295;0,210051491952329
3660;21,299;0,240327070121994
3661;21,303;0,262740385743723
3662;21,308;0,245725041423562
3663;21,312;0,273184286740236
3664;21,317;0,264383246574635
3665;21,321;0,160883014227175
3666;21,326;0,179775913782664
3667;21,330;0,193388189238792
3668;21,335;0,136944184976742
3669;21,339;0,137882962594406
3670;21,343;0,316016015546157
3671;21,348;0,213806602422985
3672;21,352;0,227536225081322
3673;21,357;0,246546471839018
3674;21,361;0,216153546467145
3675;21,366;0,174729984087719
3676;21,370;0,155133001318983
3677;21,374;0,197495341316072
3678;21,379;0,270015912280619
3679;21,383;0,219908656937801
3680;21,388;0,242556666963946
3681;21,392;0,254174039982539
3682;21,397;0,146684002760006
3683;21,401;0,206296381481673
3684;21,406;0,297240463192877
3685;21,410;0,236924001257962
3686;21,414;0,212867824805321
3687;21,419;0,173791206470055
3688;21,423;0,22530662823937
3689;21,428;0,209582103143497
3690;21,432;0,1876381763306
3691;21,437;0,19409227245204
3692;21,441;0,213102519209737
3693;21,446;0,166398332730951
3694;21,450;0,122510479105157
3695;21,454;0,202893312617641
3696;21,459;0,110775758884357
3697;21,463;0,167806499157447
3698;21,468;0,191393286801256
3699;21,472;0,260510788901771
3700;21,477;0,288322075825068
3701;21,481;0,24173523654849
3702;21,486;0,133658463314918
3703;21,490;0,213806602422985
3704;21,494;0,224133156217289
3705;21,499;0,205240256661801
3706;21,503;0,194326966856456
3707;21,508;0,152551362870406
3708;21,512;0,161704444642631
3709;21,517;0,153959529296902
3710;21,521;0,229531127518858
3711;21,526;0,278464910839596
3712;21,530;0,173908553672263
3713;21,534;0,19878616054036
3714;21,539;0,252883220758251
3715;21,543;0,139643170627526
3716;21,548;0,230939293945354
3717;21,552;0,266026107405547
3718;21,557;0,112183925310853
3719;21,561;0,255230164802411
3720;21,565;0,213454560816361
3721;21,570;0,184469801870984
3722;21,574;0,240092375717578
3723;21,579;0,222724989790793
3724;21,583;0,177194275334087
3725;21,588;0,178133052951752
3726;21,592;0,156541167745479
3727;21,597;0,216974976882601
3728;21,601;0,223194378599625
3729;21,605;0,167219763146407
3730;21,610;0,185173885084232
3731;21,614;0,223311725801833
3732;21,619;0,248541374276554
3733;21,623;0,197964730124904
3734;21,628;0,176607539323047
3735;21,632;0,288556770229484
3736;21,637;0,272480203526987
3737;21,641;0,274357758762316
3738;21,645;0,178837136165
3739;21,650;0,209816797547913
3740;21,654;0,209699450345705
3741;21,659;0,19526574447412
3742;21,663;0,138939087414278
3743;21,668;0,202658618213225
3744;21,672;0,152551362870406
3745;21,677;0,235750529235882
3746;21,681;0,218852532117929
3747;21,685;0,148561557995334
3748;21,690;0,252531179151627
3749;21,694;0,299822101641453
3750;21,699;0,14820951638871
3751;21,703;0,161821791844839
3752;21,708;0,233168890787306
3753;21,712;0,230235210732106
3754;21,717;0,254291387184747
3755;21,721;0,32352623648747
3756;21,725;0,213806602422985
3757;21,730;0,227536225081322
3758;21,734;0,200194326966856
3759;21,739;0,219439268128969
3760;21,743;0,192684106025544
3761;21,748;0,293250658317804
3762;21,752;0,244199527794858
3763;21,756;0,284332270949996
3764;21,761;0,185760621095272
3765;21,765;0,257929150453195
3766;21,770;0,183413677051112
3767;21,774;0,234811751618218
3768;21,779;0,198668813338152
3769;21,783;0,177898358547336
3770;21,788;0,194913702867496
3771;21,792;0,163112611069127
3772;21,796;0,139291129020902
3773;21,801;0,280811854883756
3774;21,805;0,174964678492135
3775;21,810;0,186816745915144
3776;21,814;0,168627929572903
3777;21,819;0,22706683627249
3778;21,823;0,155719737330023
3779;21,828;0,335143609506062
3780;21,832;0,226597447463658
3781;21,836;0,247367902254474
3782;21,841;0,230235210732106
3783;21,845;0,241383194941866
3784;21,850;0,211459658378825
3785;21,854;0,27294959233582
3786;21,859;0,246898513445642
3787;21,863;0,215332116051689
3788;21,868;0,239270945302122
3789;21,872;0,176020803312007
3790;21,876;0,219556615331177
3791;21,881;0,191862675610088
3792;21,885;0,2741230643579
3793;21,890;0,220964781757673
3794;21,894;0,285036354163244
3795;21,899;0,223546420206249
3796;21,903;0,159709542205095
3797;21,908;0,211224963974409
3798;21,912;0,223781114610665
3799;21,916;0,178602441760584
3800;21,921;0,188576953948264
3801;21,925;0,0677093356740189
3802;21,930;0,201602493393353
3803;21,934;0,169449359988359
3804;21,939;0,150204418826246
3805;21,943;0,171913651234727
3806;21,947;0,190923897992424
3807;21,952;0,176959580929671
3808;21,956;0,258163844857611
3809;21,961;0,226714794665866
3810;21,965;0,264617940979051
3811;21,970;0,197260646911656
3812;21,974;0,301112920865741
3813;21,979;0,19878616054036
3814;21,983;0,242204625357322
3815;21,987;0,153959529296902
3816;21,992;0,187755523532808
3817;21,996;0,211929047187657
3818;22,001;0,215918852062729
3819;22,005;0,195500438878536
3820;22,010;0,179541219378248
3821;22,014;0,217209671287017
3822;22,019;0,240092375717578
3823;22,023;0,306041503358477
3824;22,027;0,246077083030186
3825;22,032;0,239622986908746
3826;22,036;0,233872974000554
3827;22,041;0,24525565261473
3828;22,045;0,24584238862577
3829;22,050;0,244903611008106
3830;22,054;0,232699501978474
3831;22,059;0,178719788962792
3832;22,063;0,18529123228644
3833;22,067;0,236924001257962
3834;22,072;0,266026107405547
3835;22,076;0,201837187797769
3836;22,081;0,0990410386635562
3837;22,085;0,262036302530475
3838;22,090;0,211107616772201
3839;22,094;0,246077083030186
3840;22,099;0,237510737269002
3841;22,103;0,14879625239975
3842;22,107;0,203480048628681
3843;22,112;0,194913702867496
3844;22,116;0,223781114610665
3845;22,121;0,260158747295147
3846;22,125;0,385720253657712
3847;22,130;0,296066991170796
3848;22,134;0,349812009782063
3849;22,138;0,33350074867515
3850;22,143;0,546955309491511
3851;22,147;0,663011692475228
3852;22,152;0,70173626920387
3853;22,156;0,879282586144581
3854;22,161;1,10963514407889
3855;22,165;1,27251306074361
3856;22,170;1,58254436897715
3857;22,174;1,96157583210901
3858;22,178;2,41653093506945
3859;22,183;2,7441643236342
3860;22,187;3,69338584229475
3861;22,192;4,04108560243707
3862;22,196;4,91344470365138
3863;22,201;5,75987007317771
3864;22,205;6,50737175124271
3865;22,210;7,6902315494994
3866;22,214;8,29163596081542
3867;22,218;9,79766995395296
3868;22,223;10,8422947480086
3869;22,227;12,0460423482583
3870;22,232;13,3726524692198
3871;22,236;14,7285993907333
3872;22,241;16,1838220453148
3873;22,245;18,1091375919415
3874;22,250;19,4880845650878
3875;22,254;20,8440314866013
3876;22,258;22,6673723145093
3877;22,263;23,3590167243233
3878;22,267;24,4483508024202
3879;22,272;26,4547532657726
3880;22,276;27,433194237783
3881;22,281;28,3377064724023
3882;22,285;29,5066019535962
3883;22,290;29,6348624456096
3884;22,294;30,4303591293776
3885;22,298;30,4634510404003
3886;22,303;31,7042803565477
3887;22,307;31,8689184812456
3888;22,312;31,7606070136076
3889;22,316;31,8222142947668
3890;22,321;31,7184793680149
3891;22,325;30,9851767014171
3892;22,330;31,0846871288895
3893;22,334;30,0005163276897
3894;22,338;29,5571785977479
3895;22,343;28,13669071502
3896;22,347;27,3856686208887
3897;22,352;26,7300498021526
3898;22,356;25,4623479766995
3899;22,361;24,5748510864004
3900;22,365;23,1387560257788
3901;22,369;21,7869162563426
3902;22,374;20,7358373661655
3903;22,378;19,2637167144661
3904;22,383;18,4244495242744
3905;22,387;17,5383608004018
3906;22,392;16,1641077153438
3907;22,396;15,6157442394258
3908;22,401;14,6597165830372
3909;22,405;13,5316579282117
3910;22,409;12,3974972188713
3911;22,414;11,7838886985256
3912;22,418;10,9172796102195
3913;22,423;10,1686044601325
3914;22,427;9,3335617692203
3915;22,432;8,88341790155039
3916;22,436;8,05166093230005
3917;22,441;7,66605802584455
3918;22,445;7,15947015391259
3919;22,449;6,47639208985979
3920;22,454;6,30870293790455
3921;22,458;5,67643621240782
3922;22,463;5,37720084677741
3923;22,467;5,05355726308773
3924;22,472;4,64155123613543
3925;22,476;4,37047919903494
3926;22,481;4,11501433982811
3927;22,485;3,8539168149153
3928;22,489;3,47758433743423
3929;22,494;3,32831869622564
3930;22,498;3,11697638504903
3931;22,503;3,03835375956966
3932;22,507;2,8527104856766
3933;22,512;2,76282252878527
3934;22,516;2,48588313157438
3935;22,521;2,36982674859066
3936;22,525;2,37686758072314
3937;22,529;2,18183653065344
3938;22,534;2,06871382772492
3939;22,538;1,98692282778594
3940;22,543;1,77722337744024
3941;22,547;1,73896818952043
3942;22,552;1,80421323394808
3943;22,556;1,55954431734439
3944;22,560;1,77182540613867
3945;22,565;1,55508512366048
3946;22,569;1,41344705059542
3947;22,574;1,30361006932873
3948;22,578;1,29234473791676
3949;22,583;1,21466089005506
3950;22,587;1,16185464906146
3951;22,592;1,16549241232991
3952;22,596;1,06492586003765
3953;22,600;0,956731739601864
3954;22,605;0,85111925761466
3955;22,609;1,07572180264078
3956;22,614;0,965180738160841
3957;22,618;0,781532366705313
3958;22,623;0,925517383814535
3959;22,627;0,844782508695428
3960;22,632;0,768037438451392
3961;22,636;0,70760362931427
3962;22,640;0,706312810089982
3963;22,645;0,828588594790723
3964;22,649;0,706195462887774
3965;22,654;0,6758025375159
3966;22,658;0,692700534633853
3967;22,663;0,724618973634431
3968;22,667;0,551766544782039
3969;22,672;0,498021526170773
3970;22,676;0,598940120069657
3971;22,680;0,596241134418873
3972;22,685;0,615486075580986
3973;22,689;0,438409147449106
3974;22,694;0,489924569218421
3975;22,698;0,60527686898889
3976;22,703;0,392174349779153
3977;22,707;0,502011331045845
3978;22,712;0,538154269325911
3979;22,716;0,572067610764024
3980;22,720;0,588144177466521
3981;22,725;0,444980590772755
3982;22,729;0,456832658195763
3983;22,734;0,43641424501157
3984;22,738;0,372812061414832
3985;22,743;0,392057002576945
3986;22,747;0,460587768666419
3987;22,751;0,350868134601935
3988;22,756;0,460118379857587
3989;22,760;0,335965039921518
3990;22,765;0,452842853320691
3991;22,769;0,441225480302099
3992;22,774;0,387011072882
3993;22,778;0,302638434494445
3994;22,783;0,360842646789615
3995;22,787;0,333970137483982
3996;22,791;0,356148758701295
3997;22,796;0,393347821801233
3998;22,800;0,329158902193454
3999;22,805;0,289612895049356
4000;22,809;0,243260750177194
4001;22,814;0,281281243692588
4002;22,818;0,385368212051088
4003;22,823;0,404495806010993
4004;22,827;0,266847537821003
4005;22,831;0,29055167266702
4006;22,836;0,299352712832621
4007;22,840;0,346526288120239
4008;22,845;0,327985430171374
4009;22,849;0,329628291002286
4010;22,854;0,206648423088297
4011;22,858;0,312730293884333
4012;22,863;0,289143506240524
4013;22,867;0,351689565017391
4014;22,871;0,284919006961036
4015;22,876;0,319067042803565
4016;22,880;0,291373103082476
4017;22,885;0,289495547847148
4018;22,889;0,173439164863431
4019;22,894;0,349812009782063
4020;22,898;0,230469905136522
4021;22,903;0,32880686058683
4022;22,907;0,176255497716423
4023;22,911;0,284214923747788
4024;22,916;0,230704599540938
4025;22,920;0,332209929450862
4026;22,925;0,248658721478763
4027;22,929;0,223898461812873
4028;22,934;0,224954586632745
4029;22,938;0,269077134662955
4030;22,942;0,193505536441
4031;22,947;0,306745586571725
4032;22,951;0,250770971118507
4033;22,956;0,255112817600203
4034;22,960;0,227770919485738
4035;22,965;0,186347357106312
4036;22,969;0,304281295325357
4037;22,974;0,288322075825068
4038;22,978;0,167454457550823
4039;22,982;0,234459710011594
4040;22,987;0,24818933266993
4041;22,991;0,272597550729196
4042;22,996;0,151847279657158
4043;23,000;0,241265847739658
4044;23,005;0,174495289683303
4045;23,009;0,161235055833799
4046;23,014;0,208760672728041
4047;23,018;0,18118408020916
4048;23,022;0,241383194941866
4049;23,027;0,259572011284107
4050;23,031;0,171092220819271
4051;23,036;0,200429021371272
4052;23,040;0,224837239430537
4053;23,045;0,169097318381735
4054;23,049;0,321413986847726
4055;23,054;0,187990217937224
4056;23,058;0,282689410119084
4057;23,062;0,162173833451463
4058;23,067;0,185760621095272
4059;23,071;0,264031204968011
4060;23,076;0,241265847739658
4061;23,080;0,151495238050534
4062;23,085;0,190219814779176
4063;23,089;0,167219763146407
4064;23,094;0,212046394389865
4065;23,098;0,197495341316072
4066;23,102;0,200429021371272
4067;23,107;0,19761268851828
4068;23,111;0,18881164835268
4069;23,116;0,196204522091784
4070;23,120;0,262505691339307
4071;23,125;0,219321920926761
4072;23,129;0,124740075947109
4073;23,134;0,179541219378248
4074;23,138;0,17942387217604
4075;23,142;0,13178090807959
4076;23,147;0,0924695953399079
4077;23,151;0,210638227963369
4078;23,156;0,171913651234727
4079;23,160;0,231408682754186
4080;23,165;0,164990166304455
4081;23,169;0,258750580868651
4082;23,173;0,195735133282952
4083;23,178;0,207704547908169
4084;23,182;0,204653520650761
4085;23,187;0,259337316879691
4086;23,191;0,193388189238792
4087;23,196;0,229883169125482
4088;23,200;0,156541167745479
4089;23,205;0,154898306914567
4090;23,209;0,164755471900039
4091;23,213;0,221199476162089
4092;23,218;0,186934093117352
4093;23,222;0,113005355726309
4094;23,227;0,191393286801256
4095;23,231;0,171209568021479
4096;23,236;0,286327173387532
4097;23,240;0,247250555052266
4098;23,245;0,227888266687946
4099;23,249;0,220612740151049
4100;23,253;0,214041296827401
4101;23,258;0,19467900846308
4102;23,262;0,107959426031365
4103;23,267;0,206413728683881
4104;23,271;0,132484991292838
4105;23,276;0,210051491952329
4106;23,280;0,144219711513638
4107;23,285;0,203714743033097
4108;23,289;0,116173730185925
4109;23,293;0,261097524912811
4110;23,298;0,153372793285862
4111;23,302;0,113944133343973
4112;23,307;0,169918748797191
4113;23,311;0,215097421647273
4114;23,316;0,205826992672841
4115;23,320;0,151377890848326
4116;23,325;0,236924001257962
4117;23,329;0,128025797608933
4118;23,333;0,13588806015687
4119;23,338;0,132484991292838
4120;23,342;0,198903507742568
4121;23,347;0,171444262425895
4122;23,351;0,171209568021479
4123;23,356;0,22530662823937
4124;23,360;0,141990114671686
4125;23,364;0,236571959651338
4126;23,369;0,23938829250433
4127;23,373;0,095755317001732
4128;23,378;0,212633130400905
4129;23,382;0,202658618213225
4130;23,387;0,150791154837286
4131;23,391;0,201719840595561
4132;23,396;0,24056176452641
4133;23,400;0,187168787521768
4134;23,404;0,156423820543271
4135;23,409;0,133893157719334
4136;23,413;0,189515731565928
4137;23,418;0,196204522091784
4138;23,422;0,130372741653094
4139;23,427;0,208525978323625
4140;23,431;0,209347408739081
4141;23,436;0,218500490511305
4142;23,440;0,242087278155114
4143;23,444;0,214393338434025
4144;23,449;0,284919006961036
4145;23,453;0,15349014048807
4146;23,458;0,156189126138855
4147;23,462;0,156658514947687
4148;23,467;0,201250451786728
4149;23,471;0,269311829067371
4150;23,476;0,194326966856456
4151;23,480;0,245138305412522
4152;23,484;0,202306576606601
4153;23,489;0,178837136165
4154;23,493;0,188459606746056
4155;23,498;0,23410766840497
4156;23,502;0,222490295386377
4157;23,507;0,147740127579878
4158;23,511;0,23176072436081
4159;23,516;0,241031153335242
4160;23,520;0,302521087292237
4161;23,524;0,200781062977896
4162;23,529;0,258750580868651
4163;23,533;0,27294959233582
4164;23,538;0,299822101641453
4165;23,542;0,228944391507818
4166;23,547;0,216153546467145
4167;23,551;0,241500542144074
4168;23,555;0,23704134846017
4169;23,560;0,264852635383467
4170;23,564;0,291373103082476
4171;23,569;0,326694610947086
4172;23,573;0,375159005458992
4173;23,578;0,316133362748365
4174;23,582;0,423036663959858
4175;23,587;0,383138615209136
4176;23,591;0,340658928009838
4177;23,595;0,392995780194609
4178;23,600;0,357908966734415
4179;23,604;0,390883530554864
4180;23,609;0,442281605121971
4181;23,613;0,520434841792502
4182;23,618;0,344531385682703
4183;23,622;0,309561919424717
4184;23,627;0,379148810334064
4185;23,631;0,406490708448529
4186;23,635;0,42409278877973
4187;23,640;0,365771229282351
4188;23,644;0,48053679304178
4189;23,649;0,480067404232948
4190;23,653;0,316485404354989
4191;23,658;0,460939810273043
4192;23,662;0,479832709828532
4193;23,667;0,454368366949395
4194;23,671;0,357087536318959
4195;23,675;0,380204935153936
4196;23,680;0,390648836150448
4197;23,684;0,308388447402637
4198;23,689;0,254408734386955
4199;23,693;0,403322333988913
4200;23,698;0,358143661138831
4201;23,702;0,336903817539182
4202;23,707;0,42233258074661
4203;23,711;0,255582206409035
4204;23,715;0,276000619593228
4205;23,720;0,328337471777998
4206;23,724;0,29524556075534
4207;23,729;0,401914167562417
4208;23,733;0,323291542083054
4209;23,738;0,278934299648428
4210;23,742;0,269077134662955
4211;23,746;0,249362804692011
4212;23,751;0,216388240871561
4213;23,755;0,198434118933736
4214;23,760;0,150087071624038
4215;23,764;0,300408837652493
4216;23,769;0,266495496214379
4217;23,773;0,190337161981384
4218;23,778;0,189867773172552
4219;23,782;0,225541322643786
4220;23,786;0,201837187797769
4221;23,791;0,17766366414292
4222;23,795;0,149265641208582
4223;23,800;0,122862520711781
4224;23,804;0,325990527733838
4225;23,809;0,269781217876203
4226;23,813;0,225541322643786
4227;23,818;0,164755471900039
4228;23,822;0,259689358486315
4229;23,826;0,209699450345705
4230;23,831;0,158184028576391
4231;23,835;0,220964781757673
4232;23,840;0,233051543585098
4233;23,844;0,189281037161512
4234;23,849;0,160883014227175
4235;23,853;0,197730035720488
4236;23,858;0,264617940979051
4237;23,862;0,267786315438667
4238;23,866;0,182005510624616
4239;23,871;0,153842182094694
4240;23,875;0,149500335612998
4241;23,880;0,24349544458161
4242;23,884;0,280459813277132
4243;23,889;0,211694352783241
4244;23,893;0,272832245133612
4245;23,898;0,163229958271335
4246;23,902;0,164755471900039
4247;23,906;0,183648371455528
4248;23,911;0,241617889346282
4249;23,915;0,262505691339307
4250;23,920;0,156541167745479
4251;23,924;0,18353102425332
4252;23,929;0,164403430293415
4253;23,933;0,188576953948264
4254;23,937;0,161469750238215
4255;23,942;0,207117811897129
4256;23,946;0,151260543646118
4257;23,951;0,109836981266693
4258;23,955;0,260276094497355
4259;23,960;0,236806654055754
4260;23,964;0,240209722919786
4261;23,969;0,167454457550823
4262;23,973;0,244199527794858
4263;23,977;0,242439319761738
4264;23,982;0,208408631121417
4265;23,986;0,24877606868097
4266;23,991;0,220847434555465
4267;23,995;0,167454457550823
4268;24,000;0,220612740151049
4269;24,004;0,193974925249832
4270;24,009;0,184587149073192
4271;24,013;0,19115859239684
4272;24,017;0,275179189177772
4273;24,022;0,261449566519435
4274;24,026;0,202775965415433
4275;24,031;0,200194326966856
4276;24,035;0,259102622475275
4277;24,040;0,161117708631591
4278;24,044;0,213806602422985
4279;24,049;0,208173936717001
4280;24,053;0,220612740151049
4281;24,057;0,261332219317227
4282;24,062;0,248424027074346
4283;24,066;0,256755678431115
4284;24,071;0,130255394450885
4285;24,075;0,190923897992424
4286;24,080;0,234342362809386
4287;24,084;0,1993728965514
4288;24,089;0,185525926690856
4289;24,093;0,117816591016837
4290;24,097;0,184000413062152
4291;24,102;0,276117966795436
4292;24,106;0,0991583858657642
4293;24,111;0,164520777495623
4294;24,115;0,122041090296325
4295;24,120;0,225776017048202
4296;24,124;0,206883117492713
4297;24,129;0,162056486249255
4298;24,133;0,222255600981961
4299;24,137;0,23293419638289
4300;24,142;0,152786057274822
4301;24,146;0,158066681374183
4302;24,151;0,205944339875049
4303;24,155;0,293720047126636
4304;24,160;0,176959580929671
4305;24,164;0,277995522030764
4306;24,168;0,329510943800078
4307;24,173;0,286327173387532
4308;24,177;0,247250555052266
4309;24,182;0,166985068741991
4310;24,186;0,206648423088297
4311;24,191;0,160648319822759
4312;24,195;0,337490553550222
4313;24,200;0,24232197255953
4314;24,204;0,244786263805898
4315;24,208;0,188342259543848
4316;24,213;0,260745483306187
4317;24,217;0,167102415944199
4318;24,222;0,163816694282375
4319;24,226;0,276117966795436
4320;24,231;0,200429021371272
4321;24,235;0,14058194824519
4322;24,240;0,173087123256807
4323;24,244;0,230117863529898
4324;24,248;0,203362701426473
4325;24,253;0,222607642588585
4326;24,257;0,229179085912234
4327;24,262;0,207235159099337
4328;24,266;0,133775810517126
4329;24,271;0,143632975502598
4330;24,275;0,155250348521191
4331;24,280;0,224250503419497
4332;24,284;0,24232197255953
4333;24,288;0,224015809015081
4334;24,293;0,201719840595561
4335;24,297;0,216270893669353
4336;24,302;0,272245509122572
4337;24,306;0,232816849180682
4338;24,311;0,13940847622311
4339;24,315;0,266260801809963
4340;24,320;0,183883065859944
4341;24,324;0,103148190740836
4342;24,328;0,18118408020916
4343;24,333;0,159005458991847
4344;24,337;0,197847382922696
4345;24,342;0,159122806194055
4346;24,346;0,226597447463658
4347;24,351;0,163229958271335
4348;24,355;0,231291335551978
4349;24,359;0,28409757654558
4350;24,364;0,222842336993001
4351;24,368;0,241969930952906
4352;24,373;0,256638331228907
4353;24,377;0,323760930891886
4354;24,382;0,358965091554287
4355;24,386;0,427847899250386
4356;24,391;0,378327379918608
4357;24,395;0,490511305229461
4358;24,399;0,688828076960989
4359;24,404;0,828236553184099
4360;24,408;0,936313326417672
4361;24,413;1,26101303492722
4362;24,417;1,52645240632173
4363;24,422;1,79529484658027
4364;24,426;2,30610721779171
4365;24,431;2,70942955178063
4366;24,435;3,31576254558939
4367;24,439;3,78104420234413
4368;24,444;4,67229620311393
4369;24,448;5,53057364006327
4370;24,453;6,51992790187896
4371;24,457;7,38301657411884
4372;24,462;8,19916636547551
4373;24,466;8,82885145252367
4374;24,471;9,97028768840093
4375;24,475;11,8327051346442
4376;24,479;12,8109114122501
4377;24,484;14,2122717010181
4378;24,488;15,3463150631563
4379;24,493;16,8894307721915
4380;24,497;17,9635097140014
4381;24,502;19,5871256037514
4382;24,506;20,8886234234403
4383;24,511;21,8144928488615
4384;24,515;23,3691085837131
4385;24,519;24,114850053745
4386;24,524;25,4466234516037
4387;24,528;26,2556150636257
4388;24,533;27,6671845589857
4389;24,537;27,9397821097149
4390;24,542;28,7449012640641
4391;24,546;29,5049590927653
4392;24,550;29,6226583365799
4393;24,555;30,0233990321203
4394;24,559;29,602357270598
4395;24,564;29,9108630652028
4396;24,568;29,9387916993283
4397;24,573;28,9102434719751
4398;24,577;28,7532329154208
4399;24,582;28,1965377881461
4400;24,586;27,5310618044245
4401;24,590;27,1827753082711
4402;24,595;25,8502978271992
4403;24,599;24,5322540519989
4404;24,604;23,7110583309473
4405;24,608;23,0433527503837
4406;24,613;21,6732068174031
4407;24,617;21,2430119741085
4408;24,622;20,2338260351197
4409;24,626;18,8542923259624
4410;24,630;18,0474129635801
4411;24,635;17,2963908694489
4412;24,639;16,1236229305821
4413;24,644;14,785395436602
4414;24,648;13,9631435907305
4415;24,653;13,4138413371948
4416;24,657;12,0805424257075
4417;24,662;11,5386330459109
4418;24,666;10,739850640481
4419;24,670;10,2914669808442
4420;24,675;9,48083250799134
4421;24,679;8,87496890299141
4422;24,684;8,46225879282586
4423;24,688;7,41200133306422
4424;24,693;7,19361818975512
4425;24,697;6,62413221743967
4426;24,702;6,32829992067329
4427;24,706;5,92204390662918
4428;24,710;5,60497176626315
4429;24,715;5,06224095605113
4430;24,719;4,74927596776238
4431;24,724;4,59989297935159
4432;24,728;4,03639171434875
4433;24,733;4,12604497683566
4434;24,737;3,9051975422802
4435;24,741;3,3731453274691
4436;24,746;3,27386959440113
4437;24,750;2,99599141957257
4438;24,755;2,82231756030473
4439;24,759;2,88005238379107
4440;24,764;2,4524391789451
4441;24,768;2,55558736968593
4442;24,773;2,28381124937219
4443;24,777;2,34354097529607
4444;24,781;2,01895861398873
4445;24,786;1,80268772031937
4446;24,790;1,89069812197538
4447;24,795;1,84246842186789
4448;24,799;1,72523856686209
4449;24,804;1,52774322554602
4450;24,808;1,52211055984003
4451;24,813;1,45792164023225
4452;24,817;1,44372262876508
4453;24,821;1,20703332191154
4454;24,826;1,15751280257976
4455;24,830;1,2885896274461
4456;24,835;1,25291607797487
4457;24,839;1,08417080119976
4458;24,844;1,10318104795745
4459;24,848;1,08522692601963
4460;24,853;0,925400036612327
4461;24,857;0,864496838666373
4462;24,861;0,914017357998151
4463;24,866;0,7476190252672
4464;24,870;0,681669897626301
4465;24,875;0,735180221833151
4466;24,879;0,84407842548218
4467;24,884;0,675098454302652
4468;24,888;0,777073173021409
4469;24,893;0,696220950700093
4470;24,897;0,693756659453725
4471;24,901;0,650572889041179
4472;24,906;0,528883840351478
4473;24,910;0,46997554484306
4474;24,915;0,582042122951705
4475;24,919;0,543904282234103
4476;24,924;0,485934764343348
4477;24,928;0,586383969433401
4478;24,932;0,495791929328821
4479;24,937;0,556343085668151
4480;24,941;0,605394216191098
4481;24,946;0,432776481743122
4482;24,950;0,466689823181236
4483;24,955;0,496613359744277
4484;24,959;0,564792084227128
4485;24,964;0,452138770107443
4486;24,968;0,395108029834353
4487;24,972;0,428317288059218
4488;24,977;0,475021474538004
4489;24,981;0,296653727181837
4490;24,986;0,366005923686767
4491;24,990;0,407194791661777
4492;24,995;0,370699811775088
4493;24,999;0,416230526231794
4494;25,004;0,246898513445642
4495;25,008;0,307684364189389
4496;25,012;0,266730190618795
4497;25,017;0,354623245072591
4498;25,021;0,255699553611243
4499;25,026;0,24232197255953
4500;25,030;0,409307041301521
4501;25,035;0,266260801809963
4502;25,039;0,349342620973231
4503;25,044;0,305689461751853
4504;25,048;0,327281346958126
4505;25,052;0,19761268851828
4506;25,057;0,265908760203339
4507;25,061;0,245725041423562
4508;25,066;0,305337420145229
4509;25,070;0,24290870857057
4510;25,075;0,224015809015081
4511;25,079;0,231878071563018
4512;25,084;0,236806654055754
4513;25,088;0,244199527794858
4514;25,092;0,283041451725708
4515;25,097;0,241852583750698
4516;25,101;0,308623141807053
4517;25,106;0,226832141868074
4518;25,110;0,358613049947663
4519;25,115;0,132837032899462
4520;25,119;0,243378097379402
4521;25,124;0,295362907957548
4522;25,128;0,219791309735593
4523;25,132;0,212985172007529
4524;25,137;0,170974873617063
4525;25,141;0,154898306914567
4526;25,146;0,18822491234164
4527;25,150;0,19761268851828
4528;25,155;0,277526133221932
4529;25,159;0,252179137545003
4530;25,163;0,141286031458438
4531;25,168;0,172500387245767
4532;25,172;0,179189177771624
4533;25,177;0,226245405857034
4534;25,181;0,169801401594983
4535;25,186;0,269781217876203
4536;25,190;0,214980074445065
4537;25,195;0,235633182033674
4538;25,199;0,246194430232394
4539;25,203;0,229648474721066
4540;25,208;0,210520880761161
4541;25,212;0,128847228024389
4542;25,217;0,172383040043559
4543;25,221;0,226832141868074
4544;25,226;0,205592298268425
4545;25,230;0,161000361429383
4546;25,235;0,154076876499111
4547;25,239;0,236571959651338
4548;25,243;0,195148397271912
4549;25,248;0,0697042381115549
4550;25,252;0,228005613890154
4551;25,257;0,218852532117929
4552;25,261;0,292194533497932
4553;25,266;0,207821895110377
4554;25,270;0,167219763146407
4555;25,275;0,197143299709448
4556;25,279;0,134010504921542
4557;25,283;0,219673962533385
4558;25,288;0,093995108968612
4559;25,292;0,254643428791371
4560;25,297;0,206061687077257
4561;25,301;0,207469853503753
4562;25,306;0,219791309735593
4563;25,310;0,107959426031365
4564;25,315;0,219439268128969
4565;25,319;0,113709438939557
4566;25,323;0,109250245255653
4567;25,328;0,130020700046469
4568;25,332;0,208525978323625
4569;25,337;0,18705144031956
4570;25,341;0,243143402974986
4571;25,346;0,134362546528166
4572;25,350;0,155485042925607
4573;25,354;0,175316720098759
4574;25,359;0,132602338495046
4575;25,363;0,158770764587431
4576;25,368;0,0682960716850589
4577;25,372;0,105025745976164
4578;25,377;0,158653417385223
4579;25,381;0,120163535060997
4580;25,386;0,140464601042982
4581;25,390;0,157245250958727
4582;25,394;0,206765770290505
4583;25,399;0,139291129020902
4584;25,403;0,19702595250724
4585;25,408;0,257342414442155
4586;25,412;0,183648371455528
4587;25,417;0,18411776026436
4588;25,421;0,252061790342795
4589;25,426;0,150908502039494
4590;25,430;0,154194223701318
4591;25,434;0,138939087414278
4592;25,439;0,107842078829157
4593;25,443;0,126734978384645
4594;25,448;0,14527583633351
4595;25,452;0,207939242312585
4596;25,457;0,157597292565351
4597;25,461;0,162995263866919
4598;25,466;0,0897706096891238
4599;25,470;0,136122754561286
4600;25,474;0,132250296888422
4601;25,479;0,070877710133635
4602;25,483;0,132484991292838
4603;25,488;0,0952859281929
4604;25,492;0,213102519209737
4605;25,497;0,133423768910502
4606;25,501;0,134362546528166
4607;25,506;0,133658463314918
4608;25,510;0,124270687138277
4609;25,514;0,168158540764071
4610;25,519;0,140229906638566
4611;25,523;0,0908267345089958
4612;25,528;0,24232197255953
4613;25,532;0,184469801870984
4614;25,537;0,128495186417765
4615;25,541;0,204653520650761
4616;25,545;0,223546420206249
4617;25,550;0,201837187797769
4618;25,554;0,147270738771046
4619;25,559;0,18294428824228
4620;25,563;0,151260543646118
4621;25,568;0,190102467576968
4622;25,572;0,165694249517703
4623;25,577;0,27353632834686
4624;25,581;0,190689203588008
4625;25,585;0,197143299709448
4626;25,590;0,123683951127237
4627;25,594;0,170388137606023
4628;25,599;0,219087226522345
4629;25,603;0,126500283980229
4630;25,608;0,111127800490981
4631;25,612;0,213219866411945
4632;25,617;0,186112662701896
4633;25,621;0,174377942481095
4634;25,625;0,190219814779176
4635;25,630;0,23234746037185
4636;25,634;0,13354111611271
4637;25,639;0,153138098881446
4638;25,643;0,13940847622311
4639;25,648;0,170505484808231
4640;25,652;0,171326915223687
4641;25,657;0,13060743605751
4642;25,661;0,0928216369465319
4643;25,665;0,116760466196965
4644;25,670;0,155485042925607
4645;25,674;0,220847434555465
4646;25,679;0,116408424590341
4647;25,683;0,165224860708871
4648;25,688;0,112535966917477
4649;25,692;0,180245302591496
4650;25,697;0,15349014048807
4651;25,701;0,0848420271963876
4652;25,705;0,160413625418343
4653;25,710;0,215332116051689
4654;25,714;0,177546316940711
4655;25,719;0,159474847800679
4656;25,723;0,287265951005196
4657;25,728;0,181066733006952
4658;25,732;0,197730035720488
4659;25,736;0,241031153335242
4660;25,741;0,218617837713513
4661;25,745;0,159240153396263
4662;25,750;0,156893209352103
4663;25,754;0,157362598160935
4664;25,759;0,123331909520613
4665;25,763;0,147388085973254
4666;25,768;0,175082025694343
4667;25,772;0,163229958271335
4668;25,776;0,205592298268425
4669;25,781;0,187990217937224
4670;25,785;0,164168735888999
4671;25,790;0,247250555052266
4672;25,794;0,101387982707716
4673;25,799;0,160061583811719
4674;25,803;0,164403430293415
4675;25,808;0,169918748797191
4676;25,812;0,158770764587431
4677;25,816;0,272714897931404
4678;25,821;0,140464601042982
4679;25,825;0,137296226583366
4680;25,830;0,185056537882024
4681;25,834;0,214393338434025
4682;25,839;0,217679060095849
4683;25,843;0,174143248076679
4684;25,848;0,179893260984872
4685;25,852;0,174612636885511
4686;25,856;0,161821791844839
4687;25,861;0,211694352783241
4688;25,865;0,134245199325958
4689;25,870;0,107372690020325
4690;25,874;0,155602390127815
4691;25,879;0,143280933895974
4692;25,883;0,187403481926184
4693;25,888;0,184235107466568
4694;25,892;0,151612585252742
4695;25,896;0,137882962594406
4696;25,901;0,189750425970344
4697;25,905;0,193505536441
4698;25,910;0,23938829250433
4699;25,914;0,211224963974409
4700;25,919;0,0805001807146914
4701;25,923;0,164286083091207
4702;25,928;0,212985172007529
4703;25,932;0,248658721478763
4704;25,936;0,192097370014504
4705;25,941;0,153255446083654
4706;25,945;0,164286083091207
4707;25,950;0,192801453227752
4708;25,954;0,120984965476453
4709;25,959;0,164755471900039
4710;25,963;0,18235755223124
4711;25,967;0,228709697103402
4712;25,972;0,174612636885511
4713;25,976;0,189281037161512
4714;25,981;0,146331961153382
4715;25,985;0,221551517768713
4716;25,990;0,155133001318983
4717;25,994;0,139760517829734
4718;25,999;0,157831986969767
4719;26,003;0,216974976882601
4720;26,007;0,101974718718756
4721;26,012;0,127204367193477
4722;26,016;0,163934041484583
4723;26,021;0,210872922367785
4724;26,025;0,140816642649606
4725;26,030;0,204770867852969
4726;26,034;0,158301375778599
4727;26,039;0,251944443140587
4728;26,043;0,210872922367785
4729;26,047;0,116408424590341
4730;26,052;0,202306576606601
4731;26,056;0,187403481926184
4732;26,061;0,0812042639279394
4733;26,065;0,119342104645541
4734;26,070;0,286796562196364
4735;26,074;0,19174532840788
4736;26,079;0,232230113169642
4737;26,083;0,248071985467722
4738;26,087;0,115939035781509
4739;26,092;0,108311467637989
4740;26,096;0,155485042925607
4741;26,101;0,225423975441578
4742;26,105;0,0610205451481626
4743;26,110;0,151260543646118
4744;26,114;0,114648216557221
4745;26,119;0,23293419638289
4746;26,123;0,278934299648428
4747;26,127;0,176842233727463
4748;26,132;0,202658618213225
4749;26,136;0,207000464694921
4750;26,141;0,113474744535141
4751;26,145;0,17825040015396
4752;26,150;0,19174532840788
4753;26,154;0,232816849180682
4754;26,158;0,0999798162812202
4755;26,163;0,146918697164422
4756;26,167;0,194444314058664
4757;26,172;0,204418826246345
4758;26,176;0,188459606746056
4759;26,181;0,170270790403815
4760;26,185;0,221316823364297
4761;26,190;0,0826124303544355
4762;26,194;0,163347305473543
4763;26,198;0,094229803373028
4764;26,203;0,166633027135367
4765;26,207;0,10584717639162
4766;26,212;0,258281192059819
4767;26,216;0,23880155649329
4768;26,221;0,171913651234727
4769;26,225;0,200076979764648
4770;26,230;0,193388189238792
4771;26,234;0,107255342818117
4772;26,238;0,15349014048807
4773;26,243;0,119107410241125
4774;26,247;0,124622728744901
4775;26,252;0,161821791844839
4776;26,256;0,162877916664711
4777;26,261;0,177428969738504
4778;26,265;0,162056486249255
4779;26,270;0,0870716240383397
4780;26,274;0,14468910032247
4781;26,278;0,101974718718756
4782;26,283;0,0670052524607708
4783;26,287;0,221786212173129
4784;26,292;0,257811803250987
4785;26,296;0,146566655557798
4786;26,301;0,18646470430852
4787;26,305;0,169801401594983
4788;26,310;0,261918955328267
4789;26,314;0,183296329848904
4790;26,318;0,159709542205095
4791;26,323;0,158184028576391
4792;26,327;0,207000464694921
4793;26,332;0,273771022751276
4794;26,336;0,163699347080167
4795;26,341;0,200781062977896
4796;26,345;0,181066733006952
4797;26,349;0,242556666963946
4798;26,354;0,236924001257962
4799;26,358;0,222490295386377
4800;26,363;0,262740385743723
4801;26,367;0,277174091615308
4802;26,372;0,254408734386955
4803;26,376;0,38935801692616
4804;26,381;0,304281295325357
4805;26,385;0,433949953765202
4806;26,389;0,573827818797144
4807;26,394;0,723797543218974
4808;26,398;0,786108907591425
4809;26,403;1,04990541815502
4810;26,407;1,28459982257103
4811;26,412;1,50333500748675
4812;26,416;1,87297869444197
4813;26,421;2,4789596466441
4814;26,425;2,86561867791948
4815;26,429;3,33489013954929
4816;26,434;3,74173288960445
4817;26,438;4,89126608243406
4818;26,443;5,54453795712603
4819;26,447;6,75403557028393
4820;26,452;7,79901240594622
4821;26,456;9,01461207361894
4822;26,461;9,96794074435677
4823;26,465;11,3619081593857
4824;26,469;13,0690752571077
4825;26,474;14,5345071182813
4826;26,478;16,1690362978366
4827;26,483;17,9022544744488
4828;26,487;19,8631262233446
4829;26,492;21,8191867369498
4830;26,496;23,4742516768915
4831;26,501;25,8971193608802
4832;26,505;28,3043798669752
4833;26,509;30,8900081204264
4834;26,514;32,7230887661176
4835;26,518;34,926869223584
4836;26,523;37,6096609604634
4837;26,527;39,9161202198617
4838;26,532;42,6153405650502
4839;26,536;44,7847382922696
4840;26,540;47,0153912590416
4841;26,545;49,3770037034777
4842;26,549;51,7979938322311
4843;26,554;53,6548959599705
4844;26,558;56,6725966119516
4845;26,563;58,4697690137672
4846;26,567;59,5478377604521
4847;26,572;61,9745779021137
4848;26,576;62,7099928183512
4849;26,580;63,9823885318926
4850;26,585;65,2804832827176
4851;26,589;65,3372793285862
4852;26,594;65,1882483817821
4853;26,598;65,3646212267007
4854;26,603;64,9864111939843
4855;26,607;64,8035842529442
4856;26,612;63,2814736931042
4857;26,616;61,8082969165849
4858;26,620;60,5731002661434
4859;26,625;59,0554488999873
4860;26,629;57,0510413390724
4861;26,634;54,4298568833522
4862;26,638;51,981876898091
4863;26,643;49,3818149387682
4864;26,647;46,1944302323944
4865;26,652;44,087109175143
4866;26,656;41,9868289500242
4867;26,660;38,9518782593185
4868;26,665;37,4129870495628
4869;26,669;34,4748478006787
4870;26,674;32,3557920232066
4871;26,678;30,1768891726083
4872;26,683;28,4680792140554
4873;26,687;25,9908797754444
4874;26,692;24,5316673159878
4875;26,696;23,0823120215168
4876;26,700;21,44132874584
4877;26,705;20,1088512647681
4878;26,709;18,2953676018456
4879;26,714;17,013818806532
4880;26,718;16,028219655187
4881;26,723;14,8837323920523
4882;26,727;14,0679346423023
4883;26,731;13,0867946846411
4884;26,736;12,5325638486127
4885;26,740;11,4088470402689
4886;26,745;10,7502945414775
4887;26,749;9,9772111733312
4888;26,754;9,30938824556545
4889;26,758;8,85067803213436
4890;26,763;8,44125364363063
4891;26,767;7,80980834854935
4892;26,771;7,57992517942387
4893;26,776;7,17836305346808
4894;26,780;6,40387151889525
4895;26,785;6,38544800814859
4896;26,789;5,75552822669602
4897;26,794;5,44138976638519
4898;26,798;5,21056781964204
4899;26,803;5,04416948691109
4900;26,807;4,70667893336087
4901;26,811;4,5795919133696
4902;26,816;4,27789225649282
4903;26,820;4,3201372492877
4904;26,825;4,04671826814305
4905;26,829;3,80463098998794
4906;26,834;3,50844665161493
4907;26,838;3,53062527283224
4908;26,843;3,17342038931108
4909;26,847;3,08799162610365
4910;26,851;3,17834897180381
4911;26,856;2,94119027614144
4912;26,860;2,75237862778876
4913;26,865;2,56943433954648
4914;26,869;2,41101561656567
4915;26,874;2,45912796947095
4916;26,878;2,45290856775393
4917;26,883;2,32171439568538
4918;26,887;2,04465765127228
4919;26,891;1,97624423238501
4920;26,896;1,98844834141464
4921;26,900;1,8953920100637
4922;26,905;1,77147336453204
4923;26,909;1,73239674619678
4924;26,914;1,82744797998526
4925;26,918;1,6506057462578
4926;26,923;1,49570743934323
4927;26,927;1,53795243213811
4928;26,931;1,34949282539206
4929;26,936;1,46813084682435
4930;26,940;1,40699295447398
4931;26,945;1,4629675699272
4932;26,949;1,33059992583657
4933;26,954;1,19670676811723
4934;26,958;1,31616621996498
4935;26,962;1,21689048689701
4936;26,967;1,23097215116197
4937;26,971;1,07079322014805
4938;26,976;1,12395150274827
4939;26,980;1,10118614551992
4940;26,985;1,08276263477326
4941;26,989;1,02361964486043
4942;26,994;0,929976577498439
4943;26,998;0,911318372347366
4944;27,002;0,985481804142826
4945;27,007;0,920002065310759
4946;27,011;0,960134808465896
4947;27,016;0,737527165877311
4948;27,020;0,676741315133565
4949;27,025;0,747384330862784
4950;27,029;0,865905005092868
4951;27,034;0,760644564712288
4952;27,038;0,657965762780284
4953;27,042;0,797726280610018
4954;27,047;0,733772055406655
4955;27,051;0,688593382556573
4956;27,056;0,770853771304384
4957;27,060;0,731307764160287
4958;27,065;0,687537257736701
4959;27,069;0,585914580624569
4960;27,074;0,686011744107997
4961;27,078;0,494149068497909
4962;27,082;0,56936862511324
4963;27,087;0,668292316574588
4964;27,091;0,460001032655379
4965;27,096;0,638720821618171
4966;27,100;0,641537154471163
4967;27,105;0,460822463070835
4968;27,109;0,52407260506095
4969;27,114;0,477720460188788
4970;27,118;0,538154269325911
4971;27,122;0,492388860464789
4972;27,127;0,38935801692616
4973;27,131;0,481475570659444
4974;27,136;0,407429486066193
4975;27,140;0,450730603680947
4976;27,145;0,414822359805298
4977;27,149;0,380204935153936
4978;27,153;0,448618354041203
4979;27,158;0,351454870612975
4980;27,162;0,462582671103956
4981;27,167;0,361194688396239
4982;27,171;0,322470111667598
4983;27,176;0,358261008341039
4984;27,180;0,391587613768113
4985;27,185;0,27529653637998
4986;27,189;0,36823552052872
4987;27,193;0,349342620973231
4988;27,198;0,298765976821581
4989;27,202;0,280459813277132
4990;27,207;0,358613049947663
4991;27,211;0,27588327239102
4992;27,216;0,338898719976718
4993;27,220;0,360490605182991
4994;27,225;0,354623245072591
4995;27,229;0,260041400092939
4996;27,233;0,299235365630413
4997;27,238;0,328924207789038
4998;27,242;0,189633078768136
4999;27,247;0,274475105964524
5000;27,251;0,304750684134189
5001;27,256;0,242791361368362
5002;27,260;0,288087381420652
5003;27,265;0,347699760142319
5004;27,269;0,37116920058392
5005;27,273;0,307801711391597
5006;27,278;0,164286083091207
5007;27,282;0,220026004140009
5008;27,287;0,256638331228907
5009;27,291;0,203949437437513
5010;27,296;0,32352623648747
5011;27,300;0,32645991654267
5012;27,305;0,131076824866342
5013;27,309;0,23528114042705
5014;27,313;0,204301479044137
5015;27,318;0,294424130339884
5016;27,322;0,177428969738504
5017;27,327;0,180714691400328
5018;27,331;0,1993728965514
5019;27,336;0,221316823364297
5020;27,340;0,207704547908169
5021;27,344;0,224719892228329
5022;27,349;0,196673910900616
5023;27,353;0,263913857765803
5024;27,358;0,242087278155114
5025;27,362;0,231643377158602
5026;27,367;0,264617940979051
5027;27,371;0,198316771731528
5028;27,376;0,206883117492713
5029;27,380;0,192801453227752
5030;27,384;0,181888163422408
5031;27,389;0,186934093117352
5032;27,393;0,222372948184169
5033;27,398;0,1817708162202
5034;27,402;0,255230164802411
5035;27,407;0,295949643968588
5036;27,411;0,149735030017414
5037;27,416;0,228475002698986
5038;27,420;0,119342104645541
5039;27,424;0,246546471839018
5040;27,429;0,182709593837864
5041;27,433;0,18822491234164
5042;27,438;0,189633078768136
5043;27,442;0,214510685636233
5044;27,447;0,131076824866342
5045;27,451;0,172148345639143
5046;27,456;0,1847044962754
5047;27,460;0,167337110348615
5048;27,464;0,163699347080167
5049;27,469;0,156189126138855
5050;27,473;0,169097318381735
5051;27,478;0,119342104645541
5052;27,482;0,18881164835268
5053;27,487;0,24114850053745
5054;27,491;0,173087123256807
5055;27,496;0,158418722980807
5056;27,500;0,24701586064785
5057;27,504;0,070290974122595
5058;27,509;0,109836981266693
5059;27,513;0,144337058715846
5060;27,518;0,183061635444488
5061;27,522;0,265674065798923
5062;27,527;0,218500490511305
5063;27,531;0,140816642649606
5064;27,535;0,176724886525255
5065;27,540;0,144571753120262
5066;27,544;0,233051543585098
5067;27,549;0,123331909520613
5068;27,553;0,217327018489225
5069;27,558;0,196321869293992
5070;27,562;0,13119417206855
5071;27,567;0,171209568021479
5072;27,571;0,0878930544537957
5073;27,575;0,137413573785574
5074;27,580;0,176138150514215
5075;27,584;0,0692348493027229
5076;27,589;0,23410766840497
5077;27,593;0,187872870735016
5078;27,598;0,135770712954662
5079;27,602;0,174260595278887
5080;27,607;0,156658514947687
5081;27,611;0,232699501978474
5082;27,615;0,239036250897706
5083;27,620;0,195735133282952
5084;27,624;0,214628032838441
5085;27,629;0,136240101763494
5086;27,633;0,0822603887478115
5087;27,638;0,118285979825669
5088;27,642;0,108546162042405
5089;27,647;0,0963420530127721
5090;27,651;0,166985068741991
5091;27,655;0,166985068741991
5092;27,660;0,162995263866919
5093;27,664;0,14292889228935
5094;27,669;0,211811699985449
5095;27,673;0,121337007083077
5096;27,678;0,129316616833221
5097;27,682;0,046704186478786
5098;27,687;0,0835512079720995
5099;27,691;0,206648423088297
5100;27,695;0,171092220819271
5101;27,700;0,175786108907591
5102;27,704;0,149148294006374
5103;27,709;0,186112662701896
5104;27,713;0,143398281098182
5105;27,718;0,128377839215557
5106;27,722;0,192801453227752
5107;27,726;0,127556408800101
5108;27,731;0,147857474782086
5109;27,735;0,227888266687946
5110;27,740;0,166515679933159
5111;27,744;0,15055646043287
5112;27,749;0,172265692841351
5113;27,753;0,146801349962214
5114;27,758;0,216974976882601
5115;27,762;0,226714794665866
5116;27,766;0,205122909459593
5117;27,771;0,315781321141741
5118;27,775;0,428904024070258
5119;27,780;0,404261111606577
5120;27,784;0,368704909337552
5121;27,789;0,659843318015612
5122;27,793;0,801246696676258
5123;27,798;0,826241650746563
5124;27,802;1,25232934196383
5125;27,806;1,39795721990396
5126;27,811;1,68264153246058
5127;27,815;2,10825983486902
5128;27,820;2,56485779866036
5129;27,824;2,74252146280328
5130;27,829;3,50574766596415
5131;27,833;4,05997850199256
5132;27,838;4,79410259900583
5133;27,842;5,54007876344212
5134;27,846;6,51934116586792
5135;27,851;7,24689381955755
5136;27,855;7,96541073867717
5137;27,860;8,7575043535812
5138;27,864;9,92639983477514
5139;27,869;11,3957041536216
5140;27,873;12,6177579174157
5141;27,878;13,5187497359688
5142;27,882;14,9519111165352
5143;27,886;16,0627197326361
5144;27,891;17,2465183085105
5145;27,895;18,7529043432546
5146;27,900;19,4864417042569
5147;27,904;21,3747928821881
5148;27,909;22,0342841585971
5149;27,913;23,4176903254273
5150;27,918;24,3885037292941
5151;27,922;25,1789544833672
5152;27,926;26,2240486662317
5153;27,931;27,0612036067836
5154;27,935;27,8720727740409
5155;27,940;28,527691592777
5156;27,944;28,7916054505428
5157;27,949;29,4404181315509
5158;27,953;29,9350365888576
5159;27,957;29,2527799552203
5160;27,962;29,9146181756735
5161;27,966;29,5212703538722
5162;27,971;29,4148364414696
5163;27,975;28,6362377548194
5164;27,980;28,1216702731373
5165;27,984;27,9136136836226
5166;27,989;26,4204878827279
5167;27,993;25,8812774885821
5168;27,997;25,1708575264149
5169;28,002;24,4616110362697
5170;28,006;23,272531836296
5171;28,011;22,1221772130509
5172;28,015;21,1487821707355
5173;28,020;20,3181986735072
5174;28,024;19,1965941148031
5175;28,029;18,1112498415813
5176;28,033;17,3928502696639
5177;28,037;16,3099702876884
5178;28,042;15,6234891547716
5179;28,046;14,4082415287055
5180;28,051;13,659918420225
5181;28,055;12,7576357824477
5182;28,060;11,5758321090109
5183;28,064;11,3045253775059
5184;28,069;10,4981154039325
5185;28,073;10,0061959322766
5186;28,077;9,31443417526039
5187;28,082;8,7149073191797
5188;28,086;8,23824298381078
5189;28,091;7,96658421069925
5190;28,095;7,02968414827054
5191;28,100;6,73631614275052
5192;28,104;6,28687635829387
5193;28,109;5,62104833296565
5194;28,113;5,47025717812836
5195;28,117;5,14332787277686
5196;28,122;4,94372028182104
5197;28,126;4,3538158963214
5198;28,131;4,27707082607736
5199;28,135;3,81096773890717
5200;28,140;3,81472284937783
5201;28,144;3,380420854006
5202;28,148;3,19524696892177
5203;28,153;3,02509352572016
5204;28,157;3,02556291452899
5205;28,162;2,92417493182128
5206;28,166;2,61191402674577
5207;28,171;2,43061259933441
5208;28,175;2,37980126077834
5209;28,180;2,09652511464822
5210;28,184;2,16470383913107
5211;28,188;1,84845312918049
5212;28,193;1,86394295987195
5213;28,197;1,70270790403815
5214;28,202;1,70681505611543
5215;28,206;1,66151903606314
5216;28,211;1,52856465596147
5217;28,215;1,64591185816948
5218;28,220;1,4864370103688
5219;28,224;1,39361537342227
5220;28,228;1,29527841797196
5221;28,233;1,2753293935966
5222;28,237;1,3060743605751
5223;28,242;1,10646676961928
5224;28,246;1,22017620855884
5225;28,251;1,14014541665298
5226;28,255;1,06856362330609
5227;28,260;1,03453293466577
5228;28,264;0,93936435367508
5229;28,268;0,861915200217796
5230;28,273;0,93995108968612
5231;28,277;0,836802898945283
5232;28,282;0,685777049703581
5233;28,286;0,837389634956323
5234;28,291;0,769445604877888
5235;28,295;0,812159986481602
5236;28,300;0,714527114244542
5237;28,304;0,720042432748318
5238;28,308;0,57992987331196
5239;28,313;0,643649404110907
5240;28,317;0,594715620790169
5241;28,322;0,601404411316025
5242;28,326;0,559863501734392
5243;28,331;0,496848054148693
5244;28,335;0,560332890543224
5245;28,339;0,540383866167863
5246;28,344;0,502246025450261
5247;28,348;0,515036870490934
5248;28,353;0,588613566275353
5249;28,357;0,453781630938355
5250;28,362;0,38173044878264
5251;28,366;0,461174504677459
5252;28,371;0,461526546284083
5253;28,375;0,444276507559507
5254;28,379;0,402735597977873
5255;28,384;0,504123580685589
5256;28,388;0,460353074262003
5257;28,393;0,510695024009237
5258;28,397;0,484526597916852
5259;28,402;0,620649352478138
5260;28,406;0,571246180348568
5261;28,411;0,620062616467098
5262;28,415;0,747736372469408
5263;28,419;0,734358791417695
5264;28,424;1,01247166065067
5265;28,428;1,13193111249842
5266;28,433;1,17992611820149
5267;28,437;1,38012044516835
5268;28,442;1,61528423839319
5269;28,446;1,86593786230949
5270;28,451;2,2590509897063
5271;28,455;2,90739428190553
5272;28,459;3,15581830897988
5273;28,464;3,88642198992692
5274;28,468;4,52021422905235
5275;28,473;5,2348586904991
5276;28,477;6,32501419901147
5277;28,482;7,17906713668133
5278;28,486;7,82013490234366
5279;28,491;9,09839797599546
5280;28,495;10,2777373581859
5281;28,499;11,8120520270556
5282;28,504;12,8785034007219
5283;28,508;14,589073567308
5284;28,513;16,0712860783973
5285;28,517;18,1993775904395
5286;28,522;19,8943405791319
5287;28,526;21,9320747454739
5288;28,530;24,1587379073708
5289;28,535;26,1654924123299
5290;28,539;28,2911196331257
5291;28,544;30,7157475251475
5292;28,548;33,1100998389996
5293;28,553;34,7386443112423
5294;28,557;37,2605530338946
5295;28,562;39,9007477363725
5296;28,566;41,9063287693095
5297;28,570;43,3296329848904
5298;28,575;46,4625685894397
5299;28,579;48,4584098045934
5300;28,584;50,4932102908802
5301;28,588;52,4606534830997
5302;28,593;54,122876602376
5303;28,597;54,8337659533521
5304;28,602;56,7872448285088
5305;28,606;58,086043662547
5306;28,610;58,7422492172942
5307;28,615;59,2666738639617
5308;28,619;58,8173514267073
5309;28,624;59,8781701346676
5310;28,628;59,4324854606816
5311;28,633;58,1918908389386
5312;28,637;57,9094361232239
5313;28,642;57,0719291410654
5314;28,646;54,3932445562633
5315;28,650;54,4022802908333
5316;28,655;52,1548466741456
5317;28,659;50,7419863595612
5318;28,664;47,2240345845674
5319;28,668;45,9705317705815
5320;28,673;43,6495214581094
5321;28,677;41,5905474481677
5322;28,682;39,8655435757101
5323;28,686;37,8472890449346
5324;28,690;35,1484207413527
5325;28,695;33,117610059941
5326;28,699;31,497397239055
5327;28,704;29,6674849678234
5328;28,708;27,5673220899067
5329;28,713;26,0014410236431
5330;28,717;24,232197255953
5331;28,722;22,4532136704797
5332;28,726;20,9146745023305
5333;28,730;19,5371356956107
5334;28,735;18,6090366733476
5335;28,739;17,6121721905906
5336;28,744;16,3004651643096
5337;28,748;14,8221251108931
5338;28,753;14,5020019432697
5339;28,757;13,8690311345597
5340;28,761;12,7583398656609
5341;28,766;11,4623573644757
5342;28,770;10,9085959172561
5343;28,775;10,4151509319715
5344;28,779;9,88227728674493
5345;28,784;9,13066845660266
5346;28,788;8,74459616133832
5347;28,793;8,42130461925527
5348;28,797;7,67462437160573
5349;28,801;7,44450650807583
5350;28,806;6,87783686861338
5351;28,810;6,40128988044667
5352;28,815;5,80469670442117
5353;28,819;5,95196744319222
5354;28,824;5,60778809911614
5355;28,828;5,10366451843055
5356;28,833;4,99840407804997
5357;28,837;4,55107654323306
5358;28,841;4,61972465652474
5359;28,846;4,29842801687922
5360;28,850;3,99532019357594
5361;28,855;3,68728378777993
5362;28,859;3,59317133160911
5363;28,864;3,33993606924424
5364;28,868;3,46432410358472
5365;28,873;3,30743089423262
5366;28,877;3,11486413540928
5367;28,881;2,94576681702755
5368;28,886;2,81762367221641
5369;28,890;2,73407246424431
5370;28,895;2,52132198664119
5371;28,899;2,3410766840497
5372;28,904;2,44363813877949
5373;28,908;2,21316823364297
5374;28,913;2,12820885924438
5375;28,917;2,1622395478847
5376;28,921;1,96779523382603
5377;28,926;2,02822904296316
5378;28,930;1,92144308895387
5379;28,935;1,75246311777435
5380;28,939;1,89609609327694
5381;28,944;1,63053937468023
5382;28,948;1,55074327717879
5383;28,952;1,66433536891613
5384;28,957;1,59099336753613
5385;28,961;1,41767154987491
5386;28,966;1,37225818262041
5387;28,970;1,31956928882902
5388;28,975;1,44606957280924
5389;28,979;1,14155358307947
5390;28,984;1,12700253000568
5391;28,988;1,40417662162099
5392;28,992;1,12090047549086
5393;28,997;1,20245678102543
5394;29,001;1,15000258163845
5395;29,006;1,03019108818408
5396;29,010;1,02831353294875
5397;29,015;0,982548124087625
5398;29,019;1,00237980126078
5399;29,024;0,940068436888328
5400;29,028;0,926690855836615
5401;29,032;0,863675408250916
5402;29,037;0,790216059668705
5403;29,041;0,846542716728548
5404;29,046;0,797374239003394
5405;29,050;0,796787502992354
5406;29,055;0,743511873189919
5407;29,059;0,857456006533892
5408;29,064;0,684368883277085
5409;29,068;0,785170129973761
5410;29,072;0,7564200654328
5411;29,077;0,667705580563548
5412;29,081;0,741516970752383
5413;29,086;0,717226099895326
5414;29,090;0,656322901949372
5415;29,095;0,635435099956347
5416;29,099;0,624756504555418
5417;29,104;0,524424646667574
5418;29,108;0,547190003895927
5419;29,112;0,527358326722774
5420;29,117;0,559159418521144
5421;29,121;0,493797026891285
5422;29,126;0,557281863285816
5423;29,130;0,382434531995888
5424;29,135;0,495791929328821
5425;29,139;0,421041761522322
5426;29,143;0,473613308111508
5427;29,148;0,453898978140563
5428;29,152;0,378327379918608
5429;29,157;0,369761034157424
5430;29,161;0,311204780255629
5431;29,166;0,401679473158001
5432;29,170;0,33936810878555
5433;29,175;0,359082438756495
5434;29,179;0,298061893608333
5435;29,183;0,346526288120239
5436;29,188;0,419516247893618
5437;29,192;0,293015963913388
5438;29,197;0,231526029956394
5439;29,201;0,323291542083054
5440;29,206;0,235046446022634
5441;29,210;0,344648732884911
5442;29,215;0,308271100200429
5443;29,219;0,297005768788461
5444;29,223;0,333618095877358
5445;29,228;0,204653520650761
5446;29,232;0,267786315438667
5447;29,237;0,208291283919209
5448;29,241;0,269781217876203
5449;29,246;0,156189126138855
5450;29,250;0,336903817539182
5451;29,255;0,314255807513037
5452;29,259;0,259806705688523
5453;29,263;0,246781166243434
5454;29,268;0,304750684134189
5455;29,272;0,284332270949996
5456;29,277;0,111362494895397
5457;29,281;0,260510788901771
5458;29,286;0,156189126138855
5459;29,290;0,141403378660646
5460;29,295;0,145393183535718
5461;29,299;0,240327070121994
5462;29,303;0,249597499096427
5463;29,308;0,229765821923274
5464;29,312;0,212281088794281
5465;29,317;0,255464859206827
5466;29,321;0,173321817661223
5467;29,326;0,214158644029609
5468;29,330;0,156775862149895
5469;29,334;0,135770712954662
5470;29,339;0,17942387217604
5471;29,343;0,150791154837286
5472;29,348;0,136826837774534
5473;29,352;0,136240101763494
5474;29,357;0,13119417206855
5475;29,361;0,186582051510728
5476;29,366;0,154428918105735
5477;29,370;0,149030946804166
5478;29,374;0,174847331289927
5479;29,379;0,183413677051112
5480;29,383;0,162877916664711
5481;29,388;0,214158644029609
5482;29,392;0,160413625418343
5483;29,397;0,28233736851246
5484;29,401;0,179189177771624
5485;29,406;0,186699398712936
5486;29,410;0,193153494834376
5487;29,414;0,233638279596138
5488;29,419;0,220612740151049
5489;29,423;0,108546162042405
5490;29,428;0,173556512065639
5491;29,432;0,18294428824228
5492;29,437;0,175668761705383
5493;29,441;0,0623113643724506
5494;29,446;0,164168735888999
5495;29,450;0,135066629741414
5496;29,454;0,216622935275977
5497;29,459;0,172030998436935
5498;29,463;0,111949230906437
5499;29,468;0,149852377219622
5500;29,472;0,117933938219045
5501;29,477;0,121454354285285
5502;29,481;0,13178090807959
5503;29,486;0,105495134784996
5504;29,490;0,186934093117352
5505;29,494;0,0654797388320668
5506;29,499;0,153255446083654
5507;29,503;0,146097266748966
5508;29,508;0,174025900874471
5509;29,512;0,155367695723399
5510;29,517;0,161821791844839
5511;29,521;0,100918593898884
5512;29,525;0,17825040015396
5513;29,530;0,148326863590918
5514;29,534;0,154311570903527
5515;29,539;0,167571804753031
5516;29,543;0,122627826307365
5517;29,548;0,156423820543271
5518;29,552;0,101622677112132
5519;29,557;0,183296329848904
5520;29,561;0,202423923808809
5521;29,565;0,181888163422408
5522;29,570;0,104791051571748
5523;29,574;0,159826889407303
5524;29,579;0,131428866472966
5525;29,583;0,196673910900616
5526;29,588;0,18001060818708
5527;29,592;0,0902399984979558
5528;29,597;0,168275887966279
5529;29,601;0,111597189299813
5530;29,605;0,204770867852969
5531;29,610;0,141051337054022
5532;29,614;0,137765615392198
5533;29,619;0,119928840656581
5534;29,623;0,174729984087719
5535;29,628;0,215332116051689
5536;29,632;0,102561454729796
5537;29,637;0,0765103758396192
5538;29,641;0,131428866472966
5539;29,645;0,123683951127237
5540;29,650;0,0597297259238745
5541;29,654;0,126030895171397
5542;29,659;0,121806395891909
5543;29,663;0,0969287890238121
5544;29,668;0,145627877940134
5545;29,672;0,207235159099337
5546;29,677;0,0755715982219552
5547;29,681;0,121571701487493
5548;29,685;0,133775810517126
5549;29,690;0,157597292565351
5550;29,694;0,170857526414855
5551;29,699;0,201485146191144
5552;29,703;0,254878123195787
5553;29,708;0,137765615392198
5554;29,712;0,0727552653689631
5555;29,717;0,217444365691433
5556;29,721;0,0490511305229461
5557;29,725;0,0609031979459546
5558;29,730;0,202071882202185
5559;29,734;0,139525823425318
5560;29,739;0,142576850682726
5561;29,743;0,118051285421253
5562;29,748;0,109367592457861
5563;29,752;0,172383040043559
5564;29,756;0,124035992733861
5565;29,761;0,116643118994757
5566;29,765;0,164168735888999
5567;29,770;0,140347253840774
5568;29,774;0,150204418826246
5569;29,779;0,113005355726309
5570;29,783;0,155954431734439
5571;29,788;0,0868369296339237
5572;29,792;0,154780959712359
5573;29,796;0,161939139047047
5574;29,801;0,14351562830039
5575;29,805;0,0267551621034251
5576;29,810;0,111245147693189
5577;29,814;0,186934093117352
5578;29,819;0,195148397271912
5579;29,823;0,112183925310853
5580;29,828;0,133893157719334
5581;29,832;0,112888008524101
5582;29,836;0,135183976943622
5583;29,841;0,158888111789639
5584;29,845;0,0694695437071389
5585;29,850;0,212163741592073
5586;29,854;0,157949334171975
5587;29,859;0,119342104645541
5588;29,863;0,119342104645541
5589;29,868;0,170974873617063
5590;29,872;0,195617786080744
5591;29,876;0,146684002760006
5592;29,881;0,121102312678661
5593;29,885;0,120984965476453
5594;29,890;0,109836981266693
5595;29,894;0,24290870857057
5596;29,899;0,256286289622283
5597;29,903;0,0996277746745962
5598;29,908;0,19995963256244
5599;29,912;0,130138047248678
5600;29,916;0,143163586693766
5601;29,921;0,160883014227175
5602;29,925;0,19409227245204
5603;29,930;0,126382936778021
5604;29,934;0,215332116051689
5605;29,939;0,110071675671109
5606;29,943;0,101857371516548
5607;29,947;0,19526574447412
5608;29,952;0,220143351342217
5609;29,956;0,149852377219622
5610;29,961;0,120163535060997
5611;29,965;0,115234952568261
5612;29,970;0,126148242373605
5613;29,974;0,10232676032538
5614;29,979;0,0976328722370601
5615;29,983;0,202775965415433
5616;29,987;0,165811596719911
5617;29,992;0,13706153217895
5618;29,996;0,159826889407303
5619;30,001;0,130959477664134
5620;30,005;0,0897706096891238
5621;30,010;0,13295438010167
5622;30,014;0,166867721539783
5623;30,019;0,146331961153382
5624;30,023;0,145745225142342
5625;30,027;0,141403378660646
5626;30,032;0,071347098942467
5627;30,036;0,152668710072614
5628;30,041;0,103734926751876
5629;30,045;0,128612533619973
5630;30,050;0,162877916664711
5631;30,054;0,145510530737926
5632;30,059;0,157245250958727
5633;30,063;0,19878616054036
5634;30,067;0,131898255281798
5635;30,072;0,108428814840197
5636;30,076;0,19233206441892
5637;30,081;0,0722858765601311
5638;30,085;0,167806499157447
5639;30,090;0,135653365752454
5640;30,094;0,166280985528743
5641;30,099;0,132132949686214
5642;30,103;0,143398281098182
5643;30,107;0,153607487690278
5644;30,112;0,0935257201597799
5645;30,116;0,161117708631591
5646;30,121;0,14586257234455
5647;30,125;0,131076824866342
5648;30,130;0,13295438010167
5649;30,134;0,09587266420394
5650;30,138;0,183296329848904
5651;30,143;0,148913599601958
5652;30,147;0,137178879381158
5653;30,152;0,215214768849481
5654;30,156;0,225541322643786
5655;30,161;0,173439164863431
5656;30,165;0,194561661260872
5657;30,170;0,119928840656581
5658;30,174;0,142694197884934
5659;30,178;0,0909440817112038
5660;30,183;0,128143144811141
5661;30,187;0,155133001318983
5662;30,192;0,112301272513061
5663;30,196;0,138469698605446
5664;30,201;0,122158437498533
5665;30,205;0,14820951638871
5666;30,210;0,147270738771046
5667;30,214;0,161704444642631
5668;30,218;0,15290340447703
5669;30,223;0,131663560877382
5670;30,227;0,202658618213225
5671;30,232;0,0975155250348521
5672;30,236;0,205826992672841
5673;30,241;0,140229906638566
5674;30,245;0,223546420206249
5675;30,250;0,203949437437513
5676;30,254;0,110071675671109
5677;30,258;0,22706683627249
5678;30,263;0,190219814779176
5679;30,267;0,227184183474698
5680;30,272;0,104556357167332
5681;30,276;0,180714691400328
5682;30,281;0,104204315560708
5683;30,285;0,143163586693766
5684;30,290;0,15172993245495
5685;30,294;0,215918852062729
5686;30,298;0,0736940429866271
5687;30,303;0,0743981261998751
5688;30,307;0,0929389841487399
5689;30,312;0,155602390127815
5690;30,316;0,158653417385223
5691;30,321;0,120984965476453
5692;30,325;0,140464601042982
5693;30,329;0,143632975502598
5694;30,334;0,24114850053745
5695;30,338;0,127791103204517
5696;30,343;0,167102415944199
5697;30,347;0,130724783259718
5698;30,352;0,0873063184427557
5699;30,356;0,118403327027877
5700;30,361;0,203597395830889
5701;30,365;0,14410236431143
5702;30,369;0,121102312678661
5703;30,374;0,167219763146407
5704;30,378;0,199255549349192
5705;30,383;0,198316771731528
5706;30,387;0,095755317001732
5707;30,392;0,215918852062729
5708;30,396;0,103030843538628
5709;30,401;0,129081922428805
5710;30,405;0,132602338495046
5711;30,409;0,161235055833799
5712;30,414;0,121102312678661
5713;30,418;0,206296381481673
5714;30,423;0,159357500598471
5715;30,427;0,247133207850058
5716;30,432;0,195031050069704
5717;30,436;0,390883530554864
5718;30,441;0,310735391446797
5719;30,445;0,352628342635055
5720;30,449;0,557751252094647
5721;30,454;0,521373619410166
5722;30,458;0,784700741164929
5723;30,463;0,790098712466497
5724;30,467;0,964124613340969
5725;30,472;1,32790094018578
5726;30,476;1,45158489131302
5727;30,481;2,03808620794863
5728;30,485;2,368887970973
5729;30,489;2,72163366081026
5730;30,494;3,29381861877649
5731;30,498;3,81566162699549
5732;30,503;4,57888783015635
5733;30,507;4,9738785127885
5734;30,512;5,57340536886919
5735;30,516;7,00093408372958
5736;30,520;7,64716512628906
5737;30,525;8,58242232788686
5738;30,529;9,92557840435968
5739;30,534;10,6611106677995
5740;30,538;11,7056181146529
5741;30,543;12,953018874124
5742;30,547;14,0708683223575
5743;30,552;15,4229427861981
5744;30,556;16,2097557770028
5745;30,560;17,4197227789695
5746;30,565;18,2811685903785
5747;30,569;19,9099477570256
5748;30,574;20,6323371338181
5749;30,578;22,1409527654042
5750;30,583;22,6157395455378
5751;30,587;23,4507822364499
5752;30,592;23,9600690940327
5753;30,596;24,6703717089977
5754;30,600;25,4883990555897
5755;30,605;25,9989767323967
5756;30,609;26,1607985242416
5757;30,614;26,2915233075013
5758;30,618;27,0234178076726
5759;30,623;27,2931990255488
5760;30,627;25,9364306736199
5761;30,632;25,9395990480795
5762;30,636;25,7823537971208
5763;30,640;25,2681383570453
5764;30,645;25,0758062926264
5765;30,649;24,1403143966242
5766;30,654;23,6503898274057
5767;30,658;22,4306830076557
5768;30,663;21,8561511056453
5769;30,667;21,2188384504537
5770;30,672;19,9291926981877
5771;30,676;18,9306853545998
5772;30,680;18,1703928314941
5773;30,685;17,0675638251433
5774;30,689;16,4625216505588
5775;30,694;15,3391568838216
5776;30,698;14,8398445384265
5777;30,703;14,0333172176509
5778;30,707;13,3715963444
5779;30,712;12,7353398140282
5780;30,716;11,8342306482729
5781;30,720;11,0583309472736
5782;30,725;10,2218800899349
5783;30,729;9,79497096830217
5784;30,734;9,42251094849397
5785;30,738;8,43069239543191
5786;30,743;8,09989063240754
5787;30,747;7,72437958534193
5788;30,751;6,86809705083011
5789;30,756;6,47404514581563
5790;30,760;6,37148369108584
5791;30,765;5,74696188093483
5792;30,769;5,45007345934858
5793;30,774;5,3712161394648
5794;30,778;4,71360241829114
5795;30,783;4,57525006688791
5796;30,787;4,1925808404876
5797;30,791;3,74290636162653
5798;30,796;3,93676393967415
5799;30,800;3,52933445360796
5800;30,805;3,4052984608741
5801;30,809;3,15288462892468
5802;30,814;2,90622080988345
5803;30,818;2,79755730063884
5804;30,823;2,73900104673704
5805;30,827;2,52601587472951
5806;30,831;2,46980656487188
5807;30,836;2,3264082837737
5808;30,840;2,19849983336697
5809;30,845;2,19251512605436
5810;30,849;1,80526935876795
5811;30,854;1,86805011194923
5812;30,858;1,92437676900907
5813;30,863;1,69003440619969
5814;30,867;1,68850889257098
5815;30,871;1,52093708781795
5816;30,876;1,49512070333219
5817;30,880;1,5157738109208
5818;30,885;1,27427326877673
5819;30,889;1,23507930323925
5820;30,894;1,26570692301554
5821;30,898;1,07419628901208
5822;30,903;1,12266068352398
5823;30,907;1,09590552142056
5824;30,911;0,908502039494374
5825;30,916;1,13592091737349
5826;30,920;1,02232882563614
5827;30,925;1,00367062048507
5828;30,929;0,95344601794004
5829;30,934;0,862032547420004
5830;30,938;0,785404824378177
5831;30,942;0,729664903329375
5832;30,947;0,858981520162596
5833;30,951;0,860976422600132
5834;30,956;0,670639260618748
5835;30,960;0,719221002332862
5836;30,965;0,589669691095225
5837;30,969;0,676154579122525
5838;30,974;0,695516867486845
5839;30,978;0,612787089930202
5840;30,982;0,732363888980159
5841;30,987;0,612083006716954
5842;30,991;0,539445088550199
5843;30,996;0,367766131719888
5844;31,000;0,495205193317781
5845;31,005;0,451317339691987
5846;31,009;0,48171026506386
5847;31,014;0,401444778753585
5848;31,018;0,340306886403214
5849;31,022;0,393230474599025
5850;31,027;0,387949850499664
5851;31,031;0,385720253657712
5852;31,036;0,388067197701872
5853;31,040;0,425618302408434
5854;31,045;0,371051853381712
5855;31,049;0,367766131719888
5856;31,054;0,419281553489202
5857;31,058;0,373164103021456
5858;31,062;0,352041606624015
5859;31,067;0,492975596475829
5860;31,071;0,437353022629234
5861;31,076;0,496965401350901
5862;31,080;0,267668968236459
5863;31,085;0,500485817417141
5864;31,089;0,320475209230062
5865;31,094;0,302051698483405
5866;31,098;0,289026159038316
5867;31,102;0,374220227841328
5868;31,107;0,283393493332332
5869;31,111;0,41763869265829
5870;31,116;0,333970137483982
5871;31,120;0,369761034157424
5872;31,125;0,394990682632145
5873;31,129;0,303459864909901
5874;31,133;0,3899447529372
5875;31,138;0,264735288181259
5876;31,142;0,410949902132433
5877;31,147;0,203480048628681
5878;31,151;0,349225273771023
5879;31,156;0,297709852001709
5880;31,160;0,42761320484597
5881;31,165;0,339133414381134
5882;31,169;0,280694507681548
5883;31,173;0,274827147571148
5884;31,178;0,278112869232972
5885;31,182;0,290316978262604
5886;31,187;0,356852841914543
5887;31,191;0,277760827626348
5888;31,196;0,222020906577545
5889;31,200;0,296066991170796
5890;31,205;0,307097628178349
5891;31,209;0,310970085851213
5892;31,213;0,285153701365452
5893;31,218;0,253704651173707
5894;31,222;0,268842440258539
5895;31,227;0,250066887905259
5896;31,231;0,18998512037476
5897;31,236;0,108076773233573
5898;31,240;0,29231188070014
5899;31,245;0,248424027074346
5900;31,249;0,19409227245204
5901;31,253;0,283980229343372
5902;31,258;0,301230268067949
5903;31,262;0,0533929770046423
5904;31,267;0,145627877940134
5905;31,271;0,191041245194632
5906;31,276;0,1876381763306
5907;31,280;0,282454715714668
5908;31,285;0,164051388686791
5909;31,289;0,138000309796614
5910;31,293;0,269077134662955
5911;31,298;0,124505381542693
5912;31,302;0,126734978384645
5913;31,307;0,144219711513638
5914;31,311;0,112770661321893
5915;31,316;0,0860154992184676
5916;31,320;0,113357397332933
5917;31,324;0,222490295386377
5918;31,329;0,172969776054599
5919;31,333;0,168979971179527
5920;31,338;0,135536018550246
5921;31,342;0,14468910032247
5922;31,347;0,179775913782664
5923;31,351;0,103148190740836
5924;31,356;0,259337316879691
5925;31,360;0,140816642649606
5926;31,364;0,110658411682149
5927;31,369;0,163229958271335
5928;31,373;0,111127800490981
5929;31,378;0,125561506362565
5930;31,382;0,129433964035429
5931;31,387;0,0866022352295076
5932;31,391;0,165576902315495
5933;31,396;0,164286083091207
5934;31,400;0,176490192120839
5935;31,404;0,173673859267847
5936;31,409;0,198316771731528
5937;31,413;0,143867669907014
5938;31,418;0,117464549410213
5939;31,422;0,141403378660646
5940;31,427;0,0912961233178279
5941;31,431;0,0486990889163221
5942;31,436;0,0502246025450261
5943;31,440;0,15231666846599
5944;31,444;0,156893209352103
5945;31,449;0,153959529296902
5946;31,453;0,0925869425421159
5947;31,458;0,0666532108541468
5948;31,462;0,116760466196965
5949;31,467;0,0644236140121947
5950;31,471;0,0740460845932511
5951;31,476;0,0914134705200359
5952;31,480;0,170857526414855
5953;31,484;0,19995963256244
5954;31,489;0,177194275334087
5955;31,493;0,069938932515971
5956;31,498;0,183061635444488
5957;31,502;0,0928216369465319
5958;31,507;0,13999521223415
5959;31,511;0,0978675666414761
5960;31,516;0,119576799049957
5961;31,520;0,129903352844261
5962;31,524;0,0896532624869158
5963;31,529;0,221199476162089
5964;31,533;0,165694249517703
5965;31,538;0,128025797608933
5966;31,542;0,169684054392775
5967;31,547;0,0969287890238121
5968;31,551;0,156658514947687
5969;31,555;0,0337959942359054
5970;31,560;0,0842552911853476
5971;31,564;0,100214510685636
5972;31,569;0,193622883643208
5973;31,573;0,168745276775111
5974;31,578;0,123918645531653
5975;31,582;0,129668658439845
5976;31,587;0,120163535060997
5977;31,591;0,165107513506663
5978;31,595;0,201250451786728
5979;31,600;0,176372844918631
5980;31,604;0,123683951127237
5981;31,609;0,128612533619973
5982;31,613;0,145979919546758
5983;31,618;0,0829644719610595
5984;31,622;0,215214768849481
5985;31,627;0,0795614030970274
5986;31,631;0,273184286740236
5987;31,635;0,109250245255653
5988;31,640;0,165694249517703
5989;31,644;0,150439113230662
5990;31,649;0,0847246799941796
5991;31,653;0,135066629741414
5992;31,658;0,139056434616486
5993;31,662;0,185995315499688
5994;31,667;0,069938932515971
5995;31,671;0,159005458991847
5996;31,675;0,113944133343973
5997;31,680;0,163816694282375
5998;31,684;0,164872819102247
5999;31,689;0,130959477664134
6000;31,693;0,175316720098759
6001;31,698;0,125796200766981
6002;31,702;0,120632923869829
6003;31,707;0,156071778936647
6004;31,711;0,0530409353980182
6005;31,715;0,177194275334087
6006;31,720;0,0104439009965124
6007;31,724;0,0803828335124834
6008;31,729;0,105377787582788
6009;31,733;0,14996972442183
6010;31,738;0,129316616833221
6011;31,742;0,132015602484006
6012;31,746;0,0761583342329952
6013;31,751;0,153724834892486
6014;31,755;0,128143144811141
6015;31,760;0,223194378599625
6016;31,764;0,170974873617063
6017;31,769;0,0594950315194585
6018;31,773;0,096107358608356
6019;31,778;0,165459555113287
6020;31,782;0,185173885084232
6021;31,786;0,150908502039494
6022;31,791;0,0815563055345634
6023;31,795;0,158184028576391
6024;31,800;0,104439009965124
6025;31,804;0,144923794726886
6026;31,809;0,119928840656581
6027;31,813;0,149735030017414
6028;31,818;0,161352403036007
6029;31,822;0,121806395891909
6030;31,826;0,128025797608933
6031;31,831;0,220964781757673
6032;31,835;0,137765615392198
6033;31,840;0,151847279657158
6034;31,844;0,0575001290819224
6035;31,849;0,110071675671109
6036;31,853;0,0997451218768042
6037;31,858;0,13354111611271
6038;31,862;0,146331961153382
6039;31,866;0,168393235168487
6040;31,871;0,229883169125482
6041;31,875;0,108780856446821
6042;31,880;0,143280933895974
6043;31,884;0,140347253840774
6044;31,889;0,0790920142881953
6045;31,893;0,168275887966279
6046;31,898;0,0796787502992354
6047;31,902;0,132837032899462
6048;31,906;0,197377994113864
6049;31,911;0,129081922428805
6050;31,915;0,202306576606601
6051;31,920;0,218148448904681
6052;31,924;0,185760621095272
6053;31,929;0,0869542768361317
6054;31,933;0,13706153217895
6055;31,937;0,154428918105735
6056;31,942;0,109836981266693
6057;31,946;0,111479842097605
6058;31,951;0,0875410128471717
6059;31,955;0,143632975502598
6060;31,960;0,0885971376670437
6061;31,964;0,141403378660646
6062;31,969;0,216857629680393
6063;31,973;0,162760569462503
6064;31,977;0,255464859206827
6065;31,982;0,342184441638542
6066;31,986;0,367062048506639
6067;31,991;0,364480410058063
6068;31,995;0,65468004111846
6069;32,000;0,782823185929601
6070;32,004;0,796552808587938
6071;32,009;1,01599207671691
6072;32,013;1,35383467187375
6073;32,017;1,87908074895678
6074;32,022;1,96486155377083
6075;32,026;2,27289795956685
6076;32,031;2,60006195932277
6077;32,035;3,27140530315476
6078;32,040;3,7073501593575
6079;32,044;4,1501011532883
6080;32,049;4,8464394511906
6081;32,053;5,55580328853799
6082;32,057;6,11097290218407
6083;32,062;7,01114329032167
6084;32,066;8,18109489633548
6085;32,071;9,00487225583568
6086;32,075;9,74427697694832
6087;32,080;10,5817839591068
6088;32,084;11,5615157503415
6089;32,089;12,6713855888248
6090;32,093;13,4220556413494
6091;32,097;14,612777702154
6092;32,102;16,0271635303671
6093;32,106;16,8150326459917
6094;32,111;18,3568575358026
6095;32,115;19,426125242322
6096;32,120;20,0130959477664
6097;32,124;21,428303206395
6098;32,128;21,5571504344193
6099;32,133;22,7945766817028
6100;32,137;23,5055833798811
6101;32,142;23,901043451322
6102;32,146;24,7326830733702
6103;32,151;24,7829076759152
6104;32,155;25,1895157315659
6105;32,160;24,8560149828908
6106;32,164;25,1052604403806
6107;32,168;25,4582408246223
6108;32,173;25,295597602362
6109;32,177;25,161939139047
6110;32,182;24,794642396136
6111;32,186;23,8596198889426
6112;32,191;23,5754049651948
6113;32,195;22,7436479959445
6114;32,200;22,0470750036378
6115;32,204;21,0121900273654
6116;32,208;21,0532615481382
6117;32,213;20,20355045695
6118;32,217;18,5998835915754
6119;32,222;18,2373980839549
6120;32,226;17,1827987777115
6121;32,231;16,1436893021597
6122;32,235;15,9446684472149
6123;32,240;15,1956412555212
6124;32,244;14,2355064470553
6125;32,248;13,5855202940251
6126;32,253;12,8551513074825
6127;32,257;11,9543941833339
6128;32,262;10,9001469186972
6129;32,266;10,663692306248
6130;32,271;9,7015625953446
6131;32,275;9,4831794520355
6132;32,280;8,9084128556207
6133;32,284;8,38938618025469
6134;32,288;8,0743089423262
6135;32,293;7,41751665156799
6136;32,297;6,85061231770112
6137;32,302;6,51417788897077
6138;32,306;6,13045253775059
6139;32,311;5,61248198720446
6140;32,315;5,22535356712025
6141;32,319;5,01506738076351
6142;32,324;4,80806691606859
6143;32,328;4,37188736546143
6144;32,333;4,18847368841032
6145;32,337;3,97736607163812
6146;32,342;3,97020789230343
6147;32,346;3,50304868031336
6148;32,351;3,34193097168177
6149;32,355;3,38276779805016
6150;32,359;2,84003698783814
6151;32,364;2,89835854733551
6152;32,368;2,73465920025535
6153;32,373;2,46581675999681
6154;32,377;2,30070924649015
6155;32,382;2,19228043164995
6156;32,386;2,09652511464822
6157;32,391;2,2795867500927
6158;32,395;2,06566280046751
6159;32,399;1,77980501588881
6160;32,404;1,69085583661514
6161;32,408;1,52715648953498
6162;32,413;1,42107461873894
6163;32,417;1,42025318832348
6164;32,422;1,39607966466863
6165;32,426;1,30853865182146
6166;32,431;1,34092647963087
6167;32,435;1,16208934346587
6168;32,439;1,20034453138568
6169;32,444;1,35359997746934
6170;32,448;1,05014011255944
6171;32,453;1,07149730336129
6172;32,457;0,872593795618725
6173;32,462;0,965532779767465
6174;32,466;1,04474214125787
6175;32,471;0,874236656449637
6176;32,475;0,663950470092892
6177;32,479;0,774608881775041
6178;32,484;0,808287528808738
6179;32,488;0,624404462948794
6180;32,493;0,766042536013856
6181;32,497;0,663715775688476
6182;32,502;0,586970705444441
6183;32,506;0,570776791539736
6184;32,511;0,515154217693142
6185;32,515;0,530761395586806
6186;32,519;0,483822514703604
6187;32,524;0,560802279352056
6188;32,528;0,583684983782617
6189;32,533;0,582746206164953
6190;32,537;0,458358171824467
6191;32,542;0,627807531812826
6192;32,546;0,428082593654802
6193;32,550;0,486873541961013
6194;32,555;0,361898771609487
6195;32,559;0,373281450223664
6196;32,564;0,432072398529874
6197;32,568;0,335730345517102
6198;32,573;0,408250916481649
6199;32,577;0,441342827504307
6200;32,582;0,440521397088851
6201;32,586;0,362250813216111
6202;32,590;0,257107720037739
6203;32,595;0,348755884962191
6204;32,599;0,308153752998221
6205;32,604;0,385133517646672
6206;32,608;0,310500697042381
6207;32,613;0,318245612388109
6208;32,617;0,282454715714668
6209;32,622;0,304750684134189
6210;32,626;0,276704702806476
6211;32,630;0,304750684134189
6212;32,635;0,323878278094094
6213;32,639;0,235985223640298
6214;32,644;0,247485249456682
6215;32,648;0,250536276714091
6216;32,653;0,320005820421229
6217;32,657;0,212515783198697
6218;32,662;0,256168942420075
6219;32,666;0,307097628178349
6220;32,670;0,267316926629835
6221;32,675;0,22765357228353
6222;32,679;0,151495238050534
6223;32,684;0,13060743605751
6224;32,688;0,285740437376492
6225;32,693;0,193153494834376
6226;32,697;0,218617837713513
6227;32,702;0,136240101763494
6228;32,706;0,294189435935468
6229;32,710;0,20113310458452
6230;32,715;0,0905920401045798
6231;32,719;0,137178879381158
6232;32,724;0,105025745976164
6233;32,728;0,167923846359655
6234;32,733;0,256755678431115
6235;32,737;0,135770712954662
6236;32,741;0,173439164863431
6237;32,746;0,168275887966279
6238;32,750;0,166985068741991
6239;32,755;0,146566655557798
6240;32,759;0,231408682754186
6241;32,764;0,203010659819849
6242;32,768;0,113826786141765
6243;32,773;0,153724834892486
6244;32,777;0,139056434616486
6245;32,781;0,187286134723976
6246;32,786;0,243260750177194
6247;32,790;0,143632975502598
6248;32,795;0,14234215627831
6249;32,799;0,158536070183015
6250;32,804;0,150204418826246
6251;32,808;0,1817708162202
6252;32,813;0,105612481987204
6253;32,817;0,135536018550246
6254;32,821;0,0637195307989467
6255;32,826;0,111597189299813
6256;32,830;0,162056486249255
6257;32,835;0,150791154837286
6258;32,839;0,157597292565351
6259;32,844;0,123331909520613
6260;32,848;0,0930563313509479
6261;32,853;0,152199321263782
6262;32,857;0,0138469698605446
6263;32,861;0,117581896612421
6264;32,866;0,0923522481376999
6265;32,870;0,0795614030970274
6266;32,875;0,147505433175462
6267;32,879;0,134949282539206
6268;32,884;0,201837187797769
6269;32,888;0,136944184976742
6270;32,893;0,133423768910502
6271;32,897;0,0732246541777951
6272;32,901;0,143280933895974
6273;32,906;0,0986889970569322
6274;32,910;0,194209619654248
6275;32,915;0,0498725609384021
6276;32,919;0,133189074506086
6277;32,924;0,118285979825669
6278;32,928;0,126969672789061
6279;32,932;0,125796200766981
6280;32,937;0,0611378923503706
6281;32,941;0,0992757330679722
6282;32,946;0,123918645531653
6283;32,950;0,121923743094117
6284;32,955;0,113826786141765
6285;32,959;0,158066681374183
6286;32,964;0,1876381763306
6287;32,968;0,185643273893064
6288;32,972;0,148444210793126
6289;32,977;0,167571804753031
6290;32,981;0,190806550790216
6291;32,986;0,0618419755636186
6292;32,990;0,124974770351525
6293;32,995;0,14351562830039
6294;32,999;0,0983369554503082
6295;33,004;0,14644930835559
6296;33,008;0,151847279657158
6297;33,012;0,187990217937224
6298;33,017;0,133658463314918
6299;33,021;0,162995263866919
6300;33,026;0,14410236431143
6301;33,030;0,14410236431143
6302;33,035;0,117816591016837
6303;33,039;0,0932910257553639
6304;33,044;0,147388085973254
6305;33,048;0,100918593898884
6306;33,052;0,159826889407303
6307;33,057;0,0637195307989467
6308;33,061;0,173321817661223
6309;33,066;0,15349014048807
6310;33,070;0,159122806194055
6311;33,075;0,119694146252165
6312;33,079;0,0364949798866895
6313;33,084;0,186699398712936
6314;33,088;0,165694249517703
6315;33,092;0,149265641208582
6316;33,097;0,167923846359655
6317;33,101;0,0576174762841304
6318;33,106;0,255347512004619
6319;33,110;0,13588806015687
6320;33,115;0,182826941040072
6321;33,119;0,222490295386377
6322;33,123;0,229296433114442
6323;33,128;0,134362546528166
6324;33,132;0,166163638326535
6325;33,137;0,175786108907591
6326;33,141;0,0413062151772177
6327;33,146;0,129903352844261
6328;33,150;0,0891838736780838
6329;33,155;0,181536121815784
6330;33,159;0,13471458813479
6331;33,163;0,109367592457861
6332;33,168;0,249480151894219
6333;33,172;0,22706683627249
6334;33,177;0,166280985528743
6335;33,181;0,248306679872138
6336;33,186;0,265674065798923
6337;33,190;0,325638486127214
6338;33,195;0,254760775993579
6339;33,199;0,311204780255629
6340;33,203;0,315194585130701
6341;33,208;0,300408837652493
6342;33,212;0,303459864909901
6343;33,217;0,242674014166154
6344;33,221;0,257811803250987
6345;33,226;0,338077289561262
6346;33,230;0,308740489009261
6347;33,235;0,271306731504907
6348;33,239;0,284566965354412
6349;33,243;0,315781321141741
6350;33,248;0,423271358364274
6351;33,252;0,424444830386354
6352;33,257;0,342653830447374
6353;33,261;0,384312087231216
6354;33,266;0,349342620973231
6355;33,270;0,360725299587407
6356;33,275;0,375628394267824
6357;33,279;0,48288373708594
6358;33,283;0,414587665400881
6359;33,288;0,267668968236459
6360;33,292;0,224250503419497
6361;33,297;0,290082283858188
6362;33,301;0,370465117370672
6363;33,306;0,332209929450862
6364;33,310;0,435710161798322
6365;33,314;0,265791413001131
6366;33,319;0,262036302530475
6367;33,323;0,292194533497932
6368;33,328;0,298179240810541
6369;33,332;0,297944546406125
6370;33,337;0,377271255098736
6371;33,341;0,242674014166154
6372;33,346;0,215918852062729
6373;33,350;0,213806602422985
6374;33,354;0,263092427350347
6375;33,359;0,197377994113864
6376;33,363;0,214628032838441
6377;33,368;0,140933989851814
6378;33,372;0,217679060095849
6379;33,377;0,19115859239684
6380;33,381;0,223077031397417
6381;33,386;0,180362649793704
6382;33,390;0,175199372896551
6383;33,394;0,172500387245767
6384;33,399;0,0916481649244519
6385;33,403;0,0342653830447374
6386;33,408;0,127908450406725
6387;33,412;0,133775810517126
6388;33,417;0,169449359988359
6389;33,421;0,199020854944776
6390;33,426;0,127556408800101
6391;33,430;0,19702595250724
6392;33,434;0,0763930286374112
6393;33,439;0,0644236140121947
6394;33,443;0,126969672789061
6395;33,448;0,214158644029609
6396;33,452;0,103969621156292
6397;33,457;0,147153391568838
6398;33,461;0,134597240932582
6399;33,466;0,164403430293415
6400;33,470;0,112183925310853
6401;33,474;0,149265641208582
6402;33,479;0,167337110348615
6403;33,483;0,156189126138855
6404;33,488;0,0773318062550753
6405;33,492;0,0827297775566435
6406;33,497;0,124505381542693
6407;33,501;0,113240050130725
6408;33,506;0,160530972620551
6409;33,510;0,107255342818117
6410;33,514;0,164990166304455
6411;33,519;0,165576902315495
6412;33,523;0,119107410241125
6413;33,528;0,10232676032538
6414;33,532;0,13060743605751
6415;33,537;0,221668864970921
6416;33,541;0,147270738771046
6417;33,545;0,236219918044714
6418;33,550;0,174729984087719
6419;33,554;0,147153391568838
6420;33,559;0,172735081650183
6421;33,563;0,095755317001732
6422;33,568;0,138704393009862
6423;33,572;0,170036095999399
6424;33,577;0,19585248048516
6425;33,581;0,145158489131302
6426;33,585;0,18705144031956
6427;33,590;0,0553878794421783
6428;33,594;0,109132898053445
6429;33,599;0,150908502039494
6430;33,603;0,109132898053445
6431;33,608;0,13530132414583
6432;33,612;0,130724783259718
6433;33,617;0,152434015668198
6434;33,621;0,168510582370695
6435;33,625;0,147857474782086
6436;33,630;0,176724886525255
6437;33,634;0,0813216111301474
6438;33,639;0,144923794726886
6439;33,643;0,131546213675174
6440;33,648;0,094816539384068
6441;33,652;0,100331857887844
6442;33,657;0,196908605305032
6443;33,661;0,121689048689701
6444;33,665;0,19233206441892
6445;33,670;0,176959580929671
6446;33,674;0,184469801870984
6447;33,679;0,154546265307943
6448;33,683;0,247367902254474
6449;33,688;0,0628981003834907
6450;33,692;0,171796304032519
6451;33,697;0,147505433175462
6452;33,701;0,110541064479941
6453;33,705;0,145041141929094
6454;33,710;0,14175542026727
6455;33,714;0,0518674633759382
6456;33,719;0,121102312678661
6457;33,723;0,124857423149317
6458;33,728;0,159709542205095
6459;33,732;0,121219659880869
6460;33,736;0,196204522091784
6461;33,741;0,173087123256807
6462;33,745;0,193857578047624
6463;33,750;0,142107461873894
6464;33,754;0,167102415944199
6465;33,759;0,172030998436935
6466;33,763;0,172852428852391
6467;33,768;0,220143351342217
6468;33,772;0,115939035781509
6469;33,776;0,151847279657158
6470;33,781;0,118168632623461
6471;33,785;0,19526574447412
6472;33,790;0,179658566580456
6473;33,794;0,130138047248678
6474;33,799;0,180949385804744
6475;33,803;0,123801298329445
6476;33,808;0,143867669907014
6477;33,812;0,138352351403238
6478;33,816;0,0747501678064992
6479;33,821;0,14527583633351
6480;33,825;0,178719788962792
6481;33,830;0,125678853564773
6482;33,834;0,136592143370118
6483;33,839;0,117933938219045
6484;33,843;0,198551466135944
6485;33,848;0,145158489131302
6486;33,852;0,126969672789061
6487;33,856;0,109719634064485
6488;33,861;0,171326915223687
6489;33,865;0,175082025694343
6490;33,870;0,14234215627831
6491;33,874;0,14586257234455
6492;33,879;0,162525875058087
6493;33,883;0,0968114418216041
6494;33,888;0,152199321263782
6495;33,892;0,130490088855302
6496;33,896;0,136005407359078
6497;33,901;0,193153494834376
6498;33,905;0,244316874997066
6499;33,910;0,159474847800679
6500;33,914;0,13764826818999
6501;33,919;0,197495341316072
6502;33,923;0,166633027135367
6503;33,927;0,10643391240266
6504;33,932;0,142459503480518
6505;33,936;0,156658514947687
6506;33,941;0,095755317001732
6507;33,945;0,144219711513638
6508;33,950;0,171796304032519
6509;33,954;0,139760517829734
6510;33,959;0,130372741653094
6511;33,963;0,154663612510151
6512;33,967;0,100918593898884
6513;33,972;0,134362546528166
6514;33,976;0,0835512079720995
6515;33,981;0,119459451847749
6516;33,985;0,255230164802411
6517;33,990;0,186112662701896
6518;33,994;0,113357397332933
6519;33,999;0,244903611008106
6520;34,003;0,200429021371272
6521;34,007;0,190806550790216
6522;34,012;0,195500438878536
6523;34,016;0,130255394450885
6524;34,021;0,13295438010167
6525;34,025;0,13882174021207
6526;34,030;0,209934144750121
6527;34,034;0,0915308177222439
6528;34,039;0,0778011950639073
6529;34,043;0,126030895171397
6530;34,047;0,186347357106312
6531;34,052;0,135536018550246
6532;34,056;0,104439009965124
6533;34,061;0,189281037161512
6534;34,065;0,195735133282952
6535;34,070;0,132837032899462
6536;34,074;0,106903301211493
6537;34,079;0,161704444642631
6538;34,083;0,144219711513638
6539;34,087;0,0875410128471717
6540;34,092;0,0636021835967387
6541;34,096;0,114765563759429
6542;34,101;0,203128007022057
6543;34,105;0,146918697164422
6544;34,110;0,120750271072037
6545;34,114;0,190219814779176
6546;34,118;0,101270635505508
6547;34,123;0,190337161981384
6548;34,127;0,173908553672263
6549;34,132;0,13647479616791
6550;34,136;0,166280985528743
6551;34,141;0,128612533619973
6552;34,145;0,183061635444488
6553;34,150;0,159592195002887
6554;34,154;0,224837239430537
6555;34,158;0,105612481987204
6556;34,163;0,140933989851814
6557;34,167;0,0921175537332839
6558;34,172;0,0898879568913318
6559;34,176;0,168393235168487
6560;34,181;0,0829644719610595
6561;34,185;0,140347253840774
6562;34,190;0,157949334171975
6563;34,194;0,159005458991847
6564;34,198;0,166280985528743
6565;34,203;0,0910614289134118
6566;34,207;0,189750425970344
6567;34,212;0,0800307919058594
6568;34,216;0,0788573198837793
6569;34,221;0,201485146191144
6570;34,225;0,195969827687368
6571;34,230;0,207939242312585
6572;34,234;0,160883014227175
6573;34,238;0,171209568021479
6574;34,243;0,124388034340485
6575;34,247;0,133775810517126
6576;34,252;0,24525565261473
6577;34,256;0,167337110348615
6578;34,261;0,121806395891909
6579;34,265;0,0563266570598424
6580;34,270;0,219321920926761
6581;34,274;0,164286083091207
6582;34,278;0,274592453166732
6583;34,283;0,175668761705383
6584;34,287;0,18235755223124
6585;34,292;0,142459503480518
6586;34,296;0,161235055833799
6587;34,301;0,132837032899462
6588;34,305;0,161704444642631
6589;34,310;0,133893157719334
6590;34,314;0,13060743605751
6591;34,318;0,134245199325958
6592;34,323;0,200898410180104
6593;34,327;0,14410236431143
6594;34,332;0,123801298329445
6595;34,336;0,207821895110377
6596;34,341;0,168393235168487
6597;34,345;0,118520674230085
6598;34,349;0,156306473341063
6599;34,354;0,160765667024967
6600;34,358;0,209582103143497
6601;34,363;0,127673756002309
6602;34,367;0,111479842097605
6603;34,372;0,155837084532231
6604;34,376;0,108428814840197
6605;34,381;0,186816745915144
6606;34,385;0,144337058715846
6607;34,389;0,0890665264758758
6608;34,394;0,14820951638871
6609;34,398;0,110306370075525
6610;34,403;0,137765615392198
6611;34,407;0,111949230906437
6612;34,412;0,186934093117352
6613;34,416;0,124857423149317
6614;34,421;0,107137995615909
6615;34,425;0,0625460587768666
6616;34,429;0,251475054331755
6617;34,434;0,102092065920964
6618;34,438;0,113826786141765
6619;34,443;0,115234952568261
6620;34,447;0,123449256722821
6621;34,452;0,13471458813479
6622;34,456;0,125444159160357
6623;34,461;0,093760414564196
6624;34,465;0,138704393009862
6625;34,469;0,095520622597316
6626;34,474;0,152786057274822
6627;34,478;0,168627929572903
6628;34,483;0,186582051510728
6629;34,487;0,175082025694343
6630;34,492;0,121454354285285
6631;34,496;0,225189281037162
6632;34,501;0,132719685697254
6633;34,505;0,150673807635078
6634;34,509;0,151025849241702
6635;34,514;0,13060743605751
6636;34,518;0,122158437498533
6637;34,523;0,190923897992424
6638;34,527;0,249362804692011
6639;34,532;0,292663922306764
6640;34,536;0,345352816098159
6641;34,540;0,316133362748365
6642;34,545;0,511868496031318
6643;34,549;0,381261059973808
6644;34,554;0,563618612205048
6645;34,558;0,819904901827331
6646;34,563;0,90345610979943
6647;34,567;1,07865548269598
6648;34,572;1,37601329309107
6649;34,576;1,6667996601625
6650;34,580;1,90888693831762
6651;34,585;2,2062447487127
6652;34,589;2,57987824054299
6653;34,594;2,91537389165567
6654;34,598;3,54846204756786
6655;34,603;4,15092258370376
6656;34,607;4,65985739967988
6657;34,612;5,34317015813709
6658;34,616;5,85867641743685
6659;34,620;6,84979088728566
6660;34,625;7,684364189389
6661;34,629;8,52597832362481
6662;34,634;9,3775669700483
6663;34,638;10,2983904657745
6664;34,643;11,5164544246936
6665;34,647;12,4265993250189
6666;34,652;13,0552282872472
6667;34,656;14,2155574226799
6668;34,660;15,061278708993
6669;34,665;15,758555784513
6670;34,669;16,8365071839957
6671;34,674;17,5023352093239
6672;34,678;18,8261289974324
6673;34,683;19,1115173932023
6674;34,687;20,256004656337
6675;34,692;20,5159287092277
6676;34,696;21,0314349685275
6677;34,700;21,2922977990359
6678;34,705;22,038743352281
6679;34,709;22,3650859216215
6680;34,714;21,7905540196111
6681;34,718;22,1756875372577
6682;34,723;22,3718920593495
6683;34,727;22,1202996578156
6684;34,731;22,2831775744803
6685;34,736;21,7210844759039
6686;34,740;21,2274047962148
6687;34,745;20,9546898982834
6688;34,749;20,4741531052417
6689;34,754;19,482569246584
6690;34,758;19,6189266955497
6691;34,763;18,9481700877288
6692;34,767;18,1100763695592
6693;34,771;17,3388705566482
6694;34,776;16,4349450580399
6695;34,780;15,7571476180865
6696;34,785;14,99415610933
6697;34,789;14,8286965542168
6698;34,794;13,8574137615411
6699;34,798;13,25201954535
6700;34,803;12,6147068901583
6701;34,807;12,1080016710242
6702;34,811;11,1745046774595
6703;34,816;10,472416366649
6704;34,820;10,3371150425032
6705;34,825;9,36078632013255
6706;34,829;9,13806133034176
6707;34,834;8,38926883305248
6708;34,838;8,17722243866262
6709;34,843;7,4894504865215
6710;34,847;7,02933210666391
6711;34,851;6,77468867787254
6712;34,856;6,32477950460705
6713;34,860;6,00899818346531
6714;34,865;5,52447158554846
6715;34,869;5,20563923714931
6716;34,874;5,03184803067925
6717;34,878;4,81768938664964
6718;34,883;4,39160169543238
6719;34,887;4,09858573151899
6720;34,891;3,75757476190253
6721;34,896;3,80005444910182
6722;34,900;3,60103359415705
6723;34,905;3,33618095877358
6724;34,909;2,92077186295724
6725;34,914;2,97932811685904
6726;34,918;2,89120036800083
6727;34,922;2,50336786470337
6728;34,927;2,49468417173998
6729;34,931;2,35996958360519
6730;34,936;2,26550508582774
6731;34,940;2,05357603864009
6732;34,945;2,11694352783241
6733;34,949;1,82815206319851
6734;34,954;1,73626920386964
6735;34,958;1,6858099069202
6736;34,962;1,68158540764071
6737;34,967;1,5889984650986
6738;34,971;1,40816642649606
6739;34,976;1,44771243364016
6740;34,980;1,17347202208005
6741;34,985;1,26406406218463
6742;34,989;1,13157907089179
6743;34,994;1,24857423149317
6744;34,998;1,08499223161521
6745;35,002;0,981726693672169
6746;35,007;0,941007214505992
6747;35,011;0,880104016560037
6748;35,016;0,899114263317734
6749;35,020;0,975624639157353
6750;35,025;0,93701740963092
6751;35,029;0,791037490084161
6752;35,034;0,734593485822111
6753;35,038;0,687067868927869
6754;35,042;0,635552447158555
6755;35,047;0,767216008035936
6756;35,051;0,634026933529851
6757;35,056;0,716639363884286
6758;35,060;0,590256427106265
6759;35,065;0,591077857521721
6760;35,069;0,559276765723352
6761;35,074;0,431837704125458
6762;35,078;0,530644048384598
6763;35,082;0,504827663898837
6764;35,087;0,550475725557751
6765;35,091;0,416113179029586
6766;35,096;0,408954999694897
6767;35,100;0,608562590650714
6768;35,105;0,368704909337552
6769;35,109;0,544373671042935
6770;35,113;0,387832503297456
6771;35,118;0,310970085851213
6772;35,122;0,308271100200429
6773;35,127;0,400740695540337
6774;35,131;0,399449876316049
6775;35,136;0,400388653933713
6776;35,140;0,325403791722798
6777;35,145;0,149030946804166
6778;35,149;0,37703656069432
6779;35,153;0,359903869171951
6780;35,158;0,335730345517102
6781;35,162;0,182005510624616
6782;35,167;0,191393286801256
6783;35,171;0,271541425909323
6784;35,176;0,290669019869228
6785;35,180;0,316016015546157
6786;35,185;0,24525565261473
6787;35,189;0,306041503358477
6788;35,193;0,271189384302699
6789;35,198;0,213806602422985
6790;35,202;0,191393286801256
6791;35,207;0,295480255159756
6792;35,211;0,218265796106889
6793;35,216;0,143985017109222
6794;35,220;0,158770764587431
6795;35,225;0,202775965415433
6796;35,229;0,271306731504907
6797;35,233;0,28116389649038
6798;35,238;0,186582051510728
6799;35,242;0,217092324084809
6800;35,247;0,19585248048516
6801;35,251;0,310970085851213
6802;35,256;0,200311674169064
6803;35,260;0,230235210732106
6804;35,265;0,245959735827978
6805;35,269;0,164638124697831
6806;35,273;0,134010504921542
6807;35,278;0,261214872115019
6808;35,282;0,186934093117352
6809;35,287;0,217092324084809
6810;35,291;0,283276146130124
6811;35,296;0,207235159099337
6812;35,300;0,266260801809963
6813;35,305;0,19467900846308
6814;35,309;0,279638382861676
6815;35,313;0,242556666963946
6816;35,318;0,218265796106889
6817;35,322;0,222372948184169
6818;35,327;0,121689048689701
6819;35,331;0,248658721478763
6820;35,336;0,205005562257385
6821;35,340;0,104321662762916
6822;35,344;0,185760621095272
6823;35,349;0,218031101702473
6824;35,353;0,24525565261473
6825;35,358;0,128729880822181
6826;35,362;0,19702595250724
6827;35,367;0,0414235623794257
6828;35,371;0,234929098820426
6829;35,376;0,140347253840774
6830;35,380;0,150791154837286
6831;35,384;0,215097421647273
6832;35,389;0,209464755941289
6833;35,393;0,150204418826246
6834;35,398;0,14058194824519
6835;35,402;0,140112559436358
6836;35,407;0,125561506362565
6837;35,411;0,094347150575236
6838;35,416;0,133189074506086
6839;35,420;0,112418619715269
6840;35,424;0,153959529296902
6841;35,429;0,113592091737349
6842;35,433;0,14116868425623
6843;35,438;0,194913702867496
6844;35,442;0,118872715836709
6845;35,447;0,119342104645541
6846;35,451;0,136709490572326
6847;35,456;0,234929098820426
6848;35,460;0,234577057213802
6849;35,464;0,155954431734439
6850;35,469;0,233638279596138
6851;35,473;0,122862520711781
6852;35,478;0,135418671348038
6853;35,482;0,174964678492135
6854;35,487;0,177546316940711
6855;35,491;0,157362598160935
6856;35,496;0,148913599601958
6857;35,500;0,117112507803589
6858;35,504;0,114178827748389
6859;35,509;0,117464549410213
6860;35,513;0,164286083091207
6861;35,518;0,162056486249255
6862;35,522;0,156306473341063
6863;35,527;0,208995367132457
6864;35,531;0,0854287632074276
6865;35,535;0,177076928131879
6866;35,540;0,118638021432293
6867;35,544;0,10584717639162
6868;35,549;0,070525668527011
6869;35,553;0,137882962594406
6870;35,558;0,157479945363143
6871;35,562;0,130255394450885
6872;35,567;0,14996972442183
6873;35,571;0,138939087414278
6874;35,575;0,13471458813479
6875;35,580;0,179189177771624
6876;35,584;0,0546837962289303
6877;35,589;0,15290340447703
6878;35,593;0,191627981205672
6879;35,598;0,157010556554311
6880;35,602;0,203010659819849
6881;35,607;0,139056434616486
6882;35,611;0,0883624432626277
6883;35,615;0,127791103204517
6884;35,620;0,0765103758396192
6885;35,624;0,127673756002309
6886;35,629;0,133071727303878
6887;35,633;0,156893209352103
6888;35,638;0,153959529296902
6889;35,642;0,100801246696676
6890;35,647;0,222724989790793
6891;35,651;0,122510479105157
6892;35,655;0,19409227245204
6893;35,660;0,207352506301545
6894;35,664;0,100331857887844
6895;35,669;0,176255497716423
6896;35,673;0,220730087353257
6897;35,678;0,19819942452932
6898;35,682;0,101622677112132
6899;35,687;0,159592195002887
6900;35,691;0,227536225081322
6901;35,695;0,0532756298024342
6902;35,700;0,133658463314918
6903;35,704;0,120163535060997
6904;35,709;0,118520674230085
6905;35,713;0,117816591016837
6906;35,718;0,127908450406725
6907;35,722;0,0929389841487399
6908;35,726;0,0848420271963876
6909;35,731;0,198316771731528
6910;35,735;0,186934093117352
6911;35,740;0,132484991292838
6912;35,744;0,197260646911656
6913;35,749;0,107372690020325
6914;35,753;0,150673807635078
6915;35,758;0,152786057274822
6916;35,762;0,104908398773956
6917;35,766;0,257929150453195
6918;35,771;0,138704393009862
6919;35,775;0,157245250958727
6920;35,780;0,0807348751191074
6921;35,784;0,120632923869829
6922;35,789;0,095403275395108
6923;35,793;0,151847279657158
6924;35,798;0,1993728965514
6925;35,802;0,13471458813479
6926;35,806;0,130490088855302
6927;35,811;0,122745173509573
6928;35,815;0,197377994113864
6929;35,820;0,193974925249832
6930;35,824;0,198434118933736
6931;35,829;0,245607694221354
6932;35,833;0,213923949625193
6933;35,838;0,267551621034251
6934;35,842;0,458006130217843
6935;35,846;0,546368573480471
6936;35,851;0,507291955145205
6937;35,855;0,668996399787836
6938;35,860;0,790450754073121
6939;35,864;0,902986720990598
6940;35,869;1,04403805804462
6941;35,873;1,19365574085983
6942;35,878;1,51072788122586
6943;35,882;1,72265692841351
6944;35,886;2,19943861098464
6945;35,891;2,45525551179809
6946;35,895;2,89049628478758
6947;35,900;3,34392587411931
6948;35,904;4,07312138863985
6949;35,909;4,63920429209127
6950;35,913;5,02562862896223
6951;35,917;5,8343855465798
6952;35,922;6,77140295621072
6953;35,926;7,59424153809325
6954;35,931;8,61246321165211
6955;35,935;9,56121534150383
6956;35,940;10,4536408142957
6957;35,944;11,9169604258295
6958;35,949;13,0691926043099
6959;35,953;14,2213074355881
6960;35,957;15,4181315509076
6961;35,962;16,7151701769126
6962;35,966;18,9487568237398
6963;35,971;19,7891974859535
6964;35,975;21,4824002666128
6965;35,980;22,9556943903343
6966;35,984;24,8428720962435
6967;35,989;25,9812573048633
6968;35,993;28,3506146646452
6969;35,997;29,8611078514666
6970;36,002;32,2249498927447
6971;36,006;33,7596166032209
6972;36,011;35,9596419502166
6973;36,015;37,6825335730345
6974;36,020;39,2407870711546
6975;36,024;41,5763484367006
6976;36,029;43,4110719432227
6977;36,033;45,3269997136728
6978;36,037;47,6879080748957
6979;36,042;48,6067366681844
6980;36,046;50,6743943710894
6981;36,051;52,2182141633379
6982;36,055;54,4798467914928
6983;36,060;55,5727012856559
6984;36,064;57,0867148885436
6985;36,069;58,5189374914923
6986;36,073;58,5794886478317
6987;36,077;58,9422088498566
6988;36,082;59,9919969208094
6989;36,086;59,2620973230756
6990;36,091;59,578230685824
6991;36,095;59,238041146623
6992;36,100;57,6807264261205
6993;36,104;57,6226395610276
6994;36,108;56,4560910238778
6995;36,113;55,4653285956356
6996;36,117;53,275512455232
6997;36,122;51,9086522439132
6998;36,126;50,0523368521848
6999;36,131;48,2530522007294
7000;36,135;46,2358537947738
7001;36,140;43,4730312659886
7002;36,144;41,2300568429847
7003;36,148;39,1029041085602
7004;36,153;36,9355012837784
7005;36,157;35,3481456795107
7006;36,162;32,6268640603071
7007;36,166;30,8312171721202
7008;36,171;28,9920344719141
7009;36,175;26,9721370803077
7010;36,180;25,3384293311679
7011;36,184;23,65168064663
7012;36,188;22,4846627206714
7013;36,193;20,9884858925193
7014;36,197;19,5838398820895
7015;36,202;18,1238059922175
7016;36,206;17,1955896227522
7017;36,211;16,1192810841004
7018;36,215;14,7655637594288
7019;36,220;14,3522669132523
7020;36,224;13,4660608421774
7021;36,228;12,7814572644959
7022;36,233;11,6241791563206
7023;36,237;10,8642386748215
7024;36,242;10,3392272921429
7025;36,246;9,94212435987101
7026;36,251;9,22935745365959
7027;36,255;8,74623902216923
7028;36,260;8,11009983899964
7029;36,264;7,87927789225649
7030;36,268;7,54260876912173
7031;36,273;7,01853616406078
7032;36,277;6,63598428486268
7033;36,282;6,57167801805269
7034;36,286;6,19675370699812
7035;36,291;5,97050830114108
7036;36,295;5,50663481081284
7037;36,300;5,25738935332304
7038;36,304;5,26572100467981
7039;36,308;4,85312824171646
7040;36,313;4,32295358214069
7041;36,317;4,39723436113836
7042;36,322;4,20337678309074
7043;36,326;4,10773881329121
7044;36,331;3,89897814056317
7045;36,335;3,58143661138831
7046;36,339;3,65630412639702
7047;36,344;3,55749778213788
7048;36,348;3,18715001196941
7049;36,353;3,25110423717278
7050;36,357;3,18233877667889
7051;36,362;2,94494538661209
7052;36,366;2,96876686866032
7053;36,371;2,87723605093807
7054;36,375;2,81257774252146
7055;36,379;2,86221560905545
7056;36,384;2,86362377548194
7057;36,388;2,92828208389856
7058;36,393;2,96771074384045
7059;36,397;3,15147646249818
7060;36,402;3,35472181672245
7061;36,406;3,43721689987467
7062;36,411;3,36223203766376
7063;36,415;3,71521242190544
7064;36,419;3,87163624244871
7065;36,424;3,9257333026666
7066;36,428;4,23435644447365
7067;36,433;4,75361781424407
7068;36,437;4,80877099928184
7069;36,442;5,435639753477
7070;36,446;5,88543157954028
7071;36,451;6,35247344432814
7072;36,455;7,04763827020836
7073;36,459;7,59823134296832
7074;36,464;8,33728402247434
7075;36,468;8,81430039944988
7076;36,473;9,50793971170139
7077;36,477;10,1338696882789
7078;36,482;11,1024534953038
7079;36,486;11,7049140314397
7080;36,491;12,6411100106551
7081;36,495;13,3820402453965
7082;36,499;14,2481799448938
7083;36,504;15,2918659613317
7084;36,508;15,9132193970231
7085;36,513;16,7477926991265
7086;36,517;17,8942748646987
7087;36,522;18,1143008688387
7088;36,526;19,0661040259478
7089;36,530;19,186384908211
7090;36,535;19,7638504902766
7091;36,539;20,3507038485188
7092;36,544;20,9893073229348
7093;36,548;20,6433677708256
7094;36,553;21,2284609210347
7095;36,557;21,3441652624118
7096;36,562;21,6279107973508
7097;36,566;21,2545119999249
7098;36,570;21,8284571659242
7099;36,575;21,2268180602038
7100;36,579;21,1844557202067
7101;36,584;20,2520148514619
7102;36,588;20,1038053350732
7103;36,593;19,6131766826415
7104;36,597;19,1231347662209
7105;36,602;18,790338100759
7106;36,606;17,7398459465929
7107;36,610;18,0333312993152
7108;36,615;16,77349173641
7109;36,619;16,0785616049342
7110;36,624;15,6751219237431
7111;36,628;15,1886004233887
7112;36,633;14,2946494369681
7113;36,637;13,6467755335777
7114;36,642;12,9274371840427
7115;36,646;12,2815581830898
7116;36,650;11,4466328393798
7117;36,655;11,2175711006698
7118;36,659;10,6950240092376
7119;36,664;10,0571246180349
7120;36,668;9,65931760254972
7121;36,673;9,03197945954573
7122;36,677;8,39185047150106
7123;36,682;8,15093666536802
7124;36,686;7,21650089418568
7125;36,690;7,40871561140239
7126;36,695;6,92348493027229
7127;36,699;6,75732129194576
7128;36,704;5,92497758668438
7129;36,708;5,79002830414517
7130;36,713;5,28696084827946
7131;36,717;5,32063949531315
7132;36,721;4,7275667353539
7133;36,726;4,46482634961017
7134;36,730;4,01632534277118
7135;36,735;4,05023868420929
7136;36,739;3,82986063846266
7137;36,744;3,485915988791
7138;36,748;3,45822204906991
7139;36,753;3,43275770619077
7140;36,757;3,06276197762893
7141;36,761;2,90974122594969
7142;36,766;2,98636894899152
7143;36,770;2,89002689597875
7144;36,775;2,56603127068244
7145;36,779;2,47379636974695
7146;36,784;2,24978056073187
7147;36,788;2,19333655646982
7148;36,793;1,90607060546462
7149;36,797;1,9159277704501
7150;36,801;1,95476969438095
7151;36,806;1,84246842186789
7152;36,810;1,65717718958145
7153;36,815;1,54522795867501
7154;36,819;1,64954962143793
7155;36,824;1,44642161441587
7156;36,828;1,46660533319565
7157;36,833;1,35958468478195
7158;36,837;1,32754889857916
7159;36,841;1,28776819703065
7160;36,846;1,30208455570002
7161;36,850;1,15234952568261
7162;36,855;1,12125251709749
7163;36,859;1,01481860469483
7164;36,864;1,05600747266984
7165;36,868;1,07759935787611
7166;36,873;0,900053040935398
7167;36,877;0,840205967809315
7168;36,881;0,910614289134118
7169;36,886;0,872828490023141
7170;36,890;0,681317856019677
7171;36,895;0,822486540275907
7172;36,899;0,836216162934243
7173;36,904;0,782119102716353
7174;36,908;0,534516506057463
7175;36,912;0,84173148143802
7176;36,917;0,660312706824444
7177;36,921;0,547424698300343
7178;36,926;0,773435409752961
7179;36,930;0,687419910534493
7180;36,935;0,672516815854076
7181;36,939;0,619710574860474
7182;36,944;0,687654604938909
7183;36,948;0,468450031214356
7184;36,952;0,536394061292791
7185;36,957;0,496026623733237
7186;36,961;0,471618405673972
7187;36,966;0,51057767680703
7188;36,970;0,443455077144051
7189;36,975;0,467863295203316
7190;36,979;0,454251019747187
7191;36,984;0,422449927948818
7192;36,988;0,474200044122548
7193;36,992;0,398159057091761
7194;36,997;0,463169407114996
7195;37,001;0,328102777373582
7196;37,006;0,364949798866895
7197;37,010;0,326107874936046
7198;37,015;0,33526095670827
7199;37,019;0,312026210671085
7200;37,024;0,400858042742545
7201;37,028;0,2858577845787
7202;37,032;0,344531385682703
7203;37,037;0,227888266687946
7204;37,041;0,218148448904681
7205;37,046;0,356970189116751
7206;37,050;0,263796510563595
7207;37,055;0,303577212112109
7208;37,059;0,279521035659468
7209;37,064;0,229765821923274
7210;37,068;0,329510943800078
7211;37,072;0,32528644452059
7212;37,077;0,291373103082476
7213;37,081;0,176020803312007
7214;37,086;0,220378045746633
7215;37,090;0,093760414564196
7216;37,095;0,14879625239975
7217;37,099;0,314021113108621
7218;37,104;0,201954534999977
7219;37,108;0,188694301150472
7220;37,112;0,226362753059242
7221;37,117;0,23117398834977
7222;37,121;0,113709438939557
7223;37,126;0,24408218059265
7224;37,130;0,233403585191722
7225;37,135;0,171561609628103
7226;37,139;0,189281037161512
7227;37,143;0,208056589514793
7228;37,148;0,177311622536295
7229;37,152;0,190102467576968
7230;37,157;0,151025849241702
7231;37,161;0,158888111789639
7232;37,166;0,141403378660646
7233;37,170;0,159826889407303
7234;37,175;0,206883117492713
7235;37,179;0,130724783259718
7236;37,183;0,182474899433448
7237;37,188;0,0817909999389795
7238;37,192;0,107490037222533
7239;37,197;0,156658514947687
7240;37,201;0,196204522091784
7241;37,206;0,157949334171975
7242;37,210;0,182474899433448
7243;37,215;0,212633130400905
7244;37,219;0,121571701487493
7245;37,223;0,191510634003464
7246;37,228;0,139056434616486
7247;37,232;0,171678956830311
7248;37,237;0,161352403036007
7249;37,241;0,170270790403815
7250;37,246;0,13588806015687
7251;37,250;0,208760672728041
7252;37,255;0,115469646972677
7253;37,259;0,125326811958149
7254;37,263;0,107959426031365
7255;37,268;0,118872715836709
7256;37,272;0,220612740151049
7257;37,277;0,189515731565928
7258;37,281;0,158418722980807
7259;37,286;0,13999521223415
7260;37,290;0,118168632623461
7261;37,295;0,146684002760006
7262;37,299;0,163699347080167
7263;37,303;0,190689203588008
7264;37,308;0,023821482048225
7265;37,312;0,151495238050534
7266;37,317;0,0762756814352032
7267;37,321;0,0890665264758758
7268;37,326;0,14762278037767
7269;37,330;0
7270;37,334;0,157010556554311
7271;37,339;0,143280933895974
7272;37,343;0,216740282478185
7273;37,348;0,108194120435781
7274;37,352;0,151847279657158
7275;37,357;0,112653314119685
7276;37,361;0,113944133343973
7277;37,366;0,147505433175462
7278;37,370;0,170974873617063
7279;37,374;0,171092220819271
7280;37,379;0,0252296484747211
7281;37,383;0,154311570903527
7282;37,388;0,133658463314918
7283;37,392;0,120632923869829
7284;37,397;0,0858981520162596
7285;37,401;0,095755317001732
7286;37,406;0,0856634576118436
7287;37,410;0,121454354285285
7288;37,414;0,0575001290819224
7289;37,419;0,0975155250348521
7290;37,423;0,104908398773956
7291;37,428;0,136122754561286
7292;37,432;0,096107358608356
7293;37,437;0,0803828335124834
7294;37,441;0,102209413123172
7295;37,446;0,133423768910502
7296;37,450;0,153020751679238
7297;37,454;0,0927042897443239
7298;37,459;0,116056382983717
7299;37,463;0,0821430415456035
7300;37,468;0,192214717216712
7301;37,472;0,0731073069755871
7302;37,477;0,149030946804166
7303;37,481;0,145158489131302
7304;37,486;0,0840205967809315
7305;37,490;0,191510634003464
7306;37,494;0,0883624432626277
7307;37,499;0,132602338495046
7308;37,503;0,128612533619973
7309;37,508;0,117112507803589
7310;37,512;0,0824950831522275
7311;37,517;0,0975155250348521
7312;37,521;0,136240101763494
7313;37,525;0,185760621095272
7314;37,530;0,196087174889576
7315;37,534;0,108194120435781
7316;37,539;0,15349014048807
7317;37,543;0,123801298329445
7318;37,548;0,118403327027877
7319;37,552;0,0418929511882578
7320;37,557;0,0623113643724506
7321;37,561;0,0893012208802918
7322;37,565;0,200076979764648
7323;37,570;0,157714639767559
7324;37,574;0,172617734447975
7325;37,579;0,0725205709645471
7326;37,583;0,128143144811141
7327;37,588;0,146684002760006
7328;37,592;0,0978675666414761
7329;37,597;0,126852325586853
7330;37,601;0,194209619654248
7331;37,605;0,0977502194392681
7332;37,610;0,0921175537332839
7333;37,614;0,17766366414292
7334;37,619;0,115469646972677
7335;37,623;0,152199321263782
7336;37,628;0,19526574447412
7337;37,632;0,138704393009862
7338;37,637;0,170036095999399
7339;37,641;0,188459606746056
7340;37,645;0,0647756556188187
7341;37,650;0,136944184976742
7342;37,654;0,250653623916299
7343;37,659;0,24173523654849
7344;37,663;0,109132898053445
7345;37,668;0,141638073065062
7346;37,672;0,105495134784996
7347;37,677;0,105612481987204
7348;37,681;0,124388034340485
7349;37,685;0,196673910900616
7350;37,690;0,108076773233573
7351;37,694;0,130959477664134
7352;37,699;0,0822603887478115
7353;37,703;0,024056176452641
7354;37,708;0,101505329909924
7355;37,712;0,205357603864009
7356;37,716;0,157949334171975
7357;37,721;0,161235055833799
7358;37,725;0,0966940946193961
7359;37,730;0,0755715982219552
7360;37,734;0,0990410386635562
7361;37,739;0,155602390127815
7362;37,743;0,0582042122951705
7363;37,748;0,0597297259238745
7364;37,752;0,175668761705383
7365;37,756;0,134010504921542
7366;37,761;0,0914134705200359
7367;37,765;0,124388034340485
7368;37,770;0,0797960975014434
7369;37,774;0,165459555113287
7370;37,779;0,119928840656581
7371;37,783;0,1040869683585
7372;37,788;0,0863675408250916
7373;37,792;0,141286031458438
7374;37,796;0,225541322643786
7375;37,801;0,144923794726886
7376;37,805;0,13764826818999
7377;37,810;0,159826889407303
7378;37,814;0,18998512037476
7379;37,819;0,1011532883033
7380;37,823;0,169918748797191
7381;37,828;0,159474847800679
7382;37,832;0,130959477664134
7383;37,836;0,144454405918054
7384;37,841;0,178837136165
7385;37,845;0,118520674230085
7386;37,850;0,0885971376670437
7387;37,854;0,095637969799524
7388;37,859;0,138469698605446
7389;37,863;0,116760466196965
7390;37,868;0,215566810456105
7391;37,872;0,0728726125711711
7392;37,876;0,0658317804386908
7393;37,881;0,095168580990692
7394;37,885;0,143046239491558
7395;37,890;0,146097266748966
7396;37,894;0,0810869167257314
7397;37,899;0,100097163483428
7398;37,903;0,14879625239975
7399;37,907;0,0766277230418272
7400;37,912;0,145510530737926
7401;37,916;0,119342104645541
7402;37,921;0,145510530737926
7403;37,925;0,156423820543271
7404;37,930;0,071816487751299
7405;37,934;0,114882910961637
7406;37,939;0,0983369554503082
7407;37,943;0,18294428824228
7408;37,947;0,093643067361988
7409;37,952;0,202423923808809
7410;37,956;0,0774491534572833
7411;37,961;0,147388085973254
7412;37,965;0,107959426031365
7413;37,970;0,13119417206855
7414;37,974;0,145627877940134
7415;37,979;0,233990321202762
7416;37,983;0,27588327239102
7417;37,987;0,202189229404393
7418;37,992;0,258750580868651
7419;37,996;0,317658876377069
7420;38,001;0,42467952479077
7421;38,005;0,43524077298949
7422;38,010;0,542613463009815
7423;38,014;0,697746464328797
7424;38,019;0,831756969250339
7425;38,023;0,99522162192609
7426;38,027;1,23202827598184
7427;38,032;1,34831935336998
7428;38,036;1,50709011795741
7429;38,041;1,95746868003173
7430;38,045;2,28780105424726
7431;38,050;2,55171491201307
7432;38,054;3,18339490149876
7433;38,059;3,59258459559807
7434;38,063;4,19750942298034
7435;38,067;4,74798514853809
7436;38,072;5,40149171763447
7437;38,076;6,40258069967096
7438;38,081;6,98579629464474
7439;38,085;7,549532254052
7440;38,090;8,69484094760213
7441;38,094;9,49303661702098
7442;38,099;10,2972169937524
7443;38,103;11,4217552325117
7444;38,107;12,4262472834123
7445;38,112;13,534122219458
7446;38,116;14,0921081659571
7447;38,121;15,406514177889
7448;38,125;16,3995062029731
7449;38,130;17,7698868303582
7450;38,134;18,8298841079031
7451;38,138;19,6623451603667
7452;38,143;20,4205254338326
7453;38,147;21,8460592462555
7454;38,152;22,2065498514384
7455;38,156;23,7825227770919
7456;38,161;24,0869214196195
7457;38,165;25,0129081922429
7458;38,170;25,4645775735415
7459;38,174;26,5176513661561
7460;38,178;26,9286012682886
7461;38,183;26,8403561722281
7462;38,187;26,4964115225565
7463;38,192;26,8755603328905
7464;38,196;26,8056214003746
7465;38,201;27,0186065723821
7466;38,205;26,6240852785588
7467;38,210;26,8654684735007
7468;38,214;25,8979407912957
7469;38,218;25,3934651690034
7470;38,223;24,7803260374666
7471;38,227;23,9418802776904
7472;38,232;23,6995583051309
7473;38,236;22,6634998568364
7474;38,241;21,5129105391869
7475;38,245;21,312129476209
7476;38,250;20,3825049403172
7477;38,254;19,3250893012209
7478;38,258;18,2927859633971
7479;38,263;17,2961561750445
7480;38,267;16,3880061771567
7481;38,272;15,7516322995827
7482;38,276;14,7571147608699
7483;38,281;13,8074238534005
7484;38,285;13,1715193646353
7485;38,290;12,30760926198
7486;38,294;11,9475880456058
7487;38,298;10,8830142271748
7488;38,303;10,5148960538483
7489;38,307;9,65380228404594
7490;38,312;9,35597508484203
7491;38,316;8,94385171068751
7492;38,321;8,02244147895026
7493;38,325;7,860384992701
7494;38,329;7,25499077650991
7495;38,334;6,76271926324732
7496;38,338;6,42511136249489
7497;38,343;6,05840135559488
7498;38,347;5,8300437000981
7499;38,352;5,20024126584774
7500;38,356;5,00532756298024
7501;38,361;4,75526067507499
7502;38,365;4,6191379205137
7503;38,369;4,17134099688795
7504;38,374;4,1309735593284
7505;38,378;3,86048825823895
7506;38,383;3,45470163300367
7507;38,387;3,29792577085377
7508;38,392;3,29534413240519
7509;38,396;2,97686382561267
7510;38,401;2,978741380848
7511;38,405;2,90234835221059
7512;38,409;2,46030144149303
7513;38,414;2,55042409278878
7514;38,418;2,3645461244913
7515;38,423;2,14393338434025
7516;38,427;1,98844834141464
7517;38,432;1,96063705449135
7518;38,436;2,00698919936351
7519;38,441;1,88776444192018
7520;38,445;1,61821791844839
7521;38,449;1,68545786531358
7522;38,454;1,67712621395681
7523;38,458;1,49512070333219
7524;38,463;1,32602338495046
7525;38,467;1,37988575076393
7526;38,472;1,28225287852687
7527;38,476;1,36310510084819
7528;38,481;1,26535488140892
7529;38,485;1,19905371216139
7530;38,489;1,05882380552283
7531;38,494;1,07360955300104
7532;38,498;0,9469919218186
7533;38,503;0,869542768361317
7534;38,507;0,980318527245673
7535;38,512;1,04615030768436
7536;38,516;0,839971273404899
7537;38,520;0,837037593349699
7538;38,525;0,883859127030693
7539;38,529;0,983604248907498
7540;38,534;0,758884356679168
7541;38,538;0,766042536013856
7542;38,543;0,806527320775618
7543;38,547;0,701970963608286
7544;38,552;0,692348493027229
7545;38,556;0,487108236365429
7546;38,560;0,657848415578076
7547;38,565;0,596475828823289
7548;38,569;0,510812371211446
7549;38,574;0,5717155691574
7550;38,578;0,619241186051642
7551;38,583;0,448266312434579
7552;38,587;0,481240876255028
7553;38,592;0,452490811714067
7554;38,596;0,587792135859897
7555;38,600;0,393113127396817
7556;38,605;0,570659444337528
7557;38,609;0,520669536196918
7558;38,614;0,395460071440977
7559;38,618;0,512689926446774
7560;38,623;0,371873283797168
7561;38,627;0,397337626676305
7562;38,632;0,404613153213201
7563;38,636;0,460001032655379
7564;38,640;0,277995522030764
7565;38,645;0,435475467393906
7566;38,649;0,353801814657135
7567;38,654;0,270015912280619
7568;38,658;0,334439526292814
7569;38,663;0,306628239369517
7570;38,667;0,302051698483405
7571;38,672;0,274944494773356
7572;38,676;0,32352623648747
7573;38,680;0,406021319639697
7574;38,685;0,280929202085964
7575;38,689;0,28175063250142
7576;38,694;0,321413986847726
7577;38,698;0,23469440441601
7578;38,703;0,274357758762316
7579;38,707;0,189633078768136
7580;38,711;0,370699811775088
7581;38,716;0,239270945302122
7582;38,720;0,362954896429359
7583;38,725;0,190689203588008
7584;38,729;0,162056486249255
7585;38,734;0,212985172007529
7586;38,738;0,164990166304455
7587;38,743;0,352863037039471
7588;38,747;0,110541064479941
7589;38,751;0,18939838436372
7590;38,756;0,116995160601381
7591;38,760;0,111479842097605
7592;38,765;0,222724989790793
7593;38,769;0,163229958271335
7594;38,774;0,137765615392198
7595;38,778;0,185643273893064
7596;38,783;0,249714846298635
7597;38,787;0,132602338495046
7598;38,791;0,0761583342329952
7599;38,796;0,134949282539206
7600;38,800;0,150791154837286
7601;38,805;0,182709593837864
7602;38,809;0,0587909483062105
7603;38,814;0,0748675150087072
7604;38,818;0,167337110348615
7605;38,823;0,186230009904104
7606;38,827;0,102561454729796
7607;38,831;0,122041090296325
7608;38,836;0,214862727242857
7609;38,840;0,150439113230662
7610;38,845;0,192214717216712
7611;38,849;0,196321869293992
7612;38,854;0,23528114042705
7613;38,858;0,184352454668776
7614;38,863;0,195735133282952
7615;38,867;0,214980074445065
7616;38,871;0,247719943861098
7617;38,876;0,228709697103402
7618;38,880;0,155954431734439
7619;38,885;0,120280882263205
7620;38,889;0,0632501419901147
7621;38,894;0,201719840595561
7622;38,898;0,120867618274245
7623;38,902;0,126265589575813
7624;38,907;0,0979849138436841
7625;38,911;0,205592298268425
7626;38,916;0,189750425970344
7627;38,920;0,222138253779753
7628;38,925;0,196556563698408
7629;38,929;0,143985017109222
7630;38,934;0,071933834953507
7631;38,938;0,125678853564773
7632;38,942;0,105377787582788
7633;38,947;0,124153339936069
7634;38,951;0,0376684519087696
7635;38,956;0,143750322704806
7636;38,960;0,0837859023765155
7637;38,965;0,140347253840774
7638;38,969;0,125444159160357
7639;38,974;0,193974925249832
7640;38,978;0,111949230906437
7641;38,982;0,129786005642053
7642;38,987;0,0997451218768042
7643;38,991;0,095637969799524
7644;38,996;0,093643067361988
7645;39,000;0,148092169186502
7646;39,005;0,103969621156292
7647;39,009;0,106785954009285
7648;39,014;0,161000361429383
7649;39,018;0,0668879052585628
7650;39,022;0,113826786141765
7651;39,027;0,0930563313509479
7652;39,031;0,101387982707716
7653;39,036;0,112535966917477
7654;39,040;0,0901226512957478
7655;39,045;0,129551311237637
7656;39,049;0,0826124303544355
7657;39,054;0,13354111611271
7658;39,058;0,10291349633642
7659;39,062;0,196321869293992
7660;39,067;0,0416582567838418
7661;39,071;0,0884797904648357
7662;39,076;0,198316771731528
7663;39,080;0,179189177771624
7664;39,085;0,0761583342329952
7665;39,089;0,14468910032247
7666;39,094;0,121454354285285
7667;39,098;0,0746328206042911
7668;39,102;0,146097266748966
7669;39,107;0,126617631182437
7670;39,111;0,172500387245767
7671;39,116;0,181536121815784
7672;39,120;0,0930563313509479
7673;39,125;0,0871889712405477
7674;39,129;0,137882962594406
7675;39,133;0,107842078829157
7676;39,138;0,144923794726886
7677;39,142;0,166633027135367
7678;39,147;0,0929389841487399
7679;39,151;0,0535103242068503
7680;39,156;0,0962247058105641
7681;39,160;0,094464497777444
7682;39,165;0,162056486249255
7683;39,169;0,151495238050534
7684;39,173;0,155837084532231
7685;39,178;0,10526044038058
7686;39,182;0,0975155250348521
7687;39,187;0,122393131902949
7688;39,191;0,0558572682510104
7689;39,196;0,163816694282375
7690;39,200;0,0885971376670437
7691;39,205;0,178837136165
7692;39,209;0,140699295447398
7693;39,213;0,165224860708871
7694;39,218;0,214628032838441
7695;39,222;0,071112404538051
7696;39,227;0,0578521706885464
7697;39,231;0,145979919546758
7698;39,236;0,17825040015396
7699;39,240;0,105612481987204
7700;39,245;0,0935257201597799
7701;39,249;0,094581844979652
7702;39,253;0,107020648413701
7703;39,258;0,1847044962754
7704;39,262;0,128847228024389
7705;39,267;0,135183976943622
7706;39,271;0,179658566580456
7707;39,276;0,190454509183592
7708;39,280;0,163464652675751
7709;39,285;0,160178931013927
7710;39,289;0,174377942481095
7711;39,293;0,120280882263205
7712;39,298;0,0535103242068503
7713;39,302;0,106199217998244
7714;39,307;0,107724731626949
7715;39,311;0,0978675666414761
7716;39,316;0,0813216111301474
7717;39,320;0,114765563759429
7718;39,324;0,203245354224265
7719;39,329;0,143163586693766
7720;39,333;0,127439061597893
7721;39,338;0,115234952568261
7722;39,342;0,0357908966734415
7723;39,347;0,096107358608356
7724;39,351;0,0794440558948194
7725;39,356;0,131428866472966
7726;39,360;0,126148242373605
7727;39,364;0,125209464755941
7728;39,369;0,168158540764071
7729;39,373;0,0991583858657642
7730;39,378;0,160061583811719
7731;39,382;0,187520829128392
7732;39,387;0,163934041484583
7733;39,391;0,119107410241125
7734;39,396;0,24701586064785
7735;39,400;0,155015654116775
7736;39,404;0,0800307919058594
7737;39,409;0,137413573785574
7738;39,413;0,112653314119685
7739;39,418;0,221903559375337
7740;39,422;0,166750374337575
7741;39,427;0,144571753120262
7742;39,431;0,0414235623794257
7743;39,436;0,134362546528166
7744;39,440;0,130255394450885
7745;39,444;0,214041296827401
7746;39,449;0,107137995615909
7747;39,453;0,0856634576118436
7748;39,458;0,0821430415456035
7749;39,462;0,143046239491558
7750;39,467;0,120163535060997
7751;39,471;0,159122806194055
7752;39,476;0,105495134784996
7753;39,480;0,122275784700741
7754;39,484;0,0822603887478115
7755;39,489;0,0854287632074276
7756;39,493;0,0908267345089958
7757;39,498;0,146684002760006
7758;39,502;0,0970461362260201
7759;39,507;0,183883065859944
7760;39,511;0,154898306914567
7761;39,515;0,0729899597733791
7762;39,520;0,129199269631013
7763;39,524;0,110306370075525
7764;39,529;0,143280933895974
7765;39,533;0,14116868425623
7766;39,538;0,0775665006594913
7767;39,542;0,154898306914567
7768;39,547;0,163347305473543
7769;39,551;0,116760466196965
7770;39,555;0,13706153217895
7771;39,560;0,170153443201607
7772;39,564;0,141051337054022
7773;39,569;0,239857681313162
7774;39,573;0,200194326966856
7775;39,578;0,0740460845932511
7776;39,582;0,13647479616791
7777;39,587;0,110189022873317
7778;39,591;0,14058194824519
7779;39,595;0,13882174021207
7780;39,600;0,116408424590341
7781;39,604;0,172969776054599
7782;39,609;0,172265692841351
7783;39,613;0,119459451847749
7784;39,618;0,151964626859366
7785;39,622;0,116643118994757
7786;39,627;0,132250296888422
7787;39,631;0,107255342818117
7788;39,635;0,100449205090052
7789;39,640;0,094816539384068
7790;39,644;0,133071727303878
7791;39,649;0,138587045807654
7792;39,653;0,177428969738504
7793;39,658;0,208878019930249
7794;39,662;0,116056382983717
7795;39,667;0,0773318062550753
7796;39,671;0,155133001318983
7797;39,675;0,14996972442183
7798;39,680;0,168627929572903
7799;39,684;0,0905920401045798
7800;39,689;0,107020648413701
7801;39,693;0,0653623916298588
7802;39,698;0,135418671348038
7803;39,702;0,151377890848326
7804;39,706;0,155954431734439
7805;39,711;0,133893157719334
7806;39,715;0,217796407298057
7807;39,720;0,107724731626949
7808;39,724;0,125913547969189
7809;39,729;0,14468910032247
7810;39,733;0,130490088855302
7811;39,738;0,159240153396263
7812;39,742;0,0973981778326441
7813;39,746;0,133423768910502
7814;39,751;0,122393131902949
7815;39,755;0,182709593837864
7816;39,760;0,173204470459015
7817;39,764;0,155485042925607
7818;39,769;0,148444210793126
7819;39,773;0,151612585252742
7820;39,778;0,126030895171397
7821;39,782;0,128612533619973
7822;39,786;0,208408631121417
7823;39,791;0,151612585252742
7824;39,795;0,0934083729575719
7825;39,800;0,118990063038917
7826;39,804;0,171913651234727
7827;39,809;0,176959580929671
7828;39,813;0,137882962594406
7829;39,818;0,201954534999977
7830;39,822;0,107137995615909
7831;39,826;0,106081870796036
7832;39,831;0,210638227963369
7833;39,835;0,192214717216712
7834;39,840;0,183883065859944
7835;39,844;0,18939838436372
7836;39,849;0,132719685697254
7837;39,853;0,188928995554888
7838;39,858;0,0740460845932511
7839;39,862;0,119694146252165
7840;39,866;0,167337110348615
7841;39,871;0,227184183474698
7842;39,875;0,167337110348615
7843;39,880;0,189750425970344
7844;39,884;0,140464601042982
7845;39,889;0,141872767469478
7846;39,893;0,13471458813479
7847;39,898;0,126382936778021
7848;39,902;0,202071882202185
7849;39,906;0,175551414503175
7850;39,911;0,149500335612998
7851;39,915;0,0298061893608333
7852;39,920;0,094464497777444
7853;39,924;0,128964575226597
7854;39,929;0,126148242373605
7855;39,933;0,120515576667621
7856;39,937;0,0927042897443239
7857;39,942;0,14644930835559
7858;39,946;0,0560919626554264
7859;39,951;0,13999521223415
7860;39,955;0,103148190740836
7861;39,960;0,127908450406725
7862;39,964;0,0934083729575719
7863;39,969;0,124857423149317
7864;39,973;0,116173730185925
7865;39,977;0,181301427411368
7866;39,982;0,129903352844261
7867;39,986;0,163464652675751
7868;39,991;0,0929389841487399
7869;39,995;0,205240256661801
7870;40,000;0,193974925249832
7871;40,004;0,117933938219045
7872;40,009;0,185760621095272
7873;40,013;0,18998512037476
7874;40,017;0,146918697164422
7875;40,022;0,094347150575236
7876;40,026;0,0871889712405477
7877;40,031;0,18353102425332
7878;40,035;0,141403378660646
7879;40,040;0,108194120435781
7880;40,044;0,176020803312007
7881;40,049;0,154546265307943
7882;40,053;0,155133001318983
7883;40,057;0,122275784700741
7884;40,062;0,216036199264937
7885;40,066;0,181066733006952
7886;40,071;0,196908605305032
7887;40,075;0,170505484808231
7888;40,080;0,118403327027877
7889;40,084;0,119576799049957
7890;40,089;0,166985068741991
7891;40,093;0,0894185680824998
7892;40,097;0,100331857887844
7893;40,102;0,161939139047047
7894;40,106;0,128260492013349
7895;40,111;0,094464497777444
7896;40,115;0,171561609628103
7897;40,120;0,140699295447398
7898;40,124;0,142459503480518
7899;40,128;0,194444314058664
7900;40,133;0,093877761766404
7901;40,137;0,13236764409063
7902;40,142;0,163934041484583
7903;40,146;0,124622728744901
7904;40,151;0,13764826818999
7905;40,155;0,147505433175462
7906;40,160;0,123214562318405
7907;40,164;0,153959529296902
7908;40,168;0,167219763146407
7909;40,173;0,151377890848326
7910;40,177;0,116408424590341
7911;40,182;0,115352299770469
7912;40,186;0,105612481987204
7913;40,191;0,124740075947109
7914;40,195;0,144806447524678
7915;40,200;0,138704393009862
7916;40,204;0,190102467576968
7917;40,208;0,0898879568913318
7918;40,213;0,139643170627526
7919;40,217;0,101387982707716
7920;40,222;0,212750477603113
7921;40,226;0,203714743033097
7922;40,231;0,0836685551743075
7923;40,235;0,160648319822759
7924;40,240;0,110541064479941
7925;40,244;0,102209413123172
7926;40,248;0,127087019991269
7927;40,253;0,130138047248678
7928;40,257;0,140699295447398
7929;40,262;0,136826837774534
7930;40,266;0,111362494895397
7931;40,271;0,0909440817112038
7932;40,275;0,125092117553733
7933;40,280;0,167102415944199
7934;40,284;0,180832038602536
7935;40,288;0,258163844857611
7936;40,293;0,23058725233873
7937;40,297;0,179541219378248
7938;40,302;0,157479945363143
7939;40,306;0,190102467576968
7940;40,311;0,14820951638871
7941;40,315;0,18587796829748
7942;40,319;0,108194120435781
7943;40,324;0,114648216557221
7944;40,328;0,118285979825669
7945;40,333;0,207352506301545
7946;40,337;0,0765103758396192
7947;40,342;0,164638124697831
7948;40,346;0,147153391568838
7949;40,351;0,208995367132457
7950;40,355;0,126265589575813
7951;40,359;0,122158437498533
7952;40,364;0,147270738771046
7953;40,368;0,168745276775111
7954;40,373;0,148561557995334
7955;40,377;0,0739287373910431
7956;40,382;0,111479842097605
7957;40,386;0,190219814779176
7958;40,391;0,14175542026727
7959;40,395;0,107137995615909
7960;40,399;0,168041193561863
7961;40,404;0,0800307919058594
7962;40,408;0,10056655229226
7963;40,413;0,118638021432293
7964;40,417;0,146566655557798
7965;40,422;0,168627929572903
7966;40,426;0,168862623977319
7967;40,431;0,18059734419812
7968;40,435;0,163229958271335
7969;40,439;0,191980022812296
7970;40,444;0,165811596719911
7971;40,448;0,170974873617063
7972;40,453;0,186112662701896
7973;40,457;0,140464601042982
7974;40,462;0,14410236431143
7975;40,466;0,130724783259718
7976;40,471;0,189046342757096
7977;40,475;0,178485094558376
7978;40,479;0,135418671348038
7979;40,484;0,19115859239684
7980;40,488;0,102209413123172
7981;40,493;0,270954689898283
7982;40,497;0,168627929572903
7983;40,502;0,0993930802701802
7984;40,506;0,249010763085386
7985;40,510;0,146097266748966
7986;40,515;0,196087174889576
7987;40,519;0,104556357167332
7988;40,524;0,123449256722821
7989;40,528;0,165928943922119
7990;40,533;0,173439164863431
7991;40,537;0,186347357106312
7992;40,542;0,0587909483062105
7993;40,546;0,18411776026436
7994;40,550;0,172969776054599
7995;40,555;0,13706153217895
7996;40,559;0,110071675671109
7997;40,564;0,161469750238215
7998;40,568;0,1993728965514
7999;40,573;0,201954534999977
8000;40,577;0,114296174950597
8001;40,582;0,154780959712359
8002;40,586;0,197260646911656
8003;40,590;0,142576850682726
8004;40,595;0,231643377158602
8005;40,599;0,193153494834376
8006;40,604;0,163581999877959
8007;40,608;0,174260595278887
8008;40,613;0,0985716498547242
8009;40,617;0,164168735888999
8010;40,622;0,176255497716423
8011;40,626;0,248893415883179
8012;40,630;0,252765873556043
8013;40,635;0,108076773233573
8014;40,639;0,210638227963369
8015;40,644;0,145393183535718
8016;40,648;0,200898410180104
8017;40,653;0,211929047187657
8018;40,657;0,178485094558376
8019;40,662;0,192566758823336
8020;40,666;0,103265537943044
8021;40,670;0,0995104274723882
8022;40,675;0,158184028576391
8023;40,679;0,178837136165
8024;40,684;0,228475002698986
8025;40,688;0,189750425970344
8026;40,693;0,1993728965514
8027;40,697;0,194561661260872
8028;40,701;0,17942387217604
8029;40,706;0,168275887966279
8030;40,710;0,183648371455528
8031;40,715;0,144337058715846
8032;40,719;0,105729829189412
8033;40,724;0,136709490572326
8034;40,728;0,162525875058087
8035;40,733;0,222138253779753
8036;40,737;0,136357448965702
8037;40,741;0,162877916664711
8038;40,746;0,122745173509573
8039;40,750;0,127204367193477
8040;40,755;0,116877813399173
8041;40,759;0,138352351403238
8042;40,764;0,111010453288773
8043;40,768;0,140464601042982
8044;40,773;0,18529123228644
8045;40,777;0,131663560877382
8046;40,781;0,186816745915144
8047;40,786;0,101270635505508
8048;40,790;0,125796200766981
8049;40,795;0,126265589575813
8050;40,799;0,170153443201607
8051;40,804;0,213102519209737
8052;40,808;0,205709645470633
8053;40,813;0,130138047248678
8054;40,817;0,171444262425895
8055;40,821;0,201602493393353
8056;40,826;0,189867773172552
8057;40,830;0,23938829250433
8058;40,835;0,169449359988359
8059;40,839;0,232699501978474
8060;40,844;0,166280985528743
8061;40,848;0,403439681191121
8062;40,853;0,345118121693743
8063;40,857;0,322822153274222
8064;40,861;0,371638589392752
8065;40,866;0,564792084227128
8066;40,870;0,567960458686744
8067;40,875;0,718399571917406
8068;40,879;0,830583497228259
8069;40,884;0,884563210243941
8070;40,888;1,23836502490108
8071;40,893;1,25995691010735
8072;40,897;1,46601859718461
8073;40,901;1,70000891838737
8074;40,906;2,00288204728623
8075;40,910;2,30704599540938
8076;40,915;2,69487849870683
8077;40,919;3,2236449918561
8078;40,924;3,55550287970034
8079;40,928;4,15690729101637
8080;40,932;4,69377074111799
8081;40,937;5,13910337349737
8082;40,941;5,8711152208709
8083;40,946;6,4456471228813
8084;40,950;7,25909792858719
8085;40,955;8,51987626910999
8086;40,959;9,40150579929873
8087;40,964;10,05102256352
8088;40,968;10,9450908971428
8089;40,972;12,2436550367766
8090;40,977;13,2406368667358
8091;40,981;13,9525823425318
8092;40,986;15,1631360805096
8093;40,990;15,9445511000127
8094;40,995;17,1876100130021
8095;40,999;18,3597912158578
8096;41,004;19,3800077918542
8097;41,008;20,1633003665927
8098;41,012;21,7209671287017
8099;41,017;22,5547190003896
8100;41,021;23,8037626206916
8101;41,026;24,4914172256305
8102;41,030;25,849593743986
8103;41,035;26,3997174279371
8104;41,039;27,2064794431171
8105;41,044;28,1866806231606
8106;41,048;28,0050271541426
8107;41,052;28,3219819473064
8108;41,057;28,281145120938
8109;41,061;28,366339189741
8110;41,066;28,1112263721408
8111;41,070;28,23713992011
8112;41,075;28,4017780448079
8113;41,079;27,7287918401449
8114;41,084;27,4558422478091
8115;41,088;27,3914186337969
8116;41,092;26,5922841867604
8117;41,097;25,8735325732364
8118;41,101;24,8262087935299
8119;41,106;23,8803903437334
8120;41,110;23,1051947259473
8121;41,115;22,4506320320311
8122;41,119;21,5072778734809
8123;41,123;20,2683261125688
8124;41,128;19,5467581661918
8125;41,132;18,5301793534639
8126;41,137;17,7430143210526
8127;41,141;16,7590580305384
8128;41,146;15,9282398389058
8129;41,150;14,7254310162737
8130;41,155;14,0213478030257
8131;41,159;13,2677440704459
8132;41,163;11,9829095534704
8133;41,168;11,2458517764019
8134;41,172;10,475232699502
8135;41,177;10,1911351229564
8136;41,181;10,000797960975
8137;41,186;9,02036208652713
8138;41,190;8,33481973122797
8139;41,195;7,69187441033031
8140;41,199;7,34558281661449
8141;41,203;7,11722516111771
8142;41,208;6,76072436080979
8143;41,212;6,29638148167271
8144;41,217;5,8695897072422
8145;41,221;5,34352219974371
8146;41,226;5,27417000323878
8147;41,230;5,20282290429632
8148;41,235;4,7128983350779
8149;41,239;4,41213745581878
8150;41,243;4,07417751345972
8151;41,248;4,06666729251841
8152;41,252;3,88876893397108
8153;41,257;3,62872753387814
8154;41,261;3,35249221988049
8155;41,266;3,31787479522913
8156;41,270;3,15088972648714
8157;41,275;2,85317987448543
8158;41,279;2,68525602812578
8159;41,283;2,65392432513624
8160;41,288;2,55265368963073
8161;41,292;2,34295423928503
8162;41,297;2,37381655346573
8163;41,301;2,39493904986317
8164;41,306;2,20894373436349
8165;41,310;2,04630051210319
8166;41,314;2,01297390667612
8167;41,319;1,73016714935482
8168;41,323;1,63429448515088
8169;41,328;1,8822491234164
8170;41,332;1,62748834742282
8171;41,337;1,58254436897715
8172;41,341;1,48373802471801
8173;41,346;1,37953370915731
8174;41,350;1,42565115962505
8175;41,354;1,34585506212361
8176;41,359;1,18063020141474
8177;41,363;1,3061917077773
8178;41,368;1,2519773003572
8179;41,372;1,26993142229503
8180;41,377;1,24634463465122
8181;41,381;1,17253324446239
8182;41,386;1,0144665630882
8183;41,390;0,952976629131208
8184;41,394;0,99287467788193
8185;41,399;1,05495134784996
8186;41,403;0,877639725313669
8187;41,408;0,943002116943528
8188;41,412;0,822369193073699
8189;41,417;0,815915096952258
8190;41,421;0,751843524546688
8191;41,426;0,745858817234079
8192;41,430;0,745506775627455
8193;41,434;0,794088517341569
8194;41,439;0,604924827382265
8195;41,443;0,691879104218397
8196;41,448;0,689532160174237
8197;41,452;0,650455541838971
8198;41,457;0,701501574799454
8199;41,461;0,588378871870937
8200;41,466;0,485700069938932
8201;41,470;0,609618715470586
8202;41,474;0,601756452922649
8203;41,479;0,573123735583896
8204;41,483;0,564557389822712
8205;41,488;0,454485714151603
8206;41,492;0,433949953765202
8207;41,497;0,537919574921495
8208;41,501;0,504123580685589
8209;41,505;0,479832709828532
8210;41,510;0,499194998192853
8211;41,514;0,488633749994133
8212;41,519;0,545312448660599
8213;41,523;0,343592608065038
8214;41,528;0,37997024074952
8215;41,532;0,439230577864563
8216;41,537;0,333735443079566
8217;41,541;0,434184648169618
8218;41,545;0,42996014889013
8219;41,550;0,370699811775088
8220;41,554;0,359317133160911
8221;41,559;0,326694610947086
8222;41,563;0,375980435874448
8223;41,568;0,300291490450285
8224;41,572;0,346643635322447
8225;41,577;0,340658928009838
8226;41,581;0,382199837591472
8227;41,585;0,282454715714668
8228;41,590;0,259219969677483
8229;41,594;0,319067042803565
8230;41,599;0,250066887905259
8231;41,603;0,440990785897683
8232;41,608;0,307801711391597
8233;41,612;0,300643532056909
8234;41,617;0,300056796045869
8235;41,621;0,331857887844238
8236;41,625;0,317658876377069
8237;41,630;0,141638073065062
8238;41,634;0,304985378538605
8239;41,639;0,249949540703051
8240;41,643;0,292429227902348
8241;41,648;0,262975080148139
8242;41,652;0,287148603802988
8243;41,657;0,228357655496778
8244;41,661;0,232582154776266
8245;41,665;0,323174194880846
8246;41,670;0,227301530676906
8247;41,674;0,197495341316072
8248;41,679;0,203597395830889
8249;41,683;0,178954483367208
8250;41,688;0,293720047126636
8251;41,692;0,34230178884075
8252;41,696;0,203362701426473
8253;41,701;0,286327173387532
8254;41,705;0,139291129020902
8255;41,710;0,203010659819849
8256;41,714;0,243378097379402
8257;41,719;0,283980229343372
8258;41,723;0,263679163361387
8259;41,728;0,253939345578123
8260;41,732;0,24877606868097
8261;41,736;0,306862933773933
8262;41,741;0,251475054331755
8263;41,745;0,269194481865163
8264;41,750;0,277291438817516
8265;41,754;0,173791206470055
8266;41,759;0,19409227245204
8267;41,763;0,130842130461926
8268;41,768;0,251240359927339
8269;41,772;0,18705144031956
8270;41,776;0,201485146191144
8271;41,781;0,146918697164422
8272;41,785;0,204653520650761
8273;41,790;0,0871889712405477
8274;41,794;0,202423923808809
8275;41,799;0,216857629680393
8276;41,803;0,281398590894796
8277;41,808;0,224602545026121
8278;41,812;0,330684415822158
8279;41,816;0,155837084532231
8280;41,821;0,394873335429937
8281;41,825;0,179893260984872
8282;41,830;0,320944598038894
8283;41,834;0,440404049886643
8284;41,839;0,454720408556019
8285;41,843;0,414118276592049
8286;41,848;0,569485972315448
8287;41,852;0,693874006655933
8288;41,856;0,81169059767277
8289;41,861;0,760879259116704
8290;41,865;0,942650075336904
8291;41,870;1,16560975953211
8292;41,874;1,45052876649315
8293;41,879;1,53584018249837
8294;41,883;1,81101937167614
8295;41,888;2,17772937857616
8296;41,892;2,58867928070859
8297;41,896;2,8893228127655
8298;41,901;3,468431255662
8299;41,905;3,84922292682698
8300;41,910;4,46130593354393
8301;41,914;4,82602103800641
8302;41,919;5,55427777490929
8303;41,923;6,03105945748041
8304;41,927;6,83535718141408
8305;41,932;7,66758353947325
8306;41,936;8,67266232638481
8307;41,941;9,07539792436269
8308;41,945;9,74932290664326
8309;41,950;10,4309928042696
8310;41,954;11,4987349971602
8311;41,959;12,8719319573983
8312;41,963;13,4381322080519
8313;41,967;13,9867303783743
8314;41,972;15,0951920504311
8315;41,976;16,3980980365466
8316;41,981;17,5409424388504
8317;41,985;17,5784935435569
8318;41,990;18,5442610177288
8319;41,994;19,6246767084579
8320;41,999;20,537520594434
8321;42,003;20,6744647794107
8322;42,007;21,2579150687889
8323;42,012;21,8556817168365
8324;42,016;22,0231361743873
8325;42,021;22,7391888022606
8326;42,025;23,1056641147562
8327;42,030;22,3690757264965
8328;42,034;23,2632614073215
8329;42,039;22,7831940030886
8330;42,043;22,6642039400497
8331;42,047;22,6353365283065
8332;42,052;22,1521007496139
8333;42,056;22,1046924799219
8334;42,061;21,3932163929348
8335;42,065;20,8103528395676
8336;42,070;20,6640208784142
8337;42,074;20,1549687152359
8338;42,079;18,9711701393615
8339;42,083;18,4032096806748
8340;42,087;17,687391747206
8341;42,092;16,7948489272119
8342;42,096;16,0539186924705
8343;42,101;15,6821627558756
8344;42,105;14,905558971663
8345;42,110;14,459287561666
8346;42,114;13,5604079927526
8347;42,118;13,1462897161606
8348;42,123;12,498298465568
8349;42,127;11,5916739813089
8350;42,132;11,32599991551
8351;42,136;10,2875945231714
8352;42,141;10,137859493154
8353;42,145;9,23968400745389
8354;42,150;8,73262674671311
8355;42,154;8,3602840741071
8356;42,158;7,94710457513272
8357;42,163;7,22811826720427
8358;42,167;7,11922006355524
8359;42,172;6,52720342841586
8360;42,176;6,13479438423229
8361;42,181;5,8431865867454
8362;42,185;5,18381265753862
8363;42,190;5,09427674225391
8364;42,194;5,01776636641429
8365;42,198;4,61878587890708
8366;42,203;4,21041761522322
8367;42,207;4,38772923775951
8368;42,212;3,77095234295424
8369;42,216;3,69256441187929
8370;42,221;3,57568659848012
8371;42,225;3,38840046375614
8372;42,230;3,23878278094094
8373;42,234;2,90504733786137
8374;42,238;2,95761888445056
8375;42,243;2,55159756481086
8376;42,247;2,63514877278296
8377;42,252;2,49808724060401
8378;42,256;2,17362222649888
8379;42,261;2,54033223339889
8380;42,265;2,19028552921241
8381;42,270;2,10098430833212
8382;42,274;1,88248381782082
8383;42,278;2,00170857526415
8384;42,283;1,65893739761457
8385;42,287;1,54827898593242
8386;42,292;1,60753932304746
8387;42,296;1,53818712654253
8388;42,301;1,49993193862272
8389;42,305;1,38012044516835
8390;42,309;1,23050276235314
8391;42,314;1,34116117403529
8392;42,318;1,22580887426482
8393;42,323;1,06117074956699
8394;42,327;1,19283431044437
8395;42,332;1,03523701787902
8396;42,336;1,07724731626949
8397;42,341;1,00824716137118
8398;42,345;1,00554817572039
8399;42,349;0,963772571734345
8400;42,354;0,940655172899368
8401;42,358;0,753838426984224
8402;42,363;0,957787864421736
8403;42,367;0,805471195955746
8404;42,372;0,662072914857564
8405;42,376;0,80523650155133
8406;42,381;0,666532108541468
8407;42,385;0,678618870368893
8408;42,389;0,615720769985402
8409;42,394;0,625460587768666
8410;42,398;0,567373722675704
8411;42,403;0,553174711208535
8412;42,407;0,486052111545556
8413;42,412;0,571598221955192
8414;42,416;0,520317494590294
8415;42,421;0,596710523227705
8416;42,425;0,50999094079599
8417;42,429;0,641067765662331
8418;42,434;0,5687818891022
8419;42,438;0,443220382739635
8420;42,443;0,472439836089428
8421;42,447;0,505414399909877
8422;42,452;0,431485662518834
8423;42,456;0,503771539078965
8424;42,461;0,309209877818093
8425;42,465;0,433715259360786
8426;42,469;0,261332219317227
8427;42,474;0,312730293884333
8428;42,478;0,307801711391597
8429;42,483;0,41881216468037
8430;42,487;0,364011021249231
8431;42,492;0,405082542022033
8432;42,496;0,360138563576367
8433;42,500;0,351806912219599
8434;42,505;0,229296433114442
8435;42,509;0,367766131719888
8436;42,514;0,221434170566505
8437;42,518;0,313669071501997
8438;42,523;0,288322075825068
8439;42,527;0,331036457428782
8440;42,532;0,32176602845435
8441;42,536;0,212163741592073
8442;42,540;0,174260595278887
8443;42,545;0,280929202085964
8444;42,549;0,285623090174284
8445;42,554;0,346878329726863
8446;42,558;0,29641903277742
8447;42,563;0,241265847739658
8448;42,567;0,203949437437513
8449;42,572;0,195735133282952
8450;42,576;0,231408682754186
8451;42,580;0,164990166304455
8452;42,585;0,141638073065062
8453;42,589;0,230704599540938
8454;42,594;0,130842130461926
8455;42,598;0,232582154776266
8456;42,603;0,212750477603113
8457;42,607;0,263913857765803
8458;42,612;0,147505433175462
8459;42,616;0,246311777434602
8460;42,620;0,222842336993001
8461;42,625;0,126500283980229
8462;42,629;0,147740127579878
8463;42,634;0,175668761705383
8464;42,638;0,178954483367208
8465;42,643;0,200898410180104
8466;42,647;0,192684106025544
8467;42,652;0,289612895049356
8468;42,656;0,203245354224265
8469;42,660;0,14058194824519
8470;42,665;0,245372999816938
8471;42,669;0,173087123256807
8472;42,674;0,127908450406725
8473;42,678;0,168393235168487
8474;42,683;0,180949385804744
8475;42,687;0,140699295447398
8476;42,692;0,222138253779753
8477;42,696;0,103382885145252
8478;42,700;0,0659491276408988
8479;42,705;0,15290340447703
8480;42,709;0,159240153396263
8481;42,714;0,170036095999399
8482;42,718;0,118638021432293
8483;42,723;0,131663560877382
8484;42,727;0,129081922428805
8485;42,731;0,10350023234746
8486;42,736;0,129668658439845
8487;42,740;0,175199372896551
8488;42,745;0,101270635505508
8489;42,749;0,203832090235305
8490;42,754;0,149852377219622
8491;42,758;0,141286031458438
8492;42,763;0,113474744535141
8493;42,767;0,0291021061475852
8494;42,771;0,144571753120262
8495;42,776;0,0491684777251541
8496;42,780;0,196087174889576
8497;42,785;0,0810869167257314
8498;42,789;0,112418619715269
8499;42,794;0,158770764587431
8500;42,798;0,187286134723976
8501;42,803;0,206531075886089
8502;42,807;0,157949334171975
8503;42,811;0,13412785212375
8504;42,816;0,0658317804386908
8505;42,820;0,109132898053445
8506;42,825;0,0321531334049934
8507;42,829;0,123331909520613
8508;42,834;0,113826786141765
8509;42,838;0,190923897992424
8510;42,843;0,112183925310853
8511;42,847;0,152551362870406
8512;42,851;0,109954328468901
8513;42,856;0,0794440558948194
8514;42,860;0,120046187858789
8515;42,865;0,111362494895397
8516;42,869;0,047760311298658
8517;42,874;0,0748675150087072
8518;42,878;0,151847279657158
8519;42,883;0,139760517829734
8520;42,887;0,0686481132916829
8521;42,891;0,168275887966279
8522;42,896;0,162056486249255
8523;42,900;0,0900053040935398
8524;42,905;0,267082232225419
8525;42,909;0,130372741653094
8526;42,914;0,193857578047624
8527;42,918;0,0789746670859873
8528;42,922;0,143632975502598
8529;42,927;0,103734926751876
8530;42,931;0,137882962594406
8531;42,936;0,0748675150087072
8532;42,940;0,204888215055177
8533;42,945;0,070877710133635
8534;42,949;0,0616072811592026
8535;42,954;0,169332012786151
8536;42,958;0,117933938219045
8537;42,962;0,218735184915721
8538;42,967;0,127439061597893
8539;42,971;0,13295438010167
8540;42,976;0,160061583811719
8541;42,980;0,134245199325958
8542;42,985;0,264148552170219
8543;42,989;0,0861328464206756
8544;42,994;0,190923897992424
8545;42,998;0,23293419638289
8546;43,002;0,0576174762841304
8547;43,007;0,0837859023765155
8548;43,011;0,0997451218768042
8549;43,016;0,105143093178372
8550;43,020;0,0891838736780838
8551;43,025;0,109719634064485
8552;43,029;0,169566707190567
8553;43,034;0,172735081650183
8554;43,038;0,172735081650183
8555;43,042;0,133775810517126
8556;43,047;0,212515783198697
8557;43,051;0,111714536502021
8558;43,056;0,123331909520613
8559;43,060;0,193857578047624
8560;43,065;0,177898358547336
8561;43,069;0,13178090807959
8562;43,074;0,0979849138436841
8563;43,078;0,0881277488582117
8564;43,082;0,133893157719334
8565;43,087;0,157245250958727
8566;43,091;0,242791361368362
8567;43,096;0,135183976943622
8568;43,100;0,13706153217895
8569;43,105;0,102209413123172
8570;43,109;0,137882962594406
8571;43,113;0,100214510685636
8572;43,118;0,154546265307943
8573;43,122;0,13764826818999
8574;43,127;0,152081974061574
8575;43,131;0,10643391240266
8576;43,136;0,132484991292838
8577;43,140;0,14410236431143
8578;43,145;0,0809695695235234
8579;43,149;0,133071727303878
8580;43,153;0,160883014227175
8581;43,158;0,19702595250724
8582;43,162;0,102444107527588
8583;43,167;0,178837136165
8584;43,171;0,110306370075525
8585;43,176;0,161117708631591
8586;43,180;0,144806447524678
8587;43,185;0,0850767216008036
8588;43,189;0,167102415944199
8589;43,193;0,108663509244613
8590;43,198;0,116643118994757
8591;43,202;0,139760517829734
8592;43,207;0,202423923808809
8593;43,211;0,132132949686214
8594;43,216;0,191510634003464
8595;43,220;0,110189022873317
8596;43,225;0,119928840656581
8597;43,229;0,166280985528743
8598;43,233;0,118051285421253
8599;43,238;0,145979919546758
8600;43,242;0,109836981266693
8601;43,247;0,112653314119685
8602;43,251;0,0907093873067878
8603;43,256;0,112301272513061
8604;43,260;0,0769797646484512
8605;43,265;0,150087071624038
8606;43,269;0,14879625239975
8607;43,273;0,0722858765601311
8608;43,278;0,100801246696676
8609;43,282;0,197964730124904
8610;43,287;0,131076824866342
8611;43,291;0,218148448904681
8612;43,296;0,141520725862854
8613;43,300;0,133658463314918
8614;43,304;0,145627877940134
8615;43,309;0,0776838478616993
8616;43,313;0,131428866472966
8617;43,318;0,140464601042982
8618;43,322;0,161000361429383
8619;43,327;0,094347150575236
8620;43,331;0,102678801932004
8621;43,336;0,169684054392775
8622;43,340;0,147505433175462
8623;43,344;0,139877865031942
8624;43,349;0,174847331289927
8625;43,353;0,135653365752454
8626;43,358;0,17942387217604
8627;43,362;0,102796149134212
8628;43,367;0,187168787521768
8629;43,371;0,0684134188872669
8630;43,376;0,207821895110377
8631;43,380;0,169684054392775
8632;43,384;0,157127903756519
8633;43,389;0,14762278037767
8634;43,393;0,151260543646118
8635;43,398;0,155837084532231
8636;43,402;0,133306421708294
8637;43,407;0,146918697164422
8638;43,411;0,112770661321893
8639;43,416;0,168862623977319
8640;43,420;0,0761583342329952
8641;43,424;0,182005510624616
8642;43,429;0,158418722980807
8643;43,433;0,207000464694921
8644;43,438;0,170505484808231
8645;43,442;0,123214562318405
8646;43,447;0,113122702928517
8647;43,451;0,153138098881446
8648;43,456;0,110071675671109
8649;43,460;0,0808522223213154
8650;43,464;0,122393131902949
8651;43,469;0,0576174762841304
8652;43,473;0,180714691400328
8653;43,478;0,131898255281798
8654;43,482;0,0824950831522275
8655;43,487;0,119342104645541
8656;43,491;0,165576902315495
8657;43,495;0,190102467576968
8658;43,500;0,158653417385223
8659;43,504;0,169332012786151
8660;43,509;0,13999521223415
8661;43,513;0,140347253840774
8662;43,518;0,212046394389865
8663;43,522;0,145510530737926
8664;43,527;0,110775758884357
8665;43,531;0,22882704430561
8666;43,535;0,128495186417765
8667;43,540;0,10232676032538
8668;43,544;0,191627981205672
8669;43,549;0,163934041484583
8670;43,553;0,0790920142881953
8671;43,558;0,193388189238792
8672;43,562;0,126265589575813
8673;43,567;0,141638073065062
8674;43,571;0,22706683627249
8675;43,575;0,14468910032247
8676;43,580;0,0599644203282905
8677;43,584;0,109954328468901
8678;43,589;0,115352299770469
8679;43,593;0,167806499157447
8680;43,598;0,111714536502021
8681;43,602;0,147153391568838
8682;43,607;0,121337007083077
8683;43,611;0,135536018550246
8684;43,615;0,0986889970569322
8685;43,620;0,160648319822759
8686;43,624;0,136357448965702
8687;43,629;0,138352351403238
8688;43,633;0,0687654604938909
8689;43,638;0,161469750238215
8690;43,642;0,148092169186502
8691;43,647;0,154194223701318
8692;43,651;0,155367695723399
8693;43,655;0,128025797608933
8694;43,660;0,106668606807077
8695;43,664;0,0910614289134118
8696;43,669;0,155954431734439
8697;43,673;0,170857526414855
8698;43,678;0,13236764409063
8699;43,682;0,214745380040649
8700;43,687;0,118990063038917
8701;43,691;0,176490192120839
8702;43,695;0,234811751618218
8703;43,700;0,125326811958149
8704;43,704;0,139760517829734
8705;43,709;0,0975155250348521
8706;43,713;0,120163535060997
8707;43,718;0,107724731626949
8708;43,722;0,177428969738504
8709;43,726;0,13354111611271
8710;43,731;0,212398435996489
8711;43,735;0,101857371516548
8712;43,740;0,146097266748966
8713;43,744;0,182240205029032
8714;43,749;0,178133052951752
8715;43,753;0,201367798988937
8716;43,758;0,171796304032519
8717;43,762;0,18822491234164
8718;43,766;0,0677093356740189
8719;43,771;0,142576850682726
8720;43,775;0,190806550790216
8721;43,780;0,138469698605446
8722;43,784;0,195148397271912
8723;43,789;0,116525771792549
8724;43,793;0,131546213675174
8725;43,798;0,0594950315194585
8726;43,802;0,113240050130725
8727;43,806;0,130842130461926
8728;43,811;0,111010453288773
8729;43,815;0,199724938158024
8730;43,820;0,169214665583943
8731;43,824;0,164403430293415
8732;43,829;0,161000361429383
8733;43,833;0,168275887966279
8734;43,838;0,153607487690278
8735;43,842;0,160296278216135
8736;43,846;0,134362546528166
8737;43,851;0,177428969738504
8738;43,855;0,193857578047624
8739;43,860;0,213102519209737
8740;43,864;0,205122909459593
8741;43,869;0,204184131841929
8742;43,873;0,101974718718756
8743;43,878;0,13236764409063
8744;43,882;0,182709593837864
8745;43,886;0,142459503480518
8746;43,891;0,0849593743985956
8747;43,895;0,203949437437513
8748;43,900;0,179189177771624
8749;43,904;0,124622728744901
8750;43,909;0,232582154776266
8751;43,913;0,195500438878536
8752;43,917;0,141872767469478
8753;43,922;0,19233206441892
8754;43,926;0,0524541993869782
8755;43,931;0,148913599601958
8756;43,935;0,145745225142342
8757;43,940;0,161000361429383
8758;43,944;0,214041296827401
8759;43,949;0,116760466196965
8760;43,953;0,224485197823913
8761;43,957;0,210872922367785
8762;43,962;0,170388137606023
8763;43,966;0,257107720037739
8764;43,971;0,134245199325958
8765;43,975;0,157597292565351
8766;43,980;0,1876381763306
8767;43,984;0,156189126138855
8768;43,989;0,19819942452932
8769;43,993;0,138000309796614
8770;43,997;0,213454560816361
8771;44,002;0,14938298841079
8772;44,006;0,137530920987782
8773;44,011;0,212515783198697
8774;44,015;0,135770712954662
8775;44,020;0,180714691400328
8776;44,024;0,0908267345089958
8777;44,029;0,0794440558948194
8778;44,033;0,153138098881446
8779;44,037;0,170857526414855
8780;44,042;0,174025900874471
8781;44,046;0,130020700046469
8782;44,051;0,130724783259718
8783;44,055;0,115821688579301
8784;44,060;0,206531075886089
8785;44,064;0,170974873617063
8786;44,069;0,149617682815206
8787;44,073;0,0963420530127721
8788;44,077;0,178837136165
8789;44,082;0,160765667024967
8790;44,086;0,132719685697254
8791;44,091;0,121102312678661
8792;44,095;0,0218265796106889
8793;44,100;0,148092169186502
8794;44,104;0,210990269569993
8795;44,108;0,222842336993001
8796;44,113;0,192684106025544
8797;44,117;0,159826889407303
8798;44,122;0,143163586693766
8799;44,126;0,102092065920964
8800;44,131;0,0922349009354919
8801;44,135;0,200194326966856
8802;44,140;0,159944236609511
8803;44,144;0,212515783198697
8804;44,148;0,121102312678661
8805;44,153;0,179306524973832
8806;44,157;0,130842130461926
8807;44,162;0,138939087414278
8808;44,166;0,190806550790216
8809;44,171;0,175082025694343
8810;44,175;0,130020700046469
8811;44,180;0,13999521223415
8812;44,184;0,151964626859366
8813;44,188;0,103852273954084
8814;44,193;0,240327070121994
8815;44,197;0,181066733006952
8816;44,202;0,168627929572903
8817;44,206;0,171326915223687
8818;44,211;0,163464652675751
8819;44,215;0,149500335612998
8820;44,220;0,095637969799524
8821;44,224;0,138469698605446
8822;44,228;0,154898306914567
8823;44,233;0,18998512037476
8824;44,237;0,0579695178907544
8825;44,242;0,0885971376670437
8826;44,246;0,0915308177222439
8827;44,251;0,153842182094694
8828;44,255;0,144806447524678
8829;44,260;0,114530869355013
8830;44,264;0,170622832010439
8831;44,268;0,151964626859366
8832;44,273;0,203010659819849
8833;44,277;0,137765615392198
8834;44,282;0,19174532840788
8835;44,286;0,256873025633323
8836;44,291;0,107959426031365
8837;44,295;0,187755523532808
8838;44,299;0,107490037222533
8839;44,304;0,102561454729796
8840;44,308;0,135536018550246
8841;44,313;0,159122806194055
8842;44,317;0,192684106025544
8843;44,322;0,19174532840788
8844;44,326;0,121806395891909
8845;44,331;0,131076824866342
8846;44,335;0,130490088855302
8847;44,339;0,122979867913989
8848;44,344;0,222138253779753
8849;44,348;0,187168787521768
8850;44,353;0,178719788962792
8851;44,357;0,113592091737349
8852;44,362;0,165694249517703
8853;44,366;0,236102570842506
8854;44,371;0,143985017109222
8855;44,375;0,121102312678661
8856;44,379;0,203597395830889
8857;44,384;0,200429021371272
8858;44,388;0,107372690020325
8859;44,393;0,254526081589163
8860;44,397;0,121337007083077
8861;44,402;0,139877865031942
8862;44,406;0,154076876499111
8863;44,411;0,223898461812873
8864;44,415;0,166985068741991
8865;44,419;0,178954483367208
8866;44,424;0,0901226512957478
8867;44,428;0,162525875058087
8868;44,433;0,153607487690278
8869;44,437;0,243612791783818
8870;44,442;0,33995484479659
8871;44,446;0,348873232164399
8872;44,451;0,209699450345705
8873;44,455;0,362837549227151
8874;44,459;0,462113282295123
8875;44,464;0,528649145947062
8876;44,468;0,574531902010392
8877;44,473;0,800659960665218
8878;44,477;0,916246954840103
8879;44,482;1,14706890158325
8880;44,486;1,32707950977033
8881;44,491;1,34374281248386
8882;44,495;1,76548865721943
8883;44,499;2,0420760128237
8884;44,504;2,45384734537159
8885;44,508;2,8219655186981
8886;44,513;3,37866064597288
8887;44,517;3,9125904160193
8888;44,522;4,30323925216975
8889;44,526;4,81522509540328
8890;44,530;5,31911398168445
8891;44,535;6,15216177015908
8892;44,539;6,68057622170172
8893;44,544;7,36400632736114
8894;44,548;8,21911538985088
8895;44,553;9,01120900475491
8896;44,557;9,47343963425224
8897;44,562;10,8557896762625
8898;44,566;11,1707495669888
8899;44,570;12,2352060382176
8900;44,575;12,8141971339119
8901;44,579;13,5201579023953
8902;44,584;14,4778284196148
8903;44,588;15,0942532728135
8904;44,593;16,1988424871974
8905;44,597;17,0855179470811
8906;44,602;17,3761869669503
8907;44,606;18,1946837023512
8908;44,610;18,6226489488038
8909;44,615;19,7227789695038
8910;44,619;19,5629520800965
8911;44,624;20,4509183592045
8912;44,628;20,7847711494863
8913;44,633;21,0378890646489
8914;44,637;20,6504086029581
8915;44,642;20,9205418624409
8916;44,646;21,0100777777256
8917;44,650;20,939786803603
8918;44,655;20,3489436404857
8919;44,659;20,3392038227025
8920;44,664;20,0283510840535
8921;44,668;19,3789516670344
8922;44,673;18,810639166741
8923;44,677;18,6187764911309
8924;44,682;18,0327445633041
8925;44,686;17,5926925550241
8926;44,690;17,1741150847481
8927;44,695;16,1738475331271
8928;44,699;15,6544688161545
8929;44,704;15,3317640100825
8930;44,708;14,4057772374591
8931;44,713;13,8746638002657
8932;44,717;13,4659434949752
8933;44,721;12,8240542988974
8934;44,726;11,8316490098243
8935;44,730;11,2489028036594
8936;44,735;10,7407894180987
8937;44,739;10,1118084142638
8938;44,744;9,60932769440911
8939;44,748;9,13395417826448
8940;44,753;8,8103105945748
8941;44,757;8,33329421759926
8942;44,761;7,95508418488286
8943;44,766;7,2988786301357
8944;44,770;6,75473965349718
8945;44,775;6,3708969550748
8946;44,779;6,19112104129213
8947;44,784;5,89036016203302
8948;44,788;5,34856812943866
8949;44,793;5,19707289138812
8950;44,797;4,76347497922954
8951;44,801;4,87870993179781
8952;44,806;4,34290260651606
8953;44,810;4,17028487206808
8954;44,815;3,92221288660036
8955;44,819;3,89287608604836
8956;44,824;3,55749778213788
8957;44,828;3,47101289411058
8958;44,833;3,28337471777998
8959;44,837;2,84332270949996
8960;44,841;3,22470111667598
8961;44,846;2,76094497354994
8962;44,850;2,52050055622574
8963;44,855;2,41958196232685
8964;44,859;2,09394347619964
8965;44,864;2,24062747895965
8966;44,868;2,2428570758016
8967;44,873;1,93458597560117
8968;44,877;2,04289744323916
8969;44,881;1,84939190679816
8970;44,886;1,86065723821013
8971;44,890;1,56681984388128
8972;44,895;1,49535539773661
8973;44,899;1,45979919546758
8974;44,904;1,47857474782086
8975;44,908;1,44782978084237
8976;44,912;1,35254385264947
8977;44,917;1,18567613110968
8978;44,921;1,28096205930258
8979;44,926;1,09168102214107
8980;44,930;1,08100242674014
8981;44,935;1,04697173809982
8982;44,939;1,10494125599057
8983;44,944;1,03077782419512
8984;44,948;0,967410335002793
8985;44,952;0,935726590406632
8986;44,957;0,792915045319489
8987;44,961;0,845017203099844
8988;44,966;0,685425008096957
8989;44,970;0,798313016621058
8990;44,975;0,817557957783171
8991;44,979;0,747149636458368
8992;44,984;0,597649300845369
8993;44,988;0,622644254915674
8994;44,992;0,62111874128697
8995;44,997;0,533108339630966
8996;45,001;0,590373774308473
8997;45,006;0,545195101458391
8998;45,010;0,596593176025497
8999;45,015;0,600817675304985
9000;45,019;0,443103035537427
9001;45,024;0,473378613707092
9002;45,028;0,506353177527541
9003;45,032;0,517735856141718
9004;45,037;0,420455025511282
9005;45,041;0,498725609384021
9006;45,046;0,489572527611797
9007;45,050;0,413414193378801
9008;45,055;0,425735649610642
9009;45,059;0,453429589331731
9010;45,064;0,256990372835531
9011;45,068;0,376684519087696
9012;45,072;0,435006078585074
9013;45,077;0,361194688396239
9014;45,081;0,340189539201006
9015;45,086;0,291959839093516
9016;45,090;0,485700069938932
9017;45,095;0,330919110226574
9018;45,099;0,3811437127716
9019;45,103;0,298296588012749
9020;45,108;0,372812061414832
9021;45,112;0,336082387123726
9022;45,117;0,303342517707693
9023;45,121;0,345704857704783
9024;45,126;0,287265951005196
9025;45,130;0,254878123195787
9026;45,135;0,270719995493867
9027;45,139;0,27588327239102
9028;45,143;0,191510634003464
9029;45,148;0,265322024192299
9030;45,152;0,314842543524077
9031;45,157;0,298531282417165
9032;45,161;0,296184338373005
9033;45,166;0,144454405918054
9034;45,170;0,253939345578123
9035;45,175;0,233051543585098
9036;45,179;0,291959839093516
9037;45,183;0,255464859206827
9038;45,188;0,220730087353257
9039;45,192;0,168393235168487
9040;45,197;0,180127955389288
9041;45,201;0,191041245194632
9042;45,206;0,189633078768136
9043;45,210;0,176959580929671
9044;45,215;0,209230061536873
9045;45,219;0,166633027135367
9046;45,223;0,215097421647273
9047;45,228;0,240444417324202
9048;45,232;0,249480151894219
9049;45,237;0,257694456048779
9050;45,241;0,161469750238215
9051;45,246;0,217561712893641
9052;45,250;0,135536018550246
9053;45,255;0,153372793285862
9054;45,259;0,173556512065639
9055;45,263;0,147270738771046
9056;45,268;0,296066991170796
9057;45,272;0,175434067300967
9058;45,277;0,145627877940134
9059;45,281;0,168510582370695
9060;45,286;0,207587200705961
9061;45,290;0,164286083091207
9062;45,294;0,14938298841079
9063;45,299;0,204301479044137
9064;45,303;0,256286289622283
9065;45,308;0,170036095999399
9066;45,312;0,193505536441
9067;45,317;0,169214665583943
9068;45,321;0,159709542205095
9069;45,326;0,136240101763494
9070;45,330;0,153138098881446
9071;45,334;0,174847331289927
9072;45,339;0,20113310458452
9073;45,343;0,174729984087719
9074;45,348;0,19115859239684
9075;45,352;0,188459606746056
9076;45,357;0,164990166304455
9077;45,361;0,10174002431434
9078;45,366;0,175786108907591
9079;45,370;0,118990063038917
9080;45,374;0,126852325586853
9081;45,379;0,204536173448553
9082;45,383;0,1876381763306
9083;45,388;0,176724886525255
9084;45,392;0,212633130400905
9085;45,397;0,164286083091207
9086;45,401;0,182826941040072
9087;45,406;0,211811699985449
9088;45,410;0,174729984087719
9089;45,414;0,191627981205672
9090;45,419;0,0888318320714598
9091;45,423;0,103852273954084
9092;45,428;0,188694301150472
9093;45,432;0,0849593743985956
9094;45,437;0,161352403036007
9095;45,441;0,118520674230085
9096;45,446;0,135418671348038
9097;45,450;0,109367592457861
9098;45,454;0,166750374337575
9099;45,459;0,127204367193477
9100;45,463;0,133306421708294
9101;45,468;0,0674746412696028
9102;45,472;0,156071778936647
9103;45,477;0,136240101763494
9104;45,481;0,122745173509573
9105;45,486;0,198434118933736
9106;45,490;0,13471458813479
9107;45,494;0,29641903277742
9108;45,499;0,0995104274723882
9109;45,503;0,159944236609511
9110;45,508;0,137178879381158
9111;45,512;0,106903301211493
9112;45,517;0,201367798988937
9113;45,521;0,136944184976742
9114;45,525;0,140699295447398
9115;45,530;0,0502246025450261
9116;45,534;0,142107461873894
9117;45,539;0,127439061597893
9118;45,543;0,14586257234455
9119;45,548;0,156775862149895
9120;45,552;0,157245250958727
9121;45,557;0,147388085973254
9122;45,561;0,125796200766981
9123;45,565;0,123214562318405
9124;45,570;0,119811493454373
9125;45,574;0,147505433175462
9126;45,579;0,0823777359500195
9127;45,583;0,185056537882024
9128;45,588;0,0789746670859873
9129;45,592;0,165342207911079
9130;45,597;0,094464497777444
9131;45,601;0,114765563759429
9132;45,605;0,173908553672263
9133;45,610;0,094347150575236
9134;45,614;0,114178827748389
9135;45,619;0,145745225142342
9136;45,623;0,0803828335124834
9137;45,628;0,114882910961637
9138;45,632;0,0411888679750097
9139;45,637;0,185760621095272
9140;45,641;0,14879625239975
9141;45,645;0,109484939660069
9142;45,650;0,113826786141765
9143;45,654;0,114530869355013
9144;45,659;0,13530132414583
9145;45,663;0,13060743605751
9146;45,668;0,139173781818694
9147;45,672;0,215332116051689
9148;45,677;0,109719634064485
9149;45,681;0,19819942452932
9150;45,685;0,120750271072037
9151;45,690;0,124622728744901
9152;45,694;0,111245147693189
9153;45,699;0,096107358608356
9154;45,703;0,09587266420394
9155;45,708;0,23234746037185
9156;45,712;0,143750322704806
9157;45,716;0,151377890848326
9158;45,721;0,171913651234727
9159;45,725;0,188928995554888
9160;45,730;0,109836981266693
9161;45,734;0,14410236431143
9162;45,739;0,220847434555465
9163;45,743;0,0749848622109152
9164;45,748;0,093995108968612
9165;45,752;0,155015654116775
9166;45,756;0,198903507742568
9167;45,761;0,215449463253897
9168;45,765;0,105964523593828
9169;45,770;0,189046342757096
9170;45,774;0,0887144848692518
9171;45,779;0,18587796829748
9172;45,783;0,187403481926184
9173;45,788;0,114882910961637
9174;45,792;0,146801349962214
9175;45,796;0,153255446083654
9176;45,801;0,102092065920964
9177;45,805;0,118638021432293
9178;45,810;0,172852428852391
9179;45,814;0,123097215116197
9180;45,819;0,0934083729575719
9181;45,823;0,184235107466568
9182;45,828;0,133306421708294
9183;45,832;0,191627981205672
9184;45,836;0,162760569462503
9185;45,841;0,112535966917477
9186;45,845;0,155133001318983
9187;45,850;0,155015654116775
9188;45,854;0,114178827748389
9189;45,859;0,146214613951174
9190;45,863;0,14234215627831
9191;45,868;0,122627826307365
9192;45,872;0,104791051571748
9193;45,876;0,0810869167257314
9194;45,881;0,14410236431143
9195;45,885;0,176959580929671
9196;45,890;0,219791309735593
9197;45,894;0,197495341316072
9198;45,899;0,237158695662378
9199;45,903;0,196087174889576
9200;45,907;0,293250658317804
9201;45,912;0,337373206348014
9202;45,916;0,400975389944753
9203;45,921;0,428551982463634
9204;45,925;0,483705167501396
9205;45,930;0,435475467393906
9206;45,934;0,60527686898889
9207;45,939;0,671460691034204
9208;45,943;0,804415071135874
9209;45,947;1,00942063339326
9210;45,952;1,04732377970644
9211;45,956;1,18262510385227
9212;45,961;1,49805438338739
9213;45,965;1,54229427861981
9214;45,970;2,05439746905554
9215;45,974;2,05369338584229
9216;45,979;2,49315865811127
9217;45,983;2,91326164201593
9218;45,987;3,07602221147843
9219;45,992;3,6648704721582
9220;45,996;4,10151941157419
9221;46,001;4,70045953164385
9222;46,005;5,36699164018531
9223;46,010;5,86888562402895
9224;46,014;6,54046366226536
9225;46,019;7,06207197607995
9226;46,023;7,9732730012251
9227;46,027;8,62877447275902
9228;46,032;9,60310829269208
9229;46,036;10,6031411499087
9230;46,041;11,4999084691823
9231;46,045;12,5910027553123
9232;46,050;13,7758574560065
9233;46,054;14,2027665776393
9234;46,059;15,6183258778744
9235;46,063;16,5913688785832
9236;46,067;17,8873513797684
9237;46,072;18,9643640016335
9238;46,076;19,995963256244
9239;46,081;20,9907154893613
9240;46,085;23,0386588622954
9241;46,090;24,4389630262435
9242;46,094;25,0061020545148
9243;46,098;26,5257483231085
9244;46,103;28,6189877160949
9245;46,107;29,7431739132476
9246;46,112;31,0973606267279
9247;46,116;32,5028280675732
9248;46,121;33,6608102589618
9249;46,125;35,2772679693771
9250;46,130;36,7854142121544
9251;46,134;38,6294081476509
9252;46,138;39,5880174424881
9253;46,143;41,288847791291
9254;46,147;42,2760898034669
9255;46,152;44,0225682139286
9256;46,156;45,3463620020371
9257;46,161;46,3827724919382
9258;46,165;48,035021099027
9259;46,170;48,52306811301
9260;46,174;49,7239993804068
9261;46,178;50,0170153443202
9262;46,183;50,6965729923067
9263;46,187;52,2798214444971
9264;46,192;52,2957806639974
9265;46,196;52,445633041217
9266;46,201;52,4308472937388
9267;46,205;53,0748487394563
9268;46,210;51,8477490459672
9269;46,214;51,0096553277977
9270;46,218;49,4667743131668
9271;46,223;49,3569373319001
9272;46,227;47,958862764794
9273;46,232;46,3184662251283
9274;46,236;45,1119022920256
9275;46,241;43,2004337152594
9276;46,245;40,4812643456955
9277;46,250;38,7167144660937
9278;46,254;37,1912008373896
9279;46,258;35,9507235628488
9280;46,263;33,5726825101036
9281;46,267;32,1124139258272
9282;46,272;30,4013743704323
9283;46,276;28,1997061626057
9284;46,281;26,4610900146919
9285;46,285;25,5352205892707
9286;46,289;23,9522068314847
9287;46,294;22,5527240979521
9288;46,298;21,1555883084635
9289;46,303;19,8065648718803
9290;46,307;19,0806550790216
9291;46,312;18,013499622142
9292;46,316;16,8353337119736
9293;46,321;15,4055754002713
9294;46,325;15,2425801364044
9295;46,329;14,2468891256695
9296;46,334;13,1316213158846
9297;46,338;12,685584600292
9298;46,343;11,9597921546354
9299;46,347;11,6778068277296
9300;46,352;11,2939641293072
9301;46,356;10,7837384941068
9302;46,361;10,5398910079186
9303;46,365;9,92076716906915
9304;46,369;9,5373938594556
9305;46,374;9,26632182235511
9306;46,378;9,02001004492051
9307;46,383;8,93821904498153
9308;46,387;8,7443614669339
9309;46,392;8,66057556455739
9310;46,396;9,24426054834001
9311;46,401;8,70446341818318
9312;46,405;9,11846434757302
9313;46,409;9,13536234469098
9314;46,414;9,44680181935102
9315;46,418;9,66319006022258
9316;46,423;10,0579460484503
9317;46,427;10,5184164699145
9318;46,432;10,581314570298
9319;46,436;11,3500560919627
9320;46,441;12,0366545720817
9321;46,445;12,9034983547922
9322;46,449;13,4267495294377
9323;46,454;14,3486291499838
9324;46,458;15,3358711621598
9325;46,463;16,0515717484264
9326;46,467;17,0791811981619
9327;46,472;17,7157897701403
9328;46,476;18,9193026759856
9329;46,481;20,153325854405
9330;46,485;20,7122505785217
9331;46,489;22,0938965373188
9332;46,494;23,2664297817811
9333;46,498;24,1144980121384
9334;46,503;25,5793431373009
9335;46,507;26,2598395629051
9336;46,512;27,2926122895378
9337;46,516;28,2637777350112
9338;46,520;29,3041780297874
9339;46,525;30,2612618109959
9340;46,529;31,0618044244589
9341;46,534;32,1254394652723
9342;46,538;33,1286406969485
9343;46,543;34,2466074923842
9344;46,547;34,9637162450773
9345;46,552;35,9477898827936
9346;46,556;35,6991311613149
9347;46,560;36,2822294090864
9348;46,565;36,0814483461085
9349;46,569;36,5155156470759
9350;46,574;37,2100937369451
9351;46,578;37,6914519604024
9352;46,583;37,7345183836127
9353;46,587;37,5910027553123
9354;46,592;37,5550945114367
9355;46,596;37,0190524917505
9356;46,600;36,4688114605972
9357;46,605;35,7565139431946
9358;46,609;35,9061316260098
9359;46,614;35,3950845603939
9360;46,618;34,8889660772708
9361;46,623;33,4197791056266
9362;46,627;32,7803542007951
9363;46,632;31,8134132546012
9364;46,636;31,3961266035495
9365;46,640;30,2560985340987
9366;46,645;29,3707138934394
9367;46,649;29,1224072135672
9368;46,654;27,841093112658
9369;46,658;26,685692559718
9370;46,663;25,5707767915397
9371;46,667;24,2198757997212
9372;46,672;23,1271386527602
9373;46,676;22,801500166633
9374;46,680;21,3726806325484
9375;46,685;19,7185544702243
9376;46,689;20,0068765460494
9377;46,694;18,477255765268
9378;46,698;17,4607942997423
9379;46,703;16,6591955614594
9380;46,707;15,7409537041818
9381;46,711;15,1429523617298
9382;46,716;14,0540876724417
9383;46,720;13,3213717418549
9384;46,725;12,4957168271194
9385;46,729;12,1049506437668
9386;46,734;11,5400412123374
9387;46,738;10,8263355285083
9388;46,743;10,4722990194468
9389;46,747;9,73958308885999
9390;46,751;9,26726059997278
9391;46,756;9,00639776946438
9392;46,760;8,34925343709955
9393;46,765;8,33282482879043
9394;46,769;7,681547856536
9395;46,774;7,15383748820661
9396;46,778;7,07134240505438
9397;46,783;6,57601986453439
9398;46,787;6,3782898288139
9399;46,791;5,93061025239036
9400;46,796;5,69779340320968
9401;46,800;5,30761395586806
9402;46,805;5,19425655853513
9403;46,809;5,0413531540581
9404;46,814;4,77192397778852
9405;46,818;4,35287711870374
9406;46,823;4,38432616889548
9407;46,827;4,11982557511864
9408;46,831;3,95624357524068
9409;46,836;3,74325840323315
9410;46,840;3,62579385382294
9411;46,845;3,32350746093512
9412;46,849;3,1943081913041
9413;46,854;3,27175734476139
9414;46,858;3,02967006660627
9415;46,863;2,93743516567078
9416;46,867;2,83815943260281
9417;46,871;2,62224058054008
9418;46,876;2,66917946142328
9419;46,880;2,4598320526842
9420;46,885;2,52554648592068
9421;46,889;2,54420469107176
9422;46,894;2,22748459231235
9423;46,898;2,18653041874176
9424;46,902;2,0024126584774
9425;46,907;1,9980708119957
9426;46,911;2,00851471299221
9427;46,916;1,80808569162094
9428;46,920;1,84141229704801
9429;46,925;1,75645292264942
9430;46,929;1,71127424979934
9431;46,934;1,40863581530489
9432;46,938;1,52739118393939
9433;46,942;1,46496247236473
9434;46,947;1,34092647963087
9435;46,951;1,32719685697254
9436;46,956;1,35230915824505
9437;46,960;1,2797885872805
9438;46,965;1,28882432185052
9439;46,969;1,19893636495919
9440;46,974;1,36404387846585
9441;46,978;1,01106349422417
9442;46,982;1,18602817271631
9443;46,987;1,11620658740254
9444;46,991;1,18555878390747
9445;46,996;1,05635951427646
9446;47,000;1,08428814840197
9447;47,005;0,937369451237544
9448;47,009;1,03957886436072
9449;47,014;0,917772468468807
9450;47,018;0,862971325037668
9451;47,022;0,89582854165591
9452;47,027;1,00343592608065
9453;47,031;0,745624122829664
9454;47,036;0,80288955750717
9455;47,040;0,786343601995841
9456;47,045;0,736588388259647
9457;47,049;0,79819566941885
9458;47,054;0,844313119886596
9459;47,058;0,687185216130077
9460;47,062;0,646348389761691
9461;47,067;0,776955825819201
9462;47,071;0,72227202959027
9463;47,076;0,707251587707646
9464;47,080;0,66934844139446
9465;47,085;0,726261834465343
9466;47,089;0,524189952263158
9467;47,093;0,526067507498486
9468;47,098;0,62229221330905
9469;47,102;0,526302201902902
9470;47,107;0,533108339630966
9471;47,111;0,570894138741944
9472;47,116;0,539327741347991
9473;47,120;0,587674788657689
9474;47,125;0,505414399909877
9475;47,129;0,420220331106866
9476;47,133;0,429842801687922
9477;47,138;0,569485972315448
9478;47,142;0,535924672483959
9479;47,147;0,375159005458992
9480;47,151;0,394873335429937
9481;47,156;0,38759780889304
9482;47,160;0,38055697676056
9483;47,165;0,364128368451439
9484;47,169;0,459296949442131
9485;47,173;0,354153856263759
9486;47,178;0,317541529174861
9487;47,182;0,36882225653976
9488;47,187;0,341949747234126
9489;47,191;0,364011021249231
9490;47,196;0,385485559253296
9491;47,200;0,33350074867515
9492;47,205;0,245372999816938
9493;47,209;0,213454560816361
9494;47,213;0,264735288181259
9495;47,218;0,351572217815183
9496;47,222;0,350868134601935
9497;47,227;0,393465169003441
9498;47,231;0,27940368845726
9499;47,236;0,310618044244589
9500;47,240;0,338311983965678
9501;47,245;0,247485249456682
9502;47,249;0,168745276775111
9503;47,253;0,212515783198697
9504;47,258;0,208760672728041
9505;47,262;0,228592349901194
9506;47,267;0,188459606746056
9507;47,271;0,212046394389865
9508;47,276;0,287383298207404
9509;47,280;0,272245509122572
9510;47,285;0,320240514825646
9511;47,289;0,249597499096427
9512;47,293;0,201250451786728
9513;47,298;0,18529123228644
9514;47,302;0,248071985467722
9515;47,307;0,323643583689678
9516;47,311;0,214275991231817
9517;47,316;0,187520829128392
9518;47,320;0,234459710011594
9519;47,324;0,23469440441601
9520;47,329;0,202775965415433
9521;47,333;0,265204676990091
9522;47,338;0,227184183474698
9523;47,342;0,127556408800101
9524;47,347;0,210051491952329
9525;47,351;0,218148448904681
9526;47,356;0,117581896612421
9527;47,360;0,255464859206827
9528;47,364;0,169097318381735
9529;47,369;0,164990166304455
9530;47,373;0,203010659819849
9531;47,378;0,18235755223124
9532;47,382;0,154076876499111
9533;47,387;0,121923743094117
9534;47,391;0,183296329848904
9535;47,396;0,0790920142881953
9536;47,400;0,209230061536873
9537;47,404;0,172500387245767
9538;47,409;0,285975131780908
9539;47,413;0,149030946804166
9540;47,418;0,205709645470633
9541;47,422;0,114061480546181
9542;47,427;0,252061790342795
9543;47,431;0,122862520711781
9544;47,436;0,0842552911853476
9545;47,440;0,166046291124327
9546;47,444;0,195617786080744
9547;47,449;0,144806447524678
9548;47,453;0,149030946804166
9549;47,458;0,139760517829734
9550;47,462;0,190454509183592
9551;47,467;0,229883169125482
9552;47,471;0,162056486249255
9553;47,476;0,18881164835268
9554;47,480;0,135418671348038
9555;47,484;0,189046342757096
9556;47,489;0,18118408020916
9557;47,493;0,127321714395685
9558;47,498;0,201954534999977
9559;47,502;0,187286134723976
9560;47,507;0,218265796106889
9561;47,511;0,179658566580456
9562;47,515;0,195031050069704
9563;47,520;0,131076824866342
9564;47,524;0,23938829250433
9565;47,529;0,137413573785574
9566;47,533;0,172852428852391
9567;47,538;0,144454405918054
9568;47,542;0,0787399726815713
9569;47,547;0,149500335612998
9570;47,551;0,159709542205095
9571;47,555;0,172030998436935
9572;47,560;0,0978675666414761
9573;47,564;0,167102415944199
9574;47,569;0,198551466135944
9575;47,573;0,149500335612998
9576;47,578;0,0505766441516501
9577;47,582;0,118168632623461
9578;47,587;0,145745225142342
9579;47,591;0,164286083091207
9580;47,595;0,115117605366053
9581;47,600;0,0894185680824998
9582;47,604;0,124035992733861
9583;47,609;0,206296381481673
9584;47,613;0,115117605366053
9585;47,618;0,137296226583366
9586;47,622;0,141638073065062
9587;47,627;0,103265537943044
9588;47,631;0,185995315499688
9589;47,635;0,257929150453195
9590;47,640;0,133071727303878
9591;47,644;0,117347202208005
9592;47,649;0,210051491952329
9593;47,653;0,0333266054270734
9594;47,658;0,0799134447036514
9595;47,662;0,192801453227752
9596;47,667;0,175316720098759
9597;47,671;0,209464755941289
9598;47,675;0,185525926690856
9599;47,680;0,193388189238792
9600;47,684;0,188928995554888
9601;47,689;0,19233206441892
9602;47,693;0,13706153217895
9603;47,698;0,111127800490981
9604;47,702;0,0841379439831395
9605;47,706;0,131898255281798
9606;47,711;0,163934041484583
9607;47,715;0,107490037222533
9608;47,720;0,171913651234727
9609;47,724;0,124740075947109
9610;47,729;0,153138098881446
9611;47,733;0,160296278216135
9612;47,738;0,114648216557221
9613;47,742;0,0679440300784349
9614;47,746;0,229296433114442
9615;47,751;0,138587045807654
9616;47,755;0,095520622597316
9617;47,760;0,161117708631591
9618;47,764;0,0893012208802918
9619;47,769;0,0782705838727393
9620;47,773;0,155837084532231
9621;47,778;0,0759236398285792
9622;47,782;0,119224757443333
9623;47,786;0,149617682815206
9624;47,791;0,230235210732106
9625;47,795;0,0770971118506592
9626;47,800;0,140229906638566
9627;47,804;0,201837187797769
9628;47,809;0,164403430293415
9629;47,813;0,156775862149895
9630;47,818;0,130490088855302
9631;47,822;0,171326915223687
9632;47,826;0,127791103204517
9633;47,831;0,0875410128471717
9634;47,835;0,0758062926263712
9635;47,840;0,171796304032519
9636;47,844;0,103148190740836
9637;47,849;0,135418671348038
9638;47,853;0,122510479105157
9639;47,858;0,070408321324803
9640;47,862;0,17942387217604
9641;47,866;0,114530869355013
9642;47,871;0,139173781818694
9643;47,875;0,146918697164422
9644;47,880;0,177546316940711
9645;47,884;0,168745276775111
9646;47,889;0,130138047248678
9647;47,893;0,126617631182437
9648;47,897;0,175551414503175
9649;47,902;0,118403327027877
9650;47,906;0,170505484808231
9651;47,911;0,0836685551743075
9652;47,915;0,144571753120262
9653;47,920;0,194561661260872
9654;47,924;0,0540970602178903
9655;47,929;0,114061480546181
9656;47,933;0,14175542026727
9657;47,937;0,0490511305229461
9658;47,942;0,172500387245767
9659;47,946;0,110893106086565
9660;47,951;0,114061480546181
9661;47,955;0,0618419755636186
9662;47,960;0,216740282478185
9663;47,964;0,0966940946193961
9664;47,969;0,17942387217604
9665;47,973;0,0858981520162596
9666;47,977;0,155837084532231
9667;47,982;0,166280985528743
9668;47,986;0,115704341377093
9669;47,991;0,164520777495623
9670;47,995;0,125092117553733
9671;48,000;0,136944184976742
9672;48,004;0,0427143816037138
9673;48,009;0,107372690020325
9674;48,013;0,113826786141765
9675;48,017;0,0931736785531559
9676;48,022;0,175199372896551
9677;48,026;0,126734978384645
9678;48,031;0,119694146252165
9679;48,035;0,180479996995912
9680;48,040;0,217679060095849
9681;48,044;0,197847382922696
9682;48,049;0,191980022812296
9683;48,053;0,23352093239393
9684;48,057;0,176490192120839
9685;48,062;0,288439423027276
9686;48,066;0,15231666846599
9687;48,071;0,290434325464812
9688;48,075;0,261449566519435
9689;48,080;0,273888369953484
9690;48,084;0,384781476040048
9691;48,088;0,384429434433424
9692;48,093;0,46821533680994
9693;48,097;0,608093201841882
9694;48,102;0,540031824561239
9695;48,106;0,784348699558305
9696;48,111;0,736705735461855
9697;48,115;0,989002220209066
9698;48,120;1,11315556014514
9699;48,124;1,22275784700741
9700;48,128;1,5069727707552
9701;48,133;1,7913050417052
9702;48,137;1,99185141027868
9703;48,142;2,32065827086551
9704;48,146;2,60334768098459
9705;48,151;3,19078777523786
9706;48,155;3,46139042352952
9707;48,160;3,81425346056899
9708;48,164;4,32835155344226
9709;48,168;4,83963331346254
9710;48,173;5,51226747651882
9711;48,177;6,12235558079824
9712;48,182;6,68163234652159
9713;48,186;7,91354327530123
9714;48,191;8,61445811408964
9715;48,195;9,05849992724473
9716;48,200;9,86796092807555
9717;48,204;10,9936726388569
9718;48,208;11,4709237102369
9719;48,213;12,2746346981595
9720;48,217;13,6499439080373
9721;48,222;14,8374975943824
9722;48,226;15,1369676544172
9723;48,231;16,0046328675432
9724;48,235;16,9599564407185
9725;48,240;17,9794689335017
9726;48,244;19,0255018939838
9727;48,248;19,4681355407124
9728;48,253;20,2671526405467
9729;48,257;20,7306740892684
9730;48,262;21,8296306379463
9731;48,266;22,5128260492013
9732;48,271;23,1003834906568
9733;48,275;23,4667414559502
9734;48,280;23,8867270926527
9735;48,284;23,5879611158311
9736;48,288;24,460085522641
9737;48,293;23,5803335476876
9738;48,297;24,1487633951831
9739;48,302;23,8951760912116
9740;48,306;24,100181653469
9741;48,311;23,9466915129809
9742;48,315;23,481879245035
9743;48,319;22,9336331163192
9744;48,324;22,5418108081467
9745;48,328;21,9733809606511
9746;48,333;21,5640739193496
9747;48,337;21,0620625883038
9748;48,342;20,2777138887455
9749;48,346;19,6589420915027
9750;48,351;18,7768431725051
9751;48,355;18,2776481743122
9752;48,359;17,6250803828335
9753;48,364;16,8455429185657
9754;48,368;15,9418521143619
9755;48,373;15,1017634937548
9756;48,377;14,3357209577409
9757;48,382;13,630581619673
9758;48,386;13,2834685955417
9759;48,391;12,0229249494234
9760;48,395;11,8864501532554
9761;48,399;10,7747027595368
9762;48,404;10,7743507179302
9763;48,408;9,78018522082396
9764;48,413;9,06941321705008
9765;48,417;8,68381031059458
9766;48,422;8,1535183038166
9767;48,426;7,86895133846219
9768;48,431;7,3472256774454
9769;48,435;6,91268898766916
9770;48,439;6,58798927915961
9771;48,444;6,01944208446182
9772;48,448;6,07764629675699
9773;48,453;5,52775730721028
9774;48,457;5,12150129316617
9775;48,462;5,23556277371235
9776;48,466;4,8405720910802
9777;48,471;4,66713292621677
9778;48,475;4,17685631539173
9779;48,479;3,95483540881418
9780;48,484;3,79078402012739
9781;48,488;3,33735443079566
9782;48,493;3,38840046375614
9783;48,497;3,19653778814605
9784;48,502;3,1796397910281
9785;48,506;2,96020052289913
9786;48,510;2,84496557033087
9787;48,515;2,68830705538319
9788;48,519;2,41711767108049
9789;48,524;2,60323033378238
9790;48,528;2,24825504710317
9791;48,533;2,20190290223101
9792;48,537;2,01719840595561
9793;48,542;1,96380542895096
9794;48,546;1,87884605455237
9795;48,550;1,80796834441873
9796;48,555;1,73368756542107
9797;48,559;1,55543716526711
9798;48,564;1,65001901024676
9799;48,568;1,4923043704792
9800;48,573;1,54006468177786
9801;48,577;1,52950343357914
9802;48,582;1,3075998742038
9803;48,586;1,25397220279474
9804;48,590;1,28471716977324
9805;48,595;1,01857371516548
9806;48,599;1,0700891369348
9807;48,604;1,14671685997662
9808;48,608;1,14847706800974
9809;48,613;1,12090047549086
9810;48,617;1,03770130912539
9811;48,622;1,05788502790516
9812;48,626;0,94581844979652
9813;48,630;1,05647686147867
9814;48,635;0,861211117004548
9815;48,639;0,70290974122595
9816;48,644;0,879282586144581
9817;48,648;0,829292678003971
9818;48,653;0,815563055345634
9819;48,657;0,795379336565858
9820;48,662;0,830114108419427
9821;48,666;0,793149739723905
9822;48,670;0,785991560389217
9823;48,675;0,656674943555996
9824;48,679;0,660078012420028
9825;48,684;0,589787038297433
9826;48,688;0,627220795801786
9827;48,693;0,570190055528696
9828;48,697;0,627220795801786
9829;48,701;0,624521810151002
9830;48,706;0,431250968114418
9831;48,710;0,672986204662908
9832;48,715;0,566317597855832
9833;48,719;0,542613463009815
9834;48,724;0,483118431490356
9835;48,728;0,577934970874424
9836;48,733;0,492154166060373
9837;48,737;0,509286857582742
9838;48,741;0,316016015546157
9839;48,746;0,447914270827955
9840;48,750;0,464577573541492
9841;48,755;0,421393803128946
9842;48,759;0,356735494712335
9843;48,764;0,413766234985425
9844;48,768;0,33232727665307
9845;48,773;0,330801763024366
9846;48,777;0,503888886281173
9847;48,781;0,311322127457837
9848;48,786;0,410363166121393
9849;48,790;0,397337626676305
9850;48,795;0,363658979642607
9851;48,799;0,317541529174861
9852;48,804;0,381847795984848
9853;48,808;0,471853100078388
9854;48,813;0,255816900813451
9855;48,817;0,411184596536849
9856;48,821;0,374572269447952
9857;48,826;0,428904024070258
9858;48,830;0,297475157597293
9859;48,835;0,271776120313739
9860;48,839;0,497669484564149
9861;48,844;0,352628342635055
9862;48,848;0,352510995432847
9863;48,853;0,252883220758251
9864;48,857;0,23000051632769
9865;48,861;0,362720202024943
9866;48,866;0,23234746037185
9867;48,870;0,202306576606601
9868;48,875;0,168745276775111
9869;48,879;0,171326915223687
9870;48,884;0,248658721478763
9871;48,888;0,219087226522345
9872;48,892;0,301817004078989
9873;48,897;0,244903611008106
9874;48,901;0,289495547847148
9875;48,906;0,29524556075534
9876;48,910;0,392409044183569
9877;48,915;0,244551569401482
9878;48,919;0,222607642588585
9879;48,924;0,222959684195209
9880;48,928;0,227184183474698
9881;48,932;0,242556666963946
9882;48,937;0,270015912280619
9883;48,941;0,178367747356168
9884;48,946;0,131428866472966
9885;48,950;0,176607539323047
9886;48,955;0,127556408800101
9887;48,959;0,254408734386955
9888;48,964;0,215566810456105
9889;48,968;0,228709697103402
9890;48,972;0,221199476162089
9891;48,977;0,252413831949419
9892;48,981;0,235515834831466
9893;48,986;0,156423820543271
9894;48,990;0,118520674230085
9895;48,995;0,0751022094131232
9896;48,999;0,0935257201597799
9897;49,004;0,344061996873871
9898;49,008;0,13530132414583
9899;49,012;0,18881164835268
9900;49,017;0,126969672789061
9901;49,021;0,144806447524678
9902;49,026;0,165107513506663
9903;49,030;0,143867669907014
9904;49,035;0,28175063250142
9905;49,039;0,171209568021479
9906;49,044;0,147388085973254
9907;49,048;0,129786005642053
9908;49,052;0,214862727242857
9909;49,057;0,0677093356740189
9910;49,061;0,159240153396263
9911;49,066;0,132250296888422
9912;49,070;0,153255446083654
9913;49,075;0,146097266748966
9914;49,079;0,151025849241702
9915;49,083;0,0928216369465319
9916;49,088;0,145979919546758
9917;49,092;0,0821430415456035
9918;49,097;0,273301633942444
9919;49,101;0,205005562257385
9920;49,106;0,22706683627249
9921;49,110;0,152668710072614
9922;49,115;0,095755317001732
9923;49,119;0,160296278216135
9924;49,123;0,0986889970569322
9925;49,128;0,156541167745479
9926;49,132;0,155015654116775
9927;49,137;0,143398281098182
9928;49,141;0,148444210793126
9929;49,146;0,13236764409063
9930;49,150;0,142811545087142
9931;49,155;0,151025849241702
9932;49,159;0,0690001548983069
9933;49,163;0,143632975502598
9934;49,168;0,131311519270758
9935;49,172;0,0359082438756495
9936;49,177;0,155837084532231
9937;49,181;0,185525926690856
9938;49,186;0,112653314119685
9939;49,190;0,126969672789061
9940;49,195;0,0578521706885464
9941;49,199;0,179658566580456
9942;49,203;0,154428918105735
9943;49,208;0,160648319822759
9944;49,212;0,159474847800679
9945;49,217;0,220612740151049
9946;49,221;0,163112611069127
9947;49,226;0,140112559436358
9948;49,230;0,094347150575236
9949;49,235;0,139877865031942
9950;49,239;0,111010453288773
9951;49,243;0,103265537943044
9952;49,248;0,146097266748966
9953;49,252;0,166633027135367
9954;49,257;0,0681787244828509
9955;49,261;0,268138357045291
9956;49,266;0,0329745638204494
9957;49,270;0,13882174021207
9958;49,275;0,0874236656449637
9959;49,279;0,0977502194392681
9960;49,283;0,164638124697831
9961;49,288;0,138939087414278
9962;49,292;0,0823777359500195
9963;49,297;0,199255549349192
9964;49,301;0,190337161981384
9965;49,306;0,0992757330679722
9966;49,310;0,138000309796614
9967;49,314;0,175199372896551
9968;49,319;0,190806550790216
9969;49,323;0,183178982646696
9970;49,328;0,118638021432293
9971;49,332;0,117581896612421
9972;49,337;0,100801246696676
9973;49,341;0,176724886525255
9974;49,346;0,137413573785574
9975;49,350;0,202658618213225
9976;49,354;0,109132898053445
9977;49,359;0,176138150514215
9978;49,363;0,14703604436663
9979;49,368;0,0291021061475852
9980;49,372;0,106903301211493
9981;49,377;0,09469919218186
9982;49,381;0,0952859281929
9983;49,386;0,0809695695235234
9984;49,390;0,236571959651338
9985;49,394;0,0989236914613482
9986;49,399;0,0920002065310759
9987;49,403;0,23704134846017
9988;49,408;0,192684106025544
9989;49,412;0,205709645470633
9990;49,417;0,129668658439845
9991;49,421;0,128377839215557
9992;49,426;0,188342259543848
9993;49,430;0,194326966856456
9994;49,434;0,0411888679750097
9995;49,439;0,178954483367208
9996;49,443;0,139760517829734
9997;49,448;0,134245199325958
9998;49,452;0,193974925249832
9999;49,457;0,160648319822759
10000;49,461;0,211342311176617
10001;49,466;0,143163586693766
10002;49,470;0,111127800490981
10003;49,474;0,0992757330679722
10004;49,479;0,18646470430852
10005;49,483;0,117347202208005
10006;49,488;0,10291349633642
10007;49,492;0,112653314119685
10008;49,497;0,0844899855897636
10009;49,501;0,186230009904104
10010;49,505;0,160296278216135
10011;49,510;0,154546265307943
10012;49,514;0,127908450406725
10013;49,519;0,184000413062152
10014;49,523;0,111010453288773
10015;49,528;0,128495186417765
10016;49,532;0,165224860708871
10017;49,537;0,161000361429383
10018;49,541;0,178133052951752
10019;49,545;0,201837187797769
10020;49,550;0,128025797608933
10021;49,554;0,189515731565928
10022;49,559;0,185995315499688
10023;49,563;0,0743981261998751
10024;49,568;0,194209619654248
10025;49,572;0,0905920401045798
10026;49,577;0,135770712954662
10027;49,581;0,182474899433448
10028;49,585;0,218969879320137
10029;49,590;0,174847331289927
10030;49,594;0,135183976943622
10031;49,599;0,118403327027877
10032;49,603;0,196791258102824
10033;49,608;0,152786057274822
10034;49,612;0,0995104274723882
10035;49,617;0,093877761766404
10036;49,621;0,128964575226597
10037;49,625;0,222255600981961
10038;49,630;0,148444210793126
10039;49,634;0,158536070183015
10040;49,639;0,130490088855302
10041;49,643;0,094229803373028
10042;49,648;0,219087226522345
10043;49,652;0,153607487690278
10044;49,657;0,0896532624869158
10045;49,661;0,17942387217604
10046;49,665;0,180714691400328
10047;49,670;0,0779185422661153
10048;49,674;0,221082128959881
10049;49,679;0,0843726383875556
10050;49,683;0,166750374337575
10051;49,688;0,131898255281798
10052;49,692;0,162760569462503
10053;49,696;0,164520777495623
10054;49,701;0,158301375778599
10055;49,705;0,15231666846599
10056;49,710;0,120280882263205
10057;49,714;0,0873063184427557
10058;49,719;0,17942387217604
10059;49,723;0,20054636857348
10060;49,728;0,168627929572903
10061;49,732;0,19467900846308
10062;49,736;0,161117708631591
10063;49,741;0,182709593837864
10064;49,745;0,220495392948841
10065;49,750;0,157479945363143
10066;49,754;0,145510530737926
10067;49,759;0,192684106025544
10068;49,763;0,0871889712405477
10069;49,768;0,170388137606023
10070;49,772;0,106551259604868
10071;49,776;0,149030946804166
10072;49,781;0,167454457550823
10073;49,785;0,160765667024967
10074;49,790;0,183296329848904
10075;49,794;0,208056589514793
10076;49,799;0,131663560877382
10077;49,803;0,151847279657158
10078;49,808;0,0606685035415386
10079;49,812;0,0531582826002262
10080;49,816;0,14058194824519
10081;49,821;0,195031050069704
10082;49,825;0,199607590955816
10083;49,830;0,165811596719911
10084;49,834;0,162643222260295
10085;49,839;0,190337161981384
10086;49,843;0,0962247058105641
10087;49,848;0,191862675610088
10088;49,852;0,182709593837864
10089;49,856;0,169918748797191
10090;49,861;0,136122754561286
10091;49,865;0,156541167745479
10092;49,870;0,13471458813479
10093;49,874;0,258867928070859
10094;49,879;0,118520674230085
10095;49,883;0,136122754561286
10096;49,887;0,138469698605446
10097;49,892;0,232112765967434
10098;49,896;0,128729880822181
10099;49,901;0,162643222260295
10100;49,905;0,070056279718179
10101;49,910;0,0971634834282281
10102;49,914;0,184939190679816
10103;49,919;0,194561661260872
10104;49,923;0,119576799049957
10105;49,927;0,206531075886089
10106;49,932;0,178954483367208
10107;49,936;0,113240050130725
10108;49,941;0,172500387245767
10109;49,945;0,094347150575236
10110;49,950;0,112418619715269
10111;49,954;0,165459555113287
10112;49,959;0,10174002431434
10113;49,963;0,129081922428805
10114;49,967;0,135183976943622
10115;49,972;0,133423768910502
10116;49,976;0,133658463314918
10117;49,981;0,236689306853546
10118;49,985;0,153020751679238
10119;49,990;0,208173936717001
10120;49,994;0,112535966917477
10121;49,999;0,138939087414278
10122;50,003;0,107020648413701
10123;50,007;0,175316720098759
10124;50,012;0,172148345639143
10125;50,016;0,158418722980807
10126;50,021;0,235163793224842
10127;50,025;0,184352454668776
10128;50,030;0,1040869683585
10129;50,034;0,194444314058664
10130;50,039;0,120867618274245
10131;50,043;0,139760517829734
10132;50,047;0,131311519270758
10133;50,052;0,103969621156292
10134;50,056;0,147388085973254
10135;50,061;0,207587200705961
10136;50,065;0,141286031458438
10137;50,070;0,0914134705200359
10138;50,074;0,186582051510728
10139;50,079;0,128729880822181
10140;50,083;0,126265589575813
10141;50,087;0,178133052951752
10142;50,092;0,164755471900039
10143;50,096;0,150908502039494
10144;50,101;0,225658669845994
10145;50,105;0,14175542026727
10146;50,110;0,165811596719911
10147;50,114;0,194209619654248
10148;50,118;0,184821843477608
10149;50,123;0,0883624432626277
10150;50,127;0,127321714395685
10151;50,132;0,14175542026727
10152;50,136;0,146566655557798
10153;50,141;0,169684054392775
10154;50,145;0,109250245255653
10155;50,150;0,173321817661223
10156;50,154;0,171796304032519
10157;50,158;0,176842233727463
10158;50,163;0,208525978323625
10159;50,167;0,166750374337575
10160;50,172;0,144454405918054
10161;50,176;0,165576902315495
10162;50,181;0,114530869355013
10163;50,185;0,0821430415456035
10164;50,190;0,107020648413701
10165;50,194;0,107842078829157
10166;50,198;0,185760621095272
10167;50,203;0,0894185680824998
10168;50,207;0,0587909483062105
10169;50,212;0,0855461104096356
10170;50,216;0,137413573785574
10171;50,221;0,13647479616791
10172;50,225;0,124035992733861
10173;50,230;0,200194326966856
10174;50,234;0,189867773172552
10175;50,238;0,185995315499688
10176;50,243;0,161821791844839
10177;50,247;0,070995057335843
10178;50,252;0,180832038602536
10179;50,256;0,0931736785531559
10180;50,261;0,118285979825669
10181;50,265;0,192449411621128
10182;50,270;0,135536018550246
10183;50,274;0,129081922428805
10184;50,278;0,159240153396263
10185;50,283;0,160413625418343
10186;50,287;0,189046342757096
10187;50,292;0,260276094497355
10188;50,296;0,094464497777444
10189;50,301;0,129903352844261
10190;50,305;0,163581999877959
10191;50,309;0,174964678492135
10192;50,314;0,236337265246922
10193;50,318;0,111949230906437
10194;50,323;0,169214665583943
10195;50,327;0,128495186417765
10196;50,332;0,227770919485738
10197;50,336;0,093995108968612
10198;50,341;0,176959580929671
10199;50,345;0,161821791844839
10200;50,349;0,224250503419497
10201;50,354;0,0594950315194585
10202;50,358;0,107490037222533
10203;50,363;0,160883014227175
10204;50,367;0,154076876499111
10205;50,372;0,124153339936069
10206;50,376;0,165107513506663
10207;50,381;0,220260698544425
10208;50,385;0,144806447524678
10209;50,389;0,167454457550823
10210;50,394;0,139056434616486
10211;50,398;0,134362546528166
10212;50,403;0,174729984087719
10213;50,407;0,186112662701896
10214;50,412;0,0998624690790122
10215;50,416;0,124622728744901
10216;50,421;0,104204315560708
10217;50,425;0,119928840656581
10218;50,429;0,114296174950597
10219;50,434;0,146214613951174
10220;50,438;0,23821482048225
10221;50,443;0,071112404538051
10222;50,447;0,231056641147562
10223;50,452;0,220495392948841
10224;50,456;0,172852428852391
10225;50,461;0,137178879381158
10226;50,465;0,140816642649606
10227;50,469;0,131663560877382
10228;50,474;0,192449411621128
10229;50,478;0,206883117492713
10230;50,483;0,159005458991847
10231;50,487;0,122745173509573
10232;50,492;0,23997502851537
10233;50,496;0,134831935336998
10234;50,500;0,17825040015396
10235;50,505;0,221786212173129
10236;50,509;0,1040869683585
10237;50,514;0,172735081650183
10238;50,518;0,14644930835559
10239;50,523;0,13882174021207
10240;50,527;0,159240153396263
10241;50,532;0,170740179212647
10242;50,536;0,224602545026121
10243;50,540;0,145158489131302
10244;50,545;0,118520674230085
10245;50,549;0,143750322704806
10246;50,554;0,111831883704229
10247;50,558;0,267434273832043
10248;50,563;0,0778011950639073
10249;50,567;0,143398281098182
10250;50,572;0,0796787502992354
10251;50,576;0,14292889228935
10252;50,580;0,170740179212647
10253;50,585;0,222724989790793
10254;50,589;0,119928840656581
10255;50,594;0,190454509183592
10256;50,598;0,138117656998822
10257;50,603;0,232230113169642
10258;50,607;0,162525875058087
10259;50,612;0,153020751679238
10260;50,616;0,142576850682726
10261;50,620;0,192097370014504
10262;50,625;0,123683951127237
10263;50,629;0,0780358894683233
10264;50,634;0,137296226583366
10265;50,638;0,198668813338152
10266;50,643;0,218148448904681
10267;50,647;0,157010556554311
10268;50,652;0,245020958210314
10269;50,656;0,181066733006952
10270;50,660;0,124153339936069
10271;50,665;0,146801349962214
10272;50,669;0,203245354224265
10273;50,674;0,153842182094694
10274;50,678;0,177194275334087
10275;50,683;0,166750374337575
10276;50,687;0,13588806015687
10277;50,691;0,0962247058105641
10278;50,696;0,214510685636233
10279;50,700;0,221316823364297
10280;50,705;0,105495134784996
10281;50,709;0,202893312617641
10282;50,714;0,118638021432293
10283;50,718;0,103734926751876
10284;50,723;0,101505329909924
10285;50,727;0,123214562318405
10286;50,731;0,160648319822759
10287;50,736;0,14644930835559
10288;50,740;0,130372741653094
10289;50,745;0,183061635444488
10290;50,749;0,0837859023765155
10291;50,754;0,221199476162089
10292;50,758;0,174612636885511
10293;50,763;0,123214562318405
10294;50,767;0,133775810517126
10295;50,771;0,187872870735016
10296;50,776;0,0813216111301474
10297;50,780;0,217092324084809
10298;50,785;0,0840205967809315
10299;50,789;0,224602545026121
10300;50,794;0,171326915223687
10301;50,798;0,144571753120262
10302;50,803;0,174612636885511
10303;50,807;0,150321766028454
10304;50,811;0,201719840595561
10305;50,816;0,230235210732106
10306;50,820;0,179071830569416
10307;50,825;0,121923743094117
10308;50,829;0,114765563759429
10309;50,834;0,0871889712405477
10310;50,838;0,157479945363143
10311;50,843;0,18235755223124
10312;50,847;0,202658618213225
10313;50,851;0,251357707129547
10314;50,856;0,225658669845994
10315;50,860;0,0743981261998751
10316;50,865;0,177076928131879
10317;50,869;0,142107461873894
10318;50,874;0,140347253840774
10319;50,878;0,166985068741991
10320;50,882;0,19467900846308
10321;50,887;0,172383040043559
10322;50,891;0,219673962533385
10323;50,896;0,135653365752454
10324;50,900;0,179893260984872
10325;50,905;0,126617631182437
10326;50,909;0,170622832010439
10327;50,914;0,164872819102247
10328;50,918;0,190454509183592
10329;50,922;0,233755626798346
10330;50,927;0,180127955389288
10331;50,931;0,230704599540938
10332;50,936;0,169801401594983
10333;50,940;0,161469750238215
10334;50,945;0,168158540764071
10335;50,949;0,162877916664711
10336;50,954;0,267668968236459
10337;50,958;0,209112714334665
10338;50,962;0,203010659819849
10339;50,967;0,314842543524077
10340;50,971;0,203949437437513
10341;50,976;0,244199527794858
10342;50,980;0,257459761644363
10343;50,985;0,365653882080143
10344;50,989;0,454251019747187
10345;50,994;0,490276610825045
10346;50,998;0,520317494590294
10347;51,002;0,560332890543224
10348;51,007;0,642123890482203
10349;51,011;0,751491482940064
10350;51,016;0,990879775444394
10351;51,020;0,943002116943528
10352;51,025;1,13146172368958
10353;51,029;1,37871227874185
10354;51,034;1,45827368183888
10355;51,038;1,71256506902362
10356;51,042;2,11471393099046
10357;51,047;2,23346929962496
10358;51,051;2,58245987899156
10359;51,056;3,17001732044705
10360;51,060;3,2352623648747
10361;51,065;3,71051853381712
10362;51,069;4,23588195810235
10363;51,074;4,75784231352356
10364;51,078;5,46920105330849
10365;51,082;5,84353862835202
10366;51,087;6,49023905972034
10367;51,091;7,43335852386607
10368;51,096;7,95215050482766
10369;51,100;8,68205010256145
10370;51,105;9,48341414643992
10371;51,109;10,2042780096037
10372;51,113;11,4393573128429
10373;51,118;12,4383340452397
10374;51,122;12,9132381725755
10375;51,127;13,6308163140774
10376;51,131;14,9260947320494
10377;51,136;15,7377853297222
10378;51,140;16,2227813164479
10379;51,145;17,9948414169909
10380;51,149;18,7614706890158
10381;51,153;19,8563200856165
10382;51,158;21,2426599325019
10383;51,162;22,1240547682862
10384;51,167;23,422032171909
10385;51,171;24,4411926230855
10386;51,176;24,959397868036
10387;51,180;26,3341203419028
10388;51,185;27,2726632651624
10389;51,189;27,5201485146191
10390;51,193;28,4535281609816
10391;51,198;29,6537553451651
10392;51,202;30,3220476617396
10393;51,207;30,4197978811789
10394;51,211;31,2486211703741
10395;51,216;32,0655923921462
10396;51,220;31,5604126866407
10397;51,225;31,643494505804
10398;51,229;32,3383072900776
10399;51,233;32,4865168064663
10400;51,238;32,4731392254146
10401;51,242;32,5470679628056
10402;51,247;32,6729815107748
10403;51,251;32,1827048999498
10404;51,256;32,1482048225006
10405;51,260;31,9750003520416
10406;51,265;31,2583609881573
10407;51,269;31,9748830048394
10408;51,273;30,7220842740667
10409;51,278;31,5364738573903
10410;51,282;30,1748942701708
10411;51,287;30,6913393070882
10412;51,291;30,1825218383143
10413;51,296;29,2111216984365
10414;51,300;29,2816473669635
10415;51,304;28,7769370502668
10416;51,309;28,9364118980675
10417;51,313;27,7224550912257
10418;51,318;27,3551583483147
10419;51,322;26,753401895392
10420;51,327;26,5059166459353
10421;51,331;26,2851865585821
10422;51,336;25,4948531517112
10423;51,340;24,8899283243289
10424;51,344;23,9684007453894
10425;51,349;24,0332937482105
10426;51,353;23,2165572208427
10427;51,358;22,2831775744803
10428;51,362;21,8035795590562
10429;51,367;20,8585825396751
10430;51,371;20,0207235159099
10431;51,376;19,2092676126416
10432;51,380;18,7878738095126
10433;51,384;18,6127917838183
10434;51,389;17,2967429110555
10435;51,393;16,2171486507419
10436;51,398;15,94865825209
10437;51,402;15,2939782109715
10438;51,407;14,8500537450186
10439;51,411;14,2570983322616
10440;51,416;13,2683308064569
10441;51,420;12,7306459259398
10442;51,424;12,2068080152833
10443;51,429;11,5839290659632
10444;51,433;11,2845763531306
10445;51,438;10,5696971972794
10446;51,442;9,85340987500176
10447;51,447;9,35151589115812
10448;51,451;9,203071680365
10449;51,456;8,71537670798853
10450;51,460;8,35664631083866
10451;51,464;8,05001807146914
10452;51,469;7,24560300033327
10453;51,473;6,9705411583577
10454;51,478;6,73420389311078
10455;51,482;6,4280450425501
10456;51,487;6,1715240585234
10457;51,491;5,70049238886046
10458;51,495;5,39339476068212
10459;51,500;5,31418539919171
10460;51,504;4,98397037217839
10461;51,509;4,77779133789892
10462;51,513;4,57607149730336
10463;51,518;4,28774942147829
10464;51,522;4,15831545744286
10465;51,527;4,05211623944462
10466;51,531;3,87480461690832
10467;51,535;3,5197119830269
10468;51,540;3,50516092995311
10469;51,544;3,26236956858475
10470;51,549;3,0652262688753
10471;51,553;3,05912421436048
10472;51,558;2,86690949714377
10473;51,562;2,77842970667893
10474;51,567;2,74909290612693
10475;51,571;2,51345972409326
10476;51,575;2,50900053040935
10477;51,580;2,33896443440995
10478;51,584;2,27313265397126
10479;51,589;2,21035190078998
10480;51,593;2,00182592246636
10481;51,598;1,95946358246927
10482;51,602;2,01895861398873
10483;51,607;1,81348366292251
10484;51,611;1,75833047788475
10485;51,615;1,53982998737344
10486;51,620;1,55273817961632
10487;51,624;1,5979168524664
10488;51,629;1,46695737480227
10489;51,633;1,54745755551696
10490;51,638;1,38340616683017
10491;51,642;1,27462531038335
10492;51,647;1,27227836633919
10493;51,651;1,28154879531362
10494;51,655;1,33294686988073
10495;51,660;1,19881901775698
10496;51,664;1,22451805504053
10497;51,669;1,15563524734443
10498;51,673;0,992992025084138
10499;51,678;1,01552268790807
10500;51,682;1,13251784850946
10501;51,686;0,929624535891815
10502;51,691;0,962247058105641
10503;51,695;0,936548020822088
10504;51,700;0,941828644921448
10505;51,704;0,872359101214309
10506;51,709;0,962364405307849
10507;51,713;0,824716137117859
10508;51,718;0,776603784212577
10509;51,722;0,777190520223617
10510;51,726;0,737409818675103
10511;51,731;0,709833226156222
10512;51,735;0,693756659453725
10513;51,740;0,727552653689631
10514;51,744;0,755598635017344
10515;51,749;0,630858559070235
10516;51,753;0,605628910595514
10517;51,758;0,62581262937529
10518;51,762;0,543082851818647
10519;51,766;0,6699351774055
10520;51,771;0,529587923564726
10521;51,775;0,729430208924959
10522;51,780;0,522077702623414
10523;51,784;0,552470627995287
10524;51,789;0,563266570598424
10525;51,793;0,527827715531606
10526;51,798;0,549536947940087
10527;51,802;0,540266518965655
10528;51,806;0,524307299465366
10529;51,811;0,634613669540891
10530;51,815;0,504240927887797
10531;51,820;0,48288373708594
10532;51,824;0,482766389883732
10533;51,829;0,416817262242834
10534;51,833;0,424444830386354
10535;51,838;0,404495806010993
10536;51,842;0,412944804569969
10537;51,846;0,357791619532207
10538;51,851;0,471970447280596
10539;51,855;0,449674478861075
10540;51,860;0,455893880578099
10541;51,864;0,392878432992401
10542;51,869;0,375745741470032
10543;51,873;0,470444933651892
10544;51,877;0,442985688335219
10545;51,882;0,32704665255371
10546;51,886;0,354271203465967
10547;51,891;0,321648681252142
10548;51,895;0,396516196260849
10549;51,900;0,395225377036561
10550;51,904;0,316485404354989
10551;51,909;0,306041503358477
10552;51,913;0,410480513323601
10553;51,917;0,392291696981361
10554;51,922;0,484761292321268
10555;51,926;0,430429537698962
10556;51,931;0,38818454490408
10557;51,935;0,461291851879667
10558;51,940;0,456950005397971
10559;51,944;0,56174105696972
10560;51,949;0,503771539078965
10561;51,953;0,506118483123125
10562;51,957;0,711945475795966
10563;51,962;0,56702168106908
10564;51,966;0,679440300784349
10565;51,971;0,806057931966786
10566;51,975;0,89113465356759
10567;51,980;0,912139802762822
10568;51,984;0,973747083922025
10569;51,989;1,15422708091794
10570;51,993;1,2387170665077
10571;51,997;1,44912060006665
10572;52,002;1,70646301450881
10573;52,006;1,95946358246927
10574;52,011;2,06953525814038
10575;52,015;2,4216942119666
10576;52,020;2,76716437526696
10577;52,024;3,14842543524077
10578;52,029;3,5007017362692
10579;52,033;3,95225377036561
10580;52,037;4,37165267105702
10581;52,042;5,14027684551945
10582;52,046;5,538318555409
10583;52,051;6,16201893514455
10584;52,055;6,64173429777087
10585;52,060;7,21579681097243
10586;52,064;7,77777256234657
10587;52,069;8,67430518721573
10588;52,073;9,29354637326737
10589;52,077;10,2486352520383
10590;52,082;11,0424890749755
10591;52,086;11,6028219655187
10592;52,091;12,6544875917068
10593;52,095;13,3329891148735
10594;52,100;13,8286636970001
10595;52,104;15,039804170989
10596;52,108;15,6850964359308
10597;52,113;16,1396994972846
10598;52,117;16,6113179029586
10599;52,122;17,8969738503495
10600;52,126;18,2875053392977
10601;52,131;18,9215322728276
10602;52,135;19,3663955163981
10603;52,140;19,9990142835015
10604;52,144;20,3901325084607
10605;52,148;20,4854184366536
10606;52,153;20,7291485756397
10607;52,157;20,8730162455467
10608;52,162;20,8552968180133
10609;52,166;20,883342799341
10610;52,171;20,8497814995095
10611;52,175;20,7258628539778
10612;52,180;20,4570204137193
10613;52,184;19,8167740784724
10614;52,188;19,5256356697944
10615;52,193;18,9194200231878
10616;52,197;18,7802462413691
10617;52,202;18,247607290547
10618;52,206;17,6875090944082
10619;52,211;17,3013194519416
10620;52,215;16,1719699778918
10621;52,220;15,9278877972991
10622;52,224;15,1751054951348
10623;52,228;14,7209718225898
10624;52,233;14,1102969822993
10625;52,237;13,2698563200856
10626;52,242;12,7514163807306
10627;52,246;12,052613791582
10628;52,251;11,2892702412189
10629;52,255;10,9047234595833
10630;52,260;10,5479879648709
10631;52,264;10,3385232089297
10632;52,268;9,4229803373028
10633;52,273;9,08525508934816
10634;52,277;8,73215735790427
10635;52,282;8,20667658641683
10636;52,286;7,47677698868304
10637;52,291;7,32152664016184
10638;52,295;6,98028097614097
10639;52,299;6,74546922452275
10640;52,304;6,16389649037988
10641;52,308;5,87756931699234
10642;52,313;5,71328323390114
10643;52,317;5,50992053247466
10644;52,322;5,00215918852063
10645;52,326;4,6206634341424
10646;52,331;4,30699436264041
10647;52,335;4,44135690916857
10648;52,339;4,31603009721042
10649;52,344;4,05739686354398
10650;52,348;3,48110475350047
10651;52,353;3,57275291842492
10652;52,357;3,21871640936337
10653;52,362;3,25063484836395
10654;52,366;2,86198091465103
10655;52,371;2,82572062916876
10656;52,375;2,77713888745465
10657;52,379;2,59572011284107
10658;52,384;2,55417920325944
10659;52,388;2,42814830808804
10660;52,393;2,32699501978474
10661;52,397;2,27993879169933
10662;52,402;2,10544350201602
10663;52,406;1,95512173598757
10664;52,411;1,86077458541233
10665;52,415;1,79916730425313
10666;52,419;1,67806499157447
10667;52,424;1,83648371455528
10668;52,428;1,70165177921828
10669;52,433;1,59216683955821
10670;52,437;1,43327872776857
10671;52,442;1,45850837624329
10672;52,446;1,45451857136822
10673;52,451;1,41368174499984
10674;52,455;1,38281943081913
10675;52,459;1,42037053552569
10676;52,464;1,10423717277733
10677;52,468;1,18579347831189
10678;52,473;1,03218599062161
10679;52,477;1,08006364912248
10680;52,482;1,16056382983717
10681;52,486;0,954854184366536
10682;52,490;1,07818609388715
10683;52,495;1,05319113981684
10684;52,499;0,855109062489732
10685;52,504;0,932206174340391
10686;52,508;0,836802898945283
10687;52,513;0,891369347972006
10688;52,517;0,764986411193984
10689;52,522;0,816619180165506
10690;52,526;0,837389634956323
10691;52,530;0,771440507315425
10692;52,535;0,85522640969194
10693;52,539;0,698685241946462
10694;52,544;0,745272081223039
10695;52,548;0,62287894932009
10696;52,553;0,539210394145783
10697;52,557;0,600935022507193
10698;52,562;0,567139028271288
10699;52,566;0,602460536135897
10700;52,570;0,556577780072568
10701;52,575;0,476546988166708
10702;52,579;0,644822876132987
10703;52,584;0,514919523288726
10704;52,588;0,456597963791347
10705;52,593;0,531465478800054
10706;52,597;0,618537102838394
10707;52,602;0,584271719793657
10708;52,606;0,604807480180057
10709;52,610;0,440756091493267
10710;52,615;0,367414090113263
10711;52,619;0,551414503175415
10712;52,624;0,496496012542069
10713;52,628;0,433363217754162
10714;52,633;0,323760930891886
10715;52,637;0,287735339814028
10716;52,642;0,279168994052844
10717;52,646;0,367179395708848
10718;52,650;0,349812009782063
10719;52,655;0,261801608126059
10720;52,659;0,265674065798923
10721;52,664;0,299587407237037
10722;52,668;0,313434377097581
10723;52,673;0,274005717155692
10724;52,677;0,348521190557775
10725;52,681;0,354623245072591
10726;52,686;0,348286496153359
10727;52,690;0,331505846237614
10728;52,695;0,294893519148716
10729;52,699;0,281515938097004
10730;52,704;0,28703125660078
10731;52,708;0,18705144031956
10732;52,713;0,234929098820426
10733;52,717;0,242439319761738
10734;52,721;0,218852532117929
10735;52,726;0,180362649793704
10736;52,730;0,218500490511305
10737;52,735;0,32704665255371
10738;52,739;0,254174039982539
10739;52,744;0,236219918044714
10740;52,748;0,194326966856456
10741;52,753;0,23586787643809
10742;52,757;0,288674117431692
10743;52,761;0,212985172007529
10744;52,766;0,262036302530475
10745;52,770;0,225541322643786
10746;52,775;0,320475209230062
10747;52,779;0,212163741592073
10748;52,784;0,250770971118507
10749;52,788;0,210520880761161
10750;52,793;0,218617837713513
10751;52,797;0,297944546406125
10752;52,801;0,23704134846017
10753;52,806;0,212046394389865
10754;52,810;0,202306576606601
10755;52,815;0,160296278216135
10756;52,819;0,213689255220777
10757;52,824;0,175199372896551
10758;52,828;0,123214562318405
10759;52,833;0,164755471900039
10760;52,837;0,24818933266993
10761;52,841;0,196556563698408
10762;52,846;0,160648319822759
10763;52,850;0,228944391507818
10764;52,855;0,143046239491558
10765;52,859;0,203832090235305
10766;52,864;0,18118408020916
10767;52,868;0,262505691339307
10768;52,873;0,198903507742568
10769;52,877;0,0841379439831395
10770;52,881;0,0422449927948818
10771;52,886;0,174260595278887
10772;52,890;0,175082025694343
10773;52,895;0,191393286801256
10774;52,899;0,153842182094694
10775;52,904;0,20054636857348
10776;52,908;0,19995963256244
10777;52,912;0,166398332730951
10778;52,917;0,160883014227175
10779;52,921;0,184587149073192
10780;52,926;0,185995315499688
10781;52,930;0,146918697164422
10782;52,935;0,109602286862277
10783;52,939;0,111245147693189
10784;52,944;0,0920002065310759
10785;52,948;0,122979867913989
10786;52,952;0,127204367193477
10787;52,957;0,241852583750698
10788;52,961;0,149265641208582
10789;52,966;0,125561506362565
10790;52,970;0,111949230906437
10791;52,975;0,0920002065310759
10792;52,979;0,176607539323047
10793;52,984;0,14292889228935
10794;52,988;0,162173833451463
10795;52,992;0,166046291124327
10796;52,997;0,153724834892486
10797;53,001;0,183883065859944
10798;53,006;0,0986889970569322
10799;53,010;0,226010711452618
10800;53,015;0,111714536502021
10801;53,019;0,0370817158977296
10802;53,024;0,165576902315495
10803;53,028;0,235633182033674
10804;53,032;0,162408527855879
10805;53,037;0,1905718563858
10806;53,041;0,104908398773956
10807;53,046;0,145745225142342
10808;53,050;0,146801349962214
10809;53,055;0,141403378660646
10810;53,059;0,112535966917477
10811;53,064;0,125913547969189
10812;53,068;0,175668761705383
10813;53,072;0,130724783259718
10814;53,077;0,263327121754763
10815;53,081;0,177194275334087
10816;53,086;0,151964626859366
10817;53,090;0,102678801932004
10818;53,095;0,14703604436663
10819;53,099;0,122393131902949
10820;53,103;0,247837291063306
10821;53,108;0,18353102425332
10822;53,112;0,129551311237637
10823;53,117;0,124857423149317
10824;53,121;0,19291880042996
10825;53,126;0,225776017048202
10826;53,130;0,115000258163845
10827;53,135;0,101270635505508
10828;53,139;0,146097266748966
10829;53,143;0,179071830569416
10830;53,148;0,105143093178372
10831;53,152;0,19291880042996
10832;53,157;0,13647479616791
10833;53,161;0,196791258102824
10834;53,166;0,203245354224265
10835;53,170;0,201367798988937
10836;53,175;0,0763930286374112
10837;53,179;0,149852377219622
10838;53,183;0,105143093178372
10839;53,188;0,161587097440423
10840;53,192;0,131076824866342
10841;53,197;0,152786057274822
10842;53,201;0,150439113230662
10843;53,206;0,114296174950597
10844;53,210;0,115000258163845
10845;53,215;0,0864848880272996
10846;53,219;0,193036147632168
10847;53,223;0,195031050069704
10848;53,228;0,179071830569416
10849;53,232;0,264031204968011
10850;53,237;0,0728726125711711
10851;53,241;0,153372793285862
10852;53,246;0,154780959712359
10853;53,250;0,133658463314918
10854;53,255;0,0900053040935398
10855;53,259;0,140816642649606
10856;53,263;0,114061480546181
10857;53,268;0,145158489131302
10858;53,272;0,0867195824317157
10859;53,277;0,133658463314918
10860;53,281;0,0438878536257939
10861;53,286;0,165811596719911
10862;53,290;0,0551531850377623
10863;53,294;0,159826889407303
10864;53,299;0,201250451786728
10865;53,303;0,0630154475856987
10866;53,308;0,226010711452618
10867;53,312;0,102444107527588
10868;53,317;0,0988063442591402
10869;53,321;0,191510634003464
10870;53,326;0,107724731626949
10871;53,330;0,149500335612998
10872;53,334;0,145979919546758
10873;53,339;0,129786005642053
10874;53,343;0,164168735888999
10875;53,348;0,0908267345089958
10876;53,352;0,0935257201597799
10877;53,357;0,0826124303544355
10878;53,361;0,177076928131879
10879;53,366;0,196087174889576
10880;53,370;0,0824950831522275
10881;53,374;0,125678853564773
10882;53,379;0,204770867852969
10883;53,383;0,178367747356168
10884;53,388;0,139643170627526
10885;53,392;0,183883065859944
10886;53,397;0,161704444642631
10887;53,401;0,177781011345127
10888;53,406;0,0283980229343372
10889;53,410;0,128964575226597
10890;53,414;0,047995005703074
10891;53,419;0,166280985528743
10892;53,423;0,139877865031942
10893;53,428;0,124857423149317
10894;53,432;0,10467370436954
10895;53,437;0,204418826246345
10896;53,441;0,122745173509573
10897;53,446;0,137296226583366
10898;53,450;0,175082025694343
10899;53,454;0,213571908018569
10900;53,459;0,173204470459015
10901;53,463;0,223429073004041
10902;53,468;0,166867721539783
10903;53,472;0,249362804692011
10904;53,477;0,14762278037767
10905;53,481;0,124270687138277
10906;53,485;0,0695868909093469
10907;53,490;0,227418877879114
10908;53,494;0,157714639767559
10909;53,499;0,118872715836709
10910;53,503;0,19585248048516
10911;53,508;0,115117605366053
10912;53,512;0,0882450960604197
10913;53,517;0,113592091737349
10914;53,521;0,162173833451463
10915;53,525;0,148444210793126
10916;53,530;0,101270635505508
10917;53,534;0,136005407359078
10918;53,539;0,174260595278887
10919;53,543;0,114296174950597
10920;53,548;0,125678853564773
10921;53,552;0,188459606746056
10922;53,557;0,147505433175462
10923;53,561;0,172148345639143
10924;53,565;0,18001060818708
10925;53,570;0,112888008524101
10926;53,574;0,156423820543271
10927;53,579;0,159357500598471
10928;53,583;0,155719737330023
10929;53,588;0,132719685697254
10930;53,592;0,233990321202762
10931;53,597;0,15055646043287
10932;53,601;0,166398332730951
10933;53,605;0,113240050130725
10934;53,610;0,128964575226597
10935;53,614;0,0993930802701802
10936;53,619;0,151964626859366
10937;53,623;0,133189074506086
10938;53,628;0,072168529357923
10939;53,632;0,176490192120839
10940;53,637;0,166750374337575
10941;53,641;0,14820951638871
10942;53,645;0,18411776026436
10943;53,650;0,147740127579878
10944;53,654;0,173556512065639
10945;53,659;0,18998512037476
10946;53,663;0,15349014048807
10947;53,668;0,192684106025544
10948;53,672;0,151025849241702
10949;53,676;0,103734926751876
10950;53,681;0,18059734419812
10951;53,685;0,0666532108541468
10952;53,690;0,203128007022057
10953;53,694;0,166163638326535
10954;53,699;0,14292889228935
10955;53,703;0,19761268851828
10956;53,708;0,15290340447703
10957;53,712;0,264265899372427
10958;53,716;0,114296174950597
10959;53,721;0,188576953948264
10960;53,725;0,110071675671109
10961;53,730;0,257694456048779
10962;53,734;0,143632975502598
10963;53,739;0,218852532117929
10964;53,743;0,126265589575813
10965;53,748;0,1847044962754
10966;53,752;0,179541219378248
10967;53,756;0,126852325586853
10968;53,761;0,153020751679238
10969;53,765;0,129199269631013
10970;53,770;0,231291335551978
10971;53,774;0,224367850621705
10972;53,779;0,174143248076679
10973;53,783;0,178485094558376
10974;53,788;0,168041193561863
10975;53,792;0,120398229465413
10976;53,796;0,0922349009354919
10977;53,801;0,154194223701318
10978;53,805;0,204184131841929
10979;53,810;0,100918593898884
10980;53,814;0,101857371516548
10981;53,819;0,275765925188812
10982;53,823;0,119342104645541
10983;53,828;0,173556512065639
10984;53,832;0,161704444642631
10985;53,836;0,108311467637989
10986;53,841;0,166867721539783
10987;53,845;0,132015602484006
10988;53,850;0,0579695178907544
10989;53,854;0,13764826818999
10990;53,859;0,0745154734020831
10991;53,863;0,208408631121417
10992;53,868;0,138939087414278
10993;53,872;0,23704134846017
10994;53,876;0,19702595250724
10995;53,881;0,18001060818708
10996;53,885;0,124857423149317
10997;53,890;0,114648216557221
10998;53,894;0,198434118933736
10999;53,899;0,133189074506086
11000;53,903;0,180832038602536
11001;53,907;0,0870716240383397
11002;53,912;0,211224963974409
11003;53,916;0,185995315499688
11004;53,921;0,133775810517126
11005;53,925;0,176607539323047
11006;53,930;0,113474744535141
11007;53,934;0,161587097440423
11008;53,939;0,10056655229226
11009;53,943;0,115469646972677
11010;53,947;0,202658618213225
11011;53,952;0,216036199264937
11012;53,956;0,205709645470633
11013;53,961;0,233755626798346
11014;53,965;0,195383091676328
11015;53,970;0,161939139047047
11016;53,974;0,170388137606023
11017;53,979;0,205357603864009
11018;53,983;0,126382936778021
11019;53,987;0,283158798927916
11020;53,992;0,0805001807146914
11021;53,996;0,238918903695498
11022;54,001;0,141638073065062
11023;54,005;0,136592143370118
11024;54,010;0,0833165135676835
11025;54,014;0,160530972620551
11026;54,019;0,149617682815206
11027;54,023;0,127087019991269
11028;54,027;0,183413677051112
11029;54,032;0,155250348521191
11030;54,036;0,218031101702473
11031;54,041;0,210872922367785
11032;54,045;0,119107410241125
11033;54,050;0,164286083091207
11034;54,054;0,176607539323047
11035;54,059;0,0580868650929625
11036;54,063;0,147505433175462
11037;54,067;0,228475002698986
11038;54,072;0,195383091676328
11039;54,076;0,130138047248678
11040;54,081;0,245607694221354
11041;54,085;0,163464652675751
11042;54,090;0,155602390127815
11043;54,094;0,158301375778599
11044;54,098;0,18587796829748
11045;54,103;0,166163638326535
11046;54,107;0,163229958271335
11047;54,112;0,170622832010439
11048;54,116;0,199138202146984
11049;54,121;0,175551414503175
11050;54,125;0,207235159099337
11051;54,130;0,191862675610088
11052;54,134;0,219673962533385
11053;54,138;0,241031153335242
11054;54,143;0,233403585191722
11055;54,147;0,190219814779176
11056;54,152;0,162291180653671
11057;54,156;0,139056434616486
11058;54,161;0,220964781757673
11059;54,165;0,266260801809963
11060;54,170;0,140816642649606
11061;54,174;0,251005665522923
11062;54,178;0,172969776054599
11063;54,183;0,139877865031942
11064;54,187;0,109015550851237
11065;54,192;0,19174532840788
11066;54,196;0,172148345639143
11067;54,201;0,164051388686791
11068;54,205;0,200898410180104
11069;54,210;0,14175542026727
11070;54,214;0,214980074445065
11071;54,218;0,163581999877959
11072;54,223;0,119576799049957
11073;54,227;0,229765821923274
11074;54,232;0,0634848363945307
11075;54,236;0,225189281037162
11076;54,241;0,23586787643809
11077;54,245;0,314138460310829
11078;54,250;0,115939035781509
11079;54,254;0,189046342757096
11080;54,258;0,202423923808809
11081;54,263;0,17942387217604
11082;54,267;0,214041296827401
11083;54,272;0,115704341377093
11084;54,276;0,24818933266993
11085;54,281;0,180479996995912
11086;54,285;0,113122702928517
11087;54,289;0,0977502194392681
11088;54,294;0,175903456109799
11089;54,298;0,129551311237637
11090;54,303;0,128377839215557
11091;54,307;0,157597292565351
11092;54,312;0,142107461873894
11093;54,316;0,117581896612421
11094;54,321;0,19409227245204
11095;54,325;0,0787399726815713
11096;54,329;0,233168890787306
11097;54,334;0,155367695723399
11098;54,338;0,174260595278887
11099;54,343;0,149735030017414
11100;54,347;0,0863675408250916
11101;54,352;0,259219969677483
11102;54,356;0,160648319822759
11103;54,361;0,196791258102824
11104;54,365;0,154780959712359
11105;54,369;0,160061583811719
11106;54,374;0,238918903695498
11107;54,378;0,214980074445065
11108;54,383;0,0831991663654755
11109;54,387;0,153020751679238
11110;54,392;0,149148294006374
11111;54,396;0,14234215627831
11112;54,401;0,125561506362565
11113;54,405;0,115586994174885
11114;54,409;0,203362701426473
11115;54,414;0,234225015607178
11116;54,418;0,235046446022634
11117;54,423;0,252179137545003
11118;54,427;0,173791206470055
11119;54,432;0,144454405918054
11120;54,436;0,174377942481095
11121;54,441;0,13471458813479
11122;54,445;0,105612481987204
11123;54,449;0,221082128959881
11124;54,454;0,126734978384645
11125;54,458;0,214510685636233
11126;54,463;0,1964392164962
11127;54,467;0,162056486249255
11128;54,472;0,0891838736780838
11129;54,476;0,202306576606601
11130;54,480;0,152786057274822
11131;54,485;0,107724731626949
11132;54,489;0,146566655557798
11133;54,494;0,161000361429383
11134;54,498;0,193740230845416
11135;54,503;0,202071882202185
11136;54,507;0,265908760203339
11137;54,512;0,249949540703051
11138;54,516;0,19174532840788
11139;54,520;0,0754542510197472
11140;54,525;0,156775862149895
11141;54,529;0,191393286801256
11142;54,534;0,146684002760006
11143;54,538;0,101505329909924
11144;54,543;0,231995418765226
11145;54,547;0,226010711452618
11146;54,552;0,182122857826824
11147;54,556;0,161821791844839
11148;54,560;0,129786005642053
11149;54,565;0,173791206470055
11150;54,569;0,177311622536295
11151;54,574;0,147153391568838
11152;54,578;0,170974873617063
11153;54,583;0,208056589514793
11154;54,587;0,194326966856456
11155;54,592;0,259806705688523
11156;54,596;0,196673910900616
11157;54,600;0,178602441760584
11158;54,605;0,094816539384068
11159;54,609;0,173439164863431
11160;54,614;0,265087329787883
11161;54,618;0,274357758762316
11162;54,623;0,199138202146984
11163;54,627;0,214275991231817
11164;54,632;0,0725205709645471
11165;54,636;0,193036147632168
11166;54,640;0,143632975502598
11167;54,645;0,192566758823336
11168;54,649;0,120867618274245
11169;54,654;0,101387982707716
11170;54,658;0,203245354224265
11171;54,663;0,191627981205672
11172;54,667;0,113005355726309
11173;54,671;0,219791309735593
11174;54,676;0,236102570842506
11175;54,680;0,208525978323625
11176;54,685;0,235750529235882
11177;54,689;0,125444159160357
11178;54,694;0,210872922367785
11179;54,698;0,247954638265514
11180;54,703;0,19115859239684
11181;54,707;0,18939838436372
11182;54,711;0,236219918044714
11183;54,716;0,132015602484006
11184;54,720;0,112183925310853
11185;54,725;0,118872715836709
11186;54,729;0,136826837774534
11187;54,734;0,147740127579878
11188;54,738;0,14116868425623
11189;54,743;0,186699398712936
11190;54,747;0,148444210793126
11191;54,751;0,175786108907591
11192;54,756;0,232699501978474
11193;54,760;0,218500490511305
11194;54,765;0,206296381481673
11195;54,769;0,243378097379402
11196;54,774;0,133306421708294
11197;54,778;0,199842285360232
11198;54,783;0,196204522091784
11199;54,787;0,141051337054022
11200;54,791;0,194444314058664
11201;54,796;0,197495341316072
11202;54,800;0,147740127579878
11203;54,805;0,144219711513638
11204;54,809;0,173791206470055
11205;54,814;0,187755523532808
11206;54,818;0,095168580990692
11207;54,823;0,176255497716423
11208;54,827;0,226362753059242
11209;54,831;0,172265692841351
11210;54,836;0,161235055833799
11211;54,840;0,160061583811719
11212;54,845;0,22706683627249
11213;54,849;0,211694352783241
11214;54,854;0,123566603925029
11215;54,858;0,138704393009862
11216;54,863;0,18881164835268
11217;54,867;0,200194326966856
11218;54,871;0,128377839215557
11219;54,876;0,185643273893064
11220;54,880;0,177546316940711
11221;54,885;0,222020906577545
11222;54,889;0,149852377219622
11223;54,894;0,154898306914567
11224;54,898;0,103617579549668
11225;54,902;0,181418774613576
11226;54,907;0,132132949686214
11227;54,911;0,209699450345705
11228;54,916;0,149148294006374
11229;54,920;0,107607384424741
11230;54,925;0,171444262425895
11231;54,929;0,192566758823336
11232;54,934;0,18705144031956
11233;54,938;0,140933989851814
11234;54,942;0,170505484808231
11235;54,947;0,210755575165577
11236;54,951;0,111949230906437
11237;54,956;0,156189126138855
11238;54,960;0,211694352783241
11239;54,965;0,222724989790793
11240;54,969;0,191393286801256
11241;54,974;0,13764826818999
11242;54,978;0,187755523532808
11243;54,982;0,191510634003464
11244;54,987;0,172383040043559
11245;54,991;0,214041296827401
11246;54,996;0,135066629741414
11247;55,000;0,15231666846599
11248;55,005;0,208408631121417
11249;55,009;0,183296329848904
11250;55,014;0,211694352783241
11251;55,018;0,188576953948264
11252;55,022;0,18587796829748
11253;55,027;0,1876381763306
11254;55,031;0,195031050069704
11255;55,036;0,203362701426473
11256;55,040;0,14116868425623
11257;55,045;0,158653417385223
11258;55,049;0,177311622536295
11259;55,054;0,224485197823913
11260;55,058;0,307919058593805
11261;55,062;0,15231666846599
11262;55,067;0,204770867852969
11263;55,071;0,229883169125482
11264;55,076;0,139173781818694
11265;55,080;0,176138150514215
11266;55,085;0,195969827687368
11267;55,089;0,105143093178372
11268;55,093;0,208878019930249
11269;55,098;0,135183976943622
11270;55,102;0,230117863529898
11271;55,107;0,314021113108621
11272;55,111;0,20113310458452
11273;55,116;0,13647479616791
11274;55,120;0,239857681313162
11275;55,125;0,184000413062152
11276;55,129;0,219321920926761
11277;55,133;0,119694146252165
11278;55,138;0,229061738710026
11279;55,142;0,254526081589163
11280;55,147;0,141051337054022
11281;55,151;0,123449256722821
11282;55,156;0,193153494834376
11283;55,160;0,254056692780331
11284;55,165;0,200898410180104
11285;55,169;0,207939242312585
11286;55,173;0,155250348521191
11287;55,178;0,163934041484583
11288;55,182;0,192214717216712
11289;55,187;0,174729984087719
11290;55,191;0,24466891660369
11291;55,196;0,221199476162089
11292;55,200;0,145510530737926
11293;55,205;0,168862623977319
11294;55,209;0,157127903756519
11295;55,213;0,217444365691433
11296;55,218;0,159240153396263
11297;55,222;0,120984965476453
11298;55,227;0,221082128959881
11299;55,231;0,245138305412522
11300;55,236;0,214745380040649
11301;55,240;0,131076824866342
11302;55,245;0,157479945363143
11303;55,249;0,164403430293415
11304;55,253;0,1011532883033
11305;55,258;0,199255549349192
11306;55,262;0,175551414503175
11307;55,267;0,249128110287595
11308;55,271;0,161352403036007
11309;55,276;0,189163689959304
11310;55,280;0,182240205029032
11311;55,284;0,265556718596715
11312;55,289;0,178485094558376
11313;55,293;0,106551259604868
11314;55,298;0,164755471900039
11315;55,302;0,160883014227175
11316;55,307;0,178133052951752
11317;55,311;0,213219866411945
11318;55,316;0,17825040015396
11319;55,320;0,184469801870984
11320;55,324;0,160530972620551
11321;55,329;0,147153391568838
11322;55,333;0,158066681374183
11323;55,338;0,148678905197542
11324;55,342;0,156423820543271
11325;55,347;0,189515731565928
11326;55,351;0,245607694221354
11327;55,356;0,244551569401482
11328;55,360;0,15290340447703
11329;55,364;0,181888163422408
11330;55,369;0,234811751618218
11331;55,373;0,194444314058664
11332;55,378;0,217209671287017
11333;55,382;0,154546265307943
11334;55,387;0,187403481926184
11335;55,391;0,22530662823937
11336;55,396;0,0873063184427557
11337;55,400;0,219673962533385
11338;55,404;0,236102570842506
11339;55,409;0,184469801870984
11340;55,413;0,201250451786728
11341;55,418;0,246077083030186
11342;55,422;0,192801453227752
11343;55,427;0,178954483367208
11344;55,431;0,194796355665288
11345;55,436;0,205944339875049
11346;55,440;0,148678905197542
11347;55,444;0,180832038602536
11348;55,449;0,213689255220777
11349;55,453;0,248541374276554
11350;55,458;0,270367953887243
11351;55,462;0,243730138986026
11352;55,467;0,122158437498533
11353;55,471;0,189867773172552
11354;55,475;0,212750477603113
11355;55,480;0,18705144031956
11356;55,484;0,187990217937224
11357;55,489;0,14938298841079
11358;55,493;0,277760827626348
11359;55,498;0,146214613951174
11360;55,502;0,194561661260872
11361;55,507;0,176255497716423
11362;55,511;0,179306524973832
11363;55,515;0,200429021371272
11364;55,520;0,288908811836108
11365;55,524;0,19526574447412
11366;55,529;0,175199372896551
11367;55,533;0,126734978384645
11368;55,538;0,13764826818999
11369;55,542;0,217209671287017
11370;55,547;0,207352506301545
11371;55,551;0,193036147632168
11372;55,555;0,222607642588585
11373;55,560;0,17766366414292
11374;55,564;0,187755523532808
11375;55,569;0,248071985467722
11376;55,573;0,200311674169064
11377;55,578;0,168393235168487
11378;55,582;0,194561661260872
11379;55,587;0,175199372896551
11380;55,591;0,216622935275977
11381;55,595;0,201837187797769
11382;55,600;0,200311674169064
11383;55,604;0,178602441760584
11384;55,609;0,231995418765226
11385;55,613;0,158301375778599
11386;55,618;0,249480151894219
11387;55,622;0,187403481926184
11388;55,627;0,230704599540938
11389;55,631;0,190337161981384
11390;55,635;0,184235107466568
11391;55,640;0,177076928131879
11392;55,644;0,130372741653094
11393;55,649;0,261449566519435
11394;55,653;0,14058194824519
11395;55,658;0,174612636885511
11396;55,662;0,155133001318983
11397;55,667;0,169332012786151
11398;55,671;0,266495496214379
11399;55,675;0,223429073004041
11400;55,680;0,207352506301545
11401;55,684;0,145041141929094
11402;55,689;0,165694249517703
11403;55,693;0,183765718657736
11404;55,698;0,140347253840774
11405;55,702;0,266026107405547
11406;55,706;0,193622883643208
11407;55,711;0,259219969677483
11408;55,715;0,095403275395108
11409;55,720;0,237745431673418
11410;55,724;0,154311570903527
11411;55,729;0,17766366414292
11412;55,733;0,199607590955816
11413;55,738;0,158536070183015
11414;55,742;0,167689151955239
11415;55,746;0,233286237989514
11416;55,751;0,22589336425041
11417;55,755;0,180362649793704
11418;55,760;0,172030998436935
11419;55,764;0,18646470430852
11420;55,769;0,232112765967434
11421;55,773;0,243730138986026
11422;55,778;0,177076928131879
11423;55,782;0,211929047187657
11424;55,786;0,167806499157447
11425;55,791;0,180245302591496
11426;55,795;0,27764348042414
11427;55,800;0,171678956830311
11428;55,804;0,17766366414292
11429;55,809;0,206061687077257
11430;55,813;0,280225118872716
11431;55,818;0,143632975502598
11432;55,822;0,267551621034251
11433;55,826;0,236571959651338
11434;55,831;0,277291438817516
11435;55,835;0,131311519270758
11436;55,840;0,146801349962214
11437;55,844;0,17942387217604
11438;55,849;0,303577212112109
11439;55,853;0,22530662823937
11440;55,858;0,133423768910502
11441;55,862;0,219556615331177
11442;55,866;0,187286134723976
11443;55,871;0,243143402974986
11444;55,875;0,228592349901194
11445;55,880;0,247250555052266
11446;55,884;0,200663715775688
11447;55,889;0,18587796829748
11448;55,893;0,179775913782664
11449;55,897;0,168275887966279
11450;55,902;0,191041245194632
11451;55,906;0,142576850682726
11452;55,911;0,255112817600203
11453;55,915;0,220730087353257
11454;55,920;0,229179085912234
11455;55,924;0,164755471900039
11456;55,929;0,250536276714091
11457;55,933;0,198434118933736
11458;55,937;0,20054636857348
11459;55,942;0,17942387217604
11460;55,946;0,202071882202185
11461;55,951;0,121102312678661
11462;55,955;0,180832038602536
11463;55,960;0,224954586632745
11464;55,964;0,22882704430561
11465;55,969;0,206648423088297
11466;55,973;0,137413573785574
11467;55,977;0,216388240871561
11468;55,982;0,233403585191722
11469;55,986;0,202658618213225
11470;55,991;0,239153598099914
11471;55,995;0,226832141868074
11472;56,000;0,345235468895951
11473;56,004;0,207587200705961
11474;56,009;0,233051543585098
11475;56,013;0,233638279596138
11476;56,017;0,327281346958126
11477;56,022;0,380204935153936
11478;56,026;0,458240824622259
11479;56,031;0,374806963852368
11480;56,035;0,552470627995287
11481;56,040;0,62698610139737
11482;56,044;0,612669742727994
11483;56,049;0,776134395403745
11484;56,053;0,883859127030693
11485;56,057;0,960017461263688
11486;56,062;1,14354848551701
11487;56,066;1,17922203498824
11488;56,071;1,39690109508409
11489;56,075;1,66762109057796
11490;56,080;1,81723877339316
11491;56,084;2,04899949775397
11492;56,088;2,21997437137104
11493;56,093;2,59935787610952
11494;56,097;2,97686382561267
11495;56,102;3,48978844646386
11496;56,106;3,68845725980201
11497;56,111;4,25008096956952
11498;56,115;4,66326046854391
11499;56,120;4,77826072670775
11500;56,124;5,64569124542933
11501;56,128;6,04713602418291
11502;56,133;7,02287801054247
11503;56,137;7,35579202320658
11504;56,142;8,18367653478406
11505;56,146;8,98480588425811
11506;56,151;9,23839318822961
11507;56,155;10,3778345216693
11508;56,160;11,0345094652253
11509;56,164;11,8584041719277
11510;56,168;12,964284205536
11511;56,173;13,8015564932901
11512;56,177;14,5542214482522
11513;56,182;15,644024915158
11514;56,186;16,2456640208784
11515;56,191;17,4262942222932
11516;56,195;18,476669029257
11517;56,200;19,3260280788385
11518;56,204;20,7087301624555
11519;56,208;21,6614720971823
11520;56,213;22,335514426665
11521;56,217;23,6421755232512
11522;56,222;24,9603366456537
11523;56,226;26,1834465342677
11524;56,231;27,064254634041
11525;56,235;28,1992367737968
11526;56,240;29,1447031819867
11527;56,244;30,7507169914055
11528;56,248;32,0727505714809
11529;56,253;33,445947531719
11530;56,257;34,548893885272
11531;56,262;36,2278976544641
11532;56,266;37,0213994357946
11533;56,271;38,2203358007538
11534;56,275;39,0693428087288
11535;56,279;40,3686110315758
11536;56,284;41,4997207136587
11537;56,288;42,5814272236121
11538;56,293;43,3566228413982
11539;56,297;44,2948137230512
11540;56,302;44,925437587717
11541;56,306;45,4470459015316
11542;56,311;45,9714705481992
11543;56,315;46,7801101186146
11544;56,319;46,1119351492422
11545;56,324;45,5463216345996
11546;56,328;45,9043479485362
11547;56,333;45,3925967997071
11548;56,337;45,8264294062701
11549;56,342;44,4980590772755
11550;56,346;43,8903179170402
11551;56,351;42,3488450688359
11552;56,355;41,0108522692602
11553;56,359;40,3165088737954
11554;56,364;39,4037823350216
11555;56,368;37,0368892664861
11556;56,373;35,8351365686739
11557;56,377;34,6129654576776
11558;56,382;33,0569415563994
11559;56,386;30,9956206024136
11560;56,391;29,4766784170332
11561;56,395;27,7148275230822
11562;56,399;26,8220500086837
11563;56,404;24,8972038508658
11564;56,408;24,1020592087043
11565;56,413;22,5152903404477
11566;56,417;21,2612007904508
11567;56,422;20,2422750336786
11568;56,426;19,3098341649338
11569;56,431;18,1376529620781
11570;56,435;17,142431340152
11571;56,439;16,1626995489174
11572;56,444;15,3124017217181
11573;56,448;14,2073431185254
11574;56,453;13,5191017775754
11575;56,457;12,9315443361199
11576;56,462;12,0106034931915
11577;56,466;11,4887604849725
11578;56,470;11,3006529198331
11579;56,475;10,4226611529128
11580;56,479;9,66612374027778
11581;56,484;9,48470496566421
11582;56,488;9,11764291715757
11583;56,493;8,33939627211408
11584;56,497;8,10200288204729
11585;56,502;7,69997136728266
11586;56,506;7,19443962017058
11587;56,510;6,9764085184681
11588;56,515;6,64771900508348
11589;56,519;6,37406532953441
11590;56,524;5,95525316485404
11591;56,528;5,97919199410448
11592;56,533;5,69169134869486
11593;56,537;5,21843008218998
11594;56,542;5,24107809221613
11595;56,546;5,13710847105983
11596;56,550;4,8112352905282
11597;56,555;4,7451688156851
11598;56,559;4,75314842543524
11599;56,564;4,43947935393324
11600;56,568;4,16253995672235
11601;56,573;3,77259520378515
11602;56,577;3,88360565707392
11603;56,582;3,73586552949405
11604;56,586;3,69444196711462
11605;56,590;3,54599775632149
11606;56,595;3,29604821561844
11607;56,599;2,95961378688809
11608;56,604;3,23983890576081
11609;56,608;2,98496078256502
11610;56,613;2,78887360767545
11611;56,617;2,79028177410194
11612;56,622;2,70356219167023
11613;56,626;2,68290908408162
11614;56,630;2,62599569101073
11615;56,635;2,43906159789338
11616;56,639;2,3426021976784
11617;56,644;2,34494914172256
11618;56,648;2,37017879019728
11619;56,653;2,12445374877372
11620;56,657;2,18606102993292
11621;56,662;2,01766779476444
11622;56,666;1,96908605305032
11623;56,670;1,80714691400328
11624;56,675;1,920386964134
11625;56,679;1,94737682064184
11626;56,684;1,72171815079585
11627;56,688;1,67583539473252
11628;56,693;1,52445750388419
11629;56,697;1,56165656698413
11630;56,701;1,59240153396263
11631;56,706;1,71549874907882
11632;56,710;1,48444210793126
11633;56,715;1,6330036659266
11634;56,719;1,41555930023516
11635;56,724;1,27122224151932
11636;56,728;1,39009495735603
11637;56,733;1,26899264467737
11638;56,737;1,2431762601916
11639;56,741;1,25760996606319
11640;56,746;1,22170172218754
11641;56,750;1,2827222673357
11642;56,755;1,14730359598766
11643;56,759;1,20269147542984
11644;56,764;1,0174002431434
11645;56,768;1,03371150425032
11646;56,773;0,965767474171881
11647;56,777;1,05565543106321
11648;56,781;0,960721544476937
11649;56,786;1,00754307815793
11650;56,790;1,02960435217304
11651;56,795;0,950747032289256
11652;56,799;0,886088723872645
11653;56,804;0,851588646423492
11654;56,808;0,929741883094023
11655;56,813;0,849711091188164
11656;56,817;0,815093666536802
11657;56,821;0,864966227475204
11658;56,826;0,783761963547265
11659;56,830;0,744920039616415
11660;56,835;0,745037386818623
11661;56,839;0,777190520223617
11662;56,844;0,751960871748896
11663;56,848;0,667940274967964
11664;56,853;0,730721028149247
11665;56,857;0,646583084166107
11666;56,861;0,807935487202114
11667;56,866;0,65468004111846
11668;56,870;0,674511718291612
11669;56,875;0,620297310871514
11670;56,879;0,605394216191098
11671;56,884;0,608679937852922
11672;56,888;0,712532211807006
11673;56,892;0,590491121510681
11674;56,897;0,612787089930202
11675;56,901;0,576878846054552
11676;56,906;0,519144022568214
11677;56,910;0,666062719732636
11678;56,915;0,499312345395061
11679;56,919;0,47408269692034
11680;56,924;0,542378768605399
11681;56,928;0,486873541961013
11682;56,932;0,548128781513591
11683;56,937;0,420337678309074
11684;56,941;0,473613308111508
11685;56,946;0,390414141746032
11686;56,950;0,463169407114996
11687;56,955;0,446388757199251
11688;56,959;0,448383659636787
11689;56,964;0,465751045563572
11690;56,968;0,436179550607154
11691;56,972;0,52700628511615
11692;56,977;0,494383762902325
11693;56,981;0,373398797425872
11694;56,986;0,584037025389241
11695;56,990;0,443337729941843
11696;56,995;0,391000877757072
11697;56,999;0,317306834770445
11698;57,004;0,483822514703604
11699;57,008;0,378327379918608
11700;57,012;0,443455077144051
11701;57,017;0,43817445304469
11702;57,021;0,411653985345681
11703;57,026;0,33526095670827
11704;57,030;0,494383762902325
11705;57,035;0,27353632834686
11706;57,039;0,370699811775088
11707;57,044;0,392995780194609
11708;57,048;0,396164154654225
11709;57,052;0,414587665400881
11710;57,057;0,402500903573457
11711;57,061;0,309444572222509
11712;57,066;0,374572269447952
11713;57,070;0,360373257980783
11714;57,075;0,376801866289904
11715;57,079;0,29407208873326
11716;57,083;0,305102725740813
11717;57,088;0,333618095877358
11718;57,092;0,305572114549645
11719;57,097;0,311674169064461
11720;57,101;0,41822542866933
11721;57,106;0,318010917983693
11722;57,110;0,23469440441601
11723;57,115;0,345822204906991
11724;57,119;0,311087433053421
11725;57,123;0,356500800307919
11726;57,128;0,343240566458414
11727;57,132;0,250536276714091
11728;57,137;0,359199785958703
11729;57,141;0,254995470397995
11730;57,146;0,211929047187657
11731;57,150;0,244551569401482
11732;57,155;0,334439526292814
11733;57,159;0,325990527733838
11734;57,163;0,207821895110377
11735;57,168;0,258046497655403
11736;57,172;0,193388189238792
11737;57,177;0,237276042864586
11738;57,181;0,277291438817516
11739;57,186;0,274827147571148
11740;57,190;0,272362856324779
11741;57,195;0,33232727665307
11742;57,199;0,245607694221354
11743;57,203;0,240092375717578
11744;57,208;0,243260750177194
11745;57,212;0,211342311176617
11746;57,217;0,308505794604845
11747;57,221;0,252765873556043
11748;57,226;0,206061687077257
11749;57,230;0,262857732945931
11750;57,235;0,266026107405547
11751;57,239;0,290316978262604
11752;57,243;0,28703125660078
11753;57,248;0,214628032838441
11754;57,252;0,224485197823913
11755;57,257;0,270015912280619
11756;57,261;0,296888421586253
11757;57,266;0,250653623916299
11758;57,270;0,209347408739081
11759;57,274;0,249362804692011
11760;57,279;0,323643583689678
11761;57,283;0,246546471839018
11762;57,288;0,194561661260872
11763;57,292;0,182474899433448
11764;57,297;0,190219814779176
11765;57,301;0,209347408739081
11766;57,306;0,266964885023211
11767;57,310;0,304985378538605
11768;57,314;0,206531075886089
11769;57,319;0,187755523532808
11770;57,323;0,214628032838441
11771;57,328;0,256990372835531
11772;57,332;0,147740127579878
11773;57,337;0,259806705688523
11774;57,341;0,208056589514793
11775;57,346;0,200898410180104
11776;57,350;0,211577005581033
11777;57,354;0,216622935275977
11778;57,359;0,238566862088874
11779;57,363;0,202541271011017
11780;57,368;0,186112662701896
11781;57,372;0,240796458930826
11782;57,377;0,243260750177194
11783;57,381;0,147153391568838
11784;57,386;0,177428969738504
11785;57,390;0,261097524912811
11786;57,394;0,187990217937224
11787;57,399;0,231408682754186
11788;57,403;0,323995625296302
11789;57,408;0,372107978201584
11790;57,412;0,275765925188812
11791;57,417;0,266964885023211
11792;57,421;0,207235159099337
11793;57,426;0,167219763146407
11794;57,430;0,160648319822759
11795;57,434;0,253000567960459
11796;57,439;0,212985172007529
11797;57,443;0,218148448904681
11798;57,448;0,182474899433448
11799;57,452;0,262036302530475
11800;57,457;0,19291880042996
11801;57,461;0,227770919485738
11802;57,465;0,247367902254474
11803;57,470;0,286209826185324
11804;57,474;0,184587149073192
11805;57,479;0,161117708631591
11806;57,483;0,208643325525833
11807;57,488;0,263444468956971
11808;57,492;0,1847044962754
11809;57,497;0,207469853503753
11810;57,501;0,233051543585098
11811;57,505;0,266847537821003
11812;57,510;0,203714743033097
11813;57,514;0,210638227963369
11814;57,519;0,202189229404393
11815;57,523;0,183765718657736
11816;57,528;0,255347512004619
11817;57,532;0,230117863529898
11818;57,537;0,168745276775111
11819;57,541;0,18822491234164
11820;57,545;0,143985017109222
11821;57,550;0,161117708631591
11822;57,554;0,260980177710603
11823;57,559;0,159240153396263
11824;57,563;0,260980177710603
11825;57,568;0,205944339875049
11826;57,572;0,113826786141765
11827;57,577;0,156775862149895
11828;57,581;0,223781114610665
11829;57,585;0,14410236431143
11830;57,590;0,193505536441
11831;57,594;0,205005562257385
11832;57,599;0,270837342696075
11833;57,603;0,116760466196965
11834;57,608;0,175082025694343
11835;57,612;0,217561712893641
11836;57,617;0,318010917983693
11837;57,621;0,167689151955239
11838;57,625;0,127673756002309
11839;57,630;0,150321766028454
11840;57,634;0,148092169186502
11841;57,639;0,283393493332332
11842;57,643;0,156071778936647
11843;57,648;0,15114319644391
11844;57,652;0,178602441760584
11845;57,657;0,174964678492135
11846;57,661;0,219908656937801
11847;57,665;0,136944184976742
11848;57,670;0,154194223701318
11849;57,674;0,219204573724553
11850;57,679;0,160530972620551
11851;57,683;0,167219763146407
11852;57,688;0,218383143309097
11853;57,692;0,246194430232394
11854;57,696;0,230235210732106
11855;57,701;0,230939293945354
11856;57,705;0,19702595250724
11857;57,710;0,174377942481095
11858;57,714;0,228709697103402
11859;57,719;0,232582154776266
11860;57,723;0,220612740151049
11861;57,728;0,226245405857034
11862;57,732;0,287383298207404
11863;57,736;0,193505536441
11864;57,741;0,113240050130725
11865;57,745;0,159944236609511
11866;57,750;0,204653520650761
11867;57,754;0,232582154776266
11868;57,759;0,187168787521768
11869;57,763;0,249597499096427
11870;57,768;0,259219969677483
11871;57,772;0,167806499157447
11872;57,776;0,193036147632168
11873;57,781;0,173321817661223
11874;57,785;0,18235755223124
11875;57,790;0,232816849180682
11876;57,794;0,170974873617063
11877;57,799;0,167102415944199
11878;57,803;0,158301375778599
11879;57,808;0,228475002698986
11880;57,812;0,18939838436372
11881;57,816;0,134245199325958
11882;57,821;0,253469956769291
11883;57,825;0,259572011284107
11884;57,830;0,157949334171975
11885;57,834;0,191862675610088
11886;57,839;0,196791258102824
11887;57,843;0,164755471900039
11888;57,848;0,251475054331755
11889;57,852;0,250066887905259
11890;57,856;0,226949489070282
11891;57,861;0,167219763146407
11892;57,865;0,24232197255953
11893;57,870;0,203245354224265
11894;57,874;0,194561661260872
11895;57,879;0,256286289622283
11896;57,883;0,152786057274822
11897;57,887;0,130490088855302
11898;57,892;0,113709438939557
11899;57,896;0,1905718563858
11900;57,901;0,13354111611271
11901;57,905;0,15114319644391
11902;57,910;0,154076876499111
11903;57,914;0,195148397271912
11904;57,919;0,253235262364875
11905;57,923;0,240092375717578
11906;57,927;0,169684054392775
11907;57,932;0,143632975502598
11908;57,936;0,104204315560708
11909;57,941;0,212867824805321
11910;57,945;0,18001060818708
11911;57,950;0,269311829067371
11912;57,954;0,1964392164962
11913;57,959;0,162056486249255
11914;57,963;0,214041296827401
11915;57,967;0,124622728744901
11916;57,972;0,108428814840197
11917;57,976;0,217327018489225
11918;57,981;0,205357603864009
11919;57,985;0,219673962533385
11920;57,990;0,179306524973832
11921;57,994;0,129316616833221
11922;57,999;0,204536173448553
11923;58,003;0,182474899433448
11924;58,007;0,201367798988937
11925;58,012;0,23000051632769
11926;58,016;0,219439268128969
11927;58,021;0,172617734447975
11928;58,025;0,282572062916876
11929;58,030;0,193388189238792
11930;58,034;0,223546420206249
11931;58,039;0,23938829250433
11932;58,043;0,13999521223415
11933;58,047;0,217209671287017
11934;58,052;0,109836981266693
11935;58,056;0,167102415944199
11936;58,061;0,214745380040649
11937;58,065;0,157479945363143
11938;58,070;0,103969621156292
11939;58,074;0,247837291063306
11940;58,078;0,178954483367208
11941;58,083;0,188576953948264
11942;58,087;0,148326863590918
11943;58,092;0,253469956769291
11944;58,096;0,270954689898283
11945;58,101;0,145979919546758
11946;58,105;0,24584238862577
11947;58,110;0,259572011284107
11948;58,114;0,307684364189389
11949;58,118;0,290316978262604
11950;58,123;0,247250555052266
11951;58,127;0,414470318198673
11952;58,132;0,331975235046446
11953;58,136;0,388888628117328
11954;58,141;0,349694662579855
11955;58,145;0,468684725618772
11956;58,150;0,771909896124257
11957;58,154;0,640833071257915
11958;58,158;0,793267086926113
11959;58,163;0,91225714996503
11960;58,167;1,06832892890168
11961;58,172;1,043686016438
11962;58,176;1,23261501199288
11963;58,181;1,57397802321597
11964;58,185;1,55367695723399
11965;58,190;1,94995845909042
11966;58,194;2,06965260534258
11967;58,198;2,36043897241402
11968;58,203;2,79333280135935
11969;58,207;2,94107292893923
11970;58,212;3,74607473608614
11971;58,216;3,76860539891008
11972;58,221;4,49064273409593
11973;58,225;4,92095492459269
11974;58,230;5,31641499603366
11975;58,234;6,22456499392141
11976;58,238;6,79980097914506
11977;58,243;7,52125157831987
11978;58,247;8,02032922931051
11979;58,252;8,46589655609431
11980;58,256;9,09147449106518
11981;58,261;9,83428228104185
11982;58,265;11,012330844008
11983;58,269;11,2025506587872
11984;58,274;12,2107978201584
11985;58,278;13,1600193388189
11986;58,283;13,7753880671977
11987;58,287;14,7973648512272
11988;58,292;15,5371216139465
11989;58,296;16,2748834742282
11990;58,301;16,8282928798412
11991;58,305;17,5632384072699
11992;58,309;18,225076627723
11993;58,314;18,8012513905643
11994;58,318;19,2470534117526
11995;58,323;19,9798866895415
11996;58,327;20,6201330247884
11997;58,332;20,672939265782
11998;58,336;21,4331144416855
11999;58,341;21,6247424228912
12000;58,345;21,8242326666448
12001;58,349;22,2017386161479
12002;58,354;22,5094229803373
12003;58,358;21,6789568303113
12004;58,363;21,7630947742944
12005;58,367;21,7829264514675
12006;58,372;21,3204611275658
12007;58,376;21,186333275442
12008;58,381;20,8482559858808
12009;58,385;20,3565712086292
12010;58,389;20,0152081974062
12011;58,394;19,8457588374178
12012;58,398;18,3847861699281
12013;58,403;17,9134024586586
12014;58,407;17,5586618663838
12015;58,412;17,2196457992049
12016;58,416;16,524715667729
12017;58,421;15,9747093309801
12018;58,425;14,9840642499402
12019;58,429;14,5810939575579
12020;58,434;13,9721793253005
12021;58,438;12,9368249602193
12022;58,443;12,396206399647
12023;58,447;11,8131081518754
12024;58,452;11,3229488882526
12025;58,456;10,8947489473956
12026;58,461;10,1003083884474
12027;58,465;9,43553648793905
12028;58,469;9,09206122707622
12029;58,474;8,76090742244523
12030;58,478;8,31205437399962
12031;58,483;7,67028252512404
12032;58,487;7,48956783372371
12033;58,492;7,05291889430772
12034;58,496;6,78947442535075
12035;58,500;6,43755016592894
12036;58,505;5,74402820087963
12037;58,509;5,71645160836075
12038;58,514;5,42930300455776
12039;58,518;5,14708298324751
12040;58,523;4,90851612115864
12041;58,527;4,75174025900874
12042;58,532;4,41600991349164
12043;58,536;4,25829527372408
12044;58,540;4,00646817778571
12045;58,545;3,76097783076656
12046;58,549;3,85661580056608
12047;58,554;3,24570626587121
12048;58,558;3,27997164891595
12049;58,563;3,0579507423384
12050;58,567;2,91643001647555
12051;58,572;2,73031735377365
12052;58,576;2,92652187586544
12053;58,580;2,49151579728036
12054;58,585;2,60287829217576
12055;58,589;2,52472505550523
12056;58,594;2,31396948033965
12057;58,598;2,36724511014208
12058;58,603;2,09499960101951
12059;58,607;2,12715273442451
12060;58,612;1,87415216646405
12061;58,616;2,10603023802706
12062;58,620;1,9364635308365
12063;58,625;1,7738203085762
12064;58,629;1,84540210192309
12065;58,634;1,7298151077482
12066;58,638;1,59615664443328
12067;58,643;1,58148824415728
12068;58,647;1,57034025994752
12069;58,652;1,47552372056345
12070;58,656;1,34702853414569
12071;58,660;1,34843670057218
12072;58,665;1,35958468478195
12073;58,669;1,35078364461635
12074;58,674;1,22533948545599
12075;58,678;1,14894645681858
12076;58,683;1,23226297038626
12077;58,687;1,22076294456988
12078;58,691;1,23742624728341
12079;58,696;1,05894115272504
12080;58,700;1,12230864191736
12081;58,705;1,03594110109227
12082;58,709;1,08065038513352
12083;58,714;0,964007266138761
12084;58,718;0,982078735278793
12085;58,723;0,870246851574565
12086;58,727;0,931736785531559
12087;58,731;0,840205967809315
12088;58,736;0,714996503053374
12089;58,740;0,982665471289834
12090;58,745;0,930798007913895
12091;58,749;0,777542561830241
12092;58,754;0,829762066812803
12093;58,758;0,770619076899969
12094;58,763;0,817088568974338
12095;58,767;0,773200715348545
12096;58,771;0,698215853137629
12097;58,776;0,655736165938332
12098;58,780;0,617363630816314
12099;58,785;0,740343498730303
12100;58,789;0,783292574738433
12101;58,794;0,685777049703581
12102;58,798;0,626516712588538
12103;58,803;0,5717155691574
12104;58,807;0,571480874752984
12105;58,811;0,502480719854677
12106;58,816;0,644822876132987
12107;58,820;0,575118638021432
12108;58,825;0,481475570659444
12109;58,829;0,502480719854677
12110;58,834;0,612669742727994
12111;58,838;0,55822064090348
12112;58,843;0,489103138802965
12113;58,847;0,456950005397971
12114;58,851;0,486286805949973
12115;58,856;0,37762329670536
12116;58,860;0,435006078585074
12117;58,865;0,452842853320691
12118;58,869;0,39053148894824
12119;58,874;0,387128420084208
12120;58,878;0,359551827565327
12121;58,882;0,436883633820402
12122;58,887;0,318010917983693
12123;58,891;0,474786780133588
12124;58,896;0,531348131597846
12125;58,900;0,338077289561262
12126;58,905;0,435006078585074
12127;58,909;0,43172035692325
12128;58,914;0,366005923686767
12129;58,918;0,442164257919763
12130;58,922;0,359082438756495
12131;58,927;0,389592711330576
12132;58,931;0,283980229343372
12133;58,936;0,358730397149871
12134;58,940;0,305572114549645
12135;58,945;0,27529653637998
12136;58,949;0,330332374215534
12137;58,954;0,357322230723375
12138;58,958;0,329510943800078
12139;58,962;0,23762808447121
12140;58,967;0,28175063250142
12141;58,971;0,266964885023211
12142;58,976;0,305220072943021
12143;58,980;0,260158747295147
12144;58,985;0,289026159038316
12145;58,989;0,309327225020301
12146;58,994;0,267316926629835
12147;58,998;0,262036302530475
12148;59,002;0,306862933773933
12149;59,007;0,315546626737325
12150;59,011;0,27881695244622
12151;59,016;0,315077237928493
12152;59,020;0,294776171946508
12153;59,025;0,311674169064461
12154;59,029;0,262975080148139
12155;59,034;0,350281398590895
12156;59,038;0,315194585130701
12157;59,042;0,352393648230639
12158;59,047;0,240913806133034
12159;59,051;0,265204676990091
12160;59,056;0,271189384302699
12161;59,060;0,239036250897706
12162;59,065;0,254291387184747
12163;59,069;0,278112869232972
12164;59,073;0,212163741592073
12165;59,078;0,229765821923274
12166;59,082;0,111245147693189
12167;59,087;0,29407208873326
12168;59,091;0,323995625296302
12169;59,096;0,17825040015396
12170;59,100;0,241969930952906
12171;59,105;0,19819942452932
12172;59,109;0,215097421647273
12173;59,113;0,348286496153359
12174;59,118;0,207939242312585
12175;59,122;0,28057716047934
12176;59,127;0,222372948184169
12177;59,131;0,248893415883179
12178;59,136;0,261449566519435
12179;59,140;0,224015809015081
12180;59,145;0,203832090235305
12181;59,149;0,201367798988937
12182;59,153;0,242791361368362
12183;59,158;0,223663767408457
12184;59,162;0,262153649732683
12185;59,167;0,1993728965514
12186;59,171;0,123683951127237
12187;59,176;0,216270893669353
12188;59,180;0,152199321263782
12189;59,185;0,19526574447412
12190;59,189;0,205122909459593
12191;59,193;0,220026004140009
12192;59,198;0,176020803312007
12193;59,202;0,200076979764648
12194;59,207;0,245138305412522
12195;59,211;0,306393544965101
12196;59,216;0,130724783259718
12197;59,220;0,19878616054036
12198;59,225;0,156893209352103
12199;59,229;0,258867928070859
12200;59,233;0,0773318062550753
12201;59,238;0,214745380040649
12202;59,242;0,271072037100491
12203;59,247;0,24466891660369
12204;59,251;0,120750271072037
12205;59,256;0,211342311176617
12206;59,260;0,236806654055754
12207;59,264;0,18411776026436
12208;59,269;0,151964626859366
12209;59,273;0,147270738771046
12210;59,278;0,201954534999977
12211;59,282;0,184587149073192
12212;59,287;0,230469905136522
12213;59,291;0,181418774613576
12214;59,296;0,220495392948841
12215;59,300;0,207117811897129
12216;59,304;0,23234746037185
12217;59,309;0,176607539323047
12218;59,313;0,208056589514793
12219;59,318;0,223429073004041
12220;59,322;0,311556821862253
12221;59,327;0,18294428824228
12222;59,331;0,158066681374183
12223;59,336;0,189163689959304
12224;59,340;0,206296381481673
12225;59,344;0,157831986969767
12226;59,349;0,266964885023211
12227;59,353;0,159005458991847
12228;59,358;0,162643222260295
12229;59,362;0,143985017109222
12230;59,367;0,181066733006952
12231;59,371;0,164755471900039
12232;59,376;0,0727552653689631
12233;59,380;0,156189126138855
12234;59,384;0,304750684134189
12235;59,389;0,130842130461926
12236;59,393;0,136709490572326
12237;59,398;0,129551311237637
12238;59,402;0,227536225081322
12239;59,407;0,144219711513638
12240;59,411;0,189750425970344
12241;59,416;0,168979971179527
12242;59,420;0,186230009904104
12243;59,424;0,176607539323047
12244;59,429;0,0989236914613482
12245;59,433;0,146097266748966
12246;59,438;0,139877865031942
12247;59,442;0,200311674169064
12248;59,447;0,242439319761738
12249;59,451;0,192449411621128
12250;59,456;0,198551466135944
12251;59,460;0,222372948184169
12252;59,464;0,168745276775111
12253;59,469;0,172383040043559
12254;59,473;0,165107513506663
12255;59,478;0,190337161981384
12256;59,482;0,228709697103402
12257;59,487;0,219204573724553
12258;59,491;0,185643273893064
12259;59,495;0,151847279657158
12260;59,500;0,211342311176617
12261;59,504;0,0677093356740189
12262;59,509;0,154898306914567
12263;59,513;0,197730035720488
12264;59,518;0,183413677051112
12265;59,522;0,207939242312585
12266;59,527;0,149148294006374
12267;59,531;0,244199527794858
12268;59,535;0,212633130400905
12269;59,540;0,226128058654826
12270;59,544;0,239622986908746
12271;59,549;0,137296226583366
12272;59,553;0,150791154837286
12273;59,558;0,1964392164962
12274;59,562;0,0982196082481001
12275;59,567;0,159944236609511
12276;59,571;0,160178931013927
12277;59,575;0,211107616772201
12278;59,580;0,125796200766981
12279;59,584;0,23117398834977
12280;59,589;0,105729829189412
12281;59,593;0,245020958210314
12282;59,598;0,311674169064461
12283;59,602;0,157831986969767
12284;59,607;0,166046291124327
12285;59,611;0,221082128959881
12286;59,615;0,377740643907568
12287;59,620;0,149148294006374
12288;59,624;0,137765615392198
12289;59,629;0,18118408020916
12290;59,633;0,163581999877959
12291;59,638;0,162173833451463
12292;59,642;0,210638227963369
12293;59,647;0,198903507742568
12294;59,651;0,285623090174284
12295;59,655;0,125913547969189
12296;59,660;0,171326915223687
12297;59,664;0,10584717639162
12298;59,669;0,198903507742568
12299;59,673;0,152081974061574
12300;59,678;0,13060743605751
12301;59,682;0,171678956830311
12302;59,686;0,235985223640298
12303;59,691;0,292781269508972
12304;59,695;0,199842285360232
12305;59,700;0,237158695662378
12306;59,704;0,222842336993001
12307;59,709;0,153255446083654
12308;59,713;0,181066733006952
12309;59,718;0,199138202146984
12310;59,722;0,191510634003464
12311;59,726;0,168627929572903
12312;59,731;0,152081974061574
12313;59,735;0,237158695662378
12314;59,740;0,209934144750121
12315;59,744;0,207235159099337
12316;59,749;0,130959477664134
12317;59,753;0,192566758823336
12318;59,758;0,117464549410213
12319;59,762;0,239622986908746
12320;59,766;0,152551362870406
12321;59,771;0,273184286740236
12322;59,775;0,142694197884934
12323;59,780;0,240444417324202
12324;59,784;0,170270790403815
12325;59,789;0,238918903695498
12326;59,793;0,19702595250724
12327;59,798;0,153255446083654
12328;59,802;0,223781114610665
12329;59,806;0,218383143309097
12330;59,811;0,166985068741991
12331;59,815;0,245138305412522
12332;59,820;0,243612791783818
12333;59,824;0,229648474721066
12334;59,829;0,192214717216712
12335;59,833;0,164638124697831
12336;59,838;0,237276042864586
12337;59,842;0,254526081589163
12338;59,846;0,297944546406125
12339;59,851;0,231995418765226
12340;59,855;0,155837084532231
12341;59,860;0,111127800490981
12342;59,864;0,178485094558376
12343;59,869;0,261214872115019
12344;59,873;0,217679060095849
12345;59,877;0,149852377219622
12346;59,882;0,13940847622311
12347;59,886;0,230235210732106
12348;59,891;0,186230009904104
12349;59,895;0,210051491952329
12350;59,900;0,207587200705961
12351;59,904;0,141872767469478
12352;59,909;0,18059734419812
12353;59,913;0,128612533619973
12354;59,917;0,157245250958727
12355;59,922;0,191627981205672
12356;59,926;0,072168529357923
12357;59,931;0,212281088794281
12358;59,935;0,164168735888999
12359;59,940;0,252765873556043
12360;59,944;0,252179137545003
12361;59,949;0,188694301150472
12362;59,953;0,117347202208005
12363;59,957;0,15172993245495
12364;59,962;0,232699501978474
12365;59,966;0,191862675610088
12366;59,971;0,189163689959304
12367;59,975;0,246663819041226
12368;59,980;0,207587200705961
12369;59,984;0,14234215627831
12370;59,989;0,181536121815784
12371;59,993;0,226597447463658
12372;59,997;0,202541271011017
12373;60,002;0,168627929572903
12374;60,006;0,213102519209737
12375;60,011;0,182474899433448
12376;60,015;0,190689203588008
12377;60,020;0,168862623977319
12378;60,024;0,187403481926184
12379;60,029;0,143398281098182
12380;60,033;0,227418877879114
12381;60,037;0,206179034279465
12382;60,042;0,186230009904104
12383;60,046;0,162173833451463
12384;60,051;0,157714639767559
12385;60,055;0,321531334049934
12386;60,060;0,172030998436935
12387;60,064;0,163112611069127
12388;60,068;0,207939242312585
12389;60,073;0,183413677051112
12390;60,077;0,168862623977319
12391;60,082;0,254878123195787
12392;60,086;0,226245405857034
12393;60,091;0,227770919485738
12394;60,095;0,118872715836709
12395;60,100;0,152081974061574
12396;60,104;0,221903559375337
12397;60,108;0,233872974000554
12398;60,113;0,232112765967434
12399;60,117;0,23469440441601
12400;60,122;0,200781062977896
12401;60,126;0,175082025694343
12402;60,131;0,190454509183592
12403;60,135;0,23469440441601
12404;60,140;0,152081974061574
12405;60,144;0,19526574447412
12406;60,148;0,24877606868097
12407;60,153;0,286796562196364
12408;60,157;0,178954483367208
12409;60,162;0,157831986969767
12410;60,166;0,129903352844261
12411;60,171;0,1964392164962
12412;60,175;0,14058194824519
12413;60,180;0,104439009965124
12414;60,184;0,27588327239102
12415;60,188;0,256873025633323
12416;60,193;0,156071778936647
12417;60,197;0,229883169125482
12418;60,202;0,186112662701896
12419;60,206;0,196087174889576
12420;60,211;0,178367747356168
12421;60,215;0,273066939538028
12422;60,220;0,169801401594983
12423;60,224;0,164168735888999
12424;60,228;0,208760672728041
12425;60,233;0,173439164863431
12426;60,237;0,23469440441601
12427;60,242;0,117816591016837
12428;60,246;0,215918852062729
12429;60,251;0,197495341316072
12430;60,255;0,235750529235882
12431;60,259;0,189163689959304
12432;60,264;0,197847382922696
12433;60,268;0,174377942481095
12434;60,273;0,191980022812296
12435;60,277;0,133775810517126
12436;60,282;0,136709490572326
12437;60,286;0,234459710011594
12438;60,291;0,18059734419812
12439;60,295;0,22765357228353
12440;60,299;0,219908656937801
12441;60,304;0,15349014048807
12442;60,308;0,173321817661223
12443;60,313;0,207469853503753
12444;60,317;0,175082025694343
12445;60,322;0,208760672728041
12446;60,326;0,208056589514793
12447;60,331;0,225189281037162
12448;60,335;0,196204522091784
12449;60,339;0,162525875058087
12450;60,344;0,187168787521768
12451;60,348;0,19291880042996
12452;60,353;0,261332219317227
12453;60,357;0,237393390066794
12454;60,362;0,20113310458452
12455;60,366;0,167102415944199
12456;60,371;0,196791258102824
12457;60,375;0,195148397271912
12458;60,379;0,170036095999399
12459;60,384;0,135066629741414
12460;60,388;0,258046497655403
12461;60,393;0,206883117492713
12462;60,397;0,168979971179527
12463;60,402;0,126734978384645
12464;60,406;0,221434170566505
12465;60,411;0,141990114671686
12466;60,415;0,19526574447412
12467;60,419;0,229531127518858
12468;60,424;0,151964626859366
12469;60,428;0,200663715775688
12470;60,433;0,209230061536873
12471;60,437;0,161469750238215
12472;60,442;0,233403585191722
12473;60,446;0,18294428824228
12474;60,451;0,223898461812873
12475;60,455;0,188459606746056
12476;60,459;0,126382936778021
12477;60,464;0,246077083030186
12478;60,468;0,174260595278887
12479;60,473;0,247954638265514
12480;60,477;0,203128007022057
12481;60,482;0,208995367132457
12482;60,486;0,291607797486892
12483;60,490;0,206061687077257
12484;60,495;0,20113310458452
12485;60,499;0,236102570842506
12486;60,504;0,219556615331177
12487;60,508;0,203245354224265
12488;60,513;0,172852428852391
12489;60,517;0,253704651173707
12490;60,522;0,222607642588585
12491;60,526;0,185760621095272
12492;60,530;0,212867824805321
12493;60,535;0,19115859239684
12494;60,539;0,298531282417165
12495;60,544;0,161939139047047
12496;60,548;0,19585248048516
12497;60,553;0,172500387245767
12498;60,557;0,192684106025544
12499;60,562;0,187872870735016
12500;60,566;0,214980074445065
12501;60,570;0,208995367132457
12502;60,575;0,246077083030186
12503;60,579;0,197730035720488
12504;60,584;0,23469440441601
12505;60,588;0,200311674169064
12506;60,593;0,182474899433448
12507;60,597;0,294424130339884
12508;60,602;0,18998512037476
12509;60,606;0,179306524973832
12510;60,610;0,173556512065639
12511;60,615;0,124388034340485
12512;60,619;0,181066733006952
12513;60,624;0,178719788962792
12514;60,628;0,161117708631591
12515;60,633;0,244199527794858
12516;60,637;0,303107823303277
12517;60,642;0,280694507681548
12518;60,646;0,189281037161512
12519;60,650;0,150204418826246
12520;60,655;0,263913857765803
12521;60,659;0,230469905136522
12522;60,664;0,205709645470633
12523;60,668;0,348638537759983
12524;60,673;0,290199631060396
12525;60,677;0,248306679872138
12526;60,681;0,213571908018569
12527;60,686;0,195617786080744
12528;60,690;0,208173936717001
12529;60,695;0,20054636857348
12530;60,699;0,309444572222509
12531;60,704;0,33408748468619
12532;60,708;0,202541271011017
12533;60,713;0,217913754500265
12534;60,717;0,252765873556043
12535;60,721;0,0923522481376999
12536;60,726;0,28116389649038
12537;60,730;0,215566810456105
12538;60,735;0,13764826818999
12539;60,739;0,168393235168487
12540;60,744;0,156423820543271
12541;60,748;0,271541425909323
12542;60,753;0,214745380040649
12543;60,757;0,13178090807959
12544;60,761;0,264735288181259
12545;60,766;0,266026107405547
12546;60,770;0,154780959712359
12547;60,775;0,245959735827978
12548;60,779;0,177194275334087
12549;60,784;0,223781114610665
12550;60,788;0,172617734447975
12551;60,793;0,1993728965514
12552;60,797;0,190806550790216
12553;60,801;0,203714743033097
12554;60,806;0,241500542144074
12555;60,810;0,200194326966856
12556;60,815;0,246311777434602
12557;60,819;0,175903456109799
12558;60,824;0,206179034279465
12559;60,828;0,205005562257385
12560;60,833;0,219908656937801
12561;60,837;0,187872870735016
12562;60,841;0,139877865031942
12563;60,846;0,173791206470055
12564;60,850;0,184235107466568
12565;60,855;0,1905718563858
12566;60,859;0,181653469017992
12567;60,864;0,222724989790793
12568;60,868;0,150908502039494
12569;60,872;0,155015654116775
12570;60,877;0,190219814779176
12571;60,881;0,183648371455528
12572;60,886;0,211107616772201
12573;60,890;0,180479996995912
12574;60,895;0,154780959712359
12575;60,899;0,145745225142342
12576;60,904;0,111949230906437
12577;60,908;0,217561712893641
12578;60,912;0,196791258102824
12579;60,917;0,248658721478763
12580;60,921;0,218852532117929
12581;60,926;0,219791309735593
12582;60,930;0,254174039982539
12583;60,935;0,0927042897443239
12584;60,939;0,249949540703051
12585;60,944;0,28409757654558
12586;60,948;0,241617889346282
12587;60,952;0,241969930952906
12588;60,957;0,174025900874471
12589;60,961;0,218031101702473
12590;60,966;0,222842336993001
12591;60,970;0,244316874997066
12592;60,975;0,191980022812296
12593;60,979;0,261097524912811
12594;60,984;0,206179034279465
12595;60,988;0,277408786019724
12596;60,992;0,216505588073769
12597;60,997;0,13764826818999
12598;61,001;0,19585248048516
12599;61,006;0,176372844918631
12600;61,010;0,258281192059819
12601;61,015;0,211811699985449
12602;61,019;0,185995315499688
12603;61,024;0,197847382922696
12604;61,028;0,18001060818708
12605;61,032;0,207235159099337
12606;61,037;0,23058725233873
12607;61,041;0,203128007022057
12608;61,046;0,23352093239393
12609;61,050;0,199020854944776
12610;61,055;0,207117811897129
12611;61,059;0,252765873556043
12612;61,063;0,249010763085386
12613;61,068;0,226949489070282
12614;61,072;0,255112817600203
12615;61,077;0,254056692780331
12616;61,081;0,231056641147562
12617;61,086;0,175551414503175
12618;61,090;0,175551414503175
12619;61,095;0,217092324084809
12620;61,099;0,264969982585675
12621;61,103;0,246898513445642
12622;61,108;0,199138202146984
12623;61,112;0,213806602422985
12624;61,117;0,241383194941866
12625;61,121;0,224954586632745
12626;61,126;0,163816694282375
12627;61,130;0,288908811836108
12628;61,135;0,160413625418343
12629;61,139;0,187168787521768
12630;61,143;0,360373257980783
12631;61,148;0,214158644029609
12632;61,152;0,228592349901194
12633;61,157;0,273418981144652
12634;61,161;0,162408527855879
12635;61,166;0,183648371455528
12636;61,170;0,228005613890154
12637;61,175;0,185525926690856
12638;61,179;0,243612791783818
12639;61,183;0,193974925249832
12640;61,188;0,219439268128969
12641;61,192;0,19761268851828
12642;61,197;0,171444262425895
12643;61,201;0,155954431734439
12644;61,206;0,309561919424717
12645;61,210;0,266730190618795
12646;61,215;0,194561661260872
12647;61,219;0,303929253718733
12648;61,223;0,23880155649329
12649;61,228;0,251475054331755
12650;61,232;0,145158489131302
12651;61,237;0,250536276714091
12652;61,241;0,243143402974986
12653;61,246;0,175199372896551
12654;61,250;0,225071933834953
12655;61,255;0,168862623977319
12656;61,259;0,207821895110377
12657;61,263;0,194796355665288
12658;61,268;0,229765821923274
12659;61,272;0,204066784639721
12660;61,277;0,216505588073769
12661;61,281;0,189163689959304
12662;61,286;0,277408786019724
12663;61,290;0,24818933266993
12664;61,294;0,214041296827401
12665;61,299;0,213219866411945
12666;61,303;0,208408631121417
12667;61,308;0,247367902254474
12668;61,312;0,207469853503753
12669;61,317;0,229648474721066
12670;61,321;0,170974873617063
12671;61,326;0,235163793224842
12672;61,330;0,306158850560685
12673;61,334;0,229179085912234
12674;61,339;0,203245354224265
12675;61,343;0,196556563698408
12676;61,348;0,202541271011017
12677;61,352;0,208643325525833
12678;61,357;0,197143299709448
12679;61,361;0,212046394389865
12680;61,366;0,23000051632769
12681;61,370;0,248306679872138
12682;61,374;0,256168942420075
12683;61,379;0,267434273832043
12684;61,383;0,197377994113864
12685;61,388;0,171561609628103
12686;61,392;0,196556563698408
12687;61,397;0,286327173387532
12688;61,401;0,182240205029032
12689;61,406;0,18411776026436
12690;61,410;0,220378045746633
12691;61,414;0,24056176452641
12692;61,419;0,250184235107467
12693;61,423;0,205240256661801
12694;61,428;0,243378097379402
12695;61,432;0,176490192120839
12696;61,437;0,226362753059242
12697;61,441;0,170857526414855
12698;61,446;0,256520984026699
12699;61,450;0,232582154776266
12700;61,454;0,174025900874471
12701;61,459;0,238684209291082
12702;61,463;0,18059734419812
12703;61,468;0,240092375717578
12704;61,472;0,170622832010439
12705;61,477;0,14175542026727
12706;61,481;0,148913599601958
12707;61,485;0,18881164835268
12708;61,490;0,221903559375337
12709;61,494;0,19702595250724
12710;61,499;0,231291335551978
12711;61,503;0,283158798927916
12712;61,508;0,253352609567083
12713;61,512;0,131546213675174
12714;61,517;0,218031101702473
12715;61,521;0,212398435996489
12716;61,525;0,276117966795436
12717;61,530;0,135536018550246
12718;61,534;0,18705144031956
12719;61,539;0,226832141868074
12720;61,543;0,28703125660078
12721;61,548;0,212281088794281
12722;61,552;0,287735339814028
12723;61,557;0,167454457550823
12724;61,561;0,264031204968011
12725;61,565;0,180127955389288
12726;61,570;0,164403430293415
12727;61,574;0,201250451786728
12728;61,579;0,163464652675751
12729;61,583;0,22706683627249
12730;61,588;0,261449566519435
12731;61,592;0,208643325525833
12732;61,597;0,202658618213225
12733;61,601;0,296771074384045
12734;61,605;0,198668813338152
12735;61,610;0,236689306853546
12736;61,614;0,197143299709448
12737;61,619;0,227770919485738
12738;61,623;0,182592246635656
12739;61,628;0,263092427350347
12740;61,632;0,227184183474698
12741;61,637;0,203010659819849
12742;61,641;0,267786315438667
12743;61,645;0,128847228024389
12744;61,650;0,19995963256244
12745;61,654;0,200194326966856
12746;61,659;0,180362649793704
12747;61,663;0,196204522091784
12748;61,668;0,298061893608333
12749;61,672;0,248071985467722
12750;61,676;0,212163741592073
12751;61,681;0,258867928070859
12752;61,685;0,262623038541515
12753;61,690;0,182826941040072
12754;61,694;0,223311725801833
12755;61,699;0,250301582309675
12756;61,703;0,244903611008106
12757;61,708;0,23938829250433
12758;61,712;0,270954689898283
12759;61,716;0,230939293945354
12760;61,721;0,248424027074346
12761;61,725;0,215332116051689
12762;61,730;0,244903611008106
12763;61,734;0,252296484747211
12764;61,739;0,252648526353835
12765;61,743;0,155954431734439
12766;61,748;0,183296329848904
12767;61,752;0,251709748736171
12768;61,756;0,175551414503175
12769;61,761;0,209112714334665
12770;61,765;0,256638331228907
12771;61,770;0,200898410180104
12772;61,774;0,188459606746056
12773;61,779;0,129199269631013
12774;61,783;0,174025900874471
12775;61,788;0,167219763146407
12776;61,792;0,178602441760584
12777;61,796;0,189163689959304
12778;61,801;0,276939397210892
12779;61,805;0,261566913721643
12780;61,810;0,210755575165577
12781;61,814;0,240092375717578
12782;61,819;0,272832245133612
12783;61,823;0,196673910900616
12784;61,828;0,184587149073192
12785;61,832;0,153724834892486
12786;61,836;0,233286237989514
12787;61,841;0,270250606685035
12788;61,845;0,195617786080744
12789;61,850;0,231291335551978
12790;61,854;0,193974925249832
12791;61,859;0,205005562257385
12792;61,863;0,167806499157447
12793;61,867;0,254995470397995
12794;61,872;0,261801608126059
12795;61,876;0,168862623977319
12796;61,881;0,252648526353835
12797;61,885;0,160765667024967
12798;61,890;0,208995367132457
12799;61,894;0,189867773172552
12800;61,899;0,168158540764071
12801;61,903;0,247485249456682
12802;61,907;0,259689358486315
12803;61,912;0,271776120313739
12804;61,916;0,266847537821003
12805;61,921;0,18998512037476
12806;61,925;0,231056641147562
12807;61,930;0,216974976882601
12808;61,934;0,240209722919786
12809;61,939;0,191980022812296
12810;61,943;0,204418826246345
12811;61,947;0,237510737269002
12812;61,952;0,218148448904681
12813;61,956;0,191862675610088
12814;61,961;0,211459658378825
12815;61,965;0,238918903695498
12816;61,970;0,235633182033674
12817;61,974;0,228475002698986
12818;61,979;0,197847382922696
12819;61,983;0,158536070183015
12820;61,987;0,199255549349192
12821;61,992;0,214041296827401
12822;61,996;0,184587149073192
12823;62,001;0,259102622475275
12824;62,005;0,27881695244622
12825;62,010;0,179893260984872
12826;62,014;0,23762808447121
12827;62,019;0,263327121754763
12828;62,023;0,234811751618218
12829;62,027;0,253469956769291
12830;62,032;0,276352661199852
12831;62,036;0,146918697164422
12832;62,041;0,207000464694921
12833;62,045;0,240444417324202
12834;62,050;0,269311829067371
12835;62,054;0,220730087353257
12836;62,058;0,18939838436372
12837;62,063;0,238449514886666
12838;62,067;0,259924052890731
12839;62,072;0,250536276714091
12840;62,076;0,178015705749544
12841;62,081;0,256520984026699
12842;62,085;0,201837187797769
12843;62,090;0,203010659819849
12844;62,094;0,229296433114442
12845;62,098;0,227888266687946
12846;62,103;0,285036354163244
12847;62,107;0,258985275273067
12848;62,112;0,244434222199274
12849;62,116;0,238097473280042
12850;62,121;0,172500387245767
12851;62,125;0,233755626798346
12852;62,130;0,200311674169064
12853;62,134;0,27353632834686
12854;62,138;0,245020958210314
12855;62,143;0,24408218059265
12856;62,147;0,173556512065639
12857;62,152;0,268021009843083
12858;62,156;0,306041503358477
12859;62,161;0,263327121754763
12860;62,165;0,225071933834953
12861;62,170;0,176138150514215
12862;62,174;0,182005510624616
12863;62,178;0,189633078768136
12864;62,183;0,128143144811141
12865;62,187;0,235750529235882
12866;62,192;0,244434222199274
12867;62,196;0,248306679872138
12868;62,201;0,19115859239684
12869;62,205;0,205826992672841
12870;62,210;0,276822050008684
12871;62,214;0,277526133221932
12872;62,218;0,253352609567083
12873;62,223;0,207000464694921
12874;62,227;0,226245405857034
12875;62,232;0,282220021310252
12876;62,236;0,258985275273067
12877;62,241;0,214745380040649
12878;62,245;0,178719788962792
12879;62,250;0,226597447463658
12880;62,254;0,189163689959304
12881;62,258;0,180714691400328
12882;62,263;0,133306421708294
12883;62,267;0,279286341255052
12884;62,272;0,325521138925006
12885;62,276;0,249949540703051
12886;62,281;0,254760775993579
12887;62,285;0,190102467576968
12888;62,289;0,210990269569993
12889;62,294;0,299587407237037
12890;62,298;0,253704651173707
12891;62,303;0,213454560816361
12892;62,307;0,274005717155692
12893;62,312;0,191510634003464
12894;62,316;0,250536276714091
12895;62,321;0,223429073004041
12896;62,325;0,248306679872138
12897;62,329;0,227184183474698
12898;62,334;0,297475157597293
12899;62,338;0,24056176452641
12900;62,343;0,14175542026727
12901;62,347;0,263796510563595
12902;62,352;0,177076928131879
12903;62,356;0,335730345517102
12904;62,361;0,293250658317804
12905;62,365;0,306041503358477
12906;62,369;0,18705144031956
12907;62,374;0,198668813338152
12908;62,378;0,223546420206249
12909;62,383;0,196791258102824
12910;62,387;0,213923949625193
12911;62,392;0,128729880822181
12912;62,396;0,268255704247499
12913;62,401;0,29113840867806
12914;62,405;0,231408682754186
12915;62,409;0,243026055772778
12916;62,414;0,32998033260891
12917;62,418;0,2946588247443
12918;62,423;0,224250503419497
12919;62,427;0,227418877879114
12920;62,432;0,285505742972076
12921;62,436;0,18881164835268
12922;62,441;0,224250503419497
12923;62,445;0,204066784639721
12924;62,449;0,218617837713513
12925;62,454;0,184352454668776
12926;62,458;0,223429073004041
12927;62,463;0,181066733006952
12928;62,467;0,170388137606023
12929;62,472;0,259924052890731
12930;62,476;0,231878071563018
12931;62,480;0,233051543585098
12932;62,485;0,328454818980206
12933;62,489;0,259689358486315
12934;62,494;0,152081974061574
12935;62,498;0,252179137545003
12936;62,503;0,222842336993001
12937;62,507;0,202658618213225
12938;62,512;0,167923846359655
12939;62,516;0,258046497655403
12940;62,520;0,248893415883179
12941;62,525;0,151260543646118
12942;62,529;0,246194430232394
12943;62,534;0,249480151894219
12944;62,538;0,242087278155114
12945;62,543;0,249597499096427
12946;62,547;0,253939345578123
12947;62,552;0,251005665522923
12948;62,556;0,231878071563018
12949;62,560;0,201250451786728
12950;62,565;0,29407208873326
12951;62,569;0,240327070121994
12952;62,574;0,20054636857348
12953;62,578;0,244316874997066
12954;62,583;0,28468431255662
12955;62,587;0,229765821923274
12956;62,592;0,260041400092939
12957;62,596;0,24056176452641
12958;62,600;0,212633130400905
12959;62,605;0,240327070121994
12960;62,609;0,303694559314317
12961;62,614;0,171561609628103
12962;62,618;0,217796407298057
12963;62,623;0,211224963974409
12964;62,627;0,174612636885511
12965;62,632;0,276822050008684
12966;62,636;0,23821482048225
12967;62,640;0,189633078768136
12968;62,645;0,182474899433448
12969;62,649;0,1964392164962
12970;62,654;0,249480151894219
12971;62,658;0,18998512037476
12972;62,663;0,246898513445642
12973;62,667;0,23352093239393
12974;62,671;0,194561661260872
12975;62,676;0,240796458930826
12976;62,680;0,229765821923274
12977;62,685;0,164403430293415
12978;62,689;0,186112662701896
12979;62,694;0,14938298841079
12980;62,698;0,248541374276554
12981;62,703;0,307801711391597
12982;62,707;0,271776120313739
12983;62,711;0,23352093239393
12984;62,716;0,205944339875049
12985;62,720;0,316602751557197
12986;62,725;0,289143506240524
12987;62,729;0,248893415883179
12988;62,734;0,256873025633323
12989;62,738;0,240679111728618
12990;62,743;0,200429021371272
12991;62,747;0,18001060818708
12992;62,751;0,312378252277709
12993;62,756;0,287265951005196
12994;62,760;0,272832245133612
12995;62,765;0,183648371455528
12996;62,769;0,241031153335242
12997;62,774;0,170153443201607
12998;62,778;0,24642912463681
12999;62,783;0,210520880761161
13000;62,787;0,271658773111531
13001;62,791;0,322235417263182
13002;62,796;0,304398642527565
13003;62,800;0,328924207789038
13004;62,805;0,352510995432847
13005;62,809;0,301464962472365
13006;62,814;0,207235159099337
13007;62,818;0,282454715714668
13008;62,823;0,324817055711758
13009;62,827;0,264031204968011
13010;62,831;0,262740385743723
13011;62,836;0,363893674047023
13012;62,840;0,330332374215534
13013;62,845;0,305806808954061
13014;62,849;0,333618095877358
13015;62,854;0,222607642588585
13016;62,858;0,391587613768113
13017;62,862;0,363072243631567
13018;62,867;0,209699450345705
13019;62,871;0,294306783137676
13020;62,876;0,344766080087119
13021;62,880;0,376215130278864
13022;62,885;0,37586308867224
13023;62,889;0,274005717155692
13024;62,894;0,379031463131856
13025;62,898;0,356852841914543
13026;62,902;0,345118121693743
13027;62,907;0,420455025511282
13028;62,911;0,450143867669907
13029;62,916;0,404965194819825
13030;62,920;0,446858146008083
13031;62,925;0,393817210610065
13032;62,929;0,387011072882
13033;62,934;0,46410818473266
13034;62,938;0,410949902132433
13035;62,942;0,379500851940688
13036;62,947;0,447210187614707
13037;62,951;0,565378820238168
13038;62,956;0,549302253535671
13039;62,960;0,461291851879667
13040;62,965;0,386541684073168
13041;62,969;0,486990889163221
13042;62,974;0,459648991048755
13043;62,978;0,490745999633877
13044;62,982;0,496965401350901
13045;62,987;0,3694089925508
13046;62,991;0,455307144567059
13047;62,996;0,42878667686805
13048;63,000;0,47408269692034
13049;63,005;0,535572630877335
13050;63,009;0,440404049886643
13051;63,014;0,470210239247476
13052;63,018;0,449909173265491
13053;63,022;0,41998563670245
13054;63,027;0,414235623794257
13055;63,031;0,483235778692564
13056;63,036;0,512572579244566
13057;63,040;0,489220486005173
13058;63,045;0,53111343719343
13059;63,049;0,459179602239923
13060;63,053;0,4852306811301
13061;63,058;0,489337833207381
13062;63,062;0,475725557751252
13063;63,067;0,503419497472341
13064;63,071;0,474552085729172
13065;63,076;0,552470627995287
13066;63,080;0,470914322460724
13067;63,085;0,496965401350901
13068;63,089;0,554934919241655
13069;63,093;0,468684725618772
13070;63,098;0,461409199081875
13071;63,102;0,440286702684435
13072;63,107;0,505531747112085
13073;63,111;0,511868496031318
13074;63,116;0,444511201963923
13075;63,120;0,343357913660623
13076;63,125;0,356031411499087
13077;63,129;0,343357913660623
13078;63,133;0,345470163300367
13079;63,138;0,493092943678037
13080;63,142;0,384312087231216
13081;63,147;0,43348056495637
13082;63,151;0,394403946621105
13083;63,156;0,380087587951728
13084;63,160;0,402735597977873
13085;63,165;0,520786883399126
13086;63,169;0,376215130278864
13087;63,173;0,336786470336974
13088;63,178;0,416347873434002
13089;63,182;0,417286651051666
13090;63,187;0,376567171885488
13091;63,191;0,348638537759983
13092;63,196;0,348755884962191
13093;63,200;0,308740489009261
13094;63,205;0,264265899372427
13095;63,209;0,366005923686767
13096;63,213;0,380791671164976
13097;63,218;0,357087536318959
13098;63,222;0,321061945241102
13099;63,227;0,363893674047023
13100;63,231;0,372812061414832
13101;63,236;0,241852583750698
13102;63,240;0,42585299681285
13103;63,245;0,368939603741968
13104;63,249;0,342067094436334
13105;63,253;0,38759780889304
13106;63,258;0,2887914646339
13107;63,262;0,365184493271311
13108;63,267;0,240209722919786
13109;63,271;0,387832503297456
13110;63,276;0,312847641086541
13111;63,280;0,368939603741968
13112;63,284;0,366123270888975
13113;63,289;0,285505742972076
13114;63,293;0,314842543524077
13115;63,298;0,318362959590317
13116;63,302;0,249245457489803
13117;63,307;0,299470060034829
13118;63,311;0,247485249456682
13119;63,316;0,356735494712335
13120;63,320;0,295010866350924
13121;63,324;0,276822050008684
13122;63,329;0,267903662640875
13123;63,333;0,294424130339884
13124;63,338;0,291959839093516
13125;63,342;0,243612791783818
13126;63,347;0,297005768788461
13127;63,351;0,314373154715245
13128;63,356;0,268842440258539
13129;63,360;0,234225015607178
13130;63,364;0,37879676872744
13131;63,369;0,320944598038894
13132;63,373;0,231291335551978
13133;63,378;0,313317029895373
13134;63,382;0,336786470336974
13135;63,387;0,254174039982539
13136;63,391;0,218500490511305
13137;63,396;0,351806912219599
13138;63,400;0,34347526086283
13139;63,404;0,357087536318959
13140;63,409;0,340072191998798
13141;63,413;0,504945011101045
13142;63,418;0,408837652492689
13143;63,422;0,493092943678037
13144;63,427;0,480888834648404
13145;63,431;0,567491069877912
13146;63,436;0,629919781452571
13147;63,440;0,783996657951681
13148;63,444;1,00812981416897
13149;63,449;0,990410386635562
13150;63,453;1,32273766328863
13151;63,458;1,33681932755359
13152;63,462;1,57796782809104
13153;63,467;1,741549827969
13154;63,471;2,05744849631295
13155;63,475;2,0127392122717
13156;63,480;2,3895410785616
13157;63,484;2,79966955027858
13158;63,489;3,20991536919777
13159;63,493;3,50598236036856
13160;63,498;3,59352337321574
13161;63,502;4,31732091643471
13162;63,507;4,67980642405524
13163;63,511;5,07186342663218
13164;63,515;5,6672831306356
13165;63,520;5,96452359382848
13166;63,524;6,74312228047859
13167;63,529;6,95270438362208
13168;63,533;7,46515961566444
13169;63,538;8,49488131503969
13170;63,542;8,7208920264923
13171;63,547;8,93857108658815
13172;63,551;9,5549959397868
13173;63,555;9,89694568702093
13174;63,560;10,4273550410011
13175;63,564;11,0979943016199
13176;63,569;11,3565101880841
13177;63,573;11,9919452880404
13178;63,578;12,255155062593
13179;63,582;12,4312932131072
13180;63,587;12,5504006233483
13181;63,591;13,2201011063494
13182;63,595;13,6311683556841
13183;63,600;13,5573569654952
13184;63,604;13,6179081218346
13185;63,609;13,685265415902
13186;63,613;13,7845411489699
13187;63,618;13,6112193313087
13188;63,622;14,0485723539379
13189;63,627;13,630581619673
13190;63,631;13,3586881521571
13191;63,635;13,3009533286707
13192;63,640;12,9148810334064
13193;63,644;12,9266157536272
13194;63,649;12,7748858211723
13195;63,653;12,2129100697981
13196;63,658;11,8784705435053
13197;63,662;11,7696896870585
13198;63,666;11,3562754936797
13199;63,671;11,2269588768465
13200;63,675;10,5664114756176
13201;63,680;10,2985078129767
13202;63,684;9,81855775594598
13203;63,689;9,45865388677403
13204;63,693;9,03984172209366
13205;63,698;8,69613176682642
13206;63,702;8,24974300962716
13207;63,706;7,93184943884568
13208;63,711;7,49015456973475
13209;63,715;7,34499608060345
13210;63,720;7,1024394136395
13211;63,724;6,82948982130368
13212;63,729;6,01404411316025
13213;63,733;6,04960031542928
13214;63,738;5,84447740596969
13215;63,742;5,39597639913069
13216;63,746;5,36687429298311
13217;63,751;4,86357214271297
13218;63,755;4,49651009420633
13219;63,760;4,30359129377637
13220;63,764;4,17462671854978
13221;63,769;4,04789174016513
13222;63,773;3,68552357974681
13223;63,778;3,46937003327967
13224;63,782;3,274925719221
13225;63,786;3,24511952986017
13226;63,791;2,93461883281779
13227;63,795;2,7940368845726
13228;63,800;2,85200640246335
13229;63,804;2,69593462352671
13230;63,809;2,44187793074637
13231;63,813;2,50911787761156
13232;63,818;2,37792370554301
13233;63,822;2,040550499195
13234;63,826;2,00335143609506
13235;63,831;1,90395835582488
13236;63,835;2,02506066850354
13237;63,840;1,77475908619387
13238;63,844;1,64638124697831
13239;63,849;1,60120257412823
13240;63,853;1,66750374337575
13241;63,857;1,52117178222237
13242;63,862;1,20656393310271
13243;63,866;1,41685011945945
13244;63,871;1,38587045807654
13245;63,875;1,20363025304751
13246;63,880;1,28248757293129
13247;63,884;1,08370141239093
13248;63,889;1,14507399914571
13249;63,893;0,989588956220106
13250;63,897;0,862384589026628
13251;63,902;0,877639725313669
13252;63,906;0,854522326478692
13253;63,911;1,05201766779476
13254;63,915;0,984895068131786
13255;63,920;0,895124458442662
13256;63,924;0,775430312190497
13257;63,929;0,912139802762822
13258;63,933;0,793971170139361
13259;63,937;0,783175227536225
13260;63,942;0,744215956403167
13261;63,946;0,762991508756448
13262;63,951;0,672516815854076
13263;63,955;0,699037283553085
13264;63,960;0,662190262059772
13265;63,964;0,654210652309628
13266;63,969;0,544725712649559
13267;63,973;0,595302356801209
13268;63,977;0,571363527550776
13269;63,982;0,441108133099891
13270;63,986;0,570894138741944
13271;63,991;0,475490863346836
13272;63,995;0,435592814596114
13273;64,000;0,526654243509526
13274;64,004;0,460353074262003
13275;64,009;0,576526804447928
13276;64,013;0,494618457306741
13277;64,017;0,445567326783795
13278;64,022;0,457184699802387
13279;64,026;0,429725454485714
13280;64,031;0,43758771703365
13281;64,035;0,543552240627479
13282;64,040;0,418342775871538
13283;64,044;0,384546781635632
13284;64,049;0,412944804569969
13285;64,053;0,350281398590895
13286;64,057;0,309561919424717
13287;64,062;0,328572166182414
13288;64,066;0,33878137277451
13289;64,071;0,229061738710026
13290;64,075;0,362485507620527
13291;64,080;0,454368366949395
13292;64,084;0,307449669784973
13293;64,088;0,273888369953484
13294;64,093;0,393699863407857
13295;64,097;0,323291542083054
13296;64,102;0,368704909337552
13297;64,106;0,383725351220176
13298;64,111;0,260980177710603
13299;64,115;0,319888473219021
13300;64,120;0,341363011223086
13301;64,124;0,32880686058683
13302;64,128;0,269429176269579
13303;64,133;0,333852790281774
13304;64,137;0,344414038480495
13305;64,142;0,167219763146407
13306;64,146;0,213219866411945
13307;64,151;0,363306938035983
13308;64,155;0,282572062916876
13309;64,160;0,384312087231216
13310;64,164;0,356852841914543
13311;64,168;0,349577315377647
13312;64,173;0,314959890726285
13313;64,177;0,38231718479368
13314;64,182;0,156306473341063
13315;64,186;0,28761799261182
13316;64,191;0,297827199203917
13317;64,195;0,199607590955816
13318;64,200;0,339837497594382
13319;64,204;0,340306886403214
13320;64,208;0,347113024131279
13321;64,213;0,312730293884333
13322;64,217;0,335612998314894
13323;64,222;0,316368057152781
13324;64,226;0,268021009843083
13325;64,231;0,302286392887821
13326;64,235;0,196791258102824
13327;64,240;0,264617940979051
13328;64,244;0,222372948184169
13329;64,248;0,266612843416587
13330;64,253;0,248893415883179
13331;64,257;0,159122806194055
13332;64,262;0,254291387184747
13333;64,266;0,257225067239947
13334;64,271;0,128143144811141
13335;64,275;0,446740798805875
13336;64,279;0,223663767408457
13337;64,284;0,329041554991246
13338;64,288;0,252413831949419
13339;64,293;0,209582103143497
13340;64,297;0,306628239369517
13341;64,302;0,273301633942444
13342;64,306;0,190923897992424
13343;64,311;0,216740282478185
13344;64,315;0,227888266687946
13345;64,319;0,222724989790793
13346;64,324;0,210168839154537
13347;64,328;0,218031101702473
13348;64,333;0,267551621034251
13349;64,337;0,294424130339884
13350;64,342;0,254291387184747
13351;64,346;0,20113310458452
13352;64,351;0,251827095938379
13353;64,355;0,18118408020916
13354;64,359;0,204888215055177
13355;64,364;0,251005665522923
13356;64,368;0,29348535272222
13357;64,373;0,243143402974986
13358;64,377;0,230117863529898
13359;64,382;0,257459761644363
13360;64,386;0,240913806133034
13361;64,391;0,18294428824228
13362;64,395;0,320709903634478
13363;64,399;0,236571959651338
13364;64,404;0,187168787521768
13365;64,408;0,133189074506086
13366;64,413;0,210286186356745
13367;64,417;0,279286341255052
13368;64,422;0,248424027074346
13369;64,426;0,201485146191144
13370;64,431;0,137178879381158
13371;64,435;0,270954689898283
13372;64,439;0,330684415822158
13373;64,444;0,191980022812296
13374;64,448;0,333148707068526
13375;64,453;0,270015912280619
13376;64,457;0,260041400092939
13377;64,462;0,19467900846308
13378;64,466;0,261918955328267
13379;64,470;0,183883065859944
13380;64,475;0,270367953887243
13381;64,479;0,291490450284684
13382;64,484;0,243260750177194
13383;64,488;0,197260646911656
13384;64,493;0,345470163300367
13385;64,497;0,310970085851213
13386;64,502;0,293015963913388
13387;64,506;0,280459813277132
13388;64,510;0,220260698544425
13389;64,515;0,258281192059819
13390;64,519;0,293015963913388
13391;64,524;0,247250555052266
13392;64,528;0,218735184915721
13393;64,533;0,311322127457837
13394;64,537;0,270367953887243
13395;64,542;0,358730397149871
13396;64,546;0,302403740090029
13397;64,550;0,273771022751276
13398;64,555;0,364128368451439
13399;64,559;0,250301582309675
13400;64,564;0,238918903695498
13401;64,568;0,23821482048225
13402;64,573;0,197260646911656
13403;64,577;0,242791361368362
13404;64,582;0,164520777495623
13405;64,586;0,2829241045235
13406;64,590;0,247954638265514
13407;64,595;0,184939190679816
13408;64,599;0,277995522030764
13409;64,604;0,353097731443887
13410;64,608;0,266964885023211
13411;64,613;0,210990269569993
13412;64,617;0,208408631121417
13413;64,622;0,262388344137099
13414;64,626;0,241031153335242
13415;64,630;0,204418826246345
13416;64,635;0,161587097440423
13417;64,639;0,119811493454373
13418;64,644;0,257342414442155
13419;64,648;0,177781011345127
13420;64,653;0,259219969677483
13421;64,657;0,176490192120839
13422;64,661;0,29289861671118
13423;64,666;0,24642912463681
13424;64,670;0,278582258041804
13425;64,675;0,229531127518858
13426;64,679;0,171209568021479
13427;64,684;0,173791206470055
13428;64,688;0,18881164835268
13429;64,693;0,217913754500265
13430;64,697;0,249010763085386
13431;64,701;0,273888369953484
13432;64,706;0,287735339814028
13433;64,710;0,287970034218444
13434;64,715;0,199020854944776
13435;64,719;0,207000464694921
13436;64,724;0,277760827626348
13437;64,728;0,213337213614153
13438;64,733;0,233638279596138
13439;64,737;0,24290870857057
13440;64,741;0,311087433053421
13441;64,746;0,244199527794858
13442;64,750;0,252883220758251
13443;64,755;0,321883375656558
13444;64,759;0,261918955328267
13445;64,764;0,226245405857034
13446;64,768;0,259806705688523
13447;64,773;0,165459555113287
13448;64,777;0,248071985467722
13449;64,781;0,242674014166154
13450;64,786;0,260862830508395
13451;64,790;0,215332116051689
13452;64,795;0,338664025572302
13453;64,799;0,277995522030764
13454;64,804;0,1876381763306
13455;64,808;0,182709593837864
13456;64,813;0,303811906516525
13457;64,817;0,232464807574058
13458;64,821;0,304398642527565
13459;64,826;0,202306576606601
13460;64,830;0,260158747295147
13461;64,835;0,234577057213802
13462;64,839;0,347347718535695
13463;64,844;0,252061790342795
13464;64,848;0,214745380040649
13465;64,852;0,240092375717578
13466;64,857;0,224837239430537
13467;64,861;0,250653623916299
13468;64,866;0,219204573724553
13469;64,870;0,263092427350347
13470;64,875;0,277760827626348
13471;64,879;0,253704651173707
13472;64,884;0,211577005581033
13473;64,888;0,181653469017992
13474;64,892;0,23762808447121
13475;64,897;0,222842336993001
13476;64,901;0,182592246635656
13477;64,906;0,291490450284684
13478;64,910;0,205240256661801
13479;64,915;0,331388499035406
13480;64,919;0,190219814779176
13481;64,924;0,231526029956394
13482;64,928;0,300174143248077
13483;64,932;0,255112817600203
13484;64,937;0,156541167745479
13485;64,941;0,267786315438667
13486;64,946;0,258398539262027
13487;64,950;0,207117811897129
13488;64,955;0,194913702867496
13489;64,959;0,228122961092362
13490;64,964;0,267082232225419
13491;64,968;0,217913754500265
13492;64,972;0,270133259482827
13493;64,977;0,224954586632745
13494;64,981;0,231643377158602
13495;64,986;0,281867979703628
13496;64,990;0,259689358486315
13497;64,995;0,284566965354412
13498;64,999;0,353567120252719
13499;65,004;0,222020906577545
13500;65,008;0,199255549349192
13501;65,012;0,19702595250724
13502;65,017;0,128847228024389
13503;65,021;0,23645461244913
13504;65,026;0,245138305412522
13505;65,030;0,258398539262027
13506;65,035;0,225658669845994
13507;65,039;0,168745276775111
13508;65,044;0,259572011284107
13509;65,048;0,256403636824491
13510;65,052;0,219439268128969
13511;65,057;0,308153752998221
13512;65,061;0,28761799261182
13513;65,066;0,211929047187657
13514;65,070;0,237862778875626
13515;65,075;0,222138253779753
13516;65,079;0,235515834831466
13517;65,083;0,206413728683881
13518;65,088;0,256520984026699
13519;65,092;0,126148242373605
13520;65,097;0,223898461812873
13521;65,101;0,252296484747211
13522;65,106;0,236219918044714
13523;65,110;0,263444468956971
13524;65,115;0,217092324084809
13525;65,119;0,281046549288172
13526;65,123;0,280811854883756
13527;65,128;0,250418929511883
13528;65,132;0,282220021310252
13529;65,137;0,269898565078411
13530;65,141;0,122041090296325
13531;65,146;0,218148448904681
13532;65,150;0,274240411560108
13533;65,155;0,222490295386377
13534;65,159;0,265204676990091
13535;65,163;0,202306576606601
13536;65,168;0,296888421586253
13537;65,172;0,24290870857057
13538;65,177;0,271893467515947
13539;65,181;0,269429176269579
13540;65,186;0,206883117492713
13541;65,190;0,227418877879114
13542;65,195;0,161939139047047
13543;65,199;0,194326966856456
13544;65,203;0,225189281037162
13545;65,208;0,281867979703628
13546;65,212;0,262975080148139
13547;65,217;0,247485249456682
13548;65,221;0,189046342757096
13549;65,226;0,234929098820426
13550;65,230;0,287383298207404
13551;65,235;0,235398487629258
13552;65,239;0,230117863529898
13553;65,243;0,222138253779753
13554;65,248;0,318949695601357
13555;65,252;0,337959942359054
13556;65,257;0,176020803312007
13557;65,261;0,236337265246922
13558;65,266;0,255230164802411
13559;65,270;0,282689410119084
13560;65,274;0,14879625239975
13561;65,279;0,258867928070859
13562;65,283;0,206883117492713
13563;65,288;0,223311725801833
13564;65,292;0,267668968236459
13565;65,297;0,299235365630413
13566;65,301;0,277995522030764
13567;65,306;0,220495392948841
13568;65,310;0,192566758823336
13569;65,314;0,27353632834686
13570;65,319;0,287852687016236
13571;65,323;0,215214768849481
13572;65,328;0,238566862088874
13573;65,332;0,264031204968011
13574;65,337;0,224602545026121
13575;65,341;0,193388189238792
13576;65,346;0,284801659758828
13577;65,350;0,207469853503753
13578;65,354;0,187403481926184
13579;65,359;0,244199527794858
13580;65,363;0,136005407359078
13581;65,368;0,19467900846308
13582;65,372;0,214041296827401
13583;65,377;0,215214768849481
13584;65,381;0,308153752998221
13585;65,386;0,229179085912234
13586;65,390;0,221551517768713
13587;65,394;0,210872922367785
13588;65,399;0,262623038541515
13589;65,403;0,297475157597293
13590;65,408;0,249597499096427
13591;65,412;0,291842491891308
13592;65,417;0,275648577986604
13593;65,421;0,205240256661801
13594;65,426;0,249362804692011
13595;65,430;0,249010763085386
13596;65,434;0,175434067300967
13597;65,439;0,238449514886666
13598;65,443;0,19115859239684
13599;65,448;0,153138098881446
13600;65,452;0,24232197255953
13601;65,457;0,253000567960459
13602;65,461;0,291021061475852
13603;65,465;0,271893467515947
13604;65,470;0,201250451786728
13605;65,474;0,277995522030764
13606;65,479;0,262623038541515
13607;65,483;0,265556718596715
13608;65,488;0,299352712832621
13609;65,492;0,246077083030186
13610;65,497;0,215801504860521
13611;65,501;0,306745586571725
13612;65,505;0,263796510563595
13613;65,510;0,170974873617063
13614;65,514;0,277995522030764
13615;65,519;0,242791361368362
13616;65,523;0,238566862088874
13617;65,528;0,249832193500843
13618;65,532;0,264383246574635
13619;65,537;0,267551621034251
13620;65,541;0,223781114610665
13621;65,545;0,262388344137099
13622;65,550;0,240679111728618
13623;65,554;0,209230061536873
13624;65,559;0,22765357228353
13625;65,563;0,211107616772201
13626;65,568;0,155367695723399
13627;65,572;0,261214872115019
13628;65,577;0,219673962533385
13629;65,581;0,246546471839018
13630;65,585;0,280929202085964
13631;65,590;0,14586257234455
13632;65,594;0,233403585191722
13633;65,599;0,255230164802411
13634;65,603;0,196321869293992
13635;65,608;0,250653623916299
13636;65,612;0,231526029956394
13637;65,617;0,220847434555465
13638;65,621;0,23528114042705
13639;65,625;0,189281037161512
13640;65,630;0,258867928070859
13641;65,634;0,227888266687946
13642;65,639;0,207235159099337
13643;65,643;0,2770567444131
13644;65,648;0,172148345639143
13645;65,652;0,176607539323047
13646;65,656;0,257225067239947
13647;65,661;0,279051646850636
13648;65,665;0,23352093239393
13649;65,670;0,308740489009261
13650;65,674;0,271306731504907
13651;65,679;0,22648010026145
13652;65,683;0,249480151894219
13653;65,688;0,247719943861098
13654;65,692;0,301582309674573
13655;65,696;0,207704547908169
13656;65,701;0,286679214994156
13657;65,705;0,189046342757096
13658;65,710;0,19819942452932
13659;65,714;0,210638227963369
13660;65,719;0,249714846298635
13661;65,723;0,250418929511883
13662;65,728;0,203362701426473
13663;65,732;0,261332219317227
13664;65,736;0,231291335551978
13665;65,741;0,250888318320715
13666;65,745;0,261566913721643
13667;65,750;0,279755730063884
13668;65,754;0,201954534999977
13669;65,759;0,230821946743146
13670;65,763;0,252413831949419
13671;65,768;0,247485249456682
13672;65,772;0,242439319761738
13673;65,776;0,212398435996489
13674;65,781;0,271072037100491
13675;65,785;0,278699605244012
13676;65,790;0,19995963256244
13677;65,794;0,265908760203339
13678;65,799;0,230352557934314
13679;65,803;0,231643377158602
13680;65,808;0,230235210732106
13681;65,812;0,312495599479917
13682;65,816;0,309913961031341
13683;65,821;0,351102829006351
13684;65,825;0,227888266687946
13685;65,830;0,362485507620527
13686;65,834;0,177428969738504
13687;65,839;0,246781166243434
13688;65,843;0,262153649732683
13689;65,847;0,319771126016814
13690;65,852;0,383960045624592
13691;65,856;0,214980074445065
13692;65,861;0,247250555052266
13693;65,865;0,224602545026121
13694;65,870;0,263209774552555
13695;65,874;0,231526029956394
13696;65,879;0,303811906516525
13697;65,883;0,307097628178349
13698;65,887;0,369526339753008
13699;65,892;0,231291335551978
13700;65,896;0,271072037100491
13701;65,901;0,24114850053745
13702;65,905;0,272128161920363
13703;65,910;0,245725041423562
13704;65,914;0,225071933834953
13705;65,919;0,277526133221932
13706;65,923;0,270015912280619
13707;65,927;0,281046549288172
13708;65,932;0,297240463192877
13709;65,936;0,27529653637998
13710;65,941;0,336669123134766
13711;65,945;0,350868134601935
13712;65,950;0,294189435935468
13713;65,954;0,249597499096427
13714;65,959;0,366005923686767
13715;65,963;0,312026210671085
13716;65,967;0,205005562257385
13717;65,972;0,323174194880846
13718;65,976;0,306980280976141
13719;65,981;0,305806808954061
13720;65,985;0,349459968175439
13721;65,990;0,205005562257385
13722;65,994;0,291373103082476
13723;65,999;0,269311829067371
13724;66,003;0,331975235046446
13725;66,007;0,351806912219599
13726;66,012;0,402970292382289
13727;66,016;0,393230474599025
13728;66,021;0,289260853442732
13729;66,025;0,233168890787306
13730;66,030;0,267668968236459
13731;66,034;0,351220176208559
13732;66,039;0,280811854883756
13733;66,043;0,314490501917453
13734;66,047;0,351102829006351
13735;66,052;0,425500955206226
13736;66,056;0,316133362748365
13737;66,061;0,27940368845726
13738;66,065;0,309913961031341
13739;66,070;0,297944546406125
13740;66,074;0,259924052890731
13741;66,078;0,28409757654558
13742;66,083;0,33760790075243
13743;66,087;0,352510995432847
13744;66,092;0,279873077266092
13745;66,096;0,38231718479368
13746;66,101;0,265556718596715
13747;66,105;0,217209671287017
13748;66,110;0,309796613829133
13749;66,114;0,237745431673418
13750;66,118;0,352628342635055
13751;66,123;0,306628239369517
13752;66,127;0,372694714212624
13753;66,132;0,295832296766381
13754;66,136;0,341363011223086
13755;66,141;0,24525565261473
13756;66,145;0,292546575104556
13757;66,150;0,233990321202762
13758;66,154;0,262623038541515
13759;66,158;0,263092427350347
13760;66,163;0,317658876377069
13761;66,167;0,261684260923851
13762;66,172;0,191275939599048
13763;66,176;0,268842440258539
13764;66,181;0,255582206409035
13765;66,185;0,309209877818093
13766;66,190;0,327516041362542
13767;66,194;0,277760827626348
13768;66,198;0,33467422069723
13769;66,203;0,250301582309675
13770;66,207;0,349577315377647
13771;66,212;0,233638279596138
13772;66,216;0,268725093056331
13773;66,221;0,304868031336397
13774;66,225;0,33115380463099
13775;66,230;0,261684260923851
13776;66,234;0,318832348399149
13777;66,238;0,22706683627249
13778;66,243;0,236337265246922
13779;66,247;0,27588327239102
13780;66,252;0,300995573663533
13781;66,256;0,251709748736171
13782;66,261;0,274592453166732
13783;66,265;0,270367953887243
13784;66,269;0,302990476101069
13785;66,274;0,254408734386955
13786;66,278;0,167923846359655
13787;66,283;0,294424130339884
13788;66,287;0,261332219317227
13789;66,292;0,241031153335242
13790;66,296;0,246898513445642
13791;66,301;0,284214923747788
13792;66,305;0,302638434494445
13793;66,309;0,300643532056909
13794;66,314;0,248306679872138
13795;66,318;0,313903765906413
13796;66,323;0,155367695723399
13797;66,327;0,398276404293969
13798;66,332;0,302873128898861
13799;66,336;0,293015963913388
13800;66,341;0,281398590894796
13801;66,345;0,275531230784396
13802;66,349;0,316485404354989
13803;66,354;0,354271203465967
13804;66,358;0,260510788901771
13805;66,363;0,308740489009261
13806;66,367;0,281633285299212
13807;66,372;0,248424027074346
13808;66,376;0,274240411560108
13809;66,381;0,32998033260891
13810;66,385;0,238332167684458
13811;66,389;0,261566913721643
13812;66,394;0,279521035659468
13813;66,398;0,2858577845787
13814;66,403;0,293954741531052
13815;66,407;0,246077083030186
13816;66,412;0,261449566519435
13817;66,416;0,300643532056909
13818;66,421;0,244199527794858
13819;66,425;0,287970034218444
13820;66,429;0,290903714273644
13821;66,434;0,255347512004619
13822;66,438;0,362720202024943
13823;66,443;0,232230113169642
13824;66,447;0,28351084053454
13825;66,452;0,223781114610665
13826;66,456;0,202775965415433
13827;66,460;0,373164103021456
13828;66,465;0,209230061536873
13829;66,469;0,276235313997644
13830;66,474;0,24877606868097
13831;66,478;0,285975131780908
13832;66,483;0,227301530676906
13833;66,487;0,272714897931404
13834;66,492;0,220378045746633
13835;66,496;0,228709697103402
13836;66,500;0,249245457489803
13837;66,505;0,223781114610665
13838;66,509;0,252179137545003
13839;66,514;0,345352816098159
13840;66,518;0,326225222138254
13841;66,523;0,374337575043536
13842;66,527;0,28175063250142
13843;66,532;0,32587318053163
13844;66,536;0,233051543585098
13845;66,540;0,230469905136522
13846;66,545;0,291255755880268
13847;66,549;0,33408748468619
13848;66,554;0,255699553611243
13849;66,558;0,237276042864586
13850;66,563;0,206413728683881
13851;66,567;0,321531334049934
13852;66,572;0,289495547847148
13853;66,576;0,18001060818708
13854;66,580;0,265908760203339
13855;66,585;0,281633285299212
13856;66,589;0,334791567899438
13857;66,594;0,377388602300944
13858;66,598;0,267551621034251
13859;66,603;0,233872974000554
13860;66,607;0,254056692780331
13861;66,612;0,341010969616462
13862;66,616;0,249245457489803
13863;66,620;0,210051491952329
13864;66,625;0,313082335490957
13865;66,629;0,284919006961036
13866;66,634;0,27647000840206
13867;66,638;0,2829241045235
13868;66,643;0,222372948184169
13869;66,647;0,173791206470055
13870;66,651;0,262270996934891
13871;66,656;0,191510634003464
13872;66,660;0,242439319761738
13873;66,665;0,268255704247499
13874;66,669;0,319301737207981
13875;66,674;0,288439423027276
13876;66,678;0,290434325464812
13877;66,683;0,217327018489225
13878;66,687;0,261449566519435
13879;66,691;0,268842440258539
13880;66,696;0,290199631060396
13881;66,700;0,332561971057486
13882;66,705;0,34054158080763
13883;66,709;0,347582412940111
13884;66,714;0,335495651112686
13885;66,718;0,330919110226574
13886;66,723;0,202189229404393
13887;66,727;0,227888266687946
13888;66,731;0,205005562257385
13889;66,736;0,28937820064494
13890;66,740;0,294424130339884
13891;66,745;0,245372999816938
13892;66,749;0,28409757654558
13893;66,754;0,269898565078411
13894;66,758;0,267082232225419
13895;66,763;0,381495754378224
13896;66,767;0,289260853442732
13897;66,771;0,264383246574635
13898;66,776;0,260980177710603
13899;66,780;0,215214768849481
13900;66,785;0,290199631060396
13901;66,789;0,311791516266669
13902;66,794;0,319536431612397
13903;66,798;0,293837394328844
13904;66,803;0,288087381420652
13905;66,807;0,217209671287017
13906;66,811;0,279168994052844
13907;66,816;0,155015654116775
13908;66,820;0,344766080087119
13909;66,825;0,153959529296902
13910;66,829;0,209934144750121
13911;66,834;0,212163741592073
13912;66,838;0,269663870673995
13913;66,843;0,269663870673995
13914;66,847;0,29055167266702
13915;66,851;0,282689410119084
13916;66,856;0,308153752998221
13917;66,860;0,222020906577545
13918;66,865;0,332209929450862
13919;66,869;0,322118070060974
13920;66,874;0,320475209230062
13921;66,878;0,24584238862577
13922;66,882;0,267082232225419
13923;66,887;0,182592246635656
13924;66,891;0,243612791783818
13925;66,896;0,362485507620527
13926;66,900;0,352863037039471
13927;66,905;0,317189487568237
13928;66,909;0,217327018489225
13929;66,914;0,237510737269002
13930;66,918;0,299235365630413
13931;66,922;0,306745586571725
13932;66,927;0,327516041362542
13933;66,931;0,200663715775688
13934;66,936;0,295714949564172
13935;66,940;0,312964988288749
13936;66,945;0,328454818980206
13937;66,949;0,240444417324202
13938;66,954;0,374454922245744
13939;66,958;0,289847589453772
13940;66,962;0,262740385743723
13941;66,967;0,235398487629258
13942;66,971;0,241031153335242
13943;66,976;0,217913754500265
13944;66,980;0,24642912463681
13945;66,985;0,226362753059242
13946;66,989;0,303459864909901
13947;66,994;0,269077134662955
13948;66,998;0,396046807452017
13949;67,002;0,277174091615308
13950;67,007;0,290434325464812
13951;67,011;0,2917251446891
13952;67,016;0,24642912463681
13953;67,020;0,261449566519435
13954;67,025;0,284214923747788
13955;67,029;0,290669019869228
13956;67,034;0,305924156156269
13957;67,038;0,29641903277742
13958;67,042;0,274592453166732
13959;67,047;0,266378149012171
13960;67,051;0,176607539323047
13961;67,056;0,333148707068526
13962;67,060;0,284566965354412
13963;67,065;0,212398435996489
13964;67,069;0,313786418704205
13965;67,073;0,338311983965678
13966;67,078;0,211459658378825
13967;67,082;0,338311983965678
13968;67,087;0,238684209291082
13969;67,091;0,261332219317227
13970;67,096;0,209699450345705
13971;67,100;0,276939397210892
13972;67,105;0,283980229343372
13973;67,109;0,313669071501997
13974;67,113;0,315546626737325
13975;67,118;0,223311725801833
13976;67,122;0,267786315438667
13977;67,127;0,266730190618795
13978;67,131;0,332209929450862
13979;67,136;0,23176072436081
13980;67,140;0,280225118872716
13981;67,145;0,312612946682125
13982;67,149;0,203832090235305
13983;67,153;0,324465014105134
13984;67,158;0,277291438817516
13985;67,162;0,205005562257385
13986;67,167;0,369761034157424
13987;67,171;0,254174039982539
13988;67,176;0,285036354163244
13989;67,180;0,302403740090029
13990;67,185;0,23704134846017
13991;67,189;0,275179189177772
13992;67,193;0,219204573724553
13993;67,198;0,122979867913989
13994;67,202;0,18822491234164
13995;67,207;0,250653623916299
13996;67,211;0,211107616772201
13997;67,216;0,237745431673418
13998;67,220;0,194209619654248
13999;67,225;0,206883117492713
14000;67,229;0,254878123195787
14001;67,233;0,342419136042958
14002;67,238;0,243847486188234
14003;67,242;0,261214872115019
14004;67,247;0,28351084053454
14005;67,251;0,191627981205672
14006;67,256;0,283745534938956
14007;67,260;0,264617940979051
14008;67,264;0,179306524973832
14009;67,269;0,230235210732106
14010;67,273;0,275765925188812
14011;67,278;0,314021113108621
14012;67,282;0,271893467515947
14013;67,287;0,303459864909901
14014;67,291;0,280811854883756
14015;67,296;0,228357655496778
14016;67,300;0,289847589453772
14017;67,304;0,340306886403214
14018;67,309;0,295714949564172
14019;67,313;0,24525565261473
14020;67,318;0,325169097318382
14021;67,322;0,281281243692588
14022;67,327;0,219087226522345
14023;67,331;0,257459761644363
14024;67,336;0,277995522030764
14025;67,340;0,210286186356745
14026;67,344;0,318362959590317
14027;67,349;0,246194430232394
14028;67,353;0,279168994052844
14029;67,358;0,358495702745455
14030;67,362;0,24877606868097
14031;67,367;0,333852790281774
14032;67,371;0,249480151894219
14033;67,376;0,320709903634478
14034;67,380;0,33232727665307
14035;67,384;0,218852532117929
14036;67,389;0,279521035659468
14037;67,393;0,346056899311407
14038;67,398;0,324465014105134
14039;67,402;0,253000567960459
14040;67,407;0,293015963913388
14041;67,411;0,305454767347437
14042;67,416;0,266143454607755
14043;67,420;0,287852687016236
14044;67,424;0,324465014105134
14045;67,429;0,292429227902348
14046;67,433;0,240444417324202
14047;67,438;0,233403585191722
14048;67,442;0,313903765906413
14049;67,447;0,281633285299212
14050;67,451;0,298883324023789
14051;67,455;0,210168839154537
14052;67,460;0,305454767347437
14053;67,464;0,271658773111531
14054;67,469;0,321413986847726
14055;67,473;0,367414090113263
14056;67,478;0,267786315438667
14057;67,482;0,28409757654558
14058;67,487;0,237393390066794
14059;67,491;0,298061893608333
14060;67,495;0,314021113108621
14061;67,500;0,306510892167309
14062;67,504;0,320944598038894
14063;67,509;0,263679163361387
14064;67,513;0,223781114610665
14065;67,518;0,335495651112686
14066;67,522;0,376801866289904
14067;67,527;0,213689255220777
14068;67,531;0,352980384241679
14069;67,535;0,225541322643786
14070;67,540;0,263561816159179
14071;67,544;0,32998033260891
14072;67,549;0,298179240810541
14073;67,553;0,257811803250987
14074;67,558;0,332796665461902
14075;67,562;0,32469970850955
14076;67,567;0,288908811836108
14077;67,571;0,274592453166732
14078;67,575;0,334439526292814
14079;67,580;0,268725093056331
14080;67,584;0,254174039982539
14081;67,589;0,230235210732106
14082;67,593;0,274240411560108
14083;67,598;0,205474951066217
14084;67,602;0,293720047126636
14085;67,607;0,254408734386955
14086;67,611;0,323643583689678
14087;67,615;0,156071778936647
14088;67,620;0,274944494773356
14089;67,624;0,290082283858188
14090;67,629;0,209230061536873
14091;67,633;0,326225222138254
14092;67,638;0,253939345578123
14093;67,642;0,328572166182414
14094;67,646;0,287383298207404
14095;67,651;0,22648010026145
14096;67,655;0,38466412883784
14097;67,660;0,341949747234126
14098;67,664;0,246077083030186
14099;67,669;0,242087278155114
14100;67,673;0,313786418704205
14101;67,678;0,305689461751853
14102;67,682;0,267316926629835
14103;67,686;0,239153598099914
14104;67,691;0,288556770229484
14105;67,695;0,343827302469455
14106;67,700;0,269546523471787
14107;67,704;0,251123012725131
14108;67,709;0,271306731504907
14109;67,713;0,309796613829133
14110;67,718;0,223781114610665
14111;67,722;0,164638124697831
14112;67,726;0,280929202085964
14113;67,731;0,333266054270734
14114;67,735;0,291490450284684
14115;67,740;0,341597705627502
14116;67,744;0,340424233605422
14117;67,749;0,244316874997066
14118;67,753;0,185995315499688
14119;67,758;0,218735184915721
14120;67,762;0,242204625357322
14121;67,766;0,238566862088874
14122;67,771;0,33995484479659
14123;67,775;0,261097524912811
14124;67,780;0,253939345578123
14125;67,784;0,254760775993579
14126;67,789;0,307567016987181
14127;67,793;0,275531230784396
14128;67,798;0,303577212112109
14129;67,802;0,323408889285262
14130;67,806;0,256873025633323
14131;67,811;0,313199682693165
14132;67,815;0,33174054064203
14133;67,820;0,375159005458992
14134;67,824;0,260745483306187
14135;67,829;0,297357810395085
14136;67,833;0,303225170505485
14137;67,838;0,251357707129547
14138;67,842;0,282220021310252
14139;67,846;0,294424130339884
14140;67,851;0,353097731443887
14141;67,855;0,32176602845435
14142;67,860;0,283158798927916
14143;67,864;0,230469905136522
14144;67,869;0,233168890787306
14145;67,873;0,301817004078989
14146;67,877;0,18587796829748
14147;67,882;0,303694559314317
14148;67,886;0,277526133221932
14149;67,891;0,219908656937801
14150;67,895;0,234342362809386
14151;67,900;0,302755781696653
14152;67,904;0,329041554991246
14153;67,909;0,316720098759405
14154;67,913;0,270015912280619
14155;67,917;0,272010814718155
14156;67,922;0,295832296766381
14157;67,926;0,311674169064461
14158;67,931;0,2858577845787
14159;67,935;0,270837342696075
14160;67,940;0,300056796045869
14161;67,944;0,366827354102224
14162;67,949;0,245020958210314
14163;67,953;0,206765770290505
14164;67,957;0,391352919363697
14165;67,962;0,339485455987758
14166;67,966;0,328689513384622
14167;67,971;0,28996493665598
14168;67,975;0,262505691339307
14169;67,980;0,268373051449707
14170;67,984;0,290199631060396
14171;67,989;0,235163793224842
14172;67,993;0,353919161859343
14173;67,997;0,241383194941866
14174;68,002;0,308623141807053
14175;68,006;0,272362856324779
14176;68,011;0,216740282478185
14177;68,015;0,238684209291082
14178;68,020;0,259924052890731
14179;68,024;0,285975131780908
14180;68,029;0,230235210732106
14181;68,033;0,329628291002286
14182;68,037;0,263209774552555
14183;68,042;0,32645991654267
14184;68,046;0,253352609567083
14185;68,051;0,354388550668175
14186;68,055;0,309796613829133
14187;68,060;0,303225170505485
14188;68,064;0,311674169064461
14189;68,068;0,308857836211469
14190;68,073;0,218969879320137
14191;68,077;0,260041400092939
14192;68,082;0,245607694221354
14193;68,086;0,29231188070014
14194;68,091;0,311791516266669
14195;68,095;0,263561816159179
14196;68,100;0,308975183413677
14197;68,104;0,242791361368362
14198;68,108;0,307684364189389
14199;68,113;0,231878071563018
14200;68,117;0,215566810456105
14201;68,122;0,239036250897706
14202;68,126;0,314607849119661
14203;68,131;0,307684364189389
14204;68,135;0,23762808447121
14205;68,140;0,310500697042381
14206;68,144;0,32998033260891
14207;68,148;0,249480151894219
14208;68,153;0,297709852001709
14209;68,157;0,268021009843083
14210;68,162;0,265908760203339
14211;68,166;0,268725093056331
14212;68,171;0,28996493665598
14213;68,175;0,260862830508395
14214;68,180;0,364011021249231
14215;68,184;0,245372999816938
14216;68,188;0,311674169064461
14217;68,193;0,364832451664687
14218;68,197;0,337959942359054
14219;68,202;0,281515938097004
14220;68,206;0,246546471839018
14221;68,211;0,27940368845726
14222;68,215;0,188576953948264
14223;68,220;0,23938829250433
14224;68,224;0,295128213553132
14225;68,228;0,250770971118507
14226;68,233;0,335143609506062
14227;68,237;0,24232197255953
14228;68,242;0,319536431612397
14229;68,246;0,253587303971499
14230;68,251;0,337255859145806
14231;68,255;0,243026055772778
14232;68,259;0,285153701365452
14233;68,264;0,33056706861995
14234;68,268;0,289730242251564
14235;68,273;0,327868082969166
14236;68,277;0,236571959651338
14237;68,282;0,282102674108044
14238;68,286;0,221903559375337
14239;68,291;0,265908760203339
14240;68,295;0,314138460310829
14241;68,299;0,278934299648428
14242;68,304;0,32939359659787
14243;68,308;0,282689410119084
14244;68,313;0,372342672606
14245;68,317;0,227418877879114
14246;68,322;0,181653469017992
14247;68,326;0,199607590955816
14248;68,331;0,259337316879691
14249;68,335;0,316250709950573
14250;68,339;0,322822153274222
14251;68,344;0,297827199203917
14252;68,348;0,33878137277451
14253;68,353;0,32880686058683
14254;68,357;0,308975183413677
14255;68,362;0,330332374215534
14256;68,366;0,288556770229484
14257;68,371;0,228592349901194
14258;68,375;0,299587407237037
14259;68,379;0,287500645409612
14260;68,384;0,305220072943021
14261;68,388;0,291490450284684
14262;68,393;0,161939139047047
14263;68,397;0,275531230784396
14264;68,402;0,33174054064203
14265;68,406;0,252883220758251
14266;68,411;0,326342569340462
14267;68,415;0,249714846298635
14268;68,419;0,294306783137676
14269;68,424;0,218735184915721
14270;68,428;0,289847589453772
14271;68,433;0,215566810456105
14272;68,437;0,295480255159756
14273;68,442;0,315898668343949
14274;68,446;0,262388344137099
14275;68,450;0,365771229282351
14276;68,455;0,126734978384645
14277;68,459;0,290434325464812
14278;68,464;0,276704702806476
14279;68,468;0,310618044244589
14280;68,473;0,332444623855278
14281;68,477;0,213454560816361
14282;68,482;0,309444572222509
14283;68,486;0,309092530615885
14284;68,490;0,321296639645518
14285;68,495;0,372342672606
14286;68,499;0,283158798927916
14287;68,504;0,282689410119084
14288;68,508;0,353215078646095
14289;68,513;0,416699915040626
14290;68,517;0,312378252277709
14291;68,522;0,184939190679816
14292;68,526;0,327516041362542
14293;68,530;0,242791361368362
14294;68,535;0,231291335551978
14295;68,539;0,246546471839018
14296;68,544;0,259689358486315
14297;68,548;0,313786418704205
14298;68,553;0,193974925249832
14299;68,557;0,287970034218444
14300;68,562;0,274240411560108
14301;68,566;0,302403740090029
14302;68,570;0,314725196321869
14303;68,575;0,268373051449707
14304;68,579;0,180245302591496
14305;68,584;0,360725299587407
14306;68,588;0,275413883582188
14307;68,593;0,33174054064203
14308;68,597;0,292077186295724
14309;68,602;0,332444623855278
14310;68,606;0,305806808954061
14311;68,610;0,272597550729196
14312;68,615;0,365888576484559
14313;68,619;0,38818454490408
14314;68,624;0,249480151894219
14315;68,628;0,302286392887821
14316;68,633;0,260393441699563
14317;68,637;0,341363011223086
14318;68,641;0,256873025633323
14319;68,646;0,351689565017391
14320;68,650;0,256168942420075
14321;68,655;0,368587562135344
14322;68,659;0,278699605244012
14323;68,664;0,265556718596715
14324;68,668;0,308271100200429
14325;68,673;0,345704857704783
14326;68,677;0,211459658378825
14327;68,681;0,329276249395662
14328;68,686;0,262153649732683
14329;68,690;0,42115910872453
14330;68,695;0,394521293823313
14331;68,699;0,254408734386955
14332;68,704;0,306041503358477
14333;68,708;0,310148655435757
14334;68,713;0,344414038480495
14335;68,717;0,246194430232394
14336;68,721;0,354271203465967
14337;68,726;0,325755833329422
14338;68,730;0,351220176208559
14339;68,735;0,275413883582188
14340;68,739;0,268959787460747
14341;68,744;0,232112765967434
14342;68,748;0,309444572222509
14343;68,753;0,315429279535117
14344;68,757;0,239153598099914
14345;68,761;0,230117863529898
14346;68,766;0,260628136103979
14347;68,770;0,326694610947086
14348;68,775;0,343827302469455
14349;68,779;0,320005820421229
14350;68,784;0,340776275212046
14351;68,788;0,348051801748943
14352;68,793;0,361546730002863
14353;68,797;0,256755678431115
14354;68,801;0,342184441638542
14355;68,806;0,260745483306187
14356;68,810;0,249714846298635
14357;68,815;0,279873077266092
14358;68,819;0,335612998314894
14359;68,824;0,278464910839596
14360;68,828;0,364011021249231
14361;68,833;0,274827147571148
14362;68,837;0,318245612388109
14363;68,841;0,276704702806476
14364;68,846;0,293837394328844
14365;68,850;0,249128110287595
14366;68,855;0,303225170505485
14367;68,859;0,287148603802988
14368;68,864;0,280107771670508
14369;68,868;0,257107720037739
14370;68,872;0,289495547847148
14371;68,877;0,317658876377069
14372;68,881;0,285623090174284
14373;68,886;0,267082232225419
14374;68,890;0,175668761705383
14375;68,895;0,283041451725708
14376;68,899;0,280225118872716
14377;68,904;0,292194533497932
14378;68,908;0,33995484479659
14379;68,912;0,192449411621128
14380;68,917;0,383255962411344
14381;68,921;0,286327173387532
14382;68,926;0,281633285299212
14383;68,930;0,338077289561262
14384;68,935;0,191041245194632
14385;68,939;0,303577212112109
14386;68,944;0,158184028576391
14387;68,948;0,306158850560685
14388;68,952;0,304281295325357
14389;68,957;0,207704547908169
14390;68,961;0,306745586571725
14391;68,966;0,23293419638289
14392;68,970;0,208173936717001
14393;68,975;0,224250503419497
14394;68,979;0,229531127518858
14395;68,984;0,373868186234704
14396;68,988;0,281046549288172
14397;68,992;0,322587458869806
14398;68,997;0,323760930891886
14399;69,001;0,300643532056909
14400;69,006;0,305337420145229
14401;69,010;0,319301737207981
14402;69,015;0,261684260923851
14403;69,019;0,363189590833775
14404;69,024;0,238449514886666
14405;69,028;0,207117811897129
14406;69,032;0,341010969616462
14407;69,037;0,227301530676906
14408;69,041;0,307449669784973
14409;69,046;0,325755833329422
14410;69,050;0,337255859145806
14411;69,055;0,336199734325934
14412;69,059;0,287735339814028
14413;69,063;0,206296381481673
14414;69,068;0,313434377097581
14415;69,072;0,249128110287595
14416;69,077;0,264148552170219
14417;69,081;0,27470980036894
14418;69,086;0,294541477542092
14419;69,090;0,311556821862253
14420;69,095;0,278934299648428
14421;69,099;0,269546523471787
14422;69,103;0,198551466135944
14423;69,108;0,293368005520012
14424;69,112;0,280342466074924
14425;69,117;0,343827302469455
14426;69,121;0,27294959233582
14427;69,126;0,318010917983693
14428;69,130;0,288087381420652
14429;69,135;0,297475157597293
14430;69,139;0,240444417324202
14431;69,143;0,253587303971499
14432;69,148;0,326694610947086
14433;69,152;0,22941378031665
14434;69,157;0,323408889285262
14435;69,161;0,28409757654558
14436;69,166;0,303577212112109
14437;69,170;0,341245664020878
14438;69,175;0,338546678370094
14439;69,179;0,325755833329422
14440;69,183;0,288908811836108
14441;69,188;0,304633336931981
14442;69,192;0,304633336931981
14443;69,197;0,324817055711758
14444;69,201;0,29055167266702
14445;69,206;0,296184338373005
14446;69,210;0,308388447402637
14447;69,215;0,260862830508395
14448;69,219;0,262388344137099
14449;69,223;0,350281398590895
14450;69,228;0,216153546467145
14451;69,232;0,209582103143497
14452;69,237;0,279638382861676
14453;69,241;0,336199734325934
14454;69,246;0,334322179090606
14455;69,250;0,353567120252719
14456;69,254;0,346056899311407
14457;69,259;0,237980126077834
14458;69,263;0,300760879259117
14459;69,268;0,345939552109199
14460;69,272;0,300408837652493
14461;69,277;0,275531230784396
14462;69,281;0,362837549227151
14463;69,286;0,355796717094671
14464;69,290;0,272010814718155
14465;69,294;0,319301737207981
14466;69,299;0,241500542144074
14467;69,303;0,354857939477007
14468;69,308;0,333852790281774
14469;69,312;0,232582154776266
14470;69,317;0,276352661199852
14471;69,321;0,326225222138254
14472;69,326;0,381026365569392
14473;69,330;0,274005717155692
14474;69,334;0,273301633942444
14475;69,339;0,229648474721066
14476;69,343;0,405669278033073
14477;69,348;0,283393493332332
14478;69,352;0,296771074384045
14479;69,357;0,233051543585098
14480;69,361;0,297944546406125
14481;69,366;0,303577212112109
14482;69,370;0,226597447463658
14483;69,374;0,308975183413677
14484;69,379;0,323056847678638
14485;69,383;0,272832245133612
14486;69,388;0,307919058593805
14487;69,392;0,267316926629835
14488;69,397;0,377975338311984
14489;69,401;0,42115910872453
14490;69,406;0,265087329787883
14491;69,410;0,336082387123726
14492;69,414;0,360373257980783
14493;69,419;0,267551621034251
14494;69,423;0,251357707129547
14495;69,428;0,256051595217867
14496;69,432;0,338429331167886
14497;69,437;0,314138460310829
14498;69,441;0,315898668343949
14499;69,445;0,343827302469455
14500;69,450;0,338898719976718
14501;69,454;0,272714897931404
14502;69,459;0,287970034218444
14503;69,463;0,263913857765803
14504;69,468;0,249832193500843
14505;69,472;0,328102777373582
14506;69,477;0,277760827626348
14507;69,481;0,286796562196364
14508;69,485;0,309561919424717
14509;69,490;0,327281346958126
14510;69,494;0,267668968236459
14511;69,499;0,323643583689678
14512;69,503;0,196204522091784
14513;69,508;0,291255755880268
14514;69,512;0,29348535272222
14515;69,517;0,282572062916876
14516;69,521;0,262153649732683
14517;69,525;0,286092478983116
14518;69,530;0,382669226400304
14519;69,534;0,328454818980206
14520;69,539;0,33291401266411
14521;69,543;0,282454715714668
14522;69,548;0,251475054331755
14523;69,552;0,23176072436081
14524;69,557;0,330801763024366
14525;69,561;0,317776223579277
14526;69,565;0,263913857765803
14527;69,570;0,319184390005773
14528;69,574;0,32763338856475
14529;69,579;0,310148655435757
14530;69,583;0,303342517707693
14531;69,588;0,294306783137676
14532;69,592;0,289143506240524
14533;69,597;0,325990527733838
14534;69,601;0,296771074384045
14535;69,605;0,256520984026699
14536;69,610;0,326107874936046
14537;69,614;0,298061893608333
14538;69,619;0,350750787399727
14539;69,623;0,345352816098159
14540;69,628;0,34171505282971
14541;69,632;0,324465014105134
14542;69,637;0,288439423027276
14543;69,641;0,401210084349169
14544;69,645;0,300291490450285
14545;69,650;0,289612895049356
14546;69,654;0,295714949564172
14547;69,659;0,247133207850058
14548;69,663;0,271306731504907
14549;69,668;0,299470060034829
14550;69,672;0,214980074445065
14551;69,676;0,341832400031918
14552;69,681;0,338311983965678
14553;69,685;0,320240514825646
14554;69,690;0,375041658256784
14555;69,694;0,400153959529297
14556;69,699;0,395225377036561
14557;69,703;0,333735443079566
14558;69,708;0,261566913721643
14559;69,712;0,335730345517102
14560;69,716;0,347347718535695
14561;69,721;0,294776171946508
14562;69,725;0,286209826185324
14563;69,730;0,311439474660045
14564;69,734;0,264969982585675
14565;69,739;0,317424181972653
14566;69,743;0,279755730063884
14567;69,748;0,286327173387532
14568;69,752;0,338664025572302
14569;69,756;0,345704857704783
14570;69,761;0,315077237928493
14571;69,765;0,310735391446797
14572;69,770;0,289612895049356
14573;69,774;0,285975131780908
14574;69,779;0,355796717094671
14575;69,783;0,321883375656558
14576;69,788;0,377857991109776
14577;69,792;0,244903611008106
14578;69,796;0,296301685575213
14579;69,801;0,343357913660623
14580;69,805;0,304515989729773
14581;69,810;0,38290392080472
14582;69,814;0,277995522030764
14583;69,819;0,314138460310829
14584;69,823;0,328102777373582
14585;69,828;0,212750477603113
14586;69,832;0,287500645409612
14587;69,836;0,337255859145806
14588;69,841;0,327868082969166
14589;69,845;0,330801763024366
14590;69,850;0,250770971118507
14591;69,854;0,262153649732683
14592;69,859;0,326107874936046
14593;69,863;0,395577418643185
14594;69,867;0,253587303971499
14595;69,872;0,302521087292237
14596;69,876;0,27881695244622
14597;69,881;0,328102777373582
14598;69,885;0,329158902193454
14599;69,890;0,297005768788461
14600;69,894;0,361194688396239
14601;69,899;0,282454715714668
14602;69,903;0,298413935214957
14603;69,907;0,260862830508395
14604;69,912;0,270485301089451
14605;69,916;0,300174143248077
14606;69,921;0,346174246513615
14607;69,925;0,412710110165553
14608;69,930;0,289495547847148
14609;69,934;0,336551775932558
14610;69,939;0,353449773050511
14611;69,943;0,353801814657135
14612;69,947;0,393347821801233
14613;69,952;0,316368057152781
14614;69,956;0,303459864909901
14615;69,961;0,330684415822158
14616;69,965;0,339485455987758
14617;69,970;0,240444417324202
14618;69,974;0,321531334049934
14619;69,979;0,27353632834686
14620;69,983;0,298296588012749
14621;69,987;0,393465169003441
14622;69,992;0,328924207789038
14623;69,996;0,333383401472942
14624;70,001;0,388888628117328
14625;70,005;0,325990527733838
14626;70,010;0,306158850560685
14627;70,014;0,460939810273043
14628;70,019;0,351220176208559
14629;70,023;0,353097731443887
14630;70,027;0,309327225020301
14631;70,032;0,402266209169041
14632;70,036;0,28233736851246
14633;70,041;0,339133414381134
14634;70,045;0,398276404293969
14635;70,050;0,355914064296879
14636;70,054;0,274005717155692
14637;70,058;0,261214872115019
14638;70,063;0,287383298207404
14639;70,067;0,323056847678638
14640;70,072;0,283158798927916
14641;70,076;0,348873232164399
14642;70,081;0,302873128898861
14643;70,085;0,345939552109199
14644;70,090;0,317776223579277
14645;70,094;0,32998033260891
14646;70,098;0,328337471777998
14647;70,103;0,306393544965101
14648;70,107;0,346760982524655
14649;70,112;0,296653727181837
14650;70,116;0,266612843416587
14651;70,121;0,304046600920941
14652;70,125;0,310148655435757
14653;70,130;0,283158798927916
14654;70,134;0,416230526231794
14655;70,138;0,227536225081322
14656;70,143;0,190337161981384
14657;70,147;0,24232197255953
14658;70,152;0,288674117431692
14659;70,156;0,369643686955216
14660;70,161;0,446388757199251
14661;70,165;0,286209826185324
14662;70,170;0,303459864909901
14663;70,174;0,27529653637998
14664;70,178;0,328572166182414
14665;70,183;0,275061841975564
14666;70,187;0,305337420145229
14667;70,192;0,273653675549068
14668;70,196;0,260862830508395
14669;70,201;0,321883375656558
14670;70,205;0,314373154715245
14671;70,210;0,256990372835531
14672;70,214;0,253000567960459
14673;70,218;0,269194481865163
14674;70,223;0,336786470336974
14675;70,227;0,247250555052266
14676;70,232;0,22941378031665
14677;70,236;0,308740489009261
14678;70,241;0,378679421525232
14679;70,245;0,381026365569392
14680;70,249;0,33350074867515
14681;70,254;0,259454664081899
14682;70,258;0,295010866350924
14683;70,263;0,293837394328844
14684;70,267;0,267434273832043
14685;70,272;0,368352867730928
14686;70,276;0,405551930830865
14687;70,281;0,333266054270734
14688;70,285;0,308271100200429
14689;70,289;0,354505897870383
14690;70,294;0,249832193500843
14691;70,298;0,298179240810541
14692;70,303;0,257225067239947
14693;70,307;0,301464962472365
14694;70,312;0,332092582248654
14695;70,316;0,221082128959881
14696;70,321;0,378092685514192
14697;70,325;0,32645991654267
14698;70,329;0,334556873495022
14699;70,334;0,261449566519435
14700;70,338;0,342771177649582
14701;70,343;0,301230268067949
14702;70,347;0,251592401533963
14703;70,352;0,223429073004041
14704;70,356;0,304985378538605
14705;70,361;0,38935801692616
14706;70,365;0,237862778875626
14707;70,369;0,316954793163821
14708;70,374;0,2770567444131
14709;70,378;0,316250709950573
14710;70,383;0,239505639706538
14711;70,387;0,273888369953484
14712;70,392;0,309092530615885
14713;70,396;0,261801608126059
14714;70,401;0,222138253779753
14715;70,405;0,398628445900593
14716;70,409;0,292663922306764
14717;70,414;0,263209774552555
14718;70,418;0,343005872053998
14719;70,423;0,318832348399149
14720;70,427;0,46528165675474
14721;70,432;0,258867928070859
14722;70,436;0,292077186295724
14723;70,440;0,224250503419497
14724;70,445;0,207352506301545
14725;70,449;0,319301737207981
14726;70,454;0,301112920865741
14727;70,458;0,333618095877358
14728;70,463;0,301934351281197
14729;70,467;0,288087381420652
14730;70,472;0,290082283858188
14731;70,476;0,354740592274799
14732;70,480;0,359551827565327
14733;70,485;0,319419084410189
14734;70,489;0,269311829067371
14735;70,494;0,311556821862253
14736;70,498;0,386776378477584
14737;70,503;0,352980384241679
14738;70,507;0,271776120313739
14739;70,512;0,307919058593805
14740;70,516;0,388419239308496
14741;70,520;0,28409757654558
14742;70,525;0,260862830508395
14743;70,529;0,289730242251564
14744;70,534;0,345000774491535
14745;70,538;0,334439526292814
14746;70,543;0,351337523410767
14747;70,547;0,289495547847148
14748;70,552;0,307567016987181
14749;70,556;0,379618199142896
14750;70,560;0,367766131719888
14751;70,565;0,343827302469455
14752;70,569;0,219791309735593
14753;70,574;0,281398590894796
14754;70,578;0,265204676990091
14755;70,583;0,300643532056909
14756;70,587;0,300291490450285
14757;70,592;0,288087381420652
14758;70,596;0,28761799261182
14759;70,600;0,229179085912234
14760;70,605;0,380087587951728
14761;70,609;0,414470318198673
14762;70,614;0,311204780255629
14763;70,618;0,251709748736171
14764;70,623;0,310266002637965
14765;70,627;0,288439423027276
14766;70,632;0,339602803189966
14767;70,636;0,288322075825068
14768;70,640;0,326107874936046
14769;70,645;0,299470060034829
14770;70,649;0,320709903634478
14771;70,654;0,390179447341616
14772;70,658;0,303811906516525
14773;70,663;0,243143402974986
14774;70,667;0,272010814718155
14775;70,671;0,339485455987758
14776;70,676;0,240796458930826
14777;70,680;0,315663973939533
14778;70,685;0,352276301028431
14779;70,689;0,340072191998798
14780;70,694;0,290316978262604
14781;70,698;0,299704754439245
14782;70,703;0,272245509122572
14783;70,707;0,343827302469455
14784;70,711;0,282102674108044
14785;70,716;0,29113840867806
14786;70,720;0,395108029834353
14787;70,725;0,326342569340462
14788;70,729;0,345822204906991
14789;70,734;0,256990372835531
14790;70,738;0,3811437127716
14791;70,743;0,363541632440399
14792;70,747;0,280225118872716
14793;70,751;0,353449773050511
14794;70,756;0,367883478922095
14795;70,760;0,321883375656558
14796;70,765;0,410128471716977
14797;70,769;0,306862933773933
14798;70,774;0,321413986847726
14799;70,778;0,33995484479659
14800;70,783;0,331623193439822
14801;70,787;0,408250916481649
14802;70,791;0,322704806072014
14803;70,796;0,292429227902348
14804;70,800;0,224367850621705
14805;70,805;0,336199734325934
14806;70,809;0,409893777312561
14807;70,814;0,2917251446891
14808;70,818;0,299470060034829
14809;70,823;0,350164051388687
14810;70,827;0,342419136042958
14811;70,831;0,344414038480495
14812;70,836;0,354153856263759
14813;70,840;0,314725196321869
14814;70,845;0,366357965293391
14815;70,849;0,387480461690832
14816;70,854;0,27940368845726
14817;70,858;0,313786418704205
14818;70,862;0,336551775932558
14819;70,867;0,348169148951151
14820;70,871;0,311204780255629
14821;70,876;0,396398849058641
14822;70,880;0,360138563576367
14823;70,885;0,302169045685613
14824;70,889;0,264617940979051
14825;70,894;0,218265796106889
14826;70,898;0,275413883582188
14827;70,902;0,368118173326512
14828;70,907;0,326577263744878
14829;70,911;0,371403894988336
14830;70,916;0,259924052890731
14831;70,920;0,227301530676906
14832;70,925;0,27353632834686
14833;70,929;0,269311829067371
14834;70,934;0,287148603802988
14835;70,938;0,394521293823313
14836;70,942;0,234577057213802
14837;70,947;0,309679266626925
14838;70,951;0,230235210732106
14839;70,956;0,239505639706538
14840;70,960;0,344883427289327
14841;70,965;0,307684364189389
14842;70,969;0,273184286740236
14843;70,974;0,369526339753008
14844;70,978;0,222959684195209
14845;70,982;0,299000671225997
14846;70,987;0,299000671225997
14847;70,991;0,300056796045869
14848;70,996;0,228709697103402
14849;71,000;0,301934351281197
14850;71,005;0,380791671164976
14851;71,009;0,296771074384045
14852;71,014;0,346408940918031
14853;71,018;0,336317081528142
14854;71,022;0,339837497594382
14855;71,027;0,321413986847726
14856;71,031;0,270719995493867
14857;71,036;0,322235417263182
14858;71,040;0,387832503297456
14859;71,045;0,355327328285839
14860;71,049;0,24173523654849
14861;71,053;0,264852635383467
14862;71,058;0,317541529174861
14863;71,062;0,267082232225419
14864;71,067;0,330449721417742
14865;71,071;0,253352609567083
14866;71,076;0,355796717094671
14867;71,080;0,336317081528142
14868;71,085;0,250888318320715
14869;71,089;0,278464910839596
14870;71,093;0,332092582248654
14871;71,098;0,32587318053163
14872;71,102;0,315311932332909
14873;71,107;0,372460019808208
14874;71,111;0,33584769271931
14875;71,116;0,365536534877935
14876;71,120;0,313786418704205
14877;71,125;0,398276404293969
14878;71,129;0,251944443140587
14879;71,133;0,442750993930803
14880;71,138;0,343240566458414
14881;71,142;0,330684415822158
14882;71,147;0,295128213553132
14883;71,151;0,32352623648747
14884;71,156;0,351689565017391
14885;71,160;0,276352661199852
14886;71,165;0,352745689837263
14887;71,169;0,266730190618795
14888;71,173;0,420924414320114
14889;71,178;0,242791361368362
14890;71,182;0,247719943861098
14891;71,187;0,285153701365452
14892;71,191;0,324582361307342
14893;71,196;0,396750890665265
14894;71,200;0,210872922367785
14895;71,205;0,27353632834686
14896;71,209;0,319888473219021
14897;71,213;0,27294959233582
14898;71,218;0,282454715714668
14899;71,222;0,465633698361364
14900;71,227;0,356266105903503
14901;71,231;0,280459813277132
14902;71,236;0,296536379979629
14903;71,240;0,327281346958126
14904;71,244;0,326929305351502
14905;71,249;0,356383453105711
14906;71,253;0,357674272329999
14907;71,258;0,258163844857611
14908;71,262;0,418108081467122
14909;71,267;0,304633336931981
14910;71,271;0,383138615209136
14911;71,276;0,306510892167309
14912;71,280;0,303342517707693
14913;71,284;0,29348535272222
14914;71,289;0,355796717094671
14915;71,293;0,345704857704783
14916;71,298;0,303577212112109
14917;71,302;0,341949747234126
14918;71,307;0,285740437376492
14919;71,311;0,321413986847726
14920;71,316;0,257225067239947
14921;71,320;0,424327483184146
14922;71,324;0,343709955267247
14923;71,329;0,341245664020878
14924;71,333;0,246663819041226
14925;71,338;0,318128265185901
14926;71,342;0,274357758762316
14927;71,347;0,337959942359054
14928;71,351;0,351220176208559
14929;71,356;0,306510892167309
14930;71,360;0,301347615270157
14931;71,364;0,311439474660045
14932;71,369;0,375511047065616
14933;71,373;0,270719995493867
14934;71,378;0,318715001196941
14935;71,382;0,379266157536272
14936;71,387;0,290199631060396
14937;71,391;0,336903817539182
14938;71,396;0,301464962472365
14939;71,400;0,286209826185324
14940;71,404;0,299000671225997
14941;71,409;0,313786418704205
14942;71,413;0,268490398651915
14943;71,418;0,296301685575213
14944;71,422;0,271189384302699
14945;71,427;0,337725247954638
14946;71,431;0,33056706861995
14947;71,435;0,37938350473848
14948;71,440;0,384429434433424
14949;71,444;0,290903714273644
14950;71,449;0,277174091615308
14951;71,453;0,337255859145806
14952;71,458;0,352628342635055
14953;71,462;0,319771126016814
14954;71,467;0,383960045624592
14955;71,471;0,335378303910478
14956;71,475;0,355444675488047
14957;71,480;0,380087587951728
14958;71,484;0,394873335429937
14959;71,489;0,381261059973808
14960;71,493;0,324347666902926
14961;71,498;0,307919058593805
14962;71,502;0,305689461751853
14963;71,507;0,330449721417742
14964;71,511;0,300056796045869
14965;71,515;0,308857836211469
14966;71,520;0,352041606624015
14967;71,524;0,27764348042414
14968;71,529;0,285505742972076
14969;71,533;0,364597757260271
14970;71,538;0,367179395708848
14971;71,542;0,307097628178349
14972;71,547;0,320240514825646
14973;71,551;0,358378355543247
14974;71,555;0,416347873434002
14975;71,560;0,506235830325333
14976;71,564;0,297709852001709
14977;71,569;0,305337420145229
14978;71,573;0,360490605182991
14979;71,578;0,370817158977296
14980;71,582;0,314959890726285
14981;71,587;0,326694610947086
14982;71,591;0,267551621034251
14983;71,595;0,342536483245166
14984;71,600;0,346643635322447
14985;71,604;0,325990527733838
14986;71,609;0,320944598038894
14987;71,613;0,347817107344527
14988;71,618;0,362133466013903
14989;71,622;0,281867979703628
14990;71,627;0,267316926629835
14991;71,631;0,33350074867515
14992;71,635;0,305337420145229
14993;71,640;0,263209774552555
14994;71,644;0,234459710011594
14995;71,649;0,339016067178926
14996;71,653;0,378444727120816
14997;71,658;0,366123270888975
14998;71,662;0,355444675488047
14999;71,666;0,344296691278287
15000;71,671;0,387715156095248
15001;71,675;0,299235365630413
15002;71,680;0,447327534816915
15003;71,684;0,312847641086541
15004;71,689;0,339485455987758
15005;71,693;0,302521087292237
15006;71,698;0,399567223518257
15007;71,702;0,416230526231794
15008;71,706;0,264148552170219
15009;71,711;0,316837445961613
15010;71,715;0,286209826185324
15011;71,720;0,37292940861704
15012;71,724;0,335026262303854
15013;71,729;0,272714897931404
15014;71,733;0,369643686955216
15015;71,738;0,37116920058392
15016;71,742;0,37938350473848
15017;71,746;0,32645991654267
15018;71,751;0,254526081589163
15019;71,755;0,272714897931404
15020;71,760;0,41470501260309
15021;71,764;0,273184286740236
15022;71,769;0,367883478922095
15023;71,773;0,303459864909901
15024;71,778;0,430077496092338
15025;71,782;0,328689513384622
15026;71,786;0,282572062916876
15027;71,791;0,309796613829133
15028;71,795;0,339837497594382
15029;71,800;0,297709852001709
15030;71,804;0,328454818980206
15031;71,809;0,325638486127214
15032;71,813;0,381495754378224
15033;71,818;0,326811958149294
15034;71,822;0,300056796045869
15035;71,826;0,327750735766958
15036;71,831;0,33115380463099
15037;71,835;0,337725247954638
15038;71,840;0,36823552052872
15039;71,844;0,269077134662955
15040;71,849;0,244434222199274
15041;71,853;0,190219814779176
15042;71,857;0,303342517707693
15043;71,862;0,275648577986604
15044;71,866;0,286209826185324
15045;71,871;0,341363011223086
15046;71,875;0,403909069999953
15047;71,880;0,452138770107443
15048;71,884;0,268255704247499
15049;71,889;0,277408786019724
15050;71,893;0,213337213614153
15051;71,897;0,352041606624015
15052;71,902;0,326694610947086
15053;71,906;0,271541425909323
15054;71,911;0,27294959233582
15055;71,915;0,419046859084786
15056;71,920;0,319771126016814
15057;71,924;0,241617889346282
15058;71,929;0,28175063250142
15059;71,933;0,255699553611243
15060;71,937;0,376684519087696
15061;71,942;0,401562125955793
15062;71,946;0,309679266626925
15063;71,951;0,316133362748365
15064;71,955;0,308623141807053
15065;71,960;0,293368005520012
15066;71,964;0,314138460310829
15067;71,969;0,391000877757072
15068;71,973;0,24173523654849
15069;71,977;0,387128420084208
15070;71,982;0,271893467515947
15071;71,986;0,461995935092915
15072;71,991;0,351454870612975
15073;71,995;0,369643686955216
15074;72,000;0,318128265185901
15075;72,004;0,362954896429359
15076;72,009;0,313199682693165
15077;72,013;0,289847589453772
15078;72,017;0,33702116474139
15079;72,022;0,316602751557197
15080;72,026;0,340658928009838
15081;72,031;0,402618250775665
15082;72,035;0,409893777312561
15083;72,040;0,346878329726863
15084;72,044;0,317306834770445
15085;72,048;0,287500645409612
15086;72,053;0,263092427350347
15087;72,057;0,341832400031918
15088;72,062;0,366827354102224
15089;72,066;0,416817262242834
15090;72,071;0,337255859145806
15091;72,075;0,358261008341039
15092;72,080;0,385133517646672
15093;72,084;0,402735597977873
15094;72,088;0,467511253596692
15095;72,093;0,338077289561262
15096;72,097;0,390414141746032
15097;72,102;0,323174194880846
15098;72,106;0,400506001135921
15099;72,111;0,380791671164976
15100;72,115;0,34288852485179
15101;72,120;0,318362959590317
15102;72,124;0,290786367071436
15103;72,128;0,36999572856184
15104;72,133;0,268255704247499
15105;72,137;0,394169252216689
15106;72,142;0,329628291002286
15107;72,146;0,373281450223664
15108;72,151;0,309092530615885
15109;72,155;0,338429331167886
15110;72,160;0,486873541961013
15111;72,164;0,223429073004041
15112;72,168;0,366123270888975
15113;72,173;0,277995522030764
15114;72,177;0,339016067178926
15115;72,182;0,412827457367761
15116;72,186;0,313786418704205
15117;72,191;0,29524556075534
15118;72,195;0,300643532056909
15119;72,200;0,303107823303277
15120;72,204;0,368000826124304
15121;72,208;0,28820472862286
15122;72,213;0,366475312495599
15123;72,217;0,421628497533362
15124;72,222;0,244434222199274
15125;72,226;0,364949798866895
15126;72,231;0,292546575104556
15127;72,235;0,373046755819248
15128;72,239;0,24349544458161
15129;72,244;0,410949902132433
15130;72,248;0,370347770168464
15131;72,253;0,451669381298611
15132;72,257;0,336317081528142
15133;72,262;0,318010917983693
15134;72,266;0,375980435874448
15135;72,271;0,320357862027853
15136;72,275;0,351572217815183
15137;72,279;0,33115380463099
15138;72,284;0,286561867791948
15139;72,288;0,310383349840173
15140;72,293;0,376567171885488
15141;72,297;0,317541529174861
15142;72,302;0,338077289561262
15143;72,306;0,336903817539182
15144;72,311;0,386541684073168
15145;72,315;0,32352623648747
15146;72,319;0,285740437376492
15147;72,324;0,379266157536272
15148;72,328;0,288556770229484
15149;72,333;0,368118173326512
15150;72,337;0,415995831827378
15151;72,342;0,355327328285839
15152;72,346;0,301230268067949
15153;72,351;0,386659031275376
15154;72,355;0,411653985345681
15155;72,359;0,255347512004619
15156;72,364;0,377153907896528
15157;72,368;0,328454818980206
15158;72,373;0,36999572856184
15159;72,377;0,323174194880846
15160;72,382;0,298179240810541
15161;72,386;0,291373103082476
15162;72,391;0,363893674047023
15163;72,395;0,316133362748365
15164;72,399;0,366592659697807
15165;72,404;0,42233258074661
15166;72,408;0,402383556371249
15167;72,413;0,255816900813451
15168;72,417;0,27353632834686
15169;72,422;0,33936810878555
15170;72,426;0,265674065798923
15171;72,431;0,355796717094671
15172;72,435;0,385954948062128
15173;72,439;0,330801763024366
15174;72,444;0,266260801809963
15175;72,448;0,421393803128946
15176;72,453;0,399919265124881
15177;72,457;0,28409757654558
15178;72,462;0,291021061475852
15179;72,466;0,297357810395085
15180;72,470;0,381026365569392
15181;72,475;0,377505949503152
15182;72,479;0,360959993991823
15183;72,484;0,266730190618795
15184;72,488;0,32293950047643
15185;72,493;0,342419136042958
15186;72,497;0,23234746037185
15187;72,502;0,354975286679215
15188;72,506;0,347465065737903
15189;72,510;0,291842491891308
15190;72,515;0,32822012457579
15191;72,519;0,380204935153936
15192;72,524;0,292077186295724
15193;72,528;0,376801866289904
15194;72,533;0,344414038480495
15195;72,537;0,332092582248654
15196;72,542;0,413531540581009
15197;72,546;0,28409757654558
15198;72,550;0,312964988288749
15199;72,555;0,305689461751853
15200;72,559;0,315429279535117
15201;72,564;0,292077186295724
15202;72,568;0,335143609506062
15203;72,573;0,23586787643809
15204;72,577;0,318949695601357
15205;72,582;0,431603009721042
15206;72,586;0,33526095670827
15207;72,590;0,358378355543247
15208;72,595;0,412006026952305
15209;72,599;0,411536638143473
15210;72,604;0,369761034157424
15211;72,608;0,429608107283506
15212;72,613;0,328689513384622
15213;72,617;0,32117929244331
15214;72,622;0,323291542083054
15215;72,626;0,443807118750675
15216;72,630;0,314373154715245
15217;72,635;0,34054158080763
15218;72,639;0,390179447341616
15219;72,644;0,291255755880268
15220;72,648;0,303107823303277
15221;72,653;0,266260801809963
15222;72,657;0,389710058532784
15223;72,661;0,303107823303277
15224;72,666;0,389475364128368
15225;72,670;0,362720202024943
15226;72,675;0,388653933712912
15227;72,679;0,304515989729773
15228;72,684;0,41998563670245
15229;72,688;0,309561919424717
15230;72,693;0,346408940918031
15231;72,697;0,386306989668752
15232;72,701;0,3694089925508
15233;72,706;0,286092478983116
15234;72,710;0,352628342635055
15235;72,715;0,422449927948818
15236;72,719;0,330919110226574
15237;72,724;0,288674117431692
15238;72,728;0,342536483245166
15239;72,733;0,32587318053163
15240;72,737;0,339016067178926
15241;72,741;0,283628187736748
15242;72,746;0,322822153274222
15243;72,750;0,338429331167886
15244;72,755;0,359551827565327
15245;72,759;0,387480461690832
15246;72,764;0,443572424346259
15247;72,768;0,323291542083054
15248;72,773;0,337373206348014
15249;72,777;0,345704857704783
15250;72,781;0,389827405734992
15251;72,786;0,364597757260271
15252;72,790;0,380322282356144
15253;72,795;0,351337523410767
15254;72,799;0,432659134540914
15255;72,804;0,33232727665307
15256;72,808;0,441694869110931
15257;72,813;0,385133517646672
15258;72,817;0,330684415822158
15259;72,821;0,261918955328267
15260;72,826;0,308623141807053
15261;72,830;0,238332167684458
15262;72,835;0,410128471716977
15263;72,839;0,377388602300944
15264;72,844;0,355444675488047
15265;72,848;0,258515886464235
15266;72,852;0,318010917983693
15267;72,857;0,267903662640875
15268;72,861;0,394638641025521
15269;72,866;0,260628136103979
15270;72,870;0,389005975319536
15271;72,875;0,378914115929648
15272;72,879;0,479715362626324
15273;72,884;0,440404049886643
15274;72,888;0,424327483184146
15275;72,892;0,264617940979051
15276;72,897;0,420102983904658
15277;72,901;0,302755781696653
15278;72,906;0,260158747295147
15279;72,910;0,356031411499087
15280;72,915;0,352510995432847
15281;72,919;0,367766131719888
15282;72,924;0,321061945241102
15283;72,928;0,330449721417742
15284;72,932;0,435006078585074
15285;72,937;0,323291542083054
15286;72,941;0,267903662640875
15287;72,946;0,194913702867496
15288;72,950;0,336317081528142
15289;72,955;0,393817210610065
15290;72,959;0,495322540519989
15291;72,964;0,339720150392174
15292;72,968;0,375159005458992
15293;72,972;0,377740643907568
15294;72,977;0,23234746037185
15295;72,981;0,323760930891886
15296;72,986;0,297944546406125
15297;72,990;0,253821998375915
15298;72,995;0,357908966734415
15299;72,999;0,460235727059795
15300;73,004;0,301230268067949
15301;73,008;0,275413883582188
15302;73,012;0,32293950047643
15303;73,017;0,312730293884333
15304;73,021;0,322470111667598
15305;73,026;0,338077289561262
15306;73,030;0,397337626676305
15307;73,035;0,302755781696653
15308;73,039;0,310031308233549
15309;73,043;0,307214975380557
15310;73,048;0,387832503297456
15311;73,052;0,343709955267247
15312;73,057;0,409776430110353
15313;73,061;0,394286599418897
15314;73,066;0,375745741470032
15315;73,070;0,318128265185901
15316;73,075;0,325638486127214
15317;73,079;0,393347821801233
15318;73,083;0,335730345517102
15319;73,088;0,323643583689678
15320;73,092;0,349107926568815
15321;73,097;0,269898565078411
15322;73,101;0,310500697042381
15323;73,106;0,333266054270734
15324;73,110;0,29289861671118
15325;73,115;0,36882225653976
15326;73,119;0,434301995371826
15327;73,123;0,364011021249231
15328;73,128;0,393934557812273
15329;73,132;0,356500800307919
15330;73,137;0,382669226400304
15331;73,141;0,344179344076079
15332;73,146;0,32763338856475
15333;73,150;0,335026262303854
15334;73,155;0,287383298207404
15335;73,159;0,352041606624015
15336;73,163;0,430664232103378
15337;73,168;0,293602699924428
15338;73,172;0,340189539201006
15339;73,177;0,23117398834977
15340;73,181;0,310031308233549
15341;73,186;0,343240566458414
15342;73,190;0,392643738587985
15343;73,195;0,286913909398572
15344;73,199;0,401914167562417
15345;73,203;0,319301737207981
15346;73,208;0,267551621034251
15347;73,212;0,391704960970321
15348;73,217;0,398628445900593
15349;73,221;0,301817004078989
15350;73,226;0,430664232103378
15351;73,230;0,437705064235858
15352;73,234;0,368939603741968
15353;73,239;0,391352919363697
15354;73,243;0,357674272329999
15355;73,248;0,424444830386354
15356;73,252;0,37351614462808
15357;73,257;0,370817158977296
15358;73,261;0,419516247893618
15359;73,266;0,349342620973231
15360;73,270;0,310735391446797
15361;73,274;0,338429331167886
15362;73,279;0,339250761583342
15363;73,283;0,430312190496754
15364;73,288;0,343709955267247
15365;73,292;0,411771332547889
15366;73,297;0,421276455926738
15367;73,301;0,325638486127214
15368;73,306;0,400388653933713
15369;73,310;0,384194740029008
15370;73,314;0,327868082969166
15371;73,319;0,316720098759405
15372;73,323;0,327750735766958
15373;73,328;0,422097886342194
15374;73,332;0,320709903634478
15375;73,337;0,407546833268401
15376;73,341;0,42233258074661
15377;73,346;0,414939707007505
15378;73,350;0,23821482048225
15379;73,354;0,398041709889553
15380;73,359;0,393817210610065
15381;73,363;0,510460329604822
15382;73,368;0,394051905014481
15383;73,372;0,368352867730928
15384;73,377;0,34347526086283
15385;73,381;0,377505949503152
15386;73,386;0,239036250897706
15387;73,390;0,344883427289327
15388;73,394;0,320475209230062
15389;73,399;0,298883324023789
15390;73,403;0,331505846237614
15391;73,408;0,23880155649329
15392;73,412;0,398745793102801
15393;73,417;0,538623658134743
15394;73,421;0,374337575043536
15395;73,426;0,232699501978474
15396;73,430;0,355327328285839
15397;73,434;0,338311983965678
15398;73,439;0,336786470336974
15399;73,443;0,455893880578099
15400;73,448;0,274827147571148
15401;73,452;0,331036457428782
15402;73,457;0,355444675488047
15403;73,461;0,317306834770445
15404;73,465;0,436531592213778
15405;73,470;0,344296691278287
15406;73,474;0,423740747173106
15407;73,479;0,328572166182414
15408;73,483;0,408368263683857
15409;73,488;0,3840773928268
15410;73,492;0,360490605182991
15411;73,497;0,420337678309074
15412;73,501;0,371638589392752
15413;73,505;0,272597550729196
15414;73,510;0,276235313997644
15415;73,514;0,317541529174861
15416;73,519;0,404495806010993
15417;73,523;0,372694714212624
15418;73,528;0,336199734325934
15419;73,532;0,377505949503152
15420;73,537;0,360138563576367
15421;73,541;0,382434531995888
15422;73,545;0,387363114488624
15423;73,550;0,351689565017391
15424;73,554;0,32059255643227
15425;73,559;0,42585299681285
15426;73,563;0,295010866350924
15427;73,568;0,398159057091761
15428;73,572;0,259102622475275
15429;73,577;0,348051801748943
15430;73,581;0,335965039921518
15431;73,585;0,420689719915698
15432;73,590;0,418342775871538
15433;73,594;0,351220176208559
15434;73,599;0,375628394267824
15435;73,603;0,406256014044113
15436;73,608;0,326929305351502
15437;73,612;0,393582516205649
15438;73,617;0,423036663959858
15439;73,621;0,345235468895951
15440;73,625;0,381261059973808
15441;73,630;0,352745689837263
15442;73,634;0,329628291002286
15443;73,639;0,420220331106866
15444;73,643;0,28996493665598
15445;73,648;0,403322333988913
15446;73,652;0,338898719976718
15447;73,656;0,322118070060974
15448;73,661;0,324465014105134
15449;73,665;0,350985481804143
15450;73,670;0,264969982585675
15451;73,674;0,345939552109199
15452;73,679;0,36764878451768
15453;73,683;0,37938350473848
15454;73,688;0,432659134540914
15455;73,692;0,354623245072591
15456;73,696;0,320944598038894
15457;73,701;0,299000671225997
15458;73,705;0,324582361307342
15459;73,710;0,348873232164399
15460;73,714;0,346878329726863
15461;73,719;0,410363166121393
15462;73,723;0,291607797486892
15463;73,728;0,413531540581009
15464;73,732;0,383021268006928
15465;73,736;0,297123115990669
15466;73,741;0,451669381298611
15467;73,745;0,38935801692616
15468;73,750;0,343123219256206
15469;73,754;0,326225222138254
15470;73,759;0,379500851940688
15471;73,763;0,373046755819248
15472;73,768;0,413766234985425
15473;73,772;0,287500645409612
15474;73,776;0,445215285177171
15475;73,781;0,444980590772755
15476;73,785;0,262857732945931
15477;73,790;0,378679421525232
15478;73,794;0,354036509061551
15479;73,799;0,414000929389841
15480;73,803;0,391118224959281
15481;73,808;0,380087587951728
15482;73,812;0,318128265185901
15483;73,816;0,224719892228329
15484;73,821;0,349225273771023
15485;73,825;0,444511201963923
15486;73,830;0,37644982468328
15487;73,834;0,471618405673972
15488;73,839;0,370230422966256
15489;73,843;0,425970344015058
15490;73,847;0,402266209169041
15491;73,852;0,454485714151603
15492;73,856;0,253117915162667
15493;73,861;0,333618095877358
15494;73,865;0,32235276446539
15495;73,870;0,309913961031341
15496;73,874;0,332561971057486
15497;73,879;0,423036663959858
15498;73,883;0,293250658317804
15499;73,887;0,360490605182991
15500;73,892;0,404613153213201
15501;73,896;0,367531437315471
15502;73,901;0,368470214933136
15503;73,905;0,296653727181837
15504;73,910;0,423740747173106
15505;73,914;0,32352623648747
15506;73,919;0,289730242251564
15507;73,923;0,259806705688523
15508;73,927;0,324817055711758
15509;73,932;0,37351614462808
15510;73,936;0,344179344076079
15511;73,941;0,32822012457579
15512;73,945;0,358143661138831
15513;73,950;0,374806963852368
15514;73,954;0,332796665461902
15515;73,959;0,331623193439822
15516;73,963;0,314373154715245
15517;73,967;0,415643790220754
15518;73,972;0,420924414320114
15519;73,976;0,407077444459569
15520;73,981;0,394990682632145
15521;73,985;0,366357965293391
15522;73,990;0,423388705566482
15523;73,994;0,421628497533362
15524;73,999;0,321883375656558
15525;74,003;0,384898823242256
15526;74,007;0,346878329726863
15527;74,012;0,394051905014481
15528;74,016;0,313082335490957
15529;74,021;0,353332425848303
15530;74,025;0,373164103021456
15531;74,030;0,320357862027853
15532;74,034;0,264148552170219
15533;74,038;0,392643738587985
15534;74,043;0,503067455865717
15535;74,047;0,364949798866895
15536;74,052;0,309327225020301
15537;74,056;0,345235468895951
15538;74,061;0,422684622353234
15539;74,065;0,404378458808785
15540;74,070;0,438526494651314
15541;74,074;0,296184338373005
15542;74,078;0,441460174706515
15543;74,083;0,365888576484559
15544;74,087;0,341480358425294
15545;74,092;0,312964988288749
15546;74,096;0,344296691278287
15547;74,101;0,372812061414832
15548;74,105;0,424327483184146
15549;74,110;0,299235365630413
15550;74,114;0,443103035537427
15551;74,118;0,375393699863408
15552;74,123;0,417286651051666
15553;74,127;0,400858042742545
15554;74,132;0,374924311054576
15555;74,136;0,233872974000554
15556;74,141;0,410715207728017
15557;74,145;0,339602803189966
15558;74,150;0,325755833329422
15559;74,154;0,270602648291659
15560;74,158;0,313551724299789
15561;74,163;0,385720253657712
15562;74,167;0,366005923686767
15563;74,172;0,469271461629812
15564;74,176;0,37644982468328
15565;74,181;0,353919161859343
15566;74,185;0,347465065737903
15567;74,190;0,34171505282971
15568;74,194;0,349459968175439
15569;74,198;0,388301892106288
15570;74,203;0,389005975319536
15571;74,207;0,456011227780307
15572;74,212;0,345470163300367
15573;74,216;0,390179447341616
15574;74,221;0,295010866350924
15575;74,225;0,250301582309675
15576;74,229;0,432189745732082
15577;74,234;0,353801814657135
15578;74,238;0,32763338856475
15579;74,243;0,38877128091512
15580;74,247;0,352041606624015
15581;74,252;0,339720150392174
15582;74,256;0,376097783076656
15583;74,261;0,420220331106866
15584;74,265;0,366475312495599
15585;74,269;0,327868082969166
15586;74,274;0,402266209169041
15587;74,278;0,267903662640875
15588;74,283;0,345822204906991
15589;74,287;0,367531437315471
15590;74,292;0,424562177588562
15591;74,296;0,376919213492112
15592;74,301;0,32939359659787
15593;74,305;0,344061996873871
15594;74,309;0,343592608065038
15595;74,314;0,396633543463057
15596;74,318;0,33702116474139
15597;74,323;0,265204676990091
15598;74,327;0,340776275212046
15599;74,332;0,346995676929071
15600;74,336;0,37116920058392
15601;74,341;0,344531385682703
15602;74,345;0,356031411499087
15603;74,349;0,364245715653647
15604;74,354;0,391822308172529
15605;74,358;0,472439836089428
15606;74,363;0,37703656069432
15607;74,367;0,462465323901747
15608;74,372;0,389123322521744
15609;74,376;0,443924465952883
15610;74,381;0,373868186234704
15611;74,385;0,361194688396239
15612;74,389;0,399801917922673
15613;74,394;0,402031514764625
15614;74,398;0,308740489009261
15615;74,403;0,329276249395662
15616;74,407;0,442281605121971
15617;74,412;0,359786521969743
15618;74,416;0,478893932210868
15619;74,421;0,360607952385199
15620;74,425;0,465399003956948
15621;74,429;0,377271255098736
15622;74,434;0,298765976821581
15623;74,438;0,434536689776242
15624;74,443;0,325403791722798
15625;74,447;0,340776275212046
15626;74,452;0,370347770168464
15627;74,456;0,270954689898283
15628;74,460;0,392057002576945
15629;74,465;0,371051853381712
15630;74,469;0,389827405734992
15631;74,474;0,413531540581009
15632;74,478;0,3840773928268
15633;74,483;0,424444830386354
15634;74,487;0,406138666841905
15635;74,492;0,334322179090606
15636;74,496;0,331271151833198
15637;74,500;0,369526339753008
15638;74,505;0,377740643907568
15639;74,509;0,359317133160911
15640;74,514;0,42937341287909
15641;74,518;0,412475415761137
15642;74,523;0,404143764404369
15643;74,527;0,378444727120816
15644;74,532;0,33878137277451
15645;74,536;0,270837342696075
15646;74,540;0,407664180470609
15647;74,545;0,36999572856184
15648;74,549;0,233990321202762
15649;74,554;0,422567275151026
15650;74,558;0,312612946682125
15651;74,563;0,343709955267247
15652;74,567;0,381026365569392
15653;74,572;0,378327379918608
15654;74,576;0,38642433687096
15655;74,580;0,290786367071436
15656;74,585;0,387011072882
15657;74,589;0,448031618030163
15658;74,594;0,366944701304431
15659;74,598;0,416699915040626
15660;74,603;0,357556925127791
15661;74,607;0,38877128091512
15662;74,612;0,270367953887243
15663;74,616;0,375393699863408
15664;74,620;0,334791567899438
15665;74,625;0,316837445961613
15666;74,629;0,42467952479077
15667;74,634;0,365536534877935
15668;74,638;0,364363062855855
15669;74,643;0,432776481743122
15670;74,647;0,455424491769267
15671;74,651;0,393934557812273
15672;74,656;0,408602958088273
15673;74,660;0,378092685514192
15674;74,665;0,337842595156846
15675;74,669;0,412475415761137
15676;74,674;0,37762329670536
15677;74,678;0,341245664020878
15678;74,683;0,42761320484597
15679;74,687;0,311791516266669
15680;74,691;0,307214975380557
15681;74,696;0,291490450284684
15682;74,700;0,435358120191698
15683;74,705;0,424444830386354
15684;74,709;0,257811803250987
15685;74,714;0,406373361246321
15686;74,718;0,48171026506386
15687;74,723;0,309913961031341
15688;74,727;0,456715310993555
15689;74,731;0,442633646728595
15690;74,736;0,29289861671118
15691;74,740;0,308505794604845
15692;74,745;0,346995676929071
15693;74,749;0,459883685453171
15694;74,754;0,299822101641453
15695;74,758;0,441694869110931
15696;74,763;0,38818454490408
15697;74,767;0,400506001135921
15698;74,771;0,347347718535695
15699;74,776;0,322235417263182
15700;74,780;0,414939707007505
15701;74,785;0,413179498974385
15702;74,789;0,359317133160911
15703;74,794;0,219087226522345
15704;74,798;0,371873283797168
15705;74,803;0,398745793102801
15706;74,807;0,489807222016213
15707;74,811;0,360959993991823
15708;74,816;0,401210084349169
15709;74,820;0,401327431551377
15710;74,825;0,360607952385199
15711;74,829;0,328572166182414
15712;74,834;0,338664025572302
15713;74,838;0,334322179090606
15714;74,842;0,387949850499664
15715;74,847;0,397689668282929
15716;74,851;0,401914167562417
15717;74,856;0,343944649671662
15718;74,860;0,48053679304178
15719;74,865;0,386072295264336
15720;74,869;0,287735339814028
15721;74,874;0,412475415761137
15722;74,878;0,455307144567059
15723;74,882;0,334556873495022
15724;74,887;0,398745793102801
15725;74,891;0,272010814718155
15726;74,896;0,501307247832597
15727;74,900;0,3782100327164
15728;74,905;0,383255962411344
15729;74,909;0,474552085729172
15730;74,914;0,382669226400304
15731;74,918;0,307097628178349
15732;74,922;0,347113024131279
15733;74,927;0,442633646728595
15734;74,931;0,526771590711734
15735;74,936;0,38935801692616
15736;74,940;0,312730293884333
15737;74,945;0,332209929450862
15738;74,949;0,407077444459569
15739;74,954;0,318949695601357
15740;74,958;0,348755884962191
15741;74,962;0,462113282295123
15742;74,967;0,34054158080763
15743;74,971;0,43524077298949
15744;74,976;0,374454922245744
15745;74,980;0,446506104401459
15746;74,985;0,34054158080763
15747;74,989;0,357791619532207
15748;74,994;0,323878278094094
15749;74,998;0,405317236426449
15750;75,002;0,464812267945908
15751;75,007;0,399449876316049
15752;75,011;0,371873283797168
15753;75,016;0,283041451725708
15754;75,020;0,383373309613552
15755;75,025;0,323174194880846
15756;75,029;0,336317081528142
15757;75,033;0,408016222077233
15758;75,038;0,400388653933713
15759;75,042;0,379618199142896
15760;75,047;0,428669329665842
15761;75,051;0,38583760085992
15762;75,056;0,388301892106288
15763;75,060;0,38935801692616
15764;75,065;0,451317339691987
15765;75,069;0,4793633210197
15766;75,073;0,316016015546157
15767;75,078;0,360255910778575
15768;75,082;0,37058246457288
15769;75,087;0,34171505282971
15770;75,091;0,259454664081899
15771;75,096;0,491215388442709
15772;75,100;0,391235572161489
15773;75,105;0,272597550729196
15774;75,109;0,398276404293969
15775;75,113;0,404261111606577
15776;75,118;0,471031669662932
15777;75,122;0,300526184854701
15778;75,127;0,376919213492112
15779;75,131;0,453664283736147
15780;75,136;0,331857887844238
15781;75,140;0,319653778814605
15782;75,145;0,426322385621682
15783;75,149;0,446036715592627
15784;75,153;0,331623193439822
15785;75,158;0,324465014105134
15786;75,162;0,364245715653647
15787;75,167;0,471031669662932
15788;75,171;0,429608107283506
15789;75,176;0,364245715653647
15790;75,180;0,411653985345681
15791;75,185;0,374454922245744
15792;75,189;0,414352970996466
15793;75,193;0,306745586571725
15794;75,198;0,354388550668175
15795;75,202;0,375511047065616
15796;75,207;0,32880686058683
15797;75,211;0,409776430110353
15798;75,216;0,43054688490117
15799;75,220;0,356618147510127
15800;75,225;0,371286547786128
15801;75,229;0,393113127396817
15802;75,233;0,360725299587407
15803;75,238;0,346995676929071
15804;75,242;0,33760790075243
15805;75,247;0,350750787399727
15806;75,251;0,379148810334064
15807;75,256;0,453194894927315
15808;75,260;0,329745638204494
15809;75,264;0,385720253657712
15810;75,269;0,388419239308496
15811;75,273;0,436179550607154
15812;75,278;0,377975338311984
15813;75,282;0,366827354102224
15814;75,287;0,457888783015635
15815;75,291;0,265674065798923
15816;75,296;0,311322127457837
15817;75,300;0,319536431612397
15818;75,304;0,279521035659468
15819;75,309;0,389827405734992
15820;75,313;0,486756194758805
15821;75,318;0,456128574982515
15822;75,322;0,454955102960435
15823;75,327;0,350281398590895
15824;75,331;0,443103035537427
15825;75,336;0,348403843355567
15826;75,340;0,330449721417742
15827;75,344;0,334556873495022
15828;75,349;0,420689719915698
15829;75,353;0,358847744352079
15830;75,358;0,441342827504307
15831;75,362;0,335026262303854
15832;75,367;0,454837755758227
15833;75,371;0,42702646883493
15834;75,376;0,339485455987758
15835;75,380;0,474317391324756
15836;75,384;0,498256220575189
15837;75,389;0,43758771703365
15838;75,393;0,455189797364851
15839;75,398;0,414939707007505
15840;75,402;0,350985481804143
15841;75,407;0,327750735766958
15842;75,411;0,290316978262604
15843;75,416;0,395225377036561
15844;75,420;0,392057002576945
15845;75,424;0,365536534877935
15846;75,429;0,43524077298949
15847;75,433;0,395694765845393
15848;75,438;0,343944649671662
15849;75,442;0,441694869110931
15850;75,447;0,295010866350924
15851;75,451;0,337138511943598
15852;75,455;0,37762329670536
15853;75,460;0,422567275151026
15854;75,464;0,390296794543824
15855;75,469;0,438761189055731
15856;75,473;0,329628291002286
15857;75,478;0,373046755819248
15858;75,482;0,359669174767535
15859;75,487;0,344883427289327
15860;75,491;0,335730345517102
15861;75,495;0,396164154654225
15862;75,500;0,292194533497932
15863;75,504;0,367062048506639
15864;75,509;0,306510892167309
15865;75,513;0,355444675488047
15866;75,518;0,389123322521744
15867;75,522;0,423036663959858
15868;75,527;0,360373257980783
15869;75,531;0,402266209169041
15870;75,535;0,347582412940111
15871;75,540;0,417286651051666
15872;75,544;0,388536586510704
15873;75,549;0,396868237867473
15874;75,553;0,368000826124304
15875;75,558;0,41587848462517
15876;75,562;0,367531437315471
15877;75,567;0,405903972437489
15878;75,571;0,454955102960435
15879;75,575;0,436296897809362
15880;75,580;0,36764878451768
15881;75,584;0,364363062855855
15882;75,589;0,347934454546735
15883;75,593;0,378562074323024
15884;75,598;0,387128420084208
15885;75,602;0,415995831827378
15886;75,607;0,336669123134766
15887;75,611;0,405317236426449
15888;75,615;0,394051905014481
15889;75,620;0,423154011162066
15890;75,624;0,417873387062706
15891;75,629;0,360255910778575
15892;75,633;0,413883582187633
15893;75,638;0,308388447402637
15894;75,642;0,28233736851246
15895;75,646;0,336199734325934
15896;75,651;0,352980384241679
15897;75,655;0,394755988227729
15898;75,660;0,358378355543247
15899;75,664;0,395460071440977
15900;75,669;0,398276404293969
15901;75,673;0,302169045685613
15902;75,678;0,389592711330576
15903;75,682;0,415761137422962
15904;75,686;0,394169252216689
15905;75,691;0,373046755819248
15906;75,695;0,352745689837263
15907;75,700;0,419281553489202
15908;75,704;0,362368160418319
15909;75,709;0,365536534877935
15910;75,713;0,332209929450862
15911;75,718;0,345822204906991
15912;75,722;0,448735701243411
15913;75,726;0,440638744291059
15914;75,731;0,474552085729172
15915;75,735;0,391822308172529
15916;75,740;0,37058246457288
15917;75,744;0,427495857643762
15918;75,749;0,415057054209714
15919;75,753;0,418694817478162
15920;75,758;0,47290922489826
15921;75,762;0,388301892106288
15922;75,766;0,420455025511282
15923;75,771;0,421863191937778
15924;75,775;0,395108029834353
15925;75,780;0,422449927948818
15926;75,784;0,287500645409612
15927;75,789;0,411184596536849
15928;75,793;0,438761189055731
15929;75,798;0,466220434372404
15930;75,802;0,431250968114418
15931;75,806;0,410949902132433
15932;75,811;0,430781579305586
15933;75,815;0,360725299587407
15934;75,820;0,372107978201584
15935;75,824;0,395460071440977
15936;75,829;0,314255807513037
15937;75,833;0,423623399970898
15938;75,837;0,457654088611219
15939;75,842;0,314255807513037
15940;75,846;0,320240514825646
15941;75,851;0,327281346958126
15942;75,855;0,385016170444464
15943;75,860;0,443924465952883
15944;75,864;0,365888576484559
15945;75,869;0,399567223518257
15946;75,873;0,336082387123726
15947;75,877;0,387128420084208
15948;75,882;0,450026520467699
15949;75,886;0,366240618091183
15950;75,891;0,441812216313139
15951;75,895;0,33702116474139
15952;75,900;0,335495651112686
15953;75,904;0,558924724116728
15954;75,909;0,410480513323601
15955;75,913;0,393934557812273
15956;75,917;0,331505846237614
15957;75,922;0,396633543463057
15958;75,926;0,328572166182414
15959;75,931;0,455776533375891
15960;75,935;0,281985326905836
15961;75,940;0,418694817478162
15962;75,944;0,404730500415409
15963;75,949;0,275765925188812
15964;75,953;0,459883685453171
15965;75,957;0,390766183352657
15966;75,962;0,404261111606577
15967;75,966;0,489337833207381
15968;75,971;0,381261059973808
15969;75,975;0,375393699863408
15970;75,980;0,353919161859343
15971;75,984;0,426674427228306
15972;75,989;0,400975389944753
15973;75,993;0,411653985345681
15974;75,997;0,504710316696629
15975;76,002;0,41646522063621
15976;76,006;0,449909173265491
15977;76,011;0,380791671164976
15978;76,015;0,470444933651892
15979;76,020;0,41587848462517
15980;76,024;0,386541684073168
15981;76,028;0,459062255037715
15982;76,033;0,337725247954638
15983;76,037;0,481240876255028
15984;76,042;0,381495754378224
15985;76,046;0,446036715592627
15986;76,051;0,371403894988336
15987;76,055;0,409659082908145
15988;76,060;0,318949695601357
15989;76,064;0,363541632440399
15990;76,068;0,410363166121393
15991;76,073;0,488399055589717
15992;76,077;0,356735494712335
15993;76,082;0,335965039921518
15994;76,086;0,472439836089428
15995;76,091;0,397102932271889
15996;76,095;0,309561919424717
15997;76,100;0,518557286557174
15998;76,104;0,426322385621682
15999;76,108;0,336551775932558
16000;76,113;0,397454973878513
16001;76,117;0,446036715592627
16002;76,122;0,392643738587985
16003;76,126;0,4734959609093
16004;76,131;0,467511253596692
16005;76,135;0,380322282356144
16006;76,140;0,427261163239346
16007;76,144;0,286913909398572
16008;76,148;0,359551827565327
16009;76,153;0,370347770168464
16010;76,157;0,440990785897683
16011;76,162;0,371873283797168
16012;76,166;0,311908863468877
16013;76,171;0,466689823181236
16014;76,175;0,379266157536272
16015;76,180;0,402266209169041
16016;76,184;0,3752763526612
16017;76,188;0,418108081467122
16018;76,193;0,394638641025521
16019;76,197;0,551062461568791
16020;76,202;0,380909018367184
16021;76,206;0,403909069999953
16022;76,211;0,396398849058641
16023;76,215;0,427495857643762
16024;76,220;0,458358171824467
16025;76,224;0,386659031275376
16026;76,228;0,3782100327164
16027;76,233;0,428904024070258
16028;76,237;0,507643996751829
16029;76,242;0,390414141746032
16030;76,246;0,392526391385777
16031;76,251;0,417873387062706
16032;76,255;0,340306886403214
16033;76,259;0,428904024070258
16034;76,264;0,428317288059218
16035;76,268;0,539914477359031
16036;76,273;0,373868186234704
16037;76,277;0,43406730096741
16038;76,282;0,430194843294546
16039;76,286;0,38349065681576
16040;76,291;0,357087536318959
16041;76,295;0,440990785897683
16042;76,299;0,458123477420051
16043;76,304;0,584271719793657
16044;76,308;0,429608107283506
16045;76,313;0,390062100139408
16046;76,317;0,439934661077811
16047;76,322;0,447679576423539
16048;76,326;0,296771074384045
16049;76,331;0,299352712832621
16050;76,335;0,471853100078388
16051;76,339;0,419868289500242
16052;76,344;0,472791877696052
16053;76,348;0,388888628117328
16054;76,353;0,357322230723375
16055;76,357;0,411067249334641
16056;76,362;0,458006130217843
16057;76,366;0,442398952324179
16058;76,371;0,375159005458992
16059;76,375;0,512689926446774
16060;76,379;0,42350605276869
16061;76,384;0,367531437315471
16062;76,388;0,407077444459569
16063;76,393;0,378327379918608
16064;76,397;0,535337936472919
16065;76,402;0,530761395586806
16066;76,406;0,491098041240501
16067;76,411;0,415995831827378
16068;76,415;0,397454973878513
16069;76,419;0,38466412883784
16070;76,424;0,462113282295123
16071;76,428;0,467276559192276
16072;76,433;0,447562229221331
16073;76,437;0,439113230662355
16074;76,442;0,497552137361941
16075;76,446;0,427847899250386
16076;76,450;0,471853100078388
16077;76,455;0,417873387062706
16078;76,459;0,386659031275376
16079;76,464;0,4676286007989
16080;76,468;0,274944494773356
16081;76,473;0,493092943678037
16082;76,477;0,460118379857587
16083;76,482;0,393699863407857
16084;76,486;0,565848209047
16085;76,490;0,389827405734992
16086;76,495;0,395342724238769
16087;76,499;0,353919161859343
16088;76,504;0,345352816098159
16089;76,508;0,354388550668175
16090;76,513;0,396868237867473
16091;76,517;0,388888628117328
16092;76,522;0,506235830325333
16093;76,526;0,461761240688499
16094;76,530;0,498490914979605
16095;76,535;0,417403998253874
16096;76,539;0,489220486005173
16097;76,544;0,464460226339284
16098;76,548;0,446858146008083
16099;76,553;0,356618147510127
16100;76,557;0,455659186173683
16101;76,562;0,381847795984848
16102;76,566;0,429842801687922
16103;76,570;0,37879676872744
16104;76,575;0,42409278877973
16105;76,579;0,397454973878513
16106;76,584;0,445097937974963
16107;76,588;0,416817262242834
16108;76,593;0,391235572161489
16109;76,597;0,42937341287909
16110;76,602;0,407194791661777
16111;76,606;0,360255910778575
16112;76,610;0,390883530554864
16113;76,615;0,503302150270133
16114;76,619;0,396281501856433
16115;76,624;0,461174504677459
16116;76,628;0,341949747234126
16117;76,633;0,325755833329422
16118;76,637;0,333735443079566
16119;76,641;0,424210135981938
16120;76,646;0,408602958088273
16121;76,650;0,351220176208559
16122;76,655;0,337373206348014
16123;76,659;0,391000877757072
16124;76,664;0,427965246452594
16125;76,668;0,280459813277132
16126;76,673;0,403791722797745
16127;76,677;0,377271255098736
16128;76,681;0,393699863407857
16129;76,686;0,345000774491535
16130;76,690;0,461878587890708
16131;76,695;0,4734959609093
16132;76,699;0,350046704186479
16133;76,704;0,409424388503729
16134;76,708;0,366944701304431
16135;76,713;0,394873335429937
16136;76,717;0,379148810334064
16137;76,721;0,458358171824467
16138;76,726;0,419046859084786
16139;76,730;0,424562177588562
16140;76,735;0,43172035692325
16141;76,739;0,336317081528142
16142;76,744;0,330332374215534
16143;76,748;0,429608107283506
16144;76,753;0,382434531995888
16145;76,757;0,323291542083054
16146;76,761;0,310266002637965
16147;76,766;0,445802021188211
16148;76,770;0,413766234985425
16149;76,775;0,356266105903503
16150;76,779;0,479128626615284
16151;76,784;0,453429589331731
16152;76,788;0,372812061414832
16153;76,793;0,451082645287571
16154;76,797;0,456950005397971
16155;76,801;0,582394164558329
16156;76,806;0,423975441577522
16157;76,810;0,333266054270734
16158;76,815;0,38583760085992
16159;76,819;0,497669484564149
16160;76,824;0,549067559131255
16161;76,828;0,382199837591472
16162;76,832;0,427730552048178
16163;76,837;0,42291931675765
16164;76,841;0,417990734264914
16165;76,846;0,483235778692564
16166;76,850;0,447914270827955
16167;76,855;0,431485662518834
16168;76,859;0,433715259360786
16169;76,864;0,406725402852945
16170;76,868;0,396868237867473
16171;76,872;0,426909121632722
16172;76,877;0,408485610886065
16173;76,881;0,381847795984848
16174;76,886;0,508934815976117
16175;76,890;0,489220486005173
16176;76,895;0,412710110165553
16177;76,899;0,387715156095248
16178;76,904;0,481475570659444
16179;76,908;0,396868237867473
16180;76,912;0,418460123073746
16181;76,917;0,371286547786128
16182;76,921;0,459296949442131
16183;76,926;0,385954948062128
16184;76,930;0,423623399970898
16185;76,935;0,392761085790193
16186;76,939;0,479832709828532
16187;76,944;0,529822617969142
16188;76,948;0,331623193439822
16189;76,952;0,383608004017968
16190;76,957;0,38525086484888
16191;76,961;0,352745689837263
16192;76,966;0,340658928009838
16193;76,970;0,470796975258516
16194;76,975;0,455072450162643
16195;76,979;0,436179550607154
16196;76,984;0,411301943739057
16197;76,988;0,299587407237037
16198;76,992;0,494735804508949
16199;76,997;0,43289382894533
16200;77,001;0,517383814535094
16201;77,006;0,486404153152181
16202;77,010;0,425148913599602
16203;77,015;0,378914115929648
16204;77,019;0,399449876316049
16205;77,023;0,337725247954638
16206;77,028;0,377153907896528
16207;77,032;0,449791826063283
16208;77,037;0,368118173326512
16209;77,041;0,524307299465366
16210;77,046;0,422215233544402
16211;77,050;0,339133414381134
16212;77,055;0,336317081528142
16213;77,059;0,434771384180658
16214;77,063;0,388301892106288
16215;77,068;0,447679576423539
16216;77,072;0,535103242068503
16217;77,077;0,312143557873293
16218;77,081;0,451669381298611
16219;77,086;0,263796510563595
16220;77,090;0,404613153213201
16221;77,095;0,492858249273621
16222;77,099;0,439699966673395
16223;77,103;0,41470501260309
16224;77,108;0,368352867730928
16225;77,112;0,361312035598447
16226;77,117;0,499194998192853
16227;77,121;0,480888834648404
16228;77,126;0,411536638143473
16229;77,130;0,342419136042958
16230;77,135;0,344883427289327
16231;77,139;0,423271358364274
16232;77,143;0,428434635261426
16233;77,148;0,504710316696629
16234;77,152;0,483822514703604
16235;77,157;0,389005975319536
16236;77,161;0,365067146069103
16237;77,166;0,391000877757072
16238;77,170;0,317072140366029
16239;77,175;0,467511253596692
16240;77,179;0,538623658134743
16241;77,183;0,418342775871538
16242;77,188;0,454837755758227
16243;77,192;0,411536638143473
16244;77,197;0,433597912158578
16245;77,201;0,361312035598447
16246;77,206;0,434888731382866
16247;77,210;0,532756298024342
16248;77,215;0,409424388503729
16249;77,219;0,484409250714644
16250;77,223;0,439582619471187
16251;77,228;0,444745896368339
16252;77,232;0,381261059973808
16253;77,237;0,424444830386354
16254;77,241;0,398276404293969
16255;77,246;0,459179602239923
16256;77,250;0,491567430049333
16257;77,254;0,362485507620527
16258;77,259;0,385485559253296
16259;77,263;0,491567430049333
16260;77,268;0,442281605121971
16261;77,272;0,420807067117906
16262;77,277;0,43817445304469
16263;77,281;0,404026417202161
16264;77,286;0,376684519087696
16265;77,290;0,52759302112719
16266;77,294;0,436296897809362
16267;77,299;0,396046807452017
16268;77,303;0,407781527672817
16269;77,308;0,444159160357299
16270;77,312;0,501893983843637
16271;77,317;0,46234797669954
16272;77,321;0,411301943739057
16273;77,326;0,443455077144051
16274;77,330;0,429490760081298
16275;77,334;0,335612998314894
16276;77,339;0,372342672606
16277;77,343;0,486052111545556
16278;77,348;0,293837394328844
16279;77,352;0,398628445900593
16280;77,357;0,525128729880822
16281;77,361;0,42643973282389
16282;77,366;0,495674582126613
16283;77,370;0,436883633820402
16284;77,374;0,418694817478162
16285;77,379;0,385954948062128
16286;77,383;0,471383711269556
16287;77,388;0,373398797425872
16288;77,392;0,423271358364274
16289;77,397;0,47995005703074
16290;77,401;0,436531592213778
16291;77,406;0,187990217937224
16292;77,410;0,367414090113263
16293;77,414;0,402618250775665
16294;77,419;0,412006026952305
16295;77,423;0,353801814657135
16296;77,428;0,403791722797745
16297;77,432;0,480067404232948
16298;77,437;0,43524077298949
16299;77,441;0,449557131658867
16300;77,445;0,450730603680947
16301;77,450;0,411184596536849
16302;77,454;0,346408940918031
16303;77,459;0,311674169064461
16304;77,463;0,353215078646095
16305;77,468;0,453664283736147
16306;77,472;0,423271358364274
16307;77,477;0,408602958088273
16308;77,481;0,429138718474674
16309;77,485;0,430077496092338
16310;77,490;0,349577315377647
16311;77,494;0,507761343954037
16312;77,499;0,438291800246899
16313;77,503;0,406842750055153
16314;77,508;0,427261163239346
16315;77,512;0,407546833268401
16316;77,517;0,413179498974385
16317;77,521;0,372107978201584
16318;77,525;0,500368470214933
16319;77,530;0,381261059973808
16320;77,534;0,377857991109776
16321;77,539;0,387480461690832
16322;77,543;0,498608262181813
16323;77,548;0,517383814535094
16324;77,552;0,448031618030163
16325;77,557;0,428551982463634
16326;77,561;0,4764296409645
16327;77,565;0,490628652431669
16328;77,570;0,576526804447928
16329;77,574;0,307684364189389
16330;77,579;0,419750942298034
16331;77,583;0,361312035598447
16332;77,588;0,403557028393329
16333;77,592;0,604924827382265
16334;77,597;0,437353022629234
16335;77,601;0,50940420478495
16336;77,605;0,412240721356721
16337;77,610;0,407664180470609
16338;77,614;0,433832606562994
16339;77,619;0,41763869265829
16340;77,623;0,383960045624592
16341;77,628;0,404026417202161
16342;77,632;0,304515989729773
16343;77,636;0,42350605276869
16344;77,641;0,420924414320114
16345;77,645;0,452256117309651
16346;77,650;0,415761137422962
16347;77,654;0,38642433687096
16348;77,659;0,441929563515347
16349;77,663;0,433949953765202
16350;77,668;0,427261163239346
16351;77,672;0,51233788484015
16352;77,676;0,445449979581587
16353;77,681;0,411301943739057
16354;77,685;0,3782100327164
16355;77,690;0,462582671103956
16356;77,694;0,402735597977873
16357;77,699;0,532756298024342
16358;77,703;0,386893725679792
16359;77,708;0,543786935031895
16360;77,712;0,453664283736147
16361;77,716;0,382551879198096
16362;77,721;0,401444778753585
16363;77,725;0,364245715653647
16364;77,730;0,363424285238191
16365;77,734;0,434771384180658
16366;77,739;0,453898978140563
16367;77,743;0,383842698422384
16368;77,748;0,367531437315471
16369;77,752;0,380322282356144
16370;77,756;0,379148810334064
16371;77,761;0,453077547725107
16372;77,765;0,462113282295123
16373;77,770;0,402266209169041
16374;77,774;0,483705167501396
16375;77,779;0,48053679304178
16376;77,783;0,434536689776242
16377;77,788;0,468684725618772
16378;77,792;0,495674582126613
16379;77,796;0,446740798805875
16380;77,801;0,449791826063283
16381;77,805;0,37586308867224
16382;77,810;0,421393803128946
16383;77,814;0,445449979581587
16384;77,819;0,401679473158001
16385;77,823;0,370230422966256
16386;77,827;0,520082800185878
16387;77,832;0,373633491830288
16388;77,836;0,513746051266646
16389;77,841;0,326929305351502
16390;77,845;0,430194843294546
16391;77,850;0,289847589453772
16392;77,854;0,444159160357299
16393;77,859;0,42291931675765
16394;77,863;0,523955257858742
16395;77,867;0,394403946621105
16396;77,872;0,404378458808785
16397;77,876;0,418342775871538
16398;77,881;0,432072398529874
16399;77,885;0,368470214933136
16400;77,890;0,447679576423539
16401;77,894;0,439817313875603
16402;77,899;0,491684777251541
16403;77,903;0,459531643846547
16404;77,907;0,492740902071413
16405;77,912;0,286561867791948
16406;77,916;0,454955102960435
16407;77,921;0,342653830447374
16408;77,925;0,402031514764625
16409;77,930;0,39053148894824
16410;77,934;0,447327534816915
16411;77,939;0,475608210549044
16412;77,943;0,500133775810517
16413;77,947;0,409072346897105
16414;77,952;0,414939707007505
16415;77,956;0,41822542866933
16416;77,961;0,546485920682679
16417;77,965;0,42643973282389
16418;77,970;0,420807067117906
16419;77,974;0,336199734325934
16420;77,979;0,33702116474139
16421;77,983;0,458944907835507
16422;77,987;0,398511098698385
16423;77,992;0,415643790220754
16424;77,996;0,396750890665265
16425;78,001;0,438878536257939
16426;78,005;0,426087691217266
16427;78,010;0,474552085729172
16428;78,014;0,446623451603667
16429;78,019;0,529001187553686
16430;78,023;0,471501058471764
16431;78,027;0,347465065737903
16432;78,032;0,477368418582164
16433;78,036;0,541792032594359
16434;78,041;0,400036612327089
16435;78,045;0,488751097196341
16436;78,050;0,469858197640852
16437;78,054;0,461409199081875
16438;78,058;0,390296794543824
16439;78,063;0,582159470153913
16440;78,067;0,42350605276869
16441;78,072;0,389123322521744
16442;78,076;0,523720563454326
16443;78,081;0,351572217815183
16444;78,085;0,364480410058063
16445;78,090;0,383960045624592
16446;78,094;0,467393906394484
16447;78,098;0,433597912158578
16448;78,103;0,479128626615284
16449;78,107;0,399801917922673
16450;78,112;0,517266467332886
16451;78,116;0,513628704064438
16452;78,121;0,396985585069681
16453;78,125;0,428082593654802
16454;78,130;0,37292940861704
16455;78,134;0,381847795984848
16456;78,138;0,339133414381134
16457;78,143;0,41881216468037
16458;78,147;0,38231718479368
16459;78,152;0,444276507559507
16460;78,156;0,559628807329976
16461;78,161;0,412475415761137
16462;78,165;0,444745896368339
16463;78,170;0,474200044122548
16464;78,174;0,451904075703027
16465;78,178;0,391352919363697
16466;78,183;0,391352919363697
16467;78,187;0,467745948001108
16468;78,192;0,368352867730928
16469;78,196;0,316133362748365
16470;78,201;0,455659186173683
16471;78,205;0,392174349779153
16472;78,210;0,443337729941843
16473;78,214;0,406842750055153
16474;78,218;0,429138718474674
16475;78,223;0,465399003956948
16476;78,227;0,401210084349169
16477;78,232;0,412123374154513
16478;78,236;0,321296639645518
16479;78,241;0,453546936533939
16480;78,245;0,534047117248631
16481;78,249;0,47584290495346
16482;78,254;0,411888679750097
16483;78,258;0,462817365508372
16484;78,263;0,319301737207981
16485;78,267;0,51351135686223
16486;78,272;0,438878536257939
16487;78,276;0,453664283736147
16488;78,281;0,400506001135921
16489;78,285;0,285975131780908
16490;78,289;0,402383556371249
16491;78,294;0,439582619471187
16492;78,298;0,485817417141141
16493;78,303;0,523251174645494
16494;78,307;0,500955206225973
16495;78,312;0,47408269692034
16496;78,316;0,309561919424717
16497;78,321;0,403322333988913
16498;78,325;0,412710110165553
16499;78,329;0,421628497533362
16500;78,334;0,443807118750675
16501;78,338;0,505414399909877
16502;78,343;0,425735649610642
16503;78,347;0,393817210610065
16504;78,352;0,43817445304469
16505;78,356;0,37058246457288
16506;78,361;0,462113282295123
16507;78,365;0,437353022629234
16508;78,369;0,409776430110353
16509;78,374;0,492271513262581
16510;78,378;0,460822463070835
16511;78,383;0,491567430049333
16512;78,387;0,461409199081875
16513;78,392;0,408485610886065
16514;78,396;0,505766441516501
16515;78,401;0,429842801687922
16516;78,405;0,435944856202738
16517;78,409;0,442516299526387
16518;78,414;0,43230709293429
16519;78,418;0,397454973878513
16520;78,423;0,471383711269556
16521;78,427;0,515975648108598
16522;78,432;0,478893932210868
16523;78,436;0,47173575287618
16524;78,440;0,506705219134165
16525;78,445;0,437118328224818
16526;78,449;0,442985688335219
16527;78,454;0,439582619471187
16528;78,458;0,51761850893951
16529;78,463;0,399801917922673
16530;78,467;0,529470576362518
16531;78,472;0,449557131658867
16532;78,476;0,530174659575766
16533;78,480;0,397807015485137
16534;78,485;0,448618354041203
16535;78,489;0,456011227780307
16536;78,494;0,432424440136498
16537;78,498;0,384781476040048
16538;78,503;0,504710316696629
16539;78,507;0,396164154654225
16540;78,512;0,521021577803542
16541;78,516;0,448618354041203
16542;78,520;0,484526597916852
16543;78,525;0,422801969555442
16544;78,529;0,395694765845393
16545;78,534;0,417521345456082
16546;78,538;0,431837704125458
16547;78,543;0,511281760020278
16548;78,547;0,407898874875025
16549;78,552;0,424327483184146
16550;78,556;0,528649145947062
16551;78,560;0,409893777312561
16552;78,565;0,404026417202161
16553;78,569;0,46234797669954
16554;78,574;0,325638486127214
16555;78,578;0,473378613707092
16556;78,583;0,448031618030163
16557;78,587;0,447562229221331
16558;78,592;0,514215440075478
16559;78,596;0,453194894927315
16560;78,600;0,406608055650737
16561;78,605;0,458944907835507
16562;78,609;0,385720253657712
16563;78,614;0,520786883399126
16564;78,618;0,436296897809362
16565;78,623;0,402852945180081
16566;78,627;0,433011176147538
16567;78,631;0,353215078646095
16568;78,636;0,510695024009237
16569;78,640;0,440521397088851
16570;78,645;0,406608055650737
16571;78,649;0,566904333866872
16572;78,654;0,455424491769267
16573;78,658;0,510695024009237
16574;78,663;0,460353074262003
16575;78,667;0,457184699802387
16576;78,671;0,436883633820402
16577;78,676;0,446036715592627
16578;78,680;0,531465478800054
16579;78,685;0,408720305290481
16580;78,689;0,417286651051666
16581;78,694;0,336317081528142
16582;78,698;0,367414090113263
16583;78,703;0,449439784456659
16584;78,707;0,336199734325934
16585;78,711;0,405786625235281
16586;78,716;0,494618457306741
16587;78,720;0,494149068497909
16588;78,725;0,414118276592049
16589;78,729;0,411067249334641
16590;78,734;0,464812267945908
16591;78,738;0,502598067056885
16592;78,743;0,456950005397971
16593;78,747;0,43758771703365
16594;78,751;0,415057054209714
16595;78,756;0,437235675427026
16596;78,760;0,499194998192853
16597;78,765;0,446740798805875
16598;78,769;0,349812009782063
16599;78,774;0,41529174861413
16600;78,778;0,490745999633877
16601;78,783;0,490276610825045
16602;78,787;0,453194894927315
16603;78,791;0,394990682632145
16604;78,796;0,435006078585074
16605;78,800;0,464812267945908
16606;78,805;0,341832400031918
16607;78,809;0,413531540581009
16608;78,814;0,427965246452594
16609;78,818;0,419164206286994
16610;78,822;0,557399210488024
16611;78,827;0,493327638082453
16612;78,831;0,535220589270711
16613;78,836;0,451317339691987
16614;78,840;0,543904282234103
16615;78,845;0,467745948001108
16616;78,849;0,526067507498486
16617;78,854;0,456011227780307
16618;78,858;0,582276817356121
16619;78,862;0,395694765845393
16620;78,867;0,491919471655957
16621;78,871;0,401562125955793
16622;78,876;0,458006130217843
16623;78,880;0,429021371272466
16624;78,885;0,389827405734992
16625;78,889;0,456480616589139
16626;78,894;0,411184596536849
16627;78,898;0,43406730096741
16628;78,902;0,323878278094094
16629;78,907;0,484291903512436
16630;78,911;0,402031514764625
16631;78,916;0,508817468773909
16632;78,920;0,507878691156245
16633;78,925;0,517501161737302
16634;78,929;0,439230577864563
16635;78,934;0,528883840351478
16636;78,938;0,409424388503729
16637;78,942;0,567960458686744
16638;78,947;0,501189900630389
16639;78,951;0,552940016804119
16640;78,956;0,506235830325333
16641;78,960;0,383725351220176
16642;78,965;0,433011176147538
16643;78,969;0,475490863346836
16644;78,974;0,468450031214356
16645;78,978;0,46352144872162
16646;78,982;0,455776533375891
16647;78,987;0,462113282295123
16648;78,991;0,455541838971475
16649;78,996;0,453664283736147
16650;79,000;0,442985688335219
16651;79,005;0,410597860525809
16652;79,009;0,450965298085363
16653;79,014;0,445684673986003
16654;79,018;0,346174246513615
16655;79,022;0,543317546223063
16656;79,027;0,527945062733814
16657;79,031;0,507878691156245
16658;79,036;0,469154114427604
16659;79,040;0,456715310993555
16660;79,045;0,381495754378224
16661;79,049;0,346878329726863
16662;79,053;0,460587768666419
16663;79,058;0,378679421525232
16664;79,062;0,412123374154513
16665;79,067;0,500251123012725
16666;79,071;0,419164206286994
16667;79,076;0,403322333988913
16668;79,080;0,46586839276578
16669;79,085;0,454720408556019
16670;79,089;0,535807325281751
16671;79,093;0,514215440075478
16672;79,098;0,46586839276578
16673;79,102;0,530292006777974
16674;79,107;0,544491018245143
16675;79,111;0,43348056495637
16676;79,116;0,447092840412499
16677;79,120;0,430312190496754
16678;79,125;0,490745999633877
16679;79,129;0,407781527672817
16680;79,133;0,403674375595537
16681;79,138;0,423975441577522
16682;79,142;0,434184648169618
16683;79,147;0,462230629497332
16684;79,151;0,489337833207381
16685;79,156;0,43524077298949
16686;79,160;0,428317288059218
16687;79,165;0,533225686833175
16688;79,169;0,375511047065616
16689;79,173;0,421041761522322
16690;79,178;0,372460019808208
16691;79,182;0,475138821740212
16692;79,187;0,488281708387509
16693;79,191;0,412592762963345
16694;79,196;0,517735856141718
16695;79,200;0,494266415700117
16696;79,205;0,536628755697207
16697;79,209;0,403674375595537
16698;79,213;0,498138873372981
16699;79,218;0,413296846176593
16700;79,222;0,504710316696629
16701;79,227;0,401796820360209
16702;79,231;0,474904127335796
16703;79,236;0,472205141685012
16704;79,240;0,537567533314871
16705;79,244;0,355092633881423
16706;79,249;0,541557338189943
16707;79,253;0,473378613707092
16708;79,258;0,415761137422962
16709;79,262;0,531465478800054
16710;79,267;0,480654140243988
16711;79,271;0,436648939415986
16712;79,276;0,498138873372981
16713;79,280;0,409893777312561
16714;79,284;0,550710419962167
16715;79,289;0,394169252216689
16716;79,293;0,522429744230038
16717;79,298;0,43230709293429
16718;79,302;0,331623193439822
16719;79,307;0,488281708387509
16720;79,311;0,433597912158578
16721;79,316;0,4705622808541
16722;79,320;0,447796923625747
16723;79,324;0,28703125660078
16724;79,329;0,494970498913365
16725;79,333;0,376332477481072
16726;79,338;0,379148810334064
16727;79,342;0,405903972437489
16728;79,347;0,493327638082453
16729;79,351;0,431837704125458
16730;79,356;0,467745948001108
16731;79,360;0,50999094079599
16732;79,364;0,475138821740212
16733;79,369;0,475490863346836
16734;79,373;0,590021732701849
16735;79,378;0,407664180470609
16736;79,382;0,468097989607732
16737;79,387;0,476664335368916
16738;79,391;0,424327483184146
16739;79,396;0,562679834587384
16740;79,400;0,412827457367761
16741;79,404;0,491567430049333
16742;79,409;0,392291696981361
16743;79,413;0,554700224837239
16744;79,418;0,41646522063621
16745;79,422;0,458592866228883
16746;79,427;0,515506259299766
16747;79,431;0,430781579305586
16748;79,435;0,387715156095248
16749;79,440;0,540149171763447
16750;79,444;0,441460174706515
16751;79,449;0,589669691095225
16752;79,453;0,522547091432246
16753;79,458;0,465516351159156
16754;79,462;0,51057767680703
16755;79,467;0,656557596353788
16756;79,471;0,507291955145205
16757;79,475;0,480302098637364
16758;79,480;0,483587820299188
16759;79,484;0,516210342513014
16760;79,489;0,467393906394484
16761;79,493;0,504710316696629
16762;79,498;0,380204935153936
16763;79,502;0,429138718474674
16764;79,507;0,487812319578677
16765;79,511;0,530292006777974
16766;79,515;0,444511201963923
16767;79,520;0,495791929328821
16768;79,524;0,627690184610619
16769;79,529;0,426674427228306
16770;79,533;0,522077702623414
16771;79,538;0,533577728439799
16772;79,542;0,33878137277451
16773;79,547;0,463756143126036
16774;79,551;0,391000877757072
16775;79,555;0,506353177527541
16776;79,560;0,411419290941265
16777;79,564;0,334791567899438
16778;79,569;0,472439836089428
16779;79,573;0,37762329670536
16780;79,578;0,43641424501157
16781;79,582;0,48288373708594
16782;79,587;0,520786883399126
16783;79,591;0,538154269325911
16784;79,595;0,455776533375891
16785;79,600;0,479480668221908
16786;79,604;0,460705115868627
16787;79,609;0,483353125894772
16788;79,613;0,356148758701295
16789;79,618;0,487342930769845
16790;79,622;0,410832554930225
16791;79,626;0,557751252094647
16792;79,631;0,530761395586806
16793;79,635;0,513276662457814
16794;79,640;0,463873490328244
16795;79,644;0,366123270888975
16796;79,649;0,508817468773909
16797;79,653;0,457067352600179
16798;79,658;0,438526494651314
16799;79,662;0,41529174861413
16800;79,666;0,562679834587384
16801;79,671;0,525128729880822
16802;79,675;0,518557286557174
16803;79,680;0,580633956525209
16804;79,684;0,358143661138831
16805;79,689;0,407664180470609
16806;79,693;0,473378613707092
16807;79,698;0,519144022568214
16808;79,702;0,52935322916031
16809;79,706;0,501189900630389
16810;79,711;0,471970447280596
16811;79,715;0,491684777251541
16812;79,720;0,506353177527541
16813;79,724;0,472674530493844
16814;79,729;0,488164361185301
16815;79,733;0,359669174767535
16816;79,738;0,402970292382289
16817;79,742;0,540735907774487
16818;79,746;0,523368521847702
16819;79,751;0,440404049886643
16820;79,755;0,43465403697845
16821;79,760;0,475021474538004
16822;79,764;0,496848054148693
16823;79,769;0,42115910872453
16824;79,773;0,37586308867224
16825;79,778;0,354388550668175
16826;79,782;0,473378613707092
16827;79,786;0,413531540581009
16828;79,791;0,393347821801233
16829;79,795;0,450495909276531
16830;79,800;0,436179550607154
16831;79,804;0,448735701243411
16832;79,809;0,46352144872162
16833;79,813;0,523603216252118
16834;79,817;0,513394009660022
16835;79,822;0,457067352600179
16836;79,826;0,520317494590294
16837;79,831;0,524189952263158
16838;79,835;0,453194894927315
16839;79,840;0,560450237745432
16840;79,844;0,575588026830264
16841;79,849;0,571832916359608
16842;79,853;0,46704186478786
16843;79,857;0,458592866228883
16844;79,862;0,550123683951127
16845;79,866;0,634613669540891
16846;79,871;0,475021474538004
16847;79,875;0,430077496092338
16848;79,880;0,393347821801233
16849;79,884;0,373046755819248
16850;79,889;0,405551930830865
16851;79,893;0,561858404171928
16852;79,897;0,442750993930803
16853;79,902;0,489924569218421
16854;79,906;0,500720511821557
16855;79,911;0,552587975197495
16856;79,915;0,443807118750675
16857;79,920;0,596123787216665
16858;79,924;0,51761850893951
16859;79,929;0,424327483184146
16860;79,933;0,364597757260271
16861;79,937;0,516797078524054
16862;79,942;0,527945062733814
16863;79,946;0,461526546284083
16864;79,951;0,437353022629234
16865;79,955;0,409189694099313
16866;79,960;0,374924311054576
16867;79,964;0,542848157414231
16868;79,969;0,474434738526964
16869;79,973;0,524541993869782
16870;79,977;0,501072553428181
16871;79,982;0,47408269692034
16872;79,986;0,452490811714067
16873;79,991;0,47173575287618
16874;79,995;0,373164103021456
16875;80,000;0,422684622353234
16876;80,004;0,504827663898837
16877;80,009;0,517501161737302
16878;80,013;0,446623451603667
16879;80,017;0,464342879137076
16880;80,022;0,498490914979605
16881;80,026;0,398745793102801
16882;80,031;0,480302098637364
16883;80,035;0,424327483184146
16884;80,040;0,397102932271889
16885;80,044;0,509638899189366
16886;80,048;0,50940420478495
16887;80,053;0,597649300845369
16888;80,057;0,559628807329976
16889;80,062;0,537215491708247
16890;80,066;0,490863346836085
16891;80,071;0,525598118689654
16892;80,075;0,477837807390996
16893;80,080;0,530644048384598
16894;80,084;0,37938350473848
16895;80,088;0,375041658256784
16896;80,093;0,449322437254451
16897;80,097;0,481475570659444
16898;80,102;0,498608262181813
16899;80,106;0,437470369831442
16900;80,111;0,52935322916031
16901;80,115;0,447444882019123
16902;80,120;0,509873593593781
16903;80,124;0,413296846176593
16904;80,128;0,531582826002262
16905;80,133;0,548715517524631
16906;80,137;0,490980694038293
16907;80,142;0,541557338189943
16908;80,146;0,508113385560661
16909;80,151;0,504006233483381
16910;80,155;0,412123374154513
16911;80,160;0,52876649314927
16912;80,164;0,526888937913942
16913;80,168;0,463990837530452
16914;80,173;0,483001084288148
16915;80,177;0,495909276531029
16916;80,182;0,564557389822712
16917;80,186;0,489455180409589
16918;80,191;0,507174607942997
16919;80,195;0,543786935031895
16920;80,200;0,653154527489756
16921;80,204;0,534985894866295
16922;80,208;0,452138770107443
16923;80,213;0,523133827443286
16924;80,217;0,599526856080697
16925;80,222;0,529235881958102
16926;80,226;0,584975803006905
16927;80,231;0,673338246269532
16928;80,235;0,563149223396216
16929;80,239;0,401327431551377
16930;80,244;0,505179705505461
16931;80,248;0,486052111545556
16932;80,253;0,549654295142295
16933;80,257;0,525363424285238
16934;80,262;0,622761602117882
16935;80,266;0,523955257858742
16936;80,271;0,616659547603066
16937;80,275;0,555052266443863
16938;80,279;0,454720408556019
16939;80,284;0,547542045502551
16940;80,288;0,363189590833775
16941;80,293;0,616190158794234
16942;80,297;0,636256530371803
16943;80,302;0,528883840351478
16944;80,306;0,471853100078388
16945;80,311;0,550827767164375
16946;80,315;0,52817975713823
16947;80,319;0,50940420478495
16948;80,324;0,410480513323601
16949;80,328;0,527123632318358
16950;80,333;0,489924569218421
16951;80,337;0,550241031153335
16952;80,342;0,535924672483959
16953;80,346;0,521373619410166
16954;80,351;0,542026726998775
16955;80,355;0,424327483184146
16956;80,359;0,50999094079599
16957;80,364;0,472557183291636
16958;80,368;0,539797130156823
16959;80,373;0,490393958027253
16960;80,377;0,464577573541492
16961;80,382;0,370347770168464
16962;80,386;0,464577573541492
16963;80,391;0,511516454424694
16964;80,395;0,515388912097558
16965;80,399;0,565496167440376
16966;80,404;0,500720511821557
16967;80,408;0,597883995249785
16968;80,413;0,473026572100468
16969;80,417;0,468567378416564
16970;80,422;0,42115910872453
16971;80,426;0,428551982463634
16972;80,430;0,452256117309651
16973;80,435;0,541674685392151
16974;80,439;0,528297104340438
16975;80,444;0,473261266504884
16976;80,448;0,485113333927892
16977;80,453;0,306980280976141
16978;80,457;0,435123425787282
16979;80,462;0,51468482888431
16980;80,466;0,499899081406101
16981;80,470;0,507409302347413
16982;80,475;0,572419652370648
16983;80,479;0,565965556249208
16984;80,484;0,43817445304469
16985;80,488;0,554700224837239
16986;80,493;0,496613359744277
16987;80,497;0,483353125894772
16988;80,502;0,550827767164375
16989;80,506;0,461643893486291
16990;80,510;0,506587871931957
16991;80,515;0,441460174706515
16992;80,519;0,47760311298658
16993;80,524;0,537450186112663
16994;80,528;0,451786728500819
16995;80,533;0,465751045563572
16996;80,537;0,476546988166708
16997;80,542;0,526771590711734
16998;80,546;0,418694817478162
16999;80,550;0,566082903451416
17000;80,555;0,484291903512436
17001;80,559;0,654327999511836
17002;80,564;0,502246025450261
17003;80,568;0,510695024009237
17004;80,573;0,441460174706515
17005;80,577;0,553174711208535
17006;80,582;0,653271874691964
17007;80,586;0,422097886342194
17008;80,590;0,514919523288726
17009;80,595;0,488164361185301
17010;80,599;0,443455077144051
17011;80,604;0,460235727059795
17012;80,608;0,583332942175993
17013;80,613;0,354388550668175
17014;80,617;0,488399055589717
17015;80,621;0,52465934107199
17016;80,626;0,51292462085119
17017;80,630;0,504358275090005
17018;80,635;0,549771642344503
17019;80,639;0,559746154532184
17020;80,644;0,615603422783194
17021;80,648;0,587674788657689
17022;80,653;0,521960355421206
17023;80,657;0,503771539078965
17024;80,661;0,53228690921551
17025;80,666;0,592955412757049
17026;80,670;0,450965298085363
17027;80,675;0,565848209047
17028;80,679;0,584623761400281
17029;80,684;0,5775829292678
17030;80,688;0,426205038419474
17031;80,693;0,51703177292847
17032;80,697;0,595889092812249
17033;80,701;0,506705219134165
17034;80,706;0,447914270827955
17035;80,710;0,485348028332309
17036;80,715;0,506705219134165
17037;80,719;0,490276610825045
17038;80,724;0,543317546223063
17039;80,728;0,642475932088827
17040;80,733;0,601169716911609
17041;80,737;0,553878794421783
17042;80,741;0,622174866106842
17043;80,746;0,659256582004572
17044;80,750;0,561623709767512
17045;80,755;0,556225738465943
17046;80,759;0,593424801565881
17047;80,764;0,551883891984247
17048;80,768;0,546485920682679
17049;80,773;0,421863191937778
17050;80,777;0,490628652431669
17051;80,781;0,499077650990645
17052;80,786;0,491802124453749
17053;80,790;0,540383866167863
17054;80,795;0,471618405673972
17055;80,799;0,442164257919763
17056;80,804;0,494735804508949
17057;80,808;0,425148913599602
17058;80,813;0,570659444337528
17059;80,817;0,455072450162643
17060;80,821;0,556343085668151
17061;80,826;0,473378613707092
17062;80,830;0,461643893486291
17063;80,835;0,588965607881977
17064;80,839;0,576878846054552
17065;80,844;0,500720511821557
17066;80,848;0,569838013922072
17067;80,852;0,546016531873847
17068;80,857;0,490511305229461
17069;80,861;0,4764296409645
17070;80,866;0,455659186173683
17071;80,870;0,444159160357299
17072;80,875;0,597414606440953
17073;80,879;0,432072398529874
17074;80,884;0,503184803067925
17075;80,888;0,457654088611219
17076;80,892;0,539679782954615
17077;80,897;0,485348028332309
17078;80,901;0,56995536112428
17079;80,906;0,566904333866872
17080;80,910;0,466924517585652
17081;80,915;0,496613359744277
17082;80,919;0,456011227780307
17083;80,924;0,483001084288148
17084;80,928;0,546133879076055
17085;80,932;0,437470369831442
17086;80,937;0,518557286557174
17087;80,941;0,510460329604822
17088;80,946;0,546016531873847
17089;80,950;0,582863553367161
17090;80,955;0,516327689715222
17091;80,959;0,565965556249208
17092;80,964;0,521843008218998
17093;80,968;0,453781630938355
17094;80,972;0,42115910872453
17095;80,977;0,574297207605976
17096;80,981;0,509286857582742
17097;80,986;0,405199889224241
17098;80,990;0,533108339630966
17099;80,995;0,488751097196341
17100;80,999;0,511399107222486
17101;81,004;0,441342827504307
17102;81,008;0,391352919363697
17103;81,012;0,538975699741367
17104;81,017;0,56819515309116
17105;81,021;0,571011485944152
17106;81,026;0,507174607942997
17107;81,030;0,504358275090005
17108;81,035;0,535220589270711
17109;81,039;0,51175114882911
17110;81,043;0,314842543524077
17111;81,048;0,641654501673371
17112;81,052;0,472205141685012
17113;81,057;0,636491224776219
17114;81,061;0,495322540519989
17115;81,066;0,565730861844792
17116;81,070;0,467159211990068
17117;81,075;0,424914219195186
17118;81,079;0,540970602178903
17119;81,083;0,531348131597846
17120;81,088;0,601873800124857
17121;81,092;0,520904230601334
17122;81,097;0,530057312373558
17123;81,101;0,433597912158578
17124;81,106;0,345118121693743
17125;81,110;0,422449927948818
17126;81,115;0,549536947940087
17127;81,119;0,472205141685012
17128;81,123;0,573945165999352
17129;81,128;0,608327896246298
17130;81,132;0,510929718413654
17131;81,137;0,501189900630389
17132;81,141;0,531465478800054
17133;81,146;0,627103448599578
17134;81,150;0,567139028271288
17135;81,155;0,463873490328244
17136;81,159;0,445332632379379
17137;81,163;0,477368418582164
17138;81,168;0,380439629558352
17139;81,172;0,585679886220153
17140;81,177;0,579225790098712
17141;81,181;0,432776481743122
17142;81,186;0,449322437254451
17143;81,190;0,501541942237013
17144;81,195;0,489689874814005
17145;81,199;0,710772003773886
17146;81,203;0,507878691156245
17147;81,208;0,505649094314293
17148;81,212;0,56174105696972
17149;81,217;0,505649094314293
17150;81,221;0,554113488826199
17151;81,226;0,580985998131832
17152;81,230;0,455893880578099
17153;81,234;0,496848054148693
17154;81,239;0,617246283614106
17155;81,243;0,467159211990068
17156;81,248;0,520434841792502
17157;81,252;0,605042174584474
17158;81,257;0,607975854639674
17159;81,261;0,543669587829687
17160;81,266;0,445449979581587
17161;81,270;0,489337833207381
17162;81,274;0,490745999633877
17163;81,279;0,506470524729749
17164;81,283;0,512689926446774
17165;81,288;0,545899184671639
17166;81,292;0,498256220575189
17167;81,297;0,392174349779153
17168;81,301;0,547424698300343
17169;81,306;0,524424646667574
17170;81,310;0,435006078585074
17171;81,314;0,503419497472341
17172;81,319;0,57406251320156
17173;81,323;0,541674685392151
17174;81,328;0,540970602178903
17175;81,332;0,549771642344503
17176;81,337;0,560215543341016
17177;81,341;0,508465427167285
17178;81,346;0,547190003895927
17179;81,350;0,457771435813427
17180;81,354;0,52465934107199
17181;81,359;0,479480668221908
17182;81,363;0,440756091493267
17183;81,368;0,503067455865717
17184;81,372;0,455072450162643
17185;81,377;0,496848054148693
17186;81,381;0,550593072759959
17187;81,386;0,569133930708824
17188;81,390;0,593307454363673
17189;81,394;0,579225790098712
17190;81,399;0,516092995310806
17191;81,403;0,467393906394484
17192;81,408;0,396516196260849
17193;81,412;0,559746154532184
17194;81,417;0,527475673924982
17195;81,421;0,651394319456636
17196;81,425;0,52993996517135
17197;81,430;0,448970395647827
17198;81,434;0,592486023948217
17199;81,439;0,530174659575766
17200;81,443;0,529118534755894
17201;81,448;0,434771384180658
17202;81,452;0,504592969494421
17203;81,457;0,52993996517135
17204;81,461;0,460353074262003
17205;81,465;0,491215388442709
17206;81,470;0,591429899128345
17207;81,474;0,571480874752984
17208;81,479;0,614195256356698
17209;81,483;0,52993996517135
17210;81,488;0,494149068497909
17211;81,492;0,437235675427026
17212;81,497;0,47114901686514
17213;81,501;0,532756298024342
17214;81,505;0,53052670118239
17215;81,510;0,621822824500218
17216;81,514;0,523368521847702
17217;81,519;0,484291903512436
17218;81,523;0,602695230540313
17219;81,528;0,563149223396216
17220;81,532;0,609501368268378
17221;81,537;0,417873387062706
17222;81,541;0,56232779298076
17223;81,545;0,426909121632722
17224;81,550;0,479832709828532
17225;81,554;0,489220486005173
17226;81,559;0,509756246391573
17227;81,563;0,472205141685012
17228;81,568;0,570190055528696
17229;81,572;0,499312345395061
17230;81,577;0,526536896307318
17231;81,581;0,514450134479894
17232;81,585;0,588261524668729
17233;81,590;0,52289913303887
17234;81,594;0,452725506118483
17235;81,599;0,495557234924405
17236;81,603;0,476546988166708
17237;81,608;0,550593072759959
17238;81,612;0,543434893425271
17239;81,616;0,539797130156823
17240;81,621;0,494735804508949
17241;81,625;0,550945114366583
17242;81,630;0,538036922123703
17243;81,634;0,540618560572279
17244;81,639;0,557516557690232
17245;81,643;0,361781424407279
17246;81,648;0,602343188933689
17247;81,652;0,536276714090583
17248;81,656;0,447444882019123
17249;81,661;0,533460381237591
17250;81,665;0,410480513323601
17251;81,670;0,428434635261426
17252;81,674;0,535689978079543
17253;81,679;0,495439887722197
17254;81,683;0,555639002454903
17255;81,688;0,490511305229461
17256;81,692;0,478541890604244
17257;81,696;0,501776636641429
17258;81,701;0,458123477420051
17259;81,705;0,48171026506386
17260;81,710;0,499899081406101
17261;81,714;0,617363630816314
17262;81,719;0,52113892500575
17263;81,723;0,633909586327643
17264;81,728;0,442985688335219
17265;81,732;0,541909379796567
17266;81,736;0,494970498913365
17267;81,741;0,578287012481048
17268;81,745;0,514919523288726
17269;81,750;0,583098247771577
17270;81,754;0,605159521786682
17271;81,759;0,528531798744854
17272;81,763;0,461409199081875
17273;81,768;0,430898926507794
17274;81,772;0,531348131597846
17275;81,776;0,600348286496153
17276;81,781;0,557516557690232
17277;81,785;0,520669536196918
17278;81,790;0,559042071318936
17279;81,794;0,530644048384598
17280;81,799;0,512103190435734
17281;81,803;0,630741211868027
17282;81,808;0,533460381237591
17283;81,812;0,475021474538004
17284;81,816;0,51292462085119
17285;81,821;0,510929718413654
17286;81,825;0,52289913303887
17287;81,830;0,648460639401435
17288;81,834;0,606802382617594
17289;81,839;0,549654295142295
17290;81,843;0,485817417141141
17291;81,847;0,56995536112428
17292;81,852;0,562210445778552
17293;81,856;0,570190055528696
17294;81,861;0,519613411377046
17295;81,865;0,603281966551353
17296;81,870;0,56174105696972
17297;81,874;0,513159315255606
17298;81,879;0,486638847556597
17299;81,883;0,477720460188788
17300;81,887;0,528414451542646
17301;81,892;0,417990734264914
17302;81,896;0,52113892500575
17303;81,901;0,425383608004018
17304;81,905;0,595654398407833
17305;81,910;0,517383814535094
17306;81,914;0,499312345395061
17307;81,919;0,484526597916852
17308;81,923;0,533577728439799
17309;81,927;0,447796923625747
17310;81,932;0,467745948001108
17311;81,936;0,545664490267223
17312;81,941;0,524307299465366
17313;81,945;0,4822970010749
17314;81,950;0,493562332486869
17315;81,954;0,428082593654802
17316;81,959;0,535572630877335
17317;81,963;0,502950108663509
17318;81,967;0,597531953643161
17319;81,972;0,470327586449684
17320;81,976;0,511281760020278
17321;81,981;0,602929924944729
17322;81,985;0,480419445839572
17323;81,990;0,533343034035383
17324;81,994;0,531465478800054
17325;81,999;0,55822064090348
17326;82,003;0,592251329543801
17327;82,007;0,516092995310806
17328;82,012;0,617480978018522
17329;82,016;0,598940120069657
17330;82,021;0,535572630877335
17331;82,025;0,602577883338105
17332;82,030;0,558103293701272
17333;82,034;0,539679782954615
17334;82,038;0,552587975197495
17335;82,043;0,617128936411898
17336;82,047;0,51116441281807
17337;82,052;0,61583811718761
17338;82,056;0,52876649314927
17339;82,061;0,425031566397394
17340;82,065;0,536159366888375
17341;82,070;0,499547039799477
17342;82,074;0,461526546284083
17343;82,078;0,527945062733814
17344;82,083;0,631679989485691
17345;82,087;0,52231239702783
17346;82,092;0,454368366949395
17347;82,096;0,617950366827354
17348;82,101;0,570894138741944
17349;82,105;0,526654243509526
17350;82,110;0,520786883399126
17351;82,114;0,545547143065015
17352;82,118;0,505531747112085
17353;82,123;0,530174659575766
17354;82,127;0,649868805827931
17355;82,132;0,489572527611797
17356;82,136;0,706547504494398
17357;82,141;0,548363475918007
17358;82,145;0,570776791539736
17359;82,150;0,43054688490117
17360;82,154;0,600465633698361
17361;82,158;0,472557183291636
17362;82,163;0,46410818473266
17363;82,167;0,450847950883155
17364;82,172;0,50940420478495
17365;82,176;0,577700276470008
17366;82,181;0,488516402791925
17367;82,185;0,542496115807607
17368;82,190;0,599878897687321
17369;82,194;0,479245973817492
17370;82,198;0,609736062672794
17371;82,203;0,439934661077811
17372;82,207;0,554465530432823
17373;82,212;0,523133827443286
17374;82,216;0,495674582126613
17375;82,221;0,48171026506386
17376;82,225;0,443455077144051
17377;82,229;0,565965556249208
17378;82,234;0,437235675427026
17379;82,238;0,504945011101045
17380;82,243;0,663715775688476
17381;82,247;0,556343085668151
17382;82,252;0,654797388320668
17383;82,256;0,491098041240501
17384;82,261;0,563735959407256
17385;82,265;0,620766699680346
17386;82,269;0,494970498913365
17387;82,274;0,47525616894242
17388;82,278;0,512572579244566
17389;82,283;0,689062771365405
17390;82,287;0,457184699802387
17391;82,292;0,537215491708247
17392;82,296;0,417169303849458
17393;82,301;0,446036715592627
17394;82,305;0,678266828762269
17395;82,309;0,687771952141117
17396;82,314;0,400740695540337
17397;82,318;0,424210135981938
17398;82,323;0,552705322399703
17399;82,327;0,599761550485113
17400;82,332;0,62346568533113
17401;82,336;0,470327586449684
17402;82,341;0,512807273648982
17403;82,345;0,576292110043512
17404;82,349;0,513980745671062
17405;82,354;0,557164516083608
17406;82,358;0,592603371150425
17407;82,363;0,445097937974963
17408;82,367;0,553057364006327
17409;82,372;0,462582671103956
17410;82,376;0,561623709767512
17411;82,381;0,563735959407256
17412;82,385;0,435944856202738
17413;82,389;0,56760841708012
17414;82,394;0,439817313875603
17415;82,398;0,595771745610041
17416;82,403;0,502128678248053
17417;82,407;0,570776791539736
17418;82,412;0,503654191876757
17419;82,416;0,513394009660022
17420;82,420;0,606567688213178
17421;82,425;0,545077754256183
17422;82,429;0,596006440014457
17423;82,434;0,634613669540891
17424;82,438;0,57816966527884
17425;82,443;0,525363424285238
17426;82,447;0,471853100078388
17427;82,452;0,454016325342771
17428;82,456;0,676506620729149
17429;82,460;0,592133982341593
17430;82,465;0,621822824500218
17431;82,469;0,628863656632698
17432;82,474;0,533225686833175
17433;82,478;0,585210497411321
17434;82,483;0,420807067117906
17435;82,487;0,540970602178903
17436;82,492;0,561036973756472
17437;82,496;0,604338091371226
17438;82,500;0,543317546223063
17439;82,505;0,571480874752984
17440;82,509;0,578873748492088
17441;82,514;0,516210342513014
17442;82,518;0,622644254915674
17443;82,523;0,51820524495055
17444;82,527;0,614312603558906
17445;82,532;0,577465582065592
17446;82,536;0,540853254976695
17447;82,540;0,454368366949395
17448;82,545;0,493914374093493
17449;82,549;0,541674685392151
17450;82,554;0,490628652431669
17451;82,558;0,546251226278263
17452;82,563;0,628042226217242
17453;82,567;0,578991095694296
17454;82,572;0,548715517524631
17455;82,576;0,489103138802965
17456;82,580;0,617833019625146
17457;82,585;0,479598015424116
17458;82,589;0,494501110104533
17459;82,594;0,590256427106265
17460;82,598;0,514450134479894
17461;82,603;0,565144125833752
17462;82,607;0,593190107161465
17463;82,611;0,576761498852344
17464;82,616;0,519730758579254
17465;82,620;0,668879052585628
17466;82,625;0,586853358242233
17467;82,629;0,597883995249785
17468;82,634;0,548011434311383
17469;82,638;0,449557131658867
17470;82,643;0,530057312373558
17471;82,647;0,613373825941242
17472;82,651;0,624169768544378
17473;82,656;0,663833122890684
17474;82,660;0,550123683951127
17475;82,665;0,594011537576921
17476;82,669;0,540618560572279
17477;82,674;0,528883840351478
17478;82,678;0,566786986664664
17479;82,683;0,51292462085119
17480;82,687;0,507174607942997
17481;82,691;0,532052214811094
17482;82,696;0,601756452922649
17483;82,700;0,544843059851767
17484;82,705;0,615955464389818
17485;82,709;0,569016583506616
17486;82,714;0,421041761522322
17487;82,718;0,66934844139446
17488;82,723;0,623230990926714
17489;82,727;0,515975648108598
17490;82,731;0,566082903451416
17491;82,736;0,508700121571701
17492;82,740;0,513863398468854
17493;82,745;0,522195049825622
17494;82,749;0,621001394084762
17495;82,754;0,537215491708247
17496;82,758;0,511047065615862
17497;82,763;0,528883840351478
17498;82,767;0,56995536112428
17499;82,771;0,540383866167863
17500;82,776;0,550945114366583
17501;82,780;0,541322643785527
17502;82,785;0,654445346714044
17503;82,789;0,55822064090348
17504;82,794;0,571011485944152
17505;82,798;0,449791826063283
17506;82,803;0,546251226278263
17507;82,807;0,540970602178903
17508;82,811;0,612435048323578
17509;82,816;0,536394061292791
17510;82,820;0,542965504616439
17511;82,825;0,461761240688499
17512;82,829;0,57054209713532
17513;82,834;0,480654140243988
17514;82,838;0,52172566101679
17515;82,842;0,650103500232347
17516;82,847;0,580985998131832
17517;82,851;0,502715414259093
17518;82,856;0,509169510380533
17519;82,860;0,56408800101388
17520;82,865;0,57230230516844
17521;82,869;0,556577780072568
17522;82,874;0,55939411292556
17523;82,878;0,41939890069141
17524;82,882;0,504006233483381
17525;82,887;0,582980900569369
17526;82,891;0,521373619410166
17527;82,896;0,586736011040025
17528;82,900;0,472674530493844
17529;82,905;0,454368366949395
17530;82,909;0,479480668221908
17531;82,914;0,520669536196918
17532;82,918;0,474904127335796
17533;82,922;0,500133775810517
17534;82,927;0,503536844674549
17535;82,931;0,594832967992377
17536;82,936;0,615486075580986
17537;82,940;0,549536947940087
17538;82,945;0,528414451542646
17539;82,949;0,561506362565304
17540;82,954;0,431837704125458
17541;82,958;0,590491121510681
17542;82,962;0,611848312312538
17543;82,967;0,600582980900569
17544;82,971;0,545429795862807
17545;82,976;0,451082645287571
17546;82,980;0,575588026830264
17547;82,985;0,474786780133588
17548;82,989;0,508348079965077
17549;82,994;0,504827663898837
17550;82,998;0,598470731260825
17551;83,002;0,457184699802387
17552;83,007;0,526067507498486
17553;83,011;0,488868444398549
17554;83,016;0,477720460188788
17555;83,020;0,47584290495346
17556;83,025;0,592720718352633
17557;83,029;0,592720718352633
17558;83,033;0,468332684012148
17559;83,038;0,57992987331196
17560;83,042;0,614195256356698
17561;83,047;0,556225738465943
17562;83,051;0,476664335368916
17563;83,056;0,605394216191098
17564;83,060;0,582980900569369
17565;83,065;0,555404308050487
17566;83,069;0,542496115807607
17567;83,073;0,523016480241078
17568;83,078;0,577817623672216
17569;83,082;0,508465427167285
17570;83,087;0,558455335307896
17571;83,091;0,643180015302075
17572;83,096;0,537567533314871
17573;83,100;0,493914374093493
17574;83,105;0,448735701243411
17575;83,109;0,548832864726839
17576;83,113;0,522077702623414
17577;83,118;0,477720460188788
17578;83,122;0,518439939354966
17579;83,127;0,569133930708824
17580;83,131;0,61114422909929
17581;83,136;0,524776688274198
17582;83,140;0,540735907774487
17583;83,145;0,647404514581563
17584;83,149;0,447092840412499
17585;83,153;0,685190313692541
17586;83,158;0,459414296644339
17587;83,162;0,543552240627479
17588;83,167;0,396398849058641
17589;83,171;0,577113540458968
17590;83,176;0,505179705505461
17591;83,180;0,578404359683256
17592;83,185;0,62287894932009
17593;83,189;0,688710729758781
17594;83,193;0,588261524668729
17595;83,198;0,482062306670484
17596;83,202;0,643414709706491
17597;83,207;0,615720769985402
17598;83,211;0,504710316696629
17599;83,216;0,481006181850612
17600;83,220;0,561271668160888
17601;83,224;0,595185009599001
17602;83,229;0,523133827443286
17603;83,233;0,630858559070235
17604;83,238;0,539562435752407
17605;83,242;0,587909483062105
17606;83,247;0,526888937913942
17607;83,251;0,52641954910511
17608;83,256;0,652098402669884
17609;83,260;0,487577625174261
17610;83,264;0,541909379796567
17611;83,269;0,516679731321846
17612;83,273;0,4764296409645
17613;83,278;0,405317236426449
17614;83,282;0,620649352478138
17615;83,287;0,430781579305586
17616;83,291;0,595771745610041
17617;83,296;0,56408800101388
17618;83,300;0,466103087170196
17619;83,304;0,530644048384598
17620;83,309;0,568312500293368
17621;83,313;0,572536999572856
17622;83,318;0,603281966551353
17623;83,322;0,56819515309116
17624;83,327;0,636491224776219
17625;83,331;0,561506362565304
17626;83,336;0,509052163178325
17627;83,340;0,598118689654201
17628;83,344;0,65644024915158
17629;83,349;0,589787038297433
17630;83,353;0,496848054148693
17631;83,358;0,555404308050487
17632;83,362;0,548715517524631
17633;83,367;0,617715672422938
17634;83,371;0,529587923564726
17635;83,376;0,643649404110907
17636;83,380;0,554230836028407
17637;83,384;0,569838013922072
17638;83,389;0,627807531812826
17639;83,393;0,595067662396793
17640;83,398;0,561623709767512
17641;83,402;0,554817572039447
17642;83,407;0,540031824561239
17643;83,411;0,548598170322423
17644;83,415;0,559511460127768
17645;83,420;0,671578038236412
17646;83,424;0,529822617969142
17647;83,429;0,61818506123177
17648;83,433;0,601639105720441
17649;83,438;0,610205451481626
17650;83,442;0,631445295081275
17651;83,447;0,437470369831442
17652;83,451;0,511985843233526
17653;83,455;0,637312655191675
17654;83,460;0,525011382678614
17655;83,464;0,532990992428758
17656;83,469;0,576761498852344
17657;83,473;0,536042019686167
17658;83,478;0,546368573480471
17659;83,482;0,628628962228283
17660;83,487;0,644822876132987
17661;83,491;0,47173575287618
17662;83,495;0,552940016804119
17663;83,500;0,489807222016213
17664;83,504;0,650807583445595
17665;83,509;0,561271668160888
17666;83,513;0,563853306609464
17667;83,518;0,390648836150448
17668;83,522;0,527475673924982
17669;83,527;0,556695127274775
17670;83,531;0,606919729819802
17671;83,535;0,648930028210267
17672;83,540;0,607975854639674
17673;83,544;0,570190055528696
17674;83,549;0,529001187553686
17675;83,553;0,635317752754139
17676;83,558;0,515388912097558
17677;83,562;0,573123735583896
17678;83,567;0,426909121632722
17679;83,571;0,53287364522655
17680;83,575;0,496848054148693
17681;83,580;0,501424595034805
17682;83,584;0,558103293701272
17683;83,589;0,48405720910802
17684;83,593;0,534399158855255
17685;83,598;0,608679937852922
17686;83,602;0,543904282234103
17687;83,607;0,689884201780861
17688;83,611;0,500133775810517
17689;83,615;0,573006388381688
17690;83,620;0,655618818736124
17691;83,624;0,624991198959834
17692;83,629;0,60821054904409
17693;83,633;0,533108339630966
17694;83,638;0,4822970010749
17695;83,642;0,611848312312538
17696;83,646;0,523837910656534
17697;83,651;0,607858507437466
17698;83,655;0,55939411292556
17699;83,660;0,564322695418296
17700;83,664;0,394638641025521
17701;83,669;0,507174607942997
17702;83,673;0,635435099956347
17703;83,678;0,67169538543862
17704;83,682;0,495674582126613
17705;83,686;0,55646043287036
17706;83,691;0,616776894805274
17707;83,695;0,594128884779129
17708;83,700;0,637195307989467
17709;83,704;0,551297155973207
17710;83,709;0,563266570598424
17711;83,713;0,575588026830264
17712;83,718;0,536394061292791
17713;83,722;0,56760841708012
17714;83,726;0,603986049764601
17715;83,731;0,626516712588538
17716;83,735;0,614899339569946
17717;83,740;0,58169008134508
17718;83,744;0,588144177466521
17719;83,749;0,534516506057463
17720;83,753;0,585093150209113
17721;83,758;0,650455541838971
17722;83,762;0,504358275090005
17723;83,766;0,558337988105688
17724;83,771;0,530409353980182
17725;83,775;0,563383917800632
17726;83,780;0,568547194697784
17727;83,784;0,487108236365429
17728;83,789;0,585445191815737
17729;83,793;0,510342982402614
17730;83,798;0,438057105842482
17731;83,802;0,650807583445595
17732;83,806;0,616190158794234
17733;83,811;0,610322798683834
17734;83,815;0,582276817356121
17735;83,820;0,612552395525786
17736;83,824;0,604807480180057
17737;83,829;0,56350126500284
17738;83,833;0,646817778570523
17739;83,837;0,569016583506616
17740;83,842;0,600582980900569
17741;83,846;0,611613617908122
17742;83,851;0,629802434250363
17743;83,855;0,511516454424694
17744;83,860;0,57347577719052
17745;83,864;0,581338039738457
17746;83,869;0,531348131597846
17747;83,873;0,544373671042935
17748;83,877;0,534164464450839
17749;83,882;0,675333148707069
17750;83,886;0,572771693977272
17751;83,891;0,738700637899391
17752;83,895;0,527358326722774
17753;83,900;0,680144383997597
17754;83,904;0,558337988105688
17755;83,909;0,535455283675127
17756;83,913;0,643180015302075
17757;83,917;0,579225790098712
17758;83,922;0,650924930647803
17759;83,926;0,600700328102777
17760;83,931;0,495439887722197
17761;83,935;0,489455180409589
17762;83,940;0,616542200400858
17763;83,944;0,506353177527541
17764;83,949;0,613608520345658
17765;83,953;0,591547246330553
17766;83,957;0,531230784395638
17767;83,962;0,530644048384598
17768;83,966;0,628394267823867
17769;83,971;0,548363475918007
17770;83,975;0,547424698300343
17771;83,980;0,6640678172951
17772;83,984;0,696690339508925
17773;83,989;0,693287270644893
17774;83,993;0,61290443713241
17775;83,997;0,590843163117305
17776;84,002;0,565730861844792
17777;84,006;0,552705322399703
17778;84,011;0,663950470092892
17779;84,015;0,585914580624569
17780;84,020;0,548832864726839
17781;84,024;0,6552667771295
17782;84,028;0,616542200400858
17783;84,033;0,525950160296278
17784;84,037;0,559511460127768
17785;84,042;0,632032031092315
17786;84,046;0,570072708326488
17787;84,051;0,553761447219575
17788;84,055;0,689766854578653
17789;84,060;0,583098247771577
17790;84,064;0,635787141562971
17791;84,068;0,494149068497909
17792;84,073;0,646583084166107
17793;84,077;0,645174917739611
17794;84,082;0,525363424285238
17795;84,086;0,588144177466521
17796;84,091;0,578052318076632
17797;84,095;0,5599808489366
17798;84,100;0,610674840290458
17799;84,104;0,658904540397948
17800;84,108;0,638838168820379
17801;84,113;0,601404411316025
17802;84,117;0,542848157414231
17803;84,122;0,511516454424694
17804;84,126;0,591781940734969
17805;84,131;0,587792135859897
17806;84,135;0,582628858962745
17807;84,140;0,673572940673948
17808;84,144;0,541557338189943
17809;84,148;0,567960458686744
17810;84,153;0,436062203404946
17811;84,157;0,507174607942997
17812;84,162;0,56056758494764
17813;84,166;0,631562642283483
17814;84,171;0,57699619325676
17815;84,175;0,435475467393906
17816;84,180;0,509638899189366
17817;84,184;0,584741108602489
17818;84,188;0,584037025389241
17819;84,193;0,590725815915097
17820;84,197;0,515388912097558
17821;84,202;0,536159366888375
17822;84,206;0,631914683890107
17823;84,211;0,547424698300343
17824;84,215;0,649047375412475
17825;84,219;0,496026623733237
17826;84,224;0,633792239125435
17827;84,228;0,647639208985979
17828;84,233;0,60469013297785
17829;84,237;0,604572785775642
17830;84,242;0,479832709828532
17831;84,246;0,534985894866295
17832;84,251;0,515975648108598
17833;84,255;0,564909431429336
17834;84,259;0,591781940734969
17835;84,264;0,493210290880245
17836;84,268;0,552118586388663
17837;84,273;0,558572682510104
17838;84,277;0,648343292199227
17839;84,282;0,60938402106617
17840;84,286;0,652098402669884
17841;84,291;0,692231145825021
17842;84,295;0,641067765662331
17843;84,299;0,574297207605976
17844;84,304;0,539797130156823
17845;84,308;0,603399313753561
17846;84,313;0,695634214689053
17847;84,317;0,596593176025497
17848;84,322;0,510108287998198
17849;84,326;0,641185112864539
17850;84,331;0,545429795862807
17851;84,335;0,61231770112137
17852;84,339;0,599761550485113
17853;84,344;0,682373980839549
17854;84,348;0,560215543341016
17855;84,353;0,637782044000507
17856;84,357;0,626164670981914
17857;84,362;0,559863501734392
17858;84,366;0,628863656632698
17859;84,371;0,495322540519989
17860;84,375;0,584741108602489
17861;84,379;0,494501110104533
17862;84,384;0,445684673986003
17863;84,388;0,589200302286393
17864;84,393;0,611965659514746
17865;84,397;0,538036922123703
17866;84,402;0,545195101458391
17867;84,406;0,572536999572856
17868;84,410;0,50940420478495
17869;84,415;0,622409560511258
17870;84,419;0,582511511760537
17871;84,424;0,565496167440376
17872;84,428;0,555873696859319
17873;84,433;0,57230230516844
17874;84,437;0,666062719732636
17875;84,442;0,689297465769821
17876;84,446;0,601756452922649
17877;84,450;0,643297362504283
17878;84,455;0,591547246330553
17879;84,459;0,543200199020855
17880;84,464;0,523603216252118
17881;84,468;0,494383762902325
17882;84,473;0,584975803006905
17883;84,477;0,600230939293945
17884;84,482;0,617950366827354
17885;84,486;0,538858352539159
17886;84,490;0,67345559347174
17887;84,495;0,551649197579831
17888;84,499;0,589787038297433
17889;84,504;0,601873800124857
17890;84,508;0,650220847434555
17891;84,513;0,641771848875579
17892;84,517;0,592486023948217
17893;84,522;0,525598118689654
17894;84,526;0,579577831705336
17895;84,530;0,528062409936022
17896;84,535;0,560919626554264
17897;84,539;0,459062255037715
17898;84,544;0,597414606440953
17899;84,548;0,601404411316025
17900;84,553;0,732481236182367
17901;84,557;0,624991198959834
17902;84,562;0,677680092751229
17903;84,566;0,638720821618171
17904;84,570;0,5599808489366
17905;84,575;0,570424749933112
17906;84,579;0,550241031153335
17907;84,584;0,575705374032472
17908;84,588;0,655149429927292
17909;84,593;0,721215904770398
17910;84,597;0,618067714029562
17911;84,602;0,521608313814582
17912;84,606;0,528649145947062
17913;84,610;0,614195256356698
17914;84,615;0,595771745610041
17915;84,619;0,57816966527884
17916;84,624;0,686715827321245
17917;84,628;0,550006336748919
17918;84,633;0,598236036856409
17919;84,637;0,583684983782617
17920;84,641;0,587557441455481
17921;84,646;0,683664800063837
17922;84,650;0,61466464516553
17923;84,655;0,585562539017945
17924;84,659;0,551297155973207
17925;84,664;0,572654346775064
17926;84,668;0,642593279291035
17927;84,673;0,567373722675704
17928;84,677;0,494970498913365
17929;84,681;0,602577883338105
17930;84,686;0,599644203282905
17931;84,690;0,645057570537403
17932;84,695;0,596241134418873
17933;84,699;0,606567688213178
17934;84,704;0,709129142942974
17935;84,708;0,451669381298611
17936;84,713;0,612669742727994
17937;84,717;0,599526856080697
17938;84,721;0,593542148768089
17939;84,726;0,55763390489244
17940;84,730;0,576174762841304
17941;84,735;0,575118638021432
17942;84,739;0,593190107161465
17943;84,744;0,647991250592603
17944;84,748;0,676976009537981
17945;84,753;0,584389066995865
17946;84,757;0,632970808709979
17947;84,761;0,581103345334041
17948;84,766;0,561506362565304
17949;84,770;0,643766751313115
17950;84,775;0,543904282234103
17951;84,779;0,62346568533113
17952;84,784;0,433128523349746
17953;84,788;0,584858455804697
17954;84,793;0,658552498791324
17955;84,797;0,546016531873847
17956;84,801;0,576526804447928
17957;84,806;0,639776946438043
17958;84,810;0,579460484503128
17959;84,815;0,546955309491511
17960;84,819;0,577348234863384
17961;84,824;0,605628910595514
17962;84,828;0,710302614965054
17963;84,832;0,674981107100444
17964;84,837;0,603868702562393
17965;84,841;0,639542252033627
17966;84,846;0,588496219073145
17967;84,850;0,519496064174838
17968;84,855;0,53170017320447
17969;84,859;0,739991457123679
17970;84,864;0,601169716911609
17971;84,868;0,604338091371226
17972;84,872;0,521960355421206
17973;84,877;0,529705270766934
17974;84,881;0,553057364006327
17975;84,886;0,627690184610619
17976;84,890;0,642475932088827
17977;84,895;0,664419858901724
17978;84,899;0,634965711147515
17979;84,904;0,599057467271865
17980;84,908;0,593190107161465
17981;84,912;0,665475983721596
17982;84,917;0,694930131475805
17983;84,921;0,565965556249208
17984;84,926;0,622761602117882
17985;84,930;0,621236088489178
17986;84,935;0,493444985284661
17987;84,939;0,6523330970743
17988;84,944;0,650103500232347
17989;84,948;0,586501316635609
17990;84,952;0,686715827321245
17991;84,957;0,552940016804119
17992;84,961;0,57934313730092
17993;84,966;0,589200302286393
17994;84,970;0,605042174584474
17995;84,975;0,576526804447928
17996;84,979;0,651629013861052
17997;84,984;0,630271823059195
17998;84,988;0,559746154532184
17999;84,992;0,552353280793079
18000;84,997;0,554700224837239
18001;85,001;0,617715672422938
18002;85,006;0,672751510258492
18003;85,010;0,660664748431068
18004;85,015;0,624756504555418
18005;85,019;0,559746154532184
18006;85,023;0,610322798683834
18007;85,028;0,551414503175415
18008;85,032;0,487108236365429
18009;85,037;0,534399158855255
18010;85,041;0,547542045502551
18011;85,046;0,736823082664063
18012;85,050;0,645761653750651
18013;85,055;0,653037180287548
18014;85,059;0,62463915735321
18015;85,063;0,648108597794811
18016;85,068;0,756654759837216
18017;85,072;0,584037025389241
18018;85,077;0,623700379735546
18019;85,081;0,589669691095225
18020;85,086;0,592838065554841
18021;85,090;0,570190055528696
18022;85,095;0,62346568533113
18023;85,099;0,532404256417718
18024;85,103;0,631914683890107
18025;85,108;0,585797233422361
18026;85,112;0,640246335246875
18027;85,117;0,515388912097558
18028;85,121;0,576526804447928
18029;85,126;0,632384072698939
18030;85,130;0,714292419840126
18031;85,135;0,551414503175415
18032;85,139;0,614312603558906
18033;85,143;0,52172566101679
18034;85,148;0,520434841792502
18035;85,152;0,552001239186455
18036;85,157;0,5687818891022
18037;85,161;0,645174917739611
18038;85,166;0,532052214811094
18039;85,170;0,696455645104509
18040;85,175;0,604455438573434
18041;85,179;0,615368728378778
18042;85,183;0,661955567655356
18043;85,188;0,592016635139385
18044;85,192;0,651863708265467
18045;85,197;0,571598221955192
18046;85,201;0,48053679304178
18047;85,206;0,522429744230038
18048;85,210;0,670991302225372
18049;85,214;0,488516402791925
18050;85,219;0,67521580150486
18051;85,223;0,638368780011547
18052;85,228;0,633557544721019
18053;85,232;0,591781940734969
18054;85,237;0,720394474354942
18055;85,241;0,665710678126012
18056;85,246;0,626868754195162
18057;85,250;0,621940171702426
18058;85,254;0,55880737691452
18059;85,259;0,569016583506616
18060;85,263;0,696572992306717
18061;85,268;0,544843059851767
18062;85,272;0,622644254915674
18063;85,277;0,658552498791324
18064;85,281;0,666884150148092
18065;85,286;0,593659495970297
18066;85,290;0,62698610139737
18067;85,294;0,691292368207357
18068;85,299;0,43700098102261
18069;85,303;0,676154579122525
18070;85,308;0,739404721112639
18071;85,312;0,557516557690232
18072;85,317;0,72227202959027
18073;85,321;0,681317856019677
18074;85,326;0,611848312312538
18075;85,330;0,571480874752984
18076;85,334;0,619475880456058
18077;85,339;0,765103758396192
18078;85,343;0,733889402608863
18079;85,348;0,664302511699516
18080;85,352;0,618302408433978
18081;85,357;0,65585351314054
18082;85,361;0,749027191693696
18083;85,366;0,60351666095577
18084;85,370;0,638251432809339
18085;85,374;0,655736165938332
18086;85,379;0,702675046821534
18087;85,383;0,656088207544956
18088;85,388;0,651981055467675
18089;85,392;0,631093253474651
18090;85,397;0,678266828762269
18091;85,401;0,680965814413053
18092;85,405;0,661251484442108
18093;85,410;0,773200715348545
18094;85,414;0,70936383734739
18095;85,419;0,674277023887196
18096;85,423;0,635904488765179
18097;85,428;0,778716033852321
18098;85,432;0,704435254854654
18099;85,437;0,79936914144093
18100;85,441;0,666297414137052
18101;85,445;0,639307557629211
18102;85,450;0,741634317954591
18103;85,454;0,85405293766986
18104;85,459;0,730721028149247
18105;85,463;0,702792394023742
18106;85,468;0,804532418338082
18107;85,472;0,812746722492642
18108;85,477;0,777659909032449
18109;85,481;0,757358843050464
18110;85,485;0,829644719610595
18111;85,490;0,84173148143802
18112;85,494;0,824598789915651
18113;85,499;0,733537361002239
18114;85,503;0,872124406809893
18115;85,508;0,697863811531005
18116;85,512;0,773904798561793
18117;85,517;0,827297775566435
18118;85,521;0,885267293457189
18119;85,525;0,749144538895904
18120;85,530;0,822134498669283
18121;85,534;0,831991663654755
18122;85,539;0,783761963547265
18123;85,543;0,90580305384359
18124;85,548;0,971752181484489
18125;85,552;0,840205967809315
18126;85,557;0,856869270522852
18127;85,561;0,841496787033604
18128;85,565;0,760644564712288
18129;85,570;0,723328154410143
18130;85,574;0,817909999389794
18131;85,579;0,879517280548997
18132;85,583;0,934083729575719
18133;85,588;0,731073069755871
18134;85,592;0,828705941992931
18135;85,597;0,640833071257915
18136;85,601;0,877405030909253
18137;85,605;0,694108701060349
18138;85,610;0,765925188811648
18139;85,614;0,774491534572833
18140;85,619;0,837859023765155
18141;85,623;0,695986256295677
18142;85,628;0,760409870307872
18143;85,632;0,783527269142849
18144;85,636;0,709011795740766
18145;85,641;0,958374600432776
18146;85,645;0,727787348094047
18147;85,650;0,726965917678591
18148;85,654;0,713588336626878
18149;85,659;0,596241134418873
18150;85,663;0,738465943494975
18151;85,668;0,776134395403745
18152;85,672;0,693639312251517
18153;85,676;0,70819036532531
18154;85,681;0,824598789915651
18155;85,685;0,793149739723905
18156;85,690;0,731659805766911
18157;85,694;0,724853668038847
18158;85,699;0,648577986603643
18159;85,703;0,797139544598978
18160;85,708;0,731073069755871
18161;85,712;0,879869322155621
18162;85,716;0,740695540336927
18163;85,721;0,692231145825021
18164;85,725;0,70349647723699
18165;85,730;0,781062977896481
18166;85,734;0,713001600615838
18167;85,739;0,691879104218397
18168;85,743;0,757358843050464
18169;85,748;0,689414812972029
18170;85,752;0,734358791417695
18171;85,756;0,758062926263712
18172;85,761;0,544373671042935
18173;85,765;0,685425008096957
18174;85,770;0,686363785714621
18175;85,774;0,613725867547866
18176;85,779;0,610792187492666
18177;85,783;0,589904385499641
18178;85,788;0,640011640842459
18179;85,792;0,655149429927292
18180;85,796;0,715935280671038
18181;85,801;0,513628704064438
18182;85,805;0,565026778631544
18183;85,810;0,799486488643138
18184;85,814;0,655501471533916
18185;85,819;0,783644616345057
18186;85,823;0,631797336687899
18187;85,827;0,793267086926113
18188;85,832;0,680379078402013
18189;85,836;0,738231249090559
18190;85,841;0,738583290697183
18191;85,845;0,738700637899391
18192;85,850;0,749731274906944
18193;85,854;0,756772107039424
18194;85,859;0,600817675304985
18195;85,863;0,580985998131832
18196;85,867;0,739639415517055
18197;85,872;0,613373825941242
18198;85,876;0,80054261346301
18199;85,881;0,598353384058617
18200;85,885;0,688123993747741
18201;85,890;0,649399417019099
18202;85,894;0,666766802945884
18203;85,899;0,578052318076632
18204;85,903;0,644588181728571
18205;85,907;0,69938932515971
18206;85,912;0,65996066521782
18207;85,916;0,725792445656511
18208;85,921;0,674511718291612
18209;85,925;0,600582980900569
18210;85,930;0,592133982341593
18211;85,934;0,734241444215487
18212;85,939;0,712414864604798
18213;85,943;0,794909947757026
18214;85,947;0,65878719319574
18215;85,952;0,609266673863962
18216;85,956;0,711476086987134
18217;85,961;0,756068023826176
18218;85,965;0,724736320836639
18219;85,970;0,784583393962721
18220;85,974;0,705491379674526
18221;85,979;0,744215956403167
18222;85,983;0,648343292199227
18223;85,987;0,710654656571678
18224;85,992;0,673338246269532
18225;85,996;0,778716033852321
18226;86,001;0,770501729697761
18227;86,005;0,687185216130077
18228;86,010;0,638603474415963
18229;86,014;0,598470731260825
18230;86,018;0,615368728378778
18231;86,023;0,651863708265467
18232;86,027;0,627455490206203
18233;86,032;0,595302356801209
18234;86,036;0,666766802945884
18235;86,041;0,71699140549091
18236;86,045;0,716052627873246
18237;86,050;0,677797439953437
18238;86,054;0,703965866045822
18239;86,058;0,664537206103932
18240;86,063;0,681200508817469
18241;86,067;0,74996596931136
18242;86,072;0,673103551865116
18243;86,076;0,696338297902301
18244;86,081;0,650690236243388
18245;86,085;0,597297259238745
18246;86,090;0,779420117065569
18247;86,094;0,555991044061527
18248;86,098;0,660782095633276
18249;86,103;0,685659702501373
18250;86,107;0,653154527489756
18251;86,112;0,393817210610065
18252;86,116;0,725440404049887
18253;86,121;0,663246386879644
18254;86,125;0,647521861783771
18255;86,130;0,700093408372958
18256;86,134;0,686481132916829
18257;86,138;0,684720924883709
18258;86,143;0,698802589148669
18259;86,147;0,666884150148092
18260;86,152;0,622409560511258
18261;86,156;0,724971015241055
18262;86,161;0,663129039677436
18263;86,165;0,693404617847101
18264;86,170;0,522077702623414
18265;86,174;0,614195256356698
18266;86,178;0,674863759898236
18267;86,183;0,70290974122595
18268;86,187;0,618302408433978
18269;86,192;0,718868960726238
18270;86,196;0,719807738343902
18271;86,201;0,751843524546688
18272;86,205;0,653037180287548
18273;86,209;0,687419910534493
18274;86,214;0,643766751313115
18275;86,218;0,799251794238722
18276;86,223;0,749144538895904
18277;86,227;0,642827973695451
18278;86,232;0,653037180287548
18279;86,236;0,642241237684411
18280;86,241;0,713588336626878
18281;86,245;0,637195307989467
18282;86,249;0,520786883399126
18283;86,254;0,572771693977272
18284;86,258;0,66172087325094
18285;86,263;0,671812732640828
18286;86,267;0,664302511699516
18287;86,272;0,617363630816314
18288;86,276;0,690470937791901
18289;86,281;0,568547194697784
18290;86,285;0,61818506123177
18291;86,289;0,641889196077787
18292;86,294;0,735180221833151
18293;86,298;0,616776894805274
18294;86,303;0,698685241946462
18295;86,307;0,667470886159132
18296;86,312;0,667940274967964
18297;86,316;0,579460484503128
18298;86,321;0,6758025375159
18299;86,325;0,789981365264289
18300;86,329;0,687654604938909
18301;86,334;0,663129039677436
18302;86,338;0,645409612144027
18303;86,343;0,679088259177725
18304;86,347;0,709246490145182
18305;86,352;0,688123993747741
18306;86,356;0,810399778448482
18307;86,361;0,683899494468253
18308;86,365;0,658904540397948
18309;86,369;0,629333045441531
18310;86,374;0,571011485944152
18311;86,378;0,675098454302652
18312;86,383;0,603399313753561
18313;86,387;0,736705735461855
18314;86,392;0,584975803006905
18315;86,396;0,69997606117075
18316;86,401;0,615134033974362
18317;86,405;0,615720769985402
18318;86,409;0,659608623611196
18319;86,414;0,596123787216665
18320;86,418;0,561389015363096
18321;86,423;0,643884098515323
18322;86,427;0,608679937852922
18323;86,432;0,710772003773886
18324;86,436;0,578052318076632
18325;86,440;0,675450495909277
18326;86,445;0,57640945724572
18327;86,449;0,654445346714044
18328;86,454;0,678736217571101
18329;86,458;0,657731068375868
18330;86,463;0,693052576240477
18331;86,467;0,695399520284637
18332;86,472;0,633088155912187
18333;86,476;0,65585351314054
18334;86,480;0,663598428486268
18335;86,485;0,784818088367137
18336;86,489;0,56760841708012
18337;86,494;0,672516815854076
18338;86,498;0,622174866106842
18339;86,503;0,655970860342748
18340;86,507;0,652685138680924
18341;86,512;0,692935229038269
18342;86,516;0,633088155912187
18343;86,520;0,693052576240477
18344;86,525;0,570894138741944
18345;86,529;0,776955825819201
18346;86,534;0,70995057335843
18347;86,538;0,570307402730904
18348;86,543;0,654914735522876
18349;86,547;0,648460639401435
18350;86,552;0,652567791478716
18351;86,556;0,66524128931718
18352;86,560;0,639776946438043
18353;86,565;0,727670000891839
18354;86,569;0,616776894805274
18355;86,574;0,664889247710556
18356;86,578;0,664302511699516
18357;86,583;0,789042587646625
18358;86,587;0,683664800063837
18359;86,592;0,623935074139962
18360;86,596;0,617833019625146
18361;86,600;0,622644254915674
18362;86,605;0,589552343893017
18363;86,609;0,714879155851166
18364;86,614;0,70819036532531
18365;86,618;0,665006594912764
18366;86,623;0,729195514520543
18367;86,627;0,620062616467098
18368;86,631;0,621822824500218
18369;86,636;0,709011795740766
18370;86,640;0,643062668099867
18371;86,645;0,577934970874424
18372;86,649;0,565613514642584
18373;86,654;0,664771900508348
18374;86,658;0,66289434527302
18375;86,663;0,66758823336134
18376;86,667;0,734593485822111
18377;86,671;0,696690339508925
18378;86,676;0,784466046760513
18379;86,680;0,803710987922626
18380;86,685;0,616894242007482
18381;86,689;0,644001445717531
18382;86,694;0,592838065554841
18383;86,698;0,719103655130654
18384;86,703;0,580516609323001
18385;86,707;0,621236088489178
18386;86,711;0,686950521725661
18387;86,716;0,617480978018522
18388;86,720;0,689297465769821
18389;86,725;0,693169923442685
18390;86,729;0,642945320897659
18391;86,734;0,71523119745779
18392;86,738;0,745741470031871
18393;86,743;0,681669897626301
18394;86,747;0,607271771426426
18395;86,751;0,841496787033604
18396;86,756;0,783879310749473
18397;86,760;0,735180221833151
18398;86,765;0,515388912097558
18399;86,769;0,621822824500218
18400;86,774;0,714175072637918
18401;86,778;0,60762381303305
18402;86,783;0,683312758457213
18403;86,787;0,625929976577498
18404;86,791;0,567491069877912
18405;86,796;0,710654656571678
18406;86,800;0,626868754195162
18407;86,805;0,67345559347174
18408;86,809;0,66934844139446
18409;86,814;0,70232300521491
18410;86,818;0,731190416958079
18411;86,822;0,723445501612351
18412;86,827;0,601052369709401
18413;86,831;0,675919884718108
18414;86,836;0,654445346714044
18415;86,840;0,671343343831996
18416;86,845;0,66054740122886
18417;86,849;0,766629272024896
18418;86,854;0,657965762780284
18419;86,858;0,741751665156799
18420;86,862;0,676154579122525
18421;86,867;0,574297207605976
18422;86,871;0,632501419901147
18423;86,876;0,741399623550175
18424;86,880;0,655149429927292
18425;86,885;0,756654759837216
18426;86,889;0,628511615026075
18427;86,894;0,630037128654779
18428;86,898;0,79878240542989
18429;86,902;0,791154837286369
18430;86,907;0,714996503053374
18431;86,911;0,709715878954014
18432;86,916;0,660664748431068
18433;86,920;0,724384279230015
18434;86,925;0,631093253474651
18435;86,929;0,608562590650714
18436;86,934;0,744333303605375
18437;86,938;0,729899597733791
18438;86,942;0,679322953582141
18439;86,947;0,779420117065569
18440;86,951;0,682608675243965
18441;86,956;0,718282224715198
18442;86,960;0,662542303666396
18443;86,965;0,751843524546688
18444;86,969;0,753603732579808
18445;86,974;0,723914890421183
18446;86,978;0,688476035354365
18447;86,982;0,683430105659421
18448;86,987;0,626634059790746
18449;86,991;0,744685345211999
18450;86,996;0,540735907774487
18451;87,000;0,690940326600733
18452;87,005;0,652802485883132
18453;87,009;0,675919884718108
18454;87,013;0,702205658012702
18455;87,018;0,713236295020254
18456;87,022;0,762522119947616
18457;87,027;0,744567998009791
18458;87,031;0,619593227658266
18459;87,036;0,607741160235258
18460;87,040;0,6728688574607
18461;87,045;0,61818506123177
18462;87,049;0,649751458625723
18463;87,053;0,789511976455457
18464;87,058;0,56995536112428
18465;87,062;0,738348596292767
18466;87,067;0,742455748370047
18467;87,071;0,61231770112137
18468;87,076;0,624404462948794
18469;87,080;0,672516815854076
18470;87,085;0,791389531690785
18471;87,089;0,651159625052219
18472;87,093;0,6582004571847
18473;87,098;0,565613514642584
18474;87,102;0,740460845932511
18475;87,107;0,617715672422938
18476;87,111;0,645057570537403
18477;87,116;0,716169975075454
18478;87,120;0,711945475795966
18479;87,125;0,724266932027807
18480;87,129;0,751256788535648
18481;87,133;0,688358688152157
18482;87,138;0,685894396905789
18483;87,142;0,627455490206203
18484;87,147;0,67345559347174
18485;87,151;0,60469013297785
18486;87,156;0,753369038175392
18487;87,160;0,712532211807006
18488;87,165;0,65291983308534
18489;87,169;0,642945320897659
18490;87,173;0,744098609200959
18491;87,178;0,661603526048732
18492;87,182;0,689414812972029
18493;87,187;0,731190416958079
18494;87,191;0,676623967931357
18495;87,196;0,704552602056862
18496;87,200;0,794088517341569
18497;87,204;0,587674788657689
18498;87,209;0,717812835906366
18499;87,213;0,71053730936947
18500;87,218;0,663715775688476
18501;87,222;0,680027036795389
18502;87,227;0,557281863285816
18503;87,231;0,595302356801209
18504;87,236;0,687654604938909
18505;87,240;0,670639260618748
18506;87,244;0,729782250531583
18507;87,249;0,644588181728571
18508;87,253;0,653858610703004
18509;87,258;0,707955670920894
18510;87,262;0,738465943494975
18511;87,267;0,688710729758781
18512;87,271;0,596945217632121
18513;87,276;0,630154475856987
18514;87,280;0,737879207483935
18515;87,284;0,692817881836061
18516;87,289;0,787751768422337
18517;87,293;0,865905005092868
18518;87,298;0,685307660894749
18519;87,302;0,75407312138864
18520;87,307;0,636373877574011
18521;87,311;0,679674995188765
18522;87,316;0,601873800124857
18523;87,320;0,75465985739968
18524;87,324;0,813568152908098
18525;87,329;0,619241186051642
18526;87,333;0,773787451359585
18527;87,338;0,600348286496153
18528;87,342;0,600700328102777
18529;87,347;0,781180325098689
18530;87,351;0,685190313692541
18531;87,356;0,685425008096957
18532;87,360;0,690588284994109
18533;87,364;0,735649610641983
18534;87,369;0,735884305046399
18535;87,373;0,621940171702426
18536;87,378;0,6611341372399
18537;87,382;0,732246541777951
18538;87,387;0,750200663715776
18539;87,391;0,577700276470008
18540;87,396;0,829292678003971
18541;87,400;0,812629375290434
18542;87,404;0,595185009599001
18543;87,409;0,719103655130654
18544;87,413;0,655149429927292
18545;87,418;0,693639312251517
18546;87,422;0,651159625052219
18547;87,427;0,866843782710533
18548;87,431;0,600935022507193
18549;87,435;0,698333200339837
18550;87,440;0,628042226217242
18551;87,444;0,660078012420028
18552;87,449;0,750083316513568
18553;87,453;0,729312861722751
18554;87,458;0,744450650807583
18555;87,462;0,61231770112137
18556;87,467;0,646700431368315
18557;87,471;0,674159676684988
18558;87,475;0,690353590589693
18559;87,480;0,624287115746586
18560;87,484;0,783175227536225
18561;87,489;0,639072863224795
18562;87,493;0,767802744046976
18563;87,498;0,680731120008637
18564;87,502;0,675450495909277
18565;87,507;0,674511718291612
18566;87,511;0,728843472913919
18567;87,515;0,606685035415386
18568;87,520;0,707251587707646
18569;87,524;0,645292264941819
18570;87,529;0,743511873189919
18571;87,533;0,753838426984224
18572;87,538;0,681904592030717
18573;87,542;0,820374290636163
18574;87,547;0,631210600676859
18575;87,551;0,610674840290458
18576;87,555;0,653389221894172
18577;87,560;0,780593589087649
18578;87,564;0,70173626920387
18579;87,569;0,599174814474073
18580;87,573;0,729312861722751
18581;87,578;0,76580784160944
18582;87,582;0,791624226095201
18583;87,587;0,781884408311937
18584;87,591;0,580281914918584
18585;87,595;0,602108494529273
18586;87,600;0,626047323779706
18587;87,604;0,667236191754716
18588;87,609;0,742221053965631
18589;87,613;0,85287946564778
18590;87,618;0,616776894805274
18591;87,622;0,681083161615261
18592;87,626;0,783057880334017
18593;87,631;0,687889299343325
18594;87,635;0,658435151589116
18595;87,640;0,627807531812826
18596;87,644;0,60469013297785
18597;87,649;0,70466994925907
18598;87,653;0,71288425341363
18599;87,658;0,593776843172505
18600;87,662;0,681552550424093
18601;87,666;0,748909844491488
18602;87,671;0,704787296461278
18603;87,675;0,627572837408411
18604;87,680;0,631093253474651
18605;87,684;0,720863863163774
18606;87,689;0,684603577681501
18607;87,693;0,680379078402013
18608;87,698;0,655384124331708
18609;87,702;0,692583187431645
18610;87,706;0,766511924822688
18611;87,711;0,666649455743676
18612;87,715;0,71757814150195
18613;87,720;0,629919781452571
18614;87,724;0,647639208985979
18615;87,729;0,658317804386908
18616;87,733;0,703261782832574
18617;87,738;0,676623967931357
18618;87,742;0,718282224715198
18619;87,746;0,822134498669283
18620;87,751;0,728843472913919
18621;87,755;0,731073069755871
18622;87,760;0,649868805827931
18623;87,764;0,833165135676835
18624;87,769;0,595067662396793
18625;87,773;0,81286406969485
18626;87,778;0,665006594912764
18627;87,782;0,692700534633853
18628;87,786;0,624287115746586
18629;87,791;0,775078270583873
18630;87,795;0,733420013800031
18631;87,800;0,617950366827354
18632;87,804;0,721919987983646
18633;87,809;0,671225996629788
18634;87,813;0,738348596292767
18635;87,817;0,580751303727416
18636;87,822;0,676506620729149
18637;87,826;0,699037283553085
18638;87,831;0,628863656632698
18639;87,835;0,673924982280572
18640;87,840;0,756772107039424
18641;87,844;0,76580784160944
18642;87,849;0,862971325037668
18643;87,853;0,796552808587938
18644;87,857;0,755715982219552
18645;87,862;0,676858662335773
18646;87,866;0,701266880395038
18647;87,871;0,837037593349699
18648;87,875;0,670404566214332
18649;87,880;0,660078012420028
18650;87,884;0,684720924883709
18651;87,889;0,679322953582141
18652;87,893;0,788925240444417
18653;87,897;0,671578038236412
18654;87,902;0,651746361063259
18655;87,906;0,734828180226527
18656;87,911;0,76639457762048
18657;87,915;0,735180221833151
18658;87,920;0,729547556127167
18659;87,924;0,624991198959834
18660;87,929;0,779537464267777
18661;87,933;0,696807686711133
18662;87,937;0,666180066934844
18663;87,942;0,695516867486845
18664;87,946;0,641889196077787
18665;87,951;0,630858559070235
18666;87,955;0,589904385499641
18667;87,960;0,644940223335195
18668;87,964;0,576292110043512
18669;87,969;0,614312603558906
18670;87,973;0,625695282173082
18671;87,977;0,6728688574607
18672;87,982;0,681904592030717
18673;87,986;0,672164774247452
18674;87,991;0,614547297963322
18675;87,995;0,687889299343325
18676;88,000;0,778598686650113
18677;88,004;0,72285876560131
18678;88,008;0,658669845993532
18679;88,013;0,780241547481025
18680;88,017;0,692348493027229
18681;88,022;0,702792394023742
18682;88,026;0,730603680947039
18683;88,031;0,729312861722751
18684;88,035;0,654797388320668
18685;88,040;0,653271874691964
18686;88,044;0,740460845932511
18687;88,048;0,736353693855231
18688;88,053;0,697277075519965
18689;88,057;0,755715982219552
18690;88,062;0,901226512957478
18691;88,066;0,521608313814582
18692;88,071;0,681435203221885
18693;88,075;0,729195514520543
18694;88,080;0,755950676623968
18695;88,084;0,745389428425247
18696;88,088;0,749731274906944
18697;88,093;0,676154579122525
18698;88,097;0,709481184549598
18699;88,102;0,56115432095868
18700;88,106;0,694695437071389
18701;88,111;0,688123993747741
18702;88,115;0,625929976577498
18703;88,120;0,584623761400281
18704;88,124;0,714996503053374
18705;88,128;0,678149481560061
18706;88,133;0,765925188811648
18707;88,137;0,708659754134142
18708;88,142;0,743042484381087
18709;88,146;0,748440455682656
18710;88,151;0,776134395403745
18711;88,155;0,762522119947616
18712;88,160;0,695986256295677
18713;88,164;0,658083109982492
18714;88,168;0,786578296400257
18715;88,173;0,777073173021409
18716;88,177;0,751256788535648
18717;88,182;0,689062771365405
18718;88,186;0,667118844552508
18719;88,191;0,772027243326465
18720;88,195;0,686950521725661
18721;88,200;0,761348647925536
18722;88,204;0,740343498730303
18723;88,208;0,746797594851743
18724;88,213;0,687185216130077
18725;88,217;0,70525668527011
18726;88,222;0,686833174523453
18727;88,226;0,660312706824444
18728;88,231;0,701853616406078
18729;88,235;0,639659599235835
18730;88,239;0,568664541899992
18731;88,244;0,731659805766911
18732;88,248;0,719573043939486
18733;88,253;0,670756607820956
18734;88,257;0,670991302225372
18735;88,262;0,685894396905789
18736;88,266;0,715935280671038
18737;88,271;0,731659805766911
18738;88,275;0,714527114244542
18739;88,279;0,763695591969696
18740;88,284;0,691292368207357
18741;88,288;0,728022042498463
18742;88,293;0,76404763357632
18743;88,297;0,689532160174237
18744;88,302;0,754777204601888
18745;88,306;0,791037490084161
18746;88,311;0,652685138680924
18747;88,315;0,598940120069657
18748;88,319;0,732363888980159
18749;88,324;0,696690339508925
18750;88,328;0,586853358242233
18751;88,333;0,650220847434555
18752;88,337;0,555052266443863
18753;88,342;0,750904746929024
18754;88,346;0,629215698239323
18755;88,351;0,60586360499993
18756;88,355;0,62053200527593
18757;88,359;0,691761757016189
18758;88,364;0,673807635078364
18759;88,368;0,816032444154466
18760;88,373;0,668409663776796
18761;88,377;0,646583084166107
18762;88,382;0,720394474354942
18763;88,386;0,677210703942397
18764;88,391;0,799251794238722
18765;88,395;0,71523119745779
18766;88,399;0,684720924883709
18767;88,404;0,659139234802364
18768;88,408;0,788455851635585
18769;88,413;0,630623864665819
18770;88,417;0,765925188811648
18771;88,422;0,657496373971452
18772;88,426;0,578404359683256
18773;88,430;0,745037386818623
18774;88,435;0,831052886037091
18775;88,439;0,630037128654779
18776;88,444;0,757710884657088
18777;88,448;0,708073018123102
18778;88,453;0,759588439892416
18779;88,457;0,612552395525786
18780;88,462;0,681787244828509
18781;88,466;0,689884201780861
18782;88,470;0,735062874630943
18783;88,475;0,65878719319574
18784;88,479;0,732833277788991
18785;88,484;0,698685241946462
18786;88,488;0,705726074078942
18787;88,493;0,724736320836639
18788;88,497;0,654327999511836
18789;88,502;0,772027243326465
18790;88,506;0,695399520284637
18791;88,510;0,769445604877888
18792;88,515;0,646700431368315
18793;88,519;0,647404514581563
18794;88,524;0,734241444215487
18795;88,528;0,809461000830818
18796;88,533;0,626047323779706
18797;88,537;0,704787296461278
18798;88,542;0,686129091310205
18799;88,546;0,719221002332862
18800;88,550;0,75583332942176
18801;88,555;0,60351666095577
18802;88,559;0,795027294959234
18803;88,564;0,733537361002239
18804;88,568;0,706312810089982
18805;88,573;0,585914580624569
18806;88,577;0,724971015241055
18807;88,582;0,700797491586206
18808;88,586;0,754894551804096
18809;88,590;0,726261834465343
18810;88,595;0,62522589336425
18811;88,599;0,709833226156222
18812;88,604;0,741751665156799
18813;88,608;0,629685087048155
18814;88,613;0,70173626920387
18815;88,617;0,795966072576898
18816;88,621;0,834221260496707
18817;88,626;0,726496528869759
18818;88,630;0,730721028149247
18819;88,635;0,713705683829086
18820;88,639;0,707368934909854
18821;88,644;0,733772055406655
18822;88,648;0,770032340888928
18823;88,653;0,673807635078364
18824;88,657;0,713588336626878
18825;88,661;0,587674788657689
18826;88,666;0,733889402608863
18827;88,670;0,70936383734739
18828;88,675;0,752195566153312
18829;88,679;0,634496322338683
18830;88,684;0,668996399787836
18831;88,688;0,632618767103355
18832;88,693;0,749848622109152
18833;88,697;0,731307764160287
18834;88,701;0,731425111362495
18835;88,706;0,580164567716376
18836;88,710;0,753251690973184
18837;88,715;0,720981210365982
18838;88,719;0,711828128593758
18839;88,724;0,701501574799454
18840;88,728;0,729312861722751
18841;88,733;0,784466046760513
18842;88,737;0,838797801382819
18843;88,741;0,710302614965054
18844;88,746;0,770971118506593
18845;88,750;0,694226048262557
18846;88,755;0,650690236243388
18847;88,759;0,703613824439198
18848;88,764;0,742221053965631
18849;88,768;0,633205503114395
18850;88,773;0,683312758457213
18851;88,777;0,84525189750426
18852;88,781;0,679557647986557
18853;88,786;0,663833122890684
18854;88,790;0,65878719319574
18855;88,795;0,726144487263135
18856;88,799;0,633792239125435
18857;88,804;0,742103706763423
18858;88,808;0,6552667771295
18859;88,812;0,678501523166685
18860;88,817;0,702205658012702
18861;88,821;0,724032237623391
18862;88,826;0,707955670920894
18863;88,830;0,679792342390973
18864;88,835;0,665945372530428
18865;88,839;0,7622874255432
18866;88,844;0,703848518843614
18867;88,848;0,682139286435133
18868;88,852;0,731307764160287
18869;88,857;0,578873748492088
18870;88,861;0,679792342390973
18871;88,866;0,686833174523453
18872;88,870;0,823777359500195
18873;88,875;0,692465840229437
18874;88,879;0,731894500171327
18875;88,884;0,760761911914496
18876;88,888;0,888553015119014
18877;88,892;0,759823134296832
18878;88,897;0,798430363823266
18879;88,901;0,801364043878466
18880;88,906;0,634731016743099
18881;88,910;0,731894500171327
18882;88,915;0,700797491586206
18883;88,919;0,727787348094047
18884;88,924;0,699037283553085
18885;88,928;0,670991302225372
18886;88,932;0,824950831522275
18887;88,937;0,732598583384575
18888;88,941;0,689297465769821
18889;88,946;0,728608778509503
18890;88,950;0,769680299282305
18891;88,955;0,777894603436865
18892;88,959;0,686715827321245
18893;88,964;0,622057518904634
18894;88,968;0,700680144383998
18895;88,972;0,776017048201537
18896;88,977;0,777190520223617
18897;88,981;0,849241702379332
18898;88,986;0,726496528869759
18899;88,990;0,781297672300897
18900;88,995;0,744098609200959
18901;88,999;0,678501523166685
18902;89,003;0,589552343893017
18903;89,008;0,623700379735546
18904;89,012;0,804884459944706
18905;89,017;0,71229751740259
18906;89,021;0,75818027346592
18907;89,026;0,61935853325385
18908;89,030;0,738935332303807
18909;89,035;0,690705632196317
18910;89,039;0,755598635017344
18911;89,043;0,726144487263135
18912;89,048;0,669113746990044
18913;89,052;0,788455851635585
18914;89,057;0,717695488704158
18915;89,061;0,789511976455457
18916;89,066;0,671460691034204
18917;89,070;0,848068230357252
18918;89,075;0,623817726937754
18919;89,079;0,742925137178879
18920;89,083;0,70349647723699
18921;89,088;0,771440507315425
18922;89,092;0,724266932027807
18923;89,097;0,688358688152157
18924;89,101;0,772731326539713
18925;89,106;0,660312706824444
18926;89,110;0,825654914735523
18927;89,115;0,767098660833728
18928;89,119;0,662542303666396
18929;89,123;0,810986514459522
18930;89,128;0,755950676623968
18931;89,132;0,701970963608286
18932;89,137;0,649868805827931
18933;89,141;0,732715930586783
18934;89,146;0,875527475673925
18935;89,150;0,830583497228259
18936;89,155;0,70173626920387
18937;89,159;0,757828231859296
18938;89,163;0,752664954962144
18939;89,168;0,753134343770976
18940;89,172;0,680261731199805
18941;89,177;0,696690339508925
18942;89,181;0,637077960787259
18943;89,186;0,72285876560131
18944;89,190;0,755715982219552
18945;89,195;0,724736320836639
18946;89,199;0,745389428425247
18947;89,203;0,822603887478115
18948;89,208;0,770267035293345
18949;89,212;0,698215853137629
18950;89,217;0,558337988105688
18951;89,221;0,727787348094047
18952;89,226;0,709246490145182
18953;89,230;0,852644771243364
18954;89,234;0,692935229038269
18955;89,239;0,80699670958445
18956;89,243;0,751608830142272
18957;89,248;0,767450702440352
18958;89,252;0,727200612083007
18959;89,257;0,806762015180034
18960;89,261;0,680848467210845
18961;89,266;0,717695488704158
18962;89,270;0,706782198898814
18963;89,274;0,753016996568768
18964;89,279;0,849007007974916
18965;89,283;0,722506723994687
18966;89,288;0,802420168698338
18967;89,292;0,864379491464164
18968;89,297;0,690236243387485
18969;89,301;0,668879052585628
18970;89,306;0,70584342128115
18971;89,310;0,65468004111846
18972;89,314;0,805588543157954
18973;89,319;0,692231145825021
18974;89,323;0,827767164375267
18975;89,328;0,764282327980736
18976;89,332;0,643766751313115
18977;89,337;0,656205554747164
18978;89,341;0,786108907591425
18979;89,346;0,753955774186432
18980;89,350;0,707720976516478
18981;89,354;0,612200353919162
18982;89,359;0,768858868866848
18983;89,363;0,705491379674526
18984;89,368;0,747501678064992
18985;89,372;0,824129401106819
18986;89,377;0,793032392521697
18987;89,381;0,733772055406655
18988;89,386;0,682139286435133
18989;89,390;0,75407312138864
18990;89,394;0,784466046760513
18991;89,399;0,632032031092315
18992;89,403;0,724618973634431
18993;89,408;0,790333406870913
18994;89,412;0,740578193134719
18995;89,417;0,706782198898814
18996;89,421;0,793384434128321
18997;89,425;0,715583239064414
18998;89,430;0,775312964988289
18999;89,434;0,681435203221885
19000;89,439;0,74879249728928
19001;89,443;0,72109855756819
19002;89,448;0,71581793346883
19003;89,452;0,632501419901147
19004;89,457;0,66817496937238
19005;89,461;0,731425111362495
19006;89,465;0,725557751252095
19007;89,470;0,679792342390973
19008;89,474;0,84349168947114
19009;89,479;0,819787554625123
19010;89,483;0,707955670920894
19011;89,488;0,71992508554611
19012;89,492;0,662776998070812
19013;89,497;0,729782250531583
19014;89,501;0,761583342329952
19015;89,505;0,730486333744831
19016;89,510;0,825068178724483
19017;89,514;0,680144383997597
19018;89,519;0,732363888980159
19019;89,523;0,845955980717508
19020;89,528;0,746680247649536
19021;89,532;0,651394319456636
19022;89,537;0,703613824439198
19023;89,541;0,714879155851166
19024;89,545;0,728608778509503
19025;89,550;0,61994526926489
19026;89,554;0,661251484442108
19027;89,559;0,791154837286369
19028;89,563;0,813216111301474
19029;89,568;0,822251845871491
19030;89,572;0,717226099895326
19031;89,577;0,752782302164352
19032;89,581;0,8605070337913
19033;89,585;0,666297414137052
19034;89,590;0,66054740122886
19035;89,594;0,855578451298564
19036;89,599;0,785522171580385
19037;89,603;0,872593795618725
19038;89,608;0,807348751191074
19039;89,612;0,767333355238144
19040;89,616;0,811221208863938
19041;89,621;0,777073173021409
19042;89,625;0,818027346592002
19043;89,630;0,717226099895326
19044;89,634;0,767333355238144
19045;89,639;0,768037438451392
19046;89,643;0,794205864543778
19047;89,648;0,665593330923804
19048;89,652;0,749261886098112
19049;89,656;0,848654966368292
19050;89,661;0,745976164436287
19051;89,665;0,749027191693696
19052;89,670;0,701384227597246
19053;89,674;0,635552447158555
19054;89,679;0,783996657951681
19055;89,683;0,698802589148669
19056;89,688;0,787282379613505
19057;89,692;0,775547659392705
19058;89,696;0,761231300723328
19059;89,701;0,722976112803518
19060;89,705;0,859568256173636
19061;89,710;0,747266983660576
19062;89,714;0,680027036795389
19063;89,719;0,749261886098112
19064;89,723;0,644236140121947
19065;89,728;0,797960975014434
19066;89,732;0,76991499368672
19067;89,736;0,79878240542989
19068;89,741;0,667705580563548
19069;89,745;0,846894758335172
19070;89,750;0,757945579061504
19071;89,754;0,680379078402013
19072;89,759;0,718868960726238
19073;89,763;0,655384124331708
19074;89,768;0,804415071135874
19075;89,772;0,739874109921471
19076;89,776;0,696220950700093
19077;89,781;0,845369244706468
19078;89,785;0,714879155851166
19079;89,790;0,76991499368672
19080;89,794;0,855695798500772
19081;89,799;0,79584872537469
19082;89,803;0,851001910412452
19083;89,807;0,810399778448482
19084;89,812;0,769680299282305
19085;89,816;0,784114005153889
19086;89,821;0,713118947818046
19087;89,825;0,779537464267777
19088;89,830;0,779537464267777
19089;89,834;0,720159779950526
19090;89,839;0,747971066873824
19091;89,843;0,687302563332285
19092;89,847;0,737644513079519
19093;89,852;0,875996864482757
19094;89,856;0,731190416958079
19095;89,861;0,736236346653023
19096;89,865;0,587792135859897
19097;89,870;0,79350178133053
19098;89,874;0,671930079843036
19099;89,879;0,793853822937153
19100;89,883;0,780241547481025
19101;89,887;0,846894758335172
19102;89,892;0,707251587707646
19103;89,896;0,696572992306717
19104;89,901;0,646348389761691
19105;89,905;0,736353693855231
19106;89,910;0,807114056786658
19107;89,914;0,829057983599555
19108;89,919;0,879047891740165
19109;89,923;0,902752026586182
19110;89,927;0,728374084105087
19111;89,932;0,76111395352112
19112;89,936;0,718986307928446
19113;89,941;0,676154579122525
19114;89,945;0,788455851635585
19115;89,950;0,811455903268354
19116;89,954;0,846894758335172
19117;89,959;0,760761911914496
19118;89,963;0,826241650746563
19119;89,967;0,729430208924959
19120;89,972;0,817557957783171
19121;89,976;0,821313068253827
19122;89,981;0,835277385316579
19123;89,985;0,79936914144093
19124;89,990;0,670873955023164
19125;89,994;0,803945682327042
19126;89,998;0,869894809967941
19127;90,003;0,726144487263135
19128;90,007;0,707838323718686
19129;90,012;0,809578348033026
19130;90,016;0,819787554625123
19131;90,021;0,840440662213731
19132;90,025;0,702205658012702
19133;90,030;0,821547762658243
19134;90,034;0,857456006533892
19135;90,038;0,771088465708801
19136;90,043;0,733067972193407
19137;90,047;0,750670052524608
19138;90,052;0,755481287815136
19139;90,056;0,814741624930178
19140;90,061;0,689884201780861
19141;90,065;0,787751768422337
19142;90,070;0,70349647723699
19143;90,074;0,633440197518811
19144;90,078;0,746328206042912
19145;90,083;0,759705787094624
19146;90,087;0,800307919058594
19147;90,092;0,722976112803518
19148;90,096;0,84701210553738
19149;90,101;0,788925240444417
19150;90,105;0,849593743985956
19151;90,110;0,714761808648958
19152;90,114;0,745506775627455
19153;90,118;0,774022145764001
19154;90,123;0,781767061109729
19155;90,127;0,834925343709955
19156;90,132;0,774608881775041
19157;90,136;0,632736114305563
19158;90,141;0,829175330801763
19159;90,145;0,79584872537469
19160;90,150;0,712062822998174
19161;90,154;0,766863966429312
19162;90,158;0,850297827199204
19163;90,163;0,729078167318335
19164;90,167;0,796318114183522
19165;90,172;0,773318062550753
19166;90,176;0,749848622109152
19167;90,181;0,796200766981314
19168;90,185;0,719103655130654
19169;90,190;0,784818088367137
19170;90,194;0,803006904709378
19171;90,198;0,745858817234079
19172;90,203;0,608679937852922
19173;90,207;0,80054261346301
19174;90,212;0,807818139999906
19175;90,216;0,81286406969485
19176;90,221;0,820022249029539
19177;90,225;0,76111395352112
19178;90,229;0,80758344559549
19179;90,234;0,745976164436287
19180;90,238;0,798665058227682
19181;90,243;0,790450754073121
19182;90,247;0,691644409813981
19183;90,252;0,691409715409565
19184;90,256;0,788338504433377
19185;90,261;0,6582004571847
19186;90,265;0,763578244767488
19187;90,269;0,843726383875556
19188;90,274;0,807935487202114
19189;90,278;0,782588491525185
19190;90,283;0,731659805766911
19191;90,287;0,797491586205602
19192;90,292;0,756889454241632
19193;90,296;0,819552860220707
19194;90,301;0,740695540336927
19195;90,305;0,785404824378177
19196;90,309;0,729547556127167
19197;90,314;0,756068023826176
19198;90,318;0,84818557755946
19199;90,323;0,701853616406078
19200;90,327;0,768858868866848
19201;90,332;0,793032392521697
19202;90,336;0,762404772745408
19203;90,341;0,742807789976671
19204;90,345;0,643414709706491
19205;90,349;0,732363888980159
19206;90,354;0,682608675243965
19207;90,358;0,804767112742498
19208;90,363;0,740695540336927
19209;90,367;0,802420168698338
19210;90,372;0,795027294959234
19211;90,376;0,732833277788991
19212;90,381;0,841144745426979
19213;90,385;0,737409818675103
19214;90,389;0,818144693794211
19215;90,394;0,75524659341072
19216;90,398;0,782823185929601
19217;90,403;0,772966020944129
19218;90,407;0,690822979398525
19219;90,412;0,841144745426979
19220;90,416;0,84231821744906
19221;90,420;0,781649713907521
19222;90,425;0,807700792797698
19223;90,429;0,814389583323554
19224;90,434;0,747501678064992
19225;90,438;0,74937923330032
19226;90,443;0,879869322155621
19227;90,447;0,771323160113217
19228;90,452;0,890313223152134
19229;90,456;0,79350178133053
19230;90,460;0,86402744985754
19231;90,465;0,826945733959811
19232;90,469;0,739404721112639
19233;90,474;0,836216162934243
19234;90,478;0,850884563210244
19235;90,483;0,808639570415362
19236;90,487;0,881981571795365
19237;90,492;0,685072966490333
19238;90,496;0,810047736841858
19239;90,500;0,801246696676258
19240;90,505;0,839619231798275
19241;90,509;0,901813248968518
19242;90,514;0,788455851635585
19243;90,518;0,834221260496707
19244;90,523;0,857925395342724
19245;90,527;0,842787606257892
19246;90,532;0,843256995066724
19247;90,536;0,675685190313693
19248;90,540;0,869190726754693
19249;90,545;0,881864224593157
19250;90,549;0,89876222171111
19251;90,554;0,811221208863938
19252;90,558;0,797726280610018
19253;90,563;0,746680247649536
19254;90,567;0,960956238881353
19255;90,572;0,829292678003971
19256;90,576;0,843961078279972
19257;90,580;0,937721492844168
19258;90,585;0,843961078279972
19259;90,589;0,853583548861028
19260;90,594;0,86168050581338
19261;90,598;0,950277643480424
19262;90,603;0,804180376731458
19263;90,607;0,831991663654755
19264;90,611;0,857808048140516
19265;90,616;0,869542768361317
19266;90,620;0,783409921940641
19267;90,625;0,887614237501349
19268;90,629;0,818731429805251
19269;90,634;0,791389531690785
19270;90,638;0,773904798561793
19271;90,643;0,867195824317157
19272;90,647;0,877170336504837
19273;90,651;0,774960923381665
19274;90,656;0,761348647925536
19275;90,660;0,811925292077186
19276;90,665;0,838915148585027
19277;90,669;0,755950676623968
19278;90,674;0,884797904648357
19279;90,678;1,00296653727182
19280;90,683;0,797256891801186
19281;90,687;0,931267396722727
19282;90,691;0,725440404049887
19283;90,696;0,703731171641406
19284;90,700;0,682843369648381
19285;90,705;0,776134395403745
19286;90,709;0,860154992184676
19287;90,714;0,848302924761668
19288;90,718;0,766863966429312
19289;90,723;0,768506827260224
19290;90,727;0,817440610580963
19291;90,731;0,716169975075454
19292;90,736;0,735180221833151
19293;90,740;0,76991499368672
19294;90,745;0,753369038175392
19295;90,749;0,875292781269509
19296;90,754;0,724266932027807
19297;90,758;0,684134188872669
19298;90,763;0,774491534572833
19299;90,767;0,90521631783255
19300;90,771;0,85639988171402
19301;90,776;0,794792600554817
19302;90,780;0,765338452800608
19303;90,785;0,771557854517633
19304;90,789;0,70760362931427
19305;90,794;0,777425214628033
19306;90,798;0,768624174462432
19307;90,802;0,867899907530405
19308;90,807;0,866257046699493
19309;90,811;0,667822927765756
19310;90,816;0,788338504433377
19311;90,820;0,817909999389794
19312;90,825;0,783175227536225
19313;90,829;0,715113850255582
19314;90,834;0,804415071135874
19315;90,838;0,755363940612928
19316;90,842;0,80112934947405
19317;90,847;0,86402744985754
19318;90,851;0,789042587646625
19319;90,856;0,748440455682656
19320;90,860;0,699858713968541
19321;90,865;0,828001858779683
19322;90,869;0,740460845932511
19323;90,874;0,934435771182343
19324;90,878;0,838797801382819
19325;90,882;0,795027294959234
19326;90,887;0,848068230357252
19327;90,891;0,886088723872645
19328;90,896;0,895359152847078
19329;90,900;0,682726022446173
19330;90,905;0,824950831522275
19331;90,909;0,840558009415939
19332;90,914;0,784466046760513
19333;90,918;0,84231821744906
19334;90,922;0,791858920499617
19335;90,927;0,875996864482757
19336;90,931;0,833165135676835
19337;90,936;0,858629478555972
19338;90,940;0,728374084105087
19339;90,945;0,808287528808738
19340;90,949;0,90814999788775
19341;90,954;0,866257046699493
19342;90,958;0,66758823336134
19343;90,962;0,835981468529827
19344;90,967;0,787634421220129
19345;90,971;0,902752026586182
19346;90,976;0,731777152969119
19347;90,980;0,823425317893571
19348;90,985;0,980787916054505
19349;90,989;0,733654708204447
19350;90,994;0,670287219012124
19351;90,998;0,821547762658243
19352;91,002;0,790333406870913
19353;91,007;0,750435358120192
19354;91,011;0,646348389761691
19355;91,016;0,812746722492642
19356;91,020;0,832813094070211
19357;91,025;0,752078218951104
19358;91,029;0,74879249728928
19359;91,033;0,787986462826753
19360;91,038;0,666766802945884
19361;91,042;0,774491534572833
19362;91,047;0,912609191571655
19363;91,051;0,66817496937238
19364;91,056;0,737527165877311
19365;91,060;0,834925343709955
19366;91,065;0,878695850133541
19367;91,069;0,740578193134719
19368;91,073;0,863206019442084
19369;91,078;0,785170129973761
19370;91,082;0,736588388259647
19371;91,087;0,669700483001084
19372;91,091;0,855695798500772
19373;91,096;0,856165187309604
19374;91,100;0,713588336626878
19375;91,105;0,821430415456035
19376;91,109;0,849124355177124
19377;91,113;0,80288955750717
19378;91,118;0,775547659392705
19379;91,122;0,764986411193984
19380;91,127;0,779185422661153
19381;91,131;0,886440765479269
19382;91,136;0,825654914735523
19383;91,140;0,758062926263712
19384;91,145;1,02268086724276
19385;91,149;0,801950779889506
19386;91,153;0,845486591908676
19387;91,158;0,81110386166173
19388;91,162;0,731894500171327
19389;91,167;0,813802847312514
19390;91,171;0,854874368085316
19391;91,176;0,855343756894148
19392;91,180;0,863675408250916
19393;91,185;0,794792600554817
19394;91,189;0,662190262059772
19395;91,193;0,747853719671616
19396;91,198;0,808287528808738
19397;91,202;0,811573250470562
19398;91,207;0,643414709706491
19399;91,211;0,808874264819778
19400;91,216;0,830231455621635
19401;91,220;0,792093614904033
19402;91,224;0,932558215947015
19403;91,229;0,771675201719841
19404;91,233;0,859685603375844
19405;91,238;0,726496528869759
19406;91,242;0,948517435447304
19407;91,247;0,638486127213755
19408;91,251;0,896532624869158
19409;91,256;0,766159883216064
19410;91,260;0,864496838666373
19411;91,264;0,770384382495553
19412;91,269;0,861915200217796
19413;91,273;0,727787348094047
19414;91,278;0,776721131414785
19415;91,282;0,812981416897058
19416;91,287;0,837741676562947
19417;91,291;0,819200818614083
19418;91,296;0,797960975014434
19419;91,300;0,689532160174237
19420;91,304;0,763930286374112
19421;91,309;0,817557957783171
19422;91,313;0,813920194514722
19423;91,318;0,71405772543571
19424;91,322;0,803358946316002
19425;91,327;0,815915096952258
19426;91,331;0,812629375290434
19427;91,336;0,650338194636763
19428;91,340;0,818966124209667
19429;91,344;0,784583393962721
19430;91,349;0,75172617734448
19431;91,353;0,874236656449637
19432;91,358;0,768272132855808
19433;91,362;0,71523119745779
19434;91,367;0,944527630572232
19435;91,371;0,854522326478692
19436;91,376;0,860154992184676
19437;91,380;0,886792807085893
19438;91,384;0,839149842989443
19439;91,389;0,769797646484512
19440;91,393;0,846073327919716
19441;91,398;0,797139544598978
19442;91,402;0,875058086865093
19443;91,407;0,865552963486245
19444;91,411;0,843022300662308
19445;91,415;0,790450754073121
19446;91,420;0,786930338006881
19447;91,424;0,818966124209667
19448;91,429;0,830935538834883
19449;91,433;0,786460949198049
19450;91,438;0,684486230479293
19451;91,442;0,749027191693696
19452;91,447;0,775899700999329
19453;91,451;0,739522068314847
19454;91,455;0,693521965049309
19455;91,460;0,958257253230568
19456;91,464;0,834807996507747
19457;91,469;0,823777359500195
19458;91,473;0,797374239003394
19459;91,478;0,887848931905765
19460;91,482;0,874354003651845
19461;91,487;0,820726332242787
19462;91,491;0,832343705261379
19463;91,495;0,883741779828485
19464;91,500;0,80288955750717
19465;91,504;0,887966279107973
19466;91,509;0,890195875949926
19467;91,513;0,80934365362861
19468;91,518;0,766629272024896
19469;91,522;0,815093666536802
19470;91,527;0,79350178133053
19471;91,531;0,84349168947114
19472;91,535;0,80406302952925
19473;91,540;0,804532418338082
19474;91,544;0,719690391141694
19475;91,549;0,829879414015011
19476;91,553;0,823190623489155
19477;91,558;0,826945733959811
19478;91,562;0,910262247527494
19479;91,567;0,689414812972029
19480;91,571;0,69997606117075
19481;91,575;0,700093408372958
19482;91,580;0,898410180104486
19483;91,584;0,732950624991199
19484;91,589;0,80347629351821
19485;91,593;0,776955825819201
19486;91,598;0,928803105476359
19487;91,602;0,823777359500195
19488;91,606;0,861915200217796
19489;91,611;0,779185422661153
19490;91,615;0,734124097013279
19491;91,620;0,744333303605375
19492;91,624;0,814858972132386
19493;91,629;0,818379388198627
19494;91,633;0,754542510197472
19495;91,638;0,949573560267176
19496;91,642;0,789394629253249
19497;91,646;0,784348699558305
19498;91,651;0,731894500171327
19499;91,655;0,881160141379909
19500;91,660;0,864144797059748
19501;91,664;0,862619283431044
19502;91,669;0,749848622109152
19503;91,673;0,936313326417672
19504;91,678;0,845486591908676
19505;91,682;0,836216162934243
19506;91,686;0,799251794238722
19507;91,691;0,832813094070211
19508;91,695;0,850415174401412
19509;91,700;0,851823340827908
19510;91,704;0,833986566092291
19511;91,709;0,797139544598978
19512;91,713;0,777190520223617
19513;91,718;0,906624484259046
19514;91,722;0,780828283492065
19515;91,726;0,791154837286369
19516;91,731;0,806057931966786
19517;91,735;0,792915045319489
19518;91,740;0,893833639218374
19519;91,744;0,872593795618725
19520;91,749;0,777307867425825
19521;91,753;0,846073327919716
19522;91,758;0,76346089756528
19523;91,762;0,844782508695428
19524;91,766;0,800777307867426
19525;91,771;0,782823185929601
19526;91,775;0,713353642222462
19527;91,780;0,859685603375844
19528;91,784;0,799017099834306
19529;91,789;0,925752078218951
19530;91,793;0,89817548570007
19531;91,797;0,768624174462432
19532;91,802;0,926221467027783
19533;91,806;0,829644719610595
19534;91,811;0,845369244706468
19535;91,815;0,845603939110884
19536;91,820;0,845721286313092
19537;91,824;0,836450857338659
19538;91,829;0,854991715287524
19539;91,833;0,784466046760513
19540;91,837;0,740930234741343
19541;91,842;0,928333716667527
19542;91,846;0,830466150026051
19543;91,851;0,888670362321222
19544;91,855;0,792915045319489
19545;91,860;0,774139492966209
19546;91,864;0,808052834404322
19547;91,869;0,815093666536802
19548;91,873;0,781649713907521
19549;91,877;0,89993569373319
19550;91,882;0,93643067361988
19551;91,886;0,80288955750717
19552;91,891;0,776838478616993
19553;91,895;0,8458386335153
19554;91,900;0,85581314570298
19555;91,904;0,70290974122595
19556;91,909;0,891369347972006
19557;91,913;0,828588594790723
19558;91,917;0,897236708082406
19559;91,922;0,837154940551907
19560;91,926;0,84525189750426
19561;91,931;0,809108959224194
19562;91,935;1,00683899494468
19563;91,940;0,875292781269509
19564;91,944;0,813333458503682
19565;91,949;0,839501884596067
19566;91,953;0,815445708143426
19567;91,957;0,787634421220129
19568;91,962;0,841262092629187
19569;91,966;0,760996606318912
19570;91,971;0,84407842548218
19571;91,975;0,81462427772797
19572;91,980;0,848420271963876
19573;91,984;0,783527269142849
19574;91,989;0,80582323756237
19575;91,993;0,955675614781992
19576;91,997;0,751022094131232
19577;92,002;0,871068281990021
19578;92,006;0,786930338006881
19579;92,011;0,776251742605953
19580;92,015;0,969639931844745
19581;92,020;0,890665264758758
19582;92,024;0,803358946316002
19583;92,028;0,875762170078341
19584;92,033;0,837859023765155
19585;92,037;0,730134292138207
19586;92,042;0,811455903268354
19587;92,046;0,832109010856963
19588;92,051;0,803124251911586
19589;92,055;0,793853822937153
19590;92,060;0,741516970752383
19591;92,064;0,919180634895303
19592;92,068;0,684603577681501
19593;92,073;0,886323418277061
19594;92,077;0,791506878892993
19595;92,082;0,874588698056261
19596;92,086;0,79643546138573
19597;92,091;0,829527372408387
19598;92,095;0,812394680886018
19599;92,100;0,735414916237567
19600;92,104;0,882450960604197
19601;92,108;0,712532211807006
19602;92,113;0,906507137056838
19603;92,117;0,812042639279394
19604;92,122;0,857808048140516
19605;92,126;0,854522326478692
19606;92,131;0,910144900325286
19607;92,135;0,748440455682656
19608;92,140;0,853231507254404
19609;92,144;0,962716446914473
19610;92,148;0,864966227475204
19611;92,153;0,745389428425247
19612;92,157;0,847950883155044
19613;92,162;0,838211065371779
19614;92,166;0,79878240542989
19615;92,171;0,883741779828485
19616;92,175;0,864614185868581
19617;92,180;0,859098867364804
19618;92,184;0,769797646484512
19619;92,188;0,898410180104486
19620;92,193;0,901930596170726
19621;92,197;0,803241599113794
19622;92,202;0,869542768361317
19623;92,206;0,869425421159109
19624;92,211;0,876583600493797
19625;92,215;0,848302924761668
19626;92,219;0,856869270522852
19627;92,224;0,861915200217796
19628;92,228;0,701501574799454
19629;92,233;0,867078477114949
19630;92,237;0,90286937378839
19631;92,242;0,70349647723699
19632;92,246;0,814154888919138
19633;92,251;0,938308228855208
19634;92,255;0,830348802823843
19635;92,259;0,743863914796543
19636;92,264;0,866374393901701
19637;92,268;0,784700741164929
19638;92,273;0,926925550241031
19639;92,277;0,864262144261956
19640;92,282;0,880690752571077
19641;92,286;0,875879517280549
19642;92,291;0,989706303422314
19643;92,295;0,806879362382242
19644;92,299;0,84759884154842
19645;92,304;0,844547814291012
19646;92,308;0,788690546040001
19647;92,313;0,965650126969673
19648;92,317;0,807114056786658
19649;92,322;0,850063132794788
19650;92,326;0,685425008096957
19651;92,331;0,815563055345634
19652;92,335;0,812159986481602
19653;92,339;0,866022352295077
19654;92,344;0,81462427772797
19655;92,348;0,724266932027807
19656;92,353;0,854170284872068
19657;92,357;0,856869270522852
19658;92,362;0,887966279107973
19659;92,366;0,864848880272996
19660;92,371;0,837859023765155
19661;92,375;0,879517280548997
19662;92,379;0,843374342268932
19663;92,384;0,764517022385152
19664;92,388;0,89934895772215
19665;92,393;0,989119567411274
19666;92,397;0,734124097013279
19667;92,402;0,65878719319574
19668;92,406;0,840910051022563
19669;92,410;0,81521101373901
19670;92,415;0,838328412573987
19671;92,419;0,787869115624545
19672;92,424;0,798313016621058
19673;92,428;1,05049215416606
19674;92,433;0,787986462826753
19675;92,437;0,877052989302629
19676;92,442;0,859098867364804
19677;92,446;0,826476345150979
19678;92,450;0,8458386335153
19679;92,455;0,751256788535648
19680;92,459;0,844313119886596
19681;92,464;0,771792548922049
19682;92,468;0,785052782771553
19683;92,473;0,707955670920894
19684;92,477;0,737644513079519
19685;92,482;0,868369296339237
19686;92,486;0,797843627812226
19687;92,490;0,840088620607107
19688;92,495;0,759119051083584
19689;92,499;0,820139596231747
19690;92,504;0,855461104096356
19691;92,508;0,862149894622212
19692;92,513;0,872241754012101
19693;92,517;0,818027346592002
19694;92,522;0,828001858779683
19695;92,526;0,890195875949926
19696;92,530;0,768976216069056
19697;92,535;0,818731429805251
19698;92,539;0,794205864543778
19699;92,544;0,893364250409542
19700;92,548;0,9469919218186
19701;92,553;0,931502091127143
19702;92,557;0,950042949076008
19703;92,562;0,783761963547265
19704;92,566;0,764282327980736
19705;92,570;0,824833484320067
19706;92,575;0,733302666597823
19707;92,579;0,795496683768066
19708;92,584;0,81286406969485
19709;92,588;0,778833381054529
19710;92,593;1,03230333782382
19711;92,597;0,916012260435687
19712;92,601;0,903221415395014
19713;92,606;0,91108367794295
19714;92,610;0,724501626432223
19715;92,615;0,922583703759335
19716;92,619;0,785170129973761
19717;92,624;0,870129504372357
19718;92,628;0,876114211684965
19719;92,633;0,756185371028384
19720;92,637;1,09097693892782
19721;92,641;0,8605070337913
19722;92,646;0,783409921940641
19723;92,650;0,846660063930756
19724;92,655;0,850767216008036
19725;92,659;0,927277591847655
19726;92,664;0,900639776946438
19727;92,668;0,830818191632675
19728;92,673;0,769680299282305
19729;92,677;0,843843731077764
19730;92,681;0,848302924761668
19731;92,686;0,949104171458344
19732;92,690;0,812629375290434
19733;92,695;0,847833535952836
19734;92,699;0,820726332242787
19735;92,704;0,904512234619302
19736;92,708;0,93995108968612
19737;92,713;0,772144590528673
19738;92,717;0,825772261937731
19739;92,721;0,827415122768643
19740;92,726;0,767216008035936
19741;92,730;0,883507085424069
19742;92,735;1,07443098341649
19743;92,739;0,812981416897058
19744;92,744;0,895359152847078
19745;92,748;0,781062977896481
19746;92,753;0,821547762658243
19747;92,757;0,788103810028961
19748;92,761;0,860272339386884
19749;92,766;0,829057983599555
19750;92,770;0,784583393962721
19751;92,775;0,924930647803495
19752;92,779;0,941007214505992
19753;92,784;0,739052679506015
19754;92,788;0,969991973451369
19755;92,792;0,84349168947114
19756;92,797;0,877874419718085
19757;92,801;0,953563365142248
19758;92,806;0,892777514398502
19759;92,810;0,785639518782593
19760;92,815;0,922349009354919
19761;92,819;0,842083523044644
19762;92,824;0,924930647803495
19763;92,828;0,905685706641382
19764;92,832;0,919884718108551
19765;92,837;0,874001962045221
19766;92,841;0,802068127091714
19767;92,846;0,882685655008613
19768;92,850;0,851588646423492
19769;92,855;0,989588956220106
19770;92,859;0,864966227475204
19771;92,864;0,781767061109729
19772;92,868;0,711828128593758
19773;92,872;0,777542561830241
19774;92,877;0,936313326417672
19775;92,881;0,956145003590824
19776;92,886;0,837976370967363
19777;92,890;0,836685551743075
19778;92,895;0,80993038963965
19779;92,899;0,838445759776195
19780;92,904;0,849828438390372
19781;92,908;0,90404284581047
19782;92,912;0,881160141379909
19783;92,917;0,956614392399656
19784;92,921;0,832695746868003
19785;92,926;0,976915458381641
19786;92,930;0,90228263777735
19787;92,935;0,884445863041733
19788;92,939;0,883037696615237
19789;92,944;0,895476500049286
19790;92,948;0,767450702440352
19791;92,952;0,830583497228259
19792;92,957;0,76932825767568
19793;92,961;0,843256995066724
19794;92,966;0,813568152908098
19795;92,970;0,98994099782673
19796;92,975;0,81462427772797
19797;92,979;0,811455903268354
19798;92,984;0,821665109860451
19799;92,988;0,849007007974916
19800;92,992;0,876348906089381
19801;92,997;0,904512234619302
19802;93,001;0,702675046821534
19803;93,006;0,919415329299719
19804;93,010;0,800894655069634
19805;93,015;0,89524180564487
19806;93,019;0,872711142820933
19807;93,023;0,825889609139939
19808;93,028;0,832930441272419
19809;93,032;0,846894758335172
19810;93,037;0,909206122707622
19811;93,041;0,913665316391527
19812;93,046;0,956497045197448
19813;93,050;0,876231558887173
19814;93,055;0,827884511577475
19815;93,059;0,772144590528673
19816;93,063;0,984190984918538
19817;93,068;0,991231817051018
19818;93,072;0,861328464206756
19819;93,077;0,684955619288125
19820;93,081;0,898292832902278
19821;93,086;0,864496838666373
19822;93,090;0,90286937378839
19823;93,095;0,909558164314246
19824;93,099;0,868838685148069
19825;93,103;0,775312964988289
19826;93,108;0,880573405368869
19827;93,112;0,85346620165882
19828;93,117;0,957083781208488
19829;93,121;0,877757072515877
19830;93,126;0,849828438390372
19831;93,130;0,785874213187009
19832;93,135;0,815328360941218
19833;93,139;0,898058138497862
19834;93,143;0,930211271902855
19835;93,148;0,970813403866825
19836;93,152;0,996043052341546
19837;93,157;0,933027604755847
19838;93,161;0,778833381054529
19839;93,166;0,881512182986533
19840;93,170;0,939599048079496
19841;93,175;0,852410076838948
19842;93,179;0,657496373971452
19843;93,183;0,856751923320644
19844;93,188;0,958022558826152
19845;93,192;0,787282379613505
19846;93,197;0,866726435508325
19847;93,201;0,845603939110884
19848;93,206;0,916951038053351
19849;93,210;0,952155198715752
19850;93,214;1,05412991743451
19851;93,219;0,84994578559258
19852;93,223;0,887379543096933
19853;93,228;0,975037903146313
19854;93,232;0,89172138957863
19855;93,237;0,936900062428711
19856;93,241;0,940303131292744
19857;93,246;0,905685706641382
19858;93,250;0,806879362382242
19859;93,254;0,897471402486822
19860;93,259;0,961895016499017
19861;93,263;0,828001858779683
19862;93,268;0,844313119886596
19863;93,272;0,806057931966786
19864;93,277;0,939012312068456
19865;93,281;0,861563158611172
19866;93,286;0,953915406748872
19867;93,290;0,862149894622212
19868;93,294;0,822486540275907
19869;93,299;0,960134808465896
19870;93,303;0,792797698117281
19871;93,308;0,967762376609417
19872;93,312;0,785756865984801
19873;93,317;0,950747032289256
19874;93,321;0,847833535952836
19875;93,326;0,725088362443263
19876;93,330;0,863910102655332
19877;93,334;0,810165084044066
19878;93,339;0,868017254732613
19879;93,343;0,866726435508325
19880;93,348;0,933379646362471
19881;93,352;0,928099022263111
19882;93,357;0,91225714996503
19883;93,361;0,829762066812803
19884;93,366;0,822251845871491
19885;93,370;0,89700201367799
19886;93,374;0,854522326478692
19887;93,379;0,842787606257892
19888;93,383;0,909206122707622
19889;93,388;0,937838840046376
19890;93,392;0,868603990743653
19891;93,397;0,89758874968903
19892;93,401;0,869425421159109
19893;93,405;0,906272442652422
19894;93,410;0,881746877390949
19895;93,414;0,930563313509479
19896;93,419;0,927277591847655
19897;93,423;0,887966279107973
19898;93,428;1,01704820153678
19899;93,432;0,877052989302629
19900;93,437;0,869777462765733
19901;93,441;0,873415226034181
19902;93,445;0,952976629131208
19903;93,450;0,953093976333416
19904;93,454;0,823190623489155
19905;93,459;0,837154940551907
19906;93,463;0,802420168698338
19907;93,468;0,757124148646048
19908;93,472;0,878461155729125
19909;93,477;0,953680712344456
19910;93,481;0,832461052463587
19911;93,485;0,860741728195716
19912;93,490;0,839149842989443
19913;93,494;0,866726435508325
19914;93,499;0,90814999788775
19915;93,503;0,889022403927845
19916;93,508;0,883155043817445
19917;93,512;0,850415174401412
19918;93,517;0,930328619105063
19919;93,521;0,84994578559258
19920;93,525;0,812042639279394
19921;93,530;1,00237980126078
19922;93,534;0,870246851574565
19923;93,539;0,980553221650089
19924;93,543;0,907445914674502
19925;93,548;0,916129607637895
19926;93,552;0,828236553184099
19927;93,557;0,919180634895303
19928;93,561;0,935491896002215
19929;93,565;0,837389634956323
19930;93,570;0,811807944874978
19931;93,574;0,891604042376422
19932;93,579;0,803593640720418
19933;93,583;0,798899752632098
19934;93,588;0,856165187309604
19935;93,592;0,824598789915651
19936;93,596;0,740812887539135
19937;93,601;0,85053252160362
19938;93,605;0,817557957783171
19939;93,610;0,927864327858695
19940;93,614;0,869425421159109
19941;93,619;0,99228794187089
19942;93,623;0,941007214505992
19943;93,628;0,89172138957863
19944;93,632;0,931736785531559
19945;93,636;0,936665368024296
19946;93,641;0,884797904648357
19947;93,645;0,978440972010345
19948;93,650;0,966940946193961
19949;93,654;0,948869477053928
19950;93,659;0,908032650685542
19951;93,663;0,812042639279394
19952;93,668;1,00918593898884
19953;93,672;0,916012260435687
19954;93,676;1,04157376679825
19955;93,681;0,80464976554029
19956;93,685;0,973160347910985
19957;93,690;0,930328619105063
19958;93,694;0,862971325037668
19959;93,699;0,845486591908676
19960;93,703;0,966471557385129
19961;93,708;1,03957886436072
19962;93,712;0,880338710964453
19963;93,716;0,979731791234633
19964;93,721;0,775547659392705
19965;93,725;0,910731636336326
19966;93,730;1,04239519721371
19967;93,734;0,882920349413029
19968;93,739;0,90462958182151
19969;93,743;0,796670155790146
19970;93,748;0,796552808587938
19971;93,752;0,795614030970274
19972;93,756;0,923639828579207
19973;93,761;1,02960435217304
19974;93,765;0,871420323596645
19975;93,770;0,937721492844168
19976;93,774;1,00085428763207
19977;93,779;1,01341043826833
19978;93,783;0,906624484259046
19979;93,788;0,867782560328197
19980;93,792;1,04122172519163
19981;93,796;0,991466511455434
19982;93,801;0,989471609017898
19983;93,805;0,925517383814535
19984;93,810;0,985716498547242
19985;93,814;0,877052989302629
19986;93,819;0,976563416775017
19987;93,823;1,00378796768727
19988;93,827;0,992170594668682
19989;93,832;0,802654863102754
19990;93,836;1,1082269776524
19991;93,841;0,879986669357829
19992;93,845;0,9557929619842
19993;93,850;0,773552756955169
19994;93,854;0,934435771182343
19995;93,859;0,938542923259624
19996;93,863;0,945349060987688
19997;93,867;0,960721544476937
19998;93,872;0,967527682205001
19999;93,876;0,966823598991753
20000;93,881;1,00214510685636
20001;93,885;0,943236811347944
20002;93,890;0,895359152847078
20003;93,894;0,893716292016166
20004;93,899;0,814154888919138
20005;93,903;0,939599048079496
20006;93,907;0,964124613340969
20007;93,912;0,99052773383777
20008;93,916;0,962833794116681
20009;93,921;0,99698182995921
20010;93,925;0,924343911792455
20011;93,930;0,904394887417094
20012;93,934;0,895007111240454
20013;93,939;0,93995108968612
20014;93,943;0,948282741042888
20015;93,947;0,879047891740165
20016;93,952;0,881864224593157
20017;93,956;0,888083626310181
20018;93,961;0,839619231798275
20019;93,965;0,926221467027783
20020;93,970;0,973981778326441
20021;93,974;1,06070136075816
20022;93,979;0,801012002271842
20023;93,983;0,990762428242186
20024;93,987;0,885384640659397
20025;93,992;0,94053782569716
20026;93,996;0,835746774125411
20027;94,001;0,852058035232324
20028;94,005;0,874354003651845
20029;94,010;0,941945992123656
20030;94,014;0,882216266199781
20031;94,018;0,927981675060903
20032;94,023;0,858394784151556
20033;94,027;0,94933886586276
20034;94,032;0,868486643541445
20035;94,036;0,960604197274729
20036;94,041;0,857221312129476
20037;94,045;0,965532779767465
20038;94,050;0,841144745426979
20039;94,054;0,816032444154466
20040;94,058;0,899700999328774
20041;94,063;0,866374393901701
20042;94,067;0,936078632013255
20043;94,072;0,773670104157377
20044;94,076;0,9499256018738
20045;94,081;0,964711349352009
20046;94,085;0,903573457001638
20047;94,090;0,936548020822088
20048;94,094;0,907093873067878
20049;94,098;0,839501884596067
20050;94,103;0,79878240542989
20051;94,107;0,98759405378257
20052;94,112;1,04180846120267
20053;94,116;0,946757227414184
20054;94,121;0,795731378172482
20055;94,125;1,1009514511155
20056;94,130;0,867547865923781
20057;94,134;0,908032650685542
20058;94,138;0,94933886586276
20059;94,143;0,860389686589092
20060;94,147;0,931032702318311
20061;94,152;0,924461258994663
20062;94,156;1,00284919006961
20063;94,161;0,901930596170726
20064;94,165;0,856165187309604
20065;94,170;0,977032805583849
20066;94,174;0,964711349352009
20067;94,178;0,946522533009768
20068;94,183;0,748909844491488
20069;94,187;0,967762376609417
20070;94,192;0,983838943311913
20071;94,196;0,956145003590824
20072;94,201;0,908854081100998
20073;94,205;1,07231873377675
20074;94,209;0,831874316452547
20075;94,214;0,875410128471717
20076;94,218;0,967762376609417
20077;94,223;1,05190032059256
20078;94,227;0,80817018160653
20079;94,232;0,971282792675657
20080;94,236;0,916951038053351
20081;94,241;0,886440765479269
20082;94,245;0,85581314570298
20083;94,249;0,933379646362471
20084;94,254;0,864966227475204
20085;94,258;0,886675459883685
20086;94,263;1,00672164774247
20087;94,267;0,917889815671015
20088;94,272;0,871889712405477
20089;94,276;0,888787709523429
20090;94,281;0,983956290514121
20091;94,285;0,90638978985463
20092;94,289;0,963303182925513
20093;94,294;0,955088878770952
20094;94,298;0,879634627751205
20095;94,303;1,00613491173143
20096;94,307;0,910379594729702
20097;94,312;0,894537722431622
20098;94,316;0,740226151528095
20099;94,321;0,916833690851143
20100;94,325;0,91284388597607
20101;94,329;0,94933886586276
20102;94,334;0,89465506963383
20103;94,338;0,960604197274729
20104;94,343;0,923053092568167
20105;94,347;0,980787916054505
20106;94,352;0,990410386635562
20107;94,356;0,862384589026628
20108;94,361;0,927746980656487
20109;94,365;0,968818501429289
20110;94,369;0,962129710903433
20111;94,374;0,898996916115526
20112;94,378;0,881981571795365
20113;94,383;0,848068230357252
20114;94,387;0,895124458442662
20115;94,392;0,866491741103909
20116;94,396;0,938308228855208
20117;94,400;0,801950779889506
20118;94,405;0,877991766920293
20119;94,409;0,962364405307849
20120;94,414;0,896767319273574
20121;94,418;0,945583755392104
20122;94,423;1,00320123167623
20123;94,427;0,777894603436865
20124;94,432;0,886323418277061
20125;94,436;0,90814999788775
20126;94,440;0,940889867303784
20127;94,445;0,890430570354342
20128;94,449;0,864144797059748
20129;94,454;0,851236604816868
20130;94,458;0,881042794177701
20131;94,463;0,871420323596645
20132;94,467;0,94523171378548
20133;94,472;0,90110916575527
20134;94,476;0,967879723811625
20135;94,480;1,00132367644091
20136;94,485;0,913547969189319
20137;94,489;0,939129659270664
20138;94,494;0,837389634956323
20139;94,498;0,89406833362279
20140;94,503;0,848420271963876
20141;94,507;0,887496890299141
20142;94,512;0,933027604755847
20143;94,516;0,876348906089381
20144;94,520;0,860624380993508
20145;94,525;0,916481649244519
20146;94,529;0,894420375229414
20147;94,534;0,858629478555972
20148;94,538;0,890899959163174
20149;94,543;0,933849035171303
20150;94,547;0,948986824256136
20151;94,552;0,971869528686697
20152;94,556;0,959078683646024
20153;94,560;0,927277591847655
20154;94,565;0,901226512957478
20155;94,569;1,08241059316664
20156;94,574;0,952155198715752
20157;94,578;0,883037696615237
20158;94,583;0,942180686528072
20159;94,587;0,907328567472294
20160;94,591;0,873532573236389
20161;94,596;1,02584924170238
20162;94,600;0,843609036673348
20163;94,605;0,930093924700647
20164;94,609;0,865670310688453
20165;94,614;0,938425576057416
20166;94,618;0,991231817051018
20167;94,623;0,901813248968518
20168;94,627;0,848068230357252
20169;94,631;0,825889609139939
20170;94,636;0,926925550241031
20171;94,640;0,826358997948771
20172;94,645;0,999446121205578
20173;94,649;1,06821158169947
20174;94,654;0,916598996446727
20175;94,658;0,941828644921448
20176;94,663;0,972338917495529
20177;94,667;0,9411245617082
20178;94,671;0,933027604755847
20179;94,676;0,958843989241608
20180;94,680;1,01106349422417
20181;94,685;0,954267448355496
20182;94,689;0,904864276225926
20183;94,694;1,01481860469483
20184;94,698;0,89348159761175
20185;94,703;0,871302976394437
20186;94,707;0,779068075458945
20187;94,711;0,819083471411875
20188;94,716;0,882098918997573
20189;94,720;0,943706200156776
20190;94,725;0,93701740963092
20191;94,729;0,91284388597607
20192;94,734;0,882568307806405
20193;94,738;0,849476396783748
20194;94,743;0,937721492844168
20195;94,747;0,806057931966786
20196;94,751;0,93760414564196
20197;94,756;0,905920401045798
20198;94,760;0,899583652126566
20199;94,765;1,03230333782382
20200;94,769;0,835277385316579
20201;94,774;0,98642058176049
20202;94,778;0,981139957661129
20203;94,783;0,992405289073098
20204;94,787;0,850297827199204
20205;94,791;0,834221260496707
20206;94,796;0,967175640598377
20207;94,800;0,992053247466474
20208;94,805;0,773200715348545
20209;94,809;0,978088930403721
20210;94,814;0,944879672178856
20211;94,818;0,941945992123656
20212;94,822;0,820608985040579
20213;94,827;0,920823495726215
20214;94,831;0,950160296278216
20215;94,836;1,00625225893364
20216;94,840;0,98876752580465
20217;94,845;0,883272391019653
20218;94,849;0,913313274784903
20219;94,854;0,971517487080073
20220;94,858;0,826241650746563
20221;94,862;0,937252104035336
20222;94,867;0,840205967809315
20223;94,871;0,855695798500772
20224;94,876;1,00378796768727
20225;94,880;0,994400191510634
20226;94,885;0,860741728195716
20227;94,889;0,965415432565257
20228;94,894;0,927746980656487
20229;94,898;0,807348751191074
20230;94,902;0,920002065310759
20231;94,907;0,960134808465896
20232;94,911;0,90991020592087
20233;94,916;0,990410386635562
20234;94,920;0,915308177222439
20235;94,925;0,888200973512389
20236;94,929;0,871302976394437
20237;94,934;0,967058293396169
20238;94,938;0,836920246147491
20239;94,942;0,85053252160362
20240;94,947;1,06328299920673
20241;94,951;0,982782818492042
20242;94,956;0,896649972071366
20243;94,960;1,04110437798942
20244;94,965;1,08851264768145
20245;94,969;0,943236811347944
20246;94,974;0,958022558826152
20247;94,978;0,887966279107973
20248;94,982;0,984190984918538
20249;94,987;0,917655121266599
20250;94,991;1,06457381843102
20251;94,996;0,938073534450792
20252;95,000;0,861445811408964
20253;95,005;0,905098970630342
20254;95,009;0,864848880272996
20255;95,013;0,860272339386884
20256;95,018;0,968701154227081
20257;95,022;0,95403275395108
20258;95,027;0,904981623428134
20259;95,031;0,858864172960388
20260;95,036;0,851353952019076
20261;95,040;1,00320123167623
20262;95,045;0,973512389517609
20263;95,049;0,820374290636163
20264;95,053;0,928216369465319
20265;95,058;1,07806874668494
20266;95,062;1,06210952718465
20267;95,067;0,98935426181569
20268;95,071;0,914017357998151
20269;95,076;0,850649868805828
20270;95,080;0,820608985040579
20271;95,085;0,878226461324709
20272;95,089;0,963420530127721
20273;95,093;0,897823444093446
20274;95,098;0,94816539384068
20275;95,102;0,892542819994086
20276;95,107;1,01470125749262
20277;95,111;0,940772520101576
20278;95,116;0,910614289134118
20279;95,120;0,90638978985463
20280;95,125;0,84525189750426
20281;95,129;0,95990011406148
20282;95,133;0,970578709462409
20283;95,138;0,944410283370024
20284;95,142;0,852644771243364
20285;95,147;1,03418089305915
20286;95,151;1,03183394901499
20287;95,156;0,920354106917383
20288;95,160;0,946170491403144
20289;95,165;1,01223696624625
20290;95,169;1,01505329909924
20291;95,173;1,01493595189703
20292;95,178;0,909558164314246
20293;95,182;0,899818346530982
20294;95,187;0,980435874447881
20295;95,191;0,94757865782964
20296;95,196;1,0612880967692
20297;95,200;0,960252155668105
20298;95,204;0,865083574677412
20299;95,209;0,873415226034181
20300;95,213;1,0348849762724
20301;95,218;1,05565543106321
20302;95,222;1,09754838225147
20303;95,227;0,880338710964453
20304;95,231;1,0510788901771
20305;95,236;1,01564003511028
20306;95,240;0,970226667855785
20307;95,244;1,06187483278024
20308;95,249;1,00801246696676
20309;95,253;0,809108959224194
20310;95,258;0,969991973451369
20311;95,262;0,904277540214886
20312;95,267;1,02491046408472
20313;95,271;0,91284388597607
20314;95,276;0,969522584642537
20315;95,280;0,815680402547842
20316;95,284;0,979145055223593
20317;95,289;0,950864379491464
20318;95,293;0,958843989241608
20319;95,298;0,974216472730857
20320;95,302;0,874471350854053
20321;95,307;0,934787812788967
20322;95,311;0,958257253230568
20323;95,316;0,962129710903433
20324;95,320;0,857456006533892
20325;95,324;1,03230333782382
20326;95,329;0,906037748248006
20327;95,333;0,927746980656487
20328;95,338;0,880456058166661
20329;95,342;0,939481700877288
20330;95,347;1,05624216707425
20331;95,351;0,944997019381064
20332;95,356;0,951333768300296
20333;95,360;1,03864008674305
20334;95,364;0,860624380993508
20335;95,369;1,01493595189703
20336;95,373;0,999446121205578
20337;95,378;0,919767370906343
20338;95,382;0,924343911792455
20339;95,387;0,919767370906343
20340;95,391;0,918945940490887
20341;95,395;0,964711349352009
20342;95,400;0,918124510075431
20343;95,404;1,00449205090052
20344;95,409;0,988650178602442
20345;95,413;0,912374497167239
20346;95,418;0,98583384574945
20347;95,422;0,850649868805828
20348;95,427;1,03864008674305
20349;95,431;1,02127270081627
20350;95,435;0,876935642100421
20351;95,440;1,10177288153096
20352;95,444;0,939012312068456
20353;95,449;1,08452284280638
20354;95,453;0,980553221650089
20355;95,458;0,955088878770952
20356;95,462;0,89465506963383
20357;95,467;1,08757387006379
20358;95,471;0,970226667855785
20359;95,475;0,971986875888905
20360;95,480;0,992757330679722
20361;95,484;1,02244617283835
20362;95,489;0,927394939049863
20363;95,493;0,814389583323554
20364;95,498;1,00601756452923
20365;95,502;0,916246954840103
20366;95,507;0,872593795618725
20367;95,511;1,04392071084241
20368;95,515;1,00906859178663
20369;95,520;1,12324741953502
20370;95,524;1,00777777256235
20371;95,529;0,943119464145736
20372;95,533;0,94347150575236
20373;95,538;0,875762170078341
20374;95,542;0,971048098271241
20375;95,547;1,0657472904531
20376;95,551;1,01786963195223
20377;95,555;0,913665316391527
20378;95,560;1,00343592608065
20379;95,564;0,999211426801162
20380;95,569;1,0012063292387
20381;95,573;1,04802786291969
20382;95,578;1,04415540524683
20383;95,582;1,05037480696385
20384;95,586;0,967997071013833
20385;95,591;0,855109062489732
20386;95,595;0,886323418277061
20387;95,600;1,06257891599348
20388;95,604;0,937838840046376
20389;95,609;0,931032702318311
20390;95,613;0,939481700877288
20391;95,618;1,01599207671691
20392;95,622;0,901813248968518
20393;95,626;0,930445966307271
20394;95,631;0,871889712405477
20395;95,635;1,02420638087147
20396;95,640;0,959196030848232
20397;95,644;0,984777720929578
20398;95,649;1,00026755162103
20399;95,653;0,951333768300296
20400;95,658;0,94288476974132
20401;95,662;1,04051764197838
20402;95,666;0,884093821435109
20403;95,671;1,00777777256235
20404;95,675;1,13545152856466
20405;95,680;1,09660960463381
20406;95,684;1,06081870796036
20407;95,689;1,1009514511155
20408;95,693;0,914369399604775
20409;95,698;1,00249714846299
20410;95,702;1,01564003511028
20411;95,706;1,00425735649611
20412;95,711;1,03089517139732
20413;95,715;0,986772623367114
20414;95,720;0,893246903207334
20415;95,724;0,928803105476359
20416;95,729;0,929155147082983
20417;95,733;1,00449205090052
20418;95,738;0,931971479935975
20419;95,742;0,98583384574945
20420;95,746;1,07630853865182
20421;95,751;1,04767582131307
20422;95,755;1,04004825316955
20423;95,760;0,936548020822088
20424;95,764;1,06633402646414
20425;95,769;0,94757865782964
20426;95,773;0,983604248907498
20427;95,778;0,843256995066724
20428;95,782;0,964946043756425
20429;95,786;1,04439009965124
20430;95,791;1,00249714846299
20431;95,795;1,03887478114747
20432;95,800;1,00883389738222
20433;95,804;0,976211375168393
20434;95,809;1,12371680834386
20435;95,813;0,924343911792455
20436;95,817;1,01305839666171
20437;95,822;1,01610942391911
20438;95,826;1,00953798059547
20439;95,831;1,01857371516548
20440;95,835;0,993813455499594
20441;95,840;1,01927779837873
20442;95,844;0,99228794187089
20443;95,849;0,871420323596645
20444;95,853;1,01047675821313
20445;95,857;0,994517538712842
20446;95,862;0,935491896002215
20447;95,866;0,826124303544355
20448;95,871;0,910027553123078
20449;95,875;0,920354106917383
20450;95,880;1,11949230906437
20451;95,884;1,05999727754491
20452;95,889;0,892425472791878
20453;95,893;1,10646676961928
20454;95,897;0,990058345028938
20455;95,902;0,968583807024873
20456;95,906;1,01869106236769
20457;95,911;0,945114366583272
20458;95,915;0,886910154288101
20459;95,920;0,937956187248584
20460;95,924;1,01118084142638
20461;95,929;0,986537928962698
20462;95,933;1,06293095760011
20463;95,937;0,957201128410696
20464;95,942;0,915894913233479
20465;95,946;0,932088827138183
20466;95,951;0,956262350793032
20467;95,955;1,00261449566519
20468;95,960;0,943119464145736
20469;95,964;1,00848185577559
20470;95,969;1,13732908379998
20471;95,973;0,986303234558282
20472;95,977;1,00191041245195
20473;95,982;0,91284388597607
20474;95,986;1,05236970940139
20475;95,991;0,933849035171303
20476;95,995;0,888200973512389
20477;96,000;1,05706359748971
20478;96,004;1,02549720009576
20479;96,008;0,954384795557704
20480;96,013;1,03805335073201
20481;96,017;0,973160347910985
20482;96,022;0,975507291955145
20483;96,026;0,995104274723882
20484;96,031;1,04474214125787
20485;96,035;1,17241589726018
20486;96,040;1,02983904657745
20487;96,044;1,10611472801265
20488;96,048;1,07877282989819
20489;96,053;1,0085992029778
20490;96,057;0,968114418216041
20491;96,062;1,04732377970644
20492;96,066;0,990997122646602
20493;96,071;1,00801246696676
20494;96,075;1,03805335073201
20495;96,080;1,10435451997953
20496;96,084;0,941945992123656
20497;96,088;0,95637969799524
20498;96,093;0,971048098271241
20499;96,097;0,916716343648935
20500;96,102;1,01927779837873
20501;96,106;0,998507343587914
20502;96,111;1,11022188008993
20503;96,115;1,15434442812014
20504;96,120;1,04720643250424
20505;96,124;1,11972700346878
20506;96,128;1,09531878540952
20507;96,133;0,972808306304361
20508;96,137;0,961190933285769
20509;96,142;1,00730838375351
20510;96,146;0,98759405378257
20511;96,151;1,03828804513643
20512;96,155;0,924578606196871
20513;96,160;1,00097163483428
20514;96,164;0,935139854395591
20515;96,168;1,03734926751876
20516;96,173;0,94347150575236
20517;96,177;1,03476762907019
20518;96,182;0,950864379491464
20519;96,186;1,06293095760011
20520;96,191;1,0320686434194
20521;96,195;0,888787709523429
20522;96,199;0,934905159991175
20523;96,204;0,999446121205578
20524;96,208;0,924461258994663
20525;96,213;1,06152279117361
20526;96,217;0,979731791234633
20527;96,222;1,07935956590923
20528;96,226;1,01775228475003
20529;96,231;1,02338495045601
20530;96,235;0,953798059546664
20531;96,239;1,00026755162103
20532;96,244;0,967175640598377
20533;96,248;0,990762428242186
20534;96,253;0,98466037372737
20535;96,257;0,967527682205001
20536;96,262;1,0174002431434
20537;96,266;0,957787864421736
20538;96,271;0,974920555944105
20539;96,275;1,05788502790516
20540;96,279;1,07032383133921
20541;96,284;1,11597189299813
20542;96,288;0,865435616284037
20543;96,293;1,01528799350366
20544;96,297;1,040869683585
20545;96,302;0,990293039433354
20546;96,306;1,0481452101219
20547;96,311;1,03899212834968
20548;96,315;0,9499256018738
20549;96,319;0,979379749628009
20550;96,324;0,876583600493797
20551;96,328;1,08311467637989
20552;96,333;0,920471454119591
20553;96,337;1,1331045845205
20554;96,342;1,13791581981102
20555;96,346;0,888553015119014
20556;96,351;1,01763493754782
20557;96,355;1,00449205090052
20558;96,359;0,935726590406632
20559;96,364;1,02103800641185
20560;96,368;0,89817548570007
20561;96,373;0,979966485639049
20562;96,377;0,901813248968518
20563;96,382;1,07325751139441
20564;96,386;0,948986824256136
20565;96,390;0,942063339325864
20566;96,395;0,938308228855208
20567;96,399;0,917772468468807
20568;96,404;0,977502194392681
20569;96,408;0,980083832841257
20570;96,413;1,09344123017419
20571;96,417;1,01364513267275
20572;96,422;0,974451167135273
20573;96,426;1,08722182845717
20574;96,430;1,09273714696094
20575;96,435;0,947461310627432
20576;96,439;0,971752181484489
20577;96,444;1,13216580690283
20578;96,448;0,931032702318311
20579;96,453;0,972338917495529
20580;96,457;0,953211323535624
20581;96,462;0,931736785531559
20582;96,466;0,907328567472294
20583;96,470;0,927746980656487
20584;96,475;0,907093873067878
20585;96,479;1,04532887726891
20586;96,484;1,00777777256235
20587;96,488;0,974920555944105
20588;96,493;0,91284388597607
20589;96,497;0,964241960543177
20590;96,502;0,866022352295077
20591;96,506;0,900287735339814
20592;96,510;1,00801246696676
20593;96,515;0,818027346592002
20594;96,519;1,00824716137118
20595;96,524;1,03582375389006
20596;96,528;0,991935900264266
20597;96,533;1,12665048839906
20598;96,537;0,931384743924935
20599;96,542;0,987359359378154
20600;96,546;0,879634627751205
20601;96,550;1,16549241232991
20602;96,555;1,08299732917768
20603;96,559;1,0174002431434
20604;96,564;1,12758926601672
20605;96,568;0,945349060987688
20606;96,573;1,04873194613294
20607;96,577;0,998859385194538
20608;96,582;1,00108898203649
20609;96,586;0,927042897443239
20610;96,590;1,05776768070296
20611;96,595;0,950864379491464
20612;96,599;0,962716446914473
20613;96,604;1,05166562618814
20614;96,608;1,08909938369249
20615;96,613;1,01141553583079
20616;96,617;0,928803105476359
20617;96,621;1,06222687438686
20618;96,626;1,1683087451829
20619;96,630;0,94816539384068
20620;96,635;0,9557929619842
20621;96,639;0,960134808465896
20622;96,644;1,1404974582596
20623;96,648;1,08780856446821
20624;96,653;0,923874522983623
20625;96,657;1,11515046258267
20626;96,661;0,871655018001061
20627;96,666;1,02092065920964
20628;96,670;0,94757865782964
20629;96,675;1,04485948846008
20630;96,679;1,02737475533108
20631;96,684;0,965415432565257
20632;96,688;1,0378186563276
20633;96,693;0,941476603314824
20634;96,697;1,08065038513352
20635;96,701;1,09954328468901
20636;96,706;1,04920133494177
20637;96,710;0,942767422539112
20638;96,715;0,965180738160841
20639;96,719;0,974568514337481
20640;96,724;1,09144632773665
20641;96,728;0,892190778387462
20642;96,733;0,978206277605929
20643;96,737;1,09074224452341
20644;96,741;1,02854822735316
20645;96,746;1,0348849762724
20646;96,750;1,00871655018001
20647;96,755;0,952507240322376
20648;96,759;1,05190032059256
20649;96,764;1,01505329909924
20650;96,768;1,01035941101092
20651;96,773;1,14225766629272
20652;96,777;1,0466196964932
20653;96,781;0,9411245617082
20654;96,786;1,0319512962172
20655;96,790;0,949690907469384
20656;96,795;1,17053834202485
20657;96,799;0,986655276164906
20658;96,804;1,09121163333224
20659;96,808;0,980787916054505
20660;96,812;1,09344123017419
20661;96,817;1,0378186563276
20662;96,821;1,09719634064485
20663;96,826;1,07830344108936
20664;96,830;1,0686809705083
20665;96,835;1,06586463765531
20666;96,839;1,10646676961928
20667;96,844;1,11726271222242
20668;96,848;1,02291556164718
20669;96,852;1,04802786291969
20670;96,857;1,01575738231249
20671;96,861;1,00965532779767
20672;96,866;1,07231873377675
20673;96,870;1,12277803072619
20674;96,875;0,94523171378548
20675;96,879;0,939129659270664
20676;96,884;1,09731368784705
20677;96,888;0,95051233788484
20678;96,892;1,17147711964251
20679;96,897;0,943706200156776
20680;96,901;0,950277643480424
20681;96,906;0,977150152786057
20682;96,910;1,02643597771342
20683;96,915;1,05084419577268
20684;96,919;0,932206174340391
20685;96,924;0,931502091127143
20686;96,928;1,12219129471515
20687;96,932;0,969522584642537
20688;96,937;0,997216524363626
20689;96,941;0,970109320653577
20690;96,946;1,06891566491272
20691;96,950;1,02702271372446
20692;96,955;1,1243035443549
20693;96,959;0,945935796998728
20694;96,964;1,1478903319987
20695;96,968;1,10130349272213
20696;96,972;1,011532883033
20697;96,977;0,973160347910985
20698;96,981;1,02279821444497
20699;96,986;0,98759405378257
20700;96,990;1,0027318428674
20701;96,995;0,90932346990983
20702;96,999;0,932206174340391
20703;97,003;1,07795139948273
20704;97,008;1,05776768070296
20705;97,012;1,02209413123172
20706;97,017;1,05647686147867
20707;97,021;1,0217420896251
20708;97,026;1,09050755011899
20709;97,030;1,11925761465995
20710;97,035;0,965884821374089
20711;97,039;0,962599099712265
20712;97,043;1,01610942391911
20713;97,048;1,06844627610389
20714;97,052;0,964241960543177
20715;97,057;1,09719634064485
20716;97,061;1,14589542956117
20717;97,066;0,956849086804072
20718;97,070;1,18274245105448
20719;97,075;1,03300742103707
20720;97,079;0,950981726693672
20721;97,083;0,940185784090536
20722;97,088;1,11867087864891
20723;97,092;1,06117074956699
20724;97,097;0,987946095389194
20725;97,101;1,02537985289355
20726;97,106;0,978675666414761
20727;97,110;0,989002220209066
20728;97,115;1,08757387006379
20729;97,119;1,03148190740836
20730;97,123;0,993344066690762
20731;97,128;1,11245147693189
20732;97,132;1,13286989011608
20733;97,137;1,04063498918059
20734;97,141;1,01235431344846
20735;97,146;1,04568091887553
20736;97,150;1,05765033350075
20737;97,155;1,00061959322766
20738;97,159;1,05084419577268
20739;97,163;1,06105340236478
20740;97,168;1,02009922879419
20741;97,172;1,07607384424741
20742;97,177;1,06293095760011
20743;97,181;1,09132898053445
20744;97,186;1,03969621156292
20745;97,190;1,07337485859662
20746;97,194;1,00883389738222
20747;97,199;1,08100242674014
20748;97,203;1,11080861610097
20749;97,208;1,11585454579592
20750;97,212;1,04122172519163
20751;97,217;1,03218599062161
20752;97,221;1,15141074806494
20753;97,226;1,05483400064776
20754;97,230;1,04133907239384
20755;97,234;1,07959426031365
20756;97,239;1,00167571804753
20757;97,243;1,15845158019742
20758;97,248;1,08111977394235
20759;97,252;1,21642109808818
20760;97,257;0,993813455499594
20761;97,261;1,06410442962219
20762;97,266;1,1434311383148
20763;97,270;1,06903301211493
20764;97,274;0,976446069572809
20765;97,279;1,2459925930446
20766;97,283;1,06539524884648
20767;97,288;1,01258900785287
20768;97,292;0,996160399543754
20769;97,297;1,07055852574363
20770;97,301;1,01035941101092
20771;97,306;1,06469116563323
20772;97,310;1,02526250569134
20773;97,314;1,16948221720498
20774;97,319;1,03523701787902
20775;97,323;1,00719103655131
20776;97,328;0,987242012175946
20777;97,332;1,06398708241998
20778;97,337;0,953680712344456
20779;97,341;1,14413522152805
20780;97,346;0,979145055223593
20781;97,350;0,824833484320067
20782;97,354;1,09766572945368
20783;97,359;1,05084419577268
20784;97,363;1,08135446834677
20785;97,368;1,10153818712654
20786;97,372;1,11245147693189
20787;97,377;1,1536403449069
20788;97,381;1,13932398623752
20789;97,385;1,00906859178663
20790;97,390;1,01575738231249
20791;97,394;1,08229324596443
20792;97,399;1,0481452101219
20793;97,403;1,06985444253038
20794;97,408;1,040869683585
20795;97,412;1,10411982557512
20796;97,417;1,14941584562741
20797;97,421;1,05870645832062
20798;97,425;1,087691217266
20799;97,430;1,14096684706843
20800;97,434;1,04931868214398
20801;97,439;1,09567082701614
20802;97,443;1,18649756152514
20803;97,448;1,11174739371864
20804;97,452;0,95168580990692
20805;97,457;1,13333927892491
20806;97,461;0,929155147082983
20807;97,465;0,960486850072521
20808;97,470;1,07795139948273
20809;97,474;1,01517064630145
20810;97,479;1,0892167308947
20811;97,483;1,0628136103979
20812;97,488;1,00179306524974
20813;97,492;0,980318527245673
20814;97,497;1,04040029477617
20815;97,501;1,02080331200744
20816;97,505;1,12230864191736
20817;97,510;1,05964523593828
20818;97,514;0,939012312068456
20819;97,519;1,06997178973259
20820;97,523;1,04439009965124
20821;97,528;1,09637491022939
20822;97,532;1,10024736790225
20823;97,537;1,12418619715269
20824;97,541;1,04251254441592
20825;97,545;1,026201283309
20826;97,550;0,99639509394817
20827;97,554;1,11655862900917
20828;97,559;1,11127800490981
20829;97,563;1,01822167355886
20830;97,568;1,01376247987495
20831;97,572;1,04403805804462
20832;97,577;1,00953798059547
20833;97,581;1,09426266058965
20834;97,585;1,06750749848622
20835;97,590;0,971400139877865
20836;97,594;1,15094135925611
20837;97,599;1,11808414263787
20838;97,603;1,11538515698709
20839;97,608;1,21407415404402
20840;97,612;1,09660960463381
20841;97,616;1,07067587294584
20842;97,621;0,934435771182343
20843;97,625;1,05765033350075
20844;97,630;1,04051764197838
20845;97,634;1,11632393460475
20846;97,639;1,17757917415733
20847;97,643;1,16643118994757
20848;97,648;1,06516055444206
20849;97,652;1,03981355876513
20850;97,656;1,04650234929099
20851;97,661;1,10036471510446
20852;97,665;0,996864482757002
20853;97,670;1,02960435217304
20854;97,674;1,03148190740836
20855;97,679;1,08440549560417
20856;97,683;0,986772623367114
20857;97,688;1,05377787582788
20858;97,692;1,05389522303009
20859;97,696;1,10799228324798
20860;97,701;1,08980346690574
20861;97,705;1,19482921288191
20862;97,710;1,0350023234746
20863;97,714;1,06750749848622
20864;97,719;1,13474744535141
20865;97,723;1,06750749848622
20866;97,728;1,07971160751585
20867;97,732;1,01129818862859
20868;97,736;1,15575259454664
20869;97,741;1,0319512962172
20870;97,745;1,11890557305333
20871;97,750;1,09860450707134
20872;97,754;1,03746661472097
20873;97,759;1,04837990452632
20874;97,763;1,0496707237506
20875;97,768;1,11714536502021
20876;97,772;0,918476551682055
20877;97,776;1,10494125599057
20878;97,781;1,03019108818408
20879;97,785;1,08675243964833
20880;97,790;0,953563365142248
20881;97,794;1,12899743244322
20882;97,799;1,03852273954084
20883;97,803;1,12078312828866
20884;97,807;1,09872185427355
20885;97,812;1,25068648113292
20886;97,816;1,12700253000568
20887;97,821;1,15188013687378
20888;97,825;1,17945672939266
20889;97,830;1,18426796468319
20890;97,834;1,05330848701905
20891;97,839;1,11139535211201
20892;97,843;0,989823650624522
20893;97,847;1,13228315410504
20894;97,852;1,1419056246861
20895;97,856;1,01329309106612
20896;97,861;1,23648746966575
20897;97,865;1,02725740812888
20898;97,870;1,05870645832062
20899;97,874;0,986537928962698
20900;97,879;1,08346671798651
20901;97,883;1,10623207521486
20902;97,887;0,966119515778505
20903;97,892;1,05037480696385
20904;97,896;1,07396159460766
20905;97,901;1,10458921438395
20906;97,905;0,974685861539689
20907;97,910;1,0526044038058
20908;97,914;1,13181376529621
20909;97,919;1,16901282839615
20910;97,923;1,07736466347169
20911;97,927;1,07642588585403
20912;97,932;1,01024206380871
20913;97,936;1,18121693742578
20914;97,941;1,01704820153678
20915;97,945;1,03136456020616
20916;97,950;1,08886468928808
20917;97,954;1,0350023234746
20918;97,959;1,01939514558094
20919;97,963;0,962951141318889
20920;97,967;1,01352778547054
20921;97,972;1,03406354585694
20922;97,976;1,03030843538628
20923;97,981;0,994165497106218
20924;97,985;1,06950240092376
20925;97,990;1,07701262186507
20926;97,994;1,11831883704229
20927;97,998;1,16467098191445
20928;98,003;1,09743103504926
20929;98,007;1,01458391029041
20930;98,012;1,01751759034561
20931;98,016;1,13674234778894
20932;98,021;1,0438033636402
20933;98,025;1,03300742103707
20934;98,030;1,09156367493886
20935;98,034;0,99932877400337
20936;98,038;1,06210952718465
20937;98,043;1,22123233337871
20938;98,047;1,03629314269889
20939;98,052;1,11350760175176
20940;98,056;1,12301272513061
20941;98,061;1,02045127040081
20942;98,065;1,08229324596443
20943;98,070;1,21395680684181
20944;98,074;0,913078580380487
20945;98,078;1,15633933055768
20946;98,083;1,1845026590876
20947;98,087;1,06093605516257
20948;98,092;1,02561454729796
20949;98,096;1,05647686147867
20950;98,101;1,11022188008993
20951;98,105;0,964241960543177
20952;98,110;1,13005355726309
20953;98,114;0,987476706580362
20954;98,118;1,21301802922415
20955;98,123;1,09684429903822
20956;98,127;1,06199217998244
20957;98,132;1,02866557455537
20958;98,136;1,01798697915444
20959;98,141;1,0892167308947
20960;98,145;1,09660960463381
20961;98,150;1,18755368634501
20962;98,154;1,10106879831771
20963;98,158;1,03969621156292
20964;98,163;1,07701262186507
20965;98,167;1,16443628751003
20966;98,172;1,02279821444497
20967;98,176;1,10118614551992
20968;98,181;1,0495533765484
20969;98,185;1,14659951277442
20970;98,189;1,16736996756523
20971;98,194;1,2533854667837
20972;98,198;1,05624216707425
20973;98,203;1,00167571804753
20974;98,207;1,12066578108645
20975;98,212;1,03289007383486
20976;98,216;1,01798697915444
20977;98,221;1,12007904507541
20978;98,225;1,06469116563323
20979;98,229;1,0467370436954
20980;98,234;1,12183925310853
20981;98,238;1,00097163483428
20982;98,243;1,18133428462799
20983;98,247;1,00226245405857
20984;98,252;1,1492984984252
20985;98,256;1,01176757743742
20986;98,261;1,10435451997953
20987;98,265;1,0700891369348
20988;98,269;1,1185535314467
20989;98,274;1,1653750651277
20990;98,278;1,04931868214398
20991;98,283;1,07443098341649
20992;98,287;1,03605844829448
20993;98,292;1,17452814689992
20994;98,296;1,1888445055693
20995;98,301;1,02268086724276
20996;98,305;1,1419056246861
20997;98,309;1,0452115300667
20998;98,314;0,962481752510057
20999;98,318;1,06234422158907
21000;98,323;0,964594002149801
21001;98,327;1,07642588585403
21002;98,332;1,16208934346587
21003;98,336;1,08346671798651
21004;98,341;1,00918593898884
21005;98,345;1,09050755011899
21006;98,349;1,07971160751585
21007;98,354;0,991466511455434
21008;98,358;1,00636960613585
21009;98,363;1,11585454579592
21010;98,367;1,14519134634792
21011;98,372;1,20832414113583
21012;98,376;1,09074224452341
21013;98,380;1,04063498918059
21014;98,385;1,03441558746356
21015;98,389;1,10001267349784
21016;98,394;1,10857901925902
21017;98,398;1,09050755011899
21018;98,403;1,00613491173143
21019;98,407;1,03582375389006
21020;98,412;0,996864482757002
21021;98,416;1,043686016438
21022;98,420;1,1389719446309
21023;98,425;1,11632393460475
21024;98,429;1,21466089005506
21025;98,434;1,03042578258849
21026;98,438;1,24634463465122
21027;98,443;1,06492586003765
21028;98,447;1,07912487150481
21029;98,452;1,12794130762334
21030;98,456;1,1477729847965
21031;98,460;1,15094135925611
21032;98,465;1,25350281398591
21033;98,469;1,08722182845717
21034;98,474;1,09625756302718
21035;98,478;1,21125782119103
21036;98,483;1,10189022873317
21037;98,487;1,16032913543275
21038;98,492;1,03910947555188
21039;98,496;1,10846167205681
21040;98,500;1,14800767920091
21041;98,505;1,10764024164136
21042;98,509;1,17804856296616
21043;98,514;1,1111606577076
21044;98,518;1,17182916124914
21045;98,523;1,07924221870702
21046;98,527;1,09050755011899
21047;98,532;1,15105870645832
21048;98,536;0,994282844308426
21049;98,540;1,04697173809982
21050;98,545;1,14296174950597
21051;98,549;1,03007374098187
21052;98,554;1,16514037072328
21053;98,558;1,09168102214107
21054;98,563;1,04931868214398
21055;98,567;1,05377787582788
21056;98,572;1,15598728895106
21057;98,576;1,22123233337871
21058;98,580;1,05706359748971
21059;98,585;1,27016611669945
21060;98,589;1,10482390878837
21061;98,594;1,12970151565646
21062;98,598;1,08886468928808
21063;98,603;1,08018099632469
21064;98,607;1,22815581830898
21065;98,611;1,15575259454664
21066;98,616;1,10482390878837
21067;98,620;1,14601277676338
21068;98,625;1,17875264617941
21069;98,629;1,01822167355886
21070;98,634;1,10059940950888
21071;98,638;1,10482390878837
21072;98,643;1,05518604225438
21073;98,647;1,12336476673723
21074;98,651;1,10541064479941
21075;98,656;1,05459930624334
21076;98,660;1,1140943377628
21077;98,665;1,1669005787564
21078;98,669;0,950864379491464
21079;98,674;1,1184361842445
21080;98,678;1,10764024164136
21081;98,683;1,07337485859662
21082;98,687;1,06175748557803
21083;98,691;1,13040559886971
21084;98,696;1,12500762756814
21085;98,700;1,10611472801265
21086;98,705;1,1874363391428
21087;98,709;1,10411982557512
21088;98,714;1,11456372657163
21089;98,718;1,18438531188539
21090;98,723;1,03371150425032
21091;98,727;1,2401252329342
21092;98,731;1,09813511826251
21093;98,736;1,08839530047925
21094;98,740;1,19318635205099
21095;98,745;1,09144632773665
21096;98,749;0,991583858657642
21097;98,754;1,11362494895397
21098;98,758;1,0231502560516
21099;98,763;1,11644128180696
21100;98,767;1,22146702778312
21101;98,771;1,23660481686796
21102;98,776;1,15704341377093
21103;98,780;1,13768112540661
21104;98,785;1,22909459592664
21105;98,789;1,20398229465413
21106;98,794;1,10400247837291
21107;98,798;1,00026755162103
21108;98,802;1,08722182845717
21109;98,807;1,09308918856757
21110;98,811;1,1448393047413
21111;98,816;1,06973709532817
21112;98,820;1,11972700346878
21113;98,825;1,04603296048216
21114;98,829;1,12606375238802
21115;98,834;1,04568091887553
21116;98,838;1,28812023863727
21117;98,842;1,16361485709458
21118;98,847;1,03335946264369
21119;98,851;0,991349164253226
21120;98,856;1,12489028036594
21121;98,860;1,11890557305333
21122;98,865;1,22310988861404
21123;98,869;1,1976455457349
21124;98,874;1,12324741953502
21125;98,878;1,24833953708876
21126;98,882;1,07736466347169
21127;98,887;1,11773210103125
21128;98,891;1,16877813399173
21129;98,896;0,942415380932488
21130;98,900;1,17922203498824
21131;98,905;1,13498213975582
21132;98,909;1,08640039804171
21133;98,914;1,12230864191736
21134;98,918;1,20327821144088
21135;98,922;1,04931868214398
21136;98,927;1,16913017559835
21137;98,931;1,24974770351525
21138;98,936;1,07490037222533
21139;98,940;1,04122172519163
21140;98,945;1,22604356866924
21141;98,949;1,05823706951179
21142;98,954;1,16255873227471
21143;98,958;1,12512497477035
21144;98,962;1,21477823725727
21145;98,967;1,14648216557221
21146;98,971;1,13533418136245
21147;98,976;1,12359946114165
21148;98,980;1,04603296048216
21149;98,985;1,23613542805912
21150;98,989;1,00226245405857
21151;98,993;1,21149251559544
21152;98,998;1,15915566341067
21153;99,002;1,2357833864525
21154;99,007;1,12489028036594
21155;99,011;1,10834432485461
21156;99,016;1,11714536502021
21157;99,020;1,01822167355886
21158;99,025;1,11784944823346
21159;99,029;1,06598198485752
21160;99,033;1,12594640518581
21161;99,038;1,08076773233573
21162;99,042;1,02291556164718
21163;99,047;1,05495134784996
21164;99,051;1,21254864041532
21165;99,056;1,00625225893364
21166;99,060;1,17265059166459
21167;99,065;1,06903301211493
21168;99,069;1,07935956590923
21169;99,073;1,27474265758556
21170;99,078;1,09637491022939
21171;99,082;1,18027815980811
21172;99,087;1,03605844829448
21173;99,091;1,06046666635374
21174;99,096;1,1449566519435
21175;99,100;1,1052932975972
21176;99,105;1,33975300760879
21177;99,109;1,07478302502312
21178;99,113;1,20597719709167
21179;99,118;1,05014011255944
21180;99,122;1,03687987870993
21181;99,127;1,19553329609515
21182;99,131;0,991466511455434
21183;99,136;1,26312528456697
21184;99,140;1,24787014827992
21185;99,145;1,19072206080463
21186;99,149;0,984190984918538
21187;99,153;1,00355327328286
21188;99,158;1,1639668987012
21189;99,162;1,24047727454082
21190;99,167;1,17793121576395
21191;99,171;1,06046666635374
21192;99,176;1,06727280408181
21193;99,180;1,07231873377675
21194;99,184;1,04169111400046
21195;99,189;1,2138394596396
21196;99,193;1,10142083992433
21197;99,198;1,21982416695221
21198;99,202;1,13592091737349
21199;99,207;1,08252794036885
21200;99,211;1,11761475382904
21201;99,216;1,13380866773374
21202;99,220;1,0350023234746
21203;99,224;1,13873725022648
21204;99,229;1,29973761165586
21205;99,233;0,994165497106218
21206;99,238;1,13521683416024
21207;99,242;1,2870641138174
21208;99,247;1,05072684857048
21209;99,251;1,21102312678661
21210;99,256;0,984777720929578
21211;99,260;1,10857901925902
21212;99,264;1,19600268490399
21213;99,269;1,05882380552283
21214;99,273;1,20046187858789
21215;99,278;1,17429345249551
21216;99,282;1,07126260895688
21217;99,287;1,08194120435781
21218;99,291;1,07255342818117
21219;99,296;1,10165553432875
21220;99,300;1,22217111099637
21221;99,304;1,16502302352107
21222;99,309;1,28659472500857
21223;99,313;1,1859108255141
21224;99,318;1,19306900484879
21225;99,322;1,25326811958149
21226;99,327;1,20527311387842
21227;99,331;1,00578287012481
21228;99,336;1,0657472904531
21229;99,340;1,1786352989772
21230;99,344;1,06938505372155
21231;99,349;1,34362546528166
21232;99,353;1,06516055444206
21233;99,358;1,161033218646
21234;99,362;1,16631384274536
21235;99,367;1,15000258163845
21236;99,371;1,15270156728923
21237;99,376;1,23390583121717
21238;99,380;1,16326281548795
21239;99,384;1,11479842097605
21240;99,389;1,23355378961055
21241;99,393;1,31440601193186
21242;99,398;1,19588533770178
21243;99,402;1,20421698905855
21244;99,407;1,17816591016837
21245;99,411;1,09966063189121
21246;99,415;1,06246156879128
21247;99,420;1,16044648263496
21248;99,424;1,09895654867797
21249;99,429;1,21982416695221
21250;99,433;1,27615082401205
21251;99,438;1,13533418136245
21252;99,442;0,943354158550152
21253;99,447;1,1595077050173
21254;99,451;1,23038541515093
21255;99,455;1,12970151565646
21256;99,460;1,24798749548213
21257;99,464;1,15094135925611
21258;99,469;1,15211483127819
21259;99,473;1,15586994174885
21260;99,478;1,19846697615035
21261;99,482;1,05424726463672
21262;99,487;1,15974239942171
21263;99,491;1,10541064479941
21264;99,495;1,08229324596443
21265;99,500;1,1404974582596
21266;99,504;1,12688518280347
21267;99,509;1,10259431194641
21268;99,513;1,3281356345902
21269;99,518;1,09977797909342
21270;99,522;1,14472195753909
21271;99,527;1,18098224302136
21272;99,531;1,00449205090052
21273;99,535;1,12336476673723
21274;99,540;1,17452814689992
21275;99,544;1,1213698642997
21276;99,549;1,01681350713236
21277;99,553;1,26523753420671
21278;99,558;1,08100242674014
21279;99,562;1,20198739221659
21280;99,567;1,17206385565355
21281;99,571;1,16901282839615
21282;99,575;1,15117605366053
21283;99,580;1,20961496036011
21284;99,584;1,12981886285867
21285;99,589;1,16760466196965
21286;99,593;1,12782396042114
21287;99,598;1,22310988861404
21288;99,602;1,12653314119685
21289;99,606;1,15645667775989
21290;99,611;1,27028346390165
21291;99,615;1,13357397332933
21292;99,620;1,00613491173143
21293;99,624;1,14178827748389
21294;99,629;1,19541594889295
21295;99,633;1,17452814689992
21296;99,638;1,24399769060706
21297;99,642;1,22451805504053
21298;99,646;1,07149730336129
21299;99,651;1,11350760175176
21300;99,655;1,14800767920091
21301;99,660;1,26523753420671
21302;99,664;1,17652304933746
21303;99,669;1,1580995385908
21304;99,673;1,11796679543566
21305;99,678;1,20550780828283
21306;99,682;1,19752819853269
21307;99,686;1,17030364762043
21308;99,691;1,22862520711781
21309;99,695;1,08346671798651
21310;99,700;1,11784944823346
21311;99,704;1,20316086423867
21312;99,709;1,16795670357627
21313;99,713;1,24822218988655
21314;99,718;1,14378317992142
21315;99,722;1,29774270921833
21316;99,726;1,21653844529039
21317;99,731;1,27110489431711
21318;99,735;0,961660322094601
21319;99,740;1,17100773083368
21320;99,744;1,2093802659557
21321;99,749;1,1537576921091
21322;99,753;1,11080861610097
21323;99,758;1,16384955149899
21324;99,762;1,19834962894815
21325;99,766;1,21067108517999
21326;99,771;1,15176278967157
21327;99,775;1,17159446684472
21328;99,780;1,10505860319278
21329;99,784;1,11796679543566
21330;99,789;1,26335997897138
21331;99,793;1,15469646972677
21332;99,797;1,05166562618814
21333;99,802;1,00249714846299
21334;99,806;1,25291607797487
21335;99,811;1,23789563609224
21336;99,815;1,28659472500857
21337;99,820;1,18825776955826
21338;99,824;1,05682890308529
21339;99,829;1,13697704219336
21340;99,833;1,08499223161521
21341;99,837;1,07220138657454
21342;99,842;1,07407894180987
21343;99,846;1,00226245405857
21344;99,851;1,14988523443624
21345;99,855;1,17147711964251
21346;99,860;1,21689048689701
21347;99,864;1,11808414263787
21348;99,869;1,05870645832062
21349;99,873;1,07818609388715
21350;99,877;1,12899743244322
21351;99,882;1,23613542805912
21352;99,886;1,27427326877673
21353;99,891;1,14566073515675
21354;99,895;1,26382936778021
21355;99,900;1,09261979975873
21356;99,904;1,05213501499697
21357;99,909;1,249043620302
21358;99,913;1,11139535211201
21359;99,917;1,17006895321602
21360;99,922;1,33811014677788
21361;99,926;1,12101782269307
21362;99,931;1,15188013687378
21363;99,935;1,16091587144379
21364;99,940;1,15528320573781
21365;99,944;1,23390583121717
21366;99,949;1,05941054153387
21367;99,953;1,07912487150481
21368;99,957;1,21595170927935
21369;99,962;1,10940044967448
21370;99,966;1,21172720999986
21371;99,971;1,13674234778894
21372;99,975;1,14706890158325
21373;99,980;1,11667597621138
21374;99,984;1,1038851311707
21375;99,988;1,1859108255141
21376;99,993;1,22146702778312
21377;99,997;1,13040559886971
21378;100,002;1,17957407659487
21379;100,006;1,31733969198706
21380;100,011;1,22592622146703
21381;100,015;1,09860450707134
21382;100,020;1,20363025304751
21383;100,024;1,24716606506668
21384;100,028;1,07102791455246
21385;100,033;1,20421698905855
21386;100,037;1,17476284130434
21387;100,042;1,12395150274827
21388;100,046;1,05049215416606
21389;100,051;1,18227306224565
21390;100,055;1,21055373797778
21391;100,060;1,18074754861695
21392;100,064;1,20891087714687
21393;100,068;1,08276263477326
21394;100,073;1,23965584412536
21395;100,077;1,2709875471149
21396;100,082;1,07020648413701
21397;100,086;1,18215571504344
21398;100,091;1,21067108517999
21399;100,095;1,10106879831771
21400;100,100;1,13732908379998
21401;100,104;1,16408424590341
21402;100,108;1,16490567631887
21403;100,113;1,18203836784123
21404;100,117;1,09930859028459
21405;100,122;1,1375637782044
21406;100,126;1,15939035781509
21407;100,131;1,13146172368958
21408;100,135;1,28096205930258
21409;100,140;1,10693615842811
21410;100,144;1,17969142379707
21411;100,148;1,33681932755359
21412;100,153;1,08452284280638
21413;100,157;1,13110968208296
21414;100,162;1,19072206080463
21415;100,166;1,08792591167041
21416;100,171;1,27732429603413
21417;100,175;1,1551658585356
21418;100,179;1,25103852273954
21419;100,184;1,21642109808818
21420;100,188;1,2827222673357
21421;100,193;1,11714536502021
21422;100,197;1,16185464906146
21423;100,202;1,2240486662317
21424;100,206;1,20386494745192
21425;100,211;1,16783935637407
21426;100,215;1,25068648113292
21427;100,219;1,10423717277733
21428;100,224;1,16420159310562
21429;100,228;1,22123233337871
21430;100,233;1,1991710593636
21431;100,237;1,21876804213234
21432;100,242;1,18602817271631
21433;100,246;1,19553329609515
21434;100,251;1,1741761052933
21435;100,255;1,16314546828575
21436;100,259;1,34632445093244
21437;100,264;1,15469646972677
21438;100,268;1,13216580690283
21439;100,273;1,31229376229212
21440;100,277;1,20128330900335
21441;100,282;1,16161995465704
21442;100,286;1,24575789864018
21443;100,291;1,21243129321311
21444;100,295;1,36697755852105
21445;100,299;1,24622728744901
21446;100,304;1,27849776805621
21447;100,308;1,24869157869538
21448;100,313;1,17194650845135
21449;100,317;1,1082269776524
21450;100,322;1,13474744535141
21451;100,326;1,11773210103125
21452;100,331;1,20574250268725
21453;100,335;1,21125782119103
21454;100,339;1,21477823725727
21455;100,344;1,20363025304751
21456;100,348;1,20562515548504
21457;100,353;1,18849246396267
21458;100,357;1,16197199626366
21459;100,362;1,03218599062161
21460;100,366;1,28929371065935
21461;100,371;1,09050755011899
21462;100,375;1,19365574085983
21463;100,379;1,14073215266402
21464;100,384;1,35864590716428
21465;100,388;1,30055904207132
21466;100,393;1,10259431194641
21467;100,397;1,10083410391329
21468;100,402;1,27063550550828
21469;100,406;1,26019160451177
21470;100,410;1,18109959022357
21471;100,415;1,11339025454955
21472;100,419;1,28389573935778
21473;100,424;1,29621719558962
21474;100,428;1,16068117703938
21475;100,433;1,25714057725436
21476;100,437;1,22909459592664
21477;100,442;1,34116117403529
21478;100,446;1,27779368484297
21479;100,450;1,0584717639162
21480;100,455;1,13721173659778
21481;100,459;1,09097693892782
21482;100,464;1,20891087714687
21483;100,468;1,38598780527875
21484;100,473;1,08722182845717
21485;100,477;1,24094666334965
21486;100,482;1,17511488291096
21487;100,486;1,23367113681276
21488;100,490;1,09966063189121
21489;100,495;1,23097215116197
21490;100,499;1,24212013537173
21491;100,504;1,17945672939266
21492;100,508;1,2577273132654
21493;100,513;1,14530869355013
21494;100,517;1,21419150124623
21495;100,522;1,24000788573199
21496;100,526;1,19541594889295
21497;100,530;1,11949230906437
21498;100,535;1,38399290284121
21499;100,539;1,12923212684763
21500;100,544;1,40699295447398
21501;100,548;1,34515097891036
21502;100,553;1,24634463465122
21503;100,557;1,25948752129852
21504;100,562;1,24176809376511
21505;100,566;1,27251306074361
21506;100,570;1,32731420417474
21507;100,575;1,33517646672268
21508;100,579;1,12747191881451
21509;100,584;1,26828856146412
21510;100,588;1,15328830330027
21511;100,593;1,20409964185634
21512;100,597;1,10353308956408
21513;100,601;1,31992133043564
21514;100,606;1,17018630041823
21515;100,610;1,27884980966284
21516;100,615;1,15493116413118
21517;100,619;1,21994151415442
21518;100,624;1,20198739221659
21519;100,628;1,2547936332102
21520;100,633;1,19905371216139
21521;100,637;1,1536403449069
21522;100,641;1,19424247687087
21523;100,646;1,25303342517708
21524;100,650;1,16068117703938
21525;100,655;1,13333927892491
21526;100,659;1,14108419427064
21527;100,664;1,20304351703647
21528;100,668;1,21243129321311
21529;100,673;1,15622198335547
21530;100,677;1,14648216557221
21531;100,681;1,2621865069493
21532;100,686;1,31581417835836
21533;100,690;1,2885896274461
21534;100,695;1,0671554568796
21535;100,699;1,30349272212652
21536;100,704;1,12219129471515
21537;100,708;1,14401787432584
21538;100,713;1,14976788723403
21539;100,717;1,21912008373896
21540;100,721;1,29105391869247
21541;100,726;1,29410494594988
21542;100,730;1,10036471510446
21543;100,735;1,23672216407016
21544;100,739;1,29257943232117
21545;100,744;1,07314016419221
21546;100,748;1,23073745675756
21547;100,753;1,18321183986331
21548;100,757;1,29680393160066
21549;100,761;1,16279342667912
21550;100,766;1,1243035443549
21551;100,770;1,30677844378834
21552;100,775;1,2753293935966
21553;100,779;1,24528850983135
21554;100,784;1,22357927742287
21555;100,788;1,10799228324798
21556;100,792;1,09449735499406
21557;100,797;1,23296705359951
21558;100,801;1,30231925010444
21559;100,806;1,26206915974709
21560;100,810;1,19412512966866
21561;100,815;1,19588533770178
21562;100,819;1,29340086273663
21563;100,824;1,27345183836127
21564;100,828;1,19459451847749
21565;100,832;1,27263040794581
21566;100,837;1,17147711964251
21567;100,841;1,11456372657163
21568;100,846;1,1698342588116
21569;100,850;1,09790042385809
21570;100,855;1,310533554259
21571;100,859;1,30889069342809
21572;100,864;1,19553329609515
21573;100,868;1,2166557924926
21574;100,872;1,20409964185634
21575;100,877;1,27697225442751
21576;100,881;1,29750801481391
21577;100,886;1,26042629891618
21578;100,890;1,17488018850655
21579;100,895;1,23930380251874
21580;100,899;1,25937017409631
21581;100,904;1,14753829039208
21582;100,908;1,22217111099637
21583;100,912;1,14472195753909
21584;100,917;1,25913547969189
21585;100,921;1,28729880822181
21586;100,926;1,2226404998052
21587;100,930;1,11526780978488
21588;100,935;1,13803316701323
21589;100,939;1,15868627460184
21590;100,944;1,29668658439845
21591;100,948;1,21031904357336
21592;100,952;1,26629365902658
21593;100,957;1,26840590866633
21594;100,961;1,39326333181564
21595;100,966;1,1390892918331
21596;100,970;1,30560497176626
21597;100,975;1,34691118694348
21598;100,979;1,19154349122008
21599;100,983;1,30724783259718
21600;100,988;1,27051815830607
21601;100,992;1,2431762601916
21602;100,997;1,1068188112259
21603;101,001;1,12911477964542
21604;101,006;1,26465079819567
21605;101,010;1,26406406218463
21606;101,015;1,17206385565355
21607;101,019;1,07771670507832
21608;101,023;1,16795670357627
21609;101,028;1,17147711964251
21610;101,032;1,21806395891909
21611;101,037;1,2475181066733
21612;101,041;1,15880362180405
21613;101,046;1,27591612960764
21614;101,050;1,2401252329342
21615;101,055;1,15047197044728
21616;101,059;1,32156419126655
21617;101,063;1,11949230906437
21618;101,068;1,24646198185343
21619;101,072;1,23859971930549
21620;101,077;1,09930859028459
21621;101,081;1,29023248827701
21622;101,086;1,38176330599926
21623;101,090;1,21125782119103
21624;101,095;1,26429875658905
21625;101,099;1,25244668916604
21626;101,103;1,23777828889004
21627;101,108;1,14906380402078
21628;101,112;1,19459451847749
21629;101,117;1,18215571504344
21630;101,121;1,14659951277442
21631;101,126;1,25279873077266
21632;101,130;1,17335467487784
21633;101,135;1,34010504921542
21634;101,139;1,42670728444492
21635;101,143;1,20867618274245
21636;101,148;1,32625807935487
21637;101,152;1,15457912252456
21638;101,157;1,2313241927686
21639;101,161;1,3340029947006
21640;101,166;1,16490567631887
21641;101,170;1,20762005792258
21642;101,174;1,21184455720207
21643;101,179;1,21865069493013
21644;101,183;1,17969142379707
21645;101,188;1,15117605366053
21646;101,192;1,2167731396948
21647;101,197;1,31733969198706
21648;101,201;1,28213553132466
21649;101,206;1,20492107227179
21650;101,210;1,24481912102252
21651;101,214;1,28190083692025
21652;101,219;1,39021230455823
21653;101,223;1,1346300981492
21654;101,228;1,22792112390456
21655;101,232;1,25432424440136
21656;101,237;1,28812023863727
21657;101,241;1,21031904357336
21658;101,246;1,22369662462508
21659;101,250;1,27133958872153
21660;101,254;1,24939566190863
21661;101,259;1,25244668916604
21662;101,263;1,25256403636824
21663;101,268;1,19588533770178
21664;101,272;1,41837563308816
21665;101,277;1,14120154147285
21666;101,281;1,31393662312303
21667;101,286;1,30008965326249
21668;101,290;1,18262510385227
21669;101,294;1,22064559736767
21670;101,299;1,27263040794581
21671;101,303;1,15598728895106
21672;101,308;1,22803847110677
21673;101,312;1,15117605366053
21674;101,317;1,18649756152514
21675;101,321;1,25784466046761
21676;101,326;1,19799758734152
21677;101,330;1,34233464605737
21678;101,334;1,14460461033688
21679;101,339;1,25960486850073
21680;101,343;1,30666109658614
21681;101,348;1,27802837924738
21682;101,352;1,09426266058965
21683;101,357;1,2064465859005
21684;101,361;1,35430406068259
21685;101,366;1,32696216256812
21686;101,370;1,27368653276569
21687;101,374;1,29328351553442
21688;101,379;1,21266598761752
21689;101,383;1,18602817271631
21690;101,388;1,24505381542693
21691;101,392;1,16889548119394
21692;101,397;1,27333449115906
21693;101,401;1,34597240932582
21694;101,405;1,12054843388424
21695;101,410;1,18814042235605
21696;101,414;1,31745703918927
21697;101,419;1,23484460883484
21698;101,423;1,22956398473548
21699;101,428;1,21043639077557
21700;101,432;1,21583436207714
21701;101,437;1,25866609088306
21702;101,441;1,4322226029487
21703;101,445;1,29973761165586
21704;101,450;1,17065568922706
21705;101,454;1,23179358157743
21706;101,459;1,36345714245481
21707;101,463;1,21125782119103
21708;101,468;1,45088080809977
21709;101,472;1,30595701337289
21710;101,477;1,28260492013349
21711;101,481;1,26253854855593
21712;101,485;1,38434494444783
21713;101,490;1,33505911952047
21714;101,494;1,23531399764367
21715;101,499;1,30091108367794
21716;101,503;1,26817121426191
21717;101,508;1,23320174800392
21718;101,512;1,16232403787029
21719;101,517;1,3075998742038
21720;101,521;1,30630905497951
21721;101,525;1,26617631182437
21722;101,530;1,17441079969771
21723;101,534;1,24857423149317
21724;101,539;1,18485470069423
21725;101,543;1,17311998047343
21726;101,548;1,34444689569711
21727;101,552;1,19788024013931
21728;101,557;1,26699774223983
21729;101,561;1,13075764047634
21730;101,565;1,29058452988364
21731;101,570;1,29410494594988
21732;101,574;1,28190083692025
21733;101,579;1,21160986279765
21734;101,583;1,32027337204226
21735;101,588;1,30583966617068
21736;101,592;1,25937017409631
21737;101,596;1,21489558445948
21738;101,601;1,2753293935966
21739;101,605;1,17664039653967
21740;101,610;1,24716606506668
21741;101,614;1,3031406805199
21742;101,619;1,38317147242575
21743;101,623;1,25690588284994
21744;101,628;1,17781386856175
21745;101,632;1,24998239791967
21746;101,636;1,29363555714105
21747;101,641;1,24388034340485
21748;101,645;1,09520143820731
21749;101,650;1,21067108517999
21750;101,654;1,26746713104866
21751;101,659;1,28366104495337
21752;101,663;1,30677844378834
21753;101,668;1,26335997897138
21754;101,672;1,22510479105157
21755;101,676;1,32297235769305
21756;101,681;1,19881901775698
21757;101,685;1,32930910661228
21758;101,690;1,15540055294002
21759;101,694;1,37777350112419
21760;101,699;1,3193345944246
21761;101,703;1,21254864041532
21762;101,708;1,23789563609224
21763;101,712;1,2064465859005
21764;101,716;1,13134437648738
21765;101,721;1,30583966617068
21766;101,725;1,28988044667039
21767;101,730;1,23449256722821
21768;101,734;1,16584445393653
21769;101,739;1,26335997897138
21770;101,743;1,13486479255362
21771;101,748;1,41731950826828
21772;101,752;1,34256934046178
21773;101,756;1,36028876799519
21774;101,761;1,25878343808527
21775;101,765;1,26441610379125
21776;101,770;1,22064559736767
21777;101,774;1,24845688429096
21778;101,779;1,31123763747225
21779;101,783;1,37742145951756
21780;101,787;1,29926822284703
21781;101,792;1,35183976943622
21782;101,796;1,30971212384354
21783;101,801;1,28659472500857
21784;101,805;1,26324263176917
21785;101,810;1,23566603925029
21786;101,814;1,12207394751294
21787;101,819;1,38434494444783
21788;101,823;1,31593152556057
21789;101,827;1,18426796468319
21790;101,832;1,22616091587144
21791;101,836;1,27403857437231
21792;101,841;1,23026806794872
21793;101,845;1,3516050750318
21794;101,850;1,19858432335256
21795;101,854;1,34890608938102
21796;101,859;1,15786484418638
21797;101,863;1,36204897602831
21798;101,867;1,37401839065353
21799;101,872;1,32872237060124
21800;101,876;1,3428040348662
21801;101,881;1,29387025154546
21802;101,885;1,35195711663842
21803;101,890;1,29926822284703
21804;101,894;1,43292668616195
21805;101,899;1,39091638777148
21806;101,903;1,27579878240543
21807;101,907;1,26887529747516
21808;101,912;1,22416601343391
21809;101,916;1,1477729847965
21810;101,921;1,17358936928226
21811;101,925;1,35829386555766
21812;101,930;1,2533854667837
21813;101,934;1,21477823725727
21814;101,939;1,45792164023225
21815;101,943;1,29973761165586
21816;101,947;1,24646198185343
21817;101,952;1,18814042235605
21818;101,956;1,3384621883845
21819;101,961;1,26242120135372
21820;101,965;1,36111019841065
21821;101,970;1,36146224001727
21822;101,974;1,37836023713523
21823;101,978;1,22921194312885
21824;101,983;1,34585506212361
21825;101,987;1,295865153983
21826;101,992;1,29821209802716
21827;101,996;1,11069126889877
21828;102,001;1,42436034040076
21829;102,005;1,37577859868665
21830;102,010;1,23038541515093
21831;102,014;1,28729880822181
21832;102,018;1,23378848401496
21833;102,023;1,27016611669945
21834;102,027;1,25937017409631
21835;102,032;1,21747722290805
21836;102,036;1,23543134484588
21837;102,041;1,29199269631013
21838;102,045;1,25995691010735
21839;102,050;1,27110489431711
21840;102,054;1,37237552982262
21841;102,058;1,26899264467737
21842;102,063;1,25420689719916
21843;102,067;1,18485470069423
21844;102,072;1,38481433325667
21845;102,076;1,24552320423576
21846;102,081;1,22451805504053
21847;102,085;1,2489262730998
21848;102,090;1,37073266899171
21849;102,094;1,18438531188539
21850;102,098;1,3926765958046
21851;102,103;1,19048736640021
21852;102,107;1,3032580277221
21853;102,112;1,37296226583366
21854;102,116;1,36779898893651
21855;102,121;1,13369132053154
21856;102,125;1,24833953708876
21857;102,130;1,37483982106899
21858;102,134;1,2299160263421
21859;102,138;1,34397750688828
21860;102,143;1,39819191430838
21861;102,147;1,3721408354182
21862;102,152;1,33294686988073
21863;102,156;1,39079904056927
21864;102,161;1,33775810517126
21865;102,165;1,34949282539206
21866;102,170;1,2885896274461
21867;102,174;1,22956398473548
21868;102,178;1,36955919696963
21869;102,183;1,22310988861404
21870;102,187;1,42729402045596
21871;102,192;1,23249766479068
21872;102,196;1,30407945813756
21873;102,201;1,28765084982844
21874;102,205;1,35794182395103
21875;102,209;1,20539046108063
21876;102,214;1,29070187708585
21877;102,218;1,25455893880578
21878;102,223;1,26441610379125
21879;102,227;1,30091108367794
21880;102,232;1,39690109508409
21881;102,236;1,19647207371282
21882;102,241;1,45745225142342
21883;102,245;1,25678853564773
21884;102,249;1,36240101763494
21885;102,254;1,30642640218172
21886;102,258;1,36639082251001
21887;102,263;1,2768549072253
21888;102,267;1,29563045957858
21889;102,272;1,36064080960182
21890;102,276;1,30947742943913
21891;102,281;1,41661542505504
21892;102,285;1,42975831170233
21893;102,289;1,28624268340194
21894;102,294;1,40664091286736
21895;102,298;1,37237552982262
21896;102,303;1,48901864881737
21897;102,307;1,44172772632755
21898;102,312;1,33329891148735
21899;102,316;1,40898785691152
21900;102,321;1,30724783259718
21901;102,325;1,39232455419798
21902;102,329;1,26335997897138
21903;102,334;1,40499805203644
21904;102,338;1,14894645681858
21905;102,343;1,17640570213525
21906;102,347;1,17628835493304
21907;102,352;1,41954910511024
21908;102,356;1,28718146101961
21909;102,361;1,21865069493013
21910;102,365;1,47951352543853
21911;102,369;1,19729350412827
21912;102,374;1,22756908229794
21913;102,378;1,27967124007829
21914;102,383;1,42306952117648
21915;102,387;1,24141605215848
21916;102,392;1,20867618274245
21917;102,396;1,40018681674592
21918;102,400;1,29269677952338
21919;102,405;1,3574724351422
21920;102,409;1,37965105635951
21921;102,414;1,30278863891327
21922;102,418;1,40828377369827
21923;102,423;1,48479414953789
21924;102,427;1,38105922278601
21925;102,432;1,29058452988364
21926;102,436;1,30055904207132
21927;102,440;1,24728341226888
21928;102,445;1,22475274944495
21929;102,449;1,3428040348662
21930;102,454;1,26113038212943
21931;102,458;1,35524283830025
21932;102,463;1,2475181066733
21933;102,467;1,39807456710617
21934;102,472;1,26899264467737
21935;102,476;1,33130400904982
21936;102,480;1,33282952267852
21937;102,485;1,35125303342518
21938;102,489;1,24446707941589
21939;102,494;1,28823758583948
21940;102,498;1,24399769060706
21941;102,503;1,25420689719916
21942;102,507;1,35805917115324
21943;102,512;1,3222682744798
21944;102,516;1,27884980966284
21945;102,520;1,29387025154546
21946;102,525;1,26265589575813
21947;102,529;1,30853865182146
21948;102,534;1,31358458151641
21949;102,538;1,17722713255071
21950;102,543;1,24927831470642
21951;102,547;1,40992663452918
21952;102,552;1,32778359298358
21953;102,556;1,25068648113292
21954;102,560;1,27943654567388
21955;102,565;1,32391113531071
21956;102,569;1,20902822434908
21957;102,574;1,43996751829443
21958;102,578;1,30008965326249
21959;102,583;1,46132470909629
21960;102,587;1,33177339785865
21961;102,591;1,30490088855302
21962;102,596;1,35841121275987
21963;102,600;1,37190614101379
21964;102,605;1,30407945813756
21965;102,609;1,28800289143506
21966;102,614;1,35101833902076
21967;102,618;1,28319165614453
21968;102,623;1,16056382983717
21969;102,627;1,51741667175171
21970;102,631;1,06856362330609
21971;102,636;1,39737048389292
21972;102,640;1,29351820993884
21973;102,645;1,35712039353558
21974;102,649;1,31006416545017
21975;102,654;1,27040081110386
21976;102,658;1,22240580540079
21977;102,663;1,15469646972677
21978;102,667;1,34503363170815
21979;102,671;1,22721704069132
21980;102,676;1,20738536351816
21981;102,680;1,31827846960473
21982;102,685;1,19670676811723
21983;102,689;1,25021709232408
21984;102,694;1,35805917115324
21985;102,698;1,36322244805039
21986;102,703;1,34292138206841
21987;102,707;1,3940847622311
21988;102,711;1,35418671348038
21989;102,716;1,32285501049084
21990;102,720;1,41286031458438
21991;102,725;1,40969194012476
21992;102,729;1,40804907929385
21993;102,734;1,4820951638871
21994;102,738;1,40265110799228
21995;102,743;1,32567134334383
21996;102,747;1,32684481536591
21997;102,751;1,401360288768
21998;102,756;1,24622728744901
21999;102,760;1,1199616978732
22000;102,765;1,2489262730998
22001;102,769;1,33435503630722
22002;102,774;1,21313537642636
22003;102,778;1,27122224151932
22004;102,782;1,18731899194059
22005;102,787;1,27216101913698
22006;102,791;1,46167675070291
22007;102,796;1,36404387846585
22008;102,800;1,2753293935966
22009;102,805;1,46824819402656
22010;102,809;1,33505911952047
22011;102,814;1,34292138206841
22012;102,818;1,31029885985458
22013;102,822;1,35324793586271
22014;102,827;1,19365574085983
22015;102,831;1,33717136916022
22016;102,836;1,31863051121135
22017;102,840;1,26230385415151
22018;102,845;1,36639082251001
22019;102,849;1,354538755087
22020;102,854;1,44630426721366
22021;102,858;1,27333449115906
22022;102,862;1,49500335612998
22023;102,867;1,29433964035429
22024;102,871;1,31851316400914
22025;102,876;1,30302333331769
22026;102,880;1,27227836633919
22027;102,885;1,48538088554893
22028;102,889;1,3911510821759
22029;102,894;1,36732960012767
22030;102,898;1,48573292715555
22031;102,902;1,39126842937811
22032;102,907;1,31581417835836
22033;102,911;1,33095196744319
22034;102,916;1,33517646672268
22035;102,920;1,26253854855593
22036;102,925;1,39009495735603
22037;102,929;1,383875555639
22038;102,934;1,35911529597311
22039;102,938;1,23343644240834
22040;102,942;1,28260492013349
22041;102,947;1,28049267049375
22042;102,951;1,38610515248095
22043;102,956;1,24833953708876
22044;102,960;1,19576799049957
22045;102,965;1,43480424139728
22046;102,969;1,17746182695512
22047;102,973;1,31968663603122
22048;102,978;1,36686021131884
22049;102,982;1,40628887126073
22050;102,987;1,37096736339612
22051;102,991;1,41121745375347
22052;102,996;1,4805696502584
22053;103,000;1,41579399463958
22054;103,005;1,3897429157494
22055;103,009;1,51530442211197
22056;103,013;1,34902343658322
22057;103,018;1,2885896274461
22058;103,022;1,39795721990396
22059;103,027;1,26195181254489
22060;103,031;1,29034983547922
22061;103,036;1,38950822134499
22062;103,040;1,27791103204517
22063;103,045;1,37683472350652
22064;103,049;1,23977319132757
22065;103,053;1,33447238350943
22066;103,058;1,3721408354182
22067;103,062;1,369207155363
22068;103,067;1,4263552428383
22069;103,071;1,42412564599635
22070;103,076;1,35442140788479
22071;103,080;1,27943654567388
22072;103,085;1,44794712804457
22073;103,089;1,47528902615904
22074;103,093;1,35946733757974
22075;103,098;1,39431945663551
22076;103,102;1,44149303192313
22077;103,107;1,222523152603
22078;103,111;1,4394981294856
22079;103,116;1,40347253840774
22080;103,120;1,42940627009571
22081;103,125;1,33142135625202
22082;103,129;1,40945724572035
22083;103,133;1,26817121426191
22084;103,138;1,39197251259135
22085;103,142;1,29938557004924
22086;103,147;1,29891618124041
22087;103,151;1,3868092356942
22088;103,156;1,39737048389292
22089;103,160;1,19107410241125
22090;103,165;1,27356918556348
22091;103,169;1,41743685547049
22092;103,173;1,39889599752163
22093;103,178;1,43433485258844
22094;103,182;1,32989584262332
22095;103,187;1,48420741352685
22096;103,191;1,35653365752454
22097;103,196;1,32637542655708
22098;103,200;1,32614073215266
22099;103,204;1,35852855996207
22100;103,209;1,33212543946527
22101;103,213;1,32461521852396
22102;103,218;1,43609506062156
22103;103,222;1,32121214965993
22104;103,227;1,40241641358787
22105;103,231;1,34233464605737
22106;103,236;1,32003867763785
22107;103,240;1,31100294306783
22108;103,244;1,33365095309398
22109;103,249;1,31135498467446
22110;103,253;1,17945672939266
22111;103,258;1,32215092727759
22112;103,262;1,40499805203644
22113;103,267;1,34784996456114
22114;103,271;1,37307961303587
22115;103,276;1,40347253840774
22116;103,280;1,3852837220655
22117;103,284;1,35395201907596
22118;103,289;1,26582427021775
22119;103,293;1,3236764409063
22120;103,298;1,30055904207132
22121;103,302;1,32754889857916
22122;103,307;1,40077355275696
22123;103,311;1,48925334322179
22124;103,316;1,43867669907014
22125;103,320;1,52504423989523
22126;103,324;1,47493698455241
22127;103,329;1,35359997746934
22128;103,333;1,32027337204226
22129;103,338;1,28577329459311
22130;103,342;1,37695207070873
22131;103,347;1,41685011945945
22132;103,351;1,25737527165877
22133;103,356;1,31733969198706
22134;103,360;1,25514567481682
22135;103,364;1,47798801180982
22136;103,369;1,36850307214975
22137;103,373;1,49160028726595
22138;103,378;1,27744164323634
22139;103,382;1,28201818412245
22140;103,387;1,47446759574358
22141;103,391;1,41110010655126
22142;103,395;1,31827846960473
22143;103,400;1,39349802622006
22144;103,404;1,27040081110386
22145;103,409;1,41403378660646
22146;103,413;1,45228897452627
22147;103,418;1,40335519120553
22148;103,422;1,6842843932915
22149;103,427;1,31675295597602
22150;103,431;1,43891139347456
22151;103,435;1,28741615542402
22152;103,440;1,42318686837868
22153;103,444;1,40265110799228
22154;103,449;1,45979919546758
22155;103,453;1,29950291725145
22156;103,458;1,32332439929967
22157;103,462;1,37812554273081
22158;103,467;1,36510000328572
22159;103,471;1,40358988560995
22160;103,475;1,30396211093535
22161;103,480;1,46848288843097
22162;103,484;1,34937547818985
22163;103,489;1,3809418755838
22164;103,493;1,38915617973836
22165;103,498;1,34080913242866
22166;103,502;1,39455415103993
22167;103,507;1,31886520561577
22168;103,511;1,39643170627526
22169;103,515;1,38035513957276
22170;103,520;1,38082452838159
22171;103,524;1,43832465746352
22172;103,529;1,28213553132466
22173;103,533;1,40347253840774
22174;103,538;1,42764606206259
22175;103,542;1,34209995165295
22176;103,547;1,36709490572326
22177;103,551;1,35852855996207
22178;103,555;1,31769173359369
22179;103,560;1,49723295297194
22180;103,564;1,42060522993011
22181;103,569;1,40452866322761
22182;103,573;1,34890608938102
22183;103,578;1,40617152405852
22184;103,582;1,40992663452918
22185;103,586;1,33588054993593
22186;103,591;1,40171233037462
22187;103,595;1,38657454128979
22188;103,600;1,28612533619973
22189;103,604;1,36826837774534
22190;103,609;1,28518655858207
22191;103,613;1,31675295597602
22192;103,618;1,29821209802716
22193;103,622;1,36650816971222
22194;103,626;1,29962026445365
22195;103,631;1,31029885985458
22196;103,635;1,39971742793708
22197;103,640;1,37519186267561
22198;103,644;1,25127321714396
22199;103,649;1,30701313819276
22200;103,653;1,39291129020902
22201;103,658;1,36697755852105
22202;103,662;1,34057443802425
22203;103,666;1,38281943081913
22204;103,671;1,20996700196674
22205;103,675;1,41039602333801
22206;103,680;1,401360288768
22207;103,684;1,45663082100797
22208;103,689;1,44137568472092
22209;103,693;1,47305942931709
22210;103,698;1,52469219828861
22211;103,702;1,30806926301263
22212;103,706;1,25502832761461
22213;103,711;1,36416122566806
22214;103,715;1,42940627009571
22215;103,720;1,5171819773473
22216;103,724;1,4850288439423
22217;103,729;1,29609984838741
22218;103,733;1,35242650544726
22219;103,738;1,31992133043564
22220;103,742;1,32191623287318
22221;103,746;1,42576850682726
22222;103,751;1,32062541364889
22223;103,755;1,52105443502016
22224;103,760;1,47352881812592
22225;103,764;1,41473786981971
22226;103,769;1,27439061597893
22227;103,773;1,4454828367982
22228;103,777;1,4351562830039
22229;103,782;1,35125303342518
22230;103,786;1,53102894720784
22231;103,791;1,34796731176335
22232;103,795;1,53537079368954
22233;103,800;1,36580408649897
22234;103,804;1,38141126439263
22235;103,809;1,4336307693752
22236;103,813;1,3618142816239
22237;103,817;1,43703383823923
22238;103,822;1,31687030317823
22239;103,826;1,48866660721075
22240;103,831;1,48960538482841
22241;103,835;1,54616673629267
22242;103,840;1,23331909520613
22243;103,844;1,37765615392198
22244;103,849;1,39514088705097
22245;103,853;1,40769703768723
22246;103,857;1,36240101763494
22247;103,862;1,33658463314918
22248;103,866;1,37413573785574
22249;103,871;1,43691649103702
22250;103,875;1,38293677802134
22251;103,880;1,49019212083945
22252;103,884;1,43245729735312
22253;103,889;1,39948273353267
22254;103,893;1,39572762306201
22255;103,897;1,30818661021484
22256;103,902;1,31827846960473
22257;103,906;1,39126842937811
22258;103,911;1,44700835042691
22259;103,915;1,29070187708585
22260;103,920;1,35524283830025
22261;103,924;1,35700304633337
22262;103,929;1,38164595879705
22263;103,933;1,47704923419216
22264;103,937;1,4688349300376
22265;103,942;1,5054472571265
22266;103,946;1,33799279957567
22267;103,951;1,36111019841065
22268;103,955;1,34339077087724
22269;103,960;1,50145745225142
22270;103,964;1,46707472200448
22271;103,968;1,44759508643795
22272;103,973;1,53795243213811
22273;103,977;1,26981407509282
22274;103,982;1,47059513807072
22275;103,986;1,23507930323925
22276;103,991;1,36932450256521
22277;103,995;1,50497786831766
22278;104,000;1,34597240932582
22279;104,004;1,39514088705097
22280;104,008;1,40617152405852
22281;104,013;1,35606426871571
22282;104,017;1,36639082251001
22283;104,022;1,34820200616777
22284;104,026;1,27497735198997
22285;104,031;1,35841121275987
22286;104,035;1,3530132414583
22287;104,040;1,48397271912243
22288;104,044;1,38141126439263
22289;104,048;1,39361537342227
22290;104,053;1,52128912942458
22291;104,057;1,42518177081622
22292;104,062;1,40640621846294
22293;104,066;1,55708002609802
22294;104,071;1,40112559436358
22295;104,075;1,45170223851523
22296;104,080;1,43914608787897
22297;104,084;1,32919175941007
22298;104,088;1,41825828588595
22299;104,093;1,50180949385805
22300;104,097;1,36287040644377
22301;104,102;1,45228897452627
22302;104,106;1,27216101913698
22303;104,111;1,34198260445074
22304;104,115;1,55320756842515
22305;104,120;1,48021760865177
22306;104,124;1,43703383823923
22307;104,128;1,36263571203935
22308;104,133;1,42001849391907
22309;104,137;1,44266650394521
22310;104,142;1,41286031458438
22311;104,146;1,57820252249546
22312;104,151;1,45287571053731
22313;104,155;1,42764606206259
22314;104,160;1,37812554273081
22315;104,164;1,35137038062739
22316;104,168;1,37002858577846
22317;104,173;1,43339607497078
22318;104,177;1,3604061151974
22319;104,182;1,51354421407885
22320;104,186;1,47129922128397
22321;104,191;1,249043620302
22322;104,195;1,46038593147862
22323;104,199;1,40699295447398
22324;104,204;1,51694728294288
22325;104,208;1,33658463314918
22326;104,213;1,38364086123459
22327;104,217;1,41156949536009
22328;104,222;1,45663082100797
22329;104,226;1,43715118544144
22330;104,231;1,42811545087142
22331;104,235;1,31112029027004
22332;104,239;1,24528850983135
22333;104,244;1,44782978084237
22334;104,248;1,34503363170815
22335;104,253;1,3868092356942
22336;104,257;1,32414582971513
22337;104,262;1,42835014527584
22338;104,266;1,52070239341354
22339;104,271;1,49828907779181
22340;104,275;1,3207427608511
22341;104,279;1,39549292865759
22342;104,284;1,4175542026727
22343;104,288;1,34773261735894
22344;104,293;1,36064080960182
22345;104,297;1,39079904056927
22346;104,302;1,29034983547922
22347;104,306;1,40711030167619
22348;104,311;1,44055425430547
22349;104,315;1,34221729885516
22350;104,319;1,40006946954371
22351;104,324;1,46871758283539
22352;104,328;1,43503893580169
22353;104,333;1,49535539773661
22354;104,337;1,41110010655126
22355;104,342;1,31123763747225
22356;104,346;1,37554390428223
22357;104,351;1,32203358007538
22358;104,355;1,45510530737926
22359;104,359;1,35934999037753
22360;104,364;1,45792164023225
22361;104,368;1,39361537342227
22362;104,373;1,39760517829734
22363;104,377;1,34221729885516
22364;104,382;1,37495716827119
22365;104,386;1,50286561867792
22366;104,390;1,48315128870697
22367;104,395;1,36427857287027
22368;104,399;1,43973282389001
22369;104,404;1,49429927291674
22370;104,408;1,60026379651056
22371;104,413;1,51366156128106
22372;104,417;1,45592673779472
22373;104,422;1,48549823275113
22374;104,426;1,40793173209164
22375;104,430;1,44348793436067
22376;104,435;1,29938557004924
22377;104,439;1,66879456260004
22378;104,444;1,41110010655126
22379;104,448;1,47188595729501
22380;104,453;1,45240632172848
22381;104,457;1,44231446233859
22382;104,462;1,51037583961923
22383;104,466;1,42001849391907
22384;104,470;1,58946785390743
22385;104,475;1,58242702177495
22386;104,479;1,40018681674592
22387;104,484;1,35477344949142
22388;104,488;1,61786587684176
22389;104,493;1,39455415103993
22390;104,497;1,40312049680112
22391;104,502;1,41579399463958
22392;104,506;1,45076346089757
22393;104,510;1,43996751829443
22394;104,515;1,37859493153964
22395;104,519;1,3780081955286
22396;104,524;1,48819721840192
22397;104,528;1,45451857136822
22398;104,533;1,36639082251001
22399;104,537;1,5406514177889
22400;104,542;1,37929901475289
22401;104,546;1,51518707490976
22402;104,550;1,48397271912243
22403;104,555;1,47657984538333
22404;104,559;1,37366634904691
22405;104,564;1,49441662011894
22406;104,568;1,46026858427641
22407;104,573;1,56752392709453
22408;104,577;1,41555930023516
22409;104,581;1,40664091286736
22410;104,586;1,36427857287027
22411;104,590;1,40535009364307
22412;104,595;1,41544195303296
22413;104,599;1,33236013386969
22414;104,604;1,45440122416601
22415;104,608;1,5378350849359
22416;104,613;1,46015123707421
22417;104,617;1,47540637336125
22418;104,621;1,61657505761748
22419;104,626;1,43938078228339
22420;104,630;1,29563045957858
22421;104,635;1,41286031458438
22422;104,639;1,37624798749548
22423;104,644;1,56259534460179
22424;104,648;1,40863581530489
22425;104,653;1,40898785691152
22426;104,657;1,41098275934905
22427;104,661;1,40182967757683
22428;104,666;1,61810057124618
22429;104,670;1,48479414953789
22430;104,675;1,41497256422412
22431;104,679;1,40699295447398
22432;104,684;1,12183925310853
22433;104,688;1,39068169336707
22434;104,693;1,38915617973836
22435;104,697;1,47775331740541
22436;104,701;1,48197781668489
22437;104,706;1,53149833601667
22438;104,710;1,26594161741996
22439;104,715;1,38563576367212
22440;104,719;1,56623310787024
22441;104,724;1,46320226433161
22442;104,728;1,4014776359702
22443;104,733;1,49605948094986
22444;104,737;1,6770088667546
22445;104,741;1,42154400754777
22446;104,746;1,35277854705388
22447;104,750;1,54569734748384
22448;104,755;1,49758499457856
22449;104,759;1,39032965176044
22450;104,764;1,53959529296902
22451;104,768;1,47517167895683
22452;104,772;1,48573292715555
22453;104,777;1,36228367043273
22454;104,781;1,4218960491544
22455;104,786;1,41379909220204
22456;104,790;1,37683472350652
22457;104,795;1,58148824415728
22458;104,799;1,45428387696381
22459;104,804;1,48174312228048
22460;104,808;1,3940847622311
22461;104,812;1,56787596870115
22462;104,817;1,47141656848617
22463;104,821;1,45064611369536
22464;104,826;1,31569683115615
22465;104,830;1,49840642499402
22466;104,835;1,37143675220495
22467;104,839;1,58653417385223
22468;104,844;1,35782447674883
22469;104,848;1,55731472050243
22470;104,852;1,4410236431143
22471;104,857;1,34550302051698
22472;104,861;1,39607966466863
22473;104,866;1,41403378660646
22474;104,870;1,35794182395103
22475;104,875;1,42177870195219
22476;104,879;1,50802889557507
22477;104,884;1,45146754411081
22478;104,888;1,61422811357332
22479;104,892;1,48338598311139
22480;104,897;1,41063071774243
22481;104,901;1,36427857287027
22482;104,906;1,50098806344259
22483;104,910;1,3647479616791
22484;104,915;1,44653896161808
22485;104,919;1,44196242073196
22486;104,924;1,50450847950883
22487;104,928;1,34655914533686
22488;104,932;1,47681453978774
22489;104,937;1,47892678942749
22490;104,941;1,49699825856752
22491;104,946;1,42741136765817
22492;104,950;1,46179409790512
22493;104,955;1,48784517679529
22494;104,959;1,3618142816239
22495;104,964;1,28389573935778
22496;104,968;1,38493168045887
22497;104,972;1,45052876649315
22498;104,977;1,45979919546758
22499;104,981;1,5744474120248
22500;104,986;1,49418192571453
22501;104,990;1,45663082100797
22502;104,995;1,41567664743737
22503;104,999;1,42600320123168
22504;105,003;1,34526832611257
22505;105,008;1,42670728444492
22506;105,012;1,38810005491849
22507;105,017;1,38199800040367
22508;105,021;1,41638073065062
22509;105,026;1,28213553132466
22510;105,030;1,62232507052567
22511;105,035;1,53584018249837
22512;105,039;1,39431945663551
22513;105,043;1,6257281393897
22514;105,048;1,32414582971513
22515;105,052;1,38915617973836
22516;105,057;1,48831456560413
22517;105,061;1,51389625568547
22518;105,066;1,39443680383772
22519;105,070;1,31651826157161
22520;105,075;1,51964626859366
22521;105,079;1,42952361729792
22522;105,083;1,49124824565933
22523;105,088;1,48362067751581
22524;105,092;1,53830447374474
22525;105,097;1,60906483667616
22526;105,101;1,50368704909338
22527;105,106;1,57831986969767
22528;105,110;1,54499326427059
22529;105,115;1,38997761015382
22530;105,119;1,47012574926189
22531;105,123;1,4337481165774
22532;105,128;1,55332491562736
22533;105,132;1,45170223851523
22534;105,137;1,46848288843097
22535;105,141;1,49723295297194
22536;105,146;1,5069727707552
22537;105,150;1,35430406068259
22538;105,155;1,37437043226015
22539;105,159;1,58207498016832
22540;105,163;1,4116868425623
22541;105,168;1,42447768760297
22542;105,172;1,42107461873894
22543;105,177;1,48984007923283
22544;105,181;1,46226348671395
22545;105,186;1,60261074055472
22546;105,190;1,48901864881737
22547;105,194;1,43844200466572
22548;105,199;1,46191144510733
22549;105,203;1,46637063879123
22550;105,208;1,42177870195219
22551;105,212;1,445365489596
22552;105,217;1,60319747656576
22553;105,221;1,4835033303136
22554;105,226;1,53889120975578
22555;105,230;1,43046239491558
22556;105,234;1,52739118393939
22557;105,239;1,31546213675174
22558;105,243;1,61962608487488
22559;105,248;1,36639082251001
22560;105,252;1,39607966466863
22561;105,257;1,51002379801261
22562;105,261;1,53138098881446
22563;105,266;1,57597292565351
22564;105,270;1,43586036621715
22565;105,274;1,51600850532522
22566;105,279;1,32332439929967
22567;105,283;1,46695737480227
22568;105,288;1,47141656848617
22569;105,292;1,40675826006956
22570;105,297;1,46308491712941
22571;105,301;1,49594213374765
22572;105,306;1,39021230455823
22573;105,310;1,51659524133626
22574;105,314;1,50709011795741
22575;105,319;1,65882005041236
22576;105,323;1,56224330299517
22577;105,328;1,54135550100215
22578;105,332;1,58148824415728
22579;105,337;1,54381979224851
22580;105,341;1,49453396732115
22581;105,346;1,6183352656506
22582;105,350;1,57080964875635
22583;105,354;1,58442192421248
22584;105,359;1,38352351403238
22585;105,363;1,62314650094112
22586;105,368;1,44841651685341
22587;105,372;1,60061583811719
22588;105,377;1,48338598311139
22589;105,381;1,42940627009571
22590;105,385;1,54123815379994
22591;105,390;1,43046239491558
22592;105,394;1,5290340447703
22593;105,399;1,54229427861981
22594;105,403;1,56599841346583
22595;105,408;1,44219711513638
22596;105,412;1,37660002910211
22597;105,417;1,37002858577846
22598;105,421;1,53454936327408
22599;105,425;1,53208507202771
22600;105,430;1,54992184676333
22601;105,434;1,62960059706256
22602;105,439;1,4586257234455
22603;105,443;1,4659012499824
22604;105,448;1,43503893580169
22605;105,452;1,51624319972963
22606;105,457;1,59944236609511
22607;105,461;1,37953370915731
22608;105,465;1,55179940199866
22609;105,470;1,50509521551987
22610;105,474;1,4732941237215
22611;105,479;1,54816163873021
22612;105,483;1,51929422698704
22613;105,488;1,45921245945654
22614;105,492;1,59756481085978
22615;105,497;1,44501344798937
22616;105,501;1,40159498317241
22617;105,505;1,62079955689696
22618;105,510;1,47341147092371
22619;105,514;1,43855935186793
22620;105,519;1,61035565590045
22621;105,523;1,6066005454298
22622;105,528;1,39596231746643
22623;105,532;1,54229427861981
22624;105,537;1,56799331590336
22625;105,541;1,50345235468896
22626;105,545;1,47528902615904
22627;105,550;1,45334509934614
22628;105,554;1,47223799890163
22629;105,559;1,53290650244317
22630;105,563;1,52950343357914
22631;105,568;1,44876855846003
22632;105,572;1,39044699896265
22633;105,576;1,47716658139437
22634;105,581;1,40593682965411
22635;105,585;1,51624319972963
22636;105,590;1,52093708781795
22637;105,594;1,48326863590918
22638;105,599;1,56893209352103
22639;105,603;1,57280455119389
22640;105,608;1,44642161441587
22641;105,612;1,5245748510864
22642;105,616;1,39572762306201
22643;105,621;1,66433536891613
22644;105,625;1,71678956830311
22645;105,630;1,65752923118807
22646;105,634;1,59392704759133
22647;105,639;1,52445750388419
22648;105,643;1,44337058715846
22649;105,648;1,41708481386387
22650;105,652;1,52222790704224
22651;105,656;1,43198790854428
22652;105,661;1,46026858427641
22653;105,665;1,5114319644391
22654;105,670;1,51859014377379
22655;105,674;1,58207498016832
22656;105,679;1,52762587834381
22657;105,683;1,43421750538624
22658;105,688;1,66832517379121
22659;105,692;1,49887581380285
22660;105,696;1,44747773923574
22661;105,701;1,61223321113578
22662;105,705;1,54886572194346
22663;105,710;1,58148824415728
22664;105,714;1,63863633163258
22665;105,719;1,61469750238215
22666;105,723;1,47047779086851
22667;105,728;1,50650338194637
22668;105,732;1,413212356191
22669;105,736;1,4249470764118
22670;105,741;1,52257994864886
22671;105,745;1,54956980515671
22672;105,750;1,47740127579878
22673;105,754;1,43738587984585
22674;105,759;1,50157479945363
22675;105,763;1,57303924559831
22676;105,767;1,46285022272499
22677;105,772;1,47599310937229
22678;105,776;1,53548814089174
22679;105,781;1,48068699746061
22680;105,785;1,4248297292096
22681;105,790;1,592049492356
22682;105,794;1,48514619114451
22683;105,799;1,51154931164131
22684;105,803;1,53982998737344
22685;105,807;1,63042202747802
22686;105,812;1,37296226583366
22687;105,816;1,58970254831184
22688;105,821;1,60836075346292
22689;105,825;1,46895227723981
22690;105,830;1,3735490018447
22691;105,834;1,43926343508118
22692;105,839;1,5553198180649
22693;105,843;1,58489131302131
22694;105,847;1,55837084532231
22695;105,852;1,61411076637111
22696;105,856;1,54604938909047
22697;105,861;1,5275085311416
22698;105,865;1,56142187257971
22699;105,870;1,5069727707552
22700;105,874;1,54968715235891
22701;105,879;1,594865825209
22702;105,883;1,62854447224269
22703;105,887;1,50310031308234
22704;105,892;1,58653417385223
22705;105,896;1,56576371906141
22706;105,901;1,56775862149895
22707;105,905;1,54264632022643
22708;105,910;1,43022770051116
22709;105,914;1,53736569612707
22710;105,919;1,57914130011312
22711;105,923;1,62608018099632
22712;105,927;1,53806977934032
22713;105,932;1,62244241772788
22714;105,936;1,51319217247222
22715;105,941;1,58242702177495
22716;105,945;1,45534000178368
22717;105,950;1,55121266598762
22718;105,954;1,6125852527424
22719;105,959;1,48702374637984
22720;105,963;1,51178400604573
22721;105,967;1,59028928432288
22722;105,972;1,57327394000272
22723;105,976;1,58184028576391
22724;105,981;1,53982998737344
22725;105,985;1,56552902465699
22726;105,990;1,56963617673427
22727;105,994;1,45369714095277
22728;105,998;1,41990114671686
22729;106,003;1,6169270992241
22730;106,007;1,63687612359946
22731;106,012;1,48878395441296
22732;106,016;1,51401360288768
22733;106,021;1,61152912792253
22734;106,025;1,45839102904109
22735;106,030;1,46367165314045
22736;106,034;1,52105443502016
22737;106,038;1,5715137319696
22738;106,043;1,59334031158029
22739;106,047;1,66468741052276
22740;106,052;1,72934571893937
22741;106,056;1,41814093868374
22742;106,061;1,59287092277146
22743;106,065;1,65729453678365
22744;106,070;1,59556990842224
22745;106,074;1,53912590416019
22746;106,078;1,49793703618518
22747;106,083;1,34538567331478
22748;106,087;1,59533521401783
22749;106,092;1,50415643790221
22750;106,096;1,5099064508104
22751;106,101;1,3735490018447
22752;106,105;1,58970254831184
22753;106,110;1,518707490976
22754;106,114;1,56740657989232
22755;106,118;1,48409006632464
22756;106,123;1,56329942781504
22757;106,127;1,54898306914567
22758;106,132;1,55203409640307
22759;106,136;1,51483503330314
22760;106,141;1,71432527705674
22761;106,145;1,58641682665002
22762;106,150;1,60002910210615
22763;106,154;1,56658514947687
22764;106,158;1,72805489971508
22765;106,163;1,45522265458147
22766;106,167;1,54205958421539
22767;106,172;1,5259830175129
22768;106,176;1,50767685396845
22769;106,181;1,62971794426477
22770;106,185;1,61610566880864
22771;106,189;1,61563627999981
22772;106,194;1,44184507352976
22773;106,198;1,56728923269011
22774;106,203;1,57022291274531
22775;106,207;1,697544627141
22776;106,212;1,3706153217895
22777;106,216;1,69003440619969
22778;106,221;1,58301375778599
22779;106,225;1,57350863440714
22780;106,229;1,5069727707552
22781;106,234;1,6036668653746
22782;106,238;1,30666109658614
22783;106,243;1,74072839755355
22784;106,247;1,58277906338157
22785;106,252;1,5919321451538
22786;106,256;1,55285552681853
22787;106,261;1,68369765728045
22788;106,265;1,53220241922992
22789;106,269;1,59826889407303
22790;106,274;1,55637594288477
22791;106,278;1,42506442361401
22792;106,283;1,57045760714973
22793;106,287;1,70951404176622
22794;106,292;1,57761578648442
22795;106,296;1,59005458991847
22796;106,301;1,57550353684467
22797;106,305;1,56388616382608
22798;106,309;1,5216411710312
22799;106,314;1,46496247236473
22800;106,318;1,52727383673718
22801;106,323;1,52539628150186
22802;106,327;1,59275357556925
22803;106,332;1,53607487690278
22804;106,336;1,44630426721366
22805;106,341;1,46425838915149
22806;106,345;1,41638073065062
22807;106,349;1,47294208211488
22808;106,354;1,67947315800097
22809;106,358;1,6124679055402
22810;106,363;1,59005458991847
22811;106,367;1,43644710222819
22812;106,372;1,59545256122004
22813;106,376;1,59815154687082
22814;106,380;1,54604938909047
22815;106,385;1,57268720399168
22816;106,389;1,64262613650765
22817;106,394;1,43503893580169
22818;106,398;1,49500335612998
22819;106,403;1,56142187257971
22820;106,407;1,66691700736471
22821;106,412;1,74354473040654
22822;106,416;1,6139934191689
22823;106,420;1,66058025844548
22824;106,425;1,51166665884352
22825;106,429;1,57034025994752
22826;106,434;1,44712569762912
22827;106,438;1,41532460583075
22828;106,443;1,50861563158611
22829;106,447;1,59158010354717
22830;106,452;1,60296278216135
22831;106,456;1,79271320813169
22832;106,460;1,66468741052276
22833;106,465;1,69777932154542
22834;106,469;1,66586088254484
22835;106,474;1,60859544786733
22836;106,478;1,41156949536009
22837;106,483;1,52105443502016
22838;106,487;1,52105443502016
22839;106,492;1,6184526128528
22840;106,496;1,39490619264655
22841;106,500;1,53795243213811
22842;106,505;1,5435850978441
22843;106,509;1,5905239787273
22844;106,514;1,59733011645536
22845;106,518;1,55027388836995
22846;106,523;1,65905474481677
22847;106,527;1,73955492553147
22848;106,532;1,60354951817239
22849;106,536;1,60683523983421
22850;106,540;1,42952361729792
22851;106,545;1,72277427561572
22852;106,549;1,46191144510733
22853;106,554;1,54112080659773
22854;106,558;1,74319268879991
22855;106,563;1,57691170327117
22856;106,567;1,54112080659773
22857;106,571;1,68886093417761
22858;106,576;1,56635045507245
22859;106,580;1,4351562830039
22860;106,585;1,57761578648442
22861;106,589;1,5435850978441
22862;106,594;1,6476720662026
22863;106,598;1,57831986969767
22864;106,603;1,55121266598762
22865;106,607;1,51565646371859
22866;106,611;1,58054946653962
22867;106,616;1,68780480935774
22868;106,620;1,60308012936356
22869;106,625;1,74917739611252
22870;106,629;1,83038166004046
22871;106,634;1,68604460132462
22872;106,638;1,54499326427059
22873;106,643;1,49746764737635
22874;106,647;1,59897297728628
22875;106,651;1,64837614941585
22876;106,656;1,621386292908
22877;106,660;1,64814145501143
22878;106,665;1,63206488830893
22879;106,669;1,73650389827406
22880;106,674;1,73591716226302
22881;106,678;1,59122806194055
22882;106,683;1,67783029717005
22883;106,687;1,58606478504339
22884;106,691;1,69684054392775
22885;106,696;1,69730993273658
22886;106,700;1,6726670202729
22887;106,705;1,63241692991556
22888;106,709;1,64074858127233
22889;106,714;1,55649329008698
22890;106,718;1,52879935036589
22891;106,723;1,70986608337284
22892;106,727;1,61868730725722
22893;106,731;1,66644761855588
22894;106,736;1,51413095008989
22895;106,740;1,57655966166455
22896;106,745;1,52492689269302
22897;106,749;1,56130452537751
22898;106,754;1,67360579789057
22899;106,758;1,63828429002596
22900;106,762;1,61763118243735
22901;106,767;1,68698337894228
22902;106,771;1,33529381392489
22903;106,776;1,52398811507536
22904;106,780;1,6521312598865
22905;106,785;1,6813507132363
22906;106,789;1,52586567031069
22907;106,794;1,42001849391907
22908;106,798;1,5875902986721
22909;106,802;1,63136080509568
22910;106,807;1,4732941237215
22911;106,811;1,48725844078425
22912;106,816;1,58888111789639
22913;106,820;1,53361058565642
22914;106,825;1,58113620255066
22915;106,829;1,60601380941876
22916;106,834;1,66656496575809
22917;106,838;1,8147744821468
22918;106,842;1,58981989551405
22919;106,847;1,66104964725431
22920;106,851;1,50814624277728
22921;106,856;1,68627929572903
22922;106,860;1,53407997446525
22923;106,865;1,57867191130429
22924;106,869;1,73896818952043
22925;106,874;1,66938129861108
22926;106,878;1,61786587684176
22927;106,882;1,64203940049661
22928;106,887;1,5977995052642
22929;106,891;1,68381500448266
22930;106,896;1,59650868603991
22931;106,900;1,57080964875635
22932;106,905;1,70822322254193
22933;106,909;1,52680444792835
22934;106,914;1,70176912642049
22935;106,918;1,5758555784513
22936;106,922;1,59815154687082
22937;106,927;1,7298151077482
22938;106,931;1,59263622836704
22939;106,936;1,67771294996785
22940;106,940;1,58090150814624
22941;106,945;1,62009547368372
22942;106,949;1,66351393850068
22943;106,954;1,62373323695216
22944;106,958;1,57773313368663
22945;106,962;1,46625329158902
22946;106,967;1,58219232737053
22947;106,971;1,64931492703351
22948;106,976;1,67747825556343
22949;106,980;1,62150364011021
22950;106,985;1,64509042775402
22951;106,989;1,77053458691438
22952;106,993;1,63945776204804
22953;106,998;1,64168735888999
22954;107,002;1,4938298841079
22955;107,007;1,69155991982839
22956;107,011;1,71585079068545
22957;107,016;1,79693770741118
22958;107,020;1,51506972770755
22959;107,025;1,62514140337866
22960;107,029;1,64849349661805
22961;107,033;1,57456475922701
22962;107,038;1,62232507052567
22963;107,042;1,61798322404397
22964;107,047;1,67888642198993
22965;107,051;1,55872288692893
22966;107,056;1,50098806344259
22967;107,060;1,50603399313754
22968;107,065;1,60425360138564
22969;107,069;1,61516689119098
22970;107,073;1,59216683955821
22971;107,078;1,63722816520609
22972;107,082;1,59697807484874
22973;107,087;1,56740657989232
22974;107,091;1,74178452237342
22975;107,096;1,71573344348324
22976;107,100;1,59404439479354
22977;107,105;1,66961599301549
22978;107,109;1,55661063728919
22979;107,113;1,76267232436644
22980;107,118;1,58770764587431
22981;107,122;1,60906483667616
22982;107,127;1,76009068591787
22983;107,131;1,53760039053149
22984;107,136;1,46906962444201
22985;107,140;1,60096787972381
22986;107,145;1,71197833301258
22987;107,149;1,73016714935482
22988;107,153;1,52973812798355
22989;107,158;1,5421769314176
22990;107,162;1,65459555113287
22991;107,167;1,71538140187662
22992;107,171;1,74178452237342
22993;107,176;1,58958520110963
22994;107,180;1,68921297578423
22995;107,184;1,66550884093821
22996;107,189;1,65893739761457
22997;107,193;1,5861821322456
22998;107,198;1,63546795717297
22999;107,202;1,67125885384641
23000;107,207;1,69155991982839
23001;107,211;1,60929953108058
23002;107,216;1,49441662011894
23003;107,220;1,5392432513624
23004;107,224;1,81160610768718
23005;107,229;1,56048309496205
23006;107,233;1,51190135324794
23007;107,238;1,58266171617936
23008;107,242;1,72324366442455
23009;107,247;1,5349014048807
23010;107,251;1,63910572044141
23011;107,256;1,64708533019156
23012;107,260;1,73533042625198
23013;107,264;1,79083565289636
23014;107,269;1,8969175236924
23015;107,273;1,64497308055181
23016;107,278;1,86312152945649
23017;107,282;1,5582534981201
23018;107,287;1,64286083091207
23019;107,291;1,7795703214844
23020;107,296;1,68311092126942
23021;107,300;1,68956501739086
23022;107,304;1,74460085522641
23023;107,309;1,59005458991847
23024;107,313;1,6814680604385
23025;107,318;1,62842712504048
23026;107,322;1,75833047788475
23027;107,327;1,66433536891613
23028;107,331;1,82111123106603
23029;107,336;1,64567716376506
23030;107,340;1,65659045357041
23031;107,344;1,60765667024967
23032;107,349;1,6961364607145
23033;107,353;1,72512121965988
23034;107,358;1,81759081499979
23035;107,362;1,67325375628394
23036;107,367;1,63992715085687
23037;107,371;1,65107513506663
23038;107,375;1,81982041184174
23039;107,380;1,69191196143502
23040;107,384;1,71772834592078
23041;107,389;1,62056486249255
23042;107,393;1,70270790403815
23043;107,398;1,5949831724112
23044;107,402;1,68041193561863
23045;107,407;1,72782020531066
23046;107,411;1,69226400304164
23047;107,415;1,72746816370404
23048;107,420;1,70810587533972
23049;107,424;1,7634937547819
23050;107,429;1,7738203085762
23051;107,433;1,76736621245476
23052;107,438;1,72171815079585
23053;107,442;1,65999352243444
23054;107,447;1,7767539886314
23055;107,451;1,6198607792793
23056;107,455;1,82756532718747
23057;107,460;1,67501396431706
23058;107,464;1,67982519960759
23059;107,469;1,6227944593345
23060;107,473;1,70435076486906
23061;107,478;1,70599362569998
23062;107,482;1,67290171467732
23063;107,487;1,69543237750126
23064;107,491;1,60014644930836
23065;107,495;1,72265692841351
23066;107,500;1,80843773322756
23067;107,504;1,6740751866994
23068;107,509;1,70036095999399
23069;107,513;1,49312580089466
23070;107,518;1,52422280947978
23071;107,522;1,78907544486324
23072;107,527;1,75703965866046
23073;107,531;1,62115159850359
23074;107,535;1,74084574475575
23075;107,540;1,72359570603118
23076;107,544;1,76959580929671
23077;107,549;1,68404969888708
23078;107,553;1,62150364011021
23079;107,558;1,75058556253902
23080;107,562;1,60237604615031
23081;107,566;1,65905474481677
23082;107,571;1,73685593988068
23083;107,575;1,65412616232404
23084;107,580;1,67712621395681
23085;107,584;1,63147815229789
23086;107,589;1,78801932004337
23087;107,593;1,67583539473252
23088;107,598;1,89468792685045
23089;107,602;1,81172345488939
23090;107,606;1,76173354674878
23091;107,611;1,93505536441
23092;107,615;1,86687663992715
23093;107,620;1,70505484808231
23094;107,624;1,80961120524964
23095;107,629;1,70458545927348
23096;107,633;1,50145745225142
23097;107,638;1,61622301601085
23098;107,642;1,62385058415437
23099;107,646;1,67501396431706
23100;107,651;1,60929953108058
23101;107,655;1,65318738470637
23102;107,660;1,76032538032228
23103;107,664;1,75610088104279
23104;107,669;1,66457006332055
23105;107,673;1,56423820543271
23106;107,678;1,68921297578423
23107;107,682;1,68475378210033
23108;107,686;1,65893739761457
23109;107,691;1,57057495435194
23110;107,695;1,65494759273949
23111;107,700;1,6842843932915
23112;107,704;1,44043690710326
23113;107,709;1,638871026037
23114;107,713;1,59392704759133
23115;107,718;1,71585079068545
23116;107,722;1,6932027806593
23117;107,726;1,72359570603118
23118;107,731;1,61575362720202
23119;107,735;1,80116220669067
23120;107,740;1,61012096149604
23121;107,744;1,65095778786442
23122;107,749;1,6272536530184
23123;107,753;1,54722286111255
23124;107,758;1,62185568171684
23125;107,762;1,63218223551114
23126;107,766;1,55485042925607
23127;107,771;1,77440704458724
23128;107,775;1,73216205179236
23129;107,780;1,70575893129556
23130;107,784;1,62960059706256
23131;107,789;1,72911102453495
23132;107,793;1,74929474331473
23133;107,797;1,69437625268138
23134;107,802;1,70376402885802
23135;107,806;1,81864693981966
23136;107,811;1,74964678492135
23137;107,815;1,79646831860235
23138;107,820;1,67900376919213
23139;107,824;1,75246311777435
23140;107,829;1,76361110198411
23141;107,833;1,7136211938435
23142;107,837;1,77687133583361
23143;107,842;1,6785343803833
23144;107,846;1,85455518369531
23145;107,851;1,64368226132753
23146;107,855;1,72852428852391
23147;107,860;1,80867242763198
23148;107,864;1,66773843778017
23149;107,869;1,65729453678365
23150;107,873;1,61493219678656
23151;107,877;1,73509573184756
23152;107,882;1,63370774913984
23153;107,886;1,78837136165
23154;107,891;1,54229427861981
23155;107,895;1,73943757832926
23156;107,900;1,73157531578132
23157;107,904;1,71502936026999
23158;107,909;1,70798852813751
23159;107,913;1,61856996005501
23160;107,917;1,66128434165873
23161;107,922;1,72218753960468
23162;107,926;1,69249869744606
23163;107,931;1,80104485948846
23164;107,935;1,72617734447975
23165;107,940;1,73063653816366
23166;107,944;1,73298348220782
23167;107,949;1,72887633013054
23168;107,953;1,73802941190276
23169;107,957;1,82709593837864
23170;107,962;1,80679487239665
23171;107,966;1,67771294996785
23172;107,971;1,74870800730369
23173;107,975;1,52445750388419
23174;107,980;1,80644283079003
23175;107,984;1,84458067150763
23176;107,988;1,770886628521
23177;107,993;1,52950343357914
23178;107,997;1,80151424829729
23179;108,002;1,785555028797
23180;108,006;1,74929474331473
23181;108,011;1,55133001318983
23182;108,015;1,80081016508404
23183;108,020;1,77076928131879
23184;108,024;1,7196059011561
23185;108,028;1,57080964875635
23186;108,033;1,57409537041818
23187;108,037;1,8675807231404
23188;108,042;1,80761630281211
23189;108,046;1,82404491112123
23190;108,051;1,70129973761166
23191;108,055;1,712213027417
23192;108,060;1,76009068591787
23193;108,064;1,94397375177781
23194;108,068;1,62690161141178
23195;108,073;1,7194885539539
23196;108,077;1,80726426120548
23197;108,082;1,61798322404397
23198;108,086;1,79693770741118
23199;108,091;1,77264683655412
23200;108,095;1,68322826847162
23201;108,100;1,83965208901489
23202;108,104;1,7254732612665
23203;108,108;1,81500917655121
23204;108,113;1,72758551090625
23205;108,117;1,90395835582488
23206;108,122;1,66914660420666
23207;108,126;1,72911102453495
23208;108,131;1,78039175189985
23209;108,135;1,74636106325953
23210;108,140;1,74823861849486
23211;108,144;1,71197833301258
23212;108,148;1,81688673178654
23213;108,153;1,67032007622874
23214;108,157;1,74213656398004
23215;108,162;1,71033547218167
23216;108,166;1,77511112780049
23217;108,171;1,65283534309975
23218;108,175;1,74952943771915
23219;108,179;1,81712142619096
23220;108,184;1,70939669456401
23221;108,188;1,6506057462578
23222;108,193;1,69777932154542
23223;108,197;1,72207019240247
23224;108,202;1,75938660270462
23225;108,206;1,61387607196669
23226;108,211;1,69414155827697
23227;108,215;1,9951371319405
23228;108,219;1,62877916664711
23229;108,224;1,72171815079585
23230;108,228;1,74436616082199
23231;108,233;1,64450369174298
23232;108,237;1,91627981205672
23233;108,242;1,80832038602536
23234;108,246;1,72324366442455
23235;108,251;1,8236928695146
23236;108,255;1,69590176631009
23237;108,259;1,6331210131288
23238;108,264;1,75962129710903
23239;108,268;1,80796834441873
23240;108,273;1,79834587383768
23241;108,277;1,7488253545059
23242;108,282;1,69179461423281
23243;108,286;1,60401890698122
23244;108,291;1,5523861380097
23245;108,295;1,66621292415146
23246;108,299;1,50955440920378
23247;108,304;1,78144787671972
23248;108,308;1,63628938758842
23249;108,313;1,62748834742282
23250;108,317;1,77804480785569
23251;108,322;1,66163638326535
23252;108,326;1,78578972320142
23253;108,331;1,91428490961918
23254;108,335;1,70083034880282
23255;108,339;1,85103476762907
23256;108,344;1,7752284750027
23257;108,348;1,73791206470055
23258;108,353;1,78977952807649
23259;108,357;1,84129494984581
23260;108,362;1,7106875137883
23261;108,366;1,6756007003281
23262;108,370;1,61411076637111
23263;108,375;1,71995794276273
23264;108,379;1,77288153095854
23265;108,384;1,66151903606314
23266;108,388;1,71103955539492
23267;108,393;1,69766197434321
23268;108,397;1,73533042625198
23269;108,402;1,82474899433448
23270;108,406;1,74530493843966
23271;108,410;1,59357500598471
23272;108,415;1,74096309195796
23273;108,419;1,7210140675826
23274;108,424;1,75457536741409
23275;108,428;1,71315180503466
23276;108,433;1,65776392559249
23277;108,437;1,75340189539201
23278;108,442;1,54112080659773
23279;108,446;1,84505006031646
23280;108,450;1,75727435306487
23281;108,455;1,77100397572321
23282;108,459;1,67747825556343
23283;108,464;1,77252948935191
23284;108,468;1,67829968597889
23285;108,473;1,60319747656576
23286;108,477;1,73227939899457
23287;108,482;1,69085583661514
23288;108,486;1,9291880042996
23289;108,490;1,64790676060701
23290;108,495;1,76947846209451
23291;108,499;1,74401411921537
23292;108,504;1,74248860558667
23293;108,508;1,71702426270753
23294;108,513;1,73662124547627
23295;108,517;1,93024412911947
23296;108,522;1,64638124697831
23297;108,526;1,66644761855588
23298;108,530;1,69202930863722
23299;108,535;1,73615185666743
23300;108,539;1,70681505611543
23301;108,544;1,69742727993879
23302;108,548;1,90771346629554
23303;108,553;1,70798852813751
23304;108,557;1,62103425130138
23305;108,561;1,79236116652507
23306;108,566;1,64755471900039
23307;108,570;1,77687133583361
23308;108,575;1,62819243063607
23309;108,579;1,65964148082781
23310;108,584;1,74894270170811
23311;108,588;1,74647841046174
23312;108,593;1,60437094858784
23313;108,597;1,73298348220782
23314;108,601;2,12433640157151
23315;108,606;1,71197833301258
23316;108,610;1,56588106626362
23317;108,615;1,69824871035425
23318;108,619;1,81418774613576
23319;108,624;1,82451429993006
23320;108,628;1,7679529484658
23321;108,633;1,76959580929671
23322;108,637;1,71315180503466
23323;108,641;1,70153443201607
23324;108,646;1,71913651234727
23325;108,650;1,87943279056341
23326;108,655;1,88483076186498
23327;108,659;1,74131513356459
23328;108,664;1,83906535300385
23329;108,668;1,75422332580747
23330;108,673;1,93728496125195
23331;108,677;1,85361640607765
23332;108,681;1,76396314359073
23333;108,686;1,77053458691438
23334;108,690;1,58090150814624
23335;108,695;1,69273339185047
23336;108,699;1,75281515938097
23337;108,704;1,72030998436935
23338;108,708;1,73298348220782
23339;108,713;1,81958571743732
23340;108,717;1,82474899433448
23341;108,721;1,88025422097886
23342;108,726;1,63441183235309
23343;108,730;1,81160610768718
23344;108,735;1,81665203738212
23345;108,739;1,87837666574354
23346;108,744;1,86206540463662
23347;108,748;1,84892251798933
23348;108,753;1,80292241472379
23349;108,757;1,86851950075806
23350;108,761;1,87673380491262
23351;108,766;1,74131513356459
23352;108,770;1,79799383223105
23353;108,775;1,87462155527288
23354;108,779;1,86957562557793
23355;108,784;1,6697333402177
23356;108,788;1,72195284520026
23357;108,792;1,73298348220782
23358;108,797;1,62220772332346
23359;108,801;1,91616246485451
23360;108,806;1,91850940889867
23361;108,810;1,69777932154542
23362;108,815;1,70000891838737
23363;108,819;1,72676408049079
23364;108,824;1,72465183085105
23365;108,828;1,79470811056923
23366;108,832;1,77910093267556
23367;108,837;1,88271851222523
23368;108,841;1,78708054242571
23369;108,846;1,72171815079585
23370;108,850;1,77393765577841
23371;108,855;1,6212689457058
23372;108,859;1,79329994414273
23373;108,864;1,78907544486324
23374;108,868;1,89715221809682
23375;108,872;1,75797843627812
23376;108,877;1,76220293555761
23377;108,881;1,75246311777435
23378;108,886;1,77933562707998
23379;108,890;1,69484564149022
23380;108,895;1,73216205179236
23381;108,899;1,7488253545059
23382;108,904;1,78825401444779
23383;108,908;1,75739170026708
23384;108,912;1,78649380641467
23385;108,917;1,58442192421248
23386;108,921;1,81219284369822
23387;108,926;1,76513661561281
23388;108,930;1,64755471900039
23389;108,935;1,71491201306778
23390;108,939;1,83554493693761
23391;108,944;1,8984430373211
23392;108,948;1,7767539886314
23393;108,952;1,66433536891613
23394;108,957;1,66644761855588
23395;108,961;1,70282525124036
23396;108,966;1,79693770741118
23397;108,970;1,69730993273658
23398;108,975;1,63464652675751
23399;108,979;1,76396314359073
23400;108,983;1,87943279056341
23401;108,988;1,83343268729787
23402;108,992;1,79787648502884
23403;108,997;1,79083565289636
23404;109,001;1,83777453377957
23405;109,006;1,80726426120548
23406;109,010;1,71256506902362
23407;109,015;1,68088132442746
23408;109,019;1,78754993123454
23409;109,023;1,80221833151054
23410;109,028;1,90255018939838
23411;109,032;1,73579981506081
23412;109,037;1,80245302591496
23413;109,041;1,86347357106312
23414;109,046;1,82533573034552
23415;109,050;1,76666212924151
23416;109,055;1,70305994564478
23417;109,059;1,89574405167032
23418;109,063;1,72664673328858
23419;109,068;1,91287674319269
23420;109,072;1,88752974751576
23421;109,077;1,88975934435771
23422;109,081;1,87814197133912
23423;109,086;1,58641682665002
23424;109,090;1,95782072163835
23425;109,095;1,8734480832508
23426;109,099;1,86875419516248
23427;109,103;1,63112611069127
23428;109,108;1,78344277915726
23429;109,112;1,74284064719329
23430;109,117;1,91792267288763
23431;109,121;1,70305994564478
23432;109,126;1,81852959261745
23433;109,130;1,92496350502011
23434;109,135;1,93564210042104
23435;109,139;1,78719788962792
23436;109,143;1,67618743633914
23437;109,148;1,77569786381153
23438;109,152;1,82205000868369
23439;109,157;1,80221833151054
23440;109,161;1,78954483367208
23441;109,166;1,72171815079585
23442;109,170;1,81090202447393
23443;109,174;1,94608600141755
23444;109,179;1,83601432574645
23445;109,183;1,89879507892773
23446;109,188;1,80691221959886
23447;109,192;1,98915242462789
23448;109,197;1,92050431133621
23449;109,201;1,89445323244603
23450;109,206;1,90747877189112
23451;109,210;1,85795825255934
23452;109,214;1,88436137305614
23453;109,219;1,72418244204222
23454;109,223;1,8748562496773
23455;109,228;1,81008059405848
23456;109,232;1,76689682364593
23457;109,237;1,78496829278596
23458;109,241;1,70669770891322
23459;109,246;1,75633557544721
23460;109,250;1,76290701877086
23461;109,254;1,800223429073
23462;109,259;1,77370296137399
23463;109,263;1,84751435156283
23464;109,268;1,65095778786442
23465;109,272;1,83073370164709
23466;109,277;1,76666212924151
23467;109,281;1,75293250658318
23468;109,286;1,79107034730078
23469;109,290;1,9438564045756
23470;109,294;1,69179461423281
23471;109,299;1,9614584849068
23472;109,303;1,97049421947682
23473;109,308;1,94549926540651
23474;109,312;2,01004022662092
23475;109,317;1,76537131001723
23476;109,321;2,00440756091493
23477;109,326;1,97155034429669
23478;109,330;1,75551414503175
23479;109,334;1,91534103443906
23480;109,339;1,85490722530193
23481;109,343;1,78743258403233
23482;109,348;1,94831559825951
23483;109,352;1,93388189238792
23484;109,357;1,79881526264651
23485;109,361;1,84458067150763
23486;109,365;1,92109104734725
23487;109,370;2,01379533709157
23488;109,374;1,88459606746056
23489;109,379;1,86793276474702
23490;109,383;2,00182592246636
23491;109,388;1,86793276474702
23492;109,392;1,73591716226302
23493;109,397;1,8558460029196
23494;109,401;1,86312152945649
23495;109,405;1,92590228263778
23496;109,410;1,96932074745474
23497;109,414;1,74659575766395
23498;109,419;1,83437146491553
23499;109,423;1,78062644630427
23500;109,428;2,03832090235305
23501;109,432;1,86065723821013
23502;109,437;1,86007050219909
23503;109,441;1,92496350502011
23504;109,445;1,85232558685336
23505;109,450;1,96709115061279
23506;109,454;2,01473411470924
23507;109,459;1,66245781368081
23508;109,463;1,86582051510728
23509;109,468;1,876381763306
23510;109,472;1,95652990241407
23511;109,477;1,83202452087137
23512;109,481;1,87579502729496
23513;109,485;1,83542758973541
23514;109,490;1,87966748496782
23515;109,494;1,94315232136235
23516;109,499;1,90067263416306
23517;109,503;1,82885614641176
23518;109,508;1,97096360828565
23519;109,512;2,01813718357327
23520;109,517;1,88799913632459
23521;109,521;1,84751435156283
23522;109,525;1,95735133282952
23523;109,530;1,83085104884929
23524;109,534;1,84387658829438
23525;109,539;2,01168308745183
23526;109,543;1,81324896851809
23527;109,548;1,95042784789925
23528;109,552;2,03656069431993
23529;109,556;2,02236168285276
23530;109,561;1,84399393549659
23531;109,565;1,95195336152795
23532;109,570;1,69003440619969
23533;109,574;1,88213177621419
23534;109,579;2,02118821083068
23535;109,583;2,03902498556629
23536;109,588;1,71021812497946
23537;109,592;1,85514191970635
23538;109,596;1,74859066010148
23539;109,601;1,83132043765813
23540;109,605;1,91463695122581
23541;109,610;1,97096360828565
23542;109,614;1,90642264707125
23543;109,619;2,00475960252156
23544;109,623;1,98809629980802
23545;109,628;1,85502457250414
23546;109,632;1,71995794276273
23547;109,636;1,905718563858
23548;109,641;1,90607060546462
23549;109,645;1,86828480635365
23550;109,650;1,84634087954075
23551;109,654;1,97284116352098
23552;109,659;1,92461146341349
23553;109,663;2,07904038151922
23554;109,668;1,81266223250705
23555;109,672;2,01508615631586
23556;109,676;1,74389677201316
23557;109,681;1,97765239881151
23558;109,685;1,99537182634492
23559;109,690;1,97225442750994
23560;109,694;1,85138680923569
23561;109,699;2,00417286651052
23562;109,703;1,94127476612703
23563;109,708;1,96509624817525
23564;109,712;1,87333073604859
23565;109,716;2,02482597409913
23566;109,721;1,73873349511601
23567;109,725;1,87286134723976
23568;109,730;1,90794816069995
23569;109,734;1,7503508681346
23570;109,739;2,05017296977605
23571;109,743;2,04137192961045
23572;109,748;2,00945349060988
23573;109,752;2,02247903005497
23574;109,756;1,73650389827406
23575;109,761;1,93892782208287
23576;109,765;2,03515252789343
23577;109,770;2,09711185065926
23578;109,774;1,85596335012181
23579;109,779;1,95042784789925
23580;109,783;2,03022394540069
23581;109,787;1,72969776054599
23582;109,792;1,93411658679234
23583;109,796;2,03069333420953
23584;109,801;1,96932074745474
23585;109,805;1,80679487239665
23586;109,810;1,82099388386382
23587;109,814;1,8118408020916
23588;109,819;1,90548386945358
23589;109,823;1,82146327267265
23590;109,827;1,97964730124904
23591;109,832;1,9804687316645
23592;109,836;1,86417765427637
23593;109,841;1,9761268851828
23594;109,845;1,93341250357909
23595;109,850;1,80386119234145
23596;109,854;1,90513182784696
23597;109,859;1,80914181644081
23598;109,863;1,87415216646405
23599;109,867;1,90783081349774
23600;109,872;1,9129940903949
23601;109,876;1,8119581492938
23602;109,881;1,85279497566219
23603;109,885;2,01672901714677
23604;109,890;1,82615716076097
23605;109,894;1,7854376815948
23606;109,899;1,89034608036875
23607;109,903;1,90560121665579
23608;109,907;1,91064714635074
23609;109,912;1,89820834291669
23610;109,916;1,8427031162723
23611;109,921;1,92672371305323
23612;109,925;1,96685645620837
23613;109,930;1,98305037011308
23614;109,934;1,75492740902071
23615;109,939;1,95148397271912
23616;109,943;1,96697380341058
23617;109,947;1,82756532718747
23618;109,952;1,83730514497073
23619;109,956;1,88999403876213
23620;109,961;1,97190238590332
23621;109,965;1,98434118933736
23622;109,970;1,93540740601663
23623;109,974;1,91569307604568
23624;109,978;1,90830020230658
23625;109,983;1,85901437737921
23626;109,987;1,99384631271621
23627;109,992;1,89961650934318
