#"+EI TIC Scan 110C_1ml-min_6C-min_3.d "
#Point;X(Minutes);Y(Counts)
0;5,291;9,12144112740675
1;5,295;8,74558906218185
2;5,299;8,28714574728619
3;5,303;8,21517904344529
4;5,308;7,66606515391815
5;5,312;7,49030481004713
6;5,316;7,30466714115188
7;5,320;6,95601858338144
8;5,324;6,76437979739108
9;5,328;6,42521160359189
10;5,332;6,22652092124853
11;5,336;6,19070102387931
12;5,341;5,8248663875797
13;5,345;5,82113028355162
14;5,349;5,57748959962041
15;5,353;5,35855390357489
16;5,357;5,26206901704971
17;5,361;5,04549173667192
18;5,365;4,93595383669863
19;5,369;4,86720952258195
20;5,374;4,6379061378585
21;5,378;4,5659394340176
22;5,382;4,4802425478735
23;5,386;4,35293480311666
24;5,390;4,31620423039059
25;5,394;4,20668968106748
26;5,398;4,06415731239621
27;5,402;3,99620692038549
28;5,406;3,82238468047904
29;5,411;3,77965299065787
30;5,415;3,7785788607498
31;5,419;3,5941320750135
32;5,423;3,64305168713118
33;5,427;3,50248077307465
34;5,431;3,49659640923042
35;5,435;3,35021118328019
36;5,439;3,37960965185115
37;5,444;3,30974450652604
38;5,448;3,2837552328807
39;5,452;3,10727101885425
40;5,456;3,13580551336871
41;5,460;3,09711348602791
42;5,464;3,09828101853668
43;5,468;3,03537436696387
44;5,472;2,98138766375811
45;5,477;3,00681652179923
46;5,481;2,89578418021471
47;5,485;2,89354251779787
48;5,489;2,90201880381157
49;5,493;2,80782228100359
50;5,497;2,84336197057071
51;5,501;2,76394640932382
52;5,505;2,83068256752541
53;5,510;2,83997612629526
54;5,514;2,77840046178246
55;5,518;2,78386451392353
56;5,522;2,77015768227051
57;5,526;2,7596732403417
58;5,530;2,67572765296077
59;5,534;2,664449288926
60;5,538;2,67923025048709
61;5,543;2,71145414772929
62;5,547;2,6831298090664
63;5,551;2,71871619993387
64;5,555;2,65620650941405
65;5,559;2,65622986006422
66;5,563;2,60151928670302
67;5,567;2,62265162511185
68;5,571;2,59007746811702
69;5,575;2,65251710668632
70;5,580;2,59481765010265
71;5,584;2,49254180233394
72;5,588;2,51748029672138
73;5,592;2,51757369932208
74;5,596;2,45707216471735
75;5,600;2,48955291911148
76;5,604;2,3952629937028
77;5,608;2,48740465929533
78;5,613;2,41044091631687
79;5,617;2,40873631885406
80;5,621;2,4557878789577
81;5,625;2,32124143264645
82;5,629;2,35500647280023
83;5,633;2,31731852341697
84;5,637;2,31463319864678
85;5,641;2,33434114739491
86;5,646;2,30442896452009
87;5,650;2,29027847051373
88;5,654;2,31129405567169
89;5,658;2,31654795196117
90;5,662;2,25758756026803
91;5,666;2,2978440811706
92;5,670;2,35372218704058
93;5,674;2,25555605370276
94;5,679;2,22576062407882
95;5,683;2,2238692214146
96;5,687;2,20602932468052
97;5,691;2,23010384501146
98;5,695;2,23647857250937
99;5,699;2,17943293413062
100;5,703;2,22765202674303
101;5,707;2,18604116813029
102;5,712;2,12967269860662
103;5,716;2,11970197098168
104;5,720;2,04166409809515
105;5,724;2,18636807723274
106;5,728;2,10683576273498
107;5,732;2,14106781589227
108;5,736;2,18562085642713
109;5,740;2,10489765877041
110;5,744;2,14499072512175
111;5,749;2,09590765845284
112;5,753;2,08495620352053
113;5,757;2,12189693209818
114;5,761;2,15956153083126
115;5,765;2,14597145242912
116;5,769;2,20955527285702
117;5,773;2,14487397187087
118;5,777;2,22793223454514
119;5,782;2,15839399832249
120;5,786;2,10293620415567
121;5,790;2,15689955671126
122;5,794;2,22531696172548
123;5,798;2,20224651935209
124;5,802;2,21961940308266
125;5,806;2,23211200092655
126;5,810;2,27594117130597
127;5,815;2,28028439223862
128;5,819;2,261043456494
129;5,823;2,16899519350217
130;5,827;2,24035478043851
131;5,831;2,25735405376627
132;5,835;2,27024361266315
133;5,839;2,26797859959613
134;5,843;2,30821176984852
135;5,848;2,27860314542598
136;5,852;2,25252046917994
137;5,856;2,24822394954765
138;5,860;2,37039455126589
139;5,864;2,29604608110708
140;5,868;2,32107797809522
141;5,872;2,37882413597924
142;5,876;2,42050504654252
143;5,881;2,32511764057558
144;5,885;2,34867844660267
145;5,889;2,3825835906575
146;5,893;2,36574777188096
147;5,897;2,26585369043016
148;5,901;2,25076917041678
149;5,905;2,26851566455016
150;5,909;2,27822953502317
151;5,913;2,29655979541094
152;5,918;2,16278392055548
153;5,922;2,21427210419247
154;5,926;2,19664236330996
155;5,930;2,23227545547778
156;5,934;2,14548108877544
157;5,938;2,20138254529559
158;5,942;2,1784989081236
159;5,946;2,2154863380016
160;5,951;2,2097654287086
161;5,955;2,12934578950416
162;5,959;2,10349661975988
163;5,963;2,12878537389995
164;5,967;2,06634573533065
165;5,971;2,06650918988188
166;5,975;2,10807334719428
167;5,979;2,00953360345365
168;5,984;2,06800363149312
169;5,988;2,07615300840437
170;5,992;1,98583269352552
171;5,996;1,9422837309482
172;6,000;1,96222518619808
173;6,004;1,9629724070037
174;6,008;2,03120300681652
175;6,012;1,89025848235718
176;6,017;1,93831412041837
177;6,021;1,89887487227194
178;6,025;1,90153684639195
179;6,029;1,90613692447653
180;6,033;1,86319507880377
181;6,037;1,87281554667608
182;6,041;1,88736300173542
183;6,045;1,87381962463363
184;6,050;1,96955729035319
185;6,054;2,2468462611873
186;6,058;2,62876949545783
187;6,062;3,6023281532251
188;6,066;5,04714963283438
189;6,070;7,04089819676939
190;6,074;9,70378299213363
191;6,078;12,4158209061173
192;6,082;15,8802401194059
193;6,087;18,5495930448687
194;6,091;20,5185665689675
195;6,095;22,3687786862737
196;6,099;23,4968719469025
197;6,103;23,8348492575427
198;6,107;23,7254514614705
199;6,111;23,2459458601165
200;6,115;22,564924147748
201;6,120;21,9529503079484
202;6,124;21,0064784043847
203;6,128;20,1841852584543
204;6,132;19,4047639062462
205;6,136;18,6038599558766
206;6,140;17,7518180816227
207;6,144;17,0620398754383
208;6,148;16,2414046256704
209;6,153;15,4730981829458
210;6,157;14,9046733057235
211;6,161;14,2768677251049
212;6,165;13,6359390790877
213;6,169;12,9625296786764
214;6,173;12,2282451332575
215;6,177;11,727653894795
216;6,181;11,2342079552863
217;6,186;10,5628534120904
218;6,190;10,2381859720502
219;6,194;9,64398197703417
220;6,198;8,99917712308782
221;6,202;8,49895949502818
222;6,206;8,1021151952955
223;6,210;7,4751735887334
224;6,214;7,03718544339149
225;6,219;6,52029545110654
226;6,223;6,15789336038273
227;6,227;5,58778723634781
228;6,231;5,33536670795062
229;6,235;4,97111991586294
230;6,239;4,63795283915885
231;6,243;4,38772727187816
232;6,247;4,08991307953979
233;6,251;3,91387252786667
234;6,256;3,65157467444524
235;6,260;3,40872791262
236;6,264;3,2939594670074
237;6,268;2,98355927422443
238;6,272;2,95813041618331
239;6,276;2,74587300608798
240;6,280;2,56985580506504
241;6,284;2,46094837264649
242;6,289;2,30627366588395
243;6,293;2,25663018361083
244;6,297;2,18186140174887
245;6,301;1,98139606999217
246;6,305;2,02118557789123
247;6,309;1,85215022127076
248;6,313;1,82107050588717
249;6,317;1,85399492263463
250;6,322;1,75762678936032
251;6,326;1,66340691590217
252;6,330;1,67048216290534
253;6,334;1,64418933080773
254;6,338;1,57584197774403
255;6,342;1,590739692556
256;6,346;1,48839379283677
257;6,350;1,52911732674285
258;6,355;1,444517921157
259;6,359;1,4552825708879
260;6,363;1,36988924319609
261;6,367;1,45838820736125
262;6,371;1,36879176263784
263;6,375;1,34345630719742
264;6,379;1,38282550339332
265;6,383;1,33341552762195
266;6,388;1,29367272102324
267;6,392;1,31800409850612
268;6,396;1,27039212279827
269;6,400;1,3192650336156
270;6,404;1,27300739561792
271;6,408;1,27975573351864
272;6,412;1,26256965498947
273;6,416;1,21533128968443
274;6,420;1,217269393649
275;6,425;1,23795806970449
276;6,429;1,23644027744309
277;6,433;1,16470708010394
278;6,437;1,2416708230824
279;6,441;1,1697975218422
280;6,445;1,16346949564464
281;6,449;1,20753217252581
282;6,453;1,14994946919302
283;6,458;1,16753250877517
284;6,462;1,11686159789433
285;6,466;1,12396019554769
286;6,470;1,08405393439775
287;6,474;1,09232006455988
288;6,478;1,12269926043821
289;6,482;1,10378523379605
290;6,486;1,09276372691321
291;6,491;1,05066250464678
292;6,495;1,04751016687309
293;6,499;1,09881154530867
294;6,503;1,08912102548583
295;6,507;1,05435190737451
296;6,511;1,05346458266784
297;6,515;1,06852575203104
298;6,519;1,05757429709873
299;6,524;1,02553720505794
300;6,528;0,994807749426975
301;6,532;0,98600455431081
302;6,536;1,03595159503621
303;6,540;1,036722166492
304;6,544;0,984299956847999
305;6,548;1,01383852932001
306;6,552;1,03508762097972
307;6,557;0,998216944352599
308;6,561;0,994854450727326
309;6,565;0,969122034233921
310;6,569;1,01757463334809
311;6,573;0,989857411589768
312;6,577;0,984907073752562
313;6,581;0,925876630108889
314;6,585;0,966086449711106
315;6,589;0,968281410827603
316;6,594;0,976664294240609
317;6,598;0,872543745108039
318;6,602;0,979583125512547
319;6,606;0,964475254848996
320;6,610;0,953126838863701
321;6,614;0,971573852502349
322;6,618;0,921580110476596
323;6,622;0,930780266645745
324;6,627;0,943039357987884
325;6,631;0,941031202072791
326;6,635;0,952706527160542
327;6,639;0,948106449075968
328;6,643;0,915462240130614
329;6,647;0,946705410065438
330;6,651;0,913057123162537
331;6,655;0,934726526525405
332;6,660;0,936851435691375
333;6,664;0,895684239431963
334;6,668;0,894773564075118
335;6,672;0,885993719609129
336;6,676;0,875159017927695
337;6,680;0,936267669436988
338;6,684;0,910021538639722
339;6,688;0,876116394584891
340;6,693;0,905374759254797
341;6,697;0,903249850088826
342;6,701;0,852719043109036
343;6,705;0,875275771178573
344;6,709;0,900260966866361
345;6,713;0,892601953608796
346;6,717;0,882397719482101
347;6,721;0,889846576888087
348;6,726;0,863833952592576
349;6,730;0,877750940097176
350;6,734;0,878474810252617
351;6,738;0,833431406064071
352;6,742;0,846671224713581
353;6,746;0,880809875270167
354;6,750;0,875018914026642
355;6,754;0,806998470065401
356;6,758;0,783717871840424
357;6,763;0,859210523857826
358;6,767;0,841230523222689
359;6,771;0,795042937175543
360;6,775;0,844826523349716
361;6,779;0,850033718338853
362;6,783;0,84361228954059
363;6,787;0,882047459729469
364;6,791;0,861148627822393
365;6,796;0,842514808982341
366;6,800;0,850500731342364
367;6,804;0,816315379485426
368;6,808;0,829345042283357
369;6,812;0,84730169226832
370;6,816;0,835953276283025
371;6,820;0,815988470382969
372;6,824;0,841510731024795
373;6,829;0,846531120812528
374;6,833;0,843705692141292
375;6,837;0,816385431435953
376;6,841;0,850547432642715
377;6,845;0,830255717640202
378;6,849;0,876980368641385
379;6,853;0,819397665308593
380;6,857;0,895964447234069
381;6,862;0,916162759635879
382;6,866;0,844499614247259
383;6,870;0,853769822366934
384;6,874;0,816081872983671
385;6,878;0,82367083429071
386;6,882;0,830302418940553
387;6,886;0,875555978980679
388;6,890;0,820705301718421
389;6,895;0,792100755253429
390;6,899;0,757892052746317
391;6,903;0,812112262453836
392;6,907;0,809707145485759
393;6,911;0,787757534320786
394;6,915;0,792497716306413
395;6,919;0,715370518776725
396;6,923;0,791913950052025
397;6,927;0,770711559692668
398;6,932;0,766741949162833
399;6,936;0,796117067083616
400;6,940;0,805223820652062
401;6,944;0,781102599020767
402;6,948;0,733397220712214
403;6,952;0,729194103680623
404;6,956;0,740238961213636
405;6,960;0,692253375102976
406;6,965;0,736666311736784
407;6,969;0,769170416781085
408;6,973;0,731739324549753
409;6,977;0,702691115731427
410;6,981;0,76197841652703
411;6,985;0,694658492071053
412;6,989;0,746566987411198
413;6,993;0,740472467715391
414;6,998;0,728400181574656
415;7,002;0,765014001049845
416;7,006;0,783367612087791
417;7,010;0,801908028327141
418;7,014;0,783647819889897
419;7,018;0,773747144215484
420;7,022;0,796677482687828
421;7,026;0,775101481925663
422;7,031;0,764873897148792
423;7,035;0,805410625853466
424;7,039;0,822923613485094
425;7,043;0,789789040886055
426;7,047;0,79002254738781
427;7,051;0,740939480718901
428;7,055;0,777903559946723
429;7,059;0,830302418940553
430;7,064;0,758522520301055
431;7,068;0,755253429276485
432;7,072;0,755113325375432
433;7,076;0,741920208026272
434;7,080;0,757471741043158
435;7,084;0,731996181701683
436;7,088;0,733023610309406
437;7,092;0,758592572251582
438;7,096;0,709346051031445
439;7,101;0,674506880969594
440;7,105;0,688937582778055
441;7,109;0,669182932729579
442;7,113;0,664442750743952
443;7,117;0,675160699174508
444;7,121;0,648774464476189
445;7,125;0,700029141611419
446;7,129;0,687209634665068
447;7,134;0,652720724355849
448;7,138;0,685925348905415
449;7,142;0,66367217928816
450;7,146;0,628646204024905
451;7,150;0,670654023690636
452;7,154;0,674063218616259
453;7,158;0,655195893274452
454;7,162;0,700099193561946
455;7,167;0,638313373197563
456;7,171;0,635557996476854
457;7,175;0,683310076085759
458;7,179;0,607864125368707
459;7,183;0,610596151439241
460;7,187;0,668949426227824
461;7,191;0,636959035487384
462;7,195;0,629043165077888
463;7,200;0,579633189306523
464;7,204;0,605295553849401
465;7,208;0,627315216964901
466;7,212;0,642423087628452
467;7,216;0,627969035169815
468;7,220;0,574893007320896
469;7,224;0,626357840307706
470;7,228;0,62680150266104
471;7,233;0,607513865616074
472;7,237;0,600672125114652
473;7,241;0,61890898290172
474;7,245;0,561816643222614
475;7,249;0,584396721942326
476;7,253;0,645645477352671
477;7,257;0,562657266628932
478;7,261;0,610432696888012
479;7,265;0,599387839354999
480;7,270;0,596492358733237
481;7,274;0,58852978702339
482;7,278;0,58878664417532
483;7,282;0,583205838783375
484;7,286;0,587268851913913
485;7,290;0,603754410937818
486;7,294;0,5739356306637
487;7,298;0,571530513695623
488;7,303;0,606019424004842
489;7,307;0,566533474558066
490;7,311;0,607023501962389
491;7,315;0,587899319468651
492;7,319;0,589440462380235
493;7,323;0,585494202500574
494;7,327;0,579096124352486
495;7,331;0,605225501898875
496;7,336;0,555301811823648
497;7,340;0,550584980488197
498;7,344;0,58852978702339
499;7,348;0,587525709065843
500;7,352;0,568705085024387
501;7,356;0,609989034534678
502;7,360;0,605529060351157
503;7,364;0,590748098790063
504;7,369;0,55327030525838
505;7,373;0,545891499802921
506;7,377;0,58691859216128
507;7,381;0,565085734247184
508;7,385;0,517310303988104
509;7,389;0,52034588851092
510;7,393;0,539026408651323
511;7,397;0,519178356002145
512;7,402;0,494753575918568
513;7,406;0,572184331900538
514;7,410;0,575990487879145
515;7,414;0,545541240050288
516;7,418;0,518711342998635
517;7,422;0,527374434213746
518;7,426;0,516773239034068
519;7,430;0,565622799201221
520;7,434;0,590351137737079
521;7,439;0,508460407571589
522;7,443;0,558197292445411
523;7,447;0,534356278616222
524;7,451;0,547129084262222
525;7,455;0,530853681089896
526;7,459;0,555955630028563
527;7,463;0,554951552071016
528;7,467;0,548343318071348
529;7,472;0,561839993872789
530;7,476;0,559224721053133
531;7,480;0,616900826986627
532;7,484;0,532721733103937
533;7,488;0,515068641571256
534;7,492;0,542949317880807
535;7,496;0,528728771923926
536;7,500;0,500427783911215
537;7,505;0,497929264342436
538;7,509;0,505728381501055
539;7,513;0,51037516088598
540;7,517;0,559014565201553
541;7,521;0,492558614802071
542;7,525;0,468904406174286
543;7,529;0,49090071863961
544;7,533;0,474205003764125
545;7,538;0,475559341474304
546;7,542;0,532231369450251
547;7,546;0,50715277116176
548;7,550;0,504630900942806
549;7,554;0,507899991967376
550;7,558;0,487187965261705
551;7,562;0,484339185940293
552;7,566;0,517730615691263
553;7,571;0,517053446836174
554;7,575;0,483965575537485
555;7,579;0,47791775714203
556;7,583;0,538302538495882
557;7,587;0,556609448233477
558;7,591;0,676374932983634
559;7,595;0,906729096964976
560;7,599;1,33759529400337
561;7,603;2,01572152575016
562;7,608;3,14983925412419
563;7,612;4,92761765458597
564;7,616;7,33385545387126
565;7,620;10,4488555379336
566;7,624;14,01277187162
567;7,628;17,7372706265633
568;7,632;21,9572468275807
569;7,636;25,2390406058466
570;7,641;28,7327882357556
571;7,645;30,7005942273457
572;7,649;32,5283196685329
573;7,653;32,8877795773346
574;7,657;33,1119224683692
575;7,661;32,2505870353454
576;7,665;31,162586841068
577;7,669;30,1414862595434
578;7,674;28,7658994577045
579;7,678;27,0196677856298
580;7,682;25,7767827287383
581;7,686;24,0602997849872
582;7,690;22,4389473900511
583;7,694;20,9314527653708
584;7,698;19,3964277241336
585;7,702;18,156601602415
586;7,707;16,6521659129077
587;7,711;15,3160650605155
588;7,715;13,7677768499786
589;7,719;12,5165789616246
590;7,723;11,2872839831352
591;7,727;10,2280751405242
592;7,731;9,17755273977849
593;7,735;8,14328239155491
594;7,740;7,37285103966435
595;7,744;6,52695038640656
596;7,748;5,86320815516787
597;7,752;5,31187595387406
598;7,756;4,70690730912712
599;7,760;4,24122529267705
600;7,764;3,82345881038712
601;7,768;3,40699996450701
602;7,772;3,09706678472755
603;7,777;2,85468703590583
604;7,781;2,61102300132445
605;7,785;2,30888893870361
606;7,789;2,1274076855396
607;7,793;2,03019892885898
608;7,797;1,83006050620473
609;7,801;1,72664047657743
610;7,805;1,5826370169451
611;7,810;1,44491488220998
612;7,814;1,42553384256431
613;7,818;1,30899074753837
614;7,822;1,2787516555611
615;7,826;1,22191617303392
616;7,830;1,12531453325786
617;7,834;1,09741050629814
618;7,838;1,06969328453981
619;7,843;1,06612063506296
620;7,847;0,995344814381012
621;7,851;0,950511566044045
622;7,855;0,911959642604289
623;7,859;0,918147564900797
624;7,863;0,858089692649402
625;7,867;0,819444366608944
626;7,871;0,806041093408205
627;7,876;0,765410962102829
628;7,880;0,781266053571996
629;7,884;0,750326442089454
630;7,888;0,727092545164828
631;7,892;0,693934621915613
632;7,896;0,746356831559618
633;7,900;0,708201869172845
634;7,904;0,69031527113841
635;7,909;0,713806025214966
636;7,913;0,668879374277297
637;7,917;0,631331528795088
638;7,921;0,664162542941846
639;7,925;0,610175839736082
640;7,929;0,58484038429566
641;7,933;0,60524885254905
642;7,937;0,603147294033255
643;7,941;0,60639303440765
644;7,946;0,584023111539518
645;7,950;0,530853681089896
646;7,954;0,565622799201221
647;7,958;0,528728771923926
648;7,962;0,567957864218771
649;7,966;0,576060539829671
650;7,970;0,582902280331094
651;7,974;0,509184277727029
652;7,979;0,520299187210569
653;7,983;0,509324381628082
654;7,987;0,546638720608537
655;7,991;0,569031994126844
656;7,995;0,514951888320378
657;7,999;0,535500460474821
658;8,003;0,555745474176983
659;8,007;0,441911054571404
660;8,012;0,498256173444893
661;8,016;0,484292484639942
662;8,020;0,478011159742732
663;8,024;0,49276877065365
664;8,028;0,483054900180641
665;8,032;0,489523030279255
666;8,036;0,491788043346279
667;8,040;0,503790277536488
668;8,045;0,471472977693591
669;8,049;0,505424823048773
670;8,053;0,490340303035398
671;8,057;0,496154614929098
672;8,061;0,522260641825311
673;8,065;0,460638276012157
674;8,069;0,488215393869427
675;8,073;0,490924069289785
676;8,078;0,495664251275413
677;8,082;0,440253158408943
678;8,086;0,474088250513247
679;8,090;0,437754638840164
680;8,094;0,471729834845521
681;8,098;0,454216847213894
682;8,102;0,467409964563053
683;8,106;0,46540180864796
684;8,110;0,456435158980567
685;8,115;0,410527780735527
686;8,119;0,420498508360467
687;8,123;0,4614555487683
688;8,127;0,444106015687901
689;8,131;0,430048924282248
690;8,135;0,416902508233439
691;8,139;0,459307288952154
692;8,143;0,424795027992759
693;8,148;0,421035573314503
694;8,152;0,426289469603992
695;8,156;0,448589340521597
696;8,160;0,408449572869907
697;8,164;0,436960716734197
698;8,168;0,407749053364642
699;8,172;0,404059650636912
700;8,176;0,377836870489822
701;8,181;0,398805754347424
702;8,185;0,395069650319344
703;8,189;0,400907312863219
704;8,193;0,380428792659303
705;8,197;0,35686798663222
706;8,201;0,371602246892963
707;8,205;0,396891001033033
708;8,209;0,381059260214041
709;8,214;0,352571466999927
710;8,218;0,35640097362871
711;8,222;0,368846870172253
712;8,226;0,389465494277223
713;8,230;0,377253104235434
714;8,234;0,340569232809718
715;8,238;0,374170818412268
716;8,242;0,404456611689896
717;8,247;0,34804144086588
718;8,251;0,379121156249475
719;8,255;0,385565935697914
720;8,259;0,364853908992242
721;8,263;0,375128195069464
722;8,267;0,392501078800038
723;8,271;0,392968091803548
724;8,275;0,396377286729172
725;8,279;0,35037650588343
726;8,284;0,393178247655128
727;8,288;0,351964350095364
728;8,292;0,386990325358619
729;8,296;0,366511805154703
730;8,300;0,407165287110254
731;8,304;0,419471079752745
732;8,308;0,37192915599542
733;8,312;0,373049987203844
734;8,317;0,371438792341734
735;8,321;0,38979240337968
736;8,325;0,395116351619695
737;8,329;0,400790559612342
738;8,333;0,330248245432146
739;8,337;0,382600403125625
740;8,341;0,331415777940921
741;8,345;0,358806090596787
742;8,350;0,356681181430816
743;8,354;0,37379720800946
744;8,358;0,347457674611492
745;8,362;0,352291259197821
746;8,366;0,360043675056088
747;8,370;0,380849104362462
748;8,374;0,370177857232257
749;8,378;0,368823519522078
750;8,383;0,334334609212859
751;8,387;0,32300954387774
752;8,391;0,345169310894293
753;8,395;0,365787934999262
754;8,399;0,329921336329689
755;8,403;0,359810168554333
756;8,407;0,347434323961316
757;8,411;0,332816816951451
758;8,416;0,328380193418106
759;8,420;0,295268971469242
760;8,424;0,353995856660633
761;8,428;0,313902790309293
762;8,432;0,297137023483282
763;8,436;0,305916867949271
764;8,440;0,319039933347904
765;8,444;0,337510297636727
766;8,448;0,360440636109072
767;8,453;0,319670400902643
768;8,457;0,379798325104564
769;8,461;0,352594817650103
770;8,465;0,342810895226567
771;8,469;0,372232714447701
772;8,473;0,320674478860189
773;8,477;0,342133726371477
774;8,481;0,341012895163053
775;8,486;0,351660791643083
776;8,490;0,334568115714614
777;8,494;0,326372037503012
778;8,498;0,356751233381342
779;8,502;0,37753331203754
780;8,506;0,298935023546796
781;8,510;0,350213051332201
782;8,514;0,340429128908665
783;8,519;0,330878712986884
784;8,523;0,314930218917016
785;8,527;0,355233441119935
786;8,531;0,294475049363275
787;8,535;0,32420042703669
788;8,539;0,301129984663293
789;8,543;0,327399466110734
790;8,547;0,331695985743027
791;8,552;0,321795310068614
792;8,556;0,356844635982044
793;8,560;0,35665783078064
794;8,564;0,313552530556661
795;8,568;0,405180481845337
796;8,572;0,477380692187993
797;8,576;0,726181869807983
798;8,580;1,07434006392474
799;8,585;1,57677600375105
800;8,589;2,42571224153165
801;8,593;3,54107939781475
802;8,597;5,17497109189508
803;8,601;7,0969397571906
804;8,605;9,26988121057243
805;8,609;11,5831367208589
806;8,613;13,9619141555377
807;8,617;15,8142044807096
808;8,622;17,5566533474558
809;8,626;18,7063926607972
810;8,630;19,4699122202359
811;8,634;19,7463372170135
812;8,638;19,5941843804699
813;8,642;18,919770902101
814;8,646;18,3447377908791
815;8,650;17,2418165311395
816;8,655;16,2898805754347
817;8,659;14,8834242140638
818;8,663;13,8038302538496
819;8,667;12,5915578993382
820;8,671;11,3820409215474
821;8,675;10,4574719278484
822;8,679;9,18733666220202
823;8,683;8,31738483926346
824;8,688;7,36906823433592
825;8,692;6,48937919027417
826;8,696;5,76534558028234
827;8,700;5,03468038564066
828;8,704;4,48372179474965
829;8,708;3,89638289088521
830;8,712;3,47450669416439
831;8,716;3,00564898929046
832;8,721;2,70540632933383
833;8,725;2,38758062979506
834;8,729;2,15010451751019
835;8,733;1,91982040547937
836;8,737;1,70492437191421
837;8,741;1,55753506800643
838;8,745;1,4574775320044
839;8,749;1,32486918965772
840;8,754;1,22817414728096
841;8,758;1,14058585847264
842;8,762;1,05218029690819
843;8,766;0,971503800551823
844;8,770;0,951632397252469
845;8,774;0,894540057573363
846;8,778;0,834809094424425
847;8,782;0,77984166391129
848;8,786;0,748575143326291
849;8,791;0,655803010179015
850;8,795;0,70589015480547
851;8,799;0,683426829336636
852;8,803;0,669112880779053
853;8,807;0,686228907357696
854;8,811;0,653584698412343
855;8,815;0,639644360257567
856;8,819;0,613258125559248
857;8,824;0,616503865933643
858;8,828;0,588156176620582
859;8,832;0,595721787277445
860;8,836;0,560905967865769
861;8,840;0,572557942303346
862;8,844;0,567724357717016
863;8,848;0,561653188671385
864;8,852;0,537858876142547
865;8,857;0,514858485719676
866;8,861;0,513247290857567
867;8,865;0,498886640999632
868;8,869;0,49645817338138
869;8,873;0,457135678485832
870;8,877;0,454427003065473
871;8,881;0,454543756316351
872;8,885;0,469885133481657
873;8,890;0,455687938174951
874;8,894;0,421315781116609
875;8,898;0,433761677660153
876;8,902;0,434765755617699
877;8,906;0,383627831733347
878;8,910;0,369734194878922
879;8,914;0,360954350412933
880;8,918;0,376459182129467
881;8,923;0,386523312355109
882;8,927;0,359109649049068
883;8,931;0,365390973946279
884;8,935;0,319553647651765
885;8,939;0,321351647715279
886;8,943;0,316751569630705
887;8,947;0,340452479558841
888;8,951;0,371322039090856
889;8,955;0,328146686916351
890;8,960;0,301760452218032
891;8,964;0,323873517934233
892;8,968;0,283570295731314
893;8,972;0,306477283553483
894;8,976;0,311054010987882
895;8,980;0,297580685836616
896;8,984;0,35499993461818
897;8,988;0,331182271439166
898;8,993;0,27268889274953
899;8,997;0,333050323453206
900;9,001;0,342530687424461
901;9,005;0,335432089771108
902;9,009;0,384094844736857
903;9,013;0,356564428179938
904;9,017;0,360767545211529
905;9,021;0,397638221838649
906;9,026;0,381619675818254
907;9,030;0,387830948764937
908;9,034;0,34180681726902
909;9,038;0,359109649049068
910;9,042;0,387760896814411
911;9,046;0,373049987203844
912;9,050;0,332396505248292
913;9,054;0,342717492625865
914;9,059;0,310236738231739
915;9,063;0,303932062684353
916;9,067;0,308765647270683
917;9,071;0,307154452408573
918;9,075;0,290435386882912
919;9,079;0,309886478479107
920;9,083;0,269606606926363
921;9,087;0,261247074163533
922;9,092;0,272105126495142
923;9,096;0,252303775146315
924;9,100;0,266477619802846
925;9,104;0,27107769788742
926;9,108;0,236658839528728
927;9,112;0,276098087675153
928;9,116;0,261223723513358
929;9,120;0,241188865662776
930;9,124;0,268345671816886
931;9,129;0,230097306829411
932;9,133;0,24464476188875
933;9,137;0,223068761126585
934;9,141;0,239507618850139
935;9,145;0,23140494323924
936;9,149;0,269186295223204
937;9,153;0,254241879110882
938;9,157;0,220616942858157
939;9,162;0,234720735564161
940;9,166;0,215339695918493
941;9,170;0,218351929791133
942;9,174;0,219309306448329
943;9,178;0,22517031964238
944;9,182;0,188206240414558
945;9,186;0,238713696744172
946;9,190;0,228369358716424
947;9,195;0,241702579966637
948;9,199;0,218562085642713
949;9,203;0,224726657289046
950;9,207;0,210366007431111
951;9,211;0,21125333213778
952;9,215;0,232782631599594
953;9,219;0,213751851706559
954;9,223;0,255199255768078
955;9,228;0,205649176095659
956;9,232;0,208521306067246
957;9,236;0,227575436610457
958;9,240;0,232385670546611
959;9,244;0,198807435594237
960;9,248;0,235561358970479
961;9,252;0,22792569636309
962;9,256;0,226151046949751
963;9,261;0,203967929283023
964;9,265;0,222741852024128
965;9,269;0,193039825000887
966;9,273;0,234440527762055
967;9,277;0,239227411048033
968;9,281;0,208638059318124
969;9,285;0,219496111649733
970;9,289;0,223489072829744
971;9,293;0,236939047330834
972;9,298;0,181527954464364
973;9,302;0,234183670610124
974;9,306;0,217137695982007
975;9,310;0,195491643269315
976;9,314;0,203711072131092
977;9,318;0,223605826080621
978;9,322;0,219566163600259
979;9,326;0,206816708604434
980;9,331;0,216530579077444
981;9,335;0,21286452699989
982;9,339;0,216950890780603
983;9,343;0,262554710573361
984;9,347;0,208100994364087
985;9,351;0,222438293571846
986;9,355;0,192853019799483
987;9,359;0,236378631726622
988;9,364;0,243290424178571
989;9,368;0,226828215804841
990;9,372;0,204785202039166
991;9,376;0,236308579776095
992;9,380;0,254592138863515
993;9,384;0,226080994999225
994;9,388;0,171160265786441
995;9,392;0,202193279869685
996;9,397;0,183699564930686
997;9,401;0,1924560587465
998;9,405;0,196799279679143
999;9,409;0,204948656590394
1000;9,413;0,218351929791133
1001;9,417;0,230354163981342
1002;9,421;0,209712189226197
1003;9,425;0,20361766953039
1004;9,430;0,214825981614632
1005;9,434;0,239437566899613
1006;9,438;0,19292307175001
1007;9,442;0,226454605402033
1008;9,446;0,214639176413228
1009;9,450;0,208941617770405
1010;9,454;0,212490916597082
1011;9,458;0,242870112475412
1012;9,462;0,236705540829079
1013;9,467;0,207680682660928
1014;9,471;0,204621747487937
1015;9,475;0,198083565438796
1016;9,479;0,236378631726622
1017;9,483;0,219402709049031
1018;9,487;0,172351148945391
1019;9,491;0,202917150025125
1020;9,495;0,172351148945391
1021;9,500;0,193063175651063
1022;9,504;0,235234449868022
1023;9,508;0,194674370513173
1024;9,512;0,193506838004397
1025;9,516;0,203711072131092
1026;9,520;0,198854136894588
1027;9,524;0,17578369452119
1028;9,528;0,18757577285982
1029;9,533;0,227762241811861
1030;9,537;0,202987201975652
1031;9,541;0,187692526110697
1032;9,545;0,213541695854979
1033;9,549;0,180150266104009
1034;9,553;0,207050215106189
1035;9,557;0,171673980090302
1036;9,561;0,193763695156328
1037;9,566;0,20382782538197
1038;9,570;0,207166968357067
1039;9,574;0,175083175015925
1040;9,578;0,195911954972474
1041;9,582;0,224353046886238
1042;9,586;0,196308916025458
1043;9,590;0,190517954781933
1044;9,594;0,200675487608277
1045;9,599;0,176624317927508
1046;9,603;0,209922345077776
1047;9,607;0,218795592144468
1048;9,611;0,203430864328986
1049;9,615;0,207120267056716
1050;9,619;0,20034857850582
1051;9,623;0,21587676087253
1052;9,627;0,203057253926178
1053;9,631;0,245485385295068
1054;9,636;0,280231152756217
1055;9,640;0,349559233127287
1056;9,644;0,559948591208574
1057;9,648;0,871959978853651
1058;9,652;1,44533519391314
1059;9,656;2,36633153813535
1060;9,660;4,03529590877928
1061;9,664;6,26892570196725
1062;9,669;9,54948189577391
1063;9,673;13,6386711051583
1064;9,677;18,7470928440531
1065;9,681;24,6087598563094
1066;9,685;29,9774012407601
1067;9,689;35,2282852963758
1068;9,693;39,6550548553474
1069;9,697;43,3635117136202
1070;9,702;45,8550027366962
1071;9,706;47,1128789110004
1072;9,710;46,8117722769873
1073;9,714;45,7346067843913
1074;9,718;43,2042602794232
1075;9,722;40,4287085969622
1076;9,726;37,0677327639511
1077;9,730;33,4883115985482
1078;9,735;29,5814442657341
1079;9,739;26,4962396112957
1080;9,743;23,082888269941
1081;9,747;20,1420606855377
1082;9,751;17,3987796016192
1083;9,755;14,9902767892669
1084;9,759;12,7952923221194
1085;9,763;11,1838873041581
1086;9,768;9,55403527255813
1087;9,772;8,08894542859651
1088;9,776;7,09724331564288
1089;9,780;6,22203759641484
1090;9,784;5,44221928315372
1091;9,788;4,68451403560881
1092;9,792;4,20353734329379
1093;9,796;3,68713771466253
1094;9,800;3,33557032562015
1095;9,805;2,95752329927875
1096;9,809;2,69032180932046
1097;9,813;2,42559548828078
1098;9,817;2,25436517054381
1099;9,821;2,08453589181737
1100;9,825;1,86034629948236
1101;9,829;1,75269980217329
1102;9,833;1,61324971932518
1103;9,838;1,49278371506976
1104;9,842;1,38224173713893
1105;9,846;1,29958043551765
1106;9,850;1,25521420018419
1107;9,854;1,17402398952396
1108;9,858;1,1375736246
1109;9,862;1,04613247851273
1110;9,866;0,981988242480624
1111;9,871;0,961719878128287
1112;9,875;0,899350291509517
1113;9,879;0,851271302798155
1114;9,883;0,831376548848626
1115;9,887;0,834528886622319
1116;9,891;0,753432078562796
1117;9,895;0,739515091058195
1118;9,899;0,702177401427565
1119;9,904;0,694238180367894
1120;9,908;0,665703685853429
1121;9,912;0,610782956640645
1122;9,916;0,619305943954704
1123;9,920;0,587549059716019
1124;9,924;0,55144895454469
1125;9,928;0,546638720608537
1126;9,932;0,501945576172623
1127;9,937;0,523521576934788
1128;9,941;0,511052329741069
1129;9,945;0,464421081340589
1130;9,949;0,490270251084871
1131;9,953;0,446277626154223
1132;9,957;0,423417339632405
1133;9,961;0,453539678358804
1134;9,965;0,418630456346427
1135;9,970;0,398642299796196
1136;9,974;0,400370247909183
1137;9,978;0,383487727832294
1138;9,982;0,401888040170591
1139;9,986;0,406768326057271
1140;9,990;0,406161209152708
1141;9,994;0,383370974581416
1142;9,998;0,365064064843822
1143;10,002;0,368216402617514
1144;10,007;0,341946921170073
1145;10,011;0,340032167855682
1146;10,015;0,351637440992907
1147;10,019;0,322635933474932
1148;10,023;0,344772349841309
1149;10,027;0,29449840001345
1150;10,031;0,321912063319491
1151;10,035;0,316564764429301
1152;10,040;0,290505438833439
1153;10,044;0,285998763349567
1154;10,048;0,281258581363939
1155;10,052;0,253494658305266
1156;10,056;0,263045074227047
1157;10,060;0,281562139816221
1158;10,064;0,282309360621837
1159;10,068;0,27434678891199
1160;10,073;0,239484268199964
1161;10,077;0,25902876239686
1162;10,081;0,284177412635877
1163;10,085;0,245181826842787
1164;10,089;0,307691517362609
1165;10,093;0,263348632679328
1166;10,097;0,209198474922336
1167;10,101;0,233833410857492
1168;10,106;0,248450917867357
1169;10,110;0,249781904927361
1170;10,114;0,236635488878552
1171;10,118;0,24786715161297
1172;10,122;0,209805591826899
1173;10,126;0,219916423352892
1174;10,130;0,241002060461372
1175;10,134;0,211089877586552
1176;10,139;0,249291541273675
1177;10,143;0,234066917359247
1178;10,147;0,211229981487605
1179;10,151;0,227248527508
1180;10,155;0,231451644539591
1181;10,159;0,214125462109367
1182;10,163;0,212023903593572
1183;10,167;0,198130266739147
1184;10,171;0,213401591953926
1185;10,176;0,207423825508997
1186;10,180;0,183629512980159
1187;10,184;0,216460527126917
1188;10,188;0,203244059127582
1189;10,192;0,196122110824054
1190;10,196;0,218655488243415
1191;10,200;0,181224396012083
1192;10,204;0,201679565565824
1193;10,209;0,180757383008572
1194;10,213;0,161633200514835
1195;10,217;0,195118032866507
1196;10,221;0,153927485956919
1197;10,225;0,214078760809016
1198;10,229;0,167494213708887
1199;10,233;0,146478628550933
1200;10,237;0,183979772732792
1201;10,242;0,173588733404693
1202;10,246;0,191381928838427
1203;10,250;0,182251824619805
1204;10,254;0,208848215169703
1205;10,258;0,175853746471717
1206;10,262;0,202847098074599
1207;10,266;0,212724423098837
1208;10,270;0,202870448724774
1209;10,275;0,158060551037983
1210;10,279;0,192222552244745
1211;10,283;0,175643590620137
1212;10,287;0,216834137529725
1213;10,291;0,214779280314281
1214;10,295;0,201446059064069
1215;10,299;0,207563929410051
1216;10,303;0,214358968611122
1217;10,308;0,211229981487605
1218;10,312;0,228976475620987
1219;10,316;0,213518345204804
1220;10,320;0,18668844815315
1221;10,324;0,194207357509663
1222;10,328;0,198830786244412
1223;10,332;0,149187303971292
1224;10,336;0,162777382373435
1225;10,340;0,190681409333161
1226;10,345;0,181948266167523
1227;10,349;0,191125071686496
1228;10,353;0,155258473016923
1229;10,357;0,211089877586552
1230;10,361;0,218071721989027
1231;10,365;0,212701072448661
1232;10,369;0,260523204008092
1233;10,373;0,271381256339702
1234;10,378;0,284270815236579
1235;10,382;0,318432816443341
1236;10,386;0,296039542925033
1237;10,390;0,36662855840558
1238;10,394;0,328893907721967
1239;10,398;0,374918039217884
1240;10,402;0,352034402045891
1241;10,406;0,353552194307298
1242;10,411;0,350259752632552
1243;10,415;0,318152608641235
1244;10,419;0,394789442517237
1245;10,423;0,343347960180603
1246;10,427;0,302204114571366
1247;10,431;0,306220426401553
1248;10,435;0,296436503978017
1249;10,439;0,282986529476927
1250;10,444;0,249244839973324
1251;10,448;0,237289307083466
1252;10,452;0,27175486674251
1253;10,456;0,221527618215002
1254;10,460;0,239344164298911
1255;10,464;0,2283927093666
1256;10,468;0,238947203245927
1257;10,472;0,197079487481249
1258;10,477;0,194744422463699
1259;10,481;0,178375616690671
1260;10,485;0,174943071114872
1261;10,489;0,190027591128247
1262;10,493;0,178865980344357
1263;10,497;0,183022396075596
1264;10,501;0,132608342346684
1265;10,505;0,142882628423906
1266;10,509;0,128895588968779
1267;10,514;0,128592030516498
1268;10,518;0,138516056841087
1269;10,522;0,1634779018787
1270;10,526;0,146758836353039
1271;10,530;0,176787772478737
1272;10,534;0,103349977676778
1273;10,538;0,13938003089758
1274;10,542;0,113320705301718
1275;10,547;0,134850004763533
1276;10,551;0,13195452414177
1277;10,555;0,140127251703196
1278;10,559;0,148907096169186
1279;10,563;0,128592030516498
1280;10,567;0,116870004128395
1281;10,571;0,100688003556771
1282;10,575;0,121003069209459
1283;10,580;0,145894862296546
1284;10,584;0,105591640093627
1285;10,588;0,13055348513124
1286;10,592;0,108977484369075
1287;10,596;0,114931900163828
1288;10,600;0,126327017449474
1289;10,604;0,115328861216812
1290;10,608;0,104447458235027
1291;10,613;0,112386679294698
1292;10,617;0,110892237683466
1293;10,621;0,132795147548088
1294;10,625;0,0983062372388697
1295;10,629;0,120722861407353
1296;10,633;0,0913710941367452
1297;10,637;0,122684316022095
1298;10,641;0,113297354651543
1299;10,646;0,120909666608757
1300;10,650;0,106175406348014
1301;10,654;0,0922584188434143
1302;10,658;0,101201717860632
1303;10,662;0,142952680374432
1304;10,666;0,145007537589877
1305;10,670;0,114371484559616
1306;10,674;0,0959011202707928
1307;10,678;0,107319588206614
1308;10,683;0,11128919873645
1309;10,687;0,056812131877
1310;10,691;0,0980260294367636
1311;10,695;0,122264004318936
1312;10,699;0,146385225950231
1313;10,703;0,107739899909773
1314;10,707;0,109981562326621
1315;10,711;0,0768236390774065
1316;10,716;0,0905071200802515
1317;10,720;0,129899666926326
1318;10,724;0,08672431475182
1319;10,728;0,112713588397155
1320;10,732;0,117827380785591
1321;10,736;0,119812186050508
1322;10,740;0,132771796897913
1323;10,744;0,077173898830039
1324;10,749;0,0862573017483099
1325;10,753;0,108440419415038
1326;10,757;0,0925386266455203
1327;10,761;0,0792287560454833
1328;10,765;0,107483042757843
1329;10,769;0,153670628804988
1330;10,773;0,227248527508
1331;10,777;0,361304610165565
1332;10,782;0,583486046585481
1333;10,786;1,03151497150287
1334;10,790;1,81997302532892
1335;10,794;2,94066412985203
1336;10,798;4,34172649103242
1337;10,802;6,58380921958391
1338;10,806;9,23805427438322
1339;10,810;12,434267919756
1340;10,815;15,6150000840623
1341;10,819;19,0489233482217
1342;10,823;22,0199433233019
1343;10,827;24,3191417421827
1344;10,831;25,7207178176669
1345;10,835;26,3132639165205
1346;10,839;26,4180849851583
1347;10,843;25,2658705028983
1348;10,847;24,0023434712516
1349;10,852;21,9319580734406
1350;10,856;19,6637693179929
1351;10,860;17,5820822054969
1352;10,864;15,0602119865426
1353;10,868;12,9597042500051
1354;10,872;11,1249502631151
1355;10,876;9,44926090522065
1356;10,880;7,93880074796803
1357;10,885;6,87380094411349
1358;10,889;5,84048797254711
1359;10,893;4,949707369652
1360;10,897;4,23856331855704
1361;10,901;3,71130563759417
1362;10,905;3,16448011178423
1363;10,909;2,76123773390346
1364;10,913;2,41016070851477
1365;10,918;2,13438952994207
1366;10,922;1,92659209403027
1367;10,926;1,7459281136224
1368;10,930;1,54076930118042
1369;10,934;1,44570880431595
1370;10,938;1,26744994087615
1371;10,942;1,21199214670933
1372;10,946;1,08729967477214
1373;10,951;1,04547866030782
1374;10,955;0,906985954116907
1375;10,959;0,911656084152007
1376;10,963;0,792100755253429
1377;10,967;0,725714856804473
1378;10,971;0,733187064860634
1379;10,975;0,645248516299688
1380;10,979;0,63978446415862
1381;10,984;0,611413424195383
1382;10,988;0,523988589938298
1383;10,992;0,536948200785703
1384;10,996;0,493142381056458
1385;11,000;0,455734639475302
1386;11,004;0,469745029580604
1387;11,008;0,472313601099909
1388;11,012;0,393948819110919
1389;11,016;0,399879884255497
1390;11,021;0,370504766334714
1391;11,025;0,380895805662813
1392;11,029;0,371462142991909
1393;11,033;0,338257518442344
1394;11,037;0,319133335948606
1395;11,041;0,32207551787072
1396;11,045;0,33552549237181
1397;11,049;0,302414270422946
1398;11,054;0,299261932649253
1399;11,058;0,302227465221542
1400;11,062;0,28592871139904
1401;11,066;0,250622528333679
1402;11,070;0,266734476954776
1403;11,074;0,239997982503825
1404;11,078;0,278082892940071
1405;11,082;0,24672296975437
1406;11,087;0,239671073401368
1407;11,091;0,225590631345539
1408;11,095;0,223255566327989
1409;11,099;0,18923366902228
1410;11,103;0,23093793023573
1411;11,107;0,228579514568004
1412;11,111;0,215946812823056
1413;11,115;0,167050551355552
1414;11,120;0,199040942095992
1415;11,124;0,204855253989692
1416;11,128;0,194884526364752
1417;11,132;0,174149149008905
1418;11,136;0,192315954845447
1419;11,140;0,148043122112692
1420;11,144;0,150868550783928
1421;11,148;0,155235122366747
1422;11,153;0,133168757950896
1423;11,157;0,161563148564309
1424;11,161;0,155772187320784
1425;11,165;0,153063511900425
1426;11,169;0,164668785037651
1427;11,173;0,148907096169186
1428;11,177;0,150985304034806
1429;11,181;0,106408912849769
1430;11,185;0,137652082784593
1431;11,190;0,150097979328136
1432;11,194;0,115142056015408
1433;11,198;0,123478238128062
1434;11,202;0,146572031151635
1435;11,206;0,133519017703529
1436;11,210;0,131837770890893
1437;11,214;0,126887433053686
1438;11,218;0,122053848467357
1439;11,223;0,152853356048846
1440;11,227;0,153180265151303
1441;11,231;0,128358524014743
1442;11,235;0,124669121287013
1443;11,239;0,107086081704859
1444;11,243;0,153787382055866
1445;11,247;0,123408186177536
1446;11,251;0,114488237810494
1447;11,256;0,0979326268360616
1448;11,260;0,134079433307741
1449;11,264;0,109911510376095
1450;11,268;0,111102393535046
1451;11,272;0,0716164440882692
1452;11,276;0,10946784802276
1453;11,280;0,0887558213170888
1454;11,284;0,0741616649573991
1455;11,289;0,0916046006385002
1456;11,293;0,0674133270566786
1457;11,297;0,128241770763865
1458;11,301;0,10386369198064
1459;11,305;0,0953407046665807
1460;11,309;0,101551977613265
1461;11,313;0,0957143150693888
1462;11,317;0,0910208343841126
1463;11,322;0,0917914058399042
1464;11,326;0,110308471429078
1465;11,330;0,0823343925188253
1466;11,334;0,0672732231556255
1467;11,338;0,0639574308307041
1468;11,342;0,0624863398696473
1469;11,346;0,103583484178533
1470;11,350;0,110261770128727
1471;11,354;0,127471199308074
1472;11,359;0,0816805743139112
1473;11,363;0,0851131198897102
1474;11,367;0,110962289633993
1475;11,371;0,0928188344476264
1476;11,375;0,101271769811159
1477;11,379;0,0784815352398672
1478;11,383;0,127050887604914
1479;11,387;0,110962289633993
1480;11,392;0,134733251512655
1481;11,396;0,160489018656235
1482;11,400;0,169619122874857
1483;11,404;0,19271291589843
1484;11,408;0,18689860400473
1485;11,412;0,149841122176206
1486;11,416;0,190261097630002
1487;11,420;0,211696994491115
1488;11,425;0,190214396329651
1489;11,429;0,189327071622982
1490;11,433;0,208404552816369
1491;11,437;0,155865589921486
1492;11,441;0,127728056460004
1493;11,445;0,155795537970959
1494;11,449;0,125556445993682
1495;11,453;0,121353328962092
1496;11,458;0,0948736916630707
1497;11,462;0,0928888863981529
1498;11,466;0,0960412241718459
1499;11,470;0,0944300293097361
1500;11,474;0,0961112761223724
1501;11,478;0,0937061591542955
1502;11,482;0,10017428925291
1503;11,486;0,0674833790072051
1504;11,491;0,0594507553468319
1505;11,495;0,0606416385057826
1506;11,499;0,0745819766605581
1507;11,503;0,0881020031121747
1508;11,507;0,0518150927394422
1509;11,511;0,1055215881431
1510;11,515;0,116379640474709
1511;11,519;0,135130212565639
1512;11,523;0,118901510693664
1513;11,528;0,169712525475559
1514;11,532;0,149187303971292
1515;11,536;0,16975922677591
1516;11,540;0,165065746090634
1517;11,544;0,163874862931683
1518;11,548;0,214148812759542
1519;11,552;0,19411395490896
1520;11,556;0,214802630964457
1521;11,561;0,205835981297063
1522;11,565;0,154160992458674
1523;11,569;0,134826654113357
1524;11,573;0,13725512173161
1525;11,577;0,109701354524515
1526;11,581;0,104354055634325
1527;11,585;0,122474160170516
1528;11,589;0,13216467999335
1529;11,594;0,116659848276815
1530;11,598;0,129759563025273
1531;11,602;0,0726905739963424
1532;11,606;0,113764367655053
1533;11,610;0,0915812499883247
1534;11,614;0,0990768086946613
1535;11,618;0,114067926107335
1536;11,622;0,108323666164161
1537;11,627;0,102742860772215
1538;11,631;0,070122002477037
1539;11,635;0,0856501848437468
1540;11,639;0,069981898575984
1541;11,643;0,0959711722213193
1542;11,647;0,0963447826241274
1543;11,651;0,0618091710145577
1544;11,655;0,0863273536988364
1545;11,660;0,110518627280658
1546;11,664;0,073601249353187
1547;11,668;0,0815638210630337
1548;11,672;0,0825445483704048
1549;11,676;0,069935197275633
1550;11,680;0,0823577431690008
1551;11,684;0,0374310922313321
1552;11,688;0,0749088857630152
1553;11,692;0,100127587952559
1554;11,697;0,0844359510346206
1555;11,701;0,0870278732041015
1556;11,705;0,0804896911549605
1557;11,709;0,0591938981949013
1558;11,713;0,0762632234731944
1559;11,717;0,0931924448504344
1560;11,721;0,0610619502089416
1561;11,725;0,102135743867652
1562;11,730;0,0788084443423243
1563;11,734;0,0697483920742289
1564;11,738;0,0859070419956773
1565;11,742;0,0623228853184188
1566;11,746;0,0753058468159988
1567;11,750;0,0286512477653428
1568;11,754;0,0686042102156292
1569;11,758;0,0527724693966379
1570;11,763;0,0740682623566971
1571;11,767;0,0479855861106597
1572;11,771;0,0545237681598006
1573;11,775;0,0654518724419363
1574;11,779;0,0758662624202108
1575;11,783;0,0688610673675598
1576;11,787;0,0549207292127842
1577;11,791;0,0608751450075376
1578;11,796;0,0386219753902828
1579;11,800;0,0681371972121192
1580;11,804;0,0565085734247184
1581;11,808;0,0661056906468504
1582;11,812;0,0246582865853317
1583;11,816;0,0423347287681878
1584;11,820;0,0546638720608537
1585;11,824;0,063350313926141
1586;11,829;0,0509277680327731
1587;11,833;0,0595441579475339
1588;11,837;0,046888105552411
1589;11,841;0,0161820005716239
1590;11,845;0,0535897421527805
1591;11,849;0,0458606769446889
1592;11,853;0,0489896640682063
1593;11,857;0,0491297679692593
1594;11,861;0,02040846825339
1595;11,866;0,0431053002239794
1596;11,870;0,0517917420892667
1597;11,874;0,0652183659401812
1598;11,878;0,0471449627043415
1599;11,882;0,0378280532843156
1600;11,886;0,0534029369513765
1601;11,890;0,0313132218853502
1602;11,894;0,0489429627678553
1603;11,899;0,0518617940397932
1604;11,903;0,0385986247401073
1605;11,907;0,0670864179542215
1606;11,911;0,0411204949590616
1607;11,915;0,0575360020324406
1608;11,919;0,0922584188434143
1609;11,923;0,128592030516498
1610;11,927;0,224679955988695
1611;11,932;0,420078196657308
1612;11,936;0,736386103934678
1613;11,940;1,42565059581519
1614;11,944;2,54561783018286
1615;11,948;4,33409082842503
1616;11,952;6,8269828905116
1617;11,956;10,587815257128
1618;11,960;15,4884395601111
1619;11,965;21,6378566344801
1620;11,969;28,7244987549433
1621;11,973;36,2940790223363
1622;11,977;43,3791799998879
1623;11,981;50,18893011057
1624;11,985;56,1811739586077
1625;11,989;59,3499739406744
1626;11,993;60,4198540304156
1627;11,998;59,1835772075238
1628;12,002;55,834089894399
1629;12,006;51,2160084585395
1630;12,010;45,4090053183441
1631;12,014;39,4822600440487
1632;12,018;33,9609521087505
1633;12,022;28,7093908842798
1634;12,026;24,0343105113419
1635;12,030;19,9781391213057
1636;12,035;16,537514220546
1637;12,039;13,9297369595959
1638;12,043;11,8029130403107
1639;12,047;10,1085898635762
1640;12,051;8,45723188316455
1641;12,055;7,29369233556939
1642;12,059;6,38481497878827
1643;12,063;5,67070539512102
1644;12,068;4,87241671757108
1645;12,072;4,40988703889471
1646;12,076;3,887439591868
1647;12,080;3,44875092702081
1648;12,084;3,10138665501002
1649;12,088;2,83957916524228
1650;12,092;2,56128611645063
1651;12,096;2,37861398012766
1652;12,101;2,14422015366596
1653;12,105;1,95785861461527
1654;12,109;1,80348746630501
1655;12,113;1,76920871184737
1656;12,117;1,56075745773065
1657;12,121;1,53336714507479
1658;12,125;1,37000599644697
1659;12,129;1,33647446279494
1660;12,134;1,25953407046666
1661;12,138;1,1966741201942
1662;12,142;1,13962848181545
1663;12,146;1,1584491058569
1664;12,150;1,07345273921807
1665;12,154;1,03852016655552
1666;12,158;0,972788086311475
1667;12,162;0,98875993103152
1668;12,167;0,930243201691708
1669;12,171;0,910511902293408
1670;12,175;0,845083380501647
1671;12,179;0,838498497152155
1672;12,183;0,782106676978314
1673;12,187;0,70329823263599
1674;12,191;0,706660726261262
1675;12,195;0,654915685472346
1676;12,199;0,617554645191541
1677;12,204;0,583509397235657
1678;12,208;0,537975629393425
1679;12,212;0,534893343570258
1680;12,216;0,501431861868762
1681;12,220;0,4962480175298
1682;12,224;0,42920830087593
1683;12,228;0,463697211185148
1684;12,232;0,413026300304306
1685;12,237;0,397521468587771
1686;12,241;0,387854299415113
1687;12,245;0,407935858566046
1688;12,249;0,350236401982377
1689;12,253;0,354953233317829
1690;12,257;0,31282866040122
1691;12,261;0,323780115333531
1692;12,265;0,293634425956956
1693;12,270;0,275817879873047
1694;12,274;0,257300814283873
1695;12,278;0,226221098900278
1696;12,282;0,268929438071274
1697;12,286;0,274930555166378
1698;12,290;0,222531696172548
1699;12,294;0,248987982821394
1700;12,298;0,20964213727567
1701;12,303;0,181574655764715
1702;12,307;0,204598396837762
1703;12,311;0,251206294588067
1704;12,315;0,171627278789951
1705;12,319;0,202706994173546
1706;12,323;0,200908994110032
1707;12,327;0,184166577934196
1708;12,331;0,171393772288196
1709;12,336;0,174919720464697
1710;12,340;0,159111330295881
1711;12,344;0,171860785291706
1712;12,348;0,186291487100167
1713;12,352;0,214499072512175
1714;12,356;0,172631356747497
1715;12,360;0,154487901561131
1716;12,364;0,152152836543581
1717;12,368;0,139169875046001
1718;12,373;0,126046809647368
1719;12,377;0,134546446311251
1720;12,381;0,143209537526363
1721;12,385;0,161516447263958
1722;12,389;0,159928603052023
1723;12,393;0,143256238826714
1724;12,397;0,134079433307741
1725;12,401;0,169455668323629
1726;12,406;0,17646086337628
1727;12,410;0,146268472699354
1728;12,414;0,164318525285018
1729;12,418;0,108557172665916
1730;12,422;0,118901510693664
1731;12,426;0,138049043837577
1732;12,430;0,110448575330131
1733;12,434;0,127237692806318
1734;12,439;0,151055355985332
1735;12,443;0,145241044091632
1736;12,447;0,0919782110413082
1737;12,451;0,0869344706033995
1738;12,455;0,121026419859635
1739;12,459;0,0941965228079811
1740;12,463;0,100080886652208
1741;12,467;0,0978625748855351
1742;12,472;0,105661692044153
1743;12,476;0,096881847578164
1744;12,480;0,0905071200802515
1745;12,484;0,0681371972121192
1746;12,488;0,103606834828709
1747;12,492;0,0714062882366897
1748;12,496;0,0513714303861077
1749;12,500;0,0884756135149827
1750;12,505;0,0883355096139297
1751;12,509;0,0609218463078886
1752;12,513;0,0988433021929063
1753;12,517;0,0560882617215594
1754;12,521;0,0809333535082951
1755;12,525;0,103326627026603
1756;12,529;0,0716397947384447
1757;12,533;0,113507510503122
1758;12,537;0,122380757569814
1759;12,542;0,121610186114022
1760;12,546;0,110331822079254
1761;12,550;0,111732861089784
1762;12,554;0,119298471746647
1763;12,558;0,147249200006725
1764;12,562;0,155982343172363
1765;12,566;0,143466394678293
1766;12,570;0,151592420939369
1767;12,575;0,164808888938704
1768;12,579;0,127494549958249
1769;12,583;0,11222322474347
1770;12,587;0,0954808085676338
1771;12,591;0,107062731054683
1772;12,595;0,115212107965934
1773;12,599;0,107693198609422
1774;12,603;0,0996372242988734
1775;12,608;0,0832684185258454
1776;12,612;0,0746753792612602
1777;12,616;0,0818440288651397
1778;12,620;0,0710793791342326
1779;12,624;0,0844593016847961
1780;12,628;0,0834085224268985
1781;12,632;0,0591938981949013
1782;12,636;0,0541501577569926
1783;12,641;0,0533562356510255
1784;12,645;0,0611553528096436
1785;12,649;0,0580730669864772
1786;12,653;0,0434789106267875
1787;12,657;0,0539400019054131
1788;12,661;0,0558781058699798
1789;12,665;0,0263862346983189
1790;12,669;0,0580730669864772
1791;12,674;0,0725271194451138
1792;12,678;0,0309396114825421
1793;12,682;0,0288847542670978
1794;12,686;0,0389021831923888
1795;12,690;0,0796724183988179
1796;12,694;0,0277405724084981
1797;12,698;0,0612020541099946
1798;12,702;0,0689077686679108
1799;12,706;0,0297253776734159
1800;12,711;0,046748001651358
1801;12,715;0,0540100538559396
1802;12,719;0,0641909373324591
1803;12,723;0,0188906759919823
1804;12,727;0,0351193778639572
1805;12,731;0,0421479235667838
1806;12,735;0,0761464702223169
1807;12,739;0,0379915078355442
1808;12,744;0,0999641334013304
1809;12,748;0,145941563596897
1810;12,752;0,262788217075116
1811;12,756;0,475419237573251
1812;12,760;0,869624913836101
1813;12,764;1,49658987104837
1814;12,768;2,49709517911817
1815;12,772;3,9120278265028
1816;12,777;5,94752735295162
1817;12,781;8,50318596270995
1818;12,785;11,5974740200666
1819;12,789;14,9858868670339
1820;12,793;18,9596538126008
1821;12,797;22,0634222339287
1822;12,801;24,4859587870365
1823;12,805;26,5813994324858
1824;12,810;27,3218251989008
1825;12,814;26,9924642781754
1826;12,818;26,2278005368781
1827;12,822;24,3421654832557
1828;12,826;22,091933377793
1829;12,830;19,4157387118287
1830;12,834;16,9592970146661
1831;12,838;14,7149959743479
1832;12,843;12,2500779911716
1833;12,847;10,3808350939724
1834;12,851;8,84389529942072
1835;12,855;7,35715940274641
1836;12,859;6,18724512765333
1837;12,863;5,29177104407295
1838;12,867;4,48544974286264
1839;12,871;3,93418759351935
1840;12,875;3,36900845667147
1841;12,880;3,00945514526907
1842;12,884;2,64373726222033
1843;12,888;2,25546265110206
1844;12,892;2,07778755391665
1845;12,896;1,9327566656766
1846;12,900;1,71055187860651
1847;12,904;1,60675823857639
1848;12,908;1,4469930900756
1849;12,913;1,33535363158652
1850;12,917;1,2708357851516
1851;12,921;1,22569897836235
1852;12,925;1,15905622276147
1853;12,929;1,12821001387963
1854;12,933;1,06962323258929
1855;12,937;1,06742827147279
1856;12,941;1,01631369823861
1857;12,946;1,01302125656387
1858;12,950;0,896594914788807
1859;12,954;0,901872161728471
1860;12,958;0,821709379675968
1861;12,962;0,742924285983819
1862;12,966;0,706917583413193
1863;12,970;0,651506490546723
1864;12,974;0,606322982457124
1865;12,979;0,571320357844044
1866;12,983;0,522821057429523
1867;12,987;0,499773965706301
1868;12,991;0,43434544391454
1869;12,995;0,419377677152043
1870;12,999;0,397848377690228
1871;13,003;0,354836480066951
1872;13,007;0,330084790880917
1873;13,012;0,308181881016295
1874;13,016;0,277242269533753
1875;13,020;0,277055464332349
1876;13,024;0,264866424940736
1877;13,028;0,251393099789471
1878;13,032;0,249571749075781
1879;13,036;0,245602138545946
1880;13,040;0,254218528460706
1881;13,044;0,221831176667283
1882;13,049;0,230144008129762
1883;13,053;0,214195514059894
1884;13,057;0,213915306257787
1885;13,061;0,213705150406208
1886;13,065;0,207050215106189
1887;13,069;0,208894916470054
1888;13,073;0,208544656717422
1889;13,077;0,18876665601877
1890;13,082;0,194417513361242
1891;13,086;0,260056191004582
1892;13,090;0,409663806679033
1893;13,094;0,674063218616259
1894;13,098;1,14917889773723
1895;13,102;1,92271588610113
1896;13,106;2,98479685868373
1897;13,110;4,84472284646294
1898;13,115;7,37612013068892
1899;13,119;10,571843412408
1900;13,123;14,229909567602
1901;13,127;18,3913690392795
1902;13,131;22,4796942746074
1903;13,135;25,9456779814577
1904;13,139;29,2041678108485
1905;13,143;30,5237597535666
1906;13,148;31,3332567432008
1907;13,152;30,5411559879473
1908;13,156;28,6089130365746
1909;13,160;26,3287920988872
1910;13,164;23,4697151407484
1911;13,168;20,1868939338747
1912;13,172;17,2286000631402
1913;13,176;14,7061927792317
1914;13,181;12,3068434217482
1915;13,185;10,1559683327823
1916;13,189;8,4618553118993
1917;13,193;7,07461653562282
1918;13,197;5,94063891114984
1919;13,201;5,11904628472475
1920;13,205;4,41890038986246
1921;13,209;3,75378047026341
1922;13,213;3,21463730836121
1923;13,218;2,8673897896013
1924;13,222;2,56632985688854
1925;13,226;2,25567280695364
1926;13,230;1,99834864201959
1927;13,234;1,86756165038659
1928;13,238;1,66940803299727
1929;13,242;1,54100280768218
1930;13,246;1,33974355381951
1931;13,251;1,22726347192411
1932;13,255;1,14859513148284
1933;13,259;1,0202366074681
1934;13,263;0,993710268868726
1935;13,267;0,89928023955899
1936;13,271;0,851995172953596
1937;13,275;0,829134886431778
1938;13,279;0,746240078308741
1939;13,284;0,684407556644007
1940;13,288;0,661243711669908
1941;13,292;0,622271476526992
1942;13,296;0,623765918138225
1943;13,300;0,518594589747757
1944;13,304;0,542108694474489
1945;13,308;0,491531186194348
1946;13,312;0,449289860026863
1947;13,317;0,429371755427158
1948;13,321;0,419377677152043
1949;13,325;0,4174162225373
1950;13,329;0,407141936460079
1951;13,333;0,345449518696399
1952;13,337;0,328590349269685
1953;13,341;0,375338350921043
1954;13,345;0,315537335821579
1955;13,350;0,303254893829264
1956;13,354;0,275140711017958
1957;13,358;0,257697775336857
1958;13,362;0,273249308353742
1959;13,366;0,206256293000222
1960;13,370;0,245205177492962
1961;13,374;0,207960890463034
1962;13,378;0,237569514885572
1963;13,382;0,224353046886238
1964;13,387;0,218445332391835
1965;13,391;0,172140993093812
1966;13,395;0,195514993919491
1967;13,399;0,179099486846112
1968;13,403;0,21286452699989
1969;13,407;0,152409693695511
1970;13,411;0,181994967467874
1971;13,415;0,172841512599077
1972;13,420;0,150051278027785
1973;13,424;0,136391147675116
1974;13,428;0,13984704390109
1975;13,432;0,15444120026078
1976;13,436;0,138212498388805
1977;13,440;0,140430810155478
1978;13,444;0,185871175397008
1979;13,448;0,133845926805986
1980;13,453;0,127961562961759
1981;13,457;0,141271433561796
1982;13,461;0,129806264325624
1983;13,465;0,106385562199594
1984;13,469;0,133542368353704
1985;13,473;0,100361094454314
1986;13,477;0,118084237937521
1987;13,481;0,106619068701349
1988;13,486;0,114441536510143
1989;13,490;0,105101276439941
1990;13,494;0,0975823670834291
1991;13,498;0,104354055634325
1992;13,502;0,0899233538258639
1993;13,506;0,0598243657496399
1994;13,510;0,0703788596289675
1995;13,514;0,0831983665753189
1996;13,519;0,0974656138325516
1997;13,523;0,0743718208089786
1998;13,527;0,0627431970215779
1999;13,531;0,0761698208724924
2000;13,535;0,0594274046966564
2001;13,539;0,043408858676261
2002;13,543;0,0928188344476264
2003;13,547;0,0858836913455018
2004;13,551;0,0755393533177538
2005;13,556;0,0518384433896177
2006;13,560;0,0838755354304085
2007;13,564;0,0864441069497139
2008;13,568;0,0848329120876042
2009;13,572;0,0659422360956218
2010;13,576;0,0734844961023095
2011;13,580;0,108954133718899
2012;13,584;0,0807465483068911
2013;13,589;0,0877283927093666
2014;13,593;0,112386679294698
2015;13,597;0,069935197275633
2016;13,601;0,0792287560454833
2017;13,605;0,0959478215711438
2018;13,609;0,0956209124686868
2019;13,613;0,111242497436099
2020;13,617;0,0656386776433403
2021;13,622;0,0807231976567156
2022;13,626;0,093916315005875
2023;13,630;0,0795089638475894
2024;13,634;0,0580030150359507
2025;13,638;0,063723924328949
2026;13,642;0,0606416385057826
2027;13,646;0,0730408337489749
2028;13,650;0,0448565989871422
2029;13,655;0,0716164440882692
2030;13,659;0,0772906520809166
2031;13,663;0,0522354044426013
2032;13,667;0,0646345996857937
2033;13,671;0,0688143660672088
2034;13,675;0,0707291193816001
2035;13,679;0,0515815862376872
2036;13,683;0,0492932225204879
2037;13,688;0,0452068587397748
2038;13,692;0,0735778987030115
2039;13,696;0,0867476654019955
2040;13,700;0,060338080053501
2041;13,704;0,0762398728230189
2042;13,708;0,0456738717432848
2043;13,712;0,043548962577314
2044;13,716;0,0479388848103087
2045;13,720;0,0559948591208574
2046;13,725;0,0243780787832256
2047;13,729;0,0505541576299651
2048;13,733;0,0315000270867542
2049;13,737;0,0428717937222244
2050;13,741;0,043455559976612
2051;13,745;0,030332494577979
2052;13,749;0,0184703642888233
2053;13,753;0,0450200535383707
2054;13,758;0,0406534819555516
2055;13,762;0,0478454822096066
2056;13,766;0,0179566499849622
2057;13,770;0,0427550404713469
2058;13,774;0,0837821328297065
2059;13,778;0,026759845101127
2060;13,782;0,040443326103972
2061;13,786;0,0290482088183263
2062;13,791;0,0415174560120452
2063;13,795;0,0327609621962314
2064;13,799;0,0421479235667838
2065;13,803;0,056578625375245
2066;13,807;0,0328076634965824
2067;13,811;0,0309396114825421
2068;13,815;0,0389488844927398
2069;13,819;0,0374077415811566
2070;13,824;0,0285578451646408
2071;13,828;0,0792054053953078
2072;13,832;0,0162987538225014
2073;13,836;0,0379448065351932
2074;13,840;0,0514881836369852
2075;13,844;0,043408858676261
2076;13,848;0,0128428575965269
2077;13,852;0,0197312993983004
2078;13,857;0,0477520796089046
2079;13,861;0,0110448575330131
2080;13,865;0,023654208627785
2081;13,869;0,0304025465285055
2082;13,873;0,0138936368544246
2083;13,877;0
2084;13,881;0,0442261314324036
2085;13,885;0,0546872227110292
2086;13,889;0,0526790667959359
2087;13,894;0,0329944686979864
2088;13,898;0,0727139246465179
2089;13,902;0,0691412751696658
2090;13,906;0,191451980788953
2091;13,910;0,371065181938926
2092;13,914;0,599084280902717
2093;13,918;1,14885198863477
2094;13,922;1,97039791375951
2095;13,927;3,18168954096358
2096;13,931;4,95250944767306
2097;13,935;7,54132598068061
2098;13,939;10,4807758767235
2099;13,943;14,1007804721315
2100;13,947;18,0156103766553
2101;13,951;21,9299732681757
2102;13,955;25,1033032763764
2103;13,960;27,749328902314
2104;13,964;28,9788573873051
2105;13,968;29,3317791140577
2106;13,972;28,3897438340273
2107;13,976;26,6111481608094
2108;13,980;24,0487412131503
2109;13,984;21,5266608383444
2110;13,988;18,5271997713504
2111;13,993;16,1903367537366
2112;13,997;13,5009489704231
2113;14,001;11,2796249698777
2114;14,005;9,59840150789159
2115;14,009;7,97980448967621
2116;14,013;6,61654683112997
2117;14,017;5,65375282309361
2118;14,021;4,88871547139359
2119;14,026;4,12437863919883
2120;14,030;3,62096197206515
2121;14,034;3,28352172637895
2122;14,038;2,81977781389345
2123;14,042;2,47365112634196
2124;14,046;2,2052821038749
2125;14,050;1,97854729067076
2126;14,054;1,79445076468709
2127;14,058;1,57173226331314
2128;14,063;1,46644418167179
2129;14,067;1,330893657403
2130;14,071;1,24412264135083
2131;14,075;1,12293276693996
2132;14,079;1,02245491923477
2133;14,083;0,962163540481621
2134;14,087;0,872660498358916
2135;14,091;0,870675693093999
2136;14,096;0,787827586271312
2137;14,100;0,712685194006542
2138;14,104;0,631401580745614
2139;14,108;0,633549840561761
2140;14,112;0,575570176175985
2141;14,116;0,517777316991614
2142;14,120;0,534356278616222
2143;14,124;0,494356614865584
2144;14,129;0,44151409351842
2145;14,133;0,408869884573066
2146;14,137;0,401911390820766
2147;14,141;0,399179364750232
2148;14,145;0,359856869854684
2149;14,149;0,356377622978534
2150;14,153;0,375852065224904
2151;14,157;0,326301985552486
2152;14,162;0,291766373942916
2153;14,166;0,312665205849992
2154;14,170;0,261036918311953
2155;14,174;0,244551359288048
2156;14,178;0,239881229252947
2157;14,182;0,258374944191946
2158;14,186;0,210155851579531
2159;14,190;0,21031930613076
2160;14,195;0,196028708223352
2161;14,199;0,171463824238722
2162;14,203;0,187459019608942
2163;14,207;0,203430864328986
2164;14,211;0,201632864265473
2165;14,215;0,207680682660928
2166;14,219;0,203570968230039
2167;14,223;0,338444323643748
2168;14,227;0,563988253688936
2169;14,232;1,01014912659228
2170;14,236;1,83456718168861
2171;14,240;3,16644156639898
2172;14,244;5,55308817018701
2173;14,248;9,23081557282881
2174;14,252;14,3492313899988
2175;14,256;21,3456465981839
2176;14,260;30,4358212050056
2177;14,265;41,042573839426
2178;14,269;53,0064429113964
2179;14,273;65,379859036795
2180;14,277;77,1971093763135
2181;14,281;88,2021307001272
2182;14,285;94,8597279742657
2183;14,289;100
2184;14,293;99,9722360769413
2185;14,298;95,9272729989894
2186;14,302;88,8087338903864
2187;14,306;78,8686656691269
2188;14,310;67,3330942226755
2189;14,314;56,9959715458317
2190;14,318;47,5235701462872
2191;14,322;39,0714287048609
2192;14,326;32,354847688379
2193;14,331;26,5258248850681
2194;14,335;22,1543496657121
2195;14,339;18,3953152991592
2196;14,343;15,6922440348429
2197;14,347;13,5086079836807
2198;14,351;11,6529084635833
2199;14,355;10,1049938634491
2200;14,359;8,9510514330761
2201;14,364;7,78727837897918
2202;14,368;7,02763502746971
2203;14,372;6,24536489594016
2204;14,376;5,58851110650325
2205;14,380;5,03685199610698
2206;14,384;4,63274564416972
2207;14,388;4,28260264478804
2208;14,392;3,87025351333883
2209;14,396;3,59742451668824
2210;14,401;3,25986751775116
2211;14,405;2,99451072915674
2212;14,409;2,72861687560828
2213;14,413;2,58762564984859
2214;14,417;2,44822226830084
2215;14,421;2,29581257460533
2216;14,425;2,13200776362417
2217;14,429;1,96610139412722
2218;14,434;1,82802899963947
2219;14,438;1,70805335903773
2220;14,442;1,63795470721087
2221;14,446;1,55059992490431
2222;14,450;1,38394633460174
2223;14,454;1,43391672597732
2224;14,458;1,29217827941201
2225;14,462;1,24610744661574
2226;14,467;1,22518526405849
2227;14,471;1,15518001483233
2228;14,475;1,05920884261101
2229;14,479;1,01381517866984
2230;14,483;0,956279176637394
2231;14,487;0,873828030867692
2232;14,491;0,901732057827418
2233;14,495;0,751634078499282
2234;14,500;0,795650054080106
2235;14,504;0,786916910914468
2236;14,508;0,727232649065881
2237;14,512;0,674810439421875
2238;14,516;0,683333426735934
2239;14,520;0,624513138943841
2240;14,524;0,599107631552893
2241;14,528;0,5901409818855
2242;14,533;0,551472305194866
2243;14,537;0,547852954417663
2244;14,541;0,535080148771662
2245;14,545;0,52314796653198
2246;14,549;0,475862899926586
2247;14,553;0,491928147247332
2248;14,557;0,455477782323371
2249;14,561;0,443055236430003
2250;14,565;0,428250924218734
2251;14,570;0,401047416764272
2252;14,574;0,428274274868909
2253;14,578;0,388554818920378
2254;14,582;0,34112964841393
2255;14,586;0,346243440802366
2256;14,590;0,331625933792501
2257;14,594;0,336482869029005
2258;14,598;0,321585154217034
2259;14,603;0,293494322055903
2260;14,607;0,30888240052156
2261;14,611;0,286792685455534
2262;14,615;0,312992114952449
2263;14,619;0,262741515774765
2264;14,623;0,28198245151938
2265;14,627;0,270890892686016
2266;14,631;0,255175905117902
2267;14,636;0,23789642398803
2268;14,640;0,207610630710402
2269;14,644;0,195631747170368
2270;14,648;0,234090268009422
2271;14,652;0,205532422844782
2272;14,656;0,242543203372955
2273;14,660;0,215573202420248
2274;14,664;0,193039825000887
2275;14,669;0,20730707225812
2276;14,673;0,180313720655238
2277;14,677;0,183792967531388
2278;14,681;0,17251460349662
2279;14,685;0,179753305051026
2280;14,689;0,200185123954591
2281;14,693;0,162450473270978
2282;14,697;0,208311150215667
2283;14,702;0,167167304606429
2284;14,706;0,164832239588879
2285;14,710;0,179753305051026
2286;14,714;0,192175850944394
2287;14,718;0,167284057857307
2288;14,722;0,1924560587465
2289;14,726;0,201889721417403
2290;14,730;0,184189928584372
2291;14,734;0,179776655701201
2292;14,739;0,171440473588547
2293;14,743;0,157056473080436
2294;14,747;0,171136915136265
2295;14,751;0,130039770827379
2296;14,755;0,125019381039646
2297;14,759;0,135363719067394
2298;14,763;0,103676886779235
2299;14,767;0,141855199816184
2300;14,772;0,10967800387434
2301;14,776;0,126653926551931
2302;14,780;0,0980960813872902
2303;14,784;0,11710351063015
2304;14,788;0,0796957690489934
2305;14,792;0,111405951987327
2306;14,796;0,110215068828376
2307;14,800;0,123221380976132
2308;14,805;0,109327744121707
2309;14,809;0,152409693695511
2310;14,813;0,140127251703196
2311;14,817;0,154931563914466
2312;14,821;0,143256238826714
2313;14,825;0,162053512217994
2314;14,829;0,159298135497285
2315;14,833;0,165766265595899
2316;14,838;0,169222161821874
2317;14,842;0,164108369433439
2318;14,846;0,129712861724922
2319;14,850;0,150985304034806
2320;14,854;0,133752524205284
2321;14,858;0,124575718686311
2322;14,862;0,116776601527693
2323;14,866;0,119321822396823
2324;14,871;0,100291042503787
2325;14,875;0,100547899655718
2326;14,879;0,109654653224164
2327;14,883;0,177628395885055
2328;14,887;0,218982397345872
2329;14,891;0,361818324469427
2330;14,895;0,628225892321746
2331;14,899;1,07858988225668
2332;14,904;1,77028284175545
2333;14,908;3,08779657660788
2334;14,912;4,89114393901184
2335;14,916;7,21929716411024
2336;14,920;10,4692173048866
2337;14,924;14,0635595357517
2338;14,928;18,0383772605764
2339;14,932;21,7129756760947
2340;14,936;25,2905287894836
2341;14,941;28,3451440921921
2342;14,945;30,0986378164714
2343;14,949;30,5414828970498
2344;14,953;29,6955588931418
2345;14,957;27,6751205360562
2346;14,961;25,3856359876484
2347;14,965;22,4104362461868
2348;14,969;19,7150706964285
2349;14,974;16,7571971373971
2350;14,978;14,01809581986
2351;14,982;11,8113426250241
2352;14,986;10,0388414715019
2353;14,990;8,4953167936008
2354;14,994;6,98602416885696
2355;14,998;5,9930144194935
2356;15,002;4,99769295576266
2357;15,007;4,44991005329552
2358;15,011;3,78474343239613
2359;15,015;3,33925972834788
2360;15,019;2,93330867504675
2361;15,023;2,5867616757921
2362;15,027;2,36415992766903
2363;15,031;2,12110300999221
2364;15,035;1,90851869079443
2365;15,040;1,74634842532555
2366;15,044;1,60612777102166
2367;15,048;1,44958501224508
2368;15,052;1,38934033479228
2369;15,056;1,219931367769
2370;15,060;1,20764892577669
2371;15,064;1,11459658482731
2372;15,068;1,13874115710878
2373;15,073;1,06782523252577
2374;15,077;1,01005572399158
2375;15,081;1,03718917949551
2376;15,085;0,962840709336711
2377;15,089;0,91294036991166
2378;15,093;0,985560891957476
2379;15,097;0,86469792664907
2380;15,101;0,84849257542727
2381;15,105;0,760343871014745
2382;15,110;0,764383533495107
2383;15,114;0,735311974026605
2384;15,118;0,617811502343471
2385;15,122;0,605996073354667
2386;15,126;0,563754747187181
2387;15,130;0,56672027975947
2388;15,134;0,538956356700796
2389;15,138;0,472196847849032
2390;15,143;0,410224222283245
2391;15,147;0,426989989109257
2392;15,151;0,354182661862037
2393;15,155;0,383744584984224
2394;15,159;0,341573310767265
2395;15,163;0,321234894464402
2396;15,167;0,306243777051728
2397;15,171;0,322705985425458
2398;15,176;0,282496165823241
2399;15,180;0,242122891669796
2400;15,184;0,230167358779938
2401;15,188;0,217090994681656
2402;15,192;0,209502033374617
2403;15,196;0,2481240087649
2404;15,200;0,223372319578866
2405;15,204;0,23862029414347
2406;15,209;0,225777436546943
2407;15,213;0,205018708540921
2408;15,217;0,212234059445151
2409;15,221;0,163384499277998
2410;15,225;0,181924915517348
2411;15,229;0,179309642697691
2412;15,233;0,201983124018105
2413;15,237;0,181574655764715
2414;15,242;0,158410810790616
2415;15,246;0,145311096042158
2416;15,250;0,146034966197599
2417;15,254;0,17505982436575
2418;15,258;0,147412654557954
2419;15,262;0,138235849038981
2420;15,266;0,148299979264623
2421;15,270;0,116286237874007
2422;15,274;0,143139485575836
2423;15,279;0,127144290205616
2424;15,283;0,11175621173996
2425;15,287;0,121189874410863
2426;15,291;0,0975590164332536
2427;15,295;0,127447848657898
2428;15,299;0,136951563279328
2429;15,303;0,151942680692001
2430;15,307;0,103279925726252
2431;15,312;0,118621302891558
2432;15,316;0,0967650943272865
2433;15,320;0,118130939237872
2434;15,324;0,130857043583522
2435;15,328;0,135970835971957
2436;15,332;0,139730290650213
2437;15,336;0,23005060552906
2438;15,340;0,365250870045226
2439;15,345;0,65946906225657
2440;15,349;1,14392500144774
2441;15,353;1,96628819932862
2442;15,357;3,38047362590764
2443;15,361;5,32726403233972
2444;15,365;8,22505636846952
2445;15,369;11,6894288804577
2446;15,373;15,7365402182258
2447;15,378;20,2705126121532
2448;15,382;24,8023600969145
2449;15,386;28,6892392731783
2450;15,390;32,0478333398715
2451;15,394;33,5610955751452
2452;15,398;33,9518220045319
2453;15,402;33,1552145737946
2454;15,406;30,816530205467
2455;15,411;27,9913583913831
2456;15,415;24,4596192536385
2457;15,419;20,9565080130091
2458;15,423;17,8100546031604
2459;15,427;14,8562674079097
2460;15,431;12,4632227259736
2461;15,435;10,3269651440175
2462;15,439;8,5405003016904
2463;15,443;7,15662401903919
2464;15,448;6,16872806206416
2465;15,452;5,25886997797567
2466;15,456;4,42275324714141
2467;15,460;3,88599185155712
2468;15,464;3,37788170373816
2469;15,468;3,05379802995235
2470;15,472;2,63397669044697
2471;15,476;2,42645946233727
2472;15,481;2,10741952898937
2473;15,485;1,94842495194436
2474;15,489;1,7459281136224
2475;15,493;1,57899431551772
2476;15,497;1,44549864846437
2477;15,501;1,32358490389806
2478;15,505;1,27144290205616
2479;15,509;1,18892170433594
2480;15,514;1,06616733636331
2481;15,518;0,968911878382342
2482;15,522;0,9727647356613
2483;15,526;0,882000758429118
2484;15,530;0,810290911740147
2485;15,534;0,770127793438281
2486;15,538;0,703111427434586
2487;15,542;0,639737762858269
2488;15,547;0,631238126194386
2489;15,551;0,615593190576799
2490;15,555;0,5530601494068
2491;15,559;0,557613526191023
2492;15,563;0,504677602243157
2493;15,567;0,513340693458269
2494;15,571;0,508834017974397
2495;15,575;0,495220588922078
2496;15,580;0,463720561835324
2497;15,584;0,379237909500352
2498;15,588;0,405530741597969
2499;15,592;0,407118585809903
2500;15,596;0,355233441119935
2501;15,600;0,356774584031518
2502;15,604;0,337440245686201
2503;15,608;0,3199973100051
2504;15,612;0,325414660845817
2505;15,617;0,289758218027823
2506;15,621;0,280908321611307
2507;15,625;0,280558061858674
2508;15,629;0,285835308798338
2509;15,633;0,276191490275855
2510;15,637;0,237966475938556
2511;15,641;0,2202900337557
2512;15,645;0,24303356702664
2513;15,650;0,245065073591909
2514;15,654;0,241002060461372
2515;15,658;0,222601748123075
2516;15,662;0,217184397282358
2517;15,666;0,188206240414558
2518;15,670;0,197453097884057
2519;15,674;0,182975694775245
2520;15,678;0,162403771970627
2521;15,683;0,144727329787771
2522;15,687;0,170436395631
2523;15,691;0,156939719829559
2524;15,695;0,149280706571994
2525;15,699;0,145217693441456
2526;15,703;0,134733251512655
2527;15,707;0,123875199181046
2528;15,711;0,126000108347017
2529;15,716;0,133262160551598
2530;15,720;0,124365562834732
2531;15,724;0,111943016941364
2532;15,728;0,144400420685314
2533;15,732;0,129362601972289
2534;15,736;0,0964848865251804
2535;15,740;0,0869344706033995
2536;15,744;0,067063067304046
2537;15,749;0,12219395236841
2538;15,753;0,0704722622296695
2539;15,757;0,111779562390135
2540;15,761;0,115142056015408
2541;15,765;0,114955250814004
2542;15,769;0,0954808085676338
2543;15,773;0,0385052221394052
2544;15,777;0,0860237952465548
2545;15,781;0,0982361852883432
2546;15,786;0,0850430679391837
2547;15,790;0,0863040030486609
2548;15,794;0,0772439507805655
2549;15,798;0,122427458870165
2550;15,802;0,0948736916630707
2551;15,806;0,0722702622931833
2552;15,810;0,0830349120240904
2553;15,814;0,093542704603067
2554;15,819;0,076660184526178
2555;15,823;0,108230263563459
2556;15,827;0,101295120461334
2557;15,831;0,0779911715861817
2558;15,835;0,0767769377770555
2559;15,839;0,0583999760889342
2560;15,843;0,067156469904748
2561;15,847;0,0843892497342696
2562;15,852;0,0828714574728619
2563;15,856;0,0722702622931833
2564;15,860;0,103630185478884
2565;15,864;0,0764733793247739
2566;15,868;0,0871679771051545
2567;15,872;0,109140938920303
2568;15,876;0,0992869645462408
2569;15,880;0,103069769874672
2570;15,885;0,103349977676778
2571;15,889;0,0658021321945688
2572;15,893;0,0930523409493814
2573;15,897;0,0743017688584521
2574;15,901;0,101155016560281
2575;15,905;0,0513247290857567
2576;15,909;0,0563918201738409
2577;15,913;0,0400463650509885
2578;15,918;0,0699585479258085
2579;15,922;0,0559481578205064
2580;15,926;0,0621594307671903
2581;15,930;0,0589370410429708
2582;15,934;0,0486627549657493
2583;15,938;0,0460241314959174
2584;15,942;0,0655686256928138
2585;15,946;0,0486394043155738
2586;15,950;0,047168313354517
2587;15,955;0,0510211706334751
2588;15,959;0,100314393153963
2589;15,963;0,0763799767240719
2590;15,967;0,0924452240448183
2591;15,971;0,0644010931840386
2592;15,975;0,0942899254086831
2593;15,979;0,123034575774728
2594;15,983;0,170296291729947
2595;15,988;0,263745593732312
2596;15,992;0,421549287618364
2597;15,996;0,790466209741144
2598;16,000;1,35422095692832
2599;16,004;2,3038451982657
2600;16,008;3,76776750971854
2601;16,012;5,79647199696628
2602;16,016;8,71329511298913
2603;16,021;12,2501947444225
2604;16,025;16,4581453605994
2605;16,029;20,9067477774851
2606;16,033;24,992154181541
2607;16,037;28,5239633712361
2608;16,041;30,9724891979892
2609;16,045;32,1973242022951
2610;16,049;32,2901663873929
2611;16,054;30,8123037377853
2612;16,058;28,4840571100862
2613;16,062;25,4824477832761
2614;16,066;22,397686791191
2615;16,070;19,1171072467342
2616;16,074;16,2240317419398
2617;16,078;13,5464593876152
2618;16,082;11,5245732902187
2619;16,087;9,7336484737081
2620;16,091;8,156732366056
2621;16,095;6,90432024389287
2622;16,099;5,86657064879315
2623;16,103;4,92149978423999
2624;16,107;4,32171498383201
2625;16,111;3,61292934840478
2626;16,115;3,32132642901309
2627;16,119;2,88910589426452
2628;16,124;2,64373726222033
2629;16,128;2,36292234320972
2630;16,132;2,09817267151987
2631;16,136;1,9445720946654
2632;16,140;1,742682373248
2633;16,144;1,56066405512995
2634;16,148;1,5051362090126
2635;16,152;1,36416833390309
2636;16,157;1,24416934265118
2637;16,161;1,04085523157307
2638;16,165;1,03695567299376
2639;16,169;1,00933185383614
2640;16,173;0,903413304640054
2641;16,177;0,909437772385334
2642;16,181;0,826122652559138
2643;16,185;0,782620391282175
2644;16,190;0,730058077737117
2645;16,194;0,754506208470869
2646;16,198;0,691949816650695
2647;16,202;0,708925739328286
2648;16,206;0,661897529874822
2649;16,210;0,705376440501609
2650;16,214;0,676491686234512
2651;16,218;0,738207454648367
2652;16,223;0,82481501614931
2653;16,227;0,834598938572846
2654;16,231;0,869928472288382
2655;16,235;0,854493692522375
2656;16,239;0,908667200929543
2657;16,243;0,943483020341218
2658;16,247;0,891411070449846
2659;16,251;0,879408836259637
2660;16,256;0,845036679201296
2661;16,260;0,818977353605434
2662;16,264;0,726275272408685
2663;16,268;0,695685920678775
2664;16,272;0,604641735644487
2665;16,276;0,571437111094921
2666;16,280;0,547619447915908
2667;16,284;0,519948927457936
2668;16,288;0,464654587842344
2669;16,293;0,424678274741882
2670;16,297;0,362658947875745
2671;16,301;0,347340921360614
2672;16,305;0,352618168300278
2673;16,309;0,327913180414595
2674;16,313;0,299939101504342
2675;16,317;0,283616997031665
2676;16,321;0,257884580538261
2677;16,326;0,277639230586736
2678;16,330;0,240021333154
2679;16,334;0,217161046632182
2680;16,338;0,215923462172881
2681;16,342;0,175129876316276
2682;16,346;0,195211435467209
2683;16,350;0,181971616817699
2684;16,354;0,202263331820211
2685;16,359;0,17807205823839
2686;16,363;0,190588006732459
2687;16,367;0,203944578632847
2688;16,371;0,17344862950364
2689;16,375;0,151475667688491
2690;16,379;0,146898940254092
2691;16,383;0,133635770954406
2692;16,387;0,134686550212304
2693;16,392;0,167027200705376
2694;16,396;0,175363382818031
2695;16,400;0,106432263499945
2696;16,404;0,125229536891225
2697;16,408;0,159391538097987
2698;16,412;0,222508345522373
2699;16,416;0,33926159639989
2700;16,420;0,532137966849549
2701;16,425;0,946775462015964
2702;16,429;1,75706637375611
2703;16,433;3,08947782342052
2704;16,437;5,08119488079026
2705;16,441;8,37898385442644
2706;16,445;12,589806600575
2707;16,449;18,4130384426424
2708;16,453;25,4376845868896
2709;16,457;33,6113695249731
2710;16,462;42,8971291776648
2711;16,466;52,5412512586
2712;16,470;60,8744211373821
2713;16,474;68,3959691173641
2714;16,478;73,0105246050471
2715;16,482;74,5924611024869
2716;16,486;72,4521638580505
2717;16,490;68,0846348985741
2718;16,495;61,3682406872937
2719;16,499;54,2255570064093
2720;16,503;46,0018316249998
2721;16,507;39,0044823908077
2722;16,511;32,4047713784543
2723;16,515;27,1055281263252
2724;16,519;22,2396729414534
2725;16,523;18,6658559320926
2726;16,528;15,4305299476759
2727;16,532;13,2585458709512
2728;16,536;11,4095012861538
2729;16,540;9,83186130834627
2730;16,544;8,62941957755872
2731;16,548;7,47722844594885
2732;16,552;6,5228173213255
2733;16,556;5,80151573740419
2734;16,561;5,21837995057134
2735;16,565;4,65289725527118
2736;16,569;4,28923422943789
2737;16,573;3,88956450103397
2738;16,577;3,62147568636901
2739;16,581;3,28333492117755
2740;16,585;3,01141659988381
2741;16,589;2,79231744928706
2742;16,594;2,56586284388503
2743;16,598;2,35792530407217
2744;16,602;2,2252002084746
2745;16,606;2,04187425394673
2746;16,610;1,91365583383304
2747;16,614;1,84909128609777
2748;16,618;1,70651221612615
2749;16,622;1,56939719829559
2750;16,626;1,51235155991683
2751;16,631;1,42315207624641
2752;16,635;1,28741474677621
2753;16,639;1,24024643342169
2754;16,643;1,19158367845594
2755;16,647;1,10534972735781
2756;16,651;1,06565362205945
2757;16,655;0,996605749490489
2758;16,659;0,921883668928878
2759;16,664;0,909274317834106
2760;16,668;0,868550783928028
2761;16,672;0,852018523603771
2762;16,676;0,786893560264292
2763;16,680;0,749952831686646
2764;16,684;0,699305271455978
2765;16,688;0,695989479131057
2766;16,692;0,646182542306708
2767;16,697;0,650362308688123
2768;16,701;0,61428555416697
2769;16,705;0,613841891813636
2770;16,709;0,561536435420508
2771;16,713;0,537251759237984
2772;16,717;0,51847783649688
2773;16,721;0,470445549085869
2774;16,725;0,468764302273233
2775;16,730;0,514041212963534
2776;16,734;0,431169755490672
2777;16,738;0,440159755808241
2778;16,742;0,413306508106412
2779;16,746;0,420218300558361
2780;16,750;0,401794637569889
2781;16,754;0,37473123401648
2782;16,758;0,397521468587771
2783;16,763;0,347084064208684
2784;16,767;0,333400583205839
2785;16,771;0,344468791389027
2786;16,775;0,374240870362794
2787;16,779;0,434929210168928
2788;16,783;0,484292484639942
2789;16,787;0,745632961404177
2790;16,791;1,21379014677285
2791;16,795;1,9909931872143
2792;16,800;3,16630146249792
2793;16,804;4,88173362699111
2794;16,808;7,37056267594715
2795;16,812;10,5925787897638
2796;16,816;14,370013468655
2797;16,820;18,7578107924837
2798;16,824;23,2060162483164
2799;16,828;27,4117719033769
2800;16,833;31,0105974590757
2801;16,837;33,2139181083358
2802;16,841;34,3613457073099
2803;16,845;34,0084940325078
2804;16,849;32,0486039113273
2805;16,853;29,5971125520019
2806;16,857;26,5849720819627
2807;16,861;23,3014970568841
2808;16,866;19,8227638950379
2809;16,870;17,0042003149536
2810;16,874;14,5315999678695
2811;16,878;12,0348316978538
2812;16,882;10,137171059391
2813;16,886;8,47488497469724
2814;16,890;7,25777903559947
2815;16,894;6,28772297535853
2816;16,899;5,37912582637951
2817;16,903;4,75451928483497
2818;16,907;4,13663773054097
2819;16,911;3,75681605478623
2820;16,915;3,22458468533598
2821;16,919;2,98710857305111
2822;16,923;2,67271541908813
2823;16,927;2,47600954200969
2824;16,932;2,18036696013764
2825;16,936;2,04257477345199
2826;16,940;1,86522658536904
2827;16,944;1,7217134893904
2828;16,948;1,62541540806662
2829;16,952;1,46931631164338
2830;16,956;1,42200789438781
2831;16,960;1,42389929705203
2832;16,964;1,44304683019594
2833;16,969;1,71582912554617
2834;16,973;2,25721394986522
2835;16,977;3,25872333589256
2836;16,981;4,77147185686238
2837;16,985;7,33539659678284
2838;16,989;10,9299723341497
2839;16,993;15,9473965893106
2840;16,997;22,0342105705591
2841;17,002;29,7793643766217
2842;17,006;38,3338050164669
2843;17,010;47,1802688874069
2844;17,014;55,705427811932
2845;17,018;63,1202166193116
2846;17,022;67,7517713803223
2847;17,026;70,5467741543796
2848;17,030;69,6445050315981
2849;17,035;66,1678734282677
2850;17,039;60,7531378603706
2851;17,043;53,4667075770058
2852;17,047;46,649018245264
2853;17,051;40,1139885338967
2854;17,055;33,5484862240504
2855;17,059;28,3094642987239
2856;17,063;23,495073946839
2857;17,068;19,706360903913
2858;17,072;16,8775463884016
2859;17,076;14,1813635658871
2860;17,080;12,2596751083937
2861;17,084;10,6253864532604
2862;17,088;9,10703377624847
2863;17,092;8,04156695939042
2864;17,096;7,18244983813329
2865;17,101;6,31275487234667
2866;17,105;5,73281812458786
2867;17,109;5,13936135037744
2868;17,113;4,66452587905858
2869;17,117;4,29696329464598
2870;17,121;3,97902084185632
2871;17,125;3,59083963333875
2872;17,129;3,34470042983877
2873;17,133;3,09316722614825
2874;17,138;2,85984752959461
2875;17,142;2,66377212007091
2876;17,146;2,47292725618652
2877;17,150;2,35542678450339
2878;17,154;2,24353046886237
2879;17,158;2,04965002045517
2880;17,162;1,91078370386145
2881;17,166;1,75155562031469
2882;17,171;1,69798922881209
2883;17,175;1,59461590048513
2884;17,179;1,55391571722923
2885;17,183;1,42462316720747
2886;17,187;1,34298929419391
2887;17,191;1,26520827845931
2888;17,195;1,23116303050342
2889;17,199;1,18231347033627
2890;17,204;1,17080159979974
2891;17,208;1,02369250369407
2892;17,212;1,05776110230013
2893;17,216;0,974586086374989
2894;17,220;0,965526034106894
2895;17,224;0,908970759381824
2896;17,228;0,878778368704898
2897;17,232;0,816058522333496
2898;17,237;0,811201587096991
2899;17,241;0,756841273488419
2900;17,245;0,756000650082101
2901;17,249;0,712171479702681
2902;17,253;0,680227790262592
2903;17,257;0,626708100060338
2904;17,261;0,650245555437246
2905;17,265;0,654495373769187
2906;17,270;0,592452696252875
2907;17,274;0,573351864409313
2908;17,278;0,537975629393425
2909;17,282;0,508623862122817
2910;17,286;0,507479680264217
2911;17,290;0,530503421337264
2912;17,294;0,47698373113501
2913;17,298;0,47490552326939
2914;17,302;0,459657548704786
2915;17,307;0,473808042711141
2916;17,311;0,447468509313173
2917;17,315;0,360627441310476
2918;17,319;0,42458487214118
2919;17,323;0,387270533160725
2920;17,327;0,411625261293775
2921;17,331;0,374988091168411
2922;17,335;0,356471025579236
2923;17,340;0,372606324850509
2924;17,344;0,374777935316831
2925;17,348;0,319436894400888
2926;17,352;0,309162608323666
2927;17,356;0,31443985526333
2928;17,360;0,315490634521228
2929;17,364;0,295082166267838
2930;17,368;0,288310477716942
2931;17,373;0,290505438833439
2932;17,377;0,300756374260485
2933;17,381;0,253868268708074
2934;17,385;0,314836816316314
2935;17,389;0,362261986822761
2936;17,393;0,472850666053946
2937;17,397;0,64601908775548
2938;17,401;1,02180110102986
2939;17,406;1,56115441878364
2940;17,410;2,46029455444157
2941;17,414;3,97512128327701
2942;17,418;6,10248226751626
2943;17,422;9,01526572105874
2944;17,426;12,4269825169012
2945;17,430;16,1945398707682
2946;17,434;20,3184281463133
2947;17,439;24,3586276916294
2948;17,443;27,8762163353676
2949;17,447;30,2861201867305
2950;17,451;30,9428572229165
2951;17,455;31,0290211220641
2952;17,459;29,5994476170195
2953;17,463;27,7102866152205
2954;17,467;25,3657879349993
2955;17,471;23,4833519204509
2956;17,476;22,2243549149383
2957;17,480;22,4840141448899
2958;17,484;23,9331788454318
2959;17,488;27,0188038115733
2960;17,492;31,5841828299867
2961;17,496;38,1905020763398
2962;17,500;45,6123894813727
2963;17,504;53,7573998210406
2964;17,509;61,9783931763796
2965;17,513;69,8307731680481
2966;17,517;75,0378981052348
2967;17,521;76,951297081916
2968;17,525;76,5494323923955
2969;17,529;72,6246317602467
2970;17,533;67,0231610428961
2971;17,537;59,0523232028873
2972;17,542;50,9481297997261
2973;17,546;43,3908553249757
2974;17,550;36,4820050549488
2975;17,554;30,4814950767489
2976;17,558;25,2713579056895
2977;17,562;21,1632079683627
2978;17,566;18,083420664765
2979;17,570;15,2842848256267
2980;17,575;13,2510503122449
2981;17,579;11,6100133192109
2982;17,583;10,1576729302451
2983;17,587;8,9823179536611
2984;17,591;7,95657059275158
2985;17,595;7,16304544783745
2986;17,599;6,39606999217286
2987;17,603;5,80782041295158
2988;17,608;5,50330458401284
2989;17,612;4,81317611807583
2990;17,616;4,56253023909198
2991;17,620;4,12776448347428
2992;17,624;3,78549065320175
2993;17,628;3,61229888085004
2994;17,632;3,35695952118091
2995;17,636;3,03735917222879
2996;17,640;2,87138275078131
2997;17,645;2,7594864351403
2998;17,649;2,61074279352234
2999;17,653;2,4798156979883
3000;17,657;2,34235042040511
3001;17,661;2,15325685528388
3002;17,665;2,09784576241741
3003;17,669;1,96703542013424
3004;17,673;1,91925998987516
3005;17,678;1,73892291856974
3006;17,682;1,67888839696853
3007;17,686;1,58100247143281
3008;17,690;1,5410728596327
3009;17,694;1,50807839093472
3010;17,698;1,4040979457032
3011;17,702;1,34009381357215
3012;17,706;1,3218336051349
3013;17,711;1,25698884959753
3014;17,715;1,15732827464848
3015;17,719;1,11681489659398
3016;17,723;1,11779562390135
3017;17,727;1,06089008942365
3018;17,731;1,0179482437509
3019;17,735;1,02313208808986
3020;17,739;0,960669098870389
3021;17,744;0,930920370546798
3022;17,748;0,907406265820066
3023;17,752;0,937645357797343
3024;17,756;0,893139018562833
3025;17,760;0,863623796740997
3026;17,764;0,789672287635177
3027;17,768;0,71513701227497
3028;17,772;0,772789767558288
3029;17,777;0,729941324486239
3030;17,781;0,728540285475709
3031;17,785;0,696900154487902
3032;17,789;0,619772956958214
3033;17,793;0,693841219314911
3034;17,797;0,66600724430571
3035;17,801;0,650805971041458
3036;17,805;0,690665530891042
3037;17,809;0,741803454775395
3038;17,814;0,805433976503642
3039;17,818;1,06602723246226
3040;17,822;1,42637446597063
3041;17,826;2,03687721480917
3042;17,830;3,15089003338209
3043;17,834;4,91370066708137
3044;17,838;7,09992864041306
3045;17,842;10,1570891639907
3046;17,847;13,6519576251081
3047;17,851;17,5796537378787
3048;17,855;21,3286239742059
3049;17,859;24,8837371127762
3050;17,863;27,2661338982323
3051;17,867;29,1101814438921
3052;17,871;29,408322545333
3053;17,875;28,9942454657707
3054;17,880;27,4577960348728
3055;17,884;24,9949796102123
3056;17,888;22,5206980163156
3057;17,892;19,7518012691545
3058;17,896;16,8840612198006
3059;17,900;14,3805913131845
3060;17,904;12,212343340488
3061;17,908;10,4760123440877
3062;17,913;8,76221472510681
3063;17,917;7,40257641733777
3064;17,921;6,4231100450761
3065;17,925;5,52366635096588
3066;17,929;4,89294193907535
3067;17,933;4,26665415071817
3068;17,937;3,77878901660138
3069;17,941;3,40277349682525
3070;17,946;3,04721314660285
3071;17,950;2,75645085061748
3072;17,954;2,56313081781449
3073;17,958;2,28614540543267
3074;17,962;2,08740802178896
3075;17,966;1,91575739234883
3076;17,970;1,75136881511329
3077;17,974;1,65385649998039
3078;17,978;1,48914101364238
3079;17,983;1,41406867332814
3080;17,987;1,34658529432094
3081;17,991;1,28643401946884
3082;17,995;1,13948837791439
3083;17,999;1,10560658450974
3084;18,003;1,05631336198925
3085;18,007;0,992729541561355
3086;18,011;0,978976008607984
3087;18,016;0,934399617422948
3088;18,020;0,898719823954778
3089;18,024;0,832007016403365
3090;18,028;0,813746807966121
3091;18,032;0,80627459990996
3092;18,036;0,798335378850289
3093;18,040;0,786683404412713
3094;18,044;0,729801220585186
3095;18,049;0,747150753665585
3096;18,053;0,717705583794275
3097;18,057;0,656737036186036
3098;18,061;0,709275999080918
3099;18,065;0,645295217600039
3100;18,069;0,625493866251212
3101;18,073;0,559201370402958
3102;18,077;0,555325162473824
3103;18,082;0,542902616580456
3104;18,086;0,553036798756625
3105;18,090;0,508740615373695
3106;18,094;0,456388457680216
3107;18,098;0,488682406872937
3108;18,102;0,419284274551341
3109;18,106;0,445950717051766
3110;18,110;0,394415832114429
3111;18,115;0,388438065669501
3112;18,119;0,388438065669501
3113;18,123;0,364059986886275
3114;18,127;0,371625597543138
3115;18,131;0,348835362971847
3116;18,135;0,332279751997415
3117;18,139;0,372162662497175
3118;18,143;0,347807934364124
3119;18,147;0,316354608577721
3120;18,152;0,306710790055238
3121;18,156;0,284947984091669
3122;18,160;0,328029933665473
3123;18,164;0,285695204897285
3124;18,168;0,325181154344062
3125;18,172;0,280464659257972
3126;18,176;0,281889048918678
3127;18,180;0,254638840163866
3128;18,185;0,248100658114725
3129;18,189;0,266874580855829
3130;18,193;0,256903853230889
3131;18,197;0,268345671816886
3132;18,201;0,267878658813376
3133;18,205;0,266080658749862
3134;18,209;0,234043566709071
3135;18,213;0,253050995951931
3136;18,218;0,237966475938556
3137;18,222;0,230167358779938
3138;18,226;0,222765202674303
3139;18,230;0,239671073401368
3140;18,234;0,216974241430778
3141;18,238;0,233623255005912
3142;18,242;0,214849332264808
3143;18,246;0,240628450058563
3144;18,251;0,160745875808166
3145;18,255;0,192759617198781
3146;18,259;0,214429020561649
3147;18,263;0,252817489450176
3148;18,267;0,210669565883392
3149;18,271;0,180337071305413
3150;18,275;0,172257746344689
3151;18,279;0,179029434895585
3152;18,284;0,181364499913136
3153;18,288;0,224796709239572
3154;18,292;0,18804278586333
3155;18,296;0,167961226712397
3156;18,300;0,199391201848624
3157;18,304;0,189537227474562
3158;18,308;0,175643590620137
3159;18,312;0,184259980534898
3160;18,316;0,129479355223167
3161;18,321;0,162637278472382
3162;18,325;0,175947149072419
3163;18,329;0,169665824175208
3164;18,333;0,171814083991355
3165;18,337;0,161773304415888
3166;18,341;0,198900838194939
3167;18,345;0,15605239512289
3168;18,349;0,170483096931351
3169;18,354;0,157149875681138
3170;18,358;0,169665824175208
3171;18,362;0,154044239207797
3172;18,366;0,169665824175208
3173;18,370;0,197172890081951
3174;18,374;0,147973070162166
3175;18,378;0,160956031659746
3176;18,382;0,141528290713727
3177;18,387;0,107763250559949
3178;18,391;0,147716213010235
3179;18,395;0,138025693187401
3180;18,399;0,195795201721597
3181;18,403;0,210692916533568
3182;18,407;0,332022894845484
3183;18,411;0,504047134688418
3184;18,415;0,820074834163683
3185;18,420;1,20610778286511
3186;18,424;2,02176934414562
3187;18,428;3,16788930670986
3188;18,432;4,89990043282765
3189;18,436;7,31536173893226
3190;18,440;10,1454138389029
3191;18,444;13,4301731497412
3192;18,448;16,9967281068974
3193;18,453;19,9485538475333
3194;18,457;22,6009775516189
3195;18,461;24,3055283131304
3196;18,465;25,5753833709746
3197;18,469;25,7102567263883
3198;18,473;25,3723261170484
3199;18,477;24,653009338392
3200;18,481;24,143287995711
3201;18,485;23,7204544223329
3202;18,490;24,3511321329231
3203;18,494;26,4768585716501
3204;18,498;30,2975853559667
3205;18,502;35,6691689223395
3206;18,506;42,4248155765649
3207;18,510;50,3477612330638
3208;18,514;59,3469850574519
3209;18,518;68,5458335901905
3210;18,523;76,6522686557685
3211;18,527;82,8780190055612
3212;18,531;85,3751141846794
3213;18,535;85,0700846414368
3214;18,539;81,0618287855607
3215;18,543;74,0248301473706
3216;18,547;65,2735902278463
3217;18,551;56,4991397620475
3218;18,556;47,5648073944971
3219;18,560;40,0665400127401
3220;18,564;33,7462895816871
3221;18,568;27,9178505446306
3222;18,572;23,7305886045091
3223;18,576;20,1468709194739
3224;18,580;17,502526540349
3225;18,584;15,0993476762367
3226;18,589;13,3732209139631
3227;18,593;11,8360476129097
3228;18,597;10,5555446585855
3229;18,601;9,66632854925213
3230;18,605;8,78703646624337
3231;18,609;7,96509358006564
3232;18,613;7,36701337712047
3233;18,617;6,72188161407166
3234;18,622;6,22313507697308
3235;18,626;5,5966604834145
3236;18,630;5,21198187242326
3237;18,634;4,90221214719503
3238;18,638;4,56745722627901
3239;18,642;4,25098586445041
3240;18,646;3,90280431968348
3241;18,650;3,70427709189135
3242;18,654;3,41197365299439
3243;18,659;3,19955278834784
3244;18,663;3,01064602842802
3245;18,667;2,78325739701896
3246;18,671;2,64294334011436
3247;18,675;2,48859554245428
3248;18,679;2,34048236839107
3249;18,683;2,28455756122073
3250;18,687;2,12252739965292
3251;18,692;2,01364331788454
3252;18,696;1,90877554794636
3253;18,700;1,80234328444641
3254;18,704;1,77672762120388
3255;18,708;1,66216933144286
3256;18,712;1,63055255110523
3257;18,716;1,55001615864992
3258;18,720;1,50473924795962
3259;18,725;1,45089264865491
3260;18,729;1,33771204725424
3261;18,733;1,35492147643359
3262;18,737;1,28094661667759
3263;18,741;1,19237760056191
3264;18,745;1,15926637861305
3265;18,749;1,16400656059867
3266;18,753;1,06609728441279
3267;18,758;1,03373328326954
3268;18,762;1,01764468529862
3269;18,766;1,03298606246392
3270;18,770;0,903133096837948
3271;18,774;0,916909980441496
3272;18,778;0,94518761780403
3273;18,782;0,937995617549975
3274;18,786;1,00933185383614
3275;18,791;1,15658105384286
3276;18,795;1,45070584345351
3277;18,799;2,05231199457518
3278;18,803;2,84382898357422
3279;18,807;4,20232310948466
3280;18,811;5,81944903673898
3281;18,815;8,32751902143963
3282;18,819;10,952365607668
3283;18,823;14,147948785486
3284;18,828;17,4793159940745
3285;18,832;20,4066469026764
3286;18,836;23,3073814207283
3287;18,840;24,9480915046599
3288;18,844;25,664185893592
3289;18,848;25,2925135947485
3290;18,852;24,4574709938224
3291;18,856;22,5842117847929
3292;18,861;20,4385205401659
3293;18,865;18,0812023529983
3294;18,869;15,7067214379517
3295;18,873;13,5323555949092
3296;18,877;11,5052623025236
3297;18,881;9,84029089305963
3298;18,885;8,42953801205641
3299;18,889;7,12524074520331
3300;18,894;6,0640237466772
3301;18,898;5,47406956999311
3302;18,902;4,75788177846024
3303;18,906;4,17285458896318
3304;18,910;3,7693320032803
3305;18,914;3,31453138981202
3306;18,918;2,97797846883249
3307;18,922;2,71948677138966
3308;18,927;2,41690904641549
3309;18,931;2,21614015620651
3310;18,935;2,09172789207143
3311;18,939;1,91480001569164
3312;18,943;1,78758567353549
3313;18,947;1,71725351520688
3314;18,951;1,5943590433332
3315;18,955;1,44748345372929
3316;18,960;1,36075913897747
3317;18,964;1,32484583900754
3318;18,968;1,2337549526729
3319;18,972;1,23893879701186
3320;18,976;1,21458406887881
3321;18,980;1,28344513624637
3322;18,984;1,38296560729437
3323;18,988;1,61782644675958
3324;18,992;2,17803189512009
3325;18,997;3,06383880952781
3326;19,001;4,43928550746567
3327;19,005;6,38518858919108
3328;19,009;9,19810131193293
3329;19,013;12,8234999075314
3330;19,017;16,9963077951943
3331;19,021;21,9776085945337
3332;19,025;26,6300388368014
3333;19,030;31,0437086810245
3334;19,034;34,5953192220684
3335;19,038;36,7873148059935
3336;19,042;37,1064014406417
3337;19,046;36,4318478583718
3338;19,050;34,5068669592036
3339;19,054;31,5236345940816
3340;19,058;27,8226032425647
3341;19,063;24,3018389104026
3342;19,067;20,7158795629506
3343;19,071;17,7110244957661
3344;19,075;15,2360423823641
3345;19,079;12,8743109223133
3346;19,083;10,959417504021
3347;19,087;9,4504517883796
3348;19,091;8,25709346051032
3349;19,096;7,07573736683124
3350;19,100;6,33391056140567
3351;19,104;5,57898404123164
3352;19,108;5,01249726797393
3353;19,112;4,42287000039229
3354;19,116;4,08514954690398
3355;19,120;3,80547880975198
3356;19,124;3,49837105864376
3357;19,129;3,06155044581061
3358;19,133;2,82617589204154
3359;19,137;2,68397043247272
3360;19,141;2,52364486836772
3361;19,145;2,2702903139635
3362;19,149;2,21340813013598
3363;19,153;2,02905474700038
3364;19,157;1,92010061328148
3365;19,161;1,81948266167523
3366;19,166;1,69717195605594
3367;19,170;1,61425379728273
3368;19,174;1,56731899042997
3369;19,178;1,48057132502797
3370;19,182;1,3970460493502
3371;19,186;1,33161752755844
3372;19,190;1,28426240900252
3373;19,194;1,2126926662146
3374;19,199;1,14817481977968
3375;19,203;1,09867144140761
3376;19,207;1,06677445326788
3377;19,211;1,01302125656387
3378;19,215;0,955041592178093
3379;19,219;0,990394476543805
3380;19,223;0,884709433849476
3381;19,227;0,857692731596419
3382;19,232;0,842304653130762
3383;19,236;0,814120418368929
3384;19,240;0,749836078435768
3385;19,244;0,776782728738299
3386;19,248;0,739258233906265
3387;19,252;0,744932441898912
3388;19,256;0,741453195022762
3389;19,260;0,68246945267944
3390;19,265;0,657834516744284
3391;19,269;0,639761113508445
3392;19,273;0,634320412017552
3393;19,277;0,596515709383412
3394;19,281;0,621103944018217
3395;19,285;0,612557606053983
3396;19,289;0,641956074624942
3397;19,293;0,54796970766854
3398;19,298;0,510725420638612
3399;19,302;0,552779941604694
3400;19,306;0,538442642396935
3401;19,310;0,530853681089896
3402;19,314;0,495407394123482
3403;19,318;0,489359575728027
3404;19,322;0,479599003954666
3405;19,326;0,471916640046926
3406;19,330;0,417276118636247
3407;19,335;0,429581911278738
3408;19,339;0,459330639602329
3409;19,343;0,433668275059451
3410;19,347;0,386126351302126
3411;19,351;0,408075962467099
3412;19,355;0,371135233889452
3413;19,359;0,45008378213283
3414;19,363;0,397638221838649
3415;19,368;0,389045182574064
3416;19,372;0,395256455520748
3417;19,376;0,37358705215788
3418;19,380;0,350656713685536
3419;19,384;0,38449180578984
3420;19,388;0,338350921043046
3421;19,392;0,339168193799188
3422;19,396;0,378187130242454
3423;19,401;0,395933624375837
3424;19,405;0,329337570075301
3425;19,409;0,344515492689378
3426;19,413;0,330575154534603
3427;19,417;0,33786055738936
3428;19,421;0,347107414858859
3429;19,425;0,35198770074554
3430;19,429;0,394369130814078
3431;19,434;0,469371419177796
3432;19,438;0,64882116577654
3433;19,442;0,927347721069946
3434;19,446;1,3937069063751
3435;19,450;2,25184330032485
3436;19,454;3,6454101027989
3437;19,458;5,95429904150251
3438;19,462;8,93015260116903
3439;19,467;12,9230203785794
3440;19,471;17,8002006287863
3441;19,475;23,346330305221
3442;19,479;28,9473807108685
3443;19,483;34,2227829491684
3444;19,487;38,6188230525091
3445;19,491;41,1073952443132
3446;19,495;42,0254494066133
3447;19,499;40,8272574941577
3448;19,504;38,0970060730371
3449;19,508;34,6801988354564
3450;19,512;30,3077895900933
3451;19,516;25,9887132297312
3452;19,520;22,3436533866849
3453;19,524;18,898615213042
3454;19,528;15,9792702268002
3455;19,532;13,8003977082738
3456;19,537;11,4963657048067
3457;19,541;10,0213051332201
3458;19,545;8,62446923972151
3459;19,549;7,52638156456828
3460;19,553;6,65175961159463
3461;19,557;5,92898693671227
3462;19,561;5,29256496617892
3463;19,565;4,72698886827805
3464;19,570;4,36122428392896
3465;19,574;4,04491637665159
3466;19,578;3,59952607520404
3467;19,582;3,39228905489644
3468;19,586;3,17024772237758
3469;19,590;2,83906545093842
3470;19,594;2,67801601667797
3471;19,598;2,45613813871033
3472;19,603;2,37950130483433
3473;19,607;2,16224685560145
3474;19,611;2,07318747583208
3475;19,615;1,9990024602245
3476;19,619;1,80061533633342
3477;19,623;1,76958232225018
3478;19,627;1,71594587879705
3479;19,631;1,60517039436446
3480;19,636;1,52865031373934
3481;19,640;1,46721475312759
3482;19,644;1,46679444142443
3483;19,648;1,31317051391979
3484;19,652;1,36248708709045
3485;19,656;1,27081243450143
3486;19,660;1,18243022358715
3487;19,664;1,16090092412533
3488;19,668;1,09941866221323
3489;19,673;1,04774367337484
3490;19,677;1,02121733477547
3491;19,681;0,960599046919863
3492;19,685;0,923658318342216
3493;19,689;0,912753564710256
3494;19,693;0,89855636940355
3495;19,697;0,838942159505489
3496;19,701;0,851481458649735
3497;19,706;0,823227171937375
3498;19,710;0,791236781196936
3499;19,714;0,741266389821358
3500;19,718;0,797191196991689
3501;19,722;0,714950207073566
3502;19,726;0,732439844055018
3503;19,730;0,667128075514135
3504;19,734;0,641138801868799
3505;19,739;0,669182932729579
3506;19,743;0,622715138880327
3507;19,747;0,620566879064181
3508;19,751;0,601582800471496
3509;19,755;0,618862281601369
3510;19,759;0,548483421972401
3511;19,763;0,568751786324738
3512;19,767;0,51525544677266
3513;19,772;0,529429291429191
3514;19,776;0,57533666967423
3515;19,780;0,581314436119159
3516;19,784;0,628319294922448
3517;19,788;0,687022829463664
3518;19,792;0,838335042600926
3519;19,796;1,25498069368244
3520;19,800;1,80745707683485
3521;19,805;2,88889573841294
3522;19,809;4,45049381954991
3523;19,813;6,66336488473185
3524;19,817;9,59879846894457
3525;19,821;13,0518692662479
3526;19,825;17,1456118524164
3527;19,829;21,5401575141458
3528;19,833;25,557613526191
3529;19,838;28,9291672037316
3530;19,842;30,8920462081346
3531;19,846;31,7116540292948
3532;19,850;31,5261564643006
3533;19,854;30,3193948632306
3534;19,858;27,5762772338633
3535;19,862;24,9684065703125
3536;19,866;21,7436584304253
3537;19,870;18,6971925046281
3538;19,875;16,1766999740341
3539;19,879;13,7753424606355
3540;19,883;11,8469290158915
3541;19,887;10,1946837107732
3542;19,891;8,79065581702057
3543;19,895;7,65502029638513
3544;19,899;6,48928578767347
3545;19,903;5,89613257191533
3546;19,908;5,09167932271906
3547;19,912;4,53002613404768
3548;19,916;4,11524853498021
3549;19,920;3,60888968592442
3550;19,924;3,40384762673332
3551;19,928;3,07173132928713
3552;19,932;2,80415622892604
3553;19,936;2,62188105365606
3554;19,941;2,38956543505997
3555;19,945;2,26718467749016
3556;19,949;2,10361337301076
3557;19,953;1,95388900408543
3558;19,957;1,76633658187579
3559;19,961;1,70237915104508
3560;19,965;1,61887722601748
3561;19,969;1,46371215560126
3562;19,974;1,43496750523522
3563;19,978;1,36841815223503
3564;19,982;1,3389963330139
3565;19,986;1,2360433163901
3566;19,990;1,18551250941031
3567;19,994;1,14973931334144
3568;19,998;1,13619593623965
3569;20,002;1,0469264006187
3570;20,007;0,981894839879922
3571;20,011;0,960085332616001
3572;20,015;0,95978177416372
3573;20,019;0,878731667404547
3574;20,023;0,859070419956773
3575;20,027;0,849613406635694
3576;20,031;0,833618211265475
3577;20,035;0,743227844436101
3578;20,039;0,812579275457346
3579;20,044;0,75849916965088
3580;20,048;0,73300025965923
3581;20,052;0,709696310784077
3582;20,056;0,684407556644007
3583;20,060;0,676538387534863
3584;20,064;0,626451242908408
3585;20,068;0,627291866314726
3586;20,072;0,683520231937338
3587;20,077;0,614192151566268
3588;20,081;0,594017189814633
3589;20,085;0,584186566090746
3590;20,089;0,559341474304011
3591;20,093;0,566089812204731
3592;20,097;0,579563137355997
3593;20,101;0,563661344586479
3594;20,105;0,54677882450959
3595;20,110;0,498513030596824
3596;20,114;0,487748380865917
3597;20,118;0,455314327772143
3598;20,122;0,484619393742399
3599;20,126;0,472056743947979
3600;20,130;0,496691679883135
3601;20,134;0,472336951750085
3602;20,138;0,475722796025533
3603;20,143;0,426756482607502
3604;20,147;0,450877704238797
3605;20,151;0,429908820381195
3606;20,155;0,470398847785518
3607;20,159;0,414847651017995
3608;20,163;0,441420690917718
3609;20,167;0,411461806742547
3610;20,171;0,432313937349272
3611;20,176;0,449243158726512
3612;20,180;0,419214222600814
3613;20,184;0,429325054126807
3614;20,188;0,389932507280733
3615;20,192;0,418817261547831
3616;20,196;0,418070040742214
3617;20,200;0,452558951051433
3618;20,204;0,427223495611012
3619;20,208;0,44546035339808
3620;20,213;0,416038534176946
3621;20,217;0,438011495992094
3622;20,221;0,438875470048588
3623;20,225;0,413843573060448
3624;20,229;0,4174162225373
3625;20,233;0,404993676643932
3626;20,237;0,421969599321524
3627;20,241;0,429371755427158
3628;20,246;0,396307234778645
3629;20,250;0,384538507090191
3630;20,254;0,373003285903493
3631;20,258;0,366605207755405
3632;20,262;0,348344999318161
3633;20,266;0,391426948891965
3634;20,270;0,357288298335379
3635;20,274;0,387153779909848
3636;20,279;0,34066263541042
3637;20,283;0,299682244352412
3638;20,287;0,363102610229079
3639;20,291;0,280908321611307
3640;20,295;0,33115892078899
3641;20,299;0,31002658238016
3642;20,303;0,319250089199484
3643;20,307;0,288894243971329
3644;20,312;0,345356116095697
3645;20,316;0,288310477716942
3646;20,320;0,30166704961733
3647;20,324;0,338958037947609
3648;20,328;0,31117076423876
3649;20,332;0,329384271375652
3650;20,336;0,341876869219547
3651;20,340;0,314019543560171
3652;20,345;0,344959155042713
3653;20,349;0,455150873220914
3654;20,353;0,597052774337449
3655;20,357;0,816782392488936
3656;20,361;1,24603739466522
3657;20,365;1,93483487354222
3658;20,369;3,11663462957463
3659;20,373;4,83587295004642
3660;20,377;7,43234849631153
3661;20,382;10,8422906427407
3662;20,386;14,9592671258339
3663;20,390;20,0251673307592
3664;20,394;25,8399228868129
3665;20,398;31,8737542428131
3666;20,402;38,2612078450712
3667;20,406;44,7045162025491
3668;20,410;51,1828738859405
3669;20,415;57,8118899642642
3670;20,419;64,6848502849713
3671;20,423;72,2747923193173
3672;20,427;80,0759876858011
3673;20,431;86,6380808007218
3674;20,435;92,1102356174005
3675;20,439;95,5788579477207
3676;20,443;96,0822746148544
3677;20,448;94,028211321516
3678;20,452;88,439069747458
3679;20,456;80,1081415310928
3680;20,460;70,7409114599387
3681;20,464;60,4320897711076
3682;20,468;51,7558287892968
3683;20,472;43,5094766278672
3684;20,476;36,7393992718333
3685;20,481;31,3754513680679
3686;20,485;26,8174278044598
3687;20,489;23,0515049961051
3688;20,493;20,0025639013893
3689;20,497;17,6232961030567
3690;20,501;15,5580945495846
3691;20,505;13,9095853484944
3692;20,509;12,4911501035835
3693;20,514;11,3116620619185
3694;20,518;10,307210493969
3695;20,522;9,37995617549975
3696;20,526;8,65596926680827
3697;20,530;7,98178929494113
3698;20,534;7,30415342684802
3699;20,538;6,74177636802119
3700;20,542;6,26313474072372
3701;20,546;5,95742802862603
3702;20,551;5,42809213979754
3703;20,555;5,22568870407628
3704;20,559;4,94667178512919
3705;20,563;4,56330081054777
3706;20,567;4,34693368602155
3707;20,571;4,10744941782159
3708;20,575;3,94903860703097
3709;20,579;3,85745735704265
3710;20,584;3,48921760377496
3711;20,588;3,41297773095194
3712;20,592;3,18430481378324
3713;20,596;3,03880691253967
3714;20,600;2,89613443996735
3715;20,604;2,74493898008096
3716;20,608;2,75196752578379
3717;20,612;2,61403523519709
3718;20,617;2,50951772501154
3719;20,621;2,43661699516361
3720;20,625;2,29492524989866
3721;20,629;2,17350186898604
3722;20,633;2,11610597085465
3723;20,637;2,03939908502812
3724;20,641;1,90821513234215
3725;20,645;1,95423926383806
3726;20,650;1,85175326021778
3727;20,654;1,71013156690335
3728;20,658;1,70354668355386
3729;20,662;1,68955964409873
3730;20,666;1,64028977222842
3731;20,670;1,54840496378781
3732;20,674;1,51027335205121
3733;20,678;1,45922883076756
3734;20,683;1,45983594767213
3735;20,687;1,37175729521013
3736;20,691;1,35487477513324
3737;20,695;1,3553884894371
3738;20,699;1,41596007599236
3739;20,703;1,51548054704035
3740;20,707;1,56589460076926
3741;20,711;1,97854729067076
3742;20,715;2,47640650306267
3743;20,720;3,42640435480286
3744;20,724;4,87206645781845
3745;20,728;6,77780642124199
3746;20,732;9,40676272190123
3747;20,736;12,6975465004848
3748;20,740;16,2543408858676
3749;20,744;19,8953844170837
3750;20,748;23,7331338253782
3751;20,753;26,5988423681669
3752;20,757;28,6622459215754
3753;20,761;29,6259039036683
3754;20,765;29,1988905639089
3755;20,769;28,1599967869505
3756;20,773;26,9591662510251
3757;20,777;24,8534746701487
3758;20,781;23,1141080892256
3759;20,786;21,6859122725413
3760;20,790;21,1500382016637
3761;20,794;21,1319414477777
3762;20,798;22,2353764218211
3763;20,802;23,456895633802
3764;20,806;25,385309078546
3765;20,810;27,4303590209166
3766;20,814;29,0765098063391
3767;20,819;30,030197060807
3768;20,823;30,2743981603424
3769;20,827;30,096723063157
3770;20,831;28,8853380333522
3771;20,835;26,9274560680868
3772;20,839;24,8437140983754
3773;20,843;22,1753185495697
3774;20,847;19,4409340633681
3775;20,852;17,0315672769593
3776;20,856;14,8677792784462
3777;20,860;13,1576710621931
3778;20,864;11,7210456607954
3779;20,868;10,5029823450404
3780;20,872;9,70616475845154
3781;20,876;9,44944771042205
3782;20,880;9,71667255103051
3783;20,884;10,7883039395349
3784;20,889;12,5678803400602
3785;20,893;15,1694463280636
3786;20,897;18,6355701388149
3787;20,901;22,9829007858895
3788;20,905;27,4900666334153
3789;20,909;32,2188768524071
3790;20,913;36,3361568939526
3791;20,917;39,6178339189676
3792;20,922;41,4186827618028
3793;20,926;41,5010171543216
3794;20,930;40,0427690508615
3795;20,934;37,3742100475046
3796;20,938;33,8863234307896
3797;20,942;30,4787864013286
3798;20,946;26,6356429928435
3799;20,950;23,3216019666852
3800;20,955;20,3698462779998
3801;20,959;17,4959883582999
3802;20,963;15,0717939090296
3803;20,967;13,3680370696242
3804;20,971;11,8497777952129
3805;20,975;10,3667780025667
3806;20,979;9,22098494910492
3807;20,983;8,37508429584713
3808;20,988;7,49464803097977
3809;20,992;6,93862234900069
3810;20,996;6,44956633172494
3811;21,000;5,80343049071858
3812;21,004;5,37870551467635
3813;21,008;4,99657212455424
3814;21,012;4,73238286846859
3815;21,016;4,3594729851658
3816;21,021;4,1704494719951
3817;21,025;3,93565868448041
3818;21,029;3,65267215500348
3819;21,033;3,45040882318327
3820;21,037;3,22281003592264
3821;21,041;2,97751145582898
3822;21,045;2,96592953334193
3823;21,049;2,81681228132116
3824;21,053;2,62774206685011
3825;21,058;2,59386027344545
3826;21,062;2,45791278812367
3827;21,066;2,31834595202469
3828;21,070;2,18454672651905
3829;21,074;2,16654337523374
3830;21,078;2,01401692828735
3831;21,082;1,9071176517839
3832;21,086;1,96327596545598
3833;21,091;1,82445635016261
3834;21,095;1,8064529988773
3835;21,099;1,76955897160001
3836;21,103;1,69448663128576
3837;21,107;1,64633759062387
3838;21,111;1,57089163990682
3839;21,115;1,51249166381789
3840;21,119;1,51284192357052
3841;21,124;1,38289555534384
3842;21,128;1,44358389514998
3843;21,132;1,42574399841589
3844;21,136;1,40232329628986
3845;21,140;1,33528357963599
3846;21,144;1,31342737107172
3847;21,148;1,30868718908609
3848;21,152;1,23707074499782
3849;21,157;1,21234240646197
3850;21,161;1,23952256326625
3851;21,165;1,20972713364231
3852;21,169;1,17124526215308
3853;21,173;1,14903879383618
3854;21,177;1,1071710780715
3855;21,181;1,04643603696501
3856;21,185;1,07072071314754
3857;21,190;1,00776736027438
3858;21,194;1,04898125783414
3859;21,198;1,03279925726252
3860;21,202;1,00120582757506
3861;21,206;0,942782500835953
3862;21,210;0,963354423640572
3863;21,214;0,957983774100206
3864;21,218;0,872240186655757
3865;21,222;0,898276161601444
3866;21,227;0,8997472525625
3867;21,231;0,908293590526735
3868;21,235;0,899303590209166
3869;21,239;0,923051201437653
3870;21,243;0,891224265248442
3871;21,247;0,925129409303273
3872;21,251;0,939513409811383
3873;21,255;0,929005617232406
3874;21,260;0,972134268106561
3875;21,264;0,927301019769595
3876;21,268;1,00522213940525
3877;21,272;1,06726481692156
3878;21,276;1,20160110738123
3879;21,280;1,41318134862147
3880;21,284;1,81735775250926
3881;21,288;2,54879351860673
3882;21,293;3,66252612937755
3883;21,297;5,34090081204221
3884;21,301;8,05795911581362
3885;21,305;11,3917314413703
3886;21,309;15,629991201475
3887;21,313;20,6885126009449
3888;21,317;26,1113975457533
3889;21,321;31,9331816475098
3890;21,326;36,7514248566737
3891;21,330;40,3509042305774
3892;21,334;42,6539555067371
3893;21,338;42,6462964934796
3894;21,342;40,9276652899123
3895;21,346;37,7337400082568
3896;21,350;33,880649222797
3897;21,354;30,0012656052395
3898;21,359;25,905398109905
3899;21,363;22,1653244712946
3900;21,367;19,1691791966256
3901;21,371;16,5352725581291
3902;21,375;14,3296401945016
3903;21,379;12,5619726255658
3904;21,383;10,9242047235563
3905;21,387;9,75344982505693
3906;21,391;8,67838589097675
3907;21,396;7,74223497479064
3908;21,400;7,08017399036459
3909;21,404;6,52207010051988
3910;21,408;6,01447366700478
3911;21,412;5,42300169805928
3912;21,416;5,0390236065733
3913;21,420;4,7364692322493
3914;21,424;4,24797363057777
3915;21,429;4,20229975883449
3916;21,433;3,80048177061442
3917;21,437;3,66392716838808
3918;21,441;3,48653227900478
3919;21,445;3,23163658168898
3920;21,449;3,09389109630369
3921;21,453;3,01575982081645
3922;21,457;2,95133537698224
3923;21,462;2,76658503279365
3924;21,466;2,76833633155682
3925;21,470;2,69674323811872
3926;21,474;2,57660414296576
3927;21,478;2,40714847464213
3928;21,482;2,40684491618985
3929;21,486;2,26788519699543
3930;21,490;2,20019166213664
3931;21,495;2,18994072670959
3932;21,499;2,03461220174215
3933;21,503;1,99493944709396
3934;21,507;1,88631222247752
3935;21,511;1,844864818416
3936;21,515;1,79977471292711
3937;21,519;1,72708413893076
3938;21,523;1,74548445126906
3939;21,528;1,61210553746659
3940;21,532;1,63085610955751
3941;21,536;1,60409626445639
3942;21,540;1,52136491088458
3943;21,544;1,49845792306241
3944;21,548;1,43363651817521
3945;21,552;1,39692929609932
3946;21,556;1,43099789470538
3947;21,560;1,28080651277654
3948;21,565;1,35569204788938
3949;21,569;1,30011750047168
3950;21,573;1,25024051169681
3951;21,577;1,25974422631824
3952;21,581;1,26548848626141
3953;21,585;1,17836721045661
3954;21,589;1,17586869088783
3955;21,593;1,13647614404175
3956;21,598;1,13493500113017
3957;21,602;1,0803878823202
3958;21,606;1,08954133718899
3959;21,610;1,06581707661068
3960;21,614;1,06506985580507
3961;21,618;1,10187048048166
3962;21,622;1,10920258463677
3963;21,626;1,26235949913789
3964;21,631;1,5360291191948
3965;21,635;1,88073141708558
3966;21,639;2,61597333916166
3967;21,643;3,70100800086678
3968;21,647;5,52537094842869
3969;21,651;7,87232144691837
3970;21,655;11,1394977181745
3971;21,659;15,0778183767749
3972;21,664;19,4746757528717
3973;21,668;23,7968577497072
3974;21,672;27,7476476555013
3975;21,676;30,9377200798779
3976;21,680;32,9217781239901
3977;21,684;33,7574978937714
3978;21,688;33,201962575446
3979;21,692;31,6258870912002
3980;21,697;29,1035265085921
3981;21,701;26,2150744325325
3982;21,705;23,4021150084903
3983;21,709;20,7669240842342
3984;21,713;18,6570060356761
3985;21,717;17,3298718329513
3986;21,721;16,4357987883815
3987;21,725;16,4275093075692
3988;21,729;17,0351632770863
3989;21,734;18,3120702312835
3990;21,738;20,3119366655645
3991;21,742;22,1912903942897
3992;21,746;24,4082945245527
3993;21,750;26,0284326856797
3994;21,754;27,3055731463787
3995;21,758;27,8355862040623
3996;21,762;27,3851521621768
3997;21,767;26,3659663339666
3998;21,771;24,7192784835901
3999;21,775;22,4405585849132
4000;21,779;20,039247772815
4001;21,783;17,9454416728779
4002;21,787;15,7693245310722
4003;21,791;13,9038877898516
4004;21,795;11,9891578261105
4005;21,800;10,6805873902753
4006;21,804;9,57717576688205
4007;21,808;8,3202102679347
4008;21,812;7,48717582292361
4009;21,816;6,70791792526671
4010;21,820;6,09402933215272
4011;21,824;5,49784053187177
4012;21,828;5,10064597238646
4013;21,833;4,78148928578767
4014;21,837;4,35958973841668
4015;21,841;4,08820848207698
4016;21,845;3,7008912476159
4017;21,849;3,40569232809718
4018;21,853;3,30736274020814
4019;21,857;3,13919135764416
4020;21,861;2,930016233372
4021;21,866;2,84849911360932
4022;21,870;2,75717472077293
4023;21,874;2,52028237474244
4024;21,878;2,33999200473738
4025;21,882;2,36124109639709
4026;21,886;2,1682012713962
4027;21,890;2,19706267501312
4028;21,894;2,07124937186751
4029;21,898;1,98277375835253
4030;21,903;1,91304871692847
4031;21,907;1,8537380654827
4032;21,911;1,76736401048351
4033;21,915;1,70298626794964
4034;21,919;1,65768600660917
4035;21,923;1,60148099163673
4036;21,927;1,6094202126964
4037;21,931;1,47496716898585
4038;21,936;1,59370522512829
4039;21,940;1,46210096073915
4040;21,944;1,4585283112623
4041;21,948;1,36722726907608
4042;21,952;1,3680678924824
4043;21,956;1,3227909817921
4044;21,960;1,33596074849108
4045;21,964;1,28489287655725
4046;21,969;1,24741508302557
4047;21,973;1,263970694
4048;21,977;1,27921866856461
4049;21,981;1,15978009291691
4050;21,985;1,1839013145482
4051;21,989;1,16888684648535
4052;21,993;1,14520928720739
4053;21,997;1,19616040589034
4054;22,002;1,13701320899579
4055;22,006;1,13745687134913
4056;22,010;1,14343463779405
4057;22,014;1,14670372881863
4058;22,018;1,10467255850272
4059;22,022;1,09519219453146
4060;22,026;0,990254372642752
4061;22,030;0,985654294558178
4062;22,035;1,02068026982143
4063;22,039;1,0630383492398
4064;22,043;0,951445592051065
4065;22,047;0,999010866458566
4066;22,051;0,912099746505342
4067;22,055;0,905164603403217
4068;22,059;0,911235772448848
4069;22,063;0,872800602259969
4070;22,067;0,853069302861669
4071;22,072;0,869461459284872
4072;22,076;0,84382244539217
4073;22,080;0,812135613104011
4074;22,084;0,81136504164822
4075;22,088;0,810360963690673
4076;22,092;0,857716082246594
4077;22,096;0,834038522968634
4078;22,100;0,842981821985851
4079;22,105;0,792194157854131
4080;22,109;0,855684575681325
4081;22,113;0,815661561280512
4082;22,117;0,830465873491782
4083;22,121;0,797728261945726
4084;22,125;0,835136003526882
4085;22,129;0,774611118271977
4086;22,133;0,744348675644525
4087;22,138;0,800857249069243
4088;22,142;0,818090028898765
4089;22,146;0,871282809998562
4090;22,150;0,933862552468911
4091;22,154;1,11606767578836
4092;22,158;1,31513196853453
4093;22,162;1,81334144067907
4094;22,166;2,49366263354237
4095;22,171;3,69199464989903
4096;22,175;5,43614811410809
4097;22,179;7,94622625472384
4098;22,183;11,5742634737922
4099;22,187;16,3961026830831
4100;22,191;22,0287698690682
4101;22,195;29,6359680338939
4102;22,199;37,4661182065953
4103;22,204;46,5563395147175
4104;22,208;56,3746807966121
4105;22,212;65,6111472267834
4106;22,216;73,6856386029213
4107;22,220;80,3047073042702
4108;22,224;83,3914531016202
4109;22,228;83,25172281097
4110;22,232;79,343267633944
4111;22,236;71,4571926540723
4112;22,241;63,6334639101691
4113;22,245;54,9676173183366
4114;22,249;47,0265282066514
4115;22,253;39,5965614766578
4116;22,257;33,9638942906726
4117;22,261;28,9014966832737
4118;22,265;25,0909741330838
4119;22,269;22,0156234530194
4120;22,274;19,4458143492547
4121;22,278;17,1147889941848
4122;22,282;15,4134372717474
4123;22,286;13,8372216836006
4124;22,290;12,4977583375832
4125;22,294;11,3526191023263
4126;22,298;10,5423515412363
4127;22,302;9,73990644795514
4128;22,307;8,86311288451516
4129;22,311;8,34778738579197
4130;22,315;7,86127658938536
4131;22,319;7,284725685902
4132;22,323;6,85785245004362
4133;22,327;6,35707440637977
4134;22,331;6,06495777268422
4135;22,335;5,65973058953854
4136;22,340;5,47276193358328
4137;22,344;5,08474417961694
4138;22,348;4,75232432371847
4139;22,352;4,67853626916388
4140;22,356;4,43186000070986
4141;22,360;4,29133578795368
4142;22,364;4,14656175686556
4143;22,368;3,89397777391714
4144;22,373;3,8112697709955
4145;22,377;3,56267874922709
4146;22,381;3,50988292918028
4147;22,385;3,32823822146504
4148;22,389;3,19675071032678
4149;22,393;3,09877138219037
4150;22,397;3,0782461606861
4151;22,401;2,955561844664
4152;22,405;2,89116075147996
4153;22,410;2,78984228036845
4154;22,414;2,70472916047874
4155;22,418;2,64558196358419
4156;22,422;2,62897965130941
4157;22,426;2,44995021641383
4158;22,430;2,44357548891591
4159;22,434;2,36005021323814
4160;22,438;2,32315618596084
4161;22,443;2,21072280536579
4162;22,447;2,21770464976827
4163;22,451;2,10636874973147
4164;22,455;2,06237612480082
4165;22,459;2,04554030602428
4166;22,463;1,88771326148805
4167;22,467;1,96654505648055
4168;22,471;1,91638785990357
4169;22,476;1,85439188368761
4170;22,480;1,83545450639528
4171;22,484;1,86571694902273
4172;22,488;1,76421167270982
4173;22,492;1,84355718200618
4174;22,496;1,71157930721423
4175;22,500;1,74205190569326
4176;22,504;1,6522219544681
4177;22,509;1,6778609683608
4178;22,513;1,67545585139273
4179;22,517;1,71496515148968
4180;22,521;1,61205883616623
4181;22,525;1,64902291539406
4182;22,529;1,64582387632001
4183;22,533;1,5769161076521
4184;22,537;1,49159283191081
4185;22,542;1,54726078192921
4186;22,546;1,46069992172862
4187;22,550;1,45873846711388
4188;22,554;1,44036150542576
4189;22,558;1,43232888176538
4190;22,562;1,3763573732947
4191;22,566;1,37096337310416
4192;22,570;1,38361942549928
4193;22,574;1,33173428080931
4194;22,579;1,29411638337658
4195;22,583;1,27711711004881
4196;22,587;1,2674032395758
4197;22,591;1,18467188600399
4198;22,595;1,24566378426241
4199;22,599;1,21096471810161
4200;22,603;1,24449625175363
4201;22,607;1,24942323894067
4202;22,612;1,22607258876516
4203;22,616;1,28540659086112
4204;22,620;1,45005202524859
4205;22,624;1,67174309801482
4206;22,628;2,08871565819879
4207;22,632;2,72775290155179
4208;22,636;3,75838054834799
4209;22,640;5,32338782441058
4210;22,645;7,47557054978639
4211;22,649;10,4731402141161
4212;22,653;14,2256597492701
4213;22,657;18,6409641390055
4214;22,661;23,2932309267219
4215;22,665;28,3300128708784
4216;22,669;32,7242082728552
4217;22,673;36,0596851958746
4218;22,678;38,2188497656529
4219;22,682;38,9044949067562
4220;22,686;37,772618840799
4221;22,690;35,9905906220053
4222;22,694;32,9281295008378
4223;22,698;29,5585139272618
4224;22,702;25,7319261297512
4225;22,706;22,5443522249434
4226;22,711;19,7300151125408
4227;22,715;17,3120552868674
4228;22,719;15,0800600391917
4229;22,723;13,3062512492598
4230;22,727;11,9474068635967
4231;22,731;10,644627389005
4232;22,735;9,50261714087167
4233;22,739;8,64553152617982
4234;22,743;7,94218659224348
4235;22,748;7,30823979062873
4236;22,752;6,65346420905744
4237;22,756;6,24076481785559
4238;22,760;5,83194163458287
4239;22,764;5,35035782536329
4240;22,768;5,063331633406
4241;22,772;4,82410422235797
4242;22,776;4,54553096576421
4243;22,781;4,29212971005965
4244;22,785;4,02894453193155
4245;22,789;3,89549556617854
4246;22,793;3,65281225890454
4247;22,797;3,55443596971514
4248;22,801;3,42799219901479
4249;22,805;3,25241866034518
4250;22,809;3,15959982589755
4251;22,814;2,99147514463393
4252;22,818;2,90811332350738
4253;22,822;2,81113807332851
4254;22,826;2,75136040887923
4255;22,830;2,61924243018623
4256;22,834;2,53903294683337
4257;22,838;2,45300915158682
4258;22,842;2,43362811194115
4259;22,847;2,4152745009032
4260;22,851;2,22414942921671
4261;22,855;2,26372878126419
4262;22,859;2,14508412772245
4263;22,863;2,09200809987353
4264;22,867;2,06636908598083
4265;22,871;1,96390643301072
4266;22,875;1,99384196653572
4267;22,880;1,93831412041837
4268;22,884;1,88463097566489
4269;22,888;1,8424830520981
4270;22,892;1,81852528501804
4271;22,896;1,75008452935364
4272;22,900;1,68612709852293
4273;22,904;1,67655333195097
4274;22,908;1,62550881066732
4275;22,912;1,67825792941379
4276;22,917;1,65999772097654
4277;22,921;1,51814252116036
4278;22,925;1,54137641808499
4279;22,929;1,49406800082942
4280;22,933;1,46898940254092
4281;22,937;1,4538581812272
4282;22,941;1,43875031056365
4283;22,945;1,47889007821534
4284;22,950;1,39249267256597
4285;22,954;1,4029537638446
4286;22,958;1,3172568777005
4287;22,962;1,4086746731376
4288;22,966;1,38471690605753
4289;22,970;1,34504415140935
4290;22,974;1,36283734684309
4291;22,978;1,39515464668598
4292;22,983;1,35879768436272
4293;22,987;1,37355529527364
4294;22,991;1,47660171449814
4295;22,995;1,41119654335655
4296;22,999;1,45390488252755
4297;23,003;1,45570288259106
4298;23,007;1,57707956220333
4299;23,011;1,65329608437617
4300;23,016;1,78326580325303
4301;23,020;1,84736333798478
4302;23,024;2,11283687983008
4303;23,028;2,26837556064911
4304;23,032;2,45938387908473
4305;23,036;2,70664391379314
4306;23,040;2,88723784225048
4307;23,044;2,84938643831599
4308;23,049;2,87567927041361
4309;23,053;2,92646693454533
4310;23,057;2,80151760545621
4311;23,061;2,68635219879062
4312;23,065;2,49396619199465
4313;23,069;2,38302725301083
4314;23,073;2,17700446651237
4315;23,077;2,11626942540588
4316;23,081;1,90786487258951
4317;23,086;1,80390777800817
4318;23,090;1,72755115193427
4319;23,094;1,63463891488595
4320;23,098;1,49392789692836
4321;23,102;1,49719698795293
4322;23,106;1,32844183913457
4323;23,110;1,27826129190741
4324;23,114;1,31242329311417
4325;23,119;1,29668495489588
4326;23,123;1,22306035489252
4327;23,127;1,25049736884874
4328;23,131;1,19725788644859
4329;23,135;1,13428118292526
4330;23,139;1,11249502631151
4331;23,143;1,17012443094466
4332;23,147;1,17563518438607
4333;23,152;1,12825671517998
4334;23,156;1,15398913167338
4335;23,160;1,129190741187
4336;23,164;1,12085455907434
4337;23,168;1,10555988320939
4338;23,172;1,09063881774724
4339;23,176;1,09126928530198
4340;23,180;1,093534298369
4341;23,185;1,0248133349025
4342;23,189;1,04494159535378
4343;23,193;1,08141531092792
4344;23,197;0,993897074070131
4345;23,201;1,02217471143267
4346;23,205;0,978368891703421
4347;23,209;1,00202310033121
4348;23,213;0,978859255357106
4349;23,218;0,986635021865549
4350;23,222;1,02495343880355
4351;23,226;0,989343697285907
4352;23,230;0,988036060876079
4353;23,234;0,975286605880254
4354;23,238;0,982081645081326
4355;23,242;1,00260686658559
4356;23,246;0,9588477481567
4357;23,250;0,99779663264944
4358;23,255;0,959291410510034
4359;23,259;1,01197047730597
4360;23,263;0,98065725542062
4361;23,267;0,990861489547315
4362;23,271;0,974095722721304
4363;23,275;0,994667645525922
4364;23,279;0,984206554247297
4365;23,283;1,02002645161652
4366;23,288;0,947966345174915
4367;23,292;0,9136642400671
4368;23,296;0,963774735343731
4369;23,300;0,947429280220879
4370;23,304;0,971316995350419
4371;23,308;0,971270294050068
4372;23,312;0,94633179966263
4373;23,316;0,9635178781918
4374;23,321;0,89253190165827
4375;23,325;0,890103434040017
4376;23,329;0,867383251419253
4377;23,333;0,87212343340488
4378;23,337;0,956676137690378
4379;23,341;0,898579720053725
4380;23,345;0,818346886050695
4381;23,349;0,894259849771257
4382;23,354;0,895123823827751
4383;23,358;0,861592290175728
4384;23,362;0,914528214123594
4385;23,366;0,878918472605951
4386;23,370;0,880856576570518
4387;23,374;0,89762234339653
4388;23,378;0,876840264740331
4389;23,382;0,896618265438983
4390;23,387;0,936291020087163
4391;23,391;0,929145721133459
4392;23,395;0,894283200421433
4393;23,399;0,962747306736009
4394;23,403;0,886250576761059
4395;23,407;0,866962939716094
4396;23,411;0,864931433150825
4397;23,415;0,925409617105379
4398;23,419;0,904907746251287
4399;23,424;0,856805406889749
4400;23,428;0,870885848945578
4401;23,432;0,889076005432295
4402;23,436;0,840156393314616
4403;23,440;0,922770993635547
4404;23,444;0,882911433785962
4405;23,448;0,886881044315798
4406;23,452;0,859770939462038
4407;23,457;0,893535979615816
4408;23,461;0,912146447805693
4409;23,465;0,850617484593241
4410;23,469;0,886203875460708
4411;23,473;0,90296964228672
4412;23,477;0,864931433150825
4413;23,481;0,932811773211013
4414;23,485;0,887161252117904
4415;23,490;0,859350627758879
4416;23,494;0,867103043617147
4417;23,498;0,913851045268504
4418;23,502;0,941801773528582
4419;23,506;0,85612823803466
4420;23,510;0,904720941049883
4421;23,514;0,960622397570038
4422;23,518;0,931200578348904
4423;23,523;0,995391515681363
4424;23,527;0,881860654528065
4425;23,531;0,897085278442493
4426;23,535;0,950348111492817
4427;23,539;0,845667146756034
4428;23,543;0,899420343460043
4429;23,547;0,896524862838281
4430;23,551;0,854446991222024
4431;23,556;0,840740159569003
4432;23,560;0,81904740555596
4433;23,564;0,854610445773252
4434;23,568;0,790186001939038
4435;23,572;0,883915511743509
4436;23,576;0,889893278188438
4437;23,580;0,865118238352229
4438;23,584;0,837751276346539
4439;23,588;0,839339120558473
4440;23,593;0,859981095313618
4441;23,597;0,835439561979164
4442;23,601;0,836747198388992
4443;23,605;0,830722730643712
4444;23,609;0,797728261945726
4445;23,613;0,857365822493962
4446;23,617;0,770127793438281
4447;23,621;0,862012601878887
4448;23,626;0,753502130513322
4449;23,630;0,843448834989362
4450;23,634;0,792567768256939
4451;23,638;0,864627874698543
4452;23,642;0,758172260548423
4453;23,646;0,808049249323298
4454;23,650;0,797331300892742
4455;23,654;0,746707091312251
4456;23,659;0,820448444566491
4457;23,663;0,797494755443971
4458;23,667;0,799969924362574
4459;23,671;0,802141534828896
4460;23,675;0,831213094297398
4461;23,679;0,796257170984669
4462;23,683;0,775731949480401
4463;23,687;0,831446600799153
4464;23,692;0,837237562042678
4465;23,696;0,82922828903248
4466;23,700;0,857389173144137
4467;23,704;0,823577431690008
4468;23,708;0,8162453275349
4469;23,712;0,838498497152155
4470;23,716;0,800833898419068
4471;23,720;0,791376885097989
4472;23,725;0,840716808918828
4473;23,729;0,776689326137597
4474;23,733;0,878638264803845
4475;23,737;0,807932496072421
4476;23,741;0,820448444566491
4477;23,745;0,809146729881547
4478;23,749;0,812182314404362
4479;23,753;0,822666756333163
4480;23,757;0,799222703556958
4481;23,762;0,778860936603919
4482;23,766;0,803028859535565
4483;23,770;0,794762729373437
4484;23,774;0,799432859408537
4485;23,778;0,797891716496954
4486;23,782;0,798872443804325
4487;23,786;0,766461741360727
4488;23,790;0,797471404793795
4489;23,795;0,84106706867146
4490;23,799;0,747290857566638
4491;23,803;0,79583685928151
4492;23,807;0,813279794962611
4493;23,811;0,835136003526882
4494;23,815;0,821148964071756
4495;23,819;0,814610782022615
4496;23,823;0,81115488579664
4497;23,828;0,85264899115851
4498;23,832;0,827406938318791
4499;23,836;0,788247897974471
4500;23,840;0,858486653702386
4501;23,844;0,887604914471239
4502;23,848;0,882280966231224
4503;23,852;0,869461459284872
4504;23,856;0,891761330202478
4505;23,861;0,825585587605101
4506;23,865;0,842421406381639
4507;23,869;0,82922828903248
4508;23,873;0,858183095250104
4509;23,877;0,882140862330171
4510;23,881;0,904277278696548
4511;23,885;0,872660498358916
4512;23,889;0,897995953799338
4513;23,894;0,981521229477114
4514;23,898;1,14978601464179
4515;23,902;1,50777483248244
4516;23,906;1,89408798898597
4517;23,910;2,58024684439314
4518;23,914;3,52685885185787
4519;23,918;4,83624656044923
4520;23,922;6,22724479140397
4521;23,926;8,31873917697364
4522;23,931;10,5320072032086
4523;23,935;12,8199506087047
4524;23,939;14,8947259287488
4525;23,943;16,6791359138604
4526;23,947;18,1763095511631
4527;23,951;18,9141433954087
4528;23,955;19,1178544675398
4529;23,959;18,4132952997943
4530;23,964;17,7512343153683
4531;23,968;16,5854297547061
4532;23,972;15,146492638941
4533;23,976;13,6887115484844
4534;23,980;12,3580980988835
4535;23,984;10,9869479205779
4536;23,988;9,76904805937417
4537;23,992;8,59042399176563
4538;23,997;7,86064612183062
4539;24,001;6,92792775122031
4540;24,005;6,27747203993148
4541;24,009;5,63128949762477
4542;24,013;5,07092059471304
4543;24,017;4,79641035124982
4544;24,021;4,26985318979222
4545;24,025;3,99247081635741
4546;24,030;3,70941423492996
4547;24,034;3,38381276888274
4548;24,038;3,27957546649929
4549;24,042;3,09475507036018
4550;24,046;2,87049542607464
4551;24,050;2,71824918693036
4552;24,054;2,56425164902292
4553;24,058;2,47822785377636
4554;24,063;2,31713171821556
4555;24,067;2,24908792360415
4556;24,071;2,15545181640038
4557;24,075;2,11722680206308
4558;24,079;2,00745539558803
4559;24,083;1,95603726390158
4560;24,087;1,8920564824207
4561;24,091;1,91279185977654
4562;24,095;1,74798297083784
4563;24,100;1,72806486623814
4564;24,104;1,71234987867002
4565;24,108;1,61301621282343
4566;24,112;1,63769785005894
4567;24,116;1,5653808864654
4568;24,120;1,54637345722254
4569;24,124;1,49616955934521
4570;24,128;1,48309319524693
4571;24,133;1,457290726803
4572;24,137;1,39669578959757
4573;24,141;1,34392332020093
4574;24,145;1,31625279974296
4575;24,149;1,36935217824205
4576;24,153;1,35384734652552
4577;24,157;1,33476986533213
4578;24,161;1,28552334411199
4579;24,166;1,25073087535049
4580;24,170;1,21026419859635
4581;24,174;1,28573349996357
4582;24,178;1,18264037943873
4583;24,182;1,19275121096472
4584;24,186;1,18759071727593
4585;24,190;1,21231905581179
4586;24,194;1,13712996224667
4587;24,199;1,20437983475212
4588;24,203;1,17388388562291
4589;24,207;1,15546022263444
4590;24,211;1,09958211676446
4591;24,215;1,14980936529197
4592;24,219;1,1279531567277
4593;24,223;1,16585126196254
4594;24,227;1,06574702466015
4595;24,232;1,09355764901918
4596;24,236;1,05584634898574
4597;24,240;1,07074406379771
4598;24,244;1,04031816661903
4599;24,248;1,10756803912448
4600;24,252;1,09941866221323
4601;24,256;1,00930850318596
4602;24,260;1,04031816661903
4603;24,264;1,06756837537384
4604;24,269;1,00561910045823
4605;24,273;1,02647123106496
4606;24,277;1,02460317905092
4607;24,281;0,960949306672495
4608;24,285;0,986097956911512
4609;24,289;0,940237279966823
4610;24,293;1,02878294543233
4611;24,297;0,98875993103152
4612;24,302;0,976477489039205
4613;24,306;0,985630943908002
4614;24,310;0,980050138516057
4615;24,314;1,0308144519976
4616;24,318;0,998754009306635
4617;24,322;0,977504917646927
4618;24,326;0,932274708256977
4619;24,330;1,04673959541729
4620;24,335;0,972951540862704
4621;24,339;1,01190042535544
4622;24,343;1,02840933502952
4623;24,347;0,932181305656275
4624;24,351;1,03228554295866
4625;24,355;1,00793081482561
4626;24,359;0,946028241210348
4627;24,363;0,949203929634217
4628;24,368;0,949484137436323
4629;24,372;1,00143933407682
4630;24,376;0,979349619010792
4631;24,380;0,893512628965641
4632;24,384;0,984486762049403
4633;24,388;0,976570891639907
4634;24,392;0,959898527414597
4635;24,396;0,997773281999264
4636;24,401;0,91434140892219
4637;24,405;0,912029694554815
4638;24,409;0,922210578031335
4639;24,413;0,962280293732499
4640;24,417;0,902082317580051
4641;24,421;0,929262474384337
4642;24,425;0,930383305592761
4643;24,429;0,869601563185925
4644;24,433;0,90063457726917
4645;24,438;0,899700551262149
4646;24,442;0,891808031502829
4647;24,446;0,88977652493756
4648;24,450;0,911142369848146
4649;24,454;0,865585251355739
4650;24,458;0,888632343078961
4651;24,462;0,924125331345726
4652;24,466;0,912660162109554
4653;24,471;0,887815070322818
4654;24,475;0,905725019007429
4655;24,479;0,868480731977501
4656;24,483;0,959945228714948
4657;24,487;0,885643459856496
4658;24,491;0,954481176573881
4659;24,495;0,876770212789805
4660;24,499;0,911772837402885
4661;24,504;0,965969696460228
4662;24,508;0,91179618805306
4663;24,512;0,912403304957623
4664;24,516;0,87679356343998
4665;24,520;0,932788422560838
4666;24,524;0,911119019197971
4667;24,528;0,89533397967933
4668;24,532;0,898112707050215
4669;24,537;0,916186110286055
4670;24,541;0,909741330837616
4671;24,545;0,896781719990212
4672;24,549;0,946658708765087
4673;24,553;0,872263537305933
4674;24,557;0,887674966421765
4675;24,561;0,872146784055055
4676;24,565;0,826146003209313
4677;24,570;0,819000704255609
4678;24,574;0,840203094614967
4679;24,578;0,907336213869539
4680;24,582;0,873337667214006
4681;24,586;0,891060810697213
4682;24,590;0,905911824208833
4683;24,594;0,846344315611124
4684;24,598;0,878474810252617
4685;24,603;0,831983665753189
4686;24,607;0,877260576443491
4687;24,611;0,856735354939223
4688;24,615;0,827663795470721
4689;24,619;0,861405484974324
4690;24,623;0,87721387514314
4691;24,627;0,902269122781455
4692;24,631;0,903460005940405
4693;24,635;0,891737979552303
4694;24,640;0,877120472542438
4695;24,644;0,862783173334678
4696;24,648;0,860144549864846
4697;24,652;0,888632343078961
4698;24,656;0,849052991031482
4699;24,660;0,870278732041015
4700;24,664;0,91132917504955
4701;24,668;0,866682731913987
4702;24,673;0,872053381454353
4703;24,677;0,852322082056053
4704;24,681;0,866309121511179
4705;24,685;0,881930706478591
4706;24,689;0,897435538195126
4707;24,693;0,881183485672975
4708;24,697;0,854190134070093
4709;24,701;0,87980579731262
4710;24,706;0,858439952402035
4711;24,710;0,872543745108039
4712;24,714;0,839712730961281
4713;24,718;0,868620835878554
4714;24,722;0,898859927855831
4715;24,726;0,889192758683173
4716;24,730;0,82367083429071
4717;24,734;0,857505926395015
4718;24,739;0,8950771225274
4719;24,743;0,835766471081621
4720;24,747;0,863273536988364
4721;24,751;0,826402860361244
4722;24,755;0,857295770543435
4723;24,759;0,843565588240239
4724;24,763;0,858066341999227
4725;24,767;0,877774290747352
4726;24,772;0,878334706351564
4727;24,776;0,837681224396012
4728;24,780;0,789765690235879
4729;24,784;0,819304262707891
4730;24,788;0,817319457442973
4731;24,792;0,839689380311105
4732;24,796;0,902199070830928
4733;24,800;0,895170525128102
4734;24,804;0,895240577078628
4735;24,809;0,884826187100354
4736;24,813;0,862339510981344
4737;24,817;0,915158681678333
4738;24,821;0,856408445836766
4739;24,825;0,858836913455018
4740;24,829;0,818276834100169
4741;24,833;0,83618678278478
4742;24,837;0,85197182230342
4743;24,842;0,868317277426273
4744;24,846;0,839899536162685
4745;24,850;0,843121925886904
4746;24,854;0,878288005051213
4747;24,858;0,867266498168375
4748;24,862;0,880132706415077
4749;24,866;0,859677536861336
4750;24,870;0,946471903563683
4751;24,875;0,815988470382969
4752;24,879;0,859070419956773
4753;24,883;0,861802446027307
