#"+EI TIC Scan 90C_1ml-min_4C-min_3.d "
#Point;X(Minutes);Y(Counts)
0;5,891;4,80588470830958
1;5,895;4,80079471726796
2;5,899;4,69780723185927
3;5,903;4,65865671743084
4;5,907;4,64614382278687
5;5,911;4,70395763770122
6;5,916;4,54939157640416
7;5,920;4,53335810462307
8;5,924;4,45679615603877
9;5,928;4,44233209816217
10;5,932;4,37739229578956
11;5,936;4,43944776990526
12;5,940;4,17247773977251
13;5,944;4,14919103075712
14;5,949;4,0624915166816
15;5,953;4,19830944430871
16;5,957;4,15063319488558
17;5,961;3,96875084833184
18;5,965;4,03958655699433
19;5,969;4,0319515704319
20;5,973;3,89036498629096
21;5,977;3,81337887178652
22;5,982;3,89740614056519
23;5,986;3,91526352580286
24;5,990;3,90898587018487
25;5,994;3,64536675082118
26;5,998;3,72086828460515
27;6,002;3,62224970817385
28;6,006;3,6725133697098
29;6,010;3,61830496511659
30;6,015;3,64634233243749
31;6,019;3,550268751527
32;6,023;3,52643062681543
33;6,027;3,41088783017075
34;6,031;3,44923242935092
35;6,035;3,3672411569889
36;6,039;3,33245955153786
37;6,043;3,36524757716426
38;6,048;3,32783614300839
39;6,052;3,34658427667834
40;6,056;3,26667141732497
41;6,060;3,28304422184217
42;6,064;3,29029745907647
43;6,068;3,24656595271059
44;6,072;3,2784208133127
45;6,076;3,21093601541928
46;6,080;3,14052447267693
47;6,085;3,0424573119418
48;6,089;3,20436144365719
49;6,093;3,17102200233461
50;6,097;3,04534164019871
51;6,101;2,99448414637457
52;6,105;3,04067581507723
53;6,109;3,00534279393002
54;6,113;3,02057035046285
55;6,118;3,06264760974021
56;6,122;2,97437868176019
57;6,126;2,94273590411814
58;6,130;3,00432479572169
59;6,134;2,87083978065532
60;6,138;2,83308901376334
61;6,142;3,00793020604284
62;6,146;2,84997081738469
63;6,151;2,9000648125526
64;6,155;2,92602376686484
65;6,159;3,12932649238537
66;6,163;3,20334344544887
67;6,167;3,4734098867986
68;6,171;3,97659791785433
69;6,175;4,6648071232728
70;6,179;5,8631606808372
71;6,184;7,45136513559736
72;6,188;9,40566719602574
73;6,192;11,3505951896191
74;6,196;13,7917548931781
75;6,200;15,6770451584005
76;6,204;17,5026976952521
77;6,208;18,7801581969216
78;6,212;19,6704824632842
79;6,217;20,7308548470288
80;6,221;20,7368780030947
81;6,225;20,6250678665472
82;6,229;20,3797302983413
83;6,233;19,9411003203301
84;6,237;19,1818009066971
85;6,241;18,4835813855634
86;6,245;17,9691529576241
87;6,249;17,2750478459158
88;6,254;16,686560048321
89;6,258;15,9666232320764
90;6,262;15,618595094606
91;6,266;14,8479704509053
92;6,270;14,2301303716372
93;6,274;13,8347653174797
94;6,278;13,3055759155197
95;6,282;13,101594524527
96;6,287;12,4960128403507
97;6,291;12,3296125498819
98;6,295;11,8229039416891
99;6,299;11,7789603523631
100;6,303;11,6492504139859
101;6,307;11,1652770991123
102;6,311;10,890120666721
103;6,315;10,5672031517225
104;6,320;10,260191858729
105;6,324;9,95572556125635
106;6,328;9,72175563971007
107;6,332;9,32821449900915
108;6,336;9,00661189836306
109;6,340;8,49621304666504
110;6,344;8,1316000217173
111;6,348;7,93512636751093
112;6,353;7,44538439612346
113;6,357;7,02456938675788
114;6,361;6,94274778076391
115;6,365;6,46416137307598
116;6,369;6,12703429975297
117;6,373;5,83262073458751
118;6,377;5,69128864999864
119;6,381;5,45748839482042
120;6,386;5,16931006868095
121;6,390;4,99735320465836
122;6,394;4,77212110106686
123;6,398;4,69734064934712
124;6,402;4,38095528951869
125;6,406;4,28047038303879
126;6,410;4,17044174335587
127;6,414;3,89634572576486
128;6,418;3,95152971197437
129;6,423;3,78194817710454
130;6,427;3,59285500990852
131;6,431;3,48197803838532
132;6,435;3,41377215842767
133;6,439;3,27383982137525
134;6,443;3,07100367836686
135;6,447;3,0755422537123
136;6,451;3,00631837554633
137;6,456;3,07376075684773
138;6,460;2,8506070662649
139;6,464;2,77256053696012
140;6,468;2,78066210603469
141;6,472;2,72496912072101
142;6,476;2,70007058120911
143;6,480;2,57964987648288
144;6,484;2,5248900561935
145;6,489;2,48370354534843
146;6,493;2,46703382468714
147;6,497;2,40697193039607
148;6,501;2,3412262127752
149;6,505;2,29325304720797
150;6,509;2,24557679778484
151;6,513;2,24057163992725
152;6,517;2,25096370497055
153;6,522;2,24769762738551
154;6,526;2,32565932350626
155;6,530;2,17834649944349
156;6,534;2,19845196405788
157;6,538;2,14504947471292
158;6,542;2,23238523766865
159;6,546;2,0614887884464
160;6,550;2,02199894128186
161;6,555;2,06598494719983
162;6,559;2,04231648885631
163;6,563;2,06819060998453
164;6,567;2,06908135841681
165;6,571;2,01746036593642
166;6,575;1,98734458560686
167;6,579;1,96134321470261
168;6,583;1,91417596438364
169;6,587;1,99324049189673
170;6,592;1,98615692103049
171;6,596;1,91387904823954
172;6,600;1,93983800255178
173;6,604;1,91226721774303
174;6,608;1,96363371067134
175;6,612;1,87646761408367
176;6,616;1,9106129706545
177;6,620;1,87960644189266
178;6,625;1,88516301544643
179;6,629;1,90297798409208
180;6,633;1,87192903873823
181;6,637;1,8173388848169
182;6,641;1,78493260851861
183;6,645;1,82035046284985
184;6,649;1,77780662106035
185;6,653;1,83218469202161
186;6,658;1,8674328799848
187;6,662;1,7817513641176
188;6,666;1,80147507940386
189;6,670;1,72512521377962
190;6,674;1,70145675543611
191;6,678;1,77602512419578
192;6,682;1,71524214784049
193;6,686;1,75227183266824
194;6,691;1,7691536362896
195;6,695;1,69479735049
196;6,699;1,6267611369004
197;6,703;1,74243118332112
198;6,707;1,62124697993865
199;6,711;1,72037455547412
200;6,715;1,66697206612916
201;6,719;1,58150263322203
202;6,724;1,63927403154437
203;6,728;1,62743980237261
204;6,732;1,71248506935961
205;6,736;1,56699615875343
206;6,740;1,60432275972528
207;6,744;1,68202995629394
208;6,748;1,59240369736949
209;6,752;1,62099248038657
210;6,756;1,62277397725113
211;6,761;1,5804422184217
212;6,765;1,60589217362977
213;6,769;1,63804395037598
214;6,773;1,64843601541928
215;6,777;1,60775850367837
216;6,781;1,62044106469039
217;6,785;1,48555630208758
218;6,789;1,57471597849988
219;6,794;1,56958357086625
220;6,798;1,60830991937454
221;6,802;1,57301931481934
222;6,806;1,56241516681597
223;6,810;1,48810129760838
224;6,814;1,56962598745826
225;6,818;1,53111172191004
226;6,822;1,50655251513424
227;6,827;1,55265935065288
228;6,831;1,5410796210332
229;6,835;1,51338158644841
230;6,839;1,60712225479816
231;6,843;1,54396394929012
232;6,847;1,49951136086
233;6,851;1,56521466188886
234;6,855;1,50612834921411
235;6,860;1,52156798870701
236;6,864;1,47957556261368
237;6,868;1,48229022450254
238;6,872;1,52899089230936
239;6,876;1,53170555419822
240;6,880;1,5035833536933
241;6,884;1,46078501235171
242;6,888;1,45641610337432
243;6,893;1,44386079213834
244;6,897;1,50146252409262
245;6,901;1,49526970165866
246;6,905;1,44025538181719
247;6,909;1,455398105166
248;6,913;1,45734926839862
249;6,917;1,44008571544914
250;6,921;1,48178122539838
251;6,925;1,4525561935011
252;6,930;1,51643558107338
253;6,934;1,38854955615278
254;6,938;1,49946894426799
255;6,942;1,42757282080517
256;6,946;1,41900466921845
257;6,950;1,3779029915574
258;6,954;1,37361891576404
259;6,958;1,38019348752613
260;6,963;1,38897372207292
261;6,967;1,34498771615495
262;6,971;1,46939558053044
263;6,975;1,39291846513017
264;6,979;1,33900697668105
265;6,983;1,42574890734859
266;6,987;1,44644820425116
267;6,991;1,43991604908109
268;6,996;1,39139146781768
269;7,000;1,42384016070798
270;7,004;1,41875016966637
271;7,008;1,37675774357304
272;7,012;1,36250576865651
273;7,016;1,38384131443929
274;7,020;1,40852777099112
275;7,024;1,41548409208133
276;7,029;1,40174111626897
277;7,033;1,34053397399354
278;7,037;1,34579363140321
279;7,041;1,36038493905584
280;7,045;1,31754418112224
281;7,049;1,37132841979531
282;7,053;1,29523305372316
283;7,057;1,32679099818118
284;7,062;1,36920759019464
285;7,066;1,27008001465917
286;7,070;1,31029094388794
287;7,074;1,29374847300269
288;7,078;1,34413938431468
289;7,082;1,32123442462741
290;7,086;1,30414053804599
291;7,090;1,2666866872981
292;7,094;1,38443514672748
293;7,099;1,31041819366398
294;7,103;1,28683456850449
295;7,107;1,29434230529088
296;7,111;1,29896571382034
297;7,115;1,31482951923338
298;7,119;1,26944376577897
299;7,123;1,31758659771425
300;7,127;1,32488225154057
301;7,132;1,31152102505633
302;7,136;1,27606075413307
303;7,140;1,26851060075468
304;7,144;1,27071626353938
305;7,148;1,28454407253577
306;7,152;1,23355932893558
307;7,156;1,28025999674241
308;7,160;1,29124589407389
309;7,165;1,25179846350137
310;7,169;1,31890151206667
311;7,173;1,24785372044412
312;7,177;1,29400297255477
313;7,181;1,22520326030893
314;7,185;1,30248629095746
315;7,189;1,2017893015175
316;7,193;1,24505422537123
317;7,198;1,24564805765942
318;7,202;1,21591402665798
319;7,206;1,2459025572115
320;7,210;1,1772300947417
321;7,214;1,17078277275565
322;7,218;1,21370836387328
323;7,222;1,19402706517903
324;7,226;1,21990118630725
325;7,231;1,16912852566713
326;7,235;1,15771846241551
327;7,239;1,14448448570731
328;7,243;1,18516199744822
329;7,247;1,25896686755165
330;7,251;1,19669931047588
331;7,255;1,15491896734262
332;7,259;1,16344470233732
333;7,263;1,13956416103374
334;7,268;1,19504506338736
335;7,272;1,1410063251622
336;7,276;1,16721977902652
337;7,280;1,18601032928849
338;7,284;1,19784455846024
339;7,288;1,1331168390477
340;7,292;1,21205411678475
341;7,296;1,22524567690094
342;7,301;1,18232008578332
343;7,305;1,17778151043787
344;7,309;1,19826872438038
345;7,313;1,16963752477129
346;7,317;1,13082634307897
347;7,321;1,1999229714689
348;7,325;1,12968109509461
349;7,329;1,10563088742297
350;7,334;1,0754726905014
351;7,338;1,1047825555827
352;7,342;1,23254133072726
353;7,346;1,11865278117111
354;7,350;1,08917324972175
355;7,354;1,10597022015908
356;7,358;1,11759236637077
357;7,362;1,11835586502701
358;7,367;1,10410389011049
359;7,371;1,05905746939219
360;7,375;1,10372214078237
361;7,379;1,08391359231208
362;7,383;1,11216304259305
363;7,387;1,09583265466786
364;7,391;1,13006284442273
365;7,395;1,12836618074219
366;7,400;1,10732755110351
367;7,404;1,07649068870972
368;7,408;1,14155774085838
369;7,412;1,08764625240926
370;7,416;1,11449595515379
371;7,420;1,14673256508402
372;7,424;1,05617314113527
373;7,428;1,10639438607921
374;7,432;1,08170792952738
375;7,437;1,08119893042322
376;7,441;1,05553689225507
377;7,445;1,04989548551728
378;7,449;1,06974645057958
379;7,453;1,0701281999077
380;7,457;1,05286464695822
381;7,461;0,997341328012596
382;7,465;1,04412682900345
383;7,470;1,08094443087113
384;7,474;1,04590832586801
385;7,478;1,09693548606021
386;7,482;1,209678787632
387;7,486;1,16034829112034
388;7,490;1,19491781361131
389;7,494;1,25663395499091
390;7,498;1,20195896788555
391;7,503;1,25654912180688
392;7,507;1,24195781415425
393;7,511;1,21464152889758
394;7,515;1,19716589298803
395;7,519;1,20581887775878
396;7,523;1,2969297174037
397;7,527;1,25281646170969
398;7,531;1,24734472133996
399;7,536;1,1999229714689
400;7,540;1,29951712951652
401;7,544;1,26736535277031
402;7,548;1,29548755327524
403;7,552;1,19135481988218
404;7,556;1,29493613757906
405;7,560;1,30630378423867
406;7,564;1,22609400874121
407;7,569;1,25107738143714
408;7,573;1,28047207970247
409;7,577;1,22456701142873
410;7,581;1,20378288134213
411;7,585;1,24649638949969
412;7,589;1,29451197165893
413;7,593;1,25497970790238
414;7,597;1,3227614219399
415;7,601;1,28547723756006
416;7,606;1,25816095230339
417;7,610;1,33616506501615
418;7,614;1,34850829329207
419;7,618;1,34884762602818
420;7,622;1,32789382957353
421;7,626;1,40899435350327
422;7,630;1,42328874501181
423;7,634;1,35847619241523
424;7,639;1,36318443412873
425;7,643;1,38184773461465
426;7,647;1,41590825800147
427;7,651;1,40148661671689
428;7,655;1,40250461492521
429;7,659;1,3574157776149
430;7,663;1,38821022341667
431;7,667;1,29951712951652
432;7,672;1,36301476776068
433;7,676;1,34782962781985
434;7,680;1,36102118793604
435;7,684;1,34409696772267
436;7,688;1,30146829274914
437;7,692;1,25527662404647
438;7,696;1,26600802182588
439;7,700;1,25425862583815
440;7,705;1,21485361185764
441;7,709;1,23911590248935
442;7,713;1,20514021228656
443;7,717;1,17841775931808
444;7,721;1,16709252925048
445;7,725;1,13184434128729
446;7,729;1,20912737193583
447;7,733;1,10720030132747
448;7,738;1,16302053641719
449;7,742;1,14643564893992
450;7,746;1,01880412357141
451;7,750;1,165565531938
452;7,754;1,07445469229307
453;7,758;1,096256820588
454;7,762;1,05176181556587
455;7,766;1,06385054428971
456;7,770;1,10554605423894
457;7,775;1,04192116621875
458;7,779;1,01821029128322
459;7,783;1,06813462008307
460;7,787;0,989748758042186
461;7,791;1,07017061649971
462;7,795;1,01808304150718
463;7,799;1,07152794744415
464;7,803;1,03135943480739
465;7,808;1,0644443765779
466;7,812;1,00811514238402
467;7,816;0,891427097754975
468;7,820;0,994414583163667
469;7,824;0,966504465618807
470;7,828;0,964977468306322
471;7,832;0,953524988462687
472;7,836;1,01066013790482
473;7,841;1,01604704509053
474;7,845;1,00705472758368
475;7,849;0,930323112631322
476;7,853;0,956324483535576
477;7,857;0,932147026087901
478;7,861;0,966165132882699
479;7,865;0,972485205092706
480;7,869;0,969431210467736
481;7,874;0,954330903710943
482;7,878;0,961753807313299
483;7,882;0,962262806417461
484;7,886;0,942072508619051
485;7,890;0,943938838667644
486;7,894;0,915265222466542
487;7,898;0,945423419388115
488;7,902;0,913823058338084
489;7,907;0,897026087900752
490;7,911;0,953694654830741
491;7,915;0,945720335532209
492;7,919;0,878320370822814
493;7,923;0,854863995439368
494;7,927;0,936134185737166
495;7,931;0,889518351114369
496;7,935;0,869837052420121
497;7,939;0,872297214756902
498;7,944;0,910047981648886
499;7,948;0,804515500719385
500;7,952;0,88230753047208
501;7,956;0,907206069983983
502;7,960;0,873696962293346
503;7,964;0,842817683307544
504;7,968;0,88990010044249
505;7,972;0,883283112088389
506;7,977;0,880907782935635
507;7,981;0,81461064961859
508;7,985;0,879550451991205
509;7,989;0,861650650161522
510;7,993;0,834800947416999
511;7,997;0,881968197735972
512;8,001;0,87594504167006
513;8,005;0,833231533512501
514;8,010;0,925360371365746
515;8,014;0,966037883106659
516;8,018;0,889009352010207
517;8,022;0,869200803539919
518;8,026;0,865892309362869
519;8,030;0,822839468469202
520;8,034;0,885912940793224
521;8,038;0,879592868583218
522;8,043;0,898298585661156
523;8,047;0,869879469012135
524;8,051;0,818385726307788
525;8,055;0,898341002253169
526;8,059;0,839424355946467
527;8,063;0,858130073024405
528;8,067;0,831450036647935
529;8,071;0,865934725954882
530;8,076;0,881586448407851
531;8,080;0,870600551076363
532;8,084;0,919931047588023
533;8,088;0,801079756766295
534;8,092;0,866528558243071
535;8,096;0,822330469365041
536;8,100;0,852658332654668
537;8,104;0,832383201672232
538;8,108;0,855076078399435
539;8,113;0,844132597659961
540;8,117;0,818725059043896
541;8,121;0,851682751038358
542;8,125;0,806933246464153
543;8,129;0,844175014251975
544;8,133;0,840908936666938
545;8,137;0,835691695849282
546;8,141;0,83603102858539
547;8,146;0,834800947416999
548;8,150;0,828905041127128
549;8,154;0,843496348779759
550;8,158;0,782543706056411
551;8,162;0,815798314194967
552;8,166;0,82551171376605
553;8,170;0,831789369384043
554;8,174;0,795438350028504
555;8,179;0,834249531720824
556;8,183;0,752767258462958
557;8,187;0,759044914080951
558;8,191;0,856772742079974
559;8,195;0,750688845454299
560;8,199;0,835903778809349
561;8,203;0,802394671118712
562;8,207;0,815034815538725
563;8,212;0,801334256318376
564;8,216;0,761589909601759
565;8,220;0,794674851372262
566;8,224;0,794335518636154
567;8,228;0,846253427260635
568;8,232;0,83518269674512
569;8,236;0,788015446426148
570;8,240;0,768715897060021
571;8,245;0,778047547302983
572;8,249;0,765958818579146
573;8,253;0,786446032521649
574;8,257;0,797304680077096
575;8,261;0,788269945978228
576;8,265;0,830728954583707
577;8,269;0,810284157233217
578;8,273;0,731771045416293
579;8,278;0,786318782745609
580;8,282;0,757008917664305
581;8,286;0,913144392865869
582;8,290;1,0200342047398
583;8,294;1,14160015745039
584;8,298;1,44034021500122
585;8,302;1,83668085077504
586;8,306;2,63407036403616
587;8,310;3,52842420664006
588;8,315;4,99217838043272
589;8,319;6,6485038819665
590;8,323;8,54121705079132
591;8,327;11,0547818769172
592;8,331;13,867129177186
593;8,335;16,5303821565274
594;8,339;19,6045246627033
595;8,343;22,0763939788799
596;8,348;24,9001937589923
597;8,352;26,6611185764313
598;8,356;28,4111847463148
599;8,360;29,6575963026305
600;8,364;30,0472351168662
601;8,368;30,4045524879876
602;8,372;30,0564819339251
603;8,376;29,8489799657953
604;8,381;28,6375620978907
605;8,385;27,9374762467085
606;8,389;27,0675119445123
607;8,393;25,5312678149686
608;8,397;24,4064222113636
609;8,401;23,2821280234547
610;8,405;22,054634267177
611;8,409;21,0138159323506
612;8,414;19,6074514075522
613;8,418;18,5545019274099
614;8,422;17,6838165431496
615;8,426;16,1874015935065
616;8,430;15,3107778863643
617;8,434;14,3129699758395
618;8,438;13,044841124413
619;8,442;12,3327937942829
620;8,447;11,3558972636208
621;8,451;10,4962826098759
622;8,455;9,58593771208296
623;8,459;8,82926812715476
624;8,463;8,17380453077069
625;8,467;7,4810991665988
626;8,471;7,01324415669028
627;8,475;6,3117585579716
628;8,479;5,80589828161902
629;8,484;5,53315959497245
630;8,488;5,09970444118685
631;8,492;4,54464091809865
632;8,496;4,21994190623558
633;8,500;3,92603734017428
634;8,504;3,76608437169151
635;8,508;3,40791866872981
636;8,512;3,24024588050058
637;8,517;3,11138427396368
638;8,521;2,80568789532264
639;8,525;2,72127887721584
640;8,529;2,54397752259956
641;8,533;2,47042715204821
642;8,537;2,32934956701143
643;8,541;2,24392255069631
644;8,545;2,04405556912887
645;8,550;1,97411060889866
646;8,554;1,85691356516546
647;8,558;1,74272809946521
648;8,562;1,73365094877433
649;8,566;1,59753610500312
650;8,570;1,63834086652007
651;8,574;1,53123897168608
652;8,578;1,53755904389608
653;8,583;1,44453945761055
654;8,587;1,40721285663871
655;8,591;1,32869974482178
656;8,595;1,42519749165241
657;8,599;1,2556583733746
658;8,603;1,28356849091946
659;8,607;1,24081256616988
660;8,611;1,22863900426202
661;8,616;1,16811052745881
662;8,620;1,18121725439097
663;8,624;1,15678529739121
664;8,628;1,10104989548552
665;8,632;1,05354331243044
666;8,636;1,10533397127888
667;8,640;1,05019240166137
668;8,644;1,04641732497217
669;8,648;1,02940827157478
670;8,653;1,061602464913
671;8,657;1,03237743301572
672;8,661;0,951022409533892
673;8,665;0,954330903710943
674;8,669;0,918743383011646
675;8,673;1,02457278008524
676;8,677;0,960523726144909
677;8,681;0,906951570431903
678;8,686;0,961584140945245
679;8,690;0,903303743518745
680;8,694;0,877005456470397
681;8,698;0,910260064608953
682;8,702;0,941902842250998
683;8,706;0,930662445367429
684;8,710;0,844429513804056
685;8,714;0,881840947959932
686;8,719;0,86088715150528
687;8,723;0,853379414718897
688;8,727;0,900589081629883
689;8,731;0,795650432988571
690;8,735;0,798280261693406
691;8,739;0,815034815538725
692;8,743;0,812320153649863
693;8,747;0,808036077856503
694;8,752;0,759341830225045
695;8,756;0,803412669327035
696;8,760;0,827250794038602
697;8,764;0,774908719493987
698;8,768;0,776520549990499
699;8,772;0,796880514156962
700;8,776;0,75866316475283
701;8,780;0,805575915519722
702;8,785;0,74788935038141
703;8,789;0,754888088063632
704;8,793;0,770624643700627
705;8,797;0,753318674159133
706;8,801;0,759214580449005
707;8,805;0,797177430301056
708;8,809;0,773975554469691
709;8,813;0,758366248608736
710;8,817;0,765280153106931
711;8,822;0,663056166354481
712;8,826;0,732873876808643
713;8,830;0,672854399109591
714;8,834;0,710774832369628
715;8,838;0,733594958872872
716;8,842;0,696056274940956
717;8,846;0,643799033580367
718;8,850;0,704836509487743
719;8,855;0,705260675407878
720;8,859;0,703606428319353
721;8,863;0,680107636343893
722;8,867;0,654063848847626
723;8,871;0,715864823411244
724;8,875;0,69830435431767
725;8,879;0,731092379944078
726;8,883;0,681889133208459
727;8,888;0,654954597279909
728;8,892;0,679047221543557
729;8,896;0,665558745283275
730;8,900;0,600788609278714
731;8,904;0,629292559111763
732;8,908;0,69317194668404
733;8,912;0,65851759100904
734;8,916;0,67467831256617
735;8,921;0,641593370795667
736;8,925;0,631201305752369
737;8,929;0,703097429215191
738;8,933;0,626408230854847
739;8,937;0,623863235334039
740;8,941;0,700891766430491
741;8,945;0,663989331378777
742;8,949;0,681252884328257
743;8,954;0,592050791323941
744;8,958;0,636164047017944
745;8,962;0,660511170833673
746;8,966;0,625814398566659
747;8,970;0,634806716073513
748;8,974;0,539539050411271
749;8,978;0,633619051497136
750;8,982;0,651476436734805
751;8,986;0,657329926432663
752;8,991;0,616228248771616
753;8,995;0,628613893639547
754;8,999;0,642229619675869
755;9,003;0,603121521839455
756;9,007;0,580555894888292
757;9,011;0,552051945055243
758;9,015;0,642229619675869
759;9,019;0,60477576892798
760;9,024;0,551330862991014
761;9,028;0,593365705676358
762;9,032;0,629038059559682
763;9,036;0,606260349648451
764;9,040;0,637478961370361
765;9,044;0,599770611070391
766;9,048;0,612538005266444
767;9,052;0,569315498004723
768;9,057;0,565031422211364
769;9,061;0,582931224041046
770;9,065;0,644011116540435
771;9,069;0,60367293753563
772;9,073;0,576695985015066
773;9,077;0,618094578820208
774;9,081;0,602527689551266
775;9,085;0,586960800282325
776;9,090;0,601552107934957
777;9,094;0,554300024431957
778;9,098;0,589972378315281
779;9,102;0,54551978988517
780;9,106;0,595995534381193
781;9,110;0,58212530879279
782;9,114;0,567279501588077
783;9,118;0,557778184977061
784;9,123;0,563801341042973
785;9,127;0,540429798843554
786;9,131;0,589505795803133
787;9,135;0,535382224393952
788;9,139;0,580513478296278
789;9,143;0,546325705133426
790;9,147;0,602527689551266
791;9,151;0,540641881803621
792;9,155;0,518458004180579
793;9,160;0,558159934305182
794;9,164;0,571181828053316
795;9,168;0,576483902054999
796;9,172;0,556251187664576
797;9,176;0,535594307354019
798;9,180;0,533685560713413
799;9,184;0,562528843282569
800;9,188;0,575720403398757
801;9,193;0,593068789532264
802;9,197;0,584500637945544
803;9,201;0,52202099790971
804;9,205;0,523632828406222
805;9,209;0,578731981431713
806;9,213;0,535509474169992
807;9,217;0,498437372750224
808;9,221;0,547640619485843
809;9,226;0,539623883595298
810;9,230;0,520578833781253
811;9,234;0,568339916388414
812;9,238;0,582464641528898
813;9,242;0,515234343187556
814;9,246;0,540938797947716
815;9,250;0,575550737030703
816;9,254;0,629038059559682
817;9,259;0,572242242853653
818;9,263;0,533388644569319
819;9,267;0,57342990743003
820;9,271;0,513877012243125
821;9,275;0,554130358063903
822;9,279;0,521002999701387
823;9,283;0,546410538317453
824;9,287;0,52630507370307
825;9,292;0,508108355729294
826;9,296;0,512180348562587
827;9,300;0,534024893449521
828;9,304;0,530886065640524
829;9,308;0,47120592067758
830;9,312;0,521002999701387
831;9,316;0,49618929337351
832;9,320;0,575508320438689
833;9,324;0,54013288269946
834;9,329;0,544374541900806
835;9,333;0,541575046827918
836;9,337;0,574066156310232
837;9,341;0,551458112767055
838;9,345;0,600576526318647
839;9,349;0,548997950430274
840;9,353;0,544586624860874
841;9,357;0,541956796156039
842;9,362;0,541575046827918
843;9,366;0,575890069766811
844;9,370;0,57576281999077
845;9,374;0,478077408583761
846;9,378;0,484524730569807
847;9,382;0,54013288269946
848;9,386;0,45517244889649
849;9,390;0,530928482232538
850;9,395;0,511586516274398
851;9,399;0,515828175475744
852;9,403;0,537630303770665
853;9,407;0,520748500149306
854;9,411;0,533812810489454
855;9,415;0,49508646198116
856;9,419;0,468109509460597
857;9,423;0,504799861552244
858;9,428;0,525329492086761
859;9,432;0,472054252517849
860;9,436;0,512816597442789
861;9,440;0,484142981241686
862;9,444;0,456699446208975
863;9,448;0,474090248934495
864;9,452;0,523208662486087
865;9,456;0,494068463772837
866;9,461;0,473793332790401
867;9,465;0,470866587941472
868;9,469;0,451397372207292
869;9,473;0,506284442272715
870;9,477;0,511968265602519
871;9,481;0,56498900561935
872;9,485;0,519730501940983
873;9,489;0,512307598338627
874;9,493;0,47684732741537
875;9,498;0,500939951679018
876;9,502;0,482446317561148
877;9,506;0,476168661943155
878;9,510;0,471290753861607
879;9,514;0,437315063658821
880;9,518;0,488427057035046
881;9,522;0,448088878030241
882;9,526;0,499582620734587
883;9,531;0,477653242663626
884;9,535;0,48100415343269
885;9,539;0,454917949344409
886;9,543;0,503442530607813
887;9,547;0,496231709965524
888;9,551;0,494110880364851
889;9,555;0,504418112224122
890;9,559;0,482276651193094
891;9,564;0,480367904552488
892;9,568;0,453984784320113
893;9,572;0,458565776257567
894;9,576;0,442489887884464
895;9,580;0,45848094307354
896;9,584;0,392056559980454
897;9,588;0,448343377582322
898;9,592;0,456317696880853
899;9,597;0,464631348915493
900;9,601;0,420263593669408
901;9,605;0,523675244998235
902;9,609;0,476211078535168
903;9,613;0,456657029616961
904;9,617;0,450549040367022
905;9,621;0,437145397290767
906;9,625;0,44868271031843
907;9,630;0,447240546189972
908;9,634;0,45750536145723
909;9,638;0,473750916198387
910;9,642;0,466328012596031
911;9,646;0,443041303580639
912;9,650;0,420984675733637
913;9,654;0,457632611233271
914;9,658;0,458056777153406
915;9,662;0,446519464125743
916;9,667;0,47146042022966
917;9,671;0,508787021201509
918;9,675;0,468491258788718
919;9,679;0,544162458940739
920;9,683;0,459753440833944
921;9,687;0,47782290903168
922;9,691;0,493941213996797
923;9,695;0,495128878573174
924;9,700;0,477016993783424
925;9,704;0,453857534544073
926;9,708;0,462128769986698
927;9,712;0,476762494231343
928;9,716;0,429128661400223
929;9,720;0,465606930531802
930;9,724;0,426074666775253
931;9,728;0,485160979450009
932;9,733;0,465903846675897
933;9,737;0,444101718380976
934;9,741;0,422214756902028
935;9,745;0,464122349811331
936;9,749;0,473878165974428
937;9,753;0,465734180307843
938;9,757;0,455087615712463
939;9,761;0,436297065450498
940;9,766;0,405078453728588
941;9,770;0,446052881613595
942;9,774;0,437442313434862
943;9,778;0,477738075847653
944;9,782;0,432097822841165
945;9,786;0,420433260037462
946;9,790;0,45737811168119
947;9,794;0,4325219887613
948;9,799;0,417718598148601
949;9,803;0,439266226891441
950;9,807;0,498310122974184
951;9,811;0,413561772131281
952;9,815;0,395195387789451
953;9,819;0,460983522002335
954;9,823;0,421663341205853
955;9,827;0,479180239976111
956;9,831;0,436678814778619
957;9,836;0,461110771778375
958;9,840;0,441599139452181
959;9,844;0,488639139995114
960;9,848;0,437866479354996
961;9,852;0,442786804028558
962;9,856;0,500982368271032
963;9,860;0,477313909927518
964;9,864;0,430952574856802
965;9,869;0,461577354290523
966;9,873;0,437696812986942
967;9,877;0,527535154871461
968;9,881;0,448513043950376
969;9,885;0,42603225018324
970;9,889;0,432776488313381
971;9,893;0,414113187827456
972;9,897;0,447240546189972
973;9,902;0,441259806716074
974;9,906;0,45088837310313
975;9,910;0,443507886092787
976;9,914;0,436636398186606
977;9,918;0,448767543502457
978;9,922;0,529995317208242
979;9,926;0,45406961750414
980;9,930;0,465310014387708
981;9,935;0,484906479897929
982;9,939;0,464504099139452
983;9,943;0,46594626326791
984;9,947;0,477356326519532
985;9,951;0,463443684339116
986;9,955;0,443932052012922
987;9,959;0,545095623965035
988;9,963;0,507132774112984
989;9,968;0,495977210413443
990;9,972;0,478247074951815
991;9,976;0,466752178516166
992;9,980;0,480155821592421
993;9,984;0,466624928740125
994;9,988;0,491990050764177
995;9,992;0,481046570024703
996;9,996;0,485924478106252
997;10,000;0,446349797757689
998;10,005;0,436339482042512
999;10,009;0,450167291038901
1000;10,013;0,442532304476477
1001;10,017;0,402151708879659
1002;10,021;0,423232755110351
1003;10,025;0,425947416999213
1004;10,029;0,455893530960719
1005;10,033;0,410422944322285
1006;10,038;0,448088878030241
1007;10,042;0,412925523251079
1008;10,046;0,447537462334066
1009;10,050;0,366140022260227
1010;10,054;0,416106767652089
1011;10,058;0,402151708879659
1012;10,062;0,400539878383147
1013;10,066;0,394177389581128
1014;10,071;0,390571979259983
1015;10,075;0,382173494041317
1016;10,079;0,395534720525559
1017;10,083;0,351718380975649
1018;10,087;0,410465360914298
1019;10,091;0,38942673127562
1020;10,095;0,395958886445693
1021;10,099;0,476253495127182
1022;10,104;0,427007831799549
1023;10,108;0,376277587751446
1024;10,112;0,372163178326139
1025;10,116;0,407199283329261
1026;10,120;0,403084873903955
1027;10,124;0,381240329017021
1028;10,128;0,381155495832994
1029;10,132;0,34658597334202
1030;10,137;0,42603225018324
1031;10,141;0,419245595461085
1032;10,145;0,434473151993919
1033;10,149;0,360456198930423
1034;10,153;0,392777642044683
1035;10,157;0,364358525395662
1036;10,161;0,345143809213562
1037;10,165;0,386881735754812
1038;10,169;0,390020563563808
1039;10,174;0,427856163639819
1040;10,178;0,40020054564704
1041;10,182;0,376489670711513
1042;10,186;0,359735116866194
1043;10,190;0,341368732524364
1044;10,194;0,365546189972039
1045;10,198;0,401982042511605
1046;10,202;0,34963996796699
1047;10,207;0,364570608355729
1048;10,211;0,397655550126232
1049;10,215;0,362195279202975
1050;10,219;0,392226226348508
1051;10,223;0,347307055406249
1052;10,227;0,364867524499824
1053;10,231;0,352100130303771
1054;10,235;0,32711675760784
1055;10,240;0,380731329912859
1056;10,244;0,372672177430301
1057;10,248;0,366564188180362
1058;10,252;0,358759535249885
1059;10,256;0,392098976572468
1060;10,260;0,391844477020387
1061;10,264;0,40130337703939
1062;10,268;0,403593873008117
1063;10,273;0,413689021907321
1064;10,277;0,408302114721611
1065;10,281;0,405205703504628
1066;10,285;0,39052956266797
1067;10,289;0,358589868881831
1068;10,293;0,428280329559953
1069;10,297;0,355323791296794
1070;10,301;0,373647759046611
1071;10,306;0,378016668023998
1072;10,310;0,362534611939083
1073;10,314;0,383149075657627
1074;10,318;0,380264747400711
1075;10,322;0,382427993593398
1076;10,326;0,382894576105546
1077;10,330;0,360710698482504
1078;10,334;0,399903629502945
1079;10,338;0,370169598501507
1080;10,343;0,350191383663165
1081;10,347;0,393116974780791
1082;10,351;0,381622078345142
1083;10,355;0,394983304829383
1084;10,359;0,37780458506393
1085;10,363;0,371102763525803
1086;10,367;0,33996898498792
1087;10,371;0,371399679669897
1088;10,376;0,34107181638027
1089;10,380;0,362407362163043
1090;10,384;0,369533349621305
1091;10,388;0,361559030322773
1092;10,392;0,358759535249885
1093;10,396;0,361262114178679
1094;10,400;0,321093601541928
1095;10,404;0,334073078698048
1096;10,409;0,352397046447865
1097;10,413;0,402703124575834
1098;10,417;0,377422835735809
1099;10,421;0,346501140157993
1100;10,425;0,321645017238103
1101;10,429;0,374114341558759
1102;10,433;0,331867415913348
1103;10,437;0,318887938757228
1104;10,442;0,350785215951353
1105;10,446;0,325929093031463
1106;10,450;0,35625695632109
1107;10,454;0,308241374161848
1108;10,458;0,337975405163287
1109;10,462;0,32724400738388
1110;10,466;0,312652699731248
1111;10,470;0,361559030322773
1112;10,475;0,338060238347314
1113;10,479;0,362916361267204
1114;10,483;0,382682493145479
1115;10,487;0,309259372370171
1116;10,491;0,326565341911665
1117;10,495;0,347179805630209
1118;10,499;0,348409886798599
1119;10,503;0,367794269348753
1120;10,507;0,338654070635502
1121;10,512;0,29174131986861
1122;10,516;0,295007397453647
1123;10,520;0,345652808317724
1124;10,524;0,326310842359584
1125;10,528;0,338738903819529
1126;10,532;0,332037082281402
1127;10,536;0,318209273285012
1128;10,540;0,313713114531585
1129;10,545;0,351379048239542
1130;10,549;0,324783845047099
1131;10,553;0,326522925319651
1132;10,557;0,333309580041806
1133;10,561;0,292928984444987
1134;10,565;0,296788894318213
1135;10,569;0,316385359828433
1136;10,573;0,310319787170508
1137;10,578;0,318760688981187
1138;10,582;0,317827523956891
1139;10,586;0,356978038385319
1140;10,590;0,359947199826262
1141;10,594;0,313713114531585
1142;10,598;0,318760688981187
1143;10,602;0,332249165241469
1144;10,606;0,300479137823384
1145;10,611;0,27765901132014
1146;10,615;0,289662906859951
1147;10,619;0,296322311806065
1148;10,623;0,331188750441133
1149;10,627;0,33666049081087
1150;10,631;0,310574286722589
1151;10,635;0,310234953986481
1152;10,639;0,301709218991775
1153;10,644;0,333012663897712
1154;10,648;0,312313366995141
1155;10,652;0,343531978717051
1156;10,656;0,330722167928984
1157;10,660;0,338823737003556
1158;10,664;0,359014034801965
1159;10,668;0,303024133344192
1160;10,672;0,271975187990336
1161;10,676;0,318930355349241
1162;10,681;0,325929093031463
1163;10,685;0,298315891630697
1164;10,689;0,310786369682656
1165;10,693;0,302472717648017
1166;10,697;0,321305684501995
1167;10,701;0,325801843255423
1168;10,705;0,326226009175557
1169;10,709;0,293734899693243
1170;10,714;0,274435350327117
1171;10,718;0,342132231180606
1172;10,722;0,304848046800771
1173;10,726;0,308326207345875
1174;10,730;0,344125811005239
1175;10,734;0,374199174742786
1176;10,738;0,291953402828678
1177;10,742;0,340605233868122
1178;10,747;0,291105070988408
1179;10,751;0,314476613187827
1180;10,755;0,261752789315091
1181;10,759;0,301115386703586
1182;10,763;0,366182438852241
1183;10,767;0,331782582729321
1184;10,771;0,300988136927546
1185;10,775;0,311422618562858
1186;10,780;0,308326207345875
1187;10,784;0,2797374243288
1188;10,788;0,332164332057442
1189;10,792;0,29907939028694
1190;10,796;0,299333889839021
1191;10,800;0,294668064717539
1192;10,804;0,359141284578006
1193;10,808;0,326947091239786
1194;10,813;0,312610283139235
1195;10,817;0,334073078698048
1196;10,821;0,312907199283329
1197;10,825;0,341283899340337
1198;10,829;0,329364836984554
1199;10,833;0,326310842359584
1200;10,837;0,374156758150772
1201;10,841;0,338823737003556
1202;10,845;0,364358525395662
1203;10,850;0,306162961153188
1204;10,854;0,36482510790781
1205;10,858;0,308029291201781
1206;10,862;0,327922672856096
1207;10,866;0,292504818524853
1208;10,870;0,305526712272986
1209;10,874;0,295728479517876
1210;10,878;0,319948353557564
1211;10,883;0,326353258951598
1212;10,887;0,333776162553954
1213;10,891;0,283088335097864
1214;10,895;0,288899408203708
1215;10,899;0,282749002361756
1216;10,903;0,26688519694872
1217;10,907;0,294837731085593
1218;10,911;0,329067920840459
1219;10,916;0,315918777316285
1220;10,920;0,287287577707197
1221;10,924;0,293183483997068
1222;10,928;0,269599858837582
1223;10,932;0,279016342264571
1224;10,936;0,295855729293916
1225;10,940;0,293353150365122
1226;10,944;0,292207902380758
1227;10,949;0,280500922985042
1228;10,953;0,309598705106279
1229;10,957;0,270914773189999
1230;10,961;0,263746369139724
1231;10,965;0,265315783044222
1232;10,969;0,251996973151994
1233;10,973;0,29700097727828
1234;10,977;0,285590914026658
1235;10,982;0,30238788446399
1236;10,986;0,332418831609523
1237;10,990;0,282536919401689
1238;10,994;0,307223375953525
1239;10,998;0,234224421098352
1240;11,002;0,270405774085838
1241;11,006;0,304084548144529
1242;11,010;0,284318416266254
1243;11,014;0,292971401037001
1244;11,019;0,275665431495507
1245;11,023;0,282621752585715
1246;11,027;0,293013817629014
1247;11,031;0,286820995195048
1248;11,035;0,319142438309309
1249;11,039;0,27350218530282
1250;11,043;0,281985503705513
1251;11,047;0,260437874962673
1252;11,052;0,296661644542172
1253;11,056;0,280543339577056
1254;11,060;0,316555026196487
1255;11,064;0,289111491163776
1256;11,068;0,24521031842984
1257;11,072;0,242113907212857
1258;11,076;0,269642275429595
1259;11,080;0,311422618562858
1260;11,085;0,325208010967234
1261;11,089;0,294328731981432
1262;11,093;0,351888047343703
1263;11,097;0,325971509623476
1264;11,101;0,302896883568152
1265;11,105;0,303236216304259
1266;11,109;0,331612916361267
1267;11,113;0,296364728398078
1268;11,118;0,283215584873904
1269;11,122;0,284403249450281
1270;11,126;0,257256630561664
1271;11,130;0,29920664006298
1272;11,134;0,282876252137796
1273;11,138;0,262685954339387
1274;11,142;0,29148682031653
1275;11,146;0,28512433151451
1276;11,151;0,273883934630942
1277;11,155;0,290680905068274
1278;11,159;0,280034340472894
1279;11,163;0,290341572332166
1280;11,167;0,342683646876781
1281;11,171;0,307817208241713
1282;11,175;0,308453457121915
1283;11,179;0,297552392974455
1284;11,183;0,275835097863561
1285;11,188;0,306841626625404
1286;11,192;0,287626910443304
1287;11,196;0,319269688085349
1288;11,200;0,307223375953525
1289;11,204;0,281391671417325
1290;11,208;0,281434088009338
1291;11,212;0,3291951706165
1292;11,216;0,318845522165214
1293;11,221;0,287584493851291
1294;11,225;0,312101284035073
1295;11,229;0,268581860629259
1296;11,233;0,2797374243288
1297;11,237;0,294031815837337
1298;11,241;0,287117911339143
1299;11,245;0,259207793794283
1300;11,249;0,276089597415642
1301;11,254;0,282749002361756
1302;11,258;0,253523970464479
1303;11,262;0,283979083530146
1304;11,266;0,301921301951842
1305;11,270;0,254923718000923
1306;11,274;0,279525341368733
1307;11,278;0,284742582186389
1308;11,282;0,272865936422619
1309;11,287;0,281731004153433
1310;11,291;0,29920664006298
1311;11,295;0,271126856150066
1312;11,299;0,267266946276841
1313;11,303;0,297849309118549
1314;11,307;0,299758055759155
1315;11,311;0,244489236365611
1316;11,315;0,248264313054809
1317;11,320;0,277107595623965
1318;11,324;0,257553546705758
1319;11,328;0,279991923880881
1320;11,332;0,279016342264571
1321;11,336;0,267775945381003
1322;11,340;0,289662906859951
1323;11,344;0,287626910443304
1324;11,348;0,292928984444987
1325;11,352;0,28181583733746
1326;11,357;0,233036756521975
1327;11,361;0,307350625729565
1328;11,365;0,242707739501045
1329;11,369;0,270533023861878
1330;11,373;0,29920664006298
1331;11,377;0,299376306431034
1332;11,381;0,25182730678394
1333;11,385;0,243852987485409
1334;11,390;0,297043393870293
1335;11,394;0,297722059342509
1336;11,398;0,274689849879198
1337;11,402;0,317700274180851
1338;11,406;0,330170752232809
1339;11,410;0,26137103998697
1340;11,414;0,254287469120721
1341;11,418;0,278380093384369
1342;11,423;0,294752897901566
1343;11,427;0,291826153052637
1344;11,431;0,257468713521731
1345;11,435;0,236939082987214
1346;11,439;0,303236216304259
1347;11,443;0,259928875858512
1348;11,447;0,260098542226566
1349;11,451;0,272187270950403
1350;11,456;0,24644039959823
1351;11,460;0,233969921546271
1352;11,464;0,276513763335777
1353;11,468;0,250045809919375
1354;11,472;0,268412194261205
1355;11,476;0,23553933545077
1356;11,480;0,25818979558596
1357;11,484;0,263407036403616
1358;11,489;0,346034557645845
1359;11,493;0,335260743274425
1360;11,497;0,415894684692022
1361;11,501;0,512519681298694
1362;11,505;0,73295870999267
1363;11,509;1,05859088688004
1364;11,513;1,41315117952059
1365;11,517;2,1374144881505
1366;11,521;3,13102315606591
1367;11,526;4,39732809403589
1368;11,530;6,07689788799305
1369;11,534;8,2201234492494
1370;11,538;10,9021669788528
1371;11,542;14,2526111654043
1372;11,546;17,6580696717974
1373;11,550;21,4912995086462
1374;11,554;25,2902143225561
1375;11,559;29,3556750006787
1376;11,563;32,7555769335179
1377;11,567;36,123242256427
1378;11,571;38,5546885604148
1379;11,575;40,1249932133453
1380;11,579;41,9521727475093
1381;11,583;42,4071755300377
1382;11,587;42,0990189890599
1383;11,592;41,069271384749
1384;11,596;40,0214118956484
1385;11,600;38,3995710834216
1386;11,604;36,0863398213752
1387;11,608;33,8461923473681
1388;11,612;31,854945435296
1389;11,616;29,2518816000217
1390;11,620;27,2121949398702
1391;11,625;24,6179961723267
1392;11,629;22,1795511306567
1393;11,633;20,1414338844097
1394;11,637;18,1872166571654
1395;11,641;16,3177053641719
1396;11,645;14,6654518554714
1397;11,649;13,1634803322746
1398;11,653;11,866677864647
1399;11,658;10,638378193121
1400;11,662;9,62445197763119
1401;11,666;8,58117348046801
1402;11,670;7,89813909927518
1403;11,674;7,33942774927383
1404;11,678;6,5432683171811
1405;11,682;6,08707787007628
1406;11,686;5,5043587289953
1407;11,690;5,02738415180389
1408;11,695;4,56915770828243
1409;11,699;4,32305664142031
1410;11,703;3,95530478866357
1411;11,707;3,6400646768195
1412;11,711;3,38696487227516
1413;11,715;3,25924851372262
1414;11,719;3,0002528028884
1415;11,723;2,81993987023916
1416;11,728;2,58546094958873
1417;11,732;2,5198424817439
1418;11,736;2,41265575372587
1419;11,740;2,21876951163233
1420;11,744;2,07743742704346
1421;11,748;2,08027933870836
1422;11,752;1,9780129353639
1423;11,756;1,82404070635502
1424;11,761;1,76576030892852
1425;11,765;1,6715106414746
1426;11,769;1,56771724081766
1427;11,773;1,54247936856964
1428;11,777;1,44933253250808
1429;11,781;1,37624874446888
1430;11,785;1,3070248663029
1431;11,789;1,42914223470967
1432;11,794;1,25680362135896
1433;11,798;1,23059016749464
1434;11,802;1,14168499063442
1435;11,806;1,05350089583842
1436;11,810;1,10876971523197
1437;11,814;1,04281191465103
1438;11,818;0,993735917691452
1439;11,822;0,964298802834107
1440;11,827;0,969516043651763
1441;11,831;0,971297540516329
1442;11,835;0,916749803187013
1443;11,839;0,899952832749681
1444;11,843;0,853549081086951
1445;11,847;0,851004085566143
1446;11,851;0,854142913375139
1447;11,855;0,83615827836143
1448;11,859;0,777071965686674
1449;11,864;0,822245636181014
1450;11,868;0,787039864809838
1451;11,872;0,745980603740804
1452;11,876;0,71569515704319
1453;11,880;0,727699052583001
1454;11,884;0,703182262399218
1455;11,888;0,658051008496892
1456;11,892;0,702546013519016
1457;11,897;0,659705255585417
1458;11,901;0,67565389418248
1459;11,905;0,680786301816109
1460;11,909;0,636333713385998
1461;11,913;0,635782297689823
1462;11,917;0,575974902950837
1463;11,921;0,547683036077857
1464;11,925;0,558711350001357
1465;11,930;0,566558419523848
1466;11,934;0,635527798137742
1467;11,938;0,484948896489942
1468;11,942;0,501236867823113
1469;11,946;0,542168879116106
1470;11,950;0,537545470586638
1471;11,954;0,460050356978038
1472;11,958;0,478374324727855
1473;11,963;0,450252124222928
1474;11,967;0,467770176724489
1475;11,971;0,504842278144257
1476;11,975;0,479986155224367
1477;11,979;0,450421790590982
1478;11,983;0,46153493769851
1479;11,987;0,45750536145723
1480;11,991;0,480283071368461
1481;11,996;0,42285100578223
1482;12,000;0,435024567690094
1483;12,004;0,437951312539023
1484;12,008;0,421111925509678
1485;12,012;0,456529779840921
1486;12,016;0,41415560441947
1487;12,020;0,428874161848142
1488;12,024;0,386754485978771
1489;12,028;0,422342006678068
1490;12,033;0,352736379183973
1491;12,037;0,392480725900589
1492;12,041;0,418100347476722
1493;12,045;0,36580068952412
1494;12,049;0,347349471998263
1495;12,053;0,361134864402639
1496;12,057;0,350530716399272
1497;12,061;0,340011401579933
1498;12,066;0,36151661373076
1499;12,070;0,350530716399272
1500;12,074;0,342641230284768
1501;12,078;0,350233800255178
1502;12,082;0,355111708336727
1503;12,086;0,34535589217363
1504;12,090;0,329789002904688
1505;12,094;0,356299372913104
1506;12,099;0,404569454624427
1507;12,103;0,342386730732687
1508;12,107;0,3380178217553
1509;12,111;0,339544819067785
1510;12,115;0,302727217200098
1511;12,119;0,325462510519315
1512;12,123;0,339587235659799
1513;12,127;0,32724400738388
1514;12,132;0,346543556750007
1515;12,136;0,30654471048131
1516;12,140;0,332249165241469
1517;12,144;0,293607649917203
1518;12,148;0,30238788446399
1519;12,152;0,279016342264571
1520;12,156;0,29492256426962
1521;12,160;0,290808154844314
1522;12,165;0,265018866900128
1523;12,169;0,260989290658848
1524;12,173;0,30654471048131
1525;12,177;0,314434196595814
1526;12,181;0,302684800608084
1527;12,185;0,296279895214051
1528;12,189;0,25598413280126
1529;12,193;0,319863520373537
1530;12,197;0,299249056654994
1531;12,202;0,239314412139968
1532;12,206;0,264637117572006
1533;12,210;0,296576811358145
1534;12,214;0,290553655292233
1535;12,218;0,273671851670874
1536;12,222;0,281094755273231
1537;12,226;0,268327361077178
1538;12,230;0,25513580096099
1539;12,235;0,271805521622282
1540;12,239;0,266715530580666
1541;12,243;0,276598596519803
1542;12,247;0,310574286722589
1543;12,251;0,290299155740153
1544;12,255;0,284912248554443
1545;12,259;0,27324768575074
1546;12,263;0,290935404620354
1547;12,268;0,282494502809675
1548;12,272;0,278040760648261
1549;12,276;0,31205886744306
1550;12,280;0,281179588457258
1551;12,284;0,276344096967723
1552;12,288;0,259886459266498
1553;12,292;0,293268317181095
1554;12,296;0,282027920297527
1555;12,301;0,266545864212612
1556;12,305;0,262643537747374
1557;12,309;0,277022762439938
1558;12,313;0,284318416266254
1559;12,317;0,256662798273475
1560;12,321;0,255432717105085
1561;12,325;0,311804367890979
1562;12,329;0,251869723375954
1563;12,334;0,308029291201781
1564;12,338;0,268072861525097
1565;12,342;0,285930246762766
1566;12,346;0,312652699731248
1567;12,350;0,285887830170752
1568;12,354;0,235369669082716
1569;12,358;0,247585647582594
1570;12,362;0,261922455683145
1571;12,366;0,244149903629503
1572;12,371;0,254966134592936
1573;12,375;0,272102437766376
1574;12,379;0,258020129217906
1575;12,383;0,312652699731248
1576;12,387;0,215773203572495
1577;12,391;0,223280940358878
1578;12,395;0,285039498330483
1579;12,399;0,254329885712734
1580;12,404;0,278252843608329
1581;12,408;0,269727108613622
1582;12,412;0,254669218448842
1583;12,416;0,231000760105329
1584;12,420;0,243047072237153
1585;12,424;0,248985395119038
1586;12,428;0,236302834107012
1587;12,432;0,244870985693732
1588;12,437;0,253608803648506
1589;12,441;0,220311778917936
1590;12,445;0,231085593289356
1591;12,449;0,272060021174363
1592;12,453;0,27324768575074
1593;12,457;0,287414827483237
1594;12,461;0,254457135488775
1595;12,465;0,230915926921302
1596;12,470;0,248306729646822
1597;12,474;0,256790048049515
1598;12,478;0,260904457474821
1599;12,482;0,282876252137796
1600;12,486;0,27006644134973
1601;12,490;0,255814466433206
1602;12,494;0,262219371827239
1603;12,498;0,264128118467845
1604;12,503;0,232697423785867
1605;12,507;0,259377460162337
1606;12,511;0,245931400494068
1607;12,515;0,275623014903494
1608;12,519;0,274986766023292
1609;12,523;0,24521031842984
1610;12,527;0,215476287428401
1611;12,531;0,21522178787632
1612;12,535;0,188838667643945
1613;12,540;0,226631851127942
1614;12,544;0,267351779460868
1615;12,548;0,290808154844314
1616;12,552;0,239738578060103
1617;12,556;0,209622797730543
1618;12,560;0,21081046230692
1619;12,564;0,211531544371149
1620;12,568;0,174247359991313
1621;12,573;0,203260308928523
1622;12,577;0,214161373075983
1623;12,581;0,213694790563835
1624;12,585;0,206950552433694
1625;12,589;0,21081046230692
1626;12,593;0,226334934983848
1627;12,597;0,19685540353449
1628;12,601;0,227649849336265
1629;12,606;0,225613852919619
1630;12,610;0,215942869940549
1631;12,614;0,210768045714906
1632;12,618;0,244531652957624
1633;12,622;0,222305358742569
1634;12,626;0,209537964546516
1635;12,630;0,21534903765236
1636;12,634;0,208053383826044
1637;12,639;0,203854141216711
1638;12,643;0,246737315742324
1639;12,647;0,195413239406032
1640;12,651;0,177216521432256
1641;12,655;0,221499443494313
1642;12,659;0,181543013817629
1643;12,663;0,212676792355512
1644;12,667;0,238550913483726
1645;12,672;0,212167793251351
1646;12,676;0,210980128674974
1647;12,680;0,241944240844803
1648;12,684;0,223196107174851
1649;12,688;0,202836143008388
1650;12,692;0,200375980671607
1651;12,696;0,218827198197464
1652;12,700;0,194437657789722
1653;12,704;0,188626584683878
1654;12,709;0,192656160925157
1655;12,713;0,20113947932785
1656;12,717;0,187481336699514
1657;12,721;0,174883608871515
1658;12,725;0,194734573933817
1659;12,729;0,171405448326411
1660;12,733;0,201648478432011
1661;12,737;0,17959185058501
1662;12,742;0,181627847001656
1663;12,746;0,210513546162825
1664;12,750;0,196643320574422
1665;12,754;0,22378993946304
1666;12,758;0,160037801666802
1667;12,762;0,198636900399055
1668;12,766;0,185275673914814
1669;12,770;0,180312932649239
1670;12,775;0,202624060048321
1671;12,779;0,232230841273719
1672;12,783;0,171405448326411
1673;12,787;0,200630480223688
1674;12,791;0,183494177050248
1675;12,795;0,222347775334582
1676;12,799;0,21509453810028
1677;12,803;0,186505755083204
1678;12,808;0,19159574612482
1679;12,812;0,188372085131797
1680;12,816;0,145785826750278
1681;12,820;0,193589325949453
1682;12,824;0,16907253576567
1683;12,828;0,164915709748351
1684;12,832;0,214627955588131
1685;12,836;0,196770570350463
1686;12,841;0,204023807584765
1687;12,845;0,16024988462687
1688;12,849;0,187820669435622
1689;12,853;0,157323139777941
1690;12,857;0,212591959171485
1691;12,861;0,169411868501778
1692;12,865;0,193716575725493
1693;12,869;0,187905502619649
1694;12,873;0,180143266281185
1695;12,878;0,154311561744985
1696;12,882;0,198467234031001
1697;12,886;0,188541751499851
1698;12,890;0,171744781062519
1699;12,894;0,170260200342047
1700;12,898;0,187057170779379
1701;12,902;0,191638162716834
1702;12,906;0,206229470369465
1703;12,911;0,176028856855879
1704;12,915;0,145616160382224
1705;12,919;0,182094429513804
1706;12,923;0,204744889648994
1707;12,927;0,162879713331705
1708;12,931;0,188753834459918
1709;12,935;0,204617639872954
1710;12,939;0,170726782854196
1711;12,944;0,184215259114477
1712;12,948;0,201012229551809
1713;12,952;0,17751343757635
1714;12,956;0,201012229551809
1715;12,960;0,179803933545077
1716;12,964;0,203302725520536
1717;12,968;0,223959605831094
1718;12,972;0,195498072590059
1719;12,977;0,19808548470288
1720;12,981;0,187735836251595
1721;12,985;0,197788568558786
1722;12,989;0,176877188696148
1723;12,993;0,171278198550371
1724;12,997;0,176622689144067
1725;13,001;0,188075168987703
1726;13,005;0,166442707060836
1727;13,010;0,19918831609523
1728;13,014;0,196303987838315
1729;13,018;0,187057170779379
1730;13,022;0,169708784645872
1731;13,026;0,187863086027635
1732;13,030;0,211234628227054
1733;13,034;0,220863194614111
1734;13,038;0,189305250156093
1735;13,042;0,190153581996362
1736;13,047;0,171702364470505
1737;13,051;0,188965917419985
1738;13,055;0,22820126503244
1739;13,059;0,177895186904471
1740;13,063;0,200588063631675
1741;13,067;0,195370822814019
1742;13,071;0,170599533078155
1743;13,075;0,172423446534734
1744;13,080;0,195710155550126
1745;13,084;0,218233365909276
1746;13,088;0,166485123652849
1747;13,092;0,156856557265793
1748;13,096;0,16147996579526
1749;13,100;0,19380140890952
1750;13,104;0,196261571246301
1751;13,108;0,172550696310774
1752;13,113;0,154311561744985
1753;13,117;0,193080326845291
1754;13,121;0,187226837147433
1755;13,125;0,167672788229226
1756;13,129;0,161225466243179
1757;13,133;0,165551958628553
1758;13,137;0,160207468034856
1759;13,141;0,206187053777452
1760;13,146;0,180991598121454
1761;13,150;0,17102369899829
1762;13,154;0,231340092841437
1763;13,158;0,241774574476749
1764;13,162;0,235412085674729
1765;13,166;0,234182004506339
1766;13,170;0,229685845752911
1767;13,174;0,285336414474577
1768;13,179;0,257765629665825
1769;13,183;0,291868569644651
1770;13,187;0,297425143198415
1771;13,191;0,253778470016559
1772;13,195;0,295007397453647
1773;13,199;0,299673222575128
1774;13,203;0,302896883568152
1775;13,207;0,304339047696609
1776;13,212;0,283639750794039
1777;13,216;0,3121861172191
1778;13,220;0,253736053424546
1779;13,224;0,307859624833727
1780;13,228;0,302472717648017
1781;13,232;0,299164223470967
1782;13,236;0,29797655889459
1783;13,240;0,285633330618671
1784;13,244;0,23346092244211
1785;13,249;0,24436198658957
1786;13,253;0,261795205907104
1787;13,257;0,222729524662703
1788;13,261;0,211870877107256
1789;13,265;0,249579227407226
1790;13,269;0,209325881586448
1791;13,273;0,201563645247984
1792;13,277;0,199570065423352
1793;13,282;0,195582905774086
1794;13,286;0,175859190487825
1795;13,290;0,238211580747618
1796;13,294;0,163219046067812
1797;13,298;0,197618902190732
1798;13,302;0,181755096777696
1799;13,306;0,180652265385346
1800;13,310;0,172974862230909
1801;13,315;0,182052012921791
1802;13,319;0,190917080652605
1803;13,323;0,208774465890273
1804;13,327;0,187142003963406
1805;13,331;0,196431237614355
1806;13,335;0,172593112902788
1807;13,339;0,148670155007194
1808;13,343;0,190408081548443
1809;13,348;0,219845196405788
1810;13,352;0,198424817438988
1811;13,356;0,251572807231859
1812;13,360;0,279313258408665
1813;13,364;0,361771113282841
1814;13,368;0,470951421125499
1815;13,372;0,668485490132204
1816;13,376;0,974224285365258
1817;13,381;1,33994014170535
1818;13,385;1,92499219534707
1819;13,389;2,73629435078861
1820;13,393;3,71904437114857
1821;13,397;5,0431631240329
1822;13,401;6,69104772375601
1823;13,405;8,36569719303961
1824;13,409;10,4908957026902
1825;13,413;12,6078653934902
1826;13,418;14,7928288812878
1827;13,422;16,9186636398187
1828;13,426;19,134294323642
1829;13,430;20,81008904091
1830;13,434;21,9054975296577
1831;13,438;22,9031781904064
1832;13,442;23,2333489426392
1833;13,446;23,560423283655
1834;13,451;22,8303064853273
1835;13,455;22,2033044221842
1836;13,459;21,2251353937617
1837;13,463;20,1021137036132
1838;13,467;18,5511934332329
1839;13,471;17,0648312158971
1840;13,475;15,6578728588104
1841;13,479;14,5405774085838
1842;13,484;13,1422720362679
1843;13,488;11,7371375926378
1844;13,492;10,35796210332
1845;13,496;9,58343513315416
1846;13,500;8,50685961126042
1847;13,504;7,57390666992426
1848;13,508;6,73053757092054
1849;13,512;6,19460393083042
1850;13,517;5,57740010044249
1851;13,521;4,96227468306322
1852;13,525;4,4190878057388
1853;13,529;3,90928278632896
1854;13,533;3,73168451556859
1855;13,537;3,39141861443657
1856;13,541;3,13649489643565
1857;13,545;2,85158264788121
1858;13,550;2,72764136601786
1859;13,554;2,4231326519532
1860;13,558;2,39267753888753
1861;13,562;2,15802895186904
1862;13,566;1,91744204196867
1863;13,570;1,86582104948829
1864;13,574;1,77195313136249
1865;13,578;1,6522959252925
1866;13,582;1,56224550044792
1867;13,587;1,43406255938323
1868;13,591;1,3684440915384
1869;13,595;1,40212286559709
1870;13,599;1,29319705730651
1871;13,603;1,1951723131634
1872;13,607;1,18872499117735
1873;13,611;1,08628892146483
1874;13,615;1,03772192360941
1875;13,620;1,01748920921899
1876;13,624;0,942411841355159
1877;13,628;0,838151858186063
1878;13,632;0,867970722371529
1879;13,636;0,857536240736216
1880;13,640;0,842223851019355
1881;13,644;0,776138800662378
1882;13,648;0,785428034313326
1883;13,653;0,714634742242854
1884;13,657;0,659238673073269
1885;13,661;0,656015012080245
1886;13,665;0,670182153812743
1887;13,669;0,651561269918832
1888;13,673;0,610798924993892
1889;13,677;0,558965849553438
1890;13,681;0,61665241469175
1891;13,686;0,552815443711486
1892;13,690;0,52176649835763
1893;13,694;0,577586733447349
1894;13,698;0,496740709069685
1895;13,702;0,49398363058881
1896;13,706;0,42921349458425
1897;13,710;0,499497787550561
1898;13,714;0,473878165974428
1899;13,719;0,503739446751907
1900;13,723;0,437187813882781
1901;13,727;0,42946799413633
1902;13,731;0,444483467709097
1903;13,735;0,416827849716318
1904;13,739;0,4303163259766
1905;13,743;0,386966568938839
1906;13,747;0,382512826777425
1907;13,751;0,326650175095692
1908;13,756;0,408811113825773
1909;13,760;0,358420202513777
1910;13,764;0,343956144637185
1911;13,768;0,345058976029536
1912;13,772;0,377974251431984
1913;13,776;0,373350842902516
1914;13,780;0,351548714607596
1915;13,784;0,323002348182534
1916;13,789;0,310362203762521
1917;13,793;0,308029291201781
1918;13,797;0,278380093384369
1919;13,801;0,304890463392784
1920;13,805;0,291953402828678
1921;13,809;0,259589543122404
1922;13,813;0,286990661563102
1923;13,817;0,305569128865
1924;13,822;0,296788894318213
1925;13,826;0,265061283492141
1926;13,830;0,23125525965741
1927;13,834;0,273205269158726
1928;13,838;0,250427559247496
1929;13,842;0,249960976735348
1930;13,846;0,259971292450525
1931;13,850;0,256832464641529
1932;13,855;0,263788785731737
1933;13,859;0,248306729646822
1934;13,863;0,269642275429595
1935;13,867;0,201775728208052
1936;13,871;0,254499552080788
1937;13,875;0,241011075820507
1938;13,879;0,256874881233542
1939;13,883;0,243725737709368
1940;13,888;0,242877405869099
1941;13,892;0,23125525965741
1942;13,896;0,262176955235225
1943;13,900;0,216960868148872
1944;13,904;0,224723104487336
1945;13,908;0,216070119716589
1946;13,912;0,206568803105573
1947;13,916;0,198297567662948
1948;13,920;0,185318090506827
1949;13,925;0,218233365909276
1950;13,929;0,219760363221761
1951;13,933;0,195582905774086
1952;13,937;0,191341246572739
1953;13,941;0,219293780709613
1954;13,945;0,186633004859245
1955;13,949;0,172593112902788
1956;13,953;0,19269857751717
1957;13,958;0,217215367700953
1958;13,962;0,19354690935744
1959;13,966;0,190535331324484
1960;13,970;0,180355349241252
1961;13,974;0,176665105736081
1962;13,978;0,207205051985775
1963;13,982;0,189899082444282
1964;13,986;0,190662581100524
1965;13,991;0,147736989982898
1966;13,995;0,163515962211907
1967;13,999;0,184766674810652
1968;14,003;0,169666368053859
1969;14,007;0,204235890544833
1970;14,011;0,144725411949942
1971;14,015;0,183706260010316
1972;14,019;0,164364294052176
1973;14,024;0,200630480223688
1974;14,028;0,192401661373076
1975;14,032;0,136963175611478
1976;14,036;0,202496810272281
1977;14,040;0,186505755083204
1978;14,044;0,206229470369465
1979;14,048;0,175986440263865
1980;14,052;0,181543013817629
1981;14,057;0,173780777479165
1982;14,061;0,179337351032929
1983;14,065;0,144979911502022
1984;14,069;0,171999280614599
1985;14,073;0,189644582892201
1986;14,077;0,177174104840242
1987;14,081;0,152996647392567
1988;14,085;0,194183158237641
1989;14,089;0,166273040692782
1990;14,094;0,194055908461601
1991;14,098;0,160419550994924
1992;14,102;0,173908027255205
1993;14,106;0,137938757227787
1994;14,110;0,146125159486386
1995;14,114;0,151851399408204
1996;14,118;0,157323139777941
1997;14,122;0,169666368053859
1998;14,127;0,163346295843853
1999;14,131;0,163219046067812
2000;14,135;0,149942652767598
2001;14,139;0,147906656350951
2002;14,143;0,172635529494801
2003;14,147;0,172720362678828
2004;14,151;0,163473545619893
2005;14,155;0,189983915628308
2006;14,160;0,146931074734642
2007;14,164;0,148203572495046
2008;14,168;0,214755205364172
2009;14,172;0,189008334011999
2010;14,176;0,169284618725738
2011;14,180;0,243471238157287
2012;14,184;0,217512283845047
2013;14,188;0,183451760458235
2014;14,193;0,207120218801748
2015;14,197;0,232400507641773
2016;14,201;0,222602274886663
2017;14,205;0,231085593289356
2018;14,209;0,23150975920949
2019;14,213;0,268921193365366
2020;14,217;0,230491761001167
2021;14,221;0,200248730895567
2022;14,226;0,21632461926867
2023;14,230;0,236175584330972
2024;14,234;0,183791093194343
2025;14,238;0,190959497244618
2026;14,242;0,210513546162825
2027;14,246;0,160080218258816
2028;14,250;0,21853028205337
2029;14,254;0,155753725873442
2030;14,258;0,181585430409642
2031;14,263;0,154311561744985
2032;14,267;0,144937494910009
2033;14,271;0,191213996796699
2034;14,275;0,154905394033173
2035;14,279;0,14408916306974
2036;14,283;0,178701102152727
2037;14,287;0,159910551890762
2038;14,291;0,148245989087059
2039;14,296;0,153844979232837
2040;14,300;0,126613527160192
2041;14,304;0,116645628037028
2042;14,308;0,187099587371393
2043;14,312;0,184342508890518
2044;14,316;0,170557116486142
2045;14,320;0,138193256779868
2046;14,324;0,117197043733203
2047;14,329;0,177555854168363
2048;14,333;0,167078955941038
2049;14,337;0,138150840187855
2050;14,341;0,135733094443087
2051;14,345;0,155796142465456
2052;14,349;0,135266511930939
2053;14,353;0,149391237071423
2054;14,357;0,120251038358172
2055;14,362;0,143283247821484
2056;14,366;0,133739514618454
2057;14,370;0,118893707413742
2058;14,374;0,127377025816435
2059;14,378;0,13870225588403
2060;14,382;0,135733094443087
2061;14,386;0,13870225588403
2062;14,390;0,130770353177512
2063;14,395;0,139296088172218
2064;14,399;0,127461859000461
2065;14,403;0,152402815104379
2066;14,407;0,131661101609794
2067;14,411;0,185911922795016
2068;14,415;0,137048008795505
2069;14,419;0,147821823166925
2070;14,423;0,172847612454869
2071;14,427;0,157492806145995
2072;14,432;0,11397338274018
2073;14,436;0,0936558351657301
2074;14,440;0,178446602600646
2075;14,444;0,159019803458479
2076;14,448;0,123262616391128
2077;14,452;0,119911705622065
2078;14,456;0,137938757227787
2079;14,460;0,138362923147922
2080;14,465;0,129540272009121
2081;14,469;0,124450280967505
2082;14,473;0,137896340635774
2083;14,477;0,135139262154899
2084;14,481;0,154184311968944
2085;14,485;0,187269253739447
2086;14,489;0,122711200694953
2087;14,493;0,140314086380541
2088;14,498;0,113846132964139
2089;14,502;0,14739765724679
2090;14,506;0,119784455846024
2091;14,510;0,131024852729593
2092;14,514;0,143749830333632
2093;14,518;0,0899231750685452
2094;14,522;0,118554374677634
2095;14,526;0,139465754540272
2096;14,531;0,120505537910253
2097;14,535;0,162285881043516
2098;14,539;0,1269528598963
2099;14,543;0,110834554931183
2100;14,547;0,111089054483264
2101;14,551;0,131830767977848
2102;14,555;0,123517115943209
2103;14,559;0,11936028992589
2104;14,564;0,109392390802726
2105;14,568;0,100400073295871
2106;14,572;0,10638081276977
2107;14,576;0,137429758123626
2108;14,580;0,150536485055786
2109;14,584;0,115542796644678
2110;14,588;0,123050533431061
2111;14,592;0,119063373781795
2112;14,596;0,14421641284578
2113;14,601;0,102987485408692
2114;14,605;0,123389866167169
2115;14,609;0,123729198903277
2116;14,613;0,121269036566496
2117;14,617;0,133612264842414
2118;14,621;0,10430239976111
2119;14,625;0,101163571952113
2120;14,629;0,146761408366588
2121;14,634;0,129794771561202
2122;14,638;0,130897602953552
2123;14,642;0,103411651328827
2124;14,646;0,138108423595841
2125;14,650;0,137472174715639
2126;14,654;0,102563319488558
2127;14,658;0,119657206069984
2128;14,662;0,117493959877297
2129;14,667;0,133654681434427
2130;14,671;0,101163571952113
2131;14,675;0,132976015962212
2132;14,679;0,11422788229226
2133;14,683;0,148754988191221
2134;14,687;0,125213779623748
2135;14,691;0,140059586828461
2136;14,695;0,139762670684366
2137;14,700;0,111937386323533
2138;14,704;0,107144311426012
2139;14,708;0,115033797540516
2140;14,712;0,130346187257377
2141;14,716;0,128479857208785
2142;14,720;0,100484906479898
2143;14,724;0,119233040149849
2144;14,728;0,14421641284578
2145;14,733;0,153251146944648
2146;14,737;0,119996538806092
2147;14,741;0,105617314113527
2148;14,745;0,127122526264354
2149;14,749;0,110113472866954
2150;14,753;0,126443860792138
2151;14,757;0,148967071151288
2152;14,761;0,126783193528246
2153;14,765;0,121947702038711
2154;14,770;0,152826981024513
2155;14,774;0,140695835708662
2156;14,778;0,14298633167739
2157;14,782;0,143877080109672
2158;14,786;0,135817927627114
2159;14,790;0,0917046719331107
2160;14,794;0,122159784998778
2161;14,798;0,119020957189782
2162;14,803;0,115033797540516
2163;14,807;0,118342291717567
2164;14,811;0,137217675163558
2165;14,815;0,184045592746423
2166;14,819;0,123559532535223
2167;14,823;0,146252409262426
2168;14,827;0,142222833021147
2169;14,831;0,13467267964275
2170;14,836;0,126528693976165
2171;14,840;0,15829872139425
2172;14,844;0,120632787686294
2173;14,848;0,113930966148166
2174;14,852;0,108119893042322
2175;14,856;0,155202310177267
2176;14,860;0,131745934793821
2177;14,864;0,118766457637701
2178;14,869;0,136072427179195
2179;14,873;0,111555636995412
2180;14,877;0,12818294106469
2181;14,881;0,100103157151777
2182;14,885;0,115839712788772
2183;14,889;0,11838470830958
2184;14,893;0,143325664413497
2185;14,897;0,092001588077205
2186;14,902;0,129752354969189
2187;14,906;0,115966962564813
2188;14,910;0,116688044629041
2189;14,914;0,133697098026441
2190;14,918;0,11851195808562
2191;14,922;0,128013274696637
2192;14,926;0,171235781958357
2193;14,930;0,154481228113039
2194;14,934;0,120929703830388
2195;14,939;0,164067377908082
2196;14,943;0,135351345114966
2197;14,947;0,134121263946575
2198;14,951;0,138490172923962
2199;14,955;0,131533851833754
2200;14,959;0,137684257675706
2201;14,963;0,142519749165241
2202;14,967;0,100442489887884
2203;14,972;0,1505789016478
2204;14,976;0,120293454950186
2205;14,980;0,133230515514293
2206;14,984;0,12585002850395
2207;14,988;0,103750984064935
2208;14,992;0,0974309118549285
2209;14,996;0,0904745907647203
2210;15,000;0,142731832125309
2211;15,005;0,11202221950756
2212;15,009;0,098024744143117
2213;15,013;0,108077476450308
2214;15,017;0,0936558351657301
2215;15,021;0,115839712788772
2216;15,025;0,0948434997421071
2217;15,029;0,0932316692455955
2218;15,033;0,101502904688221
2219;15,038;0,0986185764313055
2220;15,042;0,111343554035345
2221;15,046;0,105490064337487
2222;15,050;0,105235564785406
2223;15,054;0,080506691641556
2224;15,058;0,113634050004072
2225;15,062;0,0878871786518989
2226;15,066;0,0976005782229823
2227;15,071;0,0903897575806933
2228;15,075;0,121269036566496
2229;15,079;0,125637945543882
2230;15,083;0,0880568450199528
2231;15,087;0,102902652224665
2232;15,091;0,104641732497217
2233;15,095;0,0815246898498792
2234;15,099;0,0983640768792247
2235;15,103;0,0983640768792247
2236;15,108;0,0936982517577436
2237;15,112;0,0735503705513478
2238;15,116;0,113761299780112
2239;15,120;0,104641732497217
2240;15,124;0,111301137443331
2241;15,128;0,11740912669327
2242;15,132;0,122329451366832
2243;15,136;0,135181678746912
2244;15,141;0,0720657898308766
2245;15,145;0,121353869750523
2246;15,149;0,109010641474604
2247;15,153;0,120123788582132
2248;15,157;0,10540523115346
2249;15,161;0,124153364823411
2250;15,165;0,14739765724679
2251;15,169;0,0838576024106197
2252;15,174;0,0969219127507669
2253;15,178;0,0736352037353748
2254;15,182;0,12046312131824
2255;15,186;0,106550479137823
2256;15,190;0,120675204278307
2257;15,194;0,0982368271031843
2258;15,198;0,104005483617016
2259;15,202;0,0885658441241143
2260;15,207;0,0922560876292858
2261;15,211;0,0958614979504303
2262;15,215;0,102181570160437
2263;15,219;0,0895838423324375
2264;15,223;0,102308819936477
2265;15,227;0,111216304259304
2266;15,231;0,102902652224665
2267;15,235;0,0948434997421071
2268;15,240;0,0839000190026332
2269;15,244;0,10001832396775
2270;15,248;0,101290821728154
2271;15,252;0,104217566577083
2272;15,256;0,116009379156826
2273;15,260;0,0522572413605885
2274;15,264;0,0957766647664033
2275;15,268;0,101714987648288
2276;15,272;0,126486277384152
2277;15,277;0,130515853625431
2278;15,281;0,19159574612482
2279;15,285;0,243216738605207
2280;15,289;0,396976884654016
2281;15,293;0,602358023183213
2282;15,297;0,868903887395825
2283;15,301;1,41353292884871
2284;15,305;2,23196107174851
2285;15,310;3,26539891956457
2286;15,314;4,96778884002497
2287;15,318;6,76701584005212
2288;15,322;9,59726294215056
2289;15,326;12,8478584711024
2290;15,330;16,5754709938377
2291;15,334;21,2457922740723
2292;15,338;25,9395275130982
2293;15,343;31,1935435160301
2294;15,347;36,2670769199446
2295;15,351;40,5385125688845
2296;15,355;44,75192231995
2297;15,359;48,0521028449657
2298;15,363;50,4217905909819
2299;15,367;52,1901383120232
2300;15,371;52,309032019437
2301;15,376;51,7883259358797
2302;15,380;49,4429853136792
2303;15,384;47,2518290034476
2304;15,388;44,7063669001276
2305;15,392;40,820455655998
2306;15,396;37,6274194424084
2307;15,400;33,7516457637701
2308;15,404;30,8517930341776
2309;15,409;27,7085114830198
2310;15,413;24,6677932513505
2311;15,417;21,8260088362244
2312;15,421;19,4595447512012
2313;15,425;17,1772351847327
2314;15,429;15,4004465618807
2315;15,433;13,6525860547819
2316;15,437;12,2580557591552
2317;15,441;11,0379849064799
2318;15,446;9,83572902245025
2319;15,450;9,13292850937916
2320;15,454;8,08400860547819
2321;15,458;7,39787781306838
2322;15,462;6,80998384776176
2323;15,466;6,33818409479599
2324;15,470;5,76857168064718
2325;15,474;5,36557163992725
2326;15,479;4,81593744061677
2327;15,483;4,46740030404213
2328;15,487;4,10609577327144
2329;15,491;3,9273522545267
2330;15,495;3,65966114232972
2331;15,499;3,31672299590086
2332;15,503;3,14786254309526
2333;15,507;3,09297547302983
2334;15,512;2,80844497380351
2335;15,516;2,65735707305155
2336;15,520;2,48985395119038
2337;15,524;2,34699486928903
2338;15,528;2,25978635610935
2339;15,532;2,13720240519043
2340;15,536;2,03981390992752
2341;15,540;1,90098440426745
2342;15,545;1,83256644134973
2343;15,549;1,80804965116595
2344;15,553;1,68822277872791
2345;15,557;1,62052589787442
2346;15,561;1,52661556315661
2347;15,565;1,53895879143253
2348;15,569;1,45985184732742
2349;15,573;1,30541303580639
2350;15,578;1,27338850883622
2351;15,582;1,26515968998561
2352;15,586;1,17735734451774
2353;15,590;1,25858511822353
2354;15,594;1,06007546760051
2355;15,598;1,09252416049081
2356;15,602;1,06134796536091
2357;15,606;1,04811398865271
2358;15,610;0,933504357032332
2359;15,615;0,915477305426609
2360;15,619;0,922518459700844
2361;15,623;0,87276379726905
2362;15,627;0,7985771778375
2363;15,631;0,792893354507696
2364;15,635;0,746235103292885
2365;15,639;0,758069332464641
2366;15,643;0,722948394277493
2367;15,648;0,675314561446372
2368;15,652;0,614616418275104
2369;15,656;0,646513695469229
2370;15,660;0,639939123707142
2371;15,664;0,635951964057877
2372;15,668;0,607914596736976
2373;15,672;0,618603577924369
2374;15,676;0,574235822678285
2375;15,681;0,568127833428346
2376;15,685;0,539835966555365
2377;15,689;0,55837201726525
2378;15,693;0,579495480087955
2379;15,697;0,507514523441105
2380;15,701;0,502085199663382
2381;15,705;0,470442422021337
2382;15,709;0,483294649401417
2383;15,714;0,447452629150039
2384;15,718;0,490166137307598
2385;15,722;0,42174817438988
2386;15,726;0,436678814778619
2387;15,730;0,421790590981893
2388;15,734;0,405332953280669
2389;15,738;0,416149184244102
2390;15,742;0,398588715150528
2391;15,747;0,340732483644162
2392;15,751;0,393244224556831
2393;15,755;0,351760797567663
2394;15,759;0,415470518771887
2395;15,763;0,367115603876537
2396;15,767;0,345992141053832
2397;15,771;0,32062701902978
2398;15,775;0,388239066699243
2399;15,779;0,379840581480577
2400;15,784;0,331952249097375
2401;15,788;0,343489562125037
2402;15,792;0,289959823004045
2403;15,796;0,296704061134186
2404;15,800;0,306078127969161
2405;15,804;0,302430301056003
2406;15,808;0,305653962049027
2407;15,812;0,289196324347802
2408;15,817;0,257171797377637
2409;15,821;0,292377568748812
2410;15,825;0,290850571436328
2411;15,829;0,339035819963624
2412;15,833;0,303151383120232
2413;15,837;0,285633330618671
2414;15,841;0,2797374243288
2415;15,845;0,235496918858756
2416;15,850;0,267945611749057
2417;15,854;0,29492256426962
2418;15,858;0,287626910443304
2419;15,862;0,277955927464234
2420;15,866;0,285590914026658
2421;15,870;0,258020129217906
2422;15,874;0,26480678394006
2423;15,878;0,262940453891468
2424;15,883;0,284063916714173
2425;15,887;0,267733528788989
2426;15,891;0,284827415370416
2427;15,895;0,228243681624454
2428;15,899;0,270108857941743
2429;15,903;0,27006644134973
2430;15,907;0,277404511768059
2431;15,911;0,260565124738714
2432;15,916;0,315324945028097
2433;15,920;0,328007506040123
2434;15,924;0,308495873713929
2435;15,928;0,41979701115726
2436;15,932;0,346713223118061
2437;15,936;0,349555134782963
2438;15,940;0,439351060075468
2439;15,944;0,458014360561392
2440;15,948;0,454621033200315
2441;15,953;0,456657029616961
2442;15,957;0,428577245704048
2443;15,961;0,464716182099519
2444;15,965;0,397570716942205
2445;15,969;0,435872899530363
2446;15,973;0,436763647962646
2447;15,977;0,411865108450742
2448;15,981;0,435448733610229
2449;15,986;0,376659337079567
2450;15,990;0,408047615169531
2451;15,994;0,367242853652578
2452;15,998;0,328643754920325
2453;16,002;0,306035711377148
2454;16,006;0,335048660314358
2455;16,010;0,284615332410348
2456;16,014;0,308792789858023
2457;16,019;0,2819430871135
2458;16,023;0,277065179031952
2459;16,027;0,329110337432473
2460;16,031;0,218106116133236
2461;16,035;0,264934033716101
2462;16,039;0,206611219697587
2463;16,043;0,248730895566957
2464;16,047;0,2539057197926
2465;16,052;0,214712788772158
2466;16,056;0,238593330075739
2467;16,060;0,252633222032196
2468;16,064;0,226250101799821
2469;16,068;0,199824564975432
2470;16,072;0,204787306241008
2471;16,076;0,194395241197709
2472;16,080;0,142604582349268
2473;16,085;0,187863086027635
2474;16,089;0,197788568558786
2475;16,093;0,19808548470288
2476;16,097;0,159528802562641
2477;16,101;0,154099478784917
2478;16,105;0,146040326302359
2479;16,109;0,167927287781307
2480;16,113;0,15401464560089
2481;16,117;0,185530173466895
2482;16,122;0,134333346906643
2483;16,126;0,145488910606184
2484;16,130;0,171702364470505
2485;16,134;0,127716358552542
2486;16,138;0,164703626788284
2487;16,142;0,171532698102451
2488;16,146;0,113549216820045
2489;16,150;0,140017170236447
2490;16,155;0,117578793061324
2491;16,159;0,134460596682683
2492;16,163;0,128395024024758
2493;16,167;0,122583950918913
2494;16,171;0,153039063984581
2495;16,175;0,111385970627358
2496;16,179;0,13221251730597
2497;16,183;0,133145682330266
2498;16,188;0,121990118630725
2499;16,192;0,104853815457285
2500;16,196;0,11740912669327
2501;16,200;0,0995517414556017
2502;16,204;0,141756250508999
2503;16,208;0,104472066129164
2504;16,212;0,12169320248663
2505;16,216;0,11312505089991
2506;16,221;0,13785392404376
2507;16,225;0,135054428970872
2508;16,229;0,0972612454868746
2509;16,233;0,120378288134213
2510;16,237;0,127673941960529
2511;16,241;0,113549216820045
2512;16,245;0,139338504764232
2513;16,249;0,0970067459347938
2514;16,254;0,125680362135896
2515;16,258;0,0933165024296224
2516;16,262;0,123559532535223
2517;16,266;0,107907810082254
2518;16,270;0,116857710997095
2519;16,274;0,102478486304531
2520;16,278;0,122626367510927
2521;16,282;0,076307449032223
2522;16,286;0,104132733393056
2523;16,291;0,115712463012732
2524;16,295;0,0900928414365991
2525;16,299;0,1505789016478
2526;16,303;0,130303770665364
2527;16,307;0,119657206069984
2528;16,311;0,096752246382713
2529;16,315;0,0876750956918316
2530;16,319;0,0984064934712382
2531;16,324;0,141501750956918
2532;16,328;0,0951828324782148
2533;16,332;0,114312715476287
2534;16,336;0,102308819936477
2535;16,340;0,122965700247034
2536;16,344;0,11507621413253
2537;16,348;0,133994014170535
2538;16,352;0,0950555827021744
2539;16,357;0,108544058962456
2540;16,361;0,101799820832315
2541;16,365;0,0932740858376089
2542;16,369;0,11287055134783
2543;16,373;0,0872085131796835
2544;16,377;0,104472066129164
2545;16,381;0,127716358552542
2546;16,385;0,110580055379103
2547;16,390;0,08177918940196
2548;16,394;0,122838450470994
2549;16,398;0,106126313217689
2550;16,402;0,0791917772891386
2551;16,406;0,100696989439965
2552;16,410;0,120123788582132
2553;16,414;0,109477223986752
2554;16,418;0,120081371990119
2555;16,423;0,0992548253115074
2556;16,427;0,106083896625675
2557;16,431;0,104175149985069
2558;16,435;0,0892869261883432
2559;16,439;0,0754591171919537
2560;16,443;0,0874630127317643
2561;16,447;0,113549216820045
2562;16,451;0,0908987566848549
2563;16,455;0,0834334364904851
2564;16,460;0,105362814561446
2565;16,464;0,0720657898308766
2566;16,468;0,123517115943209
2567;16,472;0,123092950023075
2568;16,476;0,102732985856612
2569;16,480;0,133357765290333
2570;16,484;0,123814032087304
2571;16,488;0,0837727692265928
2572;16,493;0,104641732497217
2573;16,497;0,117706042837365
2574;16,501;0,0693511279420148
2575;16,505;0,0771557808724923
2576;16,509;0,0934437522056628
2577;16,513;0,105659730705541
2578;16,517;0,0899231750685452
2579;16,521;0,125468279175829
2580;16,526;0,0629038059559682
2581;16,530;0,100187990335804
2582;16,534;0,114524798436355
2583;16,538;0,115373130276624
2584;16,542;0,0855966826831718
2585;16,546;0,0599346445150256
2586;16,550;0,124577530743546
2587;16,554;0,0923833374053262
2588;16,559;0,0840272687786736
2589;16,563;0,0550567364334772
2590;16,567;0,0884385943480739
2591;16,571;0,0937830849417705
2592;16,575;0,0972188288948611
2593;16,579;0,10968930694682
2594;16,583;0,117578793061324
2595;16,587;0,099848657599696
2596;16,592;0,0636673046122105
2597;16,596;0,124450280967505
2598;16,600;0,0956494149903629
2599;16,604;0,10858647555447
2600;16,608;0,095013166110161
2601;16,612;0,0711750413985938
2602;16,616;0,0951404158862014
2603;16,620;0,106211146401716
2604;16,624;0,0518330754404539
2605;16,629;0,0934013356136493
2606;16,633;0,100103157151777
2607;16,637;0,0963280804625784
2608;16,641;0,0961584140945245
2609;16,645;0,0839000190026332
2610;16,649;0,0792341938811521
2611;16,653;0,116857710997095
2612;16,657;0,0840272687786736
2613;16,662;0,099763824415669
2614;16,666;0,0827971876102831
2615;16,670;0,127419442408448
2616;16,674;0,0927226701414339
2617;16,678;0,11312505089991
2618;16,682;0,0933165024296224
2619;16,686;0,0748652849037652
2620;16,690;0,124450280967505
2621;16,695;0,114185465700247
2622;16,699;0,0647701360045606
2623;16,703;0,139253671580205
2624;16,707;0,108501642370443
2625;16,711;0,0715992073187284
2626;16,715;0,0880568450199528
2627;16,719;0,0905594239487472
2628;16,723;0,0598922279230122
2629;16,728;0,0802097754974618
2630;16,732;0,0734231207753074
2631;16,736;0,0867843472595488
2632;16,740;0,0638793875722779
2633;16,744;0,0606133099872411
2634;16,748;0,0517058256644135
2635;16,752;0,0842817683307544
2636;16,756;0,0640066373483183
2637;16,761;0,0848756006189429
2638;16,765;0,0836879360425659
2639;16,769;0,0680786301816109
2640;16,773;0,0748652849037652
2641;16,777;0,0612495588674431
2642;16,781;0,0810156907457176
2643;16,785;0,0902625078046529
2644;16,789;0,0631158889160355
2645;16,793;0,0788948611450444
2646;16,798;0,0864450145234411
2647;16,802;0,055311235985558
2648;16,806;0,077579946792627
2649;16,810;0,0849180172109564
2650;16,814;0,0951828324782148
2651;16,818;0,0562019844178408
2652;16,822;0,0701570431902706
2653;16,826;0,0632431386920759
2654;16,831;0,0664667996850992
2655;16,835;0,0693511279420148
2656;16,839;0,090813923500828
2657;16,843;0,0767740315443712
2658;16,847;0,107017061649971
2659;16,851;0,067993796997584
2660;16,855;0,0638793875722779
2661;16,859;0,0653639682927491
2662;16,864;0,0640490539403317
2663;16,868;0,048736664223471
2664;16,872;0,0260437874962673
2665;16,876;0,123432282759182
2666;16,880;0,077579946792627
2667;16,884;0,111640470179439
2668;16,888;0,0676120476694628
2669;16,892;0,08716609658767
2670;16,897;0,0812701902977984
2671;16,901;0,0945465835980129
2672;16,905;0,087802345467872
2673;16,909;0,0954373320302956
2674;16,913;0,0821609387300812
2675;16,917;0,0766467817683308
2676;16,921;0,08177918940196
2677;16,925;0,083603102858539
2678;16,930;0,0819064391780004
2679;16,934;0,0629886391399951
2680;16,938;0,0816943562179331
2681;16,942;0,0797856095773271
2682;16,946;0,0964977468306322
2683;16,950;0,073932119879469
2684;16,954;0,104344816353123
2685;16,958;0,0910260064608953
2686;16,962;0,070920541846513
2687;16,967;0,0874205961397508
2688;16,971;0,0723627059749708
2689;16,975;0,109307557618699
2690;16,979;0,0528934902407905
2691;16,983;0,058874229714689
2692;16,987;0,0730413714471863
2693;16,991;0,103835817248962
2694;16,995;0,0696480440861091
2695;17,000;0,0638793875722779
2696;17,004;0,08716609658767
2697;17,008;0,0832213535304178
2698;17,012;0,0558202350897196
2699;17,016;0,0554809023536119
2700;17,020;0,0474217498710536
2701;17,024;0,0574744821782447
2702;17,028;0,0827971876102831
2703;17,033;0,0503484947199826
2704;17,037;0,0545053207373022
2705;17,041;0,0633279718761028
2706;17,045;0,0855542660911583
2707;17,049;0,069096628389934
2708;17,053;0,0805491082335695
2709;17,057;0,0712598745826207
2710;17,061;0,114991380948503
2711;17,066;0,0558202350897196
2712;17,070;0,0751622010478595
2713;17,074;0,0687997122458398
2714;17,078;0,0886930939001547
2715;17,082;0,0771557808724923
2716;17,086;0,0498819122078345
2717;17,090;0,0777920297526943
2718;17,094;0,057686565138312
2719;17,099;0,0680786301816109
2720;17,103;0,110452805603062
2721;17,107;0,0486094144474306
2722;17,111;0,0737624535114152
2723;17,115;0,0310065287618427
2724;17,119;0,0700297934142303
2725;17,123;0,0654063848847626
2726;17,127;0,0499667453918614
2727;17,131;0,0927650867334473
2728;17,136;0,0814822732578657
2729;17,140;0,0731686212232266
2730;17,144;0,0738472866954421
2731;17,148;0,0642611369003991
2732;17,152;0,0850876835790102
2733;17,156;0,0458523359665554
2734;17,160;0,0551415696175041
2735;17,164;0,0646004696365068
2736;17,169;0,069732877270136
2737;17,173;0,0623523902597931
2738;17,177;0,0660426337649646
2739;17,181;0,0786827781849771
2740;17,185;0,0727868718951055
2741;17,189;0,0505605776800499
2742;17,193;0,0832213535304178
2743;17,197;0,0498819122078345
2744;17,202;0,0788100279610175
2745;17,206;0,0829244373863235
2746;17,210;0,0689269620218802
2747;17,214;0,104726565681244
2748;17,218;0,13123693568966
2749;17,222;0,216027703124576
2750;17,226;0,339417569291745
2751;17,230;0,512901430626815
2752;17,235;0,827335627222629
2753;17,239;1,21298728180905
2754;17,243;1,89530058093764
2755;17,247;2,52675638624209
2756;17,251;3,70101731954285
2757;17,255;5,31462931291908
2758;17,259;6,93222846594457
2759;17,263;8,7991523468252
2760;17,268;11,5805355349241
2761;17,272;14,1588280804626
2762;17,276;16,8765015473573
2763;17,280;19,4533095121753
2764;17,284;21,9547007763933
2765;17,288;23,9284296359638
2766;17,292;25,4577174444173
2767;17,296;26,7748374596194
2768;17,300;27,4335671335885
2769;17,305;26,8564893992453
2770;17,309;25,9880520943616
2771;17,313;24,8685509813503
2772;17,317;23,5805711648614
2773;17,321;21,7366794934441
2774;17,325;20,3979694329071
2775;17,329;18,4364989684285
2776;17,333;16,6979701115726
2777;17,338;15,0911023563265
2778;17,342;13,1511371039987
2779;17,346;11,9064222113636
2780;17,350;10,4684997421071
2781;17,354;9,47103116431848
2782;17,358;8,49998812335424
2783;17,362;7,46286003203301
2784;17,366;6,70759019464126
2785;17,371;5,96513016803757
2786;17,375;5,45702181230828
2787;17,379;4,87065484431414
2788;17,383;4,53475785215951
2789;17,387;4,0495968727095
2790;17,391;3,66670229660396
2791;17,395;3,27655448326411
2792;17,399;3,09827754703152
2793;17,404;2,8039912316421
2794;17,408;2,58588511550886
2795;17,412;2,40697193039607
2796;17,416;2,22500475065831
2797;17,420;2,16710610255993
2798;17,424;1,9439948285691
2799;17,428;1,83752918261531
2800;17,432;1,64746043380297
2801;17,437;1,58968903548063
2802;17,441;1,4761822352526
2803;17,445;1,40848535439911
2804;17,449;1,32840282867769
2805;17,453;1,24641155631566
2806;17,457;1,2339410782637
2807;17,461;1,16522619920189
2808;17,465;1,0496409859652
2809;17,469;1,05070140076553
2810;17,474;0,945381002796102
2811;17,478;0,865977142546896
2812;17,482;0,885828107609197
2813;17,486;0,792469188587561
2814;17,490;0,814228900290469
2815;17,494;0,747465184461275
2816;17,498;0,736224787577707
2817;17,502;0,692832613947933
2818;17,507;0,694105111708337
2819;17,511;0,672896815701604
2820;17,515;0,60587860032033
2821;17,519;0,603248771615495
2822;17,523;0,576568735239026
2823;17,527;0,533727977305427
2824;17,531;0,506369275456742
2825;17,535;0,506878274560903
2826;17,540;0,496783125661699
2827;17,544;0,507981105953254
2828;17,548;0,459117191953742
2829;17,552;0,438926894155333
2830;17,556;0,403678706192144
2831;17,560;0,41954251160518
2832;17,564;0,399267380622743
2833;17,568;0,380773746504873
2834;17,573;0,34756155495833
2835;17,577;0,400582294975161
2836;17,581;0,33152808317724
2837;17,585;0,343489562125037
2838;17,589;0,353415044656188
2839;17,593;0,350827632543367
2840;17,597;0,311549868338898
2841;17,601;0,292759318076934
2842;17,606;0,279313258408665
2843;17,610;0,294031815837337
2844;17,614;0,268072861525097
2845;17,618;0,263661535955697
2846;17,622;0,25488130140891
2847;17,626;0,264297784835899
2848;17,630;0,255729633249179
2849;17,634;0,281518921193365
2850;17,638;0,232824673561908
2851;17,643;0,235878668186877
2852;17,647;0,23125525965741
2853;17,651;0,239356828731981
2854;17,655;0,234478920650433
2855;17,659;0,19795823492684
2856;17,663;0,21853028205337
2857;17,667;0,195201156445965
2858;17,671;0,188923500827972
2859;17,676;0,148797404783234
2860;17,680;0,184851507994679
2861;17,684;0,166315457284795
2862;17,688;0,211658794147189
2863;17,692;0,187947919211662
2864;17,696;0,193080326845291
2865;17,700;0,174968442055542
2866;17,704;0,178828351928767
2867;17,709;0,145276827646117
2868;17,713;0,159698468930695
2869;17,717;0,13013410429731
2870;17,721;0,114439965252328
2871;17,725;0,129413022233081
2872;17,729;0,184893924586693
2873;17,733;0,16245554741157
2874;17,737;0,129964437929256
2875;17,742;0,134078847354562
2876;17,746;0,141416917772891
2877;17,750;0,123008116839048
2878;17,754;0,123729198903277
2879;17,758;0,124704780519586
2880;17,762;0,151172733935988
2881;17,766;0,130218937481337
2882;17,770;0,127334609224421
2883;17,775;0,138787089068057
2884;17,779;0,145064744686049
2885;17,783;0,156177891793577
2886;17,787;0,126528693976165
2887;17,791;0,0982792436951978
2888;17,795;0,121311453158509
2889;17,799;0,142816665309336
2890;17,803;0,0992972419035209
2891;17,807;0,157916972066129
2892;17,812;0,101333238320167
2893;17,816;0,104684149089231
2894;17,820;0,0945465835980129
2895;17,824;0,124365447783479
2896;17,828;0,118427124901594
2897;17,832;0,130091687705296
2898;17,836;0,143580163965578
2899;17,840;0,110580055379103
2900;17,845;0,111640470179439
2901;17,849;0,0966249966066726
2902;17,853;0,0862329315633738
2903;17,857;0,12364436571925
2904;17,861;0,0646428862285202
2905;17,865;0,0991275755354671
2906;17,869;0,0939527513098244
2907;17,873;0,101884654016342
2908;17,878;0,0685876292857725
2909;17,882;0,0903473409886799
2910;17,886;0,0792341938811521
2911;17,890;0,112064636099574
2912;17,894;0,100696989439965
2913;17,898;0,0682482965496647
2914;17,902;0,074568368759671
2915;17,906;0,0833486033064582
2916;17,911;0,0911108396449222
2917;17,915;0,0840696853706871
2918;17,919;0,0872085131796835
2919;17,923;0,0924257539973396
2920;17,927;0,0903897575806933
2921;17,931;0,100696989439965
2922;17,935;0,084705934250889
2923;17,939;0,067993796997584
2924;17,944;0,0754591171919537
2925;17,948;0,0799128593533675
2926;17,952;0,0651518853326818
2927;17,956;0,0973036620788881
2928;17,960;0,0876326790998181
2929;17,964;0,0491608301436056
2930;17,968;0,0906018405407606
2931;17,972;0,100739406031979
2932;17,976;0,0815246898498792
2933;17,981;0,0893717593723702
2934;17,985;0,078767611369004
2935;17,989;0,0759681162961153
2936;17,993;0,0794886934332329
2937;17,997;0,0862329315633738
2938;18,001;0,129582688601135
2939;18,005;0,0927226701414339
2940;18,009;0,118299875125553
2941;18,014;0,0809732741537042
2942;18,018;0,102308819936477
2943;18,022;0,107865393490241
2944;18,026;0,127886024920596
2945;18,030;0,109562057170779
2946;18,034;0,145658576974238
2947;18,038;0,14850048863914
2948;18,042;0,121990118630725
2949;18,047;0,124619947335559
2950;18,051;0,137217675163558
2951;18,055;0,133909180986508
2952;18,059;0,177810353720444
2953;18,063;0,138575006107989
2954;18,067;0,191807829084887
2955;18,071;0,195370822814019
2956;18,075;0,175010858647555
2957;18,080;0,160292301218883
2958;18,084;0,164491543828216
2959;18,088;0,186293672123137
2960;18,092;0,141968333469066
2961;18,096;0,165255042484459
2962;18,100;0,145785826750278
2963;18,104;0,144173996253767
2964;18,108;0,150409235279746
2965;18,113;0,117536376469311
2966;18,117;0,121608369302603
2967;18,121;0,122753617286967
2968;18,125;0,112700884979776
2969;18,129;0,10124840513614
2970;18,133;0,0598498113309987
2971;18,137;0,0959039145424437
2972;18,141;0,066169883541005
2973;18,146;0,10871372533051
2974;18,150;0,0961584140945245
2975;18,154;0,0685027961017455
2976;18,158;0,105702147297554
2977;18,162;0,0666364660531531
2978;18,166;0,0907715069088145
2979;18,170;0,0946738333740533
2980;18,174;0,0751622010478595
2981;18,178;0,0904745907647203
2982;18,183;0,0791917772891386
2983;18,187;0,079319027065179
2984;18,191;0,0687148790618129
2985;18,195;0,0493304965116595
2986;18,199;0,0668485490132204
2987;18,203;0,0894990091484106
2988;18,207;0,0881840947959932
2989;18,211;0,0862753481553872
2990;18,216;0,093189252653582
2991;18,220;0,0713022911746342
2992;18,224;0,0962856638705649
2993;18,228;0,106550479137823
2994;18,232;0,0900504248445856
2995;18,236;0,106677728913864
2996;18,240;0,101799820832315
2997;18,244;0,12597727827999
2998;18,249;0,15291181420854
2999;18,253;0,148670155007194
3000;18,257;0,132254933897983
3001;18,261;0,121099370198442
3002;18,265;0,168605953253522
3003;18,269;0,115245880500584
3004;18,273;0,151512066672096
3005;18,277;0,165933707956674
3006;18,282;0,141925916877053
3007;18,286;0,130643103401471
3008;18,290;0,117536376469311
3009;18,294;0,16343112902788
3010;18,298;0,0919591714851915
3011;18,302;0,126740776936233
3012;18,306;0,118172625349513
3013;18,310;0,0707508754784592
3014;18,315;0,0990003257594267
3015;18,319;0,0784706952249097
3016;18,323;0,0706660422944322
3017;18,327;0,104684149089231
3018;18,331;0,103369234736814
3019;18,335;0,0679513804055705
3020;18,339;0,104768982273258
3021;18,343;0,0601043108830795
3022;18,347;0,0369872682357412
3023;18,352;0,0606557265792546
3024;18,356;0,0746956185357114
3025;18,360;0,0814822732578657
3026;18,364;0,0982792436951978
3027;18,368;0,10209673697641
3028;18,372;0,0784706952249097
3029;18,376;0,0954373320302956
3030;18,380;0,0532752395689117
3031;18,385;0,0740593696555094
3032;18,389;0,076943697912425
3033;18,393;0,0607405597632815
3034;18,397;0,0409744278850069
3035;18,401;0,0500091619838749
3036;18,405;0,0266800363764693
3037;18,409;0,0956918315823764
3038;18,413;0,0742290360235633
3039;18,418;0,063158305508049
3040;18,422;0,0560747346418004
3041;18,426;0,067993796997584
3042;18,430;0,040253345820778
3043;18,434;0,039065681244401
3044;18,438;0,0723202893829574
3045;18,442;0,0534449059369655
3046;18,446;0,0329576919944621
3047;18,451;0,0472520835029997
3048;18,455;0,056498900561935
3049;18,459;0,0577713983223389
3050;18,463;0,0549294866574368
3051;18,467;0,0602739772511334
3052;18,471;0,0572199826261639
3053;18,475;0,0609950593153623
3054;18,479;0,049839495615821
3055;18,484;0,039065681244401
3056;18,488;0,0464885848467573
3057;18,492;0,0567958167060293
3058;18,496;0,054759820289383
3059;18,500;0,0511544099682385
3060;18,504;0,0508999104161577
3061;18,508;0,0586621467546217
3062;18,512;0,0803794418655156
3063;18,516;0,0616313081955642
3064;18,521;0,0667637158291935
3065;18,525;0,0404654287808453
3066;18,529;0,0560747346418004
3067;18,533;0,0816943562179331
3068;18,537;0,0566685669299889
3069;18,541;0,0594256454108641
3070;18,545;0,0537842386730733
3071;18,549;0,0725323723430247
3072;18,554;0,0441556722860168
3073;18,558;0,026467953416402
3074;18,562;0,0399140130846703
3075;18,566;0,0678665472215436
3076;18,570;0,0403381790048049
3077;18,574;0,0663395499090588
3078;18,578;0,0626068898118739
3079;18,582;0,0247712897358634
3080;18,587;0,0523844911366289
3081;18,591;0,0822033553220946
3082;18,595;0,0368600184597008
3083;18,599;0,0421196758693705
3084;18,603;0,0622251404837527
3085;18,607;0,0712174579906073
3086;18,611;0,0687997122458398
3087;18,615;0,0593832288188506
3088;18,620;0,0365206857235931
3089;18,624;0,0540811548171675
3090;18,628;0,053487322528979
3091;18,632;0,0507302440481038
3092;18,636;0,0570927328501235
3093;18,640;0,0494577462876999
3094;18,644;0,0652367185167087
3095;18,648;0,0401260960447376
3096;18,653;0,0642187203083856
3097;18,657;0,0557354019056926
3098;18,661;0,0520027418085078
3099;18,665;0,0633279718761028
3100;18,669;0,119826872438038
3101;18,673;0,13013410429731
3102;18,677;0,127801191736569
3103;18,681;0,127419442408448
3104;18,685;0,166315457284795
3105;18,690;0,17653785596004
3106;18,694;0,154735727665119
3107;18,698;0,184597008442598
3108;18,702;0,190747414284551
3109;18,706;0,176962021880175
3110;18,710;0,27863459293645
3111;18,714;0,23995066102017
3112;18,718;0,238635746667753
3113;18,723;0,229007180280696
3114;18,727;0,223196107174851
3115;18,731;0,211022545266987
3116;18,735;0,200248730895567
3117;18,739;0,195201156445965
3118;18,743;0,188541751499851
3119;18,747;0,232782256969894
3120;18,751;0,181755096777696
3121;18,756;0,145107161278063
3122;18,760;0,152742147840486
3123;18,764;0,123941281863344
3124;18,768;0,10442964953715
3125;18,772;0,099848657599696
3126;18,776;0,149857819583571
3127;18,780;0,135266511930939
3128;18,784;0,0922560876292858
3129;18,789;0,115161047316557
3130;18,793;0,114652048212395
3131;18,797;0,0821185221380677
3132;18,801;0,0488639139995114
3133;18,805;0,0827547710182697
3134;18,809;0,0928923365094877
3135;18,813;0,065533634660803
3136;18,817;0,0717264570947688
3137;18,822;0,0624372234438201
3138;18,826;0,0718537068708092
3139;18,830;0,0772406140565193
3140;18,834;0,0596801449629449
3141;18,838;0,0772830306485327
3142;18,842;0,0662123001330184
3143;18,846;0,060061894291066
3144;18,850;0,0805491082335695
3145;18,854;0,0922136710372723
3146;18,859;0,0756287835600076
3147;18,863;0,069096628389934
3148;18,867;0,0413561772131281
3149;18,871;0,101290821728154
3150;18,875;0,0707932920704726
3151;18,879;0,145404077422157
3152;18,883;0,101036322176073
3153;18,887;0,143071164861416
3154;18,892;0,133485015066373
3155;18,896;0,142392499389201
3156;18,900;0,156220308385591
3157;18,904;0,167248622309091
3158;18,908;0,179803933545077
3159;18,912;0,228031598664386
3160;18,916;0,220269362325922
3161;18,920;0,192656160925157
3162;18,925;0,240586909900372
3163;18,929;0,201987811168119
3164;18,933;0,258571544914081
3165;18,937;0,238381247115672
3166;18,941;0,234521337242446
3167;18,945;0,225698686103646
3168;18,949;0,214967288324239
3169;18,953;0,222475025110622
3170;18,958;0,203048225968456
3171;18,962;0,18926283356408
3172;18,966;0,207968550642018
3173;18,970;0,177810353720444
3174;18,974;0,129073689496973
3175;18,978;0,175392607975677
3176;18,982;0,116009379156826
3177;18,986;0,146167576078399
3178;18,991;0,14519199446209
3179;18,995;0,101418071504194
3180;18,999;0,100060740559763
3181;19,003;0,119657206069984
3182;19,007;0,0753742840079268
3183;19,011;0,0872085131796835
3184;19,015;0,074568368759671
3185;19,019;0,07210820642289
3186;19,023;0,0743987023916171
3187;19,028;0,0662123001330184
3188;19,032;0,0701994597822841
3189;19,036;0,0895838423324375
3190;19,040;0,0788100279610175
3191;19,044;0,0887779270841817
3192;19,048;0,0329576919944621
3193;19,052;0,0408047615169531
3194;19,056;0,0581531476504601
3195;19,061;0,0891596764123028
3196;19,065;0,0441132556940033
3197;19,069;0,0657881342128838
3198;19,073;0,0556081521296522
3199;19,077;0,0503909113119961
3200;19,081;0,0544204875532752
3201;19,085;0,0659153839889242
3202;19,089;0,0356299372913104
3203;19,094;0,0608678095393219
3204;19,098;0,0521724081765616
3205;19,102;0,0923409208133127
3206;19,106;0,042713508157559
3207;19,110;0,089541425740424
3208;19,114;0,108077476450308
3209;19,118;0,114397548660314
3210;19,122;0,279779840920813
3211;19,127;0,356044873361023
3212;19,131;0,648252775741781
3213;19,135;1,07576960664549
3214;19,139;1,69836034421913
3215;19,143;2,66134423270082
3216;19,147;4,0240620843174
3217;19,151;5,8826723131634
3218;19,155;8,33770224231072
3219;19,160;11,6120510627901
3220;19,164;15,5791476640334
3221;19,168;20,4391983603442
3222;19,172;25,4468163802698
3223;19,176;31,5086563780981
3224;19,180;36,7633934630942
3225;19,184;42,6054730977007
3226;19,188;47,807486358824
3227;19,192;52,6643558107338
3228;19,197;55,7757400846974
3229;19,201;58,1092040611342
3230;19,205;59,2327347503868
3231;19,209;58,0524506610202
3232;19,213;56,4860059179629
3233;19,217;53,830642424736
3234;19,221;51,4377952194804
3235;19,225;47,1009531856557
3236;19,230;42,5130473437033
3237;19,234;38,6937301490349
3238;19,238;34,6996565952711
3239;19,242;30,8162055134783
3240;19,246;27,2788738225154
3241;19,250;24,1733430382496
3242;19,254;21,1902689551266
3243;19,258;19,0326641691777
3244;19,263;16,9805494475663
3245;19,267;15,2055847381709
3246;19,271;13,4277781171105
3247;19,275;11,9635997773977
3248;19,279;10,8551269783099
3249;19,283;9,73210528816136
3250;19,287;8,98222235795532
3251;19,291;7,976312878356
3252;19,296;7,41972235795532
3253;19,300;6,73057998751255
3254;19,304;6,17496504872818
3255;19,308;5,58825874799794
3256;19,312;5,1899669489915
3257;19,316;4,70637538344599
3258;19,320;4,49480142248283
3259;19,324;4,22363214974075
3260;19,329;3,93248466216033
3261;19,333;3,547129923718
3262;19,337;3,45008076119119
3263;19,341;3,20266477997665
3264;19,345;2,9536369682656
3265;19,349;2,83686409045253
3266;19,353;2,54991584548145
3267;19,357;2,51004424898879
3268;19,361;2,32748323696284
3269;19,366;2,27654090995467
3270;19,370;2,09588864456932
3271;19,374;2,00053614572305
3272;19,378;1,82293787496267
3273;19,382;1,86942645980943
3274;19,386;1,7468000922985
3275;19,390;1,48937379536879
3276;19,394;1,54723002687515
3277;19,399;1,43525022395961
3278;19,403;1,43834663517659
3279;19,407;1,35372553410973
3280;19,411;1,22312484730027
3281;19,415;1,25489487471835
3282;19,419;1,162426704129
3283;19,423;1,1469870646361
3284;19,427;1,06325671200152
3285;19,432;1,07818735239026
3286;19,436;0,954076404158862
3287;19,440;0,956366900127589
3288;19,444;0,946186918044358
3289;19,448;0,909751065504791
3290;19,452;0,889306268154301
3291;19,456;0,84913775551755
3292;19,460;0,777368881830768
3293;19,465;0,748949765181747
3294;19,469;0,742672109563754
3295;19,473;0,701909764638814
3296;19,477;0,684052379401146
3297;19,481;0,638878708906806
3298;19,485;0,670733569508918
3299;19,489;0,630861973016261
3300;19,493;0,661529169041996
3301;19,498;0,546368121725439
3302;19,502;0,566388753155794
3303;19,506;0,490378220267666
3304;19,510;0,589929961723267
3305;19,514;0,533685560713413
3306;19,518;0,515488842739637
3307;19,522;0,493304965116595
3308;19,526;0,466285596004018
3309;19,530;0,473878165974428
3310;19,535;0,458438526481527
3311;19,539;0,443804802236881
3312;19,543;0,443338219724733
3313;19,547;0,450549040367022
3314;19,551;0,463231601379048
3315;19,555;0,388366316475283
3316;19,559;0,387942150555148
3317;19,563;0,338569237451475
3318;19,568;0,332333998425496
3319;19,572;0,315112862068029
3320;19,576;0,330085919048782
3321;19,580;0,398334215598447
3322;19,584;0,336490824442816
3323;19,588;0,313882780899639
3324;19,592;0,336278741482748
3325;19,596;0,31108328582675
3326;19,601;0,288390409099547
3327;19,605;0,298315891630697
3328;19,609;0,311634701522925
3329;19,613;0,311507451746885
3330;19,617;0,256323465537367
3331;19,621;0,267691112196976
3332;19,625;0,258020129217906
3333;19,629;0,23897507940386
3334;19,634;0,270957189782013
3335;19,638;0,253311887504411
3336;19,642;0,262813204115427
3337;19,646;0,206992969025708
3338;19,650;0,20139397887993
3339;19,654;0,173526277927084
3340;19,658;0,252124222928034
3341;19,662;0,221626693270353
3342;19,667;0,182306512473871
3343;19,671;0,162667630371637
3344;19,675;0,170514699894128
3345;19,679;0,161183049651166
3346;19,683;0,193080326845291
3347;19,687;0,177174104840242
3348;19,691;0,183536593642262
3349;19,695;0,191553329532807
3350;19,699;0,203599641664631
3351;19,704;0,186505755083204
3352;19,708;0,196728153758449
3353;19,712;0,170981282406276
3354;19,716;0,138150840187855
3355;19,720;0,149348820479409
3356;19,724;0,119105790373809
3357;19,728;0,189220416972066
3358;19,732;0,163006963107745
3359;19,737;0,129964437929256
3360;19,741;0,120632787686294
3361;19,745;0,127419442408448
3362;19,749;0,124959280071667
3363;19,753;0,136708676059397
3364;19,757;0,135266511930939
3365;19,761;0,136326926731276
3366;19,765;0,134206097130602
3367;19,770;0,129752354969189
3368;19,774;0,14090791866873
3369;19,778;0,113846132964139
3370;19,782;0,129455438825094
3371;19,786;0,144131579661753
3372;19,790;0,103793400656948
3373;19,794;0,15168173304015
3374;19,798;0,115245880500584
3375;19,803;0,073380704183294
3376;19,807;0,132848766186172
3377;19,811;0,0662547167250319
3378;19,815;0,0969219127507669
3379;19,819;0,102139153568423
3380;19,823;0,116475961668974
3381;19,827;0,112319135651655
3382;19,831;0,101375654912181
3383;19,836;0,0855966826831718
3384;19,840;0,0983216602872112
3385;19,844;0,116263878708907
3386;19,848;0,071556790726715
3387;19,852;0,101290821728154
3388;19,856;0,0705812091104053
3389;19,860;0,10209673697641
3390;19,864;0,118724041045688
3391;19,868;0,0652367185167087
3392;19,873;0,0845362678828352
3393;19,877;0,0981095773271439
3394;19,881;0,0850876835790102
3395;19,885;0,0937830849417705
3396;19,889;0,0974309118549285
3397;19,893;0,0915774221570703
3398;19,897;0,106720145505877
3399;19,901;0,10099390558406
3400;19,906;0,0785131118169232
3401;19,910;0,100569739663925
3402;19,914;0,0881416782039797
3403;19,918;0,0939951679018378
3404;19,922;0,0779192795287347
3405;19,926;0,0839424355946467
3406;19,930;0,0816519396259196
3407;19,934;0,0743562857996037
3408;19,939;0,0713871243586611
3409;19,943;0,0875478459157912
3410;19,947;0,0695632109020821
3411;19,951;0,10540523115346
3412;19,955;0,0578562315063659
3413;19,959;0,0825426880582023
3414;19,963;0,0900928414365991
3415;19,967;0,111852553139506
3416;19,972;0,0528934902407905
3417;19,976;0,0986609930233189
3418;19,980;0,0574320655862312
3419;19,984;0,0578986480983793
3420;19,988;0,0573048158101908
3421;19,992;0,0665092162771127
3422;19,996;0,0478034991991747
3423;20,000;0,044537421614138
3424;20,005;0,0514937427043462
3425;20,009;0,0662547167250319
3426;20,013;0,0347391888590276
3427;20,017;0,0489063305915248
3428;20,021;0,0537842386730733
3429;20,025;0,0516634090724
3430;20,029;0,0632855552840894
3431;20,033;0,0957342481743899
3432;20,037;0,0584076472025409
3433;20,042;0,077579946792627
3434;20,046;0,0797856095773271
3435;20,050;0,0501364117599153
3436;20,054;0,0820761055460542
3437;20,058;0,0367751852756739
3438;20,062;0,051748242256427
3439;20,066;0,0664667996850992
3440;20,070;0,0482700817113229
3441;20,075;0,039065681244401
3442;20,079;0,0736352037353748
3443;20,083;0,067993796997584
3444;20,087;0,0677392974455032
3445;20,091;0,076307449032223
3446;20,095;0,0549294866574368
3447;20,099;0,0941648342698917
3448;20,103;0,0905170073567337
3449;20,108;0,0752470342318864
3450;20,112;0,0761801992561826
3451;20,116;0,0941224176778782
3452;20,120;0,0719385400548362
3453;20,124;0,102605736080571
3454;20,128;0,114694464804409
3455;20,132;0,0777496131606808
3456;20,136;0,118427124901594
3457;20,141;0,123517115943209
3458;20,145;0,11397338274018
3459;20,149;0,140398919564568
3460;20,153;0,146464492222494
3461;20,157;0,115288297092597
3462;20,161;0,131491435241741
3463;20,165;0,0883961777560605
3464;20,169;0,121226619974482
3465;20,174;0,109180307842658
3466;20,178;0,130940019545566
3467;20,182;0,114355132068301
3468;20,186;0,120717620870321
3469;20,190;0,0832637701224312
3470;20,194;0,137981173819801
3471;20,198;0,130897602953552
3472;20,202;0,0953524988462687
3473;20,206;0,0630310557320086
3474;20,211;0,0542084045932079
3475;20,215;0,0554809023536119
3476;20,219;0,112658468387762
3477;20,223;0,105490064337487
3478;20,227;0,0603588104351603
3479;20,231;0,0852149333550506
3480;20,235;0,0757984499280615
3481;20,239;0,0352906045552027
3482;20,244;0,0799976925373945
3483;20,248;0,0752046176398729
3484;20,252;0,0639642207563048
3485;20,256;0,0632431386920759
3486;20,260;0,0974733284469419
3487;20,264;0,0780465293047751
3488;20,268;0,0637945543882509
3489;20,272;0,12928577245704
3490;20,277;0,0675272144854358
3491;20,281;0,0367327686836604
3492;20,285;0,0626068898118739
3493;20,289;0,0775375302006135
3494;20,293;0,0819064391780004
3495;20,297;0,0489911637755518
3496;20,301;0,0684179629177186
3497;20,305;0,0618433911556316
3498;20,310;0,0453433368623938
3499;20,314;0,0832637701224312
3500;20,318;0,0850876835790102
3501;20,322;0,0604012270271738
3502;20,326;0,0749501180877922
3503;20,330;0,038514265548226
3504;20,334;0,0800401091294079
3505;20,338;0,0848331840269294
3506;20,343;0,0440284225099764
3507;20,347;0,0707508754784592
3508;20,351;0,0752046176398729
3509;20,355;0,0285039498330483
3510;20,359;0,0409744278850069
3511;20,363;0,0838576024106197
3512;20,367;0,116560794853001
3513;20,371;0,123262616391128
3514;20,375;0,205593221489264
3515;20,380;0,322196432934278
3516;20,384;0,537460637402612
3517;20,388;0,860632651953199
3518;20,392;1,24713263837989
3519;20,396;1,98959266498358
3520;20,400;2,78197702038711
3521;20,404;3,97549508646198
3522;20,408;5,51369037923827
3523;20,413;7,47380351277248
3524;20,417;9,63938261801992
3525;20,421;11,9269518418981
3526;20,425;14,2728862963868
3527;20,429;17,2209666910986
3528;20,433;19,9194678584032
3529;20,437;21,9503742840079
3530;20,441;23,7428994624969
3531;20,446;24,9491425061759
3532;20,450;25,78767611369
3533;20,454;26,2109937019844
3534;20,458;25,6897362027309
3535;20,462;25,324486928903
3536;20,466;24,0633992317507
3537;20,470;22,3720376252138
3538;20,474;20,7546505551484
3539;20,479;19,2840248934495
3540;20,483;17,1155190433531
3541;20,487;15,7230671607351
3542;20,491;14,1490298477075
3543;20,495;12,707798884274
3544;20,499;11,1782141596764
3545;20,503;10,0173992860439
3546;20,507;8,68254913538019
3547;20,512;8,07904586421261
3548;20,516;7,08420711512881
3549;20,520;6,23969276814073
3550;20,524;5,75012046312132
3551;20,528;5,06475316936775
3552;20,532;4,64262324564975
3553;20,536;4,26261299780112
3554;20,540;3,84905122566984
3555;20,544;3,50055650568722
3556;20,549;3,33301096723403
3557;20,553;2,98863065667671
3558;20,557;2,7772263620816
3559;20,561;2,59598026440807
3560;20,565;2,43000413985938
3561;20,569;2,19052006135136
3562;20,573;2,0104616282542
3563;20,577;1,89309491815294
3564;20,582;1,81046739691071
3565;20,586;1,63931644813638
3566;20,590;1,58319929690257
3567;20,594;1,44275796074599
3568;20,598;1,43881321768874
3569;20,602;1,32632441566903
3570;20,606;1,25150154735728
3571;20,610;1,15440996823846
3572;20,615;1,08773108559329
3573;20,619;0,954033987566849
3574;20,623;0,945890001900263
3575;20,627;0,942878423867307
3576;20,631;0,845786844748487
3577;20,635;0,86627405869099
3578;20,639;0,74458085620436
3579;20,643;0,772151641013112
3580;20,648;0,736267204169721
3581;20,652;0,67688397535087
3582;20,656;0,611223090914027
3583;20,660;0,642314452859896
3584;20,664;0,586239718218096
3585;20,668;0,586748717322258
3586;20,672;0,536909221706436
3587;20,676;0,535424640985965
3588;20,681;0,502382115807476
3589;20,685;0,466455262372072
3590;20,689;0,461068355186362
3591;20,693;0,45958377446589
3592;20,697;0,443465469500774
3593;20,701;0,419839427749274
3594;20,705;0,418439680212829
3595;20,709;0,374835423622988
3596;20,713;0,362661861715123
3597;20,718;0,340308317724027
3598;20,722;0,336321158074762
3599;20,726;0,349555134782963
3600;20,730;0,319184854901322
3601;20,734;0,342556397100741
3602;20,738;0,276344096967723
3603;20,742;0,266248948068518
3604;20,746;0,299461139615061
3605;20,751;0,290256739148139
3606;20,755;0,295813312701903
3607;20,759;0,241307991964601
3608;20,763;0,241689741292722
3609;20,767;0,221669109862367
3610;20,771;0,258995710834216
3611;20,775;0,262855620707441
3612;20,779;0,209919713874637
3613;20,784;0,2066536362896
3614;20,788;0,155796142465456
3615;20,792;0,141841083693026
3616;20,796;0,144895078317996
3617;20,800;0,183663843418302
3618;20,804;0,211489127779135
3619;20,808;0,187863086027635
3620;20,812;0,19257132774113
3621;20,817;0,184639425034612
3622;20,821;0,175604690935744
3623;20,825;0,185699839834949
3624;20,829;0,195158739853951
3625;20,833;0,164576377012243
3626;20,837;0,178234519640579
3627;20,841;0,196219154654288
3628;20,845;0,219124114341559
3629;20,850;0,224511021527269
3630;20,854;0,277404511768059
3631;20,858;0,298655224366805
3632;20,862;0,265400616228249
3633;20,866;0,335939408746641
3634;20,870;0,308580706897956
3635;20,874;0,34879163612672
3636;20,878;0,347603971550343
3637;20,882;0,309344205554198
3638;20,887;0,314476613187827
3639;20,891;0,326183592583544
3640;20,895;0,310192537394468
3641;20,899;0,307689958465673
3642;20,903;0,304720797024731
3643;20,907;0,257256630561664
3644;20,911;0,258656378098108
3645;20,915;0,232061174905665
3646;20,920;0,231297676249423
3647;20,924;0,184851507994679
3648;20,928;0,223365773542905
3649;20,932;0,202708893232348
3650;20,936;0,209325881586448
3651;20,940;0,208223050194098
3652;20,944;0,210725629122893
3653;20,948;0,135817927627114
3654;20,953;0,161055799875126
3655;20,957;0,168860452805603
3656;20,961;0,154608477889079
3657;20,965;0,147440073838803
3658;20,969;0,181034014713467
3659;20,973;0,244955818877759
3660;20,977;0,313246532019437
3661;20,981;0,475065830550805
3662;20,986;0,68778503949833
3663;20,990;1,08102926405516
3664;20,994;1,65959157911882
3665;20,998;2,54427443874365
3666;21,002;3,4986053424546
3667;21,006;4,93041982246111
3668;21,010;6,67624433314331
3669;21,014;8,91376197844559
3670;21,019;11,4272843879795
3671;21,023;14,3028324103483
3672;21,027;17,1073326410946
3673;21,031;20,2693623259223
3674;21,035;23,1575080761191
3675;21,039;26,0920151613866
3676;21,043;27,8599387165079
3677;21,047;29,5408658414095
3678;21,051;29,8947898851698
3679;21,056;30,0727274886663
3680;21,060;29,1133914270978
3681;21,064;28,3153656649564
3682;21,068;26,7911254309526
3683;21,072;24,8478941010397
3684;21,076;23,1230233868122
3685;21,080;20,5652604718082
3686;21,084;18,7389292694845
3687;21,089;16,7755500583652
3688;21,093;14,8524241930668
3689;21,097;13,1127925048185
3690;21,101;11,7963511550886
3691;21,105;10,4578955941038
3692;21,109;9,07842318864185
3693;21,113;8,28417250318973
3694;21,117;7,34591748785189
3695;21,122;6,52507159920732
3696;21,126;5,84373388169503
3697;21,130;5,3408427667834
3698;21,134;4,65360914298124
3699;21,138;4,32695896788555
3700;21,142;4,05600177810354
3701;21,146;3,66000047506583
3702;21,150;3,39044303282026
3703;21,155;3,07787516627304
3704;21,159;2,78337676792356
3705;21,163;2,60734791106768
3706;21,167;2,38512738550913
3707;21,171;2,14305589488829
3708;21,175;2,09716114232972
3709;21,179;2,01122512691044
3710;21,183;1,75006616988354
3711;21,188;1,74349159812145
3712;21,192;1,66179724190352
3713;21,196;1,46769891684991
3714;21,200;1,38982205391319
3715;21,204;1,31105444254418
3716;21,208;1,2361467410484
3717;21,212;1,24899896842848
3718;21,216;1,13515283546434
3719;21,220;1,05087106713359
3720;21,225;0,995941580476152
3721;21,229;0,976896530662106
3722;21,233;0,959463311344572
3723;21,237;0,901522246654179
3724;21,241;0,803243002958981
3725;21,245;0,761080910497598
3726;21,249;0,778641379591172
3727;21,253;0,809393408800934
3728;21,258;0,654827347503868
3729;21,262;0,659281089665282
3730;21,266;0,649907022830306
3731;21,270;0,584373388169503
3732;21,274;0,587215299834406
3733;21,278;0,524141827510384
3734;21,282;0,563207508754785
3735;21,286;0,501957949887342
3736;21,291;0,501236867823113
3737;21,295;0,463443684339116
3738;21,299;0,414961519667725
3739;21,303;0,435406317018215
3740;21,307;0,404951203952548
3741;21,311;0,398206965822407
3742;21,315;0,394983304829383
3743;21,319;0,350361050031219
3744;21,324;0,34450756033336
3745;21,328;0,3638495262915
3746;21,332;0,324190012758911
3747;21,336;0,341750481852485
3748;21,340;0,299249056654994
3749;21,344;0,311761951298966
3750;21,348;0,295134647229688
3751;21,352;0,298485557998751
3752;21,357;0,30238788446399
3753;21,361;0,21853028205337
3754;21,365;0,234394087466406
3755;21,369;0,262728370931401
3756;21,373;0,243980237261449
3757;21,377;0,284827415370416
3758;21,381;0,218148532725249
3759;21,385;0,242962239053126
3760;21,389;0,240332410348291
3761;21,394;0,196812986942476
3762;21,398;0,206568803105573
3763;21,402;0,221414610310286
3764;21,406;0,194480074381736
3765;21,410;0,213397874419741
3766;21,414;0,154353978336998
3767;21,418;0,178192103048565
3768;21,422;0,169157368949697
3769;21,427;0,153844979232837
3770;21,431;0,109265141026685
3771;21,435;0,157789722290089
3772;21,439;0,133824347802481
3773;21,443;0,186845087819312
3774;21,447;0,147694573390884
3775;21,451;0,124407864375492
3776;21,455;0,139635420908326
3777;21,460;0,161904131715395
3778;21,464;0,146888658142628
3779;21,468;0,139380921356245
3780;21,472;0,126359027608111
3781;21,476;0,138150840187855
3782;21,480;0,139168838396178
3783;21,484;0,124365447783479
3784;21,488;0,119402706517903
3785;21,493;0,113379550451991
3786;21,497;0,110452805603062
3787;21,501;0,114694464804409
3788;21,505;0,15914705323452
3789;21,509;0,113888549556153
3790;21,513;0,11176771995548
3791;21,517;0,111470803811385
3792;21,521;0,103878233840975
3793;21,526;0,109392390802726
3794;21,530;0,105786980481581
3795;21,534;0,100230406927817
3796;21,538;0,0945890001900263
3797;21,542;0,0837303526345794
3798;21,546;0,0966249966066726
3799;21,550;0,0803370252735022
3800;21,554;0,0775375302006135
3801;21,558;0,0703267095583245
3802;21,563;0,0872085131796835
3803;21,567;0,085427016315118
3804;21,571;0,0770709476884654
3805;21,575;0,0777496131606808
3806;21,579;0,0952676656622418
3807;21,583;0,0596377283709314
3808;21,587;0,130897602953552
3809;21,591;0,0906866737247876
3810;21,596;0,0885658441241143
3811;21,600;0,11189496973152
3812;21,604;0,105914230257621
3813;21,608;0,101884654016342
3814;21,612;0,094376917229959
3815;21,616;0,096200830686538
3816;21,620;0,119317873333876
3817;21,624;0,104514482721177
3818;21,629;0,0856390992751853
3819;21,633;0,117536376469311
3820;21,637;0,0794462768412194
3821;21,641;0,0958614979504303
3822;21,645;0,0669333821972473
3823;21,649;0,083518269674512
3824;21,653;0,0724899557510112
3825;21,657;0,067908963813557
3826;21,662;0,0798704427613541
3827;21,666;0,0850452669869968
3828;21,670;0,0552264028015311
3829;21,674;0,0839424355946467
3830;21,678;0,066169883541005
3831;21,682;0,0657033010288569
3832;21,686;0,0585348969785813
3833;21,690;0,0850876835790102
3834;21,695;0,0409320112929935
3835;21,699;0,0748228683117518
3836;21,703;0,0878871786518989
3837;21,707;0,0243047072237153
3838;21,711;0,0808460243776638
3839;21,715;0,0560747346418004
3840;21,719;0,0514513261123327
3841;21,723;0,0809732741537042
3842;21,727;0,0789372777370578
3843;21,732;0,0538690718571002
3844;21,736;0,0713447077666477
3845;21,740;0,0675272144854358
3846;21,744;0,0391505144284279
3847;21,748;0,0713871243586611
3848;21,752;0,0446646713901784
3849;21,756;0,0392353476124549
3850;21,760;0,0316003610500312
3851;21,765;0,0707508754784592
3852;21,769;0,0543356543692483
3853;21,773;0,064897385780601
3854;21,777;0,0567109835220023
3855;21,781;0,0310489453538562
3856;21,785;0,0676968808534897
3857;21,789;0,0875054293237777
3858;21,793;0,0295643646333849
3859;21,798;0,0105193148193393
3860;21,802;0,0497546624317941
3861;21,806;0,0835606862665255
3862;21,810;0,0492032467356191
3863;21,814;0,0718537068708092
3864;21,818;0,0560747346418004
3865;21,822;0,0810581073377311
3866;21,826;0,0926802535494204
3867;21,831;0,107568477346147
3868;21,835;0,124323031191465
3869;21,839;0,0727020387110785
3870;21,843;0,102393653120504
3871;21,847;0,0959887477264707
3872;21,851;0,102605736080571
3873;21,855;0,0958190813584168
3874;21,859;0,0549719032494503
3875;21,864;0,0808884409696772
3876;21,868;0,109562057170779
3877;21,872;0,0840696853706871
3878;21,876;0,0742290360235633
3879;21,880;0,0765619485843038
3880;21,884;0,046912750766892
3881;21,888;0,093825501533784
3882;21,892;0,0915774221570703
3883;21,896;0,0447495045742053
3884;21,901;0,0633279718761028
3885;21,905;0,0386839319162798
3886;21,909;0,0621827238917393
3887;21,913;0,0749925346798056
3888;21,917;0,0495001628797133
3889;21,921;0,0290977821212368
3890;21,925;0,0375811005239297
3891;21,929;0,0553960691695849
3892;21,934;0,049924328799848
3893;21,938;0,071471957542688
3894;21,942;0,0279101175448598
3895;21,946;0,0377507668919836
3896;21,950;0,0451312539023265
3897;21,954;0,0357571870673508
3898;21,958;0,0707508754784592
3899;21,962;0,0505181610880365
3900;21,967;0,0400412628607107
3901;21,971;0,0370296848277547
3902;21,975;0,0454281700464207
3903;21,979;0,0265952031924424
3904;21,983;0,0332121915465429
3905;21,987;0,0632007221000624
3906;21,991;0,0438163395499091
3907;21,995;0,0261710372723077
3908;22,000;0,0365631023156066
3909;22,004;0,0193419659581399
3910;22,008;0,0480579987512555
3911;22,012;0,0310913619458696
3912;22,016;0,0358844368433912
3913;22,020;0,0501364117599153
3914;22,024;0,0453433368623938
3915;22,028;0,0215900453348535
3916;22,033;0,0430104243016532
3917;22,037;0,0593832288188506
3918;22,041;0,0602315606591199
3919;22,045;0,0778344463447078
3920;22,049;0,0220990444390151
3921;22,053;0,0538690718571002
3922;22,057;0,0405926785568857
3923;22,061;0,0430952574856802
3924;22,065;0,0364358525395662
3925;22,070;0,0615040584195238
3926;22,074;0,0205720471265304
3927;22,078;0,0154396394929012
3928;22,082;0,0276980345847925
3929;22,086;0,0427983413415859
3930;22,090;0,0386839319162798
3931;22,094;0,0391505144284279
3932;22,098;0,0376659337079567
3933;22,103;0,0288008659771425
3934;22,107;0,0281646170969406
3935;22,111;0,045640253006488
3936;22,115;0,0438163395499091
3937;22,119;0,0229897928712979
3938;22,123;0
3939;22,127;0,00419924260933301
3940;22,131;0,0436042565898417
3941;22,136;0,0288008659771425
3942;22,140;0,0479307489752151
3943;22,144;0,0120038955398105
3944;22,148;0,039065681244401
3945;22,152;0,0200630480223688
3946;22,156;0,0565837337459619
3947;22,160;0,0251106224719711
3948;22,164;0,0350785215951353
3949;22,169;0,0425862583815186
3950;22,173;0,066169883541005
3951;22,177;0,0263407036403616
3952;22,181;0,00852573499470641
3953;22,185;0,0411440942530608
3954;22,189;0,0324486928903005
3955;22,193;0,0593408122268371
3956;22,197;0,0715992073187284
3957;22,202;0,1335698482504
3958;22,206;0,25059722561555
3959;22,210;0,425480834487065
3960;22,214;0,559983847761761
3961;22,218;0,985931264760974
3962;22,222;1,42770007058121
3963;22,226;2,31925441811222
3964;22,230;3,37644555745582
3965;22,234;4,64737390395526
3966;22,239;6,58432757825013
3967;22,243;8,64806444607324
3968;22,247;10,9868729131037
3969;22,251;13,750780465293
3970;22,255;16,2878440833944
3971;22,259;19,2205696717974
3972;22,263;22,0466599478785
3973;22,267;23,7521462795559
3974;22,272;25,7096295843853
3975;22,276;27,041468157016
3976;22,280;27,2799766539078
3977;22,284;27,1769891684991
3978;22,288;26,6427097754975
3979;22,292;25,8312379536879
3980;22,296;24,3719375220566
3981;22,300;22,5889136601786
3982;22,305;21,0217054184651
3983;22,309;19,0748686782311
3984;22,313;17,2059936341179
3985;22,317;15,454739799658
3986;22,321;13,8607242717919
3987;22,325;12,2168692483101
3988;22,329;11,1273566658523
3989;22,333;9,80887931970573
3990;22,338;8,81293773922958
3991;22,342;7,73190847517442
3992;22,346;6,95067968347042
3993;22,350;6,24546142465456
3994;22,354;5,64649672883242
3995;22,358;5,01813733474496
3996;22,362;4,54629516518718
3997;22,366;4,17867056220648
3998;22,371;3,70203531775117
3999;22,375;3,54441526182914
4000;22,379;3,27884497923284
4001;22,383;2,83750033933274
4002;22,387;2,6918417623585
4003;22,391;2,46737315742324
4004;22,395;2,29045355213508
4005;22,399;2,12948258544398
4006;22,403;1,97818260173195
4007;22,408;1,82438003909113
4008;22,412;1,70858274289437
4009;22,416;1,68406595271059
4010;22,420;1,55668892689416
4011;22,424;1,4465754540272
4012;22,428;1,31728968157016
4013;22,432;1,28730115101664
4014;22,436;1,24501180877922
4015;22,441;1,07636343893368
4016;22,445;1,05299189673426
4017;22,449;1,02864477291853
4018;22,453;0,934734438200722
4019;22,457;0,860038819665011
4020;22,461;0,840824103482911
4021;22,465;0,767909981811765
4022;22,469;0,778386880039091
4023;22,474;0,714719575426881
4024;22,478;0,740339197003013
4025;22,482;0,590438960827429
4026;22,486;0,620045742052827
4027;22,490;0,651264353774737
4028;22,494;0,561213928930152
4029;22,498;0,583779555881315
4030;22,502;0,554130358063903
4031;22,507;0,529995317208242
4032;22,511;0,478331908135842
4033;22,515;0,513537679507017
4034;22,519;0,430825325080761
4035;22,523;0,404145288704292
4036;22,527;0,4088959470098
4037;22,531;0,346331473789939
4038;22,535;0,321008768357901
4039;22,540;0,395025721421397
4040;22,544;0,354136126720417
4041;22,548;0,316767109156555
4042;22,552;0,276598596519803
4043;22,556;0,268793943589326
4044;22,560;0,32160260064609
4045;22,564;0,264509867795966
4046;22,568;0,250978974943671
4047;22,572;0,265358199636235
4048;22,577;0,22171152645438
4049;22,581;0,229007180280696
4050;22,585;0,271211689334093
4051;22,589;0,269854358389663
4052;22,593;0,230831093737275
4053;22,597;0,202411977088254
4054;22,601;0,219208947525586
4055;22,605;0,204151057360806
4056;22,610;0,188626584683878
4057;22,614;0,227692265928279
4058;22,618;0,184300092298504
4059;22,622;0,196303987838315
4060;22,626;0,146718991774574
4061;22,630;0,192019912044955
4062;22,634;0,152021065776258
4063;22,638;0,148839821375248
4064;22,643;0,134333346906643
4065;22,647;0,179676683769037
4066;22,651;0,13895675543611
4067;22,655;0,134927179194831
4068;22,659;0,16232829763553
4069;22,663;0,122965700247034
4070;22,667;0,150621318239813
4071;22,671;0,10209673697641
4072;22,676;0,113761299780112
4073;22,680;0,128225357656704
4074;22,684;0,156559641121698
4075;22,688;0,129328189049054
4076;22,692;0,149985069359611
4077;22,696;0,0707508754784592
4078;22,700;0,134078847354562
4079;22,704;0,104896232049298
4080;22,709;0,156474807937671
4081;22,713;0,121820452262671
4082;22,717;0,116391128484947
4083;22,721;0,173695944295138
4084;22,725;0,117239460325216
4085;22,729;0,118342291717567
4086;22,733;0,156559641121698
4087;22,737;0,0839848521866601
4088;22,741;0,117790876021392
4089;22,746;0,135902760811141
4090;22,750;0,170938865814263
4091;22,754;0,187269253739447
4092;22,758;0,253439137280452
4093;22,762;0,431928156473111
4094;22,766;0,642568952411977
4095;22,770;1,01867687379537
4096;22,774;1,77051096723403
4097;22,779;2,66244706409317
4098;22,783;4,24475561256345
4099;22,787;6,32092054184651
4100;22,791;9,28384674376306
4101;22,795;13,1135135868828
4102;22,799;17,4940447104813
4103;22,803;23,7031551157803
4104;22,807;30,9359051361403
4105;22,812;39,1499205961398
4106;22,816;48,251545660613
4107;22,820;56,4707359448381
4108;22,824;67,0716178706192
4109;22,828;76,6217983956348
4110;22,832;84,863342223851
4111;22,836;91,6894867931699
4112;22,840;96,6437023237506
4113;22,845;99,6832328908434
4114;22,849;100
4115;22,853;98,2554479870782
4116;22,857;94,3260173195428
4117;22,861;88,1904148682032
4118;22,865;82,2667257105628
4119;22,869;74,0687861389364
4120;22,873;67,3631895241198
4121;22,878;59,428656988897
4122;22,882;53,3030224366805
4123;22,886;46,3703698048158
4124;22,890;41,2146754621712
4125;22,894;36,5923273475039
4126;22,898;32,3120266308331
4127;22,902;28,3940908597334
4128;22,906;25,535551890762
4129;22,910;22,5107398810978
4130;22,915;20,0914247224258
4131;22,919;18,179751336971
4132;22,923;16,4483908841654
4133;22,927;14,8100076010533
4134;22,931;13,5613903819529
4135;22,935;12,4132156527405
4136;22,939;11,1947566305617
4137;22,943;10,3280584059505
4138;22,948;9,51276909085973
4139;22,952;8,78324612482015
4140;22,956;8,12163212259413
4141;22,960;7,65895193691126
4142;22,964;7,2602783885767
4143;22,968;6,4853272524907
4144;22,972;6,13840194641257
4145;22,976;5,63987974047832
4146;22,981;5,36739555338383
4147;22,985;4,88346465510221
4148;22,989;4,68393700627087
4149;22,993;4,36683056437821
4150;22,997;4,18452405190433
4151;23,001;3,88531741184135
4152;23,005;3,61228180905068
4153;23,009;3,5632058120911
4154;23,014;3,23672530336347
4155;23,018;3,1442147161821
4156;23,022;3,01162044954801
4157;23,026;2,72361178977658
4158;23,030;2,65167324972175
4159;23,034;2,52989521405109
4160;23,038;2,42105423894454
4161;23,042;2,26127093682982
4162;23,047;2,15200579580313
4163;23,051;2,13177308141271
4164;23,055;2,0221261910579
4165;23,059;1,96142804788664
4166;23,063;1,83260885794174
4167;23,067;1,73288745011809
4168;23,071;1,67384355403534
4169;23,075;1,5801453022776
4170;23,080;1,53747421071206
4171;23,084;1,44899319977197
4172;23,088;1,48776196487228
4173;23,092;1,40496477726199
4174;23,096;1,29964437929256
4175;23,100;1,18295633466352
4176;23,104;1,26677152048212
4177;23,108;1,12331860629259
4178;23,112;1,00264340201428
4179;23,117;1,11021187936043
4180;23,121;1,03755225724136
4181;23,125;1,02270645003665
4182;23,129;0,970109875939952
4183;23,133;0,909751065504791
4184;23,137;0,880526033607514
4185;23,141;0,864238062274344
4186;23,145;0,863729063170182
4187;23,150;0,808460243776638
4188;23,154;0,744029440508185
4189;23,158;0,717603903683796
4190;23,162;0,701782514862774
4191;23,166;0,706660422944322
4192;23,170;0,668273407172137
4193;23,174;0,661147419713875
4194;23,178;0,67675672557483
4195;23,183;0,56401342400304
4196;23,187;0,640617789179358
4197;23,191;0,577544316855336
4198;23,195;0,579580313271982
4199;23,199;0,55200952846323
4200;23,203;0,561977427586394
4201;23,207;0,485203396042023
4202;23,211;0,511798599234465
4203;23,216;0,495510627901295
4204;23,220;0,520833333333333
4205;23,224;0,437569563210902
4206;23,228;0,460177606754079
4207;23,232;0,470654504981405
4208;23,236;0,400751961343215
4209;23,240;0,397443467166164
4210;23,244;0,374029508374732
4211;23,249;0,381028246056954
4212;23,253;0,342768480060808
4213;23,257;0,350785215951353
4214;23,261;0,361771113282841
4215;23,265;0,389341898091593
4216;23,269;0,288856991611695
4217;23,273;0,309471455330239
4218;23,277;0,314519029779841
4219;23,281;0,300521554415398
4220;23,286;0,355917623584982
4221;23,290;0,290808154844314
4222;23,294;0,335939408746641
4223;23,298;0,278889092488531
4224;23,302;0,261667956131064
4225;23,306;0,286142329722833
4226;23,310;0,234012338138285
4227;23,314;0,31108328582675
4228;23,319;0,259716792898445
4229;23,323;0,282112753481554
4230;23,327;0,294498398349486
4231;23,331;0,314179697043733
4232;23,335;0,267818361973016
4233;23,339;0,288984241387735
4234;23,343;0,320796685397834
4235;23,347;0,305272212720906
4236;23,352;0,347010139262155
4237;23,356;0,343786478269132
4238;23,360;0,393244224556831
4239;23,364;0,395449887341532
4240;23,368;0,433370320601569
4241;23,372;0,467727760132475
4242;23,376;0,491947634172164
4243;23,380;0,48528822922605
4244;23,385;0,482531150745175
4245;23,389;0,479137823384097
4246;23,393;0,545477373293156
4247;23,397;0,522275497461791
4248;23,401;0,484694396937861
4249;23,405;0,507726606401173
4250;23,409;0,487112142682629
4251;23,413;0,437145397290767
4252;23,418;0,42395383717458
4253;23,422;0,387899733963135
4254;23,426;0,378398417352119
4255;23,430;0,420433260037462
4256;23,434;0,324826261639113
4257;23,438;0,298824890734859
4258;23,442;0,376320004343459
4259;23,446;0,31205886744306
4260;23,450;0,271423772294161
4261;23,455;0,262007288867172
4262;23,459;0,254245052528708
4263;23,463;0,276895512663898
4264;23,467;0,262813204115427
4265;23,471;0,260819624290795
4266;23,475;0,183748676602329
4267;23,479;0,248179479870782
4268;23,483;0,215009704916253
4269;23,488;0,196388821022342
4270;23,492;0,191129163612672
4271;23,496;0,217469867253034
4272;23,500;0,191722995900861
4273;23,504;0,198255151070934
4274;23,508;0,23015242826506
4275;23,512;0,18497875777072
4276;23,516;0,200672896815702
4277;23,521;0,144428495805847
4278;23,525;0,12585002850395
4279;23,529;0,10650806254581
4280;23,533;0,137514591307653
4281;23,537;0,101078738768086
4282;23,541;0,141629000732959
4283;23,545;0,156983807041833
4284;23,549;0,16232829763553
4285;23,554;0,134503013274697
4286;23,558;0,127716358552542
4287;23,562;0,108925808290577
4288;23,566;0,0967946629747265
4289;23,570;0,107653310530173
4290;23,574;0,129709938377175
4291;23,578;0,129625105193148
4292;23,582;0,102436069712517
4293;23,587;0,10540523115346
4294;23,591;0,136030010587181
4295;23,595;0,0978550777750631
4296;23,599;0,12143870293455
4297;23,603;0,113167467491924
4298;23,607;0,134036430762549
4299;23,611;0,121481119526563
4300;23,615;0,114270298884274
4301;23,619;0,160080218258816
4302;23,624;0,164830876564324
4303;23,628;0,144513328989874
4304;23,632;0,186420921899177
4305;23,636;0,184045592746423
4306;23,640;0,146337242446453
4307;23,644;0,142689415533295
4308;23,648;0,171999280614599
4309;23,652;0,147482490430817
4310;23,657;0,151724149632163
4311;23,661;0,113549216820045
4312;23,665;0,164279460868149
4313;23,669;0,143749830333632
4314;23,673;0,104387232945137
4315;23,677;0,130982436137579
4316;23,681;0,120378288134213
4317;23,685;0,13123693568966
4318;23,690;0,107186728018025
4319;23,694;0,129243355865027
4320;23,698;0,138490172923962
4321;23,702;0,143028748269403
4322;23,706;0,135902760811141
4323;23,710;0,0910684230529088
4324;23,714;0,141713833916986
4325;23,718;0,115415546868638
4326;23,723;0,133612264842414
4327;23,727;0,184215259114477
4328;23,731;0,278125593832288
4329;23,735;0,365037190867877
4330;23,739;0,543398960284497
4331;23,743;0,829244373863235
4332;23,747;1,28288982544724
4333;23,751;1,93283926486956
4334;23,756;2,76233813828488
4335;23,760;4,02512249911773
4336;23,764;5,46028788989331
4337;23,768;7,44703864321199
4338;23,772;9,62347639601488
4339;23,776;12,3098464180036
4340;23,780;14,9701302359041
4341;23,784;17,7822230366208
4342;23,788;20,5901590113201
4343;23,793;23,3789226864294
4344;23,797;25,3681336020849
4345;23,801;27,2350574829655
4346;23,805;28,21958900019
4347;23,809;28,7408464994435
4348;23,813;28,4881708608193
4349;23,817;27,6187155577273
4350;23,821;26,6026685126368
4351;23,826;24,9425255178218
4352;23,830;23,2722449575155
4353;23,834;21,2972860167766
4354;23,838;19,5009857615984
4355;23,842;17,5454112034096
4356;23,846;15,662835600076
4357;23,850;13,8552101148302
4358;23,854;12,3376717023645
4359;23,859;11,0780261693406
4360;23,863;9,89562125037327
4361;23,867;8,88517319542851
4362;23,871;7,91913531232185
4363;23,875;6,99402944050818
4364;23,879;6,22773128919293
4365;23,883;5,7251795070174
4366;23,887;5,23649795043027
4367;23,892;4,74548348128241
4368;23,896;4,17065382631593
4369;23,900;3,92353476124549
4370;23,904;3,58029969867253
4371;23,908;3,27057374379021
4372;23,912;3,14268771886961
4373;23,916;2,73413110459592
4374;23,920;2,53197362705975
4375;23,925;2,48607887450118
4376;23,929;2,1815277438445
4377;23,933;2,08782949208676
4378;23,937;1,96571212368
4379;23,941;1,78327836143008
4380;23,945;1,70637708010967
4381;23,949;1,59007078480875
4382;23,953;1,49357303797812
4383;23,957;1,49416687026631
4384;23,962;1,3246701685805
4385;23,966;1,30579478513451
4386;23,970;1,14643564893992
4387;23,974;1,09629923718001
4388;23,978;1,07827218557429
4389;23,982;1,02614219398974
4390;23,986;1,01668329397074
4391;23,990;0,92001588077205
4392;23,995;0,95344015527866
4393;23,999;0,820548972500475
4394;24,003;0,759087330672965
4395;24,007;0,806763580096099
4396;24,011;0,855288161359503
4397;24,015;0,75314900779108
4398;24,019;0,74665926921302
4399;24,023;0,718197735971985
4400;24,028;0,708866085729022
4401;24,032;0,777453715014795
4402;24,036;0,680998384776176
4403;24,040;0,692578114395852
4404;24,044;0,656608844368434
4405;24,048;0,633322135353042
4406;24,052;0,605199934848115
4407;24,056;0,601636941118984
4408;24,061;0,569909330292912
4409;24,065;0,536781971930396
4410;24,069;0,51858525395662
4411;24,073;0,46068660585824
4412;24,077;0,464928265059587
4413;24,081;0,460092773570052
4414;24,085;0,426371582919347
4415;24,089;0,394643972093276
4416;24,094;0,369363683253251
4417;24,098;0,373690175638624
4418;24,102;0,362916361267204
4419;24,106;0,338738903819529
4420;24,110;0,269557442245568
4421;24,114;0,289238740939816
4422;24,118;0,28096750549719
4423;24,122;0,252209056112061
4424;24,126;0,274520183511144
4425;24,131;0,250766891983603
4426;24,135;0,228158848440427
4427;24,139;0,231085593289356
4428;24,143;0,21950586366968
4429;24,147;0,241944240844803
4430;24,151;0,194437657789722
4431;24,155;0,273078019382686
4432;24,159;0,239484078508022
4433;24,164;0,189602166300187
4434;24,168;0,152530064880419
4435;24,172;0,204702473056981
4436;24,176;0,194352824605695
4437;24,180;0,177046855064202
4438;24,184;0,163473545619893
4439;24,188;0,170811616038222
4440;24,192;0,176368189591986
4441;24,197;0,127461859000461
4442;24,201;0,124704780519586
4443;24,205;0,13233976708201
4444;24,209;0,184809091402666
4445;24,213;0,165467125444526
4446;24,217;0,17322936178299
4447;24,221;0,144767828541955
4448;24,225;0,17335661155903
4449;24,230;0,164194627684122
4450;24,234;0,112361552243668
4451;24,238;0,12266878410294
4452;24,242;0,128310190840731
4453;24,246;0,158765303906398
4454;24,250;0,164746043380297
4455;24,254;0,161776881939354
4456;24,258;0,176749938920107
4457;24,263;0,11312505089991
4458;24,267;0,139211254988191
4459;24,271;0,130218937481337
4460;24,275;0,142477332573228
4461;24,279;0,116475961668974
4462;24,283;0,080591524825583
4463;24,287;0,153844979232837
4464;24,291;0,106804978689904
4465;24,295;0,148585321823167
4466;24,300;0,0949707495181475
4467;24,304;0,11091938811521
4468;24,308;0,114143049108234
4469;24,312;0,138999172028124
4470;24,316;0,124789613703613
4471;24,320;0,0885658441241143
4472;24,324;0,110622471971116
4473;24,328;0,0873781795477373
4474;24,333;0,144598162173901
4475;24,337;0,121141786790455
4476;24,341;0,082330605098135
4477;24,345;0,100230406927817
4478;24,349;0,0885658441241143
4479;24,353;0,0838151858186063
4480;24,357;0,087802345467872
4481;24,361;0,0944193338219725
4482;24,366;0,0805491082335695
4483;24,370;0,134290930314629
4484;24,374;0,0514089095203192
4485;24,378;0,0534449059369655
4486;24,382;0,0786403615929636
4487;24,386;0,0999334907837229
4488;24,390;0,0828820207943101
4489;24,394;0,0859360154192795
4490;24,399;0,105999063441648
4491;24,403;0,0776223633846404
4492;24,407;0,090177674620626
4493;24,411;0,0872933463637104
4494;24,415;0,0348240220430545
4495;24,419;0,0583652306105275
4496;24,423;0,105786980481581
4497;24,427;0,0764346988082634
4498;24,432;0,0712174579906073
4499;24,436;0,089626258924451
4500;24,440;0,0604436436191872
4501;24,444;0,0877599288758585
4502;24,448;0,100230406927817
4503;24,452;0,0821609387300812
4504;24,456;0,0764346988082634
4505;24,460;0,110198306050981
4506;24,464;0,105914230257621
4507;24,469;0,0827547710182697
4508;24,473;0,110749721747156
4509;24,477;0,151257567120015
4510;24,481;0,171956864022586
4511;24,485;0,25818979558596
4512;24,489;0,450252124222928
4513;24,493;0,599770611070391
4514;24,497;0,939739596058311
4515;24,502;1,59685743953091
4516;24,506;2,29724020685724
4517;24,510;3,45122600917556
4518;24,514;5,03535847110242
4519;24,518;7,00577883649591
4520;24,522;9,37898715964926
4521;24,526;12,2601765887559
4522;24,530;15,4029067242175
4523;24,535;18,8638461329641
4524;24,539;22,7103523631132
4525;24,543;25,6405329559953
4526;24,547;28,9128881966501
4527;24,551;31,1031113418574
4528;24,555;32,6535226131335
4529;24,559;33,7305647175394
4530;24,563;33,187377840215
4531;24,568;33,354371962972
4532;24,572;31,8032396096316
4533;24,576;29,8754055026196
4534;24,580;27,9205944430871
4535;24,584;25,8482470070853
4536;24,588;23,1608589868882
4537;24,592;20,7287340174281
4538;24,596;18,5416921166219
4539;24,601;16,6523298585661
4540;24,605;14,944680280696
4541;24,609;13,0463681217254
4542;24,613;11,7222917854331
4543;24,617;10,2701597578522
4544;24,621;9,23120775307435
4545;24,625;8,30559288215653
4546;24,629;7,47859658767001
4547;24,633;6,78576397372207
4548;24,638;6,07753413687325
4549;24,642;5,45311948584304
4550;24,646;4,96248676602329
4551;24,650;4,48122811303852
4552;24,654;4,14397378993946
4553;24,658;3,82640076553465
4554;24,662;3,48057829084887
4555;24,666;3,15677002741808
4556;24,671;2,98706124277221
4557;24,675;2,77319678584032
4558;24,679;2,5116560794853
4559;24,683;2,39882794472948
4560;24,687;2,1402563998154
4561;24,691;2,0888899068871
4562;24,695;1,86921437684936
4563;24,699;1,77004438472188
4564;24,704;1,69114952357684
4565;24,708;1,6283305508049
4566;24,712;1,51834432771398
4567;24,716;1,50494068463773
4568;24,720;1,36416001574504
4569;24,724;1,2849682384559
4570;24,728;1,19996538806092
4571;24,732;1,1955116458995
4572;24,737;1,09918356543692
4573;24,741;1,0083696419361
4574;24,745;0,985591932024866
4575;24,749;0,898934834541358
4576;24,753;0,870855050628444
4577;24,757;0,828226375654912
4578;24,761;0,780719792599832
4579;24,765;0,780253210087684
4580;24,770;0,764898403778809
4581;24,774;0,662123001330184
4582;24,778;0,693638529196189
4583;24,782;0,622208988245514
4584;24,786;0,619748825908733
4585;24,790;0,594595786844748
4586;24,794;0,531267814968646
4587;24,798;0,573726823574124
4588;24,802;0,538436219018921
4589;24,807;0,500643035534924
4590;24,811;0,476550411271276
4591;24,815;0,446392214349703
4592;24,819;0,42934074436029
4593;24,823;0,390147813339848
4594;24,827;0,350954882319407
4595;24,831;0,323341680918642
4596;24,835;0,359819950050221
4597;24,840;0,287881409995385
4598;24,844;0,351633547791623
4599;24,848;0,324402095718978
4600;24,852;0,357783953633575
4601;24,856;0,311380201970845
4602;24,860;0,289026657979749
4603;24,864;0,277701427912154
4604;24,868;0,263746369139724
4605;24,873;0,242368406764937
4606;24,877;0,266800363764693
4607;24,881;0,272314520726444
4608;24,885;0,257044547601596
4609;24,889;0,238550913483726
4610;24,893;0,198552067215028
4611;24,897;0,239611328284062
4612;24,901;0,201648478432011
4613;24,906;0,187226837147433
4614;24,910;0,216409452452697
4615;24,914;0,212082960067324
4616;24,918;0,145616160382224
4617;24,922;0,226801517495996
4618;24,926;0,182815511578033
4619;24,930;0,177131688248229
4620;24,934;0,169666368053859
4621;24,939;0,186166422347097
4622;24,943;0,196219154654288
4623;24,947;0,210259046610745
4624;24,951;0,184088009338437
4625;24,955;0,194819407117843
4626;24,959;0,22048144528599
4627;24,963;0,161140633059152
4628;24,967;0,1527845644325
4629;24,971;0,153335980128675
4630;24,976;0,153548063088742
4631;24,980;0,151639316448136
4632;24,984;0,180652265385346
4633;24,988;0,110834554931183
4634;24,992;0,137344924939599
4635;24,996;0,149518486847463
4636;25,000;0,155626476097402
4637;25,004;0,0842817683307544
4638;25,009;0,123008116839048
4639;25,013;0,0942496674539186
4640;25,017;0,170769199446209
4641;25,021;0,112616051795749
4642;25,025;0,127207359448381
4643;25,029;0,119275456741863
4644;25,033;0,0970915791188207
4645;25,037;0,104005483617016
4646;25,042;0,0653215517007357
4647;25,046;0,135605844667047
4648;25,050;0,112573635203735
4649;25,054;0,119742039254011
4650;25,058;0,137175258571545
4651;25,062;0,129158522681
4652;25,066;0,12708010967234
4653;25,070;0,0912805060129761
4654;25,075;0,111725303363466
4655;25,079;0,066085050356978
4656;25,083;0,111173887667291
4657;25,087;0,0685876292857725
4658;25,091;0,0748652849037652
4659;25,095;0,0622251404837527
4660;25,099;0,0747804517197383
4661;25,103;0,0966674131986861
4662;25,108;0,0953524988462687
4663;25,112;0,0673151315253685
4664;25,116;0,10345406792084
4665;25,120;0,091916754893178
4666;25,124;0,114524798436355
4667;25,128;0,0716840405027554
4668;25,132;0,0900928414365991
4669;25,136;0,0903897575806933
4670;25,140;0,0839848521866601
4671;25,145;0,126019694872004
4672;25,149;0,0663395499090588
4673;25,153;0,0636673046122105
4674;25,157;0,0530631566088444
4675;25,161;0,0412713440291012
4676;25,165;0,0653215517007357
4677;25,169;0,0736352037353748
4678;25,173;0,0652791351087222
4679;25,178;0,103241984960773
4680;25,182;0,055862651681733
4681;25,186;0,0732534544072536
4682;25,190;0,0797856095773271
4683;25,194;0,0656608844368434
4684;25,198;0,0791493606971252
4685;25,202;0,0729989548551728
4686;25,206;0,0484821646713902
4687;25,211;0,0455978364144746
4688;25,215;0,0838576024106197
4689;25,219;0,066169883541005
4690;25,223;0,0648549691885876
4691;25,227;0,0655760512528165
4692;25,231;0,064982218964628
4693;25,235;0,039701930124603
4694;25,239;0,0503060781279692
4695;25,244;0,0537418220810598
4696;25,248;0,0507726606401173
4697;25,252;0,0805491082335695
4698;25,256;0,0538266552650867
4699;25,260;0,104175149985069
4700;25,264;0,0597225615549583
4701;25,268;0,0553960691695849
4702;25,272;0,0668909656052339
4703;25,277;0,0785979450009501
4704;25,281;0,044537421614138
4705;25,285;0,0215052121508266
4706;25,289;0,0813974400738388
4707;25,293;0,086614680891495
4708;25,297;0,0716840405027554
4709;25,301;0,0533600727529386
4710;25,305;0,0464461682547439
4711;25,309;0,05594748486576
4712;25,314;0,0563716507858946
4713;25,318;0,0534449059369655
4714;25,322;0,0603163938431468
4715;25,326;0,0662547167250319
4716;25,330;0,0724899557510112
4717;25,334;0,043264923853734
4718;25,338;0,0450464207182995
4719;25,342;0,0837727692265928
4720;25,347;0,0627765561799278
4721;25,351;0,0477186660151478
4722;25,355;0,0874205961397508
4723;25,359;0,12928577245704
4724;25,363;0,148882237967261
4725;25,367;0,176410606184
4726;25,371;0,217978866357195
4727;25,375;0,225486603143578
4728;25,380;0,260649957922741
4729;25,384;0,313119282243397
4730;25,388;0,436636398186606
4731;25,392;0,391208228140185
4732;25,396;0,472393585253957
4733;25,400;0,561426011890219
4734;25,404;0,58653663436219
4735;25,408;0,613725669842821
4736;25,413;0,65520909683199
4737;25,417;0,722990810869506
4738;25,421;0,713065328338355
4739;25,425;0,781059125335939
4740;25,429;0,904703491055189
4741;25,433;1,01536837961832
4742;25,437;1,20849112305562
4743;25,441;1,67146822488259
4744;25,446;2,19175014251975
4745;25,450;3,16495642967668
4746;25,454;4,20318735239026
4747;25,458;5,69633622444824
4748;25,462;7,64219738306594
4749;25,466;10,0016203138149
4750;25,470;12,812016450851
4751;25,474;15,6057004506339
4752;25,478;18,4427342074545
4753;25,483;21,6023885631295
4754;25,487;24,7160209164699
4755;25,491;27,0408743247279
4756;25,495;28,9698112631322
4757;25,499;30,0332800580938
4758;25,503;31,0406317018215
4759;25,507;31,0789338844097
4760;25,511;30,5734553573852
4761;25,516;29,2101436734805
4762;25,520;27,579904376035
4763;25,524;25,9844042674485
4764;25,528;24,0852013600456
4765;25,532;21,9833743925944
4766;25,536;19,6896547628743
4767;25,540;17,8735883758178
4768;25,544;15,9594972446182
4769;25,549;14,3686629611532
4770;25,553;12,5100527323072
4771;25,557;11,3401182913918
4772;25,561;10,0026383120232
4773;25,565;9,15333089013763
4774;25,569;7,98852885685588
4775;25,573;7,21468055216223
4776;25,577;6,48889024621983
4777;25,582;5,85336244808209
4778;25,586;5,34215768113581
4779;25,590;4,93941213996797
4780;25,594;4,48754818524853
4781;25,598;4,10978601677661
4782;25,602;3,81062179330564
4783;25,606;3,37869363683253
4784;25,610;3,18489222792301
4785;25,615;2,94222690501398
4786;25,619;2,73570051850042
4787;25,623;2,51118949697315
4788;25,627;2,41761849499145
4789;25,631;2,19756121562559
4790;25,635;2,01881769688085
4791;25,639;1,94874548687461
4792;25,643;1,64309152482558
4793;25,647;1,65373808942096
4794;25,652;1,54981743898797
4795;25,656;1,5662750766892
4796;25,660;1,48267197383066
4797;25,664;1,28793739989684
4798;25,668;1,206539959823
4799;25,672;1,20522504547059
4800;25,676;1,13163225832723
4801;25,680;1,14147290767435
4802;25,685;1,0389520047778
4803;25,689;0,989027675977957
4804;25,693;0,918955465971713
4805;25,697;0,929262697830985
4806;25,701;0,807527078752341
4807;25,705;0,754336672367457
4808;25,709;0,7210820642289
4809;25,713;0,713531910850503
4810;25,718;0,690923867307327
4811;25,722;0,656863343920515
4812;25,726;0,637478961370361
4813;25,730;0,641126788283519
4814;25,734;0,624796400358335
4815;25,738;0,588911963514944
4816;25,742;0,549506949534435
4817;25,746;0,545689456253224
4818;25,751;0,474853747590738
4819;25,755;0,484736813529875
4820;25,759;0,418142764068735
4821;25,763;0,470612088389391
4822;25,767;0,416785433124304
4823;25,771;0,420306010261422
4824;25,775;0,392480725900589
4825;25,779;0,330170752232809
4826;25,784;0,3550268751527
4827;25,788;0,378949833048294
4828;25,792;0,363934359475527
4829;25,796;0,317657857588837
4830;25,800;0,302896883568152
4831;25,804;0,337339156283085
4832;25,808;0,303660382224394
4833;25,812;0,281264421641285
4834;25,816;0,254372302304748
4835;25,821;0,277277261992019
4836;25,825;0,263237370035562
4837;25,829;0,270999606374026
4838;25,833;0,243174322013193
4839;25,837;0,244955818877759
4840;25,841;0,223959605831094
4841;25,845;0,26247387137932
4842;25,849;0,2753260987594
4843;25,854;0,221329777126259
4844;25,858;0,221117694166192
4845;25,862;0,256790048049515
4846;25,866;0,182221679289844
4847;25,870;0,220651111654043
4848;25,874;0,222729524662703
4849;25,878;0,202539226864294
4850;25,882;0,160207468034856
4851;25,887;0,146888658142628
4852;25,891;0,210555962754839
4853;25,895;0,223450606726932
4854;25,899;0,23150975920949
4855;25,903;0,179379767624942
4856;25,907;0,145404077422157
4857;25,911;0,200588063631675
4858;25,915;0,172890029046882
4859;25,920;0,153293563536662
4860;25,924;0,173695944295138
4861;25,928;0,116688044629041
4862;25,932;0,159019803458479
4863;25,936;0,174417026359367
4864;25,940;0,137175258571545
4865;25,944;0,151384816896056
4866;25,948;0,118766457637701
4867;25,953;0,157704889106062
4868;25,957;0,111258720851318
4869;25,961;0,140568585932622
4870;25,965;0,131321768873687
4871;25,969;0,130855186361539
4872;25,973;0,131830767977848
4873;25,977;0,0683331297336917
4874;25,981;0,142774248717322
4875;25,985;0,108459225778429
4876;25,990;0,108374392594402
4877;25,994;0,135096845562885
4878;25,998;0,112446385427695
4879;26,002;0,141416917772891
4880;26,006;0,0841121019627005
4881;26,010;0,135860344219128
4882;26,014;0,111725303363466
4883;26,018;0,0699873768222168
4884;26,023;0,0958190813584168
4885;26,027;0,110537638787089
4886;26,031;0,104175149985069
4887;26,035;0,0300733637375465
4888;26,039;0,100400073295871
4889;26,043;0,0698601270461764
4890;26,047;0,0850876835790102
4891;26,051;0,0740593696555094
4892;26,056;0,0879295952439124
4893;26,060;0,0848331840269294
4894;26,064;0,11740912669327
4895;26,068;0,0433497570377609
4896;26,072;0,0614616418275104
4897;26,076;0,0929771696935147
4898;26,080;0,0736352037353748
4899;26,084;0,121947702038711
4900;26,089;0,0899655916605587
4901;26,093;0,0930195862855281
4902;26,097;0,0785979450009501
4903;26,101;0,121947702038711
4904;26,105;0,0357571870673508
4905;26,109;0,0889051768602221
4906;26,113;0,056498900561935
4907;26,117;0,0655760512528165
4908;26,122;0,0819912723620273
4909;26,126;0,104938648641312
4910;26,130;0,124110948231398
4911;26,134;0,166485123652849
4912;26,138;0,249197478079105
4913;26,142;0,448173711214268
4914;26,146;0,545689456253224
4915;26,150;0,961668974129272
4916;26,154;1,56941390449819
4917;26,159;2,42444756630562
4918;26,163;3,7074646415289
4919;26,167;5,51084846757336
4920;26,171;8,15022090561121
4921;26,175;11,2827710589896
4922;26,179;15,5027129652252
4923;26,183;20,4679143931373
4924;26,187;26,4659174199853
4925;26,192;32,8318843825502
4926;26,196;40,3980288161359
4927;26,200;48,1271802128295
4928;26,204;55,4546464831555
4929;26,208;62,1803061459945
4930;26,212;67,2098535439911
4931;26,216;71,7895729836849
4932;26,220;74,9123673209002
4933;26,225;76,6300272144854
4934;26,229;75,9872037625214
4935;26,233;74,5185292640552
4936;26,237;69,9148444498738
4937;26,241;65,436076499172
4938;26,245;60,2817394874718
4939;26,249;54,8687036810815
4940;26,253;48,9128627466949
4941;26,258;43,2588158644841
4942;26,262;38,2617595759698
4943;26,266;34,1234696093601
4944;26,270;30,3874161848142
4945;26,274;26,6734193881152
4946;26,278;23,9690223145207
4947;26,282;21,1385631294622
4948;26,286;18,9994519776312
4949;26,291;16,9122163178326
4950;26,295;15,6271632461927
4951;26,299;13,8331959035752
4952;26,303;12,6074836441621
4953;26,307;11,268179751337
4954;26,311;10,4472066129164
4955;26,315;9,62636072427179
4956;26,319;8,66944240844803
4957;26,323;8,14780315986644
4958;26,328;7,31923745147542
4959;26,332;6,89210236989983
4960;26,336;6,33300927057035
4961;26,340;5,82613099600945
4962;26,344;5,43386235306892
4963;26,348;5,21851331541656
4964;26,352;4,77072135353042
4965;26,356;4,54150209028965
4966;26,361;4,27665288975758
4967;26,365;4,05701977631186
4968;26,369;3,75229897928713
4969;26,373;3,4334110405299
4970;26,377;3,20236786383256
4971;26,381;3,18892180416429
4972;26,385;3,0667196025735
4973;26,389;2,85696955506692
4974;26,394;2,73022877813068
4975;26,398;2,46962123679996
4976;26,402;2,38012222765155
4977;26,406;2,31128009881369
4978;26,410;2,03871107853517
4979;26,414;2,05801062790129
4980;26,418;1,93669917474279
4981;26,422;1,87044445801775
4982;26,427;1,75693765778972
4983;26,431;1,78718068789532
4984;26,435;1,60830991937454
4985;26,439;1,54519403045851
4986;26,443;1,48106014333415
4987;26,447;1,42880290197356
4988;26,451;1,4030984472134
4989;26,455;1,23691023970464
4990;26,460;1,23746165540082
4991;26,464;1,19822630778836
4992;26,468;1,16938302521921
4993;26,472;1,11631986861036
4994;26,476;1,15848196107175
4995;26,480;1,05269498059017
4996;26,484;1,06215388060917
4997;26,488;0,981180606455466
4998;26,492;0,935540353448978
4999;26,497;0,861608233569509
5000;26,501;0,812277737057849
5001;26,505;0,860675068545213
5002;26,509;0,777453715014795
5003;26,513;0,748143849933491
5004;26,517;0,707211838640497
5005;26,521;0,761929242337867
5006;26,525;0,686470125145913
5007;26,530;0,705854507696066
5008;26,534;0,623693568965985
5009;26,538;0,664286247522871
5010;26,542;0,637691044330429
5011;26,546;0,606345182832478
5012;26,550;0,547089203789668
5013;26,554;0,605284768032142
5014;26,558;0,520281917637158
5015;26,563;0,49593479382143
5016;26,567;0,547004370605641
5017;26,571;0,51124718353829
5018;26,575;0,499837120286668
5019;26,579;0,46484343187556
5020;26,583;0,450040041262861
5021;26,587;0,459371691505823
5022;26,591;0,460813855634281
5023;26,596;0,454027200912126
5024;26,600;0,436339482042512
5025;26,604;0,371569346037951
5026;26,608;0,379331582376415
5027;26,612;0,352269796671825
5028;26,616;0,34535589217363
5029;26,620;0,409913945218123
5030;26,624;0,304126964736542
5031;26,629;0,346628389934034
5032;26,633;0,277489344952086
5033;26,637;0,353669544208269
5034;26,641;0,355960040176996
5035;26,645;0,357147704753373
5036;26,649;0,329704169720661
5037;26,653;0,313713114531585
5038;26,657;0,369745432581372
5039;26,661;0,3594382007221
5040;26,666;0,492626299644379
5041;26,670;0,640702622363385
5042;26,674;0,77813238048701
5043;26,678;1,18516199744822
5044;26,682;1,68949527648831
5045;26,686;2,4313190542118
5046;26,690;3,56032148383419
5047;26,694;5,00744835355756
5048;26,699;6,85982334337758
5049;26,703;9,31086611287564
5050;26,707;12,1003508700491
5051;26,711;15,3903938295735
5052;26,715;18,4902832071016
5053;26,719;21,9472354561989
5054;26,723;25,0812701902978
5055;26,727;28,0735486738877
5056;26,732;30,6652024459104
5057;26,736;32,7252914868203
5058;26,740;33,6609590900453
5059;26,744;34,1753451013926
5060;26,748;34,1328436761951
5061;26,752;32,925794717268
5062;26,756;31,7375363086028
5063;26,760;29,7280078453729
5064;26,765;27,8484014034802
5065;26,769;25,3202028531096
5066;26,773;22,9455523658278
5067;26,777;20,6891593370796
5068;26,781;18,8780132746966
5069;26,785;16,9849607731357
5070;26,789;15,045504519912
5071;26,793;13,5916334120585
5072;26,798;12,0515717892337
5073;26,802;10,8221268697234
5074;26,806;9,5737641501751
5075;26,810;8,6680850775036
5076;26,814;7,86166083014361
5077;26,818;7,23682201319326
5078;26,822;6,49202907402883
5079;26,826;5,87410416157668
5080;26,830;5,39606916958493
5081;26,835;4,97347266335478
5082;26,839;4,57916802399761
5083;26,843;4,16314608952955
5084;26,847;3,91946276841219
5085;26,851;3,71577829356354
5086;26,855;3,19579329207047
5087;26,859;3,10824544615468
5088;26,863;2,81756454108641
5089;26,868;2,73943317859761
5090;26,872;2,42928305779515
5091;26,876;2,39433178597606
5092;26,880;2,20948027798138
5093;26,884;2,17257784292966
5094;26,888;1,95867096940576
5095;26,892;1,84189809159269
5096;26,896;1,69517909981812
5097;26,901;1,65878566387056
5098;26,905;1,62451305752369
5099;26,909;1,53034822325379
5100;26,913;1,57891522110921
5101;26,917;1,58150263322203
5102;26,921;1,68406595271059
5103;26,925;1,90458981458859
5104;26,929;2,38326105546054
5105;26,934;2,83253759806716
5106;26,938;3,71560862719548
5107;26,942;5,15141026685126
5108;26,946;6,93829403860249
5109;26,950;9,52867531286478
5110;26,954;12,7409686592285
5111;26,958;16,8258561364932
5112;26,962;21,6825559220349
5113;26,967;27,5608593262209
5114;26,971;33,7054116784754
5115;26,975;39,5864297445503
5116;26,979;46,3184094795993
5117;26,983;53,5458574259576
5118;26,987;58,9782351983061
5119;26,991;64,0048134348617
5120;26,995;68,283756820588
5121;26,999;70,8809247495724
5122;27,004;70,800714974075
5123;27,008;69,216158346228
5124;27,012;67,4439931319054
5125;27,016;63,8411702228737
5126;27,020;60,5474794364362
5127;27,024;55,7138542769498
5128;27,028;51,0126961343215
5129;27,032;46,1073021011483
5130;27,037;41,1449425849011
5131;27,041;36,7835837608926
5132;27,045;32,6610727665119
5133;27,049;28,9433008931238
5134;27,053;26,1827866682955
5135;27,057;23,2227447946358
5136;27,061;20,7952856502973
5137;27,065;19,0421230691967
5138;27,070;17,1858033363195
5139;27,074;15,1669432228466
5140;27,078;13,9563312701903
5141;27,082;12,6516817330401
5142;27,086;11,7254306132421
5143;27,090;10,5854847028803
5144;27,094;9,93159052040068
5145;27,098;9,16376537177294
5146;27,103;8,34406473111274
5147;27,107;7,6883890517686
5148;27,111;7,17476653907756
5149;27,115;6,6683548470288
5150;27,119;6,31256447321986
5151;27,123;5,73353557564405
5152;27,127;5,41473247007085
5153;27,131;5,1036491842441
5154;27,136;4,78539749436708
5155;27,140;4,47651987132503
5156;27,144;4,0149425170345
5157;27,148;4,05689252653582
5158;27,152;3,75272314520726
5159;27,156;3,54293068110867
5160;27,160;3,3647385780601
5161;27,164;3,02807808724923
5162;27,168;3,01098420066781
5163;27,173;2,93119859109048
5164;27,177;2,73743959877297
5165;27,181;2,59865250970492
5166;27,185;2,43967512283845
5167;27,189;2,32302949480142
5168;27,193;2,22678624752287
5169;27,197;2,10814703966121
5170;27,201;1,95824680348563
5171;27,206;2,00592305290876
5172;27,210;1,80669232022152
5173;27,214;1,81678746912072
5174;27,218;1,79706375383446
5175;27,222;1,67732171458045
5176;27,226;1,5984268534354
5177;27,230;1,49683911556316
5178;27,234;1,50209877297283
5179;27,239;1,35864585878329
5180;27,243;1,3085942802074
5181;27,247;1,23207474821511
5182;27,251;1,25777920297527
5183;27,255;1,20357079838206
5184;27,259;1,10613988652713
5185;27,263;1,06334154518555
5186;27,267;1,09036091429812
5187;27,272;1,09553573852377
5188;27,276;1,0449327442517
5189;27,280;1,02147636886826
5190;27,284;0,984701183592584
5191;27,288;0,994032833835546
5192;27,292;0,922136710372723
5193;27,296;0,906315321551701
5194;27,300;0,861311317425415
5195;27,305;0,822669802101148
5196;27,309;0,885107025544968
5197;27,313;0,780168376903657
5198;27,317;0,798704427613541
5199;27,321;0,839594022314521
5200;27,325;0,72523889024622
5201;27,329;0,720021649428564
5202;27,333;0,76502565355485
5203;27,337;0,636248880201971
5204;27,342;0,648422442109835
5205;27,346;0,681252884328257
5206;27,350;0,555572522192361
5207;27,354;0,543398960284497
5208;27,358;0,568467166164454
5209;27,362;0,562444010098542
5210;27,366;0,525244658902734
5211;27,370;0,561341178706192
5212;27,375;0,477059410375438
5213;27,379;0,436084982490431
5214;27,383;0,507769022993186
5215;27,387;0,466837011700193
5216;27,391;0,427813747047805
5217;27,395;0,496146876781497
5218;27,399;0,389808480603741
5219;27,403;0,384463990010044
5220;27,408;0,411356109346581
5221;27,412;0,406520617857046
5222;27,416;0,420263593669408
5223;27,420;0,321984349974211
5224;27,424;0,352778795775986
5225;27,428;0,374114341558759
5226;27,432;0,341029399788256
5227;27,436;0,379713331704536
5228;27,441;0,372672177430301
5229;27,445;0,359183701170019
5230;27,449;0,310574286722589
5231;27,453;0,288899408203708
5232;27,457;0,29687372750224
5233;27,461;0,278507343160409
5234;27,465;0,280246423432961
5235;27,469;0,289874989820018
5236;27,474;0,26688519694872
5237;27,478;0,306375044113256
5238;27,482;0,31524011184407
5239;27,486;0,355069291744713
5240;27,490;0,307223375953525
5241;27,494;0,282494502809675
5242;27,498;0,294583231533513
5243;27,502;0,296534394766132
5244;27,506;0,30251513424003
5245;27,511;0,32185710019817
5246;27,515;0,322875098406493
5247;27,519;0,314349363411787
5248;27,523;0,288814575019681
5249;27,527;0,336024241930668
5250;27,531;0,31536736162011
5251;27,535;0,321390517686022
5252;27,539;0,255687216657165
5253;27,544;0,297509976382442
5254;27,548;0,256874881233542
5255;27,552;0,284869831962429
5256;27,556;0,303660382224394
5257;27,560;0,300436721231371
5258;27,564;0,240671743084399
5259;27,568;0,249070228303065
5260;27,572;0,316851942340581
5261;27,577;0,258104962401933
5262;27,581;0,30764754187366
5263;27,585;0,348918885902761
5264;27,589;0,468660925156772
5265;27,593;0,530207400168309
5266;27,597;0,698983019789885
5267;27,601;1,09002158156202
5268;27,605;1,44598162173901
5269;27,610;2,10857120558134
5270;27,614;3,02790842088118
5271;27,618;4,3135553248093
5272;27,622;6,14294052175801
5273;27,626;7,98738360887151
5274;27,630;10,3071894426799
5275;27,634;13,11113825773
5276;27,638;15,9870680294269
5277;27,643;18,9023603985124
5278;27,647;21,9026132014008
5279;27,651;24,262969297174
5280;27,655;26,6212045633466
5281;27,659;28,0250240926243
5282;27,663;29,3924926025464
5283;27,667;29,6304921003339
5284;27,671;29,5730600347477
5285;27,675;28,2867344653473
5286;27,680;27,3246413252979
5287;27,684;25,7210820642289
5288;27,688;23,6799108233569
5289;27,692;21,3659584792464
5290;27,696;19,8641142058257
5291;27,700;17,9558341477319
5292;27,704;16,129163612672
5293;27,708;14,336596017591
5294;27,713;12,9078355322095
5295;27,717;11,4890853625431
5296;27,721;10,6281557944458
5297;27,725;9,55136818959199
5298;27,729;8,9648315552298
5299;27,733;8,48628756413389
5300;27,737;8,3382536580069
5301;27,741;8,64556186714445
5302;27,746;9,41079960365936
5303;27,750;10,3652577571463
5304;27,754;12,1935401227027
5305;27,758;14,632748663029
5306;27,762;18,1364015799332
5307;27,766;22,2438546841491
5308;27,770;27,4856971251731
5309;27,774;33,467836346608
5310;27,779;39,8922109563754
5311;27,783;47,0998503542634
5312;27,787;54,6705333631946
5313;27,791;61,5783298721394
5314;27,795;68,5674814045661
5315;27,799;72,7219745093249
5316;27,803;77,1671061025599
5317;27,807;79,2109071721367
5318;27,812;79,7081992969026
5319;27,816;78,1954963759264
5320;27,820;75,7423327768276
5321;27,824;71,4713212938078
5322;27,828;66,6033386947906
5323;27,832;60,9588355457828
5324;27,836;54,6501733990281
5325;27,840;49,3251096044738
5326;27,844;44,027277261992
5327;27,849;39,572686768738
5328;27,853;34,8526532426636
5329;27,857;30,6353411651329
5330;27,861;27,2252168336184
5331;27,865;24,6654179221978
5332;27,869;21,9148715964927
5333;27,873;19,8046037272308
5334;27,877;18,1249491000896
5335;27,882;16,27405869099
5336;27,886;15,057932581372
5337;27,890;13,6272209327578
5338;27,894;12,2562318456986
5339;27,898;11,4943026033608
5340;27,902;10,455647514727
5341;27,906;9,49983203029563
5342;27,910;9,09505049271113
5343;27,915;8,24268907620056
5344;27,919;7,73402930477509
5345;27,923;7,34519640578766
5346;27,927;6,79229612889215
5347;27,931;6,36694254418112
5348;27,935;6,07066264896707
5349;27,939;5,53816475283003
5350;27,943;5,46830462578386
5351;27,948;5,04333279040096
5352;27,952;4,64682248825909
5353;27,956;4,34621610065966
5354;27,960;4,21485191519396
5355;27,964;3,98550540217716
5356;27,968;3,81248812335424
5357;27,972;3,57495520807883
5358;27,976;3,35952133724245
5359;27,981;3,21899516790184
5360;27,985;3,06693168553357
5361;27,989;2,93569474984391
5362;27,993;2,78443718272389
5363;27,997;2,6644406439178
5364;28,001;2,48243104758802
5365;28,005;2,45172143497027
5366;28,009;2,35361185764313
5367;28,014;2,22682866411488
5368;28,018;2,09805189076201
5369;28,022;1,99175591117626
5370;28,026;2,06004662431794
5371;28,030;1,94238299807259
5372;28,034;1,83774126557537
5373;28,038;1,77063821701007
5374;28,042;1,75821015555013
5375;28,046;1,74171010125689
5376;28,051;1,61513899068871
5377;28,055;1,60495900860548
5378;28,059;1,49866302901974
5379;28,063;1,54519403045851
5380;28,067;1,48615013437576
5381;28,071;1,42384016070798
5382;28,075;1,46362692401661
5383;28,079;1,37514591307653
5384;28,084;1,28988856312946
5385;28,088;1,22024051904335
5386;28,092;1,24153364823411
5387;28,096;1,20569162798273
5388;28,100;1,19233040149849
5389;28,104;1,17171593777995
5390;28,108;1,10995737980834
5391;28,112;1,09078508021826
5392;28,117;0,937321850313543
5393;28,121;0,922518459700844
5394;28,125;0,882349947064093
5395;28,129;0,930323112631322
5396;28,133;0,808841993104759
5397;28,137;0,864492561826425
5398;28,141;0,832298368488205
5399;28,145;0,826147962646252
5400;28,150;0,803285419550995
5401;28,154;0,795862515948639
5402;28,158;0,707805670928686
5403;28,162;0,702206680782908
5404;28,166;0,74360527458805
5405;28,170;0,815671064418927
5406;28,174;0,846380677036675
5407;28,178;0,987034096153324
5408;28,183;1,10079539593344
5409;28,187;1,46557808724923
5410;28,191;1,8413042593045
5411;28,195;2,40476626761137
5412;28,199;3,31697749545294
5413;28,203;4,54209592257784
5414;28,207;5,947569698944
5415;28,211;7,94382176887369
5416;28,215;10,2105644460732
5417;28,220;12,4767557075766
5418;28,224;15,2211092108478
5419;28,228;17,7989351738741
5420;28,232;20,7572379672612
5421;28,236;23,4400025789288
5422;28,240;25,5414902136439
5423;28,244;27,0785402584358
5424;28,248;28,2016043651763
5425;28,253;28,9272674213427
5426;28,257;28,8500692238782
5427;28,261;28,5246067133588
5428;28,265;27,4311918044358
5429;28,269;25,970279542308
5430;28,273;24,2697983684882
5431;28,277;22,4965727393653
5432;28,281;20,586511184407
5433;28,286;18,2715832586801
5434;28,290;16,7671515731466
5435;28,294;15,1860731058447
5436;28,298;13,7157019436979
5437;28,302;12,1900195455656
5438;28,306;10,9009368976844
5439;28,310;9,85914298124169
5440;28,314;9,07214553302386
5441;28,319;7,98708669272742
5442;28,323;7,26511388006624
5443;28,327;6,69660429730977
5444;28,331;6,08453287455547
5445;28,335;5,51750787251948
5446;28,339;5,12354256589842
5447;28,343;4,80177029888427
5448;28,347;4,33552711947227
5449;28,352;3,9891108124983
5450;28,356;3,59663008659771
5451;28,360;3,46848956212504
5452;28,364;3,27350048863914
5453;28,368;2,96148403778809
5454;28,372;2,78291018541141
5455;28,376;2,68424919238809
5456;28,380;2,49498635882401
5457;28,384;2,33168247957217
5458;28,389;2,13601474061406
5459;28,393;2,09249531720824
5460;28,397;1,88070927328501
5461;28,401;1,79396734261748
5462;28,405;1,62777913510872
5463;28,409;1,63028171403752
5464;28,413;1,50595868284605
5465;28,417;1,48364755544697
5466;28,422;1,51541758286505
5467;28,426;1,37260091755572
5468;28,430;1,33930389282515
5469;28,434;1,231735415479
5470;28,438;1,18223525259929
5471;28,442;1,08149584656731
5472;28,446;1,09922598202894
5473;28,450;1,06597137389038
5474;28,455;0,997171661644542
5475;28,459;0,96434121942612
5476;28,463;0,865001560930586
5477;28,467;0,870303634932269
5478;28,471;0,815628647826913
5479;28,475;0,858554238944539
5480;28,479;0,787379197545946
5481;28,483;0,839848521866602
5482;28,488;0,697031856557266
5483;28,492;0,702164264190895
5484;28,496;0,716882821619567
5485;28,500;0,693511279420148
5486;28,504;0,637606211146402
5487;28,508;0,637224461818281
5488;28,512;0,598922279230122
5489;28,516;0,617712829492087
5490;28,521;0,547386119933762
5491;28,525;0,583185723593126
5492;28,529;0,579622729863995
5493;28,533;0,541490213643891
5494;28,537;0,565370754947471
5495;28,541;0,460092773570052
5496;28,545;0,539072467899123
5497;28,549;0,48210698482504
5498;28,553;0,507514523441105
5499;28,558;0,489275388875316
5500;28,562;0,483167399625377
5501;28,566;0,476974577191411
5502;28,570;0,466964261476233
5503;28,574;0,424717335830822
5504;28,578;0,433327904009556
5505;28,582;0,489784387979477
5506;28,586;0,425226334934984
5507;28,591;0,420518093221489
5508;28,595;0,349555134782963
5509;28,599;0,357783953633575
5510;28,603;0,375344422727149
5511;28,607;0,381918994489236
5512;28,611;0,313331365203464
5513;28,615;0,327371257159921
5514;28,619;0,310616703314602
5515;28,624;0,355747957216929
5516;28,628;0,315961193908299
5517;28,632;0,330043502456769
5518;28,636;0,328516505144284
5519;28,640;0,30128505307164
5520;28,644;0,29381973287727
5521;28,648;0,26701244672476
5522;28,652;0,313076865651383
5523;28,657;0,323977929798844
5524;28,661;0,300351888047344
5525;28,665;0,307689958465673
5526;28,669;0,294583231533513
5527;28,673;0,257723213073812
5528;28,677;0,246694899150311
5529;28,681;0,286948244971089
5530;28,685;0,309174539186144
5531;28,690;0,266036865108451
5532;28,694;0,239441661916008
5533;28,698;0,257468713521731
5534;28,702;0,24962164399924
5535;28,706;0,263831202323751
5536;28,710;0,190408081548443
5537;28,714;0,226504601351902
5538;28,718;0,17764068735239
5539;28,722;0,209665214322556
5540;28,727;0,205338721937183
5541;28,731;0,173950443847219
5542;28,735;0,228031598664386
5543;28,739;0,232824673561908
5544;28,743;0,216154952900616
5545;28,747;0,167036539349024
5546;28,751;0,172762779270842
5547;28,755;0,185996755979043
5548;28,760;0,198594483807042
5549;28,764;0,199273149279257
5550;28,768;0,219548280261693
5551;28,772;0,170217783750034
5552;28,776;0,151299983712029
5553;28,780;0,195964655102207
5554;28,784;0,184215259114477
5555;28,788;0,2000366479355
5556;28,793;0,154311561744985
5557;28,797;0,170641949670169
5558;28,801;0,159359136194587
5559;28,805;0,138108423595841
5560;28,809;0,147736989982898
5561;28,813;0,112276719059641
5562;28,817;0,18290034476206
5563;28,821;0,174120110215273
5564;28,826;0,179676683769037
5565;28,830;0,175647107527757
5566;28,834;0,189983915628308
5567;28,838;0,140695835708662
5568;28,842;0,169836034421913
5569;28,846;0,176792355512121
5570;28,850;0,18608158916307
5571;28,854;0,126571110568179
5572;28,859;0,130049271113283
5573;28,863;0,158510804354318
5574;28,867;0,133145682330266
5575;28,871;0,164449127236203
5576;28,875;0,167800038005266
5577;28,879;0,139168838396178
5578;28,883;0,129455438825094
5579;28,887;0,127461859000461
5580;28,891;0,11728187691723
5581;28,896;0,127207359448381
5582;28,900;0,105702147297554
5583;28,904;0,181967179737764
5584;28,908;0,136666259467383
5585;28,912;0,148415655455113
5586;28,916;0,120887287238374
5587;28,920;0,136963175611478
5588;28,924;0,123177783207102
5589;28,929;0,146506908814507
5590;28,933;0,126528693976165
5591;28,937;0,155159893585254
5592;28,941;0,110452805603062
5593;28,945;0,0921712544452588
5594;28,949;0,152954230800554
5595;28,953;0,136963175611478
5596;28,957;0,0995517414556017
5597;28,962;0,167163789125064
5598;28,966;0,140865502076716
5599;28,970;0,126062111464017
5600;28,974;0,118724041045688
5601;28,978;0,150663734831827
5602;28,982;0,127292192632408
5603;28,986;0,0668909656052339
5604;28,990;0,0866570974835084
5605;28,995;0,0434770068138013
5606;28,999;0,0911532562369357
5607;29,003;0,140611002524636
5608;29,007;0,126995276488313
5609;29,011;0,115118630724543
5610;29,015;0,11838470830958
5611;29,019;0,170896449222249
5612;29,023;0,173059695414936
5613;29,028;0,232782256969894
5614;29,032;0,274689849879198
5615;29,036;0,33263091456959
5616;29,040;0,382894576105546
5617;29,044;0,49165071802807
5618;29,048;0,557990267937128
5619;29,052;0,728971550343405
5620;29,056;0,948434997421071
5621;29,060;1,2383524038331
5622;29,065;1,54074028829709
5623;29,069;2,21071035914977
5624;29,073;2,8978591497679
5625;29,077;3,87912458940739
5626;29,081;5,10504893178055
5627;29,085;6,70648736324891
5628;29,089;8,51313726687841
5629;29,093;10,742086760594
5630;29,098;12,5456826695985
5631;29,102;15,4974957244075
5632;29,106;17,6755453077069
5633;29,110;19,7402153405543
5634;29,114;22,0721523196786
5635;29,118;23,2217692130195
5636;29,122;24,1985809104976
5637;29,126;24,8328786274669
5638;29,131;24,9069804137145
5639;29,135;23,9942601867687
5640;29,139;23,4157402882971
5641;29,143;22,0912822026767
5642;29,147;20,2080279338708
5643;29,151;18,8391172598203
5644;29,155;17,3224695957868
5645;29,159;15,6456568803106
5646;29,164;14,415321212368
5647;29,168;13,0555301056003
5648;29,172;11,775482191818
5649;29,176;10,3474852050927
5650;29,180;9,14365990715856
5651;29,184;8,48548164888563
5652;29,188;7,7202014957787
5653;29,192;6,87492365013438
5654;29,197;6,28550268751527
5655;29,201;5,59924464532942
5656;29,205;5,06021459402231
5657;29,209;4,64275049542579
5658;29,213;4,30422367456633
5659;29,217;3,9399499823547
5660;29,221;3,6529593207916
5661;29,225;3,47082247468578
5662;29,229;3,0947569698944
5663;29,234;2,84861348644026
5664;29,238;2,67941370089855
5665;29,242;2,55738116567582
5666;29,246;2,34788561772131
5667;29,250;2,28116431848413
5668;29,254;2,27806790726715
5669;29,258;2,36489467111871
5670;29,262;2,53736053424546
5671;29,267;2,71148064446073
5672;29,271;3,44817201455059
5673;29,275;4,16700599940277
5674;29,279;5,52722127209056
5675;29,283;7,46311453158509
5676;29,287;9,92013804055705
5677;29,291;13,1795562206477
5678;29,295;17,6114538371746
5679;29,300;22,5829329207047
5680;29,304;28,6445608355729
5681;29,308;35,5483277682765
5682;29,312;43,541946616174
5683;29,316;52,1396201509352
5684;29,320;60,2455157178923
5685;29,324;69,1633921057632
5686;29,328;75,2474159812145
5687;29,333;82,3386218340256
5688;29,337;86,5336652007492
5689;29,341;89,1798667101013
5690;29,345;88,2894151939626
5691;29,349;86,5040584195238
5692;29,353;83,4857785650297
5693;29,357;78,2309990634416
5694;29,361;72,0461933653663
5695;29,366;65,7003742840079
5696;29,370;59,5641780003801
5697;29,374;53,3515046013519
5698;29,378;47,5763583489426
5699;29,382;42,0602078073676
5700;29,386;38,0096777696338
5701;29,390;33,5960192876727
5702;29,394;29,9873853055352
5703;29,398;27,4041724353232
5704;29,403;24,3236674403453
5705;29,407;22,1290329695686
5706;29,411;20,0786997448218
5707;29,415;18,2274275863941
5708;29,419;16,3186385291962
5709;29,423;14,9740749789614
5710;29,427;13,8707770040991
5711;29,431;12,9290438282162
5712;29,436;11,6394521812308
5713;29,440;10,7943440019546
5714;29,444;10,0293607649917
5715;29,448;9,42704515840052
5716;29,452;8,73463671037272
5717;29,456;8,15794072535766
5718;29,460;7,69212171186579
5719;29,464;7,38591633412059
5720;29,469;6,77308141271005
5721;29,473;6,38352743165839
5722;29,477;6,00016627304069
5723;29,481;5,71304836170155
5724;29,485;5,22657246789912
5725;29,489;5,0667891657844
5726;29,493;4,70018256101203
5727;29,497;4,52372953823601
5728;29,502;4,28721462116893
5729;29,506;4,11839658495534
5730;29,510;3,8473545619893
5731;29,514;3,76264862773842
5732;29,518;3,49347293482097
5733;29,522;3,23888854955615
5734;29,526;3,2579335993702
5735;29,530;2,97060360507099
5736;29,535;2,85073431604094
5737;29,539;2,69655000407199
5738;29,543;2,70117341260146
5739;29,547;2,59631959714418
5740;29,551;2,44938852240953
5741;29,555;2,29533146021663
5742;29,559;2,31123768222168
5743;29,563;2,13588749083802
5744;29,567;2,11518819393545
5745;29,572;2,09041690419958
5746;29,576;1,93008218638869
5747;29,580;1,95078148329126
5748;29,584;1,77331046230692
5749;29,588;1,72750054293238
5750;29,592;1,74310984879333
5751;29,596;1,66989881097809
5752;29,600;1,59757852159514
5753;29,605;1,52445231696392
5754;29,609;1,56152441838369
5755;29,613;1,48971312810489
5756;29,617;1,4953969514347
5757;29,621;1,4405947145533
5758;29,625;1,50892784428699
5759;29,629;1,67380113744333
5760;29,633;1,83061527811711
5761;29,638;2,13660857290225
5762;29,642;2,53884511496593
5763;29,646;3,25021377962375
5764;29,650;4,03186673724788
5765;29,654;5,48722242582186
5766;29,658;6,7023729538236
5767;29,662;8,61031367918126
5768;29,666;10,3873568015854
5769;29,671;12,6777679371284
5770;29,675;15,2987739908244
5771;29,679;17,7911305209436
5772;29,683;19,8448146564595
5773;29,687;21,8424240573337
5774;29,691;23,2889146781768
5775;29,695;24,3769426799142
5776;29,699;24,8038656785297
5777;29,704;25,1062111464017
5778;29,708;24,5880076417732
5779;29,712;23,9049732605804
5780;29,716;22,7931495507235
5781;29,720;21,5273111952656
5782;29,724;20,0577035317751
5783;29,728;18,5942886907186
5784;29,732;16,985766688384
5785;29,736;15,2551273176426
5786;29,741;13,6607300404485
5787;29,745;12,4633944810924
5788;29,749;11,3070333496213
5789;29,753;10,2177328501235
5790;29,757;9,17237593995168
5791;29,761;8,4526087900752
5792;29,765;7,67710623829302
5793;29,769;6,89180545375573
5794;29,774;6,28461193908299
5795;29,778;5,75652536851535
5796;29,782;5,20375234139588
5797;29,786;4,88859706273584
5798;29,790;4,48339135923121
5799;29,794;4,17884022857453
5800;29,798;3,87937908895947
5801;29,802;3,61911088036485
5802;29,807;3,30365868556071
5803;29,811;3,13119282243397
5804;29,815;2,95431563373782
5805;29,819;2,76293197057307
5806;29,823;2,70643307001113
5807;29,827;2,45532684529142
5808;29,831;2,34958228140185
5809;29,835;2,26177993593398
5810;29,840;2,15374487607568
5811;29,844;2,06573044764775
5812;29,848;1,8179751336971
5813;29,852;1,82934278035671
5814;29,856;1,71715089448109
5815;29,860;1,70056600700383
5816;29,864;1,56928665472215
5817;29,868;1,55910667263892
5818;29,873;1,42078616608301
5819;29,877;1,40199561582105
5820;29,881;1,34142472242582
5821;29,885;1,25905170073567
5822;29,889;1,18401674946385
5823;29,893;1,12403968835682
5824;29,897;1,18736766023292
5825;29,901;1,12314893992453
5826;29,905;1,04196358281076
5827;29,910;0,958657396096316
5828;29,914;1,03161393435948
5829;29,918;1,01460488096208
5830;29,922;0,961287224801151
5831;29,926;0,894735591932025
5832;29,930;0,830728954583707
5833;29,934;0,800019341965958
5834;29,938;0,850579919646008
5835;29,943;0,738854616282542
5836;29,947;0,777920297526943
5837;29,951;0,685876292857725
5838;29,955;0,683967546217119
5839;29,959;0,742460026603686
5840;29,963;0,736182370985694
5841;29,967;0,663607582050656
5842;29,971;0,664158997746831
5843;29,976;0,648083109373727
5844;29,980;0,712301829682113
5845;29,984;0,753064174607053
5846;29,988;0,793826519531992
5847;29,992;1,04289674783506
5848;29,996;1,21273278225697
5849;30,000;1,5587249233108
5850;30,004;1,93865033797541
5851;30,009;2,86010838287591
5852;30,013;3,86207311941798
5853;30,017;5,58422917175666
5854;30,021;7,36114504438472
5855;30,025;9,60612800988137
5856;30,029;12,5790221109211
5857;30,033;15,7424939598773
5858;30,037;19,2550543611043
5859;30,042;23,1959799250753
5860;30,046;26,9218109509461
5861;30,050;30,5176775388875
5862;30,054;33,7553360072753
5863;30,058;35,9323675923664
5864;30,062;37,1863293020604
5865;30,066;38,221378980373
5866;30,070;38,1116896734262
5867;30,074;37,7555599668811
5868;30,079;35,4513210223417
5869;30,083;33,672453986481
5870;30,087;31,5190484431414
5871;30,091;29,0158756820588
5872;30,095;26,817550967777
5873;30,099;24,196841830225
5874;30,103;21,8634202703803
5875;30,107;20,0368769850965
5876;30,112;17,8947542552325
5877;30,116;15,9019379292559
5878;30,120;14,2502358362516
5879;30,124;12,8620680294269
5880;30,128;11,7569461411081
5881;30,132;10,7229144610039
5882;30,136;9,81825338654071
5883;30,140;8,99325067187882
5884;30,145;8,14848182533865
5885;30,149;7,4020346390857
5886;30,153;6,90728750984065
5887;30,157;6,33602084860331
5888;30,161;5,88873788582132
5889;30,165;5,45723389526834
5890;30,169;5,12044615468143
5891;30,173;4,79133581724896
5892;30,178;4,4307523685425
5893;30,182;4,20725934522355
5894;30,186;3,95280220973478
5895;30,190;3,62844253060781
5896;30,194;3,39591477319
5897;30,198;3,15380086597714
5898;30,202;3,14404504981405
5899;30,206;2,89616248608736
5900;30,211;2,75949622661997
5901;30,215;2,60179133751391
5902;30,219;2,42529589814589
5903;30,223;2,40913517658876
5904;30,227;2,27768615793903
5905;30,231;2,03697199826262
5906;30,235;2,0365902489345
5907;30,239;2,00944363004588
5908;30,243;1,81203681081521
5909;30,248;1,67295280560306
5910;30,252;1,64589101989847
5911;30,256;1,57030465293048
5912;30,260;1,57441906235578
5913;30,264;1,48428380432717
5914;30,268;1,43359597687108
5915;30,272;1,36411759915303
5916;30,276;1,40555860955018
5917;30,281;1,34990804082851
5918;30,285;1,30397087167793
5919;30,289;1,11033912913647
5920;30,293;1,11067846187257
5921;30,297;1,13112325922306
5922;30,301;1,03521934468062
5923;30,305;1,0524828976301
5924;30,309;0,977956945462443
5925;30,314;0,951616241822081
5926;30,318;0,896941254716725
5927;30,322;0,832298368488205
5928;30,326;0,878999036295029
5929;30,330;0,894438675787931
5930;30,334;0,82525721421397
5931;30,338;0,785767367049434
5932;30,342;0,750434345902218
5933;30,347;0,730710630615957
5934;30,351;0,669588321524554
5935;30,355;0,658941756929174
5936;30,359;0,704412343567609
5937;30,363;0,639048375274859
5938;30,367;0,652579268127155
5939;30,371;0,591499375627766
5940;30,375;0,597989114205826
5941;30,380;0,620045742052827
5942;30,384;0,583567472921248
5943;30,388;0,569485164372777
5944;30,392;0,508871854385536
5945;30,396;0,510610934658088
5946;30,400;0,579877229416076
5947;30,404;0,590481377419442
5948;30,408;0,48762114178679
5949;30,412;0,494450213100958
5950;30,417;0,482912900073296
5951;30,421;0,52422666069441
5952;30,425;0,451567038575345
5953;30,429;0,47879849064799
5954;30,433;0,480113405000407
5955;30,437;0,458014360561392
5956;30,441;0,380222330808698
5957;30,445;0,445840798653528
5958;30,450;0,466709761924152
5959;30,454;0,408811113825773
5960;30,458;0,386966568938839
5961;30,462;0,357317371121427
5962;30,466;0,430740491896734
5963;30,470;0,366479354996335
5964;30,474;0,382131077449304
5965;30,478;0,345228642397589
5966;30,483;0,379373998968428
5967;30,487;0,38845114965931
5968;30,491;0,380391997176752
5969;30,495;0,372629760838288
5970;30,499;0,382003827673263
5971;30,503;0,320499769253739
5972;30,507;0,295431563373782
5973;30,511;0,335642492602546
5974;30,516;0,334369994842142
5975;30,520;0,284869831962429
5976;30,524;0,326692591687705
5977;30,528;0,315876360724272
5978;30,532;0,322111599750251
5979;30,536;0,337508822651139
5980;30,540;0,271084439558053
5981;30,544;0,303914881776475
5982;30,549;0,289281157531829
5983;30,553;0,31426453022776
5984;30,557;0,290426405516193
5985;30,561;0,245719317534001
5986;30,565;0,2605227081467
5987;30,569;0,267097279908787
5988;30,573;0,304211797920569
5989;30,577;0,349003719086788
5990;30,581;0,299842888943182
5991;30,586;0,271423772294161
5992;30,590;0,263279786627576
5993;30,594;0,251869723375954
5994;30,598;0,285209164698537
5995;30,602;0,299164223470967
5996;30,606;0,268878776773353
5997;30,610;0,314349363411787
5998;30,614;0,288263159323506
5999;30,619;0,273459768710807
6000;30,623;0,218742365013438
6001;30,627;0,228710264136602
6002;30,631;0,227480182968211
6003;30,635;0,216663952004778
6004;30,639;0,271126856150066
6005;30,643;0,28720274452317
6006;30,647;0,25072447539159
6007;30,652;0,23346092244211
6008;30,656;0,261540706355023
6009;30,660;0,253523970464479
6010;30,664;0,22502002063143
6011;30,668;0,276768262887857
6012;30,672;0,23982341124413
6013;30,676;0,258613961506094
6014;30,680;0,271254105926107
6015;30,685;0,237617748459429
6016;30,689;0,210259046610745
6017;30,693;0,276725846295844
6018;30,697;0,273544601894834
6019;30,701;0,267224529684828
6020;30,705;0,290723321660287
6021;30,709;0,353330211472161
6022;30,713;0,313713114531585
6023;30,718;0,372375261286207
6024;30,722;0,408556614273692
6025;30,726;0,55408794147189
6026;30,730;0,737879034666232
6027;30,734;1,04527207698781
6028;30,738;1,4591731818552
6029;30,742;2,14390422672856
6030;30,746;3,17645132611233
6031;30,750;4,57149062084317
6032;30,755;6,34531008225426
6033;30,759;8,66469175014252
6034;30,763;12,0290061622825
6035;30,767;15,6732276651193
6036;30,771;19,6947023373239
6037;30,775;24,1141294757988
6038;30,779;28,7674841192279
6039;30,783;32,6586550207672
6040;30,788;36,8855532480929
6041;30,792;39,64857005185
6042;30,796;42,1589112169829
6043;30,800;44,1289074164563
6044;30,804;44,2403782202677
6045;30,808;43,3102247740044
6046;30,812;41,5328847354562
6047;30,816;39,2871382713033
6048;30,821;36,4435723593126
6049;30,825;33,7963104351603
6050;30,829;30,4429819203518
6051;30,833;27,7072389852594
6052;30,837;24,8886988625567
6053;30,841;22,4617063007302
6054;30,845;20,0120632787686
6055;30,849;18,0904644107826
6056;30,854;16,2963274017971
6057;30,858;14,7317489887884
6058;30,862;13,7103150365122
6059;30,866;12,0826631511795
6060;30,870;11,094992806146
6061;30,874;10,0822118386405
6062;30,878;9,44159404946114
6063;30,882;8,47861016097945
6064;30,887;7,78866187528843
6065;30,891;7,36784686592285
6066;30,895;6,86728866357195
6067;30,899;6,2793098650813
6068;30,903;5,86036118576431
6069;30,907;5,43865542796645
6070;30,911;5,04592020251378
6071;30,915;4,64957956673996
6072;30,919;4,58599709531178
6073;30,924;4,24649469283601
6074;30,928;4,02253508700491
6075;30,932;3,77465252327823
6076;30,936;3,5405129353639
6077;30,940;3,47052555854168
6078;30,944;3,33241713494584
6079;30,948;3,09675054971903
6080;30,952;2,9057486358824
6081;30,957;2,83898492005321
6082;30,961;2,70312457583408
6083;30,965;2,54703151722453
6084;30,969;2,49502877541602
6085;30,973;2,33600897195754
6086;30,977;2,2703480875207
6087;30,981;2,1115827836143
6088;30,985;2,00236005917963
6089;30,990;1,95150256535548
6090;30,994;1,90989188859028
6091;30,998;1,68601711594321
6092;31,002;1,72376788283519
6093;31,006;1,66370598854413
6094;31,010;1,5489691071477
6095;31,014;1,59880860276353
6096;31,018;1,47469765453213
6097;31,023;1,43609855579988
6098;31,027;1,40852777099112
6099;31,031;1,3744248310123
6100;31,035;1,2900158129055
6101;31,039;1,18371983331976
6102;31,043;1,23635882400847
6103;31,047;1,11483528788989
6104;31,051;1,08891875016967
6105;31,056;1,06558962456226
6106;31,060;0,972230705540625
6107;31,064;0,985804014984934
6108;31,068;1,00480664820697
6109;31,072;0,905466989711431
6110;31,076;0,840908936666938
6111;31,080;0,923875790645275
6112;31,084;0,845320262236338
6113;31,088;0,831153120503841
6114;31,093;0,828353625430953
6115;31,097;0,751961343214703
6116;31,101;0,842860099899557
6117;31,105;0,791705689931319
6118;31,109;0,777877880934929
6119;31,113;0,672557482965497
6120;31,117;0,718112902787958
6121;31,121;0,674763145750197
6122;31,126;0,687869872682357
6123;31,130;0,666873659635692
6124;31,134;0,612495588674431
6125;31,138;0,557481268832967
6126;31,142;0,587724298938567
6127;31,146;0,609017428129326
6128;31,150;0,612580421858458
6129;31,154;0,546113622173358
6130;31,159;0,534406642777642
6131;31,163;0,53046189972039
6132;31,167;0,649228357358091
6133;31,171;0,638030377066536
6134;31,175;0,702885346255124
6135;31,179;0,793656853163938
6136;31,183;0,912338477617613
6137;31,187;1,13137775877514
6138;31,192;1,51643558107338
6139;31,196;2,05762887857317
6140;31,200;2,78278293563537
6141;31,204;3,89537014414855
6142;31,208;5,30780024160491
6143;31,212;7,13493735917691
6144;31,216;9,24359339794229
6145;31,220;11,8239219398974
6146;31,225;14,7297129923718
6147;31,229;17,9388675109265
6148;31,233;21,3765626272498
6149;31,237;24,1775422808589
6150;31,241;27,0438859027608
6151;31,245;29,2471733583082
6152;31,249;30,5587367999566
6153;31,253;31,7254051632869
6154;31,257;32,0268174661346
6155;31,262;30,9166480033662
6156;31,266;30,5657355376388
6157;31,270;29,1323516437278
6158;31,274;27,2652156798871
6159;31,278;25,2466524825583
6160;31,282;23,2788195292776
6161;31,286;21,4323828623395
6162;31,290;19,5924783505714
6163;31,295;17,6595966691099
6164;31,299;16,0476813394142
6165;31,303;14,4540475608763
6166;31,307;13,3394243559465
6167;31,311;11,6593455628851
6168;31,315;10,654029915574
6169;31,319;9,74953850747889
6170;31,323;8,792196025735
6171;31,328;8,20968896761408
6172;31,332;7,18817018215381
6173;31,336;6,7716816651736
6174;31,340;6,34696432934278
6175;31,344;5,84131613595027
6176;31,348;5,21384749029508
6177;31,352;4,94649571083422
6178;31,356;4,53386710372723
6179;31,361;4,33442428807992
6180;31,365;3,90258096479084
6181;31,369;3,67836685940766
6182;31,373;3,52982395417651
6183;31,377;3,23931271547629
6184;31,381;3,05200104514483
6185;31,385;2,8134501316611
6186;31,389;2,79406574911095
6187;31,394;2,55080659391373
6188;31,398;2,41986657436816
6189;31,402;2,22271425468958
6190;31,406;2,28727230773407
6191;31,410;2,18992622906317
6192;31,414;1,96579695686402
6193;31,418;1,93466317832614
6194;31,422;1,83519627005456
6195;31,426;1,80020258164346
6196;31,431;1,65865841409452
6197;31,435;1,68169062355784
6198;31,439;1,53925570757662
6199;31,443;1,46634158590548
6200;31,447;1,45607677063822
6201;31,451;1,38222948394277
6202;31,455;1,25201054646144
6203;31,459;1,14117599153025
6204;31,464;1,1633598691533
6205;31,468;1,14427240274724
6206;31,472;1,05663972364742
6207;31,476;1,02741469175014
6208;31,480;1,0319956836876
6209;31,484;1,03309851507995
6210;31,488;0,93727943372153
6211;31,492;0,847356258652985
6212;31,497;0,898425835437196
6213;31,501;0,892614762331352
6214;31,505;0,808545076960665
6215;31,509;0,802606754078779
6216;31,513;0,797177430301056
6217;31,517;0,790687691722996
6218;31,521;0,754082172815376
6219;31,525;0,71030824985748
6220;31,530;0,649058690990037
6221;31,534;0,709375084833184
6222;31,538;0,697710522029481
6223;31,542;0,715228574531042
6224;31,546;0,630946806200288
6225;31,550;0,602909438879388
6226;31,554;0,5941292043326
6227;31,558;0,623481486005918
6228;31,563;0,571987743301572
6229;31,567;0,534024893449521
6230;31,571;0,602654939327307
6231;31,575;0,590057211499308
6232;31,579;0,55188227868719
6233;31,583;0,549337283166382
6234;31,587;0,544247292124766
6235;31,591;0,507556940033119
6236;31,595;0,5572691858729
6237;31,600;0,417548931780547
6238;31,604;0,531479897928713
6239;31,608;0,569103415044656
6240;31,612;0,502254866031436
6241;31,616;0,481258652984771
6242;31,620;0,505181610880365
6243;31,624;0,506623775008823
6244;31,628;0,459880690609984
6245;31,633;0,479052990200071
6246;31,637;0,496274126557537
6247;31,641;0,47672007763933
6248;31,645;0,592390124060048
6249;31,649;0,532328229768982
6250;31,653;0,486475893802427
6251;31,657;0,462256019762739
6252;31,661;0,468915424708853
6253;31,666;0,424590086054782
6254;31,670;0,419966677525314
6255;31,674;0,415555351955914
6256;31,678;0,446434630941716
6257;31,682;0,483930898281619
6258;31,686;0,42823791296794
6259;31,690;0,37352050927057
6260;31,694;0,432988571273448
6261;31,699;0,381070662648967
6262;31,703;0,339587235659799
6263;31,707;0,384718489562125
6264;31,711;0,40876869723376
6265;31,715;0,416530933572224
6266;31,719;0,369787849173385
6267;31,723;0,390996145180118
6268;31,727;0,361983196242908
6269;31,732;0,308241374161848
6270;31,736;0,333351996633819
6271;31,740;0,342641230284768
6272;31,744;0,289832573228004
6273;31,748;0,322408515894345
6274;31,752;0,287669327035318
6275;31,756;0,295813312701903
6276;31,760;0,290468822108206
6277;31,764;0,280161590248935
6278;31,769;0,314646279555881
6279;31,773;0,293437983549149
6280;31,777;0,264255368243885
6281;31,781;0,325759426663409
6282;31,785;0,254499552080788
6283;31,789;0,269260526101474
6284;31,793;0,289069074571762
6285;31,797;0,244404403181584
6286;31,802;0,306587127073323
6287;31,806;0,265018866900128
6288;31,810;0,311295368786818
6289;31,814;0,209241048402421
6290;31,818;0,325801843255423
6291;31,822;0,296491978174118
6292;31,826;0,251530390639846
6293;31,830;0,252378722480115
6294;31,835;0,300097388495263
6295;31,839;0,255220634145017
6296;31,843;0,235242419306675
6297;31,847;0,28953565708391
6298;31,851;0,263407036403616
6299;31,855;0,262134538643212
6300;31,859;0,222135692374515
6301;31,863;0,280755422537123
6302;31,868;0,237320832315335
6303;31,872;0,256196215761327
6304;31,876;0,221117694166192
6305;31,880;0,237363248907349
6306;31,884;0,286905828379075
6307;31,888;0,2561113825773
6308;31,892;0,221075277574178
6309;31,896;0,209665214322556
6310;31,901;0,222262942150555
6311;31,905;0,230746260553248
6312;31,909;0,264212951651872
6313;31,913;0,267479029236909
6314;31,917;0,26247387137932
6315;31,921;0,287542077259277
6316;31,925;0,211107378451014
6317;31,929;0,247076648478432
6318;31,933;0,247628064174607
6319;31,938;0,233248839482043
6320;31,942;0,245083068653799
6321;31,946;0,230067595081033
6322;31,950;0,256535548497435
6323;31,954;0,201054646143823
6324;31,958;0,171235781958357
6325;31,962;0,272908353014632
6326;31,966;0,242325990172924
6327;31,971;0,28830557591552
6328;31,975;0,260056125634552
6329;31,979;0,202327143904227
6330;31,983;0,187099587371393
6331;31,987;0,308411040529902
6332;31,991;0,308283790753862
6333;31,995;0,402787957759861
6334;31,999;0,521427165621522
6335;32,004;0,704539593343649
6336;32,008;1,01774370877107
6337;32,012;1,38642872655211
6338;32,016;1,93122743437305
6339;32,020;2,69722866954421
6340;32,024;3,88175441811222
6341;32,028;5,2759453810028
6342;32,032;7,10028300350191
6343;32,037;9,18124100768249
6344;32,041;11,5403246056954
6345;32,045;14,3469032494503
6346;32,049;16,9152278958656
6347;32,053;19,4186975730923
6348;32,057;21,9046067812254
6349;32,061;24,0112268235741
6350;32,065;25,7303712978798
6351;32,070;26,9539203111003
6352;32,074;27,1570109536607
6353;32,078;26,7227498846269
6354;32,082;26,0601178841925
6355;32,086;24,8593889974754
6356;32,090;23,6047062057171
6357;32,094;22,1740369736949
6358;32,098;20,6633276325434
6359;32,102;19,0448801476776
6360;32,107;17,2541788826452
6361;32,111;15,3562060564107
6362;32,115;14,2911254309526
6363;32,119;12,9150887694438
6364;32,123;11,7865529223335
6365;32,127;10,8189880419144
6366;32,131;9,82648220539132
6367;32,135;8,85662682900345
6368;32,140;8,30953762521378
6369;32,144;7,658146021663
6370;32,148;7,43647691180063
6371;32,152;7,32543027390938
6372;32,156;7,2344466840405
6373;32,160;7,54799013220403
6374;32,164;8,48306390314086
6375;32,168;9,35349478784917
6376;32,173;11,2884972989114
6377;32,177;13,5230881993648
6378;32,181;16,6285765670386
6379;32,185;20,5496087493553
6380;32,189;25,4204332600375
6381;32,193;31,0658695740695
6382;32,197;37,3273220539132
6383;32,201;44,5283020468551
6384;32,206;52,2853211445015
6385;32,210;60,4738018161088
6386;32,214;69,3086265168173
6387;32,218;78,5829295273774
6388;32,222;85,7293193663979
6389;32,226;91,1253885359828
6390;32,230;94,7847103455765
6391;32,234;96,2443076933518
6392;32,239;95,2971451936911
6393;32,243;92,2459076472025
6394;32,247;87,9860941444743
6395;32,251;82,4593818714879
6396;32,255;76,1100846295844
6397;32,259;69,2593808534897
6398;32,263;62,4480396747835
6399;32,267;56,2297672856096
6400;32,271;50,6934688628281
6401;32,276;45,1629390965605
6402;32,280;40,4876974916524
6403;32,284;36,4333923772294
6404;32,288;32,90687691723
6405;32,292;29,8421508944811
6406;32,296;27,416218747455
6407;32,300;24,6076041072834
6408;32,304;22,6251798463501
6409;32,309;20,6816091837012
6410;32,313;19,1401478133398
6411;32,317;17,4545124467248
6412;32,321;16,3349265005294
6413;32,325;15,0978465944567
6414;32,329;14,0139330021446
6415;32,333;13,0152767597796
6416;32,337;12,1726711594321
6417;32,342;11,8171352851752
6418;32,346;10,6690878057388
6419;32,350;10,4094558460244
6420;32,354;9,59450586366968
6421;32,358;9,0870761734126
6422;32,362;8,76712781985504
6423;32,366;8,30983454135787
6424;32,370;7,77674281293265
6425;32,375;7,55460712055813
6426;32,379;7,15741815294405
6427;32,383;6,89278103537204
6428;32,387;6,44965489860738
6429;32,391;6,10052392974455
6430;32,395;5,94689103347178
6431;32,399;5,63271133642805
6432;32,403;5,2157986535277
6433;32,408;5,0683585796889
6434;32,412;4,98089556695714
6435;32,416;4,6462286559709
6436;32,420;4,44101718380976
6437;32,424;4,24971835382903
6438;32,428;4,16874507967533
6439;32,432;3,92103218231669
6440;32,436;3,81706911529169
6441;32,440;3,74381566088444
6442;32,445;3,58725601976274
6443;32,449;3,40571300594511
6444;32,453;3,28253522273801
6445;32,457;3,29017020930043
6446;32,461;3,17963257051334
6447;32,465;3,02082485001493
6448;32,469;2,81162621820452
6449;32,473;2,88437067350761
6450;32,478;2,67814120313815
6451;32,482;2,60671166218747
6452;32,486;2,47441431169748
6453;32,490;2,52586563780981
6454;32,494;2,40145777343432
6455;32,498;2,28235198306051
6456;32,502;2,18640565192605
6457;32,506;2,15565362271629
6458;32,511;2,06170087140647
6459;32,515;2,0010027282352
6460;32,519;2,05699262969297
6461;32,523;2,01024954529413
6462;32,527;1,96774812009664
6463;32,531;1,97432269185873
6464;32,535;2,18526040394169
6465;32,539;2,17754058419524
6466;32,544;2,45278184977061
6467;32,548;2,77451170019274
6468;32,552;3,33424104840242
6469;32,556;4,12721923609414
6470;32,560;5,15713650677308
6471;32,564;6,3290645275131
6472;32,568;8,05448665743682
6473;32,572;10,0066254716725
6474;32,577;12,5635400548362
6475;32,581;15,0793529603388
6476;32,585;17,8850832722534
6477;32,589;20,4913283519288
6478;32,593;23,1512304205011
6479;32,597;25,6997041018541
6480;32,601;28,1163045986372
6481;32,605;29,7737753481554
6482;32,609;30,9459154518555
6483;32,614;31,9865641203138
6484;32,618;32,3626720416972
6485;32,622;32,8998357629557
6486;32,626;32,9946792626978
6487;32,630;32,8248008116839
6488;32,634;33,2963036485056
6489;32,638;34,0205669571355
6490;32,642;34,2541127127616
6491;32,647;35,1612763661536
6492;32,651;36,0108807041833
6493;32,655;36,3321439720933
6494;32,659;37,0455910497598
6495;32,663;37,3226986453837
6496;32,667;36,8492870619214
6497;32,671;36,6104392322936
6498;32,675;35,2063652034639
6499;32,680;33,8754597958574
6500;32,684;32,5060825392947
6501;32,688;30,8748252436409
6502;32,692;28,5457725927736
6503;32,696;26,1835501669517
6504;32,700;24,6644423405815
6505;32,704;22,6049471319597
6506;32,708;20,479451706165
6507;32,713;18,8479823275511
6508;32,717;17,3965713820344
6509;32,721;15,5293081684176
6510;32,725;14,5748924315227
6511;32,729;13,4965354127643
6512;32,733;12,1821300594511
6513;32,737;11,1788504085566
6514;32,741;10,2353781524011
6515;32,746;9,38017482422564
6516;32,750;8,73993878437441
6517;32,754;7,97516763037164
6518;32,758;7,66175143198415
6519;32,762;7,15041941526183
6520;32,766;6,6485038819665
6521;32,770;6,15167833971279
6522;32,774;5,70829770339604
6523;32,778;5,44836882753753
6524;32,783;5,14025470315172
6525;32,787;4,81114436571925
6526;32,791;4,52411128756413
6527;32,795;4,2499304367891
6528;32,799;4,10041194994163
6529;32,803;3,84799081086951
6530;32,807;3,70996722045769
6531;32,811;3,55014150175096
6532;32,816;3,39163069739664
6533;32,820;3,21895275130982
6534;32,824;3,13305915248256
6535;32,828;3,05458845725765
6536;32,832;2,91202629150039
6537;32,836;2,90214322556126
6538;32,840;2,92381810408014
6539;32,844;2,94680789695143
6540;32,849;3,17123408529468
6541;32,853;3,58661977088254
6542;32,857;4,1403259630263
6543;32,861;5,01864633384912
6544;32,865;6,09403419116649
6545;32,869;7,62408549827619
6546;32,873;9,6834110405299
6547;32,877;12,1953216195673
6548;32,882;15,2617867225887
6549;32,886;18,6168967342617
6550;32,890;22,3526532426636
6551;32,894;26,1589061269919
6552;32,898;30,3555613242121
6553;32,902;34,3680012623178
6554;32,906;36,8713012731764
6555;32,910;39,736584480278
6556;32,915;41,2837720905611
6557;32,919;42,6683344870646
6558;32,923;42,9168532996715
6559;32,927;41,3192323614844
6560;32,931;39,513133873551
6561;32,935;37,8007336373755
6562;32,939;35,149951136086
6563;32,943;32,4852984092081
6564;32,948;30,125239229579
6565;32,952;27,5511459266498
6566;32,956;25,2058477210413
6567;32,960;22,5624032901702
6568;32,964;20,8232806010261
6569;32,968;18,6138851562288
6570;32,972;17,1128467980563
6571;32,976;15,6360283139235
6572;32,980;14,3969972446182
6573;32,985;13,3957535901403
6574;32,989;12,1946005375031
6575;32,993;11,3054639357168
6576;32,997;10,405086937047
6577;33,001;9,68196887640144
6578;33,005;8,95210657762576
6579;33,009;8,32883717457991
6580;33,013;7,92838212938079
6581;33,018;7,45637029345495
6582;33,022;7,01930972934821
6583;33,026;6,64205655998045
6584;33,030;6,28261835925835
6585;33,034;5,89739087059207
6586;33,038;5,69502131009583
6587;33,042;5,31505347883921
6588;33,046;5,15179201617938
6589;33,051;4,76546169612075
6590;33,055;4,6522093954448
6591;33,059;4,37637429758124
6592;33,063;4,3037995086462
6593;33,067;4,12785548497435
6594;33,071;3,78160884436843
6595;33,075;3,74975398376632
6596;33,079;3,57194363004588
6597;33,084;3,3971872709504
6598;33,088;3,39175794717268
6599;33,092;3,25733976708201
6600;33,096;3,00228879930505
6601;33,100;3,03677348861199
6602;33,104;2,92797493009746
6603;33,108;2,91219595786845
6604;33,112;2,7072814018514
6605;33,117;2,69926466596085
6606;33,121;2,54385027282352
6607;33,125;2,47695930721829
6608;33,129;2,31191634769389
6609;33,133;2,3701967451204
6610;33,137;2,20070004343459
6611;33,141;2,13855973613486
6612;33,145;2,06390653419117
6613;33,149;2,0032083910199
6614;33,154;1,93258476531748
6615;33,158;1,9320333496213
6616;33,162;1,89636099573798
6617;33,166;1,70031150745175
6618;33,170;1,58430212829492
6619;33,174;1,62599763824416
6620;33,178;1,65106584412411
6621;33,182;1,53009372370171
6622;33,187;1,54481228113039
6623;33,191;1,4494173656921
6624;33,195;1,42040441675489
6625;33,199;1,512109088688
6626;33,203;1,32853007845373
6627;33,207;1,34189130493797
6628;33,211;1,33086299101447
6629;33,215;1,31419327035318
6630;33,220;1,20993328718408
6631;33,224;1,28988856312946
6632;33,228;1,23627399082444
6633;33,232;1,19716589298803
6634;33,236;1,19686897684393
6635;33,240;1,10372214078237
6636;33,244;1,06469887612998
6637;33,248;1,07640585552569
6638;33,253;1,04667182452426
6639;33,257;1,03114735184733
6640;33,261;1,00629122892744
6641;33,265;0,993905584059505
6642;33,269;1,02915377202269
6643;33,273;0,979356692998887
6644;33,277;0,944787170507913
6645;33,281;0,955264068735239
6646;33,286;0,978720444118685
6647;33,290;0,903091660558677
6648;33,294;0,907248486575997
6649;33,298;0,933758856584412
6650;33,302;0,874927043461737
6651;33,306;0,904279325135054
6652;33,310;0,887567187881749
6653;33,314;0,826063129462225
6654;33,318;0,843962931291908
6655;33,323;0,827717376550751
6656;33,327;0,778853462551239
6657;33,331;0,831365203463909
6658;33,335;0,78865169530635
6659;33,339;0,770370144148546
6660;33,343;0,798237845101393
6661;33,347;0,800104175149985
6662;33,351;0,736309620761734
6663;33,356;0,734782623449249
6664;33,360;0,788312362570242
6665;33,364;0,698898186605858
6666;33,368;0,730795463799984
6667;33,372;0,761886825745853
6668;33,376;0,742756942747781
6669;33,380;0,698261937725656
6670;33,384;0,712895661970302
6671;33,389;0,675017645302278
6672;33,393;0,634806716073513
6673;33,397;0,686936707658061
6674;33,401;0,711029331921709
6675;33,405;0,619324659988598
6676;33,409;0,666873659635692
6677;33,413;0,58874229714689
6678;33,417;0,668358240356164
6679;33,422;0,649058690990037
6680;33,426;0,660383921057632
6681;33,430;0,618009745636181
6682;33,434;0,596292450525287
6683;33,438;0,578859231207753
6684;33,442;0,616058582403562
6685;33,446;0,59400195455656
6686;33,450;0,61028992588973
6687;33,455;0,587045633466352
6688;33,459;0,571945326709558
6689;33,463;0,547004370605641
6690;33,467;0,527238238727367
6691;33,471;0,539920799739392
6692;33,475;0,5424657952602
6693;33,479;0,498861538670359
6694;33,483;0,5875122159785
6695;33,487;0,561129095746125
6696;33,492;0,595953117789179
6697;33,496;0,698516437277737
6698;33,500;0,677435391047045
6699;33,504;0,747168268317181
6700;33,508;1,01286580068952
6701;33,512;1,18528924722426
6702;33,516;1,43075406520618
6703;33,520;2,06522144854358
6704;33,525;2,70639065341912
6705;33,529;3,84374915166816
6706;33,533;5,27115230610527
6707;33,537;7,15589115563157
6708;33,541;9,64684793821429
6709;33,545;12,5086529847707
6710;33,549;15,8254608138556
6711;33,553;20,1058039471184
6712;33,558;24,4530380459864
6713;33,562;28,9198445177403
6714;33,566;33,0648363058881
6715;33,570;37,3948916849906
6716;33,574;40,4961383934631
6717;33,578;42,8044917474279
6718;33,582;44,55642424736
6719;33,586;44,8448146564595
6720;33,591;44,2873758042186
6721;33,595;42,6217186524418
6722;33,599;40,2866428455086
6723;33,603;38,1088901783533
6724;33,607;35,216248269403
6725;33,611;32,5392098976572
6726;33,615;29,4469555066916
6727;33,619;26,7911678475446
6728;33,624;24,6194383364552
6729;33,628;22,3866713494584
6730;33,632;20,1725676629476
6731;33,636;18,5099645057958
6732;33,640;16,9407202676657
6733;33,644;15,8015802725521
6734;33,648;14,2740315443711
6735;33,652;13,3437508483318
6736;33,656;12,1519294459375
6737;33,661;11,2323377310856
6738;33,665;10,3966036186443
6739;33,669;9,63492887585851
6740;33,673;9,13445550669164
6741;33,677;8,55491761001167
6742;33,681;8,03675652197519
6743;33,685;7,45471604636642
6744;33,689;7,02821721367104
6745;33,694;6,56384036430762
6746;33,698;6,23176086543421
6747;33,702;5,98536288242799
6748;33,706;5,67474617911339
6749;33,710;5,14538711078535
6750;33,714;5,04931352987485
6751;33,718;4,80054021771588
6752;33,722;4,52771669788528
6753;33,727;4,43350944702337
6754;33,731;4,10864076879225
6755;33,735;4,12704956972609
6756;33,739;3,88234825040041
6757;33,743;3,7339325949453
6758;33,747;3,60608898661672
6759;33,751;3,26493233705242
6760;33,755;3,27562131823981
6761;33,760;3,20279202975269
6762;33,764;2,99121806878953
6763;33,768;2,96950077367864
6764;33,772;2,86430762548525
6765;33,776;2,80229456796156
6766;33,780;2,63233128376361
6767;33,784;2,45592067757961
6768;33,788;2,47729863995439
6769;33,793;2,46593099329479
6770;33,797;2,34177762847137
6771;33,801;2,20184529141895
6772;33,805;2,17800716670739
6773;33,809;2,04201957271222
6774;33,813;2,01092821076635
6775;33,817;1,89623374596194
6776;33,821;1,87498303336319
6777;33,825;1,76164589950322
6778;33,830;1,80270516057225
6779;33,834;1,72109563753834
6780;33,838;1,69263410429731
6781;33,842;1,61569040638488
6782;33,846;1,63821361674403
6783;33,850;1,66340907240003
6784;33,854;1,65564683606157
6785;33,858;1,57391006325162
6786;33,863;1,46744441729783
6787;33,867;1,37090425387518
6788;33,871;1,43597130602383
6789;33,875;1,41247251404838
6790;33,879;1,42994814995792
6791;33,883;1,28747081738469
6792;33,887;1,20564921139072
6793;33,891;1,30278320710156
6794;33,896;1,33514706680783
6795;33,900;1,2125206992969
6796;33,904;1,28806464967288
6797;33,908;1,1860527458805
6798;33,912;1,21697444145832
6799;33,916;1,12001011211554
6800;33,920;1,07856910171838
6801;33,924;1,05502789315091
6802;33,929;1,05583380839916
6803;33,933;1,13481350272824
6804;33,937;1,09070024703423
6805;33,941;1,1123327089611
6806;33,945;1,10151647799767
6807;33,949;1,04858057116486
6808;33,953;1,07746627032603
6809;33,957;1,24081256616988
6810;33,962;1,26117253033635
6811;33,966;1,36034252246383
6812;33,970;1,74527309498602
6813;33,974;2,11264319841464
6814;33,978;2,78286776881939
6815;33,982;3,89422489616418
6816;33,986;4,98327089610989
6817;33,990;6,7326159839292
6818;33,994;9,15345813991367
6819;33,999;11,9476935553927
6820;34,003;15,4479955615278
6821;34,007;19,7693979558596
6822;34,011;24,7302728913864
6823;34,015;29,1572077666477
6824;34,019;34,8722921247659
6825;34,023;39,5407894915438
6826;34,027;44,1179639357168
6827;34,032;48,601355294948
6828;34,036;51,663366655808
6829;34,040;53,2748154029916
6830;34,044;55,1515799332193
6831;34,048;55,8406798870701
6832;34,052;55,3602695659256
6833;34,056;54,0783129055026
6834;34,060;51,7053590819013
6835;34,065;48,7365369736949
6836;34,069;46,5264204468333
6837;34,073;43,5285005565057
6838;34,077;40,2022762439938
6839;34,081;36,7397674213427
6840;34,085;33,9604202296604
6841;34,089;30,9365413850205
6842;34,093;28,2895763770122
6843;34,098;25,8793807856231
6844;34,102;23,2474312511877
6845;34,106;21,6085813855634
6846;34,110;19,4468621901892
6847;34,114;17,9731401172734
6848;34,118;16,3159238673073
6849;34,122;14,8410141298151
6850;34,126;13,9483993674838
6851;34,131;12,7870330781551
6852;34,135;11,9318297499796
6853;34,139;10,896695238483
6854;34,143;10,1151271140429
6855;34,147;9,39196663680539
6856;34,151;8,90536349322692
6857;34,155;8,21270054564704
6858;34,159;7,85695258843011
6859;34,163;7,39126082471428
6860;34,168;6,77910456877596
6861;34,172;6,44978214838342
6862;34,176;6,28300010858648
6863;34,180;6,0083950918913
6864;34,184;5,49625715992073
6865;34,188;5,26818314466433
6866;34,192;4,94509596329777
6867;34,196;4,8377819855037
6868;34,201;4,51516138664929
6869;34,205;4,39236535277031
6870;34,209;4,07839773868665
6871;34,213;3,94716080299699
6872;34,217;3,81872336238022
6873;34,221;3,60935506420175
6874;34,225;3,54577259277357
6875;34,229;3,31209958737139
6876;34,234;3,18629197545946
6877;34,238;3,13827639330021
6878;34,242;2,83949391915737
6879;34,246;2,85043739989684
6880;34,250;2,70829940005972
6881;34,254;2,674535792817
6882;34,258;2,39170195727122
6883;34,262;2,51929106604772
6884;34,267;2,47810455520265
6885;34,271;2,33613622173358
6886;34,275;2,12948258544398
6887;34,279;2,22313842060971
6888;34,283;2,1824609088688
6889;34,287;2,04910314357847
6890;34,291;2,00040889594701
6891;34,295;1,96600903982409
6892;34,300;1,93020943616473
6893;34,304;1,86688146428862
6894;34,308;1,75651349186959
6895;34,312;1,73712910931943
6896;34,316;1,71218815321552
6897;34,320;1,60020835029997
6898;34,324;1,61959273285012
6899;34,328;1,53560788066346
6900;34,332;1,58311446371854
6901;34,337;1,4982388630996
6902;34,341;1,43253556207074
6903;34,345;1,46595983657735
6904;34,349;1,4393222167929
6905;34,353;1,35351345114966
6906;34,357;1,39508171132285
6907;34,361;1,29989887884464
6908;34,365;1,29943229633249
6909;34,370;1,23461974373592
6910;34,374;1,29591171919537
6911;34,378;1,206539959823
6912;34,382;1,25336787740587
6913;34,386;1,13086875967098
6914;34,390;1,12111294350789
6915;34,394;1,15165288975758
6916;34,398;1,08085959768711
6917;34,403;1,1142414556017
6918;34,407;1,11292654124929
6919;34,411;1,0701281999077
6920;34,415;1,10889696500801
6921;34,419;1,05736080571165
6922;34,423;1,05663972364742
6923;34,427;1,05277981377419
6924;34,431;0,982495520807883
6925;34,436;0,993566251323398
6926;34,440;0,966504465618807
6927;34,444;0,956960732415778
6928;34,448;0,958318063360208
6929;34,452;0,960778225696989
6930;34,456;0,946611083964492
6931;34,460;0,925699704101854
6932;34,464;0,932316692455955
6933;34,469;0,878362787414827
6934;34,473;0,910938730081168
6935;34,477;0,899655916605587
6936;34,481;0,933716439992399
6937;34,485;0,957003149007791
6938;34,489;0,915265222466542
6939;34,493;0,880526033607514
6940;34,497;0,865213643890653
6941;34,501;0,85783315688031
6942;34,506;0,828353625430953
6943;34,510;0,778089963894997
6944;34,514;0,869752219236094
6945;34,518;0,793953769308033
6946;34,522;0,793444770203871
6947;34,526;0,821524554116785
6948;34,530;0,778047547302983
6949;34,534;0,770370144148546
6950;34,539;0,726553804598637
6951;34,543;0,742460026603686
6952;34,547;0,697965021581562
6953;34,551;0,671200152021066
6954;34,555;0,693977861932296
6955;34,559;0,715483074083123
6956;34,563;0,674763145750197
6957;34,567;0,707296671824524
6958;34,572;0,653597266335478
6959;34,576;0,670945652468985
6960;34,580;0,624626733990281
6961;34,584;0,646174362733122
6962;34,588;0,595528951869045
6963;34,592;0,677138474902951
6964;34,596;0,597734614653745
6965;34,600;0,63158305508049
6966;34,605;0,625475065830551
6967;34,609;0,55519077286424
6968;34,613;0,55323960963162
6969;34,617;0,597777031245758
6970;34,621;0,564607256291229
6971;34,625;0,559050682737465
6972;34,629;0,59926161196623
6973;34,633;0,589124046475011
6974;34,638;0,493729131036729
6975;34,642;0,581489059912588
6976;34,646;0,531310231560659
6977;34,650;0,552433694383365
6978;34,654;0,569951746884925
6979;34,658;0,476550411271276
6980;34,662;0,581743559464669
6981;34,666;0,53682438852241
6982;34,670;0,562528843282569
6983;34,675;0,569485164372777
6984;34,679;0,54123571409181
6985;34,683;0,522487580421858
6986;34,687;0,567491584548145
6987;34,691;0,613004587778592
6988;34,695;0,589505795803133
6989;34,699;0,538266552650867
6990;34,703;0,529062152183945
6991;34,708;0,549167616798328
6992;34,712;0,54993111545457
6993;34,716;0,589251296251052
6994;34,720;0,565201088579417
6995;34,724;0,543059627548389
6996;34,728;0,541490213643891
6997;34,732;0,610077842929663
6998;34,736;0,557014686320819
6999;34,741;0,504884694736271
7000;34,745;0,554724190352092
7001;34,749;0,516422007763933
7002;34,753;0,608635678801205
7003;34,757;0,546028788989331
7004;34,761;0,541023631131743
7005;34,765;0,514173928387219
7006;34,769;0,538775551755029
7007;34,774;0,533006895241198
7008;34,778;0,507769022993186
7009;34,782;0,574235822678285
7010;34,786;0,530716399272471
7011;34,790;0,548022368813964
7012;34,794;0,470400005429324
7013;34,798;0,549676615902489
7014;34,802;0,598455696717974
7015;34,807;0,539326967451204
7016;34,811;0,580471061704265
7017;34,815;0,566431169747808
7018;34,819;0,590778293563537
7019;34,823;0,649101107582051
7020;34,827;0,83395261557673
7021;34,831;0,919803797811983
7022;34,835;1,19305148356272
7023;34,839;1,52127107256291
7024;34,844;1,94785473844233
7025;34,848;2,71542538751798
7026;34,852;3,62793353150365
7027;34,856;5,11052067215028
7028;34,860;6,71140768792247
7029;34,864;8,87770787523414
7030;34,868;12,1253342427451
7031;34,872;15,7557703531775
7032;34,877;20,4786033743247
7033;34,881;25,6598749219535
7034;34,885;31,524223267367
7035;34,889;38,9311358145343
7036;34,893;46,1279589814589
7037;34,897;54,3681454787306
7038;34,901;62,2608976708201
7039;34,905;70,2940911990662
7040;34,910;78,6112213942504
7041;34,914;84,6683107337731
7042;34,918;89,3276461166762
7043;34,922;91,2559043896083
7044;34,926;91,8685272280587
7045;34,930;89,9840004614925
7046;34,934;85,6344334500638
7047;34,938;81,1862902787958
7048;34,943;74,8303336319461
7049;34,947;68,5386381219969
7050;34,951;62,6664427070608
7051;34,955;56,6191940168852
7052;34,959;50,8531673317588
7053;34,963;46,062382930206
7054;34,967;41,8130463257051
7055;34,971;37,6660185411407
7056;34,976;34,6216948991503
7057;34,980;31,5899689849879
7058;34,984;28,518710807069
7059;34,988;26,1019830605098
7060;34,992;24,0314595379645
7061;34,996;22,3263125390233
7062;35,000;20,5207230501941
7063;35,004;19,3506613595027
7064;35,008;17,9615179710617
7065;35,013;16,7344483807042
7066;35,017;15,854855512121
7067;35,021;14,8230719113934
7068;35,025;13,668789192931
7069;35,029;12,9066054510411
7070;35,033;12,1685991665988
7071;35,037;11,614638474903
7072;35,041;10,9103957977034
7073;35,046;10,2220169259169
7074;35,050;9,7936517631729
7075;35,054;9,16351087222086
7076;35,058;8,87545979585743
7077;35,062;8,58219147867633
7078;35,066;8,12757044547602
7079;35,070;7,76516308331297
7080;35,074;7,30549447566306
7081;35,079;6,91857032331623
7082;35,083;6,7893269674512
7083;35,087;6,53809349295545
7084;35,091;6,20503841246573
7085;35,095;6,07227447946358
7086;35,099;5,64301856828732
7087;35,103;5,47407328229769
7088;35,107;5,40849723104487
7089;35,112;5,15938458614979
7090;35,116;5,09130595596818
7091;35,120;4,81589502402476
7092;35,124;4,68291900806255
7093;35,128;4,47558670630073
7094;35,132;4,413446399001
7095;35,136;4,31266457637701
7096;35,140;4,03691431169748
7097;35,145;4,00866486141651
7098;35,149;3,9333329940006
7099;35,153;3,69512141325298
7100;35,157;3,66487838314738
7101;35,161;3,60723423460108
7102;35,165;3,45712191546543
7103;35,169;3,36138766729104
7104;35,173;3,2210735809105
7105;35,177;3,17471224583978
7106;35,182;3,04254214512582
7107;35,186;3,05810903439477
7108;35,190;2,91461370361321
7109;35,194;2,89319332464642
7110;35,198;2,63971177077395
7111;35,202;2,71500122159785
7112;35,206;2,57222697288053
7113;35,210;2,56671281591878
7114;35,215;2,65069766810544
7115;35,219;2,45392709775497
7116;35,223;2,47903772022695
7117;35,227;2,28680572522192
7118;35,231;2,23420915112523
7119;35,235;2,28583014360561
7120;35,239;2,21062552596574
7121;35,243;2,19811263132177
7122;35,248;2,21499443494313
7123;35,252;2,19531313624888
7124;35,256;2,00236005917963
7125;35,260;1,93131226755708
7126;35,264;1,93699609088688
7127;35,268;1,9638457936314
7128;35,272;1,86722079702473
7129;35,276;1,87430436789098
7130;35,281;1,98471475690203
7131;35,285;1,88974400738388
7132;35,289;1,8154725547683
7133;35,293;1,83778368216739
7134;35,297;1,71668431196894
7135;35,301;1,67261347286695
7136;35,305;1,61662357140918
7137;35,309;1,70145675543611
7138;35,314;1,68487186795885
7139;35,318;1,62218014496294
7140;35,322;1,50680701468632
7141;35,326;1,60084459918017
7142;35,330;1,54341253359394
7143;35,334;1,55473776366154
7144;35,338;1,48419897114314
7145;35,342;1,46871691505823
7146;35,346;1,45582227108614
7147;35,351;1,37387341531612
7148;35,355;1,33650439775226
7149;35,359;1,34549671525911
7150;35,363;1,3032497896137
7151;35,367;1,32814832912561
7152;35,371;1,28793739989684
7153;35,375;1,32373700355621
7154;35,379;1,28632556940033
7155;35,384;1,28157491109482
7156;35,388;1,26664427070608
7157;35,392;1,13099600944702
7158;35,396;1,29086414474577
7159;35,400;1,15199222249369
7160;35,404;1,2147263620816
7161;35,408;1,23334724597551
7162;35,412;1,1422788229226
7163;35,417;1,15572488259087
7164;35,421;1,12565151885333
7165;35,425;1,04281191465103
7166;35,429;1,16043312430437
7167;35,433;1,02427586394115
7168;35,437;1,06626829003448
7169;35,441;1,02864477291853
7170;35,445;0,994711499307761
7171;35,450;1,05511272633493
7172;35,454;0,98784001140158
7173;35,458;1,09897148247686
7174;35,462;0,982962103320031
7175;35,466;0,97070370822814
7176;35,470;0,996153663436219
7177;35,474;0,962093140049407
7178;35,478;1,0326319325678
7179;35,483;0,988136927545674
7180;35,487;1,03657667562505
7181;35,491;1,08607683850476
7182;35,495;1,39287604853815
7183;35,499;1,41120001628797
7184;35,503;1,74429751336971
7185;35,507;2,11192211635041
7186;35,511;2,6436565138312
7187;35,515;3,28580130032304
7188;35,520;4,40195150256536
7189;35,524;5,85022362027309
7190;35,528;7,46413252979341
7191;35,532;9,70763091456959
7192;35,536;12,4488455900318
7193;35,540;15,6536736162011
7194;35,544;19,3936293672123
7195;35,548;23,3887633357765
7196;35,553;27,2539328664115
7197;35,557;31,0306213861064
7198;35,561;34,9019413225833
7199;35,565;37,3680843988381
7200;35,569;39,2378077747916
7201;35,573;40,6709371691506
7202;35,577;40,4819288351386
7203;35,581;40,1668583896626
7204;35,586;38,6131386242094
7205;35,590;37,4025266715531
7206;35,594;34,8870530987865
7207;35,598;32,7567645980943
7208;35,602;30,3504289165784
7209;35,606;28,1138020197084
7210;35,610;25,9028371610066
7211;35,614;23,6573876129978
7212;35,619;21,6200338654071
7213;35,623;19,9701981024513
7214;35,627;18,2359957379808
7215;35,631;16,6881294622255
7216;35,635;15,6073971143144
7217;35,639;14,3864779297988
7218;35,643;13,3818833645519
7219;35,647;12,3510753454407
7220;35,652;11,4548127561962
7221;35,656;10,8617015500719
7222;35,660;10,3770495697261
7223;35,664;9,5501381084236
7224;35,668;8,95944464804409
7225;35,672;8,5137310991666
7226;35,676;7,9791547900209
7227;35,680;7,64351229741836
7228;35,684;7,20623965035155
7229;35,689;6,90079777126259
7230;35,693;6,58670290740288
7231;35,697;6,17466813258409
7232;35,701;5,94583061867144
7233;35,705;5,55233189456253
7234;35,709;5,45939714146103
7235;35,713;5,30075908733067
7236;35,717;5,0954627819855
7237;35,722;4,96469242880799
7238;35,726;4,76728560957733
7239;35,730;4,56296488584847
7240;35,734;4,52741978174118
7241;35,738;4,37569563210902
7242;35,742;4,3532572549339
7243;35,746;4,28623903955262
7244;35,750;4,33722378315281
7245;35,755;4,30490234003855
7246;35,759;4,45620232375058
7247;35,763;4,34977909438879
7248;35,767;4,41747597524228
7249;35,771;4,44597992507533
7250;35,775;4,6219663653392
7251;35,779;4,61484037788093
7252;35,783;4,44122926676982
7253;35,788;4,43766627304069
7254;35,792;4,41582172815376
7255;35,796;4,29951543285284
7256;35,800;4,16768466487499
7257;35,804;3,98957739501045
7258;35,808;3,89660022531694
7259;35,812;3,53194478377718
7260;35,816;3,60693731845699
7261;35,821;3,48778911149116
7262;35,825;3,3152808317724
7263;35,829;3,02048551727882
7264;35,833;2,98807924098054
7265;35,837;2,75788439612346
7266;35,841;2,81014163748405
7267;35,845;2,73875451312539
7268;35,849;2,58367945272416
7269;35,853;2,50368176018677
7270;35,858;2,42338715150528
7271;35,862;2,33168247957217
7272;35,866;2,3094137687651
7273;35,870;2,23942639194288
7274;35,874;2,24082613947933
7275;35,878;2,10492337866819
7276;35,882;2,148442802074
7277;35,886;1,9912469120721
7278;35,891;1,88181210467736
7279;35,895;1,87417711811494
7280;35,899;1,75426541249287
7281;35,903;1,79108301436056
7282;35,907;1,74251601650514
7283;35,911;1,64958126340364
7284;35,915;1,67884871189293
7285;35,919;1,61692048755328
7286;35,924;1,52339190216359
7287;35,928;1,51333916985639
7288;35,932;1,48093289355811
7289;35,936;1,43304456117491
7290;35,940;1,49607561690691
7291;35,944;1,408146021663
7292;35,948;1,33675889730434
7293;35,952;1,33854039416891
7294;35,957;1,35907002470342
7295;35,961;1,2503138827809
7296;35,965;1,34651471346744
7297;35,969;1,2607059478242
7298;35,973;1,25243471238157
7299;35,977;1,27877541602193
7300;35,981;1,18333808399164
7301;35,985;1,13158984173521
7302;35,990;1,16955269158726
7303;35,994;1,14898064446073
7304;35,998;1,14830197898852
7305;36,002;1,12217335830822
7306;36,006;1,12993559464669
7307;36,010;1,15228913863778
7308;36,014;1,14011557672992
7309;36,018;1,06283254608139
7310;36,022;1,07564235686945
7311;36,027;0,94266634090724
7312;36,031;0,961329641393164
7313;36,035;1,00090432174173
7314;36,039;1,02346994869289
7315;36,043;0,968752544995521
7316;36,047;1,00489148139099
7317;36,051;0,951064826125906
7318;36,055;0,978593194342645
7319;36,060;0,943472256155496
7320;36,064;0,964171553058067
7321;36,068;0,969303960691696
7322;36,072;0,929983779895214
7323;36,076;0,821736637076852
7324;36,080;0,918191967315471
7325;36,084;0,940969677226701
7326;36,088;0,902794744414583
7327;36,093;0,895499090588267
7328;36,097;0,876199541222141
7329;36,101;0,946059668268317
7330;36,105;0,827632543366724
7331;36,109;0,870006718788175
7332;36,113;0,810708323153351
7333;36,117;0,861268900833401
7334;36,121;0,927947783478568
7335;36,126;0,931256277655618
7336;36,130;0,857493824144203
7337;36,134;0,887906520617857
7338;36,138;0,908224068192307
7339;36,142;0,866825474387165
7340;36,146;0,873018296821131
7341;36,150;0,890451516138665
7342;36,154;0,89113018161088
7343;36,159;0,858511822352526
7344;36,163;0,865934725954882
7345;36,167;0,878405204006841
7346;36,171;0,910047981648886
7347;36,175;0,847525925021039
7348;36,179;0,822500135733094
7349;36,183;0,838745690474251
7350;36,187;0,852870415614735
7351;36,191;0,77384830469365
7352;36,196;0,784113119960909
7353;36,200;0,772448557157206
7354;36,204;0,819827890436246
7355;36,208;0,881798531367918
7356;36,212;0,815246898498792
7357;36,216;0,767740315443711
7358;36,220;0,740763362923148
7359;36,224;0,819403724516112
7360;36,229;0,802352254526699
7361;36,233;0,809605491761001
7362;36,237;0,821524554116785
7363;36,241;0,814822732578657
7364;36,245;0,740381613595027
7365;36,249;0,768843146836062
7366;36,253;0,776647799766539
7367;36,257;0,821354887748731
7368;36,262;0,807611911936368
7369;36,266;0,748652849037652
7370;36,270;0,793020604283736
7371;36,274;0,796626014604881
7372;36,278;0,709926500529359
7373;36,282;0,719470233732389
7374;36,286;0,784876618617151
7375;36,290;0,74899218177376
7376;36,295;0,756033336047995
7377;36,299;0,747931766973423
7378;36,303;0,753827673263295
7379;36,307;0,740720946331134
7380;36,311;0,65520909683199
7381;36,315;0,733764625240926
7382;36,319;0,773551388549556
7383;36,323;0,705472758367945
7384;36,328;0,690117952059071
7385;36,332;0,717010071395608
7386;36,336;0,695801775388875
7387;36,340;0,744114273692212
7388;36,344;0,657626842576757
7389;36,348;0,614616418275104
7390;36,352;0,684094795993159
7391;36,356;0,679598637239732
7392;36,360;0,686342875369873
7393;36,365;0,665813244835356
7394;36,369;0,662971333170454
7395;36,373;0,669757987892608
7396;36,377;0,656142261856286
7397;36,381;0,699195102749952
7398;36,385;0,674296563238049
7399;36,389;0,671284985205093
7400;36,393;0,659493172625349
7401;36,398;0,650288772158428
7402;36,402;0,68239813231262
7403;36,406;0,647531693677552
7404;36,410;0,694783777180552
7405;36,414;0,648083109373727
7406;36,418;0,678198889703287
7407;36,422;0,59302637294025
7408;36,426;0,673660314357847
7409;36,431;0,654530431359774
7410;36,435;0,654657681135814
7411;36,439;0,643629367212314
7412;36,443;0,607023848304694
7413;36,447;0,659705255585417
7414;36,451;0,669630738116568
7415;36,455;0,656227095040313
7416;36,459;0,678877555175503
7417;36,464;0,626874813366995
7418;36,468;0,606514849200532
7419;36,472;0,668485490132204
7420;36,476;0,598201197165893
7421;36,480;0,57894406439178
7422;36,484;0,571818076933518
7423;36,488;0,643162784700166
7424;36,492;0,640066373483183
7425;36,497;0,643374867660233
7426;36,501;0,585518636153867
7427;36,505;0,534236976409588
7428;36,509;0,568509582756468
7429;36,513;0,57563557021473
7430;36,517;0,526517156663138
7431;36,521;0,63171030485653
7432;36,525;0,605072685072074
7433;36,529;0,630013641175991
7434;36,534;0,590184461275348
7435;36,538;0,558117517713169
7436;36,542;0,627977644759345
7437;36,546;0,604563685967913
7438;36,550;0,546198455357385
7439;36,554;0,585773135705948
7440;36,558;0,603163938431468
7441;36,562;0,587257716426419
7442;36,567;0,640320873035263
7443;36,571;0,579877229416076
7444;36,575;0,554809023536119
7445;36,579;0,571266661237343
7446;36,583;0,591075209707631
7447;36,587;0,607448014224828
7448;36,591;0,665643578467302
7449;36,595;0,61444675190705
7450;36,600;0,501406534191166
7451;36,604;0,570121413252979
7452;36,608;0,590014794907294
7453;36,612;0,634382550153378
7454;36,616;0,64015120666721
7455;36,620;0,632473803512772
7456;36,624;0,593917121372533
7457;36,628;0,589208879659038
7458;36,633;0,54454420826886
7459;36,637;0,601806607487038
7460;36,641;0,587300133018433
7461;36,645;0,663989331378777
7462;36,649;0,62950464207183
7463;36,653;0,61016267611369
7464;36,657;0,55837201726525
7465;36,661;0,605199934848115
7466;36,666;0,617331080163966
7467;36,670;0,496613459293645
7468;36,674;0,55213677823927
7469;36,678;0,524481160246491
7470;36,682;0,613598420066781
7471;36,686;0,569909330292912
7472;36,690;0,553791025327795
7473;36,694;0,581616309688628
7474;36,698;0,58874229714689
7475;36,703;0,526644406439178
7476;36,707;0,639557374379021
7477;36,711;0,592729456796156
7478;36,715;0,541532630235904
7479;36,719;0,602909438879388
7480;36,723;0,533006895241198
7481;36,727;0,571818076933518
7482;36,731;0,550694614110812
7483;36,736;0,540769131579662
7484;36,740;0,487239392458669
7485;36,744;0,571860493525531
7486;36,748;0,579368230311915
7487;36,752;0,562740926242636
7488;36,756;0,574150989494258
7489;36,760;0,580980060808426
7490;36,764;0,500176453022776
7491;36,769;0,5144284279393
7492;36,773;0,571648410565464
7493;36,777;0,571818076933518
7494;36,781;0,500982368271032
7495;36,785;0,570757662133181
7496;36,789;0,54551978988517
7497;36,793;0,56070492982599
7498;36,797;0,526092990743003
7499;36,802;0,553154776447593
7500;36,806;0,595401702093004
7501;36,810;0,566261503379754
7502;36,814;0,560323180497869
7503;36,818;0,469382007221001
7504;36,822;0,54564703966121
7505;36,826;0,565201088579417
7506;36,830;0,599176778782203
7507;36,835;0,535424640985965
7508;36,839;0,585094470233732
7509;36,843;0,546834704237587
7510;36,847;0,47684732741537
7511;36,851;0,486984892906588
7512;36,855;0,534788392105763
7513;36,859;0,550185615006651
7514;36,863;0,559771764801694
7515;36,867;0,518967003284741
7516;36,872;0,562274343730488
7517;36,876;0,514682927491381
7518;36,880;0,595147202540923
7519;36,884;0,484355064201754
7520;36,888;0,556929853136792
7521;36,892;0,537799970138719
7522;36,896;0,548743450878193
7523;36,900;0,547428536525776
7524;36,905;0,525032575942666
7525;36,909;0,539496633819258
7526;36,913;0,507769022993186
7527;36,917;0,518542837364606
7528;36,921;0,478077408583761
7529;36,925;0,532709979097103
7530;36,929;0,512053098786546
7531;36,933;0,531182981784619
7532;36,938;0,481301069576784
7533;36,942;0,529231818551999
7534;36,946;0,492711132828406
7535;36,950;0,543356543692483
7536;36,954;0,499497787550561
7537;36,958;0,544204875532752
7538;36,962;0,50696310774493
7539;36,966;0,502382115807476
7540;36,971;0,49165071802807
7541;36,975;0,553282026223634
7542;36,979;0,530631566088444
7543;36,983;0,530080150392269
7544;36,987;0,521257499253468
7545;36,991;0,544459375084833
7546;36,995;0,519985001493064
7547;36,999;0,575593153622716
7548;37,004;0,522826913157966
7549;37,008;0,590142044683335
7550;37,012;0,541659880011945
7551;37,016;0,527874487607568
7552;37,020;0,530207400168309
7553;37,024;0,557905434753102
7554;37,028;0,577374650487282
7555;37,032;0,539793549963352
7556;37,036;0,551712612319136
7557;37,041;0,611053424545973
7558;37,045;0,554851440128132
7559;37,049;0,554936273312159
7560;37,053;0,591626625403806
7561;37,057;0,554724190352092
7562;37,061;0,620554741156989
7563;37,065;0,595613785053072
7564;37,069;0,557947851345115
7565;37,074;0,565073838803377
7566;37,078;0,575677986806743
7567;37,082;0,573726823574124
7568;37,086;0,548658617694166
7569;37,090;0,486942476314575
7570;37,094;0,499837120286668
7571;37,098;0,546325705133426
7572;37,102;0,550482531150745
7573;37,107;0,455808697776692
7574;37,111;0,526050574150989
7575;37,115;0,566855335667943
7576;37,119;0,528171403751663
7577;37,123;0,574193406086272
7578;37,127;0,544798707820941
7579;37,131;0,524905326166626
7580;37,135;0,580640728072319
7581;37,140;0,484355064201754
7582;37,144;0,515573675923664
7583;37,148;0,583949222249369
7584;37,152;0,567321918180091
7585;37,156;0,579453063495942
7586;37,160;0,644011116540435
7587;37,164;0,598667779678041
7588;37,168;0,527238238727367
7589;37,173;0,584755137497625
7590;37,177;0,536060889866167
7591;37,181;0,546919537421614
7592;37,185;0,578689564839699
7593;37,189;0,497758707278009
7594;37,193;0,569103415044656
7595;37,197;0,524014577734343
7596;37,201;0,603630520943616
7597;37,205;0,528680402855824
7598;37,210;0,558329600673236
7599;37,214;0,575805236582784
7600;37,218;0,512774180850775
7601;37,222;0,544332125308793
7602;37,226;0,528807652631865
7603;37,230;0,555614938784374
7604;37,234;0,524947742758639
7605;37,238;0,569357914596737
7606;37,243;0,58640938458615
7607;37,247;0,62534781605451
7608;37,251;0,643162784700166
7609;37,255;0,703648844911366
7610;37,259;0,883028612536309
7611;37,263;0,995771914108098
7612;37,267;1,22278551456416
7613;37,271;1,53077238917393
7614;37,276;2,00210555962755
7615;37,280;2,62592637836957
7616;37,284;3,39493919157369
7617;37,288;4,20585959768711
7618;37,292;5,4558341477319
7619;37,296;6,80688743654478
7620;37,300;8,3798643347721
7621;37,304;10,2754618318538
7622;37,309;11,9543105437468
7623;37,313;13,5828955941038
7624;37,317;15,3277445231696
7625;37,321;16,891432187746
7626;37,325;17,499304367891
7627;37,329;18,6517631728968
7628;37,333;19,0003427260635
7629;37,337;19,1120680294269
7630;37,342;18,7287917039933
7631;37,346;18,1044618861471
7632;37,350;17,3203063495942
7633;37,354;16,6128400114016
7634;37,358;15,6988897032875
7635;37,362;14,7735293319217
7636;37,366;13,4137382251541
7637;37,370;12,6145672150284
7638;37,374;11,5502925048185
7639;37,379;10,6499579227407
7640;37,383;9,89646958221354
7641;37,387;9,18429500230746
7642;37,391;8,22775843581182
7643;37,395;7,57891182778185
7644;37,399;7,15389757580693
7645;37,403;6,47565626951163
7646;37,407;5,98714437929256
7647;37,412;5,59733589868882
7648;37,416;5,14576886011347
7649;37,420;4,86191702635937
7650;37,424;4,59325033254608
7651;37,428;4,33629061812851
7652;37,432;4,11462150826615
7653;37,436;3,79581840269294
7654;37,440;3,69062525449955
7655;37,445;3,41839556695714
7656;37,449;3,23927029888427
7657;37,453;3,08105641067405
7658;37,457;2,9167769498059
7659;37,461;2,92615101664088
7660;37,465;2,6867941879089
7661;37,469;2,5447410212558
7662;37,473;2,46771249015935
7663;37,478;2,41812749409561
7664;37,482;2,22441091837012
7665;37,486;2,21444301924695
7666;37,490;2,20235429052312
7667;37,494;2,05830754404539
7668;37,498;1,95396272769227
7669;37,502;1,96681495507235
7670;37,506;1,92533152808318
7671;37,511;1,7855264408068
7672;37,515;1,6711713087385
7673;37,519;1,66777798137742
7674;37,523;1,61653873822515
7675;37,527;1,6289667996851
7676;37,531;1,57641264218042
7677;37,535;1,45832485001493
7678;37,539;1,49174912452154
7679;37,543;1,51253325460814
7680;37,548;1,39851745527595
7681;37,552;1,37968448842197
7682;37,556;1,46744441729783
7683;37,560;1,32776657979749
7684;37,564;1,32008917664305
7685;37,568;1,26023936531205
7686;37,572;1,28797981648886
7687;37,576;1,24598739039553
7688;37,581;1,23466216032793
7689;37,585;1,23224441458316
7690;37,589;1,13854616282542
7691;37,593;1,18253216874338
7692;37,597;1,10580055379103
7693;37,601;1,08365909276
7694;37,605;1,09282107663491
7695;37,609;1,10932113092814
7696;37,614;1,10211031028585
7697;37,618;1,00756372668784
7698;37,622;1,02686327605397
7699;37,626;1,00187990335804
7700;37,630;1,00828480875207
7701;37,634;1,02771160789424
7702;37,638;0,953185655726579
7703;37,642;0,94707766647664
7704;37,647;0,950555827021744
7705;37,651;0,972357955316665
7706;37,655;0,913356475825936
7707;37,659;0,913823058338084
7708;37,663;0,925784537285881
7709;37,667;0,88120469907973
7710;37,671;0,943938838667644
7711;37,675;0,901182913918071
7712;37,680;0,935837269593072
7713;37,684;0,88684610581752
7714;37,688;0,848756006189429
7715;37,692;0,806933246464153
7716;37,696;0,804473084127372
7717;37,700;0,815501398050873
7718;37,704;0,838406357738144
7719;37,708;0,86186273312159
7720;37,712;0,793572019979911
7721;37,717;0,851470668078291
7722;37,721;0,884470776664766
7723;37,725;0,842308684203382
7724;37,729;0,800825257214214
7725;37,733;0,781483291256074
7726;37,737;0,770370144148546
7727;37,741;0,782458872872384
7728;37,745;0,695929025164916
7729;37,750;0,750858511822353
7730;37,754;0,807230162608247
7731;37,758;0,771218475988816
7732;37,762;0,771557808724923
7733;37,766;0,817579811059532
7734;37,770;0,762480658034042
7735;37,774;0,716458655699433
7736;37,778;0,740933029291202
7737;37,783;0,787464030729973
7738;37,787;0,748101433341477
7739;37,791;0,788185112794201
7740;37,795;0,746871352173087
7741;37,799;0,674932812118251
7742;37,803;0,788015446426148
7743;37,807;0,766467817683308
7744;37,811;0,782798205608491
7745;37,816;0,670818402692945
7746;37,820;0,834419198088878
7747;37,824;0,849519504845671
7748;37,828;0,790687691722996
7749;37,832;0,71997923283655
7750;37,836;0,838915356842305
7751;37,840;0,805448665743682
7752;37,844;0,77592671770231
7753;37,849;0,794929350924342
7754;37,853;0,758493498384776
7755;37,857;0,706830089312376
7756;37,861;0,702885346255124
7757;37,865;0,755397087167793
7758;37,869;0,752724841870945
7759;37,873;0,7727454733013
7760;37,877;0,642144786491842
7761;37,882;0,709587167793251
7762;37,886;0,684603795097321
7763;37,890;0,682058799576513
7764;37,894;0,738684949914488
7765;37,898;0,706490756576268
7766;37,902;0,729735048999647
7767;37,906;0,701188682574585
7768;37,910;0,726087222086489
7769;37,914;0,732661793848576
7770;37,919;0,696565274045118
7771;37,923;0,719215734180308
7772;37,927;0,707932920704726
7773;37,931;0,707381505008551
7774;37,935;0,701570431902707
7775;37,939;0,683585796888997
7776;37,943;0,702758096479083
7777;37,947;0,640787455547412
7778;37,952;0,720191315796618
7779;37,956;0,702291513966935
7780;37,960;0,687276040394169
7781;37,964;0,738260783994353
7782;37,968;0,713913660178625
7783;37,972;0,70148559871868
7784;37,976;0,661105003121861
7785;37,980;0,655760512528165
7786;37,985;0,70038276732633
7787;37,989;0,727953552135082
7788;37,993;0,728080801911122
7789;37,997;0,721845562885143
7790;38,001;0,821948720036919
7791;38,005;0,745386771452616
7792;38,009;0,667170575779787
7793;38,013;0,674932812118251
7794;38,018;0,746192686700871
7795;38,022;0,706066590656134
7796;38,026;0,684646211689334
7797;38,030;0,712132163314059
7798;38,034;0,741442028395363
7799;38,038;0,670818402692945
7800;38,042;0,655506012976084
7801;38,046;0,746744102397046
7802;38,051;0,666279827347504
7803;38,055;0,698007438173575
7804;38,059;0,790772524907023
7805;38,063;0,672175733637375
7806;38,067;0,761886825745853
7807;38,071;0,758069332464641
7808;38,075;0,639769457339088
7809;38,079;0,75009501316611
7810;38,083;0,649991856014333
7811;38,088;0,660426337649646
7812;38,092;0,694317194668404
7813;38,096;0,695207943100687
7814;38,100;0,675865977142547
7815;38,104;0,657711675760784
7816;38,108;0,663819665010723
7817;38,112;0,741017862475229
7818;38,116;0,717052487987621
7819;38,121;0,709629584385265
7820;38,125;0,724560224774004
7821;38,129;0,633534218313109
7822;38,133;0,685961126041752
7823;38,137;0,667000909411733
7824;38,141;0,702164264190895
7825;38,145;0,742460026603686
7826;38,149;0,683882713033092
7827;38,154;0,695801775388875
7828;38,158;0,731092379944078
7829;38,162;0,727911135543068
7830;38,166;0,758875247712897
7831;38,170;0,69512310991666
7832;38,174;0,709968917121373
7833;38,178;0,833613282840622
7834;38,182;0,776223633846404
7835;38,187;0,727062803702799
7836;38,191;0,726384138230583
7837;38,195;0,709799250753319
7838;38,199;0,71874915166816
7839;38,203;0,749458764285908
7840;38,207;0,736606536905828
7841;38,211;0,719639900100442
7842;38,215;0,736903453049923
7843;38,220;0,670818402692945
7844;38,224;0,756924084480278
7845;38,228;0,805491082335695
7846;38,232;0,770454977332573
7847;38,236;0,75437908895947
7848;38,240;0,793741686347965
7849;38,244;0,690626951163233
7850;38,248;0,768376564323913
7851;38,252;0,763880405570486
7852;38,257;0,782034706952249
7853;38,261;0,68239813231262
7854;38,265;0,769394562532237
7855;38,269;0,66195333496213
7856;38,273;0,764262154898607
7857;38,277;0,633619051497136
7858;38,281;0,683967546217119
7859;38,285;0,761038493905584
7860;38,290;0,712725995602248
7861;38,294;0,815331731682819
7862;38,298;0,703224678991232
7863;38,302;0,736182370985694
7864;38,306;0,727911135543068
7865;38,310;0,748780098813693
7866;38,314;0,789415193962592
7867;38,318;0,792766104731656
7868;38,323;0,746107853516844
7869;38,327;0,666958492819719
7870;38,331;0,70810258707278
7871;38,335;0,73185587860032
7872;38,339;0,720615481716752
7873;38,343;0,674211730054022
7874;38,347;0,71115658169775
7875;38,351;0,739660531530798
7876;38,356;0,727062803702799
7877;38,360;0,75230067595081
7878;38,364;0,749798097022016
7879;38,368;0,717179737763662
7880;38,372;0,777750631158889
7881;38,376;0,777708214566876
7882;38,380;0,72523889024622
7883;38,384;0,760317411841355
7884;38,389;0,753997339631349
7885;38,393;0,756796834704238
7886;38,397;0,763668322610419
7887;38,401;0,756966501072291
7888;38,405;0,777793047750903
7889;38,409;0,801079756766295
7890;38,413;0,797856095773271
7891;38,417;0,777496131606808
7892;38,421;0,721251730596954
7893;38,426;0,708399503216874
7894;38,430;0,741229945435296
7895;38,434;0,752767258462958
7896;38,438;0,768927980020088
7897;38,442;0,754082172815376
7898;38,446;0,740890612699188
7899;38,450;0,744241523468252
7900;38,454;0,762904823954176
7901;38,459;0,752809675054972
7902;38,463;0,744665689388387
7903;38,467;0,740296780411
7904;38,471;0,660214254689578
7905;38,475;0,772194057605125
7906;38,479;0,776011550886337
7907;38,483;0,718155319379971
7908;38,487;0,73295870999267
7909;38,492;0,823560550533431
7910;38,496;0,777708214566876
7911;38,500;0,685749043081684
7912;38,504;0,738133534218313
7913;38,508;0,772490973749219
7914;38,512;0,713998493362652
7915;38,516;0,752555175502891
7916;38,520;0,748440766077585
7917;38,525;0,767188899747536
7918;38,529;0,684306878953226
7919;38,533;0,749840513614029
7920;38,537;0,750179846350137
7921;38,541;0,799764842413877
7922;38,545;0,735121956185357
7923;38,549;0,771260892580829
7924;38,553;0,713150161522382
7925;38,558;0,782628539240438
7926;38,562;0,783816203816815
7927;38,566;0,748101433341477
7928;38,570;0,712429079458153
7929;38,574;0,716882821619567
7930;38,578;0,719088484404267
7931;38,582;0,744538439612346
7932;38,586;0,656354344816353
7933;38,590;0,746616852621006
7934;38,595;0,722821144501452
7935;38,599;0,765322569698944
7936;38,603;0,70920541846513
7937;38,607;0,680277302711947
7938;38,611;0,623735985557999
7939;38,615;0,740042280858919
7940;38,619;0,638581792762711
7941;38,623;0,71790081982789
7942;38,628;0,721972812661183
7943;38,632;0,670224570404756
7944;38,636;0,707466338192578
7945;38,640;0,673787564133887
7946;38,644;0,701400765534653
7947;38,648;0,683034381192822
7948;38,652;0,69512310991666
7949;38,656;0,745980603740804
7950;38,661;0,668994489236366
7951;38,665;0,72426330862991
7952;38,669;0,694911026956593
7953;38,673;0,687954705866384
7954;38,677;0,667637158291935
7955;38,681;0,756075752640009
7956;38,685;0,717052487987621
7957;38,689;0,644053533132448
7958;38,694;0,661274669489915
7959;38,698;0,676290143062682
7960;38,702;0,745429188044629
7961;38,706;0,718918818036214
7962;38,710;0,629334975703776
7963;38,714;0,748525599261612
7964;38,718;0,65741475961669
7965;38,722;0,714422659282786
7966;38,727;0,689015120666721
7967;38,731;0,648889024621983
7968;38,735;0,695971441756929
7969;38,739;0,704285093791568
7970;38,743;0,729904715367701
7971;38,747;0,741187528843283
7972;38,751;0,719512650324402
7973;38,755;0,74678651898906
7974;38,759;0,696862190189212
7975;38,764;0,768503814099954
7976;38,768;0,674042063685968
7977;38,772;0,780847042375872
7978;38,776;0,766849567011429
7979;38,780;0,828480875206993
7980;38,784;0,733976708200994
7981;38,788;0,760190162065315
7982;38,792;0,770242894372506
7983;38,797;0,773212055813448
7984;38,801;0,759723579553167
7985;38,805;0,762268575073974
7986;38,809;0,782628539240438
7987;38,813;0,753954923039335
7988;38,817;0,640829872139425
7989;38,821;0,716076906371311
7990;38,825;0,728801883975351
7991;38,830;0,825045131253902
7992;38,834;0,712810828786275
7993;38,838;0,749882930206043
7994;38,842;0,781059125335939
7995;38,846;0,823730216901485
7996;38,850;0,739872614490865
7997;38,854;0,753488340527187
7998;38,858;0,705303091999891
7999;38,863;0,757221000624372
8000;38,867;0,755439503759807
8001;38,871;0,771218475988816
8002;38,875;0,77151539213291
8003;38,879;0,756754418112224
8004;38,883;0,70687250590439
8005;38,887;0,671666734533214
8006;38,891;0,758875247712897
8007;38,896;0,753488340527187
8008;38,900;0,732322461112468
8009;38,904;0,858511822352526
8010;38,908;0,762480658034042
8011;38,912;0,726935553926758
8012;38,916;0,818809892227923
8013;38,920;0,70687250590439
8014;38,924;0,725323723430247
8015;38,928;0,825681380134104
8016;38,933;0,761886825745853
8017;38,937;0,776647799766539
8018;38,941;0,785767367049434
8019;38,945;0,818852308819936
8020;38,949;0,804176167983278
8021;38,953;0,793020604283736
8022;38,957;0,810665906561338
8023;38,961;0,821609387300812
8024;38,966;0,781737790808155
8025;38,970;0,843241849227679
8026;38,974;0,882053030919999
8027;38,978;0,836243111545457
8028;38,982;0,829159540679208
8029;38,986;0,827208377446589
8030;38,990;0,891172598202894
8031;38,994;0,781737790808155
8032;38,999;0,82551171376605
8033;39,003;0,703351928767272
8034;39,007;0,81473789939463
8035;39,011;0,856348576159839
8036;39,015;0,793996185900046
8037;39,019;0,881544031815837
8038;39,023;0,859572237152863
8039;39,027;0,757008917664305
8040;39,032;0,78339203789668
8041;39,036;0,804557917311399
8042;39,040;0,914501723810299
8043;39,044;0,807102912832207
8044;39,048;0,840187854602709
8045;39,052;0,817537394467519
8046;39,056;0,805151749599587
8047;39,060;0,888627602682086
8048;39,065;0,817537394467519
8049;39,069;0,861693066753536
8050;39,073;0,820464139316448
8051;39,077;0,784282786328963
8052;39,081;0,789245527594538
8053;39,085;0,829201957271222
8054;39,089;0,809054076064826
8055;39,093;0,813762317778321
8056;39,097;0,846635176588756
8057;39,102;0,837473192713847
8058;39,106;0,84693209273285
8059;39,110;0,863559396802128
8060;39,114;0,799086176941662
8061;39,118;0,804515500719385
8062;39,122;0,850664752830035
8063;39,126;0,801079756766295
8064;39,130;0,823942299861552
8065;39,135;0,813168485490132
8066;39,139;0,877514455574558
8067;39,143;0,828141542470885
8068;39,147;0,770921559844721
8069;39,151;0,801207006542335
8070;39,155;0,861777899937563
8071;39,159;0,877387205798518
8072;39,163;0,785852200233461
8073;39,168;0,843581181963786
8074;39,172;0,808036077856503
8075;39,176;0,83089862095176
8076;39,180;0,739575698346771
8077;39,184;0,911490145777343
8078;39,188;0,877217539430464
8079;39,192;0,847822841165133
8080;39,196;0,801079756766295
8081;39,201;0,813550234818253
8082;39,205;0,82525721421397
8083;39,209;0,750604012270272
8084;39,213;0,847441091837012
8085;39,217;0,88990010044249
8086;39,221;0,807569495344355
8087;39,225;0,795904932540652
8088;39,229;0,860547818769172
8089;39,234;0,777538548198822
8090;39,238;0,894438675787931
8091;39,242;0,700594850286397
8092;39,246;0,894226592827863
8093;39,250;0,881840947959932
8094;39,254;0,838533607514184
8095;39,258;0,828523291799006
8096;39,262;0,768885563428075
8097;39,266;0,782713372424464
8098;39,271;0,822118386404973
8099;39,275;0,877938621494693
8100;39,279;0,807951244672476
8101;39,283;0,85011333713386
8102;39,287;0,849095338925537
8103;39,291;0,828608124983033
8104;39,295;0,840781686890898
8105;39,299;0,876326790998181
8106;39,304;0,820718638868529
8107;39,308;0,812065654097782
8108;39,312;0,736267204169721
8109;39,316;0,863177647474007
8110;39,320;0,729013966935418
8111;39,324;0,833486033064582
8112;39,328;0,862159649265684
8113;39,332;0,857112074816082
8114;39,337;0,828438458614979
8115;39,341;0,755694003311888
8116;39,345;0,809393408800934
8117;39,349;0,84485367972419
8118;39,353;0,75535467057578
8119;39,357;0,814059233922415
8120;39,361;0,923790957461248
8121;39,365;0,846465510220702
8122;39,370;0,900504248445856
8123;39,374;0,843538765371773
8124;39,378;0,840527187338817
8125;39,382;0,870642967668377
8126;39,386;0,90080116458995
8127;39,390;0,878065871270733
8128;39,394;0,888627602682086
8129;39,398;0,933674023400385
8130;39,403;0,883452778456443
8131;39,407;0,896771588348671
8132;39,411;0,900716331405923
8133;39,415;0,826996294486522
8134;39,419;0,871703382468713
8135;39,423;0,826741794934441
8136;39,427;0,886888522409534
8137;39,431;0,878362787414827
8138;39,435;0,906739487471835
8139;39,440;0,793020604283736
8140;39,444;0,783816203816815
8141;39,448;0,880653283383555
8142;39,452;0,827038711078535
8143;39,456;0,892954095067459
8144;39,460;0,862541398593805
8145;39,464;0,895965673100415
8146;39,468;0,941521092922876
8147;39,473;0,841036186442979
8148;39,477;0,864365312050384
8149;39,481;0,976302698373917
8150;39,485;0,882265113880066
8151;39,489;0,857790740288297
8152;39,493;0,861735483345549
8153;39,497;0,881840947959932
8154;39,501;0,876963039878383
8155;39,506;0,795311100252464
8156;39,510;0,828523291799006
8157;39,514;0,749798097022016
8158;39,518;0,826826628118468
8159;39,522;0,872254798164888
8160;39,526;0,899274167277466
8161;39,530;0,900843581181964
8162;39,534;0,883495195048457
8163;39,539;0,887991353801884
8164;39,543;0,771133642804789
8165;39,547;0,870091551972202
8166;39,551;0,898637918397264
8167;39,555;0,905509406303445
8168;39,559;0,871236799956565
8169;39,563;0,881586448407851
8170;39,567;0,797050180525016
8171;39,572;0,848671173005402
8172;39,576;0,870727800852404
8173;39,580;0,75879041452887
8174;39,584;0,872806213861064
8175;39,588;0,933801273176426
8176;39,592;0,889306268154301
8177;39,596;0,925911787061921
8178;39,600;0,896474672204577
8179;39,604;0,8738666286614
8180;39,609;0,823560550533431
8181;39,613;0,859953986480984
8182;39,617;0,853633914270978
8183;39,621;0,934225439096561
8184;39,625;0,912889893313788
8185;39,629;0,880610866791541
8186;39,633;0,931850109943806
8187;39,637;0,926335952982056
8188;39,642;0,880483617015501
8189;39,646;1,00412798273475
8190;39,650;0,853761164047018
8191;39,654;0,988476260281782
8192;39,658;0,98050194098325
8193;39,662;0,909751065504791
8194;39,666;0,964256386242094
8195;39,670;0,896474672204577
8196;39,675;0,973969785813177
8197;39,679;0,864789477970519
8198;39,683;0,895074924668133
8199;39,687;0,928456782582729
8200;39,691;0,950895159757852
8201;39,695;0,955688234655374
8202;39,699;0,93409818932052
8203;39,703;0,95992989385672
8204;39,708;0,995347748187963
8205;39,712;0,91255056057768
8206;39,716;0,929559613975079
8207;39,720;0,945465835980129
8208;39,724;0,914883473138421
8209;39,728;0,986949262969297
8210;39,732;0,862074816081657
8211;39,736;0,857451407552189
8212;39,741;0,898001669517062
8213;39,745;0,847483508429025
8214;39,749;1,02105220294812
8215;39,753;0,971297540516329
8216;39,757;0,9749877840215
8217;39,761;1,0039583163667
8218;39,765;1,01299305046556
8219;39,769;0,878362787414827
8220;39,773;0,951446575454027
8221;39,778;0,996153663436219
8222;39,782;1,05663972364742
8223;39,786;1,05269498059017
8224;39,790;0,962517305969541
8225;39,794;1,02584527784564
8226;39,798;0,944999253467981
8227;39,802;1,07789043624617
8228;39,806;0,983725601976274
8229;39,811;1,02207020115645
8230;39,815;1,03178360072753
8231;39,819;1,05150731601379
8232;39,823;1,09286349322692
8233;39,827;0,994499416347694
8234;39,831;1,01850720742731
8235;39,835;1,02593011102967
8236;39,839;1,01634396123463
8237;39,844;1,03157151776746
8238;39,848;1,0165560441947
8239;39,852;0,961159975025111
8240;39,856;0,952888739582485
8241;39,860;1,01201746884925
8242;39,864;0,963365637809811
8243;39,868;0,979823275511035
8244;39,872;0,968837378179548
8245;39,877;0,967692130195184
8246;39,881;0,984489100632516
8247;39,885;1,0408183348264
8248;39,889;0,891215014794907
8249;39,893;0,928753698726824
8250;39,897;1,00633364551945
8251;39,901;1,0140534652659
8252;39,905;0,990215340554334
8253;39,910;0,982750020359964
8254;39,914;0,992930002443196
8255;39,918;0,860250902625078
8256;39,922;0,906272904959687
8257;39,926;0,96213555664142
8258;39,930;0,947629082172815
8259;39,934;0,988603510057822
8260;39,938;0,856178909791785
8261;39,942;0,875266376197845
8262;39,947;1,00077707196569
8263;39,951;1,01727712625892
8264;39,955;0,998147243260852
8265;39,959;0,972018622580558
8266;39,963;0,942327008171132
8267;39,967;0,983937684936341
8268;39,971;0,945126503244021
8269;39,975;0,896856421532698
8270;39,980;1,05214356489399
8271;39,984;1,02113703613215
8272;39,988;0,945338586204088
8273;39,992;0,898850001357331
8274;39,996;0,919888630996009
