#"+EI TIC Scan 100C_1ml-min_4C-min_3.d "
#Point;X(Minutes);Y(Counts)
0;5,641;5,75442069478204
1;5,645;7,22518396939551
2;5,649;9,04890328346739
3;5,653;11,2153465139783
4;5,658;13,6020414129518
5;5,662;15,5724298577526
6;5,666;17,4782410771711
7;5,670;19,0303914935559
8;5,674;19,6561693437242
9;5,678;20,2324832318474
10;5,682;20,4321662448526
11;5,686;20,2428719689946
12;5,691;19,7718810818486
13;5,695;19,352155219218
14;5,699;18,8442556026094
15;5,703;18,470130553537
16;5,707;17,7218021483282
17;5,711;17,2656373986185
18;5,715;16,482436247609
19;5,719;16,0197720115936
20;5,723;15,3927934531118
21;5,728;15,0930079100576
22;5,732;14,3908806725637
23;5,736;13,8868181020874
24;5,740;13,5111530140911
25;5,744;13,1279965503128
26;5,748;12,7394630014784
27;5,752;12,6513153498551
28;5,756;12,2659662882869
29;5,761;12,0934297241086
30;5,765;11,5711738124473
31;5,769;11,501062887881
32;5,773;11,2488880396923
33;5,777;11,0071019286508
34;5,781;10,7401270453805
35;5,785;10,3654538468606
36;5,789;10,1308197809908
37;5,794;9,85405651473008
38;5,798;9,27902164198428
39;5,802;8,88411911861745
40;5,806;8,67997260296857
41;5,810;8,22699234052505
42;5,814;8,06601911945273
43;5,818;7,61361310881132
44;5,822;7,23927924090176
45;5,827;6,84129663968727
46;5,831;6,66802920957894
47;5,835;6,32264285296648
48;5,839;6,11379791348218
49;5,843;5,79229521136643
50;5,847;5,59660585862129
51;5,851;5,2789402026378
52;5,855;5,16348948805974
53;5,860;5,03527472206213
54;5,864;4,78581451875611
55;5,868;4,68615572873598
56;5,872;4,46459894254141
57;5,876;4,3112998137336
58;5,880;4,30065005303998
59;5,884;4,08948200399262
60;5,888;4,00569344559434
61;5,893;3,7843454782369
62;5,897;3,75299655031281
63;5,901;3,65834941238379
64;5,905;3,48393347867124
65;5,909;3,51439492653753
66;5,913;3,39805673190167
67;5,917;3,18754124172033
68;5,921;3,21165981740881
69;5,925;3,0792686746686
70;5,930;3,08127855597598
71;5,934;3,03518179767961
72;5,938;3,0017968860935
73;5,942;2,96695024264749
74;5,946;2,87953345695409
75;5,950;2,84118909798615
76;5,954;2,8011219836119
77;5,958;2,79574489855581
78;5,963;2,63492829161133
79;5,967;2,69506811670467
80;5,971;2,69645154150066
81;5,975;2,56528720942859
82;5,979;2,51028954819956
83;5,983;2,55278418155545
84;5,987;2,52566383508324
85;5,991;2,45902452368423
86;5,996;2,50950647756033
87;6,000;2,46857798548291
88;6,004;2,38270123871334
89;6,008;2,40684591675646
90;6,012;2,37680210656443
91;6,016;2,32887818344317
92;6,020;2,31115468464179
93;6,024;2,28171122860651
94;6,029;2,22807088981883
95;6,033;2,26761595710026
96;6,037;2,23720671394325
97;6,041;2,18239176919672
98;6,045;2,20517912479849
99;6,049;2,21572447607354
100;6,053;2,24631643571303
101;6,057;2,14814547990745
102;6,062;2,15649823339264
103;6,066;2,17155929202061
104;6,070;2,2110782569474
105;6,074;2,16320653853543
106;6,078;2,04457133669114
107;6,082;2,11277678936862
108;6,086;2,11663993785551
109;6,090;2,0935132516434
110;6,094;2,10384978408132
111;6,099;2,10739970431253
112;6,103;2,11491718244919
113;6,107;2,11277678936862
114;6,111;2,02040055629338
115;6,115;2,03345173361399
116;6,119;1,96644698925001
117;6,123;1,95819864518338
118;6,127;2,00346012813124
119;6,132;2,01238713341853
120;6,136;1,95851187343908
121;6,140;1,97673131697864
122;6,144;1,958590180503
123;6,148;1,98200399261617
124;6,152;1,92196857694139
125;6,156;1,98296977973789
126;6,160;1,97881950534994
127;6,165;1,99239272976337
128;6,169;1,92236011226101
129;6,173;1,97218950727107
130;6,177;1,94992419876212
131;6,181;1,93071286574619
132;6,185;1,92972097626983
133;6,189;1,93718624969721
134;6,193;1,92408286766733
135;6,198;1,9364814861219
136;6,202;1,89698862354975
137;6,206;1,88558189457155
138;6,210;1,91643487775745
139;6,214;1,82074364564279
140;6,218;1,89174205026687
141;6,222;1,87822103056273
142;6,226;1,81004168023989
143;6,231;1,84149501758255
144;6,235;1,80878876721711
145;6,239;1,84937792868419
146;6,243;1,7467695725896
147;6,247;1,89570960817233
148;6,251;1,78714991521955
149;6,255;1,80187164323719
150;6,259;1,77882326408901
151;6,263;1,73656355192489
152;6,268;1,78537495510395
153;6,272;1,75491350723766
154;6,276;1,80745754713041
155;6,280;1,73841681910442
156;6,284;1,74956252453621
157;6,288;1,74515122660185
158;6,292;1,72395611463319
159;6,296;1,72698398777157
160;6,301;1,67757223043576
161;6,305;1,69845411414873
162;6,309;1,76209165476399
163;6,313;1,76530224438486
164;6,317;1,68305372491042
165;6,321;1,73019457739244
166;6,325;1,6364871242305
167;6,329;1,67827699401108
168;6,334;1,67441384552418
169;6,338;1,63225854277863
170;6,342;1,65470656777007
171;6,346;1,68138317421338
172;6,350;1,68294931549185
173;6,354;1,76078653703193
174;6,358;1,64105503629271
175;6,362;1,64306491760009
176;6,367;1,62541972586263
177;6,371;1,65212243466059
178;6,375;1,61411740630299
179;6,379;1,58349934430885
180;6,383;1,64045468213597
181;6,387;1,59527150625204
182;6,391;1,57642560620108
183;6,395;1,4462009588961
184;6,400;1,50895101945356
185;6,404;1,50464413093776
186;6,408;1,49723106221966
187;6,412;1,55697935199338
188;6,416;1,47653189498918
189;6,420;1,48866948989734
190;6,424;1,54935746443815
191;6,428;1,50733267346581
192;6,432;1,56556702667034
193;6,437;1,46238441877365
194;6,441;1,50125082483441
195;6,445;1,46107930104159
196;6,449;1,51798243415942
197;6,453;1,47452201368181
198;6,457;1,47368673833329
199;6,461;1,47326910065903
200;6,465;1,4137035273678
201;6,470;1,43998859849149
202;6,474;1,43147923087846
203;6,478;1,41357301559459
204;6,482;1,42785100358333
205;6,486;1,48016012228431
206;6,490;1,41435608623383
207;6,494;1,45622426307832
208;6,498;1,45993079743738
209;6,503;1,39198636830631
210;6,507;1,3813366076127
211;6,511;1,4315053332331
212;6,515;1,42270883971901
213;6,519;1,40307986902883
214;6,523;1,41218959079861
215;6,527;1,39752006749025
216;6,531;1,45199568162645
217;6,536;1,35382472582087
218;6,540;1,4046460103073
219;6,544;1,37917011217748
220;6,548;1,34724693245128
221;6,552;1,35841874023772
222;6,556;1,34481941346965
223;6,560;1,3333865821368
224;6,564;1,35395523759407
225;6,569;1,39611054033962
226;6,573;1,32271071908855
227;6,577;1,37708192380618
228;6,581;1,2827741164875
229;6,585;1,32704370995899
230;6,589;1,32892307949316
231;6,593;1,3511883880021
232;6,597;1,26486790120363
233;6,601;1,29102246055412
234;6,606;1,3432010674819
235;6,610;1,29081364171699
236;6,614;1,30858934522765
237;6,618;1,24474298577526
238;6,622;1,25442695934715
239;6,626;1,27021888390508
240;6,630;1,29190994061192
241;6,634;1,27345557588059
242;6,639;1,25505341585854
243;6,643;1,31709871284069
244;6,647;1,25745483248553
245;6,651;1,22422653502727
246;6,655;1,34343598867367
247;6,659;1,30843273109981
248;6,663;1,26646014483675
249;6,667;1,299688442295
250;6,672;1,34231358742409
251;6,676;1,38775778685444
252;6,680;1,41479982626273
253;6,684;1,43596883587675
254;6,688;1,4168097075701
255;6,692;1,40871797763133
256;6,696;1,49879720349813
257;6,700;1,42889509776898
258;6,705;1,42949545192573
259;6,709;1,40519415975476
260;6,713;1,4279554130019
261;6,717;1,40647317513218
262;6,721;1,44312088104844
263;6,725;1,39637156388604
264;6,729;1,36972105979736
265;6,733;1,36082015686471
266;6,738;1,4297303731175
267;6,742;1,45541509008445
268;6,746;1,38167593822304
269;6,750;1,49467303146482
270;6,754;1,46726555909155
271;6,758;1,4954822044587
272;6,762;1,48454531786403
273;6,766;1,50433090268207
274;6,770;1,51526778927674
275;6,775;1,51174397140017
276;6,779;1,57457233902156
277;6,783;1,5875191069236
278;6,787;1,53257365040386
279;6,791;1,53565372825152
280;6,795;1,53030274555007
281;6,799;1,51289247500439
282;6,803;1,57057867876145
283;6,808;1,54836557496179
284;6,812;1,56410529481043
285;6,816;1,51939196131005
286;6,820;1,54544211124197
287;6,824;1,52748369124882
288;6,828;1,51826956006047
289;6,832;1,50205999782828
290;6,836;1,43051344375673
291;6,841;1,44473922703619
292;6,845;1,46736996851012
293;6,849;1,43628206413244
294;6,853;1,50367834381604
295;6,857;1,37572460136484
296;6,861;1,39443998964259
297;6,865;1,44502635293725
298;6,869;1,41785380175575
299;6,874;1,38968936109789
300;6,878;1,34367090986544
301;6,882;1,34359260280151
302;6,886;1,32887087478387
303;6,890;1,39480542260756
304;6,894;1,28199104584826
305;6,898;1,3241985533031
306;6,902;1,31970894830481
307;6,907;1,26217935867559
308;6,911;1,29869655281864
309;6,915;1,32093575897295
310;6,919;1,27810179500672
311;6,923;1,27622242547256
312;6,927;1,26142239039099
313;6,931;1,22036338654037
314;6,935;1,22649743988106
315;6,939;1,2210159454064
316;6,944;1,22263429139416
317;6,948;1,19465256721878
318;6,952;1,20368398192464
319;6,956;1,20172630532655
320;6,960;1,18692627024499
321;6,964;1,22597539278823
322;6,968;1,1604584826388
323;6,972;1,16351245813182
324;6,977;1,16693186658982
325;6,981;1,16849800786829
326;6,985;1,13615719046784
327;6,989;1,09319271472841
328;6,993;1,14936498191629
329;6,997;1,1383497882577
330;7,001;1,11999983294493
331;7,005;1,14490147927264
332;7,010;1,09984881516192
333;7,014;1,11417900785994
334;7,018;1,10812326158318
335;7,022;1,08348263880188
336;7,026;1,10191090117857
337;7,030;1,08682374019596
338;7,034;1,10854089925744
339;7,038;1,04907973538477
340;7,043;1,10253735768996
341;7,047;1,0755736253456
342;7,051;1,10454723899734
343;7,055;1,09554192664612
344;7,059;1,08035035624494
345;7,063;1,16040627792952
346;7,067;1,09820436681952
347;7,071;1,08288228464513
348;7,076;1,0489753259662
349;7,080;1,06591575412835
350;7,084;0,993794948254692
351;7,088;1,02942466233994
352;7,092;1,06218311741466
353;7,096;1,06247024331571
354;7,100;1,00580203138965
355;7,104;1,00261754412342
356;7,108;1,03083418949057
357;7,113;1,0467566258217
358;7,117;1,02712765513151
359;7,121;1,01553820967082
360;7,125;0,959705273093275
361;7,129;1,01164895882928
362;7,133;1,02999891414205
363;7,137;1,01290187185206
364;7,141;0,945818820424153
365;7,146;0,988939910291428
366;7,150;0,979621369684517
367;7,154;0,994003767091822
368;7,158;0,982753652241461
369;7,162;0,952996967950485
370;7,166;0,943260789669314
371;7,170;0,96304637448735
372;7,174;0,988966012646069
373;7,179;0,951222007834883
374;7,183;1,0004510486882
375;7,187;0,979021015527769
376;7,191;0,950804370160623
377;7,195;0,959940194285046
378;7,199;0,954667518647522
379;7,203;0,990688768052388
380;7,207;0,998702190927239
381;7,212;1,09995322458048
382;7,216;1,2404621996141
383;7,220;1,58423021023881
384;7,224;2,09139896091747
385;7,228;2,87590522965896
386;7,232;4,12764364647806
387;7,236;5,65538836127329
388;7,240;7,73689452978174
389;7,245;10,2557717526583
390;7,249;13,0691879453062
391;7,253;16,2763059530074
392;7,257;19,3075462951362
393;7,261;22,1471692518439
394;7,265;24,5572257582212
395;7,269;26,4014354206864
396;7,273;27,7662492378112
397;7,277;28,5270023638292
398;7,282;28,8724670275056
399;7,286;29,0657027589145
400;7,290;28,6022554522598
401;7,294;28,3155732912355
402;7,298;27,4895381762598
403;7,302;26,3363622505659
404;7,306;25,5695011735619
405;7,310;24,5462627692719
406;7,315;23,571470335196
407;7,319;22,2961614921359
408;7,323;21,3829445126586
409;7,327;20,3747671669966
410;7,331;19,1490527977548
411;7,335;18,2535071123696
412;7,339;17,4170832602467
413;7,343;16,5194754888449
414;7,348;15,4483392637883
415;7,352;14,5355921266946
416;7,356;13,7524170780398
417;7,360;12,9561647497097
418;7,364;11,9603599201477
419;7,368;11,0616558498509
420;7,372;10,5408094653402
421;7,376;9,63800732536481
422;7,381;8,8146607529172
423;7,385;8,42936389605834
424;7,389;7,66365132265851
425;7,393;7,33784173202696
426;7,397;6,55599790345888
427;7,401;6,03791836854019
428;7,405;5,61362459384736
429;7,409;5,23861206471713
430;7,414;4,83326859949382
431;7,418;4,54525521838274
432;7,422;4,26123549753176
433;7,426;3,9105242605725
434;7,430;3,58194782034898
435;7,434;3,42165326049732
436;7,438;3,15214644882686
437;7,442;3,00795704178883
438;7,446;2,78472970489722
439;7,451;2,62701927815504
440;7,455;2,43386185381011
441;7,459;2,3243363737356
442;7,463;2,18356637515557
443;7,467;2,13530312142398
444;7,471;1,98855568363111
445;7,475;1,93541128958161
446;7,479;1,80831892483357
447;7,484;1,7755865721135
448;7,488;1,67344805840245
449;7,492;1,62455834815947
450;7,496;1,58660552451116
451;7,500;1,51563322224171
452;7,504;1,54674722897403
453;7,508;1,47431319484468
454;7,512;1,40944884356128
455;7,517;1,34583740530066
456;7,521;1,34917850669473
457;7,525;1,33704091178657
458;7,529;1,22406992089942
459;7,533;1,24735322123938
460;7,537;1,18543843603044
461;7,541;1,19744551916539
462;7,545;1,16327753694005
463;7,550;1,14401399921484
464;7,554;1,12475046148963
465;7,558;1,1232104225658
466;7,562;1,10713137210682
467;7,566;1,07622618421163
468;7,570;1,05004552250649
469;7,574;1,03365324379182
470;7,578;1,07573023947344
471;7,583;1,01399817074699
472;7,587;1,06032985023513
473;7,591;1,01658230385647
474;7,595;0,997840813224079
475;7,599;0,949316535946075
476;7,603;0,996431286073454
477;7,607;0,925093550839034
478;7,611;0,94921212652751
479;7,615;0,95743436823949
480;7,620;0,906586981398418
481;7,624;0,972182198611772
482;7,628;0,929583155837322
483;7,632;0,908388043868661
484;7,636;0,9010010775052
485;7,640;0,934699217346998
486;7,644;0,92739055804746
487;7,648;0,888445844922779
488;7,653;0,899434936226727
489;7,657;0,876595375915671
490;7,661;0,89862576323285
491;7,665;0,967013932392813
492;7,669;0,864118450397173
493;7,673;0,859341719497832
494;7,677;0,849736052989868
495;7,681;0,829402318724368
496;7,686;0,860855656067023
497;7,690;0,817865077972954
498;7,694;0,862630616182625
499;7,698;0,816142322566634
500;7,702;0,861403805514488
501;7,706;0,830524719973939
502;7,710;0,797740162544583
503;7,714;0,803404373501725
504;7,719;0,835901805030028
505;7,723;0,807293624343265
506;7,727;0,802673507571771
507;7,731;0,745848681517862
508;7,735;0,813010040009689
509;7,739;0,797426934288888
510;7,743;0,764459660377043
511;7,747;0,789570125541885
512;7,752;0,786777173595276
513;7,756;0,776023003483098
514;7,760;0,783044536881583
515;7,764;0,817290826170847
516;7,768;0,74644903567461
517;7,772;0,77174221732194
518;7,776;0,766443439329775
519;7,780;0,758691040001336
520;7,784;0,754070923229843
521;7,789;0,784323552259002
522;7,793;0,755871985700086
523;7,797;0,728464513326818
524;7,801;0,797922879027071
525;7,805;0,763389463836754
526;7,809;0,759004268257031
527;7,813;0,716144201936168
528;7,817;0,704189323510495
529;7,822;0,719172075074548
530;7,826;0,728986560419642
531;7,830;0,71444754888449
532;7,834;0,724340341293507
533;7,838;0,703484559935183
534;7,842;0,71121085690898
535;7,846;0,669238270645918
536;7,850;0,682707085640782
537;7,855;0,687327202412275
538;7,859;0,71919817742919
539;7,863;0,70429373292906
540;7,867;0,699203773774025
541;7,871;0,674719765120572
542;7,875;0,724288136584225
543;7,879;0,705651055370403
544;7,883;0,698290191361582
545;7,888;0,702805898714511
546;7,892;0,68850180837113
547;7,896;0,689467595492854
548;7,900;0,686805155319451
549;7,904;0,723296247107859
550;7,908;0,70494629179509
551;7,912;0,700065151477185
552;7,916;0,720816523416944
553;7,921;0,69909936435546
554;7,925;0,673675670934924
555;7,929;0,654412133209713
556;7,933;0,679705314857043
557;7,937;0,694740271130378
558;7,941;0,68223724325724
559;7,945;0,692417161567311
560;7,949;0,699647513802925
561;7,953;0,665035791548684
562;7,958;0,640316861703461
563;7,962;0,686544131773039
564;7,966;0,661224847771068
565;7,970;0,655612841523208
566;7,974;0,680853818461256
567;7,978;0,631363754061526
568;7,982;0,663104217305235
569;7,986;0,64960929995573
570;7,991;0,647729930421563
571;7,995;0,665453429222943
572;7,999;0,658144769923405
573;8,003;0,642587766557246
574;8,007;0,658327486405894
575;8,011;0,656030479197467
576;8,015;0,632251234119327
577;8,019;0,647599418648357
578;8,024;0,625308007784766
579;8,028;0,632564462375022
580;8,032;0,604556635845006
581;8,036;0,650105244693913
582;8,040;0,611525964534209
583;8,044;0,607584508983386
584;8,048;0,634078398944212
585;8,052;0,622227929937104
586;8,057;0,639507688709583
587;8,061;0,598892424887864
588;8,065;0,624838165401224
589;8,069;0,620713993367914
590;8,073;0,630658990486214
591;8,077;0,624864267755866
592;8,081;0,675450631050526
593;8,085;0,642483357138681
594;8,090;0,607323485436974
595;8,094;0,641856900627292
596;8,098;0,631415958770809
597;8,102;0,65112323652492
598;8,106;0,617294584909916
599;8,110;0,61306600345804
600;8,114;0,643266427777917
601;8,118;0,63037186458516
602;8,122;0,653550755506553
603;8,127;0,614397223544742
604;8,131;0,638829027488912
605;8,135;0,642274538301551
606;8,139;0,602964392211893
607;8,143;0,614423325899383
608;8,147;0,624707653628018
609;8,151;0,590722387885166
610;8,155;0,661825201927816
611;8,160;0,629954226910901
612;8,164;0,638724618070347
613;8,168;0,657283392220245
614;8,172;0,63705406737331
615;8,176;0,644284419608924
616;8,180;0,607114666599845
617;8,184;0,646085482079167
618;8,188;0,637001862664027
619;8,193;0,613744664678711
620;8,197;0,613431436423017
621;8,201;0,614553837672589
622;8,205;0,644936978474954
623;8,209;0,635253004903066
624;8,213;0,59059187611196
625;8,217;0,611839192789903
626;8,221;0,626378204325056
627;8,226;0,611238838633155
628;8,230;0,598135456603269
629;8,234;0,616668128398527
630;8,238;0,610795098604255
631;8,242;0,60181588860768
632;8,246;0,602625061601557
633;8,250;0,618495293223411
634;8,254;0,603434234595434
635;8,259;0,564124088505776
636;8,263;0,591714277361532
637;8,267;0,568248260539087
638;8,271;0,566316686295637
639;8,275;0,560339247082801
640;8,279;0,561983695425197
641;8,283;0,559791097635336
642;8,287;0,555327594991689
643;8,291;0,565142080336783
644;8,296;0,549637281679906
645;8,300;0,541806575287544
646;8,304;0,531000200466084
647;8,308;0,556267279758773
648;8,312;0,538961418631652
649;8,316;0,548071140401433
650;8,320;0,555980153857719
651;8,324;0,551777674760485
652;8,329;0,550942399411966
653;8,333;0,541597756450414
654;8,337;0,540266536363712
655;8,341;0,521577250440608
656;8,345;0,557676806909398
657;8,349;0,530138822762924
658;8,353;0,535072167790112
659;8,357;0,546374487349755
660;8,362;0,554622831416376
661;8,366;0,5352548842726
662;8,370;0,542041496479314
663;8,374;0,519175833813617
664;8,378;0,523926462358316
665;8,382;0,546087361448702
666;8,386;0,527711303781291
667;8,390;0,529225240350482
668;8,395;0,522255911661279
669;8,399;0,50304457864535
670;8,403;0,516800519541267
671;8,407;0,524996658898606
672;8,411;0,538178347992416
673;8,415;0,512937371054368
674;8,419;0,55490995731743
675;8,423;0,528233350874116
676;8,428;0,489575763650487
677;8,432;0,555249287927765
678;8,436;0,561226727140602
679;8,440;0,545904644966213
680;8,444;0,54303338595568
681;8,448;0,517818511372274
682;8,452;0,547105353279709
683;8,456;0,56788282757411
684;8,460;0,567726213446263
685;8,465;0,552273619498668
686;8,469;0,534550120697288
687;8,473;0,542694055345345
688;8,477;0,573651447949817
689;8,481;0,515913039483466
690;8,485;0,487565882343114
691;8,489;0,54258964592678
692;8,493;0,544442913106306
693;8,498;0,576052864576808
694;8,502;0,512180402769773
695;8,506;0,581195028441126
696;8,510;0,539170237468782
697;8,514;0,539587875143041
698;8,518;0,538883111567728
699;8,522;0,528442169711245
700;8,526;0,489393047167999
701;8,531;0,485373284553253
702;8,535;0,526562800177078
703;8,539;0,533662640639487
704;8,543;0,544260196623817
705;8,547;0,540292638718354
706;8,551;0,513381111083269
707;8,555;0,531626656977473
708;8,559;0,511397332130537
709;8,564;0,527632996717368
710;8,568;0,501347925593672
711;8,572;0,51124071800269
712;8,576;0,479604664177546
713;8,580;0,508056230736462
714;8,584;0,509152529631393
715;8,588;0,529564570960817
716;8,592;0,517165952506244
717;8,597;0,498241745391368
718;8,601;0,501008594983336
719;8,605;0,522882368172668
720;8,609;0,52118571512099
721;8,613;0,547522990953968
722;8,617;0,576627116378914
723;8,621;0,526797721368849
724;8,625;0,562088104843762
725;8,629;0,558146649292939
726;8,634;0,550524761737707
727;8,638;0,577436289372792
728;8,642;0,543398818920657
729;8,646;0,575583022193266
730;8,650;0,534497915988005
731;8,654;0,577984438820257
732;8,658;0,578219360012028
733;8,662;0,578141052948104
734;8,667;0,577801722337769
735;8,671;0,573651447949817
736;8,675;0,579524477744088
737;8,679;0,563445427285105
738;8,683;0,5698405041722
739;8,687;0,531261224012496
740;8,691;0,571197826613543
741;8,695;0,548567085139616
742;8,700;0,535698624301501
743;8,704;0,537995631509927
744;8,708;0,543398818920657
745;8,712;0,572894479665222
746;8,716;0,54540870022803
747;8,720;0,5395617727884
748;8,724;0,534680632470494
749;8,728;0,512493631025468
750;8,733;0,516095755965954
751;8,737;0,53567252194686
752;8,741;0,514529614687482
753;8,745;0,47947415240434
754;8,749;0,491481235539296
755;8,753;0,52183827398702
756;8,757;0,512363119252262
757;8,761;0,509987804979912
758;8,766;0,452745341251744
759;8,770;0,503540523383533
760;8,774;0,461646244184395
761;8,778;0,499494658414146
762;8,782;0,508630482538569
763;8,786;0,49048934606293
764;8,790;0,50239201977932
765;8,794;0,506046349429089
766;8,798;0,467545376333308
767;8,803;0,427869797278673
768;8,807;0,494509108677676
769;8,811;0,45397215191988
770;8,815;0,457730890988214
771;8,819;0,444679713667611
772;8,823;0,426930112511589
773;8,827;0,475167263888541
774;8,831;0,479787380660035
775;8,836;0,441155895791048
776;8,840;0,445201760760435
777;8,844;0,425155152395987
778;8,848;0,447289949131731
779;8,852;0,440712155762147
780;8,856;0,402707127404549
781;8,860;0,459114315784198
782;8,864;0,457469867441802
783;8,869;0,432437709340884
784;8,873;0,432881449369785
785;8,877;0,393075358541943
786;8,881;0,408815078390592
787;8,885;0,451257507037195
788;8,889;0,379058394099615
789;8,893;0,420065193240952
790;8,897;0,43212448108519
791;8,902;0,462794747788609
792;8,906;0,406518071182165
793;8,910;0,397042916447407
794;8,914;0,396781892900995
795;8,918;0,450187310496905
796;8,922;0,421657436874066
797;8,926;0,403255276852014
798;8,930;0,433977748264715
799;8,935;0,421344208618371
800;8,939;0,451675144711454
801;8,943;0,411947360947536
802;8,947;0,422257791030813
803;8,951;0,456373568546871
804;8,955;0,435387275415341
805;8,959;0,414009446964192
806;8,963;0,399287718946551
807;8,967;0,420822161525547
808;8,972;0,427426057249772
809;8,976;0,453711128373468
810;8,980;0,449143216311257
811;8,984;0,412913148069261
812;8,988;0,417768186032526
813;8,992;0,420195705014158
814;8,996;0,445384477242923
815;9,000;0,414949131731275
816;9,005;0,451596837647531
817;9,009;0,417402753067549
818;9,013;0,412860943359979
819;9,017;0,408240826588485
820;9,021;0,438101920298026
821;9,025;0,373811820816732
822;9,029;0,412130077430025
823;9,033;0,400122994295069
824;9,038;0,418499051962479
825;9,042;0,429070505592168
826;9,046;0,416228147108694
827;9,050;0,392840437350172
828;9,054;0,379632645901722
829;9,058;0,42823523024365
830;9,062;0,407457755949249
831;9,066;0,409128306646286
832;9,071;0,355775093759658
833;9,075;0,383991739126803
834;9,079;0,38803760409619
835;9,083;0,380337409477034
836;9,087;0,383782920289673
837;9,091;0,394693704529698
838;9,095;0,407588267722455
839;9,099;0,370288002940169
840;9,104;0,358594148060908
841;9,108;0,383443589679338
842;9,112;0,399418230719757
843;9,116;0,400201301358993
844;9,120;0,347683363820884
845;9,124;0,392422799675913
846;9,128;0,381825243691583
847;9,132;0,370888357096917
848;9,136;0,382712723749384
849;9,141;0,420378421496646
850;9,145;0,391457012554189
851;9,149;0,402132875602442
852;9,153;0,39213567377486
853;9,157;0,373394183142473
854;9,161;0,361308792943594
855;9,165;0,385975518079535
856;9,169;0,35300824416769
857;9,174;0,363240367187043
858;9,178;0,373185364305343
859;9,182;0,410172400831934
860;9,186;0,381694731918377
861;9,190;0,383130361423643
862;9,194;0,373603001979603
863;9,198;0,363631902506661
864;9,202;0,325313645893369
865;9,207;0,398817876563009
866;9,211;0,381851346046224
867;9,215;0,355331353730757
868;9,219;0,374307765554915
869;9,223;0,380494023604881
870;9,227;0,355044227829704
871;9,231;0,360343005821869
872;9,235;0,367860483958537
873;9,240;0,390700044269593
874;9,244;0,34998037102931
875;9,248;0,349353914517921
876;9,252;0,386628076945565
877;9,256;0,361413202362159
878;9,260;0,420195705014158
879;9,264;0,345621277804228
880;9,268;0,361856942391059
881;9,273;0,371567018317588
882;9,277;0,41333078574352
883;9,281;0,393701815053332
884;9,285;0,370340207649452
885;9,289;0,358489738642343
886;9,293;0,342123562282306
887;9,297;0,373315876078549
888;9,301;0,377126819856166
889;9,305;0,377361741047936
890;9,310;0,37548237151377
891;9,314;0,365302453203699
892;9,318;0,358933478671244
893;9,322;0,356479857334971
894;9,326;0,410041889058728
895;9,330;0,393832326826538
896;9,334;0,361204383525029
897;9,338;0,367860483958537
898;9,343;0,400514529614687
899;9,347;0,39344079150692
900;9,351;0,38845524177045
901;9,355;0,421787948647272
902;9,359;0,381094377761629
903;9,363;0,419229917892433
904;9,367;0,373837923171373
905;9,371;0,383600203807185
906;9,376;0,350241394575722
907;9,380;0,371227687707253
908;9,384;0,364049540180921
909;9,388;0,346508757862029
910;9,392;0,322990536330301
911;9,396;0,37592611154267
912;9,400;0,369061192272032
913;9,404;0,350580725186058
914;9,409;0,373733513752809
915;9,413;0,392396697321272
916;9,417;0,35927280928158
917;9,421;0,36880016872562
918;9,425;0,348101001495143
919;9,429;0,354704897219368
920;9,433;0,334318958244585
921;9,437;0,355018125475063
922;9,442;0,348544741524043
923;9,446;0,358933478671244
924;9,450;0,350554622831416
925;9,454;0,325731283567628
926;9,458;0,345934506059923
927;9,462;0,35063292989534
928;9,466;0,355540172567887
929;9,470;0,342567302311207
930;9,474;0,364597689628386
931;9,479;0,329463920281321
932;9,483;0,331787029844388
933;9,487;0,35321706300482
934;9,491;0,337320729028324
935;9,495;0,34264560937513
936;9,499;0,341862538735894
937;9,503;0,342828325857619
938;9,507;0,341966948154459
939;9,512;0,334110139407456
940;9,516;0,338260413795408
941;9,520;0,352199071173812
942;9,524;0,374464379682762
943;9,528;0,352381787656301
944;9,532;0,334371162953868
945;9,536;0,328419826095672
946;9,540;0,332935533448601
947;9,545;0,353295370068743
948;9,549;0,34068793277704
949;9,553;0,348701355651891
950;9,557;0,341888641090536
951;9,561;0,32124167856934
952;9,565;0,348153206204425
953;9,569;0,360238596403304
954;9,573;0,358568045706267
955;9,578;0,313384869822337
956;9,582;0,365641783814034
957;9,586;0,353921826580132
958;9,590;0,328237109613184
959;9,594;0,340009271556369
960;9,598;0,33507592652918
961;9,602;0,350920055796393
962;9,606;0,362613910675654
963;9,611;0,354443873672956
964;9,615;0,345334151903175
965;9,619;0,353947928934773
966;9,623;0,333483682896067
967;9,627;0,33961773623675
968;9,631;0,337947185539713
969;9,635;0,35084174873247
970;9,639;0,346195529606335
971;9,643;0,330977856850511
972;9,648;0,359533832827992
973;9,652;0,32361699284169
974;9,656;0,332961635803243
975;9,660;0,335911201877699
976;9,664;0,304249045697914
977;9,668;0,344159545944321
978;9,672;0,306493848197058
979;9,676;0,302030345553412
980;9,681;0,284150232624185
981;9,685;0,334814902982768
982;9,689;0,323121048103507
983;9,693;0,314455066362626
984;9,697;0,325235338829445
985;9,701;0,315081522874015
986;9,705;0,292137553144394
987;9,709;0,365380760267622
988;9,714;0,338077697312919
989;9,718;0,343037144694749
990;9,722;0,328602542578161
991;9,726;0,322259670400347
992;9,730;0,302552392646236
993;9,734;0,312680106247024
994;9,738;0,326096716532605
995;9,742;0,298506527676849
996;9,747;0,318553136041296
997;9,751;0,321685418598241
998;9,755;0,301325581978099
999;9,759;0,319414513744456
1000;9,763;0,352747220621278
1001;9,767;0,350659032249981
1002;9,771;0,337425138446889
1003;9,775;0,330064274438069
1004;9,780;0,328341519031749
1005;9,784;0,334449470017791
1006;9,788;0,326253330660452
1007;9,792;0,354783204283292
1008;9,796;0,392475004385196
1009;9,800;0,483728836210857
1010;9,804;0,547079250925067
1011;9,808;0,738853250474019
1012;9,812;0,984163179392087
1013;9,817;1,44479143174547
1014;9,821;2,19867963849283
1015;9,825;3,33995289047034
1016;9,829;4,62019507855765
1017;9,833;6,53592519273979
1018;9,837;8,77772592109989
1019;9,841;11,7004065702759
1020;9,845;14,9121707971033
1021;9,850;18,4358842642477
1022;9,854;22,1725146382005
1023;9,858;25,639403279291
1024;9,862;29,223387083302
1025;9,866;32,3803363653829
1026;9,870;34,9855340750578
1027;9,874;37,1385606952832
1028;9,878;38,6372012846535
1029;9,883;39,6435514654906
1030;9,887;39,4759221439848
1031;9,891;38,6013105470218
1032;9,895;37,8163605382514
1033;9,899;37,0376750945949
1034;9,903;35,4021015527769
1035;9,907;33,3583915937889
1036;9,911;31,8249826680365
1037;9,916;29,7792367253865
1038;9,920;27,8940985708439
1039;9,924;25,6047393523275
1040;9,928;23,6921154183477
1041;9,932;21,6140547606519
1042;9,936;19,816228982384
1043;9,940;17,9082512675303
1044;9,944;16,5703489780406
1045;9,949;14,9610866097009
1046;9,953;13,3788401784148
1047;9,957;11,9833821969412
1048;9,961;11,0581842366836
1049;9,965;9,70417679438027
1050;9,969;8,91228355927532
1051;9,973;8,03480070330184
1052;9,977;7,17016020581185
1053;9,981;6,68972026628578
1054;9,986;5,89297199321756
1055;9,990;5,40655461447866
1056;9,994;4,92342613242455
1057;9,998;4,48367976378413
1058;10,002;4,08911657102764
1059;10,006;3,82182845950167
1060;10,010;3,53994913173128
1061;10,014;3,32374332823815
1062;10,019;2,97710405860292
1063;10,023;2,8305132349379
1064;10,027;2,59736700328263
1065;10,031;2,51616257799384
1066;10,035;2,31300795182132
1067;10,039;2,13512040494149
1068;10,043;2,05357664904236
1069;10,047;1,94499085373493
1070;10,052;1,80317676096925
1071;10,056;1,78947302478262
1072;10,060;1,61124614729246
1073;10,064;1,57827887338061
1074;10,068;1,46483804010992
1075;10,072;1,50503566625738
1076;10,076;1,39159483298669
1077;10,080;1,33142890553871
1078;10,085;1,30973784883187
1079;10,089;1,21764874165769
1080;10,093;1,15239285505467
1081;10,097;1,1209917224213
1082;10,101;1,10277227888173
1083;10,105;1,06082579497331
1084;10,109;1,03258304725153
1085;10,113;1,00794242447023
1086;10,118;0,980848180352653
1087;10,122;0,909823673373928
1088;10,126;0,85994207365458
1089;10,130;0,843575897294543
1090;10,134;0,833813616658732
1091;10,138;0,819848856925686
1092;10,142;0,838485938139508
1093;10,146;0,817082007333718
1094;10,150;0,735251125533532
1095;10,155;0,757777457588894
1096;10,159;0,749607420586196
1097;10,163;0,726010891990545
1098;10,167;0,727133293240117
1099;10,171;0,666419216344668
1100;10,175;0,736947778585211
1101;10,179;0,658588509952306
1102;10,183;0,664226618554807
1103;10,188;0,630110841038748
1104;10,192;0,652715480158034
1105;10,196;0,598265968376475
1106;10,200;0,594820457563836
1107;10,204;0,593097702157516
1108;10,208;0,593254316285364
1109;10,212;0,508943710794263
1110;10,216;0,554074681968911
1111;10,221;0,572163613735268
1112;10,225;0,517687999599068
1113;10,229;0,548906415749952
1114;10,233;0,50411477518564
1115;10,237;0,515417094745283
1116;10,241;0,527189256688467
1117;10,245;0,552090903016179
1118;10,249;0,496153557020072
1119;10,254;0,515208275908153
1120;10,258;0,525858036601766
1121;10,262;0,493830447457004
1122;10,266;0,509491860241729
1123;10,270;0,500042807861612
1124;10,274;0,500068910216253
1125;10,278;0,504532412859899
1126;10,282;0,493412809782745
1127;10,287;0,480100608915729
1128;10,291;0,46973797412317
1129;10,295;0,489132023621587
1130;10,299;0,498215643036727
1131;10,303;0,476159153364907
1132;10,307;0,442669832360238
1133;10,311;0,448099122125609
1134;10,315;0,462429314823632
1135;10,319;0,41742885542219
1136;10,324;0,430923772771694
1137;10,328;0,416436965945824
1138;10,332;0,422962554606126
1139;10,336;0,422048972193684
1140;10,340;0,412417203331078
1141;10,344;0,396390357581377
1142;10,348;0,389212210055045
1143;10,352;0,376239339798365
1144;10,357;0,39688630231956
1145;10,361;0,382086267237995
1146;10,365;0,374986426775587
1147;10,369;0,357706668003107
1148;10,373;0,379502134128515
1149;10,377;0,378014299913967
1150;10,381;0,369687648783421
1151;10,385;0,333066045221807
1152;10,390;0,387567761712649
1153;10,394;0,346012813123846
1154;10,398;0,370418514713375
1155;10,402;0,367025208610018
1156;10,406;0,341862538735894
1157;10,410;0,370131388812322
1158;10,414;0,361334895298235
1159;10,418;0,35321706300482
1160;10,423;0,358959581025885
1161;10,427;0,365955012069729
1162;10,431;0,321528804470394
1163;10,435;0,321346087987905
1164;10,439;0,293364363812531
1165;10,443;0,303961919796861
1166;10,447;0,361804737681777
1167;10,451;0,333666399378555
1168;10,456;0,345647380158869
1169;10,460;0,311923137962429
1170;10,464;0,354652692510086
1171;10,468;0,270577008210757
1172;10,472;0,300986251367763
1173;10,476;0,314611680490474
1174;10,480;0,308712548341561
1175;10,484;0,31367199572339
1176;10,488;0,302395778518389
1177;10,493;0,321267780923982
1178;10,497;0,318892466651632
1179;10,501;0,296992591107659
1180;10,505;0,333066045221807
1181;10,509;0,314428964007985
1182;10,513;0,318527033686655
1183;10,517;0,301064558431687
1184;10,521;0,326879787171841
1185;10,526;0,300411999565657
1186;10,530;0,326958094235765
1187;10,534;0,322599001010683
1188;10,538;0,332021951036159
1189;10,542;0,277207006289623
1190;10,546;0,316569357088564
1191;10,550;0,318161600721678
1192;10,554;0,278929761695943
1193;10,559;0,327584550747154
1194;10,563;0,302134754971977
1195;10,567;0,307929477702325
1196;10,571;0,337425138446889
1197;10,575;0,329359510862756
1198;10,579;0,307355225900218
1199;10,583;0,313567586304825
1200;10,587;0,31257569682846
1201;10,592;0,275379841464739
1202;10,596;0,297410228781918
1203;10,600;0,297305819363353
1204;10,604;0,278851454632019
1205;10,608;0,256533941413787
1206;10,612;0,264677876061844
1207;10,616;0,345621277804228
1208;10,620;0,325783488276911
1209;10,625;0,302656802064801
1210;10,629;0,329751046182374
1211;10,633;0,308764753050843
1212;10,637;0,315812388803969
1213;10,641;0,264651773707203
1214;10,645;0,312027547380994
1215;10,649;0,290701923639128
1216;10,653;0,272378070681
1217;10,657;0,267392520944529
1218;10,662;0,293651489713584
1219;10,666;0,29140668721444
1220;10,670;0,289814443581327
1221;10,674;0,314037428688367
1222;10,678;0,286969286925435
1223;10,682;0,247424219644006
1224;10,686;0,280260981782645
1225;10,690;0,275536455592586
1226;10,695;0,266191812631034
1227;10,699;0,253401658856842
1228;10,703;0,292737907301142
1229;10,707;0,283080036083895
1230;10,711;0,248703235021425
1231;10,715;0,259640121616091
1232;10,719;0,254315241269284
1233;10,723;0,246536739586205
1234;10,728;0,286838775152229
1235;10,732;0,263346655975142
1236;10,736;0,239593513251643
1237;10,740;0,296313929886987
1238;10,744;0,260397089900686
1239;10,748;0,251574494031958
1240;10,752;0,261206262894563
1241;10,756;0,230770917382915
1242;10,761;0,244135322959214
1243;10,765;0,256299020222016
1244;10,769;0,276815470970005
1245;10,773;0,243300047610695
1246;10,777;0,257551933244794
1247;10,781;0,24966902214315
1248;10,785;0,241577292204375
1249;10,789;0,236095797729722
1250;10,794;0,214822378697138
1251;10,798;0,249199179759608
1252;10,802;0,246693353714052
1253;10,806;0,261493388795617
1254;10,810;0,246980479615105
1255;10,814;0,264181931323661
1256;10,818;0,272508582454206
1257;10,822;0,244970598307732
1258;10,827;0,278120588702066
1259;10,831;0,273630983703778
1260;10,835;0,271934330652099
1261;10,839;0,24536213362735
1262;10,843;0,287125901053282
1263;10,847;0,276528345068952
1264;10,851;0,26026657812748
1265;10,855;0,253845398885743
1266;10,859;0,254497957751773
1267;10,864;0,251783312869087
1268;10,868;0,246562841940846
1269;10,872;0,228134579564153
1270;10,876;0,272795708355259
1271;10,880;0,227455918343482
1272;10,884;0,261832719405952
1273;10,888;0,235338829445127
1274;10,892;0,250634809264874
1275;10,897;0,225863674710368
1276;10,901;0,243352252319977
1277;10,905;0,24189052046007
1278;10,909;0,236878868368958
1279;10,913;0,231815011568564
1280;10,917;0,228421705465207
1281;10,921;0,226176902966063
1282;10,925;0,228395603110565
1283;10,930;0,228630524302336
1284;10,934;0,243795992348878
1285;10,938;0,224532454623667
1286;10,942;0,193000810217088
1287;10,946;0,223044620409118
1288;10,950;0,220460487299638
1289;10,954;0,229439697296214
1290;10,958;0,235573750636897
1291;10,963;0,24925138446889
1292;10,967;0,249799533916356
1293;10,971;0,236565640113263
1294;10,975;0,245753668946968
1295;10,979;0,223827691048354
1296;10,983;0,23411201877699
1297;10,987;0,259170279232549
1298;10,991;0,202998012044671
1299;10,996;0,236174104793645
1300;11,000;0,241498985140452
1301;11,004;0,26329445126586
1302;11,008;0,2330418222367
1303;11,012;0,244030913540649
1304;11,016;0,249277486823531
1305;11,020;0,211872812622681
1306;11,024;0,241368473367246
1307;11,028;0,239175875577384
1308;11,033;0,23909756851346
1309;11,037;0,269820039926162
1310;11,041;0,231684499795358
1311;11,045;0,214352536313596
1312;11,049;0,188380693445594
1313;11,053;0,262902915946242
1314;11,057;0,259300791005755
1315;11,061;0,242934614645718
1316;11,066;0,206469625211951
1317;11,070;0,220382180235715
1318;11,074;0,222131037996676
1319;11,078;0,227351508924917
1320;11,082;0,248076778510036
1321;11,086;0,214770173987855
1322;11,090;0,248781542085348
1323;11,094;0,197881950534994
1324;11,099;0,206104192246974
1325;11,103;0,205321121607738
1326;11,107;0,231136350347892
1327;11,111;0,234399144678043
1328;11,115;0,242282055779688
1329;11,119;0,211742300849475
1330;11,123;0,196472423384369
1331;11,127;0,231658397440716
1332;11,132;0,227455918343482
1333;11,136;0,214744071633214
1334;11,140;0,225158911135056
1335;11,144;0,230483791481862
1336;11,148;0,227821351308459
1337;11,152;0,24426583473242
1338;11,156;0,209967340733873
1339;11,160;0,202841397916823
1340;11,165;0,208505608873965
1341;11,169;0,224767375815438
1342;11,173;0,226359619448551
1343;11,177;0,209889033669949
1344;11,181;0,20406820858496
1345;11,185;0,239828434443414
1346;11,189;0,229648516133343
1347;11,193;0,235051703544073
1348;11,197;0,226255210029986
1349;11,202;0,212264347942299
1350;11,206;0,211429072593781
1351;11,210;0,187258292196022
1352;11,214;0,197986359953559
1353;11,218;0,210437183117415
1354;11,222;0,225158911135056
1355;11,226;0,226907768896017
1356;11,230;0,231110247993251
1357;11,235;0,222392061543088
1358;11,239;0,24082032391978
1359;11,243;0,230457689127221
1360;11,247;0,220825920264615
1361;11,251;0,20406820858496
1362;11,255;0,194201518530584
1363;11,259;0,209445293641049
1364;11,263;0,202475964951846
1365;11,268;0,182142230686346
1366;11,272;0,185874867400038
1367;11,276;0,196550730448292
1368;11,280;0,190703803008662
1369;11,284;0,179610302286149
1370;11,288;0,198403997627818
1371;11,292;0,196211399837957
1372;11,296;0,164888574268508
1373;11,301;0,214483048086802
1374;11,305;0,203441752073571
1375;11,309;0,203702775619983
1376;11,313;0,192139432513928
1377;11,317;0,178696719873706
1378;11,321;0,180262861152179
1379;11,325;0,174415933712548
1380;11,329;0,189685811177655
1381;11,334;0,180106247024332
1382;11,338;0,189294275858037
1383;11,342;0,173032508916564
1384;11,346;0,182951403680223
1385;11,350;0,178905538710836
1386;11,354;0,18396939551123
1387;11,358;0,171910107666992
1388;11,362;0,158415190317488
1389;11,366;0,186423016847504
1390;11,371;0,186866756876404
1391;11,375;0,192296046641775
1392;11,379;0,183760576674101
1393;11,383;0,19109533832828
1394;11,387;0,212394859715505
1395;11,391;0,198482304691742
1396;11,395;0,210150057216361
1397;11,399;0,22113914852031
1398;11,404;0,231031940929327
1399;11,408;0,232284853952105
1400;11,412;0,320197584383692
1401;11,416;0,347709466175525
1402;11,420;0,496179659374713
1403;11,424;0,615728443631443
1404;11,428;0,874794313445427
1405;11,432;1,18499469600154
1406;11,437;1,66744451683497
1407;11,441;2,33994558181104
1408;11,445;3,25018689285923
1409;11,449;4,505005387526
1410;11,453;5,93061158861019
1411;11,457;7,53300903767927
1412;11,461;9,47687749016463
1413;11,465;11,6512297341319
1414;11,470;13,5733027204918
1415;11,474;15,3446346087988
1416;11,478;17,3642259920983
1417;11,482;19,0228218107099
1418;11,486;20,4577726547556
1419;11,490;21,4416748106013
1420;11,494;22,2320541091371
1421;11,498;22,1972596704003
1422;11,503;22,1947538443548
1423;11,507;21,7664403070472
1424;11,511;20,931425982075
1425;11,515;20,0085511313805
1426;11,519;18,6537345160832
1427;11,523;17,6229786336566
1428;11,527;15,9906939885233
1429;11,531;14,8069783078992
1430;11,535;13,5509330025643
1431;11,540;12,1361592786562
1432;11,544;11,0716791540331
1433;11,548;10,0206417420503
1434;11,552;8,88993994370244
1435;11,556;8,20981699117114
1436;11,560;7,2624842341778
1437;11,564;6,42446813842183
1438;11,568;5,82638488652784
1439;11,573;5,19118408633406
1440;11,577;4,79108719439363
1441;11,581;4,2814648223787
1442;11,585;3,8431279808889
1443;11,589;3,50836528261541
1444;11,593;3,14802227679355
1445;11,597;2,85377043292321
1446;11,601;2,59833279040436
1447;11,606;2,3933771017616
1448;11,610;2,17406511806617
1449;11,614;2,0973764001303
1450;11,618;1,89210748323185
1451;11,622;1,76981795173779
1452;11,626;1,66104943994788
1453;11,630;1,58822387049891
1454;11,634;1,4876253957117
1455;11,639;1,43870958311407
1456;11,643;1,29893147401041
1457;11,647;1,23748653118501
1458;11,651;1,14615439229542
1459;11,655;1,12848309820332
1460;11,659;1,06113902322901
1461;11,663;0,992933570551532
1462;11,667;0,98747817843152
1463;11,672;0,933759532579915
1464;11,676;0,895441275966622
1465;11,680;0,824181847796126
1466;11,684;0,813323268265384
1467;11,688;0,797975083736354
1468;11,692;0,735590456143868
1469;11,696;0,764094227412066
1470;11,700;0,716091997226886
1471;11,704;0,672474962621428
1472;11,709;0,669864727157307
1473;11,713;0,63770662623934
1474;11,717;0,606070572414196
1475;11,721;0,609124547907218
1476;11,725;0,605835651222425
1477;11,729;0,551099013539813
1478;11,733;0,537160356161409
1479;11,737;0,54647889676832
1480;11,742;0,528285555583398
1481;11,746;0,529538468606176
1482;11,750;0,491324621411448
1483;11,754;0,481170805456019
1484;11,758;0,478508365282615
1485;11,762;0,476863916940219
1486;11,766;0,450761562299012
1487;11,770;0,439433140384728
1488;11,775;0,465874825636271
1489;11,779;0,417977004869655
1490;11,783;0,430532237452076
1491;11,787;0,369348318173086
1492;11,791;0,37203686070113
1493;11,795;0,387750478195137
1494;11,799;0,381903550755507
1495;11,803;0,356088322015352
1496;11,808;0,328733054351367
1497;11,812;0,345047026002122
1498;11,816;0,34113167280594
1499;11,820;0,321815930371447
1500;11,824;0,347239623791983
1501;11,828;0,32706250365433
1502;11,832;0,304953809273227
1503;11,836;0,311113964968552
1504;11,841;0,307381328254859
1505;11,845;0,326931991881124
1506;11,849;0,343245963531878
1507;11,853;0,300072668955321
1508;11,857;0,299811645408909
1509;11,861;0,29096294718554
1510;11,865;0,322833922202454
1511;11,869;0,316125617059664
1512;11,873;0,289683931808121
1513;11,878;0,260788625220304
1514;11,882;0,264286340742226
1515;11,886;0,272090944779947
1516;11,890;0,292502986109371
1517;11,894;0,228891547848748
1518;11,898;0,26222425472557
1519;11,902;0,267810158618789
1520;11,906;0,268227796293048
1521;11,911;0,245309928918068
1522;11,915;0,272143149489229
1523;11,919;0,244683472406679
1524;11,923;0,248128983219318
1525;11,927;0,266426733822805
1526;11,931;0,280756926520828
1527;11,935;0,227612532471329
1528;11,939;0,252227052897988
1529;11,944;0,241107449820833
1530;11,948;0,224271431077255
1531;11,952;0,212447064424788
1532;11,956;0,217615330643747
1533;11,960;0,223410053374095
1534;11,964;0,239567410897002
1535;11,968;0,202032224922946
1536;11,972;0,213778284511489
1537;11,977;0,22850001252913
1538;11,981;0,202084429632228
1539;11,985;0,185561639144344
1540;11,989;0,21704107884164
1541;11,993;0,200909823673374
1542;11,997;0,210828718437033
1543;12,001;0,186605733329992
1544;12,005;0,203885492102472
1545;12,010;0,209601907768896
1546;12,014;0,188563409928083
1547;12,018;0,207357105269752
1548;12,022;0,176112586764227
1549;12,026;0,172118926504122
1550;12,030;0,196080888064751
1551;12,034;0,203676673265342
1552;12,038;0,195584943326568
1553;12,042;0,20774864058937
1554;12,047;0,188145772253823
1555;12,051;0,167864242697605
1556;12,055;0,196341911611163
1557;12,059;0,177678728042699
1558;12,063;0,166063180227362
1559;12,067;0,198430099982459
1560;12,071;0,183891088447307
1561;12,075;0,168856132173971
1562;12,080;0,162226134095104
1563;12,084;0,180576089407873
1564;12,088;0,185561639144344
1565;12,092;0,172980304207282
1566;12,096;0,173972193683648
1567;12,100;0,167263888540857
1568;12,104;0,174911878450731
1569;12,108;0,193992699693454
1570;12,113;0,178200775135523
1571;12,117;0,173763374846518
1572;12,121;0,178357389263371
1573;12,125;0,199944036551649
1574;12,129;0,18094152237285
1575;12,133;0,21356946567436
1576;12,137;0,207826947653294
1577;12,141;0,246536739586205
1578;12,146;0,234346939968761
1579;12,150;0,28080913123011
1580;12,154;0,267940670391995
1581;12,158;0,25334945414756
1582;12,162;0,257525830890153
1583;12,166;0,28015657236408
1584;12,170;0,262537482981265
1585;12,174;0,263607679521554
1586;12,179;0,260814727574945
1587;12,183;0,240637607437292
1588;12,187;0,234346939968761
1589;12,191;0,246954377260464
1590;12,195;0,200439981289832
1591;12,199;0,254758981298185
1592;12,203;0,212812497389765
1593;12,207;0,224715171106155
1594;12,211;0,233146231655265
1595;12,216;0,200283367161985
1596;12,220;0,207435412333676
1597;12,224;0,164157708338554
1598;12,228;0,197986359953559
1599;12,232;0,192243841932493
1600;12,236;0,199683013005237
1601;12,240;0,17619089382815
1602;12,244;0,194384235013072
1603;12,249;0,162800385897211
1604;12,253;0,182977506034864
1605;12,257;0,162878692961135
1606;12,261;0,152542160523216
1607;12,265;0,165880463744874
1608;12,269;0,143067005788458
1609;12,273;0,158728418573183
1610;12,277;0,180236758797538
1611;12,282;0,16277428354257
1612;12,286;0,153012002906758
1613;12,290;0,16191290583941
1614;12,294;0,147974248461005
1615;12,298;0,147791531978517
1616;12,302;0,155752750144085
1617;12,306;0,145155194159755
1618;12,310;0,163713968309653
1619;12,315;0,157292789067916
1620;12,319;0,15217672755824
1621;12,323;0,155413419533749
1622;12,327;0,155047986568772
1623;12,331;0,167655423860476
1624;12,335;0,16731609325014
1625;12,339;0,151471963982927
1626;12,343;0,14223173043994
1627;12,348;0,159119953892801
1628;12,352;0,154760860667719
1629;12,356;0,160686095171273
1630;12,360;0,138681810208735
1631;12,364;0,175277311415708
1632;12,368;0,163557354181806
1633;12,372;0,160346764560938
1634;12,376;0,161390858746586
1635;12,380;0,140430667969696
1636;12,385;0,143641257590565
1637;12,389;0,13424440991973
1638;12,393;0,126309294108803
1639;12,397;0,153638459418147
1640;12,401;0,17444203606719
1641;12,405;0,149697003867325
1642;12,409;0,151445861628286
1643;12,413;0,147399996658899
1644;12,418;0,13207791448451
1645;12,422;0,130955513234938
1646;12,426;0,145155194159755
1647;12,430;0,140743896225391
1648;12,434;0,139099447882995
1649;12,438;0,126413703527368
1650;12,442;0,154369325348101
1651;12,446;0,139543187911895
1652;12,451;0,149201059129142
1653;12,455;0,120906106698073
1654;12,459;0,141579171573909
1655;12,463;0,17013514755139
1656;12,467;0,159589796276343
1657;12,471;0,129650395502878
1658;12,475;0,156457513719398
1659;12,479;0,154943577150208
1660;12,484;0,131294843845274
1661;12,488;0,130903308525655
1662;12,492;0,129337167247183
1663;12,496;0,16019015043309
1664;12,500;0,146486414246456
1665;12,504;0,121323744372332
1666;12,508;0,124586538702483
1667;12,512;0,121819689110515
1668;12,517;0,135993267680691
1669;12,521;0,158937237410312
1670;12,525;0,122654964459034
1671;12,529;0,159380977439213
1672;12,533;0,130903308525655
1673;12,537;0,140143542068643
1674;12,541;0,11910504422783
1675;12,545;0,149514287384836
1676;12,549;0,130668387333885
1677;12,554;0,119496579547448
1678;12,558;0,128501891898664
1679;12,562;0,125134688149949
1680;12,566;0,124534333993201
1681;12,570;0,133095906315517
1682;12,574;0,126857443556268
1683;12,578;0,137637716023087
1684;12,582;0,129859214340007
1685;12,587;0,144241611747313
1686;12,591;0,125134688149949
1687;12,595;0,126492010591291
1688;12,599;0,123829570417888
1689;12,603;0,131477560327762
1690;12,607;0,121454256145538
1691;12,611;0,11738228882151
1692;12,615;0,103913473826647
1693;12,620;0,123072602133293
1694;12,624;0,12041016195989
1695;12,628;0,130224647304984
1696;12,632;0,118661304198929
1697;12,636;0,130068033177137
1698;12,640;0,101851387809992
1699;12,644;0,112553353212887
1700;12,648;0,125239097568513
1701;12,653;0,119679296029936
1702;12,657;0,128841222509
1703;12,661;0,125708939952055
1704;12,665;0,115763942833755
1705;12,669;0,118504690071082
1706;12,673;0,122889885650805
1707;12,677;0,14095271506252
1708;12,681;0,131268741490632
1709;12,686;0,139517085557254
1710;12,690;0,141109329190368
1711;12,694;0,11111772370762
1712;12,698;0,117878233559693
1713;12,702;0,123072602133293
1714;12,706;0,122211224430133
1715;12,710;0,125239097568513
1716;12,714;0,125969963498467
1717;12,718;0,139908620876872
1718;12,723;0,135053582913607
1719;12,727;0,118922327745341
1720;12,731;0,123568546871476
1721;12,735;0,132365040385563
1722;12,739;0,109238354173453
1723;12,743;0,106602016354691
1724;12,747;0,139960825586154
1725;12,751;0,0979360346138105
1726;12,756;0,123803468063247
1727;12,760;0,12560453053349
1728;12,764;0,153246924098529
1729;12,768;0,130041930822496
1730;12,772;0,147765429623876
1731;12,776;0,150636688634408
1732;12,780;0,126622522364497
1733;12,784;0,130302954368908
1734;12,789;0,132208426257716
1735;12,793;0,134322716983654
1736;12,797;0,125630632888132
1737;12,801;0,153716766482071
1738;12,805;0,17120534409168
1739;12,809;0,136985157157057
1740;12,813;0,108846818853835
1741;12,817;0,137533306604522
1742;12,822;0,170578887580291
1743;12,826;0,13596716532605
1744;12,830;0,156327001946192
1745;12,834;0,154186608865613
1746;12,838;0,150036334477661
1747;12,842;0,136541417128156
1748;12,846;0,132913189833028
1749;12,850;0,105375205686555
1750;12,855;0,126387601172727
1751;12,859;0,121950200883721
1752;12,863;0,135497322942508
1753;12,867;0,138238070179835
1754;12,871;0,137428897185957
1755;12,875;0,141135431545009
1756;12,879;0,15262046758714
1757;12,883;0,136515314773515
1758;12,887;0,15888503270103
1759;12,892;0,139490983202613
1760;12,896;0,14505078474119
1761;12,900;0,140743896225391
1762;12,904;0,150688893343691
1763;12,908;0,126857443556268
1764;12,912;0,134401024047577
1765;12,916;0,126309294108803
1766;12,920;0,115137486322366
1767;12,925;0,12970260021216
1768;12,929;0,12192409852908
1769;12,933;0,107045756383592
1770;12,937;0,119731500739219
1771;12,941;0,102164616065686
1772;12,945;0,114276108619206
1773;12,949;0,117799926495769
1774;12,953;0,102216820774968
1775;12,958;0,106706425773256
1776;12,962;0,118556894780364
1777;12,966;0,12560453053349
1778;12,970;0,113780163881023
1779;12,974;0,122863783296164
1780;12,978;0,109316661237377
1781;12,982;0,122263429139416
1782;12,986;0,103521938507029
1783;12,991;0,0991889476365884
1784;12,995;0,125839451725261
1785;12,999;0,0926633589762865
1786;13,003;0,102190718420327
1787;13,007;0,11328421914284
1788;13,011;0,0955085156321781
1789;13,015;0,0976489087127572
1790;13,019;0,10072898656042
1791;13,024;0,0940206814176293
1792;13,028;0,0935769413887288
1793;13,032;0,107593905831057
1794;13,036;0,110752290742643
1795;13,040;0,0932637131330343
1796;13,044;0,0994238688283593
1797;13,048;0,100676781851137
1798;13,052;0,111900794346856
1799;13,056;0,104670442111242
1800;13,061;0,0924545401391569
1801;13,065;0,115737840479114
1802;13,069;0,12322921626114
1803;13,073;0,0996587900201301
1804;13,077;0,0832143065961694
1805;13,081;0,094229500254759
1806;13,085;0,109708196556995
1807;13,089;0,106445402226844
1808;13,094;0,108168157633164
1809;13,098;0,109708196556995
1810;13,102;0,105453512750478
1811;13,106;0,104070087954494
1812;13,110;0,111483156672597
1813;13,114;0,0895049740647004
1814;13,118;0,0891395410997235
1815;13,122;0,134296614629012
1816;13,127;0,0991106405726648
1817;13,131;0,0972834757477803
1818;13,135;0,120592878442379
1819;13,139;0,129885316694648
1820;13,143;0,138107558406629
1821;13,147;0,210097852507079
1822;13,151;0,22763863482597
1823;13,155;0,360760643496129
1824;13,160;0,580046524836913
1825;13,164;0,886070530650429
1826;13,168;1,30344718136334
1827;13,172;2,04052547172175
1828;13,176;3,12805397549302
1829;13,180;4,52319872871092
1830;13,184;6,367565005304
1831;13,188;8,96271330844213
1832;13,193;12,3466225641283
1833;13,197;15,9752674969304
1834;13,201;20,1325895206355
1835;13,205;24,9135490014283
1836;13,209;30,078421914284
1837;13,213;34,1692351383634
1838;13,217;38,8179861928985
1839;13,221;43,122890929745
1840;13,225;46,4465820532739
1841;13,230;48,5084070463828
1842;13,234;49,7751543171206
1843;13,238;49,957583673708
1844;13,242;49,4592114165435
1845;13,246;48,3232891472674
1846;13,250;46,2935700503671
1847;13,254;43,5000438519558
1848;13,258;40,4522807193391
1849;13,263;37,3217209178006
1850;13,267;34,0699156789536
1851;13,271;30,6859020138489
1852;13,275;27,7592016020581
1853;13,279;24,6470700628962
1854;13,283;21,9629127304316
1855;13,287;19,3239385738509
1856;13,291;17,0986867383333
1857;13,296;15,2227366126244
1858;13,300;13,4792037320103
1859;13,304;11,9691042089525
1860;13,308;10,7004514663259
1861;13,312;9,60608414563861
1862;13,316;8,53881106906892
1863;13,320;7,84947398534927
1864;13,324;7,02330835860041
1865;13,329;6,37920665547398
1866;13,333;5,75943234687315
1867;13,337;5,32819534584576
1868;13,341;4,88662181238045
1869;13,345;4,59111705548734
1870;13,349;4,16470899006858
1871;13,353;3,82950255176619
1872;13,357;3,519380476274
1873;13,362;3,34193666942308
1874;13,366;3,11531602642811
1875;13,370;3,00117042958211
1876;13,374;2,69634713208209
1877;13,378;2,44419838624803
1878;13,382;2,37244301333935
1879;13,386;2,31285133769347
1880;13,390;2,16824429298118
1881;13,394;2,03212051352728
1882;13,399;1,91768779078023
1883;13,403;1,76929590464497
1884;13,407;1,74037449570251
1885;13,411;1,62320102571813
1886;13,415;1,50579263454198
1887;13,419;1,41884569123211
1888;13,423;1,37590731784733
1889;13,427;1,31835162586347
1890;13,432;1,23573767342404
1891;13,436;1,23265759557638
1892;13,440;1,12388908378647
1893;13,444;1,19606209436941
1894;13,448;1,11062908762874
1895;13,452;1,05200319910458
1896;13,456;0,993246798807227
1897;13,460;0,956416376408483
1898;13,465;0,932167288946801
1899;13,469;0,911494224070965
1900;13,473;0,914704813691834
1901;13,477;0,881789744489271
1902;13,481;0,865475772838516
1903;13,485;0,759317496512725
1904;13,489;0,763911510929578
1905;13,493;0,746710059221022
1906;13,498;0,713168533507071
1907;13,502;0,695314522932485
1908;13,506;0,665583940996149
1909;13,510;0,674041103899901
1910;13,514;0,666941263437492
1911;13,518;0,591609867942967
1912;13,522;0,600354156747772
1913;13,526;0,58343983094027
1914;13,531;0,573494833821969
1915;13,535;0,533897561831258
1916;13,539;0,562009797779838
1917;13,543;0,528233350874116
1918;13,547;0,55146444650479
1919;13,551;0,504636822278464
1920;13,555;0,472583130779061
1921;13,559;0,497876312426391
1922;13,563;0,475715413336006
1923;13,568;0,46584872328163
1924;13,572;0,433768929427586
1925;13,576;0,427556569022978
1926;13,580;0,461776755957601
1927;13,584;0,415914918853
1928;13,588;0,422257791030813
1929;13,592;0,405526181705799
1930;13,596;0,400410120196123
1931;13,601;0,38694130520126
1932;13,605;0,362431194193166
1933;13,609;0,373707411398167
1934;13,613;0,373916230235297
1935;13,617;0,366607570935759
1936;13,621;0,380807251860576
1937;13,625;0,337399036092248
1938;13,629;0,335650178331287
1939;13,634;0,325626874149063
1940;13,638;0,29312944262076
1941;13,642;0,302917825611213
1942;13,646;0,294460662707462
1943;13,650;0,312288570927406
1944;13,654;0,293207749684684
1945;13,658;0,287830664628595
1946;13,662;0,324661087027339
1947;13,667;0,285403145646963
1948;13,671;0,303674793895808
1949;13,675;0,2624330735627
1950;13,679;0,280939643003316
1951;13,683;0,255933587257039
1952;13,687;0,238549419065995
1953;13,691;0,272795708355259
1954;13,695;0,244030913540649
1955;13,700;0,253114532955789
1956;13,704;0,217197692969487
1957;13,708;0,250817525747363
1958;13,712;0,248024573800753
1959;13,716;0,228526114883771
1960;13,720;0,226464028867116
1961;13,724;0,245466543045915
1962;13,728;0,247815754963624
1963;13,732;0,236382923630775
1964;13,737;0,194593053850202
1965;13,741;0,213491158610436
1966;13,745;0,208479506519324
1967;13,749;0,187832543998129
1968;13,753;0,179714711704713
1969;13,757;0,232885208108853
1970;13,761;0,187519315742434
1971;13,765;0,201484075475481
1972;13,770;0,152307239331446
1973;13,774;0,167237786186216
1974;13,778;0,190651598299379
1975;13,782;0,223462258083377
1976;13,786;0,179140459902607
1977;13,790;0,16407940127463
1978;13,794;0,189503094695166
1979;13,798;0,17444203606719
1980;13,803;0,172092824149481
1981;13,807;0,195297817425514
1982;13,811;0,179036050484042
1983;13,815;0,174076603102213
1984;13,819;0,192504865478905
1985;13,823;0,19391439262953
1986;13,827;0,204746869805631
1987;13,831;0,187989158125976
1988;13,836;0,1785662081005
1989;13,840;0,185796560336115
1990;13,844;0,195141203297667
1991;13,848;0,171805698248428
1992;13,852;0,186788449812481
1993;13,856;0,200622697772321
1994;13,860;0,214978992824985
1995;13,864;0,216858362359152
1996;13,869;0,260814727574945
1997;13,873;0,276397833295746
1998;13,877;0,247319810225441
1999;13,881;0,287282515181129
2000;13,885;0,273761495476984
2001;13,889;0,307772863574477
2002;13,893;0,324896008219109
2003;13,897;0,379893669448134
2004;13,901;0,337372933737607
2005;13,906;0,404482087520151
2006;13,910;0,393597405634768
2007;13,914;0,375560678577693
2008;13,918;0,387411147584801
2009;13,922;0,402550513276702
2010;13,926;0,411842951528972
2011;13,930;0,415993225916924
2012;13,934;0,379136701163539
2013;13,939;0,360551824658999
2014;13,943;0,377335638693295
2015;13,947;0,349301709808638
2016;13,951;0,385114140376375
2017;13,955;0,36532855555834
2018;13,959;0,314951011100809
2019;13,963;0,29853263003149
2020;13,967;0,266217914985675
2021;13,972;0,256299020222016
2022;13,976;0,294304048579614
2023;13,980;0,272195354198512
2024;13,984;0,253453863566125
2025;13,988;0,233511664620242
2026;13,992;0,230274972644732
2027;13,996;0,19260927489747
2028;14,000;0,195115100943026
2029;14,005;0,207983561781141
2030;14,009;0,185326717952573
2031;14,013;0,164183810693195
2032;14,017;0,184804670859749
2033;14,021;0,17402439839293
2034;14,025;0,191878408967516
2035;14,029;0,154578144185231
2036;14,033;0,164105503629271
2037;14,038;0,132678268641258
2038;14,042;0,15241164875001
2039;14,046;0,149644799158042
2040;14,050;0,142153423376016
2041;14,054;0,112370636730398
2042;14,058;0,164105503629271
2043;14,062;0,14030015619649
2044;14,066;0,124978074022101
2045;14,070;0,157057867876145
2046;14,075;0,107045756383592
2047;14,079;0,122811578586881
2048;14,083;0,118817918326776
2049;14,087;0,119940319576348
2050;14,091;0,14635590247325
2051;14,095;0,12797984480584
2052;14,099;0,151471963982927
2053;14,103;0,136593621837439
2054;14,108;0,135888858262126
2055;14,112;0,134479331111501
2056;14,116;0,130407363787473
2057;14,120;0,120645083151661
2058;14,124;0,122159019720851
2059;14,128;0,114380518037771
2060;14,132;0,112083510829345
2061;14,136;0,107045756383592
2062;14,141;0,0993455617644357
2063;14,145;0,120775594924867
2064;14,149;0,0939162719990645
2065;14,153;0,131816890938098
2066;14,157;0,113675754462459
2067;14,161;0,105244693913349
2068;14,165;0,11954878425673
2069;14,169;0,0972834757477803
2070;14,174;0,127771025968711
2071;14,178;0,129102246055412
2072;14,182;0,116024966380167
2073;14,186;0,101616466618221
2074;14,190;0,08517198319426
2075;14,194;0,114850360421313
2076;14,198;0,119235556001036
2077;14,202;0,0980404440323753
2078;14,207;0,114145596846
2079;14,211;0,108194259987805
2080;14,215;0,115633431060549
2081;14,219;0,0869469433098621
2082;14,223;0,0906273753142724
2083;14,227;0,0880432422047928
2084;14,231;0,095612925050743
2085;14,235;0,123150909197217
2086;14,239;0,121610870273386
2087;14,244;0,102060206647121
2088;14,248;0,103939576181288
2089;14,252;0,10874240943527
2090;14,256;0,0824312359569332
2091;14,260;0,0850936761303364
2092;14,264;0,115320202804855
2093;14,268;0,0877039115944571
2094;14,272;0,102347332548175
2095;14,277;0,0766887179358676
2096;14,281;0,0970224522013682
2097;14,285;0,0729038765128925
2098;14,289;0,0923240283659508
2099;14,293;0,0847543455200007
2100;14,297;0,0818308818001854
2101;14,301;0,0915148553720734
2102;14,305;0,101903592519274
2103;14,310;0,0967875310095973
2104;14,314;0,0789596227896526
2105;14,318;0,0754358049130896
2106;14,322;0,0937596578712172
2107;14,326;0,0793250557546295
2108;14,330;0,109969220103407
2109;14,334;0,0860072585427786
2110;14,338;0,0956912321146666
2111;14,343;0,100467963014008
2112;14,347;0,0918802883370503
2113;14,351;0,0643945088998588
2114;14,355;0,0844672196189474
2115;14,359;0,0995804829562065
2116;14,363;0,0714682470076261
2117;14,367;0,0899226117389598
2118;14,371;0,106340992808279
2119;14,376;0,060009313320136
2120;14,380;0,0932115084237519
2121;14,384;0,0712594281704964
2122;14,388;0,0802908428763542
2123;14,392;0,0852241879035424
2124;14,396;0,092219618947386
2125;14,400;0,0968397357188797
2126;14,404;0,101407647781091
2127;14,408;0,0963959956899792
2128;14,413;0,0731910024139458
2129;14,417;0,0982492628695049
2130;14,421;0,0695366727641767
2131;14,425;0,102321230193533
2132;14,429;0,0577123061117097
2133;14,433;0,0640812806441644
2134;14,437;0,085928951478855
2135;14,441;0,0872079668562742
2136;14,446;0,0798993075567361
2137;14,450;0,0720163964550914
2138;14,454;0,0825095430208568
2139;14,458;0,0937074531619348
2140;14,462;0,0776806074122334
2141;14,466;0,0641073829988056
2142;14,470;0,0696671845373828
2143;14,474;0,0982492628695049
2144;14,479;0,0849631643571303
2145;14,483;0,0933159178423167
2146;14,487;0,0688841138981465
2147;14,491;0,0914365483081498
2148;14,495;0,0831882042415282
2149;14,499;0,11565953341519
2150;14,503;0,0935247366794464
2151;14,507;0,0751486790120363
2152;14,512;0,0849109596478479
2153;14,516;0,0842584007818177
2154;14,520;0,0846499361014358
2155;14,524;0,092219618947386
2156;14,528;0,0764015920348143
2157;14,532;0,0968658380735209
2158;14,536;0,106941346965027
2159;14,540;0,100911703042908
2160;14,545;0,0889568246172351
2161;14,549;0,0864771009263204
2162;14,553;0,0909406035699668
2163;14,557;0,0842845031364589
2164;14,561;0,0959522556610787
2165;14,565;0,0709461999148019
2166;14,569;0,0910450129885317
2167;14,573;0,0891395410997235
2168;14,577;0,0820135982826739
2169;14,582;0,0988496170262527
2170;14,586;0,0680488385496279
2171;14,590;0,0859550538334962
2172;14,594;0,072094703519015
2173;14,598;0,0623324228832035
2174;14,602;0,0735825377335639
2175;14,606;0,0771324579647681
2176;14,610;0,0913843435988674
2177;14,615;0,0817264723816206
2178;14,619;0,083788558398276
2179;14,623;0,0660128548876137
2180;14,627;0,0680749409042691
2181;14,631;0,0792989533999883
2182;14,635;0,0591740379716173
2183;14,639;0,0676312008753686
2184;14,643;0,0712333258158552
2185;14,648;0,0609489980872195
2186;14,652;0,0636897453245462
2187;14,656;0,0619930922728678
2188;14,660;0,0818308818001854
2189;14,664;0,062019194627509
2190;14,668;0,0917236742092031
2191;14,672;0,0689363186074289
2192;14,676;0,0748876554656242
2193;14,681;0,0578950225941982
2194;14,685;0,0844672196189474
2195;14,689;0,0849109596478479
2196;14,693;0,0843367078457413
2197;14,697;0,0918541859824091
2198;14,701;0,065543012504072
2199;14,705;0,0977272157766808
2200;14,709;0,0874167856934038
2201;14,714;0,0991889476365884
2202;14,718;0,0695105704095355
2203;14,722;0,100572372432572
2204;14,726;0,0754097025584484
2205;14,730;0,112527250858245
2206;14,734;0,0975967040034748
2207;14,738;0,0864771009263204
2208;14,742;0,0868425338912973
2209;14,746;0,106836937546462
2210;14,751;0,103626347925594
2211;14,755;0,0988496170262527
2212;14,759;0,0910450129885317
2213;14,763;0,0921674142381036
2214;14,767;0,0851458808396188
2215;14,771;0,0867381244727324
2216;14,775;0,0572685660828092
2217;14,779;0,0759317496512725
2218;14,784;0,0887741081347466
2219;14,788;0,0760883637791198
2220;14,792;0,0705285622405426
2221;14,796;0,0693278539270471
2222;14,800;0,0583126602684575
2223;14,804;0,10203410429248
2224;14,808;0,0806040711320487
2225;14,812;0,0488375055336992
2226;14,817;0,0510040009689194
2227;14,821;0,0656213195679956
2228;14,825;0,0798732052020949
2229;14,829;0,0823007241837272
2230;14,833;0,0768192297090736
2231;14,837;0,0711028140426492
2232;14,841;0,066926437300056
2233;14,845;0,0785680874700345
2234;14,850;0,0916714694999207
2235;14,854;0,0705024598859014
2236;14,858;0,0911755247617377
2237;14,862;0,067683405584651
2238;14,866;0,0727472623850452
2239;14,870;0,0628805723306688
2240;14,874;0,0608184863140134
2241;14,878;0,0704241528219778
2242;14,883;0,0520741975092089
2243;14,887;0,046801521871685
2244;14,891;0,0450265617560829
2245;14,895;0,0523874257649034
2246;14,899;0,0680749409042691
2247;14,903;0,053092189340216
2248;14,907;0,0859028491242138
2249;14,911;0,0513955362885375
2250;14,915;0,0626195487842567
2251;14,920;0,0369087294626674
2252;14,924;0,0705546645951838
2253;14,928;0,0581038414313278
2254;14,932;0,0564071883796494
2255;14,936;0,0709723022694431
2256;14,940;0,0767931273544324
2257;14,944;0,106236583389714
2258;14,948;0,109238354173453
2259;14,953;0,132260630966998
2260;14,957;0,176451917374563
2261;14,961;0,331003959205152
2262;14,965;0,481692852548843
2263;14,969;0,752217656050317
2264;14,973;1,09199200641491
2265;14,977;1,71328025158494
2266;14,981;2,5777119302378
2267;14,986;3,58254817450573
2268;14,990;4,92154676289039
2269;14,994;6,8078073186826
2270;14,998;8,74585494608298
2271;15,002;11,2644711454131
2272;15,006;13,9354467887839
2273;15,010;16,5712364580984
2274;15,014;19,1042611571905
2275;15,019;21,8052806107533
2276;15,023;24,0704168441627
2277;15,027;25,3741511514271
2278;15,031;26,4184019512032
2279;15,035;27,0065141036243
2280;15,039;27,055273302094
2281;15,043;26,4262587599502
2282;15,047;25,3579676915495
2283;15,052;23,7971773957785
2284;15,056;22,5979569164975
2285;15,060;20,5148846067106
2286;15,064;18,5294612056364
2287;15,068;16,8630607829871
2288;15,072;15,1053282214482
2289;15,076;13,5249611596963
2290;15,080;12,0340468672998
2291;15,084;10,7097961092874
2292;15,089;9,400971842868
2293;15,093;8,44246727808822
2294;15,097;7,22466192230269
2295;15,101;6,60413064541726
2296;15,105;5,90657131998563
2297;15,109;5,31519637323444
2298;15,113;4,76360141495644
2299;15,117;4,30438268975368
2300;15,122;3,95098291026637
2301;15,126;3,46709745992767
2302;15,130;3,22301434167773
2303;15,134;2,91800832769522
2304;15,138;2,63187431611831
2305;15,142;2,51885112052188
2306;15,146;2,29878216854186
2307;15,150;2,17108944963707
2308;15,155;1,89268173503395
2309;15,159;1,83011439095898
2310;15,163;1,69654864225992
2311;15,167;1,60939288011293
2312;15,171;1,54014333324981
2313;15,175;1,41761888056398
2314;15,179;1,3338303221657
2315;15,183;1,25669786420093
2316;15,188;1,11172538652367
2317;15,192;1,07492106647956
2318;15,196;1,05777181948029
2319;15,200;0,967483774776355
2320;15,204;0,920786662323235
2321;15,208;0,907996508549043
2322;15,212;0,860229199555634
2323;15,216;0,815855196665581
2324;15,221;0,797792367253865
2325;15,225;0,756837772821811
2326;15,229;0,723922703619248
2327;15,233;0,686100391744139
2328;15,237;0,613405334068376
2329;15,241;0,635409619030914
2330;15,245;0,62538631484869
2331;15,249;0,563053891965486
2332;15,253;0,547444683890044
2333;15,258;0,521211817475631
2334;15,262;0,504454105795976
2335;15,266;0,506594498876555
2336;15,270;0,47255702842442
2337;15,274;0,467832502234362
2338;15,278;0,43277703995122
2339;15,282;0,441834557011719
2340;15,286;0,399000593045497
2341;15,291;0,360290801112587
2342;15,295;0,415914918853
2343;15,299;0,396729688191712
2344;15,303;0,35734123503813
2345;15,307;0,382295086075125
2346;15,311;0,388820674735427
2347;15,315;0,300542511338863
2348;15,319;0,337607854929378
2349;15,324;0,294304048579614
2350;15,328;0,290232081255586
2351;15,332;0,291223970731952
2352;15,336;0,283341059630307
2353;15,340;0,280052162945515
2354;15,344;0,26935019754262
2355;15,348;0,282270863090018
2356;15,352;0,266009096148545
2357;15,357;0,257317012053023
2358;15,361;0,243639378221031
2359;15,365;0,217014976486999
2360;15,369;0,212316552651582
2361;15,373;0,23930638735059
2362;15,377;0,200909823673374
2363;15,381;0,208583915937889
2364;15,385;0,206286908729463
2365;15,390;0,209419191286408
2366;15,394;0,209079860676072
2367;15,398;0,194932384460537
2368;15,402;0,192008920740722
2369;15,406;0,18094152237285
2370;15,410;0,199709115359878
2371;15,414;0,187780339288847
2372;15,418;0,1781224680716
2373;15,422;0,1980124623082
2374;15,427;0,156353104300833
2375;15,431;0,172614871242305
2376;15,435;0,165906566099515
2377;15,439;0,160790504589838
2378;15,443;0,153768971191353
2379;15,447;0,120592878442379
2380;15,451;0,151289247500439
2381;15,455;0,164575346012813
2382;15,460;0,154317120638819
2383;15,464;0,162904795315776
2384;15,468;0,146016571862915
2385;15,472;0,131503662682403
2386;15,476;0,129780907276084
2387;15,480;0,142832084596687
2388;15,484;0,127901537741917
2389;15,488;0,138368581953041
2390;15,493;0,128345277770817
2391;15,497;0,119783705448501
2392;15,501;0,0946210355743771
2393;15,505;0,117565005303998
2394;15,509;0,116103273444091
2395;15,513;0,128606301317229
2396;15,517;0,132652166286616
2397;15,521;0,105584024523684
2398;15,526;0,0884869822336933
2399;15,530;0,0954824132775369
2400;15,534;0,13510578762289
2401;15,538;0,109368865946659
2402;15,542;0,116912446437968
2403;15,546;0,0969702474920858
2404;15,550;0,0841800937178941
2405;15,554;0,100206939467595
2406;15,559;0,115529021641984
2407;15,563;0,0827966689219101
2408;15,567;0,100024222985107
2409;15,571;0,099893711211901
2410;15,575;0,107071858738233
2411;15,579;0,0969702474920858
2412;15,583;0,0862943844438319
2413;15,587;0,091593162435997
2414;15,591;0,0948820591207892
2415;15,596;0,0906534776689136
2416;15,600;0,0998415065026186
2417;15,604;0,102843277286357
2418;15,608;0,0719119870365266
2419;15,612;0,0846499361014358
2420;15,616;0,0906012729596311
2421;15,620;0,0847543455200007
2422;15,624;0,0878083210130219
2423;15,629;0,0884608798790521
2424;15,633;0,0925328472030805
2425;15,637;0,0760100567151962
2426;15,641;0,0708417904962371
2427;15,645;0,091462650662791
2428;15,649;0,0899748164482422
2429;15,653;0,0742873013088765
2430;15,657;0,0844672196189474
2431;15,662;0,0706590740137486
2432;15,666;0,0819874959280327
2433;15,670;0,0599832109654948
2434;15,674;0,087938832786228
2435;15,678;0,0843889125550238
2436;15,682;0,0844933219735886
2437;15,686;0,0648121465741182
2438;15,690;0,065804036050484
2439;15,695;0,0694322633456119
2440;15,699;0,06982379866523
2441;15,703;0,0813610394166437
2442;15,707;0,057111951954962
2443;15,711;0,0551542753568714
2444;15,715;0,0830054877590398
2445;15,719;0,0593045497448234
2446;15,723;0,083919070171482
2447;15,728;0,0585997861695108
2448;15,732;0,0547627400372533
2449;15,736;0,06290667468531
2450;15,740;0,0614971475346848
2451;15,744;0,0544756141362
2452;15,748;0,0821702124105211
2453;15,752;0,0572685660828092
2454;15,756;0,0621236040460738
2455;15,761;0,0644206112545
2456;15,765;0,0784897804061109
2457;15,769;0,0700848222116421
2458;15,773;0,0637680523884699
2459;15,777;0,0729821835768161
2460;15,781;0,0718858846818854
2461;15,785;0,0884086751697697
2462;15,789;0,0854330067406721
2463;15,793;0,0950386732486364
2464;15,798;0,102634458449228
2465;15,802;0,0773151744472565
2466;15,806;0,112527250858245
2467;15,810;0,109655991847713
2468;15,814;0,106262685744356
2469;15,818;0,153038105261399
2470;15,822;0,138029251342705
2471;15,826;0,150140743896225
2472;15,831;0,129284962537901
2473;15,835;0,140352360905773
2474;15,839;0,178931641065477
2475;15,843;0,176686838566333
2476;15,847;0,157397198486481
2477;15,851;0,140456770324337
2478;15,855;0,158728418573183
2479;15,859;0,154212711220254
2480;15,864;0,151941806366469
2481;15,868;0,133148111024799
2482;15,872;0,130668387333885
2483;15,876;0,131294843845274
2484;15,880;0,124978074022101
2485;15,884;0,114693746293466
2486;15,888;0,113258116788199
2487;15,892;0,12560453053349
2488;15,897;0,0897920999657537
2489;15,901;0,0909145012153256
2490;15,905;0,119183351291753
2491;15,909;0,0965526098178265
2492;15,913;0,120645083151661
2493;15,917;0,117617210013281
2494;15,921;0,131190434426709
2495;15,925;0,156222592527627
2496;15,930;0,144319918811236
2497;15,934;0,171831800603069
2498;15,938;0,138159763115911
2499;15,942;0,159172158602083
2500;15,946;0,167890345052246
2501;15,950;0,165175700169561
2502;15,954;0,171335855864886
2503;15,958;0,177991956298394
2504;15,962;0,174703059613602
2505;15,967;0,162669874124005
2506;15,971;0,15974641040419
2507;15,975;0,163818377728218
2508;15,979;0,163896684792142
2509;15,983;0,146199288345403
2510;15,987;0,127092364748039
2511;15,991;0,126387601172727
2512;15,995;0,10636709516292
2513;16,000;0,102582253739945
2514;16,004;0,0792467486907059
2515;16,008;0,0926894613309277
2516;16,012;0,0938379649351409
2517;16,016;0,106706425773256
2518;16,020;0,073217104768587
2519;16,024;0,101329340717167
2520;16,028;0,0853285973221072
2521;16,033;0,0861377703159847
2522;16,037;0,075488009622372
2523;16,041;0,0849109596478479
2524;16,045;0,0901053282214482
2525;16,049;0,0463577818427845
2526;16,053;0,0662738784340258
2527;16,057;0,0688319091888641
2528;16,061;0,0588347073612817
2529;16,066;0,0692495468631234
2530;16,070;0,0729821835768161
2531;16,074;0,0574512825652977
2532;16,078;0,0697193892466652
2533;16,082;0,0659867525329725
2534;16,086;0,0438519557972286
2535;16,090;0,0558851412868252
2536;16,094;0,0517348668988732
2537;16,099;0,0419203815537792
2538;16,103;0,0511345127421254
2539;16,107;0,0519175833813617
2540;16,111;0,0601920298026244
2541;16,115;0,0673179726196741
2542;16,119;0,0590957309076937
2543;16,123;0,0673179726196741
2544;16,127;0,0468798289356086
2545;16,131;0,0647338395101945
2546;16,136;0,0570597472456795
2547;16,140;0,0487853008244168
2548;16,144;0,0496205761729354
2549;16,148;0,0435648298961753
2550;16,152;0,0563549836703669
2551;16,156;0,039753886118559
2552;16,160;0,0624368323017683
2553;16,164;0,0647338395101945
2554;16,169;0,0569031331178323
2555;16,173;0,045548608848907
2556;16,177;0,0669525396546972
2557;16,181;0,0603486439304717
2558;16,185;0,0582082508498927
2559;16,189;0,0307485737673424
2560;16,193;0,0514216386431787
2561;16,197;0,0673962796835977
2562;16,202;0,0315055420519374
2563;16,206;0,0316882585344259
2564;16,210;0,0431210898672747
2565;16,214;0,0634548241327754
2566;16,218;0,0546844329733297
2567;16,222;0,0455225064942658
2568;16,226;0,039753886118559
2569;16,230;0,0415288462341611
2570;16,235;0,0341679822253406
2571;16,239;0,0338025492603637
2572;16,243;0,0451309711746477
2573;16,247;0,0344812104810351
2574;16,251;0,0624107299471271
2575;16,255;0,0558851412868252
2576;16,259;0,0622280134646386
2577;16,263;0,048184946667669
2578;16,268;0,0313489279240902
2579;16,272;0,0516304574803084
2580;16,276;0,0448438452735944
2581;16,280;0,0457052229767543
2582;16,284;0,0394928625721469
2583;16,288;0,0418681768444968
2584;16,292;0,0428600663208627
2585;16,296;0,0135993267680691
2586;16,300;0,0506907727132249
2587;16,305;0,0448960499828769
2588;16,309;0,0345595175449587
2589;16,313;0,0571380543096032
2590;16,317;0,0419464839084204
2591;16,321;0,0421292003909089
2592;16,325;0,0288692042331755
2593;16,329;0,0442434911168467
2594;16,333;0,0375612883286976
2595;16,338;0,0370131388812322
2596;16,342;0,0464882936159905
2597;16,346;0,0332805021675395
2598;16,350;0,0556763224496955
2599;16,354;0,034350698707829
2600;16,358;0,0478456160573333
2601;16,362;0,0486025843419283
2602;16,366;0,0512650245153315
2603;16,371;0,0383965636772162
2604;16,375;0,0532488034680633
2605;16,379;0,0780721427318516
2606;16,383;0,0590957309076937
2607;16,387;0,04755849015628
2608;16,391;0,0647077371555533
2609;16,395;0,0705024598859014
2610;16,399;0,0678661220671394
2611;16,404;0,0651775795390951
2612;16,408;0,0710506093333668
2613;16,412;0,0807867876145371
2614;16,416;0,0896093834832653
2615;16,420;0,0744961201460061
2616;16,424;0,106941346965027
2617;16,428;0,10571453629689
2618;16,432;0,141213738608932
2619;16,437;0,128684608381153
2620;16,441;0,148887830873447
2621;16,445;0,154473734766666
2622;16,449;0,189215968794113
2623;16,453;0,195402226844079
2624;16,457;0,194906282105896
2625;16,461;0,179662506995431
2626;16,465;0,176451917374563
2627;16,469;0,194958486815179
2628;16,474;0,211455174948422
2629;16,478;0,207383207624393
2630;16,482;0,202710886143617
2631;16,486;0,176295303246715
2632;16,490;0,157736529096817
2633;16,494;0,207879152362576
2634;16,498;0,155726647789444
2635;16,502;0,156979560812222
2636;16,507;0,127927640096558
2637;16,511;0,164784164849943
2638;16,515;0,119183351291753
2639;16,519;0,0883825728151285
2640;16,523;0,130616182624602
2641;16,527;0,127771025968711
2642;16,531;0,135471220587867
2643;16,535;0,100024222985107
2644;16,540;0,0947515473475831
2645;16,544;0,110125834231254
2646;16,548;0,0777067097668747
2647;16,552;0,085928951478855
2648;16,556;0,0852763926128248
2649;16,560;0,0495422691090118
2650;16,564;0,0729560812221749
2651;16,568;0,066430492561873
2652;16,573;0,0590696285530525
2653;16,577;0,064159587708088
2654;16,581;0,053222701113422
2655;16,585;0,057868920239557
2656;16,589;0,0606096674768838
2657;16,593;0,0485503796326459
2658;16,597;0,046175065360296
2659;16,601;0,0545017164908412
2660;16,606;0,0500121114925535
2661;16,610;0,0547888423918945
2662;16,614;0,0373263671369267
2663;16,618;0,0433560110590456
2664;16,622;0,0440607746343582
2665;16,626;0,0866076126995264
2666;16,630;0,0472713642552267
2667;16,634;0,069693286892024
2668;16,638;0,086555407990244
2669;16,643;0,082274621829086
2670;16,647;0,109342763592018
2671;16,651;0,126361498818085
2672;16,655;0,124638743411766
2673;16,659;0,15953759156706
2674;16,663;0,121532563209462
2675;16,667;0,198508407046383
2676;16,671;0,195558840971926
2677;16,676;0,214639662214649
2678;16,680;0,195976478646186
2679;16,684;0,207722538234729
2680;16,688;0,214378638668237
2681;16,692;0,243456661738542
2682;16,696;0,229178673749802
2683;16,700;0,235182215317279
2684;16,704;0,199709115359878
2685;16,709;0,199944036551649
2686;16,713;0,218737731893319
2687;16,717;0,189529197049807
2688;16,721;0,179453688158301
2689;16,725;0,163661763600371
2690;16,729;0,176582429147769
2691;16,733;0,144946375322625
2692;16,737;0,16710727441301
2693;16,742;0,147269484885693
2694;16,746;0,120253547832043
2695;16,750;0,11824366652467
2696;16,754;0,133826772245471
2697;16,758;0,143771769363771
2698;16,762;0,176347507955998
2699;16,766;0,225915879419651
2700;16,770;0,27908637582379
2701;16,775;0,436065936636012
2702;16,779;0,69996074205862
2703;16,783;1,11112503236692
2704;16,787;1,75287752357565
2705;16,791;2,71044240358834
2706;16,795;4,0990354657913
2707;16,799;6,02982663860142
2708;16,803;8,46509801956215
2709;16,807;11,5510227946643
2710;16,812;15,4293889543188
2711;16,816;20,2657637340149
2712;16,820;25,1981429740814
2713;16,824;30,7166505876162
2714;16,828;36,7525329724944
2715;16,832;42,280802866665
2716;16,836;47,8912951779554
2717;16,840;52,25417324446
2718;16,845;55,5625422858145
2719;16,849;58,2107566759382
2720;16,853;59,6374591759173
2721;16,857;59,5679225031532
2722;16,861;58,3517093910007
2723;16,865;55,9702610653102
2724;16,869;52,7019852406846
2725;16,873;48,3789132650078
2726;16,878;44,3098433023446
2727;16,882;40,166668754855
2728;16,886;35,6932733187995
2729;16,890;31,6905294392797
2730;16,894;28,1867059663718
2731;16,898;24,8190845799818
2732;16,902;21,8176270244986
2733;16,906;19,0462617251777
2734;16,911;17,0024734591258
2735;16,915;14,9748425505968
2736;16,919;13,2289865604196
2737;16,923;11,9737765304333
2738;16,927;10,5997485821201
2739;16,931;9,54492632871426
2740;16,935;8,58931912529965
2741;16,939;7,8354309185523
2742;16,944;7,1701341034572
2743;16,948;6,55213475497198
2744;16,952;5,93063769096483
2745;16,956;5,48185990761855
2746;16,960;5,05117105603862
2747;16,964;4,58879394592427
2748;16,968;4,3559609425247
2749;16,972;3,95622948354925
2750;16,976;3,74409564738016
2751;16,981;3,45091400005012
2752;16,985;3,30380112929227
2753;16,989;3,10824228832035
2754;16,993;2,8302000066822
2755;16,997;2,73020188605174
2756;17,001;2,56064099030245
2757;17,005;2,2772738283175
2758;17,009;2,16845311181831
2759;17,014;2,13308442127948
2760;17,018;1,99335851688509
2761;17,022;1,83690100316569
2762;17,026;1,76592870089625
2763;17,030;1,61213362735026
2764;17,034;1,57715647213104
2765;17,038;1,55919805213789
2766;17,042;1,46107930104159
2767;17,047;1,42417057157892
2768;17,051;1,38846255042975
2769;17,055;1,25494900643997
2770;17,059;1,19543563785802
2771;17,063;1,15361966572281
2772;17,067;1,13895014241445
2773;17,071;1,03957847829537
2774;17,075;1,05508327695225
2775;17,080;0,992855263487609
2776;17,084;0,931593037144695
2777;17,088;0,878683564286967
2778;17,092;0,888210923731008
2779;17,096;0,838720859331279
2780;17,100;0,814628385997444
2781;17,104;0,778998671912196
2782;17,108;0,774352452786061
2783;17,113;0,721938924666516
2784;17,117;0,75856052822813
2785;17,121;0,673962796835977
2786;17,125;0,687901454214382
2787;17,129;0,657518313412016
2788;17,133;0,645093592602802
2789;17,137;0,61781663200274
2790;17,141;0,648278079869029
2791;17,145;0,564332907342906
2792;17,150;0,579263454197676
2793;17,154;0,516904928959832
2794;17,158;0,558172751647581
2795;17,162;0,518627684366151
2796;17,166;0,521342329248837
2797;17,170;0,476994428713425
2798;17,174;0,519384652650746
2799;17,178;0,441625738174589
2800;17,183;0,439824675704346
2801;17,187;0,433455701171891
2802;17,191;0,442878651197367
2803;17,195;0,388533548834373
2804;17,199;0,374855915002381
2805;17,203;0,375351859740564
2806;17,207;0,352303480592377
2807;17,211;0,388350832351885
2808;17,216;0,337138012545836
2809;17,220;0,359168399863015
2810;17,224;0,340792342195605
2811;17,228;0,350998362860317
2812;17,232;0,305345344592845
2813;17,236;0,311818728543864
2814;17,240;0,300751330175993
2815;17,244;0,270081063472574
2816;17,249;0,247476424353288
2817;17,253;0,281931532479682
2818;17,257;0,271151260012863
2819;17,261;0,276893778033929
2820;17,265;0,227325406570276
2821;17,269;0,243691582930313
2822;17,273;0,265643663183568
2823;17,277;0,251522289322675
2824;17,282;0,243221740546771
2825;17,286;0,218633322474754
2826;17,290;0,206782853467646
2827;17,294;0,223488360438018
2828;17,298;0,202423760242564
2829;17,302;0,227690839535253
2830;17,306;0,20537332631702
2831;17,310;0,21769363770767
2832;17,314;0,19542832919872
2833;17,319;0,17942758580366
2834;17,323;0,170265659324596
2835;17,327;0,191225850101486
2836;17,331;0,193966597338813
2837;17,335;0,177339397432364
2838;17,339;0,17316302068977
2839;17,343;0,155700545434803
2840;17,347;0,168203573307941
2841;17,352;0,166924557930522
2842;17,356;0,142414446922428
2843;17,360;0,161182039909456
2844;17,364;0,164105503629271
2845;17,368;0,134140000501165
2846;17,372;0,141265943318215
2847;17,376;0,131842993292739
2848;17,380;0,128345277770817
2849;17,385;0,116312092281221
2850;17,389;0,147948146106364
2851;17,393;0,111613668445803
2852;17,397;0,121506460854821
2853;17,401;0,104670442111242
2854;17,405;0,116051068734808
2855;17,409;0,108899023563118
2856;17,413;0,117695517077205
2857;17,418;0,0909145012153256
2858;17,422;0,12148035850018
2859;17,426;0,122733271522958
2860;17,430;0,105349103331913
2861;17,434;0,0946993426383007
2862;17,438;0,108690204725988
2863;17,442;0,124064491609659
2864;17,446;0,0823790312476508
2865;17,451;0,106419299872203
2866;17,455;0,124064491609659
2867;17,459;0,0897398952564713
2868;17,463;0,0915148553720734
2869;17,467;0,119026737163906
2870;17,471;0,0927416660402102
2871;17,475;0,100102530049031
2872;17,479;0,0818830865094679
2873;17,483;0,0942817049640414
2874;17,488;0,095743436823949
2875;17,492;0,0786724968885993
2876;17,496;0,0628283676213864
2877;17,500;0,0914365483081498
2878;17,504;0,0815959606084146
2879;17,508;0,0694583657002531
2880;17,512;0,0888524151986703
2881;17,516;0,102269025484251
2882;17,521;0,105740638651531
2883;17,525;0,0741567895356704
2884;17,529;0,0672396655557504
2885;17,533;0,0855113138045957
2886;17,537;0,075488009622372
2887;17,541;0,0644728159637825
2888;17,545;0,0767931273544324
2889;17,549;0,0661955713701022
2890;17,554;0,0798993075567361
2891;17,558;0,0750181672388303
2892;17,562;0,0771585603194093
2893;17,566;0,0692234445084822
2894;17,570;0,0692756492177646
2895;17,574;0,0655952172133544
2896;17,578;0,0653863983762247
2897;17,582;0,0830837948229634
2898;17,587;0,0684142715146048
2899;17,591;0,0751225766573951
2900;17,595;0,057242463728168
2901;17,599;0,0642639971266528
2902;17,603;0,0583126602684575
2903;17,607;0,0697715939559476
2904;17,611;0,0580255343674042
2905;17,615;0,0565638025074966
2906;17,620;0,0415810509434435
2907;17,624;0,0527528587298803
2908;17,628;0,0712855305251376
2909;17,632;0,0578167155302746
2910;17,636;0,0583387626230987
2911;17,640;0,0594089591633882
2912;17,644;0,0626195487842567
2913;17,648;0,0545017164908412
2914;17,652;0,0821441100558799
2915;17,657;0,0513694339338963
2916;17,661;0,0609751004418607
2917;17,665;0,0499077020739887
2918;17,669;0,0717814752633206
2919;17,673;0,0611317145697079
2920;17,677;0,0688841138981465
2921;17,681;0,0483937655047987
2922;17,685;0,0616537616625321
2923;17,690;0,0754358049130896
2924;17,694;0,0478195137026921
2925;17,698;0,061523249889326
2926;17,702;0,0557024248043368
2927;17,706;0,0780721427318516
2928;17,710;0,0525179375381094
2929;17,714;0,0622541158192798
2930;17,718;0,0700848222116421
2931;17,723;0,0528572681484451
2932;17,727;0,0835014324972227
2933;17,731;0,0781765521504164
2934;17,735;0,0964220980446204
2935;17,739;0,0859811561881374
2936;17,743;0,0987191052530467
2937;17,747;0,126805238846986
2938;17,751;0,112031306120062
2939;17,756;0,134714252303272
2940;17,760;0,0927155636855689
2941;17,764;0,115972761670885
2942;17,768;0,119261658355677
2943;17,772;0,129754804921442
2944;17,776;0,109290558882736
2945;17,780;0,108690204725988
2946;17,784;0,131373150909197
2947;17,789;0,100807293624343
2948;17,793;0,106471504581485
2949;17,797;0,0873645809841214
2950;17,801;0,0765843085173027
2951;17,805;0,0859028491242138
2952;17,809;0,0737913565706935
2953;17,813;0,0921413118834624
2954;17,817;0,0832926136600931
2955;17,821;0,0759056472966313
2956;17,826;0,0623324228832035
2957;17,830;0,0681010432589103
2958;17,834;0,0548149447465357
2959;17,838;0,0548932518104593
2960;17,842;0,0750964743027539
2961;17,846;0,0620713993367914
2962;17,850;0,0611839192789903
2963;17,854;0,0589913214891289
2964;17,859;0,0496205761729354
2965;17,863;0,0682054526774751
2966;17,867;0,0477673089934097
2967;17,871;0,0724340341293507
2968;17,875;0,049568371463653
2969;17,879;0,0546844329733297
2970;17,883;0,0859028491242138
2971;17,887;0,0539013623340934
2972;17,892;0,054606125909406
2973;17,896;0,0496205761729354
2974;17,900;0,0788552133710878
2975;17,904;0,0948037520568655
2976;17,908;0,050951796259637
2977;17,912;0,0354208952481185
2978;17,916;0,0430427828033511
2979;17,920;0,043408215768328
2980;17,925;0,0481588443130278
2981;17,929;0,0471408524820207
2982;17,933;0,0717031681993969
2983;17,937;0,0904968635410663
2984;17,941;0,0359951470502251
2985;17,945;0,0479761278305393
2986;17,949;0,055102070647589
2987;17,953;0,0386836895782695
2988;17,958;0,0516826621895908
2989;17,962;0,0420769956816264
2990;17,966;0,0339069586789285
2991;17,970;0,0499860091379123
2992;17,974;0,068440373869246
2993;17,978;0,0398060908278414
2994;17,982;0,060766281604731
2995;17,986;0,142753777532764
2996;17,990;0,187545418097076
2997;17,995;0,296966488753017
2998;17,999;0,489967298970105
2999;18,003;0,697533223076987
3000;18,007;1,15821368013966
3001;18,011;1,78717601757419
3002;18,015;2,70287272074239
3003;18,019;3,65051870599143
3004;18,023;5,08246777925343
3005;18,028;6,83688534175291
3006;18,032;8,94853972987195
3007;18,036;11,45966455342
3008;18,040;14,1120553202863
3009;18,044;16,6592797003032
3010;18,048;19,2649211500071
3011;18,052;21,6184921609409
3012;18,056;23,7924528695885
3013;18,061;25,4597929770049
3014;18,065;26,8057869964334
3015;18,069;27,2637528086134
3016;18,073;27,1839057057659
3017;18,077;26,0490014283208
3018;18,081;25,1372722830581
3019;18,085;23,6065518998338
3020;18,089;21,9053570384477
3021;18,094;20,1273429473526
3022;18,098;18,3643638125308
3023;18,102;16,5273061952373
3024;18,106;14,7415136024591
3025;18,110;13,0892867583799
3026;18,114;11,7780610753335
3027;18,118;10,4489813817125
3028;18,122;9,2773249889326
3029;18,127;8,37517540782319
3030;18,131;7,32933236441393
3031;18,135;6,50935299571504
3032;18,139;5,84327310998071
3033;18,143;5,3213826312844
3034;18,147;4,82512466484577
3035;18,151;4,41487395694991
3036;18,155;3,99178089057058
3037;18,159;3,55454034797571
3038;18,164;3,24942992457464
3039;18,168;3,00096161074498
3040;18,172;2,71266110373285
3041;18,176;2,53774922528211
3042;18,180;2,35727754529281
3043;18,184;2,14477827615874
3044;18,188;2,00278146691057
3045;18,192;1,91197137511381
3046;18,197;1,73656355192489
3047;18,201;1,58858930346389
3048;18,205;1,52988510787581
3049;18,209;1,4881996475138
3050;18,213;1,36651047017649
3051;18,217;1,32941902423134
3052;18,221;1,22814188822345
3053;18,225;1,15320202804855
3054;18,230;1,0730416969454
3055;18,234;1,01642568972862
3056;18,238;0,965708814660753
3057;18,242;0,907187335555166
3058;18,246;0,874794313445427
3059;18,250;0,850231997728051
3060;18,254;0,798575437893101
3061;18,258;0,753627183200942
3062;18,263;0,693878893427218
3063;18,267;0,704319835283701
3064;18,271;0,656970163964551
3065;18,275;0,590095931373777
3066;18,279;0,60181588860768
3067;18,283;0,55060306880163
3068;18,287;0,538152245637775
3069;18,291;0,521211817475631
3070;18,296;0,493203990945615
3071;18,300;0,484459702140811
3072;18,304;0,453476207181697
3073;18,308;0,434630307130746
3074;18,312;0,441443021692101
3075;18,316;0,367155720383224
3076;18,320;0,377518355175784
3077;18,324;0,410903266761888
3078;18,328;0,367886586313178
3079;18,333;0,332596202838266
3080;18,337;0,313906916915161
3081;18,341;0,300150976019245
3082;18,345;0,311479397933529
3083;18,349;0,269063071641567
3084;18,353;0,275353739110098
3085;18,357;0,270159370536497
3086;18,361;0,289109680006014
3087;18,366;0,263503270102989
3088;18,370;0,226933871250658
3089;18,374;0,240063355635185
3090;18,378;0,259457405133602
3091;18,382;0,207435412333676
3092;18,386;0,262563585335906
3093;18,390;0,23541713650905
3094;18,394;0,210672104309186
3095;18,399;0,20083151660945
3096;18,403;0,222574778025576
3097;18,407;0,256716657896276
3098;18,411;0,232154342178899
3099;18,415;0,254785083652826
3100;18,419;0,275484250883304
3101;18,423;0,271229567076787
3102;18,427;0,275536455592586
3103;18,432;0,321424395051829
3104;18,436;0,348623048587967
3105;18,440;0,374803710293098
3106;18,444;0,389447131246816
3107;18,448;0,344707695391786
3108;18,452;0,366920799191453
3109;18,456;0,365459067331546
3110;18,460;0,362457296547807
3111;18,465;0,350867851087111
3112;18,469;0,358750762188756
3113;18,473;0,334762698273486
3114;18,477;0,283784799659208
3115;18,481;0,292555190818653
3116;18,485;0,251966029351576
3117;18,489;0,253584375339331
3118;18,493;0,239175875577384
3119;18,497;0,208662223001813
3120;18,502;0,200988130737298
3121;18,506;0,209053758321431
3122;18,510;0,196576832802934
3123;18,514;0,149253263838424
3124;18,518;0,178070263362317
3125;18,522;0,156822946684375
3126;18,526;0,166376408483056
3127;18,530;0,150976019244744
3128;18,535;0,134087795791883
3129;18,539;0,138211967825194
3130;18,543;0,0932637131330343
3131;18,547;0,11218792024791
3132;18,551;0,159563693921701
3133;18,555;0,149174956774501
3134;18,559;0,183995497865871
3135;18,563;0,222470368607011
3136;18,568;0,362901036576708
3137;18,572;0,479187026503287
3138;18,576;0,750468798289356
3139;18,580;1,11561463736521
3140;18,584;1,65627270904854
3141;18,588;2,51391777549469
3142;18,592;3,5219124046742
3143;18,596;4,88061827081297
3144;18,601;6,75943965553245
3145;18,605;8,8915582896902
3146;18,609;11,5415215375749
3147;18,613;14,3117122309369
3148;18,617;17,476283400573
3149;18,621;20,5508275490515
3150;18,625;23,702060415466
3151;18,629;26,3783087344743
3152;18,634;28,4169548366619
3153;18,638;30,3442221915955
3154;18,642;31,1665768745667
3155;18,646;31,4091721586021
3156;18,650;30,9441065059597
3157;18,654;29,6406593245964
3158;18,658;27,8683616491676
3159;18,662;26,0140764778109
3160;18,666;23,9298556644198
3161;18,671;21,5903799249923
3162;18,675;19,5472442178064
3163;18,679;17,3404728493748
3164;18,683;15,5283951854729
3165;18,687;13,6561254917684
3166;18,691;11,9676685794472
3167;18,695;10,7279633481177
3168;18,699;9,50232728593981
3169;18,704;8,25406048228799
3170;18,708;7,51095254800745
3171;18,712;6,53214035131681
3172;18,716;5,84157645692903
3173;18,720;5,32856077881074
3174;18,724;4,85221890896334
3175;18,728;4,36447031013774
3176;18,732;4,01331533314957
3177;18,737;3,64668165985917
3178;18,741;3,28584270929912
3179;18,745;2,9878582287151
3180;18,749;2,7726182123437
3181;18,753;2,56747980721845
3182;18,757;2,3654475822955
3183;18,761;2,18380129634734
3184;18,765;2,02736988498258
3185;18,770;1,85903579990144
3186;18,774;1,70035958603754
3187;18,778;1,66159758939534
3188;18,782;1,5888503270103
3189;18,786;1,4795858704822
3190;18,790;1,40934443414272
3191;18,794;1,30736253455952
3192;18,798;1,24594369408876
3193;18,803;1,19091993050509
3194;18,807;1,07181488627726
3195;18,811;1,11477936201669
3196;18,815;0,976645701255419
3197;18,819;0,91700182090026
3198;18,823;0,916505876162077
3199;18,827;0,863648608013632
3200;18,831;0,83874696168592
3201;18,835;0,808155002046425
3202;18,840;0,750651514771845
3203;18,844;0,74710159454064
3204;18,848;0,746370728610687
3205;18,852;0,626821944353956
3206;18,856;0,628701313888123
3207;18,860;0,645876663242038
3208;18,864;0,585971759340467
3209;18,868;0,565638025074966
3210;18,873;0,581821484952515
3211;18,877;0,52551870599143
3212;18,881;0,530164925117565
3213;18,885;0,492420920306379
3214;18,889;0,502626940971091
3215;18,893;0,455877623808689
3216;18,897;0,4310542845449
3217;18,901;0,442304399395261
3218;18,906;0,425912120680582
3219;18,910;0,414792517603428
3220;18,914;0,365432964976905
3221;18,918;0,389212210055045
3222;18,922;0,33442336766315
3223;18,926;0,337399036092248
3224;18,930;0,288796451750319
3225;18,934;0,312654003892383
3226;18,939;0,313358767467696
3227;18,943;0,279686729980538
3228;18,947;0,310722429648934
3229;18,951;0,303961919796861
3230;18,955;0,246171306621228
3231;18,959;0,254941697780673
3232;18,963;0,253532170630048
3233;18,967;0,234712372933738
3234;18,972;0,220669306136768
3235;18,976;0,233276743428471
3236;18,980;0,211063639628804
3237;18,984;0,196446321029727
3238;18,988;0,175486130252838
3239;18,992;0,190181755915838
3240;18,996;0,161182039909456
3241;19,000;0,194097109112019
3242;19,004;0,15217672755824
3243;19,009;0,182377151878117
3244;19,013;0,156770741975092
3245;19,017;0,182090025977063
3246;19,021;0,141944604538886
3247;19,025;0,143902281136977
3248;19,029;0,139412676138689
3249;19,033;0,135914960616767
3250;19,037;0,134401024047577
3251;19,042;0,163974991856065
3252;19,046;0,160555583398067
3253;19,050;0,114537132165618
3254;19,054;0,154630348894513
3255;19,058;0,108768511789912
3256;19,062;0,135419015878584
3257;19,066;0,156379206655474
3258;19,070;0,108324771761011
3259;19,075;0,145546729479373
3260;19,079;0,164966881332431
3261;19,083;0,0962654839167732
3262;19,087;0,090705682378196
3263;19,091;0,0949342638300716
3264;19,095;0,122393940912622
3265;19,099;0,117330084112228
3266;19,103;0,109655991847713
3267;19,108;0,101903592519274
3268;19,112;0,119131146582471
3269;19,116;0,0785941898246757
3270;19,120;0,0898443046750361
3271;19,124;0,0876778092398159
3272;19,128;0,0922718236566684
3273;19,132;0,0731910024139458
3274;19,136;0,0862160773799083
3275;19,141;0,0914365483081498
3276;19,145;0,112944888532505
3277;19,149;0,0576078966931449
3278;19,153;0,0612622263429139
3279;19,157;0,0640029735802407
3280;19,161;0,102530049030663
3281;19,165;0,0801081263938657
3282;19,169;0,0646555324462709
3283;19,173;0,0775761979936686
3284;19,178;0,0754358049130896
3285;19,182;0,0809956064516668
3286;19,186;0,0616798640171733
3287;19,190;0,0712855305251376
3288;19,194;0,0986146958344818
3289;19,198;0,0554936059672071
3290;19,202;0,0532749058227045
3291;19,206;0,0532749058227045
3292;19,211;0,0720424988097326
3293;19,215;0,0625673440749743
3294;19,219;0,0518653786720793
3295;19,223;0,0610012027965019
3296;19,227;0,0726950576757628
3297;19,231;0,057242463728168
3298;19,235;0,065673524277278
3299;19,239;0,0623585252378447
3300;19,244;0,0737391518614111
3301;19,248;0,0912538318256613
3302;19,252;0,0458096323953191
3303;19,256;0,0433821134136868
3304;19,260;0,0585736838148696
3305;19,264;0,069197342153841
3306;19,268;0,052335221055621
3307;19,272;0,0617581710810969
3308;19,277;0,0653080913123011
3309;19,281;0,0358907376316603
3310;19,285;0,0409806967866957
3311;19,289;0,0577123061117097
3312;19,293;0,0688841138981465
3313;19,297;0,0425468380651682
3314;19,301;0,0653602960215835
3315;19,305;0,0689624209620701
3316;19,310;0,0492029384986761
3317;19,314;0,0407457755949249
3318;19,318;0,0447655382096708
3319;19,322;0,0244318039441702
3320;19,326;0,0477934113480509
3321;19,330;0,038500973095781
3322;19,334;0,0634809264874166
3323;19,338;0,0495944738182942
3324;19,342;0,0283732594949925
3325;19,347;0,0452353805932126
3326;19,351;0,0466449077438378
3327;19,355;0,0413200273970314
3328;19,359;0,0316882585344259
3329;19,363;0,0239619615606285
3330;19,367;0,0333849115861044
3331;19,371;0,0458096323953191
3332;19,375;0,0410329014959782
3333;19,380;0,0528050634391627
3334;19,384;0,0591740379716173
3335;19,388;0,0340635728067758
3336;19,392;0,0350032575738592
3337;19,396;0,0474540807377152
3338;19,400;0,042024790972344
3339;19,404;0,0446089240818236
3340;19,408;0,0381877448400865
3341;19,413;0,0259718428680014
3342;19,417;0,0511867174514079
3343;19,421;0,0505602609400189
3344;19,425;0,027303062954703
3345;19,429;0,0422597121641149
3346;19,433;0,0484720725687223
3347;19,437;0,0573990778560152
3348;19,441;0,0104931465657654
3349;19,446;0,0297827866456177
3350;19,450;0,0467232148077614
3351;19,454;0,0199421989458825
3352;19,458;0,0442434911168467
3353;19,462;0,0654386030855071
3354;19,466;0,0602442345119069
3355;19,470;0,0611317145697079
3356;19,474;0,0540057717526583
3357;19,479;0,0499077020739887
3358;19,483;0,0573207707920916
3359;19,487;0,06830986209604
3360;19,491;0,0621236040460738
3361;19,495;0,0472713642552267
3362;19,499;0,0609751004418607
3363;19,503;0,0755402143316544
3364;19,507;0,0694583657002531
3365;19,511;0,064290099481294
3366;19,516;0,0621758087553562
3367;19,520;0,0676312008753686
3368;19,524;0,0735564353789227
3369;19,528;0,0599832109654948
3370;19,532;0,0761927731976846
3371;19,536;0,0487330961151344
3372;19,540;0,044791640564312
3373;19,544;0,0744439154367237
3374;19,549;0,0513694339338963
3375;19,553;0,0550237635836654
3376;19,557;0,0340374704521345
3377;19,561;0,0270159370536497
3378;19,565;0,0454964041396246
3379;19,569;0,0527528587298803
3380;19,573;0,0282949524310689
3381;19,577;0,0224219226367972
3382;19,582;0,0346117222542411
3383;19,586;0,0243273945256054
3384;19,590;0,0470886477727383
3385;19,594;0,0407457755949249
3386;19,598;0,0251104651648416
3387;19,602;0,0192896400798523
3388;19,606;0,0237270403688576
3389;19,610;0,0187153882777458
3390;19,615;0,0117721619431846
3391;19,619;0,0255803075483833
3392;19,623;0,0346117222542411
3393;19,627;0,0333588092314632
3394;19,631;0,0366738082708965
3395;19,635;0,00485503796326459
3396;19,639;0,027172551181497
3397;19,643;0,00206208601665539
3398;19,648;0,037874516584392
3399;19,652;0,0199944036551649
3400;19,656;0,0171753493539145
3401;19,660;0,0241968827523993
3402;19,664;0,0120853901988791
3403;19,668;0,0241446780431169
3404;19,672;0,0448960499828769
3405;19,676;0,0264416852515432
3406;19,680;0,00900531235121658
3407;19,685;0,0128162561288329
3408;19,689;0,0302526290291595
3409;19,693;0,0399627049556886
3410;19,697;0,0286603853960458
3411;19,701;0,0460967582963724
3412;19,705;0
3413;19,709;0,00877039115944571
3414;19,713;0,00843106054911002
3415;19,718;0,0313489279240902
3416;19,722;0,0150871609826179
3417;19,726;0,0260501499319251
3418;19,730;0,00446350264364648
3419;19,734;0,0280339288846568
3420;19,738;0,0126074372917032
3421;19,742;0,0179062152838683
3422;19,746;0,023022276793545
3423;19,751;0,0308529831859072
3424;19,755;0,0254236934205361
3425;19,759;0,0296783772270529
3426;19,763;0,0577645108209921
3427;19,767;0,0365955012069729
3428;19,771;0,122080712656927
3429;19,775;0,198691123528871
3430;19,779;0,298402118258284
3431;19,784;0,560130428245671
3432;19,788;0,900452928057734
3433;19,792;1,40783049757353
3434;19,796;2,09184270094637
3435;19,800;3,05992682987947
3436;19,804;4,27185915587073
3437;19,808;5,91753430893494
3438;19,812;7,8963016095756
3439;19,817;10,3086290208067
3440;19,821;12,8272974248461
3441;19,825;15,6952414363395
3442;19,829;18,7277868962003
3443;19,833;21,6398438870374
3444;19,837;24,2407347081966
3445;19,841;26,0210719088548
3446;19,845;27,3905580474603
3447;19,849;28,4413866406061
3448;19,854;28,3487232816298
3449;19,858;28,5729686103524
3450;19,862;27,4995353780874
3451;19,866;26,2924319877047
3452;19,870;24,4075287543539
3453;19,874;22,9047378905956
3454;19,878;20,8328373885952
3455;19,882;18,9644308433775
3456;19,887;16,8987949064909
3457;19,891;15,0939997995339
3458;19,895;13,53414918853
3459;19,899;11,9175520585361
3460;19,903;10,6591575412835
3461;19,907;9,37627901537742
3462;19,911;8,35165718629146
3463;19,915;7,35024035048154
3464;19,920;6,66996078382239
3465;19,924;5,92946308500597
3466;19,928;5,30634767501107
3467;19,932;4,72919851153933
3468;19,936;4,31897390599811
3469;19,940;3,98259286173687
3470;19,944;3,60149848397524
3471;19,948;3,2655611797429
3472;19,953;2,95945886686546
3473;19,957;2,78874946751197
3474;19,961;2,55241874859047
3475;19,965;2,33174944245371
3476;19,969;2,16012646068777
3477;19,973;2,0237677600421
3478;19,977;1,86978997001362
3479;19,981;1,72753213721903
3480;19,986;1,59991772537817
3481;19,990;1,57334552835342
3482;19,994;1,4517085557254
3483;19,998;1,34484551582429
3484;20,002;1,30331666959013
3485;20,006;1,19486138605591
3486;20,010;1,16340804871326
3487;20,014;1,05717146532354
3488;20,018;1,00204329232131
3489;20,023;1,01574702850795
3490;20,027;0,916479773807436
3491;20,031;0,866728685861294
3492;20,035;0,809225198586714
3493;20,039;0,743316753117665
3494;20,043;0,730161166378497
3495;20,047;0,706747354265334
3496;20,051;0,693017515724058
3497;20,056;0,645589537340984
3498;20,060;0,588059947711763
3499;20,064;0,620400765112219
3500;20,068;0,548828108686028
3501;20,072;0,554022477259629
3502;20,076;0,540710276392613
3503;20,080;0,519175833813617
3504;20,084;0,458331245144962
3505;20,089;0,443661721836603
3506;20,093;0,418107516642861
3507;20,097;0,437919203815538
3508;20,101;0,373368080787832
3509;20,105;0,371044971224764
3510;20,109;0,377022410437601
3511;20,113;0,349614938064333
3512;20,117;0,366424854453271
3513;20,122;0,311662114416017
3514;20,126;0,300438101920298
3515;20,130;0,278538226376325
3516;20,134;0,29939400773465
3517;20,138;0,252357564671194
3518;20,142;0,255176618972444
3519;20,146;0,276684959196799
3520;20,150;0,268958662223002
3521;20,155;0,222522573316294
3522;20,159;0,239489103833079
3523;20,163;0,254184729496078
3524;20,167;0,249695124497791
3525;20,171;0,224793478170079
3526;20,175;0,215683756400297
3527;20,179;0,200074548324855
3528;20,183;0,184204316703001
3529;20,187;0,157788733806099
3530;20,192;0,179819121123278
3531;20,196;0,17660853150241
3532;20,200;0,154108301801689
3533;20,204;0,135914960616767
3534;20,208;0,148966137937371
3535;20,212;0,161416961101227
3536;20,216;0,129311064892542
3537;20,220;0,142701572823481
3538;20,225;0,162800385897211
3539;20,229;0,113936778008871
3540;20,233;0,152750979360346
3541;20,237;0,108376976470293
3542;20,241;0,112527250858245
3543;20,245;0,116964651147251
3544;20,249;0,123855672772529
3545;20,253;0,0935508390340876
3546;20,258;0,118478587716441
3547;20,262;0,103365324379182
3548;20,266;0,0959522556610787
3549;20,270;0,0984580817066346
3550;20,274;0,111483156672597
3551;20,278;0,0960305627250023
3552;20,282;0,136306495936385
3553;20,286;0,0872601715655566
3554;20,291;0,120331854895966
3555;20,295;0,0907578870874784
3556;20,299;0,126518112945933
3557;20,303;0,140848305643956
3558;20,307;0,148313579071341
3559;20,311;0,227064383023864
3560;20,315;0,333327068768219
3561;20,319;0,502026586814343
3562;20,324;0,758691040001336
3563;20,328;1,22910767534518
3564;20,332;1,8849815404148
3565;20,336;2,92382915278021
3566;20,340;4,56052509584785
3567;20,344;6,54221586020832
3568;20,348;9,43474828977372
3569;20,352;13,0620359001345
3570;20,356;17,667979093058
3571;20,361;22,9776417671085
3572;20,365;29,1624902899241
3573;20,369;36,334242739369
3574;20,373;44,1684468472532
3575;20,377;52,5202084429632
3576;20,381;62,3568024824383
3577;20,385;71,2568440373869
3578;20,389;79,3609725946158
3579;20,394;86,8316231070572
3580;20,398;93,731597839978
3581;20,402;97,0830357664904
3582;20,406;100
3583;20,410;99,3339462166203
3584;20,414;96,1529044612056
3585;20,418;91,4853858136835
3586;20,422;86,0081460228364
3587;20,427;78,6529723273277
3588;20,431;70,5880495067699
3589;20,435;63,6819407205085
3590;20,439;56,9040467002447
3591;20,443;49,8859327102179
3592;20,447;43,768767592987
3593;20,451;38,1513581577167
3594;20,455;33,4387346413745
3595;20,460;29,4166750194202
3596;20,464;26,1936606777424
3597;20,468;23,2074729997244
3598;20,472;20,6056685961527
3599;20,476;18,5074047159646
3600;20,480;16,5102352553019
3601;20,484;14,915825126753
3602;20,488;13,4051513518932
3603;20,493;12,2375669264373
3604;20,497;11,2670030738133
3605;20,501;10,2575728151285
3606;20,505;9,61425418264131
3607;20,509;8,67657929686521
3608;20,513;7,9794115067532
3609;20,517;7,37501148503604
3610;20,521;6,95867892850878
3611;20,525;6,43535282030721
3612;20,530;5,89218892257833
3613;20,534;5,58151869763868
3614;20,538;5,17061543087679
3615;20,542;4,87539779988473
3616;20,546;4,56256107950986
3617;20,550;4,31986138605591
3618;20,554;4,14429694873915
3619;20,558;3,81788700395085
3620;20,563;3,62606079969262
3621;20,567;3,32243821050609
3622;20,571;3,22946162327411
3623;20,575;3,07759812397157
3624;20,579;2,95763170204058
3625;20,583;2,8192370177329
3626;20,587;2,62250357080211
3627;20,591;2,47606936126494
3628;20,596;2,4016776505375
3629;20,600;2,28687949482547
3630;20,604;2,15955220888566
3631;20,608;2,07492837513886
3632;20,612;1,96268825018167
3633;20,616;1,96140923480425
3634;20,620;1,7816684207449
3635;20,624;1,70852962304024
3636;20,629;1,71878784841423
3637;20,633;1,60338933854545
3638;20,637;1,50887271238964
3639;20,641;1,42758998003692
3640;20,645;1,40049573591935
3641;20,649;1,32085745190902
3642;20,653;1,26974904152154
3643;20,657;1,25839451725261
3644;20,662;1,22349566909732
3645;20,666;1,13051908186534
3646;20,670;1,15160978441543
3647;20,674;1,06949177671419
3648;20,678;1,03289627550722
3649;20,682;0,992620342295838
3650;20,686;0,98813073729755
3651;20,690;0,91225119235556
3652;20,695;0,966491885299989
3653;20,699;0,855452468656293
3654;20,703;0,80027209094478
3655;20,707;0,811026261056957
3656;20,711;0,723609475363554
3657;20,715;0,751304073637875
3658;20,719;0,771194067874475
3659;20,723;0,668559609425247
3660;20,727;0,694609759357172
3661;20,732;0,645589537340984
3662;20,736;0,618025450839869
3663;20,740;0,605418013548166
3664;20,744;0,621653678134997
3665;20,748;0,595629630557713
3666;20,752;0,596125575295896
3667;20,756;0,569631685335071
3668;20,760;0,544338503687741
3669;20,765;0,491663952021784
3670;20,769;0,470155611797429
3671;20,773;0,47816903467228
3672;20,777;0,469059312902498
3673;20,781;0,462272700695784
3674;20,785;0,400488427260046
3675;20,789;0,438206329716591
3676;20,793;0,417376650712908
3677;20,798;0,396990711738125
3678;20,802;0,402393899148854
3679;20,806;0,377988197559325
3680;20,810;0,365615681459393
3681;20,814;0,376422056280853
3682;20,818;0,379084496454256
3683;20,822;0,359351116345503
3684;20,826;0,362587808321013
3685;20,831;0,354861511347216
3686;20,835;0,322233568045706
3687;20,839;0,321763725662165
3688;20,843;0,311061760259269
3689;20,847;0,278564328730966
3690;20,851;0,310591917875728
3691;20,855;0,307694556510554
3692;20,859;0,275588660301869
3693;20,864;0,27107295294894
3694;20,868;0,242569181680741
3695;20,872;0,269898346990085
3696;20,876;0,256742760250917
3697;20,880;0,229178673749802
3698;20,884;0,243352252319977
3699;20,888;0,222861903926629
3700;20,892;0,218711629538677
3701;20,896;0,236461230694699
3702;20,901;0,217850251835518
3703;20,905;0,236174104793645
3704;20,909;0,224636864042232
3705;20,913;0,182272742459552
3706;20,917;0,185378922661855
3707;20,921;0,172797587724793
3708;20,925;0,211272458465933
3709;20,929;0,226751154768169
3710;20,934;0,243247842901412
3711;20,938;0,210802616082392
3712;20,942;0,247398117289364
3713;20,946;0,261441184086334
3714;20,950;0,2274037136342
3715;20,954;0,301064558431687
3716;20,958;0,302917825611213
3717;20,962;0,370026979393757
3718;20,967;0,360734541141487
3719;20,971;0,412156179784666
3720;20,975;0,407614370077096
3721;20,979;0,415210155277687
3722;20,983;0,413644013999215
3723;20,987;0,45180565648466
3724;20,991;0,446898413812113
3725;20,995;0,452954160088873
3726;21,000;0,454964041396246
3727;21,004;0,423354089925744
3728;21,008;0,402211182666366
3729;21,012;0,409154409000927
3730;21,016;0,376213237443723
3731;21,020;0,382425597848331
3732;21,024;0,407405551239966
3733;21,028;0,302761211483365
3734;21,033;0,315577467612198
3735;21,037;0,329490022635962
3736;21,041;0,252644690572247
3737;21,045;0,275458148528662
3738;21,049;0,241446780431169
3739;21,053;0,237035482496805
3740;21,057;0,217824149480876
3741;21,061;0,206391318148027
3742;21,065;0,191904511322157
3743;21,070;0,193940494984172
3744;21,074;0,212133836169093
3745;21,078;0,180132349378973
3746;21,082;0,152333341686087
3747;21,086;0,156666332556527
3748;21,090;0,158258576189641
3749;21,094;0,149357673256989
3750;21,098;0,15282928642427
3751;21,103;0,119809807803142
3752;21,107;0,114980872194519
3753;21,111;0,134975275849684
3754;21,115;0,12753610477694
3755;21,119;0,0970485545560094
3756;21,123;0,117799926495769
3757;21,127;0,118948430099982
3758;21,131;0,111091621352979
3759;21,136;0,0961610744982083
3760;21,140;0,100076427694389
3761;21,144;0,109290558882736
3762;21,148;0,114197801555283
3763;21,152;0,103443631443105
3764;21,156;0,138185865470552
3765;21,160;0,0942556026094002
3766;21,164;0,134166102855806
3767;21,169;0,123490239807553
3768;21,173;0,130929410880297
3769;21,177;0,123020397424011
3770;21,181;0,110621778969437
3771;21,185;0,135471220587867
3772;21,189;0,138290274889117
3773;21,193;0,105740638651531
3774;21,197;0,120123036058837
3775;21,202;0,118348075943235
3776;21,206;0,128710710735794
3777;21,210;0,125526223469567
3778;21,214;0,155335112469826
3779;21,218;0,111457054317956
3780;21,222;0,138681810208735
3781;21,226;0,14959259444876
3782;21,230;0,125317404632437
3783;21,234;0,112318432021116
3784;21,239;0,118217564170029
3785;21,243;0,103809064408082
3786;21,247;0,145755548316503
3787;21,251;0,117956540623617
3788;21,255;0,118478587716441
3789;21,259;0,0937857602258585
3790;21,263;0,107097961092874
3791;21,267;0,135184094686813
3792;21,272;0,146956256629998
3793;21,276;0,199709115359878
3794;21,280;0,280495902974416
3795;21,284;0,418499051962479
3796;21,288;0,660389572422549
3797;21,292;1,03169556719373
3798;21,296;1,52894542310873
3799;21,300;2,21992695517077
3800;21,305;3,3286505709107
3801;21,309;4,57156639186108
3802;21,313;6,37249835033119
3803;21,317;8,50375560678578
3804;21,321;10,9568026912572
3805;21,325;13,6747886753368
3806;21,329;16,6771337108778
3807;21,333;19,4444270428747
3808;21,338;22,2286869053884
3809;21,342;24,6761741883212
3810;21,346;26,6996548224622
3811;21,350;28,2273473325482
3812;21,354;29,2766619891247
3813;21,358;29,6691108911553
3814;21,362;29,4463794990018
3815;21,366;28,4157541283484
3816;21,371;26,7950328263212
3817;21,375;24,8855672772529
3818;21,379;22,7935940645334
3819;21,383;20,8677884414597
3820;21,387;19,0061163037395
3821;21,391;17,2116577292204
3822;21,395;15,3955864050584
3823;21,399;13,6189296364046
3824;21,403;12,1861713901488
3825;21,408;10,7186709098654
3826;21,412;9,54088046374487
3827;21,416;8,58133180477945
3828;21,420;7,64316097426517
3829;21,424;6,75962237201493
3830;21,428;6,01698428011794
3831;21,432;5,43002063130111
3832;21,436;4,9759701723173
3833;21,441;4,51312321981941
3834;21,445;4,04192351383634
3835;21,449;3,69995656568188
3836;21,453;3,43809774392128
3837;21,457;3,14194042816214
3838;21,461;2,95196749108344
3839;21,465;2,70083673708038
3840;21,469;2,53772312292747
3841;21,474;2,3635421104067
3842;21,478;2,10625120070831
3843;21,482;2,01225662164533
3844;21,486;1,84666328380151
3845;21,490;1,70829470184846
3846;21,494;1,64758062495302
3847;21,498;1,51490235631176
3848;21,502;1,4748352419375
3849;21,507;1,37588121549269
3850;21,511;1,23892216069027
3851;21,515;1,27611801605399
3852;21,519;1,16163308859766
3853;21,523;1,11344814192999
3854;21,527;1,10352924716633
3855;21,531;1,03796013230762
3856;21,535;0,942007876646537
3857;21,540;0,918098119795191
3858;21,544;0,897059621954377
3859;21,548;0,883904035215209
3860;21,552;0,821388895849517
3861;21,556;0,831229483549252
3862;21,560;0,775892491709892
3863;21,564;0,831594916514229
3864;21,568;0,76135348017474
3865;21,572;0,783436072201201
3866;21,577;0,78017327787105
3867;21,581;0,729038765128925
3868;21,585;0,693617869880806
3869;21,589;0,697141687757369
3870;21,593;0,65391618847153
3871;21,597;0,664383232682654
3872;21,601;0,645876663242038
3873;21,605;0,562714561355151
3874;21,610;0,525179375381094
3875;21,614;0,562766766064433
3876;21,618;0,478038522899074
3877;21,622;0,44856896450915
3878;21,626;0,423745625245362
3879;21,630;0,417611571904678
3880;21,634;0,384722605056757
3881;21,638;0,390282406595334
3882;21,643;0,323408174004561
3883;21,647;0,358385329223779
3884;21,651;0,33095175449587
3885;21,655;0,344890411874274
3886;21,659;0,267496930363094
3887;21,663;0,296287827532346
3888;21,667;0,274492361406938
3889;21,671;0,229805130261191
3890;21,676;0,259535712197526
3891;21,680;0,272273661262435
3892;21,684;0,248990360922478
3893;21,688;0,227664737180612
3894;21,692;0,245962487784098
3895;21,696;0,222966313345194
3896;21,700;0,246145204266586
3897;21,704;0,171388060574168
3898;21,709;0,213961000993978
3899;21,713;0,206574034630516
3900;21,717;0,187258292196022
3901;21,721;0,197647029343223
3902;21,725;0,181202545919262
3903;21,729;0,17509459493322
3904;21,733;0,15909385153816
3905;21,737;0,17660853150241
3906;21,741;0,169169360429666
3907;21,746;0,145364012996884
3908;21,750;0,147948146106364
3909;21,754;0,156483616074039
3910;21,758;0,147791531978517
3911;21,762;0,126726931783062
3912;21,766;0,162069519967257
3913;21,770;0,168882234528612
3914;21,774;0,167994754470811
3915;21,779;0,140274053841849
3916;21,783;0,157658222032893
3917;21,787;0,13273047335054
3918;21,791;0,123385830388988
3919;21,795;0,104670442111242
3920;21,799;0,153664561772788
3921;21,803;0,133957284018677
3922;21,807;0,124821459894254
3923;21,812;0,108272567051729
3924;21,816;0,136045472389973
3925;21,820;0,131033820298862
3926;21,824;0,119888114867066
3927;21,828;0,0928721778134162
3928;21,832;0,103809064408082
3929;21,836;0,100389655950084
3930;21,840;0,0801864334577894
3931;21,845;0,0934203272608815
3932;21,849;0,0862421797345495
3933;21,853;0,0941250908361942
3934;21,857;0,0812044252887965
3935;21,861;0,114276108619206
3936;21,865;0,0967092239456737
3937;21,869;0,0858767467695726
3938;21,873;0,0733998212510754
3939;21,878;0,0844672196189474
3940;21,882;0,0790640322082174
3941;21,886;0,111561463736521
3942;21,890;0,080264740521713
3943;21,894;0,0907578870874784
3944;21,898;0,0859811561881374
3945;21,902;0,0785158827607521
3946;21,906;0,0730604906407397
3947;21,910;0,0669786420093384
3948;21,915;0,0708939952055195
3949;21,919;0,0584431720416635
3950;21,923;0,0798471028474537
3951;21,927;0,0667698231722087
3952;21,931;0,0504819538760953
3953;21,935;0,0649948630566066
3954;21,939;0,0561461648332373
3955;21,943;0,0496727808822178
3956;21,948;0,0717553729086794
3957;21,952;0,0755141119770132
3958;21,956;0,055859038932184
3959;21,960;0,0702153339848481
3960;21,964;0,0494117573358058
3961;21,968;0,0749137578202655
3962;21,972;0,0855635185138781
3963;21,976;0,0552586847754362
3964;21,981;0,0746527342738534
3965;21,985;0,0824312359569332
3966;21,989;0,0655691148587132
3967;21,993;0,0534054175959105
3968;21,997;0,0679444291310631
3969;22,001;0,0694583657002531
3970;22,005;0,090836194151402
3971;22,009;0,138838424336583
3972;22,014;0,153951687673842
3973;22,018;0,278851454632019
3974;22,022;0,381459810726606
3975;22,026;0,625621236040461
3976;22,030;0,991863374011243
3977;22,034;1,56491446780431
3978;22,038;2,32744255393791
3979;22,042;3,45143604714294
3980;22,047;4,83820194452101
3981;22,051;6,63801150174155
3982;22,055;9,15320829261366
3983;22,059;11,9200056798724
3984;22,063;15,0113336423852
3985;22,067;18,2594584492278
3986;22,071;21,6578545117398
3987;22,075;24,8177011551858
3988;22,079;28,0936510720759
3989;22,084;30,5510311474177
3990;22,088;32,286185172192
3991;22,092;33,4377427518982
3992;22,096;33,8491941681075
3993;22,100;33,3683104885526
3994;22,104;32,0367771735953
3995;22,108;30,4259747663317
3996;22,112;28,5184929962162
3997;22,117;26,3128440290342
3998;22,121;23,946352352553
3999;22,125;21,4321735535119
4000;22,129;19,1275183551758
4001;22,133;16,8897895941397
4002;22,137;15,0286395035123
4003;22,141;13,1168769472357
4004;22,145;11,7330867182867
4005;22,150;10,4333982759917
4006;22,154;9,30470635895123
4007;22,158;8,11483052263179
4008;22,162;7,30463953692335
4009;22,166;6,71793691165293
4010;22,170;5,8630325924441
4011;22,174;5,36828856257465
4012;22,178;4,82914442746051
4013;22,183;4,41508277578704
4014;22,187;4,05855071374279
4015;22,191;3,70684758730716
4016;22,195;3,33833454448259
4017;22,199;3,14248857760961
4018;22,203;2,87791511096633
4019;22,207;2,70347307489914
4020;22,211;2,47805314021767
4021;22,216;2,24895277353179
4022;22,220;2,18528913056189
4023;22,224;2,00956807911728
4024;22,228;1,8533715889443
4025;22,232;1,71309753510245
4026;22,236;1,608296581218
4027;22,240;1,62740350481536
4028;22,244;1,48397106606193
4029;22,248;1,37828263211968
4030;22,253;1,27102805689896
4031;22,257;1,21827519816908
4032;22,261;1,1496260054627
4033;22,265;1,10159767292288
4034;22,269;1,0622092197693
4035;22,273;1,01480734374086
4036;22,277;0,926215952088606
4037;22,281;0,933759532579915
4038;22,286;0,832116963607053
4039;22,290;0,822824525354783
4040;22,294;0,796983194259988
4041;22,298;0,746683956866381
4042;22,302;0,705624953015762
4043;22,306;0,692156138020899
4044;22,310;0,644023396062512
4045;22,314;0,612622263429139
4046;22,319;0,612100216336315
4047;22,323;0,580516367220454
4048;22,327;0,549898305226318
4049;22,331;0,516774417186626
4050;22,335;0,486521788157466
4051;22,339;0,466553486856942
4052;22,343;0,440085699250758
4053;22,347;0,448516759799868
4054;22,352;0,394067248018309
4055;22,356;0,408815078390592
4056;22,360;0,376552568054059
4057;22,364;0,37052292413194
4058;22,368;0,327297424846101
4059;22,372;0,33484100533741
4060;22,376;0,301717117297717
4061;22,380;0,363423083669532
4062;22,385;0,290440900092716
4063;22,389;0,293834206196073
4064;22,393;0,303048337384419
4065;22,397;0,304431762180403
4066;22,401;0,267418623299171
4067;22,405;0,276554447423593
4068;22,409;0,237296506043217
4069;22,413;0,227351508924917
4070;22,417;0,240637607437292
4071;22,422;0,227664737180612
4072;22,426;0,239436899123796
4073;22,430;0,184152111993719
4074;22,434;0,20385938974783
4075;22,438;0,207879152362576
4076;22,442;0,218842141311883
4077;22,446;0,206939467595493
4078;22,450;0,160581685752708
4079;22,455;0,153168617034605
4080;22,459;0,152202829912881
4081;22,463;0,142962596369893
4082;22,467;0,141657478637833
4083;22,471;0,139099447882995
4084;22,475;0,180758805890362
4085;22,479;0,154917474795566
4086;22,483;0,143615155235924
4087;22,488;0,145833855380426
4088;22,492;0,142492753986352
4089;22,496;0,132782678059822
4090;22,500;0,136854645383851
4091;22,504;0,126987955329474
4092;22,508;0,135131889977531
4093;22,512;0,118582997135006
4094;22,516;0,118426383007158
4095;22,521;0,13575834648892
4096;22,525;0,141709683347115
4097;22,529;0,111639770800444
4098;22,533;0,128032049515123
4099;22,537;0,0951952873764837
4100;22,541;0,119600988966013
4101;22,545;0,125212995213872
4102;22,549;0,10203410429248
4103;22,554;0,0990062311541
4104;22,558;0,124899766958178
4105;22,562;0,100755088915061
4106;22,566;0,103835166762723
4107;22,570;0,0943078073186826
4108;22,574;0,0737652542160523
4109;22,578;0,0970485545560094
4110;22,582;0,0791945439814235
4111;22,586;0,083919070171482
4112;22,591;0,0832926136600931
4113;22,595;0,0938118625804997
4114;22,599;0,0858506444149314
4115;22,603;0,0992411523458708
4116;22,607;0,0585997861695108
4117;22,611;0,0535359293691165
4118;22,615;0,0786724968885993
4119;22,619;0,0804735593588427
4120;22,624;0,0659867525329725
4121;22,628;0,0937074531619348
4122;22,632;0,0771846626740505
4123;22,636;0,0689102162527877
4124;22,640;0,103782962053441
4125;22,644;0,0805257640681251
4126;22,648;0,070450255176619
4127;22,652;0,0674484843928801
4128;22,657;0,0701892316302069
4129;22,661;0,074104584826388
4130;22,665;0,06982379866523
4131;22,669;0,0845194243282298
4132;22,673;0,0752008837213187
4133;22,677;0,0582082508498927
4134;22,681;0,0752791907852424
4135;22,685;0,0735825377335639
4136;22,690;0,0593045497448234
4137;22,694;0,064290099481294
4138;22,698;0,0578950225941982
4139;22,702;0,0379528236483157
4140;22,706;0,0409023897227721
4141;22,710;0,0439302628611522
4142;22,714;0,0725645459025568
4143;22,718;0,0499338044286299
4144;22,723;0,0419725862630616
4145;22,727;0,0471147501273795
4146;22,731;0,0701631292755657
4147;22,735;0,0553891965486423
4148;22,739;0,0372219577183619
4149;22,743;0,0541623858805055
4150;22,747;0,0462272700695784
4151;22,751;0,0585997861695108
4152;22,755;0,0347422340274472
4153;22,760;0,0466449077438378
4154;22,764;0,0422597121641149
4155;22,768;0,0391013272525288
4156;22,772;0,0398582955371238
4157;22,776;0,0452614829478538
4158;22,780;0,0430166804487099
4159;22,784;0,0535098270144753
4160;22,788;0,0261284569958487
4161;22,793;0,023152788566751
4162;22,797;0,0317665655983495
4163;22,801;0,0350815646377828
4164;22,805;0,043904160506511
4165;22,809;0,0542145905897879
4166;22,813;0,0379789260029569
4167;22,817;0,0361256588234311
4168;22,821;0,0503514421028892
4169;22,826;0,0306441643487776
4170;22,830;0,0466188053891965
4171;22,834;0,0416854603620083
4172;22,838;0,0421030980362677
4173;22,842;0,0225785367646445
4174;22,846;0,0486286866965695
4175;22,850;0,0454441994303422
4176;22,854;0,0409023897227721
4177;22,859;0,0365432964976905
4178;22,863;0,0421814051001913
4179;22,867;0,0521525045731325
4180;22,871;0,0575817943385037
4181;22,875;0,028686487750687
4182;22,879;0,0493595526265233
4183;22,883;0,0600615180294184
4184;22,887;0,0503514421028892
4185;22,892;0,0668220278814911
4186;22,896;0,0511867174514079
4187;22,900;0,0796643863649652
4188;22,904;0,0801864334577894
4189;22,908;0,0585736838148696
4190;22,912;0,0873645809841214
4191;22,916;0,112501148503604
4192;22,920;0,123829570417888
4193;22,924;0,131686379164892
4194;22,929;0,185457229725779
4195;22,933;0,239280284995949
4196;22,937;0,244683472406679
4197;22,941;0,295452552183827
4198;22,945;0,352277378237736
4199;22,949;0,446245854946083
4200;22,953;0,528233350874116
4201;22,957;0,720764318707662
4202;22,962;0,860907860776305
4203;22,966;1,21477748264715
4204;22,970;1,59986552066889
4205;22,974;2,21773435738091
4206;22,978;3,12327724459368
4207;22,982;4,3571616508382
4208;22,986;6,06942391059213
4209;22,990;7,89076791039166
4210;22,995;10,0726376324956
4211;22,999;12,9255727900702
4212;23,003;15,764386573784
4213;23,007;18,770881883713
4214;23,011;21,7256162243884
4215;23,015;24,7466766482071
4216;23,019;27,3019405534534
4217;23,023;29,377547589813
4218;23,028;31,2470504339255
4219;23,032;31,8518419909623
4220;23,036;32,2856109203899
4221;23,040;31,2580134228749
4222;23,044;29,9016567686538
4223;23,048;28,1643101460897
4224;23,052;26,4379526148295
4225;23,056;23,9932843861979
4226;23,061;21,8764617318599
4227;23,065;19,6925821284486
4228;23,069;17,4545662415115
4229;23,073;15,8149207323694
4230;23,077;13,959669773891
4231;23,081;12,4167073863399
4232;23,085;11,2423102463227
4233;23,089;9,76914555508223
4234;23,093;8,73423939826764
4235;23,098;7,86722358650529
4236;23,102;7,05776346672681
4237;23,106;6,45526891689846
4238;23,110;5,6424676957259
4239;23,114;5,29877799216512
4240;23,118;4,75611003917441
4241;23,122;4,26455049657119
4242;23,126;3,97504928124556
4243;23,131;3,62955851521454
4244;23,135;3,32001069152446
4245;23,139;3,10370047861277
4246;23,143;2,82865996775837
4247;23,147;2,57666783605215
4248;23,151;2,4794626673683
4249;23,155;2,21862183743871
4250;23,159;2,08703986769238
4251;23,164;1,97647029343223
4252;23,168;1,86548308149782
4253;23,172;1,71690847888006
4254;23,176;1,61111563551925
4255;23,180;1,54927915737423
4256;23,184;1,41704462876187
4257;23,188;1,33012378780665
4258;23,192;1,22263429139416
4259;23,197;1,15998864025526
4260;23,201;1,13644431636889
4261;23,205;1,07079689444625
4262;23,209;1,03986560419642
4263;23,213;1,01391986368306
4264;23,217;0,942556026094002
4265;23,221;0,893196473467479
4266;23,225;0,863674710368273
4267;23,230;0,801498901612917
4268;23,234;0,803195554664595
4269;23,238;0,750886435963615
4270;23,242;0,716979477284687
4271;23,246;0,696880664210957
4272;23,250;0,640108042866331
4273;23,254;0,673884489772053
4274;23,258;0,614057892934406
4275;23,262;0,575974557512884
4276;23,267;0,562192514262327
4277;23,271;0,553813658422499
4278;23,275;0,500199421989459
4279;23,279;0,496936627659308
4280;23,283;0,435831015444241
4281;23,287;0,430688851579923
4282;23,291;0,441129793436406
4283;23,295;0,379058394099615
4284;23,300;0,395424570459652
4285;23,304;0,402915946241679
4286;23,308;0,356166629079276
4287;23,312;0,379215008227462
4288;23,316;0,351259386406729
4289;23,320;0,336433248970523
4290;23,324;0,338077697312919
4291;23,328;0,316021207641099
4292;23,333;0,309547823690079
4293;23,337;0,279712832335179
4294;23,341;0,294069127387843
4295;23,345;0,239985048571262
4296;23,349;0,275510353237945
4297;23,353;0,27323944838416
4298;23,357;0,269715630507597
4299;23,361;0,232232649242823
4300;23,366;0,247058786679029
4301;23,370;0,302526290291595
4302;23,374;0,230927531510763
4303;23,378;0,198743328238154
4304;23,382;0,206260806374821
4305;23,386;0,251574494031958
4306;23,390;0,218659424829395
4307;23,394;0,187936953416694
4308;23,399;0,198064667017482
4309;23,403;0,186214198010374
4310;23,407;0,195584943326568
4311;23,411;0,194749667978049
4312;23,415;0,182220537750269
4313;23,419;0,188615614637365
4314;23,423;0,185431127371138
4315;23,427;0,155282907760543
4316;23,431;0,161573575229074
4317;23,436;0,157318891422557
4318;23,440;0,136985157157057
4319;23,444;0,110595676614796
4320;23,448;0,158989442119595
4321;23,452;0,135888858262126
4322;23,456;0,125474018760284
4323;23,460;0,147086768403204
4324;23,464;0,125943861143826
4325;23,469;0,103704654989517
4326;23,473;0,0909928082792493
4327;23,477;0,107045756383592
4328;23,481;0,0988235146716115
4329;23,485;0,104566032692677
4330;23,489;0,091462650662791
4331;23,493;0,0963176886260556
4332;23,497;0,0814915511898497
4333;23,502;0,0892961552275708
4334;23,506;0,0994499711830005
4335;23,510;0,10138154542645
4336;23,514;0,0758795449419901
4337;23,518;0,0985363887705582
4338;23,522;0,0862421797345495
4339;23,526;0,0662216737247434
4340;23,530;0,0924023354298745
4341;23,535;0,0553891965486423
4342;23,539;0,0954563109228957
4343;23,543;0,0968658380735209
4344;23,547;0,0754358049130896
4345;23,551;0,0890351316811587
4346;23,555;0,0852502902581836
4347;23,559;0,0666654137536439
4348;23,563;0,07674092264515
4349;23,568;0,0315577467612198
4350;23,572;0,0845977313921534
4351;23,576;0,0583909673323811
4352;23,580;0,0717553729086794
4353;23,584;0,0603225415758305
4354;23,588;0,073974073053182
4355;23,592;0,0632460052956457
4356;23,596;0,0482893560862338
4357;23,600;0,0415027438795199
4358;23,605;0,0604269509943953
4359;23,609;0,0868947386005797
4360;23,613;0,0612883286975551
4361;23,617;0,0730082859314573
4362;23,621;0,0736869471521287
4363;23,625;0,0848326525839243
4364;23,629;0,0750703719481127
4365;23,633;0,0729299788675337
4366;23,638;0,034220186934623
4367;23,642;0,0741306871810292
4368;23,646;0,0927677683948514
4369;23,650;0,0939945790629881
4370;23,654;0,140848305643956
4371;23,658;0,211872812622681
4372;23,662;0,375665087996258
4373;23,666;0,581847587307156
4374;23,671;0,864771009263204
4375;23,675;1,40336699492988
4376;23,679;2,16294551498902
4377;23,683;3,24911669631894
4378;23,687;4,73736854854203
4379;23,691;6,88721068150116
4380;23,695;9,51083665355284
4381;23,699;12,7353649317998
4382;23,704;16,8444237017733
4383;23,708;21,5926769322007
4384;23,712;27,0119694957443
4385;23,716;33,2932140142498
4386;23,720;39,6499465423777
4387;23,724;46,1218948638919
4388;23,728;52,0327730723933
4389;23,732;58,4562232189841
4390;23,737;63,5225597430693
4391;23,741;66,5568018559818
4392;23,745;69,8307940962738
4393;23,749;71,7904022686078
4394;23,753;72,0037107107358
4395;23,757;69,807354181806
4396;23,761;66,3832734023271
4397;23,765;61,8130121281981
4398;23,769;56,5381438928843
4399;23,774;51,5858224538719
4400;23,778;46,3297479138998
4401;23,782;41,3697262802683
4402;23,786;36,1582345620234
4403;23,790;31,9117729972185
4404;23,794;28,109286382506
4405;23,798;24,9243031715405
4406;23,802;22,150144920273
4407;23,807;19,5492540991138
4408;23,811;17,5502313712715
4409;23,815;15,7421212652751
4410;23,819;13,9653861895574
4411;23,823;12,5919324930463
4412;23,827;11,3952961468748
4413;23,831;10,4114200933838
4414;23,835;9,28899274145722
4415;23,840;8,67300327427937
4416;23,844;7,97270320161041
4417;23,848;7,38973321305368
4418;23,852;6,74359552626523
4419;23,856;6,20124080153022
4420;23,860;5,73802841606736
4421;23,864;5,41514228915562
4422;23,868;4,94075809590632
4423;23,873;4,70103407088147
4424;23,877;4,32972807611029
4425;23,881;3,99901124280619
4426;23,885;3,85369943451859
4427;23,889;3,61358387417412
4428;23,893;3,50063898564162
4429;23,897;3,1474219226368
4430;23,901;2,98099330944446
4431;23,906;2,73573558523567
4432;23,910;2,67956331804779
4433;23,914;2,60699877214524
4434;23,918;2,46061676731735
4435;23,922;2,29812960967583
4436;23,926;2,18492369759691
4437;23,930;2,0280746485579
4438;23,934;1,95616266152137
4439;23,938;1,88145772253823
4440;23,943;1,83637895607287
4441;23,947;1,69996805071792
4442;23,951;1,67694577392437
4443;23,955;1,54682553603796
4444;23,959;1,50346952497891
4445;23,963;1,42210848556227
4446;23,967;1,36891188680348
4447;23,971;1,31587190217255
4448;23,976;1,20801697279508
4449;23,980;1,18966701748231
4450;23,984;1,15239285505467
4451;23,988;1,1509572255494
4452;23,992;1,05761520535244
4453;23,996;1,01906202754738
4454;24,000;1,00488844897721
4455;24,004;0,949629764201769
4456;24,009;0,907970406194402
4457;24,013;0,848404832903167
4458;24,017;0,862421797345495
4459;24,021;0,805101026553403
4460;24,025;0,788238905455183
4461;24,029;0,731283567628069
4462;24,033;0,661694690154609
4463;24,037;0,675816064015503
4464;24,042;0,680096850176661
4465;24,046;0,653446346087988
4466;24,050;0,633295328304976
4467;24,054;0,607036359535921
4468;24,058;0,582917783847445
4469;24,062;0,622723874675287
4470;24,066;0,527632996717368
4471;24,070;0,541649961159696
4472;24,075;0,522934572881951
4473;24,079;0,50628127062086
4474;24,083;0,520507053900318
4475;24,087;0,463160180753585
4476;24,091;0,463630023137127
4477;24,095;0,44877778334628
4478;24,099;0,433142472916197
4479;24,103;0,395006932785393
4480;24,107;0,401506419091053
4481;24,112;0,407405551239966
4482;24,116;0,372846033695008
4483;24,120;0,410746652634041
4484;24,124;0,360316903467228
4485;24,128;0,325783488276911
4486;24,132;0,336485453679806
4487;24,136;0,365145839075851
4488;24,140;0,313071641566642
4489;24,145;0,318318214849525
4490;24,149;0,327088606008971
4491;24,153;0,326514354206864
4492;24,157;0,268958662223002
4493;24,161;0,292633497882577
4494;24,165;0,257917366209771
4495;24,169;0,317195813599953
4496;24,173;0,283367161984948
4497;24,178;0,327297424846101
4498;24,182;0,391143784298494
4499;24,186;0,460863173545159
4500;24,190;0,648878434025777
4501;24,194;0,84156601598717
4502;24,198;1,24482129283918
4503;24,202;1,86015820115101
4504;24,206;2,60397089900686
4505;24,211;3,65876705005805
4506;24,215;5,00337764469057
4507;24,219;6,78441960892408
4508;24,223;9,00630424069294
4509;24,227;11,3956615798398
4510;24,231;14,4260405442654
4511;24,235;17,3300058051637
4512;24,239;20,3706168926086
4513;24,244;23,8028416067357
4514;24,248;26,3764293649402
4515;24,252;29,4152132875602
4516;24,256;31,1188617702826
4517;24,260;32,4838060991806
4518;24,264;33,1592567302311
4519;24,268;32,5955502793996
4520;24,272;32,0146684792142
4521;24,276;30,7174336582554
4522;24,281;28,8294764494116
4523;24,285;27,06284298494
4524;24,289;24,7554992440758
4525;24,293;22,5088173753978
4526;24,297;20,18463761579
4527;24,301;18,2299627884832
4528;24,305;16,2357689962496
4529;24,309;14,5690553453446
4530;24,314;13,057415783363
4531;24,318;11,6748784674368
4532;24,322;10,3551434167773
4533;24,326;9,28231053866907
4534;24,330;8,2871321656184
4535;24,334;7,4748790938933
4536;24,338;6,77653669782244
4537;24,342;6,12677078373886
4538;24,347;5,63051281730022
4539;24,351;5,12676347507956
4540;24,355;4,84846016989501
4541;24,359;4,33601874357882
4542;24,363;3,90405087662148
4543;24,367;3,64984004477076
4544;24,371;3,42522928308317
4545;24,375;3,03685234837664
4546;24,380;2,84353830990386
4547;24,384;2,71195634015753
4548;24,388;2,50519958904453
4549;24,392;2,27020009020974
4550;24,396;2,21126097342989
4551;24,400;2,03342563125934
4552;24,404;1,96835246113881
4553;24,408;1,90093007910058
4554;24,413;1,72019737556485
4555;24,417;1,64823318381905
4556;24,421;1,66042298343649
4557;24,425;1,51471963982927
4558;24,429;1,45518016889268
4559;24,433;1,45507575947411
4560;24,437;1,55580474603453
4561;24,441;1,66394680131305
4562;24,445;1,82061313386958
4563;24,450;2,26090765195747
4564;24,454;2,88934794229918
4565;24,458;3,65553035808254
4566;24,462;4,97920686429281
4567;24,466;6,54566137102096
4568;24,470;8,87393920030738
4569;24,474;11,8597614453605
4570;24,478;15,621215158577
4571;24,483;19,8740979026236
4572;24,487;24,889639244577
4573;24,491;30,1454527610027
4574;24,495;35,9796944562775
4575;24,499;42,3662619757603
4576;24,503;48,4642157599753
4577;24,507;54,7209762698274
4578;24,511;59,5057466943978
4579;24,516;63,7465701506001
4580;24,520;66,7375606618722
4581;24,524;67,9361285822872
4582;24,528;67,9464390123704
4583;24,532;66,6494652149581
4584;24,536;64,2634489772053
4585;24,540;60,5095127421254
4586;24,544;54,5339790011777
4587;24,549;49,8667996842659
4588;24,553;45,3003232515599
4589;24,557;41,0331886218792
4590;24,561;36,5345783112403
4591;24,565;32,4290172567887
4592;24,569;28,5904832903167
4593;24,573;25,4898889919062
4594;24,577;22,9980277060833
4595;24,582;20,289255853192
4596;24,586;18,082588894179
4597;24,590;16,1111824575471
4598;24,594;14,6078434443414
4599;24,598;13,3588457747597
4600;24,602;11,963831533315
4601;24,606;10,9349550204225
4602;24,610;9,85914647388512
4603;24,614;9,24610657278172
4604;24,619;8,32970510603821
4605;24,623;7,81251305117732
4606;24,627;7,27094139708155
4607;24,631;6,5975006473384
4608;24,635;6,15253380776973
4609;24,639;5,73265133101127
4610;24,643;5,42312960967583
4611;24,647;5,12819910458483
4612;24,652;4,80118880563978
4613;24,656;4,39996951244978
4614;24,660;4,18198874884106
4615;24,664;3,94805944654655
4616;24,668;3,71115447582296
4617;24,672;3,59301521871685
4618;24,676;3,26433436907477
4619;24,680;3,17618671745141
4620;24,685;2,92174096440892
4621;24,689;2,79151631710393
4622;24,693;2,70577008210757
4623;24,697;2,50256325122577
4624;24,701;2,37105958854336
4625;24,705;2,29734653903659
4626;24,709;2,14026256880581
4627;24,713;2,02415929536172
4628;24,718;2,04185669180845
4629;24,722;1,86245520835944
4630;24,726;1,83551757836971
4631;24,730;1,73116036451416
4632;24,734;1,67070731116513
4633;24,738;1,58115013239114
4634;24,742;1,51826956006047
4635;24,746;1,47021512516601
4636;24,751;1,43604714294067
4637;24,755;1,37528086133594
4638;24,759;1,26152679980956
4639;24,763;1,27254199346815
4640;24,767;1,16836749609509
4641;24,771;1,17538902949357
4642;24,775;1,1408817166579
4643;24,779;1,086092874266
4644;24,783;1,02501336440558
4645;24,788;1,0268666315851
4646;24,792;0,998989316828293
4647;24,796;0,865214749292104
4648;24,800;0,934620910283075
4649;24,804;0,926424770925736
4650;24,808;0,888837380242397
4651;24,812;0,828932476340826
4652;24,816;0,855348059237728
4653;24,821;0,820527518146357
4654;24,825;0,822694013581577
4655;24,829;0,764642376859532
4656;24,833;0,793981423476249
4657;24,837;0,688841138981465
4658;24,841;0,668716223553094
4659;24,845;0,691294760317739
4660;24,849;0,675581142823732
4661;24,854;0,642927097167581
4662;24,858;0,600797896776673
4663;24,862;0,564567828534676
4664;24,866;0,60766281604731
4665;24,870;0,567465189899851
4666;24,874;0,505289381144494
4667;24,878;0,549115234587082
4668;24,882;0,526902130787414
4669;24,887;0,51687882660519
4670;24,891;0,475767618045289
4671;24,895;0,441312509918895
4672;24,899;0,463577818427845
4673;24,903;0,467597581042591
4674;24,907;0,441443021692101
4675;24,911;0,415184052923046
4676;24,915;0,389212210055045
4677;24,920;0,383104259069002
4678;24,924;0,384461581510345
4679;24,928;0,36598111442437
4680;24,932;0,363866823698432
4681;24,936;0,31367199572339
4682;24,940;0,326462149497582
4683;24,944;0,362405091838525
4684;24,948;0,311374988514964
4685;24,952;0,319388411389815
4686;24,957;0,309104083661179
4687;24,961;0,291746017824776
4688;24,965;0,315342546420428
4689;24,969;0,309260697789026
4690;24,973;0,296601055788041
4691;24,977;0,301795424361641
4692;24,981;0,24859882560286
4693;24,985;0,283941413787055
4694;24,990;0,26222425472557
4695;24,994;0,261884924115235
4696;24,998;0,242882409936436
4697;25,002;0,251731108159805
4698;25,006;0,273970314314114
4699;25,010;0,228552217238413
4700;25,014;0,209810726606026
4701;25,018;0,246510637231563
4702;25,023;0,240533198018727
4703;25,027;0,233485562265601
4704;25,031;0,236617844822546
4705;25,035;0,20406820858496
4706;25,039;0,248885951503913
4707;25,043;0,268723741031231
4708;25,047;0,253453863566125
4709;25,051;0,265721970247492
4710;25,056;0,244344141796343
4711;25,060;0,272639094227412
4712;25,064;0,274257440215167
4713;25,068;0,256847169669482
4714;25,072;0,273552676639854
4715;25,076;0,286055704512993
4716;25,080;0,246588944295487
4717;25,084;0,285481452710886
4718;25,089;0,249695124497791
4719;25,093;0,284019720850979
4720;25,097;0,306258927005287
4721;25,101;0,421057082717318
4722;25,105;0,436405267246348
4723;25,109;0,553526532521446
4724;25,113;0,83117727883997
4725;25,117;1,16434773348034
4726;25,121;1,69318143851121
4727;25,126;2,47823585670016
4728;25,130;3,56657353346531
4729;25,134;4,91272416702166
4730;25,138;6,64659917641851
4731;25,142;8,70923334252136
4732;25,146;11,2540824082659
4733;25,150;14,072797378906
4734;25,154;16,8877275081231
4735;25,159;19,9258588718771
4736;25,163;22,6312374186651
4737;25,167;25,6863353129359
4738;25,171;27,4703007408892
4739;25,175;28,7180454974482
4740;25,179;29,1683633197183
4741;25,183;29,2731642736028
4742;25,187;28,8128753518597
4743;25,192;27,84818452903
4744;25,196;26,1789911544341
4745;25,200;24,4616389355251
4746;25,204;22,4955051745308
4747;25,208;20,4718940286165
4748;25,212;18,5348904954018
4749;25,216;16,6551033235606
4750;25,220;14,7696780431169
4751;25,225;13,3771696277178
4752;25,229;11,7645139532747
4753;25,233;10,749837121307
4754;25,237;9,73098391259679
4755;25,241;8,97338917149038
4756;25,245;8,38431123194761
4757;25,249;8,13876638183777
4758;25,253;8,11049753176134
4759;25,258;8,62510545351275
4760;25,262;9,30039947043543
4761;25,266;10,6168456244101
4762;25,270;12,4137056155562
4763;25,274;15,0364963122593
4764;25,278;18,3509210998906
4765;25,282;22,2889572422549
4766;25,286;26,5995000877039
4767;25,290;32,0069160798857
4768;25,295;37,9507876646537
4769;25,299;44,1534901980438
4770;25,303;49,9298368707244
4771;25,307;56,1242649576933
4772;25,311;61,9581412200032
4773;25,315;66,6387371472006
4774;25,319;70,6312750060557
4775;25,323;72,6260169477368
4776;25,328;72,9544367738325
4777;25,332;71,1962604722647
4778;25,336;68,4237988740488
4779;25,340;63,743594482171
4780;25,344;59,0495819446881
4781;25,348;53,9708990068576
4782;25,352;48,6260503587508
4783;25,356;43,5036981816056
4784;25,361;38,4091450121533
4785;25,365;33,9024429715756
4786;25,369;29,8207133669114
4787;25,373;26,3190302870841
4788;25,377;23,4744739853493
4789;25,381;20,9260749993735
4790;25,385;18,8000904185565
4791;25,389;16,8451545677032
4792;25,394;15,4232287986235
4793;25,398;13,931218207332
4794;25,402;12,5809172993877
4795;25,406;11,4656419926329
4796;25,410;10,5006118391928
4797;25,414;9,53983636955923
4798;25,418;8,90361757753444
4799;25,422;8,20227341067983
4800;25,427;7,69591383299505
4801;25,431;7,08616282857644
4802;25,435;6,71788470694364
4803;25,439;6,14097046466368
4804;25,443;5,90137695141203
4805;25,447;5,39089320169394
4806;25,451;5,11042340107416
4807;25,455;4,82282765763734
4808;25,459;4,48884803000309
4809;25,464;4,29114879595059
4810;25,468;4,05735000542929
4811;25,472;3,82282034897804
4812;25,476;3,64443685736003
4813;25,480;3,51149756517236
4814;25,484;3,30275703510662
4815;25,488;3,20249789092975
4816;25,492;2,9758250432255
4817;25,497;2,82967795958938
4818;25,501;2,63699037762799
4819;25,505;2,58363716474136
4820;25,509;2,42545689561564
4821;25,513;2,37038092732269
4822;25,517;2,26636304407748
4823;25,521;2,14321213488026
4824;25,525;2,07370156447073
4825;25,530;2,03013673457455
4826;25,534;1,94141483114909
4827;25,538;1,78712381286491
4828;25,542;1,75394772011594
4829;25,546;1,73635473308776
4830;25,550;1,61625779938357
4831;25,554;1,6428822011176
4832;25,558;1,5119527902373
4833;25,563;1,51247483733013
4834;25,567;1,39209077772488
4835;25,571;1,39086396705674
4836;25,575;1,35494712707044
4837;25,579;1,31025989592469
4838;25,583;1,31798619289849
4839;25,587;1,32104016839151
4840;25,591;1,21482968735644
4841;25,596;1,19091993050509
4842;25,600;1,15628210589621
4843;25,604;1,11350034663927
4844;25,608;1,10031865754546
4845;25,612;1,04177107608523
4846;25,616;1,00058156046141
4847;25,620;0,959418147192222
4848;25,624;0,966048145271089
4849;25,629;0,962785350940938
4850;25,633;0,931227604179718
4851;25,637;0,85085845423944
4852;25,641;0,840417512382957
4853;25,645;0,837415741599218
4854;25,649;0,784610678160055
4855;25,653;0,669029451808789
4856;25,657;0,712411565222476
4857;25,661;0,676233701689762
4858;25,666;0,703354048161977
4859;25,670;0,687040076511222
4860;25,674;0,658823431144077
4861;25,678;0,609672697354683
4862;25,682;0,673258033260664
4863;25,686;0,674484843928801
4864;25,690;0,80092464981081
4865;25,694;0,88847194727742
4866;25,699;1,15046128081122
4867;25,703;1,53633238947219
4868;25,707;2,03152015937054
4869;25,711;2,76048061743554
4870;25,715;3,76675249120873
4871;25,719;4,97824107717109
4872;25,723;6,79637448734976
4873;25,727;8,69158815078391
4874;25,732;11,1519699969095
4875;25,736;13,7086956340158
4876;25,740;16,3797234820959
4877;25,744;19,2015185305836
4878;25,748;21,80188730465
4879;25,752;24,1628191795926
4880;25,756;26,4652034730749
4881;25,760;27,7154540556795
4882;25,765;28,4496088823181
4883;25,769;28,5467618462926
4884;25,773;28,0295958937864
4885;25,777;26,8274519507856
4886;25,781;25,8839301375699
4887;25,785;24,1555888273569
4888;25,789;22,8678030587783
4889;25,793;20,743802256914
4890;25,798;18,592420085031
4891;25,802;16,8808103841431
4892;25,806;15,2949618279166
4893;25,810;13,700969337042
4894;25,814;12,2175203180729
4895;25,818;10,87802578495
4896;25,822;9,78125704763575
4897;25,826;8,7561914785209
4898;25,830;7,91300711654597
4899;25,835;7,05384811353063
4900;25,839;6,54088464012162
4901;25,843;5,83886181204634
4902;25,847;5,39151965820533
4903;25,851;4,93569423910592
4904;25,855;4,55705348268057
4905;25,859;4,1039166061092
4906;25,863;3,84451140568488
4907;25,868;3,44846037871384
4908;25,872;3,26712732102137
4909;25,876;3,04901604563945
4910;25,880;2,87687101678068
4911;25,884;2,67718800377544
4912;25,888;2,47455542469575
4913;25,892;2,36837104601532
4914;25,896;2,17758893594273
4915;25,901;2,01285697580207
4916;25,905;1,96994470477193
4917;25,909;1,84334828476207
4918;25,913;1,7150291093459
4919;25,917;1,68336695316611
4920;25,921;1,58501328087804
4921;25,925;1,46877949566074
4922;25,929;1,40125270420394
4923;25,934;1,32145780606577
4924;25,938;1,25685447832878
4925;25,942;1,20125646294301
4926;25,946;1,17236115635519
4927;25,950;1,13620939517712
4928;25,954;1,09295779353664
4929;25,958;1,02237702658681
4930;25,962;0,981605148637248
4931;25,967;0,918019812731267
4932;25,971;0,944200474436398
4933;25,975;0,85430396505208
4934;25,979;0,803378271147084
4935;25,983;0,746292421546763
4936;25,987;0,740080061142156
4937;25,991;0,755376040961903
4938;25,995;0,708574519090218
4939;25,999;0,672657679103917
4940;26,004;0,692130035666257
4941;26,008;0,655638943877849
4942;26,012;0,621836394617486
4943;26,016;0,618286474386281
4944;26,020;0,620687891013273
4945;26,024;0,560365349437442
4946;26,028;0,614606042381871
4947;26,032;0,574069085624076
4948;26,037;0,547183660343632
4949;26,041;0,529564570960817
4950;26,045;0,494065368648775
4951;26,049;0,498320052455292
4952;26,053;0,539822796334812
4953;26,057;0,499729579605917
4954;26,061;0,449691365758722
4955;26,065;0,479421947695058
4956;26,070;0,463943251392822
4957;26,074;0,437005621403096
4958;26,078;0,432333299922319
4959;26,082;0,413043659842467
4960;26,086;0,406779094728577
4961;26,090;0,427869797278673
4962;26,094;0,386001620434176
4963;26,098;0,427634876086902
4964;26,103;0,361491509426082
4965;26,107;0,355331353730757
4966;26,111;0,352982141813049
4967;26,115;0,335389154784875
4968;26,119;0,338808563242873
4969;26,123;0,324139039934514
4970;26,127;0,345386356612457
4971;26,131;0,300020464246039
4972;26,136;0,280730824166186
4973;26,140;0,288744247041037
4974;26,144;0,287595743436824
4975;26,148;0,296966488753017
4976;26,152;0,295844087503446
4977;26,156;0,292424679045447
4978;26,160;0,255359335454933
4979;26,164;0,215187811662114
4980;26,168;0,219990644916097
4981;26,173;0,287099798698641
4982;26,177;0,218894346021166
4983;26,181;0,227795248953818
4984;26,185;0,257525830890153
4985;26,189;0,24233426048897
4986;26,193;0,211533482012345
4987;26,197;0,225498241745391
4988;26,201;0,221843912095622
4989;26,206;0,192426558414982
4990;26,210;0,207043877014058
4991;26,214;0,192191637223211
4992;26,218;0,188302386381671
4993;26,222;0,223566667501942
4994;26,226;0,181045931791415
4995;26,230;0,193392345536706
4996;26,234;0,183290734290559
4997;26,239;0,180419475280026
4998;26,243;0,184543647313337
4999;26,247;0,184856875569031
5000;26,251;0,173084713625847
5001;26,255;0,167655423860476
5002;26,259;0,169352076912154
5003;26,263;0,13727228305811
5004;26,267;0,170004635778184
5005;26,272;0,151237042791156
5006;26,276;0,184465340249413
5007;26,280;0,177130578595234
5008;26,284;0,142832084596687
5009;26,288;0,152698774651064
5010;26,292;0,162669874124005
5011;26,296;0,177078373885952
5012;26,300;0,179323176385095
5013;26,305;0,150062436832302
5014;26,309;0,155778852498726
5015;26,313;0,138159763115911
5016;26,317;0,126178782335597
5017;26,321;0,110543471905514
5018;26,325;0,118870123036059
5019;26,329;0,0964220980446204
5020;26,333;0,132338938030922
5021;26,337;0,126178782335597
5022;26,342;0,117303981757586
5023;26,346;0,126257089399521
5024;26,350;0,139256062010842
5025;26,354;0,142440549277069
5026;26,358;0,126909648265551
5027;26,362;0,0812044252887965
5028;26,366;0,129441576665748
5029;26,370;0,0867381244727324
5030;26,375;0,11759110765864
5031;26,379;0,112292329666475
5032;26,383;0,108455283534217
5033;26,387;0,134714252303272
5034;26,391;0,125943861143826
5035;26,395;0,111848589637574
5036;26,399;0,106314890453638
5037;26,403;0,133644055762982
5038;26,408;0,105140284494784
5039;26,412;0,122628862104393
5040;26,416;0,128554096607947
5041;26,420;0,145964367153632
5042;26,424;0,0800820240392245
5043;26,428;0,122367838557981
5044;26,432;0,120331854895966
5045;26,436;0,0986146958344818
5046;26,441;0,0938640672897821
5047;26,445;0,0906273753142724
5048;26,449;0,121088823180561
5049;26,453;0,0949081614754304
5050;26,457;0,0754358049130896
5051;26,461;0,113806266235665
5052;26,465;0,0906534776689136
5053;26,469;0,0689885233167114
5054;26,474;0,0813349370620025
5055;26,478;0,0806562758413311
5056;26,482;0,0761927731976846
5057;26,486;0,0999459159211834
5058;26,490;0,0855113138045957
5059;26,494;0,092846075458775
5060;26,498;0,0742611989542353
5061;26,502;0,0638724618070347
5062;26,506;0,0911755247617377
5063;26,511;0,122054610302286
5064;26,515;0,114067289782077
5065;26,519;0,116103273444091
5066;26,523;0,0892700528729296
5067;26,527;0,0876517068851747
5068;26,531;0,112475046148963
5069;26,535;0,129572088438954
5070;26,539;0,160320662206296
5071;26,544;0,157475505550405
5072;26,548;0,218346196573701
5073;26,552;0,272299763617076
5074;26,556;0,36491091788408
5075;26,560;0,447811996224555
5076;26,564;0,638881232198194
5077;26,568;0,912877648866949
5078;26,572;1,19645362968903
5079;26,577;1,71782206129251
5080;26,581;2,34524435980321
5081;26,585;3,25420665547398
5082;26,589;4,46457284018677
5083;26,593;5,87785872988031
5084;26,597;7,62447168834206
5085;26,601;9,71576623984096
5086;26,605;11,9068761954878
5087;26,610;14,2814334995531
5088;26,614;16,6518144268758
5089;26,618;18,8163782878526
5090;26,622;20,8485771084438
5091;26,626;22,5396442562291
5092;26,630;23,8216875067866
5093;26,634;24,3062255159913
5094;26,638;24,4843479840629
5095;26,643;24,2437886836896
5096;26,647;23,6569816490006
5097;26,651;22,4736314013415
5098;26,655;20,8754886360789
5099;26,659;19,5710234628845
5100;26,663;17,8850201718997
5101;26,667;16,240545727149
5102;26,671;14,8136344083327
5103;26,675;13,3146283859974
5104;26,680;12,091289331028
5105;26,684;10,7522907426433
5106;26,688;9,55722053775027
5107;26,692;8,60184825552743
5108;26,696;7,67824253890295
5109;26,700;6,91315642201452
5110;26,704;6,34344642961552
5111;26,708;5,6261276217205
5112;26,713;5,11799308392011
5113;26,717;4,70369651105487
5114;26,721;4,3161809540515
5115;26,725;3,83193007074782
5116;26,729;3,52225173528454
5117;26,733;3,28119649017299
5118;26,737;3,05575045313688
5119;26,741;2,86387204416936
5120;26,746;2,6800070580767
5121;26,750;2,48755439730707
5122;26,754;2,30632574903317
5123;26,758;2,32005558757444
5124;26,762;2,245663876847
5125;26,766;2,27051331846543
5126;26,770;2,41128331704546
5127;26,774;2,59901145162503
5128;26,779;3,12526102354641
5129;26,783;3,81577271322491
5130;26,787;4,84765099690113
5131;26,791;6,22408036184128
5132;26,795;8,04331007091488
5133;26,799;10,548614069378
5134;26,803;13,6918074105629
5135;26,807;17,7162423467896
5136;26,812;21,866412325323
5137;26,816;27,3086488585962
5138;26,820;33,1671135389781
5139;26,824;39,7493443088514
5140;26,828;46,3028624886194
5141;26,832;53,1585154233593
5142;26,836;59,4110734541142
5143;26,840;65,5134646386181
5144;26,844;70,7562008753686
5145;26,849;73,8921638643179
5146;26,853;76,2283768094152
5147;26,857;77,9377156054493
5148;26,861;75,9285651640063
5149;26,865;72,7609661212319
5150;26,869;67,7996393698683
5151;26,873;62,5093185406069
5152;26,877;56,5887824608882
5153;26,882;51,1244633355886
5154;26,886;45,6316404390207
5155;26,890;40,7242933570552
5156;26,894;35,9708196556995
5157;26,898;31,659728660803
5158;26,902;28,1835997861695
5159;26,906;25,323669197551
5160;26,910;22,571880664211
5161;26,915;20,2638321597715
5162;26,919;18,3436646453003
5163;26,923;16,2524222985107
5164;26,927;14,7651101310547
5165;26,931;13,6094805840245
5166;26,935;12,3758310989718
5167;26,939;11,3984545317864
5168;26,943;10,5449336373736
5169;26,948;9,68008432104643
5170;26,952;9,02272262176226
5171;26,956;8,16784440490808
5172;26,960;7,65020861001829
5173;26,964;7,21038393431395
5174;26,968;6,70987128406879
5175;26,972;6,40671853726581
5176;26,976;5,91792584425456
5177;26,981;5,57047740162545
5178;26,985;5,23660218340976
5179;26,989;4,93444132608314
5180;26,993;4,67827281763433
5181;26,997;4,43217981807703
5182;27,001;4,15823560611756
5183;27,005;3,87849667142774
5184;27,009;3,72350088956825
5185;27,013;3,5244443330744
5186;27,018;3,37166725135941
5187;27,022;3,21565347766891
5188;27,026;3,15094574051336
5189;27,030;3,00534680632471
5190;27,034;2,77595931373777
5191;27,038;2,70310764193416
5192;27,042;2,48504857126152
5193;27,046;2,44973208543196
5194;27,051;2,3313057024248
5195;27,055;2,24981415123495
5196;27,059;2,20489199889744
5197;27,063;2,04269196715697
5198;27,067;1,96182687247851
5199;27,071;1,93512416368056
5200;27,075;1,89336039625463
5201;27,079;1,67963431645242
5202;27,084;1,62633330827507
5203;27,088;1,59028595651557
5204;27,092;1,57036985992432
5205;27,096;1,51111751488878
5206;27,100;1,46157524577977
5207;27,104;1,36932952447774
5208;27,108;1,38446889016964
5209;27,112;1,35977606267906
5210;27,117;1,29499001845959
5211;27,121;1,27353388294451
5212;27,125;1,24795357539613
5213;27,129;1,33012378780665
5214;27,133;1,37055633514588
5215;27,137;1,45893890796101
5216;27,141;1,7353628436114
5217;27,145;2,01839067498601
5218;27,150;2,48100270629213
5219;27,154;3,04760651848882
5220;27,158;3,90214540473267
5221;27,162;5,05704408583289
5222;27,166;6,63699350991054
5223;27,170;8,30942357648199
5224;27,174;10,2439473860058
5225;27,178;12,4401734031624
5226;27,182;14,8257197985316
5227;27,187;16,9949037762799
5228;27,191;19,2721515022427
5229;27,195;21,3743046332724
5230;27,199;22,8234290558883
5231;27,203;23,825002505826
5232;27,207;24,2838296957092
5233;27,211;24,3623716808246
5234;27,215;24,1905398802215
5235;27,220;23,3246203673541
5236;27,224;22,0757793119002
5237;27,228;20,7242776956424
5238;27,232;19,1677420836779
5239;27,236;17,5916036033779
5240;27,240;16,1775085406904
5241;27,244;14,6466054409836
5242;27,248;13,1391683580992
5243;27,253;11,9560269292772
5244;27,257;10,7241524043401
5245;27,261;9,55155632679313
5246;27,265;8,76762430985374
5247;27,269;7,78275636688634
5248;27,273;7,01007446479732
5249;27,277;6,5133205536205
5250;27,281;5,7969675328472
5251;27,286;5,25873698014551
5252;27,290;4,98074690321665
5253;27,294;4,53658923664186
5254;27,298;4,13490010106832
5255;27,302;3,84297136676105
5256;27,306;3,67393251810459
5257;27,310;3,27970865595844
5258;27,314;3,1811200624786
5259;27,319;2,98339472607145
5260;27,323;2,72670417052982
5261;27,327;2,5625725645459
5262;27,331;2,46116491676481
5263;27,335;2,3066650796435
5264;27,339;2,10050868268725
5265;27,343;2,04835617811412
5266;27,347;1,92264723816206
5267;27,351;1,80536935875912
5268;27,356;1,69258108435446
5269;27,360;1,63419011702208
5270;27,364;1,59490607328706
5271;27,368;1,50258204492111
5272;27,372;1,44134592093284
5273;27,376;1,36168153456787
5274;27,380;1,28029439279659
5275;27,384;1,2524953851037
5276;27,389;1,21339405785117
5277;27,393;1,1111772370762
5278;27,397;1,09877861862163
5279;27,401;1,11002873347199
5280;27,405;1,04419859506686
5281;27,409;0,996196364881683
5282;27,413;0,935090752666617
5283;27,417;0,913216979477285
5284;27,422;0,856966405225483
5285;27,426;0,823581493639378
5286;27,430;0,815750787247016
5287;27,434;0,752530884306012
5288;27,438;0,73650403855631
5289;27,442;0,794503470569073
5290;27,446;0,730552701698115
5291;27,450;0,684586455174948
5292;27,455;0,672370553202863
5293;27,459;0,697115585402728
5294;27,463;0,669290475355201
5295;27,467;0,603512541659358
5296;27,471;0,646085482079167
5297;27,475;0,615310805957184
5298;27,479;0,57913294242447
5299;27,483;0,609672697354683
5300;27,488;0,627213479673574
5301;27,492;0,69889054551833
5302;27,496;0,749163680557296
5303;27,500;0,959679170738634
5304;27,504;1,16956820440858
5305;27,508;1,54369325348101
5306;27,512;2,11215033285723
5307;27,516;2,85580641658523
5308;27,520;3,95403688575939
5309;27,525;5,40913874758814
5310;27,529;7,11424896217038
5311;27,533;9,24694184813024
5312;27,537;11,9145502877524
5313;27,541;14,7433407672839
5314;27,545;17,9389476365884
5315;27,549;21,2271656601599
5316;27,553;24,583432522281
5317;27,558;27,421280518873
5318;27,562;30,1446174856541
5319;27,566;32,1033381779304
5320;27,570;34,0205039216178
5321;27,574;34,4137097919329
5322;27,578;34,2445926362125
5323;27,582;33,1946515231246
5324;27,586;31,7064779779654
5325;27,591;30,1696235414004
5326;27,595;27,7768206914409
5327;27,599;25,5480711404014
5328;27,603;22,9022842692594
5329;27,607;20,940300782653
5330;27,611;18,7894145555082
5331;27,615;16,8132052856224
5332;27,619;15,341711145079
5333;27,624;13,6664359218516
5334;27,628;12,2279612599293
5335;27,632;11,0836862371681
5336;27,636;9,98193195011736
5337;27,640;9,06947193892467
5338;27,644;8,09645446496438
5339;27,648;7,53812509918895
5340;27,652;6,86781663200274
5341;27,657;6,34777942048596
5342;27,661;5,77882639637156
5343;27,665;5,44260196623817
5344;27,669;4,90674672780882
5345;27,673;4,57433324145305
5346;27,677;4,29031352060207
5347;27,681;3,9654436147376
5348;27,685;3,71846313512249
5349;27,689;3,52496638016722
5350;27,694;3,29664908412058
5351;27,698;3,0700806458349
5352;27,702;2,90219030078265
5353;27,706;2,7592538067674
5354;27,710;2,58363716474136
5355;27,714;2,51859009697547
5356;27,718;2,32203936652718
5357;27,722;2,16607779754596
5358;27,727;2,09254746452168
5359;27,731;2,04558932852215
5360;27,735;1,86550918385246
5361;27,739;1,74285421939342
5362;27,743;1,66303321890061
5363;27,747;1,64369137411148
5364;27,751;1,66078841640147
5365;27,755;1,49905822704455
5366;27,760;1,4030015619649
5367;27,764;1,33341268449144
5368;27,768;1,27204604872996
5369;27,772;1,2547140852482
5370;27,776;1,19313863064959
5371;27,780;1,11718077864368
5372;27,784;1,097369091471
5373;27,788;1,10681814385112
5374;27,793;1,03976119477786
5375;27,797;1,00073817458925
5376;27,801;0,970433340850811
5377;27,805;0,934046658480968
5378;27,809;0,903715722387885
5379;27,813;0,836058419157875
5380;27,817;0,859681050108168
5381;27,821;0,839216804069462
5382;27,826;0,787534141879871
5383;27,830;0,745561555616809
5384;27,834;0,70797416493347
5385;27,838;0,706381921300357
5386;27,842;0,709618613275866
5387;27,846;0,644101703126436
5388;27,850;0,631911903508992
5389;27,854;0,666732444600363
5390;27,858;0,592340733872921
5391;27,863;0,61716407313671
5392;27,867;0,558198854002222
5393;27,871;0,548384368657128
5394;27,875;0,561305034204526
5395;27,879;0,530191027472206
5396;27,883;0,515077764134947
5397;27,887;0,477359861678402
5398;27,891;0,479604664177546
5399;27,896;0,553317713684316
5400;27,900;0,528938114449428
5401;27,904;0,489941196615464
5402;27,908;0,431367512800595
5403;27,912;0,443557312418039
5404;27,916;0,437501566141278
5405;27,920;0,421866255711195
5406;27,924;0,420691649752341
5407;27,929;0,371332097125818
5408;27,933;0,36814760985959
5409;27,937;0,355070330184345
5410;27,941;0,421631334519424
5411;27,945;0,359351116345503
5412;27,949;0,362196273001395
5413;27,953;0,319440616099097
5414;27,957;0,308869162469408
5415;27,962;0,32124167856934
5416;27,966;0,330508014466969
5417;27,970;0,312941129793436
5418;27,974;0,355540172567887
5419;27,978;0,307250816481653
5420;27,982;0,291067356604105
5421;27,986;0,295817985148804
5422;27,990;0,3022130620359
5423;27,995;0,289214089424579
5424;27,999;0,26112795583064
5425;28,003;0,295243733346698
5426;28,007;0,261989333533799
5427;28,011;0,270733622338604
5428;28,015;0,258804846267572
5429;28,019;0,233981507003784
5430;28,023;0,286812672797588
5431;28,027;0,263868703067966
5432;28,032;0,242021032233276
5433;28,036;0,22526332055362
5434;28,040;0,223122927473041
5435;28,044;0,245623157173762
5436;28,048;0,253271147083636
5437;28,052;0,223618872211224
5438;28,056;0,224010407530843
5439;28,060;0,239776229734132
5440;28,065;0,229779027906549
5441;28,069;0,231684499795358
5442;28,073;0,177783137461264
5443;28,077;0,252984021182583
5444;28,081;0,222888006281271
5445;28,085;0,199865729487726
5446;28,089;0,232049932760334
5447;28,093;0,256429531995222
5448;28,098;0,239410796769155
5449;28,102;0,214091512767184
5450;28,106;0,198952147075283
5451;28,110;0,255568154292062
5452;28,114;0,232284853952105
5453;28,118;0,205608247508791
5454;28,122;0,207357105269752
5455;28,126;0,219311983695425
5456;28,131;0,203781082683907
5457;28,135;0,223044620409118
5458;28,139;0,187936953416694
5459;28,143;0,191878408967516
5460;28,147;0,224219226367972
5461;28,151;0,219494700177914
5462;28,155;0,207226593496546
5463;28,159;0,211350765529857
5464;28,164;0,204016003875678
5465;28,168;0,181254750628545
5466;28,172;0,18180290007601
5467;28,176;0,196054785710109
5468;28,180;0,216049189365274
5469;28,184;0,21184671026804
5470;28,188;0,215474937563168
5471;28,192;0,198638918819589
5472;28,196;0,195454431553362
5473;28,201;0,203363445009647
5474;28,205;0,235886978892592
5475;28,209;0,235103908253356
5476;28,213;0,2377924507814
5477;28,217;0,232728593981006
5478;28,221;0,281853225415758
5479;28,225;0,340609625713116
5480;28,229;0,46195947244009
5481;28,234;0,62408119711663
5482;28,238;0,813479882393231
5483;28,242;1,24022727842233
5484;28,246;1,82922691090118
5485;28,250;2,66212694514747
5486;28,254;3,72913899817075
5487;28,258;5,0843471487876
5488;28,262;7,08253460128131
5489;28,267;9,37742751898163
5490;28,271;12,2441708221615
5491;28,275;15,5889004435312
5492;28,279;18,9612985608206
5493;28,283;22,5797113706033
5494;28,287;26,4786983904244
5495;28,291;30,10235777349
5496;28,295;33,3839719013373
5497;28,300;35,6852076912154
5498;28,304;37,1651067899533
5499;28,308;37,6562747972369
5500;28,312;37,1375949081615
5501;28,316;35,7499415307256
5502;28,320;34,0532623766925
5503;28,324;31,7912845281947
5504;28,328;29,0620484292647
5505;28,333;26,5156593245964
5506;28,337;24,0193084337752
5507;28,341;21,7320896083394
5508;28,345;19,4162887045715
5509;28,349;17,4547228556394
5510;28,353;15,7508916564345
5511;28,357;14,0218455826463
5512;28,361;12,6928964007985
5513;28,365;11,4096785442821
5514;28,370;10,4035110799275
5515;28,374;9,40415633013423
5516;28,378;8,52234048329032
5517;28,382;7,79473734766666
5518;28,386;7,11495372574569
5519;28,390;6,7328674585077
5520;28,394;6,02374478997001
5521;28,398;5,68932142230686
5522;28,403;5,2133188830698
5523;28,407;4,76501094210707
5524;28,411;4,4794772846869
5525;28,415;4,05586217121474
5526;28,419;3,98060908278414
5527;28,423;3,7778198895766
5528;28,427;3,48487316343833
5529;28,431;3,37292016438219
5530;28,436;3,13233476165418
5531;28,440;2,96872520276309
5532;28,444;2,79522285146298
5533;28,448;2,73544845933462
5534;28,452;2,49867400038423
5535;28,456;2,38071745976061
5536;28,460;2,31279913298419
5537;28,464;2,24023458708163
5538;28,469;2,09408750344551
5539;28,473;2,03277307239331
5540;28,477;1,98156025258727
5541;28,481;1,86587461681743
5542;28,485;1,76245708772897
5543;28,489;1,70706789118033
5544;28,493;1,60821827415407
5545;28,497;1,54896592911853
5546;28,502;1,44881119436022
5547;28,506;1,36690200549611
5548;28,510;1,3649965336073
5549;28,514;1,32451178155879
5550;28,518;1,22114645717961
5551;28,522;1,18170579931674
5552;28,526;1,20702508331872
5553;28,530;1,1080710568739
5554;28,534;1,03824725820867
5555;28,539;0,990427744505976
5556;28,543;1,0332617084722
5557;28,547;0,992489830522632
5558;28,551;0,908440248577944
5559;28,555;0,879623249054051
5560;28,559;0,869365023680056
5561;28,563;0,860725144293817
5562;28,567;0,81541145663668
5563;28,572;0,800298193299421
5564;28,576;0,778189498918318
5565;28,580;0,7432123436991
5566;28,584;0,751930530149264
5567;28,588;0,710166762723332
5568;28,592;0,691164248544533
5569;28,596;0,675581142823732
5570;28,600;0,678113071223929
5571;28,605;0,651044929460997
5572;28,609;0,62149706400715
5573;28,613;0,589104041897412
5574;28,617;0,609098445552576
5575;28,621;0,564567828534676
5576;28,625;0,592236324454356
5577;28,629;0,548201652174639
5578;28,633;0,55383976077714
5579;28,638;0,470625454180971
5580;28,642;0,489575763650487
5581;28,646;0,547757912145739
5582;28,650;0,489967298970105
5583;28,654;0,480961986618889
5584;28,658;0,50346221631961
5585;28,662;0,42455479823924
5586;28,666;0,487122142314214
5587;28,671;0,521942683405585
5588;28,675;0,501791665622572
5589;28,679;0,543085590664963
5590;28,683;0,646111584433809
5591;28,687;0,806406144285464
5592;28,691;0,974218182273787
5593;28,695;1,33915520251251
5594;28,699;1,80150621027222
5595;28,703;2,52046946650964
5596;28,708;3,43522648491075
5597;28,712;4,75783279458073
5598;28,716;6,39468535177621
5599;28,720;8,29538050968502
5600;28,724;10,641512349546
5601;28,728;13,3155158660552
5602;28,732;16,0605699918978
5603;28,736;18,9816583974407
5604;28,741;21,8649766958178
5605;28,745;24,4740636563343
5606;28,749;26,2776580549778
5607;28,753;27,5702466568104
5608;28,757;28,5858109688359
5609;28,761;28,8842130870942
5610;28,765;28,5623710543681
5611;28,769;28,1851920298026
5612;28,774;26,2281157858688
5613;28,778;24,7815754963624
5614;28,782;22,9814788132408
5615;28,786;21,0507659474946
5616;28,790;19,126630875118
5617;28,794;17,3419606835893
5618;28,798;15,5111415290551
5619;28,802;14,1406373986185
5620;28,807;12,7392541826413
5621;28,811;11,4851404515499
5622;28,815;10,2615925777433
5623;28,819;9,44383190918886
5624;28,823;8,49193124013331
5625;28,827;7,56796009054385
5626;28,831;7,13617494006899
5627;28,835;6,43879833111985
5628;28,840;5,77342320896083
5629;28,844;5,28061075333484
5630;28,848;4,89951637557321
5631;28,852;4,57047009296615
5632;28,856;4,23361920632136
5633;28,860;3,98924896217038
5634;28,864;3,58061660026228
5635;28,868;3,36307957668245
5636;28,872;3,1785881340784
5637;28,877;3,03442482939501
5638;28,881;2,89242802014684
5639;28,885;2,61819668228632
5640;28,889;2,52229663133452
5641;28,893;2,3662045505801
5642;28,897;2,22640033912179
5643;28,901;2,09058978792359
5644;28,905;2,00322520693947
5645;28,910;1,85123119586372
5646;28,914;1,79970514780197
5647;28,918;1,69336415499369
5648;28,922;1,61020205310681
5649;28,926;1,63458165234169
5650;28,930;1,5327302645317
5651;28,934;1,4629847729304
5652;28,938;1,39070735292889
5653;28,943;1,34126949323845
5654;28,947;1,24719660711153
5655;28,951;1,21947590648257
5656;28,955;1,23075212368757
5657;28,959;1,08966889685185
5658;28,963;1,12336703669365
5659;28,967;1,05500496988832
5660;28,971;1,01123132115502
5661;28,976;0,971764560937513
5662;28,980;0,931723548917901
5663;28,984;0,90295875410329
5664;28,988;0,837807276918836
5665;28,992;0,851093375431211
5666;28,996;0,811026261056957
5667;29,000;0,768766548892843
5668;29,004;0,772473083251894
5669;29,009;0,675711654596938
5670;29,013;0,696280310054209
5671;29,017;0,674432639219519
5672;29,021;0,678635118316753
5673;29,025;0,681662991455133
5674;29,029;0,619069545025518
5675;29,033;0,622880488803134
5676;29,037;0,600354156747772
5677;29,041;0,586206680532237
5678;29,046;0,606853643053433
5679;29,050;0,530425948663977
5680;29,054;0,501139106756542
5681;29,058;0,498137335972803
5682;29,062;0,538726497439881
5683;29,066;0,466449077438378
5684;29,070;0,509465757887087
5685;29,074;0,461672346539037
5686;29,079;0,47104309185523
5687;29,083;0,462455417178273
5688;29,087;0,461881165376166
5689;29,091;0,445880421981106
5690;29,095;0,436248653118501
5691;29,099;0,40965035373911
5692;29,103;0,425833813616659
5693;29,107;0,436744597856683
5694;29,112;0,389734257147869
5695;29,116;0,410851062052606
5696;29,120;0,409806967866957
5697;29,124;0,414975234085916
5698;29,128;0,381433708371965
5699;29,132;0,42217948396689
5700;29,136;0,347422340274471
5701;29,140;0,371044971224764
5702;29,145;0,381851346046224
5703;29,149;0,392057366710936
5704;29,153;0,391979059647013
5705;29,157;0,425233459459911
5706;29,161;0,403516300398426
5707;29,165;0,407353346530684
5708;29,169;0,393388586797638
5709;29,173;0,359559935182633
5710;29,178;0,382712723749384
5711;29,182;0,41309586455175
5712;29,186;0,345751789577434
5713;29,190;0,360473517595075
5714;29,194;0,360316903467228
5715;29,198;0,362770524803501
5716;29,202;0,327114708363612
5717;29,206;0,333431478186784
5718;29,210;0,304875502209303
5719;29,215;0,30717250941773
5720;29,219;0,275144920272968
5721;29,223;0,285794680966581
5722;29,227;0,234921191770867
5723;29,231;0,27626732152254
5724;29,235;0,278303305184554
5725;29,239;0,277702951027806
5726;29,243;0,286264523350122
5727;29,248;0,241133552175475
5728;29,252;0,240663709791933
5729;29,256;0,248651030312142
5730;29,260;0,230301074999374
5731;29,264;0,238497214356713
5732;29,268;0,270159370536497
5733;29,272;0,219755723724326
5734;29,276;0,234268632904837
5735;29,281;0,217641432998388
5736;29,285;0,225628753518597
5737;29,289;0,206939467595493
5738;29,293;0,222209345060599
5739;29,297;0,204407539195296
5740;29,301;0,210802616082392
5741;29,305;0,243300047610695
5742;29,309;0,233511664620242
5743;29,314;0,192061125450005
5744;29,318;0,216571236458098
5745;29,322;0,239175875577384
5746;29,326;0,229726823197267
5747;29,330;0,242725795808588
5748;29,334;0,217014976486999
5749;29,338;0,232676389271723
5750;29,342;0,21941639311399
5751;29,347;0,17639971266528
5752;29,351;0,208375097100759
5753;29,355;0,186814552167122
5754;29,359;0,200570493063038
5755;29,363;0,183708371964818
5756;29,367;0,175251209061067
5757;29,371;0,167890345052246
5758;29,375;0,192139432513928
5759;29,379;0,193418447891347
5760;29,384;0,189920732369426
5761;29,388;0,208087971199706
5762;29,392;0,172849792434076
5763;29,396;0,197725336407147
5764;29,400;0,173658965427953
5765;29,404;0,169717509877131
5766;29,408;0,176138689118868
5767;29,412;0,179479790512943
5768;29,417;0,156770741975092
5769;29,421;0,13792484192414
5770;29,425;0,15196790872111
5771;29,429;0,163191921216829
5772;29,433;0,173476248945465
5773;29,437;0,160555583398067
5774;29,441;0,16666353438411
5775;29,445;0,144633147066931
5776;29,450;0,186684040393916
5777;29,454;0,163479047117882
5778;29,458;0,131764686228815
5779;29,462;0,130224647304984
5780;29,466;0,127457797713016
5781;29,470;0,126596420009856
5782;29,474;0,149331570902348
5783;29,478;0,153507947644941
5784;29,483;0,196602935157575
5785;29,487;0,178200775135523
5786;29,491;0,234503554096608
5787;29,495;0,302839518547289
5788;29,499;0,326227228305811
5789;29,503;0,51233701689762
5790;29,507;0,671848506110039
5791;29,511;1,0210980112094
5792;29,516;1,46408107182533
5793;29,520;2,08403809690865
5794;29,524;2,92429899516376
5795;29,528;4,02127655131514
5796;29,532;5,39935036459769
5797;29,536;7,29224091846877
5798;29,540;9,25075279190785
5799;29,544;11,7397950234295
5800;29,548;14,068281671553
5801;29,553;16,5944675537291
5802;29,557;18,9050218842141
5803;29,561;20,6038936360371
5804;29,565;22,3751472172802
5805;29,569;23,521275507221
5806;29,573;24,2625562766766
5807;29,577;24,5201082099214
5808;29,581;24,4276275674276
5809;29,586;23,647715313103
5810;29,590;22,4477117631827
5811;29,594;20,9885118316753
5812;29,598;19,5190275724393
5813;29,602;18,2321814886277
5814;29,606;16,4463366911402
5815;29,610;14,9287979970097
5816;29,614;13,6453452193015
5817;29,619;12,5004176376743
5818;29,623;11,2946976720876
5819;29,627;10,0999667978049
5820;29,631;9,20353363236191
5821;29,635;8,41623441167381
5822;29,639;7,62199196465115
5823;29,643;7,05773736437217
5824;29,647;6,71798911636221
5825;29,652;6,38792484192414
5826;29,656;6,18085486255544
5827;29,660;6,16767317346163
5828;29,664;6,40564834072552
5829;29,668;7,15235839994654
5830;29,672;7,99562106898539
5831;29,676;9,29737159729705
5832;29,680;11,0920389906533
5833;29,685;13,4067696978809
5834;29,689;16,2876343749217
5835;29,693;19,6253424628929
5836;29,697;23,6930028984055
5837;29,701;28,3815600437684
5838;29,705;33,5135700921309
5839;29,709;39,4167220036585
5840;29,713;45,1558467186208
5841;29,717;51,5289193207541
5842;29,722;57,6019453562867
5843;29,726;63,0393268515966
5844;29,730;68,4614906741507
5845;29,734;73,5183259411465
5846;29,738;76,3182994211542
5847;29,742;77,3792035231914
5848;29,746;76,0233167113539
5849;29,750;73,2230300030905
5850;29,755;69,6555167848581
5851;29,759;64,2777008628394
5852;29,763;59,5926414329984
5853;29,767;54,0049103749551
5854;29,771;48,5470385312518
5855;29,775;43,2279007024666
5856;29,779;38,4657871217247
5857;29,783;34,7559377636338
5858;29,788;30,7365144794982
5859;29,792;28,0415246698574
5860;29,796;25,2735526766399
5861;29,800;22,7680920640489
5862;29,804;20,5343047585637
5863;29,808;18,8134548241328
5864;29,812;16,9969397599419
5865;29,816;15,7837284185732
5866;29,821;14,3849815404148
5867;29,825;13,3362150332857
5868;29,829;12,4379024983086
5869;29,833;11,5400337033603
5870;29,837;10,6129824759232
5871;29,841;9,81273648733305
5872;29,845;9,23185468714762
5873;29,849;8,73705845256889
5874;29,854;8,37789005270587
5875;29,858;7,81976950576758
5876;29,862;7,26728706743178
5877;29,866;6,93202842442011
5878;29,870;6,53208814660753
5879;29,874;6,20121469917558
5880;29,878;5,90226443146983
5881;29,882;5,5927427101344
5882;29,886;5,46531101477602
5883;29,891;5,17844613726915
5884;29,895;4,91014003391218
5885;29,899;4,67803789644256
5886;29,903;4,50758952063548
5887;29,907;4,25397904294151
5888;29,911;4,10548274738768
5889;29,915;3,95669932593279
5890;29,919;3,69335266995765
5891;29,924;3,50862630616183
5892;29,928;3,49909894671779
5893;29,932;3,37474732920707
5894;29,936;3,13872983854128
5895;29,940;3,04042837096249
5896;29,944;3,00411999565657
5897;29,948;2,84753197016396
5898;29,952;2,68209524644799
5899;29,957;2,65489659291185
5900;29,961;2,57032496387434
5901;29,965;2,37152943092691
5902;29,969;2,3515089249171
5903;29,973;2,29270031991046
5904;29,977;2,2053096365717
5905;29,981;2,09257356687632
5906;29,985;2,07795624827724
5907;29,990;2,02021783981089
5908;29,994;1,96305368314665
5909;29,998;1,90338370043685
5910;30,002;1,84856875569031
5911;30,006;1,74541225014826
5912;30,010;1,71675186475222
5913;30,014;1,67373518430351
5914;30,018;1,62923066964025
5915;30,023;1,64178590222267
5916;30,027;1,57929686521162
5917;30,031;1,65133936402135
5918;30,035;1,6624589670985
5919;30,039;1,7273233183819
5920;30,043;1,9442077830957
5921;30,047;2,27643855296899
5922;30,051;2,60034267171173
5923;30,055;3,27816861703461
5924;30,060;4,16818060323586
5925;30,064;5,16223657503696
5926;30,068;6,58053411682161
5927;30,072;8,3430695116145
5928;30,076;10,331599092891
5929;30,080;12,652124522849
5930;30,084;14,9684213713551
5931;30,088;17,5328472030805
5932;30,093;19,9803866907226
5933;30,097;22,3581545844088
5934;30,101;24,2680377711513
5935;30,105;26,102824483591
5936;30,109;27,3351688509117
5937;30,113;28,1192574819789
5938;30,117;28,7495771418548
5939;30,121;28,9515049573592
5940;30,126;29,3250557546295
5941;30,130;29,3974375840496
5942;30,134;29,5433497464939
5943;30,138;29,9069294442913
5944;30,142;29,9812428479548
5945;30,146;30,6993186241344
5946;30,150;31,1325133017599
5947;30,154;31,9329942115418
5948;30,159;32,735276183794
5949;30,163;32,8739579940027
5950;30,167;32,6110550780565
5951;30,171;32,5726324120246
5952;30,175;31,5434687732311
5953;30,179;30,8217386674017
5954;30,183;29,4984014918018
5955;30,187;28,0432213229091
5956;30,192;26,4772105562099
5957;30,196;24,2229329023313
5958;30,200;22,5890038088556
5959;30,204;20,880134855205
5960;30,208;18,960828718437
5961;30,212;17,4179707403045
5962;30,216;15,9648787597832
5963;30,220;14,4634452184663
5964;30,224;13,174980788667
5965;30,229;11,922433198854
5966;30,233;10,9888302804019
5967;30,237;10,0548097242756
5968;30,241;9,27638530416552
5969;30,245;8,48010687348084
5970;30,249;7,78821175900636
5971;30,253;7,27903312702032
5972;30,257;6,68324688233476
5973;30,262;6,21157733396814
5974;30,266;5,72346330217756
5975;30,270;5,42399098737899
5976;30,274;5,04263558607095
5977;30,278;4,75650157449403
5978;30,282;4,5093122760418
5979;30,286;4,18893197517562
5980;30,290;3,98522919955563
5981;30,295;3,83221719664888
5982;30,299;3,56500739218683
5983;30,303;3,40672271364255
5984;30,307;3,24324366652467
5985;30,311;3,02009463669699
5986;30,315;2,83359331278556
5987;30,319;2,70992035649552
5988;30,323;2,69290162126945
5989;30,328;2,52148745834064
5990;30,332;2,4981519532914
5991;30,336;2,47184077981307
5992;30,340;2,47124042565632
5993;30,344;2,52130474185815
5994;30,348;2,72800928826188
5995;30,352;2,95786662323235
5996;30,356;3,49186859448217
5997;30,361;4,0546353605466
5998;30,365;4,88495126168341
5999;30,369;5,83687803309361
6000;30,373;7,39659813232432
6001;30,377;9,35772024122752
6002;30,381;11,8274989350239
6003;30,385;14,5217056740254
6004;30,389;17,2770963323059
6005;30,393;20,3978938532087
6006;30,398;23,6955870315149
6007;30,402;26,8562950526641
6008;30,406;29,7826561338445
6009;30,410;32,1654356796218
6010;30,414;33,8045330393164
6011;30,418;34,7282431653595
6012;30,422;34,9740490390157
6013;30,426;34,282754278698
6014;30,431;33,1828271564721
6015;30,435;31,71415207023
6016;30,439;30,0509883395561
6017;30,443;27,8644462959715
6018;30,447;25,506124656493
6019;30,451;23,1669621453212
6020;30,455;21,3222826404724
6021;30,459;19,2234445084822
6022;30,464;17,5960149013122
6023;30,468;15,9303192422382
6024;30,472;14,4187579873205
6025;30,476;13,3274968468356
6026;30,480;12,0257202161693
6027;30,484;11,0625172275541
6028;30,488;10,2638895849517
6029;30,492;9,33441083853292
6030;30,497;8,58167113538978
6031;30,501;7,88432062879528
6032;30,505;7,42854741440516
6033;30,509;6,81955337827115
6034;30,513;6,43608368623717
6035;30,517;6,02797337142189
6036;30,521;5,70615744105044
6037;30,525;5,4082251651757
6038;30,530;5,09875564854954
6039;30,534;4,80210238805222
6040;30,538;4,52499979118116
6041;30,542;4,38913703527368
6042;30,546;4,14941301024883
6043;30,550;3,92702094870574
6044;30,554;3,80548838549628
6045;30,558;3,55529731626031
6046;30,563;3,39753468480885
6047;30,567;3,34546048729964
6048;30,571;3,14689987554397
6049;30,575;3,1267749601156
6050;30,579;2,944215091755
6051;30,583;2,77392333007576
6052;30,587;2,73912889133903
6053;30,591;2,59123294994195
6054;30,595;2,57290909698382
6055;30,600;2,48567502777291
6056;30,604;2,44469433098621
6057;30,608;2,26910379131481
6058;30,612;2,27839622956708
6059;30,616;2,17448275574043
6060;30,620;2,1205552910517
6061;30,624;2,00828906373986
6062;30,628;1,95960817233401
6063;30,633;1,87226969370453
6064;30,637;1,84896029100993
6065;30,641;1,76107366293299
6066;30,645;1,74489020305544
6067;30,649;1,67300431837355
6068;30,653;1,61059358842642
6069;30,657;1,58566583974407
6070;30,661;1,51988790604823
6071;30,666;1,51743428471196
6072;30,670;1,4583646561589
6073;30,674;1,33234248795115
6074;30,678;1,31326166670843
6075;30,682;1,23398881566308
6076;30,686;1,22187732310956
6077;30,690;1,2041016195989
6078;30,694;1,19212063881859
6079;30,699;1,1686285196415
6080;30,703;1,10047527167331
6081;30,707;1,0890685426951
6082;30,711;1,14560624284795
6083;30,715;1,08797224380017
6084;30,719;1,03320950376292
6085;30,723;1,01389376132842
6086;30,727;0,981709558055813
6087;30,732;0,923475204851279
6088;30,736;0,870356913156422
6089;30,740;0,892491709892166
6090;30,744;0,883303681058461
6091;30,748;0,852946642610737
6092;30,752;0,869756558999674
6093;30,756;0,799671736788032
6094;30,760;0,805570868936945
6095;30,764;0,777771861244059
6096;30,769;0,795965202428981
6097;30,773;0,781791623858805
6098;30,777;0,7726035950251
6099;30,781;0,75876934706526
6100;30,785;0,730317780506344
6101;30,789;0,698968852582254
6102;30,793;0,680540590205561
6103;30,797;0,67900055128173
6104;30,802;0,673884489772053
6105;30,806;0,680436180786996
6106;30,810;0,640003633447766
6107;30,814;0,641543672371597
6108;30,818;0,670125750703719
6109;30,822;0,625986669005438
6110;30,826;0,661303154834991
6111;30,830;0,627056865545727
6112;30,835;0,633190918886411
6113;30,839;0,625673440749743
6114;30,843;0,610507972703202
6115;30,847;0,628361983277788
6116;30,851;0,637080169727951
6117;30,855;0,61565013656752
6118;30,859;0,579002430651264
6119;30,863;0,606122777123479
6120;30,868;0,59641270119695
6121;30,872;0,556815429206238
6122;30,876;0,578297667075952
6123;30,880;0,551177320603737
6124;30,884;0,544834448425924
6125;30,888;0,548880313395311
6126;30,892;0,565220387400707
6127;30,896;0,564672237953241
6128;30,901;0,569709992398994
6129;30,905;0,515077764134947
6130;30,909;0,52314339171908
6131;30,913;0,478482262927974
6132;30,917;0,507247057742585
6133;30,921;0,490228322516518
6134;30,925;0,50239201977932
6135;30,929;0,46195947244009
6136;30,933;0,52204709282415
6137;30,938;0,499442453704864
6138;30,942;0,480231120688935
6139;30,946;0,45115309761863
6140;30,950;0,447994712707044
6141;30,954;0,421735743937989
6142;30,958;0,44034672279717
6143;30,962;0,424711412367087
6144;30,966;0,46023671703377
6145;30,971;0,43666629079276
6146;30,975;0,426277553645559
6147;30,979;0,383730715580391
6148;30,983;0,418472949607838
6149;30,987;0,444496997185122
6150;30,991;0,417167831875778
6151;30,995;0,483076277344827
6152;30,999;0,534471813633364
6153;31,004;0,578062745884181
6154;31,008;0,730161166378497
6155;31,012;0,892178481636472
6156;31,016;1,14717238412643
6157;31,020;1,538237861361
6158;31,024;2,09413970815479
6159;31,028;2,83194886444316
6160;31,032;3,7886523667527
6161;31,037;5,09269990227278
6162;31,041;6,84440281988958
6163;31,045;8,93530583606886
6164;31,049;11,5055524928793
6165;31,053;14,3457497013891
6166;31,057;17,6614012996884
6167;31,061;21,1635803242539
6168;31,065;24,719765120572
6169;31,070;28,3145030946952
6170;31,074;30,9584628010124
6171;31,078;33,5426742175558
6172;31,082;35,1113996291377
6173;31,086;36,0587845908404
6174;31,090;35,5560271380961
6175;31,094;34,6990607328706
6176;31,098;33,3692501733196
6177;31,102;31,2120732787063
6178;31,107;28,9684975902306
6179;31,111;26,5064712957626
6180;31,115;24,2892850878292
6181;31,119;22,0550018376058
6182;31,123;19,791275131347
6183;31,127;18,0763243290651
6184;31,131;16,3825686387518
6185;31,135;14,8396845582646
6186;31,140;13,6175723139633
6187;31,144;12,4188216770658
6188;31,148;11,3483902155846
6189;31,152;10,3740937262469
6190;31,156;9,46022418790354
6191;31,160;8,86047038531252
6192;31,164;8,2568534342346
6193;31,168;7,60267622221665
6194;31,173;7,16757607270237
6195;31,177;6,75106079969262
6196;31,181;6,32548800962237
6197;31,185;5,76405246364464
6198;31,189;5,47068809983211
6199;31,193;5,19201936168258
6200;31,197;4,82512466484577
6201;31,201;4,70528875468798
6202;31,206;4,41453462633957
6203;31,210;4,06126535862547
6204;31,214;3,86006840905104
6205;31,218;3,78275323460379
6206;31,222;3,63504000968919
6207;31,226;3,43966388519976
6208;31,230;3,20957162903751
6209;31,234;3,06034446755373
6210;31,239;2,91487604513828
6211;31,243;2,84199827098003
6212;31,247;2,72393732093785
6213;31,251;2,68718520560303
6214;31,255;2,60966121231864
6215;31,259;2,51099431177488
6216;31,263;2,41491154434059
6217;31,267;2,30227988406378
6218;31,271;2,18134767501107
6219;31,276;2,09194711036493
6220;31,280;2,03507007960174
6221;31,284;1,98805973889293
6222;31,288;1,93120881048438
6223;31,292;1,90296606276259
6224;31,296;1,7567145697079
6225;31,300;1,69104104543063
6226;31,304;1,69858462592194
6227;31,309;1,56065978399779
6228;31,313;1,660240266954
6229;31,317;1,51080428663309
6230;31,321;1,49451641733698
6231;31,325;1,42565840579347
6232;31,329;1,39222128949808
6233;31,333;1,32474670275056
6234;31,337;1,31634174455609
6235;31,342;1,30853714051837
6236;31,346;1,26264920105913
6237;31,350;1,25009396847671
6238;31,354;1,23135247784432
6239;31,358;1,14007254366402
6240;31,362;1,14158648023321
6241;31,366;1,11866861285823
6242;31,370;1,11762451867258
6243;31,375;1,03947406887681
6244;31,379;1,02454352202203
6245;31,383;1,03143454364731
6246;31,387;1,00306128415232
6247;31,391;0,97471412701197
6248;31,395;0,955554998705323
6249;31,399;0,975914835325465
6250;31,403;0,884426082308033
6251;31,408;0,925276267321523
6252;31,412;0,938457956415332
6253;31,416;0,912877648866949
6254;31,420;0,887558364864978
6255;31,424;0,862682820891907
6256;31,428;0,84827432112996
6257;31,432;0,814080236549979
6258;31,436;0,788552133710878
6259;31,440;0,821362793494876
6260;31,445;0,813166654137536
6261;31,449;0,799462917950903
6262;31,453;0,857018609934765
6263;31,457;0,844567786770909
6264;31,461;0,993977664737181
6265;31,465;1,19097213521437
6266;31,469;1,39715463452527
6267;31,473;1,73497130829178
6268;31,478;2,33647396864376
6269;31,482;3,18456557329124
6270;31,486;4,12130077430025
6271;31,490;5,80265784615899
6272;31,494;7,70669410546187
6273;31,498;9,98644765747029
6274;31,502;13,1546209520468
6275;31,506;16,7442167623057
6276;31,511;20,8969708739486
6277;31,515;25,3185531360413
6278;31,519;29,9908224121082
6279;31,523;34,5489982960383
6280;31,527;38,6355829386657
6281;31,531;42,2011384803
6282;31,535;44,7497984898222
6283;31,539;46,7884184896551
6284;31,544;48,2423196431704
6285;31,548;48,5279838123638
6286;31,552;48,0232686830214
6287;31,556;46,5462930480033
6288;31,560;45,1076095672438
6289;31,564;42,1977451741967
6290;31,568;39,3083711295429
6291;31,572;36,4666860868185
6292;31,577;33,7617251777048
6293;31,581;31,1526382171883
6294;31,585;28,3181574243449
6295;31,589;25,5164350865763
6296;31,593;23,3761986201251
6297;31,597;21,3227263805013
6298;31,601;19,3964770173988
6299;31,605;17,4515644707278
6300;31,609;15,966705924608
6301;31,614;14,5727879820583
6302;31,618;13,5534127262552
6303;31,622;12,370427911561
6304;31,626;11,2629311064893
6305;31,630;10,4630505508641
6306;31,634;9,70281947193893
6307;31,638;8,96373130027314
6308;31,642;8,33398589219936
6309;31,647;7,71953646394534
6310;31,651;7,24637908136417
6311;31,655;6,74508336047978
6312;31,659;6,3659205569616
6313;31,663;6,01557475296732
6314;31,667;5,69814401817559
6315;31,671;5,16925810843545
6316;31,675;5,08659195128674
6317;31,680;4,73702921793169
6318;31,684;4,60996295553829
6319;31,688;4,40560762105228
6320;31,692;4,15035269501591
6321;31,696;3,84756538117791
6322;31,700;3,69045530859248
6323;31,704;3,45728297458257
6324;31,708;3,32549218599911
6325;31,713;3,26553507738826
6326;31,717;3,10315232916531
6327;31,721;2,99754220228698
6328;31,725;2,80185284954185
6329;31,729;2,66901796677275
6330;31,733;2,58274968468356
6331;31,737;2,5265252127864
6332;31,741;2,47379845641116
6333;31,746;2,30426366301651
6334;31,750;2,19212794747789
6335;31,754;2,14590067740831
6336;31,758;2,0920515197835
6337;31,762;1,95266494599945
6338;31,766;1,98380505508641
6339;31,770;1,84927351926563
6340;31,774;1,73275260814728
6341;31,778;1,71254938565498
6342;31,783;1,66971542168876
6343;31,787;1,57005663166863
6344;31,791;1,61798055478989
6345;31,795;1,48963527701907
6346;31,799;1,47105040051453
6347;31,803;1,46457701656351
6348;31,807;1,51667731642736
6349;31,811;1,36786779261784
6350;31,816;1,38705302327912
6351;31,820;1,38162373351375
6352;31,824;1,28846442979928
6353;31,828;1,25557546295136
6354;31,832;1,19050229283083
6355;31,836;1,15714348359937
6356;31,840;1,15301931156606
6357;31,844;1,11289999248252
6358;31,849;1,10710526975217
6359;31,853;1,0855186224639
6360;31,857;1,05555311933579
6361;31,861;1,03720316402302
6362;31,865;1,04302398910801
6363;31,869;0,991210815145213
6364;31,873;0,963229090969838
6365;31,877;0,867746677692301
6366;31,882;0,937935909322508
6367;31,886;0,916610285580642
6368;31,890;0,884478287017315
6369;31,894;0,896119937187294
6370;31,898;0,916584183226
6371;31,902;0,86252620676406
6372;31,906;0,876960808880648
6373;31,910;0,857906089992566
6374;31,915;0,792780715162753
6375;31,919;0,84091345712114
6376;31,923;0,797740162544583
6377;31,927;0,738905455183301
6378;31,931;0,780878041446363
6379;31,935;0,7427686036702
6380;31,939;0,796435044812522
6381;31,943;0,771194067874475
6382;31,947;0,768636037119637
6383;31,952;0,811052363411599
6384;31,956;0,761953834331487
6385;31,960;0,727498726205093
6386;31,964;0,721756208184028
6387;31,968;0,799776146206597
6388;31,972;0,760570409535503
6389;31,976;0,717788650278564
6390;31,980;0,685447832878108
6391;31,985;0,693565665171524
6392;31,989;0,638829027488912
6393;31,993;0,688580115435053
6394;31,997;0,667515515239599
6395;32,001;0,630450171649084
6396;32,005;0,639507688709583
6397;32,009;0,606253288896685
6398;32,013;0,643423041905764
6399;32,018;0,587015853526115
6400;32,022;0,598344275440399
6401;32,026;0,579681091871936
6402;32,030;0,610638484476408
6403;32,034;0,587015853526115
6404;32,038;0,566290583940996
6405;32,042;0,555040469090636
6406;32,046;0,553213304265751
6407;32,051;0,575948455158243
6408;32,055;0,536794923196432
6409;32,059;0,558120546938298
6410;32,063;0,565585820365684
6411;32,067;0,537551891481027
6412;32,071;0,49740647004285
6413;32,075;0,52228201401592
6414;32,079;0,494587415741599
6415;32,084;0,444549201894404
6416;32,088;0,477881908771226
6417;32,092;0,427295545476566
6418;32,096;0,464099865520669
6419;32,100;0,452928057734232
6420;32,104;0,476054743946342
6421;32,108;0,458957701656351
6422;32,112;0,439146014483675
6423;32,116;0,441573533465307
6424;32,121;0,419725862630616
6425;32,125;0,406335354699677
6426;32,129;0,409676456093751
6427;32,133;0,422597121641149
6428;32,137;0,420039090886311
6429;32,141;0,397956498859849
6430;32,145;0,398321931824826
6431;32,149;0,369792058201986
6432;32,154;0,384383274446421
6433;32,158;0,399679254266169
6434;32,162;0,383025952005078
6435;32,166;0,391796343164524
6436;32,170;0,4258599159713
6437;32,174;0,400671143742535
6438;32,178;0,404873622839769
6439;32,182;0,41570610001587
6440;32,187;0,419334327310998
6441;32,191;0,444862430150099
6442;32,195;0,416149840044771
6443;32,199;0,417533264840755
6444;32,203;0,401245395544641
6445;32,207;0,432046174021266
6446;32,211;0,464674117322775
6447;32,215;0,453841640146674
6448;32,220;0,427556569022978
6449;32,224;0,418655666090327
6450;32,228;0,375038631484869
6451;32,232;0,418968894346021
6452;32,236;0,409885274930881
6453;32,240;0,426956214866231
6454;32,244;0,42995798564997
6455;32,248;0,435622196607112
6456;32,253;0,42499853826814
6457;32,257;0,391587524327395
6458;32,261;0,418864484927456
6459;32,265;0,395659491651423
6460;32,269;0,433455701171891
6461;32,273;0,387515557003366
6462;32,277;0,413017557487826
6463;32,281;0,41829023312535
6464;32,285;0,396520869354583
6465;32,290;0,426930112511589
6466;32,294;0,41223448684859
6467;32,298;0,405291260514028
6468;32,302;0,45676510386649
6469;32,306;0,421709641583348
6470;32,310;0,425129050041346
6471;32,314;0,438519557972286
6472;32,318;0,443974950092298
6473;32,323;0,520846384510654
6474;32,327;0,530191027472206
6475;32,331;0,672240041429657
6476;32,335;0,830550822328581
6477;32,339;1,05638839468431
6478;32,343;1,35760956724384
6479;32,347;1,9642282891055
6480;32,351;2,62513990862088
6481;32,356;3,54530011443272
6482;32,360;4,80452990703385
6483;32,364;6,2928861686755
6484;32,368;8,30091420886895
6485;32,372;10,8940004259904
6486;32,376;13,9331758839301
6487;32,380;17,338932810451
6488;32,384;21,3153655164925
6489;32,389;25,9820749910208
6490;32,393;31,139926370478
6491;32,397;36,7451982108402
6492;32,401;42,5152281136977
6493;32,405;48,4968176009221
6494;32,409;54,0760914960617
6495;32,413;59,5895874575054
6496;32,417;64,5582750728778
6497;32,422;68,243875343507
6498;32,426;70,3113123428638
6499;32,430;70,2416451583264
6500;32,434;68,6583807352094
6501;32,438;65,2997124564613
6502;32,442;60,7848403788809
6503;32,446;56,2860995564688
6504;32,450;51,4147476215534
6505;32,454;46,5241582512675
6506;32,459;41,7662210472682
6507;32,463;37,8403486021667
6508;32,467;33,8440781065978
6509;32,471;30,4912567552894
6510;32,475;27,6474835241938
6511;32,479;25,0690668303806
6512;32,483;22,9943994787882
6513;32,487;20,8116944813358
6514;32,492;19,185700503671
6515;32,496;17,6575381512015
6516;32,500;16,3770088372132
6517;32,504;15,067218783672
6518;32,508;14,0435366393532
6519;32,512;12,8257834882769
6520;32,516;12,0809527985901
6521;32,520;11,327482229517
6522;32,525;10,6669099406119
6523;32,529;10,0668168074106
6524;32,533;9,32751981690764
6525;32,537;8,71064286967199
6526;32,541;8,38261457889593
6527;32,545;7,92068120881048
6528;32,549;7,54472899491317
6529;32,553;7,17060394584075
6530;32,558;6,78974448927089
6531;32,562;6,45999344308851
6532;32,566;6,27028152955622
6533;32,570;5,95971571403513
6534;32,574;5,62383061451207
6535;32,578;5,37870340207649
6536;32,582;5,21193545827382
6537;32,586;4,98943898731217
6538;32,591;4,78826814009238
6539;32,595;4,71544257064341
6540;32,599;4,41923305017499
6541;32,603;4,22463999632479
6542;32,607;4,05964701263772
6543;32,611;3,956829837706
6544;32,615;3,79857126151636
6545;32,619;3,58983073145062
6546;32,623;3,58755982659684
6547;32,628;3,39252303271774
6548;32,632;3,27960424653987
6549;32,636;3,25198795532947
6550;32,640;3,03648691541167
6551;32,644;2,9425706434126
6552;32,648;2,94364083995289
6553;32,652;2,82103808020314
6554;32,656;2,70934610469341
6555;32,661;2,69679087211099
6556;32,665;2,51770261691767
6557;32,669;2,51073328822846
6558;32,673;2,47854908495586
6559;32,677;2,35511104985759
6560;32,681;2,27059162552936
6561;32,685;2,26406603686905
6562;32,689;2,1963826312844
6563;32,694;2,13438953901154
6564;32,698;2,03449582779963
6565;32,702;1,99596875234921
6566;32,706;2,00468693879938
6567;32,710;1,91711353897812
6568;32,714;1,88396354858379
6569;32,718;1,84843824391711
6570;32,722;1,86013209879637
6571;32,727;1,73575437893101
6572;32,731;1,78822011175984
6573;32,735;1,70281320737381
6574;32,739;1,64455275181464
6575;32,743;1,63512980178916
6576;32,747;1,62612448943794
6577;32,751;1,53750699543104
6578;32,755;1,52803184069629
6579;32,760;1,53505337409477
6580;32,764;1,51490235631176
6581;32,768;1,38958495167932
6582;32,772;1,46601264606878
6583;32,776;1,42346580800361
6584;32,780;1,3727228305811
6585;32,784;1,43427218282507
6586;32,788;1,3598021650337
6587;32,792;1,32696540289506
6588;32,797;1,32030930246156
6589;32,801;1,33975555666926
6590;32,805;1,24933700019211
6591;32,809;1,28037269986051
6592;32,813;1,21691787572773
6593;32,817;1,21809248168659
6594;32,821;1,19248607178356
6595;32,825;1,15977982141813
6596;32,830;1,15737840479114
6597;32,834;1,11269117364539
6598;32,838;1,1123779453897
6599;32,842;1,11600617268483
6600;32,846;1,11611058210339
6601;32,850;1,10626999440366
6602;32,854;1,03430580265785
6603;32,858;1,04017883245212
6604;32,863;1,00637628319175
6605;32,867;1,03441021207641
6606;32,871;1,05816335479991
6607;32,875;0,946732402836595
6608;32,879;0,937074531619348
6609;32,883;0,950804370160623
6610;32,887;0,882833838674919
6611;32,891;0,897920999657537
6612;32,896;0,913425798314414
6613;32,900;0,888028207248519
6614;32,904;0,915879419650688
6615;32,908;0,836110623867158
6616;32,912;0,854982626272751
6617;32,916;0,876308250014617
6618;32,920;0,838146607529172
6619;32,924;0,820397006373151
6620;32,929;0,781948237986652
6621;32,933;0,814602283642803
6622;32,937;0,777223711796594
6623;32,941;0,811470001085858
6624;32,945;0,781530600312393
6625;32,949;0,823946926604355
6626;32,953;0,791553904494617
6627;32,957;0,790927447983228
6628;32,961;0,752191553695676
6629;32,966;0,756968284595017
6630;32,970;0,790431503245045
6631;32,974;0,778189498918318
6632;32,978;0,782522489788759
6633;32,982;0,82384251718579
6634;32,986;0,825930705557087
6635;32,990;0,88544407413904
6636;32,994;0,999459159211834
6637;32,999;1,1114904653319
6638;33,003;1,4004696335647
6639;33,007;1,77328956490507
6640;33,011;2,18860412960132
6641;33,015;2,92362033394308
6642;33,019;3,64469788090644
6643;33,023;4,77492983687072
6644;33,027;6,41713337676765
6645;33,032;8,18353192004744
6646;33,036;10,2846148545368
6647;33,040;12,8230166386849
6648;33,044;15,5732912354558
6649;33,048;18,68706722296
6650;33,052;21,7888883320387
6651;33,056;24,6243088096491
6652;33,060;27,2400779729538
6653;33,065;29,7350976436882
6654;33,069;31,2898582955371
6655;33,073;31,6237074113982
6656;33,077;32,404115610461
6657;33,081;31,1110832685995
6658;33,085;30,3343293991864
6659;33,089;28,6125397799885
6660;33,093;26,7748557061835
6661;33,098;24,9144886861954
6662;33,102;23,1166107032183
6663;33,106;21,2371106572782
6664;33,110;19,4120862254742
6665;33,114;17,7263700603904
6666;33,118;16,1582189006106
6667;33,122;14,5875097100759
6668;33,126;13,5974212961803
6669;33,130;12,5990062311541
6670;33,135;11,5729487725629
6671;33,139;10,6741924975568
6672;33,143;9,82931148253022
6673;33,147;9,1597599836286
6674;33,151;8,59793290233125
6675;33,155;7,96061781141153
6676;33,159;7,49800578010541
6677;33,163;7,0684654321297
6678;33,168;6,54683597697981
6679;33,172;6,16065164006315
6680;33,176;5,85327031180829
6681;33,180;5,5845726731317
6682;33,184;5,28303827231647
6683;33,188;5,08554785710109
6684;33,192;4,84681572155261
6685;33,196;4,54217514053508
6686;33,201;4,41615297232733
6687;33,205;4,20892637883078
6688;33,209;3,99352974833154
6689;33,213;3,88243812697856
6690;33,217;3,75430166804487
6691;33,221;3,64206154308768
6692;33,225;3,55305251376116
6693;33,229;3,38424858629647
6694;33,234;3,36031272709049
6695;33,238;3,48275887271239
6696;33,242;3,42021763099206
6697;33,246;3,40071917207507
6698;33,250;3,38649338879562
6699;33,254;3,3881900418473
6700;33,258;3,54503909088631
6701;33,262;3,58742931482363
6702;33,267;3,59909706734825
6703;33,271;3,76140150850728
6704;33,275;3,73054852532137
6705;33,279;3,70361089533165
6706;33,283;3,75800820240392
6707;33,287;3,71598341143158
6708;33,291;3,60896375740263
6709;33,295;3,45383746376993
6710;33,299;3,27702011343039
6711;33,304;3,23872795917174
6712;33,308;3,26417775494692
6713;33,312;3,07049828350916
6714;33,316;2,88663329741649
6715;33,320;2,81801020706476
6716;33,324;2,69436335312936
6717;33,328;2,49888281922136
6718;33,332;2,43908232473835
6719;33,337;2,25563497631994
6720;33,341;2,23459647847913
6721;33,345;2,07746030353906
6722;33,349;2,07889593304433
6723;33,353;1,99745658656376
6724;33,357;1,93094778693796
6725;33,361;1,81113797913482
6726;33,365;1,76206555240935
6727;33,370;1,74943201276301
6728;33,374;1,68195742601549
6729;33,378;1,61116784022853
6730;33,382;1,60197981139483
6731;33,386;1,55081919629806
6732;33,390;1,49300248076779
6733;33,394;1,4439822587516
6734;33,398;1,43855296898623
6735;33,403;1,32208426257716
6736;33,407;1,4151652592277
6737;33,411;1,23879164891707
6738;33,415;1,26074372917032
6739;33,419;1,22467027505617
6740;33,423;1,24458637164741
6741;33,427;1,21730941104735
6742;33,431;1,16069340383057
6743;33,436;1,13190250666132
6744;33,440;1,09538531251827
6745;33,444;1,03435800736713
6746;33,448;1,02548320678912
6747;33,452;1,01133573057358
6748;33,456;1,02219431010433
6749;33,460;0,939867483565958
6750;33,464;0,940833270687682
6751;33,468;0,947645985249037
6752;33,473;0,915983829069253
6753;33,477;0,924258275490516
6754;33,481;0,866624276442729
6755;33,485;0,91290375122159
6756;33,489;0,854251760342797
6757;33,493;0,852033060198294
6758;33,497;0,852685619064325
6759;33,501;0,798653744957025
6760;33,506;0,770280485462033
6761;33,510;0,779233593103967
6762;33,514;0,759056472966313
6763;33,518;0,767148202905088
6764;33,522;0,811757126986911
6765;33,526;0,752974624334912
6766;33,530;0,764303046249196
6767;33,534;0,752609191369935
6768;33,539;0,659658706492595
6769;33,543;0,690798815579556
6770;33,547;0,710323376851179
6771;33,551;0,685212911686337
6772;33,555;0,72786415917007
6773;33,559;0,657909848731634
6774;33,563;0,637941547431111
6775;33,567;0,652376149547698
6776;33,572;0,701318064499962
6777;33,576;0,656108786261391
6778;33,580;0,637654421530057
6779;33,584;0,685813265843085
6780;33,588;0,690903224998121
6781;33,592;0,647964851613334
6782;33,596;0,681271456135515
6783;33,600;0,638802925134271
6784;33,605;0,609985925610377
6785;33,609;0,682419959739728
6786;33,613;0,619304466217289
6787;33,617;0,673649568580282
6788;33,621;0,620583481594708
6789;33,625;0,667959255268499
6790;33,629;0,628466392696352
6791;33,633;0,651488669489897
6792;33,637;0,644049498417153
6793;33,642;0,653733471989041
6794;33,646;0,636558122635127
6795;33,650;0,592680064483257
6796;33,654;0,587459593555015
6797;33,658;0,62063568630399
6798;33,662;0,606018367704914
6799;33,666;0,623898480634141
6800;33,670;0,560078223536389
6801;33,675;0,616668128398527
6802;33,679;0,596464905906232
6803;33,683;0,589547781926312
6804;33,687;0,571641566642444
6805;33,691;0,619434977990495
6806;33,695;0,581690973179309
6807;33,699;0,602207423927298
6808;33,703;0,576366092832502
6809;33,708;0,526667209595643
6810;33,712;0,563758655540799
6811;33,716;0,54042315049156
6812;33,720;0,554074681968911
6813;33,724;0,522177604597356
6814;33,728;0,580333650737966
6815;33,732;0,546217873221908
6816;33,736;0,593410930413211
6817;33,741;0,499129225449169
6818;33,745;0,493334502718821
6819;33,749;0,574251802106564
6820;33,753;0,579889910709065
6821;33,757;0,509335246113881
6822;33,761;0,522777958754103
6823;33,765;0,600406361457054
6824;33,769;0,53243582997135
6825;33,774;0,53394976654054
6826;33,778;0,550394249964501
6827;33,782;0,566212276877073
6828;33,786;0,54757519566325
6829;33,790;0,593880772796752
6830;33,794;0,503879853993869
6831;33,798;0,544416810751664
6832;33,802;0,515625913582412
6833;33,806;0,518940912621846
6834;33,811;0,522386423434485
6835;33,815;0,496153557020072
6836;33,819;0,463760534910333
6837;33,823;0,460027898196641
6838;33,827;0,478325648800127
6839;33,831;0,492786353271356
6840;33,835;0,461855063021525
6841;33,839;0,493073479172409
6842;33,844;0,450161208142264
6843;33,848;0,461802858312243
6844;33,852;0,453789435437392
6845;33,856;0,45741766273252
6846;33,860;0,448386248026662
6847;33,864;0,428417946726138
6848;33,868;0,463212385462868
6849;33,872;0,438597865036209
6850;33,877;0,436039834281371
6851;33,881;0,502705248035015
6852;33,885;0,458409552208886
6853;33,889;0,41309586455175
6854;33,893;0,466109746828042
6855;33,897;0,426669088965177
6856;33,901;0,455459986134429
6857;33,905;0,449221523375181
6858;33,910;0,439511447448651
6859;33,914;0,469842383541735
6860;33,918;0,486078048128566
6861;33,922;0,457469867441802
6862;33,926;0,465822620926989
6863;33,930;0,452066680031072
6864;33,934;0,421605232164783
6865;33,938;0,456504080320078
6866;33,943;0,467388762205461
6867;33,947;0,417037320102572
6868;33,951;0,434134362392563
6869;33,955;0,432646528178014
6870;33,959;0,437866999106255
6871;33,963;0,424972435913499
6872;33,967;0,442226092331337
6873;33,971;0,464021558456745
6874;33,975;0,402994253305602
6875;33,980;0,394015043309027
6876;33,984;0,421709641583348
6877;33,988;0,417820390741808
6878;33,992;0,410824959697964
6879;33,996;0,380833354215217
6880;34,000;0,376552568054059
6881;34,004;0,376317646862288
6882;34,008;0,396051026971041
6883;34,013;0,386419258108435
6884;34,017;0,390543430141746
6885;34,021;0,371697530090794
6886;34,025;0,409493739611263
6887;34,029;0,396312050517453
6888;34,033;0,360447415240434
6889;34,037;0,383547999097903
6890;34,041;0,384592093283551
6891;34,046;0,415184052923046
6892;34,050;0,385949415724894
6893;34,054;0,421239799199806
6894;34,058;0,367756074539972
6895;34,062;0,326279433015093
6896;34,066;0,40944153490198
6897;34,070;0,397277837639178
6898;34,074;0,377413945757219
6899;34,079;0,409911377285522
6900;34,083;0,418420744898556
6901;34,087;0,357367337392772
6902;34,091;0,401297600253924
6903;34,095;0,425964325389865
6904;34,099;0,392475004385196
6905;34,103;0,388585753543656
6906;34,107;0,379502134128515
6907;34,112;0,382268983720483
6908;34,116;0,421004878008035
6909;34,120;0,373341978433191
6910;34,124;0,423066964024691
6911;34,128;0,368826271080262
6912;34,132;0,404482087520151
6913;34,136;0,412391100976437
6914;34,140;0,415888816498359
6915;34,144;0,379998078866698
6916;34,149;0,371227687707253
6917;34,153;0,382347290784407
6918;34,157;0,401454214381771
6919;34,161;0,374855915002381
6920;34,165;0,410198503186575
6921;34,169;0,347839977948731
6922;34,173;0,377805481076837
6923;34,177;0,344551081263939
6924;34,182;0,398739569499085
6925;34,186;0,366137728552217
6926;34,190;0,377126819856166
6927;34,194;0,365563476750111
6928;34,198;0,402550513276702
6929;34,202;0,3514943075985
6930;34,206;0,380180795349187
6931;34,210;0,349875961610745
6932;34,215;0,398087010633055
6933;34,219;0,36316206012312
6934;34,223;0,361752532972494
6935;34,227;0,379632645901722
6936;34,231;0,394772011593622
6937;34,235;0,36684249212753
6938;34,239;0,3562449361432
6939;34,243;0,317613451274213
6940;34,248;0,324426165835568
6941;34,252;0,381825243691583
6942;34,256;0,301508298460588
6943;34,260;0,334762698273486
6944;34,264;0,324217346998438
6945;34,268;0,368591349888491
6946;34,272;0,34891017448902
6947;34,276;0,351337693470653
6948;34,281;0,334057934698173
6949;34,285;0,352825527685201
6950;34,289;0,320850143249722
6951;34,293;0,363475288378814
6952;34,297;0,371097175934047
6953;34,301;0,351363795825294
6954;34,305;0,37031410529481
6955;34,309;0,337973287894354
6956;34,313;0,356062219660711
6957;34,318;0,366894696836812
6958;34,322;0,334527777081715
6959;34,326;0,344185648298962
6960;34,330;0,336694272516935
6961;34,334;0,355983912596788
6962;34,338;0,377883788140761
6963;34,342;0,355905605532864
6964;34,346;0,363710209570585
6965;34,351;0,328863566124573
6966;34,355;0,381068275406988
6967;34,359;0,341914743445177
6968;34,363;0,363109855413837
6969;34,367;0,348623048587967
6970;34,371;0,328967975543138
6971;34,375;0,344081238880397
6972;34,379;0,36491091788408
6973;34,384;0,376213237443723
6974;34,388;0,363109855413837
6975;34,392;0,3562449361432
6976;34,396;0,351128874633523
6977;34,400;0,334031832343532
6978;34,404;0,357863282130954
6979;34,408;0,389812564211792
6980;34,412;0,356949699718512
6981;34,417;0,300542511338863
6982;34,421;0,325835692986193
6983;34,425;0,33225687222793
6984;34,429;0,311009555549987
6985;34,433;0,320171482029051
6986;34,437;0,358724659834114
6987;34,441;0,325626874149063
6988;34,445;0,298219401775795
6989;34,450;0,370679538259787
6990;34,454;0,333953525279608
6991;34,458;0,349223402744715
6992;34,462;0,318474828977372
6993;34,466;0,35603611730607
6994;34,470;0,356766983236024
6995;34,474;0,378197016396455
6996;34,478;0,368956782853468
6997;34,482;0,359794856374404
6998;34,487;0,413226376324956
6999;34,491;0,34241068818336
7000;34,495;0,391900752583089
7001;34,499;0,365589579104752
7002;34,503;0,374359970264198
7003;34,507;0,339565531527468
7004;34,511;0,371410404189741
7005;34,515;0,350502418122134
7006;34,520;0,353843519516209
7007;34,524;0,39278823264089
7008;34,528;0,348727458006532
7009;34,532;0,320354198511539
7010;34,536;0,377674969303631
7011;34,540;0,320249789092975
7012;34,544;0,355357456085399
7013;34,548;0,371097175934047
7014;34,553;0,343428680014367
7015;34,557;0,371253790061894
7016;34,561;0,358254817450573
7017;34,565;0,348022694431219
7018;34,569;0,326096716532605
7019;34,573;0,334005729988891
7020;34,577;0,326122818887246
7021;34,581;0,352329582947018
7022;34,586;0,319910458482639
7023;34,590;0,325705181212987
7024;34,594;0,310670224939651
7025;34,598;0,341914743445177
7026;34,602;0,33831261850469
7027;34,606;0,338286516150049
7028;34,610;0,364884815529439
7029;34,614;0,412260589203231
7030;34,619;0,315734081740046
7031;34,623;0,362483398902448
7032;34,627;0,323094945748866
7033;34,631;0,302447983227671
7034;34,635;0,360969462333258
7035;34,639;0,349797654546821
7036;34,643;0,363344776605608
7037;34,647;0,354939818411139
7038;34,651;0,35927280928158
7039;34,656;0,335650178331287
7040;34,660;0,355905605532864
7041;34,664;0,30933900485295
7042;34,668;0,340609625713116
7043;34,672;0,36339698131489
7044;34,676;0,302474085582312
7045;34,680;0,386393155753794
7046;34,684;0,334710493564203
7047;34,689;0,368382531051361
7048;34,693;0,352225173528454
7049;34,697;0,347552852047678
7050;34,701;0,344838207164992
7051;34,705;0,315995105286458
7052;34,709;0,331160573332999
7053;34,713;0,337842776121148
7054;34,717;0,347761670884807
7055;34,722;0,388872879444709
7056;34,726;0,348779662715814
7057;34,730;0,360421312885793
7058;34,734;0,368878475789544
7059;34,738;0,382425597848331
7060;34,742;0,402472206212778
7061;34,746;0,474201476766816
7062;34,750;0,524161383550087
7063;34,755;0,65738780163881
7064;34,759;0,800115476816933
7065;34,763;0,910972176978141
7066;34,767;1,27760585026854
7067;34,771;1,68039128473701
7068;34,775;2,22702679563318
7069;34,779;2,99109492069061
7070;34,783;3,84075266661655
7071;34,788;4,92640180085365
7072;34,792;6,11142259920983
7073;34,796;7,67234340675404
7074;34,800;9,10859936853184
7075;34,804;10,5827820516033
7076;34,808;12,0819707904211
7077;34,812;13,4426343331579
7078;34,816;14,4355940060641
7079;34,820;15,4294933637374
7080;34,825;15,9610156112963
7081;34,829;16,1946316853351
7082;34,833;16,3039744489271
7083;34,837;15,850602651164
7084;34,841;15,391905973054
7085;34,845;14,6593694924032
7086;34,849;13,8301237878067
7087;34,853;12,7478679596729
7088;34,858;11,8993848197058
7089;34,862;11,2708662223002
7090;34,866;10,272451157274
7091;34,870;9,3619488226794
7092;34,874;8,69827035357206
7093;34,878;7,95988694548158
7094;34,882;7,1938872461807
7095;34,886;6,63453988857427
7096;34,891;6,22460240893411
7097;34,895;5,64212836511556
7098;34,899;5,30138822762924
7099;34,903;4,86981189599151
7100;34,907;4,48114783538393
7101;34,911;4,24870636730398
7102;34,915;3,93088409719264
7103;34,919;3,63331725428287
7104;34,924;3,43872420043267
7105;34,928;3,22403233350874
7106;34,932;3,00764381353313
7107;34,936;2,85614574719556
7108;34,940;2,6636669840713
7109;34,944;2,56695776012563
7110;34,948;2,44628657461932
7111;34,952;2,27262760919137
7112;34,957;2,22193683647815
7113;34,961;2,15524532036986
7114;34,965;1,95616266152137
7115;34,969;1,90993539145179
7116;34,973;1,8836503203281
7117;34,977;1,71669966004293
7118;34,981;1,65736900794347
7119;34,985;1,6696110122702
7120;34,989;1,50641909105337
7121;34,994;1,50101590364264
7122;34,998;1,39866857109446
7123;35,002;1,42680690939768
7124;35,006;1,35027480558966
7125;35,010;1,31634174455609
7126;35,014;1,35614783538393
7127;35,018;1,20843461046934
7128;35,022;1,19483528370127
7129;35,027;1,17598938365032
7130;35,031;1,15168809147936
7131;35,035;1,15565564938482
7132;35,039;1,10410349896844
7133;35,043;1,11483156672597
7134;35,047;1,02511777382414
7135;35,051;1,07904523851288
7136;35,055;0,993690538836127
7137;35,060;1,02188108184863
7138;35,064;0,912146782936995
7139;35,068;0,983406211107492
7140;35,072;0,913817333634033
7141;35,076;0,945035749784917
7142;35,080;0,883590806959514
7143;35,084;0,859681050108168
7144;35,088;0,847099715171106
7145;35,093;0,845768495084405
7146;35,097;0,846812589270053
7147;35,101;0,819927163989609
7148;35,105;0,787664653653077
7149;35,109;0,7531573408174
7150;35,113;0,788552133710878
7151;35,117;0,746318523901404
7152;35,121;0,691085941480609
7153;35,126;0,701526883337092
7154;35,130;0,7081829837706
7155;35,134;0,660885517160732
7156;35,138;0,672161734365734
7157;35,142;0,68181960558298
7158;35,146;0,662451658439205
7159;35,150;0,648643512834006
7160;35,154;0,649739811728936
7161;35,158;0,659919730039007
7162;35,163;0,630554581067649
7163;35,167;0,622828284093852
7164;35,171;0,642927097167581
7165;35,175;0,611865295144544
7166;35,179;0,577853927047051
7167;35,183;0,554596729061735
7168;35,187;0,605835651222425
7169;35,191;0,606070572414196
7170;35,196;0,567752315800904
7171;35,200;0,56571633213889
7172;35,204;0,526771619014208
7173;35,208;0,566943142807026
7174;35,212;0,557650704554757
7175;35,216;0,517844613726915
7176;35,220;0,567726213446263
7177;35,224;0,536194569039684
7178;35,229;0,579524477744088
7179;35,233;0,526876028432773
7180;35,237;0,51729646427945
7181;35,241;0,527345870816315
7182;35,245;0,546739920314732
7183;35,249;0,524030871776881
7184;35,253;0,515156071198871
7185;35,257;0,542746260054627
7186;35,262;0,482632537315926
7187;35,266;0,478926002956875
7188;35,270;0,517348668988732
7189;35,274;0,498633280710986
7190;35,278;0,489471354231923
7191;35,282;0,489001511848381
7192;35,286;0,52400476942224
7193;35,290;0,507090443614738
7194;35,295;0,508839301375699
7195;35,299;0,552691257172927
7196;35,303;0,492786353271356
7197;35,307;0,535620317237577
7198;35,311;0,495709816991171
7199;35,315;0,477829704061944
7200;35,319;0,505785325882677
7201;35,323;0,51385095346681
7202;35,327;0,504715129342388
7203;35,332;0,506072451783731
7204;35,336;0,510588159136659
7205;35,340;0,484511906850093
7206;35,344;0,504454105795976
7207;35,348;0,478560569991898
7208;35,352;0,456973922703619
7209;35,356;0,499651272541993
7210;35,360;0,486547890512107
7211;35,365;0,519854495034288
7212;35,369;0,513694339338963
7213;35,373;0,511136308584125
7214;35,377;0,455068450814811
7215;35,381;0,500538752599795
7216;35,385;0,450735459944371
7217;35,389;0,452536522414614
7218;35,393;0,48876659065661
7219;35,398;0,4405555416343
7220;35,402;0,476106948655624
7221;35,406;0,497067139432514
7222;35,410;0,467649785751873
7223;35,414;0,454755222559117
7224;35,418;0,484590213914017
7225;35,422;0,450161208142264
7226;35,426;0,457443765087161
7227;35,431;0,449091011601975
7228;35,435;0,450918176426859
7229;35,439;0,428626765563268
7230;35,443;0,481979978449896
7231;35,447;0,464047660811386
7232;35,451;0,49093308609183
7233;35,455;0,494848439288011
7234;35,459;0,48790521295345
7235;35,464;0,443035265325214
7236;35,468;0,495918635828301
7237;35,472;0,484407497431528
7238;35,476;0,497980721844956
7239;35,480;0,500173319634818
7240;35,484;0,487931315308091
7241;35,488;0,444836327795458
7242;35,492;0,496492887630407
7243;35,497;0,501452335012237
7244;35,501;0,509752883788141
7245;35,505;0,478978207666157
7246;35,509;0,502026586814343
7247;35,513;0,496858320595384
7248;35,517;0,482945765571621
7249;35,521;0,501713358558649
7250;35,525;0,492812455625997
7251;35,529;0,472504823715138
7252;35,534;0,476211358074189
7253;35,538;0,458592268691374
7254;35,542;0,48962796835977
7255;35,546;0,484250883303681
7256;35,550;0,449247625729822
7257;35,554;0,478456160573333
7258;35,558;0,454363687239498
7259;35,562;0,461019787673006
7260;35,567;0,481092498392095
7261;35,571;0,51254583573475
7262;35,575;0,47407096499361
7263;35,579;0,491872770858914
7264;35,583;0,462011677149372
7265;35,587;0,466318565665172
7266;35,591;0,45958415816774
7267;35,595;0,477438168742326
7268;35,600;0,46023671703377
7269;35,604;0,414923029376634
7270;35,608;0,412286691557872
7271;35,612;0,459427544039893
7272;35,616;0,454520301367346
7273;35,620;0,449352035148387
7274;35,624;0,442017273494207
7275;35,628;0,438467353263003
7276;35,633;0,437292747304149
7277;35,637;0,453424002472415
7278;35,641;0,431654638701648
7279;35,645;0,446585185556419
7280;35,649;0,439563652157934
7281;35,653;0,470312225925276
7282;35,657;0,411712439755765
7283;35,661;0,474149272057534
7284;35,666;0,461724551248319
7285;35,670;0,459479748749175
7286;35,674;0,512258709833697
7287;35,678;0,478064625253715
7288;35,682;0,444653611312969
7289;35,686;0,477359861678402
7290;35,690;0,447524870323502
7291;35,694;0,460471638225541
7292;35,698;0,463812739619616
7293;35,703;0,496936627659308
7294;35,707;0,463838841974257
7295;35,711;0,509544064951011
7296;35,715;0,496910525304667
7297;35,719;0,474906240342129
7298;35,723;0,518627684366151
7299;35,727;0,467832502234362
7300;35,731;0,501139106756542
7301;35,736;0,509883395561347
7302;35,740;0,485921434000718
7303;35,744;0,476837814585578
7304;35,748;0,516330677157725
7305;35,752;0,488609976528763
7306;35,756;0,463421204299998
7307;35,760;0,52335221055621
7308;35,764;0,488427260046274
7309;35,769;0,444992941923305
7310;35,773;0,494430801613752
7311;35,777;0,490776471963983
7312;35,781;0,509256939049958
7313;35,785;0,521159612766348
7314;35,789;0,43818022736195
7315;35,793;0,453215183635285
7316;35,797;0,455355576715864
7317;35,802;0,488609976528763
7318;35,806;0,461228606510136
7319;35,810;0,482971867926262
7320;35,814;0,433821134136868
7321;35,818;0,45548608848907
7322;35,822;0,466997226885843
7323;35,826;0,461489630056548
7324;35,830;0,451335814101118
7325;35,835;0,473105177871885
7326;35,839;0,513668236984322
7327;35,843;0,517113747796961
7328;35,847;0,46433478671244
7329;35,851;0,448856090410204
7330;35,855;0,505002255243441
7331;35,859;0,495396588735477
7332;35,863;0,473888248511122
7333;35,867;0,484981749233635
7334;35,872;0,49589253347366
7335;35,876;0,486678402285313
7336;35,880;0,549115234587082
7337;35,884;0,537682403254233
7338;35,888;0,527554689653444
7339;35,892;0,458409552208886
7340;35,896;0,460523842934823
7341;35,900;0,540579764619407
7342;35,905;0,527502484944162
7343;35,909;0,481875569031331
7344;35,913;0,481170805456019
7345;35,917;0,524579021224347
7346;35,921;0,482528127897361
7347;35,925;0,53222701113422
7348;35,929;0,486626197576031
7349;35,933;0,504897845824876
7350;35,938;0,516957133669114
7351;35,942;0,498320052455292
7352;35,946;0,525884138956407
7353;35,950;0,512075993351208
7354;35,954;0,50865658489321
7355;35,958;0,47341840612758
7356;35,962;0,525466501282148
7357;35,966;0,442330501749902
7358;35,971;0,507299262451867
7359;35,975;0,561905388361273
7360;35,979;0,479239231212569
7361;35,983;0,466057542118759
7362;35,987;0,472948563744038
7363;35,991;0,498137335972803
7364;35,995;0,483546119728368
7365;35,999;0,471147501273795
7366;36,004;0,483076277344827
7367;36,008;0,473966555575045
7368;36,012;0,459192622848122
7369;36,016;0,502731350389656
7370;36,020;0,474593012086434
7371;36,024;0,504454105795976
7372;36,028;0,444496997185122
7373;36,032;0,458435654563527
7374;36,036;0,493647730974516
7375;36,041;0,44120810050033
7376;36,045;0,491637849667143
7377;36,049;0,493412809782745
7378;36,053;0,44747266561422
7379;36,057;0,488844897720534
7380;36,061;0,461855063021525
7381;36,065;0,462977464271097
7382;36,069;0,48054434894463
7383;36,074;0,447289949131731
7384;36,078;0,481144703101377
7385;36,082;0,495292179316912
7386;36,086;0,425546687715605
7387;36,090;0,45373723072811
7388;36,094;0,411660235046483
7389;36,098;0,483754938565498
7390;36,102;0,462011677149372
7391;36,107;0,458148528662474
7392;36,111;0,43342959881725
7393;36,115;0,429566450330351
7394;36,119;0,44444479247584
7395;36,123;0,465091754997035
7396;36,127;0,392396697321272
7397;36,131;0,430088497423176
7398;36,135;0,458853292237786
7399;36,140;0,399548742492963
7400;36,144;0,449743570468005
7401;36,148;0,443557312418039
7402;36,152;0,46023671703377
7403;36,156;0,422362200449378
7404;36,160;0,413017557487826
7405;36,164;0,45979297700487
7406;36,168;0,435517787188547
7407;36,173;0,486939425831725
7408;36,177;0,436039834281371
7409;36,181;0,448020815061685
7410;36,185;0,428496253790062
7411;36,189;0,432463811695525
7412;36,193;0,41030291260514
7413;36,197;0,485007851588276
7414;36,201;0,476080846300983
7415;36,205;0,445462784306847
7416;36,210;0,436039834281371
7417;36,214;0,395215751622522
7418;36,218;0,429879678586046
7419;36,222;0,41656747771903
7420;36,226;0,462037779504014
7421;36,230;0,438154125007309
7422;36,234;0,44943034221231
7423;36,238;0,407770984204943
7424;36,243;0,449143216311257
7425;36,247;0,451831758839301
7426;36,251;0,486156355192489
7427;36,255;0,462011677149372
7428;36,259;0,436796802565966
7429;36,263;0,42954034797571
7430;36,267;0,457965812179985
7431;36,271;0,477464271096967
7432;36,276;0,467310455141537
7433;36,280;0,465065652642394
7434;36,284;0,44833404331738
7435;36,288;0,462142188922578
7436;36,292;0,440947076953918
7437;36,296;0,482554230252003
7438;36,300;0,416750194201519
7439;36,304;0,448882192764845
7440;36,309;0,414479289347733
7441;36,313;0,423510704053591
7442;36,317;0,481457931357072
7443;36,321;0,483937655047987
7444;36,325;0,46952915528604
7445;36,329;0,476420176911319
7446;36,333;0,437423259077355
7447;36,337;0,478899900602234
7448;36,342;0,474018760284328
7449;36,346;0,510092214398477
7450;36,350;0,477385964033044
7451;36,354;0,503488318674251
7452;36,358;0,488949307139098
7453;36,362;0,450187310496905
7454;36,366;0,492969069753844
7455;36,370;0,488688283592686
7456;36,374;0,48184946667669
7457;36,379;0,479917892433241
7458;36,383;0,513485520501833
7459;36,387;0,447316051486372
7460;36,391;0,499912296088406
7461;36,395;0,412443305685719
7462;36,399;0,486286866965695
7463;36,403;0,46282085014325
7464;36,407;0,451074790554706
7465;36,412;0,435517787188547
7466;36,416;0,458174631017115
7467;36,420;0,47644627926596
7468;36,424;0,453267388344568
7469;36,428;0,481588443130278
7470;36,432;0,436405267246348
7471;36,436;0,516069653611313
7472;36,440;0,474958445051411
7473;36,445;0,498163438327445
7474;36,449;0,464282582003157
7475;36,453;0,510953592101636
7476;36,457;0,471539036593413
7477;36,461;0,520272132708547
7478;36,465;0,480805372491042
7479;36,469;0,519567369133235
7480;36,473;0,521237919830272
7481;36,478;0,517687999599068
7482;36,482;0,488087929435939
7483;36,486;0,499285839577017
7484;36,490;0,525205477735736
7485;36,494;0,490463243708288
7486;36,498;0,511058001520201
7487;36,502;0,547105353279709
7488;36,506;0,4850861586522
7489;36,511;0,474671319150358
7490;36,515;0,509935600270629
7491;36,519;0,549010825168517
7492;36,523;0,488897102429816
7493;36,527;0,504662924633105
7494;36,531;0,485164465716123
7495;36,535;0,523326108201569
7496;36,539;0,57286837731058
7497;36,543;0,453946049565239
7498;36,548;0,528181146164833
7499;36,552;0,542354724735009
7500;36,556;0,494274187485905
7501;36,560;0,497824107717109
7502;36,564;0,487800803534885
7503;36,568;0,432933654079067
7504;36,572;0,532409727616709
7505;36,576;0,453136876571362
7506;36,581;0,489575763650487
7507;36,585;0,49007170838867
7508;36,589;0,489445251877281
7509;36,593;0,501635051494725
7510;36,597;0,498972611321322
7511;36,601;0,477412066387685
7512;36,605;0,470155611797429
7513;36,609;0,483963757402628
7514;36,614;0,492890762689921
7515;36,618;0,447002823230678
7516;36,622;0,536716616132508
7517;36,626;0,482084387868461
7518;36,630;0,465457187962012
7519;36,634;0,497328162978926
7520;36,638;0,482110490223102
7521;36,642;0,485843126936795
7522;36,647;0,444366485411916
7523;36,651;0,500669264373001
7524;36,655;0,511606150967666
7525;36,659;0,44812522448025
7526;36,663;0,516539495994855
7527;36,667;0,520298235063189
7528;36,671;0,4997817843152
7529;36,675;0,479134821794004
7530;36,680;0,499599067832711
7531;36,684;0,586807034688985
7532;36,688;0,496388478211843
7533;36,692;0,483624426792292
7534;36,696;0,498293950100651
7535;36,700;0,50432359402277
7536;36,704;0,497275958269644
7537;36,708;0,48962796835977
7538;36,712;0,484538009204734
7539;36,717;0,490150015452594
7540;36,721;0,529225240350482
7541;36,725;0,538543780957393
7542;36,729;0,517374771343373
7543;36,733;0,522934572881951
7544;36,737;0,502574736261809
7545;36,741;0,512963473409009
7546;36,745;0,486417378738901
7547;36,750;0,509178631986034
7548;36,754;0,484303088012964
7549;36,758;0,479787380660035
7550;36,762;0,492029384986761
7551;36,766;0,525257682445018
7552;36,770;0,458174631017115
7553;36,774;0,508291151928233
7554;36,778;0,471565138948054
7555;36,783;0,46498734557847
7556;36,787;0,451231404682554
7557;36,791;0,44293085590665
7558;36,795;0,498607178356345
7559;36,799;0,492342613242455
7560;36,803;0,504036468121716
7561;36,807;0,496858320595384
7562;36,811;0,48811403179058
7563;36,816;0,472635335488344
7564;36,820;0,491533440248578
7565;36,824;0,552612950109003
7566;36,828;0,447107232649243
7567;36,832;0,489471354231923
7568;36,836;0,453554514245621
7569;36,840;0,510144419107759
7570;36,844;0,509752883788141
7571;36,849;0,490384936644365
7572;36,853;0,533401617093075
7573;36,857;0,494221982776622
7574;36,861;0,543059488310321
7575;36,865;0,504140877540281
7576;36,869;0,567491292254492
7577;36,873;0,526849926078132
7578;36,877;0,481301317229225
7579;36,881;0,52658890253172
7580;36,886;0,549637281679906
7581;36,890;0,506020247074448
7582;36,894;0,450370026979394
7583;36,898;0,55318720191111
7584;36,902;0,551568855923355
7585;36,906;0,565089875627501
7586;36,910;0,551751572405844
7587;36,914;0,515286582972077
7588;36,919;0,495057258125141
7589;36,923;0,586963648816832
7590;36,927;0,515286582972077
7591;36,931;0,465065652642394
7592;36,935;0,519149731458975
7593;36,939;0,550446454673783
7594;36,943;0,551307832376943
7595;36,947;0,517400873698015
7596;36,952;0,542955078891757
7597;36,956;0,531496145204267
7598;36,960;0,573233810275557
7599;36,964;0,573860266786946
7600;36,968;0,519567369133235
7601;36,972;0,553604839585369
7602;36,976;0,506307372975501
7603;36,980;0,523534927038698
7604;36,985;0,538308859765622
7605;36,989;0,593332623349287
7606;36,993;0,487670291761679
7607;36,997;0,483180686763392
7608;37,001;0,499833989024482
7609;37,005;0,501321823239031
7610;37,009;0,504897845824876
7611;37,013;0,511580048613025
7612;37,018;0,496388478211843
7613;37,022;0,525544808346071
7614;37,026;0,542563543572139
7615;37,030;0,542902874182474
7616;37,034;0,53308838883738
7617;37,038;0,519697880906441
7618;37,042;0,479891790078599
7619;37,046;0,51405977230394
7620;37,050;0,563523734349028
7621;37,055;0,484407497431528
7622;37,059;0,525988548374972
7623;37,063;0,47579372039993
7624;37,067;0,522464730498409
7625;37,071;0,513668236984322
7626;37,075;0,536638309068584
7627;37,079;0,488270645918427
7628;37,083;0,548410471011769
7629;37,088;0,524030871776881
7630;37,092;0,527110949624544
7631;37,096;0,536168466685043
7632;37,100;0,543163897728886
7633;37,104;0,496597297048972
7634;37,108;0,534497915988005
7635;37,112;0,499729579605917
7636;37,116;0,596073370586614
7637;37,121;0,530425948663977
7638;37,125;0,525936343665689
7639;37,129;0,539065828050217
7640;37,133;0,543294409502092
7641;37,137;0,588686404223152
7642;37,141;0,526562800177078
7643;37,145;0,540057717526583
7644;37,149;0,541597756450414
7645;37,154;0,572894479665222
7646;37,158;0,539535670433758
7647;37,162;0,561331136559167
7648;37,166;0,598057149539346
7649;37,170;0,587694514746786
7650;37,174;0,574016880914794
7651;37,178;0,531417838140343
7652;37,182;0,56767400873698
7653;37,187;0,519410755005388
7654;37,191;0,588999632478847
7655;37,195;0,568900819405117
7656;37,199;0,586128373468314
7657;37,203;0,609881516191813
7658;37,207;0,550655273510913
7659;37,211;0,599649393172459
7660;37,215;0,607088564245203
7661;37,219;0,562401333099456
7662;37,224;0,559399562315717
7663;37,228;0,58691144410755
7664;37,232;0,557024248043367
7665;37,236;0,598004944830063
7666;37,240;0,564097986151135
7667;37,244;0,593071599802875
7668;37,248;0,599049039015712
7669;37,252;0,578663100040928
7670;37,257;0,631964108218274
7671;37,261;0,614449428254024
7672;37,265;0,670726104860467
7673;37,269;0,628936235079894
7674;37,273;0,670961026052238
7675;37,277;0,617790529648099
7676;37,281;0,640369066412743
7677;37,285;0,672344450848222
7678;37,290;0,663417445560929
7679;37,294;0,667854845849934
7680;37,298;0,637341193274363
7681;37,302;0,706642944846769
7682;37,306;0,700065151477185
7683;37,310;0,711341368682186
7684;37,314;0,702205544557764
7685;37,318;0,628361983277788
7686;37,323;0,735251125533532
7687;37,327;0,686674643546245
7688;37,331;0,659710911201878
7689;37,335;0,63446993426383
7690;37,339;0,641360955889109
7691;37,343;0,67273598616784
7692;37,347;0,676468622881533
7693;37,351;0,646555324462709
7694;37,356;0,665662248060073
7695;37,360;0,641465365307674
7696;37,364;0,621314347524662
7697;37,368;0,687614328313328
7698;37,372;0,588059947711763
7699;37,376;0,632068517636839
7700;37,380;0,612178523400239
7701;37,384;0,656970163964551
7702;37,388;0,620896709850402
7703;37,393;0,631859698799709
7704;37,397;0,667306696402469
7705;37,401;0,579863808354424
7706;37,405;0,545852440256931
7707;37,409;0,603460336950076
7708;37,413;0,604008486397541
7709;37,417;0,644336624318206
7710;37,421;0,580725186057584
7711;37,426;0,660259060649343
7712;37,430;0,584666641608406
7713;37,434;0,575139282164365
7714;37,438;0,605783446513143
7715;37,442;0,640682294668438
7716;37,446;0,600406361457054
7717;37,450;0,579367863616241
7718;37,454;0,577592903500639
7719;37,459;0,59513368581953
7720;37,463;0,590069829019136
7721;37,467;0,584666641608406
7722;37,471;0,57242463728168
7723;37,475;0,607036359535921
7724;37,479;0,625099188947637
7725;37,483;0,589756600763442
7726;37,487;0,618208167322358
7727;37,492;0,60356474636864
7728;37,496;0,601946400380886
