#"+EI EIC(67,0) Scan 80C_1ml-min_4C-min_2.D "
#Point,X(Minutes),Y(Counts)
0,5,841,213
1,5,845,264
2,5,849,0
3,5,853,164
4,5,857,258
5,5,862,259
6,5,866,205
7,5,870,277
8,5,874,264
9,5,878,282
10,5,882,167
11,5,886,163
12,5,890,215
13,5,895,245
14,5,899,229
15,5,903,233
16,5,907,278
17,5,911,0
18,5,915,159
19,5,919,324
20,5,923,0
21,5,928,182
22,5,932,324
23,5,936,0
24,5,940,304
25,5,944,0
26,5,948,168
27,5,952,196
28,5,956,0
29,5,961,259
30,5,965,239
31,5,969,206
32,5,973,0
33,5,977,186
34,5,981,0
35,5,985,0
36,5,989,158
37,5,994,271
38,5,998,221
39,6,002,163
40,6,006,283
41,6,010,0
42,6,014,151
43,6,018,165
44,6,022,0
45,6,026,179
46,6,031,164
47,6,035,229
48,6,039,305
49,6,043,160
50,6,047,326
51,6,051,342
52,6,055,173
53,6,059,0
54,6,064,0
55,6,068,207
56,6,072,220
57,6,076,0
58,6,080,206
59,6,084,198
60,6,088,229
61,6,092,294
62,6,097,0
63,6,101,298
64,6,105,0
65,6,109,0
66,6,113,0
67,6,117,229
68,6,121,176
69,6,125,158
70,6,130,205
71,6,134,156
72,6,138,168
73,6,142,207
74,6,146,300
75,6,150,237
76,6,154,211
77,6,158,0
78,6,163,0
79,6,167,0
80,6,171,235
81,6,175,0
82,6,179,0
83,6,183,320
84,6,187,238
85,6,191,238
86,6,195,0
87,6,200,163
88,6,204,169
89,6,208,287
90,6,212,0
91,6,216,0
92,6,220,182
93,6,224,212
94,6,228,171
95,6,233,218
96,6,237,278
97,6,241,150
98,6,245,213
99,6,249,184
100,6,253,411
101,6,257,525
102,6,261,666
103,6,266,702
104,6,270,842
105,6,274,1293
106,6,278,909
107,6,282,1420
108,6,286,1528
109,6,290,1654
110,6,294,1829
111,6,299,2027
112,6,303,2144
113,6,307,2334
114,6,311,1982
115,6,315,2100
116,6,319,2092
117,6,323,1832
118,6,327,1955
119,6,332,1789
120,6,336,1688
121,6,340,1974
122,6,344,1429
123,6,348,1672
124,6,352,1765
125,6,356,1456
126,6,360,1491
127,6,364,1461
128,6,369,1464
129,6,373,1596
130,6,377,1328
131,6,381,1645
132,6,385,1249
133,6,389,1030
134,6,393,1004
135,6,397,1120
136,6,402,1131
137,6,406,1179
138,6,410,1136
139,6,414,971
140,6,418,1431
141,6,422,1125
142,6,426,980
143,6,430,904
144,6,435,1021
145,6,439,1070
146,6,443,910
147,6,447,894
148,6,451,785
149,6,455,1020
150,6,459,1449
151,6,463,1183
152,6,468,884
153,6,472,1153
154,6,476,882
155,6,480,1060
156,6,484,820
157,6,488,700
158,6,492,978
159,6,496,932
160,6,501,745
161,6,505,966
162,6,509,764
163,6,513,644
164,6,517,814
165,6,521,691
166,6,525,870
167,6,529,745
168,6,533,767
169,6,538,678
170,6,542,823
171,6,546,781
172,6,550,726
173,6,554,830
174,6,558,586
175,6,562,612
176,6,566,640
177,6,571,511
178,6,575,538
179,6,579,469
180,6,583,515
181,6,587,639
182,6,591,684
183,6,595,657
184,6,599,506
185,6,604,483
186,6,608,488
187,6,612,324
188,6,616,452
189,6,620,623
190,6,624,509
191,6,628,371
192,6,632,378
193,6,637,367
194,6,641,251
195,6,645,409
196,6,649,280
197,6,653,436
198,6,657,347
199,6,661,470
200,6,665,312
201,6,670,284
202,6,674,376
203,6,678,255
204,6,682,318
205,6,686,260
206,6,690,259
207,6,694,215
208,6,698,307
209,6,702,243
210,6,707,291
211,6,711,410
212,6,715,279
213,6,719,339
214,6,723,291
215,6,727,296
216,6,731,213
217,6,735,334
218,6,740,285
219,6,744,328
220,6,748,450
221,6,752,290
222,6,756,169
223,6,760,306
224,6,764,195
225,6,768,347
226,6,773,289
227,6,777,0
228,6,781,308
229,6,785,245
230,6,789,197
231,6,793,270
232,6,797,200
233,6,801,287
234,6,806,270
235,6,810,213
236,6,814,254
237,6,818,218
238,6,822,264
239,6,826,297
240,6,830,193
241,6,834,0
242,6,839,210
243,6,843,248
244,6,847,246
245,6,851,196
246,6,855,366
247,6,859,193
248,6,863,153
249,6,867,243
250,6,871,260
251,6,876,319
252,6,880,343
253,6,884,201
254,6,888,187
255,6,892,375
256,6,896,367
257,6,900,444
258,6,904,479
259,6,909,553
260,6,913,386
261,6,917,744
262,6,921,840
263,6,925,801
264,6,929,971
265,6,933,1003
266,6,937,1224
267,6,942,1082
268,6,946,991
269,6,950,1167
270,6,954,1420
271,6,958,1003
272,6,962,1090
273,6,966,1055
274,6,970,894
275,6,975,883
276,6,979,744
277,6,983,952
278,6,987,823
279,6,991,741
280,6,995,730
281,6,999,489
282,7,003,679
283,7,008,483
284,7,012,468
285,7,016,726
286,7,020,567
287,7,024,657
288,7,028,376
289,7,032,324
290,7,036,518
291,7,040,347
292,7,045,431
293,7,049,281
294,7,053,424
295,7,057,413
296,7,061,322
297,7,065,289
298,7,069,234
299,7,073,291
300,7,078,418
301,7,082,385
302,7,086,294
303,7,090,242
304,7,094,278
305,7,098,191
306,7,102,174
307,7,106,192
308,7,111,250
309,7,115,325
310,7,119,274
311,7,123,0
312,7,127,213
313,7,131,207
314,7,135,267
315,7,139,209
316,7,144,178
317,7,148,231
318,7,152,0
319,7,156,245
320,7,160,156
321,7,164,0
322,7,168,162
323,7,172,224
324,7,177,190
325,7,181,151
326,7,185,0
327,7,189,186
328,7,193,0
329,7,197,181
330,7,201,167
331,7,205,0
332,7,209,0
333,7,214,0
334,7,218,0
335,7,222,277
336,7,226,219
337,7,230,193
338,7,234,195
339,7,238,0
340,7,242,168
341,7,247,151
342,7,251,241
343,7,255,0
344,7,259,235
345,7,263,0
346,7,267,284
347,7,271,276
348,7,275,278
349,7,280,156
350,7,284,0
351,7,288,0
352,7,292,0
353,7,296,0
354,7,300,0
355,7,304,173
356,7,308,210
357,7,313,0
358,7,317,165
359,7,321,187
360,7,325,0
361,7,329,0
362,7,333,0
363,7,337,0
364,7,341,190
365,7,346,0
366,7,350,197
367,7,354,197
368,7,358,0
369,7,362,156
370,7,366,0
371,7,370,212
372,7,374,205
373,7,378,151
374,7,383,0
375,7,387,0
376,7,391,0
377,7,395,155
378,7,399,202
379,7,403,0
380,7,407,0
381,7,411,0
382,7,416,0
383,7,420,0
384,7,424,161
385,7,428,0
386,7,432,0
387,7,436,0
388,7,440,190
389,7,444,0
390,7,449,0
391,7,453,0
392,7,457,0
393,7,461,0
394,7,465,0
395,7,469,0
396,7,473,213
397,7,477,195
398,7,482,169
399,7,486,0
400,7,490,0
401,7,494,0
402,7,498,0
403,7,502,0
404,7,506,0
405,7,510,0
406,7,515,0
407,7,519,0
408,7,523,0
409,7,527,152
410,7,531,0
411,7,535,238
412,7,539,176
413,7,543,0
414,7,547,205
415,7,552,222
416,7,556,0
417,7,560,197
418,7,564,0
419,7,568,151
420,7,572,213
421,7,576,183
422,7,580,207
423,7,585,186
424,7,589,231
425,7,593,162
426,7,597,0
427,7,601,266
428,7,605,0
429,7,609,185
430,7,613,269
431,7,618,192
432,7,622,220
433,7,626,0
434,7,630,0
435,7,634,0
436,7,638,0
437,7,642,0
438,7,646,0
439,7,651,0
440,7,655,0
441,7,659,173
442,7,663,0
443,7,667,0
444,7,671,238
445,7,675,0
446,7,679,0
447,7,684,0
448,7,688,0
449,7,692,0
450,7,696,151
451,7,700,0
452,7,704,163
453,7,708,256
454,7,712,0
455,7,716,0
456,7,721,0
457,7,725,0
458,7,729,0
459,7,733,0
460,7,737,0
461,7,741,0
462,7,745,0
463,7,749,0
464,7,754,0
465,7,758,223
466,7,762,181
467,7,766,197
468,7,770,0
469,7,774,0
470,7,778,0
471,7,782,176
472,7,787,0
473,7,791,0
474,7,795,0
475,7,799,154
476,7,803,0
477,7,807,0
478,7,811,0
479,7,815,0
480,7,820,0
481,7,824,171
482,7,828,0
483,7,832,0
484,7,836,0
485,7,840,0
486,7,844,0
487,7,848,0
488,7,853,0
489,7,857,0
490,7,861,165
491,7,865,0
492,7,869,230
493,7,873,0
494,7,877,0
495,7,881,203
496,7,885,0
497,7,890,190
498,7,894,0
499,7,898,189
500,7,902,159
501,7,906,0
502,7,910,0
503,7,914,0
504,7,918,158
505,7,923,0
506,7,927,163
507,7,931,0
508,7,935,196
509,7,939,167
510,7,943,226
511,7,947,0
512,7,951,0
513,7,956,152
514,7,960,217
515,7,964,210
516,7,968,0
517,7,972,0
518,7,976,0
519,7,980,0
520,7,984,0
521,7,989,0
522,7,993,0
523,7,997,204
524,8,001,158
525,8,005,169
526,8,009,0
527,8,013,180
528,8,017,222
529,8,022,153
530,8,026,154
531,8,030,0
532,8,034,154
533,8,038,173
534,8,042,178
535,8,046,0
536,8,050,239
537,8,054,191
538,8,059,151
539,8,063,276
540,8,067,240
541,8,071,0
542,8,075,0
543,8,079,0
544,8,083,0
545,8,087,204
546,8,092,0
547,8,096,165
548,8,100,256
549,8,104,229
550,8,108,180
551,8,112,237
552,8,116,184
553,8,120,183
554,8,125,0
555,8,129,0
556,8,133,178
557,8,137,230
558,8,141,171
559,8,145,242
560,8,149,0
561,8,153,197
562,8,158,255
563,8,162,154
564,8,166,170
565,8,170,0
566,8,174,195
567,8,178,243
568,8,182,0
569,8,186,194
570,8,191,0
571,8,195,246
572,8,199,174
573,8,203,262
574,8,207,212
575,8,211,158
576,8,215,159
577,8,219,0
578,8,223,185
579,8,228,0
580,8,232,0
581,8,236,190
582,8,240,0
583,8,244,0
584,8,248,178
585,8,252,0
586,8,256,207
587,8,261,0
588,8,265,0
589,8,269,250
590,8,273,151
591,8,277,200
592,8,281,163
593,8,285,0
594,8,289,150
595,8,294,180
596,8,298,0
597,8,302,235
598,8,306,0
599,8,310,192
600,8,314,246
601,8,318,0
602,8,322,163
603,8,327,0
604,8,331,0
605,8,335,0
606,8,339,222
607,8,343,0
608,8,347,0
609,8,351,0
610,8,355,0
611,8,360,164
612,8,364,0
613,8,368,0
614,8,372,0
615,8,376,0
616,8,380,163
617,8,384,0
618,8,388,204
619,8,392,197
620,8,397,151
621,8,401,218
622,8,405,0
623,8,409,0
624,8,413,0
625,8,417,0
626,8,421,213
627,8,425,232
628,8,430,163
629,8,434,162
630,8,438,0
631,8,442,0
632,8,446,0
633,8,450,159
634,8,454,0
635,8,458,0
636,8,463,0
637,8,467,158
638,8,471,0
639,8,475,0
640,8,479,0
641,8,483,0
642,8,487,0
643,8,491,0
644,8,496,0
645,8,500,0
646,8,504,0
647,8,508,0
648,8,512,0
649,8,516,208
650,8,520,152
651,8,524,192
652,8,529,180
653,8,533,0
654,8,537,0
655,8,541,0
656,8,545,0
657,8,549,193
658,8,553,243
659,8,557,151
660,8,561,205
661,8,566,0
662,8,570,0
663,8,574,0
664,8,578,163
665,8,582,262
666,8,586,0
667,8,590,0
668,8,594,0
669,8,599,0
670,8,603,0
671,8,607,151
672,8,611,0
673,8,615,190
674,8,619,178
675,8,623,151
676,8,627,175
677,8,632,162
678,8,636,0
679,8,640,0
680,8,644,218
681,8,648,161
682,8,652,0
683,8,656,0
684,8,660,154
685,8,665,244
686,8,669,210
687,8,673,232
688,8,677,0
689,8,681,263
690,8,685,165
691,8,689,155
692,8,693,402
693,8,698,161
694,8,702,177
695,8,706,347
696,8,710,178
697,8,714,203
698,8,718,212
699,8,722,336
700,8,726,212
701,8,730,210
702,8,735,197
703,8,739,245
704,8,743,166
705,8,747,374
706,8,751,282
707,8,755,162
708,8,759,257
709,8,763,191
710,8,768,0
711,8,772,217
712,8,776,329
713,8,780,0
714,8,784,162
715,8,788,224
716,8,792,172
717,8,796,0
718,8,801,200
719,8,805,0
720,8,809,0
721,8,813,155
722,8,817,0
723,8,821,165
724,8,825,226
725,8,829,0
726,8,834,0
727,8,838,0
728,8,842,212
729,8,846,0
730,8,850,220
731,8,854,189
732,8,858,0
733,8,862,168
734,8,867,0
735,8,871,0
736,8,875,0
737,8,879,211
738,8,883,213
739,8,887,0
740,8,891,0
741,8,895,0
742,8,899,0
743,8,904,154
744,8,908,181
745,8,912,0
746,8,916,0
747,8,920,0
748,8,924,0
749,8,928,0
750,8,932,0
751,8,937,0
752,8,941,0
753,8,945,0
754,8,949,151
755,8,953,197
756,8,957,0
757,8,961,0
758,8,965,0
759,8,970,0
760,8,974,0
761,8,978,153
762,8,982,174
763,8,986,0
764,8,990,0
765,8,994,0
766,8,998,0
767,9,003,168
768,9,007,0
769,9,011,0
770,9,015,0
771,9,019,0
772,9,023,0
773,9,027,0
774,9,031,0
775,9,036,0
776,9,040,0
777,9,044,153
778,9,048,0
779,9,052,178
780,9,056,0
781,9,060,0
782,9,064,0
783,9,068,0
784,9,073,166
785,9,077,0
786,9,081,169
787,9,085,0
788,9,089,0
789,9,093,0
790,9,097,0
791,9,101,209
792,9,106,215
793,9,110,203
794,9,114,211
795,9,118,0
796,9,122,0
797,9,126,151
798,9,130,164
799,9,134,0
800,9,139,0
801,9,143,0
802,9,147,0
803,9,151,210
804,9,155,0
805,9,159,0
806,9,163,0
807,9,167,0
808,9,172,0
809,9,176,177
810,9,180,0
811,9,184,159
812,9,188,0
813,9,192,0
814,9,196,0
815,9,200,0
816,9,205,200
817,9,209,0
818,9,213,0
819,9,217,0
820,9,221,168
821,9,225,0
822,9,229,0
823,9,233,0
824,9,237,0
825,9,242,0
826,9,246,154
827,9,250,0
828,9,254,0
829,9,258,0
830,9,262,0
831,9,266,0
832,9,270,0
833,9,275,0
834,9,279,159
835,9,283,187
836,9,287,0
837,9,291,0
838,9,295,153
839,9,299,152
840,9,303,0
841,9,308,238
842,9,312,0
843,9,316,0
844,9,320,212
845,9,324,211
846,9,328,0
847,9,332,0
848,9,336,187
849,9,341,0
850,9,345,204
851,9,349,0
852,9,353,0
853,9,357,0
854,9,361,0
855,9,365,0
856,9,369,0
857,9,374,0
858,9,378,0
859,9,382,0
860,9,386,0
861,9,390,0
862,9,394,0
863,9,398,0
864,9,402,0
865,9,406,0
866,9,411,0
867,9,415,0
868,9,419,0
869,9,423,0
870,9,427,0
871,9,431,186
872,9,435,0
873,9,439,0
874,9,444,0
875,9,448,0
876,9,452,0
877,9,456,0
878,9,460,0
879,9,464,0
880,9,468,0
881,9,472,0
882,9,477,196
883,9,481,0
884,9,485,0
885,9,489,0
886,9,493,170
887,9,497,0
888,9,501,204
889,9,505,182
890,9,510,0
891,9,514,155
892,9,518,0
893,9,522,0
894,9,526,0
895,9,530,0
896,9,534,0
897,9,538,0
898,9,543,0
899,9,547,0
900,9,551,152
901,9,555,0
902,9,559,0
903,9,563,0
904,9,567,0
905,9,571,0
906,9,575,0
907,9,580,0
908,9,584,164
909,9,588,0
910,9,592,0
911,9,596,238
912,9,600,0
913,9,604,0
914,9,608,0
915,9,613,0
916,9,617,0
917,9,621,0
918,9,625,0
919,9,629,0
920,9,633,0
921,9,637,0
922,9,641,0
923,9,646,190
924,9,650,156
925,9,654,0
926,9,658,158
927,9,662,0
928,9,666,192
929,9,670,209
930,9,674,289
931,9,679,277
932,9,683,456
933,9,687,616
934,9,691,830
935,9,695,1099
936,9,699,1261
937,9,703,1451
938,9,707,2068
939,9,712,2888
940,9,716,2653
941,9,720,2917
942,9,724,3379
943,9,728,3845
944,9,732,4113
945,9,736,3718
946,9,740,4424
947,9,744,4374
948,9,749,4362
949,9,753,4828
950,9,757,4177
951,9,761,4013
952,9,765,3664
953,9,769,3914
954,9,773,3577
955,9,777,3029
956,9,782,3064
957,9,786,2578
958,9,790,2742
959,9,794,2411
960,9,798,1887
961,9,802,2159
962,9,806,1642
963,9,810,1329
964,9,815,1321
965,9,819,1441
966,9,823,1116
967,9,827,1487
968,9,831,926
969,9,835,903
970,9,839,974
971,9,843,876
972,9,848,760
973,9,852,587
974,9,856,652
975,9,860,455
976,9,864,428
977,9,868,531
978,9,872,421
979,9,876,460
980,9,881,440
981,9,885,314
982,9,889,332
983,9,893,275
984,9,897,270
985,9,901,325
986,9,905,298
987,9,909,347
988,9,914,289
989,9,918,242
990,9,922,322
991,9,926,300
992,9,930,202
993,9,934,201
994,9,938,185
995,9,942,0
996,9,946,164
997,9,951,0
998,9,955,0
999,9,959,0
1000,9,963,0
1001,9,967,221
1002,9,971,206
1003,9,975,161
1004,9,979,206
1005,9,984,200
1006,9,988,176
1007,9,992,210
1008,9,996,225
1009,10,000,349
1010,10,004,255
1011,10,008,0
1012,10,012,0
1013,10,017,0
1014,10,021,198
1015,10,025,203
1016,10,029,0
1017,10,033,232
1018,10,037,195
1019,10,041,0
1020,10,045,0
1021,10,050,152
1022,10,054,0
1023,10,058,0
1024,10,062,0
1025,10,066,183
1026,10,070,0
1027,10,074,203
1028,10,078,0
1029,10,083,170
1030,10,087,0
1031,10,091,0
1032,10,095,0
1033,10,099,0
1034,10,103,0
1035,10,107,175
1036,10,111,0
1037,10,115,0
1038,10,120,0
1039,10,124,0
1040,10,128,243
1041,10,132,0
1042,10,136,155
1043,10,140,0
1044,10,144,0
1045,10,148,0
1046,10,153,0
1047,10,157,0
1048,10,161,0
1049,10,165,167
1050,10,169,0
1051,10,173,0
1052,10,177,160
1053,10,181,0
1054,10,186,0
1055,10,190,0
1056,10,194,0
1057,10,198,0
1058,10,202,0
1059,10,206,0
1060,10,210,0
1061,10,214,161
1062,10,219,0
1063,10,223,157
1064,10,227,0
1065,10,231,0
1066,10,235,0
1067,10,239,183
1068,10,243,0
1069,10,247,0
1070,10,252,0
1071,10,256,0
1072,10,260,0
1073,10,264,0
1074,10,268,0
1075,10,272,0
1076,10,276,0
1077,10,280,175
1078,10,284,0
1079,10,289,0
1080,10,293,0
1081,10,297,159
1082,10,301,0
1083,10,305,0
1084,10,309,193
1085,10,313,0
1086,10,317,165
1087,10,322,0
1088,10,326,0
1089,10,330,0
1090,10,334,0
1091,10,338,200
1092,10,342,160
1093,10,346,166
1094,10,350,0
1095,10,355,0
1096,10,359,0
1097,10,363,223
1098,10,367,0
1099,10,371,0
1100,10,375,0
1101,10,379,0
1102,10,383,0
1103,10,388,0
1104,10,392,0
1105,10,396,0
1106,10,400,0
1107,10,404,0
1108,10,408,0
1109,10,412,0
1110,10,416,152
1111,10,421,181
1112,10,425,0
1113,10,429,165
1114,10,433,0
1115,10,437,0
1116,10,441,0
1117,10,445,0
1118,10,449,0
1119,10,453,201
1120,10,458,0
1121,10,462,0
1122,10,466,0
1123,10,470,0
1124,10,474,0
1125,10,478,0
1126,10,482,0
1127,10,486,0
1128,10,491,0
1129,10,495,0
1130,10,499,0
1131,10,503,151
1132,10,507,160
1133,10,511,0
1134,10,515,0
1135,10,519,0
1136,10,524,0
1137,10,528,0
1138,10,532,194
1139,10,536,0
1140,10,540,0
1141,10,544,0
1142,10,548,0
1143,10,552,0
1144,10,557,0
1145,10,561,0
1146,10,565,0
1147,10,569,168
1148,10,573,171
1149,10,577,0
1150,10,581,0
1151,10,585,0
1152,10,590,0
1153,10,594,0
1154,10,598,0
1155,10,602,0
1156,10,606,0
1157,10,610,0
1158,10,614,0
1159,10,618,0
1160,10,622,0
1161,10,627,0
1162,10,631,0
1163,10,635,0
1164,10,639,242
1165,10,643,153
1166,10,647,0
1167,10,651,158
1168,10,655,0
1169,10,660,0
1170,10,664,0
1171,10,668,175
1172,10,672,0
1173,10,676,157
1174,10,680,0
1175,10,684,0
1176,10,688,0
1177,10,693,0
1178,10,697,0
1179,10,701,0
1180,10,705,0
1181,10,709,165
1182,10,713,0
1183,10,717,0
1184,10,721,0
1185,10,726,0
1186,10,730,0
1187,10,734,0
1188,10,738,0
1189,10,742,0
1190,10,746,0
1191,10,750,0
1192,10,754,0
1193,10,759,0
1194,10,763,0
1195,10,767,0
1196,10,771,0
1197,10,775,0
1198,10,779,0
1199,10,783,0
1200,10,787,0
1201,10,791,0
1202,10,796,0
1203,10,800,0
1204,10,804,0
1205,10,808,155
1206,10,812,0
1207,10,816,0
1208,10,820,0
1209,10,824,0
1210,10,829,0
1211,10,833,0
1212,10,837,0
1213,10,841,0
1214,10,845,0
1215,10,849,0
1216,10,853,0
1217,10,857,0
1218,10,862,0
1219,10,866,160
1220,10,870,275
1221,10,874,0
1222,10,878,0
1223,10,882,0
1224,10,886,214
1225,10,890,0
1226,10,895,257
1227,10,899,0
1228,10,903,0
1229,10,907,0
1230,10,911,155
1231,10,915,225
1232,10,919,0
1233,10,923,0
1234,10,928,0
1235,10,932,190
1236,10,936,163
1237,10,940,0
1238,10,944,156
1239,10,948,0
1240,10,952,0
1241,10,956,0
1242,10,960,0
1243,10,965,0
1244,10,969,0
1245,10,973,0
1246,10,977,0
1247,10,981,0
1248,10,985,0
1249,10,989,0
1250,10,993,0
1251,10,998,0
1252,11,002,0
1253,11,006,0
1254,11,010,165
1255,11,014,0
1256,11,018,0
1257,11,022,191
1258,11,026,0
1259,11,031,0
1260,11,035,0
1261,11,039,0
1262,11,043,0
1263,11,047,0
1264,11,051,165
1265,11,055,0
1266,11,059,0
1267,11,064,0
1268,11,068,0
1269,11,072,0
1270,11,076,0
1271,11,080,0
1272,11,084,0
1273,11,088,150
1274,11,092,0
1275,11,097,0
1276,11,101,0
1277,11,105,0
1278,11,109,0
1279,11,113,0
1280,11,117,0
1281,11,121,0
1282,11,125,153
1283,11,129,0
1284,11,134,0
1285,11,138,0
1286,11,142,0
1287,11,146,0
1288,11,150,0
1289,11,154,157
1290,11,158,0
1291,11,162,0
1292,11,167,0
1293,11,171,0
1294,11,175,0
1295,11,179,0
1296,11,183,0
1297,11,187,0
1298,11,191,0
1299,11,195,0
1300,11,200,186
1301,11,204,193
1302,11,208,0
1303,11,212,0
1304,11,216,0
1305,11,220,0
1306,11,224,0
1307,11,228,0
1308,11,233,0
1309,11,237,0
1310,11,241,0
1311,11,245,0
1312,11,249,0
1313,11,253,0
1314,11,257,0
1315,11,261,0
1316,11,266,0
1317,11,270,0
1318,11,274,0
1319,11,278,0
1320,11,282,0
1321,11,286,0
1322,11,290,0
1323,11,294,0
1324,11,298,0
1325,11,303,0
1326,11,307,0
1327,11,311,0
1328,11,315,0
1329,11,319,0
1330,11,323,0
1331,11,327,166
1332,11,331,0
1333,11,336,0
1334,11,340,0
1335,11,344,0
1336,11,348,0
1337,11,352,0
1338,11,356,0
1339,11,360,0
1340,11,364,168
1341,11,369,0
1342,11,373,0
1343,11,377,0
1344,11,381,0
1345,11,385,0
1346,11,389,0
1347,11,393,0
1348,11,397,0
1349,11,402,0
1350,11,406,0
1351,11,410,0
1352,11,414,0
1353,11,418,0
1354,11,422,0
1355,11,426,180
1356,11,430,0
1357,11,435,0
1358,11,439,0
1359,11,443,0
1360,11,447,0
1361,11,451,0
1362,11,455,0
1363,11,459,0
1364,11,463,0
1365,11,467,0
1366,11,472,0
1367,11,476,0
1368,11,480,212
1369,11,484,0
1370,11,488,0
1371,11,492,0
1372,11,496,222
1373,11,500,0
1374,11,505,0
1375,11,509,0
1376,11,513,0
1377,11,517,0
1378,11,521,177
1379,11,525,0
1380,11,529,0
1381,11,533,150
1382,11,538,0
1383,11,542,185
1384,11,546,0
1385,11,550,0
1386,11,554,0
1387,11,558,0
1388,11,562,0
1389,11,566,0
1390,11,571,0
1391,11,575,0
1392,11,579,0
1393,11,583,0
1394,11,587,0
1395,11,591,0
1396,11,595,0
1397,11,599,0
1398,11,604,0
1399,11,608,0
1400,11,612,0
1401,11,616,0
1402,11,620,0
1403,11,624,0
1404,11,628,193
1405,11,632,0
1406,11,636,0
1407,11,641,0
1408,11,645,0
1409,11,649,174
1410,11,653,0
1411,11,657,0
1412,11,661,0
1413,11,665,0
1414,11,669,0
1415,11,674,0
1416,11,678,0
1417,11,682,182
1418,11,686,0
1419,11,690,0
1420,11,694,0
1421,11,698,0
1422,11,702,0
1423,11,707,0
1424,11,711,0
1425,11,715,0
1426,11,719,0
1427,11,723,0
1428,11,727,245
1429,11,731,158
1430,11,735,0
1431,11,740,0
1432,11,744,0
1433,11,748,0
1434,11,752,0
1435,11,756,172
1436,11,760,0
1437,11,764,0
1438,11,768,0
1439,11,773,0
1440,11,777,0
1441,11,781,0
1442,11,785,0
1443,11,789,0
1444,11,793,0
1445,11,797,0
1446,11,801,0
1447,11,805,0
1448,11,810,0
1449,11,814,0
1450,11,818,0
1451,11,822,0
1452,11,826,0
1453,11,830,159
1454,11,834,0
1455,11,838,151
1456,11,843,152
1457,11,847,155
1458,11,851,0
1459,11,855,0
1460,11,859,291
1461,11,863,165
1462,11,867,0
1463,11,871,0
1464,11,876,168
1465,11,880,232
1466,11,884,0
1467,11,888,0
1468,11,892,0
1469,11,896,0
1470,11,900,237
1471,11,904,0
1472,11,909,0
1473,11,913,0
1474,11,917,188
1475,11,921,150
1476,11,925,0
1477,11,929,0
1478,11,933,0
1479,11,937,152
1480,11,942,0
1481,11,946,0
1482,11,950,0
1483,11,954,175
1484,11,958,168
1485,11,962,0
1486,11,966,0
1487,11,970,0
1488,11,974,0
1489,11,979,0
1490,11,983,182
1491,11,987,0
1492,11,991,0
1493,11,995,0
1494,11,999,170
1495,12,003,0
1496,12,007,0
1497,12,012,0
1498,12,016,0
1499,12,020,162
1500,12,024,0
1501,12,028,199
1502,12,032,0
1503,12,036,0
1504,12,040,0
1505,12,045,0
1506,12,049,0
1507,12,053,0
1508,12,057,0
1509,12,061,0
1510,12,065,0
1511,12,069,0
1512,12,073,0
1513,12,078,0
1514,12,082,179
1515,12,086,0
1516,12,090,0
1517,12,094,0
1518,12,098,186
1519,12,102,0
1520,12,106,0
1521,12,111,0
1522,12,115,0
1523,12,119,0
1524,12,123,0
1525,12,127,0
1526,12,131,0
1527,12,135,153
1528,12,139,252
1529,12,143,0
1530,12,148,159
1531,12,152,0
1532,12,156,0
1533,12,160,0
1534,12,164,0
1535,12,168,0
1536,12,172,0
1537,12,176,235
1538,12,181,0
1539,12,185,0
1540,12,189,0
1541,12,193,0
1542,12,197,0
1543,12,201,0
1544,12,205,229
1545,12,209,0
1546,12,214,0
1547,12,218,0
1548,12,222,0
1549,12,226,0
1550,12,230,0
1551,12,234,0
1552,12,238,0
1553,12,242,0
1554,12,247,0
1555,12,251,0
1556,12,255,0
1557,12,259,0
1558,12,263,0
1559,12,267,198
1560,12,271,183
1561,12,275,0
1562,12,280,0
1563,12,284,0
1564,12,288,0
1565,12,292,0
1566,12,296,0
1567,12,300,167
1568,12,304,0
1569,12,308,0
1570,12,312,0
1571,12,317,0
1572,12,321,0
1573,12,325,0
1574,12,329,0
1575,12,333,0
1576,12,337,0
1577,12,341,0
1578,12,345,173
1579,12,350,0
1580,12,354,151
1581,12,358,0
1582,12,362,0
1583,12,366,0
1584,12,370,0
1585,12,374,0
1586,12,378,0
1587,12,383,0
1588,12,387,0
1589,12,391,0
1590,12,395,0
1591,12,399,0
1592,12,403,0
1593,12,407,0
1594,12,411,0
1595,12,416,0
1596,12,420,0
1597,12,424,0
1598,12,428,0
1599,12,432,0
1600,12,436,0
1601,12,440,0
1602,12,444,0
1603,12,449,0
1604,12,453,0
1605,12,457,0
1606,12,461,0
1607,12,465,0
1608,12,469,0
1609,12,473,0
1610,12,477,0
1611,12,481,0
1612,12,486,0
1613,12,490,0
1614,12,494,0
1615,12,498,0
1616,12,502,176
1617,12,506,0
1618,12,510,0
1619,12,514,0
1620,12,519,0
1621,12,523,0
1622,12,527,0
1623,12,531,0
1624,12,535,0
1625,12,539,0
1626,12,543,177
1627,12,547,0
1628,12,552,0
1629,12,556,182
1630,12,560,0
1631,12,564,161
1632,12,568,0
1633,12,572,0
1634,12,576,0
1635,12,580,0
1636,12,585,185
1637,12,589,0
1638,12,593,177
1639,12,597,173
1640,12,601,0
1641,12,605,198
1642,12,609,0
1643,12,613,0
1644,12,618,0
1645,12,622,0
1646,12,626,0
1647,12,630,0
1648,12,634,174
1649,12,638,182
1650,12,642,0
1651,12,646,0
1652,12,650,0
1653,12,655,0
1654,12,659,0
1655,12,663,0
1656,12,667,0
1657,12,671,0
1658,12,675,0
1659,12,679,0
1660,12,683,0
1661,12,688,0
1662,12,692,188
1663,12,696,0
1664,12,700,175
1665,12,704,0
1666,12,708,0
1667,12,712,0
1668,12,716,0
1669,12,721,0
1670,12,725,0
1671,12,729,0
1672,12,733,0
1673,12,737,0
1674,12,741,0
1675,12,745,0
1676,12,749,0
1677,12,754,0
1678,12,758,0
1679,12,762,0
1680,12,766,0
1681,12,770,0
1682,12,774,190
1683,12,778,0
1684,12,782,0
1685,12,787,0
1686,12,791,0
1687,12,795,0
1688,12,799,0
1689,12,803,158
1690,12,807,0
1691,12,811,0
1692,12,815,0
1693,12,819,0
1694,12,824,161
1695,12,828,0
1696,12,832,0
1697,12,836,0
1698,12,840,167
1699,12,844,0
1700,12,848,0
1701,12,852,0
1702,12,857,0
1703,12,861,0
1704,12,865,162
1705,12,869,208
1706,12,873,0
1707,12,877,0
1708,12,881,0
1709,12,885,189
1710,12,890,178
1711,12,894,208
1712,12,898,0
1713,12,902,165
1714,12,906,0
1715,12,910,153
1716,12,914,0
1717,12,918,163
1718,12,923,0
1719,12,927,0
1720,12,931,0
1721,12,935,0
1722,12,939,0
1723,12,943,0
1724,12,947,0
1725,12,951,0
1726,12,956,0
1727,12,960,0
1728,12,964,0
1729,12,968,0
1730,12,972,0
1731,12,976,0
1732,12,980,0
1733,12,984,0
1734,12,988,0
1735,12,993,0
1736,12,997,0
1737,13,001,0
1738,13,005,0
1739,13,009,0
1740,13,013,0
1741,13,017,0
1742,13,021,0
1743,13,026,0
1744,13,030,0
1745,13,034,0
1746,13,038,0
1747,13,042,0
1748,13,046,0
1749,13,050,0
1750,13,054,0
1751,13,059,0
1752,13,063,0
1753,13,067,0
1754,13,071,0
1755,13,075,0
1756,13,079,0
1757,13,083,0
1758,13,087,0
1759,13,092,192
1760,13,096,0
1761,13,100,0
1762,13,104,0
1763,13,108,0
1764,13,112,0
1765,13,116,0
1766,13,120,0
1767,13,125,0
1768,13,129,0
1769,13,133,0
1770,13,137,0
1771,13,141,0
1772,13,145,0
1773,13,149,0
1774,13,153,0
1775,13,157,0
1776,13,162,0
1777,13,166,0
1778,13,170,0
1779,13,174,0
1780,13,178,0
1781,13,182,0
1782,13,186,0
1783,13,190,0
1784,13,195,0
1785,13,199,0
1786,13,203,162
1787,13,207,0
1788,13,211,0
1789,13,215,0
1790,13,219,0
1791,13,223,0
1792,13,228,167
1793,13,232,0
1794,13,236,151
1795,13,240,0
1796,13,244,0
1797,13,248,0
1798,13,252,0
1799,13,256,0
1800,13,261,153
1801,13,265,0
1802,13,269,0
1803,13,273,0
1804,13,277,0
1805,13,281,0
1806,13,285,0
1807,13,289,0
1808,13,294,0
1809,13,298,0
1810,13,302,0
1811,13,306,0
1812,13,310,0
1813,13,314,0
1814,13,318,0
1815,13,322,0
1816,13,326,188
1817,13,331,0
1818,13,335,0
1819,13,339,162
1820,13,343,0
1821,13,347,0
1822,13,351,0
1823,13,355,0
1824,13,359,0
1825,13,364,0
1826,13,368,0
1827,13,372,0
1828,13,376,0
1829,13,380,0
1830,13,384,0
1831,13,388,0
1832,13,392,0
1833,13,397,0
1834,13,401,0
1835,13,405,0
1836,13,409,0
1837,13,413,186
1838,13,417,0
1839,13,421,0
1840,13,425,0
1841,13,430,0
1842,13,434,0
1843,13,438,0
1844,13,442,0
1845,13,446,0
1846,13,450,0
1847,13,454,175
1848,13,458,0
1849,13,463,0
1850,13,467,240
1851,13,471,225
1852,13,475,312
1853,13,479,387
1854,13,483,670
1855,13,487,551
1856,13,491,893
1857,13,495,1435
1858,13,500,1734
1859,13,504,2033
1860,13,508,2566
1861,13,512,3315
1862,13,516,4086
1863,13,520,4680
1864,13,524,5298
1865,13,528,5625
1866,13,533,5925
1867,13,537,6047
1868,13,541,6976
1869,13,545,6511
1870,13,549,6590
1871,13,553,6702
1872,13,557,6192
1873,13,561,5430
1874,13,566,5272
1875,13,570,5035
1876,13,574,4870
1877,13,578,4137
1878,13,582,3710
1879,13,586,3194
1880,13,590,2733
1881,13,594,2386
1882,13,599,2595
1883,13,603,2111
1884,13,607,1977
1885,13,611,2178
1886,13,615,1283
1887,13,619,1407
1888,13,623,1296
1889,13,627,1021
1890,13,632,1095
1891,13,636,822
1892,13,640,667
1893,13,644,687
1894,13,648,777
1895,13,652,697
1896,13,656,681
1897,13,660,655
1898,13,664,636
1899,13,669,487
1900,13,673,482
1901,13,677,460
1902,13,681,279
1903,13,685,521
1904,13,689,446
1905,13,693,532
1906,13,697,442
1907,13,702,236
1908,13,706,418
1909,13,710,399
1910,13,714,399
1911,13,718,338
1912,13,722,627
1913,13,726,217
1914,13,730,332
1915,13,735,336
1916,13,739,223
1917,13,743,360
1918,13,747,304
1919,13,751,295
1920,13,755,344
1921,13,759,292
1922,13,763,393
1923,13,768,302
1924,13,772,263
1925,13,776,309
1926,13,780,282
1927,13,784,362
1928,13,788,211
1929,13,792,345
1930,13,796,257
1931,13,801,215
1932,13,805,0
1933,13,809,230
1934,13,813,303
1935,13,817,160
1936,13,821,297
1937,13,825,0
1938,13,829,0
1939,13,833,234
1940,13,838,273
1941,13,842,0
1942,13,846,167
1943,13,850,165
1944,13,854,240
1945,13,858,219
1946,13,862,312
1947,13,866,238
1948,13,871,237
1949,13,875,207
1950,13,879,212
1951,13,883,194
1952,13,887,279
1953,13,891,152
1954,13,895,188
1955,13,899,204
1956,13,904,230
1957,13,908,165
1958,13,912,0
1959,13,916,224
1960,13,920,0
1961,13,924,0
1962,13,928,184
1963,13,932,155
1964,13,937,0
1965,13,941,0
1966,13,945,154
1967,13,949,215
1968,13,953,176
1969,13,957,192
1970,13,961,200
1971,13,965,0
1972,13,970,0
1973,13,974,152
1974,13,978,0
1975,13,982,194
1976,13,986,0
1977,13,990,228
1978,13,994,0
1979,13,998,211
1980,14,002,243
1981,14,007,242
1982,14,011,0
1983,14,015,0
1984,14,019,152
1985,14,023,0
1986,14,027,0
1987,14,031,0
1988,14,035,0
1989,14,040,0
1990,14,044,0
1991,14,048,0
1992,14,052,0
1993,14,056,0
1994,14,060,0
1995,14,064,0
1996,14,068,0
1997,14,073,0
1998,14,077,150
1999,14,081,0
2000,14,085,0
2001,14,089,0
2002,14,093,0
2003,14,097,0
2004,14,101,186
2005,14,106,0
2006,14,110,219
2007,14,114,211
2008,14,118,0
2009,14,122,0
2010,14,126,0
2011,14,130,0
2012,14,134,0
2013,14,139,0
2014,14,143,0
2015,14,147,0
2016,14,151,0
2017,14,155,0
2018,14,159,0
2019,14,163,158
2020,14,167,232
2021,14,171,151
2022,14,176,196
2023,14,180,0
2024,14,184,261
2025,14,188,0
2026,14,192,185
2027,14,196,0
2028,14,200,0
2029,14,204,167
2030,14,209,175
2031,14,213,243
2032,14,217,0
2033,14,221,0
2034,14,225,0
2035,14,229,0
2036,14,233,0
2037,14,237,0
2038,14,242,0
2039,14,246,273
2040,14,250,234
2041,14,254,236
2042,14,258,161
2043,14,262,0
2044,14,266,162
2045,14,270,211
2046,14,275,0
2047,14,279,0
2048,14,283,0
2049,14,287,0
2050,14,291,0
2051,14,295,0
2052,14,299,0
2053,14,303,0
2054,14,308,0
2055,14,312,0
2056,14,316,0
2057,14,320,186
2058,14,324,0
2059,14,328,0
2060,14,332,0
2061,14,336,0
2062,14,340,0
2063,14,345,0
2064,14,349,0
2065,14,353,0
2066,14,357,221
2067,14,361,154
2068,14,365,157
2069,14,369,173
2070,14,373,204
2071,14,378,192
2072,14,382,0
2073,14,386,183
2074,14,390,0
2075,14,394,0
2076,14,398,0
2077,14,402,172
2078,14,406,0
2079,14,411,0
2080,14,415,0
2081,14,419,0
2082,14,423,0
2083,14,427,191
2084,14,431,0
2085,14,435,297
2086,14,439,0
2087,14,444,0
2088,14,448,0
2089,14,452,0
2090,14,456,0
2091,14,460,203
2092,14,464,0
2093,14,468,0
2094,14,472,0
2095,14,477,0
2096,14,481,0
2097,14,485,0
2098,14,489,0
2099,14,493,0
2100,14,497,0
2101,14,501,0
2102,14,505,173
2103,14,509,0
2104,14,514,0
2105,14,518,0
2106,14,522,153
2107,14,526,0
2108,14,530,0
2109,14,534,0
2110,14,538,0
2111,14,542,201
2112,14,547,151
2113,14,551,0
2114,14,555,0
2115,14,559,0
2116,14,563,0
2117,14,567,0
2118,14,571,0
2119,14,575,0
2120,14,580,156
2121,14,584,0
2122,14,588,0
2123,14,592,0
2124,14,596,0
2125,14,600,0
2126,14,604,168
2127,14,608,0
2128,14,613,0
2129,14,617,0
2130,14,621,0
2131,14,625,0
2132,14,629,0
2133,14,633,0
2134,14,637,0
2135,14,641,0
2136,14,646,0
2137,14,650,0
2138,14,654,0
2139,14,658,184
2140,14,662,0
2141,14,666,0
2142,14,670,0
2143,14,674,0
2144,14,678,155
2145,14,683,0
2146,14,687,205
2147,14,691,0
2148,14,695,0
2149,14,699,0
2150,14,703,0
2151,14,707,0
2152,14,711,0
2153,14,716,0
2154,14,720,0
2155,14,724,0
2156,14,728,0
2157,14,732,0
2158,14,736,0
2159,14,740,0
2160,14,744,0
2161,14,749,0
2162,14,753,0
2163,14,757,0
2164,14,761,198
2165,14,765,0
2166,14,769,0
2167,14,773,0
2168,14,777,0
2169,14,782,0
2170,14,786,0
2171,14,790,0
2172,14,794,0
2173,14,798,0
2174,14,802,0
2175,14,806,0
2176,14,810,0
2177,14,815,0
2178,14,819,0
2179,14,823,0
2180,14,827,0
2181,14,831,0
2182,14,835,0
2183,14,839,162
2184,14,843,177
2185,14,848,0
2186,14,852,0
2187,14,856,0
2188,14,860,175
2189,14,864,0
2190,14,868,0
2191,14,872,0
2192,14,876,208
2193,14,880,0
2194,14,885,0
2195,14,889,0
2196,14,893,0
2197,14,897,0
2198,14,901,168
2199,14,905,0
2200,14,909,0
2201,14,913,0
2202,14,918,0
2203,14,922,0
2204,14,926,0
2205,14,930,0
2206,14,934,0
2207,14,938,0
2208,14,942,0
2209,14,946,0
2210,14,951,0
2211,14,955,0
2212,14,959,0
2213,14,963,0
2214,14,967,0
2215,14,971,0
2216,14,975,0
2217,14,979,0
2218,14,984,0
2219,14,988,0
2220,14,992,0
2221,14,996,0
2222,15,000,0
2223,15,004,0
2224,15,008,0
2225,15,012,183
2226,15,017,0
2227,15,021,0
2228,15,025,0
2229,15,029,0
2230,15,033,0
2231,15,037,0
2232,15,041,0
2233,15,045,0
2234,15,049,0
2235,15,054,0
2236,15,058,0
2237,15,062,0
2238,15,066,0
2239,15,070,0
2240,15,074,209
2241,15,078,0
2242,15,082,0
2243,15,087,0
2244,15,091,0
2245,15,095,0
2246,15,099,0
2247,15,103,158
2248,15,107,0
2249,15,111,0
2250,15,115,177
2251,15,120,0
2252,15,124,0
2253,15,128,0
2254,15,132,0
2255,15,136,0
2256,15,140,0
2257,15,144,0
2258,15,148,0
2259,15,153,0
2260,15,157,0
2261,15,161,180
2262,15,165,0
2263,15,169,0
2264,15,173,0
2265,15,177,0
2266,15,181,0
2267,15,186,0
2268,15,190,186
2269,15,194,0
2270,15,198,241
2271,15,202,0
2272,15,206,0
2273,15,210,0
2274,15,214,0
2275,15,218,0
2276,15,223,308
2277,15,227,0
2278,15,231,0
2279,15,235,0
2280,15,239,0
2281,15,243,0
2282,15,247,0
2283,15,251,157
2284,15,256,151
2285,15,260,161
2286,15,264,150
2287,15,268,0
2288,15,272,0
2289,15,276,0
2290,15,280,0
2291,15,284,0
2292,15,289,0
2293,15,293,0
2294,15,297,0
2295,15,301,0
2296,15,305,0
2297,15,309,0
2298,15,313,0
2299,15,317,0
2300,15,322,0
2301,15,326,0
2302,15,330,0
2303,15,334,0
2304,15,338,0
2305,15,342,0
2306,15,346,0
2307,15,350,0
2308,15,355,0
2309,15,359,0
2310,15,363,0
2311,15,367,0
2312,15,371,0
2313,15,375,0
2314,15,379,0
2315,15,383,0
2316,15,387,0
2317,15,392,0
2318,15,396,0
2319,15,400,150
2320,15,404,0
2321,15,408,0
2322,15,412,156
2323,15,416,0
2324,15,420,0
2325,15,425,163
2326,15,429,0
2327,15,433,0
2328,15,437,0
2329,15,441,0
2330,15,445,0
2331,15,449,0
2332,15,453,0
2333,15,458,0
2334,15,462,0
2335,15,466,0
2336,15,470,0
2337,15,474,183
2338,15,478,0
2339,15,482,164
2340,15,486,0
2341,15,491,0
2342,15,495,0
2343,15,499,0
2344,15,503,0
2345,15,507,154
2346,15,511,0
2347,15,515,0
2348,15,519,260
2349,15,524,0
2350,15,528,0
2351,15,532,231
2352,15,536,326
2353,15,540,250
2354,15,544,386
2355,15,548,526
2356,15,552,813
2357,15,556,1065
2358,15,561,1370
2359,15,565,1667
2360,15,569,1797
2361,15,573,2068
2362,15,577,2861
2363,15,581,3011
2364,15,585,3366
2365,15,589,3425
2366,15,594,3574
2367,15,598,3894
2368,15,602,3484
2369,15,606,4138
2370,15,610,3426
2371,15,614,3088
2372,15,618,3592
2373,15,622,2688
2374,15,627,3279
2375,15,631,2701
2376,15,635,2381
2377,15,639,1904
2378,15,643,1992
2379,15,647,1598
2380,15,651,1670
2381,15,655,1375
2382,15,660,1224
2383,15,664,1015
2384,15,668,990
2385,15,672,1161
2386,15,676,822
2387,15,680,838
2388,15,684,585
2389,15,688,455
2390,15,693,369
2391,15,697,377
2392,15,701,532
2393,15,705,425
2394,15,709,557
2395,15,713,420
2396,15,717,341
2397,15,721,324
2398,15,725,316
2399,15,730,387
2400,15,734,257
2401,15,738,263
2402,15,742,325
2403,15,746,297
2404,15,750,234
2405,15,754,211
2406,15,758,307
2407,15,763,173
2408,15,767,202
2409,15,771,352
2410,15,775,237
2411,15,779,239
2412,15,783,211
2413,15,787,189
2414,15,791,259
2415,15,796,0
2416,15,800,215
2417,15,804,156
2418,15,808,219
2419,15,812,0
2420,15,816,253
2421,15,820,281
2422,15,824,0
2423,15,829,207
2424,15,833,256
2425,15,837,180
2426,15,841,213
2427,15,845,177
2428,15,849,0
2429,15,853,0
2430,15,857,0
2431,15,862,165
2432,15,866,0
2433,15,870,0
2434,15,874,170
2435,15,878,0
2436,15,882,0
2437,15,886,0
2438,15,890,0
2439,15,894,0
2440,15,899,152
2441,15,903,0
2442,15,907,0
2443,15,911,0
2444,15,915,187
2445,15,919,222
2446,15,923,160
2447,15,927,0
2448,15,932,0
2449,15,936,0
2450,15,940,0
2451,15,944,160
2452,15,948,0
2453,15,952,0
2454,15,956,0
2455,15,960,0
2456,15,965,0
2457,15,969,0
2458,15,973,229
2459,15,977,213
2460,15,981,0
2461,15,985,196
2462,15,989,0
2463,15,993,0
2464,15,998,0
2465,16,002,0
2466,16,006,0
2467,16,010,0
2468,16,014,0
2469,16,018,0
2470,16,022,0
2471,16,026,0
2472,16,031,0
2473,16,035,152
2474,16,039,0
2475,16,043,167
2476,16,047,0
2477,16,051,0
2478,16,055,218
2479,16,059,0
2480,16,063,150
2481,16,068,0
2482,16,072,0
2483,16,076,0
2484,16,080,327
2485,16,084,0
2486,16,088,0
2487,16,092,0
2488,16,096,0
2489,16,101,0
2490,16,105,0
2491,16,109,175
2492,16,113,0
2493,16,117,0
2494,16,121,0
2495,16,125,0
2496,16,129,0
2497,16,134,182
2498,16,138,0
2499,16,142,0
2500,16,146,0
2501,16,150,0
2502,16,154,0
2503,16,158,0
2504,16,162,0
2505,16,167,0
2506,16,171,0
2507,16,175,161
2508,16,179,0
2509,16,183,0
2510,16,187,0
2511,16,191,0
2512,16,195,0
2513,16,200,0
2514,16,204,0
2515,16,208,0
2516,16,212,0
2517,16,216,0
2518,16,220,0
2519,16,224,0
2520,16,228,0
2521,16,232,0
2522,16,237,0
2523,16,241,186
2524,16,245,0
2525,16,249,0
2526,16,253,0
2527,16,257,157
2528,16,261,0
2529,16,265,206
2530,16,270,150
2531,16,274,0
2532,16,278,204
2533,16,282,0
2534,16,286,237
2535,16,290,170
2536,16,294,0
2537,16,298,0
2538,16,303,0
2539,16,307,0
2540,16,311,0
2541,16,315,0
2542,16,319,0
2543,16,323,226
2544,16,327,0
2545,16,331,0
2546,16,336,0
2547,16,340,0
2548,16,344,0
2549,16,348,0
2550,16,352,173
2551,16,356,0
2552,16,360,201
2553,16,364,0
2554,16,369,0
2555,16,373,0
2556,16,377,0
2557,16,381,0
2558,16,385,0
2559,16,389,0
2560,16,393,0
2561,16,397,0
2562,16,401,0
2563,16,406,0
2564,16,410,0
2565,16,414,0
2566,16,418,0
2567,16,422,173
2568,16,426,150
2569,16,430,158
2570,16,434,0
2571,16,439,0
2572,16,443,0
2573,16,447,156
2574,16,451,0
2575,16,455,0
2576,16,459,0
2577,16,463,0
2578,16,467,0
2579,16,472,0
2580,16,476,0
2581,16,480,0
2582,16,484,0
2583,16,488,160
2584,16,492,0
2585,16,496,0
2586,16,500,174
2587,16,505,0
2588,16,509,0
2589,16,513,0
2590,16,517,0
2591,16,521,0
2592,16,525,0
2593,16,529,180
2594,16,533,152
2595,16,538,0
2596,16,542,0
2597,16,546,0
2598,16,550,0
2599,16,554,0
2600,16,558,0
2601,16,562,0
2602,16,566,0
2603,16,570,0
2604,16,575,169
2605,16,579,0
2606,16,583,227
2607,16,587,0
2608,16,591,0
2609,16,595,0
2610,16,599,0
2611,16,603,0
2612,16,608,0
2613,16,612,0
2614,16,616,0
2615,16,620,0
2616,16,624,0
2617,16,628,0
2618,16,632,0
2619,16,636,0
2620,16,641,0
2621,16,645,0
2622,16,649,0
2623,16,653,0
2624,16,657,0
2625,16,661,0
2626,16,665,0
2627,16,669,0
2628,16,674,0
2629,16,678,0
2630,16,682,0
2631,16,686,0
2632,16,690,0
2633,16,694,0
2634,16,698,162
2635,16,702,175
2636,16,707,0
2637,16,711,0
2638,16,715,0
2639,16,719,0
2640,16,723,0
2641,16,727,0
2642,16,731,0
2643,16,735,0
2644,16,739,0
2645,16,744,0
2646,16,748,0
2647,16,752,0
2648,16,756,0
2649,16,760,0
2650,16,764,0
2651,16,768,0
2652,16,772,0
2653,16,777,0
2654,16,781,0
2655,16,785,0
2656,16,789,155
2657,16,793,0
2658,16,797,0
2659,16,801,0
2660,16,805,244
2661,16,810,0
2662,16,814,0
2663,16,818,0
2664,16,822,0
2665,16,826,0
2666,16,830,0
2667,16,834,0
2668,16,838,0
2669,16,843,0
2670,16,847,0
2671,16,851,0
2672,16,855,150
2673,16,859,0
2674,16,863,0
2675,16,867,0
2676,16,871,0
2677,16,876,0
2678,16,880,0
2679,16,884,0
2680,16,888,0
2681,16,892,0
2682,16,896,0
2683,16,900,0
2684,16,904,0
2685,16,908,0
2686,16,913,0
2687,16,917,0
2688,16,921,0
2689,16,925,0
2690,16,929,0
2691,16,933,0
2692,16,937,0
2693,16,941,0
2694,16,946,0
2695,16,950,0
2696,16,954,0
2697,16,958,200
2698,16,962,184
2699,16,966,0
2700,16,970,169
2701,16,974,0
2702,16,979,0
2703,16,983,0
2704,16,987,0
2705,16,991,0
2706,16,995,153
2707,16,999,156
2708,17,003,177
2709,17,007,0
2710,17,012,0
2711,17,016,153
2712,17,020,0
2713,17,024,0
2714,17,028,0
2715,17,032,0
2716,17,036,0
2717,17,040,0
2718,17,045,0
2719,17,049,0
2720,17,053,0
2721,17,057,0
2722,17,061,0
2723,17,065,0
2724,17,069,0
2725,17,073,0
2726,17,077,177
2727,17,082,175
2728,17,086,0
2729,17,090,0
2730,17,094,0
2731,17,098,0
2732,17,102,0
2733,17,106,0
2734,17,110,0
2735,17,115,0
2736,17,119,209
2737,17,123,0
2738,17,127,0
2739,17,131,0
2740,17,135,0
2741,17,139,0
2742,17,143,0
2743,17,148,0
2744,17,152,0
2745,17,156,0
2746,17,160,0
2747,17,164,0
2748,17,168,0
2749,17,172,0
2750,17,176,0
2751,17,181,237
2752,17,185,219
2753,17,189,0
2754,17,193,0
2755,17,197,0
2756,17,201,242
2757,17,205,0
2758,17,209,0
2759,17,214,0
2760,17,218,0
2761,17,222,0
2762,17,226,0
2763,17,230,0
2764,17,234,0
2765,17,238,0
2766,17,242,0
2767,17,246,0
2768,17,251,0
2769,17,255,0
2770,17,259,0
2771,17,263,0
2772,17,267,0
2773,17,271,0
2774,17,275,0
2775,17,279,0
2776,17,284,0
2777,17,288,0
2778,17,292,0
2779,17,296,0
2780,17,300,0
2781,17,304,0
2782,17,308,0
2783,17,312,0
2784,17,317,0
2785,17,321,0
2786,17,325,0
2787,17,329,0
2788,17,333,0
2789,17,337,0
2790,17,341,0
2791,17,345,0
2792,17,350,0
2793,17,354,0
2794,17,358,0
2795,17,362,0
2796,17,366,0
2797,17,370,0
2798,17,374,0
2799,17,378,0
2800,17,383,0
2801,17,387,0
2802,17,391,0
2803,17,395,0
2804,17,399,0
2805,17,403,0
2806,17,407,0
2807,17,411,0
2808,17,415,0
2809,17,420,0
2810,17,424,157
2811,17,428,0
2812,17,432,0
2813,17,436,0
2814,17,440,0
2815,17,444,0
2816,17,448,0
2817,17,453,0
2818,17,457,0
2819,17,461,0
2820,17,465,0
2821,17,469,0
2822,17,473,0
2823,17,477,0
2824,17,481,0
2825,17,486,0
2826,17,490,0
2827,17,494,0
2828,17,498,0
2829,17,502,0
2830,17,506,0
2831,17,510,0
2832,17,514,157
2833,17,519,0
2834,17,523,0
2835,17,527,0
2836,17,531,0
2837,17,535,0
2838,17,539,0
2839,17,543,0
2840,17,547,0
2841,17,552,0
2842,17,556,0
2843,17,560,0
2844,17,564,0
2845,17,568,0
2846,17,572,0
2847,17,576,0
2848,17,580,207
2849,17,584,152
2850,17,589,235
2851,17,593,368
2852,17,597,632
2853,17,601,822
2854,17,605,838
2855,17,609,1268
2856,17,613,2027
2857,17,617,2192
2858,17,622,3328
2859,17,626,3440
2860,17,630,4055
2861,17,634,5149
2862,17,638,6307
2863,17,642,6831
2864,17,646,7292
2865,17,650,7664
2866,17,655,8764
2867,17,659,8908
2868,17,663,8692
2869,17,667,7960
2870,17,671,8561
2871,17,675,7717
2872,17,679,7286
2873,17,683,6532
2874,17,688,5831
2875,17,692,5525
2876,17,696,4480
2877,17,700,4969
2878,17,704,3625
2879,17,708,3264
2880,17,712,3169
2881,17,716,2517
2882,17,721,2531
2883,17,725,2149
2884,17,729,1635
2885,17,733,1572
2886,17,737,1823
2887,17,741,1423
2888,17,745,1150
2889,17,749,1167
2890,17,753,874
2891,17,758,1142
2892,17,762,1048
2893,17,766,1070
2894,17,770,784
2895,17,774,650
2896,17,778,859
2897,17,782,643
2898,17,786,500
2899,17,791,681
2900,17,795,574
2901,17,799,587
2902,17,803,594
2903,17,807,396
2904,17,811,532
2905,17,815,517
2906,17,819,370
2907,17,824,314
2908,17,828,287
2909,17,832,331
2910,17,836,498
2911,17,840,403
2912,17,844,272
2913,17,848,352
2914,17,852,335
2915,17,857,298
2916,17,861,431
2917,17,865,228
2918,17,869,257
2919,17,873,321
2920,17,877,201
2921,17,881,276
2922,17,885,0
2923,17,890,237
2924,17,894,288
2925,17,898,219
2926,17,902,284
2927,17,906,188
2928,17,910,295
2929,17,914,232
2930,17,918,218
2931,17,922,182
2932,17,927,287
2933,17,931,170
2934,17,935,202
2935,17,939,0
2936,17,943,231
2937,17,947,221
2938,17,951,313
2939,17,955,198
2940,17,960,319
2941,17,964,242
2942,17,968,304
2943,17,972,211
2944,17,976,187
2945,17,980,350
2946,17,984,161
2947,17,988,202
2948,17,993,182
2949,17,997,202
2950,18,001,159
2951,18,005,0
2952,18,009,0
2953,18,013,232
2954,18,017,0
2955,18,021,251
2956,18,026,198
2957,18,030,0
2958,18,034,0
2959,18,038,0
2960,18,042,157
2961,18,046,250
2962,18,050,242
2963,18,054,225
2964,18,059,0
2965,18,063,0
2966,18,067,0
2967,18,071,195
2968,18,075,215
2969,18,079,169
2970,18,083,192
2971,18,087,0
2972,18,091,0
2973,18,096,156
2974,18,100,0
2975,18,104,162
2976,18,108,0
2977,18,112,0
2978,18,116,202
2979,18,120,0
2980,18,124,0
2981,18,129,154
2982,18,133,0
2983,18,137,210
2984,18,141,0
2985,18,145,0
2986,18,149,0
2987,18,153,0
2988,18,157,0
2989,18,162,0
2990,18,166,0
2991,18,170,0
2992,18,174,0
2993,18,178,0
2994,18,182,0
2995,18,186,168
2996,18,190,0
2997,18,195,0
2998,18,199,0
2999,18,203,0
3000,18,207,0
3001,18,211,185
3002,18,215,0
3003,18,219,0
3004,18,223,0
3005,18,228,0
3006,18,232,0
3007,18,236,0
3008,18,240,0
3009,18,244,0
3010,18,248,0
3011,18,252,0
3012,18,256,209
3013,18,260,0
3014,18,265,0
3015,18,269,0
3016,18,273,0
3017,18,277,0
3018,18,281,0
3019,18,285,0
3020,18,289,0
3021,18,293,0
3022,18,298,0
3023,18,302,0
3024,18,306,0
3025,18,310,0
3026,18,314,0
3027,18,318,0
3028,18,322,0
3029,18,326,158
3030,18,331,0
3031,18,335,0
3032,18,339,0
3033,18,343,0
3034,18,347,0
3035,18,351,204
3036,18,355,0
3037,18,359,0
3038,18,364,157
3039,18,368,164
3040,18,372,0
3041,18,376,169
3042,18,380,200
3043,18,384,0
3044,18,388,0
3045,18,392,0
3046,18,397,0
3047,18,401,0
3048,18,405,0
3049,18,409,0
3050,18,413,0
3051,18,417,0
3052,18,421,0
3053,18,425,0
3054,18,429,0
3055,18,434,0
3056,18,438,184
3057,18,442,0
3058,18,446,0
3059,18,450,0
3060,18,454,0
3061,18,458,164
3062,18,462,0
3063,18,467,0
3064,18,471,151
3065,18,475,0
3066,18,479,0
3067,18,483,0
3068,18,487,0
3069,18,491,0
3070,18,495,0
3071,18,500,0
3072,18,504,0
3073,18,508,0
3074,18,512,0
3075,18,516,0
3076,18,520,0
3077,18,524,0
3078,18,528,0
3079,18,533,0
3080,18,537,0
3081,18,541,0
3082,18,545,0
3083,18,549,152
3084,18,553,0
3085,18,557,166
3086,18,561,0
3087,18,566,0
3088,18,570,0
3089,18,574,0
3090,18,578,0
3091,18,582,240
3092,18,586,203
3093,18,590,0
3094,18,594,0
3095,18,598,244
3096,18,603,0
3097,18,607,0
3098,18,611,0
3099,18,615,0
3100,18,619,0
3101,18,623,0
3102,18,627,0
3103,18,631,0
3104,18,636,0
3105,18,640,0
3106,18,644,0
3107,18,648,0
3108,18,652,0
3109,18,656,0
3110,18,660,0
3111,18,664,0
3112,18,669,0
3113,18,673,0
3114,18,677,0
3115,18,681,0
3116,18,685,188
3117,18,689,0
3118,18,693,183
3119,18,697,0
3120,18,702,0
3121,18,706,204
3122,18,710,170
3123,18,714,0
3124,18,718,191
3125,18,722,192
3126,18,726,0
3127,18,730,0
3128,18,735,0
3129,18,739,0
3130,18,743,0
3131,18,747,208
3132,18,751,0
3133,18,755,0
3134,18,759,0
3135,18,763,0
3136,18,767,163
3137,18,772,0
3138,18,776,0
3139,18,780,0
3140,18,784,0
3141,18,788,189
3142,18,792,0
3143,18,796,155
3144,18,800,0
3145,18,805,0
3146,18,809,150
3147,18,813,188
3148,18,817,0
3149,18,821,0
3150,18,825,0
3151,18,829,0
3152,18,833,0
3153,18,838,0
3154,18,842,0
3155,18,846,0
3156,18,850,154
3157,18,854,0
3158,18,858,0
3159,18,862,0
3160,18,866,0
3161,18,871,0
3162,18,875,0
3163,18,879,0
3164,18,883,0
3165,18,887,0
3166,18,891,169
3167,18,895,0
3168,18,899,0
3169,18,904,0
3170,18,908,0
3171,18,912,0
3172,18,916,0
3173,18,920,183
3174,18,924,0
3175,18,928,0
3176,18,932,0
3177,18,936,0
3178,18,941,0
3179,18,945,0
3180,18,949,0
3181,18,953,0
3182,18,957,0
3183,18,961,223
3184,18,965,0
3185,18,969,0
3186,18,974,164
3187,18,978,0
3188,18,982,0
3189,18,986,0
3190,18,990,0
3191,18,994,0
3192,18,998,0
3193,19,002,0
3194,19,007,0
3195,19,011,0
3196,19,015,0
3197,19,019,0
3198,19,023,183
3199,19,027,0
3200,19,031,0
3201,19,035,0
3202,19,040,0
3203,19,044,0
3204,19,048,0
3205,19,052,0
3206,19,056,0
3207,19,060,158
3208,19,064,194
3209,19,068,177
3210,19,073,0
3211,19,077,0
3212,19,081,0
3213,19,085,0
3214,19,089,0
3215,19,093,0
3216,19,097,188
3217,19,101,0
3218,19,105,0
3219,19,110,170
3220,19,114,0
3221,19,118,0
3222,19,122,0
3223,19,126,0
3224,19,130,154
3225,19,134,0
3226,19,138,0
3227,19,143,0
3228,19,147,0
3229,19,151,0
3230,19,155,0
3231,19,159,0
3232,19,163,0
3233,19,167,0
3234,19,171,0
3235,19,176,0
3236,19,180,0
3237,19,184,0
3238,19,188,0
3239,19,192,0
3240,19,196,0
3241,19,200,0
3242,19,204,0
3243,19,209,0
3244,19,213,0
3245,19,217,171
3246,19,221,0
3247,19,225,0
3248,19,229,0
3249,19,233,168
3250,19,237,0
3251,19,242,0
3252,19,246,0
3253,19,250,151
3254,19,254,0
3255,19,258,0
3256,19,262,0
3257,19,266,0
3258,19,270,0
3259,19,274,0
3260,19,279,240
3261,19,283,0
3262,19,287,183
3263,19,291,162
3264,19,295,199
3265,19,299,152
3266,19,303,0
3267,19,307,153
3268,19,312,0
3269,19,316,0
3270,19,320,238
3271,19,324,167
3272,19,328,0
3273,19,332,0
3274,19,336,0
3275,19,340,0
3276,19,345,0
3277,19,349,0
3278,19,353,0
3279,19,357,0
3280,19,361,0
3281,19,365,0
3282,19,369,164
3283,19,373,0
3284,19,378,0
3285,19,382,0
3286,19,386,0
3287,19,390,187
3288,19,394,0
3289,19,398,0
3290,19,402,0
3291,19,406,0
3292,19,411,0
3293,19,415,0
3294,19,419,165
3295,19,423,0
3296,19,427,0
3297,19,431,0
3298,19,435,0
3299,19,439,0
3300,19,443,0
3301,19,448,156
3302,19,452,187
3303,19,456,0
3304,19,460,0
3305,19,464,0
3306,19,468,0
3307,19,472,0
3308,19,476,189
3309,19,481,0
3310,19,485,0
3311,19,489,0
3312,19,493,0
3313,19,497,0
3314,19,501,0
3315,19,505,0
3316,19,509,0
3317,19,514,0
3318,19,518,0
3319,19,522,0
3320,19,526,0
3321,19,530,0
3322,19,534,0
3323,19,538,0
3324,19,542,0
3325,19,547,0
3326,19,551,0
3327,19,555,0
3328,19,559,0
3329,19,563,0
3330,19,567,0
3331,19,571,0
3332,19,575,0
3333,19,580,0
3334,19,584,0
3335,19,588,0
3336,19,592,0
3337,19,596,0
3338,19,600,0
3339,19,604,0
3340,19,608,334
3341,19,612,303
3342,19,617,215
3343,19,621,557
3344,19,625,571
3345,19,629,668
3346,19,633,1021
3347,19,637,1342
3348,19,641,2160
3349,19,645,2055
3350,19,650,2636
3351,19,654,3289
3352,19,658,3788
3353,19,662,4405
3354,19,666,4556
3355,19,670,4547
3356,19,674,5123
3357,19,678,4834
3358,19,683,4595
3359,19,687,5051
3360,19,691,4424
3361,19,695,4211
3362,19,699,3863
3363,19,703,3224
3364,19,707,2782
3365,19,711,2769
3366,19,716,2491
3367,19,720,2550
3368,19,724,2095
3369,19,728,1780
3370,19,732,1857
3371,19,736,1477
3372,19,740,1416
3373,19,744,1320
3374,19,749,1076
3375,19,753,996
3376,19,757,675
3377,19,761,928
3378,19,765,695
3379,19,769,517
3380,19,773,609
3381,19,777,585
3382,19,782,478
3383,19,786,491
3384,19,790,466
3385,19,794,571
3386,19,798,543
3387,19,802,377
3388,19,806,537
3389,19,810,356
3390,19,814,422
3391,19,819,509
3392,19,823,449
3393,19,827,381
3394,19,831,309
3395,19,835,432
3396,19,839,344
3397,19,843,200
3398,19,847,227
3399,19,852,270
3400,19,856,283
3401,19,860,336
3402,19,864,208
3403,19,868,388
3404,19,872,195
3405,19,876,325
3406,19,880,154
3407,19,885,0
3408,19,889,242
3409,19,893,172
3410,19,897,194
3411,19,901,207
3412,19,905,295
3413,19,909,255
3414,19,913,162
3415,19,918,0
3416,19,922,150
3417,19,926,0
3418,19,930,0
3419,19,934,0
3420,19,938,179
3421,19,942,0
3422,19,946,0
3423,19,951,0
3424,19,955,0
3425,19,959,216
3426,19,963,247
3427,19,967,258
3428,19,971,0
3429,19,975,183
3430,19,979,191
3431,19,983,0
3432,19,988,0
3433,19,992,290
3434,19,996,0
3435,20,000,0
3436,20,004,224
3437,20,008,163
3438,20,012,0
3439,20,016,0
3440,20,021,182
3441,20,025,0
3442,20,029,0
3443,20,033,0
3444,20,037,0
3445,20,041,0
3446,20,045,0
3447,20,049,0
3448,20,054,0
3449,20,058,0
3450,20,062,0
3451,20,066,205
3452,20,070,0
3453,20,074,215
3454,20,078,0
3455,20,082,0
3456,20,087,0
3457,20,091,0
3458,20,095,0
3459,20,099,161
3460,20,103,0
3461,20,107,228
3462,20,111,255
3463,20,115,0
3464,20,120,162
3465,20,124,166
3466,20,128,250
3467,20,132,0
3468,20,136,0
3469,20,140,0
3470,20,144,160
3471,20,148,188
3472,20,152,0
3473,20,157,0
3474,20,161,163
3475,20,165,0
3476,20,169,0
3477,20,173,217
3478,20,177,230
3479,20,181,0
3480,20,185,0
3481,20,190,0
3482,20,194,0
3483,20,198,0
3484,20,202,0
3485,20,206,0
3486,20,210,0
3487,20,214,150
3488,20,218,0
3489,20,223,0
3490,20,227,0
3491,20,231,0
3492,20,235,0
3493,20,239,0
3494,20,243,0
3495,20,247,0
3496,20,251,0
3497,20,256,0
3498,20,260,0
3499,20,264,0
3500,20,268,150
3501,20,272,0
3502,20,276,161
3503,20,280,0
3504,20,284,157
3505,20,289,0
3506,20,293,170
3507,20,297,0
3508,20,301,0
3509,20,305,285
3510,20,309,0
3511,20,313,0
3512,20,317,0
3513,20,321,0
3514,20,326,0
3515,20,330,0
3516,20,334,261
3517,20,338,0
3518,20,342,0
3519,20,346,191
3520,20,350,0
3521,20,354,0
3522,20,359,237
3523,20,363,0
3524,20,367,229
3525,20,371,224
3526,20,375,332
3527,20,379,367
3528,20,383,304
3529,20,387,349
3530,20,392,346
3531,20,396,503
3532,20,400,213
3533,20,404,263
3534,20,408,234
3535,20,412,371
3536,20,416,417
3537,20,420,209
3538,20,425,283
3539,20,429,172
3540,20,433,246
3541,20,437,322
3542,20,441,338
3543,20,445,259
3544,20,449,165
3545,20,453,227
3546,20,458,350
3547,20,462,150
3548,20,466,235
3549,20,470,283
3550,20,474,0
3551,20,478,0
3552,20,482,258
3553,20,486,203
3554,20,490,153
3555,20,495,0
3556,20,499,218
3557,20,503,0
3558,20,507,0
3559,20,511,0
3560,20,515,0
3561,20,519,155
3562,20,523,189
3563,20,528,252
3564,20,532,154
3565,20,536,153
3566,20,540,0
3567,20,544,176
3568,20,548,159
3569,20,552,0
3570,20,556,0
3571,20,561,166
3572,20,565,0
3573,20,569,0
3574,20,573,232
3575,20,577,0
3576,20,581,0
3577,20,585,0
3578,20,589,153
3579,20,594,0
3580,20,598,0
3581,20,602,0
3582,20,606,0
3583,20,610,176
3584,20,614,0
3585,20,618,0
3586,20,622,0
3587,20,627,0
3588,20,631,0
3589,20,635,0
3590,20,639,152
3591,20,643,0
3592,20,647,190
3593,20,651,0
3594,20,655,157
3595,20,659,158
3596,20,664,0
3597,20,668,249
3598,20,672,199
3599,20,676,175
3600,20,680,0
3601,20,684,0
3602,20,688,167
3603,20,692,0
3604,20,697,0
3605,20,701,0
3606,20,705,0
3607,20,709,199
3608,20,713,161
3609,20,717,0
3610,20,721,0
3611,20,725,0
3612,20,730,0
3613,20,734,0
3614,20,738,227
3615,20,742,0
3616,20,746,0
3617,20,750,0
3618,20,754,160
3619,20,758,0
3620,20,763,0
3621,20,767,0
3622,20,771,0
3623,20,775,0
3624,20,779,0
3625,20,783,0
3626,20,787,0
3627,20,791,0
3628,20,796,0
3629,20,800,0
3630,20,804,0
3631,20,808,159
3632,20,812,0
3633,20,816,0
3634,20,820,174
3635,20,824,0
3636,20,828,0
3637,20,833,0
3638,20,837,0
3639,20,841,0
3640,20,845,0
3641,20,849,0
3642,20,853,0
3643,20,857,0
3644,20,861,0
3645,20,866,0
3646,20,870,0
3647,20,874,0
3648,20,878,0
3649,20,882,0
3650,20,886,0
3651,20,890,0
3652,20,894,0
3653,20,899,158
3654,20,903,0
3655,20,907,0
3656,20,911,0
3657,20,915,0
3658,20,919,0
3659,20,923,0
3660,20,927,0
3661,20,932,0
3662,20,936,0
3663,20,940,0
3664,20,944,0
3665,20,948,0
3666,20,952,0
3667,20,956,0
3668,20,960,0
3669,20,965,186
3670,20,969,154
3671,20,973,0
3672,20,977,0
3673,20,981,0
3674,20,985,0
3675,20,989,170
3676,20,993,167
3677,20,997,0
3678,21,002,153
3679,21,006,0
3680,21,010,0
3681,21,014,199
3682,21,018,0
3683,21,022,150
3684,21,026,0
3685,21,030,214
3686,21,035,239
3687,21,039,331
3688,21,043,290
3689,21,047,241
3690,21,051,246
3691,21,055,392
3692,21,059,322
3693,21,063,516
3694,21,068,331
3695,21,072,304
3696,21,076,467
3697,21,080,218
3698,21,084,355
3699,21,088,592
3700,21,092,388
3701,21,096,331
3702,21,101,447
3703,21,105,420
3704,21,109,403
3705,21,113,222
3706,21,117,350
3707,21,121,272
3708,21,125,648
3709,21,129,271
3710,21,134,198
3711,21,138,228
3712,21,142,219
3713,21,146,272
3714,21,150,310
3715,21,154,330
3716,21,158,208
3717,21,162,176
3718,21,166,159
3719,21,171,178
3720,21,175,0
3721,21,179,0
3722,21,183,286
3723,21,187,186
3724,21,191,191
3725,21,195,0
3726,21,199,188
3727,21,204,0
3728,21,208,154
3729,21,212,174
3730,21,216,184
3731,21,220,228
3732,21,224,396
3733,21,228,161
3734,21,232,266
3735,21,237,163
3736,21,241,341
3737,21,245,269
3738,21,249,191
3739,21,253,361
3740,21,257,343
3741,21,261,289
3742,21,265,268
3743,21,270,440
3744,21,274,511
3745,21,278,258
3746,21,282,278
3747,21,286,271
3748,21,290,338
3749,21,294,552
3750,21,298,249
3751,21,303,407
3752,21,307,256
3753,21,311,376
3754,21,315,287
3755,21,319,418
3756,21,323,238
3757,21,327,317
3758,21,331,254
3759,21,335,209
3760,21,340,203
3761,21,344,343
3762,21,348,195
3763,21,352,277
3764,21,356,188
3765,21,360,0
3766,21,364,240
3767,21,368,0
3768,21,373,0
3769,21,377,188
3770,21,381,194
3771,21,385,165
3772,21,389,0
3773,21,393,0
3774,21,397,0
3775,21,401,0
3776,21,406,0
3777,21,410,173
3778,21,414,0
3779,21,418,0
3780,21,422,199
3781,21,426,0
3782,21,430,0
3783,21,434,150
3784,21,439,0
3785,21,443,209
3786,21,447,0
3787,21,451,0
3788,21,455,171
3789,21,459,0
3790,21,463,197
3791,21,467,234
3792,21,472,0
3793,21,476,0
3794,21,480,158
3795,21,484,0
3796,21,488,0
3797,21,492,0
3798,21,496,0
3799,21,500,0
3800,21,504,0
3801,21,509,0
3802,21,513,180
3803,21,517,0
3804,21,521,0
3805,21,525,0
3806,21,529,0
3807,21,533,0
3808,21,537,158
3809,21,542,0
3810,21,546,179
3811,21,550,0
3812,21,554,158
3813,21,558,187
3814,21,562,0
3815,21,566,312
3816,21,570,356
3817,21,575,574
3818,21,579,822
3819,21,583,1192
3820,21,587,1208
3821,21,591,2040
3822,21,595,3192
3823,21,599,3661
3824,21,603,4597
3825,21,608,5254
3826,21,612,7153
3827,21,616,8353
3828,21,620,8997
3829,21,624,10066
3830,21,628,10298
3831,21,632,11463
3832,21,636,10268
3833,21,641,11142
3834,21,645,11312
3835,21,649,10681
3836,21,653,9262
3837,21,657,9699
3838,21,661,7831
3839,21,665,7167
3840,21,669,7370
3841,21,673,6214
3842,21,678,5195
3843,21,682,4612
3844,21,686,3643
3845,21,690,3439
3846,21,694,3209
3847,21,698,2688
3848,21,702,3163
3849,21,706,1905
3850,21,711,2288
3851,21,715,1545
3852,21,719,1495
3853,21,723,1379
3854,21,727,1456
3855,21,731,1101
3856,21,735,1094
3857,21,739,1189
3858,21,744,783
3859,21,748,943
3860,21,752,910
3861,21,756,865
3862,21,760,776
3863,21,764,681
3864,21,768,543
3865,21,772,474
3866,21,777,748
3867,21,781,366
3868,21,785,681
3869,21,789,523
3870,21,793,431
3871,21,797,538
3872,21,801,290
3873,21,805,554
3874,21,810,623
3875,21,814,457
3876,21,818,485
3877,21,822,448
3878,21,826,347
3879,21,830,311
3880,21,834,393
3881,21,838,489
3882,21,842,367
3883,21,847,380
3884,21,851,435
3885,21,855,366
3886,21,859,265
3887,21,863,378
3888,21,867,315
3889,21,871,315
3890,21,875,428
3891,21,880,221
3892,21,884,291
3893,21,888,278
3894,21,892,182
3895,21,896,0
3896,21,900,201
3897,21,904,287
3898,21,908,295
3899,21,913,253
3900,21,917,179
3901,21,921,222
3902,21,925,272
3903,21,929,310
3904,21,933,296
3905,21,937,252
3906,21,941,241
3907,21,946,232
3908,21,950,0
3909,21,954,348
3910,21,958,313
3911,21,962,213
3912,21,966,204
3913,21,970,153
3914,21,974,179
3915,21,979,0
3916,21,983,190
3917,21,987,182
3918,21,991,0
3919,21,995,174
3920,21,999,194
3921,22,003,217
3922,22,007,250
3923,22,011,304
3924,22,016,0
3925,22,020,0
3926,22,024,191
3927,22,028,235
3928,22,032,182
3929,22,036,0
3930,22,040,165
3931,22,044,0
3932,22,049,212
3933,22,053,0
3934,22,057,169
3935,22,061,214
3936,22,065,197
3937,22,069,0
3938,22,073,245
3939,22,077,152
3940,22,082,0
3941,22,086,0
3942,22,090,0
3943,22,094,0
3944,22,098,0
3945,22,102,184
3946,22,106,182
3947,22,110,0
3948,22,115,192
3949,22,119,165
3950,22,123,191
3951,22,127,187
3952,22,131,0
3953,22,135,220
3954,22,139,0
3955,22,143,0
3956,22,148,181
3957,22,152,0
3958,22,156,202
3959,22,160,0
3960,22,164,177
3961,22,168,0
3962,22,172,268
3963,22,176,181
3964,22,180,0
3965,22,185,0
3966,22,189,0
3967,22,193,0
3968,22,197,0
3969,22,201,161
3970,22,205,193
3971,22,209,0
3972,22,213,0
3973,22,218,0
3974,22,222,0
3975,22,226,0
3976,22,230,0
3977,22,234,0
3978,22,238,0
3979,22,242,0
3980,22,246,0
3981,22,251,0
3982,22,255,0
3983,22,259,0
3984,22,263,0
3985,22,267,0
3986,22,271,0
3987,22,275,0
3988,22,279,0
3989,22,284,163
3990,22,288,168
3991,22,292,0
3992,22,296,172
3993,22,300,0
3994,22,304,0
3995,22,308,0
3996,22,312,0
3997,22,317,269
3998,22,321,0
3999,22,325,0
4000,22,329,0
4001,22,333,0
4002,22,337,150
4003,22,341,0
4004,22,345,0
4005,22,349,0
4006,22,354,196
4007,22,358,0
4008,22,362,186
4009,22,366,213
4010,22,370,0
4011,22,374,0
4012,22,378,0
4013,22,382,0
4014,22,387,0
4015,22,391,0
4016,22,395,0
4017,22,399,0
4018,22,403,176
4019,22,407,0
4020,22,411,0
4021,22,415,0
4022,22,420,0
4023,22,424,0
4024,22,428,0
4025,22,432,0
4026,22,436,0
4027,22,440,0
4028,22,444,0
4029,22,448,0
4030,22,453,0
4031,22,457,179
4032,22,461,164
4033,22,465,0
4034,22,469,0
4035,22,473,150
4036,22,477,0
4037,22,481,0
4038,22,486,291
4039,22,490,0
4040,22,494,0
4041,22,498,0
4042,22,502,0
4043,22,506,0
4044,22,510,0
4045,22,514,166
4046,22,518,157
4047,22,523,169
4048,22,527,177
4049,22,531,0
4050,22,535,0
4051,22,539,0
4052,22,543,183
4053,22,547,0
4054,22,551,174
4055,22,556,0
4056,22,560,224
4057,22,564,179
4058,22,568,157
4059,22,572,0
4060,22,576,0
4061,22,580,209
4062,22,584,0
4063,22,589,215
4064,22,593,165
4065,22,597,0
4066,22,601,242
4067,22,605,0
4068,22,609,0
4069,22,613,203
4070,22,617,200
4071,22,622,0
4072,22,626,0
4073,22,630,209
4074,22,634,300
4075,22,638,154
4076,22,642,0
4077,22,646,0
4078,22,650,0
4079,22,655,0
4080,22,659,0
4081,22,663,0
4082,22,667,0
4083,22,671,0
4084,22,675,167
4085,22,679,162
4086,22,683,155
4087,22,687,0
4088,22,692,198
4089,22,696,0
4090,22,700,218
4091,22,704,0
4092,22,708,0
4093,22,712,0
4094,22,716,0
4095,22,720,174
4096,22,725,0
4097,22,729,0
4098,22,733,0
4099,22,737,154
4100,22,741,0
4101,22,745,0
4102,22,749,0
4103,22,753,174
4104,22,758,0
4105,22,762,152
4106,22,766,0
4107,22,770,0
4108,22,774,0
4109,22,778,0
4110,22,782,150
4111,22,786,183
4112,22,791,157
4113,22,795,0
4114,22,799,0
4115,22,803,0
4116,22,807,181
4117,22,811,0
4118,22,815,0
4119,22,819,210
4120,22,824,443
4121,22,828,394
4122,22,832,651
4123,22,836,773
4124,22,840,1333
4125,22,844,2021
4126,22,848,2600
4127,22,852,3552
4128,22,856,5564
4129,22,861,6812
4130,22,865,9534
4131,22,869,11208
4132,22,873,14019
4133,22,877,15680
4134,22,881,18128
4135,22,885,20544
4136,22,889,22208
4137,22,894,22424
4138,22,898,24424
4139,22,902,24616
4140,22,906,24304
4141,22,910,22768
4142,22,914,21760
4143,22,918,18528
4144,22,922,18216
4145,22,927,16166
4146,22,931,15251
4147,22,935,12626
4148,22,939,11559
4149,22,943,10178
4150,22,947,9963
4151,22,951,8799
4152,22,955,7354
4153,22,960,5545
4154,22,964,6589
4155,22,968,5527
4156,22,972,4766
4157,22,976,4851
4158,22,980,3622
4159,22,984,3068
4160,22,988,2577
4161,22,993,2633
4162,22,997,2975
4163,23,001,1892
4164,23,005,2197
4165,23,009,1937
4166,23,013,1680
4167,23,017,1633
4168,23,021,1619
4169,23,025,1728
4170,23,030,1387
4171,23,034,1391
4172,23,038,1590
4173,23,042,1193
4174,23,046,1471
4175,23,050,1271
4176,23,054,975
4177,23,058,916
4178,23,063,1796
4179,23,067,819
4180,23,071,789
4181,23,075,871
4182,23,079,891
4183,23,083,788
4184,23,087,642
4185,23,091,624
4186,23,096,789
4187,23,100,685
4188,23,104,718
4189,23,108,516
4190,23,112,720
4191,23,116,323
4192,23,120,668
4193,23,124,572
4194,23,129,387
4195,23,133,445
4196,23,137,414
4197,23,141,345
4198,23,145,345
4199,23,149,483
4200,23,153,452
4201,23,157,382
4202,23,162,584
4203,23,166,430
4204,23,170,378
4205,23,174,427
4206,23,178,155
4207,23,182,362
4208,23,186,301
4209,23,190,342
4210,23,194,388
4211,23,199,294
4212,23,203,241
4213,23,207,286
4214,23,211,205
4215,23,215,209
4216,23,219,197
4217,23,223,262
4218,23,227,420
4219,23,232,0
4220,23,236,282
4221,23,240,180
4222,23,244,233
4223,23,248,0
4224,23,252,233
4225,23,256,300
4226,23,260,228
4227,23,265,350
4228,23,269,157
4229,23,273,255
4230,23,277,200
4231,23,281,287
4232,23,285,228
4233,23,289,252
4234,23,293,313
4235,23,298,187
4236,23,302,166
4237,23,306,157
4238,23,310,273
4239,23,314,154
4240,23,318,0
4241,23,322,154
4242,23,326,197
4243,23,331,228
4244,23,335,272
4245,23,339,356
4246,23,343,262
4247,23,347,331
4248,23,351,250
4249,23,355,311
4250,23,359,361
4251,23,363,306
4252,23,368,264
4253,23,372,292
4254,23,376,199
4255,23,380,164
4256,23,384,352
4257,23,388,179
4258,23,392,193
4259,23,396,327
4260,23,401,301
4261,23,405,301
4262,23,409,368
4263,23,413,198
4264,23,417,272
4265,23,421,200
4266,23,425,181
4267,23,429,221
4268,23,434,187
4269,23,438,0
4270,23,442,198
4271,23,446,176
4272,23,450,295
4273,23,454,322
4274,23,458,437
4275,23,462,430
4276,23,467,843
4277,23,471,982
4278,23,475,1399
4279,23,479,1671
4280,23,483,2310
4281,23,487,3187
4282,23,491,4280
4283,23,495,4091
4284,23,500,4238
4285,23,504,5220
4286,23,508,6059
4287,23,512,6047
4288,23,516,5793
4289,23,520,6321
4290,23,524,6090
4291,23,528,5767
4292,23,532,5412
4293,23,537,4962
4294,23,541,4415
4295,23,545,4363
4296,23,549,3902
4297,23,553,3071
4298,23,557,3082
4299,23,561,2426
4300,23,565,2356
4301,23,570,2255
4302,23,574,1437
4303,23,578,1661
4304,23,582,1530
4305,23,586,1424
4306,23,590,1393
4307,23,594,1107
4308,23,598,1081
4309,23,603,931
4310,23,607,838
4311,23,611,1039
4312,23,615,531
4313,23,619,685
4314,23,623,782
4315,23,627,677
4316,23,631,507
4317,23,636,544
4318,23,640,382
4319,23,644,559
4320,23,648,601
4321,23,652,363
4322,23,656,415
4323,23,660,458
4324,23,664,318
4325,23,669,431
4326,23,673,333
4327,23,677,468
4328,23,681,373
4329,23,685,299
4330,23,689,203
4331,23,693,259
4332,23,697,317
4333,23,701,481
4334,23,706,364
4335,23,710,246
4336,23,714,344
4337,23,718,206
4338,23,722,236
4339,23,726,182
4340,23,730,270
4341,23,734,294
4342,23,739,226
4343,23,743,244
4344,23,747,181
4345,23,751,226
4346,23,755,182
4347,23,759,211
4348,23,763,218
4349,23,767,298
4350,23,772,0
4351,23,776,193
4352,23,780,270
4353,23,784,169
4354,23,788,307
4355,23,792,236
4356,23,796,179
4357,23,800,161
4358,23,805,238
4359,23,809,0
4360,23,813,0
4361,23,817,240
4362,23,821,278
4363,23,825,0
4364,23,829,208
4365,23,833,0
4366,23,838,0
4367,23,842,0
4368,23,846,0
4369,23,850,210
4370,23,854,227
4371,23,858,177
4372,23,862,173
4373,23,866,0
4374,23,870,243
4375,23,875,227
4376,23,879,0
4377,23,883,170
4378,23,887,195
4379,23,891,0
4380,23,895,180
4381,23,899,150
4382,23,903,215
4383,23,908,0
4384,23,912,0
4385,23,916,157
4386,23,920,0
4387,23,924,161
4388,23,928,237
4389,23,932,193
4390,23,936,249
4391,23,941,0
4392,23,945,204
4393,23,949,174
4394,23,953,223
4395,23,957,0
4396,23,961,150
4397,23,965,0
4398,23,969,0
4399,23,974,158
4400,23,978,0
4401,23,982,0
4402,23,986,168
4403,23,990,165
4404,23,994,0
4405,23,998,207
4406,24,002,0
4407,24,007,0
4408,24,011,0
4409,24,015,0
4410,24,019,0
4411,24,023,0
4412,24,027,198
4413,24,031,182
4414,24,035,0
4415,24,039,182
4416,24,044,0
4417,24,048,0
4418,24,052,204
4419,24,056,0
4420,24,060,0
4421,24,064,0
4422,24,068,0
4423,24,072,223
4424,24,077,0
4425,24,081,156
4426,24,085,0
4427,24,089,0
4428,24,093,217
4429,24,097,161
4430,24,101,0
4431,24,105,0
4432,24,110,171
4433,24,114,168
4434,24,118,162
4435,24,122,0
4436,24,126,0
4437,24,130,173
4438,24,134,0
4439,24,138,0
4440,24,143,158
4441,24,147,0
4442,24,151,204
4443,24,155,187
4444,24,159,229
4445,24,163,0
4446,24,167,255
4447,24,171,191
4448,24,176,0
4449,24,180,0
4450,24,184,0
4451,24,188,187
4452,24,192,194
4453,24,196,161
4454,24,200,0
4455,24,204,165
4456,24,208,0
4457,24,213,0
4458,24,217,0
4459,24,221,0
4460,24,225,190
4461,24,229,0
4462,24,233,0
4463,24,237,0
4464,24,241,0
4465,24,246,0
4466,24,250,0
4467,24,254,159
4468,24,258,0
4469,24,262,0
4470,24,266,0
4471,24,270,0
4472,24,274,0
4473,24,279,164
4474,24,283,0
4475,24,287,0
4476,24,291,178
4477,24,295,156
4478,24,299,208
4479,24,303,0
4480,24,307,171
4481,24,312,0
4482,24,316,0
4483,24,320,0
4484,24,324,0
4485,24,328,0
4486,24,332,0
4487,24,336,0
4488,24,340,0
4489,24,345,0
4490,24,349,199
4491,24,353,192
4492,24,357,0
4493,24,361,150
4494,24,365,0
4495,24,369,0
4496,24,373,0
4497,24,377,0
4498,24,382,178
4499,24,386,0
4500,24,390,152
4501,24,394,0
4502,24,398,0
4503,24,402,0
4504,24,406,0
4505,24,410,0
4506,24,415,0
4507,24,419,0
4508,24,423,0
4509,24,427,0
4510,24,431,177
4511,24,435,0
4512,24,439,0
4513,24,443,177
4514,24,448,0
4515,24,452,0
4516,24,456,0
4517,24,460,0
4518,24,464,0
4519,24,468,0
4520,24,472,155
4521,24,476,0
4522,24,481,0
4523,24,485,0
4524,24,489,0
4525,24,493,169
4526,24,497,0
4527,24,501,0
4528,24,505,165
4529,24,509,0
4530,24,514,0
4531,24,518,156
4532,24,522,0
4533,24,526,156
4534,24,530,0
4535,24,534,0
4536,24,538,0
4537,24,542,0
4538,24,546,0
4539,24,551,0
4540,24,555,0
4541,24,559,0
4542,24,563,0
4543,24,567,0
4544,24,571,0
4545,24,575,0
4546,24,579,152
4547,24,584,0
4548,24,588,151
4549,24,592,0
4550,24,596,0
4551,24,600,171
4552,24,604,0
4553,24,608,166
4554,24,612,173
4555,24,617,0
4556,24,621,0
4557,24,625,0
4558,24,629,151
4559,24,633,155
4560,24,637,0
4561,24,641,0
4562,24,645,0
4563,24,650,0
4564,24,654,0
4565,24,658,0
4566,24,662,150
4567,24,666,0
4568,24,670,202
4569,24,674,285
4570,24,678,325
4571,24,683,465
4572,24,687,513
4573,24,691,668
4574,24,695,1328
4575,24,699,1450
4576,24,703,2676
4577,24,707,3923
4578,24,711,5470
4579,24,716,6608
4580,24,720,9480
4581,24,724,11211
4582,24,728,14279
4583,24,732,15755
4584,24,736,17992
4585,24,740,21040
4586,24,744,21712
4587,24,748,24368
4588,24,753,24408
4589,24,757,23192
4590,24,761,23264
4591,24,765,23864
4592,24,769,21800
4593,24,773,20192
4594,24,777,17896
4595,24,781,16816
4596,24,786,14950
4597,24,790,12958
4598,24,794,12243
4599,24,798,10773
4600,24,802,8699
4601,24,806,7861
4602,24,810,6828
4603,24,814,7085
4604,24,819,5643
4605,24,823,5064
4606,24,827,4299
4607,24,831,4310
4608,24,835,3512
4609,24,839,3506
4610,24,843,3518
4611,24,847,3025
4612,24,852,2644
4613,24,856,2383
4614,24,860,2058
4615,24,864,1868
4616,24,868,1921
4617,24,872,2095
4618,24,876,1601
4619,24,880,1563
4620,24,885,1400
4621,24,889,1066
4622,24,893,1051
4623,24,897,1203
4624,24,901,1057
4625,24,905,1068
4626,24,909,920
4627,24,913,1125
4628,24,917,912
4629,24,922,1018
4630,24,926,929
4631,24,930,883
4632,24,934,721
4633,24,938,870
4634,24,942,648
4635,24,946,635
4636,24,950,781
4637,24,955,720
4638,24,959,428
4639,24,963,618
4640,24,967,737
4641,24,971,666
4642,24,975,523
4643,24,979,599
4644,24,983,568
4645,24,988,521
4646,24,992,525
4647,24,996,463
4648,25,000,434
4649,25,004,335
4650,25,008,473
4651,25,012,178
4652,25,016,309
4653,25,021,423
4654,25,025,401
4655,25,029,356
4656,25,033,369
4657,25,037,194
4658,25,041,273
4659,25,045,213
4660,25,049,262
4661,25,054,327
4662,25,058,290
4663,25,062,205
4664,25,066,256
4665,25,070,225
4666,25,074,0
4667,25,078,241
4668,25,082,220
4669,25,086,263
4670,25,091,250
4671,25,095,284
4672,25,099,213
4673,25,103,186
4674,25,107,190
4675,25,111,219
4676,25,115,212
4677,25,119,254
4678,25,124,213
4679,25,128,207
4680,25,132,192
4681,25,136,190
4682,25,140,194
4683,25,144,172
4684,25,148,203
4685,25,152,245
4686,25,157,243
4687,25,161,266
4688,25,165,206
4689,25,169,212
4690,25,173,201
4691,25,177,201
4692,25,181,321
4693,25,185,0
4694,25,190,0
4695,25,194,153
4696,25,198,224
4697,25,202,200
4698,25,206,150
4699,25,210,167
4700,25,214,200
4701,25,218,0
4702,25,223,177
4703,25,227,193
4704,25,231,0
4705,25,235,163
4706,25,239,0
4707,25,243,201
4708,25,247,243
4709,25,251,333
4710,25,255,401
4711,25,260,371
4712,25,264,582
4713,25,268,797
4714,25,272,1410
4715,25,276,1892
4716,25,280,2339
4717,25,284,2864
4718,25,288,4166
4719,25,293,4999
4720,25,297,7328
4721,25,301,8110
4722,25,305,9586
4723,25,309,12557
4724,25,313,13046
4725,25,317,15572
4726,25,321,16784
4727,25,326,18704
4728,25,330,18040
4729,25,334,20376
4730,25,338,20800
4731,25,342,20040
4732,25,346,18152
4733,25,350,17288
4734,25,354,15049
4735,25,359,13852
4736,25,363,13375
4737,25,367,12019
4738,25,371,9514
4739,25,375,8243
4740,25,379,7361
4741,25,383,6826
4742,25,387,6265
4743,25,392,4759
4744,25,396,4978
4745,25,400,4300
4746,25,404,3829
4747,25,408,3234
4748,25,412,3039
4749,25,416,3168
4750,25,420,2588
4751,25,424,2580
4752,25,429,2571
4753,25,433,1863
4754,25,437,1726
4755,25,441,1652
4756,25,445,1562
4757,25,449,1440
4758,25,453,1175
4759,25,457,941
4760,25,462,1093
4761,25,466,1084
4762,25,470,1399
4763,25,474,1035
4764,25,478,992
4765,25,482,723
4766,25,486,850
4767,25,490,1046
4768,25,495,802
4769,25,499,738
4770,25,503,616
4771,25,507,737
4772,25,511,476
4773,25,515,507
4774,25,519,644
4775,25,523,536
4776,25,528,674
4777,25,532,462
4778,25,536,484
4779,25,540,699
4780,25,544,480
4781,25,548,320
4782,25,552,578
4783,25,556,428
4784,25,561,336
4785,25,565,393
4786,25,569,508
4787,25,573,270
4788,25,577,394
4789,25,581,318
4790,25,585,389
4791,25,589,219
4792,25,593,392
4793,25,598,426
4794,25,602,365
4795,25,606,267
4796,25,610,274
4797,25,614,397
4798,25,618,285
4799,25,622,325
4800,25,626,271
4801,25,631,265
4802,25,635,226
4803,25,639,217
4804,25,643,345
4805,25,647,263
4806,25,651,0
4807,25,655,217
4808,25,659,294
4809,25,664,179
4810,25,668,211
4811,25,672,215
4812,25,676,222
4813,25,680,351
4814,25,684,173
4815,25,688,376
4816,25,692,207
4817,25,697,219
4818,25,701,155
4819,25,705,159
4820,25,709,231
4821,25,713,294
4822,25,717,159
4823,25,721,207
4824,25,725,217
4825,25,730,189
4826,25,734,347
4827,25,738,207
4828,25,742,164
4829,25,746,335
4830,25,750,157
4831,25,754,194
4832,25,758,166
4833,25,762,257
4834,25,767,0
4835,25,771,210
4836,25,775,204
4837,25,779,207
4838,25,783,213
4839,25,787,181
4840,25,791,158
4841,25,795,188
4842,25,800,231
4843,25,804,192
4844,25,808,232
4845,25,812,152
4846,25,816,295
4847,25,820,239
4848,25,824,200
4849,25,828,0
4850,25,833,377
4851,25,837,267
4852,25,841,214
4853,25,845,221
4854,25,849,178
4855,25,853,286
4856,25,857,266
4857,25,861,239
4858,25,866,332
4859,25,870,388
4860,25,874,221
4861,25,878,244
4862,25,882,203
4863,25,886,228
4864,25,890,204
4865,25,894,0
4866,25,899,150
4867,25,903,243
4868,25,907,296
4869,25,911,212
4870,25,915,243
4871,25,919,236
4872,25,923,229
4873,25,927,159
4874,25,931,150
4875,25,936,191
4876,25,940,250
4877,25,944,175
4878,25,948,197
4879,25,952,165
4880,25,956,274
4881,25,960,165
4882,25,964,292
4883,25,969,200
4884,25,973,158
4885,25,977,0
4886,25,981,382
4887,25,985,198
4888,25,989,0
4889,25,993,0
4890,25,997,238
4891,26,002,282
4892,26,006,0
4893,26,010,221
4894,26,014,0
4895,26,018,0
4896,26,022,229
4897,26,026,0
4898,26,030,156
4899,26,035,319
4900,26,039,0
4901,26,043,174
4902,26,047,0
4903,26,051,0
4904,26,055,0
4905,26,059,183
4906,26,063,197
4907,26,068,0
4908,26,072,186
4909,26,076,0
4910,26,080,0
4911,26,084,170
4912,26,088,0
4913,26,092,0
4914,26,096,168
4915,26,100,0
4916,26,105,187
4917,26,109,244
4918,26,113,191
4919,26,117,0
4920,26,121,187
4921,26,125,257
4922,26,129,0
4923,26,133,155
4924,26,138,227
4925,26,142,294
4926,26,146,186
4927,26,150,299
4928,26,154,188
4929,26,158,211
4930,26,162,151
4931,26,166,170
4932,26,171,210
4933,26,175,284
4934,26,179,0
4935,26,183,0
4936,26,187,223
4937,26,191,177
4938,26,195,168
4939,26,199,260
4940,26,204,0
4941,26,208,319
4942,26,212,188
4943,26,216,181
4944,26,220,220
4945,26,224,421
4946,26,228,471
4947,26,232,629
4948,26,237,1185
4949,26,241,1684
4950,26,245,2492
4951,26,249,3297
4952,26,253,5438
4953,26,257,7777
4954,26,261,9522
4955,26,265,11716
4956,26,269,13662
4957,26,274,16904
4958,26,278,19696
4959,26,282,22144
4960,26,286,23544
4961,26,290,26016
4962,26,294,25528
4963,26,298,26120
4964,26,302,25912
4965,26,307,25752
4966,26,311,23040
4967,26,315,22976
4968,26,319,21784
4969,26,323,18200
4970,26,327,16976
4971,26,331,15586
4972,26,335,13548
4973,26,340,12503
4974,26,344,10247
4975,26,348,8913
4976,26,352,8196
4977,26,356,7443
4978,26,360,6343
4979,26,364,5751
4980,26,368,4943
4981,26,373,5033
4982,26,377,3775
4983,26,381,3834
4984,26,385,3169
4985,26,389,3190
4986,26,393,2587
4987,26,397,3052
4988,26,401,2394
4989,26,406,2698
4990,26,410,2310
4991,26,414,1952
4992,26,418,2098
4993,26,422,1436
4994,26,426,1895
4995,26,430,1592
4996,26,434,1485
4997,26,438,1318
4998,26,443,1043
4999,26,447,1362
5000,26,451,1082
5001,26,455,1015
5002,26,459,849
5003,26,463,1016
5004,26,467,890
5005,26,471,756
5006,26,476,1012
5007,26,480,720
5008,26,484,797
5009,26,488,777
5010,26,492,720
5011,26,496,782
5012,26,500,620
5013,26,504,475
5014,26,509,730
5015,26,513,795
5016,26,517,599
5017,26,521,698
5018,26,525,604
5019,26,529,538
5020,26,533,664
5021,26,537,725
5022,26,542,497
5023,26,546,594
5024,26,550,626
5025,26,554,525
5026,26,558,491
5027,26,562,334
5028,26,566,492
5029,26,570,383
5030,26,575,395
5031,26,579,442
5032,26,583,388
5033,26,587,295
5034,26,591,308
5035,26,595,252
5036,26,599,489
5037,26,603,383
5038,26,607,408
5039,26,612,311
5040,26,616,424
5041,26,620,317
5042,26,624,357
5043,26,628,322
5044,26,632,334
5045,26,636,299
5046,26,640,258
5047,26,645,238
5048,26,649,402
5049,26,653,339
5050,26,657,322
5051,26,661,248
5052,26,665,253
5053,26,669,194
5054,26,673,273
5055,26,678,0
5056,26,682,255
5057,26,686,307
5058,26,690,289
5059,26,694,245
5060,26,698,188
5061,26,702,241
5062,26,706,261
5063,26,711,230
5064,26,715,253
5065,26,719,246
5066,26,723,0
5067,26,727,0
5068,26,731,164
5069,26,735,247
5070,26,739,371
5071,26,744,242
5072,26,748,196
5073,26,752,245
5074,26,756,292
5075,26,760,262
5076,26,764,270
5077,26,768,249
5078,26,772,216
5079,26,776,191
5080,26,781,193
5081,26,785,297
5082,26,789,198
5083,26,793,170
5084,26,797,205
5085,26,801,0
5086,26,805,211
5087,26,809,258
5088,26,814,186
5089,26,818,0
5090,26,822,231
5091,26,826,174
5092,26,830,253
5093,26,834,0
5094,26,838,0
5095,26,842,296
5096,26,847,307
5097,26,851,0
5098,26,855,276
5099,26,859,0
5100,26,863,0
5101,26,867,0
5102,26,871,170
5103,26,875,233
5104,26,880,263
5105,26,884,168
5106,26,888,188
5107,26,892,0
5108,26,896,0
5109,26,900,0
5110,26,904,0
5111,26,908,187
5112,26,913,0
5113,26,917,259
5114,26,921,191
5115,26,925,173
5116,26,929,0
5117,26,933,0
5118,26,937,172
5119,26,941,153
5120,26,945,0
5121,26,950,0
5122,26,954,235
5123,26,958,160
5124,26,962,169
5125,26,966,172
5126,26,970,206
5127,26,974,0
5128,26,978,0
5129,26,983,322
5130,26,987,198
5131,26,991,288
5132,26,995,281
5133,26,999,423
5134,27,003,566
5135,27,007,974
5136,27,011,1017
5137,27,016,1510
5138,27,020,1980
5139,27,024,2824
5140,27,028,3360
5141,27,032,3901
5142,27,036,5111
5143,27,040,5520
5144,27,044,6308
5145,27,049,6517
5146,27,053,6167
5147,27,057,7006
5148,27,061,7598
5149,27,065,7179
5150,27,069,6258
5151,27,073,6535
5152,27,077,5892
5153,27,082,5140
5154,27,086,4828
5155,27,090,3937
5156,27,094,4413
5157,27,098,3399
5158,27,102,2974
5159,27,106,3083
5160,27,110,2593
5161,27,114,1946
5162,27,119,1730
5163,27,123,2037
5164,27,127,1475
5165,27,131,1585
5166,27,135,1008
5167,27,139,1405
5168,27,143,1071
5169,27,147,1155
5170,27,152,942
5171,27,156,1001
5172,27,160,889
5173,27,164,821
5174,27,168,658
5175,27,172,610
5176,27,176,756
5177,27,180,608
5178,27,185,747
5179,27,189,565
5180,27,193,453
5181,27,197,373
5182,27,201,483
5183,27,205,289
5184,27,209,387
5185,27,213,328
5186,27,218,514
5187,27,222,407
5188,27,226,533
5189,27,230,363
5190,27,234,476
5191,27,238,261
5192,27,242,271
5193,27,246,303
5194,27,251,363
5195,27,255,252
5196,27,259,263
5197,27,263,283
5198,27,267,236
5199,27,271,275
5200,27,275,277
5201,27,279,496
5202,27,283,323
5203,27,288,303
5204,27,292,334
5205,27,296,379
5206,27,300,324
5207,27,304,183
5208,27,308,346
5209,27,312,214
5210,27,316,305
5211,27,321,187
5212,27,325,290
5213,27,329,324
5214,27,333,324
5215,27,337,0
5216,27,341,254
5217,27,345,329
5218,27,349,172
5219,27,354,204
5220,27,358,229
5221,27,362,188
5222,27,366,286
5223,27,370,389
5224,27,374,227
5225,27,378,189
5226,27,382,275
5227,27,387,345
5228,27,391,195
5229,27,395,284
5230,27,399,199
5231,27,403,280
5232,27,407,162
5233,27,411,209
5234,27,415,170
5235,27,420,197
5236,27,424,169
5237,27,428,520
5238,27,432,199
5239,27,436,176
5240,27,440,193
5241,27,444,207
5242,27,448,0
5243,27,452,275
5244,27,457,192
5245,27,461,203
5246,27,465,345
5247,27,469,262
5248,27,473,197
5249,27,477,267
5250,27,481,213
5251,27,485,256
5252,27,490,239
5253,27,494,0
5254,27,498,259
5255,27,502,0
5256,27,506,202
5257,27,510,213
5258,27,514,0
5259,27,518,150
5260,27,523,0
5261,27,527,0
5262,27,531,0
5263,27,535,231
5264,27,539,172
5265,27,543,0
5266,27,547,217
5267,27,551,220
5268,27,556,0
5269,27,560,0
5270,27,564,0
5271,27,568,0
5272,27,572,0
5273,27,576,213
5274,27,580,152
5275,27,584,166
5276,27,589,0
5277,27,593,0
5278,27,597,212
5279,27,601,186
5280,27,605,299
5281,27,609,0
5282,27,613,0
5283,27,617,0
5284,27,621,0
5285,27,626,0
5286,27,630,0
5287,27,634,0
5288,27,638,239
5289,27,642,196
5290,27,646,192
5291,27,650,181
5292,27,654,268
5293,27,659,257
5294,27,663,193
5295,27,667,0
5296,27,671,253
5297,27,675,0
5298,27,679,226
5299,27,683,185
5300,27,687,166
5301,27,692,166
5302,27,696,0
5303,27,700,199
5304,27,704,0
5305,27,708,0
5306,27,712,230
5307,27,716,188
5308,27,720,0
5309,27,725,0
5310,27,729,200
5311,27,733,218
5312,27,737,152
5313,27,741,229
5314,27,745,0
5315,27,749,0
5316,27,753,175
5317,27,758,152
5318,27,762,0
5319,27,766,180
5320,27,770,0
5321,27,774,173
5322,27,778,0
5323,27,782,0
5324,27,786,0
5325,27,790,209
5326,27,795,0
5327,27,799,0
5328,27,803,186
5329,27,807,225
5330,27,811,307
5331,27,815,174
5332,27,819,189
5333,27,823,204
5334,27,828,255
5335,27,832,166
5336,27,836,264
5337,27,840,208
5338,27,844,179
5339,27,848,198
5340,27,852,216
5341,27,856,238
5342,27,861,314
5343,27,865,500
5344,27,869,398
5345,27,873,329
5346,27,877,221
5347,27,881,579
5348,27,885,294
5349,27,889,395
5350,27,894,550
5351,27,898,566
5352,27,902,480
5353,27,906,321
5354,27,910,409
5355,27,914,475
5356,27,918,444
5357,27,922,423
5358,27,927,636
5359,27,931,442
5360,27,935,645
5361,27,939,1062
5362,27,943,1677
5363,27,947,2263
5364,27,951,2845
5365,27,955,4424
5366,27,959,5454
5367,27,964,7898
5368,27,968,9544
5369,27,972,13372
5370,27,976,15724
5371,27,980,18584
5372,27,984,21032
5373,27,988,22968
5374,27,992,25888
5375,27,997,26784
5376,28,001,27192
5377,28,005,26000
5378,28,009,26208
5379,28,013,26888
5380,28,017,23560
5381,28,021,22488
5382,28,025,21368
5383,28,030,18296
5384,28,034,16424
5385,28,038,14473
5386,28,042,13215
5387,28,046,11125
5388,28,050,10198
5389,28,054,9090
5390,28,058,8697
5391,28,063,7714
5392,28,067,6349
5393,28,071,5554
5394,28,075,5196
5395,28,079,4968
5396,28,083,3853
5397,28,087,3740
5398,28,091,2987
5399,28,096,3232
5400,28,100,3042
5401,28,104,2373
5402,28,108,2498
5403,28,112,2103
5404,28,116,2323
5405,28,120,1785
5406,28,124,1571
5407,28,128,1832
5408,28,133,1951
5409,28,137,1413
5410,28,141,1556
5411,28,145,1504
5412,28,149,1660
5413,28,153,1299
5414,28,157,988
5415,28,161,1116
5416,28,166,1090
5417,28,170,898
5418,28,174,953
5419,28,178,783
5420,28,182,927
5421,28,186,869
5422,28,190,755
5423,28,194,700
5424,28,199,607
5425,28,203,641
5426,28,207,432
5427,28,211,877
5428,28,215,615
5429,28,219,813
5430,28,223,425
5431,28,227,524
5432,28,232,514
5433,28,236,604
5434,28,240,461
5435,28,244,378
5436,28,248,397
5437,28,252,424
5438,28,256,246
5439,28,260,432
5440,28,265,286
5441,28,269,564
5442,28,273,312
5443,28,277,522
5444,28,281,352
5445,28,285,311
5446,28,289,622
5447,28,293,392
5448,28,297,486
5449,28,302,358
5450,28,306,290
5451,28,310,453
5452,28,314,409
5453,28,318,289
5454,28,322,365
5455,28,326,347
5456,28,330,372
5457,28,335,152
5458,28,339,524
5459,28,343,417
5460,28,347,257
5461,28,351,344
5462,28,355,167
5463,28,359,248
5464,28,363,405
5465,28,368,308
5466,28,372,295
5467,28,376,401
5468,28,380,407
5469,28,384,350
5470,28,388,201
5471,28,392,221
5472,28,396,244
5473,28,401,298
5474,28,405,228
5475,28,409,230
5476,28,413,275
5477,28,417,462
5478,28,421,274
5479,28,425,316
5480,28,429,278
5481,28,434,255
5482,28,438,0
5483,28,442,0
5484,28,446,216
5485,28,450,206
5486,28,454,291
5487,28,458,0
5488,28,462,252
5489,28,466,203
5490,28,471,235
5491,28,475,167
5492,28,479,0
5493,28,483,256
5494,28,487,0
5495,28,491,292
5496,28,495,0
5497,28,499,206
5498,28,504,372
5499,28,508,160
5500,28,512,0
5501,28,516,304
5502,28,520,178
5503,28,524,0
5504,28,528,199
5505,28,532,173
5506,28,537,231
5507,28,541,173
5508,28,545,0
5509,28,549,0
5510,28,553,203
5511,28,557,151
5512,28,561,206
5513,28,565,163
5514,28,570,0
5515,28,574,152
5516,28,578,0
5517,28,582,185
5518,28,586,197
5519,28,590,171
5520,28,594,0
5521,28,598,232
5522,28,603,0
5523,28,607,171
5524,28,611,208
5525,28,615,163
5526,28,619,218
5527,28,623,262
5528,28,627,0
5529,28,631,235
5530,28,635,182
5531,28,640,356
5532,28,644,229
5533,28,648,205
5534,28,652,231
5535,28,656,306
5536,28,660,316
5537,28,664,448
5538,28,668,736
5539,28,673,1123
5540,28,677,1385
5541,28,681,1789
5542,28,685,2623
5543,28,689,4229
5544,28,693,4481
5545,28,697,5323
5546,28,701,7292
5547,28,706,8172
5548,28,710,10365
5549,28,714,11611
5550,28,718,13079
5551,28,722,13365
5552,28,726,15461
5553,28,730,14838
5554,28,734,14392
5555,28,739,14724
5556,28,743,14035
5557,28,747,13877
5558,28,751,12304
5559,28,755,11188
5560,28,759,11263
5561,28,763,9176
5562,28,767,8446
5563,28,772,7069
5564,28,776,5726
5565,28,780,6019
5566,28,784,4846
5567,28,788,5020
5568,28,792,4173
5569,28,796,3403
5570,28,800,3250
5571,28,804,2874
5572,28,809,3003
5573,28,813,2453
5574,28,817,2515
5575,28,821,2132
5576,28,825,1697
5577,28,829,1945
5578,28,833,1804
5579,28,837,1578
5580,28,842,1237
5581,28,846,1432
5582,28,850,1437
5583,28,854,1318
5584,28,858,990
5585,28,862,1115
5586,28,866,966
5587,28,870,785
5588,28,875,949
5589,28,879,950
5590,28,883,772
5591,28,887,684
5592,28,891,722
5593,28,895,766
5594,28,899,742
5595,28,903,548
5596,28,908,737
5597,28,912,614
5598,28,916,545
5599,28,920,622
5600,28,924,646
5601,28,928,333
5602,28,932,536
5603,28,936,486
5604,28,941,491
5605,28,945,481
5606,28,949,508
5607,28,953,482
5608,28,957,445
5609,28,961,323
5610,28,965,245
5611,28,969,409
5612,28,973,271
5613,28,978,427
5614,28,982,384
5615,28,986,502
5616,28,990,430
5617,28,994,289
5618,28,998,317
5619,29,002,422
5620,29,006,224
5621,29,011,441
5622,29,015,302
5623,29,019,186
5624,29,023,343
5625,29,027,265
5626,29,031,221
5627,29,035,350
5628,29,039,249
5629,29,044,198
5630,29,048,300
5631,29,052,214
5632,29,056,281
5633,29,060,169
5634,29,064,251
5635,29,068,231
5636,29,072,280
5637,29,077,178
5638,29,081,328
5639,29,085,351
5640,29,089,277
5641,29,093,349
5642,29,097,187
5643,29,101,324
5644,29,105,269
5645,29,110,162
5646,29,114,201
5647,29,118,241
5648,29,122,175
5649,29,126,327
5650,29,130,159
5651,29,134,217
5652,29,138,207
5653,29,142,216
5654,29,147,215
5655,29,151,294
5656,29,155,390
5657,29,159,272
5658,29,163,297
5659,29,167,338
5660,29,171,352
5661,29,175,664
5662,29,180,710
5663,29,184,1253
5664,29,188,1638
5665,29,192,2084
5666,29,196,2752
5667,29,200,3752
5668,29,204,6097
5669,29,208,7966
5670,29,213,10501
5671,29,217,12636
5672,29,221,16246
5673,29,225,18272
5674,29,229,22240
5675,29,233,24640
5676,29,237,26472
5677,29,241,27440
5678,29,246,29504
5679,29,250,31336
5680,29,254,30072
5681,29,258,28848
5682,29,262,29392
5683,29,266,25664
5684,29,270,24696
5685,29,274,22552
5686,29,279,19776
5687,29,283,18824
5688,29,287,16688
5689,29,291,15529
5690,29,295,12769
5691,29,299,11254
5692,29,303,10140
5693,29,307,8912
5694,29,311,7810
5695,29,316,7466
5696,29,320,6285
5697,29,324,6325
5698,29,328,4899
5699,29,332,4795
5700,29,336,3868
5701,29,340,4111
5702,29,344,3762
5703,29,349,3040
5704,29,353,3630
5705,29,357,2439
5706,29,361,2086
5707,29,365,2285
5708,29,369,2503
5709,29,373,2203
5710,29,377,1861
5711,29,382,1731
5712,29,386,1682
5713,29,390,1845
5714,29,394,1962
5715,29,398,1442
5716,29,402,1838
5717,29,406,1258
5718,29,410,1210
5719,29,415,1545
5720,29,419,1339
5721,29,423,1231
5722,29,427,1653
5723,29,431,1499
5724,29,435,1773
5725,29,439,2421
5726,29,443,3046
5727,29,448,3843
5728,29,452,5508
5729,29,456,7533
5730,29,460,9592
5731,29,464,14253
5732,29,468,19032
5733,29,472,22800
5734,29,476,27512
5735,29,480,34688
5736,29,485,39584
5737,29,489,45576
5738,29,493,51432
5739,29,497,56096
5740,29,501,60072
5741,29,505,62440
5742,29,509,62536
5743,29,513,61152
5744,29,518,60992
5745,29,522,56040
5746,29,526,53232
5747,29,530,47672
5748,29,534,43616
5749,29,538,36320
5750,29,542,35216
5751,29,546,31688
5752,29,551,26384
5753,29,555,24800
5754,29,559,21592
5755,29,563,18360
5756,29,567,16440
5757,29,571,13108
5758,29,575,13256
5759,29,579,11831
5760,29,584,10354
5761,29,588,9210
5762,29,592,8322
5763,29,596,7957
5764,29,600,7782
5765,29,604,7361
5766,29,608,6430
5767,29,612,6375
5768,29,617,5113
5769,29,621,5539
5770,29,625,4591
5771,29,629,4859
5772,29,633,3990
5773,29,637,3713
5774,29,641,3308
5775,29,645,3257
5776,29,650,3216
5777,29,654,2747
5778,29,658,3008
5779,29,662,2712
5780,29,666,2619
5781,29,670,2409
5782,29,674,2630
5783,29,678,2351
5784,29,682,2069
5785,29,687,1641
5786,29,691,1840
5787,29,695,1954
5788,29,699,1822
5789,29,703,1891
5790,29,707,1775
5791,29,711,1446
5792,29,715,1159
5793,29,720,1633
5794,29,724,1167
5795,29,728,1314
5796,29,732,943
5797,29,736,1164
5798,29,740,1012
5799,29,744,1016
5800,29,748,969
5801,29,753,1141
5802,29,757,840
5803,29,761,850
5804,29,765,969
5805,29,769,979
5806,29,773,949
5807,29,777,805
5808,29,781,898
5809,29,786,780
5810,29,790,892
5811,29,794,664
5812,29,798,682
5813,29,802,1024
5814,29,806,816
5815,29,810,762
5816,29,814,635
5817,29,819,730
5818,29,823,585
5819,29,827,920
5820,29,831,555
5821,29,835,527
5822,29,839,684
5823,29,843,534
5824,29,847,496
5825,29,851,607
5826,29,856,461
5827,29,860,480
5828,29,864,481
5829,29,868,531
5830,29,872,499
5831,29,876,530
5832,29,880,628
5833,29,884,546
5834,29,889,553
5835,29,893,564
5836,29,897,412
5837,29,901,315
5838,29,905,493
5839,29,909,418
5840,29,913,470
5841,29,917,485
5842,29,922,293
5843,29,926,396
5844,29,930,396
5845,29,934,471
5846,29,938,323
5847,29,942,322
5848,29,946,434
5849,29,950,315
5850,29,955,362
5851,29,959,264
5852,29,963,431
5853,29,967,243
5854,29,971,413
5855,29,975,270
5856,29,979,414
5857,29,983,350
5858,29,988,233
5859,29,992,491
5860,29,996,387
5861,30,000,230
5862,30,004,458
5863,30,008,348
5864,30,012,389
5865,30,016,284
5866,30,020,301
5867,30,025,388
5868,30,029,325
5869,30,033,240
5870,30,037,223
5871,30,041,419
5872,30,045,383
5873,30,049,366
5874,30,053,345
5875,30,058,478
5876,30,062,327
5877,30,066,440
5878,30,070,362
5879,30,074,539
5880,30,078,265
5881,30,082,387
5882,30,086,405
5883,30,091,434
5884,30,095,855
5885,30,099,1098
5886,30,103,1120
5887,30,107,2584
5888,30,111,3747
5889,30,115,5112
5890,30,119,7852
5891,30,124,11090
5892,30,128,15157
5893,30,132,20896
5894,30,136,27560
5895,30,140,37272
5896,30,144,46080
5897,30,148,55920
5898,30,152,65224
5899,30,157,72728
5900,30,161,82448
5901,30,165,83376
5902,30,169,87520
5903,30,173,89536
5904,30,177,88360
5905,30,181,86256
5906,30,185,80592
5907,30,189,72832
5908,30,194,66040
5909,30,198,63248
5910,30,202,57048
5911,30,206,50840
5912,30,210,46304
5913,30,214,38488
5914,30,218,32768
5915,30,222,31560
5916,30,227,28216
5917,30,231,23792
5918,30,235,21696
5919,30,239,19360
5920,30,243,17072
5921,30,247,17520
5922,30,251,14704
5923,30,255,14705
5924,30,260,12577
5925,30,264,12267
5926,30,268,12445
5927,30,272,13102
5928,30,276,12470
5929,30,280,11879
5930,30,284,13620
5931,30,288,14064
5932,30,293,16824
5933,30,297,16392
5934,30,301,17224
5935,30,305,18568
5936,30,309,19032
5937,30,313,19584
5938,30,317,19944
5939,30,321,19552
5940,30,326,19944
5941,30,330,18488
5942,30,334,18000
5943,30,338,16520
5944,30,342,14353
5945,30,346,13584
5946,30,350,12585
5947,30,354,11314
5948,30,358,9560
5949,30,363,9119
5950,30,367,8410
5951,30,371,7778
5952,30,375,6479
5953,30,379,5847
5954,30,383,5211
5955,30,387,5099
5956,30,391,4973
5957,30,396,4573
5958,30,400,3686
5959,30,404,3425
5960,30,408,3340
5961,30,412,3208
5962,30,416,3157
5963,30,420,3022
5964,30,424,2956
5965,30,429,2238
5966,30,433,2500
5967,30,437,2450
5968,30,441,2280
5969,30,445,2032
5970,30,449,2148
5971,30,453,2089
5972,30,457,2113
5973,30,462,1805
5974,30,466,1762
5975,30,470,1956
5976,30,474,1458
5977,30,478,1723
5978,30,482,1495
5979,30,486,1524
5980,30,490,1361
5981,30,495,1292
5982,30,499,1462
5983,30,503,1333
5984,30,507,1298
5985,30,511,1350
5986,30,515,1285
5987,30,519,1319
5988,30,523,1153
5989,30,527,1093
5990,30,532,978
5991,30,536,857
5992,30,540,768
5993,30,544,1012
5994,30,548,902
5995,30,552,897
5996,30,556,777
5997,30,560,775
5998,30,565,832
5999,30,569,731
6000,30,573,862
6001,30,577,949
6002,30,581,807
6003,30,585,809
6004,30,589,650
6005,30,593,780
6006,30,598,877
6007,30,602,730
6008,30,606,907
6009,30,610,873
6010,30,614,648
6011,30,618,885
6012,30,622,558
6013,30,626,725
6014,30,631,808
6015,30,635,577
6016,30,639,805
6017,30,643,653
6018,30,647,696
6019,30,651,611
6020,30,655,818
6021,30,659,546
6022,30,664,566
6023,30,668,488
6024,30,672,675
6025,30,676,829
6026,30,680,971
6027,30,684,1329
6028,30,688,2063
6029,30,692,2490
6030,30,696,3345
6031,30,701,5119
6032,30,705,7233
6033,30,709,10353
6034,30,713,14631
6035,30,717,19520
6036,30,721,25720
6037,30,725,32320
6038,30,729,39584
6039,30,734,49568
6040,30,738,56400
6041,30,742,65664
6042,30,746,71768
6043,30,750,75856
6044,30,754,83464
6045,30,758,82344
6046,30,762,83816
6047,30,767,79992
6048,30,771,78992
6049,30,775,73808
6050,30,779,69736
6051,30,783,62736
6052,30,787,55912
6053,30,791,50864
6054,30,795,44760
6055,30,800,42088
6056,30,804,34624
6057,30,808,32800
6058,30,812,28688
6059,30,816,26208
6060,30,820,23488
6061,30,824,20968
6062,30,828,17200
6063,30,833,15763
6064,30,837,14177
6065,30,841,13433
6066,30,845,13035
6067,30,849,10837
6068,30,853,10187
6069,30,857,9385
6070,30,861,8808
6071,30,865,7973
6072,30,870,7798
6073,30,874,6620
6074,30,878,5852
6075,30,882,5667
6076,30,886,5411
6077,30,890,5367
6078,30,894,4830
6079,30,898,4069
6080,30,903,3492
6081,30,907,3312
6082,30,911,3291
6083,30,915,3942
6084,30,919,3194
6085,30,923,3284
6086,30,927,2656
6087,30,931,2893
6088,30,936,2846
6089,30,940,2334
6090,30,944,2415
6091,30,948,2085
6092,30,952,2646
6093,30,956,2292
6094,30,960,2041
6095,30,964,1556
6096,30,969,2013
6097,30,973,1678
6098,30,977,1679
6099,30,981,1680
6100,30,985,1549
6101,30,989,1327
6102,30,993,1608
6103,30,997,1426
6104,31,002,1275
6105,31,006,1136
6106,31,010,1318
6107,31,014,1283
6108,31,018,1174
6109,31,022,1269
6110,31,026,1142
6111,31,030,1225
6112,31,034,1220
6113,31,039,904
6114,31,043,965
6115,31,047,750
6116,31,051,1105
6117,31,055,961
6118,31,059,909
6119,31,063,989
6120,31,067,656
6121,31,072,849
6122,31,076,639
6123,31,080,848
6124,31,084,829
6125,31,088,705
6126,31,092,803
6127,31,096,903
6128,31,100,723
6129,31,105,846
6130,31,109,717
6131,31,113,552
6132,31,117,743
6133,31,121,577
6134,31,125,633
6135,31,129,723
6136,31,133,616
6137,31,138,919
6138,31,142,598
6139,31,146,591
6140,31,150,559
6141,31,154,519
6142,31,158,396
6143,31,162,535
6144,31,166,530
6145,31,171,457
6146,31,175,496
6147,31,179,494
6148,31,183,473
6149,31,187,547
6150,31,191,724
6151,31,195,419
6152,31,199,381
6153,31,203,343
6154,31,208,501
6155,31,212,381
6156,31,216,497
6157,31,220,588
6158,31,224,432
6159,31,228,521
6160,31,232,397
6161,31,236,352
6162,31,241,255
6163,31,245,565
6164,31,249,443
6165,31,253,336
6166,31,257,427
6167,31,261,489
6168,31,265,356
6169,31,269,412
6170,31,274,409
6171,31,278,318
6172,31,282,343
6173,31,286,288
6174,31,290,432
6175,31,294,293
6176,31,298,259
6177,31,302,404
6178,31,307,246
6179,31,311,440
6180,31,315,334
6181,31,319,410
6182,31,323,278
6183,31,327,253
6184,31,331,302
6185,31,335,287
6186,31,340,234
6187,31,344,345
6188,31,348,317
6189,31,352,382
6190,31,356,379
6191,31,360,358
6192,31,364,219
6193,31,368,265
6194,31,372,452
6195,31,377,254
6196,31,381,265
6197,31,385,305
6198,31,389,396
6199,31,393,384
6200,31,397,191
6201,31,401,319
6202,31,405,307
6203,31,410,258
6204,31,414,255
6205,31,418,307
6206,31,422,319
6207,31,426,343
6208,31,430,271
6209,31,434,494
6210,31,438,281
6211,31,443,342
6212,31,447,299
6213,31,451,290
6214,31,455,314
6215,31,459,191
6216,31,463,354
6217,31,467,340
6218,31,471,368
6219,31,476,257
6220,31,480,311
6221,31,484,0
6222,31,488,295
6223,31,492,230
6224,31,496,297
6225,31,500,197
6226,31,504,347
6227,31,509,194
6228,31,513,257
6229,31,517,277
6230,31,521,288
6231,31,525,355
6232,31,529,235
6233,31,533,254
6234,31,537,337
6235,31,541,360
6236,31,546,507
6237,31,550,858
6238,31,554,723
6239,31,558,995
6240,31,562,1219
6241,31,566,1855
6242,31,570,2200
6243,31,574,3639
6244,31,579,5971
6245,31,583,7263
6246,31,587,10766
6247,31,591,14856
6248,31,595,19104
6249,31,599,23992
6250,31,603,32136
6251,31,607,35968
6252,31,612,42312
6253,31,616,48720
6254,31,620,52680
6255,31,624,54352
6256,31,628,57008
6257,31,632,59136
6258,31,636,59728
6259,31,640,57440
6260,31,645,54984
6261,31,649,51368
6262,31,653,47896
6263,31,657,45000
6264,31,661,41608
6265,31,665,36800
6266,31,669,32656
6267,31,673,29624
6268,31,678,26888
6269,31,682,24104
6270,31,686,20720
6271,31,690,17752
6272,31,694,15900
6273,31,698,14791
6274,31,702,12362
6275,31,706,12959
6276,31,710,10501
6277,31,715,8878
6278,31,719,9594
6279,31,723,8721
6280,31,727,7525
6281,31,731,6632
6282,31,735,5762
6283,31,739,5530
6284,31,743,5223
6285,31,748,4626
6286,31,752,4509
6287,31,756,4086
6288,31,760,4329
6289,31,764,3848
6290,31,768,3536
6291,31,772,3650
6292,31,776,3057
6293,31,781,3002
6294,31,785,3341
6295,31,789,3144
6296,31,793,3801
6297,31,797,4002
6298,31,801,4435
6299,31,805,4654
6300,31,809,5233
6301,31,814,6240
6302,31,818,6846
6303,31,822,8139
6304,31,826,9773
6305,31,830,11363
6306,31,834,12427
6307,31,838,13258
6308,31,842,15042
6309,31,847,16664
6310,31,851,16672
6311,31,855,18920
6312,31,859,18384
6313,31,863,17456
6314,31,867,17544
6315,31,871,17184
6316,31,875,14852
6317,31,879,14273
6318,31,884,12874
6319,31,888,12129
6320,31,892,9884
6321,31,896,8672
6322,31,900,7543
6323,31,904,7683
6324,31,908,6455
6325,31,912,5835
6326,31,917,5326
6327,31,921,4379
6328,31,925,4443
6329,31,929,4161
6330,31,933,4436
6331,31,937,3163
6332,31,941,3528
6333,31,945,2559
6334,31,950,2808
6335,31,954,2847
6336,31,958,2495
6337,31,962,1917
6338,31,966,1864
6339,31,970,2062
6340,31,974,2247
6341,31,978,1904
6342,31,983,2285
6343,31,987,1585
6344,31,991,1708
6345,31,995,1567
6346,31,999,1293
6347,32,003,1218
6348,32,007,1508
6349,32,011,978
6350,32,016,1123
6351,32,020,1185
6352,32,024,1301
6353,32,028,1434
6354,32,032,1070
6355,32,036,1035
6356,32,040,1126
6357,32,044,797
6358,32,048,855
6359,32,053,817
6360,32,057,889
6361,32,061,1033
6362,32,065,1222
6363,32,069,452
6364,32,073,892
6365,32,077,696
6366,32,081,825
6367,32,086,631
6368,32,090,823
6369,32,094,884
6370,32,098,466
6371,32,102,658
6372,32,106,689
6373,32,110,486
6374,32,114,692
6375,32,119,793
6376,32,123,676
6377,32,127,1108
6378,32,131,1127
6379,32,135,945
6380,32,139,1957
6381,32,143,2325
6382,32,147,3072
6383,32,152,4074
6384,32,156,5779
6385,32,160,8435
6386,32,164,11993
6387,32,168,14107
6388,32,172,18960
6389,32,176,23632
6390,32,180,28728
6391,32,185,35312
6392,32,189,38440
6393,32,193,45080
6394,32,197,48440
6395,32,201,51552
6396,32,205,52112
6397,32,209,52816
6398,32,213,52720
6399,32,217,49816
6400,32,222,49248
6401,32,226,45656
6402,32,230,40880
6403,32,234,38136
6404,32,238,33728
6405,32,242,32160
6406,32,246,28520
6407,32,250,24832
6408,32,255,21256
6409,32,259,19152
6410,32,263,17464
6411,32,267,15932
6412,32,271,13339
6413,32,275,12481
6414,32,279,11377
6415,32,283,9955
6416,32,288,9660
6417,32,292,8547
6418,32,296,7576
6419,32,300,7198
6420,32,304,6983
6421,32,308,5261
6422,32,312,5122
6423,32,316,5300
6424,32,321,5277
6425,32,325,4425
6426,32,329,4265
6427,32,333,3919
6428,32,337,3574
6429,32,341,2922
6430,32,345,3215
6431,32,349,3177
6432,32,354,2830
6433,32,358,2446
6434,32,362,2200
6435,32,366,2169
6436,32,370,2041
6437,32,374,2018
6438,32,378,2240
6439,32,382,2345
6440,32,386,2194
6441,32,391,1531
6442,32,395,1890
6443,32,399,1791
6444,32,403,1377
6445,32,407,1733
6446,32,411,1289
6447,32,415,1281
6448,32,419,1380
6449,32,424,1164
6450,32,428,1202
6451,32,432,1301
6452,32,436,1209
6453,32,440,997
6454,32,444,1220
6455,32,448,929
6456,32,452,879
6457,32,457,1134
6458,32,461,891
6459,32,465,793
6460,32,469,905
6461,32,473,912
6462,32,477,837
6463,32,481,1058
6464,32,485,801
6465,32,490,853
6466,32,494,965
6467,32,498,760
6468,32,502,768
6469,32,506,1062
6470,32,510,1545
6471,32,514,1742
6472,32,518,2271
6473,32,523,2477
6474,32,527,3691
6475,32,531,5370
6476,32,535,6734
6477,32,539,8317
6478,32,543,11361
6479,32,547,14999
6480,32,551,17648
6481,32,555,20032
6482,32,560,23408
6483,32,564,26968
6484,32,568,27480
6485,32,572,29128
6486,32,576,28832
6487,32,580,28464
6488,32,584,29424
6489,32,588,27000
6490,32,593,26176
6491,32,597,23624
6492,32,601,23096
6493,32,605,20816
6494,32,609,18112
6495,32,613,16720
6496,32,617,14397
6497,32,621,13478
6498,32,626,12547
6499,32,630,11152
6500,32,634,10142
6501,32,638,9283
6502,32,642,7984
6503,32,646,7764
6504,32,650,6854
6505,32,654,6342
6506,32,659,5485
6507,32,663,5643
6508,32,667,4620
6509,32,671,4177
6510,32,675,3709
6511,32,679,3339
6512,32,683,3457
6513,32,687,3394
6514,32,692,3024
6515,32,696,2615
6516,32,700,2759
6517,32,704,2076
6518,32,708,2102
6519,32,712,2148
6520,32,716,2146
6521,32,720,1957
6522,32,724,2017
6523,32,729,2046
6524,32,733,1694
6525,32,737,1799
6526,32,741,1265
6527,32,745,1522
6528,32,749,1469
6529,32,753,2054
6530,32,757,1251
6531,32,762,1455
6532,32,766,1405
6533,32,770,1122
6534,32,774,1534
6535,32,778,1042
6536,32,782,1079
6537,32,786,1087
6538,32,790,1117
6539,32,795,865
6540,32,799,1105
6541,32,803,883
6542,32,807,1017
6543,32,811,906
6544,32,815,861
6545,32,819,674
6546,32,823,775
6547,32,828,723
6548,32,832,989
6549,32,836,629
6550,32,840,469
6551,32,844,467
6552,32,848,719
6553,32,852,590
6554,32,856,616
6555,32,861,813
6556,32,865,587
6557,32,869,715
6558,32,873,511
6559,32,877,444
6560,32,881,538
6561,32,885,687
6562,32,889,515
6563,32,893,557
6564,32,898,674
6565,32,902,619
6566,32,906,602
6567,32,910,733
6568,32,914,375
6569,32,918,855
6570,32,922,475
6571,32,926,631
6572,32,931,411
6573,32,935,343
6574,32,939,533
6575,32,943,354
6576,32,947,591
6577,32,951,332
6578,32,955,412
6579,32,959,437
6580,32,964,440
6581,32,968,402
6582,32,972,419
6583,32,976,335
6584,32,980,288
6585,32,984,489
6586,32,988,284
6587,32,992,445
6588,32,997,353
6589,33,001,300
6590,33,005,516
6591,33,009,586
6592,33,013,327
6593,33,017,353
6594,33,021,357
6595,33,025,400
6596,33,030,321
6597,33,034,251
6598,33,038,447
6599,33,042,222
6600,33,046,289
6601,33,050,443
6602,33,054,311
6603,33,058,500
6604,33,062,541
6605,33,067,423
6606,33,071,512
6607,33,075,318
6608,33,079,426
6609,33,083,333
6610,33,087,451
6611,33,091,462
6612,33,095,314
6613,33,100,351
6614,33,104,488
6615,33,108,296
6616,33,112,326
6617,33,116,395
6618,33,120,233
6619,33,124,223
6620,33,128,323
6621,33,133,257
6622,33,137,438
6623,33,141,355
6624,33,145,351
6625,33,149,260
6626,33,153,315
6627,33,157,277
6628,33,161,349
6629,33,166,420
6630,33,170,483
6631,33,174,457
6632,33,178,515
6633,33,182,444
6634,33,186,358
6635,33,190,413
6636,33,194,527
6637,33,199,480
6638,33,203,321
6639,33,207,435
6640,33,211,517
6641,33,215,348
6642,33,219,458
6643,33,223,596
6644,33,227,443
6645,33,231,414
6646,33,236,381
6647,33,240,455
6648,33,244,412
6649,33,248,620
6650,33,252,630
6651,33,256,933
6652,33,260,887
6653,33,264,1517
6654,33,269,1356
6655,33,273,1997
6656,33,277,2352
6657,33,281,3168
6658,33,285,3712
6659,33,289,4811
6660,33,293,5870
6661,33,297,6184
6662,33,302,6920
6663,33,306,7830
6664,33,310,9161
6665,33,314,8951
6666,33,318,8942
6667,33,322,8752
6668,33,326,8196
6669,33,330,7531
6670,33,335,7066
6671,33,339,6571
6672,33,343,5516
6673,33,347,5277
6674,33,351,4892
6675,33,355,4332
6676,33,359,4334
6677,33,363,3553
6678,33,368,3467
6679,33,372,2751
6680,33,376,2363
6681,33,380,2839
6682,33,384,2530
6683,33,388,2345
6684,33,392,1962
6685,33,396,1914
6686,33,400,1565
6687,33,405,1748
6688,33,409,1460
6689,33,413,1443
6690,33,417,1358
6691,33,421,1480
6692,33,425,1140
6693,33,429,1205
6694,33,433,1414
6695,33,438,1145
6696,33,442,1092
6697,33,446,891
6698,33,450,1110
6699,33,454,858
6700,33,458,988
6701,33,462,973
6702,33,466,1018
6703,33,471,1029
6704,33,475,938
6705,33,479,967
6706,33,483,594
6707,33,487,1115
6708,33,491,1034
6709,33,495,922
6710,33,499,947
6711,33,504,792
6712,33,508,434
6713,33,512,649
6714,33,516,516
6715,33,520,646
6716,33,524,709
6717,33,528,642
6718,33,532,785
6719,33,537,527
6720,33,541,489
6721,33,545,547
6722,33,549,437
6723,33,553,694
6724,33,557,436
6725,33,561,579
6726,33,565,534
6727,33,569,472
6728,33,574,429
6729,33,578,614
6730,33,582,464
6731,33,586,441
6732,33,590,428
6733,33,594,405
6734,33,598,480
6735,33,602,359
6736,33,607,416
6737,33,611,605
6738,33,615,435
6739,33,619,334
6740,33,623,532
6741,33,627,411
6742,33,631,434
6743,33,635,457
6744,33,640,321
6745,33,644,398
6746,33,648,350
6747,33,652,349
6748,33,656,400
6749,33,660,419
6750,33,664,346
6751,33,668,404
6752,33,673,611
6753,33,677,463
6754,33,681,345
6755,33,685,609
6756,33,689,910
6757,33,693,1047
6758,33,697,1442
6759,33,701,2829
6760,33,706,3430
6761,33,710,5122
6762,33,714,7132
6763,33,718,11244
6764,33,722,14313
6765,33,726,18960
6766,33,730,26560
6767,33,734,35280
6768,33,738,42456
6769,33,743,50424
6770,33,747,59240
6771,33,751,65944
6772,33,755,74648
6773,33,759,78640
6774,33,763,80640
6775,33,767,84800
6776,33,771,84472
6777,33,776,80888
6778,33,780,79480
6779,33,784,72936
6780,33,788,68304
6781,33,792,62408
6782,33,796,57720
6783,33,800,51552
6784,33,804,44688
6785,33,809,41704
6786,33,813,35440
6787,33,817,31760
6788,33,821,28152
6789,33,825,26256
6790,33,829,23216
6791,33,833,19560
6792,33,837,19168
6793,33,842,16760
6794,33,846,14918
6795,33,850,13607
6796,33,854,12886
6797,33,858,12619
6798,33,862,9596
6799,33,866,10267
6800,33,870,9555
6801,33,875,8852
6802,33,879,8245
6803,33,883,6886
6804,33,887,6360
6805,33,891,6008
6806,33,895,6250
6807,33,899,5357
6808,33,903,5242
6809,33,907,4824
6810,33,912,4891
6811,33,916,4848
6812,33,920,3720
6813,33,924,4410
6814,33,928,4015
6815,33,932,3719
6816,33,936,3766
6817,33,940,3243
6818,33,945,2746
6819,33,949,2883
6820,33,953,3074
6821,33,957,2683
6822,33,961,2568
6823,33,965,2525
6824,33,969,2618
6825,33,973,2382
6826,33,978,2131
6827,33,982,2023
6828,33,986,1873
6829,33,990,1933
6830,33,994,1827
6831,33,998,2016
6832,34,002,1446
6833,34,006,1544
6834,34,011,1361
6835,34,015,1293
6836,34,019,1554
6837,34,023,1357
6838,34,027,1332
6839,34,031,1404
6840,34,035,1340
6841,34,039,1373
6842,34,044,1155
6843,34,048,1230
6844,34,052,1133
6845,34,056,1112
6846,34,060,1013
6847,34,064,970
6848,34,068,1130
6849,34,072,1080
6850,34,076,1035
6851,34,081,875
6852,34,085,857
6853,34,089,919
6854,34,093,829
6855,34,097,588
6856,34,101,970
6857,34,105,734
6858,34,109,726
6859,34,114,552
6860,34,118,630
6861,34,122,892
6862,34,126,732
6863,34,130,795
6864,34,134,717
6865,34,138,838
6866,34,142,808
6867,34,147,566
6868,34,151,808
6869,34,155,652
6870,34,159,634
6871,34,163,830
6872,34,167,742
6873,34,171,613
6874,34,175,553
6875,34,180,570
6876,34,184,651
6877,34,188,656
6878,34,192,529
6879,34,196,706
6880,34,200,483
6881,34,204,670
6882,34,208,594
6883,34,213,720
6884,34,217,590
6885,34,221,676
6886,34,225,404
6887,34,229,543
6888,34,233,637
6889,34,237,510
6890,34,241,631
6891,34,245,577
6892,34,250,728
6893,34,254,242
6894,34,258,503
6895,34,262,586
6896,34,266,523
6897,34,270,511
6898,34,274,496
6899,34,278,389
6900,34,283,399
6901,34,287,469
6902,34,291,482
6903,34,295,477
6904,34,299,482
6905,34,303,407
6906,34,307,569
6907,34,311,417
6908,34,316,494
6909,34,320,432
6910,34,324,387
6911,34,328,469
6912,34,332,411
6913,34,336,518
6914,34,340,564
6915,34,344,361
6916,34,349,585
6917,34,353,481
6918,34,357,468
6919,34,361,444
6920,34,365,322
6921,34,369,539
6922,34,373,414
6923,34,377,362
6924,34,382,442
6925,34,386,262
6926,34,390,375
6927,34,394,519
6928,34,398,327
6929,34,402,249
6930,34,406,491
6931,34,410,322
6932,34,414,320
6933,34,419,422
6934,34,423,348
6935,34,427,418
6936,34,431,446
6937,34,435,562
6938,34,439,380
6939,34,443,312
6940,34,447,278
6941,34,452,316
6942,34,456,460
6943,34,460,313
6944,34,464,298
6945,34,468,289
6946,34,472,448
6947,34,476,331
6948,34,480,426
6949,34,485,337
6950,34,489,389
6951,34,493,410
6952,34,497,442
6953,34,501,664
6954,34,505,610
6955,34,509,932
6956,34,513,1609
6957,34,518,1703
6958,34,522,2554
6959,34,526,3496
6960,34,530,5952
6961,34,534,8381
6962,34,538,11122
6963,34,542,14999
6964,34,546,20424
6965,34,551,25184
6966,34,555,32728
6967,34,559,38720
6968,34,563,44400
6969,34,567,52664
6970,34,571,55016
6971,34,575,59144
6972,34,579,61048
6973,34,584,63760
6974,34,588,62096
6975,34,592,64120
6976,34,596,59664
6977,34,600,56800
6978,34,604,54000
6979,34,608,48888
6980,34,612,44288
6981,34,616,40496
6982,34,621,37432
6983,34,625,33112
6984,34,629,30312
6985,34,633,25296
6986,34,637,23504
6987,34,641,20744
6988,34,645,18808
6989,34,649,17992
6990,34,654,15682
6991,34,658,13977
6992,34,662,13050
6993,34,666,12094
6994,34,670,11309
6995,34,674,10559
6996,34,678,9992
6997,34,682,9235
6998,34,687,8932
6999,34,691,9560
7000,34,695,9698
7001,34,699,10172
7002,34,703,10386
7003,34,707,10498
7004,34,711,11107
7005,34,715,11701
7006,34,720,14060
7007,34,724,14270
7008,34,728,15404
7009,34,732,16864
7010,34,736,17504
7011,34,740,19360
7012,34,744,19720
7013,34,748,20240
7014,34,753,19808
7015,34,757,19968
7016,34,761,18208
7017,34,765,18168
7018,34,769,16322
7019,34,773,16067
7020,34,777,14638
7021,34,781,12621
7022,34,785,10759
7023,34,790,10623
7024,34,794,9291
7025,34,798,8776
7026,34,802,7312
7027,34,806,7361
7028,34,810,6805
7029,34,814,5967
7030,34,818,5792
7031,34,823,4842
7032,34,827,4283
7033,34,831,4309
7034,34,835,3975
7035,34,839,4462
7036,34,843,3573
7037,34,847,3750
7038,34,851,3185
7039,34,856,3181
7040,34,860,2927
7041,34,864,2760
7042,34,868,2864
7043,34,872,2712
7044,34,876,2571
7045,34,880,2912
7046,34,884,2272
7047,34,889,1941
7048,34,893,2255
7049,34,897,1814
7050,34,901,2199
7051,34,905,1947
7052,34,909,1917
7053,34,913,1951
7054,34,917,2113
7055,34,922,1557
7056,34,926,1584
7057,34,930,1855
7058,34,934,1429
7059,34,938,1536
7060,34,942,1493
7061,34,946,1214
7062,34,950,1502
7063,34,954,1389
7064,34,959,1260
7065,34,963,1266
7066,34,967,1251
7067,34,971,1162
7068,34,975,1118
7069,34,979,1072
7070,34,983,1104
7071,34,987,1132
7072,34,992,989
7073,34,996,1307
7074,35,000,1058
7075,35,004,1076
7076,35,008,693
7077,35,012,954
7078,35,016,791
7079,35,020,791
7080,35,025,1055
7081,35,029,602
7082,35,033,915
7083,35,037,1084
7084,35,041,905
7085,35,045,1253
7086,35,049,1548
7087,35,053,1879
7088,35,058,2631
7089,35,062,2886
7090,35,066,4517
7091,35,070,6197
7092,35,074,9005
7093,35,078,11258
7094,35,082,15211
7095,35,086,20808
7096,35,091,23760
7097,35,095,30368
7098,35,099,36360
7099,35,103,43784
7100,35,107,49656
7101,35,111,52608
7102,35,115,56776
7103,35,119,57856
7104,35,123,59544
7105,35,128,59448
7106,35,132,62264
7107,35,136,60680
7108,35,140,60896
7109,35,144,62224
7110,35,148,62144
7111,35,152,62288
7112,35,156,59920
7113,35,161,62432
7114,35,165,62808
7115,35,169,61832
7116,35,173,63832
7117,35,177,64088
7118,35,181,62320
7119,35,185,59712
7120,35,189,57472
7121,35,194,55744
7122,35,198,53936
7123,35,202,46584
7124,35,206,45240
7125,35,210,41120
7126,35,214,36952
7127,35,218,33816
7128,35,222,31424
7129,35,227,28320
7130,35,231,25216
7131,35,235,22896
7132,35,239,19648
7133,35,243,18504
7134,35,247,16872
7135,35,251,15510
7136,35,255,13374
7137,35,260,13047
7138,35,264,10441
7139,35,268,11257
7140,35,272,10370
7141,35,276,10273
7142,35,280,9270
7143,35,284,8203
7144,35,288,7462
7145,35,292,6786
7146,35,297,7154
7147,35,301,6359
7148,35,305,6576
7149,35,309,5308
7150,35,313,5214
7151,35,317,4763
7152,35,321,4875
7153,35,325,4184
7154,35,330,4538
7155,35,334,4255
7156,35,338,4239
7157,35,342,3474
7158,35,346,3783
7159,35,350,3978
7160,35,354,3118
7161,35,358,3488
7162,35,363,3569
7163,35,367,3668
7164,35,371,4320
7165,35,375,4542
7166,35,379,5133
7167,35,383,5837
7168,35,387,7563
7169,35,391,8772
7170,35,396,11258
7171,35,400,13106
7172,35,404,15412
7173,35,408,18968
7174,35,412,20960
7175,35,416,23816
7176,35,420,25464
7177,35,424,27984
7178,35,429,28224
7179,35,433,29616
7180,35,437,28448
7181,35,441,26344
7182,35,445,24920
7183,35,449,23280
7184,35,453,20880
7185,35,457,21200
7186,35,461,19088
7187,35,466,16624
7188,35,470,17016
7189,35,474,14373
7190,35,478,12886
7191,35,482,11280
7192,35,486,11431
7193,35,490,9875
7194,35,494,9154
7195,35,499,7551
7196,35,503,7731
7197,35,507,7504
7198,35,511,6350
7199,35,515,6249
7200,35,519,5822
7201,35,523,5545
7202,35,527,4835
7203,35,532,5055
7204,35,536,4098
7205,35,540,4703
7206,35,544,4406
7207,35,548,4107
7208,35,552,3714
7209,35,556,3537
7210,35,560,3012
7211,35,565,3406
7212,35,569,3180
7213,35,573,2878
7214,35,577,2850
7215,35,581,2893
7216,35,585,2431
7217,35,589,2220
7218,35,593,2285
7219,35,598,2302
7220,35,602,2660
7221,35,606,2131
7222,35,610,2303
7223,35,614,2031
7224,35,618,1847
7225,35,622,1857
7226,35,626,1770
7227,35,630,2033
7228,35,635,1781
7229,35,639,1662
7230,35,643,1762
7231,35,647,1670
7232,35,651,1201
7233,35,655,1273
7234,35,659,1519
7235,35,663,1312
7236,35,668,1216
7237,35,672,1372
7238,35,676,1234
7239,35,680,1239
7240,35,684,1157
7241,35,688,1224
7242,35,692,1153
7243,35,696,993
7244,35,701,1065
7245,35,705,1057
7246,35,709,1172
7247,35,713,1041
7248,35,717,1038
7249,35,721,900
7250,35,725,1024
7251,35,729,998
7252,35,734,1142
7253,35,738,903
7254,35,742,932
7255,35,746,1067
7256,35,750,936
7257,35,754,888
7258,35,758,912
7259,35,762,1105
7260,35,767,743
7261,35,771,906
7262,35,775,754
7263,35,779,512
7264,35,783,709
7265,35,787,777
7266,35,791,522
7267,35,795,773
7268,35,799,652
7269,35,804,642
7270,35,808,482
7271,35,812,844
7272,35,816,672
7273,35,820,906
7274,35,824,860
7275,35,828,613
7276,35,832,660
7277,35,837,678
7278,35,841,713
7279,35,845,785
7280,35,849,821
7281,35,853,820
7282,35,857,646
7283,35,861,739
7284,35,865,742
7285,35,870,730
7286,35,874,718
7287,35,878,674
7288,35,882,656
7289,35,886,583
7290,35,890,607
7291,35,894,726
7292,35,898,558
7293,35,903,596
7294,35,907,363
7295,35,911,688
7296,35,915,687
7297,35,919,601
7298,35,923,534
7299,35,927,646
7300,35,931,742
7301,35,936,671
7302,35,940,555
7303,35,944,560
7304,35,948,625
7305,35,952,594
7306,35,956,420
7307,35,960,603
7308,35,964,377
7309,35,968,703
7310,35,973,546
7311,35,977,715
7312,35,981,505
7313,35,985,780
7314,35,989,651
7315,35,993,446
7316,35,997,521
7317,36,001,556
7318,36,006,671
7319,36,010,726
7320,36,014,627
7321,36,018,621
7322,36,022,690
7323,36,026,660
7324,36,030,720
7325,36,034,861
7326,36,039,1229
7327,36,043,885
7328,36,047,1569
7329,36,051,1512
7330,36,055,2019
7331,36,059,2685
7332,36,063,3118
7333,36,067,3510
7334,36,072,4583
7335,36,076,4880
7336,36,080,5990
7337,36,084,6261
7338,36,088,7248
7339,36,092,8063
7340,36,096,7568
7341,36,100,8236
7342,36,105,8472
7343,36,109,7819
7344,36,113,7640
7345,36,117,7490
7346,36,121,6661
7347,36,125,6582
7348,36,129,5341
7349,36,133,5195
7350,36,137,4776
7351,36,142,4528
7352,36,146,3558
7353,36,150,4348
7354,36,154,3198
7355,36,158,2843
7356,36,162,2967
7357,36,166,2812
7358,36,170,2084
7359,36,175,2642
7360,36,179,2310
7361,36,183,2006
7362,36,187,2003
7363,36,191,2262
7364,36,195,2087
7365,36,199,1965
7366,36,203,1504
7367,36,208,1572
7368,36,212,1453
7369,36,216,1369
7370,36,220,1515
7371,36,224,1509
7372,36,228,1509
7373,36,232,1357
7374,36,236,1117
7375,36,241,1153
7376,36,245,1193
7377,36,249,1257
7378,36,253,1176
7379,36,257,1360
7380,36,261,1544
7381,36,265,1373
7382,36,269,1105
7383,36,274,969
7384,36,278,1021
7385,36,282,1017
7386,36,286,1144
7387,36,290,987
7388,36,294,928
7389,36,298,1104
7390,36,302,830
7391,36,306,1046
7392,36,311,852
7393,36,315,779
7394,36,319,895
7395,36,323,802
7396,36,327,718
7397,36,331,910
7398,36,335,762
7399,36,339,535
7400,36,344,758
7401,36,348,816
7402,36,352,772
7403,36,356,614
7404,36,360,675
7405,36,364,599
7406,36,368,697
7407,36,372,651
7408,36,377,668
7409,36,381,687
7410,36,385,768
7411,36,389,584
7412,36,393,513
7413,36,397,707
7414,36,401,613
7415,36,405,663
7416,36,410,524
7417,36,414,631
7418,36,418,608
7419,36,422,805
7420,36,426,666
7421,36,430,624
7422,36,434,523
7423,36,438,772
7424,36,443,595
7425,36,447,766
7426,36,451,532
7427,36,455,747
7428,36,459,598
7429,36,463,681
7430,36,467,728
7431,36,471,903
7432,36,475,1280
7433,36,480,1442
7434,36,484,2241
7435,36,488,2835
7436,36,492,4586
7437,36,496,6713
7438,36,500,10203
7439,36,504,14790
7440,36,508,18800
7441,36,513,26832
7442,36,517,33216
7443,36,521,42128
7444,36,525,53528
7445,36,529,64760
7446,36,533,77448
7447,36,537,87968
7448,36,541,99136
7449,36,546,102600
7450,36,550,113136
7451,36,554,113384
7452,36,558,115936
7453,36,562,114040
7454,36,566,109632
7455,36,570,105624
7456,36,574,99544
7457,36,579,90880
7458,36,583,85656
7459,36,587,75672
7460,36,591,69416
7461,36,595,65264
7462,36,599,57840
7463,36,603,53328
7464,36,607,46864
7465,36,612,42992
7466,36,616,37704
7467,36,620,32856
7468,36,624,30096
7469,36,628,28808
7470,36,632,26616
7471,36,636,24112
7472,36,640,23056
7473,36,644,19968
7474,36,649,18656
7475,36,653,16920
7476,36,657,15310
7477,36,661,14420
7478,36,665,14194
7479,36,669,12470
7480,36,673,12104
7481,36,677,11372
7482,36,682,10621
7483,36,686,9724
7484,36,690,10516
7485,36,694,8997
7486,36,698,7707
7487,36,702,8317
7488,36,706,6928
7489,36,710,7121
7490,36,715,6548
7491,36,719,6068
7492,36,723,6733
7493,36,727,5454
7494,36,731,5508
7495,36,735,5641
7496,36,739,4811
7497,36,743,5269
7498,36,748,3904
7499,36,752,4086
7500,36,756,4316
7501,36,760,3201
7502,36,764,3527
7503,36,768,3566
7504,36,772,2987
7505,36,776,3308
7506,36,781,3330
7507,36,785,3372
7508,36,789,3134
7509,36,793,2986
7510,36,797,2618
7511,36,801,2673
7512,36,805,2436
7513,36,809,2554
7514,36,813,2347
7515,36,818,2018
7516,36,822,2182
7517,36,826,1874
7518,36,830,2324
7519,36,834,2229
7520,36,838,2154
7521,36,842,1992
7522,36,846,2651
7523,36,851,2215
7524,36,855,1773
7525,36,859,1613
7526,36,863,1780
7527,36,867,1678
7528,36,871,1796
7529,36,875,1816
7530,36,879,1707
7531,36,884,1475
7532,36,888,1590
7533,36,892,1576
7534,36,896,1428
7535,36,900,1831
7536,36,904,1515
7537,36,908,1585
7538,36,912,1468
7539,36,917,1330
7540,36,921,1417
7541,36,925,1609
7542,36,929,1449
7543,36,933,1454
7544,36,937,1292
7545,36,941,1153
7546,36,945,1147
7547,36,950,1259
7548,36,954,1251
7549,36,958,1294
7550,36,962,1292
7551,36,966,1216
7552,36,970,1386
7553,36,974,1174
7554,36,978,1027
7555,36,982,1117
7556,36,987,1285
7557,36,991,1188
7558,36,995,1109
7559,36,999,1052
7560,37,003,1003
7561,37,007,1256
7562,37,011,887
7563,37,015,898
7564,37,020,777
7565,37,024,1133
7566,37,028,934
7567,37,032,887
7568,37,036,1013
7569,37,040,893
7570,37,044,836
7571,37,048,814
7572,37,053,974
7573,37,057,673
7574,37,061,524
7575,37,065,753
7576,37,069,751
7577,37,073,796
7578,37,077,759
7579,37,081,497
7580,37,086,545
7581,37,090,526
7582,37,094,634
7583,37,098,640
7584,37,102,568
7585,37,106,821
7586,37,110,553
7587,37,114,586
7588,37,119,704
7589,37,123,685
7590,37,127,633
7591,37,131,470
7592,37,135,650
7593,37,139,643
7594,37,143,634
7595,37,147,619
7596,37,151,565
7597,37,156,656
7598,37,160,648
7599,37,164,836
7600,37,168,456
7601,37,172,503
7602,37,176,603
7603,37,180,554
7604,37,184,754
7605,37,189,729
7606,37,193,696
7607,37,197,626
7608,37,201,461
7609,37,205,642
7610,37,209,504
7611,37,213,449
7612,37,217,621
7613,37,222,678
7614,37,226,602
7615,37,230,729
7616,37,234,561
7617,37,238,522
7618,37,242,724
7619,37,246,837
7620,37,250,454
7621,37,255,459
7622,37,259,636
7623,37,263,495
7624,37,267,460
7625,37,271,721
7626,37,275,613
7627,37,279,697
7628,37,283,898
7629,37,288,382
7630,37,292,396
7631,37,296,683
7632,37,300,702
7633,37,304,522
7634,37,308,531
7635,37,312,683
7636,37,316,399
7637,37,320,596
7638,37,325,519
7639,37,329,629
7640,37,333,487
7641,37,337,613
7642,37,341,684
7643,37,345,633
7644,37,349,773
7645,37,353,742
7646,37,358,632
7647,37,362,868
7648,37,366,1223
7649,37,370,1096
7650,37,374,1464
7651,37,378,1790
7652,37,382,2044
7653,37,386,2806
7654,37,391,3384
7655,37,395,4619
7656,37,399,5308
7657,37,403,6674
7658,37,407,7498
7659,37,411,8812
7660,37,415,10323
7661,37,419,11483
7662,37,424,12966
7663,37,428,13384
7664,37,432,14540
7665,37,436,14192
7666,37,440,15147
7667,37,444,15458
7668,37,448,14730
7669,37,452,13759
7670,37,457,12459
7671,37,461,11243
7672,37,465,10583
7673,37,469,9758
7674,37,473,7913
7675,37,477,8379
7676,37,481,7189
7677,37,485,7135
7678,37,489,5481
7679,37,494,5330
7680,37,498,6040
7681,37,502,4754
7682,37,506,4102
7683,37,510,4279
7684,37,514,4067
7685,37,518,3966
7686,37,522,3135
7687,37,527,3454
7688,37,531,2816
7689,37,535,3286
7690,37,539,2950
7691,37,543,2467
7692,37,547,2075
7693,37,551,2527
7694,37,555,2541
7695,37,560,1971
7696,37,564,2173
7697,37,568,1980
7698,37,572,1901
7699,37,576,1817
7700,37,580,1694
7701,37,584,2192
7702,37,588,2183
7703,37,593,1607
7704,37,597,1236
7705,37,601,1383
7706,37,605,1405
7707,37,609,1299
7708,37,613,1349
7709,37,617,1569
7710,37,621,1208
7711,37,626,1178
7712,37,630,1290
7713,37,634,1345
7714,37,638,1194
7715,37,642,1064
7716,37,646,992
7717,37,650,1012
7718,37,654,1227
7719,37,658,956
7720,37,663,841
7721,37,667,1138
7722,37,671,935
7723,37,675,838
7724,37,679,1155
7725,37,683,925
7726,37,687,900
7727,37,691,794
7728,37,696,840
7729,37,700,1194
7730,37,704,713
7731,37,708,988
7732,37,712,740
7733,37,716,754
7734,37,720,823
7735,37,724,757
7736,37,729,975
7737,37,733,960
7738,37,737,902
7739,37,741,749
7740,37,745,873
7741,37,749,847
7742,37,753,891
7743,37,757,628
7744,37,762,694
7745,37,766,870
7746,37,770,552
7747,37,774,704
7748,37,778,537
7749,37,782,852
7750,37,786,691
7751,37,790,673
7752,37,795,641
7753,37,799,579
7754,37,803,866
7755,37,807,563
7756,37,811,1020
7757,37,815,685
7758,37,819,821
7759,37,823,900
7760,37,827,783
7761,37,832,567
7762,37,836,706
7763,37,840,662
7764,37,844,619
7765,37,848,581
7766,37,852,686
7767,37,856,627
7768,37,860,740
7769,37,865,701
7770,37,869,715
7771,37,873,569
7772,37,877,565
7773,37,881,644
7774,37,885,563
7775,37,889,532
7776,37,893,452
7777,37,898,653
7778,37,902,550
7779,37,906,653
7780,37,910,442
7781,37,914,582
7782,37,918,544
7783,37,922,513
7784,37,926,482
7785,37,931,660
7786,37,935,669
7787,37,939,765
7788,37,943,591
7789,37,947,456
7790,37,951,598
7791,37,955,416
7792,37,959,444
7793,37,964,579
7794,37,968,517
7795,37,972,605
7796,37,976,582
7797,37,980,558
7798,37,984,573
7799,37,988,454
7800,37,992,301
7801,37,996,384
7802,38,001,515
7803,38,005,903
7804,38,009,640
7805,38,013,833
7806,38,017,987
7807,38,021,1219
7808,38,025,1358
7809,38,029,1749
7810,38,034,2079
7811,38,038,2916
7812,38,042,3176
7813,38,046,4473
7814,38,050,6236
7815,38,054,8241
7816,38,058,10080
7817,38,062,11725
7818,38,067,13762
7819,38,071,17256
7820,38,075,18744
7821,38,079,20832
7822,38,083,20416
7823,38,087,23216
7824,38,091,22064
7825,38,095,21328
7826,38,100,20264
7827,38,104,19144
7828,38,108,18784
7829,38,112,17504
7830,38,116,15994
7831,38,120,14483
7832,38,124,14032
7833,38,128,12123
7834,38,133,10911
7835,38,137,9796
7836,38,141,10079
7837,38,145,9628
7838,38,149,7651
7839,38,153,7469
7840,38,157,7928
7841,38,161,5957
7842,38,165,6840
7843,38,170,5401
7844,38,174,5363
7845,38,178,5334
7846,38,182,4469
7847,38,186,3966
7848,38,190,4553
7849,38,194,3736
7850,38,198,3658
7851,38,203,3775
7852,38,207,3735
7853,38,211,3153
7854,38,215,3242
7855,38,219,2876
7856,38,223,3413
7857,38,227,3016
7858,38,231,2566
7859,38,236,2810
7860,38,240,2522
7861,38,244,2318
7862,38,248,2247
7863,38,252,1826
7864,38,256,2208
7865,38,260,1988
7866,38,264,2111
7867,38,269,1763
7868,38,273,1882
7869,38,277,2019
7870,38,281,1668
7871,38,285,1798
7872,38,289,1916
7873,38,293,1811
7874,38,297,1737
7875,38,302,1532
7876,38,306,1492
7877,38,310,1565
7878,38,314,1074
7879,38,318,1204
7880,38,322,1439
7881,38,326,1152
7882,38,330,1205
7883,38,334,1165
7884,38,339,1405
7885,38,343,1337
7886,38,347,1204
7887,38,351,1300
7888,38,355,1259
7889,38,359,1138
7890,38,363,1447
7891,38,367,1168
7892,38,372,801
7893,38,376,776
7894,38,380,1252
7895,38,384,725
7896,38,388,1243
7897,38,392,988
7898,38,396,1159
7899,38,400,1205
7900,38,405,884
7901,38,409,1123
7902,38,413,1101
7903,38,417,805
7904,38,421,677
7905,38,425,850
7906,38,429,1007
7907,38,433,957
7908,38,438,633
7909,38,442,820
7910,38,446,942
7911,38,450,875
7912,38,454,796
7913,38,458,814
7914,38,462,792
7915,38,466,716
7916,38,471,569
7917,38,475,724
7918,38,479,694
7919,38,483,533
7920,38,487,833
7921,38,491,635
7922,38,495,888
7923,38,499,735
7924,38,503,843
7925,38,508,547
7926,38,512,665
7927,38,516,602
7928,38,520,838
7929,38,524,647
7930,38,528,726
7931,38,532,496
7932,38,536,563
7933,38,541,532
7934,38,545,857
7935,38,549,688
7936,38,553,555
7937,38,557,597
7938,38,561,650
7939,38,565,786
7940,38,569,601
7941,38,574,452
7942,38,578,770
7943,38,582,767
7944,38,586,747
7945,38,590,743
7946,38,594,600
7947,38,598,610
7948,38,602,705
7949,38,607,685
7950,38,611,636
7951,38,615,752
7952,38,619,641
7953,38,623,476
7954,38,627,700
7955,38,631,573
7956,38,635,623
7957,38,640,747
7958,38,644,529
7959,38,648,555
7960,38,652,427
7961,38,656,756
7962,38,660,577
7963,38,664,632
7964,38,668,619
7965,38,672,683
7966,38,677,720
7967,38,681,557
7968,38,685,539
7969,38,689,467
7970,38,693,775
7971,38,697,581
7972,38,701,622
7973,38,705,601
7974,38,710,675
7975,38,714,602
7976,38,718,590
7977,38,722,515
7978,38,726,799
7979,38,730,680
7980,38,734,501
7981,38,738,503
7982,38,743,558
7983,38,747,505
7984,38,751,436
7985,38,755,614
7986,38,759,560
7987,38,763,671
7988,38,767,718
7989,38,771,547
7990,38,776,641
7991,38,780,609
7992,38,784,554
7993,38,788,481
7994,38,792,439
7995,38,796,483
7996,38,800,417
7997,38,804,530
7998,38,809,627
7999,38,813,421
8000,38,817,465
8001,38,821,493
8002,38,825,699
8003,38,829,600
8004,38,833,666
8005,38,837,563
8006,38,841,431
8007,38,846,480
8008,38,850,472
8009,38,854,525
8010,38,858,398
8011,38,862,506
8012,38,866,446
8013,38,870,473
8014,38,874,392
8015,38,879,566
8016,38,883,603
8017,38,887,493
8018,38,891,503
8019,38,895,401
8020,38,899,535
8021,38,903,508
8022,38,907,475
8023,38,912,475
8024,38,916,443
8025,38,920,489
8026,38,924,411
8027,38,928,500
8028,38,932,600
8029,38,936,418
8030,38,940,503
8031,38,945,498
8032,38,949,508
8033,38,953,385
8034,38,957,383
8035,38,961,458
8036,38,965,509
8037,38,969,363
8038,38,973,459
8039,38,978,367
8040,38,982,394
8041,38,986,437
8042,38,990,438
8043,38,994,457
8044,38,998,582
8045,39,002,505
8046,39,006,531
8047,39,010,352
8048,39,015,545
8049,39,019,345
8050,39,023,461
8051,39,027,644
8052,39,031,610
8053,39,035,685
8054,39,039,415
8055,39,043,352
8056,39,048,309
8057,39,052,366
8058,39,056,462
8059,39,060,503
8060,39,064,597
8061,39,068,382
8062,39,072,414
8063,39,076,471
8064,39,081,390
8065,39,085,396
8066,39,089,633
8067,39,093,401
8068,39,097,403
8069,39,101,331
8070,39,105,589
8071,39,109,405
8072,39,114,397
8073,39,118,248
8074,39,122,749
8075,39,126,565
8076,39,130,393
8077,39,134,347
8078,39,138,308
8079,39,142,452
8080,39,147,415
8081,39,151,583
8082,39,155,440
8083,39,159,508
8084,39,163,323
8085,39,167,458
8086,39,171,410
8087,39,175,424
8088,39,179,422
8089,39,184,592
8090,39,188,454
8091,39,192,487
8092,39,196,470
8093,39,200,376
8094,39,204,521
8095,39,208,400
8096,39,212,420
8097,39,217,289
8098,39,221,590
8099,39,225,397
8100,39,229,638
8101,39,233,347
8102,39,237,513
8103,39,241,477
8104,39,245,339
8105,39,250,457
8106,39,254,482
8107,39,258,446
8108,39,262,441
8109,39,266,227
8110,39,270,476
8111,39,274,348
8112,39,278,292
8113,39,283,252
8114,39,287,349
8115,39,291,560
8116,39,295,483
8117,39,299,476
8118,39,303,456
8119,39,307,193
8120,39,311,391
8121,39,316,546
8122,39,320,308
8123,39,324,532
8124,39,328,348
8125,39,332,340
8126,39,336,402
8127,39,340,456
8128,39,344,495
8129,39,348,448
8130,39,353,481
8131,39,357,508
8132,39,361,279
8133,39,365,358
8134,39,369,395
8135,39,373,392
8136,39,377,447
8137,39,381,412
8138,39,386,478
8139,39,390,348
8140,39,394,325
8141,39,398,374
8142,39,402,358
8143,39,406,340
8144,39,410,395
8145,39,414,430
8146,39,419,273
8147,39,423,443
8148,39,427,377
8149,39,431,388
8150,39,435,487
8151,39,439,455
8152,39,443,351
8153,39,447,368
8154,39,452,271
8155,39,456,461
8156,39,460,381
8157,39,464,412
8158,39,468,384
8159,39,472,547
8160,39,476,435
8161,39,480,372
8162,39,485,566
8163,39,489,402
8164,39,493,366
8165,39,497,332
8166,39,501,364
8167,39,505,398
8168,39,509,483
8169,39,513,341
8170,39,518,534
8171,39,522,473
8172,39,526,372
8173,39,530,400
8174,39,534,505
8175,39,538,282
8176,39,542,415
8177,39,546,395
8178,39,550,361
8179,39,555,307
8180,39,559,374
8181,39,563,462
8182,39,567,504
8183,39,571,454
8184,39,575,488
8185,39,579,675
8186,39,583,499
8187,39,588,491
8188,39,592,545
8189,39,596,593
8190,39,600,382
8191,39,604,422
8192,39,608,559
8193,39,612,477
8194,39,616,291
8195,39,621,361
8196,39,625,521
8197,39,629,519
8198,39,633,346
8199,39,637,289
8200,39,641,347
8201,39,645,416
8202,39,649,312
8203,39,654,383
8204,39,658,396
8205,39,662,425
8206,39,666,361
8207,39,670,335
8208,39,674,289
8209,39,678,361
8210,39,682,442
8211,39,687,424
8212,39,691,483
8213,39,695,347
8214,39,699,337
8215,39,703,320
8216,39,707,486
8217,39,711,411
8218,39,715,385
8219,39,719,220
8220,39,724,373
8221,39,728,257
8222,39,732,470
8223,39,736,346
8224,39,740,322
8225,39,744,310
8226,39,748,373
8227,39,752,506
8228,39,757,319
8229,39,761,439
8230,39,765,799
8231,39,769,853
8232,39,773,841
8233,39,777,1136
8234,39,781,1772
8235,39,785,2331
8236,39,790,3107
8237,39,794,4156
8238,39,798,5933
8239,39,802,6809
8240,39,806,10135
8241,39,810,12388
8242,39,814,16188
8243,39,818,17752
8244,39,823,19784
8245,39,827,20936
8246,39,831,24152
8247,39,835,27712
8248,39,839,27576
8249,39,843,27312
8250,39,847,28832
8251,39,851,27112
8252,39,856,26536
8253,39,860,23840
8254,39,864,24200
8255,39,868,22640
8256,39,872,21816
8257,39,876,19288
8258,39,880,16310
8259,39,884,15052
8260,39,888,13742
8261,39,893,12794
8262,39,897,12239
8263,39,901,11445
8264,39,905,9099
8265,39,909,8668
8266,39,913,8111
8267,39,917,8080
8268,39,921,7283
8269,39,926,6456
8270,39,930,5531
8271,39,934,6235
8272,39,938,5627
8273,39,942,4292
8274,39,946,4937
8275,39,950,4408
8276,39,954,4370
8277,39,959,3628
8278,39,963,3740
8279,39,967,3248
8280,39,971,3281
8281,39,975,2924
8282,39,979,2797
8283,39,983,2149
8284,39,987,2490
8285,39,992,2107
8286,39,996,2221
8287,40,000,1939
8288,40,004,2469
8289,40,008,2135
8290,40,012,1702
8291,40,016,1694
8292,40,020,1991
8293,40,025,1858
8294,40,029,1818
8295,40,033,1433
8296,40,037,1243
8297,40,041,1643
8298,40,045,1529
8299,40,049,1449
8300,40,053,1497
8301,40,057,1568
8302,40,062,1174
8303,40,066,1126
8304,40,070,1349
8305,40,074,1071
8306,40,078,1227
8307,40,082,877
8308,40,086,988
8309,40,090,994
8310,40,095,1157
8311,40,099,1115
8312,40,103,1360
8313,40,107,904
8314,40,111,1118
8315,40,115,831
8316,40,119,1034
8317,40,123,1012
8318,40,128,1203
8319,40,132,572
8320,40,136,939
8321,40,140,752
8322,40,144,842
8323,40,148,754
8324,40,152,863
8325,40,156,802
8326,40,161,615
8327,40,165,815
8328,40,169,786
8329,40,173,666
8330,40,177,714
8331,40,181,689
8332,40,185,577
8333,40,189,687
8334,40,194,771
8335,40,198,700
8336,40,202,686
8337,40,206,617
8338,40,210,651
8339,40,214,770
8340,40,218,612
8341,40,222,644
8342,40,226,725
8343,40,231,544
8344,40,235,607
8345,40,239,653
8346,40,243,712
8347,40,247,553
8348,40,251,525
8349,40,255,615
8350,40,259,790
8351,40,264,600
8352,40,268,477
8353,40,272,571
8354,40,276,565
8355,40,280,611
8356,40,284,433
8357,40,288,568
8358,40,292,447
8359,40,297,624
8360,40,301,512
8361,40,305,536
8362,40,309,835
8363,40,313,528
8364,40,317,594
8365,40,321,835
8366,40,325,453
8367,40,330,493
8368,40,334,597
8369,40,338,727
8370,40,342,770
8371,40,346,462
8372,40,350,585
8373,40,354,437
8374,40,358,605
8375,40,363,628
8376,40,367,533
8377,40,371,522
8378,40,375,391
8379,40,379,530
8380,40,383,501
8381,40,387,493
8382,40,391,424
8383,40,395,432
8384,40,400,540
8385,40,404,526
8386,40,408,576
8387,40,412,456
8388,40,416,501
8389,40,420,476
8390,40,424,494
8391,40,428,520
8392,40,433,385
8393,40,437,383
8394,40,441,384
8395,40,445,466
8396,40,449,573
8397,40,453,556
8398,40,457,477
8399,40,461,385
8400,40,466,378
8401,40,470,528
8402,40,474,452
8403,40,478,438
8404,40,482,501
8405,40,486,515
8406,40,490,389
8407,40,494,498
8408,40,499,473
8409,40,503,462
8410,40,507,665
8411,40,511,345
8412,40,515,455
8413,40,519,575
8414,40,523,430
8415,40,527,471
8416,40,532,491
8417,40,536,569
8418,40,540,448
8419,40,544,469
8420,40,548,425
8421,40,552,448
8422,40,556,568
8423,40,560,454
8424,40,564,513
8425,40,569,557
8426,40,573,406
8427,40,577,619
8428,40,581,482
8429,40,585,648
8430,40,589,578
8431,40,593,481
8432,40,597,369
8433,40,602,307
8434,40,606,450
8435,40,610,461
8436,40,614,542
8437,40,618,528
8438,40,622,382
8439,40,626,423
8440,40,630,378
8441,40,635,323
8442,40,639,510
8443,40,643,439
8444,40,647,626
8445,40,651,426
8446,40,655,258
8447,40,659,450
8448,40,663,488
8449,40,668,531
8450,40,672,313
8451,40,676,446
8452,40,680,649
8453,40,684,498
8454,40,688,679
8455,40,692,504
8456,40,696,617
8457,40,701,341
8458,40,705,475
8459,40,709,315
8460,40,713,391
8461,40,717,398
8462,40,721,414
8463,40,725,623
8464,40,729,401
8465,40,733,398
8466,40,738,447
8467,40,742,539
8468,40,746,382
8469,40,750,271
8470,40,754,406
8471,40,758,518
8472,40,762,487
8473,40,766,419
8474,40,771,438
8475,40,775,399
8476,40,779,441
8477,40,783,555
8478,40,787,504
8479,40,791,347
8480,40,795,491
8481,40,799,276
8482,40,804,257
8483,40,808,457
8484,40,812,462
8485,40,816,404
8486,40,820,438
8487,40,824,399
8488,40,828,303
8489,40,832,594
8490,40,837,435
8491,40,841,383
8492,40,845,554
8493,40,849,490
8494,40,853,346
8495,40,857,626
8496,40,861,303
8497,40,865,613
8498,40,870,478
8499,40,874,423
8500,40,878,470
8501,40,882,495
8502,40,886,448
8503,40,890,370
8504,40,894,368
8505,40,898,496
8506,40,902,527
8507,40,907,557
8508,40,911,335
8509,40,915,467
8510,40,919,467
8511,40,923,288
8512,40,927,392
8513,40,931,644
8514,40,935,471
8515,40,940,561
8516,40,944,417
8517,40,948,405
8518,40,952,491
8519,40,956,488
8520,40,960,443
8521,40,964,290
8522,40,968,474
8523,40,973,459
