#"+EI EIC(91,0) Scan 80C_1ml-min_4C-min_2.D "
#Point,X(Minutes),Y(Counts)
0,5,841,13267
1,5,845,11328
2,5,849,11196
3,5,853,10005
4,5,857,10320
5,5,862,8886
6,5,866,8576
7,5,870,8044
8,5,874,7956
9,5,878,6467
10,5,882,6212
11,5,886,6599
12,5,890,5596
13,5,895,4937
14,5,899,4913
15,5,903,4138
16,5,907,4288
17,5,911,4065
18,5,915,3188
19,5,919,3281
20,5,923,2958
21,5,928,3003
22,5,932,2367
23,5,936,2573
24,5,940,2265
25,5,944,2240
26,5,948,2331
27,5,952,2339
28,5,956,2011
29,5,961,1601
30,5,965,1611
31,5,969,1652
32,5,973,1408
33,5,977,1412
34,5,981,1558
35,5,985,1019
36,5,989,1087
37,5,994,1279
38,5,998,1153
39,6,002,964
40,6,006,970
41,6,010,1051
42,6,014,754
43,6,018,958
44,6,022,844
45,6,026,757
46,6,031,558
47,6,035,696
48,6,039,558
49,6,043,416
50,6,047,579
51,6,051,616
52,6,055,494
53,6,059,624
54,6,064,552
55,6,068,496
56,6,072,515
57,6,076,426
58,6,080,382
59,6,084,532
60,6,088,379
61,6,092,417
62,6,097,363
63,6,101,393
64,6,105,394
65,6,109,323
66,6,113,355
67,6,117,389
68,6,121,174
69,6,125,283
70,6,130,268
71,6,134,347
72,6,138,383
73,6,142,240
74,6,146,375
75,6,150,346
76,6,154,209
77,6,158,221
78,6,163,196
79,6,167,268
80,6,171,417
81,6,175,233
82,6,179,0
83,6,183,200
84,6,187,288
85,6,191,420
86,6,195,0
87,6,200,212
88,6,204,267
89,6,208,182
90,6,212,359
91,6,216,258
92,6,220,174
93,6,224,200
94,6,228,251
95,6,233,230
96,6,237,272
97,6,241,0
98,6,245,272
99,6,249,354
100,6,253,186
101,6,257,206
102,6,261,0
103,6,266,0
104,6,270,199
105,6,274,0
106,6,278,256
107,6,282,228
108,6,286,177
109,6,290,300
110,6,294,0
111,6,299,350
112,6,303,205
113,6,307,290
114,6,311,207
115,6,315,206
116,6,319,340
117,6,323,195
118,6,327,270
119,6,332,0
120,6,336,269
121,6,340,179
122,6,344,312
123,6,348,0
124,6,352,338
125,6,356,296
126,6,360,247
127,6,364,326
128,6,369,380
129,6,373,435
130,6,377,492
131,6,381,420
132,6,385,308
133,6,389,372
134,6,393,483
135,6,397,716
136,6,402,457
137,6,406,603
138,6,410,555
139,6,414,788
140,6,418,959
141,6,422,1074
142,6,426,1028
143,6,430,1276
144,6,435,1112
145,6,439,1454
146,6,443,1241
147,6,447,1222
148,6,451,1031
149,6,455,1189
150,6,459,1157
151,6,463,918
152,6,468,911
153,6,472,876
154,6,476,948
155,6,480,753
156,6,484,775
157,6,488,801
158,6,492,701
159,6,496,512
160,6,501,616
161,6,505,528
162,6,509,751
163,6,513,615
164,6,517,484
165,6,521,552
166,6,525,563
167,6,529,474
168,6,533,407
169,6,538,624
170,6,542,405
171,6,546,668
172,6,550,331
173,6,554,418
174,6,558,622
175,6,562,287
176,6,566,362
177,6,571,313
178,6,575,391
179,6,579,339
180,6,583,166
181,6,587,348
182,6,591,249
183,6,595,227
184,6,599,285
185,6,604,159
186,6,608,307
187,6,612,239
188,6,616,263
189,6,620,0
190,6,624,321
191,6,628,199
192,6,632,324
193,6,637,186
194,6,641,217
195,6,645,158
196,6,649,0
197,6,653,190
198,6,657,155
199,6,661,161
200,6,665,269
201,6,670,0
202,6,674,234
203,6,678,193
204,6,682,0
205,6,686,183
206,6,690,0
207,6,694,0
208,6,698,247
209,6,702,199
210,6,707,192
211,6,711,176
212,6,715,208
213,6,719,208
214,6,723,0
215,6,727,162
216,6,731,212
217,6,735,188
218,6,740,193
219,6,744,202
220,6,748,0
221,6,752,254
222,6,756,0
223,6,760,0
224,6,764,0
225,6,768,0
226,6,773,159
227,6,777,0
228,6,781,0
229,6,785,0
230,6,789,0
231,6,793,0
232,6,797,156
233,6,801,201
234,6,806,0
235,6,810,0
236,6,814,0
237,6,818,172
238,6,822,0
239,6,826,168
240,6,830,0
241,6,834,191
242,6,839,168
243,6,843,169
244,6,847,153
245,6,851,0
246,6,855,0
247,6,859,0
248,6,863,194
249,6,867,0
250,6,871,0
251,6,876,231
252,6,880,199
253,6,884,0
254,6,888,0
255,6,892,0
256,6,896,155
257,6,900,188
258,6,904,150
259,6,909,164
260,6,913,233
261,6,917,0
262,6,921,151
263,6,925,0
264,6,929,0
265,6,933,226
266,6,937,158
267,6,942,168
268,6,946,0
269,6,950,200
270,6,954,0
271,6,958,0
272,6,962,203
273,6,966,207
274,6,970,158
275,6,975,369
276,6,979,320
277,6,983,250
278,6,987,245
279,6,991,514
280,6,995,516
281,6,999,527
282,7,003,970
283,7,008,966
284,7,012,1265
285,7,016,1150
286,7,020,1038
287,7,024,1113
288,7,028,1300
289,7,032,1070
290,7,036,1268
291,7,040,1184
292,7,045,1239
293,7,049,1226
294,7,053,1108
295,7,057,1355
296,7,061,1277
297,7,065,1109
298,7,069,980
299,7,073,796
300,7,078,937
301,7,082,980
302,7,086,849
303,7,090,655
304,7,094,823
305,7,098,524
306,7,102,855
307,7,106,610
308,7,111,575
309,7,115,498
310,7,119,590
311,7,123,508
312,7,127,673
313,7,131,402
314,7,135,612
315,7,139,638
316,7,144,341
317,7,148,443
318,7,152,438
319,7,156,318
320,7,160,372
321,7,164,596
322,7,168,516
323,7,172,287
324,7,177,399
325,7,181,402
326,7,185,318
327,7,189,269
328,7,193,347
329,7,197,322
330,7,201,199
331,7,205,205
332,7,209,405
333,7,214,362
334,7,218,364
335,7,222,380
336,7,226,0
337,7,230,220
338,7,234,246
339,7,238,330
340,7,242,246
341,7,247,207
342,7,251,218
343,7,255,0
344,7,259,212
345,7,263,0
346,7,267,164
347,7,271,167
348,7,275,204
349,7,280,288
350,7,284,0
351,7,288,266
352,7,292,189
353,7,296,189
354,7,300,171
355,7,304,0
356,7,308,166
357,7,313,240
358,7,317,0
359,7,321,0
360,7,325,192
361,7,329,255
362,7,333,180
363,7,337,0
364,7,341,182
365,7,346,150
366,7,350,179
367,7,354,0
368,7,358,0
369,7,362,174
370,7,366,156
371,7,370,0
372,7,374,0
373,7,378,196
374,7,383,0
375,7,387,0
376,7,391,179
377,7,395,289
378,7,399,154
379,7,403,207
380,7,407,197
381,7,411,260
382,7,416,163
383,7,420,168
384,7,424,0
385,7,428,184
386,7,432,0
387,7,436,0
388,7,440,0
389,7,444,178
390,7,449,218
391,7,453,208
392,7,457,156
393,7,461,231
394,7,465,212
395,7,469,196
396,7,473,0
397,7,477,245
398,7,482,230
399,7,486,0
400,7,490,0
401,7,494,0
402,7,498,161
403,7,502,0
404,7,506,164
405,7,510,0
406,7,515,157
407,7,519,0
408,7,523,170
409,7,527,186
410,7,531,0
411,7,535,179
412,7,539,0
413,7,543,167
414,7,547,0
415,7,552,206
416,7,556,183
417,7,560,156
418,7,564,153
419,7,568,0
420,7,572,0
421,7,576,153
422,7,580,222
423,7,585,0
424,7,589,0
425,7,593,184
426,7,597,216
427,7,601,0
428,7,605,0
429,7,609,0
430,7,613,195
431,7,618,0
432,7,622,161
433,7,626,213
434,7,630,174
435,7,634,0
436,7,638,0
437,7,642,0
438,7,646,246
439,7,651,0
440,7,655,0
441,7,659,154
442,7,663,0
443,7,667,0
444,7,671,0
445,7,675,0
446,7,679,0
447,7,684,0
448,7,688,0
449,7,692,0
450,7,696,0
451,7,700,0
452,7,704,0
453,7,708,196
454,7,712,0
455,7,716,0
456,7,721,0
457,7,725,0
458,7,729,207
459,7,733,154
460,7,737,0
461,7,741,0
462,7,745,0
463,7,749,0
464,7,754,178
465,7,758,0
466,7,762,153
467,7,766,0
468,7,770,154
469,7,774,0
470,7,778,0
471,7,782,0
472,7,787,161
473,7,791,159
474,7,795,0
475,7,799,0
476,7,803,162
477,7,807,0
478,7,811,192
479,7,815,0
480,7,820,0
481,7,824,247
482,7,828,0
483,7,832,0
484,7,836,0
485,7,840,0
486,7,844,0
487,7,848,0
488,7,853,208
489,7,857,0
490,7,861,0
491,7,865,0
492,7,869,162
493,7,873,200
494,7,877,0
495,7,881,199
496,7,885,0
497,7,890,204
498,7,894,294
499,7,898,192
500,7,902,165
501,7,906,0
502,7,910,0
503,7,914,153
504,7,918,0
505,7,923,0
506,7,927,0
507,7,931,156
508,7,935,0
509,7,939,0
510,7,943,219
511,7,947,0
512,7,951,0
513,7,956,0
514,7,960,0
515,7,964,0
516,7,968,0
517,7,972,0
518,7,976,0
519,7,980,0
520,7,984,0
521,7,989,0
522,7,993,0
523,7,997,0
524,8,001,0
525,8,005,0
526,8,009,0
527,8,013,0
528,8,017,156
529,8,022,0
530,8,026,0
531,8,030,0
532,8,034,0
533,8,038,0
534,8,042,0
535,8,046,0
536,8,050,0
537,8,054,0
538,8,059,0
539,8,063,205
540,8,067,0
541,8,071,151
542,8,075,0
543,8,079,168
544,8,083,0
545,8,087,0
546,8,092,0
547,8,096,0
548,8,100,218
549,8,104,177
550,8,108,0
551,8,112,189
552,8,116,333
553,8,120,231
554,8,125,152
555,8,129,204
556,8,133,0
557,8,137,0
558,8,141,0
559,8,145,0
560,8,149,0
561,8,153,0
562,8,158,0
563,8,162,150
564,8,166,0
565,8,170,0
566,8,174,0
567,8,178,160
568,8,182,0
569,8,186,0
570,8,191,152
571,8,195,0
572,8,199,0
573,8,203,163
574,8,207,0
575,8,211,241
576,8,215,163
577,8,219,164
578,8,223,213
579,8,228,0
580,8,232,187
581,8,236,165
582,8,240,0
583,8,244,0
584,8,248,0
585,8,252,0
586,8,256,0
587,8,261,0
588,8,265,0
589,8,269,0
590,8,273,0
591,8,277,151
592,8,281,0
593,8,285,0
594,8,289,0
595,8,294,186
596,8,298,0
597,8,302,0
598,8,306,0
599,8,310,0
600,8,314,225
601,8,318,0
602,8,322,222
603,8,327,0
604,8,331,0
605,8,335,0
606,8,339,0
607,8,343,205
608,8,347,175
609,8,351,175
610,8,355,0
611,8,360,0
612,8,364,0
613,8,368,174
614,8,372,0
615,8,376,0
616,8,380,0
617,8,384,153
618,8,388,172
619,8,392,0
620,8,397,0
621,8,401,0
622,8,405,0
623,8,409,180
624,8,413,0
625,8,417,0
626,8,421,0
627,8,425,173
628,8,430,0
629,8,434,0
630,8,438,0
631,8,442,0
632,8,446,164
633,8,450,177
634,8,454,0
635,8,458,207
636,8,463,0
637,8,467,197
638,8,471,219
639,8,475,0
640,8,479,0
641,8,483,152
642,8,487,0
643,8,491,0
644,8,496,0
645,8,500,219
646,8,504,0
647,8,508,0
648,8,512,152
649,8,516,0
650,8,520,0
651,8,524,306
652,8,529,175
653,8,533,0
654,8,537,0
655,8,541,0
656,8,545,241
657,8,549,0
658,8,553,0
659,8,557,167
660,8,561,0
661,8,566,0
662,8,570,0
663,8,574,0
664,8,578,0
665,8,582,169
666,8,586,0
667,8,590,0
668,8,594,0
669,8,599,150
670,8,603,175
671,8,607,0
672,8,611,253
673,8,615,0
674,8,619,0
675,8,623,0
676,8,627,216
677,8,632,0
678,8,636,0
679,8,640,0
680,8,644,0
681,8,648,167
682,8,652,161
683,8,656,162
684,8,660,262
685,8,665,167
686,8,669,0
687,8,673,0
688,8,677,0
689,8,681,165
690,8,685,0
691,8,689,216
692,8,693,0
693,8,698,0
694,8,702,155
695,8,706,0
696,8,710,160
697,8,714,193
698,8,718,173
699,8,722,158
700,8,726,0
701,8,730,224
702,8,735,0
703,8,739,166
704,8,743,153
705,8,747,0
706,8,751,0
707,8,755,0
708,8,759,0
709,8,763,0
710,8,768,163
711,8,772,0
712,8,776,0
713,8,780,188
714,8,784,0
715,8,788,0
716,8,792,0
717,8,796,290
718,8,801,0
719,8,805,0
720,8,809,0
721,8,813,190
722,8,817,180
723,8,821,172
724,8,825,0
725,8,829,0
726,8,834,0
727,8,838,159
728,8,842,0
729,8,846,0
730,8,850,0
731,8,854,208
732,8,858,0
733,8,862,0
734,8,867,0
735,8,871,174
736,8,875,0
737,8,879,0
738,8,883,0
739,8,887,195
740,8,891,0
741,8,895,0
742,8,899,0
743,8,904,0
744,8,908,0
745,8,912,0
746,8,916,207
747,8,920,0
748,8,924,0
749,8,928,189
750,8,932,0
751,8,937,0
752,8,941,158
753,8,945,0
754,8,949,153
755,8,953,0
756,8,957,0
757,8,961,186
758,8,965,150
759,8,970,0
760,8,974,163
761,8,978,0
762,8,982,0
763,8,986,0
764,8,990,0
765,8,994,0
766,8,998,240
767,9,003,0
768,9,007,0
769,9,011,0
770,9,015,0
771,9,019,0
772,9,023,0
773,9,027,0
774,9,031,0
775,9,036,210
776,9,040,0
777,9,044,0
778,9,048,0
779,9,052,0
780,9,056,0
781,9,060,0
782,9,064,187
783,9,068,0
784,9,073,0
785,9,077,0
786,9,081,0
787,9,085,156
788,9,089,0
789,9,093,0
790,9,097,0
791,9,101,0
792,9,106,205
793,9,110,200
794,9,114,0
795,9,118,0
796,9,122,0
797,9,126,157
798,9,130,0
799,9,134,0
800,9,139,0
801,9,143,0
802,9,147,0
803,9,151,0
804,9,155,0
805,9,159,172
806,9,163,185
807,9,167,0
808,9,172,0
809,9,176,0
810,9,180,0
811,9,184,167
812,9,188,0
813,9,192,0
814,9,196,0
815,9,200,0
816,9,205,0
817,9,209,216
818,9,213,0
819,9,217,0
820,9,221,0
821,9,225,0
822,9,229,172
823,9,233,0
824,9,237,0
825,9,242,0
826,9,246,0
827,9,250,0
828,9,254,170
829,9,258,215
830,9,262,197
831,9,266,0
832,9,270,0
833,9,275,0
834,9,279,150
835,9,283,0
836,9,287,0
837,9,291,153
838,9,295,0
839,9,299,219
840,9,303,150
841,9,308,151
842,9,312,0
843,9,316,0
844,9,320,0
845,9,324,0
846,9,328,0
847,9,332,0
848,9,336,0
849,9,341,0
850,9,345,0
851,9,349,163
852,9,353,0
853,9,357,154
854,9,361,0
855,9,365,0
856,9,369,0
857,9,374,158
858,9,378,0
859,9,382,0
860,9,386,0
861,9,390,197
862,9,394,0
863,9,398,0
864,9,402,0
865,9,406,205
866,9,411,0
867,9,415,0
868,9,419,0
869,9,423,0
870,9,427,0
871,9,431,0
872,9,435,0
873,9,439,0
874,9,444,0
875,9,448,0
876,9,452,0
877,9,456,162
878,9,460,0
879,9,464,0
880,9,468,0
881,9,472,160
882,9,477,0
883,9,481,0
884,9,485,0
885,9,489,160
886,9,493,0
887,9,497,0
888,9,501,0
889,9,505,0
890,9,510,0
891,9,514,0
892,9,518,0
893,9,522,0
894,9,526,159
895,9,530,0
896,9,534,0
897,9,538,0
898,9,543,0
899,9,547,0
900,9,551,0
901,9,555,0
902,9,559,175
903,9,563,0
904,9,567,0
905,9,571,0
906,9,575,0
907,9,580,0
908,9,584,0
909,9,588,210
910,9,592,0
911,9,596,158
912,9,600,0
913,9,604,160
914,9,608,187
915,9,613,0
916,9,617,0
917,9,621,153
918,9,625,0
919,9,629,0
920,9,633,200
921,9,637,0
922,9,641,0
923,9,646,0
924,9,650,0
925,9,654,170
926,9,658,0
927,9,662,168
928,9,666,0
929,9,670,183
930,9,674,183
931,9,679,0
932,9,683,0
933,9,687,179
934,9,691,202
935,9,695,222
936,9,699,199
937,9,703,0
938,9,707,245
939,9,712,384
940,9,716,0
941,9,720,293
942,9,724,253
943,9,728,352
944,9,732,306
945,9,736,408
946,9,740,312
947,9,744,279
948,9,749,190
949,9,753,336
950,9,757,255
951,9,761,515
952,9,765,261
953,9,769,284
954,9,773,213
955,9,777,162
956,9,782,0
957,9,786,210
958,9,790,226
959,9,794,161
960,9,798,201
961,9,802,213
962,9,806,0
963,9,810,274
964,9,815,167
965,9,819,165
966,9,823,282
967,9,827,0
968,9,831,159
969,9,835,0
970,9,839,0
971,9,843,202
972,9,848,327
973,9,852,0
974,9,856,0
975,9,860,0
976,9,864,0
977,9,868,0
978,9,872,0
979,9,876,0
980,9,881,227
981,9,885,0
982,9,889,0
983,9,893,0
984,9,897,167
985,9,901,0
986,9,905,171
987,9,909,0
988,9,914,0
989,9,918,0
990,9,922,0
991,9,926,191
992,9,930,153
993,9,934,0
994,9,938,0
995,9,942,0
996,9,946,0
997,9,951,0
998,9,955,0
999,9,959,0
1000,9,963,0
1001,9,967,0
1002,9,971,0
1003,9,975,0
1004,9,979,0
1005,9,984,0
1006,9,988,0
1007,9,992,0
1008,9,996,171
1009,10,000,0
1010,10,004,0
1011,10,008,0
1012,10,012,0
1013,10,017,0
1014,10,021,0
1015,10,025,0
1016,10,029,0
1017,10,033,0
1018,10,037,0
1019,10,041,157
1020,10,045,0
1021,10,050,0
1022,10,054,0
1023,10,058,0
1024,10,062,0
1025,10,066,0
1026,10,070,0
1027,10,074,0
1028,10,078,0
1029,10,083,0
1030,10,087,0
1031,10,091,175
1032,10,095,0
1033,10,099,0
1034,10,103,0
1035,10,107,166
1036,10,111,0
1037,10,115,0
1038,10,120,0
1039,10,124,0
1040,10,128,199
1041,10,132,0
1042,10,136,0
1043,10,140,0
1044,10,144,0
1045,10,148,0
1046,10,153,158
1047,10,157,187
1048,10,161,199
1049,10,165,0
1050,10,169,191
1051,10,173,159
1052,10,177,0
1053,10,181,183
1054,10,186,0
1055,10,190,213
1056,10,194,157
1057,10,198,0
1058,10,202,0
1059,10,206,150
1060,10,210,0
1061,10,214,0
1062,10,219,0
1063,10,223,168
1064,10,227,0
1065,10,231,0
1066,10,235,0
1067,10,239,0
1068,10,243,176
1069,10,247,182
1070,10,252,0
1071,10,256,0
1072,10,260,187
1073,10,264,192
1074,10,268,0
1075,10,272,0
1076,10,276,0
1077,10,280,0
1078,10,284,0
1079,10,289,0
1080,10,293,0
1081,10,297,0
1082,10,301,0
1083,10,305,0
1084,10,309,199
1085,10,313,0
1086,10,317,178
1087,10,322,0
1088,10,326,0
1089,10,330,0
1090,10,334,0
1091,10,338,0
1092,10,342,0
1093,10,346,150
1094,10,350,0
1095,10,355,0
1096,10,359,0
1097,10,363,165
1098,10,367,0
1099,10,371,0
1100,10,375,0
1101,10,379,0
1102,10,383,0
1103,10,388,164
1104,10,392,0
1105,10,396,0
1106,10,400,0
1107,10,404,166
1108,10,408,0
1109,10,412,0
1110,10,416,0
1111,10,421,0
1112,10,425,198
1113,10,429,0
1114,10,433,0
1115,10,437,0
1116,10,441,187
1117,10,445,0
1118,10,449,179
1119,10,453,0
1120,10,458,0
1121,10,462,0
1122,10,466,150
1123,10,470,167
1124,10,474,0
1125,10,478,0
1126,10,482,0
1127,10,486,0
1128,10,491,192
1129,10,495,202
1130,10,499,196
1131,10,503,229
1132,10,507,0
1133,10,511,166
1134,10,515,0
1135,10,519,251
1136,10,524,190
1137,10,528,0
1138,10,532,0
1139,10,536,236
1140,10,540,0
1141,10,544,0
1142,10,548,179
1143,10,552,0
1144,10,557,0
1145,10,561,0
1146,10,565,184
1147,10,569,0
1148,10,573,0
1149,10,577,0
1150,10,581,0
1151,10,585,156
1152,10,590,0
1153,10,594,0
1154,10,598,0
1155,10,602,0
1156,10,606,0
1157,10,610,0
1158,10,614,0
1159,10,618,0
1160,10,622,0
1161,10,627,0
1162,10,631,0
1163,10,635,183
1164,10,639,0
1165,10,643,174
1166,10,647,0
1167,10,651,210
1168,10,655,0
1169,10,660,0
1170,10,664,0
1171,10,668,247
1172,10,672,189
1173,10,676,0
1174,10,680,153
1175,10,684,183
1176,10,688,0
1177,10,693,0
1178,10,697,0
1179,10,701,179
1180,10,705,184
1181,10,709,0
1182,10,713,0
1183,10,717,0
1184,10,721,0
1185,10,726,157
1186,10,730,0
1187,10,734,0
1188,10,738,0
1189,10,742,0
1190,10,746,156
1191,10,750,0
1192,10,754,0
1193,10,759,158
1194,10,763,203
1195,10,767,196
1196,10,771,0
1197,10,775,170
1198,10,779,0
1199,10,783,0
1200,10,787,178
1201,10,791,0
1202,10,796,0
1203,10,800,0
1204,10,804,0
1205,10,808,0
1206,10,812,187
1207,10,816,187
1208,10,820,0
1209,10,824,0
1210,10,829,156
1211,10,833,0
1212,10,837,0
1213,10,841,0
1214,10,845,0
1215,10,849,0
1216,10,853,0
1217,10,857,0
1218,10,862,0
1219,10,866,0
1220,10,870,0
1221,10,874,0
1222,10,878,0
1223,10,882,161
1224,10,886,0
1225,10,890,0
1226,10,895,0
1227,10,899,0
1228,10,903,181
1229,10,907,0
1230,10,911,0
1231,10,915,0
1232,10,919,0
1233,10,923,0
1234,10,928,0
1235,10,932,0
1236,10,936,0
1237,10,940,0
1238,10,944,0
1239,10,948,0
1240,10,952,0
1241,10,956,0
1242,10,960,0
1243,10,965,0
1244,10,969,172
1245,10,973,167
1246,10,977,0
1247,10,981,0
1248,10,985,0
1249,10,989,151
1250,10,993,0
1251,10,998,0
1252,11,002,0
1253,11,006,0
1254,11,010,0
1255,11,014,162
1256,11,018,0
1257,11,022,182
1258,11,026,0
1259,11,031,158
1260,11,035,0
1261,11,039,0
1262,11,043,0
1263,11,047,0
1264,11,051,187
1265,11,055,158
1266,11,059,0
1267,11,064,0
1268,11,068,0
1269,11,072,223
1270,11,076,0
1271,11,080,194
1272,11,084,0
1273,11,088,0
1274,11,092,174
1275,11,097,0
1276,11,101,0
1277,11,105,0
1278,11,109,150
1279,11,113,0
1280,11,117,0
1281,11,121,0
1282,11,125,0
1283,11,129,0
1284,11,134,0
1285,11,138,0
1286,11,142,0
1287,11,146,0
1288,11,150,0
1289,11,154,0
1290,11,158,0
1291,11,162,0
1292,11,167,0
1293,11,171,0
1294,11,175,0
1295,11,179,0
1296,11,183,0
1297,11,187,0
1298,11,191,150
1299,11,195,0
1300,11,200,0
1301,11,204,0
1302,11,208,0
1303,11,212,0
1304,11,216,0
1305,11,220,0
1306,11,224,0
1307,11,228,0
1308,11,233,0
1309,11,237,0
1310,11,241,0
1311,11,245,0
1312,11,249,177
1313,11,253,0
1314,11,257,0
1315,11,261,0
1316,11,266,0
1317,11,270,167
1318,11,274,0
1319,11,278,198
1320,11,282,0
1321,11,286,0
1322,11,290,0
1323,11,294,0
1324,11,298,0
1325,11,303,188
1326,11,307,0
1327,11,311,0
1328,11,315,0
1329,11,319,0
1330,11,323,0
1331,11,327,0
1332,11,331,0
1333,11,336,0
1334,11,340,0
1335,11,344,0
1336,11,348,0
1337,11,352,0
1338,11,356,0
1339,11,360,0
1340,11,364,0
1341,11,369,0
1342,11,373,162
1343,11,377,189
1344,11,381,200
1345,11,385,0
1346,11,389,0
1347,11,393,0
1348,11,397,187
1349,11,402,0
1350,11,406,157
1351,11,410,151
1352,11,414,164
1353,11,418,0
1354,11,422,0
1355,11,426,0
1356,11,430,0
1357,11,435,0
1358,11,439,0
1359,11,443,158
1360,11,447,0
1361,11,451,0
1362,11,455,0
1363,11,459,202
1364,11,463,0
1365,11,467,0
1366,11,472,0
1367,11,476,0
1368,11,480,0
1369,11,484,157
1370,11,488,0
1371,11,492,0
1372,11,496,0
1373,11,500,0
1374,11,505,0
1375,11,509,0
1376,11,513,0
1377,11,517,0
1378,11,521,0
1379,11,525,0
1380,11,529,0
1381,11,533,0
1382,11,538,0
1383,11,542,0
1384,11,546,150
1385,11,550,0
1386,11,554,0
1387,11,558,0
1388,11,562,0
1389,11,566,0
1390,11,571,0
1391,11,575,0
1392,11,579,0
1393,11,583,0
1394,11,587,0
1395,11,591,0
1396,11,595,0
1397,11,599,0
1398,11,604,0
1399,11,608,0
1400,11,612,195
1401,11,616,0
1402,11,620,0
1403,11,624,0
1404,11,628,0
1405,11,632,0
1406,11,636,0
1407,11,641,0
1408,11,645,165
1409,11,649,0
1410,11,653,169
1411,11,657,0
1412,11,661,0
1413,11,665,0
1414,11,669,0
1415,11,674,0
1416,11,678,0
1417,11,682,184
1418,11,686,163
1419,11,690,0
1420,11,694,175
1421,11,698,0
1422,11,702,171
1423,11,707,0
1424,11,711,171
1425,11,715,0
1426,11,719,0
1427,11,723,0
1428,11,727,0
1429,11,731,0
1430,11,735,181
1431,11,740,0
1432,11,744,0
1433,11,748,0
1434,11,752,194
1435,11,756,0
1436,11,760,0
1437,11,764,0
1438,11,768,0
1439,11,773,0
1440,11,777,0
1441,11,781,0
1442,11,785,0
1443,11,789,0
1444,11,793,0
1445,11,797,190
1446,11,801,0
1447,11,805,0
1448,11,810,0
1449,11,814,0
1450,11,818,0
1451,11,822,0
1452,11,826,0
1453,11,830,0
1454,11,834,0
1455,11,838,0
1456,11,843,0
1457,11,847,0
1458,11,851,0
1459,11,855,278
1460,11,859,0
1461,11,863,0
1462,11,867,0
1463,11,871,0
1464,11,876,173
1465,11,880,182
1466,11,884,0
1467,11,888,155
1468,11,892,174
1469,11,896,0
1470,11,900,0
1471,11,904,0
1472,11,909,0
1473,11,913,0
1474,11,917,0
1475,11,921,166
1476,11,925,0
1477,11,929,0
1478,11,933,0
1479,11,937,0
1480,11,942,0
1481,11,946,0
1482,11,950,0
1483,11,954,0
1484,11,958,0
1485,11,962,0
1486,11,966,0
1487,11,970,0
1488,11,974,0
1489,11,979,0
1490,11,983,166
1491,11,987,0
1492,11,991,0
1493,11,995,0
1494,11,999,192
1495,12,003,0
1496,12,007,0
1497,12,012,0
1498,12,016,0
1499,12,020,0
1500,12,024,0
1501,12,028,0
1502,12,032,0
1503,12,036,177
1504,12,040,169
1505,12,045,0
1506,12,049,0
1507,12,053,0
1508,12,057,0
1509,12,061,0
1510,12,065,0
1511,12,069,0
1512,12,073,0
1513,12,078,0
1514,12,082,0
1515,12,086,0
1516,12,090,164
1517,12,094,0
1518,12,098,0
1519,12,102,0
1520,12,106,187
1521,12,111,0
1522,12,115,0
1523,12,119,0
1524,12,123,0
1525,12,127,0
1526,12,131,164
1527,12,135,0
1528,12,139,0
1529,12,143,161
1530,12,148,0
1531,12,152,160
1532,12,156,0
1533,12,160,0
1534,12,164,0
1535,12,168,159
1536,12,172,168
1537,12,176,0
1538,12,181,0
1539,12,185,0
1540,12,189,0
1541,12,193,0
1542,12,197,0
1543,12,201,235
1544,12,205,0
1545,12,209,0
1546,12,214,0
1547,12,218,0
1548,12,222,233
1549,12,226,0
1550,12,230,0
1551,12,234,0
1552,12,238,0
1553,12,242,0
1554,12,247,0
1555,12,251,0
1556,12,255,0
1557,12,259,0
1558,12,263,0
1559,12,267,0
1560,12,271,165
1561,12,275,0
1562,12,280,0
1563,12,284,280
1564,12,288,0
1565,12,292,164
1566,12,296,0
1567,12,300,0
1568,12,304,0
1569,12,308,0
1570,12,312,0
1571,12,317,150
1572,12,321,0
1573,12,325,0
1574,12,329,0
1575,12,333,0
1576,12,337,0
1577,12,341,0
1578,12,345,0
1579,12,350,0
1580,12,354,154
1581,12,358,0
1582,12,362,193
1583,12,366,0
1584,12,370,0
1585,12,374,0
1586,12,378,0
1587,12,383,0
1588,12,387,0
1589,12,391,0
1590,12,395,161
1591,12,399,170
1592,12,403,170
1593,12,407,0
1594,12,411,0
1595,12,416,0
1596,12,420,0
1597,12,424,0
1598,12,428,0
1599,12,432,0
1600,12,436,0
1601,12,440,0
1602,12,444,0
1603,12,449,0
1604,12,453,0
1605,12,457,0
1606,12,461,0
1607,12,465,0
1608,12,469,0
1609,12,473,0
1610,12,477,0
1611,12,481,0
1612,12,486,0
1613,12,490,0
1614,12,494,0
1615,12,498,164
1616,12,502,0
1617,12,506,0
1618,12,510,0
1619,12,514,0
1620,12,519,0
1621,12,523,0
1622,12,527,0
1623,12,531,0
1624,12,535,0
1625,12,539,225
1626,12,543,0
1627,12,547,0
1628,12,552,0
1629,12,556,0
1630,12,560,0
1631,12,564,0
1632,12,568,0
1633,12,572,0
1634,12,576,0
1635,12,580,0
1636,12,585,0
1637,12,589,164
1638,12,593,0
1639,12,597,0
1640,12,601,0
1641,12,605,0
1642,12,609,0
1643,12,613,0
1644,12,618,177
1645,12,622,170
1646,12,626,0
1647,12,630,152
1648,12,634,168
1649,12,638,0
1650,12,642,0
1651,12,646,0
1652,12,650,0
1653,12,655,0
1654,12,659,0
1655,12,663,165
1656,12,667,0
1657,12,671,169
1658,12,675,155
1659,12,679,0
1660,12,683,0
1661,12,688,0
1662,12,692,0
1663,12,696,0
1664,12,700,0
1665,12,704,153
1666,12,708,0
1667,12,712,0
1668,12,716,0
1669,12,721,0
1670,12,725,0
1671,12,729,0
1672,12,733,240
1673,12,737,0
1674,12,741,164
1675,12,745,0
1676,12,749,0
1677,12,754,0
1678,12,758,0
1679,12,762,0
1680,12,766,0
1681,12,770,203
1682,12,774,0
1683,12,778,0
1684,12,782,0
1685,12,787,0
1686,12,791,0
1687,12,795,0
1688,12,799,0
1689,12,803,0
1690,12,807,166
1691,12,811,0
1692,12,815,0
1693,12,819,0
1694,12,824,0
1695,12,828,0
1696,12,832,0
1697,12,836,0
1698,12,840,0
1699,12,844,0
1700,12,848,0
1701,12,852,0
1702,12,857,0
1703,12,861,0
1704,12,865,0
1705,12,869,0
1706,12,873,0
1707,12,877,0
1708,12,881,175
1709,12,885,173
1710,12,890,160
1711,12,894,0
1712,12,898,0
1713,12,902,0
1714,12,906,0
1715,12,910,155
1716,12,914,0
1717,12,918,190
1718,12,923,0
1719,12,927,0
1720,12,931,181
1721,12,935,0
1722,12,939,0
1723,12,943,0
1724,12,947,151
1725,12,951,0
1726,12,956,0
1727,12,960,0
1728,12,964,0
1729,12,968,0
1730,12,972,0
1731,12,976,0
1732,12,980,0
1733,12,984,0
1734,12,988,0
1735,12,993,0
1736,12,997,0
1737,13,001,0
1738,13,005,0
1739,13,009,0
1740,13,013,0
1741,13,017,0
1742,13,021,0
1743,13,026,0
1744,13,030,0
1745,13,034,0
1746,13,038,0
1747,13,042,0
1748,13,046,0
1749,13,050,0
1750,13,054,0
1751,13,059,182
1752,13,063,150
1753,13,067,168
1754,13,071,0
1755,13,075,0
1756,13,079,0
1757,13,083,0
1758,13,087,0
1759,13,092,0
1760,13,096,0
1761,13,100,0
1762,13,104,0
1763,13,108,0
1764,13,112,0
1765,13,116,0
1766,13,120,0
1767,13,125,0
1768,13,129,0
1769,13,133,0
1770,13,137,234
1771,13,141,0
1772,13,145,0
1773,13,149,0
1774,13,153,0
1775,13,157,226
1776,13,162,183
1777,13,166,0
1778,13,170,251
1779,13,174,183
1780,13,178,0
1781,13,182,214
1782,13,186,225
1783,13,190,267
1784,13,195,174
1785,13,199,249
1786,13,203,186
1787,13,207,299
1788,13,211,275
1789,13,215,211
1790,13,219,195
1791,13,223,221
1792,13,228,205
1793,13,232,211
1794,13,236,250
1795,13,240,272
1796,13,244,220
1797,13,248,0
1798,13,252,231
1799,13,256,0
1800,13,261,0
1801,13,265,0
1802,13,269,0
1803,13,273,216
1804,13,277,159
1805,13,281,0
1806,13,285,0
1807,13,289,0
1808,13,294,0
1809,13,298,179
1810,13,302,151
1811,13,306,172
1812,13,310,182
1813,13,314,162
1814,13,318,0
1815,13,322,0
1816,13,326,0
1817,13,331,0
1818,13,335,0
1819,13,339,0
1820,13,343,182
1821,13,347,0
1822,13,351,0
1823,13,355,220
1824,13,359,0
1825,13,364,0
1826,13,368,0
1827,13,372,0
1828,13,376,0
1829,13,380,0
1830,13,384,0
1831,13,388,0
1832,13,392,0
1833,13,397,0
1834,13,401,0
1835,13,405,0
1836,13,409,0
1837,13,413,0
1838,13,417,0
1839,13,421,0
1840,13,425,0
1841,13,430,0
1842,13,434,0
1843,13,438,0
1844,13,442,0
1845,13,446,0
1846,13,450,0
1847,13,454,0
1848,13,458,173
1849,13,463,0
1850,13,467,0
1851,13,471,0
1852,13,475,0
1853,13,479,172
1854,13,483,186
1855,13,487,0
1856,13,491,231
1857,13,495,0
1858,13,500,179
1859,13,504,261
1860,13,508,364
1861,13,512,399
1862,13,516,279
1863,13,520,458
1864,13,524,341
1865,13,528,554
1866,13,533,492
1867,13,537,403
1868,13,541,340
1869,13,545,551
1870,13,549,562
1871,13,553,576
1872,13,557,602
1873,13,561,387
1874,13,566,324
1875,13,570,405
1876,13,574,546
1877,13,578,612
1878,13,582,381
1879,13,586,387
1880,13,590,287
1881,13,594,285
1882,13,599,201
1883,13,603,262
1884,13,607,282
1885,13,611,228
1886,13,615,245
1887,13,619,155
1888,13,623,0
1889,13,627,291
1890,13,632,0
1891,13,636,200
1892,13,640,0
1893,13,644,173
1894,13,648,175
1895,13,652,155
1896,13,656,199
1897,13,660,197
1898,13,664,230
1899,13,669,157
1900,13,673,159
1901,13,677,0
1902,13,681,0
1903,13,685,0
1904,13,689,0
1905,13,693,0
1906,13,697,162
1907,13,702,154
1908,13,706,152
1909,13,710,0
1910,13,714,161
1911,13,718,0
1912,13,722,227
1913,13,726,0
1914,13,730,0
1915,13,735,0
1916,13,739,155
1917,13,743,0
1918,13,747,191
1919,13,751,227
1920,13,755,221
1921,13,759,0
1922,13,763,0
1923,13,768,167
1924,13,772,208
1925,13,776,190
1926,13,780,241
1927,13,784,167
1928,13,788,184
1929,13,792,161
1930,13,796,0
1931,13,801,0
1932,13,805,0
1933,13,809,165
1934,13,813,0
1935,13,817,206
1936,13,821,187
1937,13,825,0
1938,13,829,0
1939,13,833,0
1940,13,838,151
1941,13,842,0
1942,13,846,216
1943,13,850,178
1944,13,854,169
1945,13,858,0
1946,13,862,0
1947,13,866,166
1948,13,871,0
1949,13,875,178
1950,13,879,202
1951,13,883,0
1952,13,887,0
1953,13,891,0
1954,13,895,0
1955,13,899,0
1956,13,904,215
1957,13,908,0
1958,13,912,178
1959,13,916,0
1960,13,920,0
1961,13,924,0
1962,13,928,181
1963,13,932,0
1964,13,937,184
1965,13,941,0
1966,13,945,0
1967,13,949,0
1968,13,953,0
1969,13,957,0
1970,13,961,0
1971,13,965,0
1972,13,970,0
1973,13,974,0
1974,13,978,155
1975,13,982,0
1976,13,986,0
1977,13,990,0
1978,13,994,0
1979,13,998,170
1980,14,002,0
1981,14,007,0
1982,14,011,0
1983,14,015,196
1984,14,019,0
1985,14,023,0
1986,14,027,169
1987,14,031,0
1988,14,035,0
1989,14,040,0
1990,14,044,0
1991,14,048,0
1992,14,052,0
1993,14,056,241
1994,14,060,0
1995,14,064,0
1996,14,068,0
1997,14,073,0
1998,14,077,0
1999,14,081,0
2000,14,085,237
2001,14,089,0
2002,14,093,162
2003,14,097,0
2004,14,101,0
2005,14,106,0
2006,14,110,0
2007,14,114,171
2008,14,118,0
2009,14,122,0
2010,14,126,0
2011,14,130,0
2012,14,134,0
2013,14,139,0
2014,14,143,0
2015,14,147,0
2016,14,151,0
2017,14,155,0
2018,14,159,150
2019,14,163,220
2020,14,167,0
2021,14,171,0
2022,14,176,178
2023,14,180,0
2024,14,184,207
2025,14,188,0
2026,14,192,0
2027,14,196,0
2028,14,200,0
2029,14,204,190
2030,14,209,0
2031,14,213,0
2032,14,217,192
2033,14,221,0
2034,14,225,0
2035,14,229,0
2036,14,233,0
2037,14,237,0
2038,14,242,0
2039,14,246,0
2040,14,250,165
2041,14,254,0
2042,14,258,0
2043,14,262,162
2044,14,266,159
2045,14,270,0
2046,14,275,0
2047,14,279,0
2048,14,283,0
2049,14,287,0
2050,14,291,0
2051,14,295,0
2052,14,299,0
2053,14,303,210
2054,14,308,0
2055,14,312,0
2056,14,316,0
2057,14,320,161
2058,14,324,0
2059,14,328,150
2060,14,332,0
2061,14,336,0
2062,14,340,0
2063,14,345,0
2064,14,349,0
2065,14,353,0
2066,14,357,0
2067,14,361,0
2068,14,365,0
2069,14,369,0
2070,14,373,0
2071,14,378,0
2072,14,382,0
2073,14,386,0
2074,14,390,0
2075,14,394,0
2076,14,398,0
2077,14,402,0
2078,14,406,0
2079,14,411,0
2080,14,415,0
2081,14,419,0
2082,14,423,0
2083,14,427,0
2084,14,431,167
2085,14,435,174
2086,14,439,0
2087,14,444,179
2088,14,448,0
2089,14,452,0
2090,14,456,177
2091,14,460,0
2092,14,464,161
2093,14,468,0
2094,14,472,0
2095,14,477,155
2096,14,481,157
2097,14,485,0
2098,14,489,0
2099,14,493,0
2100,14,497,0
2101,14,501,0
2102,14,505,0
2103,14,509,0
2104,14,514,0
2105,14,518,0
2106,14,522,0
2107,14,526,0
2108,14,530,0
2109,14,534,0
2110,14,538,0
2111,14,542,0
2112,14,547,0
2113,14,551,0
2114,14,555,0
2115,14,559,0
2116,14,563,0
2117,14,567,0
2118,14,571,0
2119,14,575,0
2120,14,580,0
2121,14,584,0
2122,14,588,0
2123,14,592,0
2124,14,596,0
2125,14,600,0
2126,14,604,0
2127,14,608,0
2128,14,613,0
2129,14,617,0
2130,14,621,0
2131,14,625,0
2132,14,629,0
2133,14,633,172
2134,14,637,153
2135,14,641,165
2136,14,646,0
2137,14,650,0
2138,14,654,0
2139,14,658,0
2140,14,662,0
2141,14,666,151
2142,14,670,0
2143,14,674,0
2144,14,678,0
2145,14,683,0
2146,14,687,0
2147,14,691,0
2148,14,695,0
2149,14,699,0
2150,14,703,0
2151,14,707,0
2152,14,711,0
2153,14,716,0
2154,14,720,0
2155,14,724,0
2156,14,728,0
2157,14,732,0
2158,14,736,160
2159,14,740,0
2160,14,744,0
2161,14,749,0
2162,14,753,0
2163,14,757,0
2164,14,761,0
2165,14,765,0
2166,14,769,0
2167,14,773,0
2168,14,777,0
2169,14,782,163
2170,14,786,0
2171,14,790,0
2172,14,794,0
2173,14,798,0
2174,14,802,0
2175,14,806,187
2176,14,810,230
2177,14,815,0
2178,14,819,207
2179,14,823,0
2180,14,827,211
2181,14,831,0
2182,14,835,0
2183,14,839,0
2184,14,843,0
2185,14,848,158
2186,14,852,0
2187,14,856,0
2188,14,860,0
2189,14,864,195
2190,14,868,0
2191,14,872,0
2192,14,876,170
2193,14,880,0
2194,14,885,166
2195,14,889,182
2196,14,893,0
2197,14,897,0
2198,14,901,0
2199,14,905,0
2200,14,909,0
2201,14,913,0
2202,14,918,0
2203,14,922,0
2204,14,926,191
2205,14,930,162
2206,14,934,0
2207,14,938,0
2208,14,942,0
2209,14,946,0
2210,14,951,0
2211,14,955,0
2212,14,959,0
2213,14,963,0
2214,14,967,0
2215,14,971,0
2216,14,975,0
2217,14,979,178
2218,14,984,0
2219,14,988,0
2220,14,992,0
2221,14,996,0
2222,15,000,0
2223,15,004,0
2224,15,008,0
2225,15,012,0
2226,15,017,0
2227,15,021,0
2228,15,025,0
2229,15,029,0
2230,15,033,187
2231,15,037,156
2232,15,041,188
2233,15,045,0
2234,15,049,0
2235,15,054,0
2236,15,058,0
2237,15,062,0
2238,15,066,0
2239,15,070,0
2240,15,074,0
2241,15,078,0
2242,15,082,0
2243,15,087,0
2244,15,091,0
2245,15,095,0
2246,15,099,0
2247,15,103,0
2248,15,107,0
2249,15,111,0
2250,15,115,0
2251,15,120,0
2252,15,124,0
2253,15,128,0
2254,15,132,222
2255,15,136,0
2256,15,140,0
2257,15,144,0
2258,15,148,0
2259,15,153,0
2260,15,157,0
2261,15,161,0
2262,15,165,0
2263,15,169,0
2264,15,173,0
2265,15,177,0
2266,15,181,0
2267,15,186,0
2268,15,190,0
2269,15,194,184
2270,15,198,0
2271,15,202,0
2272,15,206,169
2273,15,210,0
2274,15,214,0
2275,15,218,198
2276,15,223,0
2277,15,227,0
2278,15,231,0
2279,15,235,0
2280,15,239,0
2281,15,243,230
2282,15,247,0
2283,15,251,0
2284,15,256,201
2285,15,260,0
2286,15,264,0
2287,15,268,0
2288,15,272,0
2289,15,276,161
2290,15,280,0
2291,15,284,0
2292,15,289,0
2293,15,293,190
2294,15,297,0
2295,15,301,0
2296,15,305,190
2297,15,309,167
2298,15,313,0
2299,15,317,0
2300,15,322,156
2301,15,326,176
2302,15,330,0
2303,15,334,0
2304,15,338,160
2305,15,342,157
2306,15,346,159
2307,15,350,0
2308,15,355,0
2309,15,359,231
2310,15,363,150
2311,15,367,0
2312,15,371,155
2313,15,375,0
2314,15,379,0
2315,15,383,0
2316,15,387,0
2317,15,392,0
2318,15,396,0
2319,15,400,0
2320,15,404,0
2321,15,408,0
2322,15,412,0
2323,15,416,0
2324,15,420,0
2325,15,425,0
2326,15,429,182
2327,15,433,0
2328,15,437,0
2329,15,441,0
2330,15,445,0
2331,15,449,0
2332,15,453,0
2333,15,458,0
2334,15,462,0
2335,15,466,0
2336,15,470,0
2337,15,474,0
2338,15,478,0
2339,15,482,167
2340,15,486,0
2341,15,491,0
2342,15,495,0
2343,15,499,0
2344,15,503,0
2345,15,507,0
2346,15,511,0
2347,15,515,203
2348,15,519,0
2349,15,524,0
2350,15,528,0
2351,15,532,0
2352,15,536,287
2353,15,540,0
2354,15,544,175
2355,15,548,0
2356,15,552,0
2357,15,556,278
2358,15,561,245
2359,15,565,150
2360,15,569,254
2361,15,573,197
2362,15,577,319
2363,15,581,373
2364,15,585,294
2365,15,589,263
2366,15,594,377
2367,15,598,408
2368,15,602,320
2369,15,606,274
2370,15,610,271
2371,15,614,312
2372,15,618,385
2373,15,622,284
2374,15,627,309
2375,15,631,353
2376,15,635,306
2377,15,639,162
2378,15,643,252
2379,15,647,312
2380,15,651,222
2381,15,655,0
2382,15,660,220
2383,15,664,199
2384,15,668,169
2385,15,672,185
2386,15,676,174
2387,15,680,0
2388,15,684,0
2389,15,688,165
2390,15,693,0
2391,15,697,206
2392,15,701,0
2393,15,705,168
2394,15,709,0
2395,15,713,0
2396,15,717,150
2397,15,721,204
2398,15,725,156
2399,15,730,0
2400,15,734,0
2401,15,738,0
2402,15,742,0
2403,15,746,203
2404,15,750,164
2405,15,754,0
2406,15,758,182
2407,15,763,0
2408,15,767,0
2409,15,771,0
2410,15,775,0
2411,15,779,0
2412,15,783,0
2413,15,787,0
2414,15,791,0
2415,15,796,0
2416,15,800,0
2417,15,804,0
2418,15,808,0
2419,15,812,0
2420,15,816,0
2421,15,820,268
2422,15,824,0
2423,15,829,154
2424,15,833,0
2425,15,837,0
2426,15,841,0
2427,15,845,0
2428,15,849,0
2429,15,853,0
2430,15,857,0
2431,15,862,177
2432,15,866,173
2433,15,870,171
2434,15,874,0
2435,15,878,0
2436,15,882,0
2437,15,886,0
2438,15,890,208
2439,15,894,155
2440,15,899,0
2441,15,903,0
2442,15,907,0
2443,15,911,0
2444,15,915,0
2445,15,919,0
2446,15,923,0
2447,15,927,0
2448,15,932,0
2449,15,936,0
2450,15,940,0
2451,15,944,0
2452,15,948,0
2453,15,952,0
2454,15,956,0
2455,15,960,0
2456,15,965,0
2457,15,969,202
2458,15,973,183
2459,15,977,0
2460,15,981,0
2461,15,985,0
2462,15,989,0
2463,15,993,0
2464,15,998,0
2465,16,002,0
2466,16,006,225
2467,16,010,0
2468,16,014,0
2469,16,018,150
2470,16,022,0
2471,16,026,0
2472,16,031,0
2473,16,035,169
2474,16,039,0
2475,16,043,0
2476,16,047,0
2477,16,051,0
2478,16,055,0
2479,16,059,0
2480,16,063,0
2481,16,068,181
2482,16,072,0
2483,16,076,0
2484,16,080,0
2485,16,084,0
2486,16,088,232
2487,16,092,210
2488,16,096,164
2489,16,101,0
2490,16,105,0
2491,16,109,0
2492,16,113,0
2493,16,117,0
2494,16,121,0
2495,16,125,0
2496,16,129,0
2497,16,134,0
2498,16,138,0
2499,16,142,0
2500,16,146,0
2501,16,150,0
2502,16,154,0
2503,16,158,0
2504,16,162,0
2505,16,167,0
2506,16,171,0
2507,16,175,0
2508,16,179,0
2509,16,183,0
2510,16,187,0
2511,16,191,0
2512,16,195,0
2513,16,200,0
2514,16,204,152
2515,16,208,0
2516,16,212,150
2517,16,216,0
2518,16,220,0
2519,16,224,0
2520,16,228,0
2521,16,232,0
2522,16,237,0
2523,16,241,0
2524,16,245,0
2525,16,249,0
2526,16,253,0
2527,16,257,0
2528,16,261,158
2529,16,265,0
2530,16,270,189
2531,16,274,0
2532,16,278,0
2533,16,282,0
2534,16,286,0
2535,16,290,0
2536,16,294,0
2537,16,298,0
2538,16,303,0
2539,16,307,153
2540,16,311,0
2541,16,315,0
2542,16,319,0
2543,16,323,0
2544,16,327,0
2545,16,331,0
2546,16,336,0
2547,16,340,0
2548,16,344,0
2549,16,348,0
2550,16,352,0
2551,16,356,0
2552,16,360,0
2553,16,364,0
2554,16,369,0
2555,16,373,0
2556,16,377,0
2557,16,381,0
2558,16,385,0
2559,16,389,0
2560,16,393,0
2561,16,397,0
2562,16,401,0
2563,16,406,0
2564,16,410,0
2565,16,414,0
2566,16,418,156
2567,16,422,0
2568,16,426,0
2569,16,430,0
2570,16,434,0
2571,16,439,0
2572,16,443,0
2573,16,447,0
2574,16,451,0
2575,16,455,0
2576,16,459,199
2577,16,463,0
2578,16,467,0
2579,16,472,0
2580,16,476,0
2581,16,480,0
2582,16,484,0
2583,16,488,0
2584,16,492,0
2585,16,496,164
2586,16,500,0
2587,16,505,0
2588,16,509,0
2589,16,513,0
2590,16,517,247
2591,16,521,0
2592,16,525,0
2593,16,529,0
2594,16,533,0
2595,16,538,0
2596,16,542,0
2597,16,546,0
2598,16,550,0
2599,16,554,178
2600,16,558,0
2601,16,562,0
2602,16,566,0
2603,16,570,161
2604,16,575,157
2605,16,579,0
2606,16,583,0
2607,16,587,0
2608,16,591,0
2609,16,595,154
2610,16,599,0
2611,16,603,0
2612,16,608,152
2613,16,612,0
2614,16,616,0
2615,16,620,0
2616,16,624,0
2617,16,628,0
2618,16,632,0
2619,16,636,0
2620,16,641,0
2621,16,645,0
2622,16,649,0
2623,16,653,0
2624,16,657,169
2625,16,661,151
2626,16,665,0
2627,16,669,0
2628,16,674,169
2629,16,678,0
2630,16,682,0
2631,16,686,0
2632,16,690,0
2633,16,694,0
2634,16,698,0
2635,16,702,0
2636,16,707,0
2637,16,711,0
2638,16,715,0
2639,16,719,0
2640,16,723,0
2641,16,727,0
2642,16,731,0
2643,16,735,163
2644,16,739,155
2645,16,744,0
2646,16,748,0
2647,16,752,0
2648,16,756,0
2649,16,760,208
2650,16,764,0
2651,16,768,0
2652,16,772,0
2653,16,777,0
2654,16,781,0
2655,16,785,0
2656,16,789,0
2657,16,793,0
2658,16,797,174
2659,16,801,0
2660,16,805,0
2661,16,810,0
2662,16,814,0
2663,16,818,0
2664,16,822,0
2665,16,826,0
2666,16,830,0
2667,16,834,0
2668,16,838,0
2669,16,843,0
2670,16,847,0
2671,16,851,0
2672,16,855,0
2673,16,859,0
2674,16,863,0
2675,16,867,0
2676,16,871,153
2677,16,876,0
2678,16,880,0
2679,16,884,0
2680,16,888,0
2681,16,892,0
2682,16,896,0
2683,16,900,230
2684,16,904,0
2685,16,908,0
2686,16,913,0
2687,16,917,0
2688,16,921,0
2689,16,925,0
2690,16,929,0
2691,16,933,0
2692,16,937,158
2693,16,941,0
2694,16,946,0
2695,16,950,0
2696,16,954,0
2697,16,958,220
2698,16,962,227
2699,16,966,0
2700,16,970,0
2701,16,974,0
2702,16,979,0
2703,16,983,0
2704,16,987,0
2705,16,991,0
2706,16,995,0
2707,16,999,0
2708,17,003,0
2709,17,007,0
2710,17,012,0
2711,17,016,0
2712,17,020,0
2713,17,024,0
2714,17,028,0
2715,17,032,0
2716,17,036,169
2717,17,040,0
2718,17,045,0
2719,17,049,0
2720,17,053,186
2721,17,057,152
2722,17,061,0
2723,17,065,0
2724,17,069,0
2725,17,073,0
2726,17,077,0
2727,17,082,0
2728,17,086,0
2729,17,090,0
2730,17,094,169
2731,17,098,0
2732,17,102,162
2733,17,106,170
2734,17,110,0
2735,17,115,0
2736,17,119,167
2737,17,123,0
2738,17,127,0
2739,17,131,0
2740,17,135,0
2741,17,139,180
2742,17,143,0
2743,17,148,0
2744,17,152,151
2745,17,156,0
2746,17,160,0
2747,17,164,0
2748,17,168,0
2749,17,172,0
2750,17,176,0
2751,17,181,0
2752,17,185,184
2753,17,189,172
2754,17,193,0
2755,17,197,0
2756,17,201,0
2757,17,205,0
2758,17,209,178
2759,17,214,0
2760,17,218,0
2761,17,222,0
2762,17,226,0
2763,17,230,0
2764,17,234,0
2765,17,238,220
2766,17,242,150
2767,17,246,204
2768,17,251,168
2769,17,255,0
2770,17,259,0
2771,17,263,151
2772,17,267,0
2773,17,271,0
2774,17,275,158
2775,17,279,0
2776,17,284,0
2777,17,288,0
2778,17,292,0
2779,17,296,0
2780,17,300,0
2781,17,304,0
2782,17,308,0
2783,17,312,0
2784,17,317,0
2785,17,321,0
2786,17,325,0
2787,17,329,0
2788,17,333,0
2789,17,337,0
2790,17,341,0
2791,17,345,0
2792,17,350,0
2793,17,354,0
2794,17,358,0
2795,17,362,0
2796,17,366,0
2797,17,370,0
2798,17,374,158
2799,17,378,0
2800,17,383,0
2801,17,387,0
2802,17,391,0
2803,17,395,0
2804,17,399,0
2805,17,403,0
2806,17,407,0
2807,17,411,0
2808,17,415,0
2809,17,420,0
2810,17,424,0
2811,17,428,198
2812,17,432,243
2813,17,436,0
2814,17,440,0
2815,17,444,167
2816,17,448,0
2817,17,453,155
2818,17,457,170
2819,17,461,0
2820,17,465,0
2821,17,469,0
2822,17,473,0
2823,17,477,0
2824,17,481,0
2825,17,486,158
2826,17,490,0
2827,17,494,0
2828,17,498,0
2829,17,502,0
2830,17,506,0
2831,17,510,226
2832,17,514,0
2833,17,519,204
2834,17,523,0
2835,17,527,0
2836,17,531,0
2837,17,535,0
2838,17,539,196
2839,17,543,0
2840,17,547,203
2841,17,552,235
2842,17,556,0
2843,17,560,0
2844,17,564,0
2845,17,568,0
2846,17,572,0
2847,17,576,0
2848,17,580,0
2849,17,584,156
2850,17,589,164
2851,17,593,0
2852,17,597,183
2853,17,601,166
2854,17,605,0
2855,17,609,170
2856,17,613,272
2857,17,617,228
2858,17,622,287
2859,17,626,381
2860,17,630,469
2861,17,634,333
2862,17,638,358
2863,17,642,563
2864,17,646,574
2865,17,650,499
2866,17,655,513
2867,17,659,604
2868,17,663,718
2869,17,667,706
2870,17,671,470
2871,17,675,447
2872,17,679,724
2873,17,683,615
2874,17,688,487
2875,17,692,428
2876,17,696,428
2877,17,700,332
2878,17,704,371
2879,17,708,494
2880,17,712,339
2881,17,716,257
2882,17,721,357
2883,17,725,182
2884,17,729,347
2885,17,733,221
2886,17,737,215
2887,17,741,168
2888,17,745,276
2889,17,749,0
2890,17,753,229
2891,17,758,237
2892,17,762,190
2893,17,766,158
2894,17,770,154
2895,17,774,0
2896,17,778,0
2897,17,782,0
2898,17,786,215
2899,17,791,195
2900,17,795,159
2901,17,799,194
2902,17,803,0
2903,17,807,176
2904,17,811,0
2905,17,815,0
2906,17,819,0
2907,17,824,0
2908,17,828,211
2909,17,832,0
2910,17,836,0
2911,17,840,0
2912,17,844,0
2913,17,848,177
2914,17,852,0
2915,17,857,0
2916,17,861,0
2917,17,865,0
2918,17,869,171
2919,17,873,0
2920,17,877,0
2921,17,881,0
2922,17,885,166
2923,17,890,155
2924,17,894,0
2925,17,898,182
2926,17,902,0
2927,17,906,0
2928,17,910,0
2929,17,914,0
2930,17,918,190
2931,17,922,164
2932,17,927,0
2933,17,931,0
2934,17,935,193
2935,17,939,0
2936,17,943,0
2937,17,947,170
2938,17,951,0
2939,17,955,164
2940,17,960,0
2941,17,964,0
2942,17,968,174
2943,17,972,0
2944,17,976,0
2945,17,980,0
2946,17,984,176
2947,17,988,0
2948,17,993,0
2949,17,997,0
2950,18,001,0
2951,18,005,0
2952,18,009,0
2953,18,013,0
2954,18,017,0
2955,18,021,0
2956,18,026,0
2957,18,030,0
2958,18,034,0
2959,18,038,0
2960,18,042,0
2961,18,046,0
2962,18,050,0
2963,18,054,0
2964,18,059,0
2965,18,063,0
2966,18,067,0
2967,18,071,0
2968,18,075,0
2969,18,079,166
2970,18,083,155
2971,18,087,0
2972,18,091,0
2973,18,096,0
2974,18,100,173
2975,18,104,0
2976,18,108,180
2977,18,112,154
2978,18,116,0
2979,18,120,214
2980,18,124,0
2981,18,129,0
2982,18,133,182
2983,18,137,0
2984,18,141,216
2985,18,145,152
2986,18,149,152
2987,18,153,0
2988,18,157,221
2989,18,162,0
2990,18,166,172
2991,18,170,0
2992,18,174,0
2993,18,178,0
2994,18,182,0
2995,18,186,0
2996,18,190,188
2997,18,195,170
2998,18,199,0
2999,18,203,0
3000,18,207,0
3001,18,211,220
3002,18,215,0
3003,18,219,162
3004,18,223,192
3005,18,228,0
3006,18,232,164
3007,18,236,0
3008,18,240,0
3009,18,244,0
3010,18,248,0
3011,18,252,169
3012,18,256,0
3013,18,260,186
3014,18,265,0
3015,18,269,0
3016,18,273,0
3017,18,277,227
3018,18,281,0
3019,18,285,0
3020,18,289,0
3021,18,293,0
3022,18,298,0
3023,18,302,0
3024,18,306,0
3025,18,310,0
3026,18,314,0
3027,18,318,0
3028,18,322,0
3029,18,326,0
3030,18,331,0
3031,18,335,0
3032,18,339,156
3033,18,343,0
3034,18,347,0
3035,18,351,0
3036,18,355,0
3037,18,359,0
3038,18,364,0
3039,18,368,0
3040,18,372,0
3041,18,376,0
3042,18,380,0
3043,18,384,0
3044,18,388,0
3045,18,392,0
3046,18,397,0
3047,18,401,0
3048,18,405,0
3049,18,409,0
3050,18,413,0
3051,18,417,0
3052,18,421,0
3053,18,425,0
3054,18,429,0
3055,18,434,0
3056,18,438,163
3057,18,442,158
3058,18,446,169
3059,18,450,0
3060,18,454,0
3061,18,458,152
3062,18,462,0
3063,18,467,0
3064,18,471,0
3065,18,475,156
3066,18,479,0
3067,18,483,161
3068,18,487,0
3069,18,491,0
3070,18,495,0
3071,18,500,0
3072,18,504,202
3073,18,508,0
3074,18,512,159
3075,18,516,0
3076,18,520,0
3077,18,524,0
3078,18,528,0
3079,18,533,0
3080,18,537,168
3081,18,541,171
3082,18,545,0
3083,18,549,0
3084,18,553,0
3085,18,557,0
3086,18,561,0
3087,18,566,0
3088,18,570,166
3089,18,574,0
3090,18,578,0
3091,18,582,0
3092,18,586,169
3093,18,590,188
3094,18,594,0
3095,18,598,241
3096,18,603,165
3097,18,607,0
3098,18,611,0
3099,18,615,173
3100,18,619,177
3101,18,623,0
3102,18,627,0
3103,18,631,152
3104,18,636,0
3105,18,640,164
3106,18,644,0
3107,18,648,0
3108,18,652,0
3109,18,656,0
3110,18,660,0
3111,18,664,0
3112,18,669,0
3113,18,673,0
3114,18,677,0
3115,18,681,0
3116,18,685,0
3117,18,689,0
3118,18,693,0
3119,18,697,185
3120,18,702,0
3121,18,706,0
3122,18,710,184
3123,18,714,0
3124,18,718,175
3125,18,722,264
3126,18,726,150
3127,18,730,0
3128,18,735,0
3129,18,739,0
3130,18,743,0
3131,18,747,0
3132,18,751,0
3133,18,755,0
3134,18,759,0
3135,18,763,0
3136,18,767,156
3137,18,772,0
3138,18,776,0
3139,18,780,196
3140,18,784,172
3141,18,788,0
3142,18,792,250
3143,18,796,0
3144,18,800,0
3145,18,805,175
3146,18,809,0
3147,18,813,217
3148,18,817,0
3149,18,821,0
3150,18,825,0
3151,18,829,0
3152,18,833,0
3153,18,838,0
3154,18,842,0
3155,18,846,0
3156,18,850,0
3157,18,854,195
3158,18,858,335
3159,18,862,198
3160,18,866,0
3161,18,871,0
3162,18,875,0
3163,18,879,0
3164,18,883,0
3165,18,887,0
3166,18,891,0
3167,18,895,0
3168,18,899,151
3169,18,904,0
3170,18,908,0
3171,18,912,0
3172,18,916,0
3173,18,920,0
3174,18,924,0
3175,18,928,0
3176,18,932,0
3177,18,936,0
3178,18,941,0
3179,18,945,0
3180,18,949,0
3181,18,953,0
3182,18,957,0
3183,18,961,153
3184,18,965,0
3185,18,969,0
3186,18,974,277
3187,18,978,192
3188,18,982,0
3189,18,986,0
3190,18,990,163
3191,18,994,0
3192,18,998,185
3193,19,002,224
3194,19,007,180
3195,19,011,153
3196,19,015,0
3197,19,019,202
3198,19,023,0
3199,19,027,0
3200,19,031,0
3201,19,035,166
3202,19,040,0
3203,19,044,0
3204,19,048,0
3205,19,052,163
3206,19,056,0
3207,19,060,178
3208,19,064,0
3209,19,068,153
3210,19,073,0
3211,19,077,0
3212,19,081,0
3213,19,085,0
3214,19,089,0
3215,19,093,0
3216,19,097,0
3217,19,101,0
3218,19,105,0
3219,19,110,175
3220,19,114,0
3221,19,118,0
3222,19,122,0
3223,19,126,0
3224,19,130,192
3225,19,134,0
3226,19,138,206
3227,19,143,0
3228,19,147,0
3229,19,151,0
3230,19,155,0
3231,19,159,0
3232,19,163,0
3233,19,167,173
3234,19,171,0
3235,19,176,0
3236,19,180,0
3237,19,184,0
3238,19,188,0
3239,19,192,0
3240,19,196,0
3241,19,200,0
3242,19,204,192
3243,19,209,175
3244,19,213,253
3245,19,217,181
3246,19,221,0
3247,19,225,0
3248,19,229,0
3249,19,233,0
3250,19,237,0
3251,19,242,0
3252,19,246,0
3253,19,250,200
3254,19,254,0
3255,19,258,0
3256,19,262,0
3257,19,266,0
3258,19,270,0
3259,19,274,235
3260,19,279,0
3261,19,283,203
3262,19,287,159
3263,19,291,169
3264,19,295,0
3265,19,299,0
3266,19,303,0
3267,19,307,0
3268,19,312,0
3269,19,316,0
3270,19,320,0
3271,19,324,189
3272,19,328,0
3273,19,332,0
3274,19,336,0
3275,19,340,0
3276,19,345,0
3277,19,349,0
3278,19,353,0
3279,19,357,0
3280,19,361,177
3281,19,365,161
3282,19,369,161
3283,19,373,221
3284,19,378,153
3285,19,382,0
3286,19,386,0
3287,19,390,259
3288,19,394,0
3289,19,398,0
3290,19,402,0
3291,19,406,0
3292,19,411,0
3293,19,415,0
3294,19,419,259
3295,19,423,159
3296,19,427,0
3297,19,431,0
3298,19,435,156
3299,19,439,0
3300,19,443,0
3301,19,448,0
3302,19,452,0
3303,19,456,0
3304,19,460,204
3305,19,464,0
3306,19,468,154
3307,19,472,0
3308,19,476,0
3309,19,481,0
3310,19,485,193
3311,19,489,0
3312,19,493,0
3313,19,497,0
3314,19,501,0
3315,19,505,0
3316,19,509,0
3317,19,514,176
3318,19,518,159
3319,19,522,224
3320,19,526,0
3321,19,530,0
3322,19,534,0
3323,19,538,0
3324,19,542,198
3325,19,547,172
3326,19,551,0
3327,19,555,0
3328,19,559,0
3329,19,563,150
3330,19,567,0
3331,19,571,0
3332,19,575,0
3333,19,580,179
3334,19,584,253
3335,19,588,0
3336,19,592,0
3337,19,596,0
3338,19,600,0
3339,19,604,0
3340,19,608,0
3341,19,612,0
3342,19,617,0
3343,19,621,183
3344,19,625,0
3345,19,629,212
3346,19,633,0
3347,19,637,0
3348,19,641,252
3349,19,645,209
3350,19,650,233
3351,19,654,307
3352,19,658,582
3353,19,662,353
3354,19,666,316
3355,19,670,591
3356,19,674,345
3357,19,678,414
3358,19,683,315
3359,19,687,498
3360,19,691,387
3361,19,695,380
3362,19,699,302
3363,19,703,281
3364,19,707,385
3365,19,711,306
3366,19,716,265
3367,19,720,222
3368,19,724,0
3369,19,728,161
3370,19,732,233
3371,19,736,0
3372,19,740,214
3373,19,744,214
3374,19,749,252
3375,19,753,0
3376,19,757,174
3377,19,761,200
3378,19,765,273
3379,19,769,0
3380,19,773,201
3381,19,777,0
3382,19,782,156
3383,19,786,168
3384,19,790,0
3385,19,794,0
3386,19,798,0
3387,19,802,0
3388,19,806,213
3389,19,810,195
3390,19,814,0
3391,19,819,0
3392,19,823,164
3393,19,827,0
3394,19,831,0
3395,19,835,0
3396,19,839,196
3397,19,843,272
3398,19,847,244
3399,19,852,213
3400,19,856,0
3401,19,860,201
3402,19,864,226
3403,19,868,0
3404,19,872,0
3405,19,876,0
3406,19,880,0
3407,19,885,183
3408,19,889,0
3409,19,893,0
3410,19,897,0
3411,19,901,0
3412,19,905,0
3413,19,909,0
3414,19,913,226
3415,19,918,0
3416,19,922,0
3417,19,926,169
3418,19,930,0
3419,19,934,0
3420,19,938,0
3421,19,942,0
3422,19,946,0
3423,19,951,161
3424,19,955,150
3425,19,959,0
3426,19,963,0
3427,19,967,210
3428,19,971,0
3429,19,975,0
3430,19,979,0
3431,19,983,187
3432,19,988,188
3433,19,992,156
3434,19,996,0
3435,20,000,0
3436,20,004,0
3437,20,008,0
3438,20,012,0
3439,20,016,0
3440,20,021,165
3441,20,025,212
3442,20,029,0
3443,20,033,0
3444,20,037,0
3445,20,041,0
3446,20,045,0
3447,20,049,0
3448,20,054,0
3449,20,058,172
3450,20,062,0
3451,20,066,0
3452,20,070,0
3453,20,074,0
3454,20,078,0
3455,20,082,0
3456,20,087,216
3457,20,091,0
3458,20,095,0
3459,20,099,0
3460,20,103,177
3461,20,107,0
3462,20,111,0
3463,20,115,276
3464,20,120,0
3465,20,124,0
3466,20,128,169
3467,20,132,167
3468,20,136,0
3469,20,140,0
3470,20,144,0
3471,20,148,225
3472,20,152,188
3473,20,157,0
3474,20,161,159
3475,20,165,291
3476,20,169,0
3477,20,173,201
3478,20,177,0
3479,20,181,0
3480,20,185,166
3481,20,190,180
3482,20,194,0
3483,20,198,161
3484,20,202,0
3485,20,206,0
3486,20,210,206
3487,20,214,0
3488,20,218,0
3489,20,223,0
3490,20,227,0
3491,20,231,0
3492,20,235,168
3493,20,239,250
3494,20,243,0
3495,20,247,0
3496,20,251,0
3497,20,256,169
3498,20,260,0
3499,20,264,187
3500,20,268,0
3501,20,272,0
3502,20,276,0
3503,20,280,0
3504,20,284,207
3505,20,289,0
3506,20,293,0
3507,20,297,0
3508,20,301,0
3509,20,305,0
3510,20,309,156
3511,20,313,255
3512,20,317,0
3513,20,321,0
3514,20,326,0
3515,20,330,0
3516,20,334,196
3517,20,338,0
3518,20,342,0
3519,20,346,0
3520,20,350,0
3521,20,354,0
3522,20,359,0
3523,20,363,0
3524,20,367,0
3525,20,371,0
3526,20,375,156
3527,20,379,0
3528,20,383,165
3529,20,387,164
3530,20,392,277
3531,20,396,0
3532,20,400,163
3533,20,404,178
3534,20,408,0
3535,20,412,0
3536,20,416,0
3537,20,420,0
3538,20,425,199
3539,20,429,0
3540,20,433,200
3541,20,437,0
3542,20,441,0
3543,20,445,0
3544,20,449,0
3545,20,453,0
3546,20,458,0
3547,20,462,0
3548,20,466,0
3549,20,470,0
3550,20,474,0
3551,20,478,0
3552,20,482,0
3553,20,486,0
3554,20,490,0
3555,20,495,0
3556,20,499,0
3557,20,503,229
3558,20,507,0
3559,20,511,0
3560,20,515,0
3561,20,519,176
3562,20,523,0
3563,20,528,0
3564,20,532,0
3565,20,536,0
3566,20,540,0
3567,20,544,165
3568,20,548,0
3569,20,552,0
3570,20,556,0
3571,20,561,0
3572,20,565,169
3573,20,569,0
3574,20,573,0
3575,20,577,0
3576,20,581,0
3577,20,585,0
3578,20,589,0
3579,20,594,246
3580,20,598,186
3581,20,602,0
3582,20,606,199
3583,20,610,0
3584,20,614,0
3585,20,618,0
3586,20,622,0
3587,20,627,0
3588,20,631,0
3589,20,635,0
3590,20,639,204
3591,20,643,159
3592,20,647,172
3593,20,651,153
3594,20,655,0
3595,20,659,0
3596,20,664,177
3597,20,668,0
3598,20,672,0
3599,20,676,0
3600,20,680,0
3601,20,684,0
3602,20,688,0
3603,20,692,0
3604,20,697,161
3605,20,701,0
3606,20,705,0
3607,20,709,172
3608,20,713,0
3609,20,717,0
3610,20,721,178
3611,20,725,0
3612,20,730,0
3613,20,734,0
3614,20,738,0
3615,20,742,151
3616,20,746,0
3617,20,750,0
3618,20,754,173
3619,20,758,0
3620,20,763,0
3621,20,767,0
3622,20,771,0
3623,20,775,151
3624,20,779,168
3625,20,783,0
3626,20,787,0
3627,20,791,210
3628,20,796,0
3629,20,800,0
3630,20,804,0
3631,20,808,0
3632,20,812,0
3633,20,816,229
3634,20,820,0
3635,20,824,0
3636,20,828,180
3637,20,833,154
3638,20,837,184
3639,20,841,158
3640,20,845,0
3641,20,849,0
3642,20,853,0
3643,20,857,0
3644,20,861,182
3645,20,866,0
3646,20,870,0
3647,20,874,0
3648,20,878,0
3649,20,882,0
3650,20,886,0
3651,20,890,0
3652,20,894,0
3653,20,899,0
3654,20,903,0
3655,20,907,0
3656,20,911,0
3657,20,915,0
3658,20,919,0
3659,20,923,0
3660,20,927,240
3661,20,932,0
3662,20,936,0
3663,20,940,0
3664,20,944,0
3665,20,948,0
3666,20,952,0
3667,20,956,0
3668,20,960,0
3669,20,965,0
3670,20,969,0
3671,20,973,0
3672,20,977,0
3673,20,981,0
3674,20,985,0
3675,20,989,252
3676,20,993,0
3677,20,997,0
3678,21,002,0
3679,21,006,0
3680,21,010,212
3681,21,014,0
3682,21,018,0
3683,21,022,0
3684,21,026,0
3685,21,030,175
3686,21,035,160
3687,21,039,156
3688,21,043,200
3689,21,047,0
3690,21,051,262
3691,21,055,0
3692,21,059,0
3693,21,063,221
3694,21,068,183
3695,21,072,228
3696,21,076,0
3697,21,080,224
3698,21,084,215
3699,21,088,169
3700,21,092,151
3701,21,096,0
3702,21,101,0
3703,21,105,0
3704,21,109,213
3705,21,113,279
3706,21,117,328
3707,21,121,0
3708,21,125,248
3709,21,129,191
3710,21,134,0
3711,21,138,0
3712,21,142,0
3713,21,146,0
3714,21,150,0
3715,21,154,237
3716,21,158,224
3717,21,162,0
3718,21,166,0
3719,21,171,0
3720,21,175,190
3721,21,179,191
3722,21,183,0
3723,21,187,0
3724,21,191,0
3725,21,195,0
3726,21,199,173
3727,21,204,0
3728,21,208,167
3729,21,212,0
3730,21,216,164
3731,21,220,0
3732,21,224,0
3733,21,228,0
3734,21,232,0
3735,21,237,216
3736,21,241,0
3737,21,245,0
3738,21,249,187
3739,21,253,0
3740,21,257,197
3741,21,261,0
3742,21,265,179
3743,21,270,153
3744,21,274,0
3745,21,278,0
3746,21,282,0
3747,21,286,0
3748,21,290,0
3749,21,294,0
3750,21,298,0
3751,21,303,0
3752,21,307,0
3753,21,311,188
3754,21,315,169
3755,21,319,158
3756,21,323,0
3757,21,327,0
3758,21,331,0
3759,21,335,0
3760,21,340,0
3761,21,344,205
3762,21,348,0
3763,21,352,0
3764,21,356,0
3765,21,360,0
3766,21,364,0
3767,21,368,0
3768,21,373,0
3769,21,377,0
3770,21,381,0
3771,21,385,0
3772,21,389,0
3773,21,393,0
3774,21,397,0
3775,21,401,0
3776,21,406,0
3777,21,410,0
3778,21,414,0
3779,21,418,0
3780,21,422,0
3781,21,426,0
3782,21,430,182
3783,21,434,0
3784,21,439,0
3785,21,443,0
3786,21,447,0
3787,21,451,150
3788,21,455,0
3789,21,459,0
3790,21,463,170
3791,21,467,0
3792,21,472,0
3793,21,476,0
3794,21,480,0
3795,21,484,0
3796,21,488,160
3797,21,492,272
3798,21,496,0
3799,21,500,237
3800,21,504,160
3801,21,509,0
3802,21,513,0
3803,21,517,0
3804,21,521,164
3805,21,525,0
3806,21,529,0
3807,21,533,0
3808,21,537,0
3809,21,542,0
3810,21,546,0
3811,21,550,0
3812,21,554,0
3813,21,558,0
3814,21,562,0
3815,21,566,0
3816,21,570,0
3817,21,575,0
3818,21,579,0
3819,21,583,0
3820,21,587,186
3821,21,591,357
3822,21,595,201
3823,21,599,419
3824,21,603,294
3825,21,608,386
3826,21,612,466
3827,21,616,383
3828,21,620,1095
3829,21,624,763
3830,21,628,627
3831,21,632,661
3832,21,636,900
3833,21,641,648
3834,21,645,895
3835,21,649,1102
3836,21,653,807
3837,21,657,563
3838,21,661,534
3839,21,665,640
3840,21,669,327
3841,21,673,423
3842,21,678,531
3843,21,682,513
3844,21,686,347
3845,21,690,280
3846,21,694,401
3847,21,698,353
3848,21,702,200
3849,21,706,294
3850,21,711,223
3851,21,715,170
3852,21,719,292
3853,21,723,0
3854,21,727,175
3855,21,731,249
3856,21,735,261
3857,21,739,247
3858,21,744,150
3859,21,748,0
3860,21,752,154
3861,21,756,218
3862,21,760,191
3863,21,764,194
3864,21,768,179
3865,21,772,0
3866,21,777,314
3867,21,781,214
3868,21,785,0
3869,21,789,205
3870,21,793,164
3871,21,797,248
3872,21,801,238
3873,21,805,0
3874,21,810,236
3875,21,814,196
3876,21,818,206
3877,21,822,0
3878,21,826,192
3879,21,830,0
3880,21,834,269
3881,21,838,157
3882,21,842,321
3883,21,847,0
3884,21,851,231
3885,21,855,0
3886,21,859,0
3887,21,863,0
3888,21,867,0
3889,21,871,0
3890,21,875,192
3891,21,880,0
3892,21,884,190
3893,21,888,0
3894,21,892,0
3895,21,896,0
3896,21,900,194
3897,21,904,0
3898,21,908,0
3899,21,913,0
3900,21,917,0
3901,21,921,237
3902,21,925,0
3903,21,929,153
3904,21,933,0
3905,21,937,0
3906,21,941,0
3907,21,946,0
3908,21,950,0
3909,21,954,0
3910,21,958,159
3911,21,962,159
3912,21,966,0
3913,21,970,187
3914,21,974,0
3915,21,979,0
3916,21,983,0
3917,21,987,224
3918,21,991,0
3919,21,995,216
3920,21,999,184
3921,22,003,211
3922,22,007,0
3923,22,011,169
3924,22,016,177
3925,22,020,0
3926,22,024,0
3927,22,028,0
3928,22,032,0
3929,22,036,153
3930,22,040,0
3931,22,044,164
3932,22,049,0
3933,22,053,188
3934,22,057,151
3935,22,061,157
3936,22,065,185
3937,22,069,197
3938,22,073,0
3939,22,077,261
3940,22,082,0
3941,22,086,166
3942,22,090,207
3943,22,094,0
3944,22,098,0
3945,22,102,0
3946,22,106,169
3947,22,110,159
3948,22,115,0
3949,22,119,0
3950,22,123,265
3951,22,127,0
3952,22,131,0
3953,22,135,0
3954,22,139,0
3955,22,143,0
3956,22,148,0
3957,22,152,152
3958,22,156,0
3959,22,160,0
3960,22,164,0
3961,22,168,150
3962,22,172,0
3963,22,176,0
3964,22,180,0
3965,22,185,0
3966,22,189,211
3967,22,193,174
3968,22,197,0
3969,22,201,0
3970,22,205,0
3971,22,209,162
3972,22,213,0
3973,22,218,0
3974,22,222,0
3975,22,226,0
3976,22,230,0
3977,22,234,0
3978,22,238,0
3979,22,242,0
3980,22,246,198
3981,22,251,307
3982,22,255,0
3983,22,259,0
3984,22,263,0
3985,22,267,180
3986,22,271,0
3987,22,275,0
3988,22,279,0
3989,22,284,0
3990,22,288,0
3991,22,292,0
3992,22,296,0
3993,22,300,0
3994,22,304,0
3995,22,308,0
3996,22,312,0
3997,22,317,0
3998,22,321,0
3999,22,325,0
4000,22,329,0
4001,22,333,177
4002,22,337,0
4003,22,341,315
4004,22,345,0
4005,22,349,0
4006,22,354,0
4007,22,358,0
4008,22,362,0
4009,22,366,0
4010,22,370,246
4011,22,374,182
4012,22,378,0
4013,22,382,0
4014,22,387,168
4015,22,391,151
4016,22,395,0
4017,22,399,151
4018,22,403,0
4019,22,407,151
4020,22,411,0
4021,22,415,0
4022,22,420,0
4023,22,424,0
4024,22,428,0
4025,22,432,0
4026,22,436,0
4027,22,440,0
4028,22,444,0
4029,22,448,184
4030,22,453,0
4031,22,457,0
4032,22,461,0
4033,22,465,0
4034,22,469,170
4035,22,473,0
4036,22,477,266
4037,22,481,0
4038,22,486,0
4039,22,490,0
4040,22,494,0
4041,22,498,0
4042,22,502,0
4043,22,506,220
4044,22,510,0
4045,22,514,0
4046,22,518,0
4047,22,523,249
4048,22,527,0
4049,22,531,250
4050,22,535,0
4051,22,539,0
4052,22,543,0
4053,22,547,224
4054,22,551,266
4055,22,556,221
4056,22,560,191
4057,22,564,199
4058,22,568,0
4059,22,572,182
4060,22,576,165
4061,22,580,0
4062,22,584,235
4063,22,589,0
4064,22,593,220
4065,22,597,164
4066,22,601,199
4067,22,605,226
4068,22,609,219
4069,22,613,288
4070,22,617,184
4071,22,622,195
4072,22,626,0
4073,22,630,0
4074,22,634,0
4075,22,638,0
4076,22,642,0
4077,22,646,0
4078,22,650,151
4079,22,655,157
4080,22,659,0
4081,22,663,178
4082,22,667,0
4083,22,671,0
4084,22,675,171
4085,22,679,0
4086,22,683,0
4087,22,687,0
4088,22,692,0
4089,22,696,177
4090,22,700,167
4091,22,704,154
4092,22,708,235
4093,22,712,0
4094,22,716,0
4095,22,720,0
4096,22,725,0
4097,22,729,0
4098,22,733,0
4099,22,737,0
4100,22,741,188
4101,22,745,0
4102,22,749,0
4103,22,753,171
4104,22,758,0
4105,22,762,155
4106,22,766,0
4107,22,770,0
4108,22,774,0
4109,22,778,0
4110,22,782,0
4111,22,786,230
4112,22,791,215
4113,22,795,0
4114,22,799,0
4115,22,803,0
4116,22,807,0
4117,22,811,200
4118,22,815,180
4119,22,819,166
4120,22,824,156
4121,22,828,163
4122,22,832,196
4123,22,836,0
4124,22,840,330
4125,22,844,176
4126,22,848,366
4127,22,852,342
4128,22,856,530
4129,22,861,838
4130,22,865,1047
4131,22,869,1021
4132,22,873,1396
4133,22,877,1847
4134,22,881,2084
4135,22,885,2269
4136,22,889,2490
4137,22,894,2379
4138,22,898,2730
4139,22,902,2237
4140,22,906,2565
4141,22,910,2445
4142,22,914,1992
4143,22,918,2020
4144,22,922,1477
4145,22,927,1803
4146,22,931,1709
4147,22,935,1405
4148,22,939,1523
4149,22,943,1236
4150,22,947,1211
4151,22,951,819
4152,22,955,968
4153,22,960,650
4154,22,964,681
4155,22,968,630
4156,22,972,728
4157,22,976,493
4158,22,980,699
4159,22,984,453
4160,22,988,398
4161,22,993,398
4162,22,997,427
4163,23,001,464
4164,23,005,264
4165,23,009,272
4166,23,013,302
4167,23,017,367
4168,23,021,282
4169,23,025,386
4170,23,030,188
4171,23,034,197
4172,23,038,288
4173,23,042,282
4174,23,046,201
4175,23,050,208
4176,23,054,290
4177,23,058,304
4178,23,063,0
4179,23,067,0
4180,23,071,304
4181,23,075,192
4182,23,079,228
4183,23,083,0
4184,23,087,265
4185,23,091,207
4186,23,096,222
4187,23,100,259
4188,23,104,170
4189,23,108,198
4190,23,112,166
4191,23,116,0
4192,23,120,229
4193,23,124,269
4194,23,129,211
4195,23,133,197
4196,23,137,214
4197,23,141,0
4198,23,145,152
4199,23,149,248
4200,23,153,198
4201,23,157,200
4202,23,162,296
4203,23,166,0
4204,23,170,200
4205,23,174,220
4206,23,178,0
4207,23,182,151
4208,23,186,0
4209,23,190,192
4210,23,194,151
4211,23,199,170
4212,23,203,159
4213,23,207,0
4214,23,211,0
4215,23,215,0
4216,23,219,229
4217,23,223,0
4218,23,227,0
4219,23,232,0
4220,23,236,191
4221,23,240,168
4222,23,244,154
4223,23,248,0
4224,23,252,217
4225,23,256,0
4226,23,260,0
4227,23,265,156
4228,23,269,177
4229,23,273,153
4230,23,277,156
4231,23,281,0
4232,23,285,0
4233,23,289,235
4234,23,293,156
4235,23,298,0
4236,23,302,0
4237,23,306,240
4238,23,310,186
4239,23,314,0
4240,23,318,161
4241,23,322,158
4242,23,326,163
4243,23,331,0
4244,23,335,0
4245,23,339,197
4246,23,343,0
4247,23,347,157
4248,23,351,0
4249,23,355,0
4250,23,359,0
4251,23,363,277
4252,23,368,0
4253,23,372,0
4254,23,376,0
4255,23,380,0
4256,23,384,0
4257,23,388,0
4258,23,392,162
4259,23,396,169
4260,23,401,181
4261,23,405,0
4262,23,409,0
4263,23,413,0
4264,23,417,0
4265,23,421,0
4266,23,425,171
4267,23,429,246
4268,23,434,151
4269,23,438,0
4270,23,442,0
4271,23,446,0
4272,23,450,0
4273,23,454,0
4274,23,458,187
4275,23,462,0
4276,23,467,200
4277,23,471,190
4278,23,475,238
4279,23,479,158
4280,23,483,210
4281,23,487,327
4282,23,491,234
4283,23,495,332
4284,23,500,458
4285,23,504,432
4286,23,508,491
4287,23,512,478
4288,23,516,410
4289,23,520,518
4290,23,524,451
4291,23,528,408
4292,23,532,344
4293,23,537,538
4294,23,541,404
4295,23,545,386
4296,23,549,527
4297,23,553,478
4298,23,557,344
4299,23,561,237
4300,23,565,203
4301,23,570,227
4302,23,574,196
4303,23,578,321
4304,23,582,392
4305,23,586,155
4306,23,590,288
4307,23,594,262
4308,23,598,198
4309,23,603,229
4310,23,607,168
4311,23,611,232
4312,23,615,171
4313,23,619,253
4314,23,623,240
4315,23,627,259
4316,23,631,0
4317,23,636,162
4318,23,640,155
4319,23,644,0
4320,23,648,194
4321,23,652,207
4322,23,656,0
4323,23,660,0
4324,23,664,0
4325,23,669,155
4326,23,673,0
4327,23,677,214
4328,23,681,0
4329,23,685,169
4330,23,689,174
4331,23,693,0
4332,23,697,0
4333,23,701,0
4334,23,706,0
4335,23,710,0
4336,23,714,183
4337,23,718,166
4338,23,722,170
4339,23,726,0
4340,23,730,0
4341,23,734,186
4342,23,739,0
4343,23,743,0
4344,23,747,176
4345,23,751,0
4346,23,755,208
4347,23,759,0
4348,23,763,197
4349,23,767,249
4350,23,772,0
4351,23,776,0
4352,23,780,0
4353,23,784,168
4354,23,788,0
4355,23,792,0
4356,23,796,178
4357,23,800,0
4358,23,805,0
4359,23,809,0
4360,23,813,0
4361,23,817,241
4362,23,821,241
4363,23,825,219
4364,23,829,0
4365,23,833,168
4366,23,838,0
4367,23,842,0
4368,23,846,0
4369,23,850,0
4370,23,854,0
4371,23,858,0
4372,23,862,230
4373,23,866,0
4374,23,870,0
4375,23,875,197
4376,23,879,178
4377,23,883,240
4378,23,887,213
4379,23,891,0
4380,23,895,0
4381,23,899,216
4382,23,903,0
4383,23,908,0
4384,23,912,0
4385,23,916,0
4386,23,920,159
4387,23,924,183
4388,23,928,0
4389,23,932,214
4390,23,936,0
4391,23,941,215
4392,23,945,0
4393,23,949,0
4394,23,953,150
4395,23,957,157
4396,23,961,0
4397,23,965,0
4398,23,969,419
4399,23,974,0
4400,23,978,0
4401,23,982,0
4402,23,986,198
4403,23,990,222
4404,23,994,267
4405,23,998,0
4406,24,002,211
4407,24,007,166
4408,24,011,0
4409,24,015,0
4410,24,019,333
4411,24,023,0
4412,24,027,179
4413,24,031,152
4414,24,035,0
4415,24,039,0
4416,24,044,0
4417,24,048,204
4418,24,052,196
4419,24,056,163
4420,24,060,203
4421,24,064,0
4422,24,068,0
4423,24,072,0
4424,24,077,172
4425,24,081,161
4426,24,085,0
4427,24,089,0
4428,24,093,0
4429,24,097,153
4430,24,101,0
4431,24,105,0
4432,24,110,0
4433,24,114,166
4434,24,118,0
4435,24,122,192
4436,24,126,0
4437,24,130,0
4438,24,134,0
4439,24,138,0
4440,24,143,0
4441,24,147,0
4442,24,151,0
4443,24,155,0
4444,24,159,0
4445,24,163,0
4446,24,167,193
4447,24,171,191
4448,24,176,0
4449,24,180,170
4450,24,184,0
4451,24,188,158
4452,24,192,0
4453,24,196,0
4454,24,200,0
4455,24,204,0
4456,24,208,0
4457,24,213,207
4458,24,217,168
4459,24,221,163
4460,24,225,0
4461,24,229,156
4462,24,233,0
4463,24,237,171
4464,24,241,0
4465,24,246,0
4466,24,250,0
4467,24,254,232
4468,24,258,0
4469,24,262,0
4470,24,266,0
4471,24,270,157
4472,24,274,0
4473,24,279,0
4474,24,283,0
4475,24,287,0
4476,24,291,0
4477,24,295,0
4478,24,299,0
4479,24,303,231
4480,24,307,0
4481,24,312,244
4482,24,316,0
4483,24,320,157
4484,24,324,0
4485,24,328,0
4486,24,332,179
4487,24,336,179
4488,24,340,154
4489,24,345,0
4490,24,349,0
4491,24,353,176
4492,24,357,0
4493,24,361,180
4494,24,365,0
4495,24,369,0
4496,24,373,0
4497,24,377,260
4498,24,382,0
4499,24,386,206
4500,24,390,186
4501,24,394,218
4502,24,398,0
4503,24,402,0
4504,24,406,0
4505,24,410,0
4506,24,415,0
4507,24,419,0
4508,24,423,0
4509,24,427,151
4510,24,431,0
4511,24,435,0
4512,24,439,0
4513,24,443,175
4514,24,448,0
4515,24,452,0
4516,24,456,0
4517,24,460,0
4518,24,464,0
4519,24,468,0
4520,24,472,0
4521,24,476,0
4522,24,481,180
4523,24,485,0
4524,24,489,245
4525,24,493,0
4526,24,497,0
4527,24,501,0
4528,24,505,0
4529,24,509,0
4530,24,514,0
4531,24,518,0
4532,24,522,0
4533,24,526,0
4534,24,530,0
4535,24,534,0
4536,24,538,0
4537,24,542,0
4538,24,546,0
4539,24,551,0
4540,24,555,0
4541,24,559,182
4542,24,563,193
4543,24,567,0
4544,24,571,0
4545,24,575,169
4546,24,579,0
4547,24,584,0
4548,24,588,0
4549,24,592,0
4550,24,596,0
4551,24,600,0
4552,24,604,0
4553,24,608,0
4554,24,612,0
4555,24,617,166
4556,24,621,0
4557,24,625,163
4558,24,629,0
4559,24,633,0
4560,24,637,203
4561,24,641,0
4562,24,645,0
4563,24,650,230
4564,24,654,0
4565,24,658,168
4566,24,662,0
4567,24,666,196
4568,24,670,0
4569,24,674,158
4570,24,678,0
4571,24,683,0
4572,24,687,186
4573,24,691,0
4574,24,695,252
4575,24,699,390
4576,24,703,378
4577,24,707,456
4578,24,711,755
4579,24,716,853
4580,24,720,941
4581,24,724,1263
4582,24,728,1280
4583,24,732,1754
4584,24,736,1789
4585,24,740,2242
4586,24,744,2250
4587,24,748,2003
4588,24,753,2595
4589,24,757,2434
4590,24,761,2602
4591,24,765,1699
4592,24,769,2366
4593,24,773,2022
4594,24,777,1705
4595,24,781,1474
4596,24,786,1641
4597,24,790,1402
4598,24,794,1082
4599,24,798,1110
4600,24,802,898
4601,24,806,885
4602,24,810,842
4603,24,814,714
4604,24,819,444
4605,24,823,524
4606,24,827,786
4607,24,831,714
4608,24,835,513
4609,24,839,383
4610,24,843,579
4611,24,847,517
4612,24,852,359
4613,24,856,322
4614,24,860,334
4615,24,864,316
4616,24,868,361
4617,24,872,268
4618,24,876,275
4619,24,880,253
4620,24,885,280
4621,24,889,184
4622,24,893,288
4623,24,897,163
4624,24,901,261
4625,24,905,204
4626,24,909,233
4627,24,913,206
4628,24,917,0
4629,24,922,247
4630,24,926,333
4631,24,930,223
4632,24,934,297
4633,24,938,260
4634,24,942,0
4635,24,946,289
4636,24,950,161
4637,24,955,230
4638,24,959,0
4639,24,963,186
4640,24,967,184
4641,24,971,178
4642,24,975,212
4643,24,979,191
4644,24,983,154
4645,24,988,206
4646,24,992,150
4647,24,996,236
4648,25,000,188
4649,25,004,0
4650,25,008,0
4651,25,012,0
4652,25,016,0
4653,25,021,0
4654,25,025,166
4655,25,029,0
4656,25,033,0
4657,25,037,0
4658,25,041,187
4659,25,045,257
4660,25,049,248
4661,25,054,0
4662,25,058,0
4663,25,062,303
4664,25,066,0
4665,25,070,0
4666,25,074,0
4667,25,078,0
4668,25,082,0
4669,25,086,0
4670,25,091,0
4671,25,095,0
4672,25,099,230
4673,25,103,0
4674,25,107,0
4675,25,111,0
4676,25,115,0
4677,25,119,0
4678,25,124,0
4679,25,128,0
4680,25,132,0
4681,25,136,0
4682,25,140,0
4683,25,144,0
4684,25,148,177
4685,25,152,241
4686,25,157,194
4687,25,161,162
4688,25,165,0
4689,25,169,187
4690,25,173,0
4691,25,177,0
4692,25,181,0
4693,25,185,290
4694,25,190,200
4695,25,194,0
4696,25,198,156
4697,25,202,166
4698,25,206,0
4699,25,210,183
4700,25,214,150
4701,25,218,179
4702,25,223,165
4703,25,227,0
4704,25,231,200
4705,25,235,0
4706,25,239,0
4707,25,243,0
4708,25,247,210
4709,25,251,0
4710,25,255,231
4711,25,260,196
4712,25,264,253
4713,25,268,263
4714,25,272,191
4715,25,276,309
4716,25,280,389
4717,25,284,182
4718,25,288,485
4719,25,293,425
4720,25,297,566
4721,25,301,691
4722,25,305,460
4723,25,309,754
4724,25,313,678
4725,25,317,1109
4726,25,321,1148
4727,25,326,940
4728,25,330,976
4729,25,334,1185
4730,25,338,1243
4731,25,342,1228
4732,25,346,1208
4733,25,350,1024
4734,25,354,1003
4735,25,359,1064
4736,25,363,1103
4737,25,367,717
4738,25,371,707
4739,25,375,487
4740,25,379,631
4741,25,383,499
4742,25,387,607
4743,25,392,465
4744,25,396,492
4745,25,400,495
4746,25,404,364
4747,25,408,231
4748,25,412,292
4749,25,416,387
4750,25,420,389
4751,25,424,396
4752,25,429,155
4753,25,433,184
4754,25,437,228
4755,25,441,262
4756,25,445,253
4757,25,449,175
4758,25,453,307
4759,25,457,218
4760,25,462,0
4761,25,466,234
4762,25,470,245
4763,25,474,335
4764,25,478,278
4765,25,482,202
4766,25,486,161
4767,25,490,183
4768,25,495,243
4769,25,499,0
4770,25,503,237
4771,25,507,160
4772,25,511,0
4773,25,515,271
4774,25,519,196
4775,25,523,227
4776,25,528,218
4777,25,532,163
4778,25,536,257
4779,25,540,0
4780,25,544,0
4781,25,548,0
4782,25,552,0
4783,25,556,244
4784,25,561,215
4785,25,565,256
4786,25,569,0
4787,25,573,0
4788,25,577,0
4789,25,581,251
4790,25,585,0
4791,25,589,0
4792,25,593,177
4793,25,598,161
4794,25,602,0
4795,25,606,0
4796,25,610,242
4797,25,614,187
4798,25,618,203
4799,25,622,155
4800,25,626,265
4801,25,631,0
4802,25,635,0
4803,25,639,230
4804,25,643,187
4805,25,647,167
4806,25,651,0
4807,25,655,0
4808,25,659,0
4809,25,664,207
4810,25,668,0
4811,25,672,0
4812,25,676,219
4813,25,680,174
4814,25,684,261
4815,25,688,261
4816,25,692,214
4817,25,697,246
4818,25,701,170
4819,25,705,0
4820,25,709,0
4821,25,713,0
4822,25,717,0
4823,25,721,230
4824,25,725,0
4825,25,730,0
4826,25,734,0
4827,25,738,0
4828,25,742,0
4829,25,746,154
4830,25,750,0
4831,25,754,326
4832,25,758,160
4833,25,762,0
4834,25,767,0
4835,25,771,316
4836,25,775,189
4837,25,779,181
4838,25,783,0
4839,25,787,0
4840,25,791,0
4841,25,795,0
4842,25,800,0
4843,25,804,0
4844,25,808,215
4845,25,812,0
4846,25,816,0
4847,25,820,0
4848,25,824,153
4849,25,828,156
4850,25,833,0
4851,25,837,241
4852,25,841,0
4853,25,845,267
4854,25,849,0
4855,25,853,153
4856,25,857,0
4857,25,861,0
4858,25,866,0
4859,25,870,176
4860,25,874,168
4861,25,878,154
4862,25,882,205
4863,25,886,172
4864,25,890,0
4865,25,894,183
4866,25,899,0
4867,25,903,179
4868,25,907,0
4869,25,911,0
4870,25,915,160
4871,25,919,0
4872,25,923,176
4873,25,927,0
4874,25,931,0
4875,25,936,159
4876,25,940,293
4877,25,944,0
4878,25,948,232
4879,25,952,0
4880,25,956,200
4881,25,960,0
4882,25,964,0
4883,25,969,163
4884,25,973,0
4885,25,977,0
4886,25,981,0
4887,25,985,203
4888,25,989,0
4889,25,993,0
4890,25,997,0
4891,26,002,0
4892,26,006,166
4893,26,010,0
4894,26,014,0
4895,26,018,0
4896,26,022,0
4897,26,026,0
4898,26,030,0
4899,26,035,0
4900,26,039,194
4901,26,043,212
4902,26,047,232
4903,26,051,190
4904,26,055,0
4905,26,059,240
4906,26,063,349
4907,26,068,572
4908,26,072,309
4909,26,076,437
4910,26,080,628
4911,26,084,557
4912,26,088,621
4913,26,092,656
4914,26,096,778
4915,26,100,654
4916,26,105,958
4917,26,109,1048
4918,26,113,670
4919,26,117,773
4920,26,121,701
4921,26,125,808
4922,26,129,713
4923,26,133,682
4924,26,138,656
4925,26,142,512
4926,26,146,484
4927,26,150,502
4928,26,154,421
4929,26,158,495
4930,26,162,307
4931,26,166,581
4932,26,171,405
4933,26,175,595
4934,26,179,341
4935,26,183,498
4936,26,187,233
4937,26,191,351
4938,26,195,329
4939,26,199,341
4940,26,204,222
4941,26,208,187
4942,26,212,203
4943,26,216,332
4944,26,220,239
4945,26,224,208
4946,26,228,224
4947,26,232,464
4948,26,237,204
4949,26,241,347
4950,26,245,546
4951,26,249,496
4952,26,253,663
4953,26,257,953
4954,26,261,883
4955,26,265,1256
4956,26,269,1751
4957,26,274,1944
4958,26,278,2058
4959,26,282,2369
4960,26,286,2326
4961,26,290,2177
4962,26,294,2835
4963,26,298,2591
4964,26,302,2644
4965,26,307,2288
4966,26,311,2373
4967,26,315,2286
4968,26,319,2396
4969,26,323,1748
4970,26,327,1671
4971,26,331,1264
4972,26,335,1552
4973,26,340,1078
4974,26,344,1264
4975,26,348,1322
4976,26,352,716
4977,26,356,693
4978,26,360,727
4979,26,364,787
4980,26,368,770
4981,26,373,751
4982,26,377,506
4983,26,381,443
4984,26,385,427
4985,26,389,420
4986,26,393,324
4987,26,397,515
4988,26,401,413
4989,26,406,327
4990,26,410,279
4991,26,414,331
4992,26,418,470
4993,26,422,423
4994,26,426,323
4995,26,430,370
4996,26,434,302
4997,26,438,373
4998,26,443,304
4999,26,447,201
5000,26,451,222
5001,26,455,440
5002,26,459,285
5003,26,463,166
5004,26,467,191
5005,26,471,226
5006,26,476,223
5007,26,480,0
5008,26,484,0
5009,26,488,0
5010,26,492,272
5011,26,496,226
5012,26,500,222
5013,26,504,193
5014,26,509,283
5015,26,513,215
5016,26,517,342
5017,26,521,275
5018,26,525,257
5019,26,529,211
5020,26,533,195
5021,26,537,312
5022,26,542,170
5023,26,546,175
5024,26,550,204
5025,26,554,0
5026,26,558,186
5027,26,562,171
5028,26,566,168
5029,26,570,217
5030,26,575,216
5031,26,579,274
5032,26,583,0
5033,26,587,175
5034,26,591,0
5035,26,595,204
5036,26,599,166
5037,26,603,156
5038,26,607,173
5039,26,612,152
5040,26,616,211
5041,26,620,0
5042,26,624,157
5043,26,628,0
5044,26,632,0
5045,26,636,166
5046,26,640,336
5047,26,645,162
5048,26,649,0
5049,26,653,0
5050,26,657,0
5051,26,661,161
5052,26,665,0
5053,26,669,0
5054,26,673,186
5055,26,678,0
5056,26,682,0
5057,26,686,206
5058,26,690,240
5059,26,694,170
5060,26,698,0
5061,26,702,190
5062,26,706,0
5063,26,711,0
5064,26,715,0
5065,26,719,0
5066,26,723,179
5067,26,727,182
5068,26,731,0
5069,26,735,171
5070,26,739,0
5071,26,744,173
5072,26,748,151
5073,26,752,0
5074,26,756,0
5075,26,760,0
5076,26,764,0
5077,26,768,0
5078,26,772,0
5079,26,776,203
5080,26,781,186
5081,26,785,0
5082,26,789,0
5083,26,793,0
5084,26,797,0
5085,26,801,0
5086,26,805,153
5087,26,809,0
5088,26,814,0
5089,26,818,0
5090,26,822,0
5091,26,826,191
5092,26,830,226
5093,26,834,231
5094,26,838,169
5095,26,842,0
5096,26,847,0
5097,26,851,0
5098,26,855,0
5099,26,859,0
5100,26,863,0
5101,26,867,166
5102,26,871,0
5103,26,875,176
5104,26,880,0
5105,26,884,0
5106,26,888,151
5107,26,892,0
5108,26,896,0
5109,26,900,0
5110,26,904,157
5111,26,908,0
5112,26,913,0
5113,26,917,0
5114,26,921,183
5115,26,925,0
5116,26,929,0
5117,26,933,167
5118,26,937,202
5119,26,941,162
5120,26,945,0
5121,26,950,0
5122,26,954,158
5123,26,958,182
5124,26,962,175
5125,26,966,0
5126,26,970,247
5127,26,974,0
5128,26,978,227
5129,26,983,248
5130,26,987,153
5131,26,991,0
5132,26,995,182
5133,26,999,0
5134,27,003,223
5135,27,007,0
5136,27,011,210
5137,27,016,249
5138,27,020,295
5139,27,024,390
5140,27,028,227
5141,27,032,343
5142,27,036,325
5143,27,040,673
5144,27,044,529
5145,27,049,446
5146,27,053,496
5147,27,057,725
5148,27,061,607
5149,27,065,612
5150,27,069,427
5151,27,073,598
5152,27,077,476
5153,27,082,542
5154,27,086,414
5155,27,090,653
5156,27,094,344
5157,27,098,393
5158,27,102,259
5159,27,106,338
5160,27,110,339
5161,27,114,158
5162,27,119,250
5163,27,123,256
5164,27,127,238
5165,27,131,263
5166,27,135,389
5167,27,139,179
5168,27,143,248
5169,27,147,341
5170,27,152,185
5171,27,156,206
5172,27,160,211
5173,27,164,0
5174,27,168,348
5175,27,172,0
5176,27,176,153
5177,27,180,156
5178,27,185,168
5179,27,189,189
5180,27,193,189
5181,27,197,0
5182,27,201,166
5183,27,205,186
5184,27,209,0
5185,27,213,0
5186,27,218,304
5187,27,222,0
5188,27,226,296
5189,27,230,158
5190,27,234,180
5191,27,238,393
5192,27,242,214
5193,27,246,258
5194,27,251,0
5195,27,255,0
5196,27,259,0
5197,27,263,0
5198,27,267,232
5199,27,271,155
5200,27,275,193
5201,27,279,163
5202,27,283,0
5203,27,288,223
5204,27,292,158
5205,27,296,0
5206,27,300,0
5207,27,304,181
5208,27,308,0
5209,27,312,0
5210,27,316,0
5211,27,321,217
5212,27,325,162
5213,27,329,187
5214,27,333,0
5215,27,337,0
5216,27,341,0
5217,27,345,0
5218,27,349,0
5219,27,354,281
5220,27,358,0
5221,27,362,155
5222,27,366,192
5223,27,370,0
5224,27,374,196
5225,27,378,208
5226,27,382,0
5227,27,387,0
5228,27,391,312
5229,27,395,203
5230,27,399,260
5231,27,403,190
5232,27,407,224
5233,27,411,0
5234,27,415,259
5235,27,420,166
5236,27,424,264
5237,27,428,158
5238,27,432,0
5239,27,436,164
5240,27,440,263
5241,27,444,250
5242,27,448,238
5243,27,452,323
5244,27,457,170
5245,27,461,368
5246,27,465,231
5247,27,469,168
5248,27,473,0
5249,27,477,0
5250,27,481,0
5251,27,485,157
5252,27,490,180
5253,27,494,0
5254,27,498,239
5255,27,502,333
5256,27,506,151
5257,27,510,170
5258,27,514,200
5259,27,518,217
5260,27,523,0
5261,27,527,174
5262,27,531,197
5263,27,535,189
5264,27,539,0
5265,27,543,197
5266,27,547,240
5267,27,551,161
5268,27,556,192
5269,27,560,0
5270,27,564,236
5271,27,568,0
5272,27,572,241
5273,27,576,0
5274,27,580,0
5275,27,584,204
5276,27,589,156
5277,27,593,295
5278,27,597,0
5279,27,601,0
5280,27,605,0
5281,27,609,0
5282,27,613,238
5283,27,617,172
5284,27,621,184
5285,27,626,0
5286,27,630,0
5287,27,634,0
5288,27,638,0
5289,27,642,156
5290,27,646,0
5291,27,650,0
5292,27,654,0
5293,27,659,0
5294,27,663,0
5295,27,667,162
5296,27,671,171
5297,27,675,0
5298,27,679,0
5299,27,683,0
5300,27,687,194
5301,27,692,0
5302,27,696,200
5303,27,700,0
5304,27,704,0
5305,27,708,189
5306,27,712,0
5307,27,716,0
5308,27,720,152
5309,27,725,157
5310,27,729,0
5311,27,733,157
5312,27,737,170
5313,27,741,266
5314,27,745,0
5315,27,749,0
5316,27,753,166
5317,27,758,167
5318,27,762,0
5319,27,766,153
5320,27,770,0
5321,27,774,0
5322,27,778,0
5323,27,782,0
5324,27,786,178
5325,27,790,186
5326,27,795,0
5327,27,799,221
5328,27,803,0
5329,27,807,197
5330,27,811,150
5331,27,815,237
5332,27,819,0
5333,27,823,192
5334,27,828,241
5335,27,832,254
5336,27,836,161
5337,27,840,0
5338,27,844,160
5339,27,848,170
5340,27,852,0
5341,27,856,224
5342,27,861,0
5343,27,865,0
5344,27,869,217
5345,27,873,188
5346,27,877,179
5347,27,881,232
5348,27,885,212
5349,27,889,150
5350,27,894,283
5351,27,898,253
5352,27,902,271
5353,27,906,0
5354,27,910,156
5355,27,914,0
5356,27,918,173
5357,27,922,209
5358,27,927,0
5359,27,931,209
5360,27,935,213
5361,27,939,170
5362,27,943,286
5363,27,947,303
5364,27,951,499
5365,27,955,452
5366,27,959,708
5367,27,964,699
5368,27,968,1047
5369,27,972,1386
5370,27,976,1310
5371,27,980,1674
5372,27,984,1708
5373,27,988,1793
5374,27,992,2133
5375,27,997,2165
5376,28,001,2568
5377,28,005,2724
5378,28,009,2180
5379,28,013,2067
5380,28,017,2218
5381,28,021,2327
5382,28,025,1614
5383,28,030,1741
5384,28,034,1736
5385,28,038,1623
5386,28,042,1298
5387,28,046,1416
5388,28,050,784
5389,28,054,914
5390,28,058,884
5391,28,063,641
5392,28,067,654
5393,28,071,581
5394,28,075,486
5395,28,079,697
5396,28,083,554
5397,28,087,388
5398,28,091,550
5399,28,096,358
5400,28,100,288
5401,28,104,269
5402,28,108,374
5403,28,112,403
5404,28,116,343
5405,28,120,326
5406,28,124,311
5407,28,128,388
5408,28,133,213
5409,28,137,359
5410,28,141,190
5411,28,145,276
5412,28,149,268
5413,28,153,353
5414,28,157,291
5415,28,161,382
5416,28,166,421
5417,28,170,369
5418,28,174,234
5419,28,178,218
5420,28,182,243
5421,28,186,343
5422,28,190,228
5423,28,194,216
5424,28,199,249
5425,28,203,297
5426,28,207,275
5427,28,211,347
5428,28,215,206
5429,28,219,187
5430,28,223,246
5431,28,227,168
5432,28,232,152
5433,28,236,231
5434,28,240,210
5435,28,244,0
5436,28,248,0
5437,28,252,193
5438,28,256,0
5439,28,260,0
5440,28,265,185
5441,28,269,257
5442,28,273,217
5443,28,277,159
5444,28,281,163
5445,28,285,187
5446,28,289,208
5447,28,293,263
5448,28,297,0
5449,28,302,170
5450,28,306,0
5451,28,310,194
5452,28,314,227
5453,28,318,159
5454,28,322,271
5455,28,326,283
5456,28,330,204
5457,28,335,224
5458,28,339,151
5459,28,343,0
5460,28,347,248
5461,28,351,304
5462,28,355,236
5463,28,359,0
5464,28,363,301
5465,28,368,0
5466,28,372,209
5467,28,376,234
5468,28,380,300
5469,28,384,0
5470,28,388,187
5471,28,392,210
5472,28,396,0
5473,28,401,0
5474,28,405,0
5475,28,409,0
5476,28,413,176
5477,28,417,195
5478,28,421,0
5479,28,425,0
5480,28,429,162
5481,28,434,190
5482,28,438,0
5483,28,442,0
5484,28,446,0
5485,28,450,186
5486,28,454,191
5487,28,458,0
5488,28,462,0
5489,28,466,158
5490,28,471,0
5491,28,475,151
5492,28,479,0
5493,28,483,158
5494,28,487,229
5495,28,491,0
5496,28,495,0
5497,28,499,0
5498,28,504,0
5499,28,508,161
5500,28,512,196
5501,28,516,0
5502,28,520,0
5503,28,524,0
5504,28,528,214
5505,28,532,161
5506,28,537,187
5507,28,541,215
5508,28,545,157
5509,28,549,183
5510,28,553,0
5511,28,557,0
5512,28,561,0
5513,28,565,0
5514,28,570,0
5515,28,574,0
5516,28,578,0
5517,28,582,154
5518,28,586,168
5519,28,590,0
5520,28,594,221
5521,28,598,0
5522,28,603,0
5523,28,607,0
5524,28,611,190
5525,28,615,157
5526,28,619,163
5527,28,623,0
5528,28,627,0
5529,28,631,0
5530,28,635,0
5531,28,640,0
5532,28,644,237
5533,28,648,171
5534,28,652,0
5535,28,656,0
5536,28,660,210
5537,28,664,210
5538,28,668,193
5539,28,673,0
5540,28,677,185
5541,28,681,308
5542,28,685,330
5543,28,689,320
5544,28,693,456
5545,28,697,480
5546,28,701,546
5547,28,706,581
5548,28,710,705
5549,28,714,897
5550,28,718,836
5551,28,722,977
5552,28,726,1112
5553,28,730,837
5554,28,734,1089
5555,28,739,995
5556,28,743,1043
5557,28,747,853
5558,28,751,685
5559,28,755,1061
5560,28,759,582
5561,28,763,591
5562,28,767,798
5563,28,772,453
5564,28,776,489
5565,28,780,379
5566,28,784,365
5567,28,788,341
5568,28,792,296
5569,28,796,483
5570,28,800,345
5571,28,804,301
5572,28,809,300
5573,28,813,262
5574,28,817,217
5575,28,821,326
5576,28,825,292
5577,28,829,162
5578,28,833,306
5579,28,837,273
5580,28,842,168
5581,28,846,268
5582,28,850,196
5583,28,854,214
5584,28,858,342
5585,28,862,271
5586,28,866,234
5587,28,870,253
5588,28,875,0
5589,28,879,319
5590,28,883,234
5591,28,887,302
5592,28,891,217
5593,28,895,184
5594,28,899,239
5595,28,903,170
5596,28,908,199
5597,28,912,227
5598,28,916,176
5599,28,920,270
5600,28,924,182
5601,28,928,194
5602,28,932,233
5603,28,936,213
5604,28,941,284
5605,28,945,0
5606,28,949,245
5607,28,953,223
5608,28,957,182
5609,28,961,181
5610,28,965,0
5611,28,969,161
5612,28,973,179
5613,28,978,203
5614,28,982,0
5615,28,986,0
5616,28,990,217
5617,28,994,292
5618,28,998,0
5619,29,002,181
5620,29,006,254
5621,29,011,192
5622,29,015,238
5623,29,019,189
5624,29,023,0
5625,29,027,334
5626,29,031,169
5627,29,035,350
5628,29,039,151
5629,29,044,0
5630,29,048,0
5631,29,052,304
5632,29,056,0
5633,29,060,190
5634,29,064,198
5635,29,068,290
5636,29,072,158
5637,29,077,0
5638,29,081,153
5639,29,085,0
5640,29,089,201
5641,29,093,0
5642,29,097,0
5643,29,101,190
5644,29,105,214
5645,29,110,0
5646,29,114,327
5647,29,118,0
5648,29,122,0
5649,29,126,162
5650,29,130,0
5651,29,134,206
5652,29,138,191
5653,29,142,216
5654,29,147,164
5655,29,151,0
5656,29,155,179
5657,29,159,163
5658,29,163,157
5659,29,167,170
5660,29,171,188
5661,29,175,199
5662,29,180,0
5663,29,184,184
5664,29,188,228
5665,29,192,259
5666,29,196,425
5667,29,200,450
5668,29,204,629
5669,29,208,960
5670,29,213,1058
5671,29,217,1009
5672,29,221,1681
5673,29,225,1986
5674,29,229,1944
5675,29,233,2496
5676,29,237,2572
5677,29,241,2684
5678,29,246,3262
5679,29,250,3069
5680,29,254,2999
5681,29,258,2970
5682,29,262,2794
5683,29,266,2341
5684,29,270,2397
5685,29,274,2380
5686,29,279,2292
5687,29,283,1445
5688,29,287,2082
5689,29,291,1423
5690,29,295,1288
5691,29,299,1241
5692,29,303,1045
5693,29,307,1007
5694,29,311,1065
5695,29,316,587
5696,29,320,779
5697,29,324,785
5698,29,328,735
5699,29,332,594
5700,29,336,657
5701,29,340,432
5702,29,344,427
5703,29,349,713
5704,29,353,327
5705,29,357,386
5706,29,361,451
5707,29,365,388
5708,29,369,496
5709,29,373,289
5710,29,377,276
5711,29,382,359
5712,29,386,476
5713,29,390,229
5714,29,394,325
5715,29,398,271
5716,29,402,246
5717,29,406,257
5718,29,410,393
5719,29,415,233
5720,29,419,403
5721,29,423,310
5722,29,427,393
5723,29,431,307
5724,29,435,445
5725,29,439,198
5726,29,443,293
5727,29,448,627
5728,29,452,718
5729,29,456,669
5730,29,460,1383
5731,29,464,1237
5732,29,468,1236
5733,29,472,2223
5734,29,476,2544
5735,29,480,3321
5736,29,485,3900
5737,29,489,4034
5738,29,493,4783
5739,29,497,5212
5740,29,501,5668
5741,29,505,5673
5742,29,509,6073
5743,29,513,5613
5744,29,518,5479
5745,29,522,5283
5746,29,526,4870
5747,29,530,4838
5748,29,534,4235
5749,29,538,3690
5750,29,542,3108
5751,29,546,2833
5752,29,551,2700
5753,29,555,2502
5754,29,559,1974
5755,29,563,2022
5756,29,567,1888
5757,29,571,1410
5758,29,575,1343
5759,29,579,1357
5760,29,584,1123
5761,29,588,989
5762,29,592,1206
5763,29,596,984
5764,29,600,837
5765,29,604,813
5766,29,608,1033
5767,29,612,593
5768,29,617,718
5769,29,621,674
5770,29,625,537
5771,29,629,497
5772,29,633,470
5773,29,637,665
5774,29,641,491
5775,29,645,506
5776,29,650,488
5777,29,654,402
5778,29,658,463
5779,29,662,356
5780,29,666,263
5781,29,670,451
5782,29,674,268
5783,29,678,437
5784,29,682,293
5785,29,687,411
5786,29,691,178
5787,29,695,455
5788,29,699,296
5789,29,703,300
5790,29,707,313
5791,29,711,265
5792,29,715,286
5793,29,720,368
5794,29,724,250
5795,29,728,296
5796,29,732,177
5797,29,736,199
5798,29,740,162
5799,29,744,307
5800,29,748,342
5801,29,753,301
5802,29,757,361
5803,29,761,370
5804,29,765,171
5805,29,769,328
5806,29,773,401
5807,29,777,216
5808,29,781,377
5809,29,786,351
5810,29,790,189
5811,29,794,226
5812,29,798,234
5813,29,802,230
5814,29,806,202
5815,29,810,221
5816,29,814,0
5817,29,819,0
5818,29,823,199
5819,29,827,286
5820,29,831,238
5821,29,835,207
5822,29,839,0
5823,29,843,156
5824,29,847,245
5825,29,851,0
5826,29,856,272
5827,29,860,241
5828,29,864,238
5829,29,868,156
5830,29,872,210
5831,29,876,191
5832,29,880,0
5833,29,884,292
5834,29,889,153
5835,29,893,300
5836,29,897,190
5837,29,901,297
5838,29,905,224
5839,29,909,161
5840,29,913,227
5841,29,917,199
5842,29,922,322
5843,29,926,280
5844,29,930,249
5845,29,934,0
5846,29,938,178
5847,29,942,319
5848,29,946,251
5849,29,950,159
5850,29,955,202
5851,29,959,0
5852,29,963,212
5853,29,967,230
5854,29,971,162
5855,29,975,158
5856,29,979,256
5857,29,983,247
5858,29,988,283
5859,29,992,170
5860,29,996,261
5861,30,000,162
5862,30,004,185
5863,30,008,0
5864,30,012,302
5865,30,016,223
5866,30,020,172
5867,30,025,0
5868,30,029,152
5869,30,033,316
5870,30,037,208
5871,30,041,183
5872,30,045,188
5873,30,049,161
5874,30,053,219
5875,30,058,165
5876,30,062,225
5877,30,066,200
5878,30,070,192
5879,30,074,211
5880,30,078,284
5881,30,082,185
5882,30,086,248
5883,30,091,197
5884,30,095,174
5885,30,099,228
5886,30,103,274
5887,30,107,425
5888,30,111,437
5889,30,115,848
5890,30,119,1042
5891,30,124,1368
5892,30,128,1828
5893,30,132,2774
5894,30,136,3324
5895,30,140,4029
5896,30,144,5217
5897,30,148,6219
5898,30,152,8033
5899,30,157,8298
5900,30,161,9156
5901,30,165,10121
5902,30,169,10459
5903,30,173,10832
5904,30,177,10626
5905,30,181,9922
5906,30,185,9324
5907,30,189,8890
5908,30,194,7979
5909,30,198,7752
5910,30,202,6292
5911,30,206,6421
5912,30,210,5474
5913,30,214,4205
5914,30,218,4356
5915,30,222,4342
5916,30,227,3261
5917,30,231,3449
5918,30,235,2867
5919,30,239,2631
5920,30,243,2225
5921,30,247,2603
5922,30,251,1683
5923,30,255,2101
5924,30,260,1832
5925,30,264,1596
5926,30,268,1453
5927,30,272,1295
5928,30,276,1696
5929,30,280,1308
5930,30,284,1594
5931,30,288,1687
5932,30,293,1394
5933,30,297,1460
5934,30,301,1532
5935,30,305,1361
5936,30,309,1484
5937,30,313,1534
5938,30,317,1581
5939,30,321,1885
5940,30,326,1661
5941,30,330,1442
5942,30,334,1622
5943,30,338,1353
5944,30,342,1195
5945,30,346,835
5946,30,350,937
5947,30,354,954
5948,30,358,1244
5949,30,363,833
5950,30,367,813
5951,30,371,700
5952,30,375,622
5953,30,379,619
5954,30,383,685
5955,30,387,351
5956,30,391,706
5957,30,396,737
5958,30,400,552
5959,30,404,522
5960,30,408,460
5961,30,412,399
5962,30,416,388
5963,30,420,535
5964,30,424,297
5965,30,429,348
5966,30,433,462
5967,30,437,478
5968,30,441,327
5969,30,445,419
5970,30,449,469
5971,30,453,413
5972,30,457,446
5973,30,462,435
5974,30,466,347
5975,30,470,213
5976,30,474,300
5977,30,478,399
5978,30,482,281
5979,30,486,514
5980,30,490,575
5981,30,495,336
5982,30,499,250
5983,30,503,411
5984,30,507,294
5985,30,511,377
5986,30,515,333
5987,30,519,387
5988,30,523,211
5989,30,527,344
5990,30,532,380
5991,30,536,518
5992,30,540,283
5993,30,544,243
5994,30,548,272
5995,30,552,224
5996,30,556,371
5997,30,560,277
5998,30,565,205
5999,30,569,243
6000,30,573,234
6001,30,577,296
6002,30,581,275
6003,30,585,167
6004,30,589,244
6005,30,593,258
6006,30,598,317
6007,30,602,204
6008,30,606,350
6009,30,610,335
6010,30,614,0
6011,30,618,315
6012,30,622,236
6013,30,626,227
6014,30,631,326
6015,30,635,226
6016,30,639,325
6017,30,643,266
6018,30,647,156
6019,30,651,192
6020,30,655,171
6021,30,659,213
6022,30,664,173
6023,30,668,267
6024,30,672,219
6025,30,676,217
6026,30,680,311
6027,30,684,291
6028,30,688,406
6029,30,692,357
6030,30,696,859
6031,30,701,899
6032,30,705,1081
6033,30,709,1321
6034,30,713,1702
6035,30,717,2243
6036,30,721,2756
6037,30,725,3942
6038,30,729,5057
6039,30,734,5632
6040,30,738,6959
6041,30,742,7740
6042,30,746,8579
6043,30,750,9561
6044,30,754,9775
6045,30,758,10145
6046,30,762,10585
6047,30,767,9652
6048,30,771,9828
6049,30,775,9165
6050,30,779,7579
6051,30,783,7576
6052,30,787,6690
6053,30,791,6410
6054,30,795,5736
6055,30,800,4976
6056,30,804,4440
6057,30,808,4116
6058,30,812,3442
6059,30,816,2777
6060,30,820,2373
6061,30,824,2464
6062,30,828,2747
6063,30,833,1863
6064,30,837,1704
6065,30,841,1571
6066,30,845,1826
6067,30,849,1512
6068,30,853,1355
6069,30,857,1383
6070,30,861,1194
6071,30,865,1117
6072,30,870,898
6073,30,874,1050
6074,30,878,842
6075,30,882,1023
6076,30,886,790
6077,30,890,912
6078,30,894,907
6079,30,898,684
6080,30,903,802
6081,30,907,529
6082,30,911,714
6083,30,915,673
6084,30,919,615
6085,30,923,838
6086,30,927,394
6087,30,931,481
6088,30,936,333
6089,30,940,458
6090,30,944,687
6091,30,948,399
6092,30,952,596
6093,30,956,354
6094,30,960,446
6095,30,964,235
6096,30,969,347
6097,30,973,396
6098,30,977,374
6099,30,981,369
6100,30,985,398
6101,30,989,384
6102,30,993,343
6103,30,997,320
6104,31,002,230
6105,31,006,267
6106,31,010,379
6107,31,014,243
6108,31,018,326
6109,31,022,302
6110,31,026,274
6111,31,030,289
6112,31,034,374
6113,31,039,254
6114,31,043,361
6115,31,047,318
6116,31,051,292
6117,31,055,407
6118,31,059,191
6119,31,063,284
6120,31,067,291
6121,31,072,299
6122,31,076,372
6123,31,080,225
6124,31,084,249
6125,31,088,229
6126,31,092,225
6127,31,096,404
6128,31,100,214
6129,31,105,367
6130,31,109,210
6131,31,113,214
6132,31,117,241
6133,31,121,184
6134,31,125,267
6135,31,129,339
6136,31,133,296
6137,31,138,228
6138,31,142,227
6139,31,146,246
6140,31,150,318
6141,31,154,383
6142,31,158,280
6143,31,162,192
6144,31,166,206
6145,31,171,357
6146,31,175,255
6147,31,179,265
6148,31,183,166
6149,31,187,174
6150,31,191,274
6151,31,195,196
6152,31,199,0
6153,31,203,235
6154,31,208,207
6155,31,212,226
6156,31,216,189
6157,31,220,205
6158,31,224,172
6159,31,228,221
6160,31,232,264
6161,31,236,226
6162,31,241,238
6163,31,245,193
6164,31,249,194
6165,31,253,234
6166,31,257,285
6167,31,261,171
6168,31,265,224
6169,31,269,184
6170,31,274,184
6171,31,278,193
6172,31,282,159
6173,31,286,0
6174,31,290,235
6175,31,294,200
6176,31,298,200
6177,31,302,0
6178,31,307,222
6179,31,311,317
6180,31,315,0
6181,31,319,163
6182,31,323,0
6183,31,327,207
6184,31,331,204
6185,31,335,281
6186,31,340,184
6187,31,344,235
6188,31,348,214
6189,31,352,194
6190,31,356,0
6191,31,360,231
6192,31,364,193
6193,31,368,0
6194,31,372,0
6195,31,377,249
6196,31,381,309
6197,31,385,0
6198,31,389,231
6199,31,393,290
6200,31,397,163
6201,31,401,0
6202,31,405,0
6203,31,410,288
6204,31,414,235
6205,31,418,0
6206,31,422,157
6207,31,426,244
6208,31,430,272
6209,31,434,169
6210,31,438,263
6211,31,443,239
6212,31,447,188
6213,31,451,193
6214,31,455,0
6215,31,459,224
6216,31,463,226
6217,31,467,231
6218,31,471,0
6219,31,476,0
6220,31,480,0
6221,31,484,0
6222,31,488,217
6223,31,492,181
6224,31,496,254
6225,31,500,208
6226,31,504,206
6227,31,509,197
6228,31,513,272
6229,31,517,214
6230,31,521,187
6231,31,525,157
6232,31,529,206
6233,31,533,218
6234,31,537,337
6235,31,541,334
6236,31,546,318
6237,31,550,207
6238,31,554,308
6239,31,558,403
6240,31,562,821
6241,31,566,951
6242,31,570,1400
6243,31,574,1867
6244,31,579,3104
6245,31,583,4049
6246,31,587,5766
6247,31,591,8060
6248,31,595,10539
6249,31,599,13314
6250,31,603,16688
6251,31,607,19592
6252,31,612,24864
6253,31,616,26296
6254,31,620,30400
6255,31,624,32784
6256,31,628,33024
6257,31,632,33392
6258,31,636,34232
6259,31,640,33304
6260,31,645,31120
6261,31,649,31000
6262,31,653,28344
6263,31,657,25608
6264,31,661,24016
6265,31,665,20624
6266,31,669,19216
6267,31,673,16752
6268,31,678,15743
6269,31,682,13200
6270,31,686,12099
6271,31,690,10751
6272,31,694,9344
6273,31,698,8302
6274,31,702,7431
6275,31,706,6810
6276,31,710,6718
6277,31,715,5489
6278,31,719,4687
6279,31,723,4686
6280,31,727,4676
6281,31,731,4216
6282,31,735,3754
6283,31,739,3311
6284,31,743,3495
6285,31,748,3014
6286,31,752,2978
6287,31,756,2258
6288,31,760,2222
6289,31,764,2091
6290,31,768,1963
6291,31,772,1932
6292,31,776,2023
6293,31,781,1931
6294,31,785,1779
6295,31,789,1681
6296,31,793,1786
6297,31,797,1880
6298,31,801,1628
6299,31,805,1894
6300,31,809,1723
6301,31,814,1487
6302,31,818,1667
6303,31,822,1629
6304,31,826,1661
6305,31,830,1500
6306,31,834,1690
6307,31,838,1783
6308,31,842,1794
6309,31,847,1677
6310,31,851,2121
6311,31,855,1849
6312,31,859,1997
6313,31,863,2156
6314,31,867,1812
6315,31,871,1670
6316,31,875,1922
6317,31,879,1581
6318,31,884,1305
6319,31,888,1124
6320,31,892,1457
6321,31,896,1296
6322,31,900,1120
6323,31,904,1387
6324,31,908,976
6325,31,912,937
6326,31,917,931
6327,31,921,841
6328,31,925,807
6329,31,929,948
6330,31,933,680
6331,31,937,543
6332,31,941,710
6333,31,945,805
6334,31,950,695
6335,31,954,715
6336,31,958,763
6337,31,962,533
6338,31,966,559
6339,31,970,752
6340,31,974,540
6341,31,978,582
6342,31,983,550
6343,31,987,699
6344,31,991,377
6345,31,995,509
6346,31,999,543
6347,32,003,487
6348,32,007,448
6349,32,011,444
6350,32,016,410
6351,32,020,336
6352,32,024,493
6353,32,028,472
6354,32,032,633
6355,32,036,594
6356,32,040,359
6357,32,044,418
6358,32,048,513
6359,32,053,359
6360,32,057,424
6361,32,061,416
6362,32,065,360
6363,32,069,271
6364,32,073,365
6365,32,077,208
6366,32,081,378
6367,32,086,233
6368,32,090,379
6369,32,094,271
6370,32,098,366
6371,32,102,403
6372,32,106,247
6373,32,110,385
6374,32,114,281
6375,32,119,310
6376,32,123,333
6377,32,127,400
6378,32,131,490
6379,32,135,564
6380,32,139,894
6381,32,143,1119
6382,32,147,1674
6383,32,152,2070
6384,32,156,3009
6385,32,160,4446
6386,32,164,5242
6387,32,168,7269
6388,32,172,9507
6389,32,176,11660
6390,32,180,13533
6391,32,185,17488
6392,32,189,19632
6393,32,193,21456
6394,32,197,22696
6395,32,201,25240
6396,32,205,25816
6397,32,209,25096
6398,32,213,25672
6399,32,217,25664
6400,32,222,24008
6401,32,226,22592
6402,32,230,20776
6403,32,234,18208
6404,32,238,16984
6405,32,242,15337
6406,32,246,13752
6407,32,250,12580
6408,32,255,11744
6409,32,259,10112
6410,32,263,8108
6411,32,267,8433
6412,32,271,6910
6413,32,275,6187
6414,32,279,5510
6415,32,283,4970
6416,32,288,4718
6417,32,292,4162
6418,32,296,3920
6419,32,300,3284
6420,32,304,3020
6421,32,308,3105
6422,32,312,2963
6423,32,316,2638
6424,32,321,2539
6425,32,325,2236
6426,32,329,2035
6427,32,333,1875
6428,32,337,1753
6429,32,341,1844
6430,32,345,1834
6431,32,349,1517
6432,32,354,1494
6433,32,358,1408
6434,32,362,1188
6435,32,366,1376
6436,32,370,1423
6437,32,374,1069
6438,32,378,1369
6439,32,382,1213
6440,32,386,1178
6441,32,391,917
6442,32,395,1224
6443,32,399,875
6444,32,403,850
6445,32,407,658
6446,32,411,840
6447,32,415,536
6448,32,419,1072
6449,32,424,738
6450,32,428,612
6451,32,432,714
6452,32,436,625
6453,32,440,587
6454,32,444,409
6455,32,448,444
6456,32,452,746
6457,32,457,717
6458,32,461,576
6459,32,465,785
6460,32,469,586
6461,32,473,610
6462,32,477,587
6463,32,481,557
6464,32,485,566
6465,32,490,531
6466,32,494,378
6467,32,498,452
6468,32,502,595
6469,32,506,547
6470,32,510,446
6471,32,514,591
6472,32,518,428
6473,32,523,599
6474,32,527,709
6475,32,531,658
6476,32,535,950
6477,32,539,1118
6478,32,543,1250
6479,32,547,1365
6480,32,551,1816
6481,32,555,2005
6482,32,560,2189
6483,32,564,2093
6484,32,568,2391
6485,32,572,2507
6486,32,576,2411
6487,32,580,2609
6488,32,584,2456
6489,32,588,2499
6490,32,593,2328
6491,32,597,2164
6492,32,601,1746
6493,32,605,1990
6494,32,609,1905
6495,32,613,1296
6496,32,617,1316
6497,32,621,1229
6498,32,626,1218
6499,32,630,1286
6500,32,634,1382
6501,32,638,1046
6502,32,642,1144
6503,32,646,1048
6504,32,650,715
6505,32,654,834
6506,32,659,663
6507,32,663,772
6508,32,667,830
6509,32,671,508
6510,32,675,601
6511,32,679,690
6512,32,683,496
6513,32,687,316
6514,32,692,604
6515,32,696,653
6516,32,700,444
6517,32,704,429
6518,32,708,434
6519,32,712,355
6520,32,716,492
6521,32,720,628
6522,32,724,390
6523,32,729,517
6524,32,733,416
6525,32,737,294
6526,32,741,249
6527,32,745,513
6528,32,749,445
6529,32,753,324
6530,32,757,330
6531,32,762,312
6532,32,766,430
6533,32,770,322
6534,32,774,219
6535,32,778,473
6536,32,782,282
6537,32,786,248
6538,32,790,312
6539,32,795,418
6540,32,799,397
6541,32,803,380
6542,32,807,506
6543,32,811,321
6544,32,815,403
6545,32,819,253
6546,32,823,367
6547,32,828,336
6548,32,832,359
6549,32,836,341
6550,32,840,242
6551,32,844,356
6552,32,848,401
6553,32,852,317
6554,32,856,276
6555,32,861,307
6556,32,865,177
6557,32,869,259
6558,32,873,359
6559,32,877,399
6560,32,881,282
6561,32,885,322
6562,32,889,309
6563,32,893,234
6564,32,898,423
6565,32,902,196
6566,32,906,218
6567,32,910,171
6568,32,914,343
6569,32,918,263
6570,32,922,387
6571,32,926,345
6572,32,931,238
6573,32,935,292
6574,32,939,213
6575,32,943,0
6576,32,947,355
6577,32,951,0
6578,32,955,259
6579,32,959,232
6580,32,964,313
6581,32,968,345
6582,32,972,0
6583,32,976,313
6584,32,980,158
6585,32,984,312
6586,32,988,277
6587,32,992,314
6588,32,997,240
6589,33,001,251
6590,33,005,190
6591,33,009,165
6592,33,013,229
6593,33,017,350
6594,33,021,316
6595,33,025,298
6596,33,030,252
6597,33,034,214
6598,33,038,222
6599,33,042,297
6600,33,046,229
6601,33,050,277
6602,33,054,425
6603,33,058,289
6604,33,062,0
6605,33,067,314
6606,33,071,315
6607,33,075,310
6608,33,079,205
6609,33,083,0
6610,33,087,197
6611,33,091,327
6612,33,095,316
6613,33,100,192
6614,33,104,200
6615,33,108,219
6616,33,112,427
6617,33,116,267
6618,33,120,175
6619,33,124,317
6620,33,128,291
6621,33,133,182
6622,33,137,296
6623,33,141,246
6624,33,145,182
6625,33,149,215
6626,33,153,223
6627,33,157,0
6628,33,161,288
6629,33,166,249
6630,33,170,307
6631,33,174,304
6632,33,178,200
6633,33,182,312
6634,33,186,278
6635,33,190,377
6636,33,194,257
6637,33,199,206
6638,33,203,195
6639,33,207,0
6640,33,211,157
6641,33,215,260
6642,33,219,495
6643,33,223,305
6644,33,227,188
6645,33,231,218
6646,33,236,329
6647,33,240,275
6648,33,244,271
6649,33,248,251
6650,33,252,322
6651,33,256,267
6652,33,260,304
6653,33,264,463
6654,33,269,172
6655,33,273,256
6656,33,277,609
6657,33,281,479
6658,33,285,450
6659,33,289,376
6660,33,293,528
6661,33,297,742
6662,33,302,645
6663,33,306,798
6664,33,310,773
6665,33,314,713
6666,33,318,972
6667,33,322,735
6668,33,326,791
6669,33,330,1005
6670,33,335,1047
6671,33,339,790
6672,33,343,714
6673,33,347,513
6674,33,351,564
6675,33,355,402
6676,33,359,401
6677,33,363,614
6678,33,368,544
6679,33,372,575
6680,33,376,475
6681,33,380,315
6682,33,384,386
6683,33,388,461
6684,33,392,432
6685,33,396,595
6686,33,400,361
6687,33,405,371
6688,33,409,331
6689,33,413,487
6690,33,417,395
6691,33,421,256
6692,33,425,488
6693,33,429,392
6694,33,433,287
6695,33,438,291
6696,33,442,256
6697,33,446,322
6698,33,450,285
6699,33,454,327
6700,33,458,387
6701,33,462,299
6702,33,466,328
6703,33,471,314
6704,33,475,438
6705,33,479,388
6706,33,483,231
6707,33,487,414
6708,33,491,286
6709,33,495,410
6710,33,499,362
6711,33,504,302
6712,33,508,303
6713,33,512,326
6714,33,516,308
6715,33,520,341
6716,33,524,285
6717,33,528,223
6718,33,532,314
6719,33,537,301
6720,33,541,361
6721,33,545,227
6722,33,549,268
6723,33,553,469
6724,33,557,383
6725,33,561,190
6726,33,565,271
6727,33,569,248
6728,33,574,187
6729,33,578,0
6730,33,582,353
6731,33,586,312
6732,33,590,278
6733,33,594,407
6734,33,598,235
6735,33,602,265
6736,33,607,201
6737,33,611,295
6738,33,615,280
6739,33,619,241
6740,33,623,337
6741,33,627,369
6742,33,631,0
6743,33,635,0
6744,33,640,203
6745,33,644,163
6746,33,648,187
6747,33,652,221
6748,33,656,307
6749,33,660,230
6750,33,664,230
6751,33,668,341
6752,33,673,297
6753,33,677,364
6754,33,681,290
6755,33,685,150
6756,33,689,339
6757,33,693,389
6758,33,697,308
6759,33,701,558
6760,33,706,500
6761,33,710,711
6762,33,714,767
6763,33,718,1217
6764,33,722,1566
6765,33,726,1885
6766,33,730,2646
6767,33,734,4080
6768,33,738,4657
6769,33,743,5458
6770,33,747,5633
6771,33,751,6762
6772,33,755,7373
6773,33,759,7517
6774,33,763,8739
6775,33,767,8249
6776,33,771,8589
6777,33,776,8349
6778,33,780,7937
6779,33,784,7279
6780,33,788,6010
6781,33,792,6712
6782,33,796,5238
6783,33,800,4691
6784,33,804,4143
6785,33,809,3935
6786,33,813,4162
6787,33,817,3327
6788,33,821,2899
6789,33,825,2799
6790,33,829,2672
6791,33,833,2269
6792,33,837,1869
6793,33,842,2378
6794,33,846,1906
6795,33,850,1626
6796,33,854,1658
6797,33,858,1489
6798,33,862,1297
6799,33,866,1193
6800,33,870,1212
6801,33,875,1329
6802,33,879,1292
6803,33,883,1175
6804,33,887,931
6805,33,891,918
6806,33,895,929
6807,33,899,868
6808,33,903,839
6809,33,907,932
6810,33,912,977
6811,33,916,897
6812,33,920,705
6813,33,924,753
6814,33,928,551
6815,33,932,639
6816,33,936,608
6817,33,940,698
6818,33,945,435
6819,33,949,502
6820,33,953,488
6821,33,957,520
6822,33,961,617
6823,33,965,425
6824,33,969,512
6825,33,973,462
6826,33,978,366
6827,33,982,469
6828,33,986,397
6829,33,990,352
6830,33,994,469
6831,33,998,367
6832,34,002,390
6833,34,006,448
6834,34,011,524
6835,34,015,337
6836,34,019,411
6837,34,023,258
6838,34,027,370
6839,34,031,195
6840,34,035,368
6841,34,039,374
6842,34,044,479
6843,34,048,381
6844,34,052,486
6845,34,056,377
6846,34,060,338
6847,34,064,317
6848,34,068,512
6849,34,072,377
6850,34,076,474
6851,34,081,537
6852,34,085,348
6853,34,089,378
6854,34,093,292
6855,34,097,243
6856,34,101,366
6857,34,105,352
6858,34,109,375
6859,34,114,429
6860,34,118,270
6861,34,122,466
6862,34,126,448
6863,34,130,270
6864,34,134,312
6865,34,138,353
6866,34,142,293
6867,34,147,357
6868,34,151,311
6869,34,155,347
6870,34,159,282
6871,34,163,323
6872,34,167,504
6873,34,171,249
6874,34,175,306
6875,34,180,184
6876,34,184,450
6877,34,188,319
6878,34,192,389
6879,34,196,274
6880,34,200,254
6881,34,204,251
6882,34,208,383
6883,34,213,217
6884,34,217,238
6885,34,221,416
6886,34,225,311
6887,34,229,383
6888,34,233,310
6889,34,237,410
6890,34,241,311
6891,34,245,257
6892,34,250,281
6893,34,254,366
6894,34,258,336
6895,34,262,194
6896,34,266,356
6897,34,270,258
6898,34,274,304
6899,34,278,230
6900,34,283,263
6901,34,287,339
6902,34,291,287
6903,34,295,258
6904,34,299,289
6905,34,303,363
6906,34,307,249
6907,34,311,269
6908,34,316,359
6909,34,320,287
6910,34,324,230
6911,34,328,415
6912,34,332,300
6913,34,336,325
6914,34,340,254
6915,34,344,269
6916,34,349,256
6917,34,353,290
6918,34,357,307
6919,34,361,327
6920,34,365,318
6921,34,369,371
6922,34,373,293
6923,34,377,299
6924,34,382,286
6925,34,386,268
6926,34,390,415
6927,34,394,341
6928,34,398,315
6929,34,402,235
6930,34,406,213
6931,34,410,408
6932,34,414,219
6933,34,419,200
6934,34,423,202
6935,34,427,212
6936,34,431,298
6937,34,435,0
6938,34,439,267
6939,34,443,211
6940,34,447,158
6941,34,452,192
6942,34,456,357
6943,34,460,317
6944,34,464,363
6945,34,468,275
6946,34,472,309
6947,34,476,272
6948,34,480,284
6949,34,485,183
6950,34,489,323
6951,34,493,163
6952,34,497,246
6953,34,501,442
6954,34,505,299
6955,34,509,485
6956,34,513,761
6957,34,518,808
6958,34,522,1207
6959,34,526,1550
6960,34,530,2999
6961,34,534,3350
6962,34,538,4987
6963,34,542,5760
6964,34,546,8953
6965,34,551,10715
6966,34,555,14170
6967,34,559,16600
6968,34,563,19752
6969,34,567,22168
6970,34,571,23928
6971,34,575,25944
6972,34,579,28232
6973,34,584,28416
6974,34,588,29080
6975,34,592,28472
6976,34,596,25776
6977,34,600,25024
6978,34,604,22976
6979,34,608,21912
6980,34,612,19304
6981,34,616,17488
6982,34,621,17232
6983,34,625,15050
6984,34,629,12207
6985,34,633,12309
6986,34,637,10469
6987,34,641,10284
6988,34,645,8143
6989,34,649,8207
6990,34,654,6905
6991,34,658,6618
6992,34,662,6504
6993,34,666,5715
6994,34,670,5338
6995,34,674,4622
6996,34,678,4244
6997,34,682,4810
6998,34,687,3907
6999,34,691,4043
7000,34,695,3639
7001,34,699,3491
7002,34,703,3014
7003,34,707,3181
7004,34,711,3179
7005,34,715,3157
7006,34,720,2898
7007,34,724,2774
7008,34,728,2802
7009,34,732,3148
7010,34,736,2995
7011,34,740,3298
7012,34,744,2849
7013,34,748,2622
7014,34,753,2523
7015,34,757,2701
7016,34,761,2371
7017,34,765,2107
7018,34,769,2354
7019,34,773,2172
7020,34,777,1859
7021,34,781,1868
7022,34,785,1666
7023,34,790,1617
7024,34,794,1913
7025,34,798,1471
7026,34,802,1545
7027,34,806,1274
7028,34,810,1309
7029,34,814,915
7030,34,818,1174
7031,34,823,961
7032,34,827,1237
7033,34,831,1088
7034,34,835,1179
7035,34,839,815
7036,34,843,891
7037,34,847,831
7038,34,851,887
7039,34,856,674
7040,34,860,871
7041,34,864,856
7042,34,868,832
7043,34,872,886
7044,34,876,931
7045,34,880,593
7046,34,884,678
7047,34,889,690
7048,34,893,591
7049,34,897,724
7050,34,901,590
7051,34,905,711
7052,34,909,921
7053,34,913,706
7054,34,917,902
7055,34,922,743
7056,34,926,618
7057,34,930,736
7058,34,934,637
7059,34,938,581
7060,34,942,523
7061,34,946,541
7062,34,950,468
7063,34,954,381
7064,34,959,434
7065,34,963,427
7066,34,967,433
7067,34,971,381
7068,34,975,430
7069,34,979,532
7070,34,983,449
7071,34,987,342
7072,34,992,472
7073,34,996,431
7074,35,000,770
7075,35,004,574
7076,35,008,334
7077,35,012,423
7078,35,016,442
7079,35,020,442
7080,35,025,405
7081,35,029,524
7082,35,033,597
7083,35,037,581
7084,35,041,680
7085,35,045,488
7086,35,049,713
7087,35,053,857
7088,35,058,1302
7089,35,062,1531
7090,35,066,1952
7091,35,070,2476
7092,35,074,3726
7093,35,078,5005
7094,35,082,6463
7095,35,086,8703
7096,35,091,10851
7097,35,095,14454
7098,35,099,15291
7099,35,103,18232
7100,35,107,22152
7101,35,111,23864
7102,35,115,25176
7103,35,119,27528
7104,35,123,30160
7105,35,128,31088
7106,35,132,34000
7107,35,136,33512
7108,35,140,35616
7109,35,144,38176
7110,35,148,41568
7111,35,152,44240
7112,35,156,49368
7113,35,161,51112
7114,35,165,54744
7115,35,169,56368
7116,35,173,58992
7117,35,177,59288
7118,35,181,57992
7119,35,185,59464
7120,35,189,58408
7121,35,194,55424
7122,35,198,53000
7123,35,202,48856
7124,35,206,46304
7125,35,210,41728
7126,35,214,38896
7127,35,218,34280
7128,35,222,30856
7129,35,227,26960
7130,35,231,25048
7131,35,235,23088
7132,35,239,18848
7133,35,243,18712
7134,35,247,16576
7135,35,251,15254
7136,35,255,14085
7137,35,260,12189
7138,35,264,11460
7139,35,268,10794
7140,35,272,9703
7141,35,276,9241
7142,35,280,8515
7143,35,284,7632
7144,35,288,6413
7145,35,292,6724
7146,35,297,5979
7147,35,301,5821
7148,35,305,5583
7149,35,309,5192
7150,35,313,4761
7151,35,317,4562
7152,35,321,3723
7153,35,325,4323
7154,35,330,3790
7155,35,334,3628
7156,35,338,3769
7157,35,342,3130
7158,35,346,3000
7159,35,350,3030
7160,35,354,2766
7161,35,358,2742
7162,35,363,2500
7163,35,367,2566
7164,35,371,2519
7165,35,375,2386
7166,35,379,2298
7167,35,383,2645
7168,35,387,2728
7169,35,391,2404
7170,35,396,2753
7171,35,400,3164
7172,35,404,3124
7173,35,408,2973
7174,35,412,3646
7175,35,416,3342
7176,35,420,2986
7177,35,424,2912
7178,35,429,3165
7179,35,433,3263
7180,35,437,3159
7181,35,441,3198
7182,35,445,3340
7183,35,449,2669
7184,35,453,2906
7185,35,457,2350
7186,35,461,2681
7187,35,466,1952
7188,35,470,2421
7189,35,474,2474
7190,35,478,2128
7191,35,482,1743
7192,35,486,1735
7193,35,490,1571
7194,35,494,1916
7195,35,499,1968
7196,35,503,1583
7197,35,507,1504
7198,35,511,1245
7199,35,515,1311
7200,35,519,1255
7201,35,523,1226
7202,35,527,1112
7203,35,532,957
7204,35,536,1272
7205,35,540,1219
7206,35,544,953
7207,35,548,1146
7208,35,552,973
7209,35,556,948
7210,35,560,1122
7211,35,565,928
7212,35,569,1138
7213,35,573,690
7214,35,577,784
7215,35,581,734
7216,35,585,905
7217,35,589,885
7218,35,593,948
7219,35,598,787
7220,35,602,810
7221,35,606,760
7222,35,610,765
7223,35,614,590
7224,35,618,682
7225,35,622,754
7226,35,626,735
7227,35,630,825
7228,35,635,787
7229,35,639,717
7230,35,643,674
7231,35,647,781
7232,35,651,789
7233,35,655,533
7234,35,659,648
7235,35,663,545
7236,35,668,591
7237,35,672,672
7238,35,676,576
7239,35,680,720
7240,35,684,530
7241,35,688,759
7242,35,692,733
7243,35,696,589
7244,35,701,484
7245,35,705,503
7246,35,709,491
7247,35,713,698
7248,35,717,551
7249,35,721,451
7250,35,725,561
7251,35,729,462
7252,35,734,660
7253,35,738,620
7254,35,742,584
7255,35,746,436
7256,35,750,477
7257,35,754,432
7258,35,758,465
7259,35,762,630
7260,35,767,458
7261,35,771,468
7262,35,775,433
7263,35,779,418
7264,35,783,273
7265,35,787,422
7266,35,791,573
7267,35,795,559
7268,35,799,390
7269,35,804,323
7270,35,808,461
7271,35,812,588
7272,35,816,476
7273,35,820,403
7274,35,824,293
7275,35,828,385
7276,35,832,377
7277,35,837,405
7278,35,841,437
7279,35,845,478
7280,35,849,480
7281,35,853,464
7282,35,857,480
7283,35,861,315
7284,35,865,428
7285,35,870,419
7286,35,874,578
7287,35,878,524
7288,35,882,444
7289,35,886,432
7290,35,890,386
7291,35,894,413
7292,35,898,608
7293,35,903,362
7294,35,907,524
7295,35,911,310
7296,35,915,563
7297,35,919,285
7298,35,923,369
7299,35,927,472
7300,35,931,629
7301,35,936,359
7302,35,940,545
7303,35,944,357
7304,35,948,471
7305,35,952,672
7306,35,956,361
7307,35,960,437
7308,35,964,483
7309,35,968,546
7310,35,973,468
7311,35,977,336
7312,35,981,301
7313,35,985,354
7314,35,989,304
7315,35,993,387
7316,35,997,356
7317,36,001,377
7318,36,006,349
7319,36,010,279
7320,36,014,291
7321,36,018,410
7322,36,022,469
7323,36,026,331
7324,36,030,483
7325,36,034,347
7326,36,039,574
7327,36,043,344
7328,36,047,545
7329,36,051,524
7330,36,055,410
7331,36,059,419
7332,36,063,719
7333,36,067,718
7334,36,072,744
7335,36,076,689
7336,36,080,675
7337,36,084,874
7338,36,088,833
7339,36,092,994
7340,36,096,1134
7341,36,100,926
7342,36,105,976
7343,36,109,763
7344,36,113,834
7345,36,117,631
7346,36,121,952
7347,36,125,762
7348,36,129,901
7349,36,133,762
7350,36,137,643
7351,36,142,790
7352,36,146,570
7353,36,150,609
7354,36,154,698
7355,36,158,551
7356,36,162,591
7357,36,166,565
7358,36,170,626
7359,36,175,394
7360,36,179,465
7361,36,183,841
7362,36,187,562
7363,36,191,531
7364,36,195,419
7365,36,199,687
7366,36,203,558
7367,36,208,431
7368,36,212,503
7369,36,216,547
7370,36,220,360
7371,36,224,578
7372,36,228,506
7373,36,232,408
7374,36,236,372
7375,36,241,569
7376,36,245,424
7377,36,249,451
7378,36,253,549
7379,36,257,570
7380,36,261,415
7381,36,265,405
7382,36,269,382
7383,36,274,335
7384,36,278,557
7385,36,282,442
7386,36,286,347
7387,36,290,307
7388,36,294,626
7389,36,298,352
7390,36,302,426
7391,36,306,371
7392,36,311,283
7393,36,315,366
7394,36,319,519
7395,36,323,581
7396,36,327,409
7397,36,331,457
7398,36,335,524
7399,36,339,378
7400,36,344,386
7401,36,348,409
7402,36,352,295
7403,36,356,413
7404,36,360,406
7405,36,364,319
7406,36,368,366
7407,36,372,461
7408,36,377,518
7409,36,381,420
7410,36,385,420
7411,36,389,409
7412,36,393,370
7413,36,397,306
7414,36,401,159
7415,36,405,248
7416,36,410,444
7417,36,414,431
7418,36,418,439
7419,36,422,396
7420,36,426,405
7421,36,430,409
7422,36,434,329
7423,36,438,424
7424,36,443,418
7425,36,447,501
7426,36,451,386
7427,36,455,383
7428,36,459,384
7429,36,463,298
7430,36,467,512
7431,36,471,465
7432,36,475,384
7433,36,480,659
7434,36,484,807
7435,36,488,1014
7436,36,492,1548
7437,36,496,1952
7438,36,500,2695
7439,36,504,3697
7440,36,508,6024
7441,36,513,7786
7442,36,517,11020
7443,36,521,15470
7444,36,525,19224
7445,36,529,23872
7446,36,533,30744
7447,36,537,38880
7448,36,541,42848
7449,36,546,48376
7450,36,550,56672
7451,36,554,57896
7452,36,558,62200
7453,36,562,62352
7454,36,566,63608
7455,36,570,63240
7456,36,574,61056
7457,36,579,61312
7458,36,583,56888
7459,36,587,53744
7460,36,591,49888
7461,36,595,44864
7462,36,599,40808
7463,36,603,35680
7464,36,607,32080
7465,36,612,28072
7466,36,616,25400
7467,36,620,24016
7468,36,624,19544
7469,36,628,18344
7470,36,632,17640
7471,36,636,15541
7472,36,640,13972
7473,36,644,12936
7474,36,649,11232
7475,36,653,11194
7476,36,657,9830
7477,36,661,8810
7478,36,665,8852
7479,36,669,7976
7480,36,673,7360
7481,36,677,6483
7482,36,682,6480
7483,36,686,6128
7484,36,690,5680
7485,36,694,5201
7486,36,698,4788
7487,36,702,5281
7488,36,706,4172
7489,36,710,4130
7490,36,715,4025
7491,36,719,4017
7492,36,723,4184
7493,36,727,4189
7494,36,731,3523
7495,36,735,3231
7496,36,739,3477
7497,36,743,3162
7498,36,748,2691
7499,36,752,2539
7500,36,756,2369
7501,36,760,2248
7502,36,764,1966
7503,36,768,2471
7504,36,772,2154
7505,36,776,1974
7506,36,781,2132
7507,36,785,1937
7508,36,789,1774
7509,36,793,1623
7510,36,797,1376
7511,36,801,1366
7512,36,805,1753
7513,36,809,1447
7514,36,813,1467
7515,36,818,1520
7516,36,822,1428
7517,36,826,1035
7518,36,830,1280
7519,36,834,1244
7520,36,838,1060
7521,36,842,1191
7522,36,846,1100
7523,36,851,1169
7524,36,855,983
7525,36,859,1295
7526,36,863,885
7527,36,867,1068
7528,36,871,1015
7529,36,875,969
7530,36,879,849
7531,36,884,1005
7532,36,888,875
7533,36,892,950
7534,36,896,842
7535,36,900,772
7536,36,904,857
7537,36,908,956
7538,36,912,998
7539,36,917,864
7540,36,921,887
7541,36,925,1082
7542,36,929,844
7543,36,933,1091
7544,36,937,707
7545,36,941,1008
7546,36,945,815
7547,36,950,829
7548,36,954,705
7549,36,958,847
7550,36,962,980
7551,36,966,795
7552,36,970,894
7553,36,974,767
7554,36,978,921
7555,36,982,539
7556,36,987,765
7557,36,991,810
7558,36,995,897
7559,36,999,629
7560,37,003,644
7561,37,007,612
7562,37,011,752
7563,37,015,425
7564,37,020,804
7565,37,024,521
7566,37,028,639
7567,37,032,782
7568,37,036,643
7569,37,040,533
7570,37,044,527
7571,37,048,611
7572,37,053,650
7573,37,057,501
7574,37,061,528
7575,37,065,448
7576,37,069,565
7577,37,073,564
7578,37,077,527
7579,37,081,550
7580,37,086,503
7581,37,090,695
7582,37,094,502
7583,37,098,394
7584,37,102,457
7585,37,106,494
7586,37,110,587
7587,37,114,527
7588,37,119,656
7589,37,123,676
7590,37,127,570
7591,37,131,678
7592,37,135,443
7593,37,139,501
7594,37,143,438
7595,37,147,547
7596,37,151,473
7597,37,156,433
7598,37,160,392
7599,37,164,518
7600,37,168,376
7601,37,172,424
7602,37,176,477
7603,37,180,380
7604,37,184,277
7605,37,189,462
7606,37,193,654
7607,37,197,518
7608,37,201,496
7609,37,205,400
7610,37,209,621
7611,37,213,463
7612,37,217,409
7613,37,222,403
7614,37,226,489
7615,37,230,504
7616,37,234,370
7617,37,238,485
7618,37,242,542
7619,37,246,488
7620,37,250,370
7621,37,255,577
7622,37,259,519
7623,37,263,596
7624,37,267,665
7625,37,271,460
7626,37,275,340
7627,37,279,565
7628,37,283,568
7629,37,288,384
7630,37,292,591
7631,37,296,485
7632,37,300,438
7633,37,304,534
7634,37,308,594
7635,37,312,554
7636,37,316,430
7637,37,320,558
7638,37,325,424
7639,37,329,608
7640,37,333,694
7641,37,337,354
7642,37,341,409
7643,37,345,542
7644,37,349,469
7645,37,353,695
7646,37,358,511
7647,37,362,453
7648,37,366,693
7649,37,370,486
7650,37,374,435
7651,37,378,465
7652,37,382,424
7653,37,386,728
7654,37,391,654
7655,37,395,837
7656,37,399,876
7657,37,403,844
7658,37,407,1049
7659,37,411,988
7660,37,415,1377
7661,37,419,1061
7662,37,424,1022
7663,37,428,1091
7664,37,432,1501
7665,37,436,1335
7666,37,440,1331
7667,37,444,835
7668,37,448,1124
7669,37,452,1069
7670,37,457,985
7671,37,461,978
7672,37,465,1171
7673,37,469,1205
7674,37,473,872
7675,37,477,914
7676,37,481,897
7677,37,485,924
7678,37,489,593
7679,37,494,546
7680,37,498,818
7681,37,502,946
7682,37,506,758
7683,37,510,624
7684,37,514,1014
7685,37,518,722
7686,37,522,609
7687,37,527,663
7688,37,531,540
7689,37,535,500
7690,37,539,684
7691,37,543,625
7692,37,547,520
7693,37,551,598
7694,37,555,578
7695,37,560,829
7696,37,564,529
7697,37,568,564
7698,37,572,686
7699,37,576,478
7700,37,580,476
7701,37,584,472
7702,37,588,538
7703,37,593,574
7704,37,597,478
7705,37,601,493
7706,37,605,514
7707,37,609,517
7708,37,613,504
7709,37,617,673
7710,37,621,616
7711,37,626,482
7712,37,630,556
7713,37,634,335
7714,37,638,432
7715,37,642,520
7716,37,646,542
7717,37,650,502
7718,37,654,401
7719,37,658,505
7720,37,663,438
7721,37,667,581
7722,37,671,445
7723,37,675,643
7724,37,679,396
7725,37,683,498
7726,37,687,516
7727,37,691,489
7728,37,696,507
7729,37,700,478
7730,37,704,370
7731,37,708,266
7732,37,712,481
7733,37,716,561
7734,37,720,503
7735,37,724,462
7736,37,729,506
7737,37,733,367
7738,37,737,354
7739,37,741,390
7740,37,745,494
7741,37,749,536
7742,37,753,516
7743,37,757,618
7744,37,762,643
7745,37,766,399
7746,37,770,443
7747,37,774,455
7748,37,778,444
7749,37,782,513
7750,37,786,569
7751,37,790,564
7752,37,795,661
7753,37,799,695
7754,37,803,507
7755,37,807,600
7756,37,811,459
7757,37,815,250
7758,37,819,343
7759,37,823,296
7760,37,827,488
7761,37,832,388
7762,37,836,545
7763,37,840,479
7764,37,844,404
7765,37,848,517
7766,37,852,382
7767,37,856,445
7768,37,860,402
7769,37,865,371
7770,37,869,563
7771,37,873,431
7772,37,877,446
7773,37,881,397
7774,37,885,451
7775,37,889,474
7776,37,893,418
7777,37,898,464
7778,37,902,561
7779,37,906,354
7780,37,910,355
7781,37,914,471
7782,37,918,499
7783,37,922,352
7784,37,926,384
7785,37,931,298
7786,37,935,234
7787,37,939,382
7788,37,943,299
7789,37,947,411
7790,37,951,514
7791,37,955,424
7792,37,959,438
7793,37,964,329
7794,37,968,313
7795,37,972,486
7796,37,976,346
7797,37,980,405
7798,37,984,335
7799,37,988,419
7800,37,992,476
7801,37,996,528
7802,38,001,420
7803,38,005,393
7804,38,009,335
7805,38,013,571
7806,38,017,383
7807,38,021,531
7808,38,025,426
7809,38,029,360
7810,38,034,521
7811,38,038,501
7812,38,042,508
7813,38,046,512
7814,38,050,716
7815,38,054,759
7816,38,058,834
7817,38,062,941
7818,38,067,1177
7819,38,071,1527
7820,38,075,1339
7821,38,079,1307
7822,38,083,1947
7823,38,087,1269
7824,38,091,1488
7825,38,095,1739
7826,38,100,1622
7827,38,104,1313
7828,38,108,1350
7829,38,112,1415
7830,38,116,1189
7831,38,120,1056
7832,38,124,1055
7833,38,128,1032
7834,38,133,986
7835,38,137,1277
7836,38,141,1089
7837,38,145,878
7838,38,149,1059
7839,38,153,689
7840,38,157,915
7841,38,161,784
7842,38,165,794
7843,38,170,853
7844,38,174,505
7845,38,178,751
7846,38,182,730
7847,38,186,740
7848,38,190,714
7849,38,194,964
7850,38,198,655
7851,38,203,577
7852,38,207,652
7853,38,211,720
7854,38,215,507
7855,38,219,568
7856,38,223,479
7857,38,227,889
7858,38,231,659
7859,38,236,542
7860,38,240,598
7861,38,244,688
7862,38,248,625
7863,38,252,511
7864,38,256,570
7865,38,260,487
7866,38,264,442
7867,38,269,396
7868,38,273,495
7869,38,277,596
7870,38,281,490
7871,38,285,484
7872,38,289,645
7873,38,293,538
7874,38,297,287
7875,38,302,476
7876,38,306,619
7877,38,310,640
7878,38,314,390
7879,38,318,642
7880,38,322,616
7881,38,326,540
7882,38,330,462
7883,38,334,660
7884,38,339,674
7885,38,343,453
7886,38,347,496
7887,38,351,600
7888,38,355,354
7889,38,359,396
7890,38,363,464
7891,38,367,449
7892,38,372,431
7893,38,376,543
7894,38,380,502
7895,38,384,336
7896,38,388,533
7897,38,392,418
7898,38,396,234
7899,38,400,309
7900,38,405,527
7901,38,409,470
7902,38,413,470
7903,38,417,377
7904,38,421,704
7905,38,425,333
7906,38,429,553
7907,38,433,509
7908,38,438,348
7909,38,442,559
7910,38,446,381
7911,38,450,534
7912,38,454,297
7913,38,458,442
7914,38,462,377
7915,38,466,461
7916,38,471,475
7917,38,475,385
7918,38,479,398
7919,38,483,380
7920,38,487,388
7921,38,491,340
7922,38,495,496
7923,38,499,486
7924,38,503,364
7925,38,508,352
7926,38,512,326
7927,38,516,254
7928,38,520,473
7929,38,524,306
7930,38,528,505
7931,38,532,453
7932,38,536,328
7933,38,541,457
7934,38,545,503
7935,38,549,370
7936,38,553,228
7937,38,557,438
7938,38,561,505
7939,38,565,354
7940,38,569,436
7941,38,574,387
7942,38,578,413
7943,38,582,543
7944,38,586,429
7945,38,590,438
7946,38,594,456
7947,38,598,337
7948,38,602,408
7949,38,607,416
7950,38,611,418
7951,38,615,352
7952,38,619,464
7953,38,623,360
7954,38,627,502
7955,38,631,392
7956,38,635,396
7957,38,640,351
7958,38,644,379
7959,38,648,388
7960,38,652,339
7961,38,656,476
7962,38,660,314
7963,38,664,370
7964,38,668,423
7965,38,672,366
7966,38,677,500
7967,38,681,507
7968,38,685,393
7969,38,689,454
7970,38,693,449
7971,38,697,306
7972,38,701,476
7973,38,705,397
7974,38,710,513
7975,38,714,460
7976,38,718,366
7977,38,722,291
7978,38,726,408
7979,38,730,289
7980,38,734,295
7981,38,738,454
7982,38,743,433
7983,38,747,352
7984,38,751,333
7985,38,755,598
7986,38,759,522
7987,38,763,364
7988,38,767,371
7989,38,771,647
7990,38,776,372
7991,38,780,466
7992,38,784,396
7993,38,788,249
7994,38,792,293
7995,38,796,419
7996,38,800,528
7997,38,804,404
7998,38,809,267
7999,38,813,275
8000,38,817,504
8001,38,821,584
8002,38,825,337
8003,38,829,537
8004,38,833,323
8005,38,837,256
8006,38,841,314
8007,38,846,505
8008,38,850,359
8009,38,854,394
8010,38,858,315
8011,38,862,457
8012,38,866,493
8013,38,870,431
8014,38,874,346
8015,38,879,497
8016,38,883,514
8017,38,887,378
8018,38,891,398
8019,38,895,356
8020,38,899,516
8021,38,903,330
8022,38,907,497
8023,38,912,357
8024,38,916,433
8025,38,920,339
8026,38,924,261
8027,38,928,506
8028,38,932,406
8029,38,936,470
8030,38,940,463
8031,38,945,513
8032,38,949,237
8033,38,953,221
8034,38,957,346
8035,38,961,291
8036,38,965,340
8037,38,969,392
8038,38,973,426
8039,38,978,377
8040,38,982,605
8041,38,986,378
8042,38,990,461
8043,38,994,261
8044,38,998,372
8045,39,002,455
8046,39,006,512
8047,39,010,411
8048,39,015,247
8049,39,019,333
8050,39,023,414
8051,39,027,412
8052,39,031,240
8053,39,035,391
8054,39,039,374
8055,39,043,318
8056,39,048,378
8057,39,052,402
8058,39,056,514
8059,39,060,470
8060,39,064,475
8061,39,068,449
8062,39,072,313
8063,39,076,465
8064,39,081,505
8065,39,085,307
8066,39,089,425
8067,39,093,353
8068,39,097,419
8069,39,101,310
8070,39,105,251
8071,39,109,396
8072,39,114,576
8073,39,118,342
8074,39,122,421
8075,39,126,399
8076,39,130,333
8077,39,134,412
8078,39,138,411
8079,39,142,466
8080,39,147,532
8081,39,151,580
8082,39,155,379
8083,39,159,532
8084,39,163,445
8085,39,167,262
8086,39,171,308
8087,39,175,602
8088,39,179,346
8089,39,184,402
8090,39,188,398
8091,39,192,408
8092,39,196,356
8093,39,200,298
8094,39,204,417
8095,39,208,487
8096,39,212,452
8097,39,217,418
8098,39,221,540
8099,39,225,491
8100,39,229,605
8101,39,233,359
8102,39,237,379
8103,39,241,362
8104,39,245,331
8105,39,250,347
8106,39,254,369
8107,39,258,378
8108,39,262,240
8109,39,266,376
8110,39,270,462
8111,39,274,420
8112,39,278,584
8113,39,283,462
8114,39,287,351
8115,39,291,434
8116,39,295,322
8117,39,299,398
8118,39,303,331
8119,39,307,353
8120,39,311,312
8121,39,316,275
8122,39,320,445
8123,39,324,378
8124,39,328,313
8125,39,332,295
8126,39,336,326
8127,39,340,460
8128,39,344,490
8129,39,348,470
8130,39,353,352
8131,39,357,386
8132,39,361,477
8133,39,365,434
8134,39,369,435
8135,39,373,366
8136,39,377,397
8137,39,381,434
8138,39,386,429
8139,39,390,314
8140,39,394,397
8141,39,398,307
8142,39,402,339
8143,39,406,409
8144,39,410,320
8145,39,414,298
8146,39,419,388
8147,39,423,404
8148,39,427,569
8149,39,431,456
8150,39,435,598
8151,39,439,341
8152,39,443,444
8153,39,447,362
8154,39,452,424
8155,39,456,392
8156,39,460,316
8157,39,464,360
8158,39,468,446
8159,39,472,584
8160,39,476,344
8161,39,480,584
8162,39,485,329
8163,39,489,309
8164,39,493,522
8165,39,497,448
8166,39,501,344
8167,39,505,368
8168,39,509,375
8169,39,513,297
8170,39,518,378
8171,39,522,446
8172,39,526,375
8173,39,530,306
8174,39,534,439
8175,39,538,454
8176,39,542,570
8177,39,546,517
8178,39,550,487
8179,39,555,577
8180,39,559,343
8181,39,563,377
8182,39,567,445
8183,39,571,376
8184,39,575,258
8185,39,579,425
8186,39,583,454
8187,39,588,455
8188,39,592,449
8189,39,596,361
8190,39,600,309
8191,39,604,573
8192,39,608,431
8193,39,612,308
8194,39,616,286
8195,39,621,342
8196,39,625,386
8197,39,629,485
8198,39,633,415
8199,39,637,519
8200,39,641,345
8201,39,645,266
8202,39,649,582
8203,39,654,528
8204,39,658,300
8205,39,662,404
8206,39,666,367
8207,39,670,193
8208,39,674,555
8209,39,678,415
8210,39,682,485
8211,39,687,349
8212,39,691,250
8213,39,695,405
8214,39,699,308
8215,39,703,412
8216,39,707,424
8217,39,711,314
8218,39,715,415
8219,39,719,350
8220,39,724,433
8221,39,728,368
8222,39,732,319
8223,39,736,329
8224,39,740,425
8225,39,744,461
8226,39,748,282
8227,39,752,372
8228,39,757,645
8229,39,761,616
8230,39,765,491
8231,39,769,837
8232,39,773,1364
8233,39,777,1691
8234,39,781,2450
8235,39,785,3854
8236,39,790,5104
8237,39,794,6267
8238,39,798,9024
8239,39,802,11824
8240,39,806,15654
8241,39,810,19560
8242,39,814,23296
8243,39,818,28072
8244,39,823,32320
8245,39,827,38480
8246,39,831,40944
8247,39,835,43024
8248,39,839,45184
8249,39,843,44872
8250,39,847,44232
8251,39,851,47088
8252,39,856,45064
8253,39,860,42400
8254,39,864,40584
8255,39,868,35424
8256,39,872,34232
8257,39,876,31760
8258,39,880,27744
8259,39,884,27504
8260,39,888,23984
8261,39,893,21272
8262,39,897,18176
8263,39,901,17336
8264,39,905,15273
8265,39,909,15050
8266,39,913,13266
8267,39,917,12450
8268,39,921,11369
8269,39,926,10604
8270,39,930,9483
8271,39,934,8779
8272,39,938,7931
8273,39,942,7735
8274,39,946,7292
8275,39,950,6282
8276,39,954,5946
8277,39,959,6326
8278,39,963,5785
8279,39,967,5600
8280,39,971,4928
8281,39,975,4808
8282,39,979,4053
8283,39,983,4059
8284,39,987,4132
8285,39,992,3674
8286,39,996,3658
8287,40,000,3434
8288,40,004,3484
8289,40,008,2556
8290,40,012,3000
8291,40,016,2748
8292,40,020,2318
8293,40,025,2671
8294,40,029,2194
8295,40,033,2775
8296,40,037,2419
8297,40,041,2254
8298,40,045,2053
8299,40,049,2256
8300,40,053,2121
8301,40,057,1918
8302,40,062,1956
8303,40,066,1760
8304,40,070,1574
8305,40,074,1614
8306,40,078,1740
8307,40,082,1706
8308,40,086,1689
8309,40,090,1567
8310,40,095,1876
8311,40,099,1719
8312,40,103,1315
8313,40,107,1392
8314,40,111,1629
8315,40,115,1133
8316,40,119,1233
8317,40,123,1193
8318,40,128,1125
8319,40,132,1388
8320,40,136,1135
8321,40,140,1034
8322,40,144,1068
8323,40,148,673
8324,40,152,1116
8325,40,156,987
8326,40,161,1124
8327,40,165,1078
8328,40,169,1061
8329,40,173,872
8330,40,177,945
8331,40,181,903
8332,40,185,807
8333,40,189,1375
8334,40,194,879
8335,40,198,719
8336,40,202,807
8337,40,206,1015
8338,40,210,1006
8339,40,214,799
8340,40,218,1170
8341,40,222,1099
8342,40,226,790
8343,40,231,885
8344,40,235,973
8345,40,239,739
8346,40,243,841
8347,40,247,762
8348,40,251,681
8349,40,255,828
8350,40,259,945
8351,40,264,742
8352,40,268,960
8353,40,272,836
8354,40,276,892
8355,40,280,762
8356,40,284,709
8357,40,288,800
8358,40,292,635
8359,40,297,696
8360,40,301,606
8361,40,305,691
8362,40,309,637
8363,40,313,635
8364,40,317,567
8365,40,321,826
8366,40,325,725
8367,40,330,665
8368,40,334,738
8369,40,338,707
8370,40,342,751
8371,40,346,441
8372,40,350,764
8373,40,354,499
8374,40,358,658
8375,40,363,825
8376,40,367,807
8377,40,371,470
8378,40,375,733
8379,40,379,812
8380,40,383,846
8381,40,387,779
8382,40,391,619
8383,40,395,810
8384,40,400,369
8385,40,404,739
8386,40,408,545
8387,40,412,617
8388,40,416,518
8389,40,420,604
8390,40,424,559
8391,40,428,867
8392,40,433,707
8393,40,437,485
8394,40,441,495
8395,40,445,645
8396,40,449,665
8397,40,453,744
8398,40,457,748
8399,40,461,636
8400,40,466,575
8401,40,470,564
8402,40,474,550
8403,40,478,859
8404,40,482,580
8405,40,486,675
8406,40,490,601
8407,40,494,672
8408,40,499,566
8409,40,503,504
8410,40,507,711
8411,40,511,550
8412,40,515,585
8413,40,519,675
8414,40,523,643
8415,40,527,773
8416,40,532,596
8417,40,536,692
8418,40,540,615
8419,40,544,786
8420,40,548,676
8421,40,552,630
8422,40,556,661
8423,40,560,587
8424,40,564,415
8425,40,569,791
8426,40,573,441
8427,40,577,476
8428,40,581,471
8429,40,585,541
8430,40,589,513
8431,40,593,561
8432,40,597,585
8433,40,602,638
8434,40,606,716
8435,40,610,802
8436,40,614,547
8437,40,618,538
8438,40,622,604
8439,40,626,463
8440,40,630,646
8441,40,635,546
8442,40,639,673
8443,40,643,727
8444,40,647,509
8445,40,651,714
8446,40,655,538
8447,40,659,447
8448,40,663,470
8449,40,668,513
8450,40,672,496
8451,40,676,451
8452,40,680,547
8453,40,684,515
8454,40,688,594
8455,40,692,506
8456,40,696,467
8457,40,701,424
8458,40,705,360
8459,40,709,586
8460,40,713,523
8461,40,717,536
8462,40,721,483
8463,40,725,546
8464,40,729,527
8465,40,733,651
8466,40,738,441
8467,40,742,617
8468,40,746,455
8469,40,750,322
8470,40,754,491
8471,40,758,354
8472,40,762,469
8473,40,766,611
8474,40,771,516
8475,40,775,504
8476,40,779,564
8477,40,783,301
8478,40,787,613
8479,40,791,417
8480,40,795,364
8481,40,799,416
8482,40,804,590
8483,40,808,611
8484,40,812,757
8485,40,816,487
8486,40,820,567
8487,40,824,461
8488,40,828,614
8489,40,832,519
8490,40,837,424
8491,40,841,621
8492,40,845,432
8493,40,849,448
8494,40,853,442
8495,40,857,522
8496,40,861,504
8497,40,865,456
8498,40,870,636
8499,40,874,620
8500,40,878,510
8501,40,882,517
8502,40,886,711
8503,40,890,436
8504,40,894,526
8505,40,898,587
8506,40,902,768
8507,40,907,393
8508,40,911,584
8509,40,915,696
8510,40,919,877
8511,40,923,548
8512,40,927,456
8513,40,931,560
8514,40,935,343
8515,40,940,633
8516,40,944,340
8517,40,948,460
8518,40,952,408
8519,40,956,456
8520,40,960,505
8521,40,964,453
8522,40,968,633
8523,40,973,342
