#"+EI EIC(105,1) Scan 80C_1ml-min_4C-min_2.D "
#Point,X(Minutes),Y(Counts)
0,5,841,193
1,5,845,0
2,5,849,0
3,5,853,0
4,5,857,0
5,5,862,0
6,5,866,0
7,5,870,0
8,5,874,0
9,5,878,0
10,5,882,0
11,5,886,0
12,5,890,0
13,5,895,0
14,5,899,0
15,5,903,0
16,5,907,0
17,5,911,0
18,5,915,0
19,5,919,0
20,5,923,0
21,5,928,0
22,5,932,0
23,5,936,0
24,5,940,0
25,5,944,0
26,5,948,0
27,5,952,0
28,5,956,0
29,5,961,0
30,5,965,0
31,5,969,0
32,5,973,0
33,5,977,0
34,5,981,0
35,5,985,0
36,5,989,0
37,5,994,0
38,5,998,0
39,6,002,0
40,6,006,0
41,6,010,0
42,6,014,0
43,6,018,0
44,6,022,0
45,6,026,0
46,6,031,0
47,6,035,0
48,6,039,0
49,6,043,0
50,6,047,0
51,6,051,0
52,6,055,0
53,6,059,0
54,6,064,0
55,6,068,0
56,6,072,0
57,6,076,152
58,6,080,0
59,6,084,0
60,6,088,0
61,6,092,0
62,6,097,0
63,6,101,0
64,6,105,0
65,6,109,207
66,6,113,175
67,6,117,242
68,6,121,238
69,6,125,245
70,6,130,150
71,6,134,384
72,6,138,0
73,6,142,0
74,6,146,259
75,6,150,175
76,6,154,151
77,6,158,216
78,6,163,0
79,6,167,221
80,6,171,0
81,6,175,0
82,6,179,0
83,6,183,0
84,6,187,0
85,6,191,0
86,6,195,0
87,6,200,0
88,6,204,0
89,6,208,0
90,6,212,0
91,6,216,0
92,6,220,0
93,6,224,0
94,6,228,0
95,6,233,0
96,6,237,0
97,6,241,0
98,6,245,0
99,6,249,0
100,6,253,0
101,6,257,0
102,6,261,0
103,6,266,0
104,6,270,0
105,6,274,0
106,6,278,0
107,6,282,0
108,6,286,0
109,6,290,0
110,6,294,0
111,6,299,0
112,6,303,0
113,6,307,0
114,6,311,0
115,6,315,206
116,6,319,0
117,6,323,0
118,6,327,0
119,6,332,0
120,6,336,0
121,6,340,0
122,6,344,0
123,6,348,0
124,6,352,0
125,6,356,0
126,6,360,0
127,6,364,155
128,6,369,0
129,6,373,153
130,6,377,0
131,6,381,0
132,6,385,0
133,6,389,0
134,6,393,0
135,6,397,172
136,6,402,158
137,6,406,296
138,6,410,207
139,6,414,231
140,6,418,230
141,6,422,268
142,6,426,432
143,6,430,167
144,6,435,225
145,6,439,287
146,6,443,0
147,6,447,164
148,6,451,325
149,6,455,323
150,6,459,248
151,6,463,190
152,6,468,0
153,6,472,202
154,6,476,152
155,6,480,184
156,6,484,172
157,6,488,160
158,6,492,171
159,6,496,186
160,6,501,243
161,6,505,0
162,6,509,0
163,6,513,0
164,6,517,260
165,6,521,0
166,6,525,0
167,6,529,168
168,6,533,201
169,6,538,0
170,6,542,160
171,6,546,181
172,6,550,0
173,6,554,240
174,6,558,0
175,6,562,0
176,6,566,0
177,6,571,0
178,6,575,0
179,6,579,0
180,6,583,0
181,6,587,0
182,6,591,0
183,6,595,0
184,6,599,0
185,6,604,0
186,6,608,0
187,6,612,0
188,6,616,0
189,6,620,0
190,6,624,0
191,6,628,0
192,6,632,0
193,6,637,0
194,6,641,0
195,6,645,0
196,6,649,0
197,6,653,0
198,6,657,0
199,6,661,0
200,6,665,0
201,6,670,0
202,6,674,0
203,6,678,0
204,6,682,0
205,6,686,0
206,6,690,0
207,6,694,0
208,6,698,0
209,6,702,0
210,6,707,0
211,6,711,0
212,6,715,0
213,6,719,0
214,6,723,0
215,6,727,0
216,6,731,0
217,6,735,0
218,6,740,0
219,6,744,0
220,6,748,0
221,6,752,0
222,6,756,0
223,6,760,0
224,6,764,0
225,6,768,0
226,6,773,0
227,6,777,0
228,6,781,0
229,6,785,0
230,6,789,0
231,6,793,0
232,6,797,0
233,6,801,0
234,6,806,0
235,6,810,0
236,6,814,0
237,6,818,0
238,6,822,0
239,6,826,0
240,6,830,0
241,6,834,0
242,6,839,0
243,6,843,0
244,6,847,0
245,6,851,0
246,6,855,0
247,6,859,0
248,6,863,0
249,6,867,0
250,6,871,0
251,6,876,0
252,6,880,0
253,6,884,0
254,6,888,0
255,6,892,0
256,6,896,0
257,6,900,0
258,6,904,0
259,6,909,0
260,6,913,0
261,6,917,0
262,6,921,0
263,6,925,0
264,6,929,0
265,6,933,0
266,6,937,0
267,6,942,0
268,6,946,0
269,6,950,0
270,6,954,0
271,6,958,0
272,6,962,0
273,6,966,0
274,6,970,0
275,6,975,0
276,6,979,0
277,6,983,0
278,6,987,0
279,6,991,151
280,6,995,0
281,6,999,171
282,7,003,218
283,7,008,372
284,7,012,0
285,7,016,211
286,7,020,299
287,7,024,336
288,7,028,253
289,7,032,217
290,7,036,281
291,7,040,186
292,7,045,399
293,7,049,532
294,7,053,428
295,7,057,415
296,7,061,314
297,7,065,261
298,7,069,248
299,7,073,241
300,7,078,218
301,7,082,204
302,7,086,291
303,7,090,284
304,7,094,0
305,7,098,194
306,7,102,173
307,7,106,206
308,7,111,0
309,7,115,0
310,7,119,189
311,7,123,0
312,7,127,160
313,7,131,0
314,7,135,0
315,7,139,210
316,7,144,0
317,7,148,0
318,7,152,0
319,7,156,220
320,7,160,239
321,7,164,204
322,7,168,167
323,7,172,189
324,7,177,0
325,7,181,169
326,7,185,178
327,7,189,230
328,7,193,272
329,7,197,0
330,7,201,0
331,7,205,0
332,7,209,203
333,7,214,174
334,7,218,195
335,7,222,165
336,7,226,256
337,7,230,180
338,7,234,206
339,7,238,218
340,7,242,261
341,7,247,158
342,7,251,180
343,7,255,175
344,7,259,231
345,7,263,315
346,7,267,0
347,7,271,193
348,7,275,210
349,7,280,184
350,7,284,290
351,7,288,284
352,7,292,372
353,7,296,185
354,7,300,247
355,7,304,416
356,7,308,284
357,7,313,361
358,7,317,224
359,7,321,359
360,7,325,334
361,7,329,247
362,7,333,347
363,7,337,0
364,7,341,386
365,7,346,192
366,7,350,224
367,7,354,212
368,7,358,161
369,7,362,275
370,7,366,203
371,7,370,238
372,7,374,415
373,7,378,210
374,7,383,180
375,7,387,165
376,7,391,0
377,7,395,172
378,7,399,245
379,7,403,205
380,7,407,0
381,7,411,221
382,7,416,194
383,7,420,231
384,7,424,163
385,7,428,0
386,7,432,196
387,7,436,193
388,7,440,0
389,7,444,0
390,7,449,0
391,7,453,0
392,7,457,0
393,7,461,0
394,7,465,0
395,7,469,0
396,7,473,0
397,7,477,0
398,7,482,0
399,7,486,0
400,7,490,0
401,7,494,0
402,7,498,0
403,7,502,0
404,7,506,0
405,7,510,0
406,7,515,0
407,7,519,0
408,7,523,0
409,7,527,0
410,7,531,0
411,7,535,0
412,7,539,0
413,7,543,0
414,7,547,151
415,7,552,156
416,7,556,0
417,7,560,0
418,7,564,0
419,7,568,0
420,7,572,0
421,7,576,0
422,7,580,0
423,7,585,0
424,7,589,0
425,7,593,0
426,7,597,0
427,7,601,0
428,7,605,0
429,7,609,0
430,7,613,0
431,7,618,0
432,7,622,0
433,7,626,0
434,7,630,0
435,7,634,0
436,7,638,0
437,7,642,0
438,7,646,0
439,7,651,0
440,7,655,0
441,7,659,0
442,7,663,0
443,7,667,0
444,7,671,0
445,7,675,0
446,7,679,0
447,7,684,0
448,7,688,0
449,7,692,0
450,7,696,0
451,7,700,0
452,7,704,0
453,7,708,0
454,7,712,0
455,7,716,0
456,7,721,0
457,7,725,0
458,7,729,0
459,7,733,0
460,7,737,0
461,7,741,0
462,7,745,0
463,7,749,0
464,7,754,0
465,7,758,0
466,7,762,0
467,7,766,0
468,7,770,0
469,7,774,0
470,7,778,0
471,7,782,0
472,7,787,0
473,7,791,0
474,7,795,0
475,7,799,0
476,7,803,0
477,7,807,0
478,7,811,0
479,7,815,0
480,7,820,0
481,7,824,0
482,7,828,0
483,7,832,0
484,7,836,0
485,7,840,0
486,7,844,0
487,7,848,0
488,7,853,0
489,7,857,0
490,7,861,0
491,7,865,0
492,7,869,0
493,7,873,0
494,7,877,0
495,7,881,0
496,7,885,0
497,7,890,0
498,7,894,0
499,7,898,0
500,7,902,0
501,7,906,0
502,7,910,0
503,7,914,0
504,7,918,0
505,7,923,0
506,7,927,0
507,7,931,0
508,7,935,153
509,7,939,0
510,7,943,0
511,7,947,0
512,7,951,0
513,7,956,0
514,7,960,0
515,7,964,193
516,7,968,0
517,7,972,160
518,7,976,0
519,7,980,0
520,7,984,0
521,7,989,0
522,7,993,0
523,7,997,0
524,8,001,0
525,8,005,0
526,8,009,0
527,8,013,0
528,8,017,0
529,8,022,0
530,8,026,0
531,8,030,0
532,8,034,167
533,8,038,0
534,8,042,0
535,8,046,0
536,8,050,0
537,8,054,0
538,8,059,158
539,8,063,0
540,8,067,0
541,8,071,0
542,8,075,240
543,8,079,233
544,8,083,209
545,8,087,239
546,8,092,164
547,8,096,301
548,8,100,373
549,8,104,466
550,8,108,268
551,8,112,211
552,8,116,187
553,8,120,263
554,8,125,229
555,8,129,238
556,8,133,153
557,8,137,270
558,8,141,268
559,8,145,228
560,8,149,270
561,8,153,245
562,8,158,230
563,8,162,159
564,8,166,0
565,8,170,0
566,8,174,0
567,8,178,0
568,8,182,192
569,8,186,189
570,8,191,0
571,8,195,279
572,8,199,0
573,8,203,180
574,8,207,0
575,8,211,0
576,8,215,0
577,8,219,0
578,8,223,0
579,8,228,0
580,8,232,0
581,8,236,0
582,8,240,0
583,8,244,0
584,8,248,0
585,8,252,0
586,8,256,0
587,8,261,0
588,8,265,0
589,8,269,199
590,8,273,0
591,8,277,0
592,8,281,0
593,8,285,176
594,8,289,0
595,8,294,0
596,8,298,0
597,8,302,0
598,8,306,0
599,8,310,192
600,8,314,0
601,8,318,173
602,8,322,0
603,8,327,0
604,8,331,0
605,8,335,0
606,8,339,178
607,8,343,150
608,8,347,0
609,8,351,205
610,8,355,0
611,8,360,0
612,8,364,0
613,8,368,0
614,8,372,157
615,8,376,154
616,8,380,0
617,8,384,0
618,8,388,0
619,8,392,0
620,8,397,0
621,8,401,0
622,8,405,0
623,8,409,0
624,8,413,0
625,8,417,0
626,8,421,0
627,8,425,0
628,8,430,0
629,8,434,0
630,8,438,0
631,8,442,0
632,8,446,0
633,8,450,0
634,8,454,0
635,8,458,0
636,8,463,0
637,8,467,0
638,8,471,0
639,8,475,0
640,8,479,0
641,8,483,0
642,8,487,0
643,8,491,0
644,8,496,0
645,8,500,0
646,8,504,0
647,8,508,0
648,8,512,0
649,8,516,0
650,8,520,0
651,8,524,0
652,8,529,0
653,8,533,0
654,8,537,190
655,8,541,0
656,8,545,188
657,8,549,0
658,8,553,0
659,8,557,0
660,8,561,0
661,8,566,0
662,8,570,0
663,8,574,0
664,8,578,0
665,8,582,0
666,8,586,0
667,8,590,0
668,8,594,0
669,8,599,0
670,8,603,0
671,8,607,0
672,8,611,0
673,8,615,0
674,8,619,0
675,8,623,0
676,8,627,0
677,8,632,0
678,8,636,0
679,8,640,0
680,8,644,0
681,8,648,0
682,8,652,0
683,8,656,0
684,8,660,0
685,8,665,0
686,8,669,0
687,8,673,0
688,8,677,0
689,8,681,0
690,8,685,0
691,8,689,0
692,8,693,0
693,8,698,0
694,8,702,0
695,8,706,0
696,8,710,0
697,8,714,0
698,8,718,0
699,8,722,0
700,8,726,0
701,8,730,0
702,8,735,0
703,8,739,0
704,8,743,0
705,8,747,0
706,8,751,0
707,8,755,0
708,8,759,0
709,8,763,0
710,8,768,0
711,8,772,0
712,8,776,0
713,8,780,0
714,8,784,0
715,8,788,0
716,8,792,0
717,8,796,0
718,8,801,0
719,8,805,0
720,8,809,0
721,8,813,0
722,8,817,0
723,8,821,0
724,8,825,0
725,8,829,0
726,8,834,0
727,8,838,0
728,8,842,0
729,8,846,0
730,8,850,0
731,8,854,0
732,8,858,0
733,8,862,0
734,8,867,0
735,8,871,0
736,8,875,0
737,8,879,0
738,8,883,0
739,8,887,0
740,8,891,0
741,8,895,0
742,8,899,0
743,8,904,0
744,8,908,0
745,8,912,0
746,8,916,0
747,8,920,0
748,8,924,0
749,8,928,0
750,8,932,0
751,8,937,0
752,8,941,0
753,8,945,0
754,8,949,0
755,8,953,0
756,8,957,0
757,8,961,0
758,8,965,0
759,8,970,0
760,8,974,0
761,8,978,0
762,8,982,0
763,8,986,0
764,8,990,0
765,8,994,0
766,8,998,156
767,9,003,0
768,9,007,0
769,9,011,0
770,9,015,0
771,9,019,0
772,9,023,0
773,9,027,0
774,9,031,0
775,9,036,0
776,9,040,0
777,9,044,154
778,9,048,0
779,9,052,0
780,9,056,0
781,9,060,0
782,9,064,0
783,9,068,0
784,9,073,0
785,9,077,0
786,9,081,0
787,9,085,0
788,9,089,0
789,9,093,0
790,9,097,0
791,9,101,0
792,9,106,0
793,9,110,0
794,9,114,0
795,9,118,0
796,9,122,157
797,9,126,0
798,9,130,184
799,9,134,162
800,9,139,0
801,9,143,164
802,9,147,157
803,9,151,0
804,9,155,279
805,9,159,0
806,9,163,0
807,9,167,183
808,9,172,0
809,9,176,0
810,9,180,0
811,9,184,0
812,9,188,0
813,9,192,168
814,9,196,0
815,9,200,0
816,9,205,0
817,9,209,0
818,9,213,0
819,9,217,0
820,9,221,0
821,9,225,229
822,9,229,0
823,9,233,0
824,9,237,0
825,9,242,0
826,9,246,0
827,9,250,0
828,9,254,0
829,9,258,0
830,9,262,0
831,9,266,0
832,9,270,0
833,9,275,0
834,9,279,0
835,9,283,0
836,9,287,0
837,9,291,0
838,9,295,0
839,9,299,0
840,9,303,0
841,9,308,0
842,9,312,0
843,9,316,0
844,9,320,0
845,9,324,0
846,9,328,0
847,9,332,0
848,9,336,0
849,9,341,0
850,9,345,0
851,9,349,0
852,9,353,229
853,9,357,0
854,9,361,169
855,9,365,0
856,9,369,0
857,9,374,0
858,9,378,0
859,9,382,0
860,9,386,0
861,9,390,0
862,9,394,0
863,9,398,0
864,9,402,0
865,9,406,0
866,9,411,0
867,9,415,0
868,9,419,0
869,9,423,224
870,9,427,0
871,9,431,200
872,9,435,0
873,9,439,0
874,9,444,0
875,9,448,0
876,9,452,0
877,9,456,0
878,9,460,0
879,9,464,0
880,9,468,0
881,9,472,0
882,9,477,0
883,9,481,0
884,9,485,0
885,9,489,0
886,9,493,0
887,9,497,0
888,9,501,0
889,9,505,0
890,9,510,0
891,9,514,0
892,9,518,0
893,9,522,0
894,9,526,0
895,9,530,0
896,9,534,0
897,9,538,0
898,9,543,0
899,9,547,0
900,9,551,0
901,9,555,0
902,9,559,0
903,9,563,0
904,9,567,0
905,9,571,0
906,9,575,0
907,9,580,0
908,9,584,0
909,9,588,0
910,9,592,0
911,9,596,0
912,9,600,0
913,9,604,0
914,9,608,162
915,9,613,0
916,9,617,0
917,9,621,0
918,9,625,0
919,9,629,0
920,9,633,0
921,9,637,0
922,9,641,0
923,9,646,0
924,9,650,0
925,9,654,0
926,9,658,0
927,9,662,0
928,9,666,0
929,9,670,0
930,9,674,0
931,9,679,0
932,9,683,0
933,9,687,0
934,9,691,0
935,9,695,0
936,9,699,0
937,9,703,0
938,9,707,0
939,9,712,0
940,9,716,0
941,9,720,0
942,9,724,0
943,9,728,0
944,9,732,0
945,9,736,0
946,9,740,0
947,9,744,0
948,9,749,0
949,9,753,202
950,9,757,228
951,9,761,0
952,9,765,0
953,9,769,0
954,9,773,151
955,9,777,0
956,9,782,0
957,9,786,0
958,9,790,0
959,9,794,0
960,9,798,0
961,9,802,0
962,9,806,0
963,9,810,0
964,9,815,0
965,9,819,174
966,9,823,0
967,9,827,0
968,9,831,0
969,9,835,0
970,9,839,0
971,9,843,0
972,9,848,0
973,9,852,0
974,9,856,0
975,9,860,0
976,9,864,0
977,9,868,0
978,9,872,0
979,9,876,0
980,9,881,0
981,9,885,0
982,9,889,0
983,9,893,0
984,9,897,0
985,9,901,0
986,9,905,0
987,9,909,0
988,9,914,0
989,9,918,0
990,9,922,0
991,9,926,0
992,9,930,0
993,9,934,0
994,9,938,0
995,9,942,0
996,9,946,0
997,9,951,0
998,9,955,0
999,9,959,0
1000,9,963,0
1001,9,967,0
1002,9,971,0
1003,9,975,0
1004,9,979,0
1005,9,984,0
1006,9,988,0
1007,9,992,0
1008,9,996,0
1009,10,000,0
1010,10,004,0
1011,10,008,0
1012,10,012,0
1013,10,017,0
1014,10,021,0
1015,10,025,0
1016,10,029,0
1017,10,033,0
1018,10,037,0
1019,10,041,0
1020,10,045,0
1021,10,050,0
1022,10,054,0
1023,10,058,0
1024,10,062,0
1025,10,066,0
1026,10,070,0
1027,10,074,0
1028,10,078,0
1029,10,083,0
1030,10,087,0
1031,10,091,0
1032,10,095,0
1033,10,099,0
1034,10,103,0
1035,10,107,0
1036,10,111,0
1037,10,115,0
1038,10,120,0
1039,10,124,0
1040,10,128,0
1041,10,132,0
1042,10,136,0
1043,10,140,0
1044,10,144,0
1045,10,148,0
1046,10,153,0
1047,10,157,0
1048,10,161,0
1049,10,165,0
1050,10,169,0
1051,10,173,0
1052,10,177,0
1053,10,181,0
1054,10,186,0
1055,10,190,0
1056,10,194,0
1057,10,198,0
1058,10,202,0
1059,10,206,0
1060,10,210,0
1061,10,214,0
1062,10,219,0
1063,10,223,0
1064,10,227,0
1065,10,231,0
1066,10,235,0
1067,10,239,0
1068,10,243,0
1069,10,247,0
1070,10,252,0
1071,10,256,0
1072,10,260,0
1073,10,264,0
1074,10,268,0
1075,10,272,0
1076,10,276,0
1077,10,280,0
1078,10,284,0
1079,10,289,0
1080,10,293,0
1081,10,297,0
1082,10,301,0
1083,10,305,0
1084,10,309,0
1085,10,313,0
1086,10,317,0
1087,10,322,0
1088,10,326,0
1089,10,330,0
1090,10,334,0
1091,10,338,0
1092,10,342,0
1093,10,346,0
1094,10,350,0
1095,10,355,0
1096,10,359,0
1097,10,363,0
1098,10,367,0
1099,10,371,0
1100,10,375,0
1101,10,379,0
1102,10,383,0
1103,10,388,0
1104,10,392,0
1105,10,396,0
1106,10,400,0
1107,10,404,0
1108,10,408,0
1109,10,412,0
1110,10,416,0
1111,10,421,0
1112,10,425,0
1113,10,429,0
1114,10,433,0
1115,10,437,0
1116,10,441,0
1117,10,445,0
1118,10,449,0
1119,10,453,0
1120,10,458,0
1121,10,462,0
1122,10,466,0
1123,10,470,0
1124,10,474,0
1125,10,478,0
1126,10,482,0
1127,10,486,0
1128,10,491,0
1129,10,495,0
1130,10,499,0
1131,10,503,0
1132,10,507,0
1133,10,511,0
1134,10,515,0
1135,10,519,0
1136,10,524,0
1137,10,528,0
1138,10,532,0
1139,10,536,0
1140,10,540,0
1141,10,544,0
1142,10,548,0
1143,10,552,0
1144,10,557,0
1145,10,561,0
1146,10,565,0
1147,10,569,0
1148,10,573,0
1149,10,577,0
1150,10,581,0
1151,10,585,0
1152,10,590,0
1153,10,594,0
1154,10,598,0
1155,10,602,0
1156,10,606,0
1157,10,610,0
1158,10,614,0
1159,10,618,0
1160,10,622,0
1161,10,627,0
1162,10,631,0
1163,10,635,0
1164,10,639,0
1165,10,643,0
1166,10,647,0
1167,10,651,0
1168,10,655,0
1169,10,660,191
1170,10,664,0
1171,10,668,0
1172,10,672,0
1173,10,676,0
1174,10,680,0
1175,10,684,0
1176,10,688,0
1177,10,693,167
1178,10,697,0
1179,10,701,0
1180,10,705,0
1181,10,709,0
1182,10,713,0
1183,10,717,0
1184,10,721,0
1185,10,726,0
1186,10,730,0
1187,10,734,0
1188,10,738,0
1189,10,742,0
1190,10,746,0
1191,10,750,0
1192,10,754,0
1193,10,759,0
1194,10,763,0
1195,10,767,0
1196,10,771,0
1197,10,775,0
1198,10,779,0
1199,10,783,0
1200,10,787,0
1201,10,791,158
1202,10,796,0
1203,10,800,0
1204,10,804,0
1205,10,808,0
1206,10,812,0
1207,10,816,0
1208,10,820,0
1209,10,824,0
1210,10,829,0
1211,10,833,0
1212,10,837,0
1213,10,841,0
1214,10,845,0
1215,10,849,0
1216,10,853,0
1217,10,857,0
1218,10,862,0
1219,10,866,0
1220,10,870,0
1221,10,874,0
1222,10,878,0
1223,10,882,0
1224,10,886,0
1225,10,890,0
1226,10,895,0
1227,10,899,0
1228,10,903,0
1229,10,907,0
1230,10,911,0
1231,10,915,0
1232,10,919,0
1233,10,923,0
1234,10,928,0
1235,10,932,0
1236,10,936,0
1237,10,940,0
1238,10,944,0
1239,10,948,0
1240,10,952,0
1241,10,956,0
1242,10,960,0
1243,10,965,0
1244,10,969,0
1245,10,973,0
1246,10,977,0
1247,10,981,0
1248,10,985,0
1249,10,989,0
1250,10,993,0
1251,10,998,0
1252,11,002,0
1253,11,006,0
1254,11,010,0
1255,11,014,0
1256,11,018,0
1257,11,022,0
1258,11,026,0
1259,11,031,0
1260,11,035,0
1261,11,039,0
1262,11,043,0
1263,11,047,0
1264,11,051,0
1265,11,055,0
1266,11,059,0
1267,11,064,0
1268,11,068,0
1269,11,072,0
1270,11,076,0
1271,11,080,0
1272,11,084,0
1273,11,088,0
1274,11,092,0
1275,11,097,0
1276,11,101,0
1277,11,105,0
1278,11,109,0
1279,11,113,0
1280,11,117,0
1281,11,121,0
1282,11,125,0
1283,11,129,0
1284,11,134,0
1285,11,138,0
1286,11,142,0
1287,11,146,0
1288,11,150,0
1289,11,154,0
1290,11,158,0
1291,11,162,0
1292,11,167,0
1293,11,171,0
1294,11,175,0
1295,11,179,0
1296,11,183,0
1297,11,187,0
1298,11,191,0
1299,11,195,0
1300,11,200,0
1301,11,204,0
1302,11,208,0
1303,11,212,0
1304,11,216,0
1305,11,220,0
1306,11,224,0
1307,11,228,0
1308,11,233,0
1309,11,237,0
1310,11,241,0
1311,11,245,0
1312,11,249,0
1313,11,253,0
1314,11,257,0
1315,11,261,0
1316,11,266,0
1317,11,270,0
1318,11,274,0
1319,11,278,0
1320,11,282,0
1321,11,286,0
1322,11,290,0
1323,11,294,0
1324,11,298,0
1325,11,303,0
1326,11,307,0
1327,11,311,0
1328,11,315,0
1329,11,319,0
1330,11,323,0
1331,11,327,0
1332,11,331,0
1333,11,336,0
1334,11,340,0
1335,11,344,0
1336,11,348,0
1337,11,352,0
1338,11,356,0
1339,11,360,0
1340,11,364,0
1341,11,369,0
1342,11,373,0
1343,11,377,0
1344,11,381,0
1345,11,385,0
1346,11,389,0
1347,11,393,0
1348,11,397,0
1349,11,402,0
1350,11,406,0
1351,11,410,0
1352,11,414,0
1353,11,418,0
1354,11,422,0
1355,11,426,0
1356,11,430,0
1357,11,435,0
1358,11,439,0
1359,11,443,0
1360,11,447,0
1361,11,451,0
1362,11,455,0
1363,11,459,0
1364,11,463,0
1365,11,467,0
1366,11,472,0
1367,11,476,0
1368,11,480,0
1369,11,484,0
1370,11,488,0
1371,11,492,0
1372,11,496,0
1373,11,500,0
1374,11,505,0
1375,11,509,0
1376,11,513,0
1377,11,517,0
1378,11,521,0
1379,11,525,0
1380,11,529,0
1381,11,533,0
1382,11,538,0
1383,11,542,0
1384,11,546,0
1385,11,550,0
1386,11,554,0
1387,11,558,0
1388,11,562,0
1389,11,566,0
1390,11,571,0
1391,11,575,0
1392,11,579,0
1393,11,583,0
1394,11,587,0
1395,11,591,0
1396,11,595,0
1397,11,599,0
1398,11,604,0
1399,11,608,0
1400,11,612,0
1401,11,616,0
1402,11,620,0
1403,11,624,0
1404,11,628,0
1405,11,632,0
1406,11,636,0
1407,11,641,0
1408,11,645,0
1409,11,649,0
1410,11,653,0
1411,11,657,0
1412,11,661,0
1413,11,665,0
1414,11,669,0
1415,11,674,0
1416,11,678,0
1417,11,682,0
1418,11,686,0
1419,11,690,0
1420,11,694,0
1421,11,698,0
1422,11,702,0
1423,11,707,0
1424,11,711,0
1425,11,715,0
1426,11,719,0
1427,11,723,0
1428,11,727,0
1429,11,731,0
1430,11,735,0
1431,11,740,0
1432,11,744,0
1433,11,748,0
1434,11,752,0
1435,11,756,0
1436,11,760,0
1437,11,764,0
1438,11,768,0
1439,11,773,0
1440,11,777,0
1441,11,781,0
1442,11,785,0
1443,11,789,0
1444,11,793,0
1445,11,797,0
1446,11,801,0
1447,11,805,0
1448,11,810,0
1449,11,814,0
1450,11,818,0
1451,11,822,0
1452,11,826,0
1453,11,830,0
1454,11,834,0
1455,11,838,0
1456,11,843,0
1457,11,847,0
1458,11,851,0
1459,11,855,0
1460,11,859,0
1461,11,863,0
1462,11,867,0
1463,11,871,0
1464,11,876,0
1465,11,880,0
1466,11,884,0
1467,11,888,0
1468,11,892,0
1469,11,896,0
1470,11,900,0
1471,11,904,0
1472,11,909,0
1473,11,913,0
1474,11,917,0
1475,11,921,0
1476,11,925,0
1477,11,929,0
1478,11,933,0
1479,11,937,0
1480,11,942,0
1481,11,946,0
1482,11,950,0
1483,11,954,0
1484,11,958,0
1485,11,962,0
1486,11,966,0
1487,11,970,0
1488,11,974,0
1489,11,979,0
1490,11,983,0
1491,11,987,0
1492,11,991,0
1493,11,995,0
1494,11,999,0
1495,12,003,0
1496,12,007,0
1497,12,012,0
1498,12,016,0
1499,12,020,0
1500,12,024,0
1501,12,028,0
1502,12,032,0
1503,12,036,0
1504,12,040,0
1505,12,045,0
1506,12,049,0
1507,12,053,0
1508,12,057,0
1509,12,061,0
1510,12,065,0
1511,12,069,0
1512,12,073,0
1513,12,078,0
1514,12,082,0
1515,12,086,0
1516,12,090,0
1517,12,094,0
1518,12,098,0
1519,12,102,0
1520,12,106,0
1521,12,111,0
1522,12,115,0
1523,12,119,0
1524,12,123,0
1525,12,127,0
1526,12,131,0
1527,12,135,0
1528,12,139,0
1529,12,143,0
1530,12,148,0
1531,12,152,0
1532,12,156,0
1533,12,160,0
1534,12,164,0
1535,12,168,0
1536,12,172,0
1537,12,176,0
1538,12,181,0
1539,12,185,0
1540,12,189,0
1541,12,193,0
1542,12,197,0
1543,12,201,0
1544,12,205,0
1545,12,209,0
1546,12,214,0
1547,12,218,0
1548,12,222,0
1549,12,226,0
1550,12,230,0
1551,12,234,0
1552,12,238,0
1553,12,242,0
1554,12,247,0
1555,12,251,0
1556,12,255,0
1557,12,259,0
1558,12,263,0
1559,12,267,0
1560,12,271,0
1561,12,275,0
1562,12,280,0
1563,12,284,0
1564,12,288,0
1565,12,292,0
1566,12,296,0
1567,12,300,0
1568,12,304,0
1569,12,308,0
1570,12,312,0
1571,12,317,0
1572,12,321,0
1573,12,325,0
1574,12,329,0
1575,12,333,0
1576,12,337,0
1577,12,341,0
1578,12,345,0
1579,12,350,0
1580,12,354,0
1581,12,358,0
1582,12,362,0
1583,12,366,0
1584,12,370,0
1585,12,374,0
1586,12,378,0
1587,12,383,0
1588,12,387,0
1589,12,391,0
1590,12,395,0
1591,12,399,0
1592,12,403,0
1593,12,407,0
1594,12,411,0
1595,12,416,0
1596,12,420,0
1597,12,424,0
1598,12,428,0
1599,12,432,0
1600,12,436,0
1601,12,440,0
1602,12,444,0
1603,12,449,0
1604,12,453,152
1605,12,457,0
1606,12,461,0
1607,12,465,0
1608,12,469,0
1609,12,473,0
1610,12,477,0
1611,12,481,0
1612,12,486,0
1613,12,490,0
1614,12,494,0
1615,12,498,0
1616,12,502,0
1617,12,506,0
1618,12,510,0
1619,12,514,0
1620,12,519,0
1621,12,523,0
1622,12,527,0
1623,12,531,0
1624,12,535,0
1625,12,539,0
1626,12,543,0
1627,12,547,0
1628,12,552,0
1629,12,556,0
1630,12,560,0
1631,12,564,0
1632,12,568,0
1633,12,572,0
1634,12,576,0
1635,12,580,0
1636,12,585,0
1637,12,589,0
1638,12,593,0
1639,12,597,0
1640,12,601,0
1641,12,605,0
1642,12,609,0
1643,12,613,0
1644,12,618,0
1645,12,622,0
1646,12,626,0
1647,12,630,0
1648,12,634,0
1649,12,638,0
1650,12,642,0
1651,12,646,0
1652,12,650,0
1653,12,655,0
1654,12,659,0
1655,12,663,0
1656,12,667,0
1657,12,671,0
1658,12,675,0
1659,12,679,0
1660,12,683,0
1661,12,688,0
1662,12,692,0
1663,12,696,0
1664,12,700,0
1665,12,704,0
1666,12,708,0
1667,12,712,0
1668,12,716,0
1669,12,721,0
1670,12,725,0
1671,12,729,0
1672,12,733,0
1673,12,737,0
1674,12,741,0
1675,12,745,0
1676,12,749,0
1677,12,754,0
1678,12,758,0
1679,12,762,0
1680,12,766,0
1681,12,770,0
1682,12,774,0
1683,12,778,0
1684,12,782,0
1685,12,787,0
1686,12,791,0
1687,12,795,0
1688,12,799,0
1689,12,803,0
1690,12,807,0
1691,12,811,0
1692,12,815,0
1693,12,819,0
1694,12,824,0
1695,12,828,0
1696,12,832,0
1697,12,836,0
1698,12,840,0
1699,12,844,0
1700,12,848,0
1701,12,852,0
1702,12,857,0
1703,12,861,0
1704,12,865,0
1705,12,869,0
1706,12,873,0
1707,12,877,0
1708,12,881,0
1709,12,885,0
1710,12,890,0
1711,12,894,0
1712,12,898,0
1713,12,902,0
1714,12,906,0
1715,12,910,0
1716,12,914,0
1717,12,918,0
1718,12,923,0
1719,12,927,0
1720,12,931,0
1721,12,935,0
1722,12,939,0
1723,12,943,0
1724,12,947,0
1725,12,951,0
1726,12,956,0
1727,12,960,0
1728,12,964,0
1729,12,968,0
1730,12,972,0
1731,12,976,0
1732,12,980,0
1733,12,984,0
1734,12,988,0
1735,12,993,0
1736,12,997,0
1737,13,001,0
1738,13,005,0
1739,13,009,0
1740,13,013,0
1741,13,017,0
1742,13,021,0
1743,13,026,0
1744,13,030,0
1745,13,034,0
1746,13,038,0
1747,13,042,0
1748,13,046,0
1749,13,050,0
1750,13,054,0
1751,13,059,0
1752,13,063,0
1753,13,067,0
1754,13,071,0
1755,13,075,0
1756,13,079,0
1757,13,083,0
1758,13,087,0
1759,13,092,0
1760,13,096,0
1761,13,100,0
1762,13,104,0
1763,13,108,0
1764,13,112,0
1765,13,116,0
1766,13,120,0
1767,13,125,0
1768,13,129,0
1769,13,133,0
1770,13,137,0
1771,13,141,0
1772,13,145,0
1773,13,149,0
1774,13,153,0
1775,13,157,0
1776,13,162,0
1777,13,166,0
1778,13,170,0
1779,13,174,0
1780,13,178,0
1781,13,182,0
1782,13,186,0
1783,13,190,0
1784,13,195,0
1785,13,199,0
1786,13,203,0
1787,13,207,0
1788,13,211,0
1789,13,215,0
1790,13,219,0
1791,13,223,0
1792,13,228,0
1793,13,232,0
1794,13,236,0
1795,13,240,0
1796,13,244,0
1797,13,248,0
1798,13,252,0
1799,13,256,0
1800,13,261,0
1801,13,265,0
1802,13,269,0
1803,13,273,0
1804,13,277,0
1805,13,281,0
1806,13,285,0
1807,13,289,0
1808,13,294,0
1809,13,298,0
1810,13,302,0
1811,13,306,0
1812,13,310,0
1813,13,314,0
1814,13,318,0
1815,13,322,0
1816,13,326,0
1817,13,331,0
1818,13,335,0
1819,13,339,0
1820,13,343,0
1821,13,347,0
1822,13,351,0
1823,13,355,0
1824,13,359,0
1825,13,364,0
1826,13,368,0
1827,13,372,0
1828,13,376,0
1829,13,380,0
1830,13,384,0
1831,13,388,0
1832,13,392,0
1833,13,397,0
1834,13,401,0
1835,13,405,0
1836,13,409,0
1837,13,413,0
1838,13,417,0
1839,13,421,0
1840,13,425,0
1841,13,430,0
1842,13,434,0
1843,13,438,0
1844,13,442,0
1845,13,446,0
1846,13,450,0
1847,13,454,0
1848,13,458,0
1849,13,463,0
1850,13,467,0
1851,13,471,0
1852,13,475,0
1853,13,479,0
1854,13,483,0
1855,13,487,0
1856,13,491,0
1857,13,495,0
1858,13,500,0
1859,13,504,0
1860,13,508,0
1861,13,512,0
1862,13,516,221
1863,13,520,156
1864,13,524,162
1865,13,528,188
1866,13,533,0
1867,13,537,0
1868,13,541,168
1869,13,545,0
1870,13,549,0
1871,13,553,159
1872,13,557,0
1873,13,561,0
1874,13,566,170
1875,13,570,0
1876,13,574,0
1877,13,578,162
1878,13,582,152
1879,13,586,0
1880,13,590,0
1881,13,594,0
1882,13,599,0
1883,13,603,0
1884,13,607,0
1885,13,611,0
1886,13,615,0
1887,13,619,0
1888,13,623,0
1889,13,627,0
1890,13,632,0
1891,13,636,0
1892,13,640,0
1893,13,644,0
1894,13,648,0
1895,13,652,0
1896,13,656,0
1897,13,660,0
1898,13,664,0
1899,13,669,0
1900,13,673,0
1901,13,677,0
1902,13,681,0
1903,13,685,0
1904,13,689,0
1905,13,693,0
1906,13,697,0
1907,13,702,0
1908,13,706,0
1909,13,710,0
1910,13,714,0
1911,13,718,0
1912,13,722,0
1913,13,726,0
1914,13,730,0
1915,13,735,0
1916,13,739,0
1917,13,743,0
1918,13,747,0
1919,13,751,0
1920,13,755,0
1921,13,759,0
1922,13,763,0
1923,13,768,0
1924,13,772,0
1925,13,776,0
1926,13,780,0
1927,13,784,0
1928,13,788,0
1929,13,792,0
1930,13,796,0
1931,13,801,0
1932,13,805,0
1933,13,809,0
1934,13,813,0
1935,13,817,0
1936,13,821,0
1937,13,825,0
1938,13,829,0
1939,13,833,0
1940,13,838,0
1941,13,842,0
1942,13,846,0
1943,13,850,0
1944,13,854,0
1945,13,858,0
1946,13,862,0
1947,13,866,0
1948,13,871,0
1949,13,875,0
1950,13,879,0
1951,13,883,0
1952,13,887,0
1953,13,891,0
1954,13,895,0
1955,13,899,0
1956,13,904,0
1957,13,908,0
1958,13,912,0
1959,13,916,0
1960,13,920,0
1961,13,924,0
1962,13,928,0
1963,13,932,0
1964,13,937,0
1965,13,941,0
1966,13,945,0
1967,13,949,0
1968,13,953,0
1969,13,957,0
1970,13,961,0
1971,13,965,0
1972,13,970,0
1973,13,974,0
1974,13,978,0
1975,13,982,0
1976,13,986,0
1977,13,990,0
1978,13,994,0
1979,13,998,0
1980,14,002,0
1981,14,007,0
1982,14,011,0
1983,14,015,0
1984,14,019,0
1985,14,023,0
1986,14,027,0
1987,14,031,0
1988,14,035,0
1989,14,040,0
1990,14,044,0
1991,14,048,0
1992,14,052,0
1993,14,056,0
1994,14,060,0
1995,14,064,0
1996,14,068,0
1997,14,073,0
1998,14,077,0
1999,14,081,0
2000,14,085,0
2001,14,089,0
2002,14,093,0
2003,14,097,0
2004,14,101,0
2005,14,106,0
2006,14,110,0
2007,14,114,0
2008,14,118,0
2009,14,122,0
2010,14,126,0
2011,14,130,0
2012,14,134,0
2013,14,139,0
2014,14,143,0
2015,14,147,0
2016,14,151,0
2017,14,155,0
2018,14,159,0
2019,14,163,0
2020,14,167,0
2021,14,171,0
2022,14,176,0
2023,14,180,0
2024,14,184,0
2025,14,188,0
2026,14,192,0
2027,14,196,0
2028,14,200,0
2029,14,204,0
2030,14,209,0
2031,14,213,0
2032,14,217,0
2033,14,221,0
2034,14,225,0
2035,14,229,0
2036,14,233,0
2037,14,237,0
2038,14,242,0
2039,14,246,0
2040,14,250,0
2041,14,254,0
2042,14,258,0
2043,14,262,0
2044,14,266,0
2045,14,270,0
2046,14,275,0
2047,14,279,0
2048,14,283,0
2049,14,287,0
2050,14,291,0
2051,14,295,0
2052,14,299,0
2053,14,303,0
2054,14,308,174
2055,14,312,183
2056,14,316,180
2057,14,320,0
2058,14,324,236
2059,14,328,165
2060,14,332,0
2061,14,336,173
2062,14,340,233
2063,14,345,181
2064,14,349,205
2065,14,353,243
2066,14,357,202
2067,14,361,199
2068,14,365,260
2069,14,369,343
2070,14,373,318
2071,14,378,209
2072,14,382,172
2073,14,386,151
2074,14,390,244
2075,14,394,361
2076,14,398,198
2077,14,402,182
2078,14,406,0
2079,14,411,155
2080,14,415,185
2081,14,419,0
2082,14,423,179
2083,14,427,0
2084,14,431,0
2085,14,435,0
2086,14,439,0
2087,14,444,0
2088,14,448,0
2089,14,452,0
2090,14,456,0
2091,14,460,0
2092,14,464,0
2093,14,468,0
2094,14,472,0
2095,14,477,167
2096,14,481,0
2097,14,485,0
2098,14,489,0
2099,14,493,0
2100,14,497,190
2101,14,501,0
2102,14,505,0
2103,14,509,0
2104,14,514,0
2105,14,518,0
2106,14,522,0
2107,14,526,0
2108,14,530,0
2109,14,534,0
2110,14,538,0
2111,14,542,0
2112,14,547,0
2113,14,551,0
2114,14,555,0
2115,14,559,0
2116,14,563,0
2117,14,567,0
2118,14,571,0
2119,14,575,0
2120,14,580,0
2121,14,584,0
2122,14,588,0
2123,14,592,0
2124,14,596,0
2125,14,600,0
2126,14,604,0
2127,14,608,0
2128,14,613,0
2129,14,617,0
2130,14,621,0
2131,14,625,0
2132,14,629,0
2133,14,633,0
2134,14,637,0
2135,14,641,0
2136,14,646,0
2137,14,650,0
2138,14,654,0
2139,14,658,0
2140,14,662,0
2141,14,666,0
2142,14,670,0
2143,14,674,0
2144,14,678,0
2145,14,683,0
2146,14,687,0
2147,14,691,0
2148,14,695,0
2149,14,699,0
2150,14,703,0
2151,14,707,0
2152,14,711,0
2153,14,716,0
2154,14,720,0
2155,14,724,0
2156,14,728,0
2157,14,732,0
2158,14,736,0
2159,14,740,0
2160,14,744,0
2161,14,749,0
2162,14,753,0
2163,14,757,0
2164,14,761,0
2165,14,765,0
2166,14,769,0
2167,14,773,0
2168,14,777,0
2169,14,782,0
2170,14,786,0
2171,14,790,0
2172,14,794,0
2173,14,798,0
2174,14,802,0
2175,14,806,0
2176,14,810,0
2177,14,815,0
2178,14,819,0
2179,14,823,0
2180,14,827,0
2181,14,831,0
2182,14,835,0
2183,14,839,0
2184,14,843,0
2185,14,848,0
2186,14,852,0
2187,14,856,0
2188,14,860,0
2189,14,864,0
2190,14,868,0
2191,14,872,0
2192,14,876,0
2193,14,880,0
2194,14,885,0
2195,14,889,0
2196,14,893,0
2197,14,897,0
2198,14,901,0
2199,14,905,0
2200,14,909,0
2201,14,913,0
2202,14,918,0
2203,14,922,0
2204,14,926,0
2205,14,930,0
2206,14,934,0
2207,14,938,0
2208,14,942,0
2209,14,946,0
2210,14,951,0
2211,14,955,0
2212,14,959,0
2213,14,963,0
2214,14,967,0
2215,14,971,0
2216,14,975,0
2217,14,979,0
2218,14,984,0
2219,14,988,0
2220,14,992,0
2221,14,996,0
2222,15,000,0
2223,15,004,0
2224,15,008,0
2225,15,012,0
2226,15,017,0
2227,15,021,0
2228,15,025,0
2229,15,029,0
2230,15,033,0
2231,15,037,0
2232,15,041,0
2233,15,045,0
2234,15,049,0
2235,15,054,0
2236,15,058,0
2237,15,062,0
2238,15,066,0
2239,15,070,0
2240,15,074,0
2241,15,078,0
2242,15,082,0
2243,15,087,0
2244,15,091,0
2245,15,095,0
2246,15,099,0
2247,15,103,0
2248,15,107,0
2249,15,111,0
2250,15,115,0
2251,15,120,0
2252,15,124,0
2253,15,128,0
2254,15,132,0
2255,15,136,0
2256,15,140,0
2257,15,144,0
2258,15,148,0
2259,15,153,0
2260,15,157,0
2261,15,161,0
2262,15,165,0
2263,15,169,0
2264,15,173,0
2265,15,177,0
2266,15,181,0
2267,15,186,0
2268,15,190,0
2269,15,194,0
2270,15,198,0
2271,15,202,0
2272,15,206,0
2273,15,210,0
2274,15,214,0
2275,15,218,0
2276,15,223,0
2277,15,227,0
2278,15,231,0
2279,15,235,0
2280,15,239,0
2281,15,243,0
2282,15,247,0
2283,15,251,0
2284,15,256,0
2285,15,260,0
2286,15,264,0
2287,15,268,0
2288,15,272,0
2289,15,276,0
2290,15,280,0
2291,15,284,0
2292,15,289,0
2293,15,293,0
2294,15,297,0
2295,15,301,0
2296,15,305,0
2297,15,309,0
2298,15,313,0
2299,15,317,0
2300,15,322,0
2301,15,326,0
2302,15,330,0
2303,15,334,0
2304,15,338,0
2305,15,342,0
2306,15,346,0
2307,15,350,0
2308,15,355,0
2309,15,359,0
2310,15,363,0
2311,15,367,0
2312,15,371,0
2313,15,375,0
2314,15,379,0
2315,15,383,0
2316,15,387,0
2317,15,392,0
2318,15,396,0
2319,15,400,0
2320,15,404,0
2321,15,408,0
2322,15,412,0
2323,15,416,0
2324,15,420,0
2325,15,425,0
2326,15,429,0
2327,15,433,0
2328,15,437,0
2329,15,441,0
2330,15,445,0
2331,15,449,0
2332,15,453,0
2333,15,458,0
2334,15,462,0
2335,15,466,0
2336,15,470,0
2337,15,474,0
2338,15,478,0
2339,15,482,0
2340,15,486,0
2341,15,491,0
2342,15,495,0
2343,15,499,0
2344,15,503,0
2345,15,507,0
2346,15,511,0
2347,15,515,0
2348,15,519,0
2349,15,524,0
2350,15,528,0
2351,15,532,0
2352,15,536,0
2353,15,540,0
2354,15,544,0
2355,15,548,0
2356,15,552,0
2357,15,556,0
2358,15,561,0
2359,15,565,0
2360,15,569,0
2361,15,573,0
2362,15,577,0
2363,15,581,0
2364,15,585,0
2365,15,589,284
2366,15,594,0
2367,15,598,0
2368,15,602,0
2369,15,606,186
2370,15,610,0
2371,15,614,0
2372,15,618,0
2373,15,622,151
2374,15,627,0
2375,15,631,0
2376,15,635,0
2377,15,639,162
2378,15,643,0
2379,15,647,0
2380,15,651,0
2381,15,655,0
2382,15,660,0
2383,15,664,0
2384,15,668,0
2385,15,672,0
2386,15,676,0
2387,15,680,0
2388,15,684,0
2389,15,688,0
2390,15,693,0
2391,15,697,171
2392,15,701,0
2393,15,705,0
2394,15,709,0
2395,15,713,0
2396,15,717,0
2397,15,721,0
2398,15,725,0
2399,15,730,0
2400,15,734,0
2401,15,738,0
2402,15,742,0
2403,15,746,0
2404,15,750,0
2405,15,754,0
2406,15,758,0
2407,15,763,0
2408,15,767,0
2409,15,771,0
2410,15,775,0
2411,15,779,0
2412,15,783,0
2413,15,787,0
2414,15,791,0
2415,15,796,0
2416,15,800,0
2417,15,804,0
2418,15,808,0
2419,15,812,0
2420,15,816,0
2421,15,820,0
2422,15,824,0
2423,15,829,0
2424,15,833,0
2425,15,837,0
2426,15,841,0
2427,15,845,0
2428,15,849,0
2429,15,853,0
2430,15,857,0
2431,15,862,0
2432,15,866,0
2433,15,870,0
2434,15,874,0
2435,15,878,0
2436,15,882,0
2437,15,886,0
2438,15,890,0
2439,15,894,0
2440,15,899,0
2441,15,903,0
2442,15,907,0
2443,15,911,0
2444,15,915,0
2445,15,919,0
2446,15,923,0
2447,15,927,0
2448,15,932,0
2449,15,936,0
2450,15,940,0
2451,15,944,0
2452,15,948,0
2453,15,952,0
2454,15,956,0
2455,15,960,0
2456,15,965,0
2457,15,969,0
2458,15,973,0
2459,15,977,0
2460,15,981,0
2461,15,985,0
2462,15,989,0
2463,15,993,0
2464,15,998,0
2465,16,002,0
2466,16,006,0
2467,16,010,0
2468,16,014,0
2469,16,018,0
2470,16,022,0
2471,16,026,0
2472,16,031,0
2473,16,035,0
2474,16,039,0
2475,16,043,0
2476,16,047,0
2477,16,051,0
2478,16,055,0
2479,16,059,0
2480,16,063,0
2481,16,068,0
2482,16,072,0
2483,16,076,0
2484,16,080,0
2485,16,084,0
2486,16,088,0
2487,16,092,0
2488,16,096,0
2489,16,101,0
2490,16,105,0
2491,16,109,0
2492,16,113,0
2493,16,117,0
2494,16,121,0
2495,16,125,0
2496,16,129,0
2497,16,134,0
2498,16,138,0
2499,16,142,0
2500,16,146,0
2501,16,150,0
2502,16,154,0
2503,16,158,0
2504,16,162,0
2505,16,167,0
2506,16,171,0
2507,16,175,0
2508,16,179,0
2509,16,183,0
2510,16,187,0
2511,16,191,0
2512,16,195,0
2513,16,200,0
2514,16,204,0
2515,16,208,0
2516,16,212,0
2517,16,216,0
2518,16,220,0
2519,16,224,0
2520,16,228,0
2521,16,232,0
2522,16,237,0
2523,16,241,0
2524,16,245,0
2525,16,249,0
2526,16,253,0
2527,16,257,0
2528,16,261,0
2529,16,265,0
2530,16,270,0
2531,16,274,0
2532,16,278,0
2533,16,282,0
2534,16,286,0
2535,16,290,0
2536,16,294,0
2537,16,298,0
2538,16,303,0
2539,16,307,0
2540,16,311,0
2541,16,315,0
2542,16,319,0
2543,16,323,0
2544,16,327,0
2545,16,331,0
2546,16,336,0
2547,16,340,0
2548,16,344,0
2549,16,348,0
2550,16,352,0
2551,16,356,0
2552,16,360,0
2553,16,364,0
2554,16,369,0
2555,16,373,0
2556,16,377,0
2557,16,381,0
2558,16,385,0
2559,16,389,0
2560,16,393,0
2561,16,397,0
2562,16,401,0
2563,16,406,0
2564,16,410,0
2565,16,414,0
2566,16,418,0
2567,16,422,0
2568,16,426,0
2569,16,430,0
2570,16,434,0
2571,16,439,0
2572,16,443,0
2573,16,447,0
2574,16,451,0
2575,16,455,0
2576,16,459,0
2577,16,463,0
2578,16,467,0
2579,16,472,0
2580,16,476,0
2581,16,480,0
2582,16,484,0
2583,16,488,0
2584,16,492,0
2585,16,496,0
2586,16,500,0
2587,16,505,0
2588,16,509,0
2589,16,513,0
2590,16,517,0
2591,16,521,0
2592,16,525,0
2593,16,529,0
2594,16,533,0
2595,16,538,0
2596,16,542,0
2597,16,546,0
2598,16,550,0
2599,16,554,0
2600,16,558,0
2601,16,562,0
2602,16,566,0
2603,16,570,0
2604,16,575,0
2605,16,579,0
2606,16,583,0
2607,16,587,0
2608,16,591,0
2609,16,595,0
2610,16,599,0
2611,16,603,0
2612,16,608,0
2613,16,612,0
2614,16,616,0
2615,16,620,0
2616,16,624,0
2617,16,628,0
2618,16,632,0
2619,16,636,0
2620,16,641,0
2621,16,645,0
2622,16,649,0
2623,16,653,0
2624,16,657,0
2625,16,661,0
2626,16,665,0
2627,16,669,0
2628,16,674,0
2629,16,678,0
2630,16,682,0
2631,16,686,0
2632,16,690,0
2633,16,694,0
2634,16,698,0
2635,16,702,0
2636,16,707,0
2637,16,711,0
2638,16,715,0
2639,16,719,0
2640,16,723,0
2641,16,727,0
2642,16,731,0
2643,16,735,0
2644,16,739,0
2645,16,744,0
2646,16,748,0
2647,16,752,0
2648,16,756,0
2649,16,760,0
2650,16,764,0
2651,16,768,0
2652,16,772,0
2653,16,777,0
2654,16,781,0
2655,16,785,0
2656,16,789,0
2657,16,793,0
2658,16,797,0
2659,16,801,0
2660,16,805,0
2661,16,810,0
2662,16,814,0
2663,16,818,0
2664,16,822,0
2665,16,826,0
2666,16,830,0
2667,16,834,0
2668,16,838,0
2669,16,843,0
2670,16,847,0
2671,16,851,0
2672,16,855,0
2673,16,859,0
2674,16,863,0
2675,16,867,0
2676,16,871,0
2677,16,876,0
2678,16,880,0
2679,16,884,0
2680,16,888,0
2681,16,892,0
2682,16,896,0
2683,16,900,0
2684,16,904,0
2685,16,908,0
2686,16,913,0
2687,16,917,0
2688,16,921,0
2689,16,925,0
2690,16,929,0
2691,16,933,0
2692,16,937,0
2693,16,941,0
2694,16,946,0
2695,16,950,0
2696,16,954,0
2697,16,958,0
2698,16,962,0
2699,16,966,0
2700,16,970,0
2701,16,974,0
2702,16,979,0
2703,16,983,0
2704,16,987,0
2705,16,991,0
2706,16,995,0
2707,16,999,0
2708,17,003,0
2709,17,007,0
2710,17,012,0
2711,17,016,0
2712,17,020,0
2713,17,024,0
2714,17,028,0
2715,17,032,0
2716,17,036,0
2717,17,040,0
2718,17,045,0
2719,17,049,0
2720,17,053,0
2721,17,057,0
2722,17,061,0
2723,17,065,0
2724,17,069,0
2725,17,073,0
2726,17,077,0
2727,17,082,0
2728,17,086,0
2729,17,090,0
2730,17,094,0
2731,17,098,0
2732,17,102,0
2733,17,106,0
2734,17,110,0
2735,17,115,0
2736,17,119,0
2737,17,123,0
2738,17,127,0
2739,17,131,0
2740,17,135,0
2741,17,139,0
2742,17,143,0
2743,17,148,0
2744,17,152,0
2745,17,156,0
2746,17,160,0
2747,17,164,0
2748,17,168,0
2749,17,172,0
2750,17,176,0
2751,17,181,0
2752,17,185,0
2753,17,189,0
2754,17,193,0
2755,17,197,0
2756,17,201,0
2757,17,205,0
2758,17,209,0
2759,17,214,0
2760,17,218,0
2761,17,222,0
2762,17,226,0
2763,17,230,0
2764,17,234,0
2765,17,238,0
2766,17,242,0
2767,17,246,0
2768,17,251,0
2769,17,255,0
2770,17,259,0
2771,17,263,0
2772,17,267,0
2773,17,271,0
2774,17,275,0
2775,17,279,0
2776,17,284,0
2777,17,288,0
2778,17,292,0
2779,17,296,0
2780,17,300,0
2781,17,304,0
2782,17,308,0
2783,17,312,0
2784,17,317,0
2785,17,321,0
2786,17,325,0
2787,17,329,0
2788,17,333,0
2789,17,337,0
2790,17,341,0
2791,17,345,0
2792,17,350,0
2793,17,354,0
2794,17,358,0
2795,17,362,0
2796,17,366,0
2797,17,370,0
2798,17,374,0
2799,17,378,0
2800,17,383,0
2801,17,387,0
2802,17,391,0
2803,17,395,0
2804,17,399,0
2805,17,403,0
2806,17,407,0
2807,17,411,0
2808,17,415,0
2809,17,420,0
2810,17,424,0
2811,17,428,0
2812,17,432,0
2813,17,436,0
2814,17,440,0
2815,17,444,0
2816,17,448,0
2817,17,453,0
2818,17,457,0
2819,17,461,0
2820,17,465,0
2821,17,469,0
2822,17,473,0
2823,17,477,0
2824,17,481,0
2825,17,486,0
2826,17,490,0
2827,17,494,0
2828,17,498,0
2829,17,502,0
2830,17,506,0
2831,17,510,0
2832,17,514,0
2833,17,519,0
2834,17,523,0
2835,17,527,0
2836,17,531,0
2837,17,535,0
2838,17,539,0
2839,17,543,0
2840,17,547,0
2841,17,552,0
2842,17,556,0
2843,17,560,0
2844,17,564,0
2845,17,568,0
2846,17,572,0
2847,17,576,0
2848,17,580,0
2849,17,584,0
2850,17,589,0
2851,17,593,0
2852,17,597,0
2853,17,601,0
2854,17,605,0
2855,17,609,0
2856,17,613,0
2857,17,617,0
2858,17,622,0
2859,17,626,241
2860,17,630,181
2861,17,634,0
2862,17,638,150
2863,17,642,0
2864,17,646,150
2865,17,650,184
2866,17,655,221
2867,17,659,264
2868,17,663,243
2869,17,667,273
2870,17,671,0
2871,17,675,180
2872,17,679,0
2873,17,683,253
2874,17,688,155
2875,17,692,198
2876,17,696,262
2877,17,700,234
2878,17,704,256
2879,17,708,0
2880,17,712,182
2881,17,716,150
2882,17,721,0
2883,17,725,0
2884,17,729,0
2885,17,733,0
2886,17,737,0
2887,17,741,301
2888,17,745,0
2889,17,749,235
2890,17,753,201
2891,17,758,0
2892,17,762,0
2893,17,766,0
2894,17,770,179
2895,17,774,176
2896,17,778,0
2897,17,782,0
2898,17,786,0
2899,17,791,0
2900,17,795,0
2901,17,799,0
2902,17,803,0
2903,17,807,0
2904,17,811,0
2905,17,815,0
2906,17,819,0
2907,17,824,0
2908,17,828,0
2909,17,832,0
2910,17,836,0
2911,17,840,0
2912,17,844,0
2913,17,848,0
2914,17,852,0
2915,17,857,0
2916,17,861,0
2917,17,865,0
2918,17,869,0
2919,17,873,0
2920,17,877,0
2921,17,881,0
2922,17,885,0
2923,17,890,0
2924,17,894,0
2925,17,898,0
2926,17,902,0
2927,17,906,0
2928,17,910,0
2929,17,914,0
2930,17,918,0
2931,17,922,0
2932,17,927,0
2933,17,931,0
2934,17,935,0
2935,17,939,0
2936,17,943,0
2937,17,947,0
2938,17,951,0
2939,17,955,0
2940,17,960,0
2941,17,964,0
2942,17,968,0
2943,17,972,0
2944,17,976,0
2945,17,980,0
2946,17,984,0
2947,17,988,0
2948,17,993,0
2949,17,997,0
2950,18,001,0
2951,18,005,0
2952,18,009,0
2953,18,013,0
2954,18,017,0
2955,18,021,0
2956,18,026,0
2957,18,030,0
2958,18,034,0
2959,18,038,0
2960,18,042,0
2961,18,046,0
2962,18,050,0
2963,18,054,0
2964,18,059,0
2965,18,063,0
2966,18,067,0
2967,18,071,0
2968,18,075,0
2969,18,079,0
2970,18,083,0
2971,18,087,0
2972,18,091,0
2973,18,096,0
2974,18,100,0
2975,18,104,0
2976,18,108,0
2977,18,112,0
2978,18,116,0
2979,18,120,0
2980,18,124,0
2981,18,129,0
2982,18,133,0
2983,18,137,0
2984,18,141,0
2985,18,145,0
2986,18,149,0
2987,18,153,0
2988,18,157,0
2989,18,162,0
2990,18,166,0
2991,18,170,0
2992,18,174,0
2993,18,178,0
2994,18,182,0
2995,18,186,0
2996,18,190,0
2997,18,195,0
2998,18,199,0
2999,18,203,0
3000,18,207,0
3001,18,211,0
3002,18,215,0
3003,18,219,0
3004,18,223,0
3005,18,228,0
3006,18,232,0
3007,18,236,0
3008,18,240,0
3009,18,244,0
3010,18,248,0
3011,18,252,0
3012,18,256,0
3013,18,260,0
3014,18,265,0
3015,18,269,0
3016,18,273,0
3017,18,277,0
3018,18,281,0
3019,18,285,0
3020,18,289,0
3021,18,293,0
3022,18,298,0
3023,18,302,0
3024,18,306,0
3025,18,310,0
3026,18,314,0
3027,18,318,0
3028,18,322,0
3029,18,326,0
3030,18,331,0
3031,18,335,0
3032,18,339,0
3033,18,343,0
3034,18,347,0
3035,18,351,0
3036,18,355,0
3037,18,359,0
3038,18,364,0
3039,18,368,0
3040,18,372,0
3041,18,376,0
3042,18,380,0
3043,18,384,0
3044,18,388,0
3045,18,392,0
3046,18,397,0
3047,18,401,0
3048,18,405,0
3049,18,409,0
3050,18,413,0
3051,18,417,0
3052,18,421,0
3053,18,425,0
3054,18,429,0
3055,18,434,0
3056,18,438,0
3057,18,442,0
3058,18,446,0
3059,18,450,0
3060,18,454,0
3061,18,458,0
3062,18,462,0
3063,18,467,0
3064,18,471,160
3065,18,475,0
3066,18,479,0
3067,18,483,0
3068,18,487,0
3069,18,491,0
3070,18,495,0
3071,18,500,0
3072,18,504,0
3073,18,508,0
3074,18,512,0
3075,18,516,0
3076,18,520,0
3077,18,524,0
3078,18,528,0
3079,18,533,0
3080,18,537,0
3081,18,541,0
3082,18,545,0
3083,18,549,0
3084,18,553,0
3085,18,557,0
3086,18,561,0
3087,18,566,0
3088,18,570,0
3089,18,574,0
3090,18,578,0
3091,18,582,0
3092,18,586,0
3093,18,590,0
3094,18,594,0
3095,18,598,0
3096,18,603,0
3097,18,607,0
3098,18,611,0
3099,18,615,0
3100,18,619,0
3101,18,623,0
3102,18,627,0
3103,18,631,0
3104,18,636,0
3105,18,640,0
3106,18,644,0
3107,18,648,0
3108,18,652,0
3109,18,656,0
3110,18,660,0
3111,18,664,0
3112,18,669,0
3113,18,673,0
3114,18,677,0
3115,18,681,0
3116,18,685,0
3117,18,689,0
3118,18,693,0
3119,18,697,0
3120,18,702,0
3121,18,706,0
3122,18,710,0
3123,18,714,0
3124,18,718,0
3125,18,722,0
3126,18,726,0
3127,18,730,0
3128,18,735,0
3129,18,739,0
3130,18,743,0
3131,18,747,0
3132,18,751,0
3133,18,755,0
3134,18,759,0
3135,18,763,0
3136,18,767,0
3137,18,772,0
3138,18,776,0
3139,18,780,0
3140,18,784,0
3141,18,788,0
3142,18,792,0
3143,18,796,0
3144,18,800,0
3145,18,805,0
3146,18,809,0
3147,18,813,0
3148,18,817,0
3149,18,821,0
3150,18,825,0
3151,18,829,0
3152,18,833,0
3153,18,838,0
3154,18,842,0
3155,18,846,0
3156,18,850,0
3157,18,854,0
3158,18,858,0
3159,18,862,0
3160,18,866,0
3161,18,871,0
3162,18,875,0
3163,18,879,0
3164,18,883,0
3165,18,887,0
3166,18,891,0
3167,18,895,0
3168,18,899,0
3169,18,904,0
3170,18,908,0
3171,18,912,0
3172,18,916,0
3173,18,920,0
3174,18,924,0
3175,18,928,0
3176,18,932,0
3177,18,936,0
3178,18,941,0
3179,18,945,0
3180,18,949,0
3181,18,953,0
3182,18,957,0
3183,18,961,0
3184,18,965,0
3185,18,969,0
3186,18,974,0
3187,18,978,0
3188,18,982,0
3189,18,986,0
3190,18,990,0
3191,18,994,0
3192,18,998,0
3193,19,002,0
3194,19,007,0
3195,19,011,0
3196,19,015,0
3197,19,019,0
3198,19,023,0
3199,19,027,0
3200,19,031,0
3201,19,035,0
3202,19,040,0
3203,19,044,0
3204,19,048,0
3205,19,052,0
3206,19,056,0
3207,19,060,0
3208,19,064,0
3209,19,068,0
3210,19,073,0
3211,19,077,0
3212,19,081,0
3213,19,085,0
3214,19,089,0
3215,19,093,0
3216,19,097,0
3217,19,101,0
3218,19,105,0
3219,19,110,0
3220,19,114,0
3221,19,118,0
3222,19,122,0
3223,19,126,0
3224,19,130,0
3225,19,134,0
3226,19,138,0
3227,19,143,0
3228,19,147,0
3229,19,151,0
3230,19,155,0
3231,19,159,0
3232,19,163,0
3233,19,167,0
3234,19,171,0
3235,19,176,0
3236,19,180,0
3237,19,184,0
3238,19,188,0
3239,19,192,0
3240,19,196,0
3241,19,200,0
3242,19,204,0
3243,19,209,0
3244,19,213,0
3245,19,217,0
3246,19,221,0
3247,19,225,0
3248,19,229,0
3249,19,233,0
3250,19,237,0
3251,19,242,0
3252,19,246,0
3253,19,250,0
3254,19,254,0
3255,19,258,0
3256,19,262,0
3257,19,266,0
3258,19,270,0
3259,19,274,0
3260,19,279,0
3261,19,283,0
3262,19,287,0
3263,19,291,0
3264,19,295,0
3265,19,299,0
3266,19,303,0
3267,19,307,0
3268,19,312,0
3269,19,316,0
3270,19,320,0
3271,19,324,0
3272,19,328,0
3273,19,332,0
3274,19,336,0
3275,19,340,0
3276,19,345,0
3277,19,349,0
3278,19,353,190
3279,19,357,0
3280,19,361,0
3281,19,365,0
3282,19,369,0
3283,19,373,0
3284,19,378,0
3285,19,382,0
3286,19,386,0
3287,19,390,0
3288,19,394,0
3289,19,398,0
3290,19,402,0
3291,19,406,0
3292,19,411,0
3293,19,415,0
3294,19,419,0
3295,19,423,0
3296,19,427,0
3297,19,431,0
3298,19,435,0
3299,19,439,0
3300,19,443,0
3301,19,448,0
3302,19,452,0
3303,19,456,0
3304,19,460,0
3305,19,464,0
3306,19,468,0
3307,19,472,0
3308,19,476,0
3309,19,481,0
3310,19,485,0
3311,19,489,0
3312,19,493,0
3313,19,497,0
3314,19,501,0
3315,19,505,0
3316,19,509,0
3317,19,514,0
3318,19,518,150
3319,19,522,0
3320,19,526,0
3321,19,530,0
3322,19,534,0
3323,19,538,0
3324,19,542,0
3325,19,547,164
3326,19,551,0
3327,19,555,0
3328,19,559,0
3329,19,563,0
3330,19,567,0
3331,19,571,0
3332,19,575,0
3333,19,580,0
3334,19,584,0
3335,19,588,0
3336,19,592,0
3337,19,596,0
3338,19,600,0
3339,19,604,0
3340,19,608,0
3341,19,612,0
3342,19,617,0
3343,19,621,0
3344,19,625,0
3345,19,629,0
3346,19,633,0
3347,19,637,0
3348,19,641,0
3349,19,645,0
3350,19,650,0
3351,19,654,0
3352,19,658,386
3353,19,662,151
3354,19,666,233
3355,19,670,161
3356,19,674,0
3357,19,678,273
3358,19,683,0
3359,19,687,179
3360,19,691,0
3361,19,695,0
3362,19,699,0
3363,19,703,156
3364,19,707,0
3365,19,711,157
3366,19,716,0
3367,19,720,0
3368,19,724,155
3369,19,728,0
3370,19,732,196
3371,19,736,0
3372,19,740,0
3373,19,744,0
3374,19,749,0
3375,19,753,0
3376,19,757,157
3377,19,761,0
3378,19,765,0
3379,19,769,0
3380,19,773,0
3381,19,777,0
3382,19,782,0
3383,19,786,0
3384,19,790,0
3385,19,794,0
3386,19,798,0
3387,19,802,0
3388,19,806,0
3389,19,810,0
3390,19,814,0
3391,19,819,0
3392,19,823,0
3393,19,827,0
3394,19,831,0
3395,19,835,0
3396,19,839,0
3397,19,843,0
3398,19,847,0
3399,19,852,0
3400,19,856,0
3401,19,860,0
3402,19,864,0
3403,19,868,0
3404,19,872,0
3405,19,876,0
3406,19,880,0
3407,19,885,0
3408,19,889,0
3409,19,893,0
3410,19,897,0
3411,19,901,0
3412,19,905,0
3413,19,909,0
3414,19,913,0
3415,19,918,0
3416,19,922,0
3417,19,926,0
3418,19,930,0
3419,19,934,0
3420,19,938,0
3421,19,942,0
3422,19,946,0
3423,19,951,0
3424,19,955,0
3425,19,959,0
3426,19,963,0
3427,19,967,0
3428,19,971,0
3429,19,975,0
3430,19,979,0
3431,19,983,0
3432,19,988,0
3433,19,992,0
3434,19,996,0
3435,20,000,0
3436,20,004,0
3437,20,008,0
3438,20,012,0
3439,20,016,0
3440,20,021,0
3441,20,025,0
3442,20,029,0
3443,20,033,0
3444,20,037,0
3445,20,041,0
3446,20,045,0
3447,20,049,0
3448,20,054,0
3449,20,058,0
3450,20,062,0
3451,20,066,0
3452,20,070,0
3453,20,074,0
3454,20,078,0
3455,20,082,0
3456,20,087,0
3457,20,091,0
3458,20,095,0
3459,20,099,0
3460,20,103,0
3461,20,107,0
3462,20,111,0
3463,20,115,0
3464,20,120,0
3465,20,124,0
3466,20,128,0
3467,20,132,0
3468,20,136,0
3469,20,140,0
3470,20,144,0
3471,20,148,0
3472,20,152,0
3473,20,157,0
3474,20,161,0
3475,20,165,0
3476,20,169,0
3477,20,173,0
3478,20,177,0
3479,20,181,0
3480,20,185,0
3481,20,190,0
3482,20,194,0
3483,20,198,0
3484,20,202,0
3485,20,206,0
3486,20,210,0
3487,20,214,0
3488,20,218,0
3489,20,223,0
3490,20,227,0
3491,20,231,0
3492,20,235,0
3493,20,239,0
3494,20,243,0
3495,20,247,0
3496,20,251,0
3497,20,256,0
3498,20,260,0
3499,20,264,0
3500,20,268,0
3501,20,272,0
3502,20,276,0
3503,20,280,0
3504,20,284,0
3505,20,289,0
3506,20,293,0
3507,20,297,0
3508,20,301,0
3509,20,305,0
3510,20,309,0
3511,20,313,0
3512,20,317,0
3513,20,321,0
3514,20,326,0
3515,20,330,0
3516,20,334,0
3517,20,338,0
3518,20,342,0
3519,20,346,0
3520,20,350,0
3521,20,354,0
3522,20,359,0
3523,20,363,0
3524,20,367,0
3525,20,371,0
3526,20,375,0
3527,20,379,0
3528,20,383,0
3529,20,387,0
3530,20,392,0
3531,20,396,0
3532,20,400,0
3533,20,404,0
3534,20,408,0
3535,20,412,0
3536,20,416,0
3537,20,420,0
3538,20,425,0
3539,20,429,0
3540,20,433,0
3541,20,437,0
3542,20,441,0
3543,20,445,0
3544,20,449,0
3545,20,453,0
3546,20,458,0
3547,20,462,0
3548,20,466,0
3549,20,470,0
3550,20,474,0
3551,20,478,0
3552,20,482,0
3553,20,486,0
3554,20,490,0
3555,20,495,0
3556,20,499,0
3557,20,503,0
3558,20,507,0
3559,20,511,0
3560,20,515,0
3561,20,519,0
3562,20,523,0
3563,20,528,0
3564,20,532,0
3565,20,536,0
3566,20,540,0
3567,20,544,0
3568,20,548,0
3569,20,552,0
3570,20,556,0
3571,20,561,0
3572,20,565,0
3573,20,569,0
3574,20,573,0
3575,20,577,0
3576,20,581,0
3577,20,585,0
3578,20,589,0
3579,20,594,0
3580,20,598,0
3581,20,602,0
3582,20,606,0
3583,20,610,0
3584,20,614,0
3585,20,618,0
3586,20,622,0
3587,20,627,0
3588,20,631,0
3589,20,635,0
3590,20,639,0
3591,20,643,0
3592,20,647,0
3593,20,651,0
3594,20,655,0
3595,20,659,0
3596,20,664,0
3597,20,668,0
3598,20,672,0
3599,20,676,0
3600,20,680,0
3601,20,684,0
3602,20,688,0
3603,20,692,0
3604,20,697,0
3605,20,701,0
3606,20,705,0
3607,20,709,0
3608,20,713,0
3609,20,717,0
3610,20,721,0
3611,20,725,0
3612,20,730,0
3613,20,734,0
3614,20,738,0
3615,20,742,0
3616,20,746,0
3617,20,750,0
3618,20,754,0
3619,20,758,0
3620,20,763,0
3621,20,767,0
3622,20,771,0
3623,20,775,0
3624,20,779,0
3625,20,783,0
3626,20,787,0
3627,20,791,0
3628,20,796,0
3629,20,800,0
3630,20,804,0
3631,20,808,0
3632,20,812,0
3633,20,816,0
3634,20,820,0
3635,20,824,0
3636,20,828,0
3637,20,833,0
3638,20,837,0
3639,20,841,0
3640,20,845,0
3641,20,849,0
3642,20,853,0
3643,20,857,0
3644,20,861,0
3645,20,866,0
3646,20,870,0
3647,20,874,0
3648,20,878,0
3649,20,882,0
3650,20,886,0
3651,20,890,0
3652,20,894,0
3653,20,899,0
3654,20,903,0
3655,20,907,0
3656,20,911,0
3657,20,915,0
3658,20,919,0
3659,20,923,0
3660,20,927,0
3661,20,932,0
3662,20,936,0
3663,20,940,0
3664,20,944,0
3665,20,948,0
3666,20,952,0
3667,20,956,0
3668,20,960,0
3669,20,965,0
3670,20,969,0
3671,20,973,0
3672,20,977,0
3673,20,981,0
3674,20,985,0
3675,20,989,0
3676,20,993,0
3677,20,997,0
3678,21,002,0
3679,21,006,0
3680,21,010,0
3681,21,014,0
3682,21,018,0
3683,21,022,0
3684,21,026,0
3685,21,030,0
3686,21,035,0
3687,21,039,0
3688,21,043,0
3689,21,047,0
3690,21,051,0
3691,21,055,0
3692,21,059,0
3693,21,063,0
3694,21,068,0
3695,21,072,0
3696,21,076,0
3697,21,080,0
3698,21,084,0
3699,21,088,0
3700,21,092,0
3701,21,096,0
3702,21,101,0
3703,21,105,0
3704,21,109,0
3705,21,113,0
3706,21,117,0
3707,21,121,0
3708,21,125,0
3709,21,129,0
3710,21,134,0
3711,21,138,0
3712,21,142,0
3713,21,146,0
3714,21,150,0
3715,21,154,0
3716,21,158,0
3717,21,162,0
3718,21,166,0
3719,21,171,0
3720,21,175,0
3721,21,179,0
3722,21,183,0
3723,21,187,0
3724,21,191,0
3725,21,195,0
3726,21,199,0
3727,21,204,0
3728,21,208,0
3729,21,212,0
3730,21,216,0
3731,21,220,0
3732,21,224,0
3733,21,228,0
3734,21,232,0
3735,21,237,0
3736,21,241,0
3737,21,245,0
3738,21,249,0
3739,21,253,0
3740,21,257,0
3741,21,261,0
3742,21,265,0
3743,21,270,0
3744,21,274,0
3745,21,278,0
3746,21,282,154
3747,21,286,0
3748,21,290,0
3749,21,294,0
3750,21,298,0
3751,21,303,0
3752,21,307,0
3753,21,311,0
3754,21,315,0
3755,21,319,0
3756,21,323,0
3757,21,327,0
3758,21,331,0
3759,21,335,0
3760,21,340,0
3761,21,344,0
3762,21,348,0
3763,21,352,0
3764,21,356,0
3765,21,360,0
3766,21,364,0
3767,21,368,0
3768,21,373,0
3769,21,377,0
3770,21,381,0
3771,21,385,0
3772,21,389,0
3773,21,393,0
3774,21,397,0
3775,21,401,0
3776,21,406,0
3777,21,410,0
3778,21,414,0
3779,21,418,0
3780,21,422,0
3781,21,426,0
3782,21,430,0
3783,21,434,0
3784,21,439,0
3785,21,443,0
3786,21,447,0
3787,21,451,0
3788,21,455,0
3789,21,459,0
3790,21,463,0
3791,21,467,0
3792,21,472,0
3793,21,476,0
3794,21,480,0
3795,21,484,0
3796,21,488,0
3797,21,492,0
3798,21,496,0
3799,21,500,0
3800,21,504,0
3801,21,509,0
3802,21,513,0
3803,21,517,0
3804,21,521,0
3805,21,525,0
3806,21,529,0
3807,21,533,0
3808,21,537,0
3809,21,542,0
3810,21,546,0
3811,21,550,0
3812,21,554,0
3813,21,558,0
3814,21,562,0
3815,21,566,0
3816,21,570,0
3817,21,575,206
3818,21,579,0
3819,21,583,180
3820,21,587,0
3821,21,591,0
3822,21,595,165
3823,21,599,161
3824,21,603,211
3825,21,608,333
3826,21,612,331
3827,21,616,327
3828,21,620,224
3829,21,624,214
3830,21,628,307
3831,21,632,344
3832,21,636,293
3833,21,641,388
3834,21,645,269
3835,21,649,318
3836,21,653,242
3837,21,657,224
3838,21,661,297
3839,21,665,274
3840,21,669,0
3841,21,673,0
3842,21,678,209
3843,21,682,0
3844,21,686,0
3845,21,690,0
3846,21,694,0
3847,21,698,0
3848,21,702,0
3849,21,706,0
3850,21,711,177
3851,21,715,0
3852,21,719,0
3853,21,723,0
3854,21,727,0
3855,21,731,0
3856,21,735,0
3857,21,739,0
3858,21,744,161
3859,21,748,0
3860,21,752,0
3861,21,756,164
3862,21,760,0
3863,21,764,0
3864,21,768,0
3865,21,772,0
3866,21,777,0
3867,21,781,0
3868,21,785,0
3869,21,789,0
3870,21,793,0
3871,21,797,0
3872,21,801,0
3873,21,805,0
3874,21,810,0
3875,21,814,0
3876,21,818,0
3877,21,822,0
3878,21,826,0
3879,21,830,0
3880,21,834,0
3881,21,838,0
3882,21,842,0
3883,21,847,0
3884,21,851,0
3885,21,855,0
3886,21,859,0
3887,21,863,0
3888,21,867,0
3889,21,871,0
3890,21,875,0
3891,21,880,0
3892,21,884,0
3893,21,888,0
3894,21,892,0
3895,21,896,0
3896,21,900,0
3897,21,904,0
3898,21,908,0
3899,21,913,0
3900,21,917,0
3901,21,921,0
3902,21,925,0
3903,21,929,0
3904,21,933,0
3905,21,937,0
3906,21,941,0
3907,21,946,0
3908,21,950,0
3909,21,954,0
3910,21,958,0
3911,21,962,0
3912,21,966,0
3913,21,970,0
3914,21,974,0
3915,21,979,0
3916,21,983,0
3917,21,987,0
3918,21,991,0
3919,21,995,0
3920,21,999,0
3921,22,003,0
3922,22,007,0
3923,22,011,0
3924,22,016,0
3925,22,020,0
3926,22,024,0
3927,22,028,0
3928,22,032,0
3929,22,036,0
3930,22,040,0
3931,22,044,0
3932,22,049,0
3933,22,053,0
3934,22,057,0
3935,22,061,0
3936,22,065,0
3937,22,069,0
3938,22,073,0
3939,22,077,0
3940,22,082,0
3941,22,086,0
3942,22,090,0
3943,22,094,0
3944,22,098,0
3945,22,102,0
3946,22,106,0
3947,22,110,0
3948,22,115,0
3949,22,119,0
3950,22,123,0
3951,22,127,0
3952,22,131,0
3953,22,135,0
3954,22,139,0
3955,22,143,0
3956,22,148,0
3957,22,152,0
3958,22,156,0
3959,22,160,0
3960,22,164,0
3961,22,168,0
3962,22,172,0
3963,22,176,0
3964,22,180,0
3965,22,185,0
3966,22,189,0
3967,22,193,0
3968,22,197,0
3969,22,201,0
3970,22,205,0
3971,22,209,0
3972,22,213,0
3973,22,218,0
3974,22,222,0
3975,22,226,0
3976,22,230,0
3977,22,234,0
3978,22,238,0
3979,22,242,0
3980,22,246,0
3981,22,251,0
3982,22,255,0
3983,22,259,0
3984,22,263,0
3985,22,267,0
3986,22,271,0
3987,22,275,0
3988,22,279,0
3989,22,284,0
3990,22,288,0
3991,22,292,0
3992,22,296,0
3993,22,300,0
3994,22,304,0
3995,22,308,0
3996,22,312,0
3997,22,317,0
3998,22,321,0
3999,22,325,0
4000,22,329,0
4001,22,333,0
4002,22,337,0
4003,22,341,0
4004,22,345,0
4005,22,349,0
4006,22,354,0
4007,22,358,0
4008,22,362,0
4009,22,366,0
4010,22,370,0
4011,22,374,0
4012,22,378,0
4013,22,382,0
4014,22,387,0
4015,22,391,0
4016,22,395,0
4017,22,399,0
4018,22,403,0
4019,22,407,0
4020,22,411,0
4021,22,415,0
4022,22,420,0
4023,22,424,0
4024,22,428,0
4025,22,432,0
4026,22,436,0
4027,22,440,0
4028,22,444,0
4029,22,448,0
4030,22,453,0
4031,22,457,0
4032,22,461,0
4033,22,465,0
4034,22,469,0
4035,22,473,0
4036,22,477,0
4037,22,481,0
4038,22,486,0
4039,22,490,0
4040,22,494,0
4041,22,498,0
4042,22,502,0
4043,22,506,0
4044,22,510,0
4045,22,514,0
4046,22,518,0
4047,22,523,0
4048,22,527,0
4049,22,531,0
4050,22,535,0
4051,22,539,0
4052,22,543,0
4053,22,547,0
4054,22,551,0
4055,22,556,0
4056,22,560,0
4057,22,564,0
4058,22,568,0
4059,22,572,0
4060,22,576,0
4061,22,580,0
4062,22,584,0
4063,22,589,0
4064,22,593,0
4065,22,597,0
4066,22,601,0
4067,22,605,0
4068,22,609,0
4069,22,613,0
4070,22,617,0
4071,22,622,0
4072,22,626,0
4073,22,630,0
4074,22,634,0
4075,22,638,0
4076,22,642,0
4077,22,646,0
4078,22,650,0
4079,22,655,0
4080,22,659,0
4081,22,663,0
4082,22,667,0
4083,22,671,0
4084,22,675,0
4085,22,679,0
4086,22,683,0
4087,22,687,0
4088,22,692,0
4089,22,696,0
4090,22,700,0
4091,22,704,0
4092,22,708,0
4093,22,712,0
4094,22,716,0
4095,22,720,0
4096,22,725,0
4097,22,729,0
4098,22,733,0
4099,22,737,0
4100,22,741,0
4101,22,745,0
4102,22,749,0
4103,22,753,0
4104,22,758,0
4105,22,762,0
4106,22,766,0
4107,22,770,0
4108,22,774,0
4109,22,778,0
4110,22,782,0
4111,22,786,0
4112,22,791,0
4113,22,795,0
4114,22,799,0
4115,22,803,0
4116,22,807,0
4117,22,811,0
4118,22,815,0
4119,22,819,0
4120,22,824,0
4121,22,828,0
4122,22,832,0
4123,22,836,0
4124,22,840,207
4125,22,844,0
4126,22,848,200
4127,22,852,222
4128,22,856,442
4129,22,861,465
4130,22,865,701
4131,22,869,694
4132,22,873,808
4133,22,877,1133
4134,22,881,1130
4135,22,885,1485
4136,22,889,1331
4137,22,894,1604
4138,22,898,1683
4139,22,902,1294
4140,22,906,1446
4141,22,910,1294
4142,22,914,1363
4143,22,918,1058
4144,22,922,1779
4145,22,927,1245
4146,22,931,1137
4147,22,935,916
4148,22,939,626
4149,22,943,795
4150,22,947,552
4151,22,951,549
4152,22,955,394
4153,22,960,363
4154,22,964,421
4155,22,968,344
4156,22,972,226
4157,22,976,327
4158,22,980,172
4159,22,984,270
4160,22,988,310
4161,22,993,370
4162,22,997,195
4163,23,001,156
4164,23,005,0
4165,23,009,0
4166,23,013,0
4167,23,017,0
4168,23,021,190
4169,23,025,193
4170,23,030,0
4171,23,034,0
4172,23,038,167
4173,23,042,0
4174,23,046,175
4175,23,050,0
4176,23,054,0
4177,23,058,0
4178,23,063,0
4179,23,067,0
4180,23,071,0
4181,23,075,0
4182,23,079,0
4183,23,083,0
4184,23,087,0
4185,23,091,151
4186,23,096,0
4187,23,100,0
4188,23,104,0
4189,23,108,0
4190,23,112,0
4191,23,116,0
4192,23,120,0
4193,23,124,0
4194,23,129,0
4195,23,133,0
4196,23,137,0
4197,23,141,0
4198,23,145,0
4199,23,149,0
4200,23,153,0
4201,23,157,0
4202,23,162,0
4203,23,166,0
4204,23,170,0
4205,23,174,0
4206,23,178,0
4207,23,182,0
4208,23,186,0
4209,23,190,0
4210,23,194,0
4211,23,199,0
4212,23,203,0
4213,23,207,165
4214,23,211,0
4215,23,215,0
4216,23,219,0
4217,23,223,0
4218,23,227,0
4219,23,232,0
4220,23,236,0
4221,23,240,0
4222,23,244,0
4223,23,248,0
4224,23,252,0
4225,23,256,0
4226,23,260,0
4227,23,265,0
4228,23,269,0
4229,23,273,0
4230,23,277,0
4231,23,281,0
4232,23,285,0
4233,23,289,0
4234,23,293,0
4235,23,298,0
4236,23,302,0
4237,23,306,0
4238,23,310,0
4239,23,314,0
4240,23,318,0
4241,23,322,0
4242,23,326,0
4243,23,331,0
4244,23,335,0
4245,23,339,0
4246,23,343,0
4247,23,347,0
4248,23,351,0
4249,23,355,0
4250,23,359,158
4251,23,363,0
4252,23,368,0
4253,23,372,0
4254,23,376,0
4255,23,380,0
4256,23,384,0
4257,23,388,0
4258,23,392,0
4259,23,396,0
4260,23,401,0
4261,23,405,0
4262,23,409,0
4263,23,413,0
4264,23,417,0
4265,23,421,0
4266,23,425,0
4267,23,429,0
4268,23,434,0
4269,23,438,0
4270,23,442,0
4271,23,446,0
4272,23,450,0
4273,23,454,0
4274,23,458,0
4275,23,462,151
4276,23,467,0
4277,23,471,0
4278,23,475,153
4279,23,479,207
4280,23,483,246
4281,23,487,0
4282,23,491,230
4283,23,495,0
4284,23,500,200
4285,23,504,203
4286,23,508,253
4287,23,512,270
4288,23,516,258
4289,23,520,390
4290,23,524,276
4291,23,528,0
4292,23,532,171
4293,23,537,154
4294,23,541,179
4295,23,545,189
4296,23,549,167
4297,23,553,0
4298,23,557,216
4299,23,561,0
4300,23,565,194
4301,23,570,0
4302,23,574,0
4303,23,578,0
4304,23,582,0
4305,23,586,0
4306,23,590,0
4307,23,594,0
4308,23,598,0
4309,23,603,0
4310,23,607,0
4311,23,611,0
4312,23,615,0
4313,23,619,0
4314,23,623,0
4315,23,627,0
4316,23,631,0
4317,23,636,0
4318,23,640,0
4319,23,644,0
4320,23,648,0
4321,23,652,0
4322,23,656,0
4323,23,660,0
4324,23,664,0
4325,23,669,0
4326,23,673,0
4327,23,677,0
4328,23,681,0
4329,23,685,0
4330,23,689,0
4331,23,693,0
4332,23,697,0
4333,23,701,0
4334,23,706,0
4335,23,710,0
4336,23,714,0
4337,23,718,0
4338,23,722,0
4339,23,726,0
4340,23,730,0
4341,23,734,0
4342,23,739,0
4343,23,743,0
4344,23,747,0
4345,23,751,0
4346,23,755,0
4347,23,759,0
4348,23,763,0
4349,23,767,0
4350,23,772,0
4351,23,776,0
4352,23,780,0
4353,23,784,0
4354,23,788,0
4355,23,792,0
4356,23,796,0
4357,23,800,0
4358,23,805,0
4359,23,809,0
4360,23,813,0
4361,23,817,0
4362,23,821,0
4363,23,825,0
4364,23,829,0
4365,23,833,0
4366,23,838,0
4367,23,842,0
4368,23,846,0
4369,23,850,0
4370,23,854,0
4371,23,858,0
4372,23,862,0
4373,23,866,0
4374,23,870,0
4375,23,875,0
4376,23,879,0
4377,23,883,0
4378,23,887,0
4379,23,891,0
4380,23,895,0
4381,23,899,0
4382,23,903,0
4383,23,908,0
4384,23,912,0
4385,23,916,0
4386,23,920,0
4387,23,924,0
4388,23,928,0
4389,23,932,0
4390,23,936,0
4391,23,941,0
4392,23,945,0
4393,23,949,0
4394,23,953,0
4395,23,957,0
4396,23,961,0
4397,23,965,0
4398,23,969,0
4399,23,974,0
4400,23,978,0
4401,23,982,0
4402,23,986,0
4403,23,990,0
4404,23,994,0
4405,23,998,0
4406,24,002,0
4407,24,007,0
4408,24,011,0
4409,24,015,0
4410,24,019,0
4411,24,023,0
4412,24,027,0
4413,24,031,0
4414,24,035,0
4415,24,039,0
4416,24,044,0
4417,24,048,0
4418,24,052,0
4419,24,056,0
4420,24,060,0
4421,24,064,0
4422,24,068,0
4423,24,072,0
4424,24,077,0
4425,24,081,0
4426,24,085,0
4427,24,089,0
4428,24,093,0
4429,24,097,0
4430,24,101,0
4431,24,105,0
4432,24,110,0
4433,24,114,0
4434,24,118,0
4435,24,122,0
4436,24,126,0
4437,24,130,0
4438,24,134,0
4439,24,138,0
4440,24,143,0
4441,24,147,0
4442,24,151,0
4443,24,155,0
4444,24,159,0
4445,24,163,0
4446,24,167,0
4447,24,171,0
4448,24,176,0
4449,24,180,0
4450,24,184,0
4451,24,188,0
4452,24,192,0
4453,24,196,0
4454,24,200,0
4455,24,204,0
4456,24,208,0
4457,24,213,0
4458,24,217,0
4459,24,221,0
4460,24,225,0
4461,24,229,0
4462,24,233,0
4463,24,237,0
4464,24,241,0
4465,24,246,0
4466,24,250,0
4467,24,254,0
4468,24,258,0
4469,24,262,0
4470,24,266,0
4471,24,270,0
4472,24,274,0
4473,24,279,0
4474,24,283,0
4475,24,287,0
4476,24,291,0
4477,24,295,0
4478,24,299,0
4479,24,303,0
4480,24,307,0
4481,24,312,0
4482,24,316,0
4483,24,320,0
4484,24,324,0
4485,24,328,0
4486,24,332,0
4487,24,336,0
4488,24,340,0
4489,24,345,0
4490,24,349,0
4491,24,353,0
4492,24,357,0
4493,24,361,0
4494,24,365,0
4495,24,369,0
4496,24,373,0
4497,24,377,0
4498,24,382,196
4499,24,386,0
4500,24,390,0
4501,24,394,0
4502,24,398,0
4503,24,402,0
4504,24,406,0
4505,24,410,0
4506,24,415,0
4507,24,419,0
4508,24,423,0
4509,24,427,0
4510,24,431,0
4511,24,435,0
4512,24,439,0
4513,24,443,0
4514,24,448,0
4515,24,452,0
4516,24,456,0
4517,24,460,0
4518,24,464,0
4519,24,468,0
4520,24,472,0
4521,24,476,0
4522,24,481,0
4523,24,485,0
4524,24,489,0
4525,24,493,0
4526,24,497,0
4527,24,501,0
4528,24,505,0
4529,24,509,0
4530,24,514,0
4531,24,518,0
4532,24,522,0
4533,24,526,0
4534,24,530,0
4535,24,534,0
4536,24,538,0
4537,24,542,0
4538,24,546,0
4539,24,551,0
4540,24,555,0
4541,24,559,0
4542,24,563,0
4543,24,567,0
4544,24,571,0
4545,24,575,0
4546,24,579,0
4547,24,584,0
4548,24,588,0
4549,24,592,0
4550,24,596,0
4551,24,600,0
4552,24,604,0
4553,24,608,0
4554,24,612,0
4555,24,617,0
4556,24,621,0
4557,24,625,0
4558,24,629,0
4559,24,633,0
4560,24,637,0
4561,24,641,0
4562,24,645,0
4563,24,650,0
4564,24,654,0
4565,24,658,0
4566,24,662,0
4567,24,666,0
4568,24,670,0
4569,24,674,0
4570,24,678,0
4571,24,683,0
4572,24,687,0
4573,24,691,0
4574,24,695,0
4575,24,699,0
4576,24,703,190
4577,24,707,361
4578,24,711,337
4579,24,716,371
4580,24,720,591
4581,24,724,480
4582,24,728,720
4583,24,732,784
4584,24,736,918
4585,24,740,1436
4586,24,744,1219
4587,24,748,1109
4588,24,753,1186
4589,24,757,1040
4590,24,761,1254
4591,24,765,973
4592,24,769,1194
4593,24,773,1002
4594,24,777,799
4595,24,781,819
4596,24,786,1109
4597,24,790,638
4598,24,794,642
4599,24,798,507
4600,24,802,479
4601,24,806,438
4602,24,810,436
4603,24,814,497
4604,24,819,298
4605,24,823,481
4606,24,827,304
4607,24,831,336
4608,24,835,294
4609,24,839,378
4610,24,843,252
4611,24,847,227
4612,24,852,330
4613,24,856,250
4614,24,860,184
4615,24,864,152
4616,24,868,173
4617,24,872,0
4618,24,876,177
4619,24,880,0
4620,24,885,0
4621,24,889,165
4622,24,893,156
4623,24,897,0
4624,24,901,0
4625,24,905,0
4626,24,909,152
4627,24,913,0
4628,24,917,0
4629,24,922,0
4630,24,926,0
4631,24,930,0
4632,24,934,0
4633,24,938,0
4634,24,942,0
4635,24,946,0
4636,24,950,0
4637,24,955,0
4638,24,959,0
4639,24,963,0
4640,24,967,157
4641,24,971,0
4642,24,975,0
4643,24,979,0
4644,24,983,0
4645,24,988,0
4646,24,992,0
4647,24,996,0
4648,25,000,0
4649,25,004,0
4650,25,008,0
4651,25,012,0
4652,25,016,0
4653,25,021,183
4654,25,025,0
4655,25,029,0
4656,25,033,0
4657,25,037,0
4658,25,041,0
4659,25,045,0
4660,25,049,0
4661,25,054,0
4662,25,058,0
4663,25,062,0
4664,25,066,169
4665,25,070,239
4666,25,074,0
4667,25,078,0
4668,25,082,0
4669,25,086,0
4670,25,091,0
4671,25,095,0
4672,25,099,0
4673,25,103,0
4674,25,107,0
4675,25,111,0
4676,25,115,0
4677,25,119,0
4678,25,124,0
4679,25,128,0
4680,25,132,0
4681,25,136,0
4682,25,140,0
4683,25,144,0
4684,25,148,0
4685,25,152,0
4686,25,157,0
4687,25,161,0
4688,25,165,0
4689,25,169,0
4690,25,173,0
4691,25,177,0
4692,25,181,0
4693,25,185,0
4694,25,190,0
4695,25,194,0
4696,25,198,0
4697,25,202,0
4698,25,206,0
4699,25,210,0
4700,25,214,0
4701,25,218,0
4702,25,223,0
4703,25,227,0
4704,25,231,0
4705,25,235,0
4706,25,239,0
4707,25,243,0
4708,25,247,0
4709,25,251,0
4710,25,255,0
4711,25,260,0
4712,25,264,0
4713,25,268,0
4714,25,272,0
4715,25,276,0
4716,25,280,203
4717,25,284,0
4718,25,288,202
4719,25,293,222
4720,25,297,0
4721,25,301,296
4722,25,305,323
4723,25,309,305
4724,25,313,280
4725,25,317,320
4726,25,321,388
4727,25,326,596
4728,25,330,543
4729,25,334,550
4730,25,338,535
4731,25,342,364
4732,25,346,362
4733,25,350,447
4734,25,354,344
4735,25,359,282
4736,25,363,196
4737,25,367,335
4738,25,371,250
4739,25,375,189
4740,25,379,202
4741,25,383,172
4742,25,387,205
4743,25,392,0
4744,25,396,156
4745,25,400,179
4746,25,404,169
4747,25,408,0
4748,25,412,164
4749,25,416,159
4750,25,420,0
4751,25,424,158
4752,25,429,0
4753,25,433,0
4754,25,437,153
4755,25,441,0
4756,25,445,193
4757,25,449,0
4758,25,453,0
4759,25,457,0
4760,25,462,0
4761,25,466,0
4762,25,470,0
4763,25,474,0
4764,25,478,0
4765,25,482,218
4766,25,486,172
4767,25,490,0
4768,25,495,0
4769,25,499,0
4770,25,503,0
4771,25,507,0
4772,25,511,0
4773,25,515,0
4774,25,519,0
4775,25,523,0
4776,25,528,0
4777,25,532,0
4778,25,536,0
4779,25,540,0
4780,25,544,163
4781,25,548,0
4782,25,552,0
4783,25,556,0
4784,25,561,0
4785,25,565,0
4786,25,569,0
4787,25,573,0
4788,25,577,0
4789,25,581,0
4790,25,585,0
4791,25,589,0
4792,25,593,0
4793,25,598,0
4794,25,602,0
4795,25,606,0
4796,25,610,0
4797,25,614,0
4798,25,618,0
4799,25,622,0
4800,25,626,0
4801,25,631,0
4802,25,635,0
4803,25,639,0
4804,25,643,0
4805,25,647,0
4806,25,651,0
4807,25,655,0
4808,25,659,0
4809,25,664,0
4810,25,668,0
4811,25,672,0
4812,25,676,0
4813,25,680,0
4814,25,684,0
4815,25,688,0
4816,25,692,0
4817,25,697,0
4818,25,701,0
4819,25,705,0
4820,25,709,0
4821,25,713,0
4822,25,717,0
4823,25,721,0
4824,25,725,0
4825,25,730,0
4826,25,734,0
4827,25,738,0
4828,25,742,0
4829,25,746,0
4830,25,750,0
4831,25,754,0
4832,25,758,0
4833,25,762,0
4834,25,767,0
4835,25,771,0
4836,25,775,0
4837,25,779,0
4838,25,783,0
4839,25,787,0
4840,25,791,0
4841,25,795,0
4842,25,800,0
4843,25,804,0
4844,25,808,0
4845,25,812,0
4846,25,816,0
4847,25,820,0
4848,25,824,0
4849,25,828,0
4850,25,833,0
4851,25,837,0
4852,25,841,0
4853,25,845,0
4854,25,849,0
4855,25,853,0
4856,25,857,0
4857,25,861,0
4858,25,866,0
4859,25,870,0
4860,25,874,0
4861,25,878,0
4862,25,882,0
4863,25,886,0
4864,25,890,0
4865,25,894,0
4866,25,899,0
4867,25,903,0
4868,25,907,0
4869,25,911,0
4870,25,915,0
4871,25,919,0
4872,25,923,0
4873,25,927,0
4874,25,931,0
4875,25,936,161
4876,25,940,0
4877,25,944,0
4878,25,948,0
4879,25,952,0
4880,25,956,0
4881,25,960,0
4882,25,964,0
4883,25,969,0
4884,25,973,0
4885,25,977,0
4886,25,981,0
4887,25,985,0
4888,25,989,0
4889,25,993,0
4890,25,997,0
4891,26,002,0
4892,26,006,0
4893,26,010,0
4894,26,014,0
4895,26,018,0
4896,26,022,0
4897,26,026,0
4898,26,030,0
4899,26,035,0
4900,26,039,0
4901,26,043,0
4902,26,047,0
4903,26,051,0
4904,26,055,0
4905,26,059,0
4906,26,063,0
4907,26,068,0
4908,26,072,0
4909,26,076,0
4910,26,080,0
4911,26,084,0
4912,26,088,0
4913,26,092,0
4914,26,096,0
4915,26,100,0
4916,26,105,0
4917,26,109,0
4918,26,113,0
4919,26,117,0
4920,26,121,0
4921,26,125,0
4922,26,129,0
4923,26,133,0
4924,26,138,0
4925,26,142,0
4926,26,146,0
4927,26,150,0
4928,26,154,0
4929,26,158,0
4930,26,162,0
4931,26,166,0
4932,26,171,0
4933,26,175,0
4934,26,179,0
4935,26,183,0
4936,26,187,0
4937,26,191,0
4938,26,195,0
4939,26,199,0
4940,26,204,0
4941,26,208,0
4942,26,212,0
4943,26,216,0
4944,26,220,0
4945,26,224,0
4946,26,228,0
4947,26,232,0
4948,26,237,0
4949,26,241,150
4950,26,245,289
4951,26,249,250
4952,26,253,369
4953,26,257,481
4954,26,261,667
4955,26,265,702
4956,26,269,966
4957,26,274,963
4958,26,278,1260
4959,26,282,1028
4960,26,286,1425
4961,26,290,1374
4962,26,294,1616
4963,26,298,1825
4964,26,302,1512
4965,26,307,1869
4966,26,311,1394
4967,26,315,1346
4968,26,319,1137
4969,26,323,887
4970,26,327,1119
4971,26,331,643
4972,26,335,830
4973,26,340,841
4974,26,344,766
4975,26,348,642
4976,26,352,595
4977,26,356,391
4978,26,360,683
4979,26,364,298
4980,26,368,334
4981,26,373,407
4982,26,377,278
4983,26,381,231
4984,26,385,266
4985,26,389,307
4986,26,393,292
4987,26,397,257
4988,26,401,195
4989,26,406,188
4990,26,410,199
4991,26,414,163
4992,26,418,0
4993,26,422,0
4994,26,426,0
4995,26,430,364
4996,26,434,0
4997,26,438,0
4998,26,443,0
4999,26,447,281
5000,26,451,156
5001,26,455,200
5002,26,459,0
5003,26,463,184
5004,26,467,0
5005,26,471,0
5006,26,476,0
5007,26,480,0
5008,26,484,232
5009,26,488,0
5010,26,492,174
5011,26,496,0
5012,26,500,0
5013,26,504,158
5014,26,509,0
5015,26,513,0
5016,26,517,0
5017,26,521,0
5018,26,525,233
5019,26,529,0
5020,26,533,0
5021,26,537,0
5022,26,542,0
5023,26,546,169
5024,26,550,0
5025,26,554,190
5026,26,558,0
5027,26,562,0
5028,26,566,0
5029,26,570,0
5030,26,575,0
5031,26,579,0
5032,26,583,0
5033,26,587,0
5034,26,591,0
5035,26,595,190
5036,26,599,0
5037,26,603,0
5038,26,607,0
5039,26,612,0
5040,26,616,0
5041,26,620,0
5042,26,624,0
5043,26,628,209
5044,26,632,0
5045,26,636,202
5046,26,640,0
5047,26,645,0
5048,26,649,0
5049,26,653,0
5050,26,657,154
5051,26,661,0
5052,26,665,0
5053,26,669,0
5054,26,673,0
5055,26,678,0
5056,26,682,0
5057,26,686,0
5058,26,690,0
5059,26,694,0
5060,26,698,0
5061,26,702,0
5062,26,706,0
5063,26,711,0
5064,26,715,0
5065,26,719,0
5066,26,723,0
5067,26,727,0
5068,26,731,157
5069,26,735,0
5070,26,739,0
5071,26,744,0
5072,26,748,0
5073,26,752,0
5074,26,756,0
5075,26,760,0
5076,26,764,0
5077,26,768,0
5078,26,772,0
5079,26,776,0
5080,26,781,0
5081,26,785,0
5082,26,789,0
5083,26,793,0
5084,26,797,0
5085,26,801,0
5086,26,805,0
5087,26,809,0
5088,26,814,0
5089,26,818,0
5090,26,822,0
5091,26,826,0
5092,26,830,0
5093,26,834,0
5094,26,838,0
5095,26,842,0
5096,26,847,0
5097,26,851,0
5098,26,855,0
5099,26,859,238
5100,26,863,0
5101,26,867,0
5102,26,871,0
5103,26,875,0
5104,26,880,0
5105,26,884,0
5106,26,888,0
5107,26,892,0
5108,26,896,0
5109,26,900,0
5110,26,904,0
5111,26,908,0
5112,26,913,0
5113,26,917,0
5114,26,921,0
5115,26,925,0
5116,26,929,0
5117,26,933,0
5118,26,937,0
5119,26,941,0
5120,26,945,0
5121,26,950,0
5122,26,954,0
5123,26,958,0
5124,26,962,0
5125,26,966,0
5126,26,970,0
5127,26,974,0
5128,26,978,0
5129,26,983,0
5130,26,987,0
5131,26,991,0
5132,26,995,0
5133,26,999,0
5134,27,003,0
5135,27,007,0
5136,27,011,0
5137,27,016,0
5138,27,020,0
5139,27,024,0
5140,27,028,179
5141,27,032,0
5142,27,036,185
5143,27,040,0
5144,27,044,273
5145,27,049,0
5146,27,053,257
5147,27,057,221
5148,27,061,255
5149,27,065,259
5150,27,069,221
5151,27,073,182
5152,27,077,150
5153,27,082,293
5154,27,086,0
5155,27,090,0
5156,27,094,193
5157,27,098,0
5158,27,102,160
5159,27,106,0
5160,27,110,0
5161,27,114,0
5162,27,119,183
5163,27,123,0
5164,27,127,0
5165,27,131,0
5166,27,135,0
5167,27,139,0
5168,27,143,0
5169,27,147,0
5170,27,152,0
5171,27,156,0
5172,27,160,0
5173,27,164,0
5174,27,168,0
5175,27,172,0
5176,27,176,0
5177,27,180,0
5178,27,185,187
5179,27,189,0
5180,27,193,0
5181,27,197,0
5182,27,201,0
5183,27,205,0
5184,27,209,0
5185,27,213,155
5186,27,218,0
5187,27,222,0
5188,27,226,0
5189,27,230,197
5190,27,234,170
5191,27,238,0
5192,27,242,0
5193,27,246,0
5194,27,251,0
5195,27,255,0
5196,27,259,0
5197,27,263,155
5198,27,267,0
5199,27,271,0
5200,27,275,0
5201,27,279,0
5202,27,283,0
5203,27,288,0
5204,27,292,0
5205,27,296,0
5206,27,300,0
5207,27,304,0
5208,27,308,0
5209,27,312,0
5210,27,316,193
5211,27,321,0
5212,27,325,0
5213,27,329,0
5214,27,333,0
5215,27,337,155
5216,27,341,0
5217,27,345,0
5218,27,349,0
5219,27,354,0
5220,27,358,0
5221,27,362,0
5222,27,366,0
5223,27,370,0
5224,27,374,0
5225,27,378,0
5226,27,382,0
5227,27,387,0
5228,27,391,0
5229,27,395,0
5230,27,399,0
5231,27,403,0
5232,27,407,0
5233,27,411,0
5234,27,415,0
5235,27,420,0
5236,27,424,0
5237,27,428,0
5238,27,432,0
5239,27,436,0
5240,27,440,0
5241,27,444,154
5242,27,448,0
5243,27,452,0
5244,27,457,0
5245,27,461,0
5246,27,465,0
5247,27,469,0
5248,27,473,0
5249,27,477,0
5250,27,481,0
5251,27,485,0
5252,27,490,0
5253,27,494,0
5254,27,498,0
5255,27,502,0
5256,27,506,0
5257,27,510,0
5258,27,514,0
5259,27,518,0
5260,27,523,0
5261,27,527,0
5262,27,531,0
5263,27,535,0
5264,27,539,0
5265,27,543,0
5266,27,547,0
5267,27,551,0
5268,27,556,0
5269,27,560,0
5270,27,564,0
5271,27,568,0
5272,27,572,0
5273,27,576,0
5274,27,580,0
5275,27,584,0
5276,27,589,0
5277,27,593,0
5278,27,597,0
5279,27,601,0
5280,27,605,0
5281,27,609,0
5282,27,613,0
5283,27,617,0
5284,27,621,0
5285,27,626,0
5286,27,630,0
5287,27,634,0
5288,27,638,0
5289,27,642,0
5290,27,646,0
5291,27,650,0
5292,27,654,0
5293,27,659,0
5294,27,663,0
5295,27,667,0
5296,27,671,0
5297,27,675,0
5298,27,679,0
5299,27,683,0
5300,27,687,0
5301,27,692,0
5302,27,696,0
5303,27,700,0
5304,27,704,0
5305,27,708,0
5306,27,712,0
5307,27,716,0
5308,27,720,0
5309,27,725,0
5310,27,729,0
5311,27,733,0
5312,27,737,0
5313,27,741,0
5314,27,745,187
5315,27,749,0
5316,27,753,0
5317,27,758,0
5318,27,762,0
5319,27,766,0
5320,27,770,0
5321,27,774,0
5322,27,778,0
5323,27,782,0
5324,27,786,0
5325,27,790,0
5326,27,795,0
5327,27,799,0
5328,27,803,0
5329,27,807,0
5330,27,811,0
5331,27,815,0
5332,27,819,0
5333,27,823,0
5334,27,828,0
5335,27,832,0
5336,27,836,0
5337,27,840,0
5338,27,844,0
5339,27,848,0
5340,27,852,0
5341,27,856,0
5342,27,861,0
5343,27,865,0
5344,27,869,0
5345,27,873,0
5346,27,877,0
5347,27,881,0
5348,27,885,151
5349,27,889,0
5350,27,894,0
5351,27,898,0
5352,27,902,0
5353,27,906,0
5354,27,910,0
5355,27,914,165
5356,27,918,0
5357,27,922,0
5358,27,927,0
5359,27,931,0
5360,27,935,156
5361,27,939,0
5362,27,943,0
5363,27,947,0
5364,27,951,215
5365,27,955,297
5366,27,959,382
5367,27,964,314
5368,27,968,659
5369,27,972,652
5370,27,976,948
5371,27,980,1033
5372,27,984,1035
5373,27,988,992
5374,27,992,1075
5375,27,997,1353
5376,28,001,1467
5377,28,005,1261
5378,28,009,1270
5379,28,013,1167
5380,28,017,1419
5381,28,021,1122
5382,28,025,1102
5383,28,030,768
5384,28,034,744
5385,28,038,930
5386,28,042,770
5387,28,046,762
5388,28,050,721
5389,28,054,467
5390,28,058,369
5391,28,063,489
5392,28,067,426
5393,28,071,325
5394,28,075,453
5395,28,079,320
5396,28,083,311
5397,28,087,301
5398,28,091,207
5399,28,096,284
5400,28,100,228
5401,28,104,164
5402,28,108,0
5403,28,112,0
5404,28,116,0
5405,28,120,220
5406,28,124,0
5407,28,128,0
5408,28,133,187
5409,28,137,159
5410,28,141,192
5411,28,145,213
5412,28,149,0
5413,28,153,0
5414,28,157,0
5415,28,161,152
5416,28,166,0
5417,28,170,155
5418,28,174,0
5419,28,178,0
5420,28,182,201
5421,28,186,0
5422,28,190,0
5423,28,194,0
5424,28,199,0
5425,28,203,0
5426,28,207,195
5427,28,211,0
5428,28,215,0
5429,28,219,0
5430,28,223,0
5431,28,227,0
5432,28,232,0
5433,28,236,169
5434,28,240,0
5435,28,244,161
5436,28,248,0
5437,28,252,0
5438,28,256,0
5439,28,260,0
5440,28,265,0
5441,28,269,0
5442,28,273,0
5443,28,277,0
5444,28,281,0
5445,28,285,0
5446,28,289,0
5447,28,293,0
5448,28,297,0
5449,28,302,158
5450,28,306,0
5451,28,310,0
5452,28,314,0
5453,28,318,0
5454,28,322,0
5455,28,326,0
5456,28,330,0
5457,28,335,0
5458,28,339,0
5459,28,343,0
5460,28,347,0
5461,28,351,0
5462,28,355,0
5463,28,359,0
5464,28,363,0
5465,28,368,152
5466,28,372,159
5467,28,376,0
5468,28,380,0
5469,28,384,0
5470,28,388,0
5471,28,392,165
5472,28,396,190
5473,28,401,0
5474,28,405,0
5475,28,409,0
5476,28,413,0
5477,28,417,0
5478,28,421,0
5479,28,425,0
5480,28,429,164
5481,28,434,0
5482,28,438,0
5483,28,442,0
5484,28,446,0
5485,28,450,0
5486,28,454,0
5487,28,458,0
5488,28,462,0
5489,28,466,0
5490,28,471,0
5491,28,475,0
5492,28,479,0
5493,28,483,166
5494,28,487,0
5495,28,491,0
5496,28,495,0
5497,28,499,0
5498,28,504,0
5499,28,508,0
5500,28,512,0
5501,28,516,0
5502,28,520,0
5503,28,524,0
5504,28,528,0
5505,28,532,0
5506,28,537,0
5507,28,541,0
5508,28,545,0
5509,28,549,0
5510,28,553,0
5511,28,557,0
5512,28,561,0
5513,28,565,0
5514,28,570,0
5515,28,574,0
5516,28,578,0
5517,28,582,0
5518,28,586,0
5519,28,590,0
5520,28,594,205
5521,28,598,0
5522,28,603,0
5523,28,607,0
5524,28,611,0
5525,28,615,0
5526,28,619,0
5527,28,623,0
5528,28,627,0
5529,28,631,0
5530,28,635,0
5531,28,640,0
5532,28,644,0
5533,28,648,0
5534,28,652,0
5535,28,656,0
5536,28,660,0
5537,28,664,0
5538,28,668,0
5539,28,673,0
5540,28,677,0
5541,28,681,0
5542,28,685,0
5543,28,689,0
5544,28,693,0
5545,28,697,0
5546,28,701,267
5547,28,706,276
5548,28,710,264
5549,28,714,378
5550,28,718,236
5551,28,722,357
5552,28,726,380
5553,28,730,540
5554,28,734,359
5555,28,739,507
5556,28,743,372
5557,28,747,333
5558,28,751,256
5559,28,755,256
5560,28,759,243
5561,28,763,277
5562,28,767,276
5563,28,772,210
5564,28,776,271
5565,28,780,171
5566,28,784,154
5567,28,788,230
5568,28,792,0
5569,28,796,0
5570,28,800,0
5571,28,804,0
5572,28,809,173
5573,28,813,204
5574,28,817,0
5575,28,821,0
5576,28,825,255
5577,28,829,0
5578,28,833,0
5579,28,837,0
5580,28,842,0
5581,28,846,0
5582,28,850,0
5583,28,854,0
5584,28,858,184
5585,28,862,160
5586,28,866,0
5587,28,870,0
5588,28,875,0
5589,28,879,0
5590,28,883,0
5591,28,887,0
5592,28,891,0
5593,28,895,0
5594,28,899,0
5595,28,903,0
5596,28,908,0
5597,28,912,0
5598,28,916,0
5599,28,920,0
5600,28,924,0
5601,28,928,0
5602,28,932,0
5603,28,936,0
5604,28,941,0
5605,28,945,0
5606,28,949,0
5607,28,953,197
5608,28,957,174
5609,28,961,0
5610,28,965,0
5611,28,969,0
5612,28,973,0
5613,28,978,0
5614,28,982,0
5615,28,986,0
5616,28,990,0
5617,28,994,0
5618,28,998,0
5619,29,002,0
5620,29,006,0
5621,29,011,0
5622,29,015,0
5623,29,019,0
5624,29,023,0
5625,29,027,0
5626,29,031,0
5627,29,035,0
5628,29,039,0
5629,29,044,0
5630,29,048,0
5631,29,052,0
5632,29,056,0
5633,29,060,0
5634,29,064,0
5635,29,068,0
5636,29,072,0
5637,29,077,0
5638,29,081,0
5639,29,085,0
5640,29,089,0
5641,29,093,0
5642,29,097,0
5643,29,101,0
5644,29,105,0
5645,29,110,0
5646,29,114,0
5647,29,118,0
5648,29,122,0
5649,29,126,0
5650,29,130,0
5651,29,134,0
5652,29,138,0
5653,29,142,0
5654,29,147,0
5655,29,151,0
5656,29,155,0
5657,29,159,0
5658,29,163,0
5659,29,167,0
5660,29,171,0
5661,29,175,0
5662,29,180,0
5663,29,184,0
5664,29,188,0
5665,29,192,177
5666,29,196,306
5667,29,200,180
5668,29,204,343
5669,29,208,528
5670,29,213,724
5671,29,217,831
5672,29,221,622
5673,29,225,1250
5674,29,229,1177
5675,29,233,1435
5676,29,237,1421
5677,29,241,1890
5678,29,246,1606
5679,29,250,1980
5680,29,254,1900
5681,29,258,2029
5682,29,262,1804
5683,29,266,1774
5684,29,270,1519
5685,29,274,1446
5686,29,279,1089
5687,29,283,1160
5688,29,287,1104
5689,29,291,836
5690,29,295,752
5691,29,299,1067
5692,29,303,664
5693,29,307,635
5694,29,311,420
5695,29,316,459
5696,29,320,534
5697,29,324,481
5698,29,328,613
5699,29,332,217
5700,29,336,374
5701,29,340,219
5702,29,344,161
5703,29,349,299
5704,29,353,0
5705,29,357,272
5706,29,361,217
5707,29,365,0
5708,29,369,0
5709,29,373,262
5710,29,377,154
5711,29,382,271
5712,29,386,226
5713,29,390,164
5714,29,394,163
5715,29,398,198
5716,29,402,159
5717,29,406,167
5718,29,410,260
5719,29,415,0
5720,29,419,208
5721,29,423,196
5722,29,427,0
5723,29,431,177
5724,29,435,196
5725,29,439,0
5726,29,443,194
5727,29,448,415
5728,29,452,374
5729,29,456,412
5730,29,460,532
5731,29,464,708
5732,29,468,1162
5733,29,472,837
5734,29,476,1761
5735,29,480,1686
5736,29,485,2121
5737,29,489,2439
5738,29,493,2825
5739,29,497,3216
5740,29,501,3207
5741,29,505,3344
5742,29,509,3446
5743,29,513,3302
5744,29,518,3008
5745,29,522,3694
5746,29,526,2840
5747,29,530,2535
5748,29,534,2209
5749,29,538,1785
5750,29,542,1667
5751,29,546,1997
5752,29,551,1350
5753,29,555,1384
5754,29,559,1497
5755,29,563,1201
5756,29,567,899
5757,29,571,896
5758,29,575,875
5759,29,579,748
5760,29,584,671
5761,29,588,773
5762,29,592,578
5763,29,596,570
5764,29,600,633
5765,29,604,356
5766,29,608,602
5767,29,612,412
5768,29,617,548
5769,29,621,478
5770,29,625,367
5771,29,629,209
5772,29,633,222
5773,29,637,358
5774,29,641,239
5775,29,645,279
5776,29,650,343
5777,29,654,214
5778,29,658,267
5779,29,662,0
5780,29,666,180
5781,29,670,0
5782,29,674,287
5783,29,678,211
5784,29,682,179
5785,29,687,188
5786,29,691,160
5787,29,695,215
5788,29,699,209
5789,29,703,200
5790,29,707,182
5791,29,711,0
5792,29,715,178
5793,29,720,0
5794,29,724,328
5795,29,728,218
5796,29,732,0
5797,29,736,0
5798,29,740,163
5799,29,744,171
5800,29,748,180
5801,29,753,0
5802,29,757,0
5803,29,761,0
5804,29,765,182
5805,29,769,0
5806,29,773,0
5807,29,777,0
5808,29,781,235
5809,29,786,0
5810,29,790,192
5811,29,794,162
5812,29,798,0
5813,29,802,0
5814,29,806,0
5815,29,810,198
5816,29,814,155
5817,29,819,0
5818,29,823,179
5819,29,827,0
5820,29,831,195
5821,29,835,151
5822,29,839,0
5823,29,843,0
5824,29,847,0
5825,29,851,0
5826,29,856,0
5827,29,860,0
5828,29,864,153
5829,29,868,0
5830,29,872,0
5831,29,876,0
5832,29,880,0
5833,29,884,0
5834,29,889,167
5835,29,893,0
5836,29,897,0
5837,29,901,172
5838,29,905,0
5839,29,909,0
5840,29,913,151
5841,29,917,0
5842,29,922,0
5843,29,926,0
5844,29,930,0
5845,29,934,0
5846,29,938,0
5847,29,942,0
5848,29,946,0
5849,29,950,0
5850,29,955,0
5851,29,959,0
5852,29,963,0
5853,29,967,0
5854,29,971,0
5855,29,975,0
5856,29,979,0
5857,29,983,0
5858,29,988,0
5859,29,992,0
5860,29,996,0
5861,30,000,0
5862,30,004,0
5863,30,008,0
5864,30,012,0
5865,30,016,0
5866,30,020,175
5867,30,025,163
5868,30,029,0
5869,30,033,0
5870,30,037,0
5871,30,041,0
5872,30,045,0
5873,30,049,191
5874,30,053,0
5875,30,058,175
5876,30,062,0
5877,30,066,0
5878,30,070,0
5879,30,074,0
5880,30,078,0
5881,30,082,0
5882,30,086,166
5883,30,091,0
5884,30,095,174
5885,30,099,0
5886,30,103,0
5887,30,107,183
5888,30,111,211
5889,30,115,451
5890,30,119,313
5891,30,124,429
5892,30,128,562
5893,30,132,702
5894,30,136,760
5895,30,140,1099
5896,30,144,1564
5897,30,148,1705
5898,30,152,2184
5899,30,157,2292
5900,30,161,2565
5901,30,165,3044
5902,30,169,2743
5903,30,173,3374
5904,30,177,2821
5905,30,181,2967
5906,30,185,2558
5907,30,189,2475
5908,30,194,2185
5909,30,198,1817
5910,30,202,2095
5911,30,206,1795
5912,30,210,1557
5913,30,214,1469
5914,30,218,1733
5915,30,222,1241
5916,30,227,1307
5917,30,231,852
5918,30,235,816
5919,30,239,909
5920,30,243,573
5921,30,247,601
5922,30,251,673
5923,30,255,668
5924,30,260,535
5925,30,264,798
5926,30,268,311
5927,30,272,421
5928,30,276,545
5929,30,280,393
5930,30,284,619
5931,30,288,461
5932,30,293,552
5933,30,297,400
5934,30,301,442
5935,30,305,458
5936,30,309,656
5937,30,313,500
5938,30,317,765
5939,30,321,460
5940,30,326,704
5941,30,330,831
5942,30,334,672
5943,30,338,638
5944,30,342,399
5945,30,346,245
5946,30,350,318
5947,30,354,453
5948,30,358,299
5949,30,363,412
5950,30,367,255
5951,30,371,298
5952,30,375,365
5953,30,379,304
5954,30,383,189
5955,30,387,290
5956,30,391,318
5957,30,396,264
5958,30,400,246
5959,30,404,216
5960,30,408,170
5961,30,412,216
5962,30,416,195
5963,30,420,257
5964,30,424,200
5965,30,429,262
5966,30,433,214
5967,30,437,161
5968,30,441,185
5969,30,445,197
5970,30,449,0
5971,30,453,164
5972,30,457,184
5973,30,462,160
5974,30,466,202
5975,30,470,251
5976,30,474,176
5977,30,478,0
5978,30,482,0
5979,30,486,155
5980,30,490,152
5981,30,495,230
5982,30,499,0
5983,30,503,220
5984,30,507,168
5985,30,511,0
5986,30,515,0
5987,30,519,0
5988,30,523,0
5989,30,527,0
5990,30,532,155
5991,30,536,180
5992,30,540,0
5993,30,544,0
5994,30,548,0
5995,30,552,161
5996,30,556,0
5997,30,560,0
5998,30,565,0
5999,30,569,239
6000,30,573,167
6001,30,577,174
6002,30,581,213
6003,30,585,0
6004,30,589,0
6005,30,593,179
6006,30,598,259
6007,30,602,155
6008,30,606,0
6009,30,610,260
6010,30,614,176
6011,30,618,0
6012,30,622,0
6013,30,626,192
6014,30,631,165
6015,30,635,0
6016,30,639,0
6017,30,643,0
6018,30,647,169
6019,30,651,0
6020,30,655,0
6021,30,659,152
6022,30,664,0
6023,30,668,0
6024,30,672,0
6025,30,676,0
6026,30,680,0
6027,30,684,156
6028,30,688,194
6029,30,692,223
6030,30,696,266
6031,30,701,216
6032,30,705,313
6033,30,709,539
6034,30,713,654
6035,30,717,844
6036,30,721,756
6037,30,725,1362
6038,30,729,1514
6039,30,734,1651
6040,30,738,1965
6041,30,742,2284
6042,30,746,2524
6043,30,750,3505
6044,30,754,2643
6045,30,758,3051
6046,30,762,2918
6047,30,767,3031
6048,30,771,2381
6049,30,775,2654
6050,30,779,1839
6051,30,783,2278
6052,30,787,1906
6053,30,791,1441
6054,30,795,1357
6055,30,800,1584
6056,30,804,1326
6057,30,808,1063
6058,30,812,924
6059,30,816,1110
6060,30,820,811
6061,30,824,646
6062,30,828,782
6063,30,833,623
6064,30,837,441
6065,30,841,504
6066,30,845,491
6067,30,849,481
6068,30,853,478
6069,30,857,331
6070,30,861,295
6071,30,865,370
6072,30,870,243
6073,30,874,334
6074,30,878,360
6075,30,882,397
6076,30,886,342
6077,30,890,214
6078,30,894,253
6079,30,898,253
6080,30,903,196
6081,30,907,234
6082,30,911,396
6083,30,915,0
6084,30,919,185
6085,30,923,170
6086,30,927,0
6087,30,931,153
6088,30,936,0
6089,30,940,193
6090,30,944,0
6091,30,948,0
6092,30,952,168
6093,30,956,0
6094,30,960,150
6095,30,964,0
6096,30,969,0
6097,30,973,0
6098,30,977,0
6099,30,981,176
6100,30,985,234
6101,30,989,186
6102,30,993,0
6103,30,997,194
6104,31,002,0
6105,31,006,188
6106,31,010,202
6107,31,014,0
6108,31,018,0
6109,31,022,295
6110,31,026,220
6111,31,030,0
6112,31,034,203
6113,31,039,153
6114,31,043,206
6115,31,047,0
6116,31,051,188
6117,31,055,0
6118,31,059,0
6119,31,063,0
6120,31,067,0
6121,31,072,0
6122,31,076,198
6123,31,080,0
6124,31,084,158
6125,31,088,0
6126,31,092,190
6127,31,096,0
6128,31,100,0
6129,31,105,0
6130,31,109,0
6131,31,113,168
6132,31,117,0
6133,31,121,0
6134,31,125,0
6135,31,129,0
6136,31,133,0
6137,31,138,0
6138,31,142,0
6139,31,146,0
6140,31,150,217
6141,31,154,0
6142,31,158,0
6143,31,162,0
6144,31,166,0
6145,31,171,0
6146,31,175,0
6147,31,179,0
6148,31,183,0
6149,31,187,0
6150,31,191,0
6151,31,195,0
6152,31,199,0
6153,31,203,0
6154,31,208,0
6155,31,212,0
6156,31,216,0
6157,31,220,206
6158,31,224,0
6159,31,228,0
6160,31,232,0
6161,31,236,0
6162,31,241,0
6163,31,245,0
6164,31,249,0
6165,31,253,0
6166,31,257,0
6167,31,261,152
6168,31,265,0
6169,31,269,0
6170,31,274,0
6171,31,278,0
6172,31,282,0
6173,31,286,0
6174,31,290,0
6175,31,294,0
6176,31,298,0
6177,31,302,0
6178,31,307,0
6179,31,311,0
6180,31,315,0
6181,31,319,0
6182,31,323,0
6183,31,327,0
6184,31,331,0
6185,31,335,0
6186,31,340,0
6187,31,344,174
6188,31,348,0
6189,31,352,150
6190,31,356,0
6191,31,360,0
6192,31,364,179
6193,31,368,0
6194,31,372,0
6195,31,377,160
6196,31,381,0
6197,31,385,0
6198,31,389,0
6199,31,393,0
6200,31,397,0
6201,31,401,0
6202,31,405,0
6203,31,410,0
6204,31,414,0
6205,31,418,0
6206,31,422,0
6207,31,426,0
6208,31,430,0
6209,31,434,0
6210,31,438,0
6211,31,443,0
6212,31,447,0
6213,31,451,0
6214,31,455,0
6215,31,459,0
6216,31,463,0
6217,31,467,0
6218,31,471,0
6219,31,476,0
6220,31,480,0
6221,31,484,0
6222,31,488,189
6223,31,492,0
6224,31,496,0
6225,31,500,0
6226,31,504,0
6227,31,509,0
6228,31,513,0
6229,31,517,0
6230,31,521,0
6231,31,525,158
6232,31,529,0
6233,31,533,0
6234,31,537,164
6235,31,541,0
6236,31,546,0
6237,31,550,0
6238,31,554,0
6239,31,558,157
6240,31,562,351
6241,31,566,287
6242,31,570,598
6243,31,574,1009
6244,31,579,1291
6245,31,583,1391
6246,31,587,2905
6247,31,591,3552
6248,31,595,4388
6249,31,599,5335
6250,31,603,6780
6251,31,607,8657
6252,31,612,9751
6253,31,616,10474
6254,31,620,11228
6255,31,624,13920
6256,31,628,13014
6257,31,632,13460
6258,31,636,12974
6259,31,640,13075
6260,31,645,13089
6261,31,649,12829
6262,31,653,12592
6263,31,657,10569
6264,31,661,10140
6265,31,665,8212
6266,31,669,7462
6267,31,673,6422
6268,31,678,5511
6269,31,682,4934
6270,31,686,4369
6271,31,690,4031
6272,31,694,3810
6273,31,698,3094
6274,31,702,3175
6275,31,706,2825
6276,31,710,2442
6277,31,715,2540
6278,31,719,2635
6279,31,723,1911
6280,31,727,1477
6281,31,731,1577
6282,31,735,1426
6283,31,739,988
6284,31,743,1067
6285,31,748,1172
6286,31,752,1071
6287,31,756,1183
6288,31,760,842
6289,31,764,1073
6290,31,768,911
6291,31,772,1050
6292,31,776,798
6293,31,781,760
6294,31,785,853
6295,31,789,845
6296,31,793,758
6297,31,797,519
6298,31,801,711
6299,31,805,667
6300,31,809,689
6301,31,814,642
6302,31,818,606
6303,31,822,744
6304,31,826,677
6305,31,830,795
6306,31,834,617
6307,31,838,778
6308,31,842,917
6309,31,847,781
6310,31,851,1055
6311,31,855,715
6312,31,859,1060
6313,31,863,706
6314,31,867,794
6315,31,871,751
6316,31,875,691
6317,31,879,824
6318,31,884,628
6319,31,888,521
6320,31,892,478
6321,31,896,338
6322,31,900,536
6323,31,904,530
6324,31,908,748
6325,31,912,420
6326,31,917,463
6327,31,921,369
6328,31,925,385
6329,31,929,266
6330,31,933,451
6331,31,937,398
6332,31,941,396
6333,31,945,297
6334,31,950,226
6335,31,954,374
6336,31,958,368
6337,31,962,353
6338,31,966,199
6339,31,970,319
6340,31,974,255
6341,31,978,284
6342,31,983,319
6343,31,987,193
6344,31,991,0
6345,31,995,214
6346,31,999,230
6347,32,003,152
6348,32,007,170
6349,32,011,241
6350,32,016,0
6351,32,020,298
6352,32,024,315
6353,32,028,0
6354,32,032,230
6355,32,036,0
6356,32,040,166
6357,32,044,222
6358,32,048,158
6359,32,053,191
6360,32,057,182
6361,32,061,155
6362,32,065,199
6363,32,069,260
6364,32,073,0
6365,32,077,197
6366,32,081,177
6367,32,086,0
6368,32,090,235
6369,32,094,0
6370,32,098,176
6371,32,102,174
6372,32,106,0
6373,32,110,243
6374,32,114,222
6375,32,119,329
6376,32,123,161
6377,32,127,233
6378,32,131,332
6379,32,135,389
6380,32,139,224
6381,32,143,427
6382,32,147,659
6383,32,152,870
6384,32,156,870
6385,32,160,1329
6386,32,164,1895
6387,32,168,2629
6388,32,172,3040
6389,32,176,3926
6390,32,180,4568
6391,32,185,6287
6392,32,189,6541
6393,32,193,8537
6394,32,197,8353
6395,32,201,9573
6396,32,205,8769
6397,32,209,9555
6398,32,213,9090
6399,32,217,9724
6400,32,222,8854
6401,32,226,8457
6402,32,230,8076
6403,32,234,6938
6404,32,238,5939
6405,32,242,5728
6406,32,246,4683
6407,32,250,4365
6408,32,255,3893
6409,32,259,3749
6410,32,263,2772
6411,32,267,2474
6412,32,271,2410
6413,32,275,2173
6414,32,279,2060
6415,32,283,1751
6416,32,288,2036
6417,32,292,1679
6418,32,296,1502
6419,32,300,1603
6420,32,304,1203
6421,32,308,1288
6422,32,312,884
6423,32,316,1217
6424,32,321,665
6425,32,325,888
6426,32,329,753
6427,32,333,630
6428,32,337,710
6429,32,341,615
6430,32,345,834
6431,32,349,594
6432,32,354,495
6433,32,358,456
6434,32,362,353
6435,32,366,513
6436,32,370,461
6437,32,374,469
6438,32,378,439
6439,32,382,429
6440,32,386,547
6441,32,391,380
6442,32,395,330
6443,32,399,381
6444,32,403,246
6445,32,407,293
6446,32,411,341
6447,32,415,294
6448,32,419,279
6449,32,424,378
6450,32,428,402
6451,32,432,406
6452,32,436,304
6453,32,440,388
6454,32,444,207
6455,32,448,306
6456,32,452,304
6457,32,457,347
6458,32,461,197
6459,32,465,223
6460,32,469,297
6461,32,473,0
6462,32,477,205
6463,32,481,229
6464,32,485,156
6465,32,490,310
6466,32,494,275
6467,32,498,190
6468,32,502,213
6469,32,506,0
6470,32,510,208
6471,32,514,150
6472,32,518,246
6473,32,523,421
6474,32,527,385
6475,32,531,303
6476,32,535,399
6477,32,539,616
6478,32,543,460
6479,32,547,731
6480,32,551,728
6481,32,555,913
6482,32,560,1225
6483,32,564,1105
6484,32,568,1365
6485,32,572,1321
6486,32,576,1271
6487,32,580,1035
6488,32,584,1374
6489,32,588,1026
6490,32,593,1203
6491,32,597,909
6492,32,601,1053
6493,32,605,880
6494,32,609,798
6495,32,613,635
6496,32,617,661
6497,32,621,632
6498,32,626,733
6499,32,630,498
6500,32,634,381
6501,32,638,514
6502,32,642,370
6503,32,646,423
6504,32,650,688
6505,32,654,356
6506,32,659,328
6507,32,663,397
6508,32,667,464
6509,32,671,351
6510,32,675,269
6511,32,679,326
6512,32,683,247
6513,32,687,240
6514,32,692,180
6515,32,696,182
6516,32,700,275
6517,32,704,213
6518,32,708,208
6519,32,712,332
6520,32,716,193
6521,32,720,343
6522,32,724,174
6523,32,729,322
6524,32,733,240
6525,32,737,161
6526,32,741,183
6527,32,745,432
6528,32,749,0
6529,32,753,257
6530,32,757,0
6531,32,762,304
6532,32,766,265
6533,32,770,178
6534,32,774,0
6535,32,778,0
6536,32,782,179
6537,32,786,0
6538,32,790,214
6539,32,795,204
6540,32,799,157
6541,32,803,0
6542,32,807,0
6543,32,811,0
6544,32,815,239
6545,32,819,202
6546,32,823,0
6547,32,828,234
6548,32,832,226
6549,32,836,223
6550,32,840,0
6551,32,844,0
6552,32,848,185
6553,32,852,0
6554,32,856,0
6555,32,861,0
6556,32,865,162
6557,32,869,183
6558,32,873,0
6559,32,877,0
6560,32,881,196
6561,32,885,151
6562,32,889,224
6563,32,893,222
6564,32,898,0
6565,32,902,0
6566,32,906,151
6567,32,910,0
6568,32,914,0
6569,32,918,207
6570,32,922,0
6571,32,926,167
6572,32,931,0
6573,32,935,0
6574,32,939,0
6575,32,943,198
6576,32,947,0
6577,32,951,0
6578,32,955,0
6579,32,959,0
6580,32,964,0
6581,32,968,0
6582,32,972,0
6583,32,976,179
6584,32,980,0
6585,32,984,0
6586,32,988,202
6587,32,992,0
6588,32,997,185
6589,33,001,260
6590,33,005,0
6591,33,009,0
6592,33,013,0
6593,33,017,0
6594,33,021,0
6595,33,025,151
6596,33,030,151
6597,33,034,0
6598,33,038,0
6599,33,042,176
6600,33,046,0
6601,33,050,0
6602,33,054,0
6603,33,058,155
6604,33,062,222
6605,33,067,0
6606,33,071,155
6607,33,075,0
6608,33,079,277
6609,33,083,241
6610,33,087,255
6611,33,091,0
6612,33,095,166
6613,33,100,0
6614,33,104,0
6615,33,108,225
6616,33,112,0
6617,33,116,180
6618,33,120,0
6619,33,124,152
6620,33,128,0
6621,33,133,158
6622,33,137,177
6623,33,141,0
6624,33,145,0
6625,33,149,0
6626,33,153,0
6627,33,157,0
6628,33,161,0
6629,33,166,0
6630,33,170,0
6631,33,174,165
6632,33,178,0
6633,33,182,178
6634,33,186,154
6635,33,190,183
6636,33,194,0
6637,33,199,0
6638,33,203,0
6639,33,207,0
6640,33,211,0
6641,33,215,0
6642,33,219,0
6643,33,223,0
6644,33,227,0
6645,33,231,0
6646,33,236,173
6647,33,240,0
6648,33,244,0
6649,33,248,0
6650,33,252,0
6651,33,256,191
6652,33,260,0
6653,33,264,0
6654,33,269,0
6655,33,273,0
6656,33,277,290
6657,33,281,231
6658,33,285,284
6659,33,289,358
6660,33,293,219
6661,33,297,292
6662,33,302,499
6663,33,306,342
6664,33,310,421
6665,33,314,455
6666,33,318,359
6667,33,322,287
6668,33,326,374
6669,33,330,442
6670,33,335,331
6671,33,339,248
6672,33,343,243
6673,33,347,308
6674,33,351,165
6675,33,355,399
6676,33,359,338
6677,33,363,232
6678,33,368,211
6679,33,372,233
6680,33,376,297
6681,33,380,314
6682,33,384,171
6683,33,388,164
6684,33,392,157
6685,33,396,0
6686,33,400,249
6687,33,405,289
6688,33,409,224
6689,33,413,303
6690,33,417,175
6691,33,421,204
6692,33,425,0
6693,33,429,0
6694,33,433,186
6695,33,438,322
6696,33,442,210
6697,33,446,0
6698,33,450,200
6699,33,454,232
6700,33,458,219
6701,33,462,0
6702,33,466,0
6703,33,471,175
6704,33,475,0
6705,33,479,0
6706,33,483,193
6707,33,487,0
6708,33,491,0
6709,33,495,256
6710,33,499,0
6711,33,504,228
6712,33,508,216
6713,33,512,0
6714,33,516,0
6715,33,520,0
6716,33,524,193
6717,33,528,218
6718,33,532,0
6719,33,537,0
6720,33,541,0
6721,33,545,0
6722,33,549,0
6723,33,553,0
6724,33,557,0
6725,33,561,0
6726,33,565,158
6727,33,569,0
6728,33,574,0
6729,33,578,0
6730,33,582,0
6731,33,586,289
6732,33,590,226
6733,33,594,172
6734,33,598,167
6735,33,602,0
6736,33,607,153
6737,33,611,0
6738,33,615,0
6739,33,619,239
6740,33,623,0
6741,33,627,0
6742,33,631,0
6743,33,635,198
6744,33,640,187
6745,33,644,0
6746,33,648,0
6747,33,652,151
6748,33,656,0
6749,33,660,0
6750,33,664,0
6751,33,668,0
6752,33,673,292
6753,33,677,0
6754,33,681,171
6755,33,685,0
6756,33,689,179
6757,33,693,164
6758,33,697,0
6759,33,701,0
6760,33,706,157
6761,33,710,257
6762,33,714,336
6763,33,718,397
6764,33,722,421
6765,33,726,582
6766,33,730,760
6767,33,734,821
6768,33,738,925
6769,33,743,1182
6770,33,747,1282
6771,33,751,1568
6772,33,755,2153
6773,33,759,1766
6774,33,763,2308
6775,33,767,2107
6776,33,771,2164
6777,33,776,2060
6778,33,780,2046
6779,33,784,1898
6780,33,788,1969
6781,33,792,1712
6782,33,796,1238
6783,33,800,1158
6784,33,804,1350
6785,33,809,1150
6786,33,813,1307
6787,33,817,891
6788,33,821,988
6789,33,825,841
6790,33,829,946
6791,33,833,614
6792,33,837,612
6793,33,842,503
6794,33,846,408
6795,33,850,823
6796,33,854,396
6797,33,858,547
6798,33,862,296
6799,33,866,580
6800,33,870,484
6801,33,875,385
6802,33,879,331
6803,33,883,369
6804,33,887,379
6805,33,891,183
6806,33,895,310
6807,33,899,511
6808,33,903,350
6809,33,907,198
6810,33,912,326
6811,33,916,320
6812,33,920,188
6813,33,924,217
6814,33,928,169
6815,33,932,0
6816,33,936,0
6817,33,940,207
6818,33,945,336
6819,33,949,207
6820,33,953,349
6821,33,957,0
6822,33,961,0
6823,33,965,163
6824,33,969,0
6825,33,973,162
6826,33,978,202
6827,33,982,206
6828,33,986,201
6829,33,990,322
6830,33,994,172
6831,33,998,271
6832,34,002,0
6833,34,006,0
6834,34,011,241
6835,34,015,281
6836,34,019,0
6837,34,023,0
6838,34,027,0
6839,34,031,0
6840,34,035,212
6841,34,039,197
6842,34,044,156
6843,34,048,150
6844,34,052,263
6845,34,056,250
6846,34,060,162
6847,34,064,0
6848,34,068,168
6849,34,072,0
6850,34,076,273
6851,34,081,0
6852,34,085,184
6853,34,089,162
6854,34,093,0
6855,34,097,0
6856,34,101,0
6857,34,105,183
6858,34,109,229
6859,34,114,0
6860,34,118,171
6861,34,122,0
6862,34,126,191
6863,34,130,0
6864,34,134,0
6865,34,138,0
6866,34,142,0
6867,34,147,0
6868,34,151,335
6869,34,155,169
6870,34,159,194
6871,34,163,0
6872,34,167,158
6873,34,171,196
6874,34,175,156
6875,34,180,0
6876,34,184,0
6877,34,188,0
6878,34,192,0
6879,34,196,0
6880,34,200,0
6881,34,204,234
6882,34,208,194
6883,34,213,186
6884,34,217,0
6885,34,221,219
6886,34,225,0
6887,34,229,154
6888,34,233,152
6889,34,237,0
6890,34,241,0
6891,34,245,178
6892,34,250,186
6893,34,254,0
6894,34,258,0
6895,34,262,180
6896,34,266,0
6897,34,270,0
6898,34,274,188
6899,34,278,0
6900,34,283,0
6901,34,287,0
6902,34,291,161
6903,34,295,0
6904,34,299,161
6905,34,303,0
6906,34,307,0
6907,34,311,0
6908,34,316,207
6909,34,320,171
6910,34,324,0
6911,34,328,213
6912,34,332,0
6913,34,336,0
6914,34,340,0
6915,34,344,0
6916,34,349,0
6917,34,353,0
6918,34,357,0
6919,34,361,0
6920,34,365,0
6921,34,369,217
6922,34,373,0
6923,34,377,189
6924,34,382,248
6925,34,386,158
6926,34,390,0
6927,34,394,0
6928,34,398,0
6929,34,402,272
6930,34,406,258
6931,34,410,0
6932,34,414,0
6933,34,419,0
6934,34,423,0
6935,34,427,0
6936,34,431,237
6937,34,435,0
6938,34,439,0
6939,34,443,0
6940,34,447,173
6941,34,452,159
6942,34,456,0
6943,34,460,0
6944,34,464,157
6945,34,468,258
6946,34,472,0
6947,34,476,0
6948,34,480,0
6949,34,485,0
6950,34,489,163
6951,34,493,0
6952,34,497,0
6953,34,501,0
6954,34,505,0
6955,34,509,266
6956,34,513,254
6957,34,518,303
6958,34,522,666
6959,34,526,635
6960,34,530,871
6961,34,534,1035
6962,34,538,1696
6963,34,542,2251
6964,34,546,3157
6965,34,551,3757
6966,34,555,5222
6967,34,559,6037
6968,34,563,6442
6969,34,567,7601
6970,34,571,8489
6971,34,575,9862
6972,34,579,10251
6973,34,584,10134
6974,34,588,10560
6975,34,592,9660
6976,34,596,9490
6977,34,600,8648
6978,34,604,8136
6979,34,608,7739
6980,34,612,7699
6981,34,616,5697
6982,34,621,5880
6983,34,625,4985
6984,34,629,4713
6985,34,633,4600
6986,34,637,3261
6987,34,641,3548
6988,34,645,3182
6989,34,649,3159
6990,34,654,2714
6991,34,658,2287
6992,34,662,2178
6993,34,666,1850
6994,34,670,2025
6995,34,674,1847
6996,34,678,1884
6997,34,682,1656
6998,34,687,1763
6999,34,691,1426
7000,34,695,1601
7001,34,699,1565
7002,34,703,1074
7003,34,707,1454
7004,34,711,1461
7005,34,715,1270
7006,34,720,1047
7007,34,724,1199
7008,34,728,1253
7009,34,732,1474
7010,34,736,1090
7011,34,740,1300
7012,34,744,1078
7013,34,748,1117
7014,34,753,1150
7015,34,757,1027
7016,34,761,841
7017,34,765,1150
7018,34,769,1156
7019,34,773,857
7020,34,777,595
7021,34,781,745
7022,34,785,983
7023,34,790,705
7024,34,794,647
7025,34,798,663
7026,34,802,493
7027,34,806,621
7028,34,810,635
7029,34,814,480
7030,34,818,425
7031,34,823,626
7032,34,827,493
7033,34,831,496
7034,34,835,401
7035,34,839,411
7036,34,843,438
7037,34,847,374
7038,34,851,351
7039,34,856,380
7040,34,860,426
7041,34,864,257
7042,34,868,293
7043,34,872,262
7044,34,876,276
7045,34,880,250
7046,34,884,526
7047,34,889,403
7048,34,893,304
7049,34,897,260
7050,34,901,331
7051,34,905,384
7052,34,909,308
7053,34,913,314
7054,34,917,313
7055,34,922,0
7056,34,926,298
7057,34,930,335
7058,34,934,297
7059,34,938,305
7060,34,942,281
7061,34,946,208
7062,34,950,217
7063,34,954,0
7064,34,959,284
7065,34,963,275
7066,34,967,301
7067,34,971,152
7068,34,975,255
7069,34,979,175
7070,34,983,304
7071,34,987,309
7072,34,992,251
7073,34,996,222
7074,35,000,181
7075,35,004,205
7076,35,008,228
7077,35,012,0
7078,35,016,215
7079,35,020,206
7080,35,025,252
7081,35,029,224
7082,35,033,154
7083,35,037,205
7084,35,041,282
7085,35,045,186
7086,35,049,262
7087,35,053,347
7088,35,058,815
7089,35,062,533
7090,35,066,910
7091,35,070,1258
7092,35,074,1327
7093,35,078,1977
7094,35,082,2143
7095,35,086,3941
7096,35,091,4466
7097,35,095,5053
7098,35,099,6389
7099,35,103,7079
7100,35,107,8529
7101,35,111,9023
7102,35,115,9973
7103,35,119,11575
7104,35,123,11947
7105,35,128,13944
7106,35,132,13349
7107,35,136,14732
7108,35,140,15416
7109,35,144,17752
7110,35,148,19968
7111,35,152,20280
7112,35,156,23240
7113,35,161,24632
7114,35,165,26368
7115,35,169,28768
7116,35,173,29584
7117,35,177,29528
7118,35,181,30392
7119,35,185,29232
7120,35,189,30152
7121,35,194,28736
7122,35,198,27272
7123,35,202,24256
7124,35,206,24184
7125,35,210,21688
7126,35,214,20664
7127,35,218,19112
7128,35,222,16309
7129,35,227,14257
7130,35,231,12808
7131,35,235,11902
7132,35,239,10396
7133,35,243,9606
7134,35,247,8030
7135,35,251,7379
7136,35,255,6768
7137,35,260,6521
7138,35,264,5316
7139,35,268,5078
7140,35,272,4770
7141,35,276,5160
7142,35,280,4196
7143,35,284,3936
7144,35,288,3050
7145,35,292,3093
7146,35,297,3216
7147,35,301,3300
7148,35,305,3025
7149,35,309,2663
7150,35,313,2170
7151,35,317,2411
7152,35,321,2299
7153,35,325,2013
7154,35,330,2077
7155,35,334,1947
7156,35,338,2057
7157,35,342,1223
7158,35,346,1543
7159,35,350,1605
7160,35,354,1613
7161,35,358,1339
7162,35,363,1251
7163,35,367,1545
7164,35,371,1341
7165,35,375,1163
7166,35,379,1115
7167,35,383,1360
7168,35,387,1114
7169,35,391,1454
7170,35,396,1499
7171,35,400,1842
7172,35,404,1347
7173,35,408,1964
7174,35,412,1728
7175,35,416,1694
7176,35,420,1408
7177,35,424,1771
7178,35,429,1919
7179,35,433,1610
7180,35,437,1675
7181,35,441,1754
7182,35,445,1760
7183,35,449,1426
7184,35,453,1495
7185,35,457,1589
7186,35,461,1425
7187,35,466,1142
7188,35,470,745
7189,35,474,1057
7190,35,478,835
7191,35,482,840
7192,35,486,892
7193,35,490,813
7194,35,494,747
7195,35,499,700
7196,35,503,523
7197,35,507,734
7198,35,511,1031
7199,35,515,835
7200,35,519,626
7201,35,523,494
7202,35,527,526
7203,35,532,442
7204,35,536,437
7205,35,540,629
7206,35,544,618
7207,35,548,589
7208,35,552,556
7209,35,556,580
7210,35,560,418
7211,35,565,456
7212,35,569,361
7213,35,573,415
7214,35,577,483
7215,35,581,366
7216,35,585,460
7217,35,589,445
7218,35,593,405
7219,35,598,382
7220,35,602,390
7221,35,606,368
7222,35,610,489
7223,35,614,466
7224,35,618,403
7225,35,622,387
7226,35,626,279
7227,35,630,438
7228,35,635,537
7229,35,639,425
7230,35,643,337
7231,35,647,367
7232,35,651,320
7233,35,655,348
7234,35,659,405
7235,35,663,425
7236,35,668,303
7237,35,672,430
7238,35,676,399
7239,35,680,457
7240,35,684,289
7241,35,688,293
7242,35,692,264
7243,35,696,246
7244,35,701,561
7245,35,705,369
7246,35,709,331
7247,35,713,351
7248,35,717,449
7249,35,721,295
7250,35,725,323
7251,35,729,451
7252,35,734,375
7253,35,738,300
7254,35,742,446
7255,35,746,223
7256,35,750,412
7257,35,754,203
7258,35,758,224
7259,35,762,285
7260,35,767,281
7261,35,771,175
7262,35,775,316
7263,35,779,260
7264,35,783,276
7265,35,787,396
7266,35,791,389
7267,35,795,177
7268,35,799,207
7269,35,804,182
7270,35,808,327
7271,35,812,445
7272,35,816,269
7273,35,820,303
7274,35,824,0
7275,35,828,227
7276,35,832,157
7277,35,837,243
7278,35,841,213
7279,35,845,224
7280,35,849,263
7281,35,853,245
7282,35,857,250
7283,35,861,409
7284,35,865,196
7285,35,870,256
7286,35,874,227
7287,35,878,183
7288,35,882,249
7289,35,886,244
7290,35,890,172
7291,35,894,351
7292,35,898,264
7293,35,903,208
7294,35,907,206
7295,35,911,303
7296,35,915,412
7297,35,919,322
7298,35,923,318
7299,35,927,238
7300,35,931,181
7301,35,936,224
7302,35,940,206
7303,35,944,251
7304,35,948,261
7305,35,952,339
7306,35,956,470
7307,35,960,222
7308,35,964,250
7309,35,968,296
7310,35,973,0
7311,35,977,290
7312,35,981,0
7313,35,985,193
7314,35,989,170
7315,35,993,168
7316,35,997,198
7317,36,001,176
7318,36,006,256
7319,36,010,222
7320,36,014,182
7321,36,018,155
7322,36,022,184
7323,36,026,329
7324,36,030,154
7325,36,034,178
7326,36,039,185
7327,36,043,169
7328,36,047,272
7329,36,051,206
7330,36,055,155
7331,36,059,227
7332,36,063,318
7333,36,067,313
7334,36,072,485
7335,36,076,466
7336,36,080,417
7337,36,084,399
7338,36,088,469
7339,36,092,372
7340,36,096,608
7341,36,100,449
7342,36,105,440
7343,36,109,410
7344,36,113,480
7345,36,117,587
7346,36,121,440
7347,36,125,289
7348,36,129,410
7349,36,133,472
7350,36,137,333
7351,36,142,421
7352,36,146,337
7353,36,150,287
7354,36,154,316
7355,36,158,359
7356,36,162,324
7357,36,166,231
7358,36,170,233
7359,36,175,363
7360,36,179,348
7361,36,183,291
7362,36,187,217
7363,36,191,409
7364,36,195,332
7365,36,199,224
7366,36,203,303
7367,36,208,187
7368,36,212,350
7369,36,216,264
7370,36,220,220
7371,36,224,0
7372,36,228,209
7373,36,232,209
7374,36,236,222
7375,36,241,0
7376,36,245,188
7377,36,249,273
7378,36,253,317
7379,36,257,231
7380,36,261,170
7381,36,265,269
7382,36,269,183
7383,36,274,201
7384,36,278,172
7385,36,282,199
7386,36,286,285
7387,36,290,251
7388,36,294,242
7389,36,298,308
7390,36,302,220
7391,36,306,234
7392,36,311,159
7393,36,315,280
7394,36,319,153
7395,36,323,0
7396,36,327,306
7397,36,331,197
7398,36,335,172
7399,36,339,290
7400,36,344,230
7401,36,348,0
7402,36,352,191
7403,36,356,156
7404,36,360,213
7405,36,364,0
7406,36,368,161
7407,36,372,165
7408,36,377,184
7409,36,381,324
7410,36,385,157
7411,36,389,311
7412,36,393,189
7413,36,397,174
7414,36,401,361
7415,36,405,194
7416,36,410,253
7417,36,414,286
7418,36,418,280
7419,36,422,278
7420,36,426,259
7421,36,430,187
7422,36,434,209
7423,36,438,158
7424,36,443,0
7425,36,447,212
7426,36,451,156
7427,36,455,238
7428,36,459,190
7429,36,463,258
7430,36,467,197
7431,36,471,365
7432,36,475,274
7433,36,480,228
7434,36,484,248
7435,36,488,403
7436,36,492,432
7437,36,496,759
7438,36,500,1242
7439,36,504,1895
7440,36,508,2597
7441,36,513,3932
7442,36,517,5379
7443,36,521,6458
7444,36,525,9642
7445,36,529,12167
7446,36,533,14416
7447,36,537,18776
7448,36,541,19952
7449,36,546,23824
7450,36,550,27024
7451,36,554,29008
7452,36,558,30856
7453,36,562,30944
7454,36,566,33552
7455,36,570,30792
7456,36,574,31264
7457,36,579,31224
7458,36,583,30176
7459,36,587,25240
7460,36,591,24896
7461,36,595,22280
7462,36,599,19944
7463,36,603,20032
7464,36,607,17296
7465,36,612,15027
7466,36,616,12932
7467,36,620,12525
7468,36,624,11405
7469,36,628,10186
7470,36,632,8716
7471,36,636,7624
7472,36,640,7078
7473,36,644,6394
7474,36,649,6557
7475,36,653,5961
7476,36,657,5343
7477,36,661,4115
7478,36,665,4783
7479,36,669,3914
7480,36,673,4093
7481,36,677,3805
7482,36,682,3184
7483,36,686,2710
7484,36,690,3139
7485,36,694,2716
7486,36,698,3028
7487,36,702,2689
7488,36,706,2101
7489,36,710,1855
7490,36,715,1814
7491,36,719,2136
7492,36,723,2014
7493,36,727,1690
7494,36,731,1689
7495,36,735,1504
7496,36,739,1862
7497,36,743,1423
7498,36,748,1239
7499,36,752,1281
7500,36,756,1055
7501,36,760,1057
7502,36,764,1173
7503,36,768,1222
7504,36,772,924
7505,36,776,920
7506,36,781,1134
7507,36,785,991
7508,36,789,918
7509,36,793,1067
7510,36,797,766
7511,36,801,754
7512,36,805,805
7513,36,809,744
7514,36,813,713
7515,36,818,976
7516,36,822,657
7517,36,826,705
7518,36,830,463
7519,36,834,786
7520,36,838,559
7521,36,842,676
7522,36,846,611
7523,36,851,435
7524,36,855,890
7525,36,859,503
7526,36,863,456
7527,36,867,435
7528,36,871,742
7529,36,875,613
7530,36,879,544
7531,36,884,583
7532,36,888,504
7533,36,892,614
7534,36,896,402
7535,36,900,509
7536,36,904,379
7537,36,908,512
7538,36,912,434
7539,36,917,480
7540,36,921,485
7541,36,925,447
7542,36,929,350
7543,36,933,371
7544,36,937,486
7545,36,941,492
7546,36,945,483
7547,36,950,523
7548,36,954,458
7549,36,958,335
7550,36,962,459
7551,36,966,404
7552,36,970,480
7553,36,974,487
7554,36,978,438
7555,36,982,442
7556,36,987,498
7557,36,991,561
7558,36,995,328
7559,36,999,394
7560,37,003,314
7561,37,007,397
7562,37,011,353
7563,37,015,456
7564,37,020,420
7565,37,024,363
7566,37,028,274
7567,37,032,262
7568,37,036,242
7569,37,040,333
7570,37,044,319
7571,37,048,281
7572,37,053,283
7573,37,057,251
7574,37,061,299
7575,37,065,286
7576,37,069,300
7577,37,073,370
7578,37,077,280
7579,37,081,227
7580,37,086,232
7581,37,090,277
7582,37,094,255
7583,37,098,310
7584,37,102,316
7585,37,106,331
7586,37,110,338
7587,37,114,320
7588,37,119,157
7589,37,123,160
7590,37,127,320
7591,37,131,271
7592,37,135,378
7593,37,139,0
7594,37,143,278
7595,37,147,258
7596,37,151,220
7597,37,156,247
7598,37,160,287
7599,37,164,174
7600,37,168,271
7601,37,172,390
7602,37,176,184
7603,37,180,454
7604,37,184,287
7605,37,189,292
7606,37,193,230
7607,37,197,180
7608,37,201,265
7609,37,205,175
7610,37,209,204
7611,37,213,202
7612,37,217,179
7613,37,222,265
7614,37,226,248
7615,37,230,224
7616,37,234,304
7617,37,238,238
7618,37,242,188
7619,37,246,226
7620,37,250,357
7621,37,255,0
7622,37,259,424
7623,37,263,282
7624,37,267,158
7625,37,271,234
7626,37,275,195
7627,37,279,170
7628,37,283,313
7629,37,288,378
7630,37,292,360
7631,37,296,301
7632,37,300,270
7633,37,304,335
7634,37,308,172
7635,37,312,310
7636,37,316,244
7637,37,320,222
7638,37,325,265
7639,37,329,202
7640,37,333,341
7641,37,337,211
7642,37,341,178
7643,37,345,230
7644,37,349,282
7645,37,353,156
7646,37,358,225
7647,37,362,323
7648,37,366,373
7649,37,370,301
7650,37,374,220
7651,37,378,256
7652,37,382,328
7653,37,386,443
7654,37,391,248
7655,37,395,413
7656,37,399,389
7657,37,403,419
7658,37,407,578
7659,37,411,423
7660,37,415,605
7661,37,419,592
7662,37,424,582
7663,37,428,456
7664,37,432,713
7665,37,436,717
7666,37,440,624
7667,37,444,510
7668,37,448,566
7669,37,452,526
7670,37,457,541
7671,37,461,688
7672,37,465,832
7673,37,469,442
7674,37,473,535
7675,37,477,429
7676,37,481,501
7677,37,485,425
7678,37,489,445
7679,37,494,315
7680,37,498,323
7681,37,502,621
7682,37,506,395
7683,37,510,277
7684,37,514,414
7685,37,518,355
7686,37,522,294
7687,37,527,499
7688,37,531,368
7689,37,535,202
7690,37,539,568
7691,37,543,320
7692,37,547,285
7693,37,551,239
7694,37,555,197
7695,37,560,236
7696,37,564,326
7697,37,568,228
7698,37,572,291
7699,37,576,213
7700,37,580,298
7701,37,584,320
7702,37,588,170
7703,37,593,320
7704,37,597,388
7705,37,601,225
7706,37,605,286
7707,37,609,182
7708,37,613,226
7709,37,617,188
7710,37,621,163
7711,37,626,249
7712,37,630,334
7713,37,634,241
7714,37,638,210
7715,37,642,231
7716,37,646,254
7717,37,650,372
7718,37,654,223
7719,37,658,427
7720,37,663,270
7721,37,667,438
7722,37,671,189
7723,37,675,268
7724,37,679,259
7725,37,683,372
7726,37,687,186
7727,37,691,172
7728,37,696,154
7729,37,700,200
7730,37,704,337
7731,37,708,216
7732,37,712,235
7733,37,716,238
7734,37,720,302
7735,37,724,291
7736,37,729,293
7737,37,733,212
7738,37,737,190
7739,37,741,273
7740,37,745,261
7741,37,749,374
7742,37,753,197
7743,37,757,210
7744,37,762,284
7745,37,766,271
7746,37,770,290
7747,37,774,273
7748,37,778,205
7749,37,782,237
7750,37,786,323
7751,37,790,203
7752,37,795,305
7753,37,799,276
7754,37,803,230
7755,37,807,207
7756,37,811,178
7757,37,815,0
7758,37,819,243
7759,37,823,324
7760,37,827,217
7761,37,832,0
7762,37,836,318
7763,37,840,240
7764,37,844,0
7765,37,848,0
7766,37,852,286
7767,37,856,200
7768,37,860,204
7769,37,865,351
7770,37,869,264
7771,37,873,248
7772,37,877,0
7773,37,881,189
7774,37,885,287
7775,37,889,0
7776,37,893,331
7777,37,898,388
7778,37,902,0
7779,37,906,170
7780,37,910,201
7781,37,914,154
7782,37,918,202
7783,37,922,250
7784,37,926,183
7785,37,931,173
7786,37,935,0
7787,37,939,230
7788,37,943,0
7789,37,947,197
7790,37,951,341
7791,37,955,184
7792,37,959,197
7793,37,964,0
7794,37,968,283
7795,37,972,243
7796,37,976,203
7797,37,980,207
7798,37,984,181
7799,37,988,217
7800,37,992,271
7801,37,996,185
7802,38,001,253
7803,38,005,255
7804,38,009,164
7805,38,013,218
7806,38,017,170
7807,38,021,313
7808,38,025,219
7809,38,029,274
7810,38,034,214
7811,38,038,295
7812,38,042,385
7813,38,046,329
7814,38,050,457
7815,38,054,397
7816,38,058,556
7817,38,062,590
7818,38,067,653
7819,38,071,523
7820,38,075,469
7821,38,079,829
7822,38,083,843
7823,38,087,576
7824,38,091,849
7825,38,095,761
7826,38,100,871
7827,38,104,549
7828,38,108,884
7829,38,112,713
7830,38,116,649
7831,38,120,648
7832,38,124,581
7833,38,128,514
7834,38,133,463
7835,38,137,330
7836,38,141,436
7837,38,145,407
7838,38,149,507
7839,38,153,347
7840,38,157,353
7841,38,161,251
7842,38,165,429
7843,38,170,315
7844,38,174,255
7845,38,178,442
7846,38,182,386
7847,38,186,492
7848,38,190,458
7849,38,194,321
7850,38,198,393
7851,38,203,249
7852,38,207,427
7853,38,211,274
7854,38,215,403
7855,38,219,405
7856,38,223,463
7857,38,227,356
7858,38,231,312
7859,38,236,293
7860,38,240,242
7861,38,244,418
7862,38,248,492
7863,38,252,620
7864,38,256,555
7865,38,260,513
7866,38,264,551
7867,38,269,499
7868,38,273,673
7869,38,277,783
7870,38,281,1039
7871,38,285,1250
7872,38,289,1103
7873,38,293,1082
7874,38,297,959
7875,38,302,969
7876,38,306,1319
7877,38,310,845
7878,38,314,772
7879,38,318,1022
7880,38,322,797
7881,38,326,769
7882,38,330,731
7883,38,334,768
7884,38,339,759
7885,38,343,823
7886,38,347,690
7887,38,351,661
7888,38,355,539
7889,38,359,583
7890,38,363,530
7891,38,367,382
7892,38,372,314
7893,38,376,364
7894,38,380,503
7895,38,384,336
7896,38,388,361
7897,38,392,448
7898,38,396,0
7899,38,400,311
7900,38,405,410
7901,38,409,351
7902,38,413,336
7903,38,417,387
7904,38,421,0
7905,38,425,307
7906,38,429,243
7907,38,433,308
7908,38,438,269
7909,38,442,174
7910,38,446,294
7911,38,450,300
7912,38,454,293
7913,38,458,277
7914,38,462,265
7915,38,466,324
7916,38,471,201
7917,38,475,0
7918,38,479,0
7919,38,483,211
7920,38,487,317
7921,38,491,233
7922,38,495,297
7923,38,499,294
7924,38,503,275
7925,38,508,420
7926,38,512,255
7927,38,516,307
7928,38,520,224
7929,38,524,293
7930,38,528,253
7931,38,532,227
7932,38,536,302
7933,38,541,184
7934,38,545,188
7935,38,549,177
7936,38,553,212
7937,38,557,228
7938,38,561,227
7939,38,565,295
7940,38,569,294
7941,38,574,284
7942,38,578,155
7943,38,582,209
7944,38,586,366
7945,38,590,0
7946,38,594,178
7947,38,598,248
7948,38,602,204
7949,38,607,267
7950,38,611,169
7951,38,615,316
7952,38,619,191
7953,38,623,189
7954,38,627,242
7955,38,631,0
7956,38,635,284
7957,38,640,253
7958,38,644,164
7959,38,648,165
7960,38,652,159
7961,38,656,268
7962,38,660,222
7963,38,664,265
7964,38,668,233
7965,38,672,191
7966,38,677,273
7967,38,681,246
7968,38,685,292
7969,38,689,438
7970,38,693,253
7971,38,697,219
7972,38,701,218
7973,38,705,0
7974,38,710,296
7975,38,714,391
7976,38,718,0
7977,38,722,198
7978,38,726,286
7979,38,730,237
7980,38,734,251
7981,38,738,233
7982,38,743,338
7983,38,747,207
7984,38,751,283
7985,38,755,211
7986,38,759,233
7987,38,763,186
7988,38,767,277
7989,38,771,222
7990,38,776,192
7991,38,780,230
7992,38,784,157
7993,38,788,255
7994,38,792,205
7995,38,796,363
7996,38,800,267
7997,38,804,188
7998,38,809,174
7999,38,813,0
8000,38,817,381
8001,38,821,0
8002,38,825,301
8003,38,829,242
8004,38,833,173
8005,38,837,214
8006,38,841,288
8007,38,846,206
8008,38,850,172
8009,38,854,241
8010,38,858,0
8011,38,862,0
8012,38,866,257
8013,38,870,224
8014,38,874,163
8015,38,879,242
8016,38,883,239
8017,38,887,164
8018,38,891,204
8019,38,895,0
8020,38,899,196
8021,38,903,219
8022,38,907,273
8023,38,912,203
8024,38,916,0
8025,38,920,320
8026,38,924,315
8027,38,928,235
8028,38,932,296
8029,38,936,0
8030,38,940,192
8031,38,945,191
8032,38,949,224
8033,38,953,221
8034,38,957,243
8035,38,961,197
8036,38,965,0
8037,38,969,246
8038,38,973,263
8039,38,978,233
8040,38,982,151
8041,38,986,294
8042,38,990,0
8043,38,994,345
8044,38,998,0
8045,39,002,0
8046,39,006,188
8047,39,010,261
8048,39,015,267
8049,39,019,239
8050,39,023,233
8051,39,027,450
8052,39,031,0
8053,39,035,286
8054,39,039,317
8055,39,043,0
8056,39,048,273
8057,39,052,273
8058,39,056,166
8059,39,060,176
8060,39,064,342
8061,39,068,315
8062,39,072,165
8063,39,076,214
8064,39,081,236
8065,39,085,166
8066,39,089,213
8067,39,093,282
8068,39,097,193
8069,39,101,298
8070,39,105,235
8071,39,109,163
8072,39,114,214
8073,39,118,234
8074,39,122,222
8075,39,126,156
8076,39,130,454
8077,39,134,0
8078,39,138,230
8079,39,142,211
8080,39,147,198
8081,39,151,0
8082,39,155,220
8083,39,159,403
8084,39,163,150
8085,39,167,0
8086,39,171,265
8087,39,175,195
8088,39,179,0
8089,39,184,323
8090,39,188,220
8091,39,192,169
8092,39,196,320
8093,39,200,196
8094,39,204,231
8095,39,208,316
8096,39,212,156
8097,39,217,156
8098,39,221,179
8099,39,225,209
8100,39,229,229
8101,39,233,160
8102,39,237,191
8103,39,241,208
8104,39,245,176
8105,39,250,193
8106,39,254,157
8107,39,258,259
8108,39,262,206
8109,39,266,297
8110,39,270,197
8111,39,274,204
8112,39,278,216
8113,39,283,0
8114,39,287,264
8115,39,291,261
8116,39,295,269
8117,39,299,229
8118,39,303,230
8119,39,307,232
8120,39,311,241
8121,39,316,221
8122,39,320,310
8123,39,324,197
8124,39,328,197
8125,39,332,287
8126,39,336,220
8127,39,340,281
8128,39,344,286
8129,39,348,238
8130,39,353,247
8131,39,357,233
8132,39,361,238
8133,39,365,415
8134,39,369,154
8135,39,373,181
8136,39,377,163
8137,39,381,309
8138,39,386,269
8139,39,390,189
8140,39,394,233
8141,39,398,333
8142,39,402,328
8143,39,406,188
8144,39,410,239
8145,39,414,231
8146,39,419,230
8147,39,423,205
8148,39,427,0
8149,39,431,282
8150,39,435,292
8151,39,439,207
8152,39,443,199
8153,39,447,220
8154,39,452,163
8155,39,456,267
8156,39,460,0
8157,39,464,194
8158,39,468,281
8159,39,472,245
8160,39,476,0
8161,39,480,404
8162,39,485,157
8163,39,489,0
8164,39,493,0
8165,39,497,203
8166,39,501,277
8167,39,505,163
8168,39,509,0
8169,39,513,177
8170,39,518,0
8171,39,522,194
8172,39,526,292
8173,39,530,174
8174,39,534,223
8175,39,538,280
8176,39,542,0
8177,39,546,0
8178,39,550,192
8179,39,555,211
8180,39,559,166
8181,39,563,223
8182,39,567,176
8183,39,571,331
8184,39,575,167
8185,39,579,191
8186,39,583,0
8187,39,588,180
8188,39,592,150
8189,39,596,227
8190,39,600,182
8191,39,604,210
8192,39,608,247
8193,39,612,205
8194,39,616,187
8195,39,621,0
8196,39,625,163
8197,39,629,0
8198,39,633,265
8199,39,637,152
8200,39,641,161
8201,39,645,0
8202,39,649,255
8203,39,654,302
8204,39,658,205
8205,39,662,0
8206,39,666,190
8207,39,670,202
8208,39,674,0
8209,39,678,0
8210,39,682,226
8211,39,687,199
8212,39,691,293
8213,39,695,216
8214,39,699,296
8215,39,703,0
8216,39,707,241
8217,39,711,162
8218,39,715,195
8219,39,719,212
8220,39,724,365
8221,39,728,192
8222,39,732,241
8223,39,736,339
8224,39,740,259
8225,39,744,245
8226,39,748,266
8227,39,752,282
8228,39,757,236
8229,39,761,362
8230,39,765,433
8231,39,769,292
8232,39,773,738
8233,39,777,1060
8234,39,781,1317
8235,39,785,1857
8236,39,790,2718
8237,39,794,3472
8238,39,798,4156
8239,39,802,5957
8240,39,806,7965
8241,39,810,9480
8242,39,814,12151
8243,39,818,14361
8244,39,823,16367
8245,39,827,18560
8246,39,831,20808
8247,39,835,21384
8248,39,839,22952
8249,39,843,22872
8250,39,847,22000
8251,39,851,23328
8252,39,856,22448
8253,39,860,20624
8254,39,864,19728
8255,39,868,17576
8256,39,872,16424
8257,39,876,16384
8258,39,880,14180
8259,39,884,12271
8260,39,888,11555
8261,39,893,10587
8262,39,897,9895
8263,39,901,8233
8264,39,905,8679
8265,39,909,7199
8266,39,913,7143
8267,39,917,5421
8268,39,921,5793
8269,39,926,5045
8270,39,930,4912
8271,39,934,5046
8272,39,938,4289
8273,39,942,4014
8274,39,946,3618
8275,39,950,3477
8276,39,954,3230
8277,39,959,2953
8278,39,963,2839
8279,39,967,2472
8280,39,971,2403
8281,39,975,2402
8282,39,979,2061
8283,39,983,2052
8284,39,987,1855
8285,39,992,1855
8286,39,996,1895
8287,40,000,1993
8288,40,004,1668
8289,40,008,1695
8290,40,012,1739
8291,40,016,1173
8292,40,020,1301
8293,40,025,1360
8294,40,029,1166
8295,40,033,1253
8296,40,037,1084
8297,40,041,1191
8298,40,045,1360
8299,40,049,1072
8300,40,053,972
8301,40,057,833
8302,40,062,863
8303,40,066,867
8304,40,070,1022
8305,40,074,803
8306,40,078,923
8307,40,082,1033
8308,40,086,685
8309,40,090,628
8310,40,095,575
8311,40,099,625
8312,40,103,709
8313,40,107,641
8314,40,111,721
8315,40,115,723
8316,40,119,881
8317,40,123,676
8318,40,128,781
8319,40,132,530
8320,40,136,511
8321,40,140,1118
8322,40,144,571
8323,40,148,614
8324,40,152,499
8325,40,156,645
8326,40,161,629
8327,40,165,723
8328,40,169,630
8329,40,173,411
8330,40,177,573
8331,40,181,547
8332,40,185,414
8333,40,189,408
8334,40,194,598
8335,40,198,608
8336,40,202,521
8337,40,206,536
8338,40,210,697
8339,40,214,321
8340,40,218,511
8341,40,222,473
8342,40,226,370
8343,40,231,445
8344,40,235,546
8345,40,239,463
8346,40,243,307
8347,40,247,417
8348,40,251,265
8349,40,255,294
8350,40,259,393
8351,40,264,373
8352,40,268,589
8353,40,272,465
8354,40,276,336
8355,40,280,459
8356,40,284,500
8357,40,288,382
8358,40,292,314
8359,40,297,694
8360,40,301,270
8361,40,305,302
8362,40,309,592
8363,40,313,461
8364,40,317,413
8365,40,321,293
8366,40,325,222
8367,40,330,381
8368,40,334,447
8369,40,338,291
8370,40,342,235
8371,40,346,362
8372,40,350,384
8373,40,354,563
8374,40,358,425
8375,40,363,323
8376,40,367,354
8377,40,371,356
8378,40,375,336
8379,40,379,234
8380,40,383,372
8381,40,387,322
8382,40,391,298
8383,40,395,307
8384,40,400,297
8385,40,404,177
8386,40,408,259
8387,40,412,376
8388,40,416,232
8389,40,420,347
8390,40,424,312
8391,40,428,359
8392,40,433,280
8393,40,437,422
8394,40,441,281
8395,40,445,379
8396,40,449,304
8397,40,453,382
8398,40,457,426
8399,40,461,349
8400,40,466,398
8401,40,470,476
8402,40,474,372
8403,40,478,328
8404,40,482,398
8405,40,486,366
8406,40,490,346
8407,40,494,407
8408,40,499,408
8409,40,503,268
8410,40,507,559
8411,40,511,481
8412,40,515,227
8413,40,519,325
8414,40,523,367
8415,40,527,281
8416,40,532,334
8417,40,536,169
8418,40,540,278
8419,40,544,385
8420,40,548,215
8421,40,552,253
8422,40,556,322
8423,40,560,238
8424,40,564,299
8425,40,569,341
8426,40,573,248
8427,40,577,313
8428,40,581,302
8429,40,585,282
8430,40,589,286
8431,40,593,263
8432,40,597,310
8433,40,602,278
8434,40,606,200
8435,40,610,368
8436,40,614,316
8437,40,618,329
8438,40,622,296
8439,40,626,432
8440,40,630,417
8441,40,635,346
8442,40,639,308
8443,40,643,248
8444,40,647,227
8445,40,651,326
8446,40,655,393
8447,40,659,483
8448,40,663,325
8449,40,668,323
8450,40,672,334
8451,40,676,278
8452,40,680,390
8453,40,684,370
8454,40,688,252
8455,40,692,203
8456,40,696,325
8457,40,701,224
8458,40,705,160
8459,40,709,231
8460,40,713,357
8461,40,717,273
8462,40,721,306
8463,40,725,350
8464,40,729,289
8465,40,733,208
8466,40,738,253
8467,40,742,338
8468,40,746,505
8469,40,750,196
8470,40,754,244
8471,40,758,277
8472,40,762,327
8473,40,766,267
8474,40,771,266
8475,40,775,341
8476,40,779,316
8477,40,783,274
8478,40,787,199
8479,40,791,281
8480,40,795,320
8481,40,799,285
8482,40,804,219
8483,40,808,181
8484,40,812,270
8485,40,816,371
8486,40,820,184
8487,40,824,211
8488,40,828,201
8489,40,832,277
8490,40,837,350
8491,40,841,171
8492,40,845,218
8493,40,849,0
8494,40,853,290
8495,40,857,206
8496,40,861,389
8497,40,865,435
8498,40,870,370
8499,40,874,270
8500,40,878,376
8501,40,882,237
8502,40,886,299
8503,40,890,275
8504,40,894,272
8505,40,898,270
8506,40,902,275
8507,40,907,208
8508,40,911,218
8509,40,915,233
8510,40,919,313
8511,40,923,293
8512,40,927,467
8513,40,931,294
8514,40,935,399
8515,40,940,236
8516,40,944,224
8517,40,948,227
8518,40,952,248
8519,40,956,290
8520,40,960,267
8521,40,964,351
8522,40,968,171
8523,40,973,257
